Datum; Uhrzeit; eCO2 (ppm); tVOC (ppb); Temperatur (°C); Luftdruck (hpPa); relative Luftfeuchte (%)
2026-07-06; 02:23:34; 400; 0; 32.48; 1007.183046875; 28.8271484375
2026-07-06; 02:24:34; 403; 0; 32.5; 1007.206875; 28.7705078125
2026-07-06; 02:25:34; 400; 0; 32.5; 1007.2148046875; 28.7939453125
2026-07-06; 02:26:34; 400; 0; 32.48; 1007.23171875; 28.78125
2026-07-06; 02:27:34; 407; 1; 32.51; 1007.2023828125; 28.783203125
2026-07-06; 02:28:34; 400; 0; 32.49; 1007.247578125; 28.8271484375
2026-07-06; 02:29:34; 400; 0; 32.51; 1007.2227734375; 28.759765625
2026-07-06; 02:30:34; 403; 0; 32.5; 1007.206875; 28.7939453125
2026-07-06; 02:31:34; 400; 0; 32.5; 1007.206875; 28.7822265625
2026-07-06; 02:32:34; 407; 1; 32.53; 1007.169609375; 28.75
2026-07-06; 02:33:34; 400; 0; 32.51; 1007.2023828125; 28.771484375
2026-07-06; 02:34:34; 400; 0; 32.53; 1007.2545703125; 28.7265625
2026-07-06; 02:35:34; 400; 0; 32.5; 1007.1865234375; 28.6787109375
2026-07-06; 02:36:34; 403; 0; 32.49; 1007.113984375; 28.81640625
2026-07-06; 02:37:34; 400; 0; 32.48; 1007.2113671875; 28.76953125
2026-07-06; 02:38:35; 407; 1; 32.49; 1007.113984375; 28.79296875
2026-07-06; 02:39:35; 402; 0; 32.46; 1007.207578125; 28.826171875
2026-07-06; 02:40:35; 400; 0; 32.47; 1007.05390625; 28.837890625
2026-07-06; 02:41:35; 405; 0; 32.48; 1007.09015625; 28.8154296875
2026-07-06; 02:42:35; 400; 0; 32.47; 1007.1105078125; 28.8271484375
2026-07-06; 02:43:35; 405; 0; 32.48; 1007.098125; 28.8154296875
2026-07-06; 02:44:35; 405; 0; 32.48; 1007.061875; 28.8271484375
2026-07-06; 02:45:35; 400; 0; 32.48; 1007.098125; 28.8154296875
2026-07-06; 02:46:35; 402; 0; 32.46; 1007.066015625; 28.7919921875
2026-07-06; 02:47:35; 402; 0; 32.44; 1007.119140625; 28.8828125
2026-07-06; 02:48:35; 403; 0; 32.46; 1007.1792578125; 28.8720703125
2026-07-06; 02:49:35; 403; 0; 32.43; 1007.1032421875; 28.8701171875
2026-07-06; 02:50:35; 400; 0; 32.44; 1007.0625390625; 28.8828125
2026-07-06; 02:51:35; 405; 0; 32.42; 1007.1156640625; 28.904296875
2026-07-06; 02:52:35; 405; 0; 32.43; 1007.1598828125; 28.8818359375
2026-07-06; 02:53:35; 405; 0; 32.43; 1007.0952734375; 28.8701171875
2026-07-06; 02:54:35; 400; 0; 32.43; 1007.0669921875; 28.892578125
2026-07-06; 02:55:35; 405; 0; 32.41; 1007.0918359375; 28.9033203125
2026-07-06; 02:56:35; 409; 1; 32.43; 1007.12359375; 28.892578125
2026-07-06; 02:57:35; 405; 0; 32.41; 1007.099765625; 28.92578125
2026-07-06; 02:58:35; 405; 0; 32.39; 1007.0959765625; 28.9248046875
2026-07-06; 02:59:35; 409; 1; 32.37; 1007.035859375; 28.923828125
2026-07-06; 03:00:35; 409; 1; 32.38; 1007.116328125; 28.90234375
2026-07-06; 03:01:35; 405; 0; 32.39; 1007.039375; 28.9599609375
2026-07-06; 03:02:35; 405; 0; 32.37; 1007.12078125; 28.947265625
2026-07-06; 03:03:35; 405; 0; 32.41; 1007.0918359375; 28.9033203125
2026-07-06; 03:04:35; 405; 0; 32.38; 1007.080078125; 28.958984375
2026-07-06; 03:05:35; 405; 0; 32.35; 1007.1455859375; 28.9921875
2026-07-06; 03:06:35; 405; 0; 32.34; 1007.0810546875; 28.9912109375
2026-07-06; 03:07:35; 409; 1; 32.35; 1007.1535546875; 28.9697265625
2026-07-06; 03:08:35; 405; 0; 32.36; 1007.1048828125; 28.9462890625
2026-07-06; 03:09:35; 409; 1; 32.35; 1007.0323828125; 29.0029296875
2026-07-06; 03:10:35; 409; 1; 32.34; 1007.0527734375; 29.0029296875
2026-07-06; 03:11:35; 413; 1; 32.32; 1007.040703125; 29.03515625
2026-07-06; 03:12:35; 413; 1; 32.32; 1007.068984375; 29.03515625
2026-07-06; 03:13:35; 413; 1; 32.31; 1006.996484375; 29.0126953125
2026-07-06; 03:14:35; 413; 1; 32.32; 1006.9558203125; 29.0244140625
2026-07-06; 03:15:35; 415; 2; 32.3; 1006.960234375; 28.9658203125
2026-07-06; 03:16:35; 415; 2; 32.3; 1006.9805859375; 29.01171875
2026-07-06; 03:17:35; 415; 2; 32.32; 1007.0123828125; 29.0126953125
2026-07-06; 03:18:35; 413; 1; 32.28; 1007.033671875; 29.044921875
2026-07-06; 03:19:35; 409; 1; 32.28; 1006.985078125; 29.0341796875
2026-07-06; 03:20:36; 409; 1; 32.29; 1006.9647265625; 29.0341796875
2026-07-06; 03:21:36; 409; 1; 32.26; 1006.9815625; 28.9638671875
2026-07-06; 03:22:36; 409; 1; 32.26; 1006.9815625; 29.0673828125
2026-07-06; 03:23:36; 409; 1; 32.26; 1007.0019140625; 29.0322265625
2026-07-06; 03:24:36; 405; 0; 32.25; 1006.9370703125; 29.1005859375
2026-07-06; 03:25:36; 400; 0; 32.22; 1007.030859375; 29.1220703125
2026-07-06; 03:26:36; 405; 0; 32.27; 1006.9612109375; 29.0556640625
2026-07-06; 03:27:36; 405; 0; 32.25; 1007.021953125; 29.0546875
2026-07-06; 03:28:36; 400; 0; 32.25; 1007.0140234375; 29.0771484375
2026-07-06; 03:29:36; 405; 0; 32.2; 1007.02734375; 29.109375
2026-07-06; 03:30:36; 405; 0; 32.2; 1006.9990625; 29.1201171875
2026-07-06; 03:31:36; 405; 0; 32.22; 1007.051171875; 29.1220703125
2026-07-06; 03:32:36; 405; 0; 32.23; 1007.0387890625; 29.1220703125
2026-07-06; 03:33:36; 405; 0; 32.2; 1007.0194140625; 29.1201171875
2026-07-06; 03:34:36; 405; 0; 32.21; 1007.0353125; 29.166015625
2026-07-06; 03:35:36; 409; 1; 32.19; 1007.059765625; 29.1884765625
2026-07-06; 03:36:36; 405; 0; 32.18; 1007.0518359375; 29.2001953125
2026-07-06; 03:37:36; 409; 1; 32.17; 1007.00765625; 29.19921875
2026-07-06; 03:38:36; 409; 1; 32.17; 1007.0562890625; 29.1181640625
2026-07-06; 03:39:36; 413; 1; 32.17; 1007.0359375; 29.19921875
2026-07-06; 03:40:36; 413; 1; 32.15; 1006.947578125; 29.244140625
2026-07-06; 03:41:36; 415; 2; 32.17; 1007.0280078125; 29.1875
2026-07-06; 03:42:36; 415; 2; 32.16; 1007.0120703125; 29.1630859375
2026-07-06; 03:43:36; 420; 3; 32.15; 1006.9758203125; 29.2099609375
2026-07-06; 03:44:36; 415; 2; 32.15; 1006.911328125; 29.220703125
2026-07-06; 03:45:36; 420; 3; 32.15; 1006.967890625; 29.232421875
2026-07-06; 03:46:36; 415; 2; 32.13; 1006.91578125; 29.23046875
2026-07-06; 03:47:36; 415; 2; 32.16; 1006.9917578125; 29.1298828125
2026-07-06; 03:48:36; 415; 2; 32.15; 1007.032421875; 29.2099609375
2026-07-06; 03:49:36; 420; 3; 32.11; 1007.004765625; 29.20703125
2026-07-06; 03:50:36; 420; 3; 32.15; 1006.9962109375; 29.208984375
2026-07-06; 03:51:36; 415; 2; 32.15; 1007.004140625; 29.220703125
2026-07-06; 03:52:36; 420; 3; 32.12; 1006.964375; 29.2197265625
2026-07-06; 03:53:36; 415; 2; 32.1; 1006.95265625; 29.251953125
2026-07-06; 03:54:36; 415; 2; 32.08; 1006.949140625; 29.2509765625
2026-07-06; 03:55:36; 420; 3; 32.11; 1006.940234375; 29.263671875
2026-07-06; 03:56:36; 420; 3; 32.11; 1006.9481640625; 29.20703125
2026-07-06; 03:57:36; 415; 2; 32.07; 1006.9977734375; 29.28515625
2026-07-06; 03:58:36; 424; 3; 32.06; 1006.95359375; 29.2841796875
2026-07-06; 03:59:36; 424; 3; 32.06; 1006.9252734375; 29.2607421875
2026-07-06; 04:00:36; 424; 3; 32.05; 1006.9094140625; 29.2841796875
2026-07-06; 04:01:36; 424; 3; 32.04; 1006.8851953125; 29.224609375
2026-07-06; 04:02:36; 424; 3; 32.04; 1006.978046875; 29.3056640625
2026-07-06; 04:03:37; 427; 4; 32.01; 1006.9586328125; 29.3271484375
2026-07-06; 04:04:37; 427; 4; 32.02; 1006.9948828125; 29.3388671875
2026-07-06; 04:05:37; 434; 5; 32.02; 1007.0231640625; 29.3046875
2026-07-06; 04:06:37; 434; 5; 31.98; 1006.9675; 29.3603515625
2026-07-06; 04:07:37; 427; 4; 31.98; 1006.95921875; 29.4169921875
2026-07-06; 04:08:37; 434; 5; 31.99; 1006.9188671875; 29.3603515625
2026-07-06; 04:09:37; 427; 4; 32.0; 1006.971015625; 29.361328125
2026-07-06; 04:10:37; 427; 4; 31.99; 1006.8905859375; 29.3486328125
2026-07-06; 04:11:37; 427; 4; 31.99; 1006.9551171875; 29.3603515625
2026-07-06; 04:12:37; 434; 5; 31.99; 1006.8137109375; 29.3603515625
2026-07-06; 04:13:37; 434; 5; 31.96; 1006.878828125; 29.3935546875
2026-07-06; 04:14:37; 434; 5; 31.99; 1006.8905859375; 29.3603515625
2026-07-06; 04:15:37; 438; 5; 31.98; 1006.90265625; 29.37109375
2026-07-06; 04:16:37; 438; 5; 31.96; 1006.935390625; 29.404296875
2026-07-06; 04:17:37; 441; 6; 31.95; 1006.9194921875; 29.3916015625
2026-07-06; 04:18:37; 441; 6; 31.94; 1006.9522265625; 29.4599609375
2026-07-06; 04:19:37; 438; 5; 31.93; 1006.8594140625; 29.4365234375
2026-07-06; 04:20:37; 441; 6; 31.92; 1006.843515625; 29.447265625
2026-07-06; 04:21:37; 447; 7; 31.91; 1006.8273046875; 29.423828125
2026-07-06; 04:22:37; 447; 7; 31.91; 1006.9324609375; 29.423828125
2026-07-06; 04:23:37; 447; 7; 31.91; 1006.9607421875; 29.4921875
2026-07-06; 04:24:37; 450; 7; 31.92; 1006.928359375; 29.470703125
2026-07-06; 04:25:37; 450; 7; 31.9; 1006.92453125; 29.50390625
2026-07-06; 04:26:37; 450; 7; 31.88; 1006.8565234375; 29.513671875
2026-07-06; 04:27:37; 459; 8; 31.88; 1006.9130859375; 29.4794921875
2026-07-06; 04:28:37; 459; 8; 31.88; 1006.8926953125; 29.525390625
2026-07-06; 04:29:37; 459; 8; 31.88; 1007.026171875; 29.525390625
2026-07-06; 04:30:37; 459; 8; 31.89; 1006.8803515625; 29.50390625
2026-07-06; 04:31:37; 463; 9; 31.87; 1006.8688671875; 29.5244140625
2026-07-06; 04:32:37; 463; 9; 31.88; 1006.8565234375; 29.501953125
2026-07-06; 04:33:37; 470; 10; 31.86; 1006.88921875; 29.4892578125
2026-07-06; 04:34:37; 475; 11; 31.89; 1006.9369140625; 29.4228515625
2026-07-06; 04:35:37; 475; 11; 31.87; 1006.961640625; 29.4794921875
2026-07-06; 04:36:37; 477; 32779; 31.84; 1006.9136328125; 29.5458984375
2026-07-06; 04:37:37; 482; 12; 31.84; 1006.9136328125; 29.5341796875
2026-07-06; 04:38:37; 482; 12; 31.84; 1006.9419140625; 29.568359375
2026-07-06; 04:39:37; 482; 12; 31.85; 1006.9015625; 29.546875
2026-07-06; 04:40:37; 482; 12; 31.83; 1006.926015625; 29.5224609375
2026-07-06; 04:41:37; 487; 13; 31.85; 1006.958125; 29.51171875
2026-07-06; 04:42:37; 492; 14; 31.84; 1006.9419140625; 29.4765625
2026-07-06; 04:43:37; 492; 14; 31.81; 1006.9225; 29.61328125
2026-07-06; 04:44:37; 497; 14; 31.81; 1006.9225; 29.578125
2026-07-06; 04:45:37; 501; 15; 31.83; 1006.954296875; 29.580078125
2026-07-06; 04:46:38; 501; 15; 31.82; 1006.9180859375; 29.580078125
2026-07-06; 04:47:38; 503; 15; 31.81; 1006.9304296875; 29.5908203125
2026-07-06; 04:48:38; 503; 15; 31.81; 1006.89421875; 29.5322265625
2026-07-06; 04:49:38; 503; 15; 31.8; 1006.9428125; 29.54296875
2026-07-06; 04:50:38; 517; 17; 31.8; 1006.9428125; 29.5546875
2026-07-06; 04:51:38; 517; 17; 31.79; 1006.926953125; 29.56640625
2026-07-06; 04:52:38; 519; 18; 31.79; 1006.947265625; 29.5654296875
2026-07-06; 04:53:38; 519; 18; 31.75; 1006.91921875; 29.6552734375
2026-07-06; 04:54:38; 526; 19; 31.77; 1006.9430859375; 29.599609375
2026-07-06; 04:55:38; 526; 19; 31.76; 1006.906875; 29.5869140625
2026-07-06; 04:56:38; 526; 19; 31.75; 1006.8547265625; 29.609375
2026-07-06; 04:57:38; 530; 19; 31.76; 1006.87859375; 29.62109375
2026-07-06; 04:58:38; 530; 19; 31.72; 1006.928046875; 29.6650390625
2026-07-06; 04:59:38; 537; 20; 31.73; 1006.8794921875; 29.654296875
2026-07-06; 05:00:38; 537; 20; 31.74; 1006.867109375; 29.6201171875
2026-07-06; 05:01:38; 537; 20; 31.75; 1006.8909765625; 29.6435546875
2026-07-06; 05:02:38; 542; 21; 31.75; 1006.9112890625; 29.5859375
2026-07-06; 05:03:38; 542; 21; 31.72; 1006.891875; 29.67578125
2026-07-06; 05:04:38; 548; 22; 31.71; 1006.88390625; 29.62890625
2026-07-06; 05:05:38; 548; 22; 31.71; 1006.9121875; 29.67578125
2026-07-06; 05:06:38; 548; 22; 31.7; 1006.8959765625; 29.67578125
2026-07-06; 05:07:38; 552; 23; 31.7; 1006.92421875; 29.65234375
2026-07-06; 05:08:38; 552; 23; 31.72; 1006.815; 29.630859375
2026-07-06; 05:09:38; 552; 23; 31.73; 1006.9157421875; 29.6201171875
2026-07-06; 05:10:38; 561; 24; 31.71; 1006.9607421875; 29.6865234375
2026-07-06; 05:11:38; 566; 25; 31.69; 1006.928671875; 29.697265625
2026-07-06; 05:12:38; 566; 25; 31.7; 1006.8959765625; 29.65234375
2026-07-06; 05:13:38; 566; 25; 31.73; 1006.9360546875; 29.6083984375
2026-07-06; 05:14:38; 572; 26; 31.69; 1006.9003515625; 29.673828125
2026-07-06; 05:15:38; 572; 26; 31.7; 1006.8880078125; 29.6630859375
2026-07-06; 05:16:38; 572; 26; 31.71; 1006.88390625; 29.6181640625
2026-07-06; 05:17:38; 572; 26; 31.7; 1006.8597265625; 29.6630859375
2026-07-06; 05:18:38; 572; 26; 31.67; 1006.8765234375; 29.6611328125
2026-07-06; 05:19:38; 575; 26; 31.68; 1006.920703125; 29.673828125
2026-07-06; 05:20:38; 575; 26; 31.68; 1006.892421875; 29.6513671875
2026-07-06; 05:21:38; 581; 27; 31.67; 1006.9533984375; 29.671875
2026-07-06; 05:22:38; 581; 27; 31.67; 1006.8685546875; 29.6953125
2026-07-06; 05:23:38; 581; 27; 31.67; 1006.9048046875; 29.6845703125
2026-07-06; 05:24:38; 581; 27; 31.68; 1006.948984375; 29.6513671875
2026-07-06; 05:25:38; 581; 27; 31.7; 1006.92421875; 29.640625
2026-07-06; 05:26:38; 581; 27; 31.7; 1006.9162890625; 29.640625
2026-07-06; 05:27:38; 588; 28; 31.67; 1006.961328125; 29.6728515625
2026-07-06; 05:28:38; 588; 28; 31.67; 1006.933046875; 29.650390625
2026-07-06; 05:29:39; 594; 29; 31.66; 1006.9374609375; 29.671875
2026-07-06; 05:30:39; 588; 28; 31.68; 1006.969296875; 29.673828125
2026-07-06; 05:31:39; 588; 28; 31.69; 1006.9648828125; 29.6279296875
2026-07-06; 05:32:39; 588; 28; 31.69; 1006.9851953125; 29.6630859375
2026-07-06; 05:33:39; 588; 28; 31.7; 1007.0011328125; 29.60546875
2026-07-06; 05:34:39; 588; 28; 31.66; 1006.9454296875; 29.6611328125
2026-07-06; 05:35:39; 588; 28; 31.69; 1006.9366015625; 29.58203125
2026-07-06; 05:36:39; 588; 28; 31.69; 1006.9003515625; 29.6162109375
2026-07-06; 05:37:39; 588; 28; 31.69; 1006.872109375; 29.6279296875
2026-07-06; 05:38:39; 588; 28; 31.69; 1006.9851953125; 29.6162109375
2026-07-06; 05:39:39; 588; 28; 31.7; 1006.98078125; 29.5947265625
2026-07-06; 05:40:39; 588; 28; 31.7; 1006.9525; 29.6064453125
2026-07-06; 05:41:39; 588; 28; 31.69; 1006.9569140625; 29.6396484375
2026-07-06; 05:42:39; 588; 28; 31.7; 1006.92421875; 29.5947265625
2026-07-06; 05:43:39; 588; 28; 31.69; 1007.0134375; 29.60546875
2026-07-06; 05:44:39; 588; 28; 31.7; 1006.9445703125; 29.6171875
2026-07-06; 05:45:39; 588; 28; 31.71; 1006.9404296875; 29.6064453125
2026-07-06; 05:46:39; 588; 28; 31.73; 1006.964296875; 29.5625
2026-07-06; 05:47:39; 581; 27; 31.77; 1006.9793359375; 29.5302734375
2026-07-06; 05:48:39; 581; 27; 31.75; 1006.8909765625; 29.529296875
2026-07-06; 05:49:39; 588; 28; 31.74; 1006.818515625; 29.5517578125
2026-07-06; 05:50:39; 588; 28; 31.73; 1006.8591796875; 29.52734375
2026-07-06; 05:51:39; 581; 27; 31.73; 1006.9157421875; 29.5849609375
2026-07-06; 05:52:39; 581; 27; 31.73; 1006.8026171875; 29.55078125
2026-07-06; 05:53:39; 581; 27; 31.74; 1006.8388671875; 29.5390625
2026-07-06; 05:54:39; 581; 27; 31.73; 1006.7743359375; 29.5732421875
2026-07-06; 05:55:39; 575; 26; 31.72; 1006.78671875; 29.5498046875
2026-07-06; 05:56:39; 581; 27; 31.74; 1006.818515625; 29.5400390625
2026-07-06; 05:57:39; 581; 27; 31.74; 1006.810546875; 29.5625
2026-07-06; 05:58:39; 581; 27; 31.75; 1006.826484375; 29.5859375
2026-07-06; 05:59:39; 581; 27; 31.74; 1006.810546875; 29.52734375
2026-07-06; 06:00:39; 581; 27; 31.77; 1006.8944921875; 29.5302734375
2026-07-06; 06:01:39; 581; 27; 31.72; 1006.8353125; 29.5498046875
2026-07-06; 06:02:39; 575; 26; 31.74; 1006.923671875; 29.4931640625
2026-07-06; 06:03:39; 581; 27; 31.73; 1006.8794921875; 29.5390625
2026-07-06; 06:04:39; 581; 27; 31.74; 1006.8750390625; 29.5517578125
2026-07-06; 06:05:39; 581; 27; 31.75; 1006.8909765625; 29.505859375
2026-07-06; 06:06:39; 581; 27; 31.75; 1006.8909765625; 29.5517578125
2026-07-06; 06:07:39; 581; 27; 31.74; 1006.9316015625; 29.5625
2026-07-06; 06:08:39; 581; 27; 31.77; 1006.8944921875; 29.5185546875
2026-07-06; 06:09:39; 588; 28; 31.76; 1006.87859375; 29.517578125
2026-07-06; 06:10:39; 588; 28; 31.78; 1006.854453125; 29.484375
2026-07-06; 06:11:39; 588; 28; 31.76; 1006.8141015625; 29.494140625
2026-07-06; 06:12:40; 588; 28; 31.79; 1006.8420703125; 29.4970703125
2026-07-06; 06:13:40; 588; 28; 31.77; 1006.8662109375; 29.4951171875
2026-07-06; 06:14:40; 594; 29; 31.75; 1006.749609375; 29.505859375
2026-07-06; 06:15:40; 594; 29; 31.78; 1006.8182421875; 29.51953125
2026-07-06; 06:16:40; 594; 29; 31.79; 1006.862421875; 29.4970703125
2026-07-06; 06:17:40; 594; 29; 31.77; 1006.8096484375; 29.5302734375
2026-07-06; 06:18:40; 594; 29; 31.77; 1006.78140625; 29.5419921875
2026-07-06; 06:19:40; 599; 30; 31.77; 1006.74515625; 29.564453125
2026-07-06; 06:20:40; 599; 30; 31.78; 1006.8182421875; 29.6337890625
2026-07-06; 06:21:40; 599; 30; 31.79; 1006.757265625; 29.669921875
2026-07-06; 06:22:40; 605; 31; 31.8; 1006.793515625; 29.7392578125
2026-07-06; 06:23:40; 611; 32; 31.83; 1006.736015625; 29.7646484375
2026-07-06; 06:24:40; 611; 32; 31.84; 1006.8087890625; 29.6962890625
2026-07-06; 06:25:40; 620; 33; 31.84; 1006.800546875; 29.71875
2026-07-06; 06:26:40; 620; 33; 31.85; 1006.7115625; 29.673828125
2026-07-06; 06:27:40; 620; 33; 31.85; 1006.7319140625; 29.6728515625
2026-07-06; 06:28:40; 620; 33; 31.87; 1006.7274609375; 29.6396484375
2026-07-06; 06:29:40; 624; 34; 31.89; 1006.731015625; 29.65234375
2026-07-06; 06:30:40; 611; 32; 31.87; 1006.735390625; 29.6513671875
2026-07-06; 06:31:40; 620; 33; 31.9; 1006.7469140625; 29.595703125
2026-07-06; 06:32:40; 611; 32; 31.9; 1006.66203125; 29.583984375
2026-07-06; 06:33:40; 611; 32; 31.9; 1006.6903515625; 29.607421875
2026-07-06; 06:34:40; 611; 32; 31.89; 1006.6178515625; 29.6181640625
2026-07-06; 06:35:40; 605; 31; 31.9; 1006.67; 29.5380859375
2026-07-06; 06:36:40; 599; 30; 31.91; 1006.6293359375; 29.5390625
2026-07-06; 06:37:40; 599; 30; 31.93; 1006.6614453125; 29.482421875
2026-07-06; 06:38:40; 594; 29; 31.92; 1006.6941796875; 29.5283203125
2026-07-06; 06:39:40; 588; 28; 31.93; 1006.633125; 29.505859375
2026-07-06; 06:40:40; 588; 28; 31.92; 1006.617265625; 29.482421875
2026-07-06; 06:41:40; 581; 27; 31.92; 1006.665859375; 29.494140625
2026-07-06; 06:42:40; 581; 27; 31.94; 1006.669375; 29.4599609375
2026-07-06; 06:43:40; 572; 26; 31.94; 1006.6128125; 29.4833984375
2026-07-06; 06:44:40; 566; 25; 31.93; 1006.6614453125; 29.4365234375
2026-07-06; 06:45:40; 561; 24; 31.94; 1006.6490625; 29.42578125
2026-07-06; 06:46:40; 548; 22; 31.97; 1006.6605078125; 29.416015625
2026-07-06; 06:47:40; 548; 22; 31.96; 1006.616328125; 29.4619140625
2026-07-06; 06:48:40; 542; 21; 31.96; 1006.709140625; 29.404296875
2026-07-06; 06:49:40; 537; 20; 31.96; 1006.757734375; 29.4267578125
2026-07-06; 06:50:40; 526; 19; 31.98; 1006.71296875; 29.3828125
2026-07-06; 06:51:40; 519; 18; 31.94; 1006.705625; 29.4375
2026-07-06; 06:52:40; 519; 18; 31.98; 1006.6280859375; 29.3828125
2026-07-06; 06:53:40; 503; 15; 31.98; 1006.6563671875; 29.3828125
2026-07-06; 06:54:40; 501; 15; 32.0; 1006.7084765625; 29.3486328125
2026-07-06; 06:55:41; 492; 14; 31.98; 1006.76125; 29.3935546875
2026-07-06; 06:56:41; 482; 12; 31.98; 1006.78953125; 29.4169921875
2026-07-06; 06:57:41; 477; 11; 31.96; 1006.793984375; 29.416015625
2026-07-06; 06:58:41; 470; 10; 31.98; 1006.76125; 29.4052734375
2026-07-06; 06:59:41; 463; 9; 31.96; 1006.814296875; 29.4619140625
2026-07-06; 07:00:41; 454; 8; 31.99; 1006.8057421875; 29.3828125
2026-07-06; 07:01:41; 450; 7; 32.0; 1006.821640625; 29.3837890625
2026-07-06; 07:02:41; 447; 7; 32.0; 1006.8295703125; 29.3955078125
2026-07-06; 07:03:41; 438; 5; 32.02; 1006.8330859375; 29.3740234375
2026-07-06; 07:04:41; 434; 5; 32.04; 1006.8286328125; 29.3515625
2026-07-06; 07:05:41; 427; 4; 32.06; 1006.812109375; 29.3076171875
2026-07-06; 07:06:41; 420; 3; 32.04; 1006.8083203125; 29.36328125
2026-07-06; 07:07:41; 409; 1; 32.05; 1006.7396484375; 29.330078125
2026-07-06; 07:08:41; 405; 0; 32.08; 1006.8359765625; 29.3310546875
2026-07-06; 07:09:41; 405; 0; 32.08; 1006.78734375; 29.30859375
2026-07-06; 07:10:41; 405; 0; 32.07; 1006.8280078125; 29.3544921875
2026-07-06; 07:11:41; 405; 0; 32.09; 1006.8235546875; 29.3779296875
2026-07-06; 07:12:41; 405; 0; 32.12; 1006.7301171875; 29.345703125
2026-07-06; 07:13:41; 413; 1; 32.09; 1006.718359375; 29.390625
2026-07-06; 07:14:41; 427; 4; 32.12; 1006.673515625; 29.44921875
2026-07-06; 07:15:41; 463; 9; 32.13; 1006.7539453125; 29.49609375
2026-07-06; 07:16:41; 542; 21; 32.12; 1006.709765625; 29.564453125
2026-07-06; 07:17:41; 638; 36; 32.09; 1006.7387109375; 29.654296875
2026-07-06; 07:18:41; 748; 53; 32.11; 1006.80671875; 29.6904296875
2026-07-06; 07:19:41; 915; 78; 32.12; 1006.709765625; 29.703125
2026-07-06; 07:20:41; 1086; 104; 32.09; 1006.8032421875; 29.8046875
2026-07-06; 07:21:41; 1313; 139; 32.13; 1006.810546875; 29.818359375
2026-07-06; 07:22:41; 1531; 193; 32.13; 1006.7539453125; 29.8876953125
2026-07-06; 07:23:41; 1606; 249; 32.18; 1006.7609765625; 29.9130859375
2026-07-06; 07:24:41; 1687; 326; 32.19; 1006.8699609375; 29.9716796875
2026-07-06; 07:25:41; 1772; 417; 32.2; 1006.8213671875; 30.0068359375
2026-07-06; 07:26:41; 1852; 519; 32.23; 1006.7071875; 29.9853515625
2026-07-06; 07:27:41; 1925; 623; 32.24; 1006.6868359375; 29.9287109375
2026-07-06; 07:28:41; 2012; 767; 32.28; 1006.7507421875; 29.9541015625
2026-07-06; 07:29:41; 2092; 909; 32.32; 1006.7294140625; 30.048828125
2026-07-06; 07:30:41; 2174; 1084; 32.31; 1006.749765625; 30.013671875
2026-07-06; 07:31:41; 2234; 1211; 32.33; 1006.7458984375; 30.1416015625
2026-07-06; 07:32:41; 2285; 1329; 32.34; 1006.7617578125; 30.2001953125
2026-07-06; 07:33:41; 2330; 1419; 32.37; 1006.70421875; 29.9609375
2026-07-06; 07:34:41; 2363; 1490; 32.4; 1006.687578125; 30.1240234375
2026-07-06; 07:35:41; 2397; 1562; 32.38; 1006.7483984375; 30.203125
2026-07-06; 07:36:41; 2419; 1613; 32.37; 1006.7528515625; 30.259765625
2026-07-06; 07:37:41; 2445; 1658; 32.38; 1006.6634765625; 30.23828125
2026-07-06; 07:38:42; 2469; 1713; 32.38; 1006.7404296875; 30.271484375
2026-07-06; 07:39:42; 2469; 1713; 32.38; 1006.7766796875; 30.306640625
2026-07-06; 07:40:42; 2495; 1773; 32.44; 1006.779453125; 30.103515625
2026-07-06; 07:41:42; 2495; 1773; 32.5; 1006.782265625; 30.1533203125
2026-07-06; 07:42:42; 2495; 1773; 32.51; 1006.80609375; 30.142578125
2026-07-06; 07:43:42; 2485; 1743; 32.53; 1006.8948046875; 30.1552734375
2026-07-06; 07:44:42; 2485; 1743; 32.51; 1006.76984375; 30.24609375
2026-07-06; 07:45:42; 2495; 1773; 32.51; 1006.80609375; 30.24609375
2026-07-06; 07:46:42; 2495; 1773; 32.54; 1006.7125; 30.2138671875
2026-07-06; 07:47:42; 2509; 1804; 32.55; 1006.8133203125; 30.064453125
2026-07-06; 07:48:42; 2509; 1804; 32.59; 1006.8123046875; 30.1357421875
2026-07-06; 07:49:42; 2509; 1804; 32.64; 1006.7787890625; 30.08203125
2026-07-06; 07:50:42; 2519; 1824; 32.65; 1006.8230078125; 30.0361328125
2026-07-06; 07:51:42; 2509; 1804; 32.65; 1006.774296875; 29.9912109375
2026-07-06; 07:52:42; 2509; 1804; 32.67; 1006.7984375; 29.93359375
2026-07-06; 07:53:42; 2509; 1804; 32.66; 1006.7901953125; 30.0263671875
2026-07-06; 07:54:42; 2495; 1773; 32.69; 1006.708984375; 29.923828125
2026-07-06; 07:55:42; 2485; 1743; 32.77; 1006.7876953125; 29.8134765625
2026-07-06; 07:56:42; 2469; 1713; 32.76; 1006.8001171875; 29.9287109375
2026-07-06; 07:57:42; 2459; 1683; 32.75; 1006.727578125; 29.8125
2026-07-06; 07:58:42; 2445; 1658; 32.78; 1006.7673046875; 29.8603515625
2026-07-06; 07:59:42; 2434; 1638; 32.79; 1006.7265234375; 29.72265625
2026-07-06; 08:00:42; 2419; 1613; 32.84; 1006.7496484375; 29.66796875
2026-07-06; 08:01:42; 2407; 1588; 32.9; 1006.768515625; 29.4189453125
2026-07-06; 08:02:42; 2407; 1588; 32.88; 1006.82171875; 29.5556640625
2026-07-06; 08:03:42; 2386; 1542; 32.91; 1006.7480859375; 29.591796875
2026-07-06; 08:04:42; 2386; 1542; 32.92; 1006.79234375; 29.5126953125
2026-07-06; 08:05:42; 2376; 1519; 32.97; 1006.75078125; 29.3427734375
2026-07-06; 08:06:42; 2363; 1490; 32.99; 1006.7337890625; 29.2861328125
2026-07-06; 08:07:42; 2353; 1463; 33.05; 1006.7160546875; 29.232421875
2026-07-06; 08:08:42; 2340; 1439; 33.07; 1006.6911328125; 29.1416015625
2026-07-06; 08:09:42; 2330; 1419; 33.12; 1006.7141796875; 29.0751953125
2026-07-06; 08:10:42; 2316; 1395; 33.14; 1006.717578125; 29.0771484375
2026-07-06; 08:11:42; 2305; 1371; 33.21; 1006.658984375; 28.8857421875
2026-07-06; 08:12:42; 2296; 1348; 33.25; 1006.7069140625; 28.8291015625
2026-07-06; 08:13:42; 2276; 1304; 33.29; 1006.7219921875; 28.7744140625
2026-07-06; 08:14:42; 2276; 1304; 33.33; 1006.757109375; 28.6728515625
2026-07-06; 08:15:42; 2245; 1234; 33.4; 1006.7475; 28.5615234375
2026-07-06; 08:16:42; 2234; 1211; 33.45; 1006.77046875; 28.4609375
2026-07-06; 08:17:42; 2203; 1151; 33.51; 1006.809296875; 28.314453125
2026-07-06; 08:18:42; 2193; 1125; 33.54; 1006.8001953125; 28.259765625
2026-07-06; 08:19:42; 2158; 1048; 33.61; 1006.8265234375; 28.1474609375
2026-07-06; 08:20:43; 2118; 960; 33.69; 1006.7552734375; 28.0146484375
2026-07-06; 08:21:43; 2110; 943; 33.75; 1006.757734375; 27.9833984375
2026-07-06; 08:22:43; 2084; 890; 33.79; 1006.73640625; 27.8583984375
2026-07-06; 08:23:43; 2056; 836; 33.82; 1006.727265625; 27.802734375
2026-07-06; 08:24:43; 2031; 803; 33.87; 1006.82734375; 27.6787109375
2026-07-06; 08:25:43; 2012; 767; 33.91; 1006.806328125; 27.646484375
2026-07-06; 08:26:43; 1988; 725; 33.92; 1006.8584765625; 27.6591796875
2026-07-06; 08:27:43; 1973; 700; 33.9; 1006.8466015625; 27.6220703125
2026-07-06; 08:28:43; 1962; 683; 33.87; 1006.920390625; 27.6904296875
2026-07-06; 08:29:43; 1946; 657; 33.87; 1006.8352734375; 27.59765625
2026-07-06; 08:30:43; 1917; 611; 33.88; 1006.9566796875; 27.64453125
2026-07-06; 08:31:43; 1895; 579; 33.88; 1006.8716015625; 27.6328125
2026-07-06; 08:32:43; 1874; 547; 33.89; 1006.8591015625; 27.5869140625
2026-07-06; 08:33:43; 1865; 536; 33.9; 1006.8834765625; 27.5771484375
2026-07-06; 08:34:43; 1844; 507; 33.91; 1006.863046875; 27.5419921875
2026-07-06; 08:35:43; 1825; 481; 33.96; 1006.82890625; 27.4990234375
2026-07-06; 08:36:43; 1819; 474; 33.97; 1006.824609375; 27.4423828125
2026-07-06; 08:37:43; 1784; 432; 33.99; 1006.82796875; 27.3857421875
2026-07-06; 08:38:43; 1772; 417; 34.04; 1006.8062890625; 27.341796875
2026-07-06; 08:39:43; 1756; 396; 34.05; 1006.830390625; 27.3193359375
2026-07-06; 08:40:43; 1730; 367; 34.08; 1006.87; 27.251953125
2026-07-06; 08:41:43; 1730; 367; 34.11; 1006.8325; 27.2294921875
2026-07-06; 08:42:43; 1709; 348; 34.18; 1006.858984375; 27.107421875
2026-07-06; 08:43:43; 1698; 336; 34.24; 1006.848515625; 27.0185546875
2026-07-06; 08:44:43; 1682; 321; 34.34; 1006.87828125; 26.919921875
2026-07-06; 08:45:43; 1669; 308; 34.41; 1006.7990625; 26.80859375
2026-07-06; 08:46:43; 1669; 308; 34.45; 1006.8628125; 26.7412109375
2026-07-06; 08:47:43; 1648; 288; 34.55; 1006.85125; 26.6083984375
2026-07-06; 08:48:43; 1648; 288; 34.74; 1006.825078125; 26.3525390625
2026-07-06; 08:49:43; 1637; 279; 34.82; 1006.7895703125; 26.18359375
2026-07-06; 08:50:43; 1642; 284; 35.03; 1006.8598828125; 25.9755859375
2026-07-06; 08:51:43; 1631; 273; 35.05; 1006.7983984375; 25.9306640625
2026-07-06; 08:52:43; 1621; 265; 35.18; 1006.8628515625; 25.775390625
2026-07-06; 08:53:43; 1599; 245; 35.27; 1006.7987890625; 25.6640625
2026-07-06; 08:54:43; 1585; 232; 35.44; 1006.8133203125; 25.453125
2026-07-06; 08:55:43; 1559; 214; 35.44; 1006.8338671875; 25.40625
2026-07-06; 08:56:43; 1548; 206; 35.5; 1006.8438671875; 25.375
2026-07-06; 08:57:43; 1531; 193; 35.48; 1006.8403125; 25.3154296875
2026-07-06; 08:58:43; 1525; 188; 35.41; 1006.7939453125; 25.4052734375
2026-07-06; 08:59:43; 1512; 179; 35.42; 1006.8101171875; 25.40625
2026-07-06; 09:00:43; 1496; 169; 35.41; 1006.8508203125; 25.416015625
2026-07-06; 09:01:43; 1495; 166; 35.43; 1006.7690625; 25.4169921875
2026-07-06; 09:02:43; 1436; 157; 35.51; 1006.7459375; 25.3056640625
2026-07-06; 09:03:44; 1400; 152; 35.5; 1006.730078125; 25.31640625
2026-07-06; 09:04:44; 1420; 155; 35.51; 1006.7253515625; 25.3056640625
2026-07-06; 09:05:44; 1420; 155; 35.52; 1006.7901953125; 25.341796875
2026-07-06; 09:06:44; 1385; 150; 35.56; 1006.7116015625; 25.2509765625
2026-07-06; 09:07:44; 1367; 147; 35.57; 1006.727421875; 25.2626953125
2026-07-06; 09:08:44; 1385; 150; 35.61; 1006.7338671875; 25.25390625
2026-07-06; 09:09:44; 1385; 150; 35.66; 1006.691640625; 25.1865234375
2026-07-06; 09:10:44; 1345; 143; 35.58; 1006.6863671875; 25.2626953125
2026-07-06; 09:11:44; 1345; 143; 35.54; 1006.6022265625; 25.3310546875
2026-07-06; 09:12:44; 1385; 150; 35.5; 1006.616328125; 25.3974609375
2026-07-06; 09:13:44; 1420; 155; 35.49; 1006.608359375; 25.3974609375
2026-07-06; 09:14:44; 1420; 155; 35.5; 1006.6447265625; 25.38671875
2026-07-06; 09:15:44; 1367; 147; 35.53; 1006.67171875; 25.353515625
2026-07-06; 09:16:44; 1330; 141; 35.58; 1006.6863671875; 25.2861328125
2026-07-06; 09:17:44; 1330; 141; 35.7; 1006.7347265625; 25.154296875
2026-07-06; 09:18:44; 1385; 150; 35.79; 1006.6783203125; 25.03125
2026-07-06; 09:19:44; 1367; 147; 35.94; 1006.7300390625; 24.841796875
2026-07-06; 09:20:44; 1313; 139; 36.05; 1006.7339453125; 24.7197265625
2026-07-06; 09:21:44; 1313; 139; 36.15; 1006.758046875; 24.5390625
2026-07-06; 09:22:44; 1313; 139; 36.4; 1006.7690625; 24.2958984375
2026-07-06; 09:23:44; 1367; 147; 36.54; 1006.7553125; 24.09375
2026-07-06; 09:24:44; 1385; 150; 36.71; 1006.73984375; 23.8701171875
2026-07-06; 09:25:44; 1367; 147; 36.91; 1006.8578125; 23.625
2026-07-06; 09:26:44; 1345; 143; 37.06; 1006.774296875; 23.46875
2026-07-06; 09:27:44; 1262; 131; 37.18; 1006.793203125; 23.2890625
2026-07-06; 09:28:44; 1212; 123; 37.25; 1006.7900390625; 23.2685546875
2026-07-06; 09:29:44; 1212; 123; 37.49; 1006.763515625; 22.9775390625
2026-07-06; 09:30:44; 1212; 123; 37.58; 1006.718984375; 22.830078125
2026-07-06; 09:31:44; 1212; 123; 37.96; 1006.7503515625; 22.4404296875
2026-07-06; 09:32:44; 1212; 123; 37.92; 1006.743984375; 22.4267578125
2026-07-06; 09:33:44; 1184; 119; 37.96; 1006.7218359375; 22.4755859375
2026-07-06; 09:34:44; 1140; 112; 37.89; 1006.8029296875; 22.5302734375
2026-07-06; 09:35:44; 1056; 99; 37.81; 1006.712421875; 22.6083984375
2026-07-06; 09:36:44; 1014; 93; 37.73; 1006.728203125; 22.720703125
2026-07-06; 09:37:44; 959; 85; 37.73; 1006.7853125; 22.6630859375
2026-07-06; 09:38:44; 923; 79; 37.83; 1006.744296875; 22.5390625
2026-07-06; 09:39:44; 882; 73; 37.81; 1006.712421875; 22.6201171875
2026-07-06; 09:40:44; 874; 72; 37.83; 1006.707890625; 22.57421875
2026-07-06; 09:41:44; 905; 76; 37.92; 1006.71546875; 22.4736328125
2026-07-06; 09:42:44; 874; 72; 38.13; 1006.7544921875; 22.2734375
2026-07-06; 09:43:44; 834; 66; 38.19; 1006.784453125; 22.1591796875
2026-07-06; 09:44:44; 806; 61; 38.27; 1006.719296875; 22.10546875
2026-07-06; 09:45:44; 834; 66; 38.3; 1006.7590625; 22.0478515625
2026-07-06; 09:46:45; 882; 73; 38.35; 1006.752265625; 21.9677734375
2026-07-06; 09:47:45; 895; 75; 38.46; 1006.775703125; 21.8798828125
2026-07-06; 09:48:45; 882; 73; 38.51; 1006.777109375; 21.7890625
2026-07-06; 09:49:45; 819; 63; 38.53; 1006.6292578125; 21.8017578125
2026-07-06; 09:50:45; 770; 56; 38.5; 1006.6469921875; 21.8232421875
2026-07-06; 09:51:45; 735; 51; 38.59; 1006.6749609375; 21.69921875
2026-07-06; 09:52:45; 719; 48; 38.75; 1006.69171875; 21.51953125
2026-07-06; 09:53:45; 712; 47; 38.83; 1006.6101953125; 21.46484375
2026-07-06; 09:54:45; 682; 42; 38.88; 1006.6321484375; 21.361328125
2026-07-06; 09:55:45; 682; 42; 38.87; 1006.665703125; 21.3955078125
2026-07-06; 09:56:45; 690; 44; 38.88; 1006.7100390625; 21.373046875
2026-07-06; 09:57:45; 697; 45; 38.98; 1006.6471484375; 21.2373046875
2026-07-06; 09:58:45; 682; 42; 39.07; 1006.6673828125; 21.1826171875
2026-07-06; 09:59:45; 706; 46; 39.14; 1006.7208984375; 21.056640625
2026-07-06; 10:00:45; 697; 45; 39.32; 1006.6830078125; 20.8896484375
2026-07-06; 10:01:45; 706; 46; 39.39; 1006.6791796875; 20.833984375
2026-07-06; 10:02:45; 682; 42; 39.46; 1006.7246875; 20.7314453125
2026-07-06; 10:03:45; 675; 41; 39.6; 1006.63953125; 20.5625
2026-07-06; 10:04:45; 697; 45; 39.61; 1006.569375; 20.57421875
2026-07-06; 10:05:45; 697; 45; 39.62; 1006.6996875; 20.5517578125
2026-07-06; 10:06:45; 657; 39; 39.57; 1006.5837890625; 20.548828125
2026-07-06; 10:07:45; 657; 39; 39.64; 1006.5021484375; 20.4814453125
2026-07-06; 10:08:45; 675; 41; 39.68; 1006.4924609375; 20.4130859375
2026-07-06; 10:09:45; 682; 42; 39.79; 1006.4942578125; 20.30078125
2026-07-06; 10:10:45; 682; 42; 39.91; 1006.5120703125; 20.1181640625
2026-07-06; 10:11:45; 657; 39; 39.91; 1006.4547265625; 20.1181640625
2026-07-06; 10:12:45; 624; 34; 39.86; 1006.440859375; 20.1279296875
2026-07-06; 10:13:45; 599; 30; 39.79; 1006.465625; 20.23046875
2026-07-06; 10:14:45; 588; 28; 40.16; 1006.4775390625; 19.87109375
2026-07-06; 10:15:45; 605; 31; 40.53; 1006.465; 19.544921875
2026-07-06; 10:16:45; 599; 30; 40.64; 1006.47453125; 19.3505859375
2026-07-06; 10:17:45; 588; 28; 40.59; 1006.38765625; 19.3134765625
2026-07-06; 10:18:45; 572; 26; 40.72; 1006.428671875; 19.306640625
2026-07-06; 10:19:45; 566; 25; 40.58; 1006.437109375; 19.359375
2026-07-06; 10:20:45; 561; 24; 40.46; 1006.45625; 19.4365234375
2026-07-06; 10:21:45; 503; 15; 40.33; 1006.3653515625; 19.490234375
2026-07-06; 10:22:45; 482; 12; 40.25; 1006.3458984375; 19.662109375
2026-07-06; 10:23:45; 477; 11; 40.14; 1006.3884375; 19.728515625
2026-07-06; 10:24:45; 470; 10; 40.01; 1006.2895703125; 19.8876953125
2026-07-06; 10:25:45; 459; 8; 39.83; 1006.250390625; 20.0322265625
2026-07-06; 10:26:45; 441; 6; 39.68; 1006.2712890625; 20.1201171875
2026-07-06; 10:27:45; 415; 2; 39.51; 1006.20265625; 20.3701171875
2026-07-06; 10:28:45; 400; 0; 39.25; 1006.17171875; 20.59375
2026-07-06; 10:29:46; 400; 0; 39.13; 1006.198046875; 20.6943359375
2026-07-06; 10:30:46; 400; 0; 38.89; 1006.2396484375; 20.9521484375
2026-07-06; 10:31:46; 405; 0; 38.68; 1006.151875; 21.1884765625
2026-07-06; 10:32:46; 406; 0; 38.47; 1006.25640625; 21.3544921875
2026-07-06; 10:33:46; 414; 2; 38.39; 1006.2648828125; 21.455078125
2026-07-06; 10:34:46; 424; 3; 38.29; 1006.3223046875; 21.591796875
2026-07-06; 10:35:46; 424; 3; 38.23; 1006.362265625; 21.6357421875
2026-07-06; 10:36:46; 421; 3; 38.14; 1006.3703515625; 21.724609375
2026-07-06; 10:37:46; 414; 2; 38.12; 1006.424453125; 21.8291015625
2026-07-06; 10:38:46; 410; 1; 38.09; 1006.483203125; 21.7919921875
2026-07-06; 10:39:46; 406; 0; 38.02; 1006.5883984375; 21.859375
2026-07-06; 10:40:46; 400; 0; 37.91; 1006.52046875; 21.982421875
2026-07-06; 10:41:46; 400; 0; 37.89; 1006.6109765625; 22.0283203125
2026-07-06; 10:42:46; 405; 0; 37.9; 1006.5617578125; 22.0400390625
2026-07-06; 10:43:46; 403; 0; 37.87; 1006.5505078125; 22.05078125
2026-07-06; 10:44:46; 410; 1; 37.92; 1006.5155859375; 21.9951171875
2026-07-06; 10:45:46; 411; 1; 37.96; 1006.55046875; 21.9384765625
2026-07-06; 10:46:46; 414; 2; 38.07; 1006.5373046875; 21.861328125
2026-07-06; 10:47:46; 410; 1; 38.06; 1006.5294140625; 21.861328125
2026-07-06; 10:48:46; 400; 0; 38.13; 1006.4894921875; 21.7822265625
2026-07-06; 10:49:46; 405; 0; 38.26; 1006.474921875; 21.671875
2026-07-06; 10:50:46; 400; 0; 38.42; 1006.5122265625; 21.4921875
2026-07-06; 10:51:46; 400; 0; 38.6; 1006.511328125; 21.3369140625
2026-07-06; 10:52:46; 406; 0; 38.71; 1006.5060546875; 21.189453125
2026-07-06; 10:53:46; 413; 1; 38.79; 1006.5263671875; 21.123046875
2026-07-06; 10:54:46; 420; 3; 38.97; 1006.459765625; 20.9560546875
2026-07-06; 10:55:46; 409; 1; 39.08; 1006.56875; 20.8779296875
2026-07-06; 10:56:46; 403; 0; 39.08; 1006.519453125; 20.8203125
2026-07-06; 10:57:46; 405; 0; 39.13; 1006.47625; 20.740234375
2026-07-06; 10:58:46; 402; 0; 39.1; 1006.5795703125; 20.7861328125
2026-07-06; 10:59:46; 400; 0; 39.08; 1006.4829296875; 20.8203125
2026-07-06; 11:00:46; 400; 0; 39.06; 1006.487890625; 20.8662109375
2026-07-06; 11:01:46; 410; 1; 39.0; 1006.5073828125; 20.921875
2026-07-06; 11:02:46; 425; 3; 38.95; 1006.477578125; 20.9541015625
2026-07-06; 11:03:46; 446; 7; 38.83; 1006.446484375; 21.11328125
2026-07-06; 11:04:46; 455; 8; 38.72; 1006.4649609375; 21.2021484375
2026-07-06; 11:05:46; 464; 9; 38.75; 1006.4551171875; 21.19140625
2026-07-06; 11:06:46; 455; 8; 38.66; 1006.520546875; 21.29296875
2026-07-06; 11:07:46; 444; 6; 38.54; 1006.3956640625; 21.416015625
2026-07-06; 11:08:46; 410; 1; 38.53; 1006.486328125; 21.4619140625
2026-07-06; 11:09:46; 403; 0; 38.38; 1006.4569921875; 21.619140625
2026-07-06; 11:10:46; 400; 0; 38.26; 1006.381328125; 21.7294921875
2026-07-06; 11:11:46; 400; 0; 38.2; 1006.3717578125; 21.8095703125
2026-07-06; 11:12:47; 400; 0; 38.16; 1006.3165625; 21.8544921875
2026-07-06; 11:13:47; 407; 1; 38.14; 1006.2561328125; 21.888671875
2026-07-06; 11:14:47; 414; 2; 38.12; 1006.245234375; 21.91015625
2026-07-06; 11:15:47; 418; 2; 37.99; 1006.304375; 22.068359375
2026-07-06; 11:16:47; 422; 3; 37.89; 1006.2683203125; 22.203125
2026-07-06; 11:17:47; 436; 5; 37.86; 1006.18421875; 22.201171875
2026-07-06; 11:18:47; 448; 7; 37.96; 1006.1713671875; 22.1015625
2026-07-06; 11:19:47; 448; 7; 38.08; 1006.1817578125; 21.966796875
2026-07-06; 11:20:47; 454; 8; 38.24; 1006.1859765625; 21.8349609375
2026-07-06; 11:21:47; 448; 7; 38.55; 1006.1542578125; 21.4873046875
2026-07-06; 11:22:47; 439; 5; 38.9; 1006.14890625; 21.1630859375
2026-07-06; 11:23:47; 422; 3; 39.13; 1006.169453125; 20.904296875
2026-07-06; 11:24:47; 409; 1; 39.21; 1006.14515625; 20.826171875
2026-07-06; 11:25:47; 403; 0; 39.35; 1006.1088671875; 20.65625
2026-07-06; 11:26:47; 407; 1; 39.48; 1006.21265625; 20.544921875
2026-07-06; 11:27:47; 403; 0; 39.66; 1006.1535546875; 20.376953125
2026-07-06; 11:28:47; 400; 0; 39.93; 1006.1790234375; 20.107421875
2026-07-06; 11:29:47; 406; 0; 40.0; 1006.19578125; 20.0751953125
2026-07-06; 11:30:47; 418; 2; 40.17; 1006.112890625; 19.859375
2026-07-06; 11:31:47; 439; 5; 40.74; 1006.2593359375; 19.3544921875
2026-07-06; 11:32:47; 481; 12; 41.42; 1006.18953125; 18.7119140625
2026-07-06; 11:33:47; 508; 16; 41.63; 1006.19671875; 18.49609375
2026-07-06; 11:34:47; 503; 15; 41.86; 1006.14140625; 18.2919921875
2026-07-06; 11:35:47; 501; 15; 41.55; 1006.156875; 18.5869140625
2026-07-06; 11:36:47; 501; 15; 41.69; 1006.0615234375; 18.439453125
2026-07-06; 11:37:47; 497; 14; 42.18; 1006.034453125; 18.0693359375
2026-07-06; 11:38:47; 487; 13; 43.01; 1006.08875; 17.3212890625
2026-07-06; 11:39:47; 477; 11; 43.57; 1006.00359375; 16.8681640625
2026-07-06; 11:40:47; 476; 11; 43.88; 1006.0512109375; 16.4765625
2026-07-06; 11:41:47; 487; 13; 44.1; 1006.0928515625; 16.4365234375
2026-07-06; 11:42:47; 523; 18; 44.3; 1006.0612890625; 16.1708984375
2026-07-06; 11:43:47; 536; 20; 44.42; 1006.0767578125; 16.0087890625
2026-07-06; 11:44:47; 546; 22; 45.09; 1006.066328125; 15.568359375
2026-07-06; 11:45:47; 564; 24; 45.0; 1006.06953125; 15.6005859375
2026-07-06; 11:46:47; 589; 28; 45.27; 1006.0810546875; 15.408203125
2026-07-06; 11:47:47; 615; 32; 45.37; 1006.028046875; 15.328125
2026-07-06; 11:48:47; 589; 28; 45.72; 1005.9338671875; 15.0654296875
2026-07-06; 11:49:47; 553; 23; 45.76; 1006.0253125; 15.01953125
2026-07-06; 11:50:47; 553; 23; 45.56; 1006.0371875; 15.1796875
2026-07-06; 11:51:47; 560; 24; 45.78; 1006.056875; 14.99609375
2026-07-06; 11:52:47; 553; 23; 45.92; 1006.123984375; 14.9052734375
2026-07-06; 11:53:47; 542; 21; 45.92; 1006.0372265625; 14.857421875
2026-07-06; 11:54:48; 508; 16; 45.89; 1005.96890625; 14.869140625
2026-07-06; 11:55:48; 497; 14; 46.23; 1005.994765625; 14.62890625
2026-07-06; 11:56:48; 493; 14; 45.89; 1005.96109375; 14.8330078125
2026-07-06; 11:57:48; 481; 12; 46.14; 1005.8905859375; 14.650390625
2026-07-06; 11:58:48; 459; 8; 45.82; 1005.85921875; 14.9736328125
2026-07-06; 11:59:48; 439; 5; 45.5; 1005.835234375; 15.201171875
2026-07-06; 12:00:48; 428; 4; 45.35; 1005.9101171875; 15.2197265625
2026-07-06; 12:01:48; 439; 5; 45.55; 1005.81921875; 15.1552734375
2026-07-06; 12:02:48; 443; 6; 45.89; 1005.8454296875; 14.892578125
2026-07-06; 12:03:48; 445; 6; 45.72; 1005.7682421875; 15.0302734375
2026-07-06; 12:04:48; 418; 2; 45.28; 1005.8156640625; 15.3251953125
2026-07-06; 12:05:48; 402; 0; 44.37; 1005.7018359375; 16.06640625
2026-07-06; 12:06:48; 402; 0; 43.89; 1005.692109375; 16.3935546875
2026-07-06; 12:07:48; 400; 0; 43.61; 1005.7418359375; 16.7041015625
2026-07-06; 12:08:48; 401; 0; 43.82; 1005.8415625; 16.5810546875
2026-07-06; 12:09:48; 435; 5; 44.03; 1005.665703125; 16.375
2026-07-06; 12:10:48; 425; 3; 44.21; 1005.697109375; 16.2275390625
2026-07-06; 12:11:48; 402; 0; 44.35; 1005.699375; 16.078125
2026-07-06; 12:12:48; 400; 0; 44.3; 1005.7073046875; 16.123046875
2026-07-06; 12:13:48; 407; 1; 44.09; 1005.7678515625; 16.2939453125
2026-07-06; 12:14:48; 400; 0; 43.93; 1005.6686328125; 16.3720703125
2026-07-06; 12:15:48; 400; 0; 43.71; 1005.7757421875; 16.6123046875
2026-07-06; 12:16:48; 400; 0; 43.68; 1005.7444140625; 16.611328125
2026-07-06; 12:17:48; 405; 0; 43.65; 1005.7262109375; 16.6337890625
2026-07-06; 12:18:48; 408; 1; 43.5; 1005.663125; 16.830078125
2026-07-06; 12:19:48; 400; 0; 43.93; 1005.6686328125; 16.4072265625
2026-07-06; 12:20:48; 403; 0; 43.83; 1005.561171875; 16.439453125
2026-07-06; 12:21:48; 403; 0; 44.06; 1005.5763671875; 16.3046875
2026-07-06; 12:22:48; 400; 0; 44.24; 1005.641953125; 16.1337890625
2026-07-06; 12:23:48; 414; 2; 44.86; 1005.6474609375; 15.71484375
2026-07-06; 12:24:48; 414; 2; 45.4; 1005.641875; 15.2578125
2026-07-06; 12:25:48; 416; 2; 45.83; 1005.6146484375; 14.87890625
2026-07-06; 12:26:48; 425; 3; 46.08; 1005.514765625; 14.6728515625
2026-07-06; 12:27:48; 464; 9; 46.89; 1005.486953125; 14.11328125
2026-07-06; 12:28:48; 451; 7; 46.98; 1005.49625; 14.0439453125
2026-07-06; 12:29:48; 428; 4; 47.29; 1005.481015625; 13.837890625
2026-07-06; 12:30:48; 425; 3; 47.28; 1005.5312109375; 13.826171875
2026-07-06; 12:31:48; 416; 2; 47.35; 1005.4957421875; 13.744140625
2026-07-06; 12:32:48; 400; 0; 46.67; 1005.4316796875; 14.189453125
2026-07-06; 12:33:48; 400; 0; 46.81; 1005.4773828125; 14.158203125
2026-07-06; 12:34:48; 403; 0; 46.88; 1005.4713671875; 14.1005859375
2026-07-06; 12:35:48; 405; 0; 46.81; 1005.3823828125; 14.181640625
2026-07-06; 12:36:48; 409; 1; 46.94; 1005.375625; 14.08984375
2026-07-06; 12:37:49; 417; 2; 46.81; 1005.4113671875; 14.181640625
2026-07-06; 12:38:49; 421; 3; 46.16; 1005.364375; 14.662109375
2026-07-06; 12:39:49; 439; 5; 45.15; 1005.4017578125; 15.439453125
2026-07-06; 12:40:49; 452; 7; 44.52; 1005.4389453125; 15.9765625
2026-07-06; 12:41:49; 452; 7; 43.95; 1005.44046875; 16.3603515625
2026-07-06; 12:42:49; 465; 9; 43.71; 1005.343515625; 16.6123046875
2026-07-06; 12:43:49; 461; 9; 43.48; 1005.4301171875; 16.853515625
2026-07-06; 12:44:49; 426; 3; 43.26; 1005.4298046875; 17.05859375
2026-07-06; 12:45:49; 413; 1; 43.12; 1005.4479296875; 17.23046875
2026-07-06; 12:46:49; 403; 0; 42.7; 1005.34984375; 17.4990234375
2026-07-06; 12:47:49; 408; 1; 43.02; 1005.384765625; 17.2861328125
2026-07-06; 12:48:49; 420; 3; 42.97; 1005.384921875; 17.2958984375
2026-07-06; 12:49:49; 423; 3; 43.34; 1005.2962890625; 17.048828125
2026-07-06; 12:50:49; 443; 6; 43.38; 1005.244375; 16.919921875
2026-07-06; 12:51:49; 439; 5; 43.91; 1005.254453125; 16.525390625
2026-07-06; 12:52:49; 410; 1; 43.94; 1005.18640625; 16.4541015625
2026-07-06; 12:53:49; 405; 0; 44.2; 1005.2488671875; 16.2744140625
2026-07-06; 12:54:49; 402; 0; 44.01; 1005.094453125; 16.3505859375
2026-07-06; 12:55:49; 402; 0; 43.79; 1005.160546875; 16.5205078125
2026-07-06; 12:56:49; 400; 0; 43.52; 1005.1971875; 16.794921875
2026-07-06; 12:57:49; 403; 0; 43.58; 1005.204765625; 16.71484375
2026-07-06; 12:58:49; 414; 2; 43.15; 1005.18609375; 17.1376953125
2026-07-06; 12:59:49; 439; 5; 43.06; 1005.0657421875; 17.298828125
2026-07-06; 13:00:49; 463; 9; 42.81; 1005.083203125; 17.5380859375
2026-07-06; 13:01:49; 447; 7; 42.82; 1005.1066796875; 17.4794921875
2026-07-06; 13:02:49; 416; 2; 42.62; 1005.022421875; 17.6015625
2026-07-06; 13:03:49; 422; 3; 43.13; 1005.0971875; 17.3017578125
2026-07-06; 13:04:49; 466; 10; 43.4; 1005.053125; 17.146484375
2026-07-06; 13:05:49; 518; 17; 43.72; 1005.079140625; 16.837890625
2026-07-06; 13:06:49; 556; 23; 44.3; 1005.051796875; 16.3134765625
2026-07-06; 13:07:49; 612; 32; 44.72; 1005.1181640625; 16.04296875
2026-07-06; 13:08:49; 641; 36; 44.54; 1005.066328125; 16.1201171875
2026-07-06; 13:09:49; 657; 39; 43.75; 1005.0684765625; 16.720703125
2026-07-06; 13:10:49; 746; 52; 43.37; 1005.0634375; 17.0859375
2026-07-06; 13:11:49; 870; 71; 43.02; 1004.973984375; 17.439453125
2026-07-06; 13:12:49; 1001; 91; 43.06; 1004.9871875; 17.3935546875
2026-07-06; 13:13:49; 1235; 127; 43.8; 1005.0609375; 16.8408203125
2026-07-06; 13:14:49; 1436; 157; 44.64; 1005.1160546875; 16.123046875
2026-07-06; 13:15:49; 1524; 187; 45.13; 1005.1472265625; 15.7001953125
2026-07-06; 13:16:49; 1568; 220; 45.75; 1005.092421875; 15.185546875
2026-07-06; 13:17:49; 1641; 282; 46.18; 1004.9405859375; 14.92578125
2026-07-06; 13:18:49; 1661; 300; 46.04; 1004.981484375; 14.9921875
2026-07-06; 13:19:49; 1683; 322; 46.35; 1005.0254296875; 14.751953125
2026-07-06; 13:20:50; 1710; 349; 46.18; 1005.0195703125; 14.8544921875
2026-07-06; 13:21:50; 1749; 390; 46.15; 1004.9516015625; 14.853515625
2026-07-06; 13:22:50; 1742; 382; 45.89; 1004.87015625; 15.01171875
2026-07-06; 13:23:50; 1749; 390; 45.76; 1004.9056640625; 15.1142578125
2026-07-06; 13:24:50; 1760; 403; 44.82; 1004.94953125; 15.904296875
2026-07-06; 13:25:50; 1775; 422; 44.26; 1004.9312109375; 16.3359375
2026-07-06; 13:26:50; 1801; 451; 43.96; 1004.9294140625; 16.57421875
2026-07-06; 13:27:50; 1820; 476; 43.57; 1004.908828125; 16.939453125
2026-07-06; 13:28:50; 1820; 476; 43.23; 1004.87203125; 17.2705078125
2026-07-06; 13:29:50; 1834; 494; 42.89; 1004.89234375; 17.552734375
2026-07-06; 13:30:50; 1867; 540; 42.71; 1004.81890625; 17.7353515625
2026-07-06; 13:31:50; 1875; 548; 42.64; 1004.823984375; 17.7919921875
2026-07-06; 13:32:50; 1905; 592; 42.49; 1004.7395703125; 17.998046875
2026-07-06; 13:33:50; 1926; 625; 42.47; 1004.7366796875; 17.9501953125
2026-07-06; 13:34:50; 1938; 645; 42.39; 1004.804453125; 18.0537109375
2026-07-06; 13:35:50; 1961; 680; 42.27; 1004.8535546875; 18.1669921875
2026-07-06; 13:36:50; 1983; 718; 42.31; 1004.895703125; 18.1455078125
2026-07-06; 13:37:50; 2031; 803; 42.26; 1004.952890625; 18.2021484375
2026-07-06; 13:38:50; 2039; 819; 42.16; 1004.80359375; 18.28125
2026-07-06; 13:39:50; 2082; 886; 42.09; 1004.8369140625; 18.3486328125
2026-07-06; 13:40:50; 2110; 940; 42.2; 1004.895078125; 18.2705078125
2026-07-06; 13:41:50; 2122; 969; 42.06; 1004.7973828125; 18.34765625
2026-07-06; 13:42:50; 2162; 1049; 42.17; 1004.8114453125; 18.26953125
2026-07-06; 13:43:50; 2162; 1049; 42.1; 1004.910078125; 18.314453125
2026-07-06; 13:44:50; 2214; 1174; 42.14; 1004.8869140625; 18.2919921875
2026-07-06; 13:45:50; 2220; 1188; 42.12; 1004.912734375; 18.3505859375
2026-07-06; 13:46:50; 2253; 1252; 41.92; 1004.835859375; 18.54296875
2026-07-06; 13:47:50; 2292; 1343; 41.89; 1004.9037109375; 18.5537109375
2026-07-06; 13:48:50; 2322; 1409; 41.92; 1004.9141796875; 18.51953125
2026-07-06; 13:49:50; 2332; 1423; 41.86; 1004.8772265625; 18.5634765625
2026-07-06; 13:50:50; 2368; 1501; 41.88; 1004.8514453125; 18.587890625
2026-07-06; 13:51:50; 2386; 1542; 41.81; 1004.7491796875; 18.62109375
2026-07-06; 13:52:50; 2434; 1638; 41.96; 1004.7186328125; 18.5087890625
2026-07-06; 13:53:50; 2461; 1688; 41.97; 1004.7421875; 18.498046875
2026-07-06; 13:54:50; 2509; 1804; 42.0; 1004.76078125; 18.4873046875
2026-07-06; 13:55:50; 2519; 1824; 41.98; 1004.7578515625; 18.509765625
2026-07-06; 13:56:50; 2546; 1876; 42.02; 1004.698125; 18.4755859375
2026-07-06; 13:57:50; 2584; 1961; 42.03; 1004.7712890625; 18.46484375
2026-07-06; 13:58:50; 2621; 2045; 41.94; 1004.716015625; 18.54296875
2026-07-06; 13:59:50; 2621; 2045; 41.88; 1004.6869140625; 18.6123046875
2026-07-06; 14:00:50; 2650; 2099; 41.93; 1004.6791015625; 18.54296875
2026-07-06; 14:01:50; 2689; 2186; 41.96; 1004.697734375; 18.544921875
2026-07-06; 14:02:50; 2704; 2219; 42.03; 1004.7503515625; 18.4765625
2026-07-06; 14:03:51; 2747; 2325; 41.94; 1004.60890625; 18.650390625
2026-07-06; 14:04:51; 2763; 2359; 41.98; 1004.6141796875; 18.509765625
2026-07-06; 14:05:51; 2763; 2359; 41.95; 1004.567109375; 18.5205078125
2026-07-06; 14:06:51; 2763; 2359; 41.93; 1004.5929296875; 18.5546875
2026-07-06; 14:07:51; 2778; 2387; 41.91; 1004.5040625; 18.5537109375
2026-07-06; 14:08:51; 2794; 2421; 41.86; 1004.5612109375; 18.646484375
2026-07-06; 14:09:51; 2794; 2421; 41.8; 1004.511484375; 18.66796875
2026-07-06; 14:10:51; 2807; 2450; 41.83; 1004.49328125; 18.6689453125
2026-07-06; 14:11:51; 2807; 2450; 41.87; 1004.4909765625; 18.634765625
2026-07-06; 14:12:51; 2828; 2489; 41.79; 1004.48765625; 18.7138671875
2026-07-06; 14:13:51; 2807; 2450; 41.71; 1004.476484375; 18.7470703125
2026-07-06; 14:14:51; 2858; 2553; 41.72; 1004.52875; 18.7705078125
2026-07-06; 14:15:51; 2858; 2553; 41.75; 1004.490234375; 18.724609375
2026-07-06; 14:16:51; 2873; 2595; 41.72; 1004.4921875; 18.7705078125
2026-07-06; 14:17:51; 2896; 2625; 41.67; 1004.4424609375; 18.8623046875
2026-07-06; 14:18:51; 2914; 2667; 41.71; 1004.455625; 18.7939453125
2026-07-06; 14:19:51; 2927; 2691; 41.61; 1004.4342578125; 18.8955078125
2026-07-06; 14:20:51; 2946; 2733; 41.67; 1004.4712109375; 18.8154296875
2026-07-06; 14:21:51; 2960; 2768; 41.66; 1004.4058984375; 18.8388671875
2026-07-06; 14:22:51; 2960; 2768; 41.61; 1004.49953125; 18.8720703125
2026-07-06; 14:23:51; 2982; 2810; 41.63; 1004.4081640625; 18.896484375
2026-07-06; 14:24:51; 2996; 2841; 41.56; 1004.42078125; 18.9169921875
2026-07-06; 14:25:51; 2996; 2841; 41.49; 1004.3759765625; 18.9970703125
2026-07-06; 14:26:51; 3014; 2884; 41.54; 1004.4546875; 18.9287109375
2026-07-06; 14:27:51; 3014; 2884; 41.53; 1004.4102734375; 18.951171875
2026-07-06; 14:28:51; 3014; 2884; 41.46; 1004.4437109375; 19.01953125
2026-07-06; 14:29:51; 3031; 2915; 41.42; 1004.4589453125; 19.064453125
2026-07-06; 14:30:51; 3050; 2958; 41.47; 1004.4516015625; 19.03125
2026-07-06; 14:31:51; 3072; 3004; 41.47; 1004.4019921875; 19.0322265625
2026-07-06; 14:32:51; 3087; 3039; 41.52; 1004.472578125; 19.009765625
2026-07-06; 14:33:51; 3087; 3039; 41.6; 1004.3689453125; 18.9423828125
2026-07-06; 14:34:51; 3108; 3083; 41.56; 1004.39203125; 18.953125
2026-07-06; 14:35:51; 3108; 3083; 41.61; 1004.4342578125; 18.9541015625
2026-07-06; 14:36:51; 3123; 3116; 41.57; 1004.3503125; 18.94140625
2026-07-06; 14:37:51; 3123; 3116; 41.47; 1004.37328125; 19.0322265625
2026-07-06; 14:38:51; 3138; 3149; 41.5; 1004.3263671875; 19.0087890625
2026-07-06; 14:39:51; 3159; 3187; 41.5; 1004.355078125; 19.0439453125
2026-07-06; 14:40:51; 3159; 3187; 41.53; 1004.2954296875; 19.0107421875
2026-07-06; 14:41:51; 3159; 3187; 41.52; 1004.3084375; 19.009765625
2026-07-06; 14:42:51; 3183; 3232; 41.48; 1004.245390625; 19.0439453125
2026-07-06; 14:43:51; 3198; 3272; 41.35; 1004.12703125; 19.1796875
2026-07-06; 14:44:51; 3198; 3272; 41.34; 1004.16875; 19.1669921875
2026-07-06; 14:45:51; 3198; 3272; 41.28; 1004.13140625; 19.2236328125
2026-07-06; 14:46:52; 3219; 3318; 41.22; 1004.1805078125; 19.2919921875
2026-07-06; 14:47:52; 3198; 3272; 41.2; 1004.2065234375; 19.326171875
2026-07-06; 14:48:52; 3198; 3272; 41.33; 1004.1451953125; 19.2255859375
2026-07-06; 14:49:52; 3219; 3318; 41.31; 1004.1132421875; 19.248046875
2026-07-06; 14:50:52; 3241; 3374; 41.28; 1004.1392578125; 19.259765625
2026-07-06; 14:51:52; 3241; 3374; 41.31; 1004.1132421875; 19.259765625
2026-07-06; 14:52:52; 3257; 3407; 41.34; 1004.0826171875; 19.203125
2026-07-06; 14:53:52; 3257; 3407; 41.31; 1004.0558203125; 19.248046875
2026-07-06; 14:54:52; 3257; 3407; 41.33; 1003.97296875; 19.2373046875
2026-07-06; 14:55:52; 3241; 3374; 41.39; 1004.038671875; 19.1689453125
2026-07-06; 14:56:52; 3257; 3407; 41.37; 1004.01484375; 19.1923828125
2026-07-06; 14:57:52; 3257; 3407; 41.28; 1003.9591796875; 19.2705078125
2026-07-06; 14:58:52; 3285; 3460; 41.31; 1004.0065625; 19.2373046875
2026-07-06; 14:59:52; 3303; 3494; 41.31; 1003.949140625; 19.2724609375
2026-07-06; 15:00:52; 3303; 3494; 41.23; 1003.9665625; 19.33984375
2026-07-06; 15:01:52; 3325; 3548; 41.31; 1003.92046875; 19.2724609375
2026-07-06; 15:02:52; 3348; 3597; 41.28; 1003.987890625; 19.2822265625
2026-07-06; 15:03:52; 3348; 3597; 41.23; 1003.9457421875; 19.328125
2026-07-06; 15:04:52; 3367; 3644; 41.37; 1003.957421875; 19.1455078125
2026-07-06; 15:05:52; 3367; 3644; 41.31; 1003.863046875; 19.2724609375
2026-07-06; 15:06:52; 3367; 3644; 41.34; 1003.910390625; 19.25
2026-07-06; 15:07:52; 3367; 3644; 41.31; 1003.863046875; 19.2607421875
2026-07-06; 15:08:52; 3367; 3644; 41.34; 1003.873828125; 19.25
2026-07-06; 15:09:52; 3392; 3693; 41.28; 1003.8522265625; 19.318359375
2026-07-06; 15:10:52; 3392; 3693; 41.18; 1003.7812109375; 19.373046875
2026-07-06; 15:11:52; 3392; 3693; 41.2; 1003.776015625; 19.3974609375
2026-07-06; 15:12:52; 3392; 3693; 41.27; 1003.7712890625; 19.3056640625
2026-07-06; 15:13:52; 3392; 3693; 41.23; 1003.7448046875; 19.3515625
2026-07-06; 15:14:52; 3392; 3693; 41.28; 1003.7295703125; 19.3291015625
2026-07-06; 15:15:52; 3409; 3735; 41.2; 1003.689921875; 19.3740234375
2026-07-06; 15:16:52; 3409; 3735; 41.14; 1003.7181640625; 19.4296875
2026-07-06; 15:17:52; 3409; 3735; 41.16; 1003.7208203125; 19.4306640625
2026-07-06; 15:18:52; 3438; 3784; 41.17; 1003.728671875; 19.431640625
2026-07-06; 15:19:52; 3438; 3784; 41.21; 1003.770859375; 19.3623046875
2026-07-06; 15:20:52; 3438; 3784; 41.24; 1003.810078125; 19.3515625
2026-07-06; 15:21:52; 3438; 3784; 41.27; 1003.8287109375; 19.3173828125
2026-07-06; 15:22:52; 3438; 3784; 41.25; 1003.83390625; 19.3056640625
2026-07-06; 15:23:52; 3464; 3841; 41.3; 1003.8105078125; 19.283203125
2026-07-06; 15:24:52; 3438; 3784; 41.27; 1003.8573828125; 19.3291015625
2026-07-06; 15:25:52; 3438; 3784; 41.37; 1003.8060546875; 19.2509765625
2026-07-06; 15:26:52; 3464; 3841; 41.28; 1003.75828125; 19.3291015625
2026-07-06; 15:27:52; 3486; 3883; 41.19; 1003.7890234375; 19.419921875
2026-07-06; 15:28:52; 3486; 3883; 41.16; 1003.6921484375; 19.4541015625
2026-07-06; 15:29:53; 3486; 3883; 41.19; 1003.6820703125; 19.3740234375
2026-07-06; 15:30:53; 3486; 3883; 41.22; 1003.7212890625; 19.3740234375
2026-07-06; 15:31:53; 3486; 3883; 41.11; 1003.6342578125; 19.5107421875
2026-07-06; 15:32:53; 3486; 3883; 41.12; 1003.6580859375; 19.5
2026-07-06; 15:33:53; 3464; 3841; 41.1; 1003.7125; 19.5107421875
2026-07-06; 15:34:53; 3486; 3883; 41.1; 1003.7412109375; 19.5107421875
2026-07-06; 15:35:53; 3486; 3883; 41.07; 1003.7437109375; 19.5439453125
2026-07-06; 15:36:53; 3464; 3841; 40.92; 1003.6956640625; 19.6796875
2026-07-06; 15:37:53; 3486; 3883; 40.82; 1003.6526171875; 19.74609375
2026-07-06; 15:38:53; 3486; 3883; 40.69; 1003.706171875; 19.8935546875
2026-07-06; 15:39:53; 3486; 3883; 40.7; 1003.7587109375; 19.8935546875
2026-07-06; 15:40:53; 3510; 3940; 40.56; 1003.67359375; 20.0283203125
2026-07-06; 15:41:53; 3510; 3940; 40.54; 1003.6995703125; 20.05078125
2026-07-06; 15:42:53; 3510; 3940; 40.55; 1003.637109375; 20.0634765625
2026-07-06; 15:43:53; 3510; 3940; 40.64; 1003.7216015625; 19.9970703125
2026-07-06; 15:44:53; 3534; 3996; 40.72; 1003.6466796875; 19.87109375
2026-07-06; 15:45:53; 3510; 3940; 40.78; 1003.58203125; 19.849609375
2026-07-06; 15:46:53; 3510; 3940; 40.89; 1003.5909375; 19.7138671875
2026-07-06; 15:47:53; 3534; 3996; 40.9; 1003.491875; 19.7373046875
2026-07-06; 15:48:53; 3510; 3940; 40.84; 1003.533046875; 19.7705078125
2026-07-06; 15:49:53; 3534; 3996; 40.78; 1003.47515625; 19.849609375
2026-07-06; 15:50:53; 3534; 3996; 40.74; 1003.44078125; 19.8837890625
2026-07-06; 15:51:53; 3534; 3996; 40.76; 1003.3861328125; 19.861328125
2026-07-06; 15:52:53; 3554; 4040; 40.79; 1003.4334765625; 19.8154296875
2026-07-06; 15:53:53; 3554; 4040; 40.79; 1003.4621484375; 19.8388671875
2026-07-06; 15:54:53; 3554; 4040; 40.82; 1003.4726953125; 19.79296875
2026-07-06; 15:55:53; 3554; 4040; 40.76; 1003.6076953125; 19.8837890625
2026-07-06; 15:56:53; 3534; 3996; 40.72; 1003.49546875; 19.90625
2026-07-06; 15:57:53; 3534; 3996; 40.71; 1003.5084375; 19.9287109375
2026-07-06; 15:58:53; 3534; 3996; 40.79; 1003.5976953125; 19.837890625
2026-07-06; 15:59:53; 3510; 3940; 40.78; 1003.503828125; 19.849609375
2026-07-06; 16:00:53; 3510; 3940; 40.79; 1003.51953125; 19.8388671875
2026-07-06; 16:01:53; 3534; 3996; 40.74; 1003.5059765625; 19.8720703125
2026-07-06; 16:02:53; 3534; 3996; 40.77; 1003.508671875; 19.861328125
2026-07-06; 16:03:53; 3510; 3940; 40.8; 1003.363125; 19.8388671875
2026-07-06; 16:04:53; 3510; 3940; 40.74; 1003.4486328125; 19.8720703125
2026-07-06; 16:05:53; 3534; 3996; 40.73; 1003.4616015625; 19.8955078125
2026-07-06; 16:06:53; 3510; 3940; 40.64; 1003.463515625; 19.9853515625
2026-07-06; 16:07:53; 3510; 3940; 40.65; 1003.4140234375; 19.9736328125
2026-07-06; 16:08:53; 3510; 3940; 40.65; 1003.4505078125; 19.9853515625
2026-07-06; 16:09:53; 3534; 3996; 40.69; 1003.427265625; 19.9521484375
2026-07-06; 16:10:53; 3534; 3996; 40.67; 1003.3958984375; 19.974609375
2026-07-06; 16:11:53; 3534; 3996; 40.75; 1003.3704296875; 19.8955078125
2026-07-06; 16:12:54; 3554; 4040; 40.7; 1003.3858984375; 19.94140625
2026-07-06; 16:13:54; 3554; 4040; 40.68; 1003.440234375; 19.9755859375
2026-07-06; 16:14:54; 3534; 3996; 40.63; 1003.353671875; 20.0078125
2026-07-06; 16:15:54; 3554; 4040; 40.58; 1003.36125; 20.087890625
2026-07-06; 16:16:54; 3534; 3996; 40.5; 1003.300625; 20.1083984375
2026-07-06; 16:17:54; 3534; 3996; 40.35; 1003.3507421875; 20.3134765625
2026-07-06; 16:18:54; 3554; 4040; 40.32; 1003.3036328125; 20.3115234375
2026-07-06; 16:19:54; 3534; 3996; 40.24; 1003.3003125; 20.40234375
2026-07-06; 16:20:54; 3554; 4040; 40.15; 1003.38765625; 20.4921875
2026-07-06; 16:21:54; 3554; 4040; 40.05; 1003.3163671875; 20.59375
2026-07-06; 16:22:54; 3534; 3996; 39.97; 1003.304765625; 20.6953125
2026-07-06; 16:23:54; 3554; 4040; 39.94; 1003.3798046875; 20.7177734375
2026-07-06; 16:24:54; 3534; 3996; 39.86; 1003.43359375; 20.8203125
2026-07-06; 16:25:54; 3554; 4040; 39.86; 1003.4049609375; 20.796875
2026-07-06; 16:26:54; 3554; 4040; 39.85; 1003.4100390625; 20.7841796875
2026-07-06; 16:27:54; 3581; 4099; 39.73; 1003.4214453125; 20.919921875
2026-07-06; 16:28:54; 3554; 4040; 39.63; 1003.4229296875; 21.0205078125
2026-07-06; 16:29:54; 3581; 4099; 39.64; 1003.352734375; 21.044921875
2026-07-06; 16:30:54; 3554; 4040; 39.63; 1003.4515625; 21.0205078125
2026-07-06; 16:31:54; 3581; 4099; 39.65; 1003.4543359375; 21.009765625
2026-07-06; 16:32:54; 3554; 4040; 39.62; 1003.4280078125; 21.0791015625
2026-07-06; 16:33:54; 3534; 3996; 39.57; 1003.47125; 21.099609375
2026-07-06; 16:34:54; 3554; 4040; 39.56; 1003.39828125; 21.123046875
2026-07-06; 16:35:54; 3581; 4099; 39.62; 1003.3499609375; 21.0791015625
2026-07-06; 16:36:54; 3581; 4099; 39.64; 1003.38140625; 21.056640625
2026-07-06; 16:37:54; 3554; 4040; 39.69; 1003.4158984375; 20.98828125
2026-07-06; 16:38:54; 3581; 4099; 39.73; 1003.3928125; 20.966796875
2026-07-06; 16:39:54; 3581; 4099; 39.74; 1003.3594140625; 20.9208984375
2026-07-06; 16:40:54; 3581; 4099; 39.81; 1003.355078125; 20.8759765625
2026-07-06; 16:41:54; 3581; 4099; 39.9; 1003.3534765625; 20.787109375
2026-07-06; 16:42:54; 3581; 4099; 39.87; 1003.4127734375; 20.8203125
2026-07-06; 16:43:54; 3581; 4099; 39.9; 1003.23109375; 20.7978515625
2026-07-06; 16:44:54; 3581; 4099; 39.93; 1003.286015625; 20.7412109375
2026-07-06; 16:45:54; 3581; 4099; 39.97; 1003.304765625; 20.73046875
2026-07-06; 16:46:54; 3581; 4099; 39.92; 1003.29109375; 20.775390625
2026-07-06; 16:47:54; 3581; 4099; 39.9; 1003.23109375; 20.7861328125
2026-07-06; 16:48:54; 3605; 4144; 39.93; 1003.2573828125; 20.7060546875
2026-07-06; 16:49:54; 3605; 4144; 39.96; 1003.2682421875; 20.7421875
2026-07-06; 16:50:54; 3633; 4204; 39.95; 1003.252578125; 20.7421875
2026-07-06; 16:51:54; 3633; 4204; 39.98; 1003.1772265625; 20.7197265625
2026-07-06; 16:52:54; 3633; 4204; 39.96; 1003.145859375; 20.73046875
2026-07-06; 16:53:54; 3605; 4144; 39.93; 1003.106328125; 20.7529296875
2026-07-06; 16:54:54; 3633; 4204; 39.99; 1003.1434765625; 20.7197265625
2026-07-06; 16:55:55; 3605; 4144; 39.95; 1003.0520703125; 20.7421875
2026-07-06; 16:56:55; 3605; 4144; 39.88; 1003.0851171875; 20.80859375
2026-07-06; 16:57:55; 3605; 4144; 39.9; 1003.0878515625; 20.7861328125
2026-07-06; 16:58:55; 3605; 4144; 39.82; 1003.1337890625; 20.865234375
2026-07-06; 16:59:55; 3581; 4099; 39.79; 1003.143671875; 20.9111328125
2026-07-06; 17:00:55; 3581; 4099; 39.63; 1003.19390625; 21.0556640625
2026-07-06; 17:01:55; 3554; 4040; 39.48; 1003.1499609375; 21.236328125
2026-07-06; 17:02:55; 3554; 4040; 39.3; 1003.16828125; 21.380859375
2026-07-06; 17:03:55; 3534; 3996; 39.22; 1003.1488671875; 21.447265625
2026-07-06; 17:04:55; 3554; 4040; 39.19; 1003.1873046875; 21.52734375
2026-07-06; 17:05:55; 3554; 4040; 39.07; 1003.1490625; 21.6279296875
2026-07-06; 17:06:55; 3554; 4040; 39.03; 1003.1144921875; 21.6494140625
2026-07-06; 17:07:55; 3554; 4040; 38.91; 1003.0683203125; 21.8662109375
2026-07-06; 17:08:55; 3534; 3996; 38.92; 1003.12078125; 21.8203125
2026-07-06; 17:09:55; 3534; 3996; 38.85; 1003.075546875; 21.93359375
2026-07-06; 17:10:55; 3534; 3996; 38.84; 1003.0309375; 21.93359375
2026-07-06; 17:11:55; 3554; 4040; 38.8; 1003.017421875; 22.0009765625
2026-07-06; 17:12:55; 3534; 3996; 38.75; 1003.0321875; 22.0341796875
2026-07-06; 17:13:55; 3554; 4040; 38.73; 1003.057890625; 22.021484375
2026-07-06; 17:14:55; 3554; 4040; 38.71; 1002.969296875; 22.0908203125
2026-07-06; 17:15:55; 3534; 3996; 38.73; 1002.907109375; 22.056640625
2026-07-06; 17:16:55; 3534; 3996; 38.67; 1003.1266796875; 22.1708984375
2026-07-06; 17:17:55; 3554; 4040; 38.66; 1002.975859375; 22.0537109375
2026-07-06; 17:18:55; 3534; 3996; 38.68; 1002.9501171875; 22.1240234375
2026-07-06; 17:19:55; 3534; 3996; 38.7; 1003.0104296875; 22.0322265625
2026-07-06; 17:20:55; 3534; 3996; 38.85; 1002.9819140625; 21.95703125
2026-07-06; 17:21:55; 3554; 4040; 38.94; 1002.95203125; 21.8681640625
2026-07-06; 17:22:55; 3554; 4040; 39.02; 1002.95578125; 21.765625
2026-07-06; 17:23:55; 3534; 3996; 39.11; 1002.9908984375; 21.6298828125
2026-07-06; 17:24:55; 3534; 3996; 39.19; 1002.9583984375; 21.5859375
2026-07-06; 17:25:55; 3554; 4040; 39.15; 1003.0178515625; 21.6318359375
2026-07-06; 17:26:55; 3534; 3996; 39.21; 1003.01875; 21.5751953125
2026-07-06; 17:27:55; 3554; 4040; 39.25; 1003.00359375; 21.54296875
2026-07-06; 17:28:55; 3554; 4040; 39.37; 1003.0209765625; 21.3955078125
2026-07-06; 17:29:55; 3581; 4099; 39.43; 1003.0425390625; 21.3046875
2026-07-06; 17:30:55; 3581; 4099; 39.51; 1003.053984375; 21.2265625
2026-07-06; 17:31:55; 3581; 4099; 39.5; 1003.0175; 21.2373046875
2026-07-06; 17:32:55; 3581; 4099; 39.51; 1002.9967578125; 21.26171875
2026-07-06; 17:33:55; 3581; 4099; 39.56; 1003.0183203125; 21.193359375
2026-07-06; 17:34:55; 3581; 4099; 39.57; 1003.0132421875; 21.158203125
2026-07-06; 17:35:55; 3581; 4099; 39.51; 1002.9759765625; 21.25
2026-07-06; 17:36:55; 3554; 4040; 39.53; 1002.9790234375; 21.2041015625
2026-07-06; 17:37:55; 3554; 4040; 39.49; 1002.973203125; 21.2490234375
2026-07-06; 17:38:56; 3554; 4040; 39.5; 1002.9602734375; 21.2490234375
2026-07-06; 17:39:56; 3554; 4040; 39.53; 1003.028125; 21.2158203125
2026-07-06; 17:40:56; 3581; 4099; 39.49; 1002.9445703125; 21.2724609375
2026-07-06; 17:41:56; 3581; 4099; 39.48; 1002.892421875; 21.283203125
2026-07-06; 17:42:56; 3581; 4099; 39.46; 1002.92578125; 21.306640625
2026-07-06; 17:43:56; 3581; 4099; 39.47; 1002.9990234375; 21.259765625
2026-07-06; 17:44:56; 3581; 4099; 39.48; 1002.892421875; 21.283203125
2026-07-06; 17:45:56; 3581; 4099; 39.44; 1002.8865234375; 21.3046875
2026-07-06; 17:46:56; 3581; 4099; 39.52; 1002.89796875; 21.21484375
2026-07-06; 17:47:56; 3581; 4099; 39.53; 1002.913671875; 21.2275390625
2026-07-06; 17:48:56; 3581; 4099; 39.53; 1002.8931640625; 21.2392578125
2026-07-06; 17:49:56; 3581; 4099; 39.5; 1002.8171484375; 21.2373046875
2026-07-06; 17:50:56; 3581; 4099; 39.47; 1002.88453125; 21.306640625
2026-07-06; 17:51:56; 3581; 4099; 39.48; 1002.921015625; 21.306640625
2026-07-06; 17:52:56; 3605; 4144; 39.42; 1002.969609375; 21.36328125
2026-07-06; 17:53:56; 3605; 4144; 39.34; 1002.916640625; 21.4296875
2026-07-06; 17:54:56; 3581; 4099; 39.32; 1002.87703125; 21.4638671875
2026-07-06; 17:55:56; 3581; 4099; 39.27; 1002.884375; 21.53125
2026-07-06; 17:56:56; 3605; 4144; 39.25; 1002.8240625; 21.53125
2026-07-06; 17:57:56; 3605; 4144; 39.21; 1002.8756640625; 21.5517578125
2026-07-06; 17:58:56; 3605; 4144; 39.2; 1002.8886328125; 21.5634765625
2026-07-06; 17:59:56; 3581; 4099; 39.19; 1002.823515625; 21.50390625
2026-07-06; 18:00:56; 3581; 4099; 39.22; 1002.776953125; 21.482421875
2026-07-06; 18:01:56; 3554; 4040; 39.23; 1002.8498828125; 21.4951171875
2026-07-06; 18:02:56; 3554; 4040; 39.17; 1002.8204296875; 21.57421875
2026-07-06; 18:03:56; 3534; 3996; 39.19; 1002.843984375; 21.5859375
2026-07-06; 18:04:56; 3534; 3996; 39.22; 1002.748359375; 21.376953125
2026-07-06; 18:05:56; 3534; 3996; 39.18; 1002.8075; 21.609375
2026-07-06; 18:06:56; 3534; 3996; 39.23; 1002.8212890625; 21.3896484375
2026-07-06; 18:07:56; 3554; 4040; 39.2; 1002.810625; 21.5517578125
2026-07-06; 18:08:56; 3554; 4040; 39.27; 1002.7985546875; 21.49609375
2026-07-06; 18:09:56; 3554; 4040; 39.19; 1002.8153515625; 21.5859375
2026-07-06; 18:10:56; 3534; 3996; 39.22; 1002.8627734375; 21.552734375
2026-07-06; 18:11:56; 3534; 3996; 39.21; 1002.8756640625; 21.5634765625
2026-07-06; 18:12:56; 3554; 4040; 39.25; 1002.79546875; 21.5078125
2026-07-06; 18:13:56; 3534; 3996; 39.26; 1002.7620703125; 21.49609375
2026-07-06; 18:14:56; 3534; 3996; 39.25; 1002.7668359375; 21.40234375
2026-07-06; 18:15:56; 3534; 3996; 39.22; 1002.776953125; 21.505859375
2026-07-06; 18:16:56; 3534; 3996; 39.19; 1002.7091015625; 21.5859375
2026-07-06; 18:17:56; 3534; 3996; 39.19; 1002.7662890625; 21.5625
2026-07-06; 18:18:56; 3534; 3996; 39.23; 1002.8212890625; 21.5419921875
2026-07-06; 18:19:56; 3534; 3996; 39.23; 1002.8212890625; 21.5419921875
2026-07-06; 18:20:57; 3534; 3996; 39.24; 1002.8655859375; 21.5185546875
2026-07-06; 18:21:57; 3554; 4040; 39.25; 1002.8033203125; 21.49609375
2026-07-06; 18:22:57; 3534; 3996; 39.2; 1002.78203125; 21.5283203125
2026-07-06; 18:23:57; 3554; 4040; 39.21; 1002.8184765625; 21.5517578125
2026-07-06; 18:24:57; 3534; 3996; 39.2; 1002.78203125; 21.5517578125
2026-07-06; 18:25:57; 3534; 3996; 39.23; 1002.7146875; 21.5302734375
2026-07-06; 18:26:57; 3554; 4040; 39.25; 1002.7382421875; 21.51953125
2026-07-06; 18:27:57; 3554; 4040; 39.33; 1002.72140625; 21.4169921875
2026-07-06; 18:28:57; 3554; 4040; 39.32; 1002.733984375; 21.4404296875
2026-07-06; 18:29:57; 3554; 4040; 39.33; 1002.72140625; 21.4169921875
2026-07-06; 18:30:57; 3554; 4040; 39.31; 1002.6896875; 21.439453125
2026-07-06; 18:31:57; 3534; 3996; 39.31; 1002.71828125; 21.451171875
2026-07-06; 18:32:57; 3534; 3996; 39.32; 1002.684609375; 21.4287109375
2026-07-06; 18:33:57; 3554; 4040; 39.34; 1002.65125; 21.44140625
2026-07-06; 18:34:57; 3534; 3996; 39.38; 1002.656796875; 21.3720703125
2026-07-06; 18:35:57; 3554; 4040; 39.41; 1002.675546875; 21.3388671875
2026-07-06; 18:36:57; 3534; 3996; 39.39; 1002.6438671875; 21.337890625
2026-07-06; 18:37:57; 3554; 4040; 39.41; 1002.6963671875; 21.3505859375
2026-07-06; 18:38:57; 3534; 3996; 39.41; 1002.5897265625; 21.3505859375
2026-07-06; 18:39:57; 3534; 3996; 39.42; 1002.5689453125; 21.3046875
2026-07-06; 18:40:57; 3534; 3996; 39.41; 1002.5325; 21.2685546875
2026-07-06; 18:41:57; 3534; 3996; 39.46; 1002.639609375; 21.283203125
2026-07-06; 18:42:57; 3534; 3996; 39.47; 1002.54109375; 21.294921875
2026-07-06; 18:43:57; 3534; 3996; 39.49; 1002.564609375; 21.2607421875
2026-07-06; 18:44:57; 3534; 3996; 39.45; 1002.6446484375; 21.3056640625
2026-07-06; 18:45:57; 3534; 3996; 39.47; 1002.561875; 21.283203125
2026-07-06; 18:46:57; 3534; 3996; 39.44; 1002.57171875; 21.28125
2026-07-06; 18:47:57; 3534; 3996; 39.41; 1002.5038671875; 21.3388671875
2026-07-06; 18:48:57; 3534; 3996; 39.39; 1002.5294140625; 21.373046875
2026-07-06; 18:49:57; 3554; 4040; 39.38; 1002.464296875; 21.373046875
2026-07-06; 18:50:57; 3534; 3996; 39.36; 1002.596796875; 21.40625
2026-07-06; 18:51:57; 3534; 3996; 39.34; 1002.516015625; 21.40625
2026-07-06; 18:52:57; 3534; 3996; 39.35; 1002.474453125; 21.41796875
2026-07-06; 18:53:57; 3554; 4040; 39.33; 1002.5861328125; 21.4296875
2026-07-06; 18:54:57; 3534; 3996; 39.37; 1002.469375; 21.3720703125
2026-07-06; 18:55:57; 3534; 3996; 39.36; 1002.4329296875; 21.3603515625
2026-07-06; 18:56:57; 3534; 3996; 39.29; 1002.494453125; 21.4619140625
2026-07-06; 18:57:57; 3554; 4040; 39.28; 1002.4215234375; 21.4736328125
2026-07-06; 18:58:57; 3554; 4040; 39.31; 1002.4321484375; 21.462890625
2026-07-06; 18:59:57; 3554; 4040; 39.27; 1002.4551953125; 21.4375
2026-07-06; 19:00:57; 3534; 3996; 39.22; 1002.462265625; 21.552734375
2026-07-06; 19:01:57; 3534; 3996; 39.21; 1002.3893359375; 21.5283203125
2026-07-06; 19:02:57; 3534; 3996; 39.21; 1002.34; 21.517578125
2026-07-06; 19:03:58; 3534; 3996; 39.18; 1002.4277734375; 21.5390625
2026-07-06; 19:04:58; 3534; 3996; 39.14; 1002.3439453125; 21.619140625
2026-07-06; 19:05:58; 3554; 4040; 39.09; 1002.29375; 21.67578125
2026-07-06; 19:06:58; 3534; 3996; 39.1; 1002.288671875; 21.6640625
2026-07-06; 19:07:58; 3510; 3940; 39.1; 1002.260078125; 21.6640625
2026-07-06; 19:08:58; 3510; 3940; 39.04; 1002.3371875; 21.744140625
2026-07-06; 19:09:58; 3510; 3940; 39.08; 1002.3430859375; 21.6748046875
2026-07-06; 19:10:58; 3534; 3996; 39.08; 1002.3924609375; 21.6513671875
2026-07-06; 19:11:58; 3510; 3940; 39.08; 1002.220859375; 21.6748046875
2026-07-06; 19:12:58; 3510; 3940; 39.02; 1002.2772265625; 21.7548828125
2026-07-06; 19:13:58; 3510; 3940; 39.01; 1002.2901171875; 21.77734375
2026-07-06; 19:14:58; 3510; 3940; 39.03; 1002.292890625; 21.7080078125
2026-07-06; 19:15:58; 3534; 3996; 38.97; 1002.2477734375; 21.833984375
2026-07-06; 19:16:58; 3534; 3996; 39.01; 1002.310859375; 21.7890625
2026-07-06; 19:17:58; 3534; 3996; 38.99; 1002.308046875; 21.8115234375
2026-07-06; 19:18:58; 3534; 3996; 39.01; 1002.282265625; 21.7890625
2026-07-06; 19:19:58; 3534; 3996; 38.97; 1002.22703125; 21.810546875
2026-07-06; 19:20:58; 3534; 3996; 38.98; 1002.214140625; 21.787109375
2026-07-06; 19:21:58; 3510; 3940; 39.01; 1002.2250390625; 21.77734375
2026-07-06; 19:22:58; 3510; 3940; 39.02; 1002.22; 21.7548828125
2026-07-06; 19:23:58; 3510; 3940; 38.99; 1002.144296875; 21.7880859375
2026-07-06; 19:24:58; 3510; 3940; 38.96; 1002.17484375; 21.8330078125
2026-07-06; 19:25:58; 3534; 3996; 38.93; 1002.2135546875; 21.8671875
2026-07-06; 19:26:58; 3510; 3940; 38.91; 1002.15328125; 21.8896484375
2026-07-06; 19:27:58; 3510; 3940; 38.89; 1002.1869140625; 21.818359375
2026-07-06; 19:28:58; 3486; 3883; 38.88; 1002.1998046875; 21.865234375
2026-07-06; 19:29:58; 3486; 3883; 38.87; 1002.1476953125; 21.8291015625
2026-07-06; 19:30:58; 3486; 3883; 38.87; 1002.09046875; 21.93359375
2026-07-06; 19:31:58; 3486; 3883; 38.86; 1002.11125; 21.8525390625
2026-07-06; 19:32:58; 3486; 3883; 38.81; 1002.0974609375; 21.861328125
2026-07-06; 19:33:58; 3486; 3883; 38.82; 1002.1417578125; 21.9794921875
2026-07-06; 19:34:58; 3486; 3883; 38.82; 1002.13390625; 21.861328125
2026-07-06; 19:35:58; 3438; 3784; 38.8; 1002.1025; 21.8017578125
2026-07-06; 19:36:58; 3464; 3841; 38.74; 1002.1016015625; 21.9521484375
2026-07-06; 19:37:58; 3438; 3784; 38.72; 1002.098828125; 21.927734375
2026-07-06; 19:38:58; 3409; 3735; 38.7; 1002.1161328125; 21.8798828125
2026-07-06; 19:39:58; 3392; 3693; 38.73; 1002.078046875; 21.869140625
2026-07-06; 19:40:58; 3392; 3693; 38.76; 1002.1251953125; 21.7421875
2026-07-06; 19:41:58; 3392; 3693; 38.74; 1002.1223828125; 21.9404296875
2026-07-06; 19:42:58; 3392; 3693; 38.71; 1002.1035546875; 21.9501953125
2026-07-06; 19:43:58; 3367; 3644; 38.67; 1002.0690234375; 21.8076171875
2026-07-06; 19:44:58; 3367; 3644; 38.65; 1002.13125; 21.994140625
2026-07-06; 19:45:58; 3367; 3644; 38.67; 1002.0976171875; 21.8193359375
2026-07-06; 19:46:59; 65535; 65535; 38.66; 1002.0819140625; 21.923828125
2026-07-06; 19:47:59; 3392; 3693; 38.68; 1002.141875; 22.0419921875
2026-07-06; 19:48:59; 3409; 3735; 38.61; 1002.068125; 22.1328125
2026-07-06; 19:49:59; 3409; 3735; 38.63; 1002.091640625; 22.1806640625
2026-07-06; 19:50:59; 3438; 3784; 38.66; 1002.0247265625; 22.111328125
2026-07-06; 19:51:59; 3438; 3784; 38.61; 1002.060234375; 22.12109375
2026-07-06; 19:52:59; 3438; 3784; 38.52; 1002.0122265625; 22.2216796875
2026-07-06; 19:53:59; 3438; 3784; 38.49; 1002.0583984375; 22.208984375
2026-07-06; 19:54:59; 3438; 3784; 38.46; 1002.0684375; 22.2900390625
2026-07-06; 19:55:59; 3409; 3735; 38.52; 1002.0772265625; 22.15234375
2026-07-06; 19:56:59; 3409; 3735; 38.46; 1002.0605859375; 22.23046875
2026-07-06; 19:57:59; 3409; 3735; 38.51; 1002.082265625; 22.2685546875
2026-07-06; 19:58:59; 3392; 3693; 38.48; 1002.03484375; 22.1611328125
2026-07-06; 19:59:59; 3392; 3693; 38.47; 1002.0269921875; 22.2080078125
2026-07-06; 20:00:59; 3409; 3735; 38.43; 1002.0417578125; 22.3349609375
2026-07-06; 20:01:59; 3409; 3735; 38.43; 1001.984609375; 22.2998046875
2026-07-06; 20:02:59; 3392; 3693; 38.44; 1002.0084375; 22.2880859375
2026-07-06; 20:03:59; 3392; 3693; 38.49; 1002.00125; 22.232421875
2026-07-06; 20:04:59; 3409; 3735; 38.46; 1002.0112890625; 22.2783203125
2026-07-06; 20:05:59; 3409; 3735; 38.45; 1001.9955859375; 22.3359375
2026-07-06; 20:06:59; 3409; 3735; 38.43; 1001.9638671875; 22.3232421875
2026-07-06; 20:07:59; 3392; 3693; 38.45; 1001.987734375; 22.25390625
2026-07-06; 20:08:59; 3392; 3693; 38.42; 1001.96890625; 22.275390625
2026-07-06; 20:09:59; 3409; 3735; 38.36; 1001.960078125; 22.3662109375
2026-07-06; 20:10:59; 3409; 3735; 38.37; 1002.0046484375; 22.3779296875
2026-07-06; 20:11:59; 3392; 3693; 38.34; 1001.9651171875; 22.365234375
2026-07-06; 20:12:59; 3392; 3693; 38.38; 1001.9710546875; 22.35546875
2026-07-06; 20:13:59; 3392; 3693; 38.38; 1001.963203125; 22.34375
2026-07-06; 20:14:59; 3392; 3693; 38.31; 1002.0115625; 22.3994140625
2026-07-06; 20:15:59; 3392; 3693; 38.25; 1002.0026953125; 22.5244140625
2026-07-06; 20:16:59; 3392; 3693; 38.26; 1002.010546875; 22.5244140625
2026-07-06; 20:17:59; 3392; 3693; 38.23; 1001.9916796875; 22.58203125
2026-07-06; 20:18:59; 3392; 3693; 38.22; 1001.9756640625; 22.5576171875
2026-07-06; 20:19:59; 3409; 3735; 38.19; 1001.9078515625; 22.580078125
2026-07-06; 20:20:59; 3392; 3693; 38.16; 1001.9178515625; 22.625
2026-07-06; 20:21:59; 3392; 3693; 38.18; 1001.9128515625; 22.5908203125
2026-07-06; 20:22:59; 3409; 3735; 38.17; 1001.905; 22.5908203125
2026-07-06; 20:23:59; 3409; 3735; 38.18; 1001.8921484375; 22.591796875
2026-07-06; 20:24:59; 3409; 3735; 38.13; 1001.898984375; 22.6708984375
2026-07-06; 20:25:59; 3409; 3735; 38.16; 1001.9096875; 22.66015625
2026-07-06; 20:26:59; 3409; 3735; 38.17; 1001.9828125; 22.6259765625
2026-07-06; 20:27:59; 3409; 3735; 38.15; 1001.930390625; 22.63671875
2026-07-06; 20:28:59; 3409; 3735; 38.14; 1001.9068359375; 22.6474609375
2026-07-06; 20:30:00; 3409; 3735; 38.07; 1001.9471875; 22.7255859375
2026-07-06; 20:31:00; 3409; 3735; 38.08; 1001.8694140625; 22.703125
2026-07-06; 20:32:00; 3409; 3735; 38.07; 1001.7966015625; 22.7958984375
2026-07-06; 20:33:00; 3409; 3735; 37.97; 1001.846953125; 22.849609375
2026-07-06; 20:34:00; 3409; 3735; 37.95; 1001.937578125; 22.8603515625
2026-07-06; 20:35:00; 3409; 3735; 37.87; 1001.896953125; 23.0078125
2026-07-06; 20:36:00; 3409; 3735; 37.83; 1001.854765625; 23.052734375
2026-07-06; 20:37:00; 3409; 3735; 37.77; 1001.83265625; 23.1318359375
2026-07-06; 20:38:00; 3409; 3735; 37.7; 1001.88578125; 23.244140625
2026-07-06; 20:39:00; 3409; 3735; 37.64; 1001.876796875; 23.2998046875
2026-07-06; 20:40:00; 3409; 3735; 37.59; 1001.80578125; 23.3564453125
2026-07-06; 20:41:00; 3409; 3735; 37.6; 1001.85; 23.3564453125
2026-07-06; 20:42:00; 3409; 3735; 37.51; 1001.879453125; 23.46875
2026-07-06; 20:43:00; 3409; 3735; 37.48; 1001.84015625; 23.490234375
2026-07-06; 20:44:00; 3409; 3735; 37.45; 1001.813359375; 23.546875
2026-07-06; 20:45:00; 3438; 3784; 37.42; 1001.8026171875; 23.5810546875
2026-07-06; 20:46:00; 3438; 3784; 37.39; 1001.832890625; 23.6142578125
2026-07-06; 20:47:00; 3438; 3784; 37.35; 1001.891953125; 23.658203125
2026-07-06; 20:48:00; 3438; 3784; 37.31; 1001.799921875; 23.69140625
2026-07-06; 20:49:00; 3438; 3784; 37.29; 1001.8176953125; 23.759765625
2026-07-06; 20:50:00; 3438; 3784; 37.24; 1001.860703125; 23.78125
2026-07-06; 20:51:00; 3438; 3784; 37.23; 1001.7879296875; 23.8154296875
2026-07-06; 20:52:00; 3438; 3784; 37.19; 1001.8103125; 23.8603515625
2026-07-06; 20:53:00; 3438; 3784; 37.19; 1001.86734375; 23.8837890625
2026-07-06; 20:54:00; 3438; 3784; 37.14; 1001.85359375; 23.927734375
2026-07-06; 20:55:00; 3438; 3784; 37.15; 1001.804453125; 23.9287109375
2026-07-06; 20:56:00; 3438; 3784; 37.09; 1001.83171875; 24.0185546875
2026-07-06; 20:57:00; 3438; 3784; 37.07; 1001.82875; 24.0283203125
2026-07-06; 20:58:00; 3438; 3784; 37.03; 1001.8146875; 24.0732421875
2026-07-06; 20:59:00; 3438; 3784; 37.01; 1001.8403125; 24.1298828125
2026-07-06; 21:00:00; 3438; 3784; 36.97; 1001.8134375; 24.1396484375
2026-07-06; 21:01:00; 3438; 3784; 36.95; 1001.846875; 24.1630859375
2026-07-06; 21:02:00; 3438; 3784; 36.93; 1001.8075390625; 24.1962890625
2026-07-06; 21:03:00; 3438; 3784; 36.92; 1001.848515625; 24.1953125
2026-07-06; 21:04:00; 3438; 3784; 36.89; 1001.858359375; 24.2412109375
2026-07-06; 21:05:00; 3438; 3784; 36.87; 1001.9123828125; 24.2626953125
2026-07-06; 21:06:00; 3438; 3784; 36.84; 1001.83609375; 24.3193359375
2026-07-06; 21:07:00; 3438; 3784; 36.8; 1001.80953125; 24.3642578125
2026-07-06; 21:08:00; 3438; 3784; 36.8; 1001.838046875; 24.3408203125
2026-07-06; 21:09:00; 3438; 3784; 36.73; 1001.813125; 24.4306640625
2026-07-06; 21:10:00; 3438; 3784; 36.7; 1001.879609375; 24.462890625
2026-07-06; 21:11:00; 3438; 3784; 36.71; 1001.8383203125; 24.46484375
2026-07-06; 21:12:00; 3438; 3784; 36.64; 1001.841875; 24.5302734375
2026-07-06; 21:13:01; 3409; 3735; 36.63; 1001.79765625; 24.576171875
2026-07-06; 21:14:01; 3409; 3735; 36.62; 1001.81828125; 24.576171875
2026-07-06; 21:15:01; 3438; 3784; 36.56; 1001.8090625; 24.666015625
2026-07-06; 21:16:01; 3438; 3784; 36.57; 1001.7962890625; 24.6435546875
2026-07-06; 21:17:01; 3438; 3784; 36.46; 1001.87140625; 24.7763671875
2026-07-06; 21:18:01; 3438; 3784; 36.47; 1001.895; 24.7890625
2026-07-06; 21:19:01; 3409; 3735; 36.43; 1001.9535546875; 24.810546875
2026-07-06; 21:20:01; 3438; 3784; 36.38; 1001.8463671875; 24.8662109375
2026-07-06; 21:21:01; 3438; 3784; 36.36; 1001.87125; 24.9111328125
2026-07-06; 21:22:01; 3438; 3784; 36.39; 1001.947578125; 24.8896484375
2026-07-06; 21:23:01; 3438; 3784; 36.29; 1001.9237890625; 25.0810546875
2026-07-06; 21:24:01; 3438; 3784; 36.31; 1001.9064453125; 24.9892578125
2026-07-06; 21:25:01; 3438; 3784; 36.3; 1001.8904296875; 25.0126953125
2026-07-06; 21:26:01; 3409; 3735; 36.26; 1001.8765234375; 25.033203125
2026-07-06; 21:27:01; 3438; 3784; 36.22; 1001.9350390625; 25.1005859375
2026-07-06; 21:28:01; 3438; 3784; 36.22; 1001.9350390625; 25.1123046875
2026-07-06; 21:29:01; 3438; 3784; 36.19; 1001.944765625; 25.1455078125
2026-07-06; 21:30:01; 3438; 3784; 36.18; 1001.9211328125; 25.19140625
2026-07-06; 21:31:01; 3438; 3784; 36.13; 1001.935390625; 25.2119140625
2026-07-06; 21:32:01; 3409; 3735; 36.09; 1002.0223046875; 25.2802734375
2026-07-06; 21:33:01; 3438; 3784; 36.02; 1001.9039453125; 25.357421875
2026-07-06; 21:34:01; 3438; 3784; 36.03; 1001.948125; 25.3701171875
2026-07-06; 21:35:01; 3438; 3784; 35.98; 1001.848828125; 25.37890625
2026-07-06; 21:36:01; 3438; 3784; 35.99; 1001.9990234375; 25.4248046875
2026-07-06; 21:37:01; 3438; 3784; 35.94; 1001.956328125; 25.48046875
2026-07-06; 21:38:01; 3409; 3735; 35.95; 1002.0005078125; 25.4580078125
2026-07-06; 21:39:01; 3438; 3784; 35.89; 1001.905390625; 25.5361328125
2026-07-06; 21:40:01; 3438; 3784; 35.87; 1002.0446484375; 25.5576171875
2026-07-06; 21:41:01; 3409; 3735; 35.81; 1002.0146484375; 25.61328125
2026-07-06; 21:42:01; 3438; 3784; 35.82; 1001.9940625; 25.6484375
2026-07-06; 21:43:01; 3438; 3784; 35.8; 1002.0763671875; 25.669921875
2026-07-06; 21:44:01; 3409; 3735; 35.67; 1002.04171875; 25.8251953125
2026-07-06; 21:45:01; 3438; 3784; 35.63; 1002.0149609375; 25.8935546875
2026-07-06; 21:46:01; 3438; 3784; 35.58; 1002.0496875; 25.9013671875
2026-07-06; 21:47:01; 3438; 3784; 35.56; 1002.0829296875; 25.947265625
2026-07-06; 21:48:01; 3438; 3784; 35.58; 1002.057578125; 25.9482421875
2026-07-06; 21:49:01; 3438; 3784; 35.58; 1002.0781640625; 25.9248046875
2026-07-06; 21:50:01; 3438; 3784; 35.53; 1002.0559375; 26.0263671875
2026-07-06; 21:51:01; 3438; 3784; 35.5; 1002.0449609375; 26.013671875
2026-07-06; 21:52:01; 3438; 3784; 35.45; 1002.0717578125; 26.080078125
2026-07-06; 21:53:01; 3438; 3784; 35.44; 1002.112890625; 26.1142578125
2026-07-06; 21:54:01; 3438; 3784; 35.43; 1002.1334375; 26.11328125
2026-07-06; 21:55:02; 3438; 3784; 35.43; 1002.125546875; 26.11328125
2026-07-06; 21:56:02; 3438; 3784; 35.35; 1002.0636328125; 26.283203125
2026-07-06; 21:57:02; 3438; 3784; 35.29; 1002.1962109375; 26.314453125
2026-07-06; 21:58:02; 3438; 3784; 35.3; 1002.1266796875; 26.2802734375
2026-07-06; 21:59:02; 3438; 3784; 35.28; 1002.18046875; 26.3369140625
2026-07-06; 22:00:02; 3438; 3784; 35.28; 1002.103046875; 26.326171875
2026-07-06; 22:01:02; 3438; 3784; 35.26; 1002.0917578125; 26.37109375
2026-07-06; 22:02:02; 3438; 3784; 35.2; 1002.195859375; 26.4482421875
2026-07-06; 22:03:02; 3438; 3784; 35.19; 1002.21640625; 26.4951171875
2026-07-06; 22:04:02; 3438; 3784; 35.17; 1002.1769921875; 26.5390625
2026-07-06; 22:05:02; 3438; 3784; 35.14; 1002.1376171875; 26.5615234375
2026-07-06; 22:06:02; 3438; 3784; 35.12; 1002.1547265625; 26.560546875
2026-07-06; 22:07:02; 3438; 3784; 35.09; 1002.1231640625; 26.6396484375
2026-07-06; 22:08:02; 3438; 3784; 35.09; 1002.1231640625; 26.59375
2026-07-06; 22:09:02; 3438; 3784; 35.07; 1002.16875; 26.6728515625
2026-07-06; 22:10:02; 3438; 3784; 35.02; 1002.2398828125; 26.728515625
2026-07-06; 22:11:02; 3438; 3784; 35.04; 1002.20671875; 26.6015625
2026-07-06; 22:12:02; 3438; 3784; 35.0; 1002.2651953125; 26.7734375
2026-07-06; 22:13:02; 3464; 3841; 35.01; 1002.2446484375; 26.7158203125
2026-07-06; 22:14:02; 3464; 3841; 34.96; 1002.2870703125; 26.724609375
2026-07-06; 22:15:02; 3438; 3784; 34.93; 1002.2599609375; 26.8505859375
2026-07-06; 22:16:02; 3464; 3841; 34.9; 1002.2691796875; 26.8828125
2026-07-06; 22:17:02; 3464; 3841; 34.84; 1002.2673828125; 26.99609375
2026-07-06; 22:18:02; 3464; 3841; 34.87; 1002.2502734375; 26.8466796875
2026-07-06; 22:19:02; 3464; 3841; 34.89; 1002.2897265625; 26.90625
2026-07-06; 22:20:02; 3464; 3841; 34.88; 1002.2660546875; 26.9052734375
2026-07-06; 22:21:02; 3464; 3841; 34.81; 1002.2768359375; 26.994140625
2026-07-06; 22:22:02; 3464; 3841; 34.81; 1002.256328125; 27.017578125
2026-07-06; 22:23:02; 3438; 3784; 34.78; 1002.1440234375; 27.0849609375
2026-07-06; 22:24:02; 3464; 3841; 34.8; 1002.268984375; 27.0283203125
2026-07-06; 22:25:02; 3464; 3841; 34.75; 1002.2466015625; 27.1064453125
2026-07-06; 22:26:02; 3464; 3841; 34.76; 1002.282890625; 26.9794921875
2026-07-06; 22:27:02; 3438; 3784; 34.71; 1002.2684375; 27.115234375
2026-07-06; 22:28:02; 3438; 3784; 34.68; 1002.2132421875; 27.18359375
2026-07-06; 22:29:02; 3464; 3841; 34.68; 1002.192734375; 27.2060546875
2026-07-06; 22:30:02; 3464; 3841; 34.68; 1002.22109375; 27.2177734375
2026-07-06; 22:31:02; 3464; 3841; 34.66; 1002.2665625; 27.2392578125
2026-07-06; 22:32:02; 3464; 3841; 34.66; 1002.274765625; 27.1474609375
2026-07-06; 22:33:02; 3438; 3784; 34.68; 1002.2779296875; 27.18359375
2026-07-06; 22:34:02; 3464; 3841; 34.62; 1002.18296875; 27.1796875
2026-07-06; 22:35:02; 3464; 3841; 34.63; 1002.2760546875; 27.2607421875
2026-07-06; 22:36:02; 3438; 3784; 34.59; 1002.192421875; 27.328125
2026-07-06; 22:37:02; 3464; 3841; 34.55; 1002.3073046875; 27.4306640625
2026-07-06; 22:38:03; 3464; 3841; 34.56; 1002.286796875; 27.361328125
2026-07-06; 22:39:03; 3438; 3784; 34.55; 1002.2426171875; 27.3603515625
2026-07-06; 22:40:03; 3464; 3841; 34.51; 1002.2723046875; 27.451171875
2026-07-06; 22:41:03; 3464; 3841; 34.51; 1002.2155078125; 27.3818359375
2026-07-06; 22:42:03; 3464; 3841; 34.45; 1002.404765625; 27.5517578125
2026-07-06; 22:43:03; 3464; 3841; 34.47; 1002.4000390625; 27.4716796875
2026-07-06; 22:44:03; 3464; 3841; 34.41; 1002.4183203125; 27.560546875
2026-07-06; 22:45:03; 3464; 3841; 34.43; 1002.4012890625; 27.50390625
2026-07-06; 22:46:03; 3464; 3841; 34.43; 1002.4501953125; 27.52734375
2026-07-06; 22:47:03; 3464; 3841; 34.42; 1002.406015625; 27.5146484375
2026-07-06; 22:48:03; 3464; 3841; 34.39; 1002.423046875; 27.5830078125
2026-07-06; 22:49:03; 3464; 3841; 34.39; 1002.5003125; 27.5361328125
2026-07-06; 22:50:03; 3438; 3784; 34.35; 1002.4163671875; 27.6611328125
2026-07-06; 22:51:03; 3464; 3841; 34.34; 1002.392734375; 27.6484375
2026-07-06; 22:52:03; 3438; 3784; 34.34; 1002.42109375; 27.70703125
2026-07-06; 22:53:03; 3464; 3841; 34.31; 1002.486953125; 27.7275390625
2026-07-06; 22:54:03; 3438; 3784; 34.28; 1002.419140625; 27.7724609375
2026-07-06; 22:55:03; 3464; 3841; 34.31; 1002.4301953125; 27.646484375
2026-07-06; 22:56:03; 3438; 3784; 34.25; 1002.4364453125; 27.875
2026-07-06; 22:57:03; 3438; 3784; 34.25; 1002.46484375; 27.771484375
2026-07-06; 22:58:03; 3464; 3841; 34.24; 1002.440859375; 27.8388671875
2026-07-06; 22:59:03; 3438; 3784; 34.25; 1002.4285546875; 27.736328125
2026-07-06; 23:00:03; 3464; 3841; 34.23; 1002.4897265625; 27.7470703125
2026-07-06; 23:01:03; 3438; 3784; 34.2; 1002.4344921875; 27.89453125
2026-07-06; 23:02:03; 3438; 3784; 34.19; 1002.4549609375; 27.89453125
2026-07-06; 23:03:03; 3438; 3784; 34.16; 1002.4640234375; 27.904296875
2026-07-06; 23:04:03; 3464; 3841; 34.19; 1002.503828125; 27.87109375
2026-07-06; 23:05:03; 3464; 3841; 34.18; 1002.4675390625; 27.859375
2026-07-06; 23:06:03; 3438; 3784; 34.16; 1002.5129296875; 27.916015625
2026-07-06; 23:07:03; 3438; 3784; 34.14; 1002.4324609375; 27.9951171875
2026-07-06; 23:08:03; 3464; 3841; 34.09; 1002.46671875; 28.0732421875
2026-07-06; 23:09:03; 3438; 3784; 34.07; 1002.4635546875; 27.9560546875
2026-07-06; 23:10:03; 3464; 3841; 34.04; 1002.4729296875; 28.140625
2026-07-06; 23:11:03; 3464; 3841; 34.09; 1002.438359375; 28.00390625
2026-07-06; 23:12:03; 3464; 3841; 34.06; 1002.4114453125; 28.1064453125
2026-07-06; 23:13:03; 3464; 3841; 34.04; 1002.35125; 28.1044921875
2026-07-06; 23:14:03; 3438; 3784; 34.06; 1002.383125; 28.0595703125
2026-07-06; 23:15:03; 3438; 3784; 34.03; 1002.456796875; 28.1162109375
2026-07-06; 23:16:03; 3464; 3841; 34.02; 1002.3275390625; 28.1611328125
2026-07-06; 23:17:03; 3438; 3784; 34.01; 1002.404765625; 28.138671875
2026-07-06; 23:18:03; 3438; 3784; 33.98; 1002.3211328125; 28.1474609375
2026-07-06; 23:19:03; 3438; 3784; 33.93; 1002.3065234375; 28.283203125
2026-07-06; 23:20:03; 3464; 3841; 33.92; 1002.3112109375; 28.248046875
2026-07-06; 23:21:04; 3438; 3784; 33.93; 1002.412109375; 28.2021484375
2026-07-06; 23:22:04; 3464; 3841; 33.92; 1002.3962890625; 28.2705078125
2026-07-06; 23:23:04; 3438; 3784; 33.93; 1002.334921875; 28.1796875
2026-07-06; 23:24:04; 3464; 3841; 33.88; 1002.3608984375; 28.19921875
2026-07-06; 23:25:04; 3438; 3784; 33.88; 1002.3608984375; 28.373046875
2026-07-06; 23:26:04; 3464; 3841; 33.88; 1002.3325390625; 28.337890625
2026-07-06; 23:27:04; 3464; 3841; 33.86; 1002.3372265625; 28.3369140625
2026-07-06; 23:28:04; 3464; 3841; 33.83; 1002.338359375; 28.380859375
2026-07-06; 23:29:04; 3464; 3841; 33.85; 1002.4065625; 28.4052734375
2026-07-07; 02:24:26; 400; 0; 32.22; 1001.96625; 30.779296875
2026-07-07; 02:25:26; 400; 0; 32.22; 1001.9583203125; 30.779296875
2026-07-07; 02:26:26; 400; 0; 32.26; 1001.99359375; 30.7236328125
2026-07-07; 02:27:26; 400; 0; 32.26; 1001.944921875; 30.6787109375
2026-07-07; 02:28:26; 402; 0; 32.29; 1001.9278515625; 30.611328125
2026-07-07; 02:29:26; 403; 0; 32.27; 1001.9324609375; 30.6669921875
2026-07-07; 02:30:26; 405; 0; 32.32; 1001.8986328125; 30.5439453125
2026-07-07; 02:31:26; 400; 0; 32.29; 1001.84296875; 30.623046875
2026-07-07; 02:32:26; 426; 3; 32.29; 1001.8995703125; 30.611328125
2026-07-07; 02:33:26; 426; 3; 32.29; 1001.87125; 30.6455078125
2026-07-07; 02:34:26; 420; 3; 32.28; 1001.7988671875; 30.64453125
2026-07-07; 02:35:26; 415; 2; 32.28; 1001.8350390625; 30.564453125
2026-07-07; 02:36:26; 415; 2; 32.3; 1001.8021875; 30.5537109375
2026-07-07; 02:37:26; 415; 2; 32.29; 1001.87125; 30.5654296875
2026-07-07; 02:38:26; 415; 2; 32.3; 1001.8305078125; 30.6455078125
2026-07-07; 02:39:26; 413; 1; 32.3; 1001.8305078125; 30.5771484375
2026-07-07; 02:40:26; 413; 1; 32.3; 1001.8101171875; 30.5205078125
2026-07-07; 02:41:26; 413; 1; 32.28; 1001.8350390625; 30.599609375
2026-07-07; 02:42:26; 408; 1; 32.27; 1001.70609375; 30.5751953125
2026-07-07; 02:43:26; 408; 1; 32.3; 1001.753515625; 30.6005859375
2026-07-07; 02:44:26; 408; 1; 32.32; 1001.8055078125; 30.498046875
2026-07-07; 02:45:26; 405; 0; 32.29; 1001.7376953125; 30.5537109375
2026-07-07; 02:46:26; 406; 0; 32.28; 1001.713984375; 30.541015625
2026-07-07; 02:47:26; 400; 0; 32.27; 1001.726484375; 30.59765625
2026-07-07; 02:48:26; 406; 0; 32.28; 1001.806796875; 30.5419921875
2026-07-07; 02:49:26; 400; 0; 32.28; 1001.7705859375; 30.529296875
2026-07-07; 02:50:26; 400; 0; 32.23; 1001.755703125; 30.67578125
2026-07-07; 02:51:26; 403; 0; 32.24; 1001.7715234375; 30.666015625
2026-07-07; 02:52:26; 403; 0; 32.28; 1001.721875; 30.5185546875
2026-07-07; 02:53:26; 405; 0; 32.29; 1001.701484375; 30.611328125
2026-07-07; 02:54:26; 405; 0; 32.27; 1001.70609375; 30.517578125
2026-07-07; 02:55:26; 400; 0; 32.29; 1001.616640625; 30.5537109375
2026-07-07; 02:56:26; 400; 0; 32.27; 1001.621171875; 30.5517578125
2026-07-07; 02:57:26; 400; 0; 32.24; 1001.6300390625; 30.5849609375
2026-07-07; 02:58:26; 400; 0; 32.26; 1001.5691796875; 30.57421875
2026-07-07; 02:59:26; 400; 0; 32.25; 1001.589296875; 30.6201171875
2026-07-07; 03:00:27; 402; 0; 32.27; 1001.6777734375; 30.5634765625
2026-07-07; 03:01:27; 402; 0; 32.24; 1001.65046875; 30.607421875
2026-07-07; 03:02:27; 400; 0; 32.26; 1001.6619921875; 30.5751953125
2026-07-07; 03:03:27; 402; 0; 32.27; 1001.6416015625; 30.541015625
2026-07-07; 03:04:27; 402; 0; 32.25; 1001.617578125; 30.5849609375
2026-07-07; 03:05:27; 402; 0; 32.25; 1001.66625; 30.57421875
2026-07-07; 03:06:27; 400; 0; 32.25; 1001.6096484375; 30.57421875
2026-07-07; 03:07:27; 402; 0; 32.25; 1001.6096484375; 30.57421875
2026-07-07; 03:08:27; 400; 0; 32.28; 1001.685703125; 30.552734375
2026-07-07; 03:09:27; 405; 0; 32.26; 1001.5975; 30.505859375
2026-07-07; 03:10:27; 400; 0; 32.24; 1001.5655859375; 30.619140625
2026-07-07; 03:11:27; 400; 0; 32.22; 1001.5339453125; 30.640625
2026-07-07; 03:12:27; 403; 0; 32.25; 1001.5044140625; 30.55078125
2026-07-07; 03:13:27; 408; 1; 32.28; 1001.6087109375; 30.5302734375
2026-07-07; 03:14:27; 403; 0; 32.27; 1001.55671875; 30.5517578125
2026-07-07; 03:15:27; 400; 0; 32.25; 1001.496484375; 30.57421875
2026-07-07; 03:16:27; 403; 0; 32.26; 1001.5126171875; 30.5517578125
2026-07-07; 03:17:27; 400; 0; 32.23; 1001.529375; 30.607421875
2026-07-07; 03:18:27; 405; 0; 32.23; 1001.521484375; 30.5830078125
2026-07-07; 03:19:27; 405; 0; 32.24; 1001.5451953125; 30.5625
2026-07-07; 03:20:27; 405; 0; 32.24; 1001.4523828125; 30.5390625
2026-07-07; 03:21:27; 400; 0; 32.26; 1001.456015625; 30.5400390625
2026-07-07; 03:22:27; 400; 0; 32.22; 1001.4491015625; 30.5947265625
2026-07-07; 03:23:27; 400; 0; 32.22; 1001.4491015625; 30.6064453125
2026-07-07; 03:24:27; 405; 0; 32.22; 1001.4491015625; 30.6298828125
2026-07-07; 03:25:27; 405; 0; 32.2; 1001.425390625; 30.6162109375
2026-07-07; 03:26:27; 405; 0; 32.21; 1001.405; 30.60546875
2026-07-07; 03:27:27; 405; 0; 32.22; 1001.42078125; 30.5830078125
2026-07-07; 03:28:27; 400; 0; 32.23; 1001.3800390625; 30.572265625
2026-07-07; 03:29:27; 400; 0; 32.23; 1001.3800390625; 30.5947265625
2026-07-07; 03:30:27; 405; 0; 32.22; 1001.36421875; 30.560546875
2026-07-07; 03:31:27; 405; 0; 32.2; 1001.3970703125; 30.6396484375
2026-07-07; 03:32:27; 405; 0; 32.21; 1001.412890625; 30.525390625
2026-07-07; 03:33:27; 405; 0; 32.21; 1001.43328125; 30.60546875
2026-07-07; 03:34:27; 405; 0; 32.22; 1001.36421875; 30.5263671875
2026-07-07; 03:35:27; 405; 0; 32.18; 1001.4500390625; 30.615234375
2026-07-07; 03:36:27; 400; 0; 32.22; 1001.4491015625; 30.572265625
2026-07-07; 03:37:27; 400; 0; 32.23; 1001.4366015625; 30.572265625
2026-07-07; 03:38:27; 400; 0; 32.21; 1001.43328125; 30.5595703125
2026-07-07; 03:39:27; 402; 0; 32.22; 1001.36421875; 30.572265625
2026-07-07; 03:40:27; 402; 0; 32.21; 1001.37671875; 30.60546875
2026-07-07; 03:41:27; 402; 0; 32.21; 1001.37671875; 30.6162109375
2026-07-07; 03:42:27; 402; 0; 32.21; 1001.356328125; 30.6171875
2026-07-07; 03:43:28; 400; 0; 32.23; 1001.331328125; 30.5380859375
2026-07-07; 03:44:28; 400; 0; 32.22; 1001.428671875; 30.548828125
2026-07-07; 03:45:28; 400; 0; 32.21; 1001.405; 30.60546875
2026-07-07; 03:46:28; 400; 0; 32.22; 1001.372109375; 30.537109375
2026-07-07; 03:47:28; 400; 0; 32.24; 1001.33921875; 30.5390625
2026-07-07; 03:48:28; 402; 0; 32.2; 1001.3687890625; 30.5244140625
2026-07-07; 03:49:28; 405; 0; 32.19; 1001.3448046875; 30.5810546875
2026-07-07; 03:50:28; 405; 0; 32.2; 1001.3608984375; 30.5478515625
2026-07-07; 03:51:28; 405; 0; 32.17; 1001.369765625; 30.5908203125
2026-07-07; 03:52:28; 405; 0; 32.19; 1001.316484375; 30.5927734375
2026-07-07; 03:53:28; 405; 0; 32.17; 1001.313203125; 30.6142578125
2026-07-07; 03:54:28; 405; 0; 32.19; 1001.2115625; 30.5927734375
2026-07-07; 03:55:28; 400; 0; 32.19; 1001.23984375; 30.58203125
2026-07-07; 03:56:28; 400; 0; 32.2; 1001.28390625; 30.58203125
2026-07-07; 03:57:28; 403; 0; 32.15; 1001.119765625; 30.61328125
2026-07-07; 03:58:28; 403; 0; 32.19; 1001.175078125; 30.5810546875
2026-07-07; 03:59:28; 403; 0; 32.18; 1001.2158203125; 30.6376953125
2026-07-07; 04:00:28; 406; 0; 32.15; 1001.204609375; 30.625
2026-07-07; 04:01:28; 409; 1; 32.14; 1001.217109375; 30.681640625
2026-07-07; 04:02:28; 406; 0; 32.16; 1001.2691015625; 30.63671875
2026-07-07; 04:03:28; 409; 1; 32.17; 1001.2362109375; 30.568359375
2026-07-07; 04:04:28; 406; 0; 32.17; 1001.17171875; 30.6025390625
2026-07-07; 04:05:28; 406; 0; 32.13; 1001.26578125; 30.658203125
2026-07-07; 04:06:28; 409; 1; 32.14; 1001.273671875; 30.6240234375
2026-07-07; 04:07:28; 400; 0; 32.16; 1001.2769921875; 30.6259765625
2026-07-07; 04:08:28; 406; 0; 32.14; 1001.217109375; 30.6474609375
2026-07-07; 04:09:28; 400; 0; 32.17; 1001.2000390625; 30.6142578125
2026-07-07; 04:10:28; 406; 0; 32.15; 1001.19671875; 30.6240234375
2026-07-07; 04:11:28; 406; 0; 32.17; 1001.2283203125; 30.6259765625
2026-07-07; 04:12:28; 409; 1; 32.17; 1001.26453125; 30.5341796875
2026-07-07; 04:13:28; 403; 0; 32.15; 1001.338125; 30.6240234375
2026-07-07; 04:14:28; 403; 0; 32.12; 1001.2499609375; 30.6689453125
2026-07-07; 04:15:28; 409; 1; 32.14; 1001.273671875; 30.578125
2026-07-07; 04:16:28; 400; 0; 32.17; 1001.2848828125; 30.6025390625
2026-07-07; 04:17:28; 400; 0; 32.16; 1001.2691015625; 30.5673828125
2026-07-07; 04:18:28; 400; 0; 32.14; 1001.3019921875; 30.6357421875
2026-07-07; 04:19:28; 400; 0; 32.17; 1001.2362109375; 30.591796875
2026-07-07; 04:20:28; 405; 0; 32.13; 1001.2940625; 30.646484375
2026-07-07; 04:21:28; 405; 0; 32.13; 1001.2940625; 30.658203125
2026-07-07; 04:22:28; 408; 1; 32.13; 1001.26578125; 30.6240234375
2026-07-07; 04:23:28; 405; 0; 32.12; 1001.2499609375; 30.6689453125
2026-07-07; 04:24:28; 405; 0; 32.16; 1001.2691015625; 30.6025390625
2026-07-07; 04:25:28; 405; 0; 32.15; 1001.2894921875; 30.5673828125
2026-07-07; 04:26:29; 405; 0; 32.16; 1001.2769921875; 30.6025390625
2026-07-07; 04:27:29; 405; 0; 32.13; 1001.257890625; 30.623046875
2026-07-07; 04:28:29; 405; 0; 32.15; 1001.2894921875; 30.61328125
2026-07-07; 04:29:29; 403; 0; 32.12; 1001.2499609375; 30.5888671875
2026-07-07; 04:30:29; 408; 1; 32.14; 1001.273671875; 30.58984375
2026-07-07; 04:31:29; 403; 0; 32.14; 1001.245390625; 30.6474609375
2026-07-07; 04:32:29; 403; 0; 32.11; 1001.2338671875; 30.6220703125
2026-07-07; 04:33:29; 403; 0; 32.09; 1001.2022265625; 30.6787109375
2026-07-07; 04:34:29; 403; 0; 32.11; 1001.2621484375; 30.6572265625
2026-07-07; 04:35:29; 403; 0; 32.13; 1001.201328125; 30.5654296875
2026-07-07; 04:36:29; 403; 0; 32.11; 1001.2338671875; 30.6796875
2026-07-07; 04:37:29; 403; 0; 32.12; 1001.2137890625; 30.6220703125
2026-07-07; 04:38:29; 403; 0; 32.13; 1001.1447265625; 30.611328125
2026-07-07; 04:39:29; 403; 0; 32.13; 1001.20921875; 30.6005859375
2026-07-07; 04:40:29; 400; 0; 32.13; 1001.1809375; 30.646484375
2026-07-07; 04:41:29; 403; 0; 32.12; 1001.1855078125; 30.6572265625
2026-07-07; 04:42:29; 403; 0; 32.13; 1001.201328125; 30.6005859375
2026-07-07; 04:43:29; 400; 0; 32.18; 1001.22375; 30.53515625
2026-07-07; 04:44:29; 400; 0; 32.16; 1001.18421875; 30.5556640625
2026-07-07; 04:45:29; 403; 0; 32.14; 1001.1605078125; 30.58984375
2026-07-07; 04:46:29; 400; 0; 32.13; 1001.1730078125; 30.6005859375
2026-07-07; 04:47:29; 406; 0; 32.11; 1001.1128125; 30.6220703125
2026-07-07; 04:48:29; 406; 0; 32.15; 1001.19671875; 30.5673828125
2026-07-07; 04:49:29; 406; 0; 32.14; 1001.132265625; 30.58984375
2026-07-07; 04:50:29; 400; 0; 32.13; 1001.1164453125; 30.5537109375
2026-07-07; 04:51:29; 400; 0; 32.11; 1001.169375; 30.6103515625
2026-07-07; 04:52:29; 400; 0; 32.12; 1001.136796875; 30.5654296875
2026-07-07; 04:53:29; 409; 1; 32.09; 1001.2022265625; 30.65625
2026-07-07; 04:54:29; 409; 1; 32.15; 1001.148046875; 30.509765625
2026-07-07; 04:55:29; 403; 0; 32.13; 1001.1809375; 30.6123046875
2026-07-07; 04:56:29; 403; 0; 32.16; 1001.2487109375; 30.568359375
2026-07-07; 04:57:29; 403; 0; 32.16; 1001.192109375; 30.556640625
2026-07-07; 04:58:29; 403; 0; 32.16; 1001.2408203125; 30.5673828125
2026-07-07; 04:59:29; 403; 0; 32.15; 1001.1684375; 30.6015625
2026-07-07; 05:00:29; 400; 0; 32.14; 1001.188828125; 30.5556640625
2026-07-07; 05:01:29; 403; 0; 32.13; 1001.1809375; 30.5888671875
2026-07-07; 05:02:29; 400; 0; 32.14; 1001.1605078125; 30.6015625
2026-07-07; 05:03:29; 403; 0; 32.18; 1001.2158203125; 30.51171875
2026-07-07; 05:04:29; 403; 0; 32.16; 1001.2204296875; 30.5107421875
2026-07-07; 05:05:29; 400; 0; 32.14; 1001.245390625; 30.5322265625
2026-07-07; 05:06:29; 405; 0; 32.13; 1001.20921875; 30.4970703125
2026-07-07; 05:07:29; 405; 0; 32.13; 1001.124375; 30.56640625
2026-07-07; 05:08:29; 400; 0; 32.12; 1001.0802734375; 30.5078125
2026-07-07; 05:09:30; 405; 0; 32.14; 1001.132265625; 30.5322265625
2026-07-07; 05:10:30; 405; 0; 32.12; 1001.1651171875; 30.53125
2026-07-07; 05:11:30; 400; 0; 32.15; 1001.148046875; 30.498046875
2026-07-07; 05:12:30; 400; 0; 32.13; 1001.1809375; 30.5087890625
2026-07-07; 05:13:30; 402; 0; 32.13; 1001.0960546875; 30.5322265625
2026-07-07; 05:14:30; 407; 1; 32.16; 1001.12765625; 30.4873046875
2026-07-07; 05:15:30; 407; 1; 32.13; 1001.0316015625; 30.54296875
2026-07-07; 05:16:30; 402; 0; 32.14; 1001.1039453125; 30.5439453125
2026-07-07; 05:17:30; 402; 0; 32.15; 1001.119765625; 30.509765625
2026-07-07; 05:18:30; 402; 0; 32.15; 1001.14015625; 30.509765625
2026-07-07; 05:19:30; 402; 0; 32.15; 1001.14015625; 30.5556640625
2026-07-07; 05:20:30; 402; 0; 32.15; 1001.176328125; 30.533203125
2026-07-07; 05:21:30; 402; 0; 32.18; 1001.1875390625; 30.4765625
2026-07-07; 05:22:30; 402; 0; 32.15; 1001.148046875; 30.4873046875
2026-07-07; 05:23:30; 402; 0; 32.12; 1001.2420703125; 30.49609375
2026-07-07; 05:24:30; 406; 0; 32.13; 1001.20921875; 30.54296875
2026-07-07; 05:25:30; 403; 0; 32.15; 1001.19671875; 30.474609375
2026-07-07; 05:26:30; 403; 0; 32.14; 1001.217109375; 30.5205078125
2026-07-07; 05:27:30; 403; 0; 32.13; 1001.257890625; 30.4853515625
2026-07-07; 05:28:30; 403; 0; 32.14; 1001.245390625; 30.498046875
2026-07-07; 05:29:30; 403; 0; 32.15; 1001.2816015625; 30.474609375
2026-07-07; 05:30:30; 403; 0; 32.15; 1001.2329296875; 30.498046875
2026-07-07; 05:31:30; 400; 0; 32.17; 1001.2283203125; 30.4873046875
2026-07-07; 05:32:30; 403; 0; 32.16; 1001.3052734375; 30.4873046875
2026-07-07; 05:33:30; 403; 0; 32.16; 1001.2125390625; 30.4755859375
2026-07-07; 05:34:30; 403; 0; 32.16; 1001.2408203125; 30.4638671875
2026-07-07; 05:35:30; 400; 0; 32.15; 1001.2894921875; 30.4755859375
2026-07-07; 05:36:30; 400; 0; 32.17; 1001.313203125; 30.46484375
2026-07-07; 05:37:30; 403; 0; 32.16; 1001.2769921875; 30.46484375
2026-07-07; 05:38:30; 400; 0; 32.18; 1001.328984375; 30.4306640625
2026-07-07; 05:39:30; 400; 0; 32.15; 1001.25328125; 30.474609375
2026-07-07; 05:40:30; 406; 0; 32.18; 1001.300703125; 30.4306640625
2026-07-07; 05:41:30; 406; 0; 32.17; 1001.26453125; 30.4541015625
2026-07-07; 05:42:30; 409; 1; 32.21; 1001.2918359375; 30.38671875
2026-07-07; 05:43:30; 406; 0; 32.2; 1001.276015625; 30.3291015625
2026-07-07; 05:44:30; 406; 0; 32.21; 1001.3280078125; 30.3642578125
2026-07-07; 05:45:30; 406; 0; 32.18; 1001.300703125; 30.4072265625
2026-07-07; 05:46:30; 400; 0; 32.17; 1001.26453125; 30.4072265625
2026-07-07; 05:47:30; 400; 0; 32.17; 1001.2283203125; 30.453125
2026-07-07; 05:48:30; 400; 0; 32.15; 1001.3098828125; 30.4404296875
2026-07-07; 05:49:30; 400; 0; 32.13; 1001.314453125; 30.4501953125
2026-07-07; 05:50:30; 406; 0; 32.18; 1001.2803125; 30.419921875
2026-07-07; 05:51:30; 400; 0; 32.16; 1001.2487109375; 30.46484375
2026-07-07; 05:52:31; 400; 0; 32.19; 1001.288203125; 30.431640625
2026-07-07; 05:53:31; 400; 0; 32.17; 1001.313203125; 30.4296875
2026-07-07; 05:54:31; 403; 0; 32.19; 1001.3247265625; 30.3857421875
2026-07-07; 05:55:31; 403; 0; 32.21; 1001.3280078125; 30.330078125
2026-07-07; 05:56:31; 403; 0; 32.19; 1001.3448046875; 30.328125
2026-07-07; 05:57:31; 403; 0; 32.19; 1001.3247265625; 30.33984375
2026-07-07; 05:58:31; 409; 1; 32.17; 1001.37765625; 30.4072265625
2026-07-07; 05:59:31; 403; 0; 32.18; 1001.30859375; 30.419921875
2026-07-07; 06:00:31; 403; 0; 32.21; 1001.405; 30.36328125
2026-07-07; 06:01:31; 403; 0; 32.2; 1001.3043359375; 30.375
2026-07-07; 06:02:31; 403; 0; 32.2; 1001.3891796875; 30.375
2026-07-07; 06:03:31; 403; 0; 32.19; 1001.3448046875; 30.3857421875
2026-07-07; 06:04:31; 400; 0; 32.2; 1001.255625; 30.3984375
2026-07-07; 06:05:31; 400; 0; 32.19; 1001.3247265625; 30.36328125
2026-07-07; 06:06:31; 400; 0; 32.21; 1001.3280078125; 30.3642578125
2026-07-07; 06:07:31; 403; 0; 32.25; 1001.39125; 30.2744140625
2026-07-07; 06:08:31; 400; 0; 32.2; 1001.3891796875; 30.36328125
2026-07-07; 06:09:31; 400; 0; 32.22; 1001.3925; 30.330078125
2026-07-07; 06:10:31; 403; 0; 32.22; 1001.428671875; 30.318359375
2026-07-07; 06:11:31; 403; 0; 32.23; 1001.35171875; 30.3076171875
2026-07-07; 06:12:31; 403; 0; 32.27; 1001.33828125; 30.2294921875
2026-07-07; 06:13:31; 403; 0; 32.27; 1001.3948828125; 30.21875
2026-07-07; 06:14:31; 403; 0; 32.28; 1001.3823828125; 30.2314453125
2026-07-07; 06:15:31; 403; 0; 32.28; 1001.4672265625; 30.1962890625
2026-07-07; 06:16:31; 400; 0; 32.25; 1001.4478515625; 30.240234375
2026-07-07; 06:17:31; 400; 0; 32.26; 1001.456015625; 30.2177734375
2026-07-07; 06:18:31; 400; 0; 32.27; 1001.415234375; 30.20703125
2026-07-07; 06:19:31; 405; 0; 32.28; 1001.4876171875; 30.1845703125
2026-07-07; 06:20:31; 408; 1; 32.3; 1001.51921875; 30.1396484375
2026-07-07; 06:21:31; 405; 0; 32.34; 1001.4416015625; 30.015625
2026-07-07; 06:22:31; 400; 0; 32.36; 1001.501484375; 30.0283203125
2026-07-07; 06:23:31; 400; 0; 32.37; 1001.46859375; 29.9609375
2026-07-07; 06:24:31; 400; 0; 32.34; 1001.526484375; 30.02734375
2026-07-07; 06:25:31; 400; 0; 32.35; 1001.4087109375; 30.017578125
2026-07-07; 06:26:31; 405; 0; 32.41; 1001.43140625; 29.939453125
2026-07-07; 06:27:31; 405; 0; 32.39; 1001.44390625; 29.9501953125
2026-07-07; 06:28:31; 405; 0; 32.39; 1001.463984375; 30.0185546875
2026-07-07; 06:29:31; 409; 1; 32.43; 1001.442578125; 29.9189453125
2026-07-07; 06:30:31; 405; 0; 32.43; 1001.40640625; 29.9521484375
2026-07-07; 06:31:31; 405; 0; 32.45; 1001.4380078125; 29.873046875
2026-07-07; 06:32:31; 409; 1; 32.45; 1001.5025; 29.8623046875
2026-07-07; 06:33:31; 409; 1; 32.46; 1001.482109375; 29.931640625
2026-07-07; 06:34:32; 409; 1; 32.46; 1001.4537890625; 29.908203125
2026-07-07; 06:35:32; 409; 1; 32.48; 1001.40078125; 29.8984375
2026-07-07; 06:36:32; 409; 1; 32.51; 1001.3994921875; 29.80859375
2026-07-07; 06:37:32; 405; 0; 32.51; 1001.4844140625; 29.8193359375
2026-07-07; 06:38:32; 409; 1; 32.54; 1001.439296875; 29.798828125
2026-07-07; 06:39:32; 409; 1; 32.55; 1001.4630078125; 29.7646484375
2026-07-07; 06:40:32; 409; 1; 32.57; 1001.430078125; 29.7431640625
2026-07-07; 06:41:32; 409; 1; 32.56; 1001.4221875; 29.7314453125
2026-07-07; 06:42:32; 405; 0; 32.61; 1001.44484375; 29.6767578125
2026-07-07; 06:43:32; 409; 1; 32.62; 1001.4889453125; 29.630859375
2026-07-07; 06:44:32; 409; 1; 32.63; 1001.4119140625; 29.6435546875
2026-07-07; 06:45:32; 409; 1; 32.65; 1001.443515625; 29.6328125
2026-07-07; 06:46:32; 409; 1; 32.64; 1001.456015625; 29.62109375
2026-07-07; 06:47:32; 409; 1; 32.66; 1001.4672265625; 29.576171875
2026-07-07; 06:48:32; 409; 1; 32.69; 1001.450390625; 29.5546875
2026-07-07; 06:49:32; 409; 1; 32.69; 1001.450390625; 29.54296875
2026-07-07; 06:50:32; 413; 1; 32.71; 1001.4740625; 29.521484375
2026-07-07; 06:51:32; 409; 1; 32.73; 1001.4490625; 29.4765625
2026-07-07; 06:52:32; 409; 1; 32.74; 1001.473046875; 29.4775390625
2026-07-07; 06:53:32; 409; 1; 32.75; 1001.4526171875; 29.443359375
2026-07-07; 06:54:32; 409; 1; 32.72; 1001.4616015625; 29.4990234375
2026-07-07; 06:55:32; 409; 1; 32.73; 1001.4286328125; 29.4658203125
2026-07-07; 06:56:32; 409; 1; 32.72; 1001.4898828125; 29.4990234375
2026-07-07; 06:57:32; 409; 1; 32.74; 1001.5501171875; 29.4658203125
2026-07-07; 06:58:32; 409; 1; 32.73; 1001.541875; 29.4423828125
2026-07-07; 06:59:32; 409; 1; 32.76; 1001.4684375; 29.41015625
2026-07-07; 07:00:32; 409; 1; 32.79; 1001.5158203125; 29.388671875
2026-07-07; 07:01:32; 409; 1; 32.8; 1001.5394921875; 29.3671875
2026-07-07; 07:02:32; 409; 1; 32.8; 1001.5033203125; 29.3662109375
2026-07-07; 07:03:32; 409; 1; 32.81; 1001.4706640625; 29.33203125
2026-07-07; 07:04:32; 413; 1; 32.86; 1001.49328125; 29.2666015625
2026-07-07; 07:05:32; 409; 1; 32.86; 1001.549921875; 29.2666015625
2026-07-07; 07:06:32; 409; 1; 32.9; 1001.5001171875; 29.2001953125
2026-07-07; 07:07:32; 409; 1; 32.89; 1001.47640625; 29.22265625
2026-07-07; 07:08:32; 409; 1; 32.91; 1001.54421875; 29.201171875
2026-07-07; 07:09:32; 409; 1; 32.95; 1001.51484375; 29.1220703125
2026-07-07; 07:10:32; 409; 1; 32.99; 1001.5134765625; 29.06640625
2026-07-07; 07:11:32; 413; 1; 32.98; 1001.526015625; 29.078125
2026-07-07; 07:12:32; 409; 1; 32.99; 1001.5780078125; 29.0791015625
2026-07-07; 07:13:32; 409; 1; 32.98; 1001.562265625; 29.08984375
2026-07-07; 07:14:32; 409; 1; 33.01; 1001.5532421875; 29.0107421875
2026-07-07; 07:15:32; 409; 1; 33.09; 1001.594921875; 28.912109375
2026-07-07; 07:16:32; 413; 1; 33.06; 1001.547265625; 28.9794921875
2026-07-07; 07:17:33; 413; 1; 33.08; 1001.5142578125; 28.9228515625
2026-07-07; 07:18:33; 409; 1; 33.12; 1001.4644140625; 28.8671875
2026-07-07; 07:19:33; 409; 1; 33.14; 1001.475546875; 28.845703125
2026-07-07; 07:20:33; 413; 1; 33.17; 1001.4665234375; 28.791015625
2026-07-07; 07:21:33; 409; 1; 33.21; 1001.4163671875; 28.7470703125
2026-07-07; 07:22:33; 413; 1; 33.23; 1001.432421875; 28.712890625
2026-07-07; 07:23:33; 409; 1; 33.25; 1001.463984375; 28.7021484375
2026-07-07; 07:24:33; 413; 1; 33.3; 1001.4015625; 28.625
2026-07-07; 07:25:33; 413; 1; 33.31; 1001.4535546875; 28.5908203125
2026-07-07; 07:26:33; 413; 1; 33.33; 1001.4284375; 28.53515625
2026-07-07; 07:27:33; 413; 1; 33.4; 1001.4749609375; 28.4462890625
2026-07-07; 07:28:33; 413; 1; 33.47; 1001.5290625; 28.3701171875
2026-07-07; 07:29:33; 413; 1; 33.5; 1001.427109375; 28.3369140625
2026-07-07; 07:30:33; 413; 1; 33.5; 1001.45546875; 28.314453125
2026-07-07; 07:31:33; 413; 1; 33.49; 1001.5323046875; 28.3017578125
2026-07-07; 07:32:33; 409; 1; 33.54; 1001.5831640625; 28.236328125
2026-07-07; 07:33:33; 413; 1; 33.56; 1001.5583203125; 28.2138671875
2026-07-07; 07:34:33; 413; 1; 33.59; 1001.520625; 28.146484375
2026-07-07; 07:35:33; 409; 1; 33.65; 1001.530546875; 28.0693359375
2026-07-07; 07:36:33; 409; 1; 33.66; 1001.5384765625; 28.05859375
2026-07-07; 07:37:33; 409; 1; 33.67; 1001.5258984375; 28.0595703125
2026-07-07; 07:38:33; 413; 1; 33.67; 1001.505390625; 28.0361328125
2026-07-07; 07:39:33; 409; 1; 33.74; 1001.502734375; 27.9599609375
2026-07-07; 07:40:33; 409; 1; 33.66; 1001.546328125; 28.0478515625
2026-07-07; 07:41:33; 409; 1; 33.74; 1001.559453125; 27.9482421875
2026-07-07; 07:42:33; 413; 1; 33.78; 1001.57875; 27.892578125
2026-07-07; 07:43:33; 409; 1; 33.86; 1001.535078125; 27.7822265625
2026-07-07; 07:44:33; 413; 1; 33.93; 1001.53265625; 27.669921875
2026-07-07; 07:45:33; 416; 2; 34.01; 1001.4684375; 27.560546875
2026-07-07; 07:46:33; 416; 2; 34.11; 1001.4972265625; 27.4267578125
2026-07-07; 07:47:33; 416; 2; 34.25; 1001.57703125; 27.2734375
2026-07-07; 07:48:33; 416; 2; 34.27; 1001.531328125; 27.228515625
2026-07-07; 07:49:33; 416; 2; 34.38; 1001.5268359375; 27.0732421875
2026-07-07; 07:50:33; 416; 2; 34.5; 1001.4535546875; 26.89453125
2026-07-07; 07:51:33; 422; 3; 34.6; 1001.4982421875; 26.75
2026-07-07; 07:52:33; 422; 3; 34.69; 1001.4983984375; 26.6513671875
2026-07-07; 07:53:33; 422; 3; 34.82; 1001.525546875; 26.484375
2026-07-07; 07:54:33; 416; 2; 34.91; 1001.5259765625; 26.3623046875
2026-07-07; 07:55:33; 422; 3; 34.88; 1001.5351953125; 26.373046875
2026-07-07; 07:56:33; 416; 2; 34.92; 1001.5054296875; 26.328125
2026-07-07; 07:57:33; 413; 1; 34.89; 1001.5146875; 26.373046875
2026-07-07; 07:58:33; 413; 1; 34.9; 1001.5304296875; 26.3271484375
2026-07-07; 07:59:33; 413; 1; 34.9; 1001.4530859375; 26.3388671875
2026-07-07; 08:00:34; 413; 1; 34.91; 1001.5462109375; 26.3740234375
2026-07-07; 08:01:34; 413; 1; 34.92; 1001.5906640625; 26.33984375
2026-07-07; 08:02:34; 413; 1; 34.88; 1001.4783984375; 26.361328125
2026-07-07; 08:03:34; 413; 1; 34.91; 1001.6030078125; 26.3388671875
2026-07-07; 08:04:34; 409; 1; 34.82; 1001.4971875; 26.4619140625
2026-07-07; 08:05:34; 409; 1; 34.86; 1001.531796875; 26.39453125
2026-07-07; 08:06:34; 409; 1; 34.8; 1001.5303515625; 26.4375
2026-07-07; 08:07:34; 409; 1; 34.84; 1001.4434375; 26.4052734375
2026-07-07; 08:08:34; 409; 1; 34.74; 1001.5128125; 26.5498046875
2026-07-07; 08:09:34; 409; 1; 34.78; 1001.5474609375; 26.494140625
2026-07-07; 08:10:34; 409; 1; 34.79; 1001.4780078125; 26.4716796875
2026-07-07; 08:11:34; 405; 0; 34.82; 1001.476640625; 26.4150390625
2026-07-07; 08:12:34; 409; 1; 34.76; 1001.4669921875; 26.4814453125
2026-07-07; 08:13:34; 409; 1; 34.8; 1001.4372265625; 26.4599609375
2026-07-07; 08:14:34; 413; 1; 34.79; 1001.4290625; 26.4482421875
2026-07-07; 08:15:34; 409; 1; 34.84; 1001.5002734375; 26.3818359375
2026-07-07; 08:16:34; 409; 1; 34.93; 1001.4075390625; 26.271484375
2026-07-07; 08:17:34; 409; 1; 34.99; 1001.4739453125; 26.181640625
2026-07-07; 08:18:34; 409; 1; 35.05; 1001.42671875; 26.0927734375
2026-07-07; 08:19:34; 409; 1; 35.03; 1001.3951953125; 26.1376953125
2026-07-07; 08:20:34; 409; 1; 34.89; 1001.429453125; 26.2919921875
2026-07-07; 08:21:34; 409; 1; 34.85; 1001.345546875; 26.3359375
2026-07-07; 08:22:34; 409; 1; 34.88; 1001.4215625; 26.302734375
2026-07-07; 08:23:34; 409; 1; 34.84; 1001.415078125; 26.4052734375
2026-07-07; 08:24:34; 405; 0; 34.86; 1001.27609375; 26.3603515625
2026-07-07; 08:25:34; 405; 0; 34.95; 1001.33359375; 26.2138671875
2026-07-07; 08:26:34; 400; 0; 34.85; 1001.402421875; 26.32421875
2026-07-07; 08:27:34; 409; 1; 34.89; 1001.40890625; 26.302734375
2026-07-07; 08:28:34; 405; 0; 34.93; 1001.4154296875; 26.224609375
2026-07-07; 08:29:34; 400; 0; 34.89; 1001.429453125; 26.302734375
2026-07-07; 08:30:34; 405; 0; 34.91; 1001.5462109375; 26.28125
2026-07-07; 08:31:34; 405; 0; 34.87; 1001.4910546875; 26.3017578125
2026-07-07; 08:32:34; 400; 0; 34.85; 1001.5365625; 26.3583984375
2026-07-07; 08:33:34; 405; 0; 34.86; 1001.495546875; 26.359375
2026-07-07; 08:34:34; 400; 0; 34.9; 1001.445234375; 26.2802734375
2026-07-07; 08:35:34; 405; 0; 34.97; 1001.5561328125; 26.1806640625
2026-07-07; 08:36:34; 405; 0; 34.95; 1001.5530078125; 26.2021484375
2026-07-07; 08:37:34; 400; 0; 34.99; 1001.4534375; 26.158203125
2026-07-07; 08:38:34; 405; 0; 34.95; 1001.4756640625; 26.2021484375
2026-07-07; 08:39:34; 405; 0; 34.91; 1001.489375; 26.234375
2026-07-07; 08:40:34; 405; 0; 34.94; 1001.4598828125; 26.2138671875
2026-07-07; 08:41:34; 400; 0; 34.96; 1001.4345703125; 26.1796875
2026-07-07; 08:42:34; 405; 0; 34.95; 1001.4756640625; 26.2021484375
2026-07-07; 08:43:35; 400; 0; 35.0; 1001.4410546875; 26.1474609375
2026-07-07; 08:44:35; 400; 0; 35.03; 1001.488359375; 26.056640625
2026-07-07; 08:45:35; 405; 0; 34.92; 1001.5054296875; 26.2001953125
2026-07-07; 08:46:35; 409; 1; 34.88; 1001.4499609375; 26.2919921875
2026-07-07; 08:47:35; 405; 0; 34.93; 1001.6064453125; 26.248046875
2026-07-07; 08:48:35; 409; 1; 34.95; 1001.6461328125; 26.2021484375
2026-07-07; 08:49:35; 409; 1; 34.95; 1001.589296875; 26.1796875
2026-07-07; 08:50:35; 405; 0; 34.99; 1001.6160546875; 26.146484375
2026-07-07; 08:51:35; 405; 0; 35.0; 1001.5465625; 26.1123046875
2026-07-07; 08:52:35; 405; 0; 35.05; 1001.6051171875; 26.0341796875
2026-07-07; 08:53:35; 405; 0; 35.08; 1001.58796875; 26.0244140625
2026-07-07; 08:54:35; 409; 1; 35.06; 1001.5355859375; 26.0234375
2026-07-07; 08:55:35; 409; 1; 35.14; 1001.5609375; 25.9462890625
2026-07-07; 08:56:35; 409; 1; 35.21; 1001.566015625; 25.8466796875
2026-07-07; 08:57:35; 409; 1; 35.22; 1001.5817578125; 25.8583984375
2026-07-07; 08:58:35; 409; 1; 35.19; 1001.647890625; 25.8798828125
2026-07-07; 08:59:35; 409; 1; 35.2; 1001.6841796875; 25.8681640625
2026-07-07; 09:00:35; 409; 1; 35.19; 1001.619453125; 25.8798828125
2026-07-07; 09:01:35; 409; 1; 35.23; 1001.646484375; 25.82421875
2026-07-07; 09:02:35; 405; 0; 35.23; 1001.618046875; 25.8125
2026-07-07; 09:03:35; 405; 0; 35.22; 1001.6023046875; 25.8349609375
2026-07-07; 09:04:35; 405; 0; 35.22; 1001.6101953125; 25.8466796875
2026-07-07; 09:05:35; 405; 0; 35.19; 1001.5831640625; 25.8798828125
2026-07-07; 09:06:35; 405; 0; 35.2; 1001.578359375; 25.810546875
2026-07-07; 09:07:35; 405; 0; 35.23; 1001.4837890625; 25.7890625
2026-07-07; 09:08:35; 405; 0; 35.17; 1001.4948046875; 25.84375
2026-07-07; 09:09:35; 405; 0; 35.19; 1001.47734375; 25.845703125
2026-07-07; 09:10:35; 405; 0; 35.28; 1001.477578125; 25.734375
2026-07-07; 09:11:35; 405; 0; 35.4; 1001.4883984375; 25.58984375
2026-07-07; 09:12:35; 405; 0; 35.42; 1001.5126171875; 25.556640625
2026-07-07; 09:13:35; 405; 0; 35.52; 1001.50765625; 25.4111328125
2026-07-07; 09:14:35; 409; 1; 35.62; 1001.551953125; 25.30078125
2026-07-07; 09:15:35; 409; 1; 35.74; 1001.50578125; 25.1796875
2026-07-07; 09:16:35; 405; 0; 35.72; 1001.502734375; 25.1669921875
2026-07-07; 09:17:35; 405; 0; 35.82; 1001.5103125; 25.0908203125
2026-07-07; 09:18:35; 409; 1; 35.91; 1001.4743359375; 24.9560546875
2026-07-07; 09:19:35; 409; 1; 35.91; 1001.5391015625; 24.9326171875
2026-07-07; 09:20:35; 405; 0; 35.91; 1001.4743359375; 24.9091796875
2026-07-07; 09:21:35; 405; 0; 35.93; 1001.5421484375; 24.8876953125
2026-07-07; 09:22:35; 400; 0; 35.94; 1001.4930859375; 24.8876953125
2026-07-07; 09:23:35; 400; 0; 35.94; 1001.4930859375; 24.876953125
2026-07-07; 09:24:35; 405; 0; 35.95; 1001.54515625; 24.853515625
2026-07-07; 09:25:35; 400; 0; 35.93; 1001.5626953125; 24.88671875
2026-07-07; 09:26:36; 402; 0; 35.93; 1001.5705859375; 24.8876953125
2026-07-07; 09:27:36; 402; 0; 35.92; 1001.6117578125; 24.875
2026-07-07; 09:28:36; 402; 0; 35.87; 1001.6256640625; 24.9541015625
2026-07-07; 09:29:36; 400; 0; 35.84; 1001.692265625; 24.9755859375
2026-07-07; 09:30:36; 403; 0; 35.72; 1001.5880859375; 25.1318359375
2026-07-07; 09:31:36; 403; 0; 35.62; 1001.629453125; 25.25390625
2026-07-07; 09:32:36; 403; 0; 35.58; 1001.5945703125; 25.2978515625
2026-07-07; 09:33:36; 400; 0; 35.53; 1001.5518359375; 25.365234375
2026-07-07; 09:34:36; 400; 0; 35.51; 1001.62625; 25.3984375
2026-07-07; 09:35:36; 408; 1; 35.48; 1001.6355859375; 25.443359375
2026-07-07; 09:36:36; 408; 1; 35.42; 1001.6626953125; 25.4873046875
2026-07-07; 09:37:36; 405; 0; 35.46; 1001.583515625; 25.4541015625
2026-07-07; 09:38:36; 408; 1; 35.47; 1001.5139453125; 25.443359375
2026-07-07; 09:39:36; 408; 1; 35.48; 1001.4446875; 25.443359375
2026-07-07; 09:40:36; 408; 1; 35.5; 1001.533046875; 25.421875
2026-07-07; 09:41:36; 408; 1; 35.47; 1001.5992578125; 25.431640625
2026-07-07; 09:42:36; 408; 1; 35.51; 1001.548828125; 25.41015625
2026-07-07; 09:43:36; 405; 0; 35.55; 1001.612109375; 25.3662109375
2026-07-07; 09:44:36; 408; 1; 35.5; 1001.504609375; 25.375
2026-07-07; 09:45:36; 408; 1; 35.47; 1001.5629296875; 25.455078125
2026-07-07; 09:46:36; 408; 1; 35.49; 1001.60265625; 25.4091796875
2026-07-07; 09:47:36; 408; 1; 35.53; 1001.487109375; 25.353515625
2026-07-07; 09:48:36; 410; 1; 35.57; 1001.52984375; 25.3095703125
2026-07-07; 09:49:36; 408; 1; 35.62; 1001.466640625; 25.2421875
2026-07-07; 09:50:36; 408; 1; 35.6; 1001.4838671875; 25.275390625
2026-07-07; 09:51:36; 408; 1; 35.61; 1001.4505859375; 25.23046875
2026-07-07; 09:52:36; 405; 0; 35.66; 1001.48546875; 25.1865234375
2026-07-07; 09:53:36; 405; 0; 35.69; 1001.540859375; 25.1533203125
2026-07-07; 09:54:36; 405; 0; 35.67; 1001.5296484375; 25.1630859375
2026-07-07; 09:55:36; 405; 0; 35.72; 1001.531171875; 25.1201171875
2026-07-07; 09:56:36; 408; 1; 35.77; 1001.5169921875; 25.064453125
2026-07-07; 09:57:36; 408; 1; 35.82; 1001.518203125; 24.986328125
2026-07-07; 09:58:36; 405; 0; 35.86; 1001.5530078125; 24.9306640625
2026-07-07; 09:59:36; 405; 0; 35.91; 1001.5596875; 24.8857421875
2026-07-07; 10:00:36; 405; 0; 35.89; 1001.59234375; 24.8857421875
2026-07-07; 10:01:36; 405; 0; 35.96; 1001.5893359375; 24.7841796875
2026-07-07; 10:02:36; 408; 1; 36.01; 1001.58296875; 24.716796875
2026-07-07; 10:03:36; 408; 1; 36.1; 1001.6316796875; 24.62890625
2026-07-07; 10:04:36; 408; 1; 36.22; 1001.613984375; 24.484375
2026-07-07; 10:05:36; 408; 1; 36.41; 1001.6087890625; 24.2626953125
2026-07-07; 10:06:36; 410; 1; 36.55; 1001.5369140625; 24.1181640625
2026-07-07; 10:07:36; 410; 1; 36.86; 1001.583125; 23.7734375
2026-07-07; 10:08:37; 410; 1; 37.08; 1001.587890625; 23.494140625
2026-07-07; 10:09:37; 415; 2; 37.36; 1001.5368359375; 23.193359375
2026-07-07; 10:10:37; 420; 3; 37.66; 1001.6228515625; 22.857421875
2026-07-07; 10:11:37; 420; 3; 37.86; 1001.5593359375; 22.6337890625
2026-07-07; 10:12:37; 424; 3; 38.1; 1001.5869921875; 22.388671875
2026-07-07; 10:13:37; 420; 3; 38.32; 1001.50515625; 22.095703125
2026-07-07; 10:14:37; 415; 2; 38.37; 1001.5839453125; 22.0283203125
2026-07-07; 10:15:37; 410; 1; 38.42; 1001.462421875; 21.9951171875
2026-07-07; 10:16:37; 410; 1; 38.37; 1001.5189453125; 21.96875
2026-07-07; 10:17:37; 415; 2; 38.31; 1001.5180078125; 22.0126953125
2026-07-07; 10:18:37; 408; 1; 38.3; 1001.5308984375; 22.1064453125
2026-07-07; 10:19:37; 408; 1; 38.31; 1001.5466015625; 21.966796875
2026-07-07; 10:20:37; 400; 0; 38.3; 1001.50234375; 22.0126953125
2026-07-07; 10:21:37; 405; 0; 38.26; 1001.4756640625; 22.0810546875
2026-07-07; 10:22:37; 405; 0; 38.3; 1001.51015625; 22.0595703125
2026-07-07; 10:23:37; 409; 1; 38.26; 1001.524921875; 22.115234375
2026-07-07; 10:24:37; 409; 1; 38.33; 1001.5130078125; 22.048828125
2026-07-07; 10:25:37; 405; 0; 38.42; 1001.491015625; 21.9130859375
2026-07-07; 10:26:37; 409; 1; 38.45; 1001.4733984375; 21.8916015625
2026-07-07; 10:27:37; 409; 1; 38.52; 1001.4978125; 21.8125
2026-07-07; 10:28:37; 409; 1; 38.56; 1001.4462890625; 21.755859375
2026-07-07; 10:29:37; 409; 1; 38.65; 1001.5023828125; 21.6904296875
2026-07-07; 10:30:37; 409; 1; 38.68; 1001.5701953125; 21.65625
2026-07-07; 10:31:37; 413; 1; 38.68; 1001.43515625; 21.6328125
2026-07-07; 10:32:37; 413; 1; 38.73; 1001.4205859375; 21.6357421875
2026-07-07; 10:33:37; 413; 1; 38.81; 1001.4398828125; 21.5810546875
2026-07-07; 10:34:37; 413; 1; 38.85; 1001.4093359375; 21.4658203125
2026-07-07; 10:35:37; 413; 1; 38.87; 1001.412109375; 21.4189453125
2026-07-07; 10:36:37; 413; 1; 38.95; 1001.4156640625; 21.4111328125
2026-07-07; 10:37:37; 413; 1; 38.93; 1001.412890625; 21.36328125
2026-07-07; 10:38:37; 409; 1; 38.92; 1001.405078125; 21.41015625
2026-07-07; 10:39:37; 409; 1; 38.87; 1001.3184765625; 21.4658203125
2026-07-07; 10:40:37; 409; 1; 38.85; 1001.3027734375; 21.4775390625
2026-07-07; 10:41:37; 409; 1; 38.87; 1001.4042578125; 21.4072265625
2026-07-07; 10:42:37; 405; 0; 38.87; 1001.3756640625; 21.4189453125
2026-07-07; 10:43:37; 405; 0; 38.89; 1001.3576953125; 21.478515625
2026-07-07; 10:44:38; 409; 1; 38.92; 1001.405078125; 21.3984375
2026-07-07; 10:45:38; 405; 0; 39.09; 1001.34984375; 21.21875
2026-07-07; 10:46:38; 409; 1; 39.14; 1001.285546875; 21.150390625
2026-07-07; 10:47:38; 409; 1; 39.37; 1001.3326171875; 20.9267578125
2026-07-07; 10:48:38; 413; 1; 39.44; 1001.3697265625; 20.8359375
2026-07-07; 10:49:38; 413; 1; 39.54; 1001.3345703125; 20.7119140625
2026-07-07; 10:50:38; 409; 1; 39.69; 1001.354453125; 20.6005859375
2026-07-07; 10:51:38; 409; 1; 39.71; 1001.279140625; 20.53125
2026-07-07; 10:52:38; 405; 0; 39.73; 1001.367734375; 20.5556640625
2026-07-07; 10:53:38; 405; 0; 39.66; 1001.2863671875; 20.587890625
2026-07-07; 10:54:38; 400; 0; 39.69; 1001.2972265625; 20.5771484375
2026-07-07; 10:55:38; 400; 0; 39.59; 1001.32734375; 20.6669921875
2026-07-07; 10:56:38; 405; 0; 39.58; 1001.3113671875; 20.6787109375
2026-07-07; 10:57:38; 400; 0; 39.52; 1001.35234375; 20.734375
2026-07-07; 10:58:38; 403; 0; 39.53; 1001.3680078125; 20.74609375
2026-07-07; 10:59:38; 400; 0; 39.58; 1001.3972265625; 20.6435546875
2026-07-07; 11:00:38; 400; 0; 39.52; 1001.3315234375; 20.69921875
2026-07-07; 11:01:38; 402; 0; 39.56; 1001.329453125; 20.654296875
2026-07-07; 11:02:38; 400; 0; 39.58; 1001.3321875; 20.6669921875
2026-07-07; 11:03:38; 407; 1; 39.6; 1001.2779296875; 20.6435546875
2026-07-07; 11:04:38; 400; 0; 39.62; 1001.26015625; 20.5751953125
2026-07-07; 11:05:38; 400; 0; 39.55; 1001.2565234375; 20.6416015625
2026-07-07; 11:06:38; 400; 0; 39.5; 1001.2716015625; 20.6865234375
2026-07-07; 11:07:38; 403; 0; 39.51; 1001.2794140625; 20.67578125
2026-07-07; 11:08:38; 405; 0; 39.46; 1001.2865625; 20.7080078125
2026-07-07; 11:09:38; 405; 0; 39.49; 1001.3131640625; 20.6865234375
2026-07-07; 11:10:38; 405; 0; 39.53; 1001.2821484375; 20.734375
2026-07-07; 11:11:38; 408; 1; 39.52; 1001.295078125; 20.6640625
2026-07-07; 11:12:38; 400; 0; 39.49; 1001.3625390625; 20.685546875
2026-07-07; 11:13:38; 403; 0; 39.5; 1001.29234375; 20.6748046875
2026-07-07; 11:14:39; 403; 0; 39.51; 1001.25078125; 20.6875
2026-07-07; 11:15:39; 400; 0; 39.55; 1001.2565234375; 20.6416015625
2026-07-07; 11:16:39; 403; 0; 39.61; 1001.2444921875; 20.5625
2026-07-07; 11:17:39; 405; 0; 39.6; 1001.257421875; 20.5859375
2026-07-07; 11:18:39; 405; 0; 39.66; 1001.2655859375; 20.505859375
2026-07-07; 11:19:39; 405; 0; 39.81; 1001.3426953125; 20.3486328125
2026-07-07; 11:20:39; 400; 0; 39.96; 1001.3126953125; 20.1904296875
2026-07-07; 11:21:39; 408; 1; 40.2; 1001.260078125; 20.0126953125
2026-07-07; 11:22:39; 408; 1; 40.3; 1001.266171875; 19.8876953125
2026-07-07; 11:23:39; 413; 1; 40.54; 1001.26265625; 19.6748046875
2026-07-07; 11:24:39; 408; 1; 40.86; 1001.2983984375; 19.2890625
2026-07-07; 11:25:39; 408; 1; 41.13; 1001.2841796875; 19.076171875
2026-07-07; 11:26:39; 405; 0; 40.98; 1001.265390625; 19.1884765625
2026-07-07; 11:27:39; 405; 0; 40.91; 1001.241640625; 19.220703125
2026-07-07; 11:28:39; 413; 1; 40.9; 1001.1969921875; 19.2197265625
2026-07-07; 11:29:39; 408; 1; 40.9; 1001.16046875; 19.2080078125
2026-07-07; 11:30:39; 405; 0; 40.98; 1001.150625; 19.1650390625
2026-07-07; 11:31:39; 400; 0; 40.78; 1001.1520703125; 19.296875
2026-07-07; 11:32:39; 400; 0; 40.59; 1001.205703125; 19.4892578125
2026-07-07; 11:33:39; 400; 0; 40.58; 1001.15359375; 19.5234375
2026-07-07; 11:34:39; 405; 0; 40.81; 1001.0842578125; 19.310546875
2026-07-07; 11:35:39; 405; 0; 40.93; 1001.1008203125; 19.1865234375
2026-07-07; 11:36:39; 405; 0; 40.8; 1001.1259765625; 19.2392578125
2026-07-07; 11:37:39; 400; 0; 40.89; 1001.116171875; 19.1962890625
2026-07-07; 11:38:39; 400; 0; 40.91; 1001.0408203125; 19.1611328125
2026-07-07; 11:39:39; 400; 0; 40.9; 1001.0535546875; 19.1728515625
2026-07-07; 11:40:39; 403; 0; 40.85; 1001.1106640625; 19.2412109375
2026-07-07; 11:41:39; 403; 0; 40.85; 1001.089765625; 19.1943359375
2026-07-07; 11:42:39; 403; 0; 40.84; 1001.074140625; 19.2412109375
2026-07-07; 11:43:39; 400; 0; 40.79; 1001.04515625; 19.25
2026-07-07; 11:44:40; 400; 0; 40.7; 1001.08390625; 19.3525390625
2026-07-07; 11:45:40; 403; 0; 40.71; 1001.1073828125; 19.294921875
2026-07-07; 11:46:40; 400; 0; 40.74; 1001.031796875; 19.283203125
2026-07-07; 11:47:40; 403; 0; 40.72; 1001.057890625; 19.341796875
2026-07-07; 11:48:40; 403; 0; 40.73; 1001.023984375; 19.3544921875
2026-07-07; 11:49:40; 403; 0; 40.71; 1000.9926953125; 19.330078125
2026-07-07; 11:50:40; 400; 0; 40.66; 1001.0496875; 19.3271484375
2026-07-07; 11:51:40; 403; 0; 40.64; 1001.0470703125; 19.3974609375
2026-07-07; 11:52:40; 400; 0; 40.61; 1000.971171875; 19.396484375
2026-07-07; 11:53:40; 403; 0; 40.64; 1001.0183984375; 19.3974609375
2026-07-07; 11:54:40; 403; 0; 40.69; 1000.8750390625; 19.3408203125
2026-07-07; 11:55:40; 403; 0; 40.73; 1000.909296875; 19.306640625
2026-07-07; 11:56:40; 400; 0; 40.84; 1000.9307421875; 19.2294921875
2026-07-07; 11:57:40; 400; 0; 40.88; 1000.8707421875; 19.21875
2026-07-07; 11:58:40; 400; 0; 41.0; 1000.9158984375; 19.05859375
2026-07-07; 11:59:40; 407; 1; 41.41; 1000.94078125; 18.72265625
2026-07-07; 12:00:40; 411; 1; 41.68; 1000.982890625; 18.4501953125
2026-07-07; 12:01:40; 411; 1; 41.77; 1000.9805078125; 18.32421875
2026-07-07; 12:02:40; 407; 1; 41.64; 1000.927890625; 18.4375
2026-07-07; 12:03:40; 403; 0; 41.56; 1000.909609375; 18.4931640625
2026-07-07; 12:04:40; 405; 0; 41.42; 1000.898984375; 18.640625
2026-07-07; 12:05:40; 405; 0; 41.26; 1000.86453125; 18.775390625
2026-07-07; 12:06:40; 400; 0; 41.18; 1000.7884375; 18.8662109375
2026-07-07; 12:07:40; 402; 0; 41.06; 1000.743984375; 18.9794921875
2026-07-07; 12:08:40; 407; 1; 40.97; 1000.6965625; 19.0458984375
2026-07-07; 12:09:40; 402; 0; 40.98; 1000.748984375; 19.046875
2026-07-07; 12:10:40; 411; 1; 41.04; 1000.806328125; 19.025390625
2026-07-07; 12:11:40; 407; 1; 41.1; 1000.7569921875; 18.9931640625
2026-07-07; 12:12:40; 407; 1; 41.08; 1000.7465625; 18.98046875
2026-07-07; 12:13:40; 402; 0; 41.04; 1000.6837109375; 19.001953125
2026-07-07; 12:14:40; 407; 1; 41.04; 1000.6837109375; 19.013671875
2026-07-07; 12:15:40; 402; 0; 41.02; 1000.6602734375; 19.037109375
2026-07-07; 12:16:40; 407; 1; 41.04; 1000.6628515625; 19.013671875
2026-07-07; 12:17:41; 407; 1; 41.05; 1000.6996484375; 19.013671875
2026-07-07; 12:18:41; 407; 1; 41.1; 1000.72828125; 18.9697265625
2026-07-07; 12:19:41; 407; 1; 41.16; 1000.699765625; 18.900390625
2026-07-07; 12:20:41; 407; 1; 41.16; 1000.67890625; 18.9013671875
2026-07-07; 12:21:41; 407; 1; 41.23; 1000.759921875; 18.857421875
2026-07-07; 12:22:41; 411; 1; 41.34; 1000.6875; 18.791015625
2026-07-07; 12:23:41; 411; 1; 41.41; 1000.6823828125; 18.6875
2026-07-07; 12:24:41; 407; 1; 41.4; 1000.72421875; 18.6630859375
2026-07-07; 12:25:41; 407; 1; 41.4; 1000.752890625; 18.6982421875
2026-07-07; 12:26:41; 407; 1; 41.4; 1000.72421875; 18.6630859375
2026-07-07; 12:27:41; 402; 0; 41.32; 1000.6846484375; 18.75390625
2026-07-07; 12:28:41; 400; 0; 41.3; 1000.6530859375; 18.77734375
2026-07-07; 12:29:41; 407; 1; 41.21; 1000.6138671875; 18.8212890625
2026-07-07; 12:30:41; 402; 0; 41.21; 1000.6060546875; 18.83203125
2026-07-07; 12:31:41; 402; 0; 41.18; 1000.5956640625; 18.8544921875
2026-07-07; 12:32:41; 402; 0; 41.2; 1000.5695703125; 18.85546875
2026-07-07; 12:33:41; 402; 0; 41.16; 1000.4988671875; 18.900390625
2026-07-07; 12:34:41; 402; 0; 41.12; 1000.558984375; 18.9345703125
2026-07-07; 12:35:41; 402; 0; 41.11; 1000.457265625; 18.9580078125
2026-07-07; 12:36:41; 402; 0; 41.07; 1000.50921875; 18.9912109375
2026-07-07; 12:37:41; 402; 0; 41.0; 1000.485546875; 19.03515625
2026-07-07; 12:38:41; 402; 0; 41.0; 1000.4646875; 19.0595703125
2026-07-07; 12:39:41; 402; 0; 40.98; 1000.454296875; 19.08203125
2026-07-07; 12:40:41; 402; 0; 40.99; 1000.4125390625; 19.05859375
2026-07-07; 12:41:41; 402; 0; 41.0; 1000.3708203125; 19.05859375
2026-07-07; 12:42:41; 402; 0; 41.02; 1000.3942578125; 19.0361328125
2026-07-07; 12:43:41; 402; 0; 41.03; 1000.388984375; 19.025390625
2026-07-07; 12:44:41; 400; 0; 41.17; 1000.3788671875; 18.9013671875
2026-07-07; 12:45:41; 402; 0; 41.28; 1000.4652734375; 18.8115234375
2026-07-07; 12:46:41; 407; 1; 41.48; 1000.3614453125; 18.642578125
2026-07-07; 12:47:41; 402; 0; 41.6; 1000.4059375; 18.482421875
2026-07-07; 12:48:41; 402; 0; 41.65; 1000.3978515625; 18.4375
2026-07-07; 12:49:41; 407; 1; 41.79; 1000.301484375; 18.3134765625
2026-07-07; 12:50:41; 407; 1; 42.04; 1000.390078125; 18.111328125
2026-07-07; 12:51:41; 402; 0; 42.22; 1000.3770703125; 17.96484375
2026-07-07; 12:52:41; 407; 1; 42.37; 1000.402734375; 17.81640625
2026-07-07; 12:53:41; 415; 2; 42.51; 1000.39171875; 17.6923828125
2026-07-07; 12:54:41; 411; 1; 42.6; 1000.388984375; 17.6015625
2026-07-07; 12:55:41; 415; 2; 42.59; 1000.381171875; 17.6015625
2026-07-07; 12:56:41; 415; 2; 42.7; 1000.3651953125; 17.498046875
2026-07-07; 12:57:41; 411; 1; 42.74; 1000.1974609375; 17.48828125
2026-07-07; 12:58:41; 407; 1; 42.82; 1000.215234375; 17.361328125
2026-07-07; 12:59:41; 402; 0; 42.87; 1000.228125; 17.3154296875
2026-07-07; 13:00:42; 402; 0; 42.87; 1000.1418359375; 17.3271484375
2026-07-07; 13:01:42; 402; 0; 42.91; 1000.20453125; 17.3173828125
2026-07-07; 13:02:42; 403; 0; 42.99; 1000.235703125; 17.2138671875
2026-07-07; 13:03:42; 400; 0; 43.12; 1000.2453125; 17.1123046875
2026-07-07; 13:04:42; 408; 1; 43.13; 1000.281875; 17.1123046875
2026-07-07; 13:05:42; 400; 0; 43.17; 1000.2788671875; 17.0546875
2026-07-07; 13:06:42; 400; 0; 43.03; 1000.2980859375; 17.1796875
2026-07-07; 13:07:42; 403; 0; 43.05; 1000.279765625; 17.1328125
2026-07-07; 13:08:42; 403; 0; 43.11; 1000.287265625; 17.076171875
2026-07-07; 13:09:42; 400; 0; 43.13; 1000.260859375; 17.0771484375
2026-07-07; 13:10:42; 403; 0; 42.96; 1000.2537109375; 17.224609375
2026-07-07; 13:11:42; 408; 1; 43.08; 1000.240234375; 17.123046875
2026-07-07; 13:12:42; 405; 0; 43.09; 1000.2269921875; 17.099609375
2026-07-07; 13:13:42; 405; 0; 43.35; 1000.280234375; 16.8955078125
2026-07-07; 13:14:42; 408; 1; 43.49; 1000.2244921875; 16.7470703125
2026-07-07; 13:15:42; 413; 1; 43.74; 1000.1752734375; 16.5302734375
2026-07-07; 13:16:42; 413; 1; 43.85; 1000.145546875; 16.4755859375
2026-07-07; 13:17:42; 408; 1; 43.77; 1000.086015625; 16.4609375
2026-07-07; 13:18:42; 405; 0; 43.9; 1000.08734375; 16.44140625
2026-07-07; 13:19:42; 405; 0; 44.07; 1000.0203125; 16.24609375
2026-07-07; 13:20:42; 405; 0; 44.15; 1000.0376171875; 16.177734375
2026-07-07; 13:21:42; 405; 0; 44.36; 1000.0617578125; 16.0068359375
2026-07-07; 13:22:42; 405; 0; 44.36; 1000.0406640625; 16.0068359375
2026-07-07; 13:23:42; 400; 0; 44.26; 999.963203125; 16.07421875
2026-07-07; 13:24:42; 400; 0; 43.92; 1000.0242578125; 16.3349609375
2026-07-07; 13:25:42; 408; 1; 43.8; 1000.0178125; 16.4501953125
2026-07-07; 13:26:42; 408; 1; 43.79; 1000.0022265625; 16.44921875
2026-07-07; 13:27:42; 408; 1; 43.73; 999.9658203125; 16.5068359375
2026-07-07; 13:28:42; 408; 1; 43.8; 1000.0100390625; 16.44921875
2026-07-07; 13:29:42; 405; 0; 43.8; 999.902578125; 16.4140625
2026-07-07; 13:30:42; 405; 0; 43.79; 999.886953125; 16.44921875
2026-07-07; 13:31:42; 400; 0; 43.67; 999.9375; 16.552734375
2026-07-07; 13:32:42; 400; 0; 43.56; 999.909609375; 16.7138671875
2026-07-07; 13:33:42; 403; 0; 43.43; 999.95796875; 16.755859375
2026-07-07; 13:34:42; 403; 0; 43.23; 999.9120703125; 16.9150390625
2026-07-07; 13:35:42; 403; 0; 42.99; 999.9479296875; 17.107421875
2026-07-07; 13:36:42; 400; 0; 42.82; 999.812421875; 17.3017578125
2026-07-07; 13:37:42; 402; 0; 42.64; 999.9051953125; 17.42578125
2026-07-07; 13:38:42; 402; 0; 42.5; 999.8585546875; 17.5732421875
2026-07-07; 13:39:42; 400; 0; 42.41; 999.869140625; 17.6533203125
2026-07-07; 13:40:42; 402; 0; 42.32; 999.9009765625; 17.755859375
2026-07-07; 13:41:42; 402; 0; 42.28; 999.8176171875; 17.7783203125
2026-07-07; 13:42:42; 402; 0; 42.22; 1000.0321484375; 17.822265625
2026-07-07; 13:43:43; 402; 0; 42.24; 999.977109375; 17.8232421875
2026-07-07; 13:44:43; 402; 0; 42.23; 999.883046875; 17.8115234375
2026-07-07; 13:45:43; 402; 0; 42.19; 999.8491015625; 17.869140625
2026-07-07; 13:46:43; 406; 0; 42.18; 999.833515625; 17.8681640625
2026-07-07; 13:47:43; 406; 0; 42.22; 999.9171484375; 17.8701171875
2026-07-07; 13:48:43; 402; 0; 42.21; 999.8805859375; 17.833984375
2026-07-07; 13:49:43; 402; 0; 42.21; 999.9093359375; 17.845703125
2026-07-07; 13:50:43; 406; 0; 42.2; 999.8934375; 17.857421875
2026-07-07; 13:51:43; 415; 2; 42.15; 999.8441796875; 17.8671875
2026-07-07; 13:52:43; 406; 0; 42.15; 999.8154296875; 17.890625
2026-07-07; 13:53:43; 410; 1; 42.15; 999.86515625; 17.90234375
2026-07-07; 13:54:43; 406; 0; 42.13; 999.8620703125; 17.8896484375
2026-07-07; 13:55:43; 406; 0; 42.12; 999.8830078125; 17.9375
2026-07-07; 13:56:43; 402; 0; 42.15; 999.86515625; 17.890625
2026-07-07; 13:57:43; 400; 0; 42.15; 999.77890625; 17.90234375
2026-07-07; 13:58:43; 402; 0; 42.11; 999.867421875; 17.9365234375
2026-07-07; 13:59:43; 402; 0; 42.12; 999.8255078125; 17.9375
2026-07-07; 14:00:43; 402; 0; 42.04; 999.909375; 17.9453125
2026-07-07; 14:01:43; 402; 0; 42.01; 999.854765625; 18.015625
2026-07-07; 14:02:43; 400; 0; 41.96; 999.956640625; 18.025390625
2026-07-07; 14:03:43; 403; 0; 42.03; 999.8859375; 18.0166015625
2026-07-07; 14:04:43; 403; 0; 41.99; 999.9459765625; 18.0263671875
2026-07-07; 14:05:43; 406; 0; 41.95; 999.85484375; 18.0361328125
2026-07-07; 14:06:43; 403; 0; 41.97; 999.7633203125; 18.025390625
2026-07-07; 14:07:43; 400; 0; 41.94; 999.83921875; 18.083984375
2026-07-07; 14:08:43; 403; 0; 41.93; 999.90171875; 18.0478515625
2026-07-07; 14:09:43; 400; 0; 41.92; 999.7502734375; 18.0595703125
2026-07-07; 14:10:43; 403; 0; 41.96; 999.80515625; 18.025390625
2026-07-07; 14:11:43; 400; 0; 41.93; 999.8442578125; 18.0595703125
2026-07-07; 14:12:43; 403; 0; 41.86; 999.8; 18.1162109375
2026-07-07; 14:13:43; 400; 0; 41.86; 999.8574609375; 18.1162109375
2026-07-07; 14:14:43; 403; 0; 41.8; 999.8577734375; 18.1845703125
2026-07-07; 14:15:43; 403; 0; 41.8; 999.8003125; 18.1494140625
2026-07-07; 14:16:43; 400; 0; 41.83; 999.745390625; 18.1494140625
2026-07-07; 14:17:43; 400; 0; 41.81; 999.8081640625; 18.1611328125
2026-07-07; 14:18:43; 405; 0; 41.79; 999.6982421875; 18.18359375
2026-07-07; 14:19:43; 405; 0; 41.82; 999.7375390625; 18.1376953125
2026-07-07; 14:20:43; 405; 0; 41.74; 999.6776953125; 18.216796875
2026-07-07; 14:21:43; 403; 0; 41.82; 999.8159375; 18.1611328125
2026-07-07; 14:22:43; 403; 0; 41.73; 999.7404296875; 18.228515625
2026-07-07; 14:23:43; 405; 0; 41.68; 999.75578125; 18.2744140625
2026-07-07; 14:24:43; 405; 0; 41.66; 999.75328125; 18.296875
2026-07-07; 14:25:44; 405; 0; 41.62; 999.661796875; 18.318359375
2026-07-07; 14:26:44; 405; 0; 41.66; 999.74515625; 18.2724609375
2026-07-07; 14:27:44; 405; 0; 41.65; 999.679921875; 18.2724609375
2026-07-07; 14:28:44; 400; 0; 41.67; 999.653984375; 18.2734375
2026-07-07; 14:29:44; 400; 0; 41.63; 999.6983203125; 18.306640625
2026-07-07; 14:30:44; 402; 0; 41.61; 999.7036328125; 18.365234375
2026-07-07; 14:31:44; 402; 0; 41.57; 999.669609375; 18.3408203125
2026-07-07; 14:32:44; 402; 0; 41.59; 999.672109375; 18.3291015625
2026-07-07; 14:33:44; 400; 0; 41.61; 999.6462109375; 18.330078125
2026-07-07; 14:34:44; 403; 0; 41.55; 999.7532421875; 18.33984375
2026-07-07; 14:35:44; 403; 0; 41.56; 999.6540234375; 18.328125
2026-07-07; 14:36:44; 403; 0; 41.48; 999.6437109375; 18.4189453125
2026-07-07; 14:37:44; 408; 1; 41.44; 999.5809375; 18.46484375
2026-07-07; 14:38:44; 403; 0; 41.46; 999.562890625; 18.4423828125
2026-07-07; 14:39:44; 408; 1; 41.48; 999.5288671875; 18.4541015625
2026-07-07; 14:40:44; 408; 1; 41.42; 999.6149609375; 18.4990234375
2026-07-07; 14:41:44; 403; 0; 41.45; 999.653984375; 18.4765625
2026-07-07; 14:42:44; 403; 0; 41.4; 999.612421875; 18.4873046875
2026-07-07; 14:43:44; 403; 0; 41.43; 999.6514453125; 18.4765625
2026-07-07; 14:44:44; 403; 0; 41.42; 999.5784375; 18.4873046875
2026-07-07; 14:45:44; 400; 0; 41.47; 999.69328125; 18.4541015625
2026-07-07; 14:46:44; 405; 0; 41.51; 999.5756640625; 18.384765625
2026-07-07; 14:47:44; 405; 0; 41.58; 999.677421875; 18.3525390625
2026-07-07; 14:48:44; 405; 0; 41.53; 999.6437109375; 18.3505859375
2026-07-07; 14:49:44; 407; 1; 41.6; 999.7663671875; 18.330078125
2026-07-07; 14:50:44; 407; 1; 41.57; 999.75578125; 18.328125
2026-07-07; 14:51:44; 407; 1; 41.59; 999.672109375; 18.3056640625
2026-07-07; 14:52:44; 407; 1; 41.59; 999.807890625; 18.3291015625
2026-07-07; 14:53:44; 407; 1; 41.63; 999.7635546875; 18.283203125
2026-07-07; 14:54:44; 402; 0; 41.68; 999.805390625; 18.2265625
2026-07-07; 14:55:44; 402; 0; 41.65; 999.73734375; 18.2490234375
2026-07-07; 14:56:44; 407; 1; 41.64; 999.7791796875; 18.2490234375
2026-07-07; 14:57:44; 402; 0; 41.58; 999.8497265625; 18.31640625
2026-07-07; 14:58:44; 407; 1; 41.56; 999.73234375; 18.3515625
2026-07-07; 14:59:44; 407; 1; 41.56; 999.7401171875; 18.328125
2026-07-07; 15:00:44; 402; 0; 41.52; 999.73484375; 18.373046875
2026-07-07; 15:01:44; 402; 0; 41.46; 999.69859375; 18.3828125
2026-07-07; 15:02:44; 402; 0; 41.45; 999.7479296875; 18.41796875
2026-07-07; 15:03:44; 402; 0; 41.43; 999.70890625; 18.4521484375
2026-07-07; 15:04:44; 402; 0; 41.43; 999.70890625; 18.4404296875
2026-07-07; 15:05:44; 402; 0; 41.41; 999.7715625; 18.451171875
2026-07-07; 15:06:44; 402; 0; 41.42; 999.7010546875; 18.4521484375
2026-07-07; 15:07:44; 402; 0; 41.46; 999.70640625; 18.40625
2026-07-07; 15:08:45; 402; 0; 41.42; 999.7010546875; 18.4052734375
2026-07-07; 15:09:45; 407; 1; 41.4; 999.7559765625; 18.474609375
2026-07-07; 15:10:45; 407; 1; 41.43; 999.6801953125; 18.4521484375
2026-07-07; 15:11:45; 407; 1; 41.43; 999.6801953125; 18.4521484375
2026-07-07; 15:12:45; 402; 0; 41.42; 999.635859375; 18.4404296875
2026-07-07; 15:13:45; 407; 1; 41.42; 999.66453125; 18.4521484375
2026-07-07; 15:14:45; 402; 0; 41.42; 999.66453125; 18.4404296875
2026-07-07; 15:15:45; 407; 1; 41.42; 999.729765625; 18.4287109375
2026-07-07; 15:16:45; 407; 1; 41.4; 999.805546875; 18.462890625
2026-07-07; 15:17:45; 407; 1; 41.35; 999.735; 18.51953125
2026-07-07; 15:18:45; 415; 2; 41.31; 999.7215625; 18.5302734375
2026-07-07; 15:19:45; 410; 1; 41.33; 999.6959765625; 18.5185546875
2026-07-07; 15:20:45; 410; 1; 41.35; 999.591484375; 18.5078125
2026-07-07; 15:21:45; 415; 2; 41.33; 999.5237890625; 18.5419921875
2026-07-07; 15:22:45; 410; 1; 41.31; 999.6354296875; 18.5537109375
2026-07-07; 15:23:45; 407; 1; 41.33; 999.6463671875; 18.49609375
2026-07-07; 15:24:45; 410; 1; 41.3; 999.5989453125; 18.5419921875
2026-07-07; 15:25:45; 407; 1; 41.27; 999.5886328125; 18.564453125
2026-07-07; 15:26:45; 402; 0; 41.3; 999.5050390625; 18.564453125
2026-07-07; 15:27:45; 402; 0; 41.25; 999.5573828125; 18.5986328125
2026-07-07; 15:28:45; 402; 0; 41.17; 999.51796875; 18.654296875
2026-07-07; 15:29:45; 407; 1; 41.19; 999.578203125; 18.6201171875
2026-07-07; 15:30:45; 402; 0; 41.15; 999.5363671875; 18.6884765625
2026-07-07; 15:31:45; 407; 1; 41.13; 999.541640625; 18.6875
2026-07-07; 15:32:45; 407; 1; 41.09; 999.5362109375; 18.7216796875
2026-07-07; 15:33:45; 410; 1; 41.03; 999.5569921875; 18.7900390625
2026-07-07; 15:34:45; 410; 1; 40.96; 999.5334375; 18.845703125
2026-07-07; 15:35:45; 410; 1; 40.92; 999.528359375; 18.8798828125
2026-07-07; 15:36:45; 410; 1; 40.9; 999.496796875; 18.8896484375
2026-07-07; 15:37:45; 407; 1; 40.93; 999.4944140625; 18.8681640625
2026-07-07; 15:38:45; 407; 1; 40.87; 999.4209765625; 18.9248046875
2026-07-07; 15:39:45; 407; 1; 40.86; 999.4340234375; 18.935546875
2026-07-07; 15:40:45; 410; 1; 40.76; 999.4780078125; 19.025390625
2026-07-07; 15:41:45; 410; 1; 40.76; 999.4206640625; 19.025390625
2026-07-07; 15:42:45; 410; 1; 40.72; 999.431171875; 19.0478515625
2026-07-07; 15:43:45; 415; 2; 40.74; 999.3972265625; 19.0361328125
2026-07-07; 15:44:45; 410; 1; 40.7; 999.3347265625; 19.08203125
2026-07-07; 15:45:45; 410; 1; 40.71; 999.4076953125; 19.0703125
2026-07-07; 15:46:45; 410; 1; 40.69; 999.383984375; 19.08203125
2026-07-07; 15:47:45; 415; 2; 40.71; 999.2721875; 19.0595703125
2026-07-07; 15:48:45; 415; 2; 40.69; 999.3188671875; 19.09375
2026-07-07; 15:49:45; 415; 2; 40.69; 999.3188671875; 19.08203125
2026-07-07; 15:50:45; 415; 2; 40.62; 999.2665234375; 19.1376953125
2026-07-07; 15:51:46; 415; 2; 40.63; 999.2821484375; 19.150390625
2026-07-07; 15:52:46; 415; 2; 40.64; 999.3058984375; 19.126953125
2026-07-07; 15:53:46; 415; 2; 40.68; 999.188515625; 19.0927734375
2026-07-07; 15:54:46; 418; 2; 40.56; 999.12328125; 19.2177734375
2026-07-07; 15:55:46; 418; 2; 40.59; 999.248359375; 19.171875
2026-07-07; 15:56:46; 418; 2; 40.63; 999.253515625; 19.1259765625
2026-07-07; 15:57:46; 415; 2; 40.61; 999.2509375; 19.1845703125
2026-07-07; 15:58:46; 415; 2; 40.55; 999.1933984375; 19.205078125
2026-07-07; 15:59:46; 418; 2; 40.5; 999.1934765625; 19.26171875
2026-07-07; 16:00:46; 421; 3; 40.43; 999.2137890625; 19.318359375
2026-07-07; 16:01:46; 418; 2; 40.5; 999.1934765625; 19.26171875
2026-07-07; 16:02:46; 418; 2; 40.52; 999.2325390625; 19.2392578125
2026-07-07; 16:03:46; 418; 2; 40.49; 999.2062109375; 19.296875
2026-07-07; 16:04:46; 418; 2; 40.48; 999.1983984375; 19.2734375
2026-07-07; 16:05:46; 421; 3; 40.5; 999.1648046875; 19.26171875
2026-07-07; 16:06:46; 421; 3; 40.56; 999.2012109375; 19.2060546875
2026-07-07; 16:07:46; 418; 2; 40.49; 999.15671875; 19.26171875
2026-07-07; 16:08:46; 421; 3; 40.46; 999.195859375; 19.3193359375
2026-07-07; 16:09:46; 425; 3; 40.44; 999.1434375; 19.330078125
2026-07-07; 16:10:46; 428; 4; 40.5; 999.2299609375; 19.28515625
2026-07-07; 16:11:46; 428; 4; 40.46; 999.138515625; 19.283203125
2026-07-07; 16:12:46; 428; 4; 40.49; 999.15671875; 19.296875
2026-07-07; 16:13:46; 428; 4; 40.46; 999.138515625; 19.2958984375
2026-07-07; 16:14:46; 428; 4; 40.5; 999.086640625; 19.28515625
2026-07-07; 16:15:46; 425; 3; 40.51; 999.18046875; 19.26171875
2026-07-07; 16:16:46; 435; 5; 40.45; 999.179921875; 19.3193359375
2026-07-07; 16:17:46; 428; 4; 40.44; 999.1434375; 19.318359375
2026-07-07; 16:18:46; 425; 3; 40.46; 999.1098828125; 19.3310546875
2026-07-07; 16:19:46; 428; 4; 40.42; 999.1121875; 19.3408203125
2026-07-07; 16:20:46; 428; 4; 40.43; 999.1278125; 19.353515625
2026-07-07; 16:21:46; 428; 4; 40.42; 999.1327734375; 19.3408203125
2026-07-07; 16:22:46; 428; 4; 40.47; 999.154140625; 19.3193359375
2026-07-07; 16:23:46; 425; 3; 40.45; 999.130390625; 19.3310546875
2026-07-07; 16:24:46; 428; 4; 40.38; 999.10671875; 19.38671875
2026-07-07; 16:25:46; 425; 3; 40.29; 999.1378125; 19.453125
2026-07-07; 16:26:46; 425; 3; 40.19; 999.12421875; 19.578125
2026-07-07; 16:27:46; 428; 4; 40.22; 999.1059765625; 19.5322265625
2026-07-07; 16:28:46; 435; 5; 40.26; 999.054140625; 19.4873046875
2026-07-07; 16:29:46; 428; 4; 40.17; 999.1294140625; 19.5771484375
2026-07-07; 16:30:46; 428; 4; 40.22; 999.1141015625; 19.5087890625
2026-07-07; 16:31:46; 428; 4; 40.26; 999.1401171875; 19.5224609375
2026-07-07; 16:32:46; 428; 4; 40.2; 999.0330859375; 19.5546875
2026-07-07; 16:33:46; 435; 5; 40.17; 999.09296875; 19.5537109375
2026-07-07; 16:34:47; 435; 5; 40.25; 999.103671875; 19.509765625
2026-07-07; 16:35:47; 435; 5; 40.17; 999.0721484375; 19.5771484375
2026-07-07; 16:36:47; 435; 5; 40.29; 998.9863671875; 19.4765625
2026-07-07; 16:37:47; 435; 5; 40.3; 999.0387890625; 19.4775390625
2026-07-07; 16:38:47; 428; 4; 40.27; 999.0983984375; 19.4755859375
2026-07-07; 16:39:47; 435; 5; 40.31; 999.0466015625; 19.4541015625
2026-07-07; 16:40:47; 435; 5; 40.29; 998.9371875; 19.453125
2026-07-07; 16:41:47; 439; 5; 40.29; 999.051796875; 19.453125
2026-07-07; 16:42:47; 439; 5; 40.38; 999.01296875; 19.36328125
2026-07-07; 16:43:47; 439; 5; 40.36; 998.960859375; 19.3857421875
2026-07-07; 16:44:47; 442; 6; 40.33; 998.9996875; 19.419921875
2026-07-07; 16:45:47; 442; 6; 40.39; 998.950390625; 19.38671875
2026-07-07; 16:46:47; 439; 5; 40.44; 999.0209765625; 19.341796875
2026-07-07; 16:47:47; 442; 6; 40.44; 998.971484375; 19.330078125
2026-07-07; 16:48:47; 442; 6; 40.41; 998.973828125; 19.3173828125
2026-07-07; 16:49:47; 445; 6; 40.4; 998.966015625; 19.3525390625
2026-07-07; 16:50:47; 445; 6; 40.37; 998.976484375; 19.3505859375
2026-07-07; 16:51:47; 445; 6; 40.44; 999.0001171875; 19.306640625
2026-07-07; 16:52:47; 445; 6; 40.43; 999.005390625; 19.3408203125
2026-07-07; 16:53:47; 445; 6; 40.45; 999.0366015625; 19.2958984375
2026-07-07; 16:54:47; 450; 7; 40.43; 999.0626953125; 19.3408203125
2026-07-07; 16:55:47; 455; 8; 40.5; 999.05015625; 19.2978515625
2026-07-07; 16:56:47; 445; 6; 40.5; 999.05796875; 19.2734375
2026-07-07; 16:57:47; 450; 7; 40.45; 999.0157421875; 19.3193359375
2026-07-07; 16:58:47; 450; 7; 40.39; 999.0076953125; 19.36328125
2026-07-07; 16:59:47; 450; 7; 40.44; 998.9923046875; 19.306640625
2026-07-07; 17:00:47; 450; 7; 40.48; 999.0186328125; 19.2724609375
2026-07-07; 17:01:47; 445; 6; 40.46; 999.1098828125; 19.3193359375
2026-07-07; 17:02:47; 445; 6; 40.46; 999.0525390625; 19.3076171875
2026-07-07; 17:03:47; 445; 6; 40.45; 999.0366015625; 19.3310546875
2026-07-07; 17:04:47; 445; 6; 40.48; 999.0759765625; 19.2958984375
2026-07-07; 17:05:47; 445; 6; 40.47; 998.9821484375; 19.3076171875
2026-07-07; 17:06:47; 442; 6; 40.45; 999.00796875; 19.2958984375
2026-07-07; 17:07:47; 442; 6; 40.45; 999.0157421875; 19.3076171875
2026-07-07; 17:08:47; 439; 5; 40.38; 998.955625; 19.3515625
2026-07-07; 17:09:47; 439; 5; 40.38; 998.934765625; 19.3515625
2026-07-07; 17:10:47; 435; 5; 40.38; 999.02078125; 19.3388671875
2026-07-07; 17:11:47; 435; 5; 40.45; 998.950625; 19.283203125
2026-07-07; 17:12:47; 435; 5; 40.35; 998.96578125; 19.361328125
2026-07-07; 17:13:47; 435; 5; 40.37; 998.9400390625; 19.3271484375
2026-07-07; 17:14:47; 435; 5; 40.34; 998.9293359375; 19.373046875
2026-07-07; 17:15:47; 428; 4; 40.34; 998.9215234375; 19.373046875
2026-07-07; 17:16:47; 425; 3; 40.26; 998.882265625; 19.4287109375
2026-07-07; 17:17:48; 428; 4; 40.27; 998.8769921875; 19.4287109375
2026-07-07; 17:18:48; 428; 4; 40.17; 998.8637890625; 19.4951171875
2026-07-07; 17:19:48; 428; 4; 40.21; 998.8689453125; 19.4619140625
2026-07-07; 17:20:48; 428; 4; 40.19; 998.895; 19.49609375
2026-07-07; 17:21:48; 428; 4; 40.16; 998.9419140625; 19.5068359375
2026-07-07; 17:22:48; 435; 5; 40.19; 998.98875; 19.49609375
2026-07-07; 17:23:48; 435; 5; 40.17; 998.92109375; 19.5068359375
2026-07-07; 17:24:48; 428; 4; 40.14; 998.9312109375; 19.505859375
2026-07-07; 17:25:48; 428; 4; 40.13; 999.0093359375; 19.541015625
2026-07-07; 17:26:48; 428; 4; 40.19; 998.9809765625; 19.47265625
2026-07-07; 17:27:48; 435; 5; 40.13; 998.980703125; 19.529296875
2026-07-07; 17:28:48; 435; 5; 40.09; 998.88953125; 19.5625
2026-07-07; 17:29:48; 435; 5; 40.11; 998.941640625; 19.55078125
2026-07-07; 17:30:48; 435; 5; 40.12; 998.8791015625; 19.5517578125
2026-07-07; 17:31:48; 435; 5; 40.13; 998.86609375; 19.505859375
2026-07-07; 17:32:48; 428; 4; 40.11; 998.8921484375; 19.5625
2026-07-07; 17:33:48; 428; 4; 40.09; 998.8530859375; 19.5625
2026-07-07; 17:34:48; 428; 4; 40.07; 998.8501953125; 19.6083984375
2026-07-07; 17:35:48; 428; 4; 40.02; 998.8576953125; 19.6298828125
2026-07-07; 17:36:48; 425; 3; 40.03; 998.7955078125; 19.5947265625
2026-07-07; 17:37:48; 425; 3; 39.92; 998.802421875; 19.6728515625
2026-07-07; 17:38:48; 418; 2; 39.91; 998.786796875; 19.70703125
2026-07-07; 17:39:48; 418; 2; 39.87; 998.8880078125; 19.740234375
2026-07-07; 17:40:48; 421; 3; 39.83; 998.91921875; 19.7861328125
2026-07-07; 17:41:48; 418; 2; 39.79; 998.799140625; 19.7958984375
2026-07-07; 17:42:48; 421; 3; 39.83; 998.8255078125; 19.8095703125
2026-07-07; 17:43:48; 421; 3; 39.8; 998.8355859375; 19.78515625
2026-07-07; 17:44:48; 421; 3; 39.82; 998.7890625; 19.78515625
2026-07-07; 17:45:48; 421; 3; 39.8; 998.806953125; 19.796875
2026-07-07; 17:46:48; 418; 2; 39.74; 998.8560546875; 19.8642578125
2026-07-07; 17:47:48; 421; 3; 39.75; 998.7860546875; 19.7353515625
2026-07-07; 17:48:48; 415; 2; 39.71; 998.8169921875; 19.875
2026-07-07; 17:49:48; 403; 0; 39.66; 998.8244140625; 19.7197265625
2026-07-07; 17:50:48; 408; 1; 39.73; 998.8976953125; 19.83984375
2026-07-07; 17:51:48; 411; 1; 39.73; 998.8690234375; 19.734375
2026-07-07; 17:52:48; 418; 2; 39.66; 998.889453125; 19.884765625
2026-07-07; 17:53:48; 426; 3; 39.65; 998.8451953125; 19.9423828125
2026-07-07; 17:54:48; 422; 3; 39.66; 998.79578125; 19.9189453125
2026-07-07; 17:55:48; 418; 2; 39.66; 998.9102734375; 19.9072265625
2026-07-07; 17:56:48; 426; 3; 39.59; 998.922890625; 19.9521484375
2026-07-07; 17:57:48; 400; 0; 39.57; 998.7690234375; 19.7509765625
2026-07-07; 17:58:48; 403; 0; 39.61; 998.8321484375; 19.8818359375
2026-07-07; 17:59:49; 410; 1; 39.58; 998.8419140625; 19.951171875
2026-07-07; 18:00:49; 414; 2; 39.56; 998.7898046875; 19.9150390625
2026-07-07; 18:01:49; 406; 0; 39.56; 998.8678515625; 19.9736328125
2026-07-07; 18:02:49; 418; 2; 39.56; 998.8678515625; 20.0205078125
2026-07-07; 18:03:49; 422; 3; 39.6; 998.7670703125; 19.9873046875
2026-07-07; 18:04:49; 424; 3; 39.58; 998.7846484375; 19.986328125
2026-07-07; 18:05:49; 428; 4; 39.62; 998.826953125; 19.953125
2026-07-07; 18:06:49; 424; 3; 39.58; 998.81328125; 19.880859375
2026-07-07; 18:07:49; 424; 3; 39.6; 998.758984375; 19.9521484375
2026-07-07; 18:08:49; 428; 4; 39.64; 998.77234375; 19.9423828125
2026-07-07; 18:09:49; 428; 4; 39.64; 998.77234375; 19.9306640625
2026-07-07; 18:10:49; 439; 5; 39.63; 998.7775; 19.953125
2026-07-07; 18:11:49; 443; 6; 39.6; 998.8243359375; 19.9873046875
2026-07-07; 18:12:49; 443; 6; 39.61; 998.811328125; 19.953125
2026-07-07; 18:13:49; 424; 3; 39.61; 998.782734375; 19.6826171875
2026-07-07; 18:14:49; 422; 3; 39.53; 998.857421875; 20.01953125
2026-07-07; 18:15:49; 428; 4; 39.55; 998.7377734375; 20.0439453125
2026-07-07; 18:16:49; 434; 5; 39.53; 998.7634375; 19.97265625
2026-07-07; 18:17:49; 434; 5; 39.5; 998.8023828125; 20.052734375
2026-07-07; 18:18:49; 434; 5; 39.46; 998.768203125; 20.1103515625
2026-07-07; 18:19:49; 414; 2; 39.49; 998.73734375; 19.912109375
2026-07-07; 18:20:49; 410; 1; 39.39; 998.8174609375; 19.978515625
2026-07-07; 18:21:49; 403; 0; 39.41; 998.833125; 19.744140625
2026-07-07; 18:22:49; 400; 0; 39.34; 998.7676171875; 19.73046875
2026-07-07; 18:23:49; 405; 0; 39.38; 998.8509765625; 19.9541015625
2026-07-07; 18:24:49; 413; 1; 39.32; 998.8219140625; 20.0458984375
2026-07-07; 18:25:49; 424; 3; 39.37; 998.8639453125; 20.0712890625
2026-07-07; 18:26:49; 405; 0; 39.35; 998.83265625; 19.859375
2026-07-07; 18:27:49; 405; 0; 39.32; 998.85046875; 20.0107421875
2026-07-07; 18:28:49; 415; 2; 39.27; 998.793125; 20.125
2026-07-07; 18:29:49; 402; 0; 39.29; 998.8321875; 19.9619140625
2026-07-07; 18:30:49; 411; 1; 39.25; 998.7693359375; 20.01953125
2026-07-07; 18:31:49; 432; 4; 39.19; 998.8390234375; 20.2509765625
2026-07-07; 18:32:49; 442; 6; 39.15; 998.8337109375; 20.2138671875
2026-07-07; 18:33:49; 444; 6; 39.18; 998.766171875; 20.19140625
2026-07-07; 18:34:49; 447; 7; 39.19; 998.8390234375; 20.2626953125
2026-07-07; 18:35:49; 452; 7; 39.23; 998.7588671875; 20.1005859375
2026-07-07; 18:36:49; 442; 6; 39.25; 998.85515625; 19.99609375
2026-07-07; 18:37:49; 442; 6; 39.21; 998.7926171875; 20.169921875
2026-07-07; 18:38:49; 432; 4; 39.25; 998.8759765625; 20.08984375
2026-07-07; 18:39:49; 417; 2; 39.2; 998.8628125; 19.9931640625
2026-07-07; 18:40:49; 426; 3; 39.19; 998.7899609375; 20.1806640625
2026-07-07; 18:41:49; 438; 5; 39.17; 998.8441796875; 20.1796875
2026-07-07; 18:42:50; 444; 6; 39.18; 998.8233984375; 20.19140625
2026-07-07; 18:43:50; 456; 8; 39.24; 998.8603125; 20.1474609375
2026-07-07; 18:44:50; 447; 7; 39.23; 998.81609375; 20.0771484375
2026-07-07; 18:45:50; 444; 6; 39.24; 998.803125; 20.0068359375
2026-07-07; 18:46:50; 447; 7; 39.21; 998.8212109375; 20.181640625
2026-07-07; 18:47:50; 456; 8; 39.22; 998.7718359375; 20.287109375
2026-07-07; 18:48:50; 473; 11; 39.19; 998.8390234375; 20.2626953125
2026-07-07; 18:49:50; 476; 11; 39.19; 998.8471875; 20.2861328125
2026-07-07; 18:50:50; 476; 11; 39.18; 998.8233984375; 20.28515625
2026-07-07; 18:51:50; 476; 11; 39.19; 998.81046875; 20.2626953125
2026-07-07; 18:52:50; 481; 12; 39.18; 998.7740234375; 20.2626953125
2026-07-07; 18:53:50; 485; 12; 39.16; 998.8779296875; 20.2958984375
2026-07-07; 18:54:50; 485; 12; 39.18; 998.85203125; 20.296875
2026-07-07; 18:55:50; 495; 14; 39.16; 998.8779296875; 20.3427734375
2026-07-07; 18:56:50; 485; 12; 39.1; 998.9421484375; 20.2939453125
2026-07-07; 18:57:50; 476; 11; 39.16; 998.93515625; 20.2490234375
2026-07-07; 18:58:50; 476; 11; 39.17; 998.90140625; 20.296875
2026-07-07; 18:59:50; 481; 12; 39.22; 998.8941015625; 20.263671875
2026-07-07; 19:00:50; 495; 14; 39.17; 998.8728125; 20.33203125
2026-07-07; 19:01:50; 497; 14; 39.15; 998.948125; 20.3310546875
2026-07-07; 19:02:50; 502; 15; 39.07; 998.895234375; 20.421875
2026-07-07; 19:03:50; 485; 12; 39.13; 998.95296875; 20.283203125
2026-07-07; 19:04:50; 476; 11; 39.02; 998.9025390625; 20.361328125
2026-07-07; 19:05:50; 481; 12; 39.0; 998.8140234375; 20.44140625
2026-07-07; 19:06:50; 495; 14; 39.06; 998.957578125; 20.4208984375
2026-07-07; 19:07:50; 497; 14; 39.05; 998.8353515625; 20.4443359375
2026-07-07; 19:08:50; 481; 12; 39.06; 998.851015625; 20.2685546875
2026-07-07; 19:09:50; 473; 11; 39.02; 998.8375; 20.2666015625
2026-07-07; 19:10:50; 462; 9; 39.07; 998.866640625; 20.24609375
2026-07-07; 19:11:50; 442; 6; 39.05; 998.921171875; 20.1865234375
2026-07-07; 19:12:50; 442; 6; 39.09; 998.8901171875; 20.2578125
2026-07-07; 19:13:50; 426; 3; 39.04; 998.8766015625; 20.115234375
2026-07-07; 19:14:50; 414; 2; 39.05; 998.8353515625; 20.1513671875
2026-07-07; 19:15:50; 414; 2; 39.09; 998.804296875; 20.1650390625
2026-07-07; 19:16:50; 422; 3; 39.04; 998.7621875; 20.232421875
2026-07-07; 19:17:50; 426; 3; 38.98; 998.8396484375; 20.2646484375
2026-07-07; 19:18:50; 426; 3; 39.02; 998.7803125; 20.1494140625
2026-07-07; 19:19:50; 403; 0; 39.09; 998.812109375; 19.9541015625
2026-07-07; 19:20:50; 417; 2; 39.03; 998.8323828125; 20.232421875
2026-07-07; 19:21:50; 409; 1; 38.95; 998.756328125; 20.322265625
2026-07-07; 19:22:50; 414; 2; 39.0; 998.78546875; 20.25390625
2026-07-07; 19:23:50; 420; 3; 38.95; 998.7848828125; 20.298828125
2026-07-07; 19:24:50; 409; 1; 38.95; 998.821328125; 20.298828125
2026-07-07; 19:25:51; 423; 3; 38.89; 998.8337109375; 20.4248046875
2026-07-07; 19:26:51; 427; 4; 38.9; 998.7921875; 20.40234375
2026-07-07; 19:27:51; 434; 5; 38.87; 998.688046875; 20.423828125
2026-07-07; 19:28:51; 417; 2; 38.91; 998.750625; 20.33203125
2026-07-07; 19:29:51; 434; 5; 38.84; 998.8773828125; 20.4931640625
2026-07-07; 19:30:51; 438; 5; 38.84; 998.791640625; 20.5869140625
2026-07-07; 19:31:51; 438; 5; 38.83; 998.8331640625; 20.4697265625
2026-07-07; 19:32:51; 420; 3; 38.88; 998.7401171875; 20.3662109375
2026-07-07; 19:33:51; 434; 5; 38.78; 998.783515625; 20.537109375
2026-07-07; 19:34:51; 434; 5; 38.77; 998.8611328125; 20.525390625
2026-07-07; 19:35:51; 427; 4; 38.83; 998.7759765625; 20.4111328125
2026-07-07; 19:36:51; 423; 3; 38.82; 998.7967578125; 20.46875
2026-07-07; 19:37:51; 423; 3; 38.77; 998.8325390625; 20.466796875
2026-07-07; 19:38:51; 438; 5; 38.71; 998.8448828125; 20.1708984375
2026-07-07; 19:39:51; 409; 1; 38.77; 998.8533203125; 20.255859375
2026-07-07; 19:40:51; 418; 2; 38.8; 998.8512109375; 20.3974609375
2026-07-07; 19:41:51; 423; 3; 38.78; 998.791328125; 20.478515625
2026-07-07; 19:42:51; 433; 5; 38.78; 998.754921875; 20.466796875
2026-07-07; 19:43:51; 439; 5; 38.72; 998.7829296875; 20.5224609375
2026-07-07; 19:44:51; 439; 5; 38.74; 998.81421875; 20.5009765625
2026-07-07; 19:45:51; 413; 1; 38.73; 998.8557421875; 20.46484375
2026-07-07; 19:46:51; 413; 1; 38.73; 998.876484375; 20.44140625
2026-07-07; 19:47:51; 423; 3; 38.7; 998.89421875; 20.5810546875
2026-07-07; 19:48:51; 418; 2; 38.65; 998.979375; 20.40234375
2026-07-07; 19:49:51; 413; 1; 38.68; 999.0055859375; 20.416015625
2026-07-07; 19:50:51; 418; 2; 38.7; 998.971875; 20.5341796875
2026-07-07; 19:51:51; 426; 3; 38.72; 999.00375; 20.5576171875
2026-07-07; 19:52:51; 433; 5; 38.67; 999.03921875; 20.5205078125
2026-07-07; 19:53:51; 426; 3; 38.64; 998.9633984375; 20.53125
2026-07-07; 19:54:51; 423; 3; 38.7; 999.0943359375; 20.5341796875
2026-07-07; 19:55:51; 439; 5; 38.63; 998.976328125; 20.6005859375
2026-07-07; 19:56:51; 439; 5; 38.71; 999.1021484375; 20.5810546875
2026-07-07; 19:57:51; 452; 7; 38.66; 999.02359375; 20.63671875
2026-07-07; 19:58:51; 447; 7; 38.71; 999.1388671875; 20.5810546875
2026-07-07; 19:59:51; 452; 7; 38.71; 999.1307421875; 20.5576171875
2026-07-07; 20:00:51; 443; 6; 38.7; 999.143359375; 20.5458984375
2026-07-07; 20:01:51; 447; 7; 38.69; 999.164140625; 20.580078125
2026-07-07; 20:02:51; 447; 7; 38.61; 999.202265625; 20.693359375
2026-07-07; 20:03:51; 452; 7; 38.62; 999.1685546875; 20.6474609375
2026-07-07; 20:04:51; 456; 8; 38.57; 999.232890625; 20.66796875
2026-07-07; 20:05:51; 456; 8; 38.57; 999.212421875; 20.7158203125
2026-07-07; 20:06:51; 456; 8; 38.59; 999.1580078125; 20.693359375
2026-07-07; 20:07:51; 447; 7; 38.62; 999.1893359375; 20.6943359375
2026-07-07; 20:08:52; 456; 8; 38.59; 999.17875; 20.7392578125
2026-07-07; 20:09:52; 465; 9; 38.57; 999.2043359375; 20.7734375
2026-07-07; 20:10:52; 470; 10; 38.58; 999.19953125; 20.7275390625
2026-07-07; 20:11:52; 461; 9; 38.61; 999.173671875; 20.693359375
2026-07-07; 20:12:52; 447; 7; 38.61; 999.1451171875; 20.505859375
2026-07-07; 20:13:52; 452; 7; 38.54; 999.1651953125; 20.6552734375
2026-07-07; 20:14:52; 452; 7; 38.54; 999.1859375; 20.7607421875
2026-07-07; 20:15:52; 452; 7; 38.5; 999.1311328125; 20.6533203125
2026-07-07; 20:16:52; 447; 7; 38.51; 999.19609375; 20.771484375
2026-07-07; 20:17:52; 439; 5; 38.47; 999.1695703125; 20.6875
2026-07-07; 20:18:52; 423; 3; 38.46; 999.1175390625; 20.7216796875
2026-07-07; 20:19:52; 439; 5; 38.41; 999.2467578125; 20.8486328125
2026-07-07; 20:20:52; 439; 5; 38.4; 999.1661328125; 20.8125
2026-07-07; 20:21:52; 409; 1; 38.31; 999.1755859375; 20.890625
2026-07-07; 20:22:52; 418; 2; 38.3; 999.2248828125; 20.90234375
2026-07-07; 20:23:52; 426; 3; 38.34; 999.193984375; 20.974609375
2026-07-07; 20:24:52; 423; 3; 38.3; 999.1677734375; 20.9833984375
2026-07-07; 20:25:52; 439; 5; 38.24; 999.187421875; 21.0634765625
2026-07-07; 20:26:52; 423; 3; 38.11; 999.154609375; 20.9755859375
2026-07-07; 20:27:52; 433; 5; 38.17; 999.2774609375; 21.1181640625
2026-07-07; 20:28:52; 433; 5; 38.2; 999.145234375; 21.025390625
2026-07-07; 20:29:52; 418; 2; 38.16; 999.196484375; 21.0361328125
2026-07-07; 20:30:52; 423; 3; 38.15; 999.217265625; 21.0703125
2026-07-07; 20:31:52; 433; 5; 38.08; 999.1851171875; 21.21875
2026-07-07; 20:32:52; 443; 6; 38.14; 999.144453125; 21.1630859375
2026-07-07; 20:33:52; 452; 7; 38.1; 999.1674609375; 21.208984375
2026-07-07; 20:34:52; 452; 7; 38.16; 999.225078125; 21.140625
2026-07-07; 20:35:52; 452; 7; 38.14; 999.173046875; 21.08203125
2026-07-07; 20:36:52; 452; 7; 38.08; 999.19296875; 21.2314453125
2026-07-07; 20:37:52; 456; 8; 38.04; 999.15890625; 21.275390625
2026-07-07; 20:38:52; 456; 8; 38.02; 999.1639453125; 21.251953125
2026-07-07; 20:39:52; 456; 8; 38.03; 999.143203125; 21.251953125
2026-07-07; 20:40:52; 456; 8; 37.99; 999.13734375; 21.296875
2026-07-07; 20:41:52; 452; 7; 37.94; 999.1729296875; 21.3291015625
2026-07-07; 20:42:52; 456; 8; 37.86; 999.2185546875; 21.4541015625
2026-07-07; 20:43:52; 452; 7; 37.78; 999.1368359375; 21.486328125
2026-07-07; 20:44:52; 452; 7; 37.75; 999.1390625; 21.578125
2026-07-07; 20:45:52; 452; 7; 37.68; 999.2; 21.6796875
2026-07-07; 20:46:52; 456; 8; 37.62; 999.1344921875; 21.7353515625
2026-07-07; 20:47:52; 456; 8; 37.57; 999.1778515625; 21.767578125
2026-07-07; 20:48:52; 456; 8; 37.51; 999.091328125; 21.8583984375
2026-07-07; 20:49:52; 456; 8; 37.49; 999.16625; 21.904296875
2026-07-07; 20:50:53; 456; 8; 37.43; 999.1653515625; 21.9599609375
2026-07-07; 20:51:53; 461; 9; 37.42; 999.1988671875; 21.994140625
2026-07-07; 20:52:53; 461; 9; 37.39; 999.1800390625; 22.05078125
2026-07-07; 20:53:53; 461; 9; 37.34; 999.2521484375; 22.072265625
2026-07-07; 20:54:53; 465; 9; 37.28; 999.2144921875; 22.173828125
2026-07-07; 20:55:53; 465; 9; 37.21; 999.332578125; 22.240234375
2026-07-07; 20:56:53; 470; 10; 37.18; 999.1996875; 22.2744140625
2026-07-07; 20:57:53; 470; 10; 37.18; 999.37078125; 22.2861328125
2026-07-07; 20:58:53; 470; 10; 37.15; 999.3600390625; 22.3544921875
2026-07-07; 20:59:53; 476; 11; 37.09; 999.31484375; 22.3974609375
2026-07-07; 21:00:53; 483; 12; 37.06; 999.361171875; 22.443359375
2026-07-07; 21:01:53; 476; 11; 37.02; 999.3758203125; 22.4990234375
2026-07-07; 21:02:53; 483; 12; 36.98; 999.349140625; 22.451171875
2026-07-07; 21:03:53; 483; 12; 36.94; 999.3797265625; 22.5888671875
2026-07-07; 21:04:53; 486; 13; 36.93; 999.413203125; 22.587890625
2026-07-07; 21:05:53; 486; 13; 36.93; 999.3640625; 22.6123046875
2026-07-07; 21:06:53; 486; 13; 36.9; 999.451328125; 22.6572265625
2026-07-07; 21:07:53; 486; 13; 36.86; 999.417109375; 22.689453125
2026-07-07; 21:08:53; 486; 13; 36.88; 999.4848046875; 22.65625
2026-07-07; 21:09:53; 492; 14; 36.85; 999.40078125; 22.689453125
2026-07-07; 21:10:53; 492; 14; 36.81; 999.3665625; 22.7451171875
2026-07-07; 21:11:53; 492; 14; 36.73; 999.391015625; 22.7880859375
2026-07-07; 21:12:53; 497; 14; 36.65; 999.358515625; 22.9013671875
2026-07-07; 21:13:53; 497; 14; 36.7; 999.3436328125; 22.8447265625
2026-07-07; 21:14:53; 497; 14; 36.67; 999.3898828125; 22.85546875
2026-07-07; 21:15:53; 492; 14; 36.68; 999.4340625; 22.890625
2026-07-07; 21:16:53; 492; 14; 36.62; 999.3602734375; 22.9462890625
2026-07-07; 21:17:53; 486; 13; 36.59; 999.34953125; 22.9677734375
2026-07-07; 21:18:53; 497; 14; 36.56; 999.35125; 23.0244140625
2026-07-07; 21:19:53; 492; 14; 36.56; 999.387578125; 23.0126953125
2026-07-07; 21:20:53; 497; 14; 36.49; 999.3550390625; 23.11328125
2026-07-07; 21:21:53; 497; 14; 36.47; 999.3884765625; 23.1484375
2026-07-07; 21:22:53; 492; 14; 36.45; 999.3855859375; 23.1474609375
2026-07-07; 21:23:53; 497; 14; 36.43; 999.439296875; 23.1806640625
2026-07-07; 21:24:53; 492; 14; 36.46; 999.3728125; 23.1708984375
2026-07-07; 21:25:53; 497; 14; 36.39; 999.4334765625; 23.2255859375
2026-07-07; 21:26:53; 497; 14; 36.4; 999.4285546875; 23.23828125
2026-07-07; 21:27:53; 497; 14; 36.38; 999.389296875; 23.224609375
2026-07-07; 21:28:53; 497; 14; 36.33; 999.4319921875; 23.2919921875
2026-07-07; 21:29:53; 497; 14; 36.27; 999.4150390625; 23.4052734375
2026-07-07; 21:30:53; 497; 14; 36.26; 999.3993359375; 23.3935546875
2026-07-07; 21:31:53; 497; 14; 36.21; 999.3853125; 23.42578125
2026-07-07; 21:32:53; 497; 14; 36.18; 999.4442578125; 23.4931640625
2026-07-07; 21:33:54; 505; 15; 36.21; 999.442265625; 23.4375
2026-07-07; 21:34:54; 497; 14; 36.16; 999.399765625; 23.4931640625
2026-07-07; 21:35:54; 497; 14; 36.15; 999.355625; 23.515625
2026-07-07; 21:36:54; 497; 14; 36.04; 999.459375; 23.6494140625
2026-07-07; 21:37:54; 505; 15; 36.0; 999.5464453125; 23.7060546875
2026-07-07; 21:38:54; 505; 15; 35.98; 999.4296484375; 23.728515625
2026-07-07; 21:39:54; 505; 15; 35.92; 999.42046875; 23.771484375
2026-07-07; 21:40:54; 505; 15; 35.95; 999.516640625; 23.7724609375
2026-07-07; 21:41:54; 505; 15; 35.95; 999.58140625; 23.7724609375
2026-07-07; 21:42:54; 505; 15; 35.99; 999.5228515625; 23.728515625
2026-07-07; 21:43:54; 508; 16; 35.96; 999.540234375; 23.73828125
2026-07-07; 21:44:54; 508; 16; 35.92; 999.562734375; 23.8408203125
2026-07-07; 21:45:54; 508; 16; 35.88; 999.5846875; 23.8388671875
2026-07-07; 21:46:54; 518; 17; 35.93; 999.5784765625; 23.794921875
2026-07-07; 21:47:54; 508; 16; 35.89; 999.600390625; 23.8974609375
2026-07-07; 21:48:54; 518; 17; 35.82; 999.6117578125; 23.9404296875
2026-07-07; 21:49:54; 508; 16; 35.83; 999.599375; 23.953125
2026-07-07; 21:50:54; 518; 17; 35.85; 999.65921875; 23.9072265625
2026-07-07; 21:51:54; 518; 17; 35.82; 999.6687109375; 23.9169921875
2026-07-07; 21:52:54; 518; 17; 35.82; 999.725625; 23.9404296875
2026-07-07; 21:53:54; 524; 18; 35.75; 999.6721875; 24.0302734375
2026-07-07; 21:54:54; 518; 17; 35.74; 999.7702734375; 24.041015625
2026-07-07; 21:55:54; 518; 17; 35.69; 999.7119921875; 24.107421875
2026-07-07; 21:56:54; 518; 17; 35.7; 999.7643359375; 24.07421875
2026-07-07; 21:57:54; 518; 17; 35.7; 999.7643359375; 24.1318359375
2026-07-07; 21:58:54; 518; 17; 35.63; 999.8246875; 24.208984375
2026-07-07; 21:59:54; 524; 18; 35.64; 999.755078125; 24.1748046875
2026-07-07; 22:00:54; 524; 18; 35.62; 999.7520703125; 24.2080078125
2026-07-07; 22:01:54; 524; 18; 35.63; 999.7677734375; 24.220703125
2026-07-07; 22:02:54; 533; 20; 35.61; 999.7929296875; 24.2080078125
2026-07-07; 22:03:54; 524; 18; 35.56; 999.8565625; 24.275390625
2026-07-07; 22:04:54; 533; 20; 35.52; 999.8296875; 24.296875
2026-07-07; 22:05:54; 533; 20; 35.54; 999.7758203125; 24.3203125
2026-07-07; 22:06:54; 524; 18; 35.57; 999.8438671875; 24.298828125
2026-07-07; 22:07:54; 533; 20; 35.51; 999.842421875; 24.3310546875
2026-07-07; 22:08:54; 533; 20; 35.46; 999.820390625; 24.4208984375
2026-07-07; 22:09:54; 533; 20; 35.5; 999.875703125; 24.3642578125
2026-07-07; 22:10:54; 533; 20; 35.51; 999.927734375; 24.3427734375
2026-07-07; 22:11:54; 533; 20; 35.45; 999.89; 24.3857421875
2026-07-07; 22:12:54; 533; 20; 35.47; 999.8851171875; 24.38671875
2026-07-07; 22:13:54; 536; 20; 35.42; 999.9202734375; 24.4765625
2026-07-07; 22:14:54; 536; 20; 35.41; 999.9039453125; 24.4296875
2026-07-07; 22:15:54; 536; 20; 35.42; 999.928125; 24.4541015625
2026-07-07; 22:16:55; 536; 20; 35.39; 999.9656640625; 24.4873046875
2026-07-07; 22:17:55; 536; 20; 35.4; 999.9813671875; 24.4755859375
2026-07-07; 22:18:55; 536; 20; 35.34; 999.97203125; 24.599609375
2026-07-07; 22:19:55; 542; 21; 35.34; 999.98015625; 24.5419921875
2026-07-07; 22:20:55; 542; 21; 35.29; 1000.0149609375; 24.62109375
2026-07-07; 22:21:55; 542; 21; 35.33; 1000.013125; 24.587890625
2026-07-07; 22:22:55; 542; 21; 35.31; 1000.0101171875; 24.65625
2026-07-07; 22:23:55; 542; 21; 35.3; 1000.0796875; 24.64453125
2026-07-07; 22:24:55; 542; 21; 35.27; 999.9753125; 24.654296875
2026-07-07; 22:25:55; 548; 22; 35.3; 1000.05125; 24.64453125
2026-07-07; 22:26:55; 542; 21; 35.24; 1000.021328125; 24.69921875
2026-07-07; 22:27:55; 542; 21; 35.26; 1000.016484375; 24.630859375
2026-07-07; 22:28:55; 548; 22; 35.21; 1000.0309765625; 24.732421875
2026-07-07; 22:29:55; 548; 22; 35.23; 1000.0261328125; 24.65234375
2026-07-07; 22:30:55; 553; 23; 35.18; 1000.0971875; 24.82421875
2026-07-07; 22:31:55; 553; 23; 35.2; 1000.071796875; 24.7783203125
2026-07-07; 22:32:55; 553; 23; 35.17; 1000.1304296875; 24.7880859375
2026-07-07; 22:33:55; 553; 23; 35.18; 1000.0971875; 24.82421875
2026-07-07; 22:34:55; 553; 23; 35.19; 1000.1050390625; 24.75390625
2026-07-07; 22:35:55; 553; 23; 35.16; 1000.1794140625; 24.7880859375
2026-07-07; 22:36:55; 548; 22; 35.12; 1000.16515625; 24.8203125
2026-07-07; 22:37:55; 553; 23; 35.12; 1000.116171875; 24.9130859375
2026-07-07; 22:38:55; 548; 22; 35.11; 1000.1288671875; 24.935546875
2026-07-07; 22:39:55; 553; 23; 35.12; 1000.19359375; 24.9013671875
2026-07-07; 22:40:55; 553; 23; 35.15; 1000.163671875; 24.8564453125
2026-07-07; 22:41:55; 561; 24; 35.11; 1000.214140625; 24.83203125
2026-07-07; 22:42:55; 553; 23; 35.11; 1000.1573046875; 24.935546875
2026-07-07; 22:43:55; 561; 24; 35.1; 1000.2268359375; 24.8427734375
2026-07-07; 22:44:55; 561; 24; 35.06; 1000.16359375; 24.9208984375
2026-07-07; 22:45:55; 553; 23; 35.08; 1000.231640625; 24.96875
2026-07-07; 22:46:55; 561; 24; 35.06; 1000.277265625; 24.91015625
2026-07-07; 22:47:55; 561; 24; 35.0; 1000.239375; 25.0341796875
2026-07-07; 22:48:55; 561; 24; 35.04; 1000.3105078125; 24.990234375
2026-07-07; 22:49:55; 561; 24; 35.0; 1000.239375; 25.0107421875
2026-07-07; 22:50:55; 561; 24; 34.98; 1000.301015625; 25.021484375
2026-07-07; 22:51:55; 561; 24; 34.97; 1000.2284765625; 25.0556640625
2026-07-07; 22:52:55; 561; 24; 34.96; 1000.20484375; 25.13671875
2026-07-07; 22:53:55; 561; 24; 34.95; 1000.274375; 25.1357421875
2026-07-07; 22:54:55; 561; 24; 34.91; 1000.26765625; 25.1455078125
2026-07-07; 22:55:55; 561; 24; 34.92; 1000.2915625; 25.1689453125
2026-07-07; 22:56:55; 561; 24; 34.9; 1000.2881640625; 25.2265625
2026-07-07; 22:57:55; 567; 25; 34.92; 1000.3120703125; 25.1220703125
2026-07-07; 22:58:55; 561; 24; 34.91; 1000.324453125; 25.203125
2026-07-07; 22:59:56; 567; 25; 34.89; 1000.3213671875; 25.236328125
2026-07-07; 23:00:56; 567; 25; 34.86; 1000.3101171875; 25.4208984375
2026-07-07; 23:01:56; 574; 26; 34.87; 1000.2977734375; 25.201171875
2026-07-07; 23:02:56; 567; 25; 34.85; 1000.2659765625; 25.24609375
2026-07-07; 23:03:56; 567; 25; 34.83; 1000.3197265625; 25.3037109375
2026-07-07; 23:04:56; 561; 24; 34.81; 1000.32453125; 25.337890625
2026-07-07; 23:05:56; 567; 25; 34.81; 1000.345078125; 25.291015625
2026-07-07; 23:06:56; 567; 25; 34.79; 1000.321171875; 25.37109375
2026-07-07; 23:07:56; 574; 26; 34.78; 1000.4395703125; 25.380859375
2026-07-07; 23:08:56; 574; 26; 34.77; 1000.36703125; 25.3466796875
2026-07-07; 23:09:56; 574; 26; 34.76; 1000.4728125; 25.357421875
2026-07-07; 23:10:56; 574; 26; 34.78; 1000.4190625; 25.2890625
2026-07-07; 23:11:56; 574; 26; 34.78; 1000.49640625; 25.3701171875
2026-07-07; 23:12:56; 567; 25; 34.78; 1000.4395703125; 25.3583984375
2026-07-07; 23:13:56; 574; 26; 34.81; 1000.4381640625; 25.291015625
2026-07-07; 23:14:56; 574; 26; 34.76; 1000.5501171875; 25.357421875
2026-07-07; 23:15:56; 574; 26; 34.73; 1000.5312890625; 25.4482421875
2026-07-07; 23:16:56; 574; 26; 34.74; 1000.5470703125; 25.3671875
2026-07-07; 23:17:56; 574; 26; 34.72; 1000.579921875; 25.4365234375
2026-07-07; 23:18:56; 574; 26; 34.7; 1000.5200390625; 25.4462890625
2026-07-07; 23:19:56; 584; 28; 34.71; 1000.5279296875; 25.5048828125
2026-07-07; 23:20:56; 574; 26; 34.68; 1000.5453515625; 25.46875
2026-07-07; 23:21:56; 574; 26; 34.67; 1000.5785546875; 25.46875
2026-07-07; 23:22:56; 584; 28; 34.62; 1000.6209375; 25.5927734375
2026-07-07; 23:23:56; 584; 28; 34.64; 1000.5956640625; 25.5712890625
2026-07-07; 23:24:56; 584; 28; 34.63; 1000.60828125; 25.5361328125
2026-07-07; 23:25:56; 574; 26; 34.62; 1000.6209375; 25.5927734375
2026-07-07; 23:26:56; 574; 26; 34.6; 1000.638359375; 25.6728515625
2026-07-07; 23:27:56; 584; 28; 34.54; 1000.6729296875; 25.658203125
2026-07-07; 23:28:56; 574; 26; 34.54; 1000.636640625; 25.7265625
2026-07-07; 23:29:56; 574; 26; 34.57; 1000.5987109375; 25.625
2026-07-08; 02:24:14; 400; 0; 33.37; 1001.4273046875; 27.3359375
2026-07-08; 02:25:14; 400; 0; 33.39; 1001.43875; 27.326171875
2026-07-08; 02:26:14; 400; 0; 33.4; 1001.4828515625; 27.28125
2026-07-08; 02:27:14; 400; 0; 33.42; 1001.514765625; 27.3046875
2026-07-08; 02:28:14; 402; 0; 33.42; 1001.478203125; 27.31640625
2026-07-08; 02:29:14; 400; 0; 33.42; 1001.48640625; 27.2705078125
2026-07-08; 02:30:14; 403; 0; 33.43; 1001.5793359375; 27.2822265625
2026-07-08; 02:31:14; 405; 0; 33.41; 1001.52703125; 27.3046875
2026-07-08; 02:32:14; 405; 0; 33.49; 1001.560625; 27.216796875
2026-07-08; 02:33:14; 405; 0; 33.47; 1001.5086328125; 27.2041015625
2026-07-08; 02:34:14; 405; 0; 33.48; 1001.5527734375; 27.2509765625
2026-07-08; 02:35:14; 400; 0; 33.47; 1001.5574609375; 27.2041015625
2026-07-08; 02:36:14; 400; 0; 33.47; 1001.536953125; 27.2275390625
2026-07-08; 02:37:14; 400; 0; 33.45; 1001.5620703125; 27.21484375
2026-07-08; 02:38:14; 400; 0; 33.5; 1001.6538671875; 27.1708984375
2026-07-08; 02:39:14; 403; 0; 33.47; 1001.6424609375; 27.1689453125
2026-07-08; 02:40:14; 403; 0; 33.48; 1001.6378125; 27.2509765625
2026-07-08; 02:41:15; 400; 0; 33.46; 1001.541640625; 27.2490234375
2026-07-08; 02:42:15; 406; 0; 33.47; 1001.5937109375; 27.2392578125
2026-07-08; 02:43:15; 407; 1; 33.48; 1001.6015625; 27.1123046875
2026-07-08; 02:44:15; 407; 1; 33.53; 1001.652421875; 27.126953125
2026-07-08; 02:45:15; 407; 1; 33.52; 1001.657109375; 27.16015625
2026-07-08; 02:46:15; 400; 0; 33.48; 1001.6661328125; 27.205078125
2026-07-08; 02:47:15; 400; 0; 33.47; 1001.62203125; 27.169921875
2026-07-08; 02:48:15; 400; 0; 33.47; 1001.6787109375; 27.2041015625
2026-07-08; 02:49:15; 402; 0; 33.5; 1001.682265625; 27.1357421875
2026-07-08; 02:50:15; 400; 0; 33.47; 1001.7275390625; 27.2041015625
2026-07-08; 02:51:15; 403; 0; 33.44; 1001.6880859375; 27.259765625
2026-07-08; 02:52:15; 403; 0; 33.47; 1001.735390625; 27.2158203125
2026-07-08; 02:53:15; 400; 0; 33.48; 1001.7228515625; 27.1591796875
2026-07-08; 02:54:15; 405; 0; 33.5; 1001.682265625; 27.1826171875
2026-07-08; 02:55:15; 405; 0; 33.48; 1001.7149609375; 27.1923828125
2026-07-08; 02:56:15; 405; 0; 33.46; 1001.796796875; 27.2490234375
2026-07-08; 02:57:15; 405; 0; 33.42; 1001.7698828125; 27.3046875
2026-07-08; 02:58:15; 405; 0; 33.45; 1001.7321875; 27.2490234375
2026-07-08; 02:59:15; 405; 0; 33.46; 1001.74796875; 27.203125
2026-07-08; 03:00:15; 400; 0; 33.46; 1001.74796875; 27.23828125
2026-07-08; 03:01:15; 403; 0; 33.47; 1001.8125390625; 27.1572265625
2026-07-08; 03:02:15; 403; 0; 33.47; 1001.792109375; 27.2158203125
2026-07-08; 03:03:15; 400; 0; 33.44; 1001.8581640625; 27.271484375
2026-07-08; 03:04:15; 400; 0; 33.43; 1001.8140234375; 27.248046875
2026-07-08; 03:05:15; 405; 0; 33.43; 1001.7777734375; 27.248046875
2026-07-08; 03:06:15; 405; 0; 33.44; 1001.793515625; 27.294921875
2026-07-08; 03:07:15; 400; 0; 33.45; 1001.78890625; 27.2265625
2026-07-08; 03:08:15; 405; 0; 33.44; 1001.850234375; 27.236328125
2026-07-08; 03:09:15; 400; 0; 33.44; 1001.850234375; 27.259765625
2026-07-08; 03:10:15; 400; 0; 33.41; 1001.77421875; 27.3046875
2026-07-08; 03:11:15; 402; 0; 33.42; 1001.7900390625; 27.2236328125
2026-07-08; 03:12:15; 402; 0; 33.42; 1001.8548828125; 27.2353515625
2026-07-08; 03:13:15; 402; 0; 33.44; 1001.8219140625; 27.259765625
2026-07-08; 03:14:15; 402; 0; 33.44; 1001.8219140625; 27.283203125
2026-07-08; 03:15:15; 402; 0; 33.42; 1001.798203125; 27.2705078125
2026-07-08; 03:16:15; 402; 0; 33.43; 1001.7777734375; 27.2705078125
2026-07-08; 03:17:15; 400; 0; 33.4; 1001.786796875; 27.3037109375
2026-07-08; 03:18:15; 400; 0; 33.42; 1001.8548828125; 27.2470703125
2026-07-08; 03:19:15; 405; 0; 33.42; 1001.7616796875; 27.2578125
2026-07-08; 03:20:15; 405; 0; 33.4; 1001.73796875; 27.28125
2026-07-08; 03:21:15; 405; 0; 33.43; 1001.80609375; 27.248046875
2026-07-08; 03:22:15; 405; 0; 33.38; 1001.848125; 27.3369140625
2026-07-08; 03:23:16; 405; 0; 33.37; 1001.6903125; 27.3359375
2026-07-08; 03:24:16; 400; 0; 33.39; 1001.7221875; 27.326171875
2026-07-08; 03:25:16; 400; 0; 33.4; 1001.81515625; 27.326171875
2026-07-08; 03:26:16; 405; 0; 33.38; 1001.819765625; 27.326171875
2026-07-08; 03:27:16; 400; 0; 33.37; 1001.7391015625; 27.37109375
2026-07-08; 03:28:16; 400; 0; 33.37; 1001.83203125; 27.3828125
2026-07-08; 03:29:16; 400; 0; 33.38; 1001.8966015625; 27.3486328125
2026-07-08; 03:30:16; 400; 0; 33.38; 1001.8764453125; 27.2451171875
2026-07-08; 03:31:16; 403; 0; 33.37; 1001.8603515625; 27.359375
2026-07-08; 03:32:16; 403; 0; 33.37; 1001.8524609375; 27.3935546875
2026-07-08; 03:33:16; 403; 0; 33.35; 1001.84890625; 27.392578125
2026-07-08; 03:34:16; 403; 0; 33.38; 1001.8966015625; 27.3369140625
2026-07-08; 03:35:16; 400; 0; 33.38; 1001.86828125; 27.3603515625
2026-07-08; 03:36:16; 400; 0; 33.37; 1001.83203125; 27.3134765625
2026-07-08; 03:37:16; 403; 0; 33.36; 1001.8445703125; 27.359375
2026-07-08; 03:38:16; 403; 0; 33.36; 1001.95796875; 27.3359375
2026-07-08; 03:39:16; 403; 0; 33.36; 1001.8729296875; 27.3359375
2026-07-08; 03:40:16; 403; 0; 33.35; 1001.88515625; 27.3701171875
2026-07-08; 03:41:16; 407; 1; 33.37; 1001.79578125; 27.3251953125
2026-07-08; 03:42:16; 403; 0; 33.37; 1001.824140625; 27.34765625
2026-07-08; 03:43:16; 403; 0; 33.36; 1001.8650390625; 27.3583984375
2026-07-08; 03:44:16; 407; 1; 33.37; 1001.79578125; 27.2900390625
2026-07-08; 03:45:16; 403; 0; 33.33; 1001.8740234375; 27.3916015625
2026-07-08; 03:46:16; 407; 1; 33.36; 1001.8650390625; 27.34765625
2026-07-08; 03:47:16; 403; 0; 33.36; 1001.8650390625; 27.3935546875
2026-07-08; 03:48:16; 407; 1; 33.34; 1001.861484375; 27.392578125
2026-07-08; 03:49:16; 403; 0; 33.32; 1001.7448828125; 27.42578125
2026-07-08; 03:50:16; 407; 1; 33.32; 1001.69609375; 27.4140625
2026-07-08; 03:51:16; 407; 1; 33.31; 1001.8219921875; 27.4482421875
2026-07-08; 03:52:16; 407; 1; 33.34; 1001.756015625; 27.416015625
2026-07-08; 03:53:16; 403; 0; 33.33; 1001.7606640625; 27.3916015625
2026-07-08; 03:54:16; 403; 0; 33.34; 1001.72765625; 27.3583984375
2026-07-08; 03:55:16; 403; 0; 33.32; 1001.78109375; 27.3916015625
2026-07-08; 03:56:16; 403; 0; 33.32; 1001.78109375; 27.3798828125
2026-07-08; 03:57:16; 403; 0; 33.33; 1001.81734375; 27.369140625
2026-07-08; 03:58:16; 403; 0; 33.31; 1001.6441015625; 27.3896484375
2026-07-08; 03:59:16; 403; 0; 33.27; 1001.701875; 27.4580078125
2026-07-08; 04:00:16; 403; 0; 33.29; 1001.705390625; 27.447265625
2026-07-08; 04:01:16; 403; 0; 33.28; 1001.71765625; 27.4580078125
2026-07-08; 04:02:16; 403; 0; 33.3; 1001.6849609375; 27.4130859375
2026-07-08; 04:03:16; 400; 0; 33.3; 1001.7212109375; 27.35546875
2026-07-08; 04:04:16; 408; 1; 33.29; 1001.6487109375; 27.470703125
2026-07-08; 04:05:16; 408; 1; 33.26; 1001.6860546875; 27.4111328125
2026-07-08; 04:06:17; 408; 1; 33.26; 1001.6215234375; 27.4912109375
2026-07-08; 04:07:17; 405; 0; 33.27; 1001.552265625; 27.43359375
2026-07-08; 04:08:17; 405; 0; 33.25; 1001.5852734375; 27.4912109375
2026-07-08; 04:09:17; 405; 0; 33.26; 1001.6215234375; 27.5029296875
2026-07-08; 04:10:17; 408; 1; 33.25; 1001.5490234375; 27.525390625
2026-07-08; 04:11:17; 405; 0; 33.24; 1001.5127734375; 27.501953125
2026-07-08; 04:12:17; 405; 0; 33.23; 1001.5537109375; 27.5009765625
2026-07-08; 04:13:17; 405; 0; 33.23; 1001.5253515625; 27.4775390625
2026-07-08; 04:14:17; 405; 0; 33.25; 1001.5569140625; 27.5029296875
2026-07-08; 04:15:17; 405; 0; 33.24; 1001.569453125; 27.513671875
2026-07-08; 04:16:17; 405; 0; 33.23; 1001.6025; 27.5244140625
2026-07-08; 04:17:17; 405; 0; 33.21; 1001.5863671875; 27.5810546875
2026-07-08; 04:18:17; 405; 0; 33.2; 1001.619375; 27.5458984375
2026-07-08; 04:19:17; 405; 0; 33.21; 1001.606796875; 27.5458984375
2026-07-08; 04:20:17; 400; 0; 33.21; 1001.5863671875; 27.5927734375
2026-07-08; 04:21:17; 400; 0; 33.21; 1001.6351171875; 27.5576171875
2026-07-08; 04:22:17; 405; 0; 33.21; 1001.5784765625; 27.5810546875
2026-07-08; 04:23:17; 405; 0; 33.19; 1001.6681640625; 27.580078125
2026-07-08; 04:24:17; 405; 0; 33.18; 1001.6727734375; 27.625
2026-07-08; 04:25:17; 409; 1; 33.17; 1001.6365625; 27.61328125
2026-07-08; 04:26:17; 405; 0; 33.19; 1001.7248046875; 27.568359375
2026-07-08; 04:27:17; 405; 0; 33.16; 1001.70578125; 27.6123046875
2026-07-08; 04:28:17; 405; 0; 33.13; 1001.7351953125; 27.69140625
2026-07-08; 04:29:17; 400; 0; 33.18; 1001.729453125; 27.5791015625
2026-07-08; 04:30:17; 400; 0; 33.17; 1001.749921875; 27.63671875
2026-07-08; 04:31:17; 405; 0; 33.18; 1001.729453125; 27.5908203125
2026-07-08; 04:32:17; 400; 0; 33.17; 1001.713671875; 27.5556640625
2026-07-08; 04:33:17; 400; 0; 33.13; 1001.7430859375; 27.611328125
2026-07-08; 04:34:17; 402; 0; 33.11; 1001.7602734375; 27.6669921875
2026-07-08; 04:35:17; 402; 0; 33.15; 1001.73875; 27.681640625
2026-07-08; 04:36:17; 402; 0; 33.14; 1001.7509765625; 27.6689453125
2026-07-08; 04:37:17; 402; 0; 33.16; 1001.7341015625; 27.6591796875
2026-07-08; 04:38:17; 402; 0; 33.12; 1001.6989453125; 27.7021484375
2026-07-08; 04:39:17; 402; 0; 33.11; 1001.711484375; 27.7255859375
2026-07-08; 04:40:17; 407; 1; 33.14; 1001.6659765625; 27.6572265625
2026-07-08; 04:41:17; 402; 0; 33.15; 1001.7183203125; 27.6474609375
2026-07-08; 04:42:17; 402; 0; 33.13; 1001.7918359375; 27.703125
2026-07-08; 04:43:17; 402; 0; 33.13; 1001.8280859375; 27.7265625
2026-07-08; 04:44:17; 407; 1; 33.12; 1001.812265625; 27.7255859375
2026-07-08; 04:45:17; 407; 1; 33.13; 1001.7918359375; 27.703125
2026-07-08; 04:46:17; 402; 0; 33.1; 1001.8090234375; 27.701171875
2026-07-08; 04:47:17; 407; 1; 33.1; 1001.8940234375; 27.6787109375
2026-07-08; 04:48:17; 402; 0; 33.12; 1001.812265625; 27.7138671875
2026-07-08; 04:49:18; 402; 0; 33.12; 1001.925625; 27.69140625
2026-07-08; 04:50:18; 402; 0; 33.1; 1001.8940234375; 27.712890625
2026-07-08; 04:51:18; 400; 0; 33.11; 1001.930234375; 27.748046875
2026-07-08; 04:52:18; 402; 0; 33.06; 1001.9438671875; 27.802734375
2026-07-08; 04:53:18; 402; 0; 33.08; 1001.89078125; 27.76953125
2026-07-08; 04:54:18; 402; 0; 33.09; 1001.9553125; 27.7119140625
2026-07-08; 04:55:18; 400; 0; 33.08; 1001.9191015625; 27.76953125
2026-07-08; 04:56:18; 402; 0; 33.05; 1001.8997265625; 27.767578125
2026-07-08; 04:57:18; 400; 0; 33.07; 1001.931328125; 27.7919921875
2026-07-08; 04:58:18; 402; 0; 33.09; 1001.9915625; 27.74609375
2026-07-08; 04:59:18; 402; 0; 33.08; 1001.93921875; 27.8037109375
2026-07-08; 05:00:18; 402; 0; 33.09; 1001.9269921875; 27.79296875
2026-07-08; 05:01:18; 402; 0; 33.09; 1001.9348828125; 27.76953125
2026-07-08; 05:02:18; 402; 0; 33.05; 1001.87140625; 27.767578125
2026-07-08; 05:03:18; 402; 0; 33.03; 1001.945234375; 27.8466796875
2026-07-08; 05:04:18; 402; 0; 33.02; 1001.908984375; 27.869140625
2026-07-08; 05:05:18; 400; 0; 33.03; 1001.953125; 27.8583984375
2026-07-08; 05:06:18; 400; 0; 33.02; 1002.050625; 27.8466796875
2026-07-08; 05:07:18; 402; 0; 33.03; 1001.9248046875; 27.8701171875
2026-07-08; 05:08:18; 400; 0; 33.03; 1002.001875; 27.880859375
2026-07-08; 05:09:18; 400; 0; 33.02; 1001.993984375; 27.8466796875
2026-07-08; 05:10:18; 403; 0; 33.02; 1002.042734375; 27.857421875
2026-07-08; 05:11:18; 403; 0; 33.01; 1002.08328125; 27.9033203125
2026-07-08; 05:12:18; 403; 0; 33.0; 1002.0674609375; 27.9140625
2026-07-08; 05:13:18; 403; 0; 33.02; 1002.0710546875; 27.857421875
2026-07-08; 05:14:18; 403; 0; 32.99; 1002.023359375; 27.9013671875
2026-07-08; 05:15:18; 403; 0; 32.98; 1001.97921875; 27.970703125
2026-07-08; 05:16:18; 406; 0; 32.97; 1001.9633984375; 27.9580078125
2026-07-08; 05:17:18; 403; 0; 32.99; 1002.023359375; 27.958984375
2026-07-08; 05:18:18; 403; 0; 33.0; 1002.0391796875; 27.9140625
2026-07-08; 05:19:18; 406; 0; 32.99; 1002.023359375; 27.9365234375
2026-07-08; 05:20:18; 406; 0; 32.99; 1002.0516796875; 27.9130859375
2026-07-08; 05:21:18; 403; 0; 32.96; 1002.0971484375; 27.9697265625
2026-07-08; 05:22:18; 406; 0; 32.96; 1002.032578125; 27.9921875
2026-07-08; 05:23:18; 406; 0; 32.97; 1002.07671875; 27.9697265625
2026-07-08; 05:24:18; 406; 0; 32.99; 1002.08; 27.9130859375
2026-07-08; 05:25:18; 403; 0; 32.98; 1002.1004296875; 27.958984375
2026-07-08; 05:26:18; 406; 0; 33.0; 1002.124140625; 27.9140625
2026-07-08; 05:27:18; 403; 0; 32.99; 1002.108359375; 27.9248046875
2026-07-08; 05:28:18; 403; 0; 32.98; 1002.12875; 27.994140625
2026-07-08; 05:29:18; 410; 1; 32.98; 1002.1775; 27.9931640625
2026-07-08; 05:30:18; 406; 0; 32.95; 1002.166328125; 28.0029296875
2026-07-08; 05:31:19; 403; 0; 32.95; 1002.1867578125; 27.9921875
2026-07-08; 05:32:19; 403; 0; 32.92; 1002.1831640625; 28.025390625
2026-07-08; 05:33:19; 403; 0; 32.93; 1002.14234375; 28.025390625
2026-07-08; 05:34:19; 403; 0; 32.96; 1002.0971484375; 28.0048828125
2026-07-08; 05:35:19; 400; 0; 32.92; 1002.2035546875; 28.0712890625
2026-07-08; 05:36:19; 400; 0; 32.92; 1002.1548046875; 28.013671875
2026-07-08; 05:37:19; 400; 0; 32.93; 1002.0856640625; 28.0146484375
2026-07-08; 05:38:19; 405; 0; 32.92; 1002.1752734375; 28.0361328125
2026-07-08; 05:39:19; 405; 0; 32.92; 1002.1469140625; 28.0478515625
2026-07-08; 05:40:19; 400; 0; 32.91; 1002.110703125; 28.0712890625
2026-07-08; 05:41:19; 403; 0; 32.9; 1002.208203125; 28.0927734375
2026-07-08; 05:42:19; 403; 0; 32.91; 1002.159453125; 28.08203125
2026-07-08; 05:43:19; 403; 0; 32.93; 1002.162734375; 28.025390625
2026-07-08; 05:44:19; 403; 0; 32.93; 1002.1910546875; 28.025390625
2026-07-08; 05:45:19; 408; 1; 32.92; 1002.1752734375; 28.0478515625
2026-07-08; 05:46:19; 405; 0; 32.92; 1002.2114453125; 28.037109375
2026-07-08; 05:47:19; 405; 0; 32.91; 1002.1390234375; 28.0595703125
2026-07-08; 05:48:19; 408; 1; 32.92; 1002.2114453125; 28.0478515625
2026-07-08; 05:49:19; 405; 0; 32.88; 1002.0916015625; 28.103515625
2026-07-08; 05:50:19; 405; 0; 32.93; 1002.162734375; 28.0595703125
2026-07-08; 05:51:19; 405; 0; 32.89; 1002.09953125; 28.091796875
2026-07-08; 05:52:19; 405; 0; 32.89; 1002.1640625; 28.1044921875
2026-07-08; 05:53:19; 405; 0; 32.89; 1002.1923828125; 28.0693359375
2026-07-08; 05:54:19; 405; 0; 32.87; 1002.1891015625; 28.1025390625
2026-07-08; 05:55:19; 405; 0; 32.88; 1002.168671875; 28.0791015625
2026-07-08; 05:56:19; 405; 0; 32.87; 1002.16078125; 28.1142578125
2026-07-08; 05:57:19; 405; 0; 32.86; 1002.2217578125; 28.11328125
2026-07-08; 05:58:19; 405; 0; 32.87; 1002.1891015625; 28.1259765625
2026-07-08; 05:59:19; 408; 1; 32.86; 1002.2012890625; 28.13671875
2026-07-08; 06:00:19; 408; 1; 32.91; 1002.280625; 28.0478515625
2026-07-08; 06:01:19; 405; 0; 32.88; 1002.2048828125; 28.091796875
2026-07-08; 06:02:19; 405; 0; 32.89; 1002.32609375; 28.115234375
2026-07-08; 06:03:19; 405; 0; 32.89; 1002.269453125; 28.0576171875
2026-07-08; 06:04:19; 400; 0; 32.89; 1002.2977734375; 28.103515625
2026-07-08; 06:05:19; 405; 0; 32.88; 1002.3102734375; 28.1142578125
2026-07-08; 06:06:19; 408; 1; 32.86; 1002.2500390625; 28.1357421875
2026-07-08; 06:07:19; 400; 0; 32.87; 1002.3590234375; 28.0908203125
2026-07-08; 06:08:19; 408; 1; 32.85; 1002.3472265625; 28.11328125
2026-07-08; 06:09:19; 405; 0; 32.89; 1002.3623046875; 28.0576171875
2026-07-08; 06:10:19; 408; 1; 32.91; 1002.337265625; 28.0595703125
2026-07-08; 06:11:19; 408; 1; 32.92; 1002.3248046875; 28.0478515625
2026-07-08; 06:12:19; 405; 0; 32.91; 1002.4505859375; 28.0244140625
2026-07-08; 06:13:19; 400; 0; 32.9; 1002.4064453125; 28.0693359375
2026-07-08; 06:14:20; 400; 0; 32.89; 1002.4394140625; 28.103515625
2026-07-08; 06:15:20; 400; 0; 32.92; 1002.46640625; 28.037109375
2026-07-08; 06:16:20; 405; 0; 32.93; 1002.4459765625; 28.025390625
2026-07-08; 06:17:20; 405; 0; 32.94; 1002.4617578125; 27.9912109375
2026-07-08; 06:18:20; 405; 0; 32.9; 1002.5197265625; 28.0810546875
2026-07-08; 06:19:20; 405; 0; 32.91; 1002.4505859375; 28.0712890625
2026-07-08; 06:20:20; 405; 0; 32.92; 1002.4018359375; 28.0361328125
2026-07-08; 06:21:20; 405; 0; 32.89; 1002.3827734375; 28.115234375
2026-07-08; 06:22:20; 408; 1; 32.89; 1002.3827734375; 28.0810546875
2026-07-08; 06:23:20; 405; 0; 32.91; 1002.44265625; 28.08203125
2026-07-08; 06:24:20; 408; 1; 32.9; 1002.426875; 28.1044921875
2026-07-08; 06:25:20; 405; 0; 32.87; 1002.4156640625; 28.1025390625
2026-07-08; 06:26:20; 408; 1; 32.92; 1002.458515625; 28.0712890625
2026-07-08; 06:27:20; 408; 1; 32.93; 1002.3972265625; 28.060546875
2026-07-08; 06:28:20; 405; 0; 32.96; 1002.3804296875; 27.9931640625
2026-07-08; 06:29:20; 408; 1; 32.95; 1002.441640625; 28.0029296875
2026-07-08; 06:30:20; 405; 0; 32.93; 1002.3972265625; 28.048828125
2026-07-08; 06:31:20; 408; 1; 32.97; 1002.416640625; 28.0048828125
2026-07-08; 06:32:20; 408; 1; 32.95; 1002.477890625; 27.98046875
2026-07-08; 06:33:20; 413; 1; 32.99; 1002.3994921875; 27.9599609375
2026-07-08; 06:34:20; 413; 1; 32.99; 1002.5128125; 28.017578125
2026-07-08; 06:35:20; 417; 2; 33.04; 1002.4426171875; 27.8935546875
2026-07-08; 06:36:20; 413; 1; 33.04; 1002.4426171875; 27.8935546875
2026-07-08; 06:37:20; 417; 2; 33.1; 1002.424453125; 27.81640625
2026-07-08; 06:38:20; 417; 2; 33.11; 1002.4481640625; 27.8291015625
2026-07-08; 06:39:20; 417; 2; 33.14; 1002.5159765625; 27.830078125
2026-07-08; 06:40:20; 421; 3; 33.12; 1002.4560546875; 27.86328125
2026-07-08; 06:41:20; 423; 3; 33.13; 1002.3868359375; 27.9111328125
2026-07-08; 06:42:20; 434; 5; 33.12; 1002.484375; 27.9677734375
2026-07-08; 06:43:20; 434; 5; 33.12; 1002.4276953125; 27.9443359375
2026-07-08; 06:44:20; 442; 6; 33.11; 1002.5048046875; 28.025390625
2026-07-08; 06:45:20; 442; 6; 33.07; 1002.433359375; 28.103515625
2026-07-08; 06:46:20; 442; 6; 33.1; 1002.452734375; 28.1044921875
2026-07-08; 06:47:20; 442; 6; 33.09; 1002.4731640625; 28.126953125
2026-07-08; 06:48:20; 446; 7; 33.08; 1002.4775; 28.1728515625
2026-07-08; 06:49:20; 446; 7; 33.09; 1002.5298828125; 28.2080078125
2026-07-08; 06:50:20; 446; 7; 33.08; 1002.5140625; 28.25390625
2026-07-08; 06:51:20; 448; 7; 33.1; 1002.4606640625; 28.32421875
2026-07-08; 06:52:20; 448; 7; 33.08; 1002.4491796875; 28.3916015625
2026-07-08; 06:53:20; 448; 7; 33.1; 1002.5094140625; 28.3935546875
2026-07-08; 06:54:20; 448; 7; 33.1; 1002.488984375; 28.462890625
2026-07-08; 06:55:20; 454; 8; 33.1; 1002.5944140625; 28.427734375
2026-07-08; 06:56:20; 454; 8; 33.1; 1002.5094140625; 28.53125
2026-07-08; 06:57:21; 454; 8; 33.1; 1002.6306640625; 28.578125
2026-07-08; 06:58:21; 457; 8; 33.09; 1002.5581640625; 28.634765625
2026-07-08; 06:59:21; 462; 9; 33.1; 1002.488984375; 28.6474609375
2026-07-08; 07:00:21; 465; 9; 33.1; 1002.5456640625; 28.6826171875
2026-07-08; 07:01:21; 470; 10; 33.1; 1002.488984375; 28.728515625
2026-07-08; 07:02:21; 478; 11; 33.12; 1002.4923046875; 28.7294921875
2026-07-08; 07:03:21; 485; 12; 33.13; 1002.5080859375; 28.845703125
2026-07-08; 07:04:21; 491; 13; 33.11; 1002.476484375; 28.9130859375
2026-07-08; 07:05:21; 501; 15; 33.18; 1002.4944921875; 28.8251953125
2026-07-08; 07:06:21; 501; 15; 33.17; 1002.50703125; 28.8935546875
2026-07-08; 07:07:21; 501; 15; 33.22; 1002.5863671875; 28.86328125
2026-07-08; 07:08:21; 505; 15; 33.19; 1002.6315625; 28.9072265625
2026-07-08; 07:09:21; 505; 15; 33.24; 1002.5817578125; 28.8515625
2026-07-08; 07:10:21; 508; 16; 33.24; 1002.6384375; 28.8408203125
2026-07-08; 07:11:21; 508; 16; 33.26; 1002.6416796875; 28.818359375
2026-07-08; 07:12:21; 518; 17; 33.28; 1002.6528515625; 28.8203125
2026-07-08; 07:13:21; 518; 17; 33.26; 1002.6416796875; 28.830078125
2026-07-08; 07:14:21; 518; 17; 33.26; 1002.6416796875; 28.7724609375
2026-07-08; 07:15:21; 518; 17; 33.26; 1002.734609375; 28.853515625
2026-07-08; 07:16:21; 524; 18; 33.29; 1002.7256640625; 28.728515625
2026-07-08; 07:17:21; 518; 17; 33.31; 1002.7289453125; 28.822265625
2026-07-08; 07:18:21; 518; 17; 33.3; 1002.7698046875; 28.8447265625
2026-07-08; 07:19:21; 524; 18; 33.28; 1002.6733203125; 28.8544921875
2026-07-08; 07:20:21; 524; 18; 33.32; 1002.688046875; 28.7763671875
2026-07-08; 07:21:21; 530; 19; 33.35; 1002.69921875; 28.7431640625
2026-07-08; 07:22:21; 524; 18; 33.35; 1002.6787890625; 28.7900390625
2026-07-08; 07:23:21; 530; 19; 33.39; 1002.6008984375; 28.677734375
2026-07-08; 07:24:21; 530; 19; 33.36; 1002.5815234375; 28.802734375
2026-07-08; 07:25:21; 530; 19; 33.41; 1002.59625; 28.7705078125
2026-07-08; 07:26:21; 534; 20; 33.39; 1002.657578125; 28.79296875
2026-07-08; 07:27:21; 534; 20; 33.45; 1002.752734375; 28.7041015625
2026-07-08; 07:28:21; 530; 19; 33.45; 1002.801484375; 28.8076171875
2026-07-08; 07:29:21; 530; 19; 33.47; 1002.861484375; 28.7509765625
2026-07-08; 07:30:21; 530; 19; 33.53; 1002.786484375; 28.6396484375
2026-07-08; 07:31:21; 524; 18; 33.58; 1002.772890625; 28.654296875
2026-07-08; 07:32:21; 518; 17; 33.59; 1002.7965625; 28.6201171875
2026-07-08; 07:33:21; 518; 17; 33.67; 1002.8019921875; 28.509765625
2026-07-08; 07:34:21; 505; 15; 33.64; 1002.875859375; 28.6005859375
2026-07-08; 07:35:21; 505; 15; 33.67; 1002.88703125; 28.6025390625
2026-07-08; 07:36:21; 485; 12; 33.72; 1002.8812890625; 28.5595703125
2026-07-08; 07:37:21; 485; 12; 33.76; 1002.8310546875; 28.46875
2026-07-08; 07:38:21; 481; 12; 33.8; 1002.8015234375; 28.4599609375
2026-07-08; 07:39:21; 478; 11; 33.87; 1002.770625; 28.3720703125
2026-07-08; 07:40:22; 470; 10; 33.88; 1002.8510546875; 28.361328125
2026-07-08; 07:41:22; 457; 8; 33.94; 1002.7116015625; 28.306640625
2026-07-08; 07:42:22; 457; 8; 34.0; 1002.8066796875; 28.1953125
2026-07-08; 07:43:22; 448; 7; 34.1; 1002.8514453125; 28.0625
2026-07-08; 07:44:22; 442; 6; 34.17; 1002.820390625; 27.9970703125
2026-07-08; 07:45:22; 434; 5; 34.28; 1002.8528125; 27.8310546875
2026-07-08; 07:46:22; 423; 3; 34.32; 1002.8232421875; 27.751953125
2026-07-08; 07:47:22; 413; 1; 34.38; 1002.8328125; 27.720703125
2026-07-08; 07:48:22; 407; 1; 34.38; 1002.8816796875; 27.6513671875
2026-07-08; 07:49:22; 405; 0; 34.43; 1002.7987890625; 27.5966796875
2026-07-08; 07:50:22; 400; 0; 34.51; 1002.80390625; 27.462890625
2026-07-08; 07:51:22; 403; 0; 34.62; 1002.8566796875; 27.294921875
2026-07-08; 07:52:22; 400; 0; 34.67; 1002.879140625; 27.263671875
2026-07-08; 07:53:22; 402; 0; 34.7; 1002.8696875; 27.1962890625
2026-07-08; 07:54:22; 403; 0; 34.77; 1002.874765625; 27.095703125
2026-07-08; 07:55:22; 400; 0; 34.77; 1002.874765625; 27.0615234375
2026-07-08; 07:56:22; 400; 0; 34.82; 1002.953984375; 26.9833984375
2026-07-08; 07:57:22; 403; 0; 34.87; 1002.741171875; 26.927734375
2026-07-08; 07:58:22; 400; 0; 34.95; 1002.8033203125; 26.8173828125
2026-07-08; 07:59:22; 400; 0; 34.98; 1002.80171875; 26.7607421875
2026-07-08; 08:00:22; 400; 0; 34.99; 1002.874296875; 26.7265625
2026-07-08; 08:01:22; 402; 0; 35.12; 1002.8653125; 26.5830078125
2026-07-08; 08:02:22; 403; 0; 35.15; 1002.863984375; 26.5380859375
2026-07-08; 08:03:22; 400; 0; 35.18; 1002.8181640625; 26.447265625
2026-07-08; 08:04:22; 400; 0; 35.24; 1002.892578125; 26.3232421875
2026-07-08; 08:05:22; 400; 0; 35.3; 1002.8453515625; 26.24609375
2026-07-08; 08:06:22; 405; 0; 35.27; 1002.854609375; 26.267578125
2026-07-08; 08:07:22; 400; 0; 35.38; 1002.9639453125; 26.134765625
2026-07-08; 08:08:22; 415; 2; 35.4; 1002.9307421875; 26.1005859375
2026-07-08; 08:09:22; 400; 0; 35.46; 1002.97703125; 25.98828125
2026-07-08; 08:10:22; 400; 0; 35.45; 1002.9328125; 25.9873046875
2026-07-08; 08:11:22; 400; 0; 35.56; 1002.93625; 25.8203125
2026-07-08; 08:12:22; 400; 0; 35.61; 1002.9503515625; 25.7529296875
2026-07-08; 08:13:22; 400; 0; 35.67; 1002.9805078125; 25.6513671875
2026-07-08; 08:14:22; 400; 0; 35.76; 1002.96015625; 25.5517578125
2026-07-08; 08:15:22; 400; 0; 35.76; 1002.9523046875; 25.5283203125
2026-07-08; 08:16:22; 400; 0; 35.82; 1002.9615625; 25.416015625
2026-07-08; 08:17:22; 400; 0; 35.83; 1002.9001171875; 25.3701171875
2026-07-08; 08:18:22; 403; 0; 35.89; 1002.995; 25.2919921875
2026-07-08; 08:19:22; 400; 0; 35.91; 1002.93359375; 25.2587890625
2026-07-08; 08:20:22; 405; 0; 35.96; 1002.919140625; 25.1796875
2026-07-08; 08:21:22; 400; 0; 36.01; 1002.99828125; 25.0888671875
2026-07-08; 08:22:23; 400; 0; 36.01; 1002.99828125; 25.0546875
2026-07-08; 08:23:23; 405; 0; 36.03; 1002.9444140625; 25.0673828125
2026-07-08; 08:24:23; 406; 0; 36.03; 1003.001328125; 25.0205078125
2026-07-08; 08:25:23; 400; 0; 36.02; 1002.9855859375; 25.0087890625
2026-07-08; 08:26:23; 403; 0; 36.04; 1003.0458984375; 25.009765625
2026-07-08; 08:27:23; 400; 0; 36.06; 1003.1343359375; 24.9404296875
2026-07-08; 08:28:23; 400; 0; 36.06; 1003.0489453125; 24.9287109375
2026-07-08; 08:29:23; 400; 0; 36.07; 1003.0156640625; 24.91796875
2026-07-08; 08:30:23; 405; 0; 36.09; 1003.0471875; 24.896484375
2026-07-08; 08:31:23; 400; 0; 36.1; 1003.0265625; 24.884765625
2026-07-08; 08:32:23; 400; 0; 36.14; 1003.061484375; 24.7939453125
2026-07-08; 08:33:23; 403; 0; 36.15; 1003.1420703125; 24.7490234375
2026-07-08; 08:34:23; 405; 0; 36.18; 1003.0963671875; 24.703125
2026-07-08; 08:35:23; 402; 0; 36.22; 1003.123046875; 24.6943359375
2026-07-08; 08:36:23; 402; 0; 36.2; 1003.1484765625; 24.6689453125
2026-07-08; 08:37:23; 400; 0; 36.23; 1003.118203125; 24.63671875
2026-07-08; 08:38:23; 400; 0; 36.23; 1003.024921875; 24.6240234375
2026-07-08; 08:39:23; 405; 0; 36.21; 1003.107265625; 24.623046875
2026-07-08; 08:40:23; 400; 0; 36.19; 1003.05515625; 24.623046875
2026-07-08; 08:41:23; 400; 0; 36.17; 1003.0805859375; 24.64453125
2026-07-08; 08:42:23; 402; 0; 36.18; 1003.116953125; 24.64453125
2026-07-08; 08:43:23; 400; 0; 36.16; 1003.1578515625; 24.609375
2026-07-08; 08:44:23; 400; 0; 36.2; 1003.205390625; 24.587890625
2026-07-08; 08:45:23; 400; 0; 36.18; 1003.1248046875; 24.5869140625
2026-07-08; 08:46:23; 402; 0; 36.15; 1003.0851171875; 24.609375
2026-07-08; 08:47:23; 408; 1; 36.18; 1003.1454296875; 24.5751953125
2026-07-08; 08:48:23; 400; 0; 36.22; 1003.18; 24.53125
2026-07-08; 08:49:23; 400; 0; 36.24; 1003.1545703125; 24.4853515625
2026-07-08; 08:50:23; 403; 0; 36.27; 1003.1815625; 24.4404296875
2026-07-08; 08:51:23; 403; 0; 36.34; 1003.2067578125; 24.375
2026-07-08; 08:52:23; 400; 0; 36.35; 1003.186171875; 24.33984375
2026-07-08; 08:53:23; 400; 0; 36.38; 1003.2704296875; 24.2958984375
2026-07-08; 08:54:23; 400; 0; 36.42; 1003.211640625; 24.2392578125
2026-07-08; 08:55:23; 400; 0; 36.48; 1003.2416796875; 24.1845703125
2026-07-08; 08:56:23; 400; 0; 36.49; 1003.293828125; 24.126953125
2026-07-08; 08:57:23; 403; 0; 36.5; 1003.273203125; 24.103515625
2026-07-08; 08:58:23; 400; 0; 36.61; 1003.3046875; 24.0166015625
2026-07-08; 08:59:23; 400; 0; 36.68; 1003.3013671875; 23.9619140625
2026-07-08; 09:00:23; 400; 0; 36.74; 1003.2821875; 23.8837890625
2026-07-08; 09:01:23; 402; 0; 36.81; 1003.3279296875; 23.8056640625
2026-07-08; 09:02:23; 400; 0; 36.83; 1003.3023828125; 23.748046875
2026-07-08; 09:03:23; 405; 0; 36.88; 1003.324765625; 23.6806640625
2026-07-08; 09:04:23; 403; 0; 36.93; 1003.3832421875; 23.6259765625
2026-07-08; 09:05:24; 400; 0; 36.89; 1003.340546875; 23.634765625
2026-07-08; 09:06:24; 402; 0; 36.91; 1003.3229296875; 23.6484375
2026-07-08; 09:07:24; 403; 0; 36.97; 1003.3243359375; 23.5810546875
2026-07-08; 09:08:24; 403; 0; 37.01; 1003.35125; 23.5361328125
2026-07-08; 09:09:24; 406; 0; 37.17; 1003.4121875; 23.3818359375
2026-07-08; 09:10:24; 406; 0; 37.45; 1003.4680859375; 23.0458984375
2026-07-08; 09:11:24; 403; 0; 37.86; 1003.39421875; 22.6689453125
2026-07-08; 09:12:24; 410; 1; 38.41; 1003.49609375; 22.158203125
2026-07-08; 09:13:24; 414; 2; 39.06; 1003.4844140625; 21.3935546875
2026-07-08; 09:14:24; 403; 0; 39.31; 1003.4987109375; 21.064453125
2026-07-08; 09:15:24; 400; 0; 39.11; 1003.50578125; 21.2197265625
2026-07-08; 09:16:24; 400; 0; 38.78; 1003.5005859375; 21.4736328125
2026-07-08; 09:17:24; 407; 1; 39.58; 1003.507734375; 20.7958984375
2026-07-08; 09:18:24; 400; 0; 39.15; 1003.6186328125; 21.1162109375
2026-07-08; 09:19:24; 403; 0; 38.77; 1003.5703515625; 21.49609375
2026-07-08; 09:20:24; 403; 0; 38.51; 1003.5190234375; 21.8125
2026-07-08; 09:21:24; 400; 0; 38.22; 1003.5545703125; 22.1025390625
2026-07-08; 09:22:24; 450; 7; 38.1; 1003.58609375; 22.248046875
2026-07-08; 09:23:24; 464; 9; 37.95; 1003.5650390625; 22.404296875
2026-07-08; 09:24:24; 464; 9; 37.88; 1003.5684765625; 22.5302734375
2026-07-08; 09:25:24; 446; 7; 37.78; 1003.58171875; 22.6181640625
2026-07-08; 09:26:24; 441; 6; 37.62; 1003.6146484375; 22.7626953125
2026-07-08; 09:27:24; 432; 4; 37.58; 1003.579921875; 22.794921875
2026-07-08; 09:28:24; 432; 4; 37.54; 1003.6386328125; 22.8515625
2026-07-08; 09:29:24; 421; 3; 37.54; 1003.610078125; 22.91015625
2026-07-08; 09:30:24; 421; 3; 37.32; 1003.6126171875; 23.12109375
2026-07-08; 09:31:24; 421; 3; 37.28; 1003.62734375; 23.2001953125
2026-07-08; 09:32:24; 416; 2; 37.24; 1003.543359375; 23.2099609375
2026-07-08; 09:33:24; 409; 1; 37.25; 1003.530625; 23.2099609375
2026-07-08; 09:34:24; 409; 1; 37.27; 1003.525703125; 23.22265625
2026-07-08; 09:35:24; 402; 0; 37.28; 1003.5987890625; 23.1884765625
2026-07-08; 09:36:24; 400; 0; 37.37; 1003.57; 23.111328125
2026-07-08; 09:37:24; 405; 0; 37.38; 1003.58578125; 23.1240234375
2026-07-08; 09:38:24; 414; 2; 37.36; 1003.6191796875; 23.134765625
2026-07-08; 09:39:24; 400; 0; 37.42; 1003.571328125; 23.0439453125
2026-07-08; 09:40:24; 403; 0; 37.48; 1003.5441796875; 23.0
2026-07-08; 09:41:24; 405; 0; 37.56; 1003.4913671875; 22.8994140625
2026-07-08; 09:42:24; 405; 0; 37.59; 1003.567109375; 22.888671875
2026-07-08; 09:43:24; 405; 0; 37.58; 1003.5877734375; 22.876953125
2026-07-08; 09:44:24; 400; 0; 37.69; 1003.53328125; 22.765625
2026-07-08; 09:45:24; 407; 1; 37.8; 1003.5564453125; 22.666015625
2026-07-08; 09:46:24; 407; 1; 37.82; 1003.5232421875; 22.6318359375
2026-07-08; 09:47:24; 407; 1; 37.86; 1003.5941015625; 22.5986328125
2026-07-08; 09:48:25; 400; 0; 37.9; 1003.5923828125; 22.53125
2026-07-08; 09:49:25; 400; 0; 37.97; 1003.56796875; 22.4990234375
2026-07-08; 09:50:25; 400; 0; 38.1; 1003.5575390625; 22.376953125
2026-07-08; 09:51:25; 409; 1; 38.11; 1003.57328125; 22.341796875
2026-07-08; 09:52:25; 417; 2; 38.15; 1003.6155078125; 22.2626953125
2026-07-08; 09:53:25; 413; 1; 38.23; 1003.656328125; 22.2197265625
2026-07-08; 09:54:25; 413; 1; 38.2; 1003.6009375; 22.2177734375
2026-07-08; 09:55:25; 417; 2; 38.23; 1003.591328125; 22.1611328125
2026-07-08; 09:56:25; 413; 1; 38.26; 1003.618125; 22.1396484375
2026-07-08; 09:57:25; 413; 1; 38.19; 1003.6137890625; 22.2529296875
2026-07-08; 09:58:25; 413; 1; 38.1; 1003.65109375; 22.376953125
2026-07-08; 09:59:25; 400; 0; 38.02; 1003.6387890625; 22.443359375
2026-07-08; 10:00:25; 400; 0; 37.87; 1003.6305078125; 22.6103515625
2026-07-08; 10:01:25; 400; 0; 37.82; 1003.6453125; 22.6669921875
2026-07-08; 10:02:25; 400; 0; 37.71; 1003.564765625; 22.7666015625
2026-07-08; 10:03:25; 407; 1; 37.68; 1003.5175; 22.8359375
2026-07-08; 10:04:25; 400; 0; 37.69; 1003.55390625; 22.82421875
2026-07-08; 10:05:25; 400; 0; 37.6; 1003.6192578125; 22.9130859375
2026-07-08; 10:06:25; 406; 0; 37.57; 1003.600546875; 22.9580078125
2026-07-08; 10:07:25; 406; 0; 37.66; 1003.620546875; 22.904296875
2026-07-08; 10:08:25; 413; 1; 37.81; 1003.600703125; 22.736328125
2026-07-08; 10:09:25; 420; 3; 38.02; 1003.553125; 22.513671875
2026-07-08; 10:10:25; 452; 7; 38.28; 1003.613125; 22.2568359375
2026-07-08; 10:11:25; 460; 9; 38.43; 1003.621171875; 22.0537109375
2026-07-08; 10:12:25; 476; 11; 38.63; 1003.7208984375; 21.8525390625
2026-07-08; 10:13:25; 480; 12; 38.69; 1003.7091015625; 21.7744140625
2026-07-08; 10:14:25; 496; 14; 38.76; 1003.6482421875; 21.68359375
2026-07-08; 10:15:25; 526; 19; 38.75; 1003.66109375; 21.6826171875
2026-07-08; 10:16:25; 536; 20; 38.67; 1003.67765625; 21.75
2026-07-08; 10:17:25; 567; 25; 38.61; 1003.6973046875; 21.81640625
2026-07-08; 10:18:25; 572; 26; 38.59; 1003.6658203125; 21.8505859375
2026-07-08; 10:19:25; 572; 26; 38.51; 1003.711171875; 21.94140625
2026-07-08; 10:20:25; 589; 28; 38.5; 1003.7033203125; 21.9521484375
2026-07-08; 10:21:25; 617; 33; 38.43; 1003.73546875; 22.0068359375
2026-07-08; 10:22:25; 631; 35; 38.44; 1003.7150390625; 22.01953125
2026-07-08; 10:23:25; 638; 36; 38.44; 1003.7150390625; 21.984375
2026-07-08; 10:24:25; 638; 36; 38.52; 1003.6776171875; 21.8828125
2026-07-08; 10:25:25; 645; 37; 38.54; 1003.6805078125; 21.9189453125
2026-07-08; 10:26:25; 692; 44; 38.65; 1003.731953125; 21.8076171875
2026-07-08; 10:27:25; 700; 45; 38.75; 1003.6896875; 21.7529296875
2026-07-08; 10:28:25; 735; 51; 38.92; 1003.7420703125; 21.515625
2026-07-08; 10:29:25; 728; 49; 39.1; 1003.76828125; 21.3125
2026-07-08; 10:30:25; 735; 51; 39.23; 1003.687421875; 21.1669921875
2026-07-08; 10:31:26; 742; 52; 39.26; 1003.7556640625; 21.15625
2026-07-08; 10:32:26; 770; 56; 39.19; 1003.738984375; 21.2353515625
2026-07-08; 10:33:26; 752; 53; 39.24; 1003.6459375; 21.1904296875
2026-07-08; 10:34:26; 752; 53; 39.13; 1003.729921875; 21.279296875
2026-07-08; 10:35:26; 770; 56; 39.04; 1003.7387109375; 21.345703125
2026-07-08; 10:36:26; 761; 54; 39.07; 1003.72109375; 21.3466796875
2026-07-08; 10:37:26; 752; 53; 39.03; 1003.66578125; 21.3681640625
2026-07-08; 10:38:26; 770; 56; 38.98; 1003.750625; 21.4248046875
2026-07-08; 10:39:26; 752; 53; 38.8; 1003.6542578125; 21.626953125
2026-07-08; 10:40:26; 761; 54; 38.75; 1003.7469140625; 21.6826171875
2026-07-08; 10:41:26; 815; 63; 38.72; 1003.6996875; 21.833984375
2026-07-08; 10:42:26; 889; 74; 38.67; 1003.7062109375; 21.9482421875
2026-07-08; 10:43:26; 959; 85; 38.68; 1003.693359375; 22.0546875
2026-07-08; 10:44:26; 997; 90; 38.7; 1003.7251171875; 22.3359375
2026-07-08; 10:45:26; 1019; 94; 38.67; 1003.7062109375; 22.2294921875
2026-07-08; 10:46:26; 1068; 101; 38.64; 1003.708046875; 22.859375
2026-07-08; 10:47:26; 1198; 121; 38.61; 1003.783046875; 23.4658203125
2026-07-08; 10:48:26; 1338; 142; 38.56; 1003.711953125; 23.943359375
2026-07-08; 10:49:26; 1404; 152; 38.55; 1003.7248046875; 24.38671875
2026-07-08; 10:50:26; 1470; 163; 38.51; 1003.711171875; 24.349609375
2026-07-08; 10:51:26; 1425; 156; 38.56; 1003.7041015625; 23.943359375
2026-07-08; 10:52:26; 1295; 136; 38.54; 1003.7091015625; 23.8955078125
2026-07-08; 10:53:26; 1212; 123; 38.51; 1003.7190625; 24.0341796875
2026-07-08; 10:54:26; 1153; 114; 38.46; 1003.6972265625; 24.1953125
2026-07-08; 10:55:26; 1110; 108; 38.33; 1003.692109375; 24.7724609375
2026-07-08; 10:56:26; 1068; 101; 38.33; 1003.7413671875; 24.6669921875
2026-07-08; 10:57:26; 1019; 94; 38.22; 1003.6973828125; 24.521484375
2026-07-08; 10:58:26; 997; 90; 38.08; 1003.7256640625; 24.2802734375
2026-07-08; 10:59:26; 923; 79; 38.11; 1003.7446484375; 24.0595703125
2026-07-08; 11:00:26; 880; 73; 38.03; 1003.6055859375; 23.857421875
2026-07-08; 11:01:26; 830; 65; 37.98; 1003.6329296875; 23.7724609375
2026-07-08; 11:02:26; 778; 57; 37.94; 1003.7203515625; 23.724609375
2026-07-08; 11:03:26; 742; 52; 37.91; 1003.616015625; 23.67578125
2026-07-08; 11:04:26; 683; 43; 37.89; 1003.63375; 23.6513671875
2026-07-08; 11:05:26; 659; 39; 37.89; 1003.6987109375; 23.5927734375
2026-07-08; 11:06:26; 605; 31; 37.85; 1003.72109375; 23.5556640625
2026-07-08; 11:07:26; 605; 31; 37.8; 1003.6991796875; 23.5771484375
2026-07-08; 11:08:26; 572; 26; 37.78; 1003.6959375; 23.5634765625
2026-07-08; 11:09:26; 560; 24; 37.81; 1003.77203125; 23.5302734375
2026-07-08; 11:10:26; 543; 21; 37.73; 1003.759609375; 23.5732421875
2026-07-08; 11:11:26; 503; 15; 37.69; 1003.72515625; 23.5830078125
2026-07-08; 11:12:26; 487; 13; 37.69; 1003.696640625; 23.5712890625
2026-07-08; 11:13:26; 460; 9; 37.67; 1003.758359375; 23.5810546875
2026-07-08; 11:14:27; 439; 5; 37.62; 1003.7366796875; 23.6142578125
2026-07-08; 11:15:27; 423; 3; 37.69; 1003.7044921875; 23.5244140625
2026-07-08; 11:16:27; 406; 0; 37.75; 1003.6487109375; 23.45703125
2026-07-08; 11:17:27; 400; 0; 37.78; 1003.6959375; 23.400390625
2026-07-08; 11:18:27; 405; 0; 37.98; 1003.71859375; 23.1884765625
2026-07-08; 11:19:27; 400; 0; 38.31; 1003.68921875; 22.8310546875
2026-07-08; 11:20:27; 400; 0; 38.45; 1003.7022265625; 22.6279296875
2026-07-08; 11:21:27; 400; 0; 38.9; 1003.7675; 22.158203125
2026-07-08; 11:22:27; 400; 0; 38.98; 1003.750625; 22.033203125
2026-07-08; 11:23:27; 400; 0; 38.93; 1003.7370703125; 22.078125
2026-07-08; 11:24:27; 405; 0; 39.51; 1003.7487890625; 21.484375
2026-07-08; 11:25:27; 405; 0; 39.46; 1003.7271875; 21.470703125
2026-07-08; 11:26:27; 408; 1; 39.84; 1003.7171875; 21.0771484375
2026-07-08; 11:27:27; 400; 0; 39.74; 1003.7602734375; 21.2138671875
2026-07-08; 11:28:27; 400; 0; 39.64; 1003.6884765625; 21.279296875
2026-07-08; 11:29:27; 400; 0; 39.56; 1003.762578125; 21.357421875
2026-07-08; 11:30:27; 400; 0; 39.42; 1003.74234375; 21.50390625
2026-07-08; 11:31:27; 400; 0; 39.24; 1003.7525390625; 21.6591796875
2026-07-08; 11:32:27; 403; 0; 39.14; 1003.6598046875; 21.736328125
2026-07-08; 11:33:27; 403; 0; 39.03; 1003.7230078125; 21.8603515625
2026-07-08; 11:34:27; 405; 0; 39.01; 1003.74875; 21.89453125
2026-07-08; 11:35:27; 403; 0; 39.02; 1003.6786328125; 21.8837890625
2026-07-08; 11:36:27; 400; 0; 39.08; 1003.71609375; 21.8505859375
2026-07-08; 11:37:27; 406; 0; 39.24; 1003.7031640625; 21.8115234375
2026-07-08; 11:38:27; 434; 5; 39.55; 1003.783359375; 21.498046875
2026-07-08; 11:39:27; 448; 7; 40.2; 1003.89625; 20.8701171875
2026-07-08; 11:40:27; 481; 12; 41.05; 1003.6549609375; 20.0849609375
2026-07-08; 11:41:27; 517; 17; 41.48; 1003.7859765625; 19.69140625
2026-07-08; 11:42:27; 553; 23; 41.84; 1003.7332421875; 19.365234375
2026-07-08; 11:43:27; 572; 26; 42.1; 1003.7316796875; 19.1162109375
2026-07-08; 11:44:27; 567; 25; 41.81; 1003.714921875; 19.36328125
2026-07-08; 11:45:27; 599; 30; 42.82; 1003.775234375; 18.53125
2026-07-08; 11:46:27; 638; 36; 42.95; 1003.7700390625; 18.4775390625
2026-07-08; 11:47:27; 672; 41; 43.67; 1003.703984375; 17.771484375
2026-07-08; 11:48:27; 666; 40; 44.34; 1003.72234375; 16.990234375
2026-07-08; 11:49:27; 645; 37; 44.64; 1003.78078125; 16.7763671875
2026-07-08; 11:50:27; 623; 33; 44.49; 1003.8419140625; 16.97265625
2026-07-08; 11:51:27; 537; 20; 43.23; 1003.82765625; 18.02734375
2026-07-08; 11:52:27; 508; 16; 42.65; 1003.8040234375; 18.689453125
2026-07-08; 11:53:27; 502; 15; 42.65; 1003.775234375; 18.90234375
2026-07-08; 11:54:27; 496; 14; 42.48; 1003.8242578125; 19.26171875
2026-07-08; 11:55:27; 517; 17; 42.23; 1003.8134375; 19.7705078125
2026-07-08; 11:56:27; 502; 15; 41.68; 1003.8837109375; 20.4189453125
2026-07-08; 11:57:28; 549; 22; 42.6; 1003.81171875; 19.384765625
2026-07-08; 11:58:28; 567; 25; 43.07; 1003.880234375; 18.8369140625
2026-07-08; 11:59:28; 537; 20; 42.62; 1003.7855078125; 19.1494140625
2026-07-08; 12:00:28; 508; 16; 41.93; 1003.7883984375; 19.8994140625
2026-07-08; 12:01:28; 498; 14; 41.38; 1003.85828125; 20.3701171875
2026-07-08; 12:02:28; 492; 14; 41.04; 1003.7615625; 20.6025390625
2026-07-08; 12:03:28; 492; 14; 40.99; 1003.8057421875; 20.859375
2026-07-08; 12:04:28; 496; 14; 41.27; 1003.8652734375; 20.5185546875
2026-07-08; 12:05:28; 496; 14; 41.2; 1003.862109375; 20.8212890625
2026-07-08; 12:06:28; 498; 14; 40.77; 1003.8528515625; 21.2958984375
2026-07-08; 12:07:28; 475; 11; 40.5; 1003.8375; 21.4482421875
2026-07-08; 12:08:28; 444; 6; 40.42; 1003.8621484375; 21.3974609375
2026-07-08; 12:09:28; 427; 4; 40.38; 1003.85671875; 21.4423828125
2026-07-08; 12:10:28; 452; 7; 42.14; 1003.938359375; 19.6484375
2026-07-08; 12:11:28; 425; 3; 42.26; 1003.8682421875; 19.5947265625
2026-07-08; 12:12:28; 406; 0; 41.6; 1003.8807421875; 20.0146484375
2026-07-08; 12:13:28; 400; 0; 41.3; 1003.9618359375; 20.2021484375
2026-07-08; 12:14:28; 400; 0; 41.0; 1003.9857421875; 20.482421875
2026-07-08; 12:15:28; 400; 0; 40.71; 1003.9464453125; 20.646484375
2026-07-08; 12:16:28; 400; 0; 40.51; 1003.975703125; 20.8017578125
2026-07-08; 12:17:28; 400; 0; 40.34; 1003.9082421875; 20.994140625
2026-07-08; 12:18:28; 400; 0; 40.16; 1003.919453125; 21.185546875
2026-07-08; 12:19:28; 406; 0; 40.19; 1004.003046875; 21.1171875
2026-07-08; 12:20:28; 420; 3; 40.17; 1004.0289453125; 21.1396484375
2026-07-08; 12:21:28; 425; 3; 40.07; 1004.0353515625; 21.216796875
2026-07-08; 12:22:28; 425; 3; 40.07; 1003.9572265625; 21.169921875
2026-07-08; 12:23:28; 410; 1; 40.05; 1004.0117578125; 21.1572265625
2026-07-08; 12:24:28; 400; 0; 39.84; 1003.995703125; 21.3349609375
2026-07-08; 12:25:28; 400; 0; 39.68; 1004.0379296875; 21.5390625
2026-07-08; 12:26:28; 402; 0; 39.87; 1003.936171875; 21.4775390625
2026-07-08; 12:27:28; 400; 0; 39.85; 1004.0479296875; 21.51171875
2026-07-08; 12:28:28; 403; 0; 39.9; 1003.9262890625; 21.5146484375
2026-07-08; 12:29:28; 415; 2; 40.43; 1003.9928515625; 21.080078125
2026-07-08; 12:30:28; 460; 9; 42.3; 1004.0174609375; 19.3955078125
2026-07-08; 12:31:28; 470; 10; 42.17; 1004.0431640625; 19.40234375
2026-07-08; 12:32:28; 434; 5; 41.62; 1004.026953125; 20.00390625
2026-07-08; 12:33:28; 423; 3; 41.34; 1004.0173828125; 20.3447265625
2026-07-08; 12:34:28; 423; 3; 41.05; 1003.9705859375; 20.6142578125
2026-07-08; 12:35:28; 450; 7; 41.79; 1003.9705859375; 19.9990234375
2026-07-08; 12:36:28; 464; 9; 42.04; 1004.0397265625; 19.8212890625
2026-07-08; 12:37:28; 460; 9; 41.57; 1003.969140625; 20.44921875
2026-07-08; 12:38:28; 460; 9; 41.29; 1004.032265625; 20.849609375
2026-07-08; 12:39:29; 450; 7; 41.07; 1004.0384765625; 21.1806640625
2026-07-08; 12:40:29; 486; 13; 41.28; 1004.0166015625; 21.212890625
2026-07-08; 12:41:29; 518; 17; 41.53; 1004.0082421875; 21.130859375
2026-07-08; 12:42:29; 540; 21; 42.0; 1004.04234375; 20.810546875
2026-07-08; 12:43:29; 566; 25; 42.24; 1004.0878125; 20.76171875
2026-07-08; 12:44:29; 543; 21; 41.99; 1004.0551171875; 21.021484375
2026-07-08; 12:45:29; 530; 19; 41.73; 1004.077578125; 21.328125
2026-07-08; 12:46:29; 530; 19; 41.74; 1004.0645703125; 21.3291015625
2026-07-08; 12:47:29; 530; 19; 41.72; 1004.0038671875; 21.3271484375
2026-07-08; 12:48:29; 530; 19; 41.72; 1004.0038671875; 21.375
2026-07-08; 12:49:29; 543; 21; 42.4; 1003.9574609375; 20.6865234375
2026-07-08; 12:50:29; 581; 27; 42.68; 1004.05234375; 20.3681640625
2026-07-08; 12:51:29; 611; 32; 42.73; 1004.0734375; 20.251953125
2026-07-08; 12:52:29; 690; 44; 43.02; 1004.0894921875; 20.0048828125
2026-07-08; 12:53:29; 740; 51; 43.35; 1004.1023828125; 19.7353515625
2026-07-08; 12:54:29; 765; 55; 43.12; 1004.0085546875; 19.92578125
2026-07-08; 12:55:29; 787; 58; 42.95; 1004.0080859375; 20.1435546875
2026-07-08; 12:56:29; 802; 61; 42.89; 1003.92171875; 20.271484375
2026-07-08; 12:57:29; 802; 61; 42.7; 1003.9976953125; 20.369140625
2026-07-08; 12:58:29; 813; 62; 42.67; 1003.971328125; 20.35546875
2026-07-08; 12:59:29; 795; 60; 42.96; 1003.9871484375; 19.990234375
2026-07-08; 13:00:29; 783; 58; 42.84; 1004.03703125; 20.0556640625
2026-07-08; 13:01:29; 733; 50; 42.71; 1004.0055078125; 20.0625
2026-07-08; 13:02:29; 657; 39; 42.44; 1003.97078125; 20.02734375
2026-07-08; 13:03:29; 581; 27; 42.0; 1003.94796875; 20.4326171875
2026-07-08; 13:04:29; 526; 19; 42.15; 1003.954296875; 20.2392578125
2026-07-08; 13:05:29; 497; 14; 41.68; 1003.9986328125; 20.8427734375
2026-07-08; 13:06:29; 493; 14; 41.43; 1004.0518359375; 21.4326171875
2026-07-08; 13:07:29; 501; 15; 41.02; 1003.9519140625; 22.0244140625
2026-07-08; 13:08:29; 526; 19; 41.14; 1003.96859375; 21.9365234375
2026-07-08; 13:09:29; 548; 22; 41.35; 1003.9834765625; 21.828125
2026-07-08; 13:10:29; 566; 25; 41.35; 1004.033046875; 21.8984375
2026-07-08; 13:11:29; 594; 29; 41.78; 1004.0123828125; 21.4482421875
2026-07-08; 13:12:29; 611; 32; 42.21; 1003.9623828125; 21.0078125
2026-07-08; 13:13:29; 569; 25; 42.32; 1003.9546875; 20.494140625
2026-07-08; 13:14:29; 566; 25; 43.28; 1003.9716015625; 19.47265625
2026-07-08; 13:15:29; 548; 22; 42.8; 1004.031640625; 19.9716796875
2026-07-08; 13:16:29; 569; 25; 42.97; 1003.953671875; 19.896484375
2026-07-08; 13:17:29; 574; 26; 42.53; 1003.989140625; 20.3623046875
2026-07-08; 13:18:29; 543; 21; 42.41; 1003.9809765625; 20.2978515625
2026-07-08; 13:19:29; 501; 15; 42.01; 1003.906484375; 20.55078125
2026-07-08; 13:20:29; 491; 13; 41.77; 1003.9470703125; 20.8828125
2026-07-08; 13:21:29; 514; 17; 41.55; 1003.945625; 21.26171875
2026-07-08; 13:22:30; 543; 21; 41.34; 1003.9390625; 21.5341796875
2026-07-08; 13:23:30; 569; 25; 41.59; 1003.9717578125; 21.3330078125
2026-07-08; 13:24:30; 602; 30; 41.36; 1003.913046875; 21.59375
2026-07-08; 13:25:30; 627; 34; 41.48; 1003.979140625; 21.5517578125
2026-07-08; 13:26:30; 643; 37; 41.33; 1004.0094921875; 21.7099609375
2026-07-08; 13:27:30; 637; 36; 41.58; 1003.9639453125; 21.462890625
2026-07-08; 13:28:30; 637; 36; 41.41; 1004.02046875; 21.583984375
2026-07-08; 13:29:30; 627; 34; 41.28; 1003.9591796875; 21.73046875
2026-07-08; 13:30:30; 627; 34; 41.27; 1003.9722265625; 21.765625
2026-07-08; 13:31:30; 612; 32; 41.42; 1003.95; 21.5380859375
2026-07-08; 13:32:30; 599; 30; 41.58; 1004.0501171875; 21.3212890625
2026-07-08; 13:33:30; 578; 27; 41.45; 1003.9605078125; 21.3857421875
2026-07-08; 13:34:30; 578; 27; 41.16; 1004.0; 21.654296875
2026-07-08; 13:35:30; 566; 25; 41.21; 1004.00046875; 21.5751953125
2026-07-08; 13:36:30; 540; 21; 41.24; 1004.0109765625; 21.447265625
2026-07-08; 13:37:30; 514; 17; 41.12; 1003.9659375; 21.5
2026-07-08; 13:38:30; 493; 14; 41.06; 1003.9654296875; 21.4384765625
2026-07-08; 13:39:30; 470; 10; 41.05; 1004.0358203125; 21.4150390625
2026-07-08; 13:40:30; 450; 7; 40.82; 1003.968125; 21.6513671875
2026-07-08; 13:41:30; 434; 5; 40.86; 1003.966015625; 21.55859375
2026-07-08; 13:42:30; 408; 1; 40.84; 1004.0571875; 21.4169921875
2026-07-08; 13:43:30; 400; 0; 40.91; 1004.02421875; 21.302734375
2026-07-08; 13:44:30; 403; 0; 40.82; 1003.996796875; 21.357421875
2026-07-08; 13:45:30; 408; 1; 40.65; 1004.0162109375; 21.455078125
2026-07-08; 13:46:30; 403; 0; 40.77; 1003.975703125; 21.3076171875
2026-07-08; 13:47:30; 403; 0; 40.86; 1004.0025390625; 21.2177734375
2026-07-08; 13:48:30; 424; 3; 40.87; 1004.13296875; 21.20703125
2026-07-08; 13:49:30; 462; 9; 40.76; 1004.103125; 21.2607421875
2026-07-08; 13:50:30; 455; 8; 40.69; 1004.021640625; 21.2216796875
2026-07-08; 13:51:30; 424; 3; 40.71; 1004.0325; 21.12890625
2026-07-08; 13:52:30; 400; 0; 40.67; 1004.0267578125; 21.138671875
2026-07-08; 13:53:30; 403; 0; 40.66; 1003.9537109375; 21.1142578125
2026-07-08; 13:54:30; 403; 0; 40.67; 1004.0554296875; 21.115234375
2026-07-08; 13:55:30; 418; 2; 40.65; 1004.052734375; 21.1259765625
2026-07-08; 13:56:30; 422; 3; 40.76; 1003.980546875; 21.0244140625
2026-07-08; 13:57:30; 425; 3; 40.71; 1004.0325; 21.05859375
2026-07-08; 13:58:30; 456; 8; 40.73; 1003.949140625; 21.0712890625
2026-07-08; 13:59:30; 501; 15; 40.7; 1004.04546875; 21.0693359375
2026-07-08; 14:00:30; 508; 16; 40.74; 1003.9648828125; 21.0244140625
2026-07-08; 14:01:30; 508; 16; 40.81; 1004.0593359375; 20.9208984375
2026-07-08; 14:02:30; 517; 17; 40.82; 1004.01765625; 20.921875
2026-07-08; 14:03:30; 523; 18; 40.89; 1004.0707421875; 20.8779296875
2026-07-08; 14:04:30; 530; 19; 40.82; 1003.996796875; 20.9580078125
2026-07-08; 14:05:31; 540; 21; 40.78; 1003.962734375; 20.955078125
2026-07-08; 14:06:31; 536; 20; 40.73; 1003.9778515625; 20.953125
2026-07-08; 14:07:31; 523; 18; 40.69; 1004.0581640625; 21.0107421875
2026-07-08; 14:08:31; 523; 18; 40.52; 1003.99140625; 21.1669921875
2026-07-08; 14:09:31; 536; 20; 40.49; 1003.96484375; 21.1884765625
2026-07-08; 14:10:31; 533; 20; 40.43; 1004.0215234375; 21.2333984375
2026-07-08; 14:11:31; 530; 19; 40.43; 1004.0215234375; 21.2099609375
2026-07-08; 14:12:31; 551; 23; 40.43; 1004.0580078125; 21.2099609375
2026-07-08; 14:13:31; 586; 28; 40.34; 1004.1375390625; 21.287109375
2026-07-08; 14:14:31; 605; 31; 40.39; 1004.1382421875; 21.2080078125
2026-07-08; 14:15:31; 586; 28; 40.41; 1003.99765625; 21.115234375
2026-07-08; 14:16:31; 565; 25; 40.37; 1004.041640625; 21.1015625
2026-07-08; 14:17:31; 517; 17; 40.46; 1003.95421875; 20.9873046875
2026-07-08; 14:18:31; 476; 11; 40.53; 1003.9784375; 20.9443359375
2026-07-08; 14:19:31; 456; 8; 40.45; 1003.966875; 21.046875
2026-07-08; 14:20:31; 462; 9; 40.48; 1003.9491015625; 21.0703125
2026-07-08; 14:21:31; 497; 14; 40.5; 1003.96; 21.037109375
2026-07-08; 14:22:31; 481; 12; 40.44; 1003.930390625; 21.0458984375
2026-07-08; 14:23:31; 462; 9; 40.35; 1004.0178125; 21.1123046875
2026-07-08; 14:24:31; 448; 7; 40.4; 1004.0027734375; 21.0556640625
2026-07-08; 14:25:31; 434; 5; 40.5; 1004.01734375; 20.966796875
2026-07-08; 14:26:31; 427; 4; 40.52; 1003.9548828125; 20.931640625
2026-07-08; 14:27:31; 418; 2; 40.55; 1004.095859375; 20.8740234375
2026-07-08; 14:28:31; 414; 2; 40.53; 1003.9992578125; 20.919921875
2026-07-08; 14:29:31; 407; 1; 40.53; 1003.9992578125; 20.919921875
2026-07-08; 14:30:31; 417; 2; 40.41; 1004.07578125; 21.0322265625
2026-07-08; 14:31:31; 403; 0; 40.44; 1004.01640625; 20.9404296875
2026-07-08; 14:32:31; 401; 0; 40.4; 1004.0027734375; 20.9384765625
2026-07-08; 14:33:31; 400; 0; 40.43; 1004.08671875; 20.927734375
2026-07-08; 14:34:31; 411; 1; 40.39; 1004.015703125; 21.0439453125
2026-07-08; 14:35:31; 426; 3; 40.33; 1004.121875; 21.123046875
2026-07-08; 14:36:31; 473; 11; 40.42; 1004.0341796875; 21.080078125
2026-07-08; 14:37:31; 540; 21; 40.35; 1004.0178125; 21.1591796875
2026-07-08; 14:38:31; 605; 31; 40.37; 1004.1562890625; 21.1484375
2026-07-08; 14:39:31; 672; 41; 40.37; 1004.0208203125; 21.13671875
2026-07-08; 14:40:31; 733; 50; 40.4; 1004.010625; 21.150390625
2026-07-08; 14:41:31; 765; 55; 40.43; 1003.9928515625; 21.126953125
2026-07-08; 14:42:31; 802; 61; 40.34; 1004.1088671875; 21.228515625
2026-07-08; 14:43:31; 765; 55; 40.32; 1004.1348046875; 21.1572265625
2026-07-08; 14:44:31; 706; 46; 40.39; 1003.9870703125; 21.0556640625
2026-07-08; 14:45:31; 678; 42; 40.39; 1004.0522265625; 20.9970703125
2026-07-08; 14:46:31; 640; 36; 40.46; 1004.0480859375; 20.953125
2026-07-08; 14:47:31; 637; 36; 40.52; 1004.0121875; 20.896484375
2026-07-08; 14:48:32; 615; 32; 40.51; 1003.9391796875; 20.9072265625
2026-07-08; 14:49:32; 637; 36; 40.46; 1003.904765625; 20.96484375
2026-07-08; 14:50:32; 682; 42; 40.48; 1003.9777734375; 20.953125
2026-07-08; 14:51:32; 706; 46; 40.44; 1003.9512109375; 21.0107421875
2026-07-08; 14:52:32; 726; 49; 40.51; 1003.8896875; 20.955078125
2026-07-08; 14:53:32; 757; 54; 40.58; 1003.9346875; 20.9345703125
2026-07-08; 14:54:32; 772; 56; 40.49; 1003.993515625; 20.9541015625
2026-07-08; 14:55:32; 740; 51; 40.5; 1003.8740234375; 20.8955078125
2026-07-08; 14:56:32; 678; 42; 40.56; 1003.8456640625; 20.76953125
2026-07-08; 14:57:32; 640; 36; 40.53; 1004.0279296875; 20.802734375
2026-07-08; 14:58:32; 620; 33; 40.54; 1003.9289453125; 20.8154296875
2026-07-08; 14:59:32; 626; 34; 40.52; 1003.962734375; 20.861328125
2026-07-08; 15:00:32; 649; 37; 40.51; 1003.94703125; 20.861328125
2026-07-08; 15:01:32; 643; 37; 40.49; 1004.001328125; 20.8720703125
2026-07-08; 15:02:32; 643; 37; 40.45; 1003.9382421875; 20.9169921875
2026-07-08; 15:03:32; 649; 37; 40.5; 1003.96; 20.8720703125
2026-07-08; 15:04:32; 688; 43; 40.43; 1004.0215234375; 20.962890625
2026-07-08; 15:05:32; 733; 50; 40.34; 1003.99421875; 21.041015625
2026-07-08; 15:06:32; 717; 48; 40.33; 1004.0437109375; 21.017578125
2026-07-08; 15:07:32; 697; 45; 40.32; 1004.0853515625; 21.0400390625
2026-07-08; 15:08:32; 672; 41; 40.26; 1004.048125; 21.0732421875
2026-07-08; 15:09:32; 629; 34; 40.23; 1004.001015625; 21.1064453125
2026-07-08; 15:10:32; 599; 30; 40.31; 1004.0409375; 21.0048828125
2026-07-08; 15:11:32; 578; 27; 40.3; 1003.9966015625; 21.0283203125
2026-07-08; 15:12:32; 560; 24; 40.25; 1004.053203125; 21.130859375
2026-07-08; 15:13:32; 560; 24; 40.28; 1004.128984375; 21.0732421875
2026-07-08; 15:14:32; 572; 26; 40.25; 1004.053203125; 21.119140625
2026-07-08; 15:15:32; 591; 29; 40.29; 1004.030078125; 21.09765625
2026-07-08; 15:16:32; 612; 32; 40.3; 1004.0747265625; 21.0859375
2026-07-08; 15:17:32; 637; 36; 40.21; 1004.08390625; 21.1767578125
2026-07-08; 15:18:32; 678; 42; 40.2; 1004.1047265625; 21.1640625
2026-07-08; 15:19:32; 637; 36; 40.19; 1004.1098046875; 21.140625
2026-07-08; 15:20:32; 567; 25; 40.2; 1004.068203125; 21.0576171875
2026-07-08; 15:21:32; 508; 16; 40.16; 1004.070546875; 21.091796875
2026-07-08; 15:22:32; 481; 12; 40.22; 1004.034453125; 21.0947265625
2026-07-08; 15:23:32; 476; 11; 40.2; 1004.0760546875; 21.17578125
2026-07-08; 15:24:32; 473; 11; 40.15; 1004.1408203125; 21.197265625
2026-07-08; 15:25:32; 447; 7; 40.04; 1004.0741796875; 21.2861328125
2026-07-08; 15:26:32; 434; 5; 39.97; 1004.086015625; 21.353515625
2026-07-08; 15:27:32; 422; 3; 39.93; 1004.08015625; 21.38671875
2026-07-08; 15:28:32; 418; 2; 39.83; 1004.0659375; 21.4990234375
2026-07-08; 15:29:32; 416; 2; 39.79; 1004.060078125; 21.5673828125
2026-07-08; 15:30:32; 411; 1; 39.82; 1004.08671875; 21.5107421875
2026-07-08; 15:31:33; 425; 3; 39.75; 1004.0337109375; 21.56640625
2026-07-08; 15:32:33; 462; 9; 39.72; 1004.0356640625; 21.634765625
2026-07-08; 15:33:33; 495; 14; 39.64; 1004.068515625; 21.736328125
2026-07-08; 15:34:33; 536; 20; 39.53; 1004.0013671875; 21.8720703125
2026-07-08; 15:35:33; 545; 22; 39.47; 1004.00078125; 21.892578125
2026-07-08; 15:36:33; 565; 25; 39.47; 1004.0294140625; 21.892578125
2026-07-08; 15:37:33; 584; 28; 39.38; 1003.9731640625; 22.0400390625
2026-07-08; 15:38:33; 637; 36; 39.35; 1004.011875; 22.09765625
2026-07-08; 15:39:33; 678; 42; 39.37; 1003.9575; 22.0400390625
2026-07-08; 15:40:33; 717; 48; 39.33; 1004.0376953125; 22.1201171875
2026-07-08; 15:41:33; 765; 55; 39.31; 1004.0059375; 22.119140625
2026-07-08; 15:42:33; 772; 56; 39.28; 1003.995234375; 22.1298828125
2026-07-08; 15:43:33; 793; 59; 39.25; 1003.97640625; 22.1748046875
2026-07-08; 15:44:33; 793; 59; 39.19; 1003.996484375; 22.21875
2026-07-08; 15:45:33; 793; 59; 39.26; 1003.92734375; 22.15234375
2026-07-08; 15:46:33; 765; 55; 39.25; 1003.9685546875; 22.1396484375
2026-07-08; 15:47:33; 776; 57; 39.24; 1003.98140625; 22.150390625
2026-07-08; 15:48:33; 783; 58; 39.2; 1004.0043359375; 22.1728515625
2026-07-08; 15:49:33; 802; 61; 39.15; 1004.0112890625; 22.275390625
2026-07-08; 15:50:33; 819; 63; 39.1; 1003.997109375; 22.30859375
2026-07-08; 15:51:33; 819; 63; 39.11; 1003.90625; 22.2744140625
2026-07-08; 15:52:33; 733; 50; 39.09; 1003.9606640625; 22.21484375
2026-07-08; 15:53:33; 629; 34; 39.12; 1003.914453125; 22.1337890625
2026-07-08; 15:54:33; 520; 18; 38.99; 1004.00328125; 22.2333984375
2026-07-08; 15:55:33; 451; 7; 38.8; 1003.93234375; 22.3642578125
2026-07-08; 15:56:33; 400; 0; 38.75; 1003.8898046875; 22.349609375
2026-07-08; 15:57:33; 405; 0; 38.7; 1003.97421875; 22.4296875
2026-07-08; 15:58:33; 400; 0; 38.71; 1003.90453125; 22.359375
2026-07-08; 15:59:33; 400; 0; 38.51; 1003.8255078125; 22.548828125
2026-07-08; 16:00:33; 400; 0; 38.36; 1003.9393359375; 22.6591796875
2026-07-08; 16:01:33; 400; 0; 38.21; 1003.96734375; 22.814453125
2026-07-08; 16:02:33; 400; 0; 38.07; 1003.88125; 22.994140625
2026-07-08; 16:03:33; 400; 0; 38.05; 1003.9512109375; 23.005859375
2026-07-08; 16:04:33; 405; 0; 38.05; 1003.943359375; 23.0283203125
2026-07-08; 16:05:33; 403; 0; 38.0; 1003.9578515625; 23.0615234375
2026-07-08; 16:06:33; 409; 1; 38.01; 1003.8800390625; 23.02734375
2026-07-08; 16:07:33; 406; 0; 37.92; 1003.888671875; 23.1513671875
2026-07-08; 16:08:33; 427; 4; 37.99; 1003.877109375; 23.119140625
2026-07-08; 16:09:33; 466; 10; 37.98; 1003.9263671875; 23.048828125
2026-07-08; 16:10:33; 502; 15; 37.97; 1003.853515625; 23.0712890625
2026-07-08; 16:11:33; 537; 20; 37.91; 1003.9015234375; 23.150390625
2026-07-08; 16:12:33; 549; 22; 37.88; 1003.8746484375; 23.18359375
2026-07-08; 16:13:33; 553; 23; 37.86; 1003.9366796875; 23.1826171875
2026-07-08; 16:14:34; 534; 20; 37.84; 1003.8973046875; 23.193359375
2026-07-08; 16:15:34; 485; 12; 37.77; 1003.887890625; 23.2255859375
2026-07-08; 16:16:34; 457; 8; 37.75; 1003.87703125; 23.2236328125
2026-07-08; 16:17:34; 427; 4; 37.74; 1003.9259375; 23.2236328125
2026-07-08; 16:18:34; 438; 5; 37.74; 1003.8609765625; 23.2587890625
2026-07-08; 16:19:34; 441; 6; 37.7; 1003.9407421875; 23.349609375
2026-07-08; 16:20:34; 487; 13; 37.71; 1003.9279296875; 23.3740234375
2026-07-08; 16:21:34; 560; 24; 37.69; 1003.904296875; 23.384765625
2026-07-08; 16:22:34; 586; 28; 37.7; 1003.9200390625; 23.2919921875
2026-07-08; 16:23:34; 586; 28; 37.67; 1003.958125; 23.3369140625
2026-07-08; 16:24:34; 569; 25; 37.64; 1003.8823046875; 23.3701171875
2026-07-08; 16:25:34; 543; 21; 37.64; 1003.8173828125; 23.3818359375
2026-07-08; 16:26:34; 537; 20; 37.65; 1003.7475; 23.32421875
2026-07-08; 16:27:34; 534; 20; 37.64; 1003.910859375; 23.3583984375
2026-07-08; 16:28:34; 534; 20; 37.59; 1003.774765625; 23.4140625
2026-07-08; 16:29:34; 549; 22; 37.6; 1003.8396875; 23.4267578125
2026-07-08; 16:30:34; 534; 20; 37.57; 1003.8859375; 23.3896484375
2026-07-08; 16:31:34; 518; 17; 37.55; 1003.88296875; 23.3779296875
2026-07-08; 16:32:34; 481; 12; 37.54; 1003.8669140625; 23.341796875
2026-07-08; 16:33:34; 477; 11; 37.57; 1003.8003125; 23.3779296875
2026-07-08; 16:34:34; 502; 15; 37.59; 1003.9380859375; 23.40234375
2026-07-08; 16:35:34; 534; 20; 37.53; 1003.7940625; 23.4462890625
2026-07-08; 16:36:34; 569; 25; 37.5; 1003.8688671875; 23.50390625
2026-07-08; 16:37:34; 592; 29; 37.49; 1003.788125; 23.537109375
2026-07-08; 16:38:34; 634; 35; 37.49; 1003.845234375; 23.595703125
2026-07-08; 16:39:34; 657; 39; 37.49; 1003.796015625; 23.630859375
2026-07-08; 16:40:34; 704; 46; 37.43; 1003.8438671875; 23.6865234375
2026-07-08; 16:41:34; 704; 46; 37.42; 1003.799609375; 23.662109375
2026-07-08; 16:42:34; 682; 42; 37.43; 1003.750390625; 23.6162109375
2026-07-08; 16:43:34; 643; 37; 37.43; 1003.721875; 23.5810546875
2026-07-08; 16:44:34; 638; 36; 37.39; 1003.6870703125; 23.66015625
2026-07-08; 16:45:34; 602; 30; 37.34; 1003.67328125; 23.716796875
2026-07-08; 16:46:34; 602; 30; 37.4; 1003.7677734375; 23.6376953125
2026-07-08; 16:47:34; 569; 25; 37.4; 1003.7677734375; 23.615234375
2026-07-08; 16:48:34; 569; 25; 37.32; 1003.755234375; 23.7158203125
2026-07-08; 16:49:34; 572; 26; 37.25; 1003.75875; 23.81640625
2026-07-08; 16:50:34; 572; 26; 37.21; 1003.6672265625; 23.826171875
2026-07-08; 16:51:34; 580; 27; 37.24; 1003.6653515625; 23.79296875
2026-07-08; 16:52:34; 580; 27; 37.3; 1003.715859375; 23.7373046875
2026-07-08; 16:53:34; 602; 30; 37.25; 1003.75875; 23.76953125
2026-07-08; 16:54:34; 615; 32; 37.28; 1003.769921875; 23.736328125
2026-07-08; 16:55:34; 643; 37; 37.27; 1003.733515625; 23.759765625
2026-07-08; 16:56:34; 682; 42; 37.3; 1003.752265625; 23.7265625
2026-07-08; 16:57:35; 742; 52; 37.22; 1003.74; 23.8037109375
2026-07-08; 16:58:35; 830; 65; 37.21; 1003.7891796875; 23.8388671875
2026-07-08; 16:59:35; 925; 79; 37.21; 1003.80984375; 23.884765625
2026-07-08; 17:00:35; 970; 86; 37.22; 1003.719375; 23.8505859375
2026-07-08; 17:01:35; 990; 89; 37.18; 1003.713125; 23.91796875
2026-07-08; 17:02:35; 970; 86; 37.16; 1003.6737109375; 23.9169921875
2026-07-08; 17:03:35; 935; 81; 37.2; 1003.6308203125; 23.8720703125
2026-07-08; 17:04:35; 949; 83; 37.19; 1003.64328125; 23.8955078125
2026-07-08; 17:05:35; 977; 87; 37.13; 1003.6628515625; 23.9619140625
2026-07-08; 17:06:35; 1009; 92; 37.18; 1003.6196875; 23.87109375
2026-07-08; 17:07:35; 970; 86; 37.18; 1003.6560546875; 23.7900390625
2026-07-08; 17:08:35; 920; 79; 37.34; 1003.5798046875; 23.599609375
2026-07-08; 17:09:35; 882; 73; 37.42; 1003.6283984375; 23.4990234375
2026-07-08; 17:10:35; 844; 67; 37.49; 1003.6740234375; 23.3974609375
2026-07-08; 17:11:35; 819; 63; 37.59; 1003.71765625; 23.3095703125
2026-07-08; 17:12:35; 830; 65; 37.65; 1003.7189453125; 23.21875
2026-07-08; 17:13:35; 819; 63; 37.74; 1003.7468359375; 23.0712890625
2026-07-08; 17:14:35; 778; 57; 37.82; 1003.7309765625; 22.923828125
2026-07-08; 17:15:35; 699; 45; 37.81; 1003.7434765625; 22.900390625
2026-07-08; 17:16:35; 638; 36; 37.77; 1003.737265625; 22.9326171875
2026-07-08; 17:17:35; 615; 32; 37.81; 1003.7926953125; 22.900390625
2026-07-08; 17:18:35; 572; 26; 37.84; 1003.676796875; 22.84375
2026-07-08; 17:19:35; 530; 19; 37.82; 1003.7801953125; 22.830078125
2026-07-08; 17:20:35; 487; 13; 37.82; 1003.6738671875; 22.8310546875
2026-07-08; 17:21:35; 466; 10; 37.86; 1003.7289453125; 22.76171875
2026-07-08; 17:22:35; 434; 5; 37.84; 1003.726015625; 22.73828125
2026-07-08; 17:23:35; 417; 2; 37.88; 1003.7319140625; 22.705078125
2026-07-08; 17:24:35; 409; 1; 37.81; 1003.70703125; 22.736328125
2026-07-08; 17:25:35; 400; 0; 37.82; 1003.7801953125; 22.7490234375
2026-07-08; 17:26:35; 400; 0; 37.86; 1003.7575; 22.6337890625
2026-07-08; 17:27:35; 403; 0; 37.9; 1003.7351171875; 22.6005859375
2026-07-08; 17:28:35; 402; 0; 37.85; 1003.7496484375; 22.6220703125
2026-07-08; 17:29:35; 420; 3; 37.82; 1003.7516015625; 22.7138671875
2026-07-08; 17:30:35; 445; 6; 37.81; 1003.7434765625; 22.759765625
2026-07-08; 17:31:35; 483; 12; 37.81; 1003.7434765625; 22.759765625
2026-07-08; 17:32:35; 524; 18; 37.83; 1003.8037890625; 22.7265625
2026-07-08; 17:33:35; 524; 18; 37.77; 1003.83078125; 22.79296875
2026-07-08; 17:34:35; 519; 18; 37.83; 1003.74671875; 22.71484375
2026-07-08; 17:35:35; 505; 15; 37.8; 1003.7848046875; 22.736328125
2026-07-08; 17:36:35; 483; 12; 37.76; 1003.786484375; 22.78125
2026-07-08; 17:37:35; 465; 9; 37.79; 1003.740546875; 22.7353515625
2026-07-08; 17:38:35; 481; 12; 37.85; 1003.7132421875; 22.6796875
2026-07-08; 17:39:36; 465; 9; 37.82; 1003.788046875; 22.6669921875
2026-07-08; 17:40:36; 450; 7; 37.8; 1003.8340234375; 22.677734375
2026-07-08; 17:41:36; 445; 6; 37.82; 1003.9022265625; 22.6435546875
2026-07-08; 17:42:36; 432; 4; 37.83; 1003.824453125; 22.59765625
2026-07-08; 17:43:36; 439; 5; 37.78; 1003.8957421875; 22.6298828125
2026-07-08; 17:44:36; 416; 2; 37.74; 1003.7753515625; 22.6513671875
2026-07-08; 17:45:36; 403; 0; 37.72; 1003.8373828125; 22.626953125
2026-07-08; 17:46:36; 405; 0; 37.79; 1003.7690625; 22.537109375
2026-07-08; 17:47:36; 403; 0; 37.74; 1003.8609765625; 22.5927734375
2026-07-08; 17:48:36; 402; 0; 37.78; 1003.8465234375; 22.525390625
2026-07-08; 17:49:36; 400; 0; 37.8; 1003.75625; 22.4912109375
2026-07-08; 17:50:36; 400; 0; 37.8; 1003.7483984375; 22.4560546875
2026-07-08; 17:51:36; 400; 0; 37.79; 1003.740546875; 22.478515625
2026-07-08; 17:52:36; 407; 1; 37.78; 1003.7037890625; 22.431640625
2026-07-08; 17:53:36; 405; 0; 37.83; 1003.689609375; 22.3994140625
2026-07-08; 17:54:36; 417; 2; 37.83; 1003.775234375; 22.3876953125
2026-07-08; 17:55:36; 438; 5; 37.79; 1003.6833984375; 22.396484375
2026-07-08; 17:56:36; 442; 6; 37.73; 1003.6454296875; 22.4873046875
2026-07-08; 17:57:36; 417; 2; 37.78; 1003.6102734375; 22.408203125
2026-07-08; 17:58:36; 414; 2; 37.77; 1003.6594921875; 22.408203125
2026-07-08; 17:59:36; 405; 0; 37.76; 1003.6723046875; 22.3720703125
2026-07-08; 18:00:36; 405; 0; 37.74; 1003.7832421875; 22.40625
2026-07-08; 18:01:36; 413; 1; 37.7; 1003.7123828125; 22.451171875
2026-07-08; 18:02:36; 413; 1; 37.68; 1003.68875; 22.4736328125
2026-07-08; 18:03:36; 400; 0; 37.68; 1003.7662109375; 22.4033203125
2026-07-08; 18:04:36; 401; 0; 37.69; 1003.6188671875; 22.357421875
2026-07-08; 18:05:36; 400; 0; 37.65; 1003.69828125; 22.35546875
2026-07-08; 18:06:36; 400; 0; 37.66; 1003.6284375; 22.3447265625
2026-07-08; 18:07:36; 400; 0; 37.66; 1003.6284375; 22.3330078125
2026-07-08; 18:08:36; 402; 0; 37.67; 1003.758359375; 22.3212890625
2026-07-08; 18:09:36; 401; 0; 37.58; 1003.7511328125; 22.3984375
2026-07-08; 18:10:36; 410; 1; 37.57; 1003.76390625; 22.4443359375
2026-07-08; 18:11:36; 401; 0; 37.56; 1003.698984375; 22.4091796875
2026-07-08; 18:12:36; 403; 0; 37.55; 1003.646796875; 22.466796875
2026-07-08; 18:13:36; 410; 1; 37.51; 1003.656328125; 22.53515625
2026-07-08; 18:14:36; 427; 4; 37.56; 1003.6704296875; 22.4912109375
2026-07-08; 18:15:36; 432; 4; 37.53; 1003.5579296875; 22.5244140625
2026-07-08; 18:16:36; 442; 6; 37.55; 1003.6753515625; 22.513671875
2026-07-08; 18:17:36; 461; 9; 37.54; 1003.6307421875; 22.5830078125
2026-07-08; 18:18:36; 487; 13; 37.45; 1003.647109375; 22.6025390625
2026-07-08; 18:19:36; 500; 15; 37.46; 1003.69140625; 22.5439453125
2026-07-08; 18:20:36; 515; 17; 37.49; 1003.681875; 22.51171875
2026-07-08; 18:21:36; 508; 16; 37.48; 1003.6376171875; 22.556640625
2026-07-08; 18:22:37; 543; 21; 37.49; 1003.62484375; 22.5458984375
2026-07-08; 18:23:37; 580; 27; 37.5; 1003.69765625; 22.5703125
2026-07-08; 18:24:37; 615; 32; 37.49; 1003.64546875; 22.5693359375
2026-07-08; 18:25:37; 652; 38; 37.48; 1003.629765625; 22.603515625
2026-07-08; 18:26:37; 700; 45; 37.46; 1003.662890625; 22.6728515625
2026-07-08; 18:27:37; 735; 51; 37.48; 1003.686796875; 22.638671875
2026-07-08; 18:28:37; 772; 56; 37.54; 1003.659296875; 22.5595703125
2026-07-08; 18:29:37; 806; 61; 37.47; 1003.6421875; 22.6494140625
2026-07-08; 18:30:37; 868; 71; 37.4; 1003.7313671875; 22.7744140625
2026-07-08; 18:31:37; 933; 81; 37.37; 1003.7490234375; 22.80859375
2026-07-08; 18:32:37; 940; 82; 37.36; 1003.7333203125; 22.78515625
2026-07-08; 18:33:37; 967; 86; 37.45; 1003.6962890625; 22.671875
2026-07-08; 18:34:37; 940; 82; 37.46; 1003.77703125; 22.6611328125
2026-07-08; 18:35:37; 915; 78; 37.44; 1003.7091015625; 22.6826171875
2026-07-08; 18:36:37; 897; 75; 37.39; 1003.75203125; 22.7392578125
2026-07-08; 18:37:37; 885; 73; 37.39; 1003.6949609375; 22.7275390625
2026-07-08; 18:38:37; 813; 62; 37.37; 1003.7126171875; 22.7265625
2026-07-08; 18:39:37; 742; 52; 37.38; 1003.7077734375; 22.7158203125
2026-07-08; 18:40:37; 666; 40; 37.36; 1003.704765625; 22.7265625
2026-07-08; 18:41:37; 603; 30; 37.3; 1003.66671875; 22.79296875
2026-07-08; 18:42:37; 551; 23; 37.28; 1003.6351953125; 22.8623046875
2026-07-08; 18:43:37; 527; 19; 37.25; 1003.5669921875; 22.861328125
2026-07-08; 18:44:37; 493; 14; 37.28; 1003.712890625; 22.873046875
2026-07-08; 18:45:37; 483; 12; 37.27; 1003.676484375; 22.908203125
2026-07-08; 18:46:37; 498; 14; 37.23; 1003.563984375; 22.953125
2026-07-08; 18:47:37; 493; 14; 37.22; 1003.7115234375; 22.9404296875
2026-07-08; 18:48:37; 464; 9; 37.2; 1003.6593359375; 22.974609375
2026-07-08; 18:49:37; 436; 5; 37.24; 1003.5719140625; 22.91796875
2026-07-08; 18:50:37; 406; 0; 37.18; 1003.67671875; 23.0205078125
2026-07-08; 18:51:37; 403; 0; 37.19; 1003.64328125; 22.962890625
2026-07-08; 18:52:37; 400; 0; 37.17; 1003.689453125; 23.0087890625
2026-07-08; 18:53:37; 400; 0; 37.1; 1003.6152734375; 23.0986328125
2026-07-08; 18:54:37; 406; 0; 37.1; 1003.6644140625; 23.15625
2026-07-08; 18:55:37; 406; 0; 37.05; 1003.6138671875; 23.2119140625
2026-07-08; 18:56:37; 417; 2; 37.01; 1003.5872265625; 23.2333984375
2026-07-08; 18:57:37; 406; 0; 36.93; 1003.52578125; 23.2880859375
2026-07-08; 18:58:37; 403; 0; 36.92; 1003.6240234375; 23.251953125
2026-07-08; 18:59:37; 405; 0; 36.92; 1003.6728515625; 23.263671875
2026-07-08; 19:00:37; 402; 0; 36.89; 1003.6049609375; 23.2861328125
2026-07-08; 19:01:38; 400; 0; 36.85; 1003.6759375; 23.318359375
2026-07-08; 19:02:38; 400; 0; 36.81; 1003.5353125; 23.33984375
2026-07-08; 19:03:38; 403; 0; 36.8; 1003.66203125; 23.328125
2026-07-08; 19:04:38; 400; 0; 36.75; 1003.7254296875; 23.3955078125
2026-07-08; 19:05:38; 403; 0; 36.78; 1003.6587109375; 23.314453125
2026-07-08; 19:06:38; 400; 0; 36.77; 1003.7284375; 23.361328125
2026-07-08; 19:07:38; 402; 0; 36.77; 1003.6920703125; 23.3837890625
2026-07-08; 19:08:38; 402; 0; 36.64; 1003.6162890625; 23.517578125
2026-07-08; 19:09:38; 410; 1; 36.65; 1003.681484375; 23.4833984375
2026-07-08; 19:10:38; 400; 0; 36.7; 1003.731796875; 23.4150390625
2026-07-08; 19:11:38; 400; 0; 36.63; 1003.686015625; 23.470703125
2026-07-08; 19:12:38; 405; 0; 36.64; 1003.67328125; 23.458984375
2026-07-08; 19:13:38; 409; 1; 36.63; 1003.6575390625; 23.482421875
2026-07-08; 19:14:38; 447; 7; 36.67; 1003.6923828125; 23.484375
2026-07-08; 19:15:38; 463; 9; 36.58; 1003.7211328125; 23.5263671875
2026-07-08; 19:16:38; 470; 10; 36.6; 1003.7162890625; 23.5615234375
2026-07-08; 19:17:38; 486; 13; 36.57; 1003.705078125; 23.583984375
2026-07-08; 19:18:38; 523; 18; 36.58; 1003.71296875; 23.595703125
2026-07-08; 19:19:38; 553; 23; 36.56; 1003.6038671875; 23.6416015625
2026-07-08; 19:20:38; 572; 26; 36.58; 1003.6275; 23.595703125
2026-07-08; 19:21:38; 588; 28; 36.62; 1003.6987109375; 23.5517578125
2026-07-08; 19:22:38; 626; 34; 36.61; 1003.7605859375; 23.62109375
2026-07-08; 19:23:38; 674; 41; 36.58; 1003.6559765625; 23.642578125
2026-07-08; 19:24:38; 714; 47; 36.63; 1003.649609375; 23.5283203125
2026-07-08; 19:25:38; 754; 53; 36.67; 1003.7130078125; 23.4375
2026-07-08; 19:26:38; 754; 53; 36.63; 1003.649609375; 23.470703125
2026-07-08; 19:27:38; 765; 55; 36.62; 1003.690859375; 23.4931640625
2026-07-08; 19:28:38; 780; 57; 36.55; 1003.6735546875; 23.5595703125
2026-07-08; 19:29:38; 795; 60; 36.57; 1003.66875; 23.513671875
2026-07-08; 19:30:38; 774; 56; 36.55; 1003.6941796875; 23.4892578125
2026-07-08; 19:31:39; 748; 53; 36.58; 1003.7414453125; 23.4443359375
2026-07-08; 19:32:39; 742; 52; 36.5; 1003.6798828125; 23.533203125
2026-07-08; 19:33:39; 733; 50; 36.52; 1003.6832421875; 23.5234375
2026-07-08; 19:34:39; 717; 48; 36.5; 1003.736875; 23.533203125
2026-07-08; 19:35:39; 702; 46; 36.53; 1003.6990234375; 23.5
2026-07-08; 19:36:39; 702; 46; 36.48; 1003.7259375; 23.6025390625
2026-07-08; 19:37:39; 717; 48; 36.43; 1003.7401171875; 23.681640625
2026-07-08; 19:38:39; 757; 54; 36.43; 1003.711640625; 23.7392578125
2026-07-08; 19:39:39; 813; 62; 36.41; 1003.7940234375; 23.78515625
2026-07-08; 19:40:39; 887; 74; 36.44; 1003.8413671875; 23.7626953125
2026-07-08; 19:41:39; 880; 73; 36.41; 1003.7734375; 23.796875
2026-07-08; 19:42:39; 870; 71; 36.45; 1003.8210546875; 23.763671875
2026-07-08; 19:43:39; 880; 73; 36.38; 1003.754609375; 23.853515625
2026-07-08; 19:44:39; 887; 74; 36.37; 1003.7951953125; 23.9111328125
2026-07-08; 19:45:39; 887; 74; 36.33; 1003.7890625; 23.955078125
2026-07-08; 19:46:39; 840; 67; 36.31; 1003.8635546875; 23.9892578125
2026-07-08; 19:47:39; 827; 65; 36.3; 1003.826875; 24.0009765625
2026-07-08; 19:48:39; 819; 63; 36.3; 1003.7905078125; 24.0
2026-07-08; 19:49:39; 780; 57; 36.35; 1003.8412109375; 23.9912109375
2026-07-08; 19:50:39; 733; 50; 36.25; 1003.911015625; 24.11328125
2026-07-08; 19:51:39; 671; 41; 36.29; 1003.8601953125; 24.0341796875
2026-07-08; 19:52:39; 640; 36; 36.22; 1003.785859375; 24.1357421875
2026-07-08; 19:53:39; 657; 39; 36.21; 1003.790625; 24.169921875
2026-07-08; 19:54:39; 679; 42; 36.18; 1003.8081640625; 24.25
2026-07-08; 19:55:39; 688; 43; 36.16; 1003.8048046875; 24.271484375
2026-07-08; 19:56:39; 666; 40; 36.17; 1003.76390625; 24.25
2026-07-08; 19:57:39; 634; 35; 36.15; 1003.8253515625; 24.271484375
2026-07-08; 19:58:39; 620; 33; 36.16; 1003.8332421875; 24.259765625
2026-07-08; 19:59:39; 626; 34; 36.11; 1003.8682421875; 24.3388671875
2026-07-08; 20:00:40; 626; 34; 36.15; 1003.8253515625; 24.2373046875
2026-07-08; 20:01:40; 605; 31; 36.11; 1003.8761328125; 24.2353515625
2026-07-08; 20:02:40; 607; 31; 36.1; 1003.795234375; 24.234375
2026-07-08; 20:03:40; 599; 30; 36.07; 1003.7558203125; 24.291015625
2026-07-08; 20:04:40; 599; 30; 36.05; 1003.8871484375; 24.3359375
2026-07-08; 20:05:40; 626; 34; 36.04; 1003.814453125; 24.3466796875
2026-07-08; 20:06:40; 657; 39; 36.02; 1003.83953125; 24.380859375
2026-07-08; 20:07:40; 726; 49; 36.03; 1003.8065625; 24.3349609375
2026-07-08; 20:08:40; 780; 57; 36.02; 1003.8189453125; 24.3466796875
2026-07-08; 20:09:40; 795; 60; 36.0; 1003.90125; 24.3798828125
2026-07-08; 20:10:40; 774; 56; 35.99; 1003.849140625; 24.35546875
2026-07-08; 20:11:40; 791; 59; 35.97; 1003.8254296875; 24.3203125
2026-07-08; 20:12:40; 780; 57; 35.95; 1003.9280078125; 24.330078125
2026-07-08; 20:13:40; 737; 51; 35.91; 1003.8364453125; 24.3046875
2026-07-08; 20:14:40; 674; 41; 35.92; 1003.94546875; 24.259765625
2026-07-08; 20:15:40; 650; 38; 35.88; 1003.82484375; 24.2919921875
2026-07-08; 20:16:40; 634; 35; 35.86; 1003.915; 24.291015625
2026-07-08; 20:17:40; 607; 31; 35.89; 1003.840625; 24.234375
2026-07-08; 20:18:40; 618; 33; 35.87; 1003.8944140625; 24.2802734375
2026-07-08; 20:19:40; 592; 29; 35.85; 1003.8344140625; 24.244140625
2026-07-08; 20:20:40; 599; 30; 35.86; 1003.8580859375; 24.2685546875
2026-07-08; 20:21:40; 588; 28; 35.89; 1003.848828125; 24.24609375
2026-07-08; 20:22:40; 597; 30; 35.88; 1003.8042578125; 24.26953125
2026-07-08; 20:23:40; 592; 29; 35.88; 1003.832734375; 24.2109375
2026-07-08; 20:24:40; 599; 30; 35.89; 1003.7837109375; 24.2578125
2026-07-08; 20:25:40; 626; 34; 35.86; 1003.829609375; 24.2685546875
2026-07-08; 20:26:40; 629; 34; 35.88; 1003.938671875; 24.2568359375
2026-07-08; 20:27:40; 641; 36; 35.89; 1003.848828125; 24.24609375
2026-07-08; 20:28:40; 646; 37; 35.88; 1003.918125; 24.28125
2026-07-08; 20:29:40; 640; 36; 35.89; 1003.8975; 24.24609375
2026-07-08; 20:30:40; 634; 35; 35.88; 1003.9465625; 24.2578125
2026-07-08; 20:31:40; 650; 38; 35.88; 1003.861171875; 24.2578125
2026-07-08; 20:32:40; 629; 34; 35.84; 1003.9119140625; 24.255859375
2026-07-08; 20:33:40; 629; 34; 35.8; 1003.9259375; 24.357421875
2026-07-08; 20:34:40; 620; 33; 35.81; 1003.94171875; 24.3232421875
2026-07-08; 20:35:40; 620; 33; 35.81; 1003.949609375; 24.2998046875
2026-07-08; 20:36:40; 586; 28; 35.77; 1003.9433984375; 24.3330078125
2026-07-08; 20:37:41; 586; 28; 35.73; 1003.957421875; 24.4345703125
2026-07-08; 20:38:41; 567; 25; 35.71; 1003.8768359375; 24.3876953125
2026-07-08; 20:39:41; 561; 24; 35.75; 1003.9036328125; 24.4130859375
2026-07-08; 20:40:41; 553; 23; 35.69; 1003.9590625; 24.4326171875
2026-07-08; 20:41:41; 556; 23; 35.68; 1003.91453125; 24.4443359375
2026-07-08; 20:42:41; 567; 25; 35.66; 1003.8466015625; 24.4892578125
2026-07-08; 20:43:41; 567; 25; 35.67; 1003.919296875; 24.4892578125
2026-07-08; 20:44:41; 574; 26; 35.63; 1003.9573046875; 24.51171875
2026-07-08; 20:45:41; 567; 25; 35.59; 1003.922265625; 24.5439453125
2026-07-08; 20:46:41; 561; 24; 35.6; 1003.93015625; 24.5322265625
2026-07-08; 20:47:41; 572; 26; 35.6; 1003.909609375; 24.544921875
2026-07-08; 20:48:41; 586; 28; 35.6; 1003.87328125; 24.5791015625
2026-07-08; 20:49:41; 580; 27; 35.59; 1003.865390625; 24.5439453125
2026-07-08; 20:50:41; 567; 25; 35.58; 1003.821171875; 24.5439453125
2026-07-08; 20:51:41; 574; 26; 35.57; 1003.833828125; 24.53125
2026-07-08; 20:52:41; 580; 27; 35.53; 1003.9615625; 24.5869140625
2026-07-08; 20:53:41; 572; 26; 35.48; 1003.88234375; 24.6650390625
2026-07-08; 20:54:41; 597; 30; 35.43; 1004.0024609375; 24.744140625
2026-07-08; 20:55:41; 620; 33; 35.4; 1003.9829296875; 24.8125
2026-07-08; 20:56:41; 634; 35; 35.35; 1003.9971875; 24.8212890625
2026-07-08; 20:57:41; 657; 39; 35.29; 1003.987421875; 24.8759765625
2026-07-08; 20:58:41; 679; 42; 35.3; 1004.06796875; 24.9345703125
2026-07-08; 20:59:41; 682; 42; 35.27; 1003.9839453125; 24.9326171875
2026-07-08; 21:00:41; 702; 46; 35.25; 1004.06609375; 24.978515625
2026-07-08; 21:01:41; 726; 49; 35.22; 1004.047109375; 25.0458984375
2026-07-08; 21:02:41; 754; 53; 35.19; 1004.03578125; 25.056640625
2026-07-08; 21:03:41; 785; 58; 35.16; 1003.98046875; 25.1474609375
2026-07-08; 21:04:41; 819; 63; 35.14; 1004.0420703125; 25.158203125
2026-07-08; 21:05:41; 840; 67; 35.11; 1004.1080859375; 25.203125
2026-07-08; 21:06:41; 891; 74; 35.08; 1004.0685546875; 25.224609375
2026-07-08; 21:07:41; 920; 79; 35.05; 1004.049296875; 25.234375
2026-07-08; 21:08:41; 954; 84; 35.04; 1004.0903515625; 25.2568359375
2026-07-08; 21:09:41; 990; 89; 35.01; 1004.04296875; 25.3251953125
2026-07-08; 21:10:41; 1041; 97; 34.99; 1004.039453125; 25.3466796875
2026-07-08; 21:11:41; 1099; 106; 34.98; 1004.129453125; 25.404296875
2026-07-08; 21:12:41; 1153; 114; 34.94; 1004.074140625; 25.4365234375
2026-07-08; 21:13:41; 1231; 126; 34.9; 1004.0955859375; 25.515625
2026-07-08; 21:14:41; 1291; 135; 34.86; 1004.0888671875; 25.513671875
2026-07-08; 21:15:41; 1341; 143; 34.82; 1004.1187890625; 25.5927734375
2026-07-08; 21:16:41; 1413; 154; 34.82; 1004.1472265625; 25.615234375
2026-07-08; 21:17:41; 1474; 163; 34.81; 1004.1803515625; 25.615234375
2026-07-08; 21:18:41; 1502; 173; 34.78; 1004.1894140625; 25.6474609375
2026-07-08; 21:19:41; 1520; 185; 34.73; 1004.2035546875; 25.7724609375
2026-07-08; 21:20:42; 1538; 198; 34.76; 1004.194140625; 25.751953125
2026-07-08; 21:21:42; 1557; 212; 34.72; 1004.1022265625; 25.7841796875
2026-07-08; 21:22:42; 1582; 230; 34.71; 1004.1353125; 25.8525390625
2026-07-08; 21:23:42; 1604; 249; 34.66; 1004.084375; 25.9306640625
2026-07-08; 21:24:42; 1621; 265; 34.66; 1004.1127734375; 25.861328125
2026-07-08; 21:25:42; 1648; 288; 34.64; 1004.174296875; 25.96484375
2026-07-08; 21:26:42; 1664; 302; 34.61; 1004.1552734375; 26.0087890625
2026-07-08; 21:27:42; 1682; 321; 34.58; 1004.1564453125; 26.0537109375
2026-07-08; 21:28:42; 1696; 335; 34.54; 1004.1658203125; 26.0634765625
2026-07-08; 21:29:42; 1713; 351; 34.53; 1004.17046875; 26.109375
2026-07-08; 21:30:42; 1725; 363; 34.54; 1004.12953125; 26.109375
2026-07-08; 21:31:42; 1739; 376; 34.53; 1004.206796875; 26.1318359375
2026-07-08; 21:32:42; 1753; 394; 34.51; 1004.166953125; 26.130859375
2026-07-08; 21:33:42; 1766; 410; 34.47; 1004.1605078125; 26.2216796875
2026-07-08; 21:34:42; 1775; 422; 34.47; 1004.225234375; 26.1982421875
2026-07-08; 21:35:42; 1789; 438; 34.46; 1004.266171875; 26.1865234375
2026-07-08; 21:36:42; 1809; 460; 34.41; 1004.24359375; 26.2646484375
2026-07-08; 21:37:42; 1811; 463; 34.42; 1004.2594140625; 26.2646484375
2026-07-08; 21:38:42; 1824; 480; 34.43; 1004.3525390625; 26.2880859375
2026-07-08; 21:39:42; 1837; 498; 34.36; 1004.249140625; 26.3544921875
2026-07-08; 21:40:42; 1847; 511; 34.37; 1004.2933203125; 26.296875
2026-07-08; 21:41:42; 1849; 514; 34.32; 1004.2994140625; 26.38671875
2026-07-08; 21:42:42; 1863; 535; 34.32; 1004.2994140625; 26.41015625
2026-07-08; 21:43:42; 1874; 547; 34.32; 1004.3845703125; 26.3984375
2026-07-08; 21:44:42; 1879; 554; 34.27; 1004.3903515625; 26.4296875
2026-07-08; 21:45:42; 1884; 561; 34.27; 1004.33359375; 26.5458984375
2026-07-08; 21:46:42; 1888; 568; 34.24; 1004.399375; 26.5087890625
2026-07-08; 21:47:42; 1898; 582; 34.23; 1004.35515625; 26.5087890625
2026-07-08; 21:48:42; 1900; 586; 34.23; 1004.4119140625; 26.5322265625
2026-07-08; 21:49:42; 1911; 601; 34.17; 1004.2883203125; 26.609375
2026-07-08; 21:50:42; 1926; 625; 34.15; 1004.349765625; 26.6083984375
2026-07-08; 21:51:42; 1934; 639; 34.15; 1004.48375; 26.619140625
2026-07-08; 21:52:42; 1934; 639; 34.1; 1004.35546875; 26.6513671875
2026-07-08; 21:53:42; 1946; 657; 34.05; 1004.3819921875; 26.763671875
2026-07-08; 21:54:42; 1961; 680; 34.08; 1004.3726953125; 26.7197265625
2026-07-08; 21:55:42; 1965; 687; 34.09; 1004.3964453125; 26.708984375
2026-07-08; 21:56:42; 1978; 709; 34.08; 1004.3805859375; 26.7080078125
2026-07-08; 21:57:42; 1983; 718; 34.04; 1004.479375; 26.787109375
2026-07-08; 21:58:42; 1992; 732; 34.05; 1004.4387109375; 26.6943359375
2026-07-08; 21:59:42; 1994; 736; 34.02; 1004.3988671875; 26.78515625
2026-07-08; 22:00:42; 1994; 736; 33.98; 1004.420703125; 26.8408203125
2026-07-08; 22:01:42; 1999; 746; 33.99; 1004.49328125; 26.7958984375
2026-07-08; 22:02:42; 1994; 736; 33.95; 1004.401328125; 26.8857421875
2026-07-08; 22:03:43; 1999; 746; 33.96; 1004.481796875; 26.875
2026-07-08; 22:04:43; 1999; 746; 33.93; 1004.46265625; 26.908203125
2026-07-08; 22:05:43; 1983; 718; 33.95; 1004.4659765625; 26.9208984375
2026-07-08; 22:06:43; 1999; 746; 33.85; 1004.505703125; 27.0068359375
2026-07-08; 22:07:43; 2004; 756; 33.84; 1004.481953125; 27.0634765625
2026-07-08; 22:08:43; 2013; 769; 33.84; 1004.5103125; 27.0634765625
2026-07-08; 22:09:43; 2013; 769; 33.82; 1004.54296875; 27.0634765625
2026-07-08; 22:10:43; 2013; 769; 33.8; 1004.511328125; 27.05078125
2026-07-08; 22:11:43; 2015; 773; 33.78; 1004.528515625; 27.0947265625
2026-07-08; 22:12:43; 2020; 784; 33.78; 1004.471796875; 27.17578125
2026-07-08; 22:13:43; 2025; 794; 33.77; 1004.4922265625; 27.1064453125
2026-07-08; 22:14:43; 2025; 794; 33.72; 1004.50578125; 27.23046875
2026-07-08; 22:15:43; 2034; 809; 33.7; 1004.530859375; 27.1943359375
2026-07-08; 22:16:43; 2036; 813; 33.67; 1004.5318359375; 27.33203125
2026-07-08; 22:17:43; 2034; 809; 33.69; 1004.53515625; 27.275390625
2026-07-08; 22:18:43; 2050; 825; 33.68; 1004.4705078125; 27.2861328125
2026-07-08; 22:19:43; 2050; 825; 33.68; 1004.5272265625; 27.2744140625
2026-07-08; 22:20:43; 2050; 825; 33.67; 1004.539765625; 27.3427734375
2026-07-08; 22:21:43; 2056; 836; 33.62; 1004.51703125; 27.2939453125
2026-07-08; 22:22:43; 2062; 846; 33.61; 1004.55; 27.3974609375
2026-07-08; 22:23:43; 2062; 846; 33.6; 1004.534140625; 27.3154296875
2026-07-08; 22:24:43; 2062; 846; 33.56; 1004.5354296875; 27.40625
2026-07-08; 22:25:43; 2068; 857; 33.55; 1004.5680859375; 27.5087890625
2026-07-08; 22:26:43; 2068; 857; 33.56; 1004.5921484375; 27.4638671875
2026-07-08; 22:27:43; 2072; 868; 33.55; 1004.596484375; 27.4619140625
2026-07-08; 22:28:43; 2078; 878; 33.53; 1004.572734375; 27.49609375
2026-07-08; 22:29:43; 2088; 894; 33.51; 1004.6465625; 27.4951171875
2026-07-08; 22:30:43; 2090; 901; 33.53; 1004.6010546875; 27.51953125
2026-07-08; 22:31:43; 2094; 911; 33.5; 1004.630703125; 27.5517578125
2026-07-08; 22:32:43; 2100; 922; 33.51; 1004.654453125; 27.5869140625
2026-07-08; 22:33:43; 2110; 940; 33.51; 1004.6465625; 27.552734375
2026-07-08; 22:34:43; 2120; 963; 33.47; 1004.59875; 27.5966796875
2026-07-08; 22:35:43; 2126; 978; 33.48; 1004.6349609375; 27.57421875
2026-07-08; 22:36:43; 2138; 999; 33.45; 1004.7008984375; 27.6181640625
2026-07-08; 22:37:43; 2138; 999; 33.4; 1004.5647265625; 27.6962890625
2026-07-08; 22:38:43; 2144; 1014; 33.37; 1004.638203125; 27.751953125
2026-07-08; 22:39:43; 2144; 1014; 33.39; 1004.690625; 27.638671875
2026-07-08; 22:40:43; 2144; 1014; 33.38; 1004.7027734375; 27.7412109375
2026-07-08; 22:41:43; 2144; 1014; 33.36; 1004.6144140625; 27.8095703125
2026-07-08; 22:42:43; 2150; 1031; 33.34; 1004.6187109375; 27.8203125
2026-07-08; 22:43:43; 2150; 1031; 33.31; 1004.676640625; 27.875
2026-07-08; 22:44:43; 2150; 1031; 33.28; 1004.685546875; 27.9658203125
2026-07-08; 22:45:44; 2156; 1044; 33.29; 1004.6733203125; 27.931640625
2026-07-08; 22:46:44; 2166; 1067; 33.25; 1004.7309375; 27.9873046875
2026-07-08; 22:47:44; 2166; 1067; 33.22; 1004.655078125; 28.0439453125
2026-07-08; 22:48:44; 2174; 1084; 33.29; 1004.6449609375; 27.931640625
2026-07-08; 22:49:44; 2178; 1093; 33.25; 1004.6742578125; 27.953125
2026-07-08; 22:50:44; 2183; 1107; 33.23; 1004.642578125; 27.9970703125
2026-07-08; 22:51:44; 2183; 1107; 33.2; 1004.7080859375; 28.111328125
2026-07-08; 22:52:44; 2183; 1107; 33.2; 1004.65140625; 28.076171875
2026-07-08; 22:53:44; 2189; 1120; 33.21; 1004.6389453125; 28.01953125
2026-07-08; 22:54:44; 2183; 1107; 33.19; 1004.6355859375; 28.1220703125
2026-07-08; 22:55:44; 2183; 1107; 33.19; 1004.6355859375; 28.1103515625
2026-07-08; 22:56:44; 2178; 1093; 33.18; 1004.67640625; 28.0751953125
2026-07-08; 22:57:44; 2178; 1093; 33.16; 1004.6447265625; 28.166015625
2026-07-08; 22:58:44; 2178; 1093; 33.17; 1004.6605859375; 28.09765625
2026-07-08; 22:59:44; 2174; 1084; 33.16; 1004.681015625; 28.1552734375
2026-07-08; 23:00:44; 2174; 1084; 33.16; 1004.73765625; 28.166015625
2026-07-08; 23:01:44; 2174; 1084; 33.08; 1004.610625; 28.30078125
2026-07-08; 23:02:44; 2166; 1067; 33.1; 1004.7273046875; 28.197265625
2026-07-08; 23:03:44; 2166; 1067; 33.08; 1004.6673046875; 28.30078125
2026-07-08; 23:04:44; 2160; 1053; 33.08; 1004.7157421875; 28.2763671875
2026-07-08; 23:05:44; 2160; 1053; 33.04; 1004.7452734375; 28.34375
2026-07-08; 23:06:44; 2156; 1044; 33.07; 1004.7078125; 28.298828125
2026-07-08; 23:07:44; 2156; 1044; 33.05; 1004.7611328125; 28.3212890625
2026-07-08; 23:08:44; 2156; 1044; 33.05; 1004.7327734375; 28.3212890625
2026-07-08; 23:09:44; 2150; 1031; 32.99; 1004.722421875; 28.3525390625
2026-07-08; 23:10:44; 2144; 1014; 33.0; 1004.786953125; 28.4326171875
2026-07-08; 23:11:44; 2150; 1031; 33.0; 1004.7382421875; 28.3525390625
2026-07-08; 23:12:44; 2144; 1014; 32.95; 1004.7156640625; 28.4990234375
2026-07-08; 23:13:44; 2144; 1014; 32.97; 1004.690703125; 28.5126953125
2026-07-08; 23:14:44; 2138; 999; 32.97; 1004.6623828125; 28.5009765625
2026-07-08; 23:15:44; 2138; 999; 32.96; 1004.703203125; 28.4775390625
2026-07-08; 23:16:44; 2138; 999; 32.93; 1004.6915625; 28.521484375
2026-07-08; 23:17:44; 2138; 999; 32.95; 1004.7156640625; 28.4990234375
2026-07-08; 23:18:44; 2144; 1014; 32.93; 1004.719921875; 28.521484375
2026-07-08; 23:19:44; 2144; 1014; 32.9; 1004.7211328125; 28.53125
2026-07-08; 23:20:44; 2144; 1014; 32.9; 1004.6723828125; 28.623046875
2026-07-08; 23:21:44; 2144; 1014; 32.88; 1004.668984375; 28.587890625
2026-07-08; 23:22:44; 2138; 999; 32.87; 1004.681484375; 28.7021484375
2026-07-08; 23:23:44; 2132; 990; 32.83; 1004.69453125; 28.6875
2026-07-08; 23:24:44; 2138; 999; 32.82; 1004.70703125; 28.7451171875
2026-07-08; 23:25:44; 2132; 990; 32.83; 1004.751171875; 28.6416015625
2026-07-08; 23:26:44; 2126; 978; 32.8; 1004.7033203125; 28.80078125
2026-07-08; 23:27:44; 2126; 978; 32.8; 1004.767890625; 28.755859375
2026-07-08; 23:28:45; 2126; 978; 32.81; 1004.727421875; 28.7900390625
2026-07-08; 23:29:45; 2120; 963; 32.81; 1004.6990625; 28.7900390625
