Datum; Uhrzeit; eCO2 (ppm); tVOC (ppb); Temperatur (°C); Luftdruck (hpPa); relative Luftfeuchte (%)
2026-07-27; 01:56:37; 405; 0; 35.2; 996.2111328125; 22.796875
2026-07-27; 01:57:37; 400; 0; 35.17; 996.1921484375; 22.7841796875
2026-07-27; 01:58:37; 402; 0; 35.2; 996.25828125; 22.78515625
2026-07-27; 01:59:37; 407; 1; 35.18; 996.227265625; 22.7724609375
2026-07-27; 02:00:37; 400; 0; 35.04; 996.1908984375; 22.927734375
2026-07-27; 02:01:37; 407; 1; 35.21; 996.2541796875; 22.8203125
2026-07-27; 02:02:37; 400; 0; 35.09; 996.150703125; 22.90625
2026-07-27; 02:03:37; 421; 3; 35.2; 996.2111328125; 22.8193359375
2026-07-27; 02:04:37; 414; 2; 35.08; 996.2178125; 22.9287109375
2026-07-27; 02:05:37; 410; 1; 35.07; 996.2023046875; 22.9521484375
2026-07-27; 02:06:37; 403; 0; 35.29; 996.2326171875; 22.7890625
2026-07-27; 02:07:37; 409; 1; 35.03; 996.250390625; 23.0302734375
2026-07-27; 02:08:37; 409; 1; 35.07; 996.22984375; 22.962890625
2026-07-27; 02:09:38; 406; 0; 35.22; 996.23421875; 22.83203125
2026-07-27; 02:10:38; 410; 1; 35.02; 996.2348828125; 23.041015625
2026-07-27; 02:11:38; 405; 0; 35.26; 996.288359375; 22.845703125
2026-07-27; 02:12:38; 405; 0; 35.2; 996.175625; 22.876953125
2026-07-27; 02:13:38; 400; 0; 35.3; 996.303203125; 22.7900390625
2026-07-27; 02:14:38; 400; 0; 35.23; 996.3323828125; 22.890625
2026-07-27; 02:15:38; 403; 0; 35.16; 996.2513671875; 22.91015625
2026-07-27; 02:16:38; 403; 0; 35.44; 996.2368359375; 22.6240234375
2026-07-27; 02:17:38; 405; 0; 35.31; 996.2832421875; 22.767578125
2026-07-27; 02:18:38; 405; 0; 35.33; 996.28671875; 22.7802734375
2026-07-27; 02:19:38; 400; 0; 35.2; 996.285859375; 22.888671875
2026-07-27; 02:20:38; 400; 0; 35.09; 996.3355859375; 22.9873046875
2026-07-27; 02:21:38; 402; 0; 35.18; 996.3178125; 22.8994140625
2026-07-27; 02:22:38; 402; 0; 35.32; 996.2712109375; 22.755859375
2026-07-27; 02:23:38; 400; 0; 35.32; 996.326328125; 22.791015625
2026-07-27; 02:24:38; 400; 0; 35.34; 996.3376953125; 22.7919921875
2026-07-27; 02:25:38; 400; 0; 35.43; 996.3239453125; 22.7158203125
2026-07-27; 02:26:38; 400; 0; 35.25; 996.2728515625; 22.8681640625
2026-07-27; 02:27:38; 400; 0; 35.19; 996.32546875; 22.9697265625
2026-07-27; 02:28:38; 403; 0; 35.13; 996.2678125; 23.0009765625
2026-07-27; 02:29:38; 403; 0; 35.28; 996.346953125; 22.8583984375
2026-07-27; 02:30:38; 403; 0; 35.14; 996.393515625; 23.0244140625
2026-07-27; 02:31:38; 400; 0; 35.22; 996.371953125; 22.9248046875
2026-07-27; 02:32:38; 403; 0; 35.2; 996.3409375; 22.9921875
2026-07-27; 02:33:38; 403; 0; 35.48; 996.401796875; 22.66015625
2026-07-27; 02:34:38; 403; 0; 35.17; 996.440078125; 22.9912109375
2026-07-27; 02:35:38; 400; 0; 35.24; 996.4580859375; 22.9599609375
2026-07-27; 02:36:38; 403; 0; 35.31; 996.3659375; 22.90625
2026-07-27; 02:37:38; 400; 0; 35.31; 996.373828125; 22.8828125
2026-07-27; 02:38:38; 403; 0; 35.18; 996.5106640625; 23.0498046875
2026-07-27; 02:39:38; 403; 0; 35.34; 996.4124609375; 22.8720703125
2026-07-27; 02:40:38; 400; 0; 35.26; 996.4340234375; 22.9736328125
2026-07-27; 02:41:38; 403; 0; 35.13; 996.4881640625; 23.1044921875
2026-07-27; 02:42:38; 400; 0; 35.35; 996.435859375; 22.8623046875
2026-07-27; 02:43:38; 403; 0; 35.21; 996.3643359375; 23.005859375
2026-07-27; 02:44:38; 403; 0; 35.1; 996.441640625; 23.1728515625
2026-07-27; 02:45:38; 400; 0; 35.16; 996.47171875; 23.1171875
2026-07-27; 02:46:38; 403; 0; 35.18; 996.365; 23.095703125
2026-07-27; 02:47:38; 403; 0; 35.11; 996.3666015625; 23.1953125
2026-07-27; 02:48:38; 400; 0; 35.21; 996.419453125; 23.12109375
2026-07-27; 02:49:38; 405; 0; 35.14; 996.413125; 23.185546875
2026-07-27; 02:50:38; 400; 0; 35.28; 996.4375; 23.0322265625
2026-07-27; 02:51:38; 400; 0; 35.07; 996.395078125; 23.251953125
2026-07-27; 02:52:38; 405; 0; 35.14; 996.44859375; 23.1865234375
2026-07-27; 02:53:39; 405; 0; 35.1; 996.406171875; 23.2529296875
2026-07-27; 02:54:39; 400; 0; 35.0; 996.396640625; 23.4326171875
2026-07-27; 02:55:39; 405; 0; 34.99; 996.4162890625; 23.4091796875
2026-07-27; 02:56:39; 403; 0; 35.16; 996.42453125; 23.2451171875
2026-07-27; 02:57:39; 400; 0; 35.11; 996.5043359375; 23.2529296875
2026-07-27; 02:58:39; 403; 0; 35.06; 996.4897265625; 23.3203125
2026-07-27; 02:59:39; 403; 0; 35.09; 996.481171875; 23.3564453125
2026-07-27; 03:00:39; 403; 0; 34.94; 996.4959765625; 23.544921875
2026-07-27; 03:01:39; 403; 0; 34.89; 996.5165234375; 23.54296875
2026-07-27; 03:02:39; 400; 0; 35.02; 996.5454296875; 23.3994140625
2026-07-27; 03:03:39; 403; 0; 35.01; 996.5023828125; 23.421875
2026-07-27; 03:04:39; 403; 0; 35.04; 996.5137890625; 23.4111328125
2026-07-27; 03:05:39; 400; 0; 35.04; 996.5688671875; 23.400390625
2026-07-27; 03:06:39; 400; 0; 35.22; 996.5923828125; 23.1904296875
2026-07-27; 03:07:39; 403; 0; 34.95; 996.6295703125; 23.5224609375
2026-07-27; 03:08:39; 400; 0; 35.05; 996.6669921875; 23.435546875
2026-07-27; 03:09:39; 400; 0; 34.95; 996.64921875; 23.568359375
2026-07-27; 03:10:39; 403; 0; 34.89; 996.65421875; 23.634765625
2026-07-27; 03:11:39; 403; 0; 34.89; 996.674140625; 23.6005859375
2026-07-27; 03:12:39; 400; 0; 34.95; 996.7121875; 23.5576171875
2026-07-27; 03:13:39; 403; 0; 35.12; 996.66546875; 23.3935546875
2026-07-27; 03:14:39; 400; 0; 35.08; 996.7411328125; 23.4140625
2026-07-27; 03:15:39; 400; 0; 34.97; 996.7080859375; 23.55859375
2026-07-27; 03:16:39; 400; 0; 35.06; 996.745234375; 23.4365234375
2026-07-27; 03:17:39; 400; 0; 35.1; 996.7366796875; 23.44921875
2026-07-27; 03:18:39; 406; 0; 35.1; 996.7091796875; 23.44921875
2026-07-27; 03:19:39; 406; 0; 34.97; 996.8261328125; 23.5810546875
2026-07-27; 03:20:39; 406; 0; 35.04; 996.8243359375; 23.515625
2026-07-27; 03:21:39; 406; 0; 35.05; 996.81234375; 23.5166015625
2026-07-27; 03:22:39; 406; 0; 34.9; 996.9374609375; 23.7158203125
2026-07-27; 03:23:39; 406; 0; 35.11; 996.8623828125; 23.4609375
2026-07-27; 03:24:39; 406; 0; 35.1; 996.937421875; 23.47265625
2026-07-27; 03:25:39; 406; 0; 34.94; 996.861875; 23.6494140625
2026-07-27; 03:26:39; 406; 0; 35.1; 996.88234375; 23.5068359375
2026-07-27; 03:27:39; 406; 0; 35.08; 996.9063671875; 23.517578125
2026-07-27; 03:28:39; 406; 0; 34.86; 996.8554296875; 23.7724609375
2026-07-27; 03:29:39; 400; 0; 35.06; 996.88296875; 23.57421875
2026-07-27; 03:30:39; 406; 0; 35.0; 996.872421875; 23.62890625
2026-07-27; 03:31:39; 406; 0; 34.92; 996.9409765625; 23.6943359375
2026-07-27; 03:32:39; 406; 0; 34.83; 996.9740625; 23.8388671875
2026-07-27; 03:33:39; 406; 0; 35.0; 996.9550390625; 23.62890625
2026-07-27; 03:34:39; 400; 0; 35.05; 996.97; 23.57421875
2026-07-27; 03:35:39; 406; 0; 34.86; 997.020625; 23.794921875
2026-07-27; 03:36:40; 406; 0; 34.92; 997.003671875; 23.6708984375
2026-07-27; 03:37:40; 400; 0; 35.01; 997.073125; 23.7109375
2026-07-27; 03:38:40; 406; 0; 34.99; 996.986953125; 23.685546875
2026-07-27; 03:39:40; 406; 0; 34.89; 997.00453125; 23.8310546875
2026-07-27; 03:40:40; 406; 0; 34.84; 997.092109375; 23.8857421875
2026-07-27; 03:41:40; 400; 0; 34.88; 997.0241796875; 23.8310546875
2026-07-27; 03:42:40; 406; 0; 34.88; 997.071640625; 23.865234375
2026-07-27; 03:43:40; 400; 0; 34.98; 997.0616796875; 23.732421875
2026-07-27; 03:44:40; 400; 0; 35.11; 997.055234375; 23.576171875
2026-07-27; 03:45:40; 406; 0; 34.8; 997.1476953125; 23.9189453125
2026-07-27; 03:46:40; 400; 0; 34.73; 997.101953125; 24.0302734375
2026-07-27; 03:47:40; 400; 0; 34.9; 997.10265625; 23.8544921875
2026-07-27; 03:48:40; 403; 0; 34.87; 997.2289453125; 23.8994140625
2026-07-27; 03:49:40; 403; 0; 34.9; 997.1852734375; 23.8427734375
2026-07-27; 03:50:40; 403; 0; 34.86; 997.178203125; 23.8984375
2026-07-27; 03:51:40; 409; 1; 35.02; 997.17890625; 23.74609375
2026-07-27; 03:52:40; 403; 0; 34.91; 997.1808984375; 23.8330078125
2026-07-27; 03:53:40; 403; 0; 34.81; 997.19078125; 23.9765625
2026-07-27; 03:54:40; 403; 0; 34.91; 997.2084375; 23.85546875
2026-07-27; 03:55:40; 403; 0; 34.92; 997.24390625; 23.8671875
2026-07-27; 03:56:40; 403; 0; 34.81; 997.29328125; 24.0224609375
2026-07-27; 03:57:40; 403; 0; 34.88; 997.2719921875; 23.8994140625
2026-07-27; 03:58:40; 403; 0; 34.8; 997.2853515625; 24.0107421875
2026-07-27; 03:59:40; 403; 0; 35.04; 997.3400390625; 23.7119140625
2026-07-27; 04:00:40; 403; 0; 34.83; 997.38703125; 23.9775390625
2026-07-27; 04:01:40; 403; 0; 34.79; 997.39984375; 24.033203125
2026-07-27; 04:02:40; 403; 0; 34.69; 997.3074609375; 24.154296875
2026-07-27; 04:03:40; 409; 1; 34.84; 997.367421875; 24.0244140625
2026-07-27; 04:04:40; 403; 0; 34.75; 997.3453515625; 24.158203125
2026-07-27; 04:05:40; 403; 0; 34.75; 997.2902734375; 24.146484375
2026-07-27; 04:06:40; 403; 0; 34.81; 997.3559765625; 24.0693359375
2026-07-27; 04:07:40; 403; 0; 34.83; 997.3319921875; 24.0703125
2026-07-27; 04:08:40; 403; 0; 34.81; 997.29328125; 24.091796875
2026-07-27; 04:09:40; 403; 0; 34.7; 997.3505078125; 24.189453125
2026-07-27; 04:10:40; 403; 0; 34.75; 997.3453515625; 24.1240234375
2026-07-27; 04:11:40; 400; 0; 34.68; 997.4096484375; 24.2587890625
2026-07-27; 04:12:40; 403; 0; 34.87; 997.394140625; 24.0380859375
2026-07-27; 04:13:40; 403; 0; 34.64; 997.4499609375; 24.3134765625
2026-07-27; 04:14:40; 403; 0; 34.69; 997.4726171875; 24.2705078125
2026-07-27; 04:15:40; 403; 0; 34.7; 997.4881640625; 24.236328125
2026-07-27; 04:16:40; 400; 0; 34.66; 997.4611328125; 24.2685546875
2026-07-27; 04:17:40; 400; 0; 34.67; 997.551640625; 24.2919921875
2026-07-27; 04:18:41; 403; 0; 34.65; 997.5480859375; 24.279296875
2026-07-27; 04:19:41; 400; 0; 34.73; 997.479453125; 24.203125
2026-07-27; 04:20:41; 400; 0; 34.71; 997.476171875; 24.2255859375
2026-07-27; 04:21:41; 408; 1; 34.69; 997.4726171875; 24.2705078125
2026-07-27; 04:22:41; 405; 0; 34.61; 997.4935546875; 24.3583984375
2026-07-27; 04:23:41; 408; 1; 34.72; 997.499375; 24.2255859375
2026-07-27; 04:24:41; 405; 0; 34.61; 997.5565234375; 24.451171875
2026-07-27; 04:25:41; 408; 1; 34.64; 997.5050390625; 24.359375
2026-07-27; 04:26:41; 405; 0; 34.64; 997.4499609375; 24.3486328125
2026-07-27; 04:27:41; 405; 0; 34.52; 997.4716796875; 24.48046875
2026-07-27; 04:28:41; 405; 0; 34.52; 997.4716796875; 24.5263671875
2026-07-27; 04:29:41; 405; 0; 34.59; 997.497890625; 24.4267578125
2026-07-27; 04:30:41; 408; 1; 34.47; 997.539140625; 24.58203125
2026-07-27; 04:31:41; 405; 0; 34.73; 997.58953125; 24.2724609375
2026-07-27; 04:32:41; 408; 1; 34.74; 997.577578125; 24.23828125
2026-07-27; 04:33:41; 405; 0; 34.66; 997.5987890625; 24.384765625
2026-07-27; 04:34:41; 405; 0; 34.71; 997.613828125; 24.3525390625
2026-07-27; 04:35:41; 408; 1; 34.66; 997.5987890625; 24.384765625
2026-07-27; 04:36:41; 408; 1; 34.79; 997.5926171875; 24.240234375
2026-07-27; 04:37:41; 405; 0; 34.64; 997.752734375; 24.4287109375
2026-07-27; 04:38:41; 405; 0; 34.66; 997.618671875; 24.4072265625
2026-07-27; 04:39:41; 408; 1; 34.61; 997.6941015625; 24.439453125
2026-07-27; 04:40:41; 405; 0; 34.6; 997.7532421875; 24.5068359375
2026-07-27; 04:41:41; 405; 0; 34.68; 997.649765625; 24.408203125
2026-07-27; 04:42:41; 405; 0; 34.72; 997.76671875; 24.3291015625
2026-07-27; 04:43:41; 405; 0; 34.67; 997.7244140625; 24.384765625
2026-07-27; 04:44:41; 408; 1; 34.53; 997.80953125; 24.5498046875
2026-07-27; 04:45:41; 405; 0; 34.59; 997.855703125; 24.47265625
2026-07-27; 04:46:41; 405; 0; 34.71; 997.778984375; 24.375
2026-07-27; 04:47:41; 408; 1; 34.54; 997.80546875; 24.55078125
2026-07-27; 04:48:41; 405; 0; 34.66; 997.8113671875; 24.41796875
2026-07-27; 04:49:41; 405; 0; 34.68; 997.814921875; 24.4189453125
2026-07-27; 04:50:41; 405; 0; 34.58; 997.81265625; 24.552734375
2026-07-27; 04:51:41; 405; 0; 34.66; 997.7838671875; 24.4873046875
2026-07-27; 04:52:41; 400; 0; 34.55; 997.821015625; 24.5625
2026-07-27; 04:53:41; 405; 0; 34.62; 997.8669140625; 24.4853515625
2026-07-27; 04:54:41; 405; 0; 34.53; 997.919609375; 24.595703125
2026-07-27; 04:55:41; 405; 0; 34.52; 997.9394921875; 24.6298828125
2026-07-27; 04:56:41; 405; 0; 34.6; 997.8437109375; 24.484375
2026-07-27; 04:57:41; 405; 0; 34.54; 997.90765625; 24.654296875
2026-07-27; 04:58:41; 405; 0; 34.54; 997.93515625; 24.607421875
2026-07-27; 04:59:41; 405; 0; 34.55; 997.950703125; 24.5849609375
2026-07-27; 05:00:41; 408; 1; 34.6; 998.0009375; 24.587890625
2026-07-27; 05:01:41; 405; 0; 34.46; 997.96390625; 24.6962890625
2026-07-27; 05:02:42; 405; 0; 34.58; 998.0328125; 24.552734375
2026-07-27; 05:03:42; 405; 0; 34.54; 997.9705859375; 24.630859375
2026-07-27; 05:04:42; 405; 0; 34.45; 998.05078125; 24.7529296875
2026-07-27; 05:05:42; 400; 0; 34.66; 997.956640625; 24.5224609375
2026-07-27; 05:06:42; 405; 0; 34.51; 997.9985546875; 24.640625
2026-07-27; 05:07:42; 405; 0; 34.54; 998.045234375; 24.630859375
2026-07-27; 05:08:42; 405; 0; 34.59; 998.1034375; 24.599609375
2026-07-27; 05:09:42; 405; 0; 34.42; 998.058828125; 24.78515625
2026-07-27; 05:10:42; 405; 0; 34.44; 998.145; 24.7861328125
2026-07-27; 05:11:42; 405; 0; 34.52; 998.132109375; 24.6875
2026-07-27; 05:12:42; 405; 0; 34.44; 998.145; 24.775390625
2026-07-27; 05:13:42; 405; 0; 34.44; 998.145; 24.7978515625
2026-07-27; 05:14:42; 405; 0; 34.46; 998.128984375; 24.75390625
2026-07-27; 05:15:42; 405; 0; 34.48; 998.1525; 24.7197265625
2026-07-27; 05:16:42; 405; 0; 34.57; 998.174453125; 24.64453125
2026-07-27; 05:17:42; 405; 0; 34.46; 998.2665625; 24.7421875
2026-07-27; 05:18:42; 405; 0; 34.43; 998.184453125; 24.8095703125
2026-07-27; 05:19:42; 405; 0; 34.4; 998.1378125; 24.8193359375
2026-07-27; 05:20:42; 405; 0; 34.51; 998.199140625; 24.744140625
2026-07-27; 05:21:42; 405; 0; 34.41; 998.188828125; 24.8662109375
2026-07-27; 05:22:42; 405; 0; 34.38; 998.2717578125; 24.8759765625
2026-07-27; 05:23:42; 405; 0; 34.43; 998.23953125; 24.8330078125
2026-07-27; 05:24:42; 405; 0; 34.38; 998.2167578125; 24.91015625
2026-07-27; 05:25:42; 405; 0; 34.43; 998.247421875; 24.85546875
2026-07-27; 05:26:42; 405; 0; 34.55; 998.28890625; 24.677734375
2026-07-27; 05:27:42; 405; 0; 34.4; 998.302890625; 24.876953125
2026-07-27; 05:28:42; 405; 0; 34.46; 998.286484375; 24.8115234375
2026-07-27; 05:29:42; 400; 0; 34.37; 998.33875; 24.91015625
2026-07-27; 05:30:42; 405; 0; 34.59; 998.370703125; 24.69140625
2026-07-27; 05:31:42; 405; 0; 34.44; 998.373359375; 24.8212890625
2026-07-27; 05:32:42; 405; 0; 34.42; 998.3890625; 24.8662109375
2026-07-27; 05:33:42; 405; 0; 34.52; 998.3168359375; 24.7333984375
2026-07-27; 05:34:42; 405; 0; 34.46; 998.3690234375; 24.7646484375
2026-07-27; 05:35:42; 405; 0; 34.37; 998.4212890625; 24.9443359375
2026-07-27; 05:36:42; 405; 0; 34.46; 998.3965625; 24.833984375
2026-07-27; 05:37:42; 405; 0; 34.37; 998.3191796875; 24.9560546875
2026-07-27; 05:38:42; 405; 0; 34.41; 998.40890625; 24.8427734375
2026-07-27; 05:39:42; 408; 1; 34.42; 998.3340234375; 24.8662109375
2026-07-27; 05:40:42; 405; 0; 34.52; 998.40734375; 24.7451171875
2026-07-27; 05:41:42; 400; 0; 34.36; 998.3861328125; 24.9326171875
2026-07-27; 05:42:42; 405; 0; 34.46; 998.3766796875; 24.857421875
2026-07-27; 05:43:42; 405; 0; 34.44; 998.373359375; 24.8681640625
2026-07-27; 05:44:42; 405; 0; 34.51; 998.3367578125; 24.755859375
2026-07-27; 05:45:43; 405; 0; 34.4; 998.3579296875; 24.888671875
2026-07-27; 05:46:43; 405; 0; 34.44; 998.44765625; 24.8671875
2026-07-27; 05:47:43; 400; 0; 34.43; 998.3495703125; 24.890625
2026-07-27; 05:48:43; 405; 0; 34.42; 998.3890625; 24.8662109375
2026-07-27; 05:49:43; 405; 0; 34.51; 998.391796875; 24.779296875
2026-07-27; 05:50:43; 405; 0; 34.39; 998.3502734375; 24.96875
2026-07-27; 05:51:43; 405; 0; 34.38; 998.4448046875; 24.96875
2026-07-27; 05:52:43; 405; 0; 34.33; 998.366953125; 25.0224609375
2026-07-27; 05:53:43; 405; 0; 34.39; 998.452421875; 24.9453125
2026-07-27; 05:54:43; 400; 0; 34.38; 998.464375; 24.9560546875
2026-07-27; 05:55:43; 405; 0; 34.34; 998.465078125; 24.9658203125
2026-07-27; 05:56:43; 400; 0; 34.46; 998.5616796875; 24.857421875
2026-07-27; 05:57:43; 405; 0; 34.44; 998.4834375; 24.890625
2026-07-27; 05:58:43; 405; 0; 34.38; 998.4723046875; 24.93359375
2026-07-27; 05:59:43; 405; 0; 34.36; 998.46078125; 25.0126953125
2026-07-27; 06:00:43; 405; 0; 34.37; 998.4487890625; 25.001953125
2026-07-27; 06:01:43; 405; 0; 34.38; 998.491875; 24.9560546875
2026-07-27; 06:02:43; 405; 0; 34.54; 998.466015625; 24.76953125
2026-07-27; 06:03:43; 405; 0; 34.46; 998.534140625; 24.845703125
2026-07-27; 06:04:43; 405; 0; 34.35; 998.500234375; 25.0
2026-07-27; 06:05:43; 400; 0; 34.41; 998.491484375; 24.923828125
2026-07-27; 06:06:43; 405; 0; 34.25; 998.580234375; 25.0986328125
2026-07-27; 06:07:43; 405; 0; 34.38; 998.49984375; 24.9912109375
2026-07-27; 06:08:43; 405; 0; 34.42; 998.4991015625; 24.9580078125
2026-07-27; 06:09:43; 405; 0; 34.41; 998.456015625; 24.935546875
2026-07-27; 06:10:43; 400; 0; 34.46; 998.5066015625; 24.9267578125
2026-07-27; 06:11:43; 405; 0; 34.33; 998.53203125; 25.0458984375
2026-07-27; 06:12:43; 405; 0; 34.28; 998.5994140625; 25.1123046875
2026-07-27; 06:13:43; 400; 0; 34.33; 998.5396875; 25.0576171875
2026-07-27; 06:14:43; 407; 1; 34.58; 998.5203125; 24.771484375
2026-07-27; 06:15:43; 402; 0; 34.31; 998.5635546875; 25.091796875
2026-07-27; 06:16:43; 407; 1; 34.51; 998.6944921875; 24.859375
2026-07-27; 06:17:43; 407; 1; 34.34; 998.65765625; 25.046875
2026-07-27; 06:18:43; 407; 1; 34.29; 998.6149609375; 25.1015625
2026-07-27; 06:19:43; 402; 0; 34.25; 998.7177734375; 25.14453125
2026-07-27; 06:20:43; 407; 1; 34.22; 998.6985546875; 25.1669921875
2026-07-27; 06:21:43; 407; 1; 34.31; 998.6659765625; 25.1484375
2026-07-27; 06:22:43; 402; 0; 34.25; 998.6826171875; 25.19140625
2026-07-27; 06:23:43; 402; 0; 34.45; 998.7112109375; 24.9599609375
2026-07-27; 06:24:43; 402; 0; 34.31; 998.728671875; 25.080078125
2026-07-27; 06:25:43; 402; 0; 34.24; 998.7847265625; 25.1796875
2026-07-27; 06:26:43; 402; 0; 34.26; 998.7058203125; 25.134765625
2026-07-27; 06:27:43; 402; 0; 34.24; 998.6746875; 25.16796875
2026-07-27; 06:28:44; 402; 0; 34.3; 998.73296875; 25.11328125
2026-07-27; 06:29:44; 402; 0; 34.35; 998.7753515625; 25.0234375
2026-07-27; 06:30:44; 407; 1; 34.27; 998.7764453125; 25.123046875
2026-07-27; 06:31:44; 402; 0; 34.27; 998.83140625; 25.134765625
2026-07-27; 06:32:44; 402; 0; 34.34; 998.7951953125; 25.0576171875
2026-07-27; 06:33:44; 407; 1; 34.2; 998.7423046875; 25.234375
2026-07-27; 06:34:44; 407; 1; 34.3; 998.8155078125; 25.1474609375
2026-07-27; 06:35:44; 407; 1; 34.27; 998.83140625; 25.169921875
2026-07-27; 06:36:44; 407; 1; 34.29; 998.854921875; 25.11328125
2026-07-27; 06:37:44; 402; 0; 34.25; 998.8553125; 25.1337890625
2026-07-27; 06:38:44; 402; 0; 34.28; 998.90203125; 25.1240234375
2026-07-27; 06:39:44; 402; 0; 34.29; 998.9451171875; 25.1357421875
2026-07-27; 06:40:44; 402; 0; 34.16; 998.9630078125; 25.2900390625
2026-07-27; 06:41:44; 402; 0; 34.2; 998.96234375; 25.24609375
2026-07-27; 06:42:44; 407; 1; 34.29; 998.9176171875; 25.1357421875
2026-07-27; 06:43:44; 407; 1; 34.26; 998.9808984375; 25.1806640625
2026-07-27; 06:44:44; 402; 0; 34.43; 998.954921875; 24.970703125
2026-07-27; 06:45:44; 407; 1; 34.24; 998.949765625; 25.1796875
2026-07-27; 06:46:44; 402; 0; 34.31; 998.9961328125; 25.125
2026-07-27; 06:47:44; 402; 0; 34.34; 999.0428515625; 25.046875
2026-07-27; 06:48:44; 407; 1; 34.33; 999.034921875; 25.046875
2026-07-27; 06:49:44; 407; 1; 34.24; 999.0521875; 25.236328125
2026-07-27; 06:50:44; 402; 0; 34.2; 999.0525390625; 25.24609375
2026-07-27; 06:51:44; 407; 1; 34.2; 999.1075390625; 25.2236328125
2026-07-27; 06:52:44; 402; 0; 34.13; 999.0614453125; 25.333984375
2026-07-27; 06:53:44; 407; 1; 34.21; 999.0955859375; 25.2353515625
2026-07-27; 06:54:44; 402; 0; 34.23; 999.146640625; 25.212890625
2026-07-27; 06:55:44; 402; 0; 34.33; 999.1724609375; 25.0927734375
2026-07-27; 06:56:44; 407; 1; 34.22; 999.2487109375; 25.236328125
2026-07-27; 06:57:44; 407; 1; 34.21; 999.2056640625; 25.28125
2026-07-27; 06:58:44; 407; 1; 34.29; 999.247734375; 25.1357421875
2026-07-27; 06:59:44; 402; 0; 34.19; 999.2569921875; 25.2568359375
2026-07-27; 07:00:44; 402; 0; 34.22; 999.1585546875; 25.2470703125
2026-07-27; 07:01:44; 407; 1; 34.22; 999.21359375; 25.2236328125
2026-07-27; 07:02:44; 402; 0; 34.37; 999.24671875; 25.0712890625
2026-07-27; 07:03:44; 402; 0; 34.19; 999.2019921875; 25.2685546875
2026-07-27; 07:04:44; 407; 1; 34.23; 999.236796875; 25.212890625
2026-07-27; 07:05:44; 407; 1; 34.39; 999.1757421875; 25.048828125
2026-07-27; 07:06:44; 402; 0; 34.19; 999.2569921875; 25.2568359375
2026-07-27; 07:07:44; 407; 1; 34.36; 999.17609375; 25.05859375
2026-07-27; 07:08:44; 407; 1; 34.22; 999.27625; 25.201171875
2026-07-27; 07:09:44; 402; 0; 34.28; 999.2871484375; 25.158203125
2026-07-27; 07:10:44; 407; 1; 34.16; 999.3755859375; 25.3017578125
2026-07-27; 07:11:45; 402; 0; 34.19; 999.2569921875; 25.2802734375
2026-07-27; 07:12:45; 402; 0; 34.18; 999.2964453125; 25.279296875
2026-07-27; 07:13:45; 407; 1; 34.14; 999.399453125; 25.357421875
2026-07-27; 07:14:45; 407; 1; 34.23; 999.3743359375; 25.224609375
2026-07-27; 07:15:45; 402; 0; 34.24; 999.4373046875; 25.224609375
2026-07-27; 07:16:45; 402; 0; 34.3; 999.373359375; 25.13671875
2026-07-27; 07:17:45; 402; 0; 34.26; 999.42109375; 25.1806640625
2026-07-27; 07:18:45; 402; 0; 34.25; 999.4605078125; 25.2255859375
2026-07-27; 07:19:45; 407; 1; 34.23; 999.4293359375; 25.212890625
2026-07-27; 07:20:45; 402; 0; 34.24; 999.4373046875; 25.224609375
2026-07-27; 07:21:45; 402; 0; 34.2; 999.4376171875; 25.26953125
2026-07-27; 07:22:45; 402; 0; 34.25; 999.5629296875; 25.2021484375
2026-07-27; 07:23:45; 402; 0; 34.23; 999.511875; 25.236328125
2026-07-27; 07:24:45; 402; 0; 34.33; 999.6126953125; 25.103515625
2026-07-27; 07:25:45; 407; 1; 34.26; 999.613671875; 25.1923828125
2026-07-27; 07:26:45; 402; 0; 34.21; 999.610625; 25.2578125
2026-07-27; 07:27:45; 407; 1; 34.14; 999.564453125; 25.345703125
2026-07-27; 07:28:45; 410; 1; 34.16; 999.5956640625; 25.3125
2026-07-27; 07:29:45; 410; 1; 34.32; 999.5145703125; 25.1259765625
2026-07-27; 07:30:45; 407; 1; 34.2; 999.57515625; 25.28125
2026-07-27; 07:31:45; 407; 1; 34.3; 999.5934765625; 25.11328125
2026-07-27; 07:32:45; 407; 1; 34.4; 999.6787109375; 25.0263671875
2026-07-27; 07:33:45; 407; 1; 34.18; 999.606953125; 25.279296875
2026-07-27; 07:34:45; 407; 1; 34.19; 999.697109375; 25.291015625
2026-07-27; 07:35:45; 407; 1; 34.18; 999.6815234375; 25.3251953125
2026-07-27; 07:36:45; 407; 1; 34.17; 999.72125; 25.3369140625
2026-07-27; 07:37:45; 407; 1; 34.19; 999.697109375; 25.2568359375
2026-07-27; 07:38:45; 407; 1; 34.23; 999.696796875; 25.236328125
2026-07-27; 07:39:45; 407; 1; 34.38; 999.7300390625; 25.0712890625
2026-07-27; 07:40:45; 407; 1; 34.34; 999.8132421875; 25.138671875
2026-07-27; 07:41:45; 410; 1; 34.22; 999.79890625; 25.236328125
2026-07-27; 07:42:45; 410; 1; 34.25; 999.7906640625; 25.1796875
2026-07-27; 07:43:45; 410; 1; 34.28; 999.802265625; 25.1806640625
2026-07-27; 07:44:45; 407; 1; 34.33; 999.8801953125; 25.1611328125
2026-07-27; 07:45:45; 407; 1; 34.22; 999.85390625; 25.2705078125
2026-07-27; 07:46:45; 407; 1; 34.2; 999.850234375; 25.3037109375
2026-07-27; 07:47:45; 410; 1; 34.29; 999.9080078125; 25.205078125
2026-07-27; 07:48:45; 407; 1; 34.24; 999.8851171875; 25.294921875
2026-07-27; 07:49:45; 410; 1; 34.36; 999.899453125; 25.10546875
2026-07-27; 07:50:45; 410; 1; 34.36; 999.9465234375; 25.1044921875
2026-07-27; 07:51:45; 410; 1; 34.28; 999.9673046875; 25.2158203125
2026-07-27; 07:52:45; 407; 1; 34.41; 1000.024453125; 25.0625
2026-07-27; 07:53:45; 410; 1; 34.24; 999.9951171875; 25.2138671875
2026-07-27; 07:54:46; 416; 2; 34.3; 999.9786328125; 25.216796875
2026-07-27; 07:55:46; 410; 1; 34.27; 1000.0419140625; 25.2041015625
2026-07-27; 07:56:46; 416; 2; 34.18; 1000.0745703125; 25.3486328125
2026-07-27; 07:57:46; 410; 1; 34.3; 1000.081015625; 25.193359375
2026-07-27; 07:58:46; 410; 1; 34.24; 1000.0425; 25.2939453125
2026-07-27; 07:59:46; 416; 2; 34.15; 1000.07515625; 25.416015625
2026-07-27; 08:00:46; 410; 1; 34.32; 1000.0846875; 25.20703125
2026-07-27; 08:01:46; 416; 2; 34.29; 1000.128125; 25.2509765625
2026-07-27; 08:02:46; 416; 2; 34.35; 1000.1510546875; 25.1845703125
2026-07-27; 08:03:46; 416; 2; 34.2; 1000.1803125; 25.3271484375
2026-07-27; 08:04:46; 416; 2; 34.36; 1000.1470703125; 25.12890625
2026-07-27; 08:05:46; 416; 2; 34.3; 1000.1635546875; 25.216796875
2026-07-27; 08:06:46; 416; 2; 34.26; 1000.1913671875; 25.306640625
2026-07-27; 08:07:46; 416; 2; 34.28; 1000.2699609375; 25.25
2026-07-27; 08:08:46; 416; 2; 34.18; 1000.239609375; 25.37109375
2026-07-27; 08:09:46; 416; 2; 34.28; 1000.214921875; 25.2734375
2026-07-27; 08:10:46; 416; 2; 34.18; 1000.2946484375; 25.41796875
2026-07-27; 08:11:46; 416; 2; 34.35; 1000.2690625; 25.1962890625
2026-07-27; 08:12:46; 416; 2; 34.21; 1000.21578125; 25.3388671875
2026-07-27; 08:13:46; 416; 2; 34.35; 1000.2611328125; 25.2080078125
2026-07-27; 08:14:46; 416; 2; 34.38; 1000.2253515625; 25.12890625
2026-07-27; 08:15:46; 420; 3; 34.31; 1000.3167578125; 25.240234375
2026-07-27; 08:16:46; 420; 3; 34.24; 1000.235078125; 25.33984375
2026-07-27; 08:17:46; 420; 3; 34.28; 1000.305078125; 25.28515625
2026-07-27; 08:18:46; 420; 3; 34.29; 1000.3680859375; 25.28515625
2026-07-27; 08:19:46; 420; 3; 34.27; 1000.281875; 25.3193359375
2026-07-27; 08:20:46; 420; 3; 34.25; 1000.313359375; 25.3291015625
2026-07-27; 08:21:46; 420; 3; 34.3; 1000.2812890625; 25.251953125
2026-07-27; 08:22:46; 420; 3; 34.31; 1000.3442578125; 25.263671875
2026-07-27; 08:23:46; 420; 3; 34.2; 1000.400390625; 25.4306640625
2026-07-27; 08:24:46; 420; 3; 34.36; 1000.4142578125; 25.185546875
2026-07-27; 08:25:46; 424; 3; 34.28; 1000.4625390625; 25.341796875
2026-07-27; 08:26:46; 420; 3; 34.29; 1000.4307421875; 25.30859375
2026-07-27; 08:27:46; 420; 3; 34.31; 1000.5169921875; 25.287109375
2026-07-27; 08:28:46; 420; 3; 34.33; 1000.4105859375; 25.23046875
2026-07-27; 08:29:46; 424; 3; 34.27; 1000.4820703125; 25.3076171875
2026-07-27; 08:30:46; 420; 3; 34.29; 1000.505625; 25.3203125
2026-07-27; 08:31:46; 424; 3; 34.36; 1000.504765625; 25.220703125
2026-07-27; 08:32:46; 424; 3; 34.46; 1000.543046875; 25.1220703125
2026-07-27; 08:33:46; 427; 4; 34.48; 1000.554375; 25.04296875
2026-07-27; 08:34:46; 424; 3; 34.39; 1000.5711328125; 25.1982421875
2026-07-27; 08:35:46; 427; 4; 34.43; 1000.606015625; 25.1435546875
2026-07-27; 08:36:46; 424; 3; 34.44; 1000.7041796875; 25.1669921875
2026-07-27; 08:37:47; 424; 3; 34.56; 1000.6359765625; 25.0009765625
2026-07-27; 08:38:47; 427; 4; 34.44; 1000.5941015625; 25.1435546875
2026-07-27; 08:39:47; 424; 3; 34.45; 1000.6726953125; 25.1220703125
2026-07-27; 08:40:47; 424; 3; 34.45; 1000.7276953125; 25.1220703125
2026-07-27; 08:41:47; 427; 4; 34.31; 1000.7019140625; 25.2978515625
2026-07-27; 08:42:47; 427; 4; 34.34; 1000.693671875; 25.23046875
2026-07-27; 08:43:47; 427; 4; 34.31; 1000.6820703125; 25.310546875
2026-07-27; 08:44:47; 427; 4; 34.4; 1000.696796875; 25.2333984375
2026-07-27; 08:45:47; 427; 4; 34.39; 1000.76375; 25.17578125
2026-07-27; 08:46:47; 427; 4; 34.42; 1000.7555078125; 25.130859375
2026-07-27; 08:47:47; 433; 5; 34.39; 1000.76375; 25.2099609375
2026-07-27; 08:48:47; 433; 5; 34.57; 1000.7616796875; 24.978515625
2026-07-27; 08:49:47; 427; 4; 34.48; 1000.7668359375; 25.0654296875
2026-07-27; 08:50:47; 433; 5; 34.61; 1000.776953125; 24.9697265625
2026-07-27; 08:51:47; 427; 4; 34.55; 1000.793515625; 24.9658203125
2026-07-27; 08:52:47; 433; 5; 34.42; 1000.8184765625; 25.1435546875
2026-07-27; 08:53:47; 433; 5; 34.55; 1000.785546875; 25.0341796875
2026-07-27; 08:54:47; 433; 5; 34.45; 1000.8026171875; 25.1103515625
2026-07-27; 08:55:47; 433; 5; 34.47; 1000.841484375; 25.1005859375
2026-07-27; 08:56:47; 433; 5; 34.47; 1000.841484375; 25.0888671875
2026-07-27; 08:57:47; 433; 5; 34.41; 1000.8225; 25.1767578125
2026-07-27; 08:58:47; 427; 4; 34.61; 1000.8241015625; 24.876953125
2026-07-27; 08:59:47; 433; 5; 34.64; 1000.8983984375; 24.9013671875
2026-07-27; 09:00:47; 433; 5; 34.54; 1000.8880078125; 25.01171875
2026-07-27; 09:01:47; 433; 5; 34.7; 1000.9017578125; 24.82421875
2026-07-27; 09:02:47; 435; 5; 34.46; 1000.8808984375; 25.099609375
2026-07-27; 09:03:47; 435; 5; 34.71; 1000.862265625; 24.84765625
2026-07-27; 09:04:47; 435; 5; 34.61; 1000.9066796875; 24.98046875
2026-07-27; 09:05:47; 433; 5; 34.79; 1000.95921875; 24.6904296875
2026-07-27; 09:06:47; 435; 5; 34.58; 1001.0250390625; 24.9443359375
2026-07-27; 09:07:47; 435; 5; 34.82; 1001.0335546875; 24.7275390625
2026-07-27; 09:08:47; 435; 5; 34.64; 1001.000859375; 24.8896484375
2026-07-27; 09:09:47; 435; 5; 34.72; 1000.9601953125; 24.7900390625
2026-07-27; 09:10:47; 435; 5; 34.63; 1000.9929296875; 24.9013671875
2026-07-27; 09:11:47; 435; 5; 34.81; 1001.01796875; 24.703125
2026-07-27; 09:12:47; 435; 5; 34.75; 1001.06203125; 24.7802734375
2026-07-27; 09:13:47; 435; 5; 34.77; 1001.101171875; 24.736328125
2026-07-27; 09:14:47; 435; 5; 34.87; 1001.048828125; 24.6142578125
2026-07-27; 09:15:47; 435; 5; 34.57; 1001.0094140625; 24.966796875
2026-07-27; 09:16:47; 435; 5; 34.63; 1001.1855859375; 24.923828125
2026-07-27; 09:17:47; 435; 5; 34.51; 1001.14390625; 25.0556640625
2026-07-27; 09:18:47; 435; 5; 34.76; 1001.113125; 24.7578125
2026-07-27; 09:19:47; 435; 5; 34.64; 1001.1186328125; 24.9013671875
2026-07-27; 09:20:48; 435; 5; 34.57; 1001.14703125; 24.978515625
2026-07-27; 09:21:48; 435; 5; 34.76; 1001.1681640625; 24.76953125
2026-07-27; 09:22:48; 435; 5; 34.81; 1001.2382421875; 24.7490234375
2026-07-27; 09:23:48; 435; 5; 34.88; 1001.2296484375; 24.6142578125
2026-07-27; 09:24:48; 435; 5; 34.8; 1001.22265625; 24.7255859375
2026-07-27; 09:25:48; 441; 6; 34.74; 1001.247109375; 24.7919921875
2026-07-27; 09:26:48; 441; 6; 34.85; 1001.2379296875; 24.6708984375
2026-07-27; 09:27:48; 441; 6; 35.01; 1001.2319921875; 24.4716796875
2026-07-27; 09:28:48; 441; 6; 34.95; 1001.2758203125; 24.525390625
2026-07-27; 09:29:48; 435; 5; 34.94; 1001.2326953125; 24.548828125
2026-07-27; 09:30:48; 435; 5; 35.02; 1001.3026953125; 24.4716796875
2026-07-27; 09:31:48; 441; 6; 34.85; 1001.3480859375; 24.681640625
2026-07-27; 09:32:48; 441; 6; 34.94; 1001.370390625; 24.572265625
2026-07-27; 09:33:48; 441; 6; 34.9; 1001.378671875; 24.5693359375
2026-07-27; 09:34:48; 435; 5; 34.8; 1001.5255078125; 24.7138671875
2026-07-27; 09:35:48; 441; 6; 35.05; 1001.4872265625; 24.462890625
2026-07-27; 09:36:48; 441; 6; 35.02; 1001.475625; 24.44921875
2026-07-27; 09:37:48; 441; 6; 34.97; 1001.472578125; 24.5390625
2026-07-27; 09:38:48; 441; 6; 34.98; 1001.5509375; 24.5166015625
2026-07-27; 09:39:48; 441; 6; 34.89; 1001.5481640625; 24.626953125
2026-07-27; 09:40:48; 441; 6; 35.08; 1001.6166796875; 24.3828125
2026-07-27; 09:41:48; 441; 6; 34.96; 1001.6219140625; 24.5263671875
2026-07-27; 09:42:48; 441; 6; 34.94; 1001.6182421875; 24.5947265625
2026-07-27; 09:43:48; 441; 6; 34.82; 1001.686796875; 24.703125
2026-07-27; 09:44:48; 441; 6; 34.84; 1001.6705859375; 24.6591796875
2026-07-27; 09:45:48; 444; 6; 34.95; 1001.6338671875; 24.548828125
2026-07-27; 09:46:48; 441; 6; 34.88; 1001.58765625; 24.6376953125
2026-07-27; 09:47:48; 441; 6; 34.96; 1001.6576953125; 24.5615234375
2026-07-27; 09:48:48; 441; 6; 35.06; 1001.6757421875; 24.4287109375
2026-07-27; 09:49:48; 441; 6; 34.94; 1001.7008984375; 24.5830078125
2026-07-27; 09:50:48; 441; 6; 34.94; 1001.65375; 24.560546875
2026-07-27; 09:51:48; 444; 6; 34.86; 1001.7293359375; 24.671875
2026-07-27; 09:52:48; 441; 6; 35.13; 1001.741796875; 24.3974609375
2026-07-27; 09:53:48; 441; 6; 35.01; 1001.7553515625; 24.4951171875
2026-07-27; 09:54:48; 441; 6; 34.99; 1001.7241015625; 24.5400390625
2026-07-27; 09:55:48; 441; 6; 35.03; 1001.841640625; 24.484375
2026-07-27; 09:56:48; 441; 6; 34.98; 1001.7911328125; 24.55078125
2026-07-27; 09:57:48; 441; 6; 35.01; 1001.7553515625; 24.5185546875
2026-07-27; 09:58:48; 441; 6; 35.04; 1001.8021484375; 24.47265625
2026-07-27; 09:59:48; 441; 6; 34.88; 1001.7804296875; 24.6494140625
2026-07-27; 10:00:48; 441; 6; 35.05; 1001.797890625; 24.451171875
2026-07-27; 10:01:48; 441; 6; 35.09; 1001.825078125; 24.41796875
2026-07-27; 10:02:49; 441; 6; 34.83; 1001.8476953125; 24.6123046875
2026-07-27; 10:03:49; 441; 6; 35.11; 1001.8208203125; 24.4189453125
2026-07-27; 10:04:49; 435; 5; 35.02; 1001.715859375; 24.541015625
2026-07-27; 10:05:49; 441; 6; 34.99; 1001.77921875; 24.57421875
2026-07-27; 10:06:49; 435; 5; 35.09; 1001.77; 24.4755859375
2026-07-27; 10:07:49; 435; 5; 35.02; 1001.7510546875; 24.5302734375
2026-07-27; 10:08:49; 441; 6; 35.0; 1001.82234375; 24.5859375
2026-07-27; 10:09:49; 435; 5; 34.98; 1001.818671875; 24.6201171875
2026-07-27; 10:10:49; 435; 5; 34.94; 1001.76390625; 24.65234375
2026-07-27; 10:11:49; 435; 5; 35.0; 1001.7473828125; 24.6103515625
2026-07-27; 10:12:49; 435; 5; 35.17; 1001.7294921875; 24.365234375
2026-07-27; 10:13:49; 435; 5; 35.06; 1001.7231640625; 24.486328125
2026-07-27; 10:14:49; 435; 5; 35.08; 1001.8094921875; 24.4990234375
2026-07-27; 10:15:49; 435; 5; 35.19; 1001.7607421875; 24.3544921875
2026-07-27; 10:16:49; 435; 5; 35.03; 1001.8217578125; 24.5771484375
2026-07-27; 10:17:49; 435; 5; 35.04; 1001.8021484375; 24.5654296875
2026-07-27; 10:18:49; 433; 5; 35.03; 1001.89671875; 24.611328125
2026-07-27; 10:19:49; 435; 5; 35.08; 1001.864609375; 24.556640625
2026-07-27; 10:20:49; 433; 5; 35.11; 1001.8562890625; 24.4765625
2026-07-27; 10:21:49; 433; 5; 35.27; 1001.8696484375; 24.2890625
2026-07-27; 10:22:49; 433; 5; 35.25; 1001.9211328125; 24.2998046875
2026-07-27; 10:23:49; 435; 5; 35.29; 1001.908828125; 24.220703125
2026-07-27; 10:24:49; 435; 5; 35.29; 1001.9639453125; 24.232421875
2026-07-27; 10:25:49; 435; 5; 35.32; 1001.9476953125; 24.234375
2026-07-27; 10:26:49; 435; 5; 35.29; 1001.88125; 24.232421875
2026-07-27; 10:27:49; 435; 5; 35.25; 1001.9015234375; 24.2880859375
2026-07-27; 10:28:49; 435; 5; 35.27; 1001.90515625; 24.2890625
2026-07-27; 10:29:49; 427; 4; 35.23; 1001.8978515625; 24.3447265625
2026-07-27; 10:30:49; 424; 3; 35.19; 1001.898515625; 24.3662109375
2026-07-27; 10:31:49; 410; 1; 35.19; 1001.9811328125; 24.3896484375
2026-07-27; 10:32:49; 416; 2; 35.2; 1001.8865234375; 24.3662109375
2026-07-27; 10:33:49; 400; 0; 35.31; 1001.9871875; 24.19921875
2026-07-27; 10:34:49; 405; 0; 35.26; 1001.93671875; 24.2421875
2026-07-27; 10:35:49; 400; 0; 35.2; 1001.9967578125; 24.3203125
2026-07-27; 10:36:49; 405; 0; 35.28; 1002.0585546875; 24.220703125
2026-07-27; 10:37:49; 403; 0; 35.4; 1001.9821484375; 24.0419921875
2026-07-27; 10:38:49; 405; 0; 35.43; 1001.9738671875; 24.0556640625
2026-07-27; 10:39:49; 400; 0; 35.4; 1001.9821484375; 24.1572265625
2026-07-27; 10:40:49; 400; 0; 35.41; 1002.0880859375; 24.0888671875
2026-07-27; 10:41:49; 400; 0; 35.41; 1002.0330078125; 24.1923828125
2026-07-27; 10:42:49; 400; 0; 35.31; 1001.99515625; 24.326171875
2026-07-27; 10:43:49; 400; 0; 35.17; 1002.0246484375; 24.45703125
2026-07-27; 10:44:49; 400; 0; 35.16; 1002.0169921875; 24.7451171875
2026-07-27; 10:45:50; 400; 0; 35.02; 1002.101484375; 24.703125
2026-07-27; 10:46:50; 400; 0; 35.15; 1002.1312109375; 24.755859375
2026-07-27; 10:47:50; 400; 0; 35.17; 1002.0876953125; 24.74609375
2026-07-27; 10:48:50; 407; 1; 35.16; 1002.20984375; 24.6650390625
2026-07-27; 10:49:50; 400; 0; 35.3; 1002.19203125; 24.3828125
2026-07-27; 10:50:50; 400; 0; 35.19; 1002.2016015625; 24.4814453125
2026-07-27; 10:51:50; 400; 0; 35.06; 1002.22671875; 24.6474609375
2026-07-27; 10:52:50; 402; 0; 35.15; 1002.15875; 24.501953125
2026-07-27; 10:53:50; 400; 0; 35.26; 1002.2201953125; 24.3583984375
2026-07-27; 10:54:50; 400; 0; 35.39; 1002.1946875; 24.111328125
2026-07-27; 10:55:50; 400; 0; 35.19; 1002.146484375; 24.2734375
2026-07-27; 10:56:50; 400; 0; 35.31; 1002.16046875; 24.19921875
2026-07-27; 10:57:50; 400; 0; 35.45; 1002.253125; 24.033203125
2026-07-27; 10:58:50; 400; 0; 35.44; 1002.217578125; 23.8828125
2026-07-27; 10:59:50; 400; 0; 35.19; 1002.2566796875; 24.181640625
2026-07-27; 11:00:50; 400; 0; 35.18; 1002.2055859375; 24.1689453125
2026-07-27; 11:01:50; 400; 0; 35.27; 1002.2633984375; 24.0703125
2026-07-27; 11:02:50; 400; 0; 35.19; 1002.2762890625; 24.1123046875
2026-07-27; 11:03:50; 400; 0; 35.12; 1002.147421875; 24.166015625
2026-07-27; 11:04:50; 400; 0; 35.23; 1002.2483984375; 24.009765625
2026-07-27; 11:05:50; 405; 0; 35.21; 1002.287890625; 23.9755859375
2026-07-27; 11:06:50; 400; 0; 35.22; 1002.3506640625; 23.9638671875
2026-07-27; 11:07:50; 400; 0; 35.1; 1002.3090234375; 24.0263671875
2026-07-27; 11:08:50; 400; 0; 35.28; 1002.3065625; 23.7939453125
2026-07-27; 11:09:50; 400; 0; 35.29; 1002.3417578125; 23.736328125
2026-07-27; 11:10:50; 400; 0; 35.25; 1002.2873046875; 23.7802734375
2026-07-27; 11:11:50; 403; 0; 35.09; 1002.3760546875; 23.91015625
2026-07-27; 11:12:50; 400; 0; 34.98; 1002.314453125; 24.0888671875
2026-07-27; 11:13:50; 400; 0; 35.15; 1002.276875; 23.890625
2026-07-27; 11:14:50; 400; 0; 35.42; 1002.3793359375; 23.55859375
2026-07-27; 11:15:50; 406; 0; 35.15; 1002.387109375; 23.85546875
2026-07-27; 11:16:50; 405; 0; 35.36; 1002.3959375; 23.56640625
2026-07-27; 11:17:50; 400; 0; 35.35; 1002.5732421875; 23.53125
2026-07-27; 11:18:50; 400; 0; 35.15; 1002.4893359375; 23.7060546875
2026-07-27; 11:19:50; 400; 0; 35.16; 1002.394765625; 23.6259765625
2026-07-27; 11:20:50; 400; 0; 35.29; 1002.424453125; 23.5166015625
2026-07-27; 11:21:50; 400; 0; 35.13; 1002.4580859375; 23.693359375
2026-07-27; 11:22:50; 400; 0; 35.03; 1002.427734375; 23.76953125
2026-07-27; 11:23:50; 400; 0; 34.96; 1002.4564453125; 23.8466796875
2026-07-27; 11:24:50; 400; 0; 34.99; 1002.4126953125; 23.7666015625
2026-07-27; 11:25:50; 400; 0; 34.93; 1002.4919140625; 23.8681640625
2026-07-27; 11:26:50; 405; 0; 34.9; 1002.4726171875; 23.912109375
2026-07-27; 11:27:50; 400; 0; 35.02; 1002.4871484375; 23.802734375
2026-07-27; 11:28:50; 405; 0; 35.04; 1002.4709375; 23.7236328125
2026-07-27; 11:29:51; 400; 0; 35.2; 1002.4376171875; 23.5009765625
2026-07-27; 11:30:51; 400; 0; 35.22; 1002.4608984375; 23.478515625
2026-07-27; 11:31:51; 400; 0; 35.33; 1002.40421875; 23.357421875
2026-07-27; 11:32:51; 402; 0; 35.03; 1002.510390625; 23.6650390625
2026-07-27; 11:33:51; 400; 0; 35.1; 1002.5294140625; 23.69140625
2026-07-27; 11:34:51; 403; 0; 35.18; 1002.5637109375; 23.5458984375
2026-07-27; 11:35:51; 406; 0; 35.3; 1002.58578125; 23.4140625
2026-07-27; 11:36:51; 403; 0; 35.14; 1002.58390625; 23.5556640625
2026-07-27; 11:37:51; 400; 0; 35.15; 1002.6350390625; 23.5322265625
2026-07-27; 11:38:51; 405; 0; 35.04; 1002.6009765625; 23.630859375
2026-07-27; 11:39:51; 408; 1; 34.89; 1002.5671484375; 23.8193359375
2026-07-27; 11:40:51; 400; 0; 34.95; 1002.5151953125; 23.7177734375
2026-07-27; 11:41:51; 400; 0; 35.05; 1002.5890625; 23.6201171875
2026-07-27; 11:42:51; 408; 1; 34.99; 1002.605546875; 23.6748046875
2026-07-27; 11:43:51; 411; 1; 34.97; 1002.629375; 23.6962890625
2026-07-27; 11:44:51; 417; 2; 35.15; 1002.5719921875; 23.474609375
2026-07-27; 11:45:51; 400; 0; 35.32; 1002.6090625; 23.2529296875
2026-07-27; 11:46:51; 409; 1; 35.06; 1002.6046875; 23.5517578125
2026-07-27; 11:47:51; 414; 2; 35.06; 1002.6598046875; 23.5166015625
2026-07-27; 11:48:51; 403; 0; 35.19; 1002.551796875; 23.3388671875
2026-07-27; 11:49:51; 403; 0; 35.26; 1002.598046875; 23.2265625
2026-07-27; 11:50:51; 403; 0; 35.27; 1002.58609375; 23.1923828125
2026-07-27; 11:51:51; 402; 0; 35.09; 1002.5413671875; 23.3564453125
2026-07-27; 11:52:51; 403; 0; 35.24; 1002.5119921875; 23.0986328125
2026-07-27; 11:53:51; 407; 1; 35.02; 1002.4948046875; 23.2841796875
2026-07-27; 11:54:51; 400; 0; 34.94; 1002.4995703125; 23.3720703125
2026-07-27; 11:55:51; 400; 0; 34.87; 1002.4808203125; 23.345703125
2026-07-27; 11:56:51; 400; 0; 35.14; 1002.536796875; 22.875
2026-07-27; 11:57:51; 445; 6; 34.98; 1002.645; 23.05078125
2026-07-27; 11:58:51; 411; 1; 35.18; 1002.5992578125; 22.7958984375
2026-07-27; 11:59:51; 408; 1; 34.88; 1002.641796875; 23.1962890625
2026-07-27; 12:00:51; 422; 3; 34.79; 1002.6862890625; 23.271484375
2026-07-27; 12:01:51; 400; 0; 34.94; 1002.6728125; 22.8876953125
2026-07-27; 12:02:51; 402; 0; 34.83; 1002.6386328125; 22.974609375
2026-07-27; 12:03:51; 411; 1; 34.81; 1002.642578125; 22.9267578125
2026-07-27; 12:04:51; 400; 0; 34.95; 1002.60578125; 22.69140625
2026-07-27; 12:05:51; 400; 0; 34.99; 1002.605546875; 22.578125
2026-07-27; 12:06:51; 400; 0; 34.8; 1002.5443359375; 22.615234375
2026-07-27; 12:07:51; 403; 0; 34.98; 1002.5425; 22.451171875
2026-07-27; 12:08:51; 409; 1; 34.83; 1002.5912109375; 22.58203125
2026-07-27; 12:09:51; 400; 0; 34.8; 1002.5917578125; 22.5224609375
2026-07-27; 12:10:52; 408; 1; 34.77; 1002.63515625; 22.61328125
2026-07-27; 12:11:52; 403; 0; 34.62; 1002.5543359375; 22.6640625
2026-07-27; 12:12:52; 408; 1; 34.69; 1002.6282421875; 22.5869140625
2026-07-27; 12:13:52; 405; 0; 34.77; 1002.580078125; 22.4638671875
2026-07-27; 12:14:52; 400; 0; 34.78; 1002.6232421875; 22.3837890625
2026-07-27; 12:15:52; 400; 0; 34.91; 1002.6060546875; 22.1484375
2026-07-27; 12:16:52; 400; 0; 34.9; 1002.6455078125; 22.158203125
2026-07-27; 12:17:52; 400; 0; 34.86; 1002.6105859375; 22.1337890625
2026-07-27; 12:18:52; 400; 0; 34.81; 1002.6701171875; 22.1083984375
2026-07-27; 12:19:52; 403; 0; 34.9; 1002.673046875; 21.939453125
2026-07-27; 12:20:52; 402; 0; 34.97; 1002.73953125; 21.896484375
2026-07-27; 12:21:52; 402; 0; 34.7; 1002.6912890625; 22.1484375
2026-07-27; 12:22:52; 406; 0; 34.68; 1002.722734375; 22.228515625
2026-07-27; 12:23:52; 403; 0; 34.71; 1002.7894921875; 22.1845703125
2026-07-27; 12:24:52; 400; 0; 34.67; 1002.8095703125; 22.1708984375
2026-07-27; 12:25:52; 400; 0; 35.04; 1002.8213671875; 21.7841796875
2026-07-27; 12:26:52; 403; 0; 34.86; 1002.8308984375; 21.94921875
2026-07-27; 12:27:52; 400; 0; 35.1; 1002.86; 21.6259765625
2026-07-27; 12:28:52; 410; 1; 34.87; 1002.846484375; 21.8916015625
2026-07-27; 12:29:52; 400; 0; 35.12; 1002.80859375; 21.5576171875
2026-07-27; 12:30:52; 403; 0; 35.15; 1002.8475; 21.431640625
2026-07-27; 12:31:52; 403; 0; 35.03; 1002.8409765625; 21.576171875
2026-07-27; 12:32:52; 409; 1; 34.96; 1002.88890625; 21.734375
2026-07-27; 12:33:52; 423; 3; 35.08; 1002.856328125; 21.6357421875
2026-07-27; 12:34:52; 444; 6; 34.77; 1002.8083203125; 21.9912109375
2026-07-27; 12:35:52; 446; 7; 34.68; 1002.860390625; 22.0556640625
2026-07-27; 12:36:52; 450; 7; 34.86; 1002.941015625; 21.8916015625
2026-07-27; 12:37:52; 450; 7; 34.78; 1002.953671875; 22.0146484375
2026-07-27; 12:38:52; 423; 3; 34.87; 1002.9015625; 21.845703125
2026-07-27; 12:39:52; 420; 3; 34.7; 1003.001796875; 22.080078125
2026-07-27; 12:40:52; 411; 1; 34.8; 1003.095078125; 22.0615234375
2026-07-27; 12:41:52; 411; 1; 34.96; 1003.10921875; 21.8154296875
2026-07-27; 12:42:52; 409; 1; 34.91; 1003.14921875; 21.859375
2026-07-27; 12:43:52; 402; 0; 34.86; 1003.1337890625; 21.822265625
2026-07-27; 12:44:52; 406; 0; 34.84; 1003.1025390625; 21.8447265625
2026-07-27; 12:45:52; 400; 0; 34.89; 1003.11796875; 21.77734375
2026-07-27; 12:46:52; 405; 0; 34.86; 1003.0236328125; 21.6953125
2026-07-27; 12:47:52; 403; 0; 35.0; 1003.0618359375; 21.5166015625
2026-07-27; 12:48:52; 403; 0; 34.92; 1003.0821875; 21.62890625
2026-07-27; 12:49:52; 400; 0; 35.06; 1003.0454296875; 21.392578125
2026-07-27; 12:50:52; 400; 0; 34.89; 1003.11796875; 21.5576171875
2026-07-27; 12:51:52; 409; 1; 34.78; 1003.0362890625; 21.703125
2026-07-27; 12:52:53; 408; 1; 35.01; 1003.1677734375; 21.494140625
2026-07-27; 12:53:53; 400; 0; 35.09; 1003.0923046875; 21.39453125
2026-07-27; 12:54:53; 400; 0; 34.94; 1003.160625; 21.560546875
2026-07-27; 12:55:53; 407; 1; 35.11; 1003.0409375; 21.3720703125
2026-07-27; 12:56:53; 402; 0; 34.75; 1003.1075; 21.7138671875
2026-07-27; 12:57:53; 400; 0; 34.95; 1003.038515625; 21.4677734375
2026-07-27; 12:58:53; 403; 0; 34.95; 1003.1762109375; 21.4560546875
2026-07-27; 12:59:53; 414; 2; 34.73; 1003.150859375; 21.666015625
2026-07-27; 13:00:53; 402; 0; 34.86; 1003.1261328125; 21.521484375
2026-07-27; 13:01:53; 406; 0; 34.96; 1003.2469140625; 21.3759765625
2026-07-27; 13:02:53; 406; 0; 34.77; 1003.185859375; 21.5869140625
2026-07-27; 13:03:53; 407; 1; 34.75; 1003.2647265625; 21.609375
2026-07-27; 13:04:53; 403; 0; 35.08; 1003.206484375; 21.197265625
2026-07-27; 13:05:53; 400; 0; 34.95; 1003.148671875; 21.2255859375
2026-07-27; 13:06:53; 400; 0; 34.96; 1003.172578125; 21.2265625
2026-07-27; 13:07:53; 403; 0; 34.98; 1003.23109375; 21.2041015625
2026-07-27; 13:08:53; 409; 1; 35.0; 1003.1797265625; 21.1943359375
2026-07-27; 13:09:53; 402; 0; 35.12; 1003.249375; 21.083984375
2026-07-27; 13:10:53; 421; 3; 35.01; 1003.2504296875; 21.125
2026-07-27; 13:11:53; 402; 0; 35.01; 1003.2427734375; 21.1708984375
2026-07-27; 13:12:53; 409; 1; 35.08; 1003.214453125; 21.046875
2026-07-27; 13:13:53; 421; 3; 35.05; 1003.22265625; 21.0576171875
2026-07-27; 13:14:53; 411; 1; 34.97; 1003.262890625; 21.099609375
2026-07-27; 13:15:53; 403; 0; 35.11; 1003.253359375; 20.8291015625
2026-07-27; 13:16:53; 400; 0; 35.1; 1003.1826171875; 20.736328125
2026-07-27; 13:17:53; 403; 0; 35.05; 1003.14765625; 20.78125
2026-07-27; 13:18:53; 400; 0; 34.9; 1003.188671875; 20.9697265625
2026-07-27; 13:19:53; 405; 0; 35.01; 1003.222890625; 20.9169921875
2026-07-27; 13:20:53; 400; 0; 34.84; 1003.232578125; 21.08203125
2026-07-27; 13:21:53; 400; 0; 34.97; 1003.31796875; 20.9150390625
2026-07-27; 13:22:53; 402; 0; 34.8; 1003.315390625; 21.080078125
2026-07-27; 13:23:53; 402; 0; 34.7; 1003.1593359375; 21.16796875
2026-07-27; 13:24:53; 402; 0; 34.82; 1003.1538671875; 20.966796875
2026-07-27; 13:25:53; 401; 0; 34.55; 1003.215703125; 21.1728515625
2026-07-27; 13:26:53; 400; 0; 34.74; 1003.1940234375; 20.9619140625
2026-07-27; 13:27:53; 400; 0; 34.88; 1003.192578125; 20.7841796875
2026-07-27; 13:28:53; 405; 0; 34.73; 1003.2138671875; 20.927734375
2026-07-27; 13:29:53; 408; 1; 34.75; 1003.1821484375; 20.8935546875
2026-07-27; 13:30:53; 400; 0; 34.9; 1003.196328125; 20.6806640625
2026-07-27; 13:31:53; 403; 0; 34.87; 1003.20453125; 20.6796875
2026-07-27; 13:32:53; 403; 0; 34.92; 1003.16484375; 20.6015625
2026-07-27; 13:33:53; 402; 0; 35.04; 1003.1794921875; 20.501953125
2026-07-27; 13:34:53; 400; 0; 34.72; 1003.2178125; 20.857421875
2026-07-27; 13:35:54; 33169; 0; 34.76; 1003.1426953125; 20.732421875
2026-07-27; 13:36:54; 400; 0; 34.66; 1003.179375; 20.83203125
2026-07-27; 13:37:54; 406; 0; 34.71; 1003.1749609375; 20.7646484375
2026-07-27; 13:38:54; 403; 0; 34.84; 1003.1576171875; 20.5634765625
2026-07-27; 13:39:54; 405; 0; 34.73; 1003.1783984375; 20.673828125
2026-07-27; 13:40:54; 405; 0; 34.86; 1003.1337890625; 20.552734375
2026-07-27; 13:41:54; 413; 1; 34.78; 1003.201484375; 20.5947265625
2026-07-27; 13:42:54; 413; 1; 34.84; 1003.2126953125; 20.505859375
2026-07-27; 13:43:54; 406; 0; 34.59; 1003.168125; 20.748046875
2026-07-27; 13:44:54; 403; 0; 34.66; 1003.1518359375; 20.669921875
2026-07-27; 13:45:54; 403; 0; 34.57; 1003.1839453125; 20.78125
2026-07-27; 13:46:54; 400; 0; 34.8; 1003.15015625; 20.4921875
2026-07-27; 13:47:54; 400; 0; 34.82; 1003.1538671875; 20.3779296875
2026-07-27; 13:48:54; 407; 1; 34.71; 1003.2376953125; 20.5576171875
2026-07-27; 13:49:54; 411; 1; 34.89; 1003.1455078125; 20.4150390625
2026-07-27; 13:50:54; 418; 2; 34.95; 1003.1211328125; 20.359375
2026-07-27; 13:51:54; 422; 3; 34.98; 1003.1958984375; 20.361328125
2026-07-27; 13:52:54; 407; 1; 35.07; 1003.1161328125; 20.3076171875
2026-07-27; 13:53:54; 417; 2; 34.96; 1003.1643359375; 20.41796875
2026-07-27; 13:54:54; 422; 3; 34.86; 1003.20875; 20.494140625
2026-07-27; 13:55:54; 418; 2; 34.95; 1003.21171875; 20.39453125
2026-07-27; 13:56:54; 423; 3; 34.85; 1003.2283203125; 20.5283203125
2026-07-27; 13:57:54; 442; 6; 34.81; 1003.220859375; 20.654296875
2026-07-27; 13:58:54; 480; 12; 34.7; 1003.19453125; 20.7763671875
2026-07-27; 13:59:54; 486; 13; 34.88; 1003.22015625; 20.576171875
2026-07-27; 14:00:54; 491; 13; 35.02; 1003.2033203125; 20.501953125
2026-07-27; 14:01:54; 523; 18; 34.87; 1003.287109375; 20.6572265625
2026-07-27; 14:02:54; 529; 19; 34.99; 1003.301796875; 20.546875
2026-07-27; 14:03:54; 556; 23; 34.81; 1003.2483984375; 20.76953125
2026-07-27; 14:04:54; 552; 23; 34.56; 1003.1958203125; 21.01171875
2026-07-27; 14:05:54; 591; 29; 34.58; 1003.2626171875; 21.0126953125
2026-07-27; 14:06:54; 607; 31; 34.61; 1003.254453125; 20.98046875
2026-07-27; 14:07:54; 614; 32; 34.89; 1003.3183984375; 20.7265625
2026-07-27; 14:08:54; 620; 33; 34.76; 1003.26078125; 20.8134765625
2026-07-27; 14:09:54; 637; 36; 34.75; 1003.1821484375; 20.82421875
2026-07-27; 14:10:54; 641; 36; 34.87; 1003.2519140625; 20.6796875
2026-07-27; 14:11:54; 637; 36; 34.73; 1003.261015625; 20.8125
2026-07-27; 14:12:54; 627; 34; 34.66; 1003.261953125; 20.8662109375
2026-07-27; 14:13:54; 614; 32; 34.68; 1003.265703125; 20.85546875
2026-07-27; 14:14:54; 615; 32; 34.7; 1003.131796875; 20.787109375
2026-07-27; 14:15:54; 637; 36; 34.65; 1003.253984375; 20.876953125
2026-07-27; 14:16:54; 627; 34; 34.59; 1003.242734375; 20.8974609375
2026-07-27; 14:17:55; 614; 32; 34.9; 1003.24375; 20.634765625
2026-07-27; 14:18:55; 614; 32; 34.82; 1003.2640234375; 20.677734375
2026-07-27; 14:19:55; 594; 29; 34.82; 1003.2915625; 20.701171875
2026-07-27; 14:20:55; 574; 26; 34.98; 1003.2509765625; 20.5576171875
2026-07-27; 14:21:55; 584; 28; 34.88; 1003.192578125; 20.623046875
2026-07-27; 14:22:55; 607; 31; 34.6; 1003.2033203125; 20.9091796875
2026-07-27; 14:23:55; 580; 27; 34.81; 1003.2682421875; 20.74609375
2026-07-27; 14:24:55; 599; 30; 34.81; 1003.240703125; 20.74609375
2026-07-27; 14:25:55; 600; 30; 34.82; 1003.236484375; 20.7119140625
2026-07-27; 14:26:55; 599; 30; 35.01; 1003.305546875; 20.5361328125
2026-07-27; 14:27:55; 594; 29; 34.81; 1003.3585546875; 20.734375
2026-07-27; 14:28:55; 591; 29; 34.53; 1003.2590234375; 20.9990234375
2026-07-27; 14:29:55; 565; 25; 34.83; 1003.2796484375; 20.7353515625
2026-07-27; 14:30:55; 542; 21; 34.72; 1003.3358984375; 20.765625
2026-07-27; 14:31:55; 561; 24; 34.64; 1003.258203125; 20.888671875
2026-07-27; 14:32:55; 570; 25; 34.67; 1003.1674609375; 20.85546875
2026-07-27; 14:33:55; 567; 25; 34.94; 1003.2512109375; 20.5556640625
2026-07-27; 14:34:55; 565; 25; 34.87; 1003.3421875; 20.4951171875
2026-07-27; 14:35:55; 567; 25; 34.9; 1003.2712890625; 20.49609375
2026-07-27; 14:36:55; 591; 29; 34.9; 1003.4441796875; 20.416015625
2026-07-27; 14:37:55; 594; 29; 35.17; 1003.38265625; 20.27734375
2026-07-27; 14:38:55; 584; 28; 35.0; 1003.392421875; 20.396484375
2026-07-27; 14:39:55; 594; 29; 34.79; 1003.4649609375; 20.6181640625
2026-07-27; 14:40:55; 607; 31; 34.82; 1003.449140625; 20.5615234375
2026-07-27; 14:41:55; 615; 32; 34.86; 1003.519375; 20.552734375
2026-07-27; 14:42:55; 614; 32; 34.59; 1003.5259765625; 20.8173828125
2026-07-27; 14:43:55; 607; 31; 34.7; 1003.544765625; 20.7529296875
2026-07-27; 14:44:55; 615; 32; 34.67; 1003.552890625; 20.7744140625
2026-07-27; 14:45:55; 626; 34; 34.79; 1003.5475390625; 20.6181640625
2026-07-27; 14:46:55; 637; 36; 34.87; 1003.5273046875; 20.576171875
2026-07-27; 14:47:55; 626; 34; 34.81; 1003.52375; 20.5615234375
2026-07-27; 14:48:55; 627; 34; 34.81; 1003.52375; 20.595703125
2026-07-27; 14:49:55; 634; 35; 34.84; 1003.5079296875; 20.5859375
2026-07-27; 14:50:55; 657; 39; 34.84; 1003.5355078125; 20.5859375
2026-07-27; 14:51:55; 699; 45; 34.71; 1003.560390625; 20.73046875
2026-07-27; 14:52:55; 712; 47; 34.91; 1003.6526171875; 20.5322265625
2026-07-27; 14:53:55; 714; 47; 34.9; 1003.554375; 20.5654296875
2026-07-27; 14:54:55; 719; 48; 34.84; 1003.5431640625; 20.5283203125
2026-07-27; 14:55:55; 706; 46; 34.81; 1003.571171875; 20.5263671875
2026-07-27; 14:56:55; 706; 46; 34.95; 1003.534296875; 20.37109375
2026-07-27; 14:57:55; 706; 46; 34.76; 1003.61078125; 20.58203125
2026-07-27; 14:58:55; 702; 46; 34.81; 1003.6063671875; 20.48046875
2026-07-27; 14:59:55; 702; 46; 34.64; 1003.61609375; 20.623046875
2026-07-27; 15:00:56; 682; 42; 34.65; 1003.6394140625; 20.5546875
2026-07-27; 15:01:56; 678; 42; 34.59; 1003.60859375; 20.5869140625
2026-07-27; 15:02:56; 672; 41; 34.68; 1003.6236328125; 20.5205078125
2026-07-27; 15:03:56; 657; 39; 34.76; 1003.701328125; 20.38671875
2026-07-27; 15:04:56; 626; 34; 34.77; 1003.7090625; 20.3056640625
2026-07-27; 15:05:56; 584; 28; 34.55; 1003.7031640625; 20.5146484375
2026-07-27; 15:06:56; 551; 23; 34.47; 1003.7587890625; 20.5703125
2026-07-27; 15:07:56; 523; 18; 34.61; 1003.8796484375; 20.4140625
2026-07-27; 15:08:56; 496; 14; 34.49; 1003.7548828125; 20.5361328125
2026-07-27; 15:09:56; 491; 13; 34.46; 1003.8180078125; 20.5341796875
2026-07-27; 15:10:56; 461; 9; 34.37; 1003.7319140625; 20.6220703125
2026-07-27; 15:11:56; 444; 6; 34.44; 1003.78640625; 20.4873046875
2026-07-27; 15:12:56; 411; 1; 34.4; 1003.7788671875; 20.4853515625
2026-07-27; 15:13:56; 400; 0; 34.41; 1003.7394921875; 20.4169921875
2026-07-27; 15:14:56; 401; 0; 34.48; 1003.774453125; 20.384765625
2026-07-27; 15:15:56; 400; 0; 34.53; 1003.7899609375; 20.318359375
2026-07-27; 15:16:56; 400; 0; 34.58; 1003.813125; 20.2744140625
2026-07-27; 15:17:56; 406; 0; 34.68; 1003.7689453125; 20.1865234375
2026-07-27; 15:18:56; 400; 0; 34.7; 1003.74515625; 20.083984375
2026-07-27; 15:19:56; 401; 0; 34.77; 1003.791640625; 19.994140625
2026-07-27; 15:20:56; 403; 0; 34.67; 1003.745625; 20.0361328125
2026-07-27; 15:21:56; 401; 0; 34.59; 1003.7933203125; 20.11328125
2026-07-27; 15:22:56; 405; 0; 34.58; 1003.7855859375; 20.1357421875
2026-07-27; 15:23:56; 402; 0; 34.66; 1003.76515625; 20.05859375
2026-07-27; 15:24:56; 400; 0; 34.86; 1003.794765625; 19.859375
2026-07-27; 15:25:56; 401; 0; 34.69; 1003.831953125; 20.0595703125
2026-07-27; 15:26:56; 414; 2; 34.33; 1003.8148828125; 20.4130859375
2026-07-27; 15:27:56; 408; 1; 34.63; 1003.828359375; 20.1494140625
2026-07-27; 15:28:56; 414; 2; 34.6; 1003.92703125; 20.16015625
2026-07-27; 15:29:56; 475; 11; 34.35; 1003.9287109375; 20.3798828125
2026-07-27; 15:30:56; 457; 8; 34.65; 1003.90703125; 20.0693359375
2026-07-27; 15:31:56; 434; 5; 34.56; 1003.911484375; 20.134765625
2026-07-27; 15:32:56; 403; 0; 34.61; 1003.8601171875; 20.080078125
2026-07-27; 15:33:56; 407; 1; 34.76; 1003.8861328125; 19.9248046875
2026-07-27; 15:34:56; 409; 1; 34.54; 1003.7976171875; 20.1455078125
2026-07-27; 15:35:56; 411; 1; 34.53; 1003.845; 20.1796875
2026-07-27; 15:36:56; 432; 4; 34.34; 1003.858046875; 20.3671875
2026-07-27; 15:37:56; 409; 1; 34.55; 1003.84078125; 20.1455078125
2026-07-27; 15:38:56; 400; 0; 34.7; 1003.7925390625; 20.013671875
2026-07-27; 15:39:56; 405; 0; 34.58; 1003.868203125; 20.1015625
2026-07-27; 15:40:56; 409; 1; 34.45; 1003.829921875; 20.234375
2026-07-27; 15:41:56; 420; 3; 34.31; 1003.9287890625; 20.4013671875
2026-07-27; 15:42:56; 411; 1; 34.37; 1003.8224609375; 20.345703125
2026-07-27; 15:43:57; 405; 0; 34.62; 1003.985859375; 20.068359375
2026-07-27; 15:44:57; 403; 0; 34.55; 1003.9313671875; 20.1572265625
2026-07-27; 15:45:57; 400; 0; 34.55; 1003.8487890625; 20.1806640625
2026-07-27; 15:46:57; 407; 1; 34.44; 1003.8222265625; 20.326171875
2026-07-27; 15:47:57; 400; 0; 34.17; 1003.85515625; 20.5791015625
2026-07-27; 15:48:57; 400; 0; 34.48; 1003.904375; 20.2587890625
2026-07-27; 15:49:57; 400; 0; 34.52; 1003.931484375; 20.1904296875
2026-07-27; 15:50:57; 403; 0; 34.71; 1003.9535546875; 19.96875
2026-07-27; 15:51:58; 416; 2; 34.37; 1004.0070703125; 20.3115234375
2026-07-27; 15:52:58; 416; 2; 34.39; 1004.0383984375; 20.3466796875
2026-07-27; 15:53:58; 443; 6; 34.3; 1003.9880078125; 20.46875
2026-07-27; 15:54:58; 433; 5; 34.4; 1004.0344921875; 20.4169921875
2026-07-27; 15:55:58; 443; 6; 34.67; 1004.083671875; 20.1630859375
2026-07-27; 15:56:58; 425; 3; 34.65; 1004.05234375; 20.2431640625
2026-07-27; 15:57:58; 416; 2; 34.63; 1003.9935546875; 20.21875
2026-07-27; 15:58:58; 413; 1; 34.39; 1003.955859375; 20.4736328125
2026-07-27; 15:59:58; 416; 2; 34.34; 1004.023125; 20.5751953125
2026-07-27; 16:00:58; 400; 0; 34.42; 1004.0303515625; 20.462890625
2026-07-27; 16:01:58; 407; 1; 34.45; 1003.9124609375; 20.453125
2026-07-27; 16:02:58; 403; 0; 34.58; 1003.8957421875; 20.2509765625
2026-07-27; 16:03:58; 405; 0; 34.56; 1004.0295703125; 20.2041015625
2026-07-27; 16:04:58; 400; 0; 34.45; 1003.9950390625; 20.337890625
2026-07-27; 16:05:58; 400; 0; 34.23; 1004.0159765625; 20.5009765625
2026-07-27; 16:06:58; 400; 0; 34.53; 1004.065234375; 20.16796875
2026-07-27; 16:07:58; 407; 1; 34.44; 1004.0066015625; 20.2333984375
2026-07-27; 16:08:58; 403; 0; 34.35; 1003.98375; 20.3212890625
2026-07-27; 16:09:58; 400; 0; 34.37; 1003.92453125; 20.357421875
2026-07-27; 16:10:58; 416; 2; 34.27; 1003.893671875; 20.421875
2026-07-27; 16:11:58; 413; 1; 34.32; 1004.0269921875; 20.4013671875
2026-07-27; 16:12:58; 400; 0; 34.28; 1004.0392578125; 20.4453125
2026-07-27; 16:13:58; 418; 2; 34.36; 1004.0189453125; 20.3798828125
2026-07-27; 16:14:58; 409; 1; 34.55; 1004.0139453125; 20.203125
2026-07-27; 16:15:58; 438; 5; 34.17; 1004.040078125; 20.5439453125
2026-07-27; 16:16:58; 454; 8; 34.24; 1004.0866796875; 20.5244140625
2026-07-27; 16:17:58; 483; 12; 34.37; 1004.034609375; 20.3798828125
2026-07-27; 16:18:58; 508; 16; 34.46; 1004.1284375; 20.26953125
2026-07-27; 16:19:58; 548; 22; 34.47; 1004.0813671875; 20.28125
2026-07-27; 16:20:58; 567; 25; 34.53; 1004.0376953125; 20.2373046875
2026-07-27; 16:21:58; 592; 29; 34.56; 1004.057109375; 20.26171875
2026-07-27; 16:22:58; 657; 39; 34.58; 1004.0884375; 20.193359375
2026-07-27; 16:23:59; 678; 42; 34.69; 1004.0522265625; 20.1171875
2026-07-27; 16:24:59; 768; 56; 34.37; 1004.070078125; 20.4150390625
2026-07-27; 16:25:59; 817; 63; 34.59; 1004.09609375; 20.228515625
2026-07-27; 16:26:59; 927; 80; 34.58; 1004.1159375; 20.2744140625
2026-07-27; 16:27:59; 987; 89; 34.72; 1004.071328125; 20.119140625
2026-07-27; 16:28:59; 1122; 109; 34.68; 1004.17421875; 20.1865234375
2026-07-27; 16:29:59; 1224; 125; 34.65; 1004.0798828125; 20.2080078125
2026-07-27; 16:30:59; 1324; 140; 34.62; 1004.0959765625; 20.2412109375
2026-07-27; 16:31:59; 1372; 148; 34.64; 1004.0642578125; 20.265625
2026-07-27; 16:32:59; 1465; 162; 34.72; 1004.106875; 20.2001953125
2026-07-27; 16:33:59; 1527; 190; 34.85; 1004.0544921875; 20.0322265625
2026-07-27; 16:34:59; 1535; 196; 34.8; 1004.0787109375; 20.099609375
2026-07-27; 16:35:59; 1599; 245; 34.61; 1004.0803515625; 20.322265625
2026-07-27; 16:36:59; 1628; 271; 34.61; 1004.0528125; 20.310546875
2026-07-27; 16:37:59; 1657; 296; 34.76; 1004.141953125; 20.1904296875
2026-07-27; 16:38:59; 1682; 321; 34.76; 1004.141953125; 20.224609375
2026-07-27; 16:39:59; 1721; 359; 34.73; 1004.1500390625; 20.2353515625
2026-07-27; 16:40:59; 1744; 385; 34.82; 1004.2201953125; 20.146484375
2026-07-27; 16:41:59; 1775; 422; 34.79; 1004.145703125; 20.16796875
2026-07-27; 16:42:59; 1839; 501; 34.81; 1004.1571484375; 20.1806640625
2026-07-27; 16:43:59; 1868; 542; 34.64; 1004.1193359375; 20.369140625
2026-07-27; 16:44:59; 1911; 601; 34.71; 1004.11875; 20.2802734375
2026-07-27; 16:45:59; 1967; 689; 34.78; 1004.0826171875; 20.2138671875
2026-07-27; 16:46:59; 2010; 765; 34.82; 1004.06265625; 20.193359375
2026-07-27; 16:47:59; 2025; 794; 34.81; 1004.1020703125; 20.21484375
2026-07-27; 16:48:59; 2088; 897; 34.66; 1004.1230859375; 20.359375
2026-07-27; 16:49:59; 2128; 981; 34.81; 1003.991875; 20.2958984375
2026-07-27; 16:50:59; 2156; 1040; 34.87; 1004.0505859375; 20.2412109375
2026-07-27; 16:51:59; 2180; 1097; 34.89; 1004.034453125; 20.1962890625
2026-07-27; 16:52:59; 2207; 1152; 34.85; 1004.1646484375; 20.216796875
2026-07-27; 16:53:59; 2245; 1234; 34.81; 1004.094375; 20.2490234375
2026-07-27; 16:54:59; 2279; 1315; 34.74; 1004.1656640625; 20.26953125
2026-07-27; 16:55:59; 2300; 1361; 34.88; 1004.07390625; 20.1259765625
2026-07-27; 16:56:59; 2349; 1457; 34.66; 1004.087890625; 20.439453125
2026-07-27; 16:57:59; 2357; 1476; 34.76; 1004.10640625; 20.3056640625
2026-07-27; 16:58:59; 2412; 1598; 34.74; 1004.1301953125; 20.3046875
2026-07-27; 16:59:59; 2448; 1668; 34.74; 1004.157734375; 20.3388671875
2026-07-27; 17:00:59; 2434; 1638; 34.8; 1004.1888671875; 20.2490234375
2026-07-27; 17:01:59; 2448; 1668; 34.86; 1004.1175390625; 20.1484375
2026-07-27; 17:02:59; 2469; 1713; 34.76; 1004.1339453125; 20.1904296875
2026-07-27; 17:03:59; 2512; 1809; 34.8; 1004.141484375; 20.23828125
2026-07-27; 17:04:59; 2539; 1861; 34.79; 1004.1533984375; 20.2607421875
2026-07-27; 17:05:59; 2574; 1940; 34.72; 1004.2169921875; 20.2802734375
2026-07-27; 17:07:00; 2574; 1940; 34.87; 1004.1882421875; 20.1025390625
2026-07-27; 17:08:00; 2589; 1967; 34.8; 1004.1965625; 20.203125
2026-07-27; 17:09:00; 2623; 2050; 34.85; 1004.2197265625; 20.11328125
2026-07-27; 17:10:00; 2666; 2132; 34.86; 1004.227734375; 20.13671875
2026-07-27; 17:11:00; 2666; 2132; 34.86; 1004.1803125; 20.16015625
2026-07-27; 17:12:00; 2704; 2219; 34.8; 1004.1690234375; 20.1689453125
2026-07-27; 17:13:00; 2681; 2159; 34.87; 1004.1959375; 20.056640625
2026-07-27; 17:14:00; 2717; 2262; 34.78; 1004.165234375; 20.1904296875
2026-07-27; 17:15:00; 2761; 2354; 34.82; 1004.137578125; 20.158203125
2026-07-27; 17:16:00; 2775; 2376; 34.81; 1004.1769921875; 20.1689453125
2026-07-27; 17:17:00; 2775; 2376; 34.89; 1004.1644921875; 20.103515625
2026-07-27; 17:18:00; 2775; 2376; 34.92; 1004.18390625; 20.05859375
2026-07-27; 17:19:00; 2829; 2500; 34.76; 1004.1969921875; 20.259765625
2026-07-27; 17:20:00; 2875; 2601; 34.65; 1004.1900390625; 20.3583984375
2026-07-27; 17:21:00; 2929; 2697; 34.74; 1004.157734375; 20.26953125
2026-07-27; 17:22:00; 2960; 2768; 34.79; 1004.2084375; 20.2255859375
2026-07-27; 17:23:00; 3031; 2915; 34.82; 1004.137578125; 20.1689453125
2026-07-27; 17:24:00; 3048; 2952; 34.88; 1004.1763671875; 20.033203125
2026-07-27; 17:25:00; 3048; 2952; 34.78; 1004.11015625; 20.2255859375
2026-07-27; 17:26:00; 3081; 3023; 34.9; 1004.18015625; 20.103515625
2026-07-27; 17:27:00; 3048; 2952; 34.98; 1004.1400390625; 19.9111328125
2026-07-27; 17:28:00; 3048; 2952; 34.91; 1004.09328125; 19.9775390625
2026-07-27; 17:29:00; 3048; 2952; 34.95; 1004.1677734375; 19.955078125
2026-07-27; 17:30:00; 3081; 3023; 34.85; 1004.0468359375; 20.078125
2026-07-27; 17:31:00; 3099; 3064; 34.94; 1004.0694921875; 20.0595703125
2026-07-27; 17:32:00; 3156; 3174; 34.77; 1004.039453125; 20.2021484375
2026-07-27; 17:33:00; 3174; 3220; 34.8; 1004.05890625; 20.099609375
2026-07-27; 17:34:00; 3189; 3253; 34.76; 1004.0513671875; 20.1552734375
2026-07-27; 17:35:00; 3156; 3174; 34.89; 1004.0619921875; 20.0458984375
2026-07-27; 17:36:00; 3117; 3102; 34.99; 1004.09296875; 19.7958984375
2026-07-27; 17:37:00; 3174; 3220; 34.89; 1004.117109375; 20.0341796875
2026-07-27; 17:38:00; 3189; 3253; 34.96; 1004.1558984375; 19.921875
2026-07-27; 17:39:00; 3210; 3298; 34.98; 1004.159921875; 19.8994140625
2026-07-27; 17:40:00; 3210; 3298; 34.88; 1004.1763671875; 19.91796875
2026-07-27; 17:41:00; 3174; 3220; 35.04; 1004.2537890625; 19.728515625
2026-07-27; 17:42:00; 3174; 3220; 35.08; 1004.178671875; 19.603515625
2026-07-27; 17:43:00; 3174; 3220; 34.86; 1004.145078125; 19.7666015625
2026-07-27; 17:44:00; 3117; 3102; 34.79; 1004.090625; 19.8212890625
2026-07-27; 17:45:00; 3099; 3064; 34.83; 1004.07828125; 19.8583984375
2026-07-27; 17:46:00; 3081; 3023; 34.9; 1004.1250390625; 19.7919921875
2026-07-27; 17:47:00; 3081; 3023; 34.87; 1004.1684375; 19.8720703125
2026-07-27; 17:48:00; 3081; 3023; 34.85; 1004.129453125; 19.8935546875
2026-07-27; 17:49:01; 3099; 3064; 35.05; 1004.13171875; 19.6826171875
2026-07-27; 17:50:01; 3099; 3064; 34.92; 1004.1640234375; 19.81640625
2026-07-27; 17:51:01; 3117; 3102; 34.88; 1004.1763671875; 19.802734375
2026-07-27; 17:52:01; 3174; 3220; 34.78; 1004.165234375; 19.8671875
2026-07-27; 17:53:01; 3156; 3174; 34.7; 1004.15046875; 19.93359375
2026-07-27; 17:54:01; 3174; 3220; 34.78; 1004.0826171875; 19.8095703125
2026-07-27; 17:55:01; 3156; 3174; 34.91; 1004.1483984375; 19.6884765625
2026-07-27; 17:56:01; 3138; 3142; 34.94; 1004.1601171875; 19.724609375
2026-07-27; 17:57:01; 3189; 3253; 34.77; 1004.267734375; 19.9140625
2026-07-27; 17:58:01; 3269; 3433; 34.75; 1004.2008984375; 19.958984375
2026-07-27; 17:59:01; 3288; 3473; 34.8; 1004.141484375; 19.9033203125
2026-07-27; 18:00:01; 3347; 3590; 34.79; 1004.2910546875; 19.9375
2026-07-27; 18:01:01; 3386; 3686; 34.79; 1004.263515625; 19.94921875
2026-07-27; 18:02:01; 3409; 3735; 34.79; 1004.2558203125; 19.92578125
2026-07-27; 18:03:01; 3460; 3827; 34.81; 1004.259609375; 19.9150390625
2026-07-27; 18:04:01; 3460; 3827; 34.8; 1004.2715234375; 19.822265625
2026-07-27; 18:05:01; 3386; 3686; 34.77; 1004.21265625; 19.8330078125
2026-07-27; 18:06:01; 3386; 3686; 34.72; 1004.189453125; 19.9228515625
2026-07-27; 18:07:01; 3429; 3777; 34.79; 1004.263515625; 19.9140625
2026-07-27; 18:08:01; 3480; 3862; 34.85; 1004.129453125; 19.8359375
2026-07-27; 18:09:01; 3480; 3862; 34.92; 1004.2114453125; 19.78125
2026-07-27; 18:10:01; 3547; 4025; 34.79; 1004.173203125; 19.92578125
2026-07-27; 18:11:01; 3592; 4114; 34.82; 1004.19265625; 19.880859375
2026-07-27; 18:12:01; 3643; 4226; 34.94; 1004.234765625; 19.7939453125
2026-07-27; 18:13:01; 3693; 4335; 34.83; 1004.263359375; 19.892578125
2026-07-27; 18:14:01; 3718; 4390; 34.91; 1004.3136328125; 19.78125
2026-07-27; 18:15:01; 3742; 4443; 34.85; 1004.21203125; 19.84765625
2026-07-27; 18:16:01; 3826; 4613; 34.71; 1004.3037890625; 20.0029296875
2026-07-27; 18:17:01; 3793; 4543; 34.96; 1004.3211328125; 19.771484375
2026-07-27; 18:18:01; 3882; 4758; 34.85; 1004.3298828125; 19.8701171875
2026-07-27; 18:19:01; 3907; 4814; 34.72; 1004.2365625; 19.98046875
2026-07-27; 18:20:01; 3882; 4758; 34.95; 1004.3055078125; 19.7822265625
2026-07-27; 18:21:01; 3936; 4871; 34.87; 1004.333671875; 19.8720703125
2026-07-27; 18:22:01; 3993; 4992; 34.74; 1004.3308984375; 19.9814453125
2026-07-27; 18:23:01; 4024; 5064; 34.83; 1004.346015625; 19.927734375
2026-07-27; 18:24:01; 4054; 5130; 34.9; 1004.345390625; 19.849609375
2026-07-27; 18:25:01; 4024; 5064; 34.96; 1004.37625; 19.8173828125
2026-07-27; 18:26:01; 4054; 5130; 35.03; 1004.38359375; 19.728515625
2026-07-27; 18:27:01; 4084; 5181; 35.03; 1004.38359375; 19.740234375
2026-07-27; 18:28:02; 4132; 5257; 35.05; 1004.352109375; 19.7177734375
2026-07-27; 18:29:02; 4132; 5257; 34.87; 1004.3061328125; 19.8369140625
2026-07-27; 18:30:02; 4132; 5257; 34.84; 1004.369296875; 19.8935546875
2026-07-27; 18:31:02; 4256; 5538; 34.66; 1004.308125; 20.046875
2026-07-27; 18:32:02; 4256; 5538; 34.73; 1004.307265625; 19.9580078125
2026-07-27; 18:33:02; 4256; 5538; 34.98; 1004.3802734375; 19.7607421875
2026-07-27; 18:34:02; 4256; 5538; 34.81; 1004.405; 19.833984375
2026-07-27; 18:35:02; 4256; 5538; 34.85; 1004.4400390625; 19.82421875
2026-07-27; 18:36:02; 4292; 5608; 34.88; 1004.3768359375; 19.826171875
2026-07-27; 18:37:02; 4256; 5538; 34.89; 1004.4200390625; 19.802734375
2026-07-27; 18:38:02; 4256; 5538; 34.94; 1004.48265625; 19.736328125
2026-07-27; 18:39:02; 4256; 5538; 34.85; 1004.43234375; 19.859375
2026-07-27; 18:40:02; 4256; 5538; 34.87; 1004.4437890625; 19.8134765625
2026-07-27; 18:41:02; 4256; 5538; 35.03; 1004.5136328125; 19.6240234375
2026-07-27; 18:42:02; 4164; 5325; 34.82; 1004.5032421875; 19.8232421875
2026-07-27; 18:43:02; 4224; 5469; 34.74; 1004.523671875; 19.900390625
2026-07-27; 18:44:02; 4188; 5391; 34.64; 1004.5796484375; 19.9658203125
2026-07-27; 18:45:02; 4164; 5325; 34.69; 1004.5753515625; 19.88671875
2026-07-27; 18:46:02; 4132; 5257; 34.77; 1004.5981640625; 19.8212890625
2026-07-27; 18:47:02; 4084; 5181; 34.71; 1004.579140625; 19.9453125
2026-07-27; 18:48:02; 4054; 5130; 34.92; 1004.59703125; 19.7001953125
2026-07-27; 18:49:02; 4024; 5064; 34.94; 1004.5652734375; 19.736328125
2026-07-27; 18:50:02; 4054; 5130; 34.97; 1004.640078125; 19.66796875
2026-07-27; 18:51:02; 4132; 5257; 34.8; 1004.55453125; 19.787109375
2026-07-27; 18:52:02; 4132; 5257; 34.85; 1004.515; 19.708984375
2026-07-27; 18:53:02; 4164; 5325; 34.87; 1004.5815234375; 19.7099609375
2026-07-27; 18:54:02; 4164; 5325; 34.9; 1004.5106640625; 19.6875
2026-07-27; 18:55:02; 4164; 5325; 34.84; 1004.5544140625; 19.7314453125
2026-07-27; 18:56:02; 4132; 5257; 34.86; 1004.538359375; 19.7099609375
2026-07-27; 18:57:02; 4084; 5181; 34.87; 1004.5264453125; 19.6640625
2026-07-27; 18:58:03; 4084; 5181; 34.91; 1004.5890625; 19.630859375
2026-07-27; 18:59:03; 4084; 5181; 35.06; 1004.615703125; 19.521484375
2026-07-27; 19:00:03; 4132; 5257; 34.88; 1004.61703125; 19.6865234375
2026-07-27; 19:01:03; 4084; 5181; 35.11; 1004.58375; 19.431640625
2026-07-27; 19:02:03; 4054; 5130; 35.02; 1004.6081640625; 19.54296875
2026-07-27; 19:03:03; 4054; 5130; 34.85; 1004.6053125; 19.708984375
2026-07-27; 19:04:03; 4084; 5181; 34.85; 1004.62515625; 19.685546875
2026-07-27; 19:05:03; 4132; 5257; 34.9; 1004.565703125; 19.67578125
2026-07-27; 19:06:03; 4188; 5391; 34.81; 1004.5625390625; 19.7529296875
2026-07-27; 19:07:03; 4256; 5538; 34.78; 1004.633359375; 19.8212890625
2026-07-27; 19:08:03; 4321; 5672; 34.72; 1004.5749609375; 19.853515625
2026-07-27; 19:09:03; 4321; 5672; 34.83; 1004.5662890625; 19.77734375
2026-07-27; 19:10:03; 4362; 5762; 34.76; 1004.57453125; 19.80859375
2026-07-27; 19:11:03; 4468; 5985; 34.71; 1004.5592578125; 19.8759765625
2026-07-27; 19:12:03; 4437; 5922; 34.85; 1004.5976171875; 19.7314453125
2026-07-27; 19:13:03; 4507; 6068; 34.86; 1004.5933984375; 19.720703125
2026-07-27; 19:14:03; 4468; 5985; 34.85; 1004.5501953125; 19.7431640625
2026-07-27; 19:15:03; 4437; 5922; 34.86; 1004.668359375; 19.732421875
2026-07-27; 19:16:03; 4507; 6068; 34.86; 1004.6209375; 19.720703125
2026-07-27; 19:17:03; 4585; 6250; 34.77; 1004.6532421875; 19.7978515625
2026-07-27; 19:18:03; 4585; 6250; 34.74; 1004.7634765625; 19.8427734375
2026-07-27; 19:19:03; 4549; 6153; 34.84; 1004.6447265625; 19.7431640625
2026-07-27; 19:20:03; 4549; 6153; 34.89; 1004.7230078125; 19.69921875
2026-07-27; 19:21:03; 4585; 6250; 34.95; 1004.7462109375; 19.6435546875
2026-07-27; 19:22:03; 4585; 6250; 34.96; 1004.7150390625; 19.65625
2026-07-27; 19:23:03; 4624; 6334; 34.95; 1004.6911328125; 19.6435546875
2026-07-27; 19:24:03; 4585; 6250; 34.89; 1004.770390625; 19.69921875
2026-07-27; 19:25:03; 4664; 6411; 34.9; 1004.6835546875; 19.6767578125
2026-07-27; 19:26:03; 4664; 6411; 34.94; 1004.6834375; 19.6552734375
2026-07-27; 19:27:03; 4700; 6479; 34.92; 1004.652109375; 19.6884765625
2026-07-27; 19:28:04; 4664; 6411; 34.95; 1004.726640625; 19.62109375
2026-07-27; 19:29:04; 4700; 6479; 34.91; 1004.6915234375; 19.6650390625
2026-07-27; 19:30:04; 4741; 6575; 34.84; 1004.72734375; 19.7666015625
2026-07-27; 19:31:04; 4741; 6575; 34.99; 1004.726484375; 19.6220703125
2026-07-27; 19:32:04; 4741; 6575; 34.84; 1004.672265625; 19.697265625
2026-07-27; 19:33:04; 4786; 6669; 34.97; 1004.8684375; 19.5986328125
2026-07-27; 19:34:04; 4825; 6760; 34.87; 1004.7941796875; 19.7216796875
2026-07-27; 19:35:04; 4825; 6760; 34.82; 1004.7434375; 19.765625
2026-07-27; 19:36:04; 4786; 6669; 34.88; 1004.762421875; 19.7099609375
2026-07-27; 19:37:04; 4786; 6669; 34.94; 1004.7580859375; 19.6435546875
2026-07-27; 19:38:04; 4786; 6669; 34.82; 1004.806171875; 19.765625
2026-07-27; 19:39:04; 4786; 6669; 34.9; 1004.7662109375; 19.6650390625
2026-07-27; 19:40:04; 4786; 6669; 34.91; 1004.754296875; 19.666015625
2026-07-27; 19:41:04; 4786; 6669; 34.96; 1004.825234375; 19.6220703125
2026-07-27; 19:42:04; 4786; 6669; 34.96; 1004.8444921875; 19.5869140625
2026-07-27; 19:43:04; 4786; 6669; 34.97; 1004.7778125; 19.5869140625
2026-07-27; 19:44:04; 4741; 6575; 35.03; 1004.796796875; 19.4853515625
2026-07-27; 19:45:04; 4741; 6575; 35.08; 1004.83984375; 19.4765625
2026-07-27; 19:46:04; 4700; 6479; 34.96; 1004.7976953125; 19.5869140625
2026-07-27; 19:47:04; 4741; 6575; 35.04; 1004.8323046875; 19.5087890625
2026-07-27; 19:48:04; 4741; 6575; 34.96; 1004.816953125; 19.609375
2026-07-27; 19:49:04; 4741; 6575; 34.79; 1004.834140625; 19.740234375
2026-07-27; 19:50:04; 4786; 6669; 34.98; 1004.8485546875; 19.5869140625
2026-07-27; 19:51:04; 4786; 6669; 34.96; 1004.8803125; 19.5751953125
2026-07-27; 19:52:04; 4825; 6760; 34.98; 1004.903671875; 19.564453125
2026-07-27; 19:53:04; 4741; 6575; 34.89; 1004.9158203125; 19.6533203125
2026-07-27; 19:54:04; 4786; 6669; 35.0; 1004.990078125; 19.5537109375
2026-07-27; 19:55:04; 4786; 6669; 34.9; 1005.00640625; 19.6298828125
2026-07-27; 19:56:04; 4868; 6839; 34.91; 1004.9195703125; 19.5849609375
2026-07-27; 19:57:04; 4914; 6939; 34.85; 1004.908203125; 19.673828125
2026-07-27; 19:58:04; 4914; 6939; 34.9; 1004.951328125; 19.6181640625
2026-07-27; 19:59:04; 4868; 6839; 35.03; 1005.0094921875; 19.5087890625
2026-07-27; 20:00:04; 4868; 6839; 35.04; 1005.02515625; 19.474609375
2026-07-27; 20:01:04; 4868; 6839; 34.9; 1005.069140625; 19.583984375
2026-07-27; 20:02:05; 4868; 6839; 35.06; 1005.0090625; 19.4873046875
2026-07-27; 20:03:05; 4914; 6939; 35.0; 1005.1079296875; 19.5419921875
2026-07-27; 20:04:05; 4825; 6760; 34.98; 1005.013828125; 19.529296875
2026-07-27; 20:05:05; 4786; 6669; 34.9; 1005.0141015625; 19.583984375
2026-07-27; 20:06:05; 4825; 6760; 35.11; 1005.0245703125; 19.419921875
2026-07-27; 20:07:05; 4825; 6760; 34.99; 1005.0294921875; 19.5068359375
2026-07-27; 20:08:05; 4786; 6669; 34.85; 1005.010703125; 19.6279296875
2026-07-27; 20:09:05; 4868; 6839; 34.88; 1005.0103125; 19.6181640625
2026-07-27; 20:10:05; 4868; 6839; 34.76; 1004.987578125; 19.693359375
2026-07-27; 20:11:05; 4868; 6839; 34.89; 1005.01828125; 19.6298828125
2026-07-27; 20:12:05; 4868; 6839; 34.98; 1005.0766015625; 19.5068359375
2026-07-27; 20:13:05; 4825; 6760; 34.86; 1005.089140625; 19.62890625
2026-07-27; 20:14:05; 4825; 6760; 34.94; 1005.041484375; 19.5283203125
2026-07-27; 20:15:05; 4825; 6760; 34.9; 1005.0141015625; 19.572265625
2026-07-27; 20:16:05; 4825; 6760; 34.67; 1005.0473046875; 19.7939453125
2026-07-27; 20:17:05; 4825; 6760; 34.72; 1005.0901171875; 19.7490234375
2026-07-27; 20:18:05; 4786; 6669; 34.9; 1005.1165625; 19.6181640625
2026-07-27; 20:19:05; 4786; 6669; 34.95; 1005.159375; 19.55078125
2026-07-27; 20:20:05; 4825; 6760; 34.67; 1005.1497265625; 19.81640625
2026-07-27; 20:21:05; 4786; 6669; 34.89; 1005.053515625; 19.6064453125
2026-07-27; 20:22:05; 4786; 6669; 34.7; 1005.114140625; 19.783203125
2026-07-27; 20:23:05; 4825; 6760; 34.72; 1005.11765625; 19.7607421875
2026-07-27; 20:24:05; 4868; 6839; 34.72; 1005.2082421875; 19.76171875
2026-07-27; 20:25:05; 4868; 6839; 34.64; 1005.267890625; 19.8388671875
2026-07-27; 20:26:05; 4868; 6839; 34.72; 1005.2553125; 19.818359375
2026-07-27; 20:27:05; 4914; 6939; 34.61; 1005.2365625; 19.8720703125
2026-07-27; 20:28:05; 4914; 6939; 34.74; 1005.267109375; 19.796875
2026-07-27; 20:29:05; 4914; 6939; 34.67; 1005.2124609375; 19.828125
2026-07-27; 20:30:05; 4914; 6939; 34.69; 1005.2361328125; 19.8056640625
2026-07-27; 20:31:05; 4914; 6939; 34.83; 1005.2272265625; 19.7080078125
2026-07-27; 20:32:05; 4962; 7041; 34.82; 1005.246796875; 19.7197265625
2026-07-27; 20:33:05; 4962; 7041; 34.77; 1005.203984375; 19.7060546875
2026-07-27; 20:34:05; 5014; 7151; 34.61; 1005.3387109375; 19.89453125
2026-07-27; 20:35:05; 5054; 7244; 34.75; 1005.3573828125; 19.7744140625
2026-07-27; 20:36:05; 5014; 7151; 34.78; 1005.321796875; 19.740234375
2026-07-27; 20:37:05; 5054; 7244; 34.51; 1005.327578125; 19.994140625
2026-07-27; 20:38:05; 5054; 7244; 34.69; 1005.3264453125; 19.8515625
2026-07-27; 20:39:05; 5108; 7348; 34.7; 1005.361953125; 19.8408203125
2026-07-27; 20:40:05; 5150; 7444; 34.55; 1005.2997265625; 19.9609375
2026-07-27; 20:41:05; 5150; 7444; 34.81; 1005.3687890625; 19.7529296875
2026-07-27; 20:42:05; 5195; 7545; 34.86; 1005.356875; 19.697265625
2026-07-27; 20:43:05; 5195; 7545; 34.73; 1005.3340625; 19.78515625
2026-07-27; 20:44:06; 5195; 7545; 34.59; 1005.342890625; 19.9052734375
2026-07-27; 20:45:06; 5250; 7663; 34.74; 1005.3772265625; 19.7734375
2026-07-27; 20:46:06; 5305; 7773; 34.6; 1005.3860546875; 19.91796875
2026-07-27; 20:47:06; 5305; 7773; 34.65; 1005.4487890625; 19.9072265625
2026-07-27; 20:48:06; 5305; 7773; 34.65; 1005.42125; 19.849609375
2026-07-27; 20:49:06; 5305; 7773; 34.61; 1005.429296875; 19.94140625
2026-07-27; 20:50:06; 5366; 7883; 34.85; 1005.47890625; 19.685546875
2026-07-27; 20:51:06; 5366; 7883; 34.91; 1005.4704296875; 19.654296875
2026-07-27; 20:52:06; 5412; 8004; 34.67; 1005.432734375; 19.8857421875
2026-07-27; 20:53:06; 5412; 8004; 34.82; 1005.54203125; 19.7880859375
2026-07-27; 20:54:06; 5464; 8145; 34.56; 1005.433515625; 19.9501953125
2026-07-27; 20:55:06; 5524; 8271; 34.57; 1005.5237890625; 20.0205078125
2026-07-27; 20:56:06; 5524; 8271; 34.56; 1005.54359375; 20.0078125
2026-07-27; 20:57:06; 5524; 8271; 34.54; 1005.5593359375; 20.0302734375
2026-07-27; 20:58:06; 5585; 8384; 34.48; 1005.52828125; 20.0966796875
2026-07-27; 20:59:06; 5585; 8384; 34.47; 1005.54015625; 20.0966796875
2026-07-27; 21:00:06; 5585; 8384; 34.5; 1005.5596484375; 20.07421875
2026-07-27; 21:01:06; 5585; 8384; 34.58; 1005.62203125; 19.9970703125
2026-07-27; 21:02:06; 5634; 8501; 34.61; 1005.594453125; 19.96484375
2026-07-27; 21:03:06; 5694; 8635; 34.59; 1005.6181640625; 19.998046875
2026-07-27; 21:04:06; 5694; 8635; 34.59; 1005.5826171875; 19.974609375
2026-07-27; 21:05:06; 5694; 8635; 34.64; 1005.653359375; 19.98828125
2026-07-27; 21:06:06; 5694; 8635; 34.55; 1005.575; 19.99609375
2026-07-27; 21:07:06; 5754; 8767; 34.47; 1005.630390625; 20.1083984375
2026-07-27; 21:08:06; 5754; 8767; 34.48; 1005.7011328125; 20.1083984375
2026-07-27; 21:09:06; 5830; 8898; 34.6; 1005.625859375; 20.021484375
2026-07-27; 21:10:06; 5830; 8898; 34.76; 1005.683984375; 19.83203125
2026-07-27; 21:11:06; 5830; 8898; 34.54; 1005.677421875; 20.0302734375
2026-07-27; 21:12:06; 5830; 8898; 34.46; 1005.6345703125; 20.119140625
2026-07-27; 21:13:06; 5830; 8898; 34.39; 1005.717109375; 20.2431640625
2026-07-27; 21:14:06; 5893; 9031; 34.7; 1005.6923828125; 19.9443359375
2026-07-27; 21:15:06; 5893; 9031; 34.52; 1005.693125; 20.0751953125
2026-07-27; 21:16:06; 5893; 9031; 34.59; 1005.775390625; 20.0322265625
2026-07-27; 21:17:06; 5966; 9184; 34.49; 1005.7641796875; 20.1201171875
2026-07-27; 21:18:06; 5966; 9184; 34.59; 1005.7558203125; 20.0322265625
2026-07-27; 21:19:06; 5966; 9184; 34.57; 1005.7715234375; 20.078125
2026-07-27; 21:20:06; 5966; 9184; 34.41; 1005.8310546875; 20.1982421875
2026-07-27; 21:21:06; 6030; 9320; 34.73; 1005.8572265625; 19.888671875
2026-07-27; 21:22:06; 6030; 9320; 34.42; 1005.7641796875; 20.1982421875
2026-07-27; 21:23:06; 6030; 9320; 34.75; 1005.8059765625; 19.85546875
2026-07-27; 21:24:06; 6030; 9320; 34.74; 1005.8373828125; 19.865234375
2026-07-27; 21:25:06; 6030; 9320; 34.45; 1005.8665625; 20.1416015625
2026-07-27; 21:26:06; 6098; 9470; 34.67; 1005.8655859375; 19.9892578125
2026-07-27; 21:27:06; 6098; 9470; 34.75; 1005.8610546875; 19.8779296875
2026-07-27; 21:28:07; 6098; 9470; 34.47; 1005.8979296875; 20.154296875
2026-07-27; 21:29:07; 6098; 9470; 34.46; 1005.945; 20.1533203125
2026-07-27; 21:30:07; 6098; 9470; 34.74; 1005.9199609375; 19.912109375
2026-07-27; 21:31:07; 6098; 9470; 34.46; 1005.862421875; 20.130859375
2026-07-27; 21:32:07; 6098; 9470; 34.35; 1006.0121484375; 20.263671875
2026-07-27; 21:33:07; 6098; 9470; 34.59; 1006.00359375; 20.0439453125
2026-07-27; 21:34:07; 6098; 9470; 34.49; 1005.9293359375; 20.1552734375
2026-07-27; 21:35:07; 6098; 9470; 34.46; 1006.027578125; 20.1650390625
2026-07-27; 21:36:07; 6098; 9470; 34.47; 1005.9882421875; 20.166015625
2026-07-27; 21:37:07; 6098; 9470; 34.47; 1006.0630859375; 20.119140625
2026-07-27; 21:38:07; 6098; 9470; 34.55; 1006.0234375; 20.0771484375
2026-07-27; 21:39:07; 6098; 9470; 34.4; 1006.0080078125; 20.2548828125
2026-07-27; 21:40:07; 6098; 9470; 34.6; 1006.0743359375; 20.044921875
2026-07-27; 21:41:07; 6098; 9470; 34.53; 1006.0941796875; 20.076171875
2026-07-27; 21:42:07; 6163; 9610; 34.41; 1006.0316796875; 20.232421875
2026-07-27; 21:43:07; 6098; 9470; 34.39; 1006.0553515625; 20.2314453125
2026-07-27; 21:44:07; 6098; 9470; 34.68; 1006.1015234375; 19.9443359375
2026-07-27; 21:45:07; 6163; 9610; 34.61; 1006.1095703125; 20.0107421875
2026-07-27; 21:46:07; 6163; 9610; 34.58; 1006.0625; 20.078125
2026-07-27; 21:47:07; 6163; 9610; 34.59; 1006.113671875; 19.9052734375
2026-07-27; 21:48:07; 6235; 9769; 34.68; 1006.1290625; 19.978515625
2026-07-27; 21:49:07; 6235; 9769; 34.71; 1006.093515625; 19.9453125
2026-07-27; 21:50:07; 6163; 9610; 34.56; 1006.0862109375; 20.111328125
2026-07-27; 21:51:07; 6163; 9610; 34.41; 1006.188828125; 20.1982421875
2026-07-27; 21:52:07; 6235; 9769; 34.74; 1006.1678125; 19.900390625
2026-07-27; 21:53:07; 6163; 9610; 34.37; 1006.2086328125; 20.2421875
2026-07-27; 21:54:07; 6235; 9769; 34.41; 1006.161328125; 20.232421875
2026-07-27; 21:55:07; 6235; 9769; 34.34; 1006.14203125; 20.275390625
2026-07-27; 21:56:07; 6163; 9610; 34.33; 1006.1890625; 20.2978515625
2026-07-27; 21:57:07; 6235; 9769; 34.43; 1006.247734375; 20.2099609375
2026-07-27; 21:58:07; 6235; 9769; 34.45; 1006.2595703125; 20.2001953125
2026-07-27; 21:59:07; 6235; 9769; 34.64; 1006.2315234375; 20.01171875
2026-07-27; 22:00:07; 6235; 9769; 34.29; 1006.29140625; 20.3427734375
2026-07-27; 22:01:07; 6235; 9769; 34.43; 1006.31078125; 20.255859375
2026-07-27; 22:02:07; 6235; 9769; 34.55; 1006.290703125; 20.123046875
2026-07-27; 22:03:07; 6235; 9769; 34.56; 1006.3144140625; 20.0888671875
2026-07-27; 22:04:07; 6235; 9769; 34.48; 1006.298984375; 20.166015625
2026-07-27; 22:05:07; 6235; 9769; 34.3; 1006.2994140625; 20.3310546875
2026-07-27; 22:06:07; 6235; 9769; 34.3; 1006.334609375; 20.3310546875
2026-07-27; 22:07:07; 6235; 9769; 34.24; 1006.26796875; 20.4208984375
2026-07-27; 22:08:07; 6235; 9769; 34.32; 1006.33078125; 20.34375
2026-07-27; 22:09:07; 6235; 9769; 34.4; 1006.34625; 20.30078125
2026-07-27; 22:10:07; 6235; 9769; 34.46; 1006.432734375; 20.2109375
2026-07-27; 22:11:08; 6235; 9769; 34.43; 1006.393359375; 20.2451171875
2026-07-27; 22:12:08; 6235; 9769; 34.6; 1006.42421875; 20.0673828125
2026-07-27; 22:13:08; 6163; 9610; 34.53; 1006.4049609375; 20.1455078125
2026-07-27; 22:14:08; 6235; 9769; 34.66; 1006.4633203125; 20.0126953125
2026-07-27; 22:15:08; 6313; 9912; 34.36; 1006.440625; 20.298828125
2026-07-27; 22:16:08; 6313; 9912; 34.41; 1006.4365234375; 20.2900390625
2026-07-27; 22:17:08; 6313; 9912; 34.43; 1006.49546875; 20.255859375
2026-07-27; 22:18:08; 6313; 9912; 34.48; 1006.4718359375; 20.2001953125
2026-07-27; 22:19:08; 6313; 9912; 34.51; 1006.503203125; 20.1552734375
2026-07-27; 22:20:08; 6313; 9912; 34.42; 1006.4877734375; 20.279296875
2026-07-27; 22:21:08; 6235; 9769; 34.5; 1006.523046875; 20.1787109375
2026-07-27; 22:22:08; 6313; 9912; 34.41; 1006.4640625; 20.2783203125
2026-07-27; 22:23:08; 6313; 9912; 34.3; 1006.5272265625; 20.3662109375
2026-07-27; 22:24:08; 6313; 9912; 34.39; 1006.487734375; 20.30078125
2026-07-27; 22:25:08; 6313; 9912; 34.54; 1006.475703125; 20.1572265625
2026-07-27; 22:26:08; 6379; 10069; 34.66; 1006.5382421875; 20.046875
2026-07-27; 22:27:08; 6379; 10069; 34.58; 1006.566015625; 20.11328125
2026-07-27; 22:28:08; 6379; 10069; 34.42; 1006.5427734375; 20.267578125
2026-07-27; 22:29:08; 6379; 10069; 34.45; 1006.5271484375; 20.234375
2026-07-27; 22:30:08; 6465; 10271; 34.29; 1006.5313671875; 20.46875
2026-07-27; 22:31:08; 6465; 10271; 34.31; 1006.6255078125; 20.4130859375
2026-07-27; 22:32:08; 6465; 10271; 34.4; 1006.593984375; 20.3125
2026-07-27; 22:33:08; 6465; 10271; 34.52; 1006.5269140625; 20.19140625
2026-07-27; 22:34:08; 6465; 10271; 34.51; 1006.5112109375; 20.2021484375
2026-07-27; 22:35:08; 6465; 10271; 34.34; 1006.5548046875; 20.390625
2026-07-27; 22:36:08; 6465; 10271; 34.38; 1006.582109375; 20.3115234375
2026-07-27; 22:37:08; 6541; 10432; 34.4; 1006.621484375; 20.30078125
2026-07-27; 22:38:08; 6541; 10432; 34.33; 1006.566640625; 20.4013671875
2026-07-27; 22:39:08; 6541; 10432; 34.37; 1006.6214453125; 20.3916015625
2026-07-27; 22:40:08; 6465; 10271; 34.42; 1006.5978515625; 20.3369140625
2026-07-27; 22:41:08; 6608; 10568; 34.45; 1006.6449609375; 20.3037109375
2026-07-27; 22:42:08; 6608; 10568; 34.16; 1006.637890625; 20.578125
2026-07-27; 22:43:08; 6608; 10568; 34.29; 1006.6414453125; 20.4580078125
2026-07-27; 22:44:08; 6608; 10568; 34.37; 1006.6844921875; 20.4033203125
2026-07-27; 22:45:08; 6608; 10568; 34.38; 1006.6646484375; 20.392578125
2026-07-27; 22:46:08; 6697; 10747; 34.35; 1006.75515625; 20.4482421875
2026-07-27; 22:47:08; 6697; 10747; 34.15; 1006.712421875; 20.6357421875
2026-07-27; 22:48:08; 6697; 10747; 34.3; 1006.7396875; 20.46875
2026-07-27; 22:49:08; 6775; 10935; 34.22; 1006.7318359375; 20.546875
2026-07-27; 22:50:08; 6775; 10935; 34.2; 1006.7279296875; 20.603515625
2026-07-27; 22:51:08; 6775; 10935; 34.28; 1006.7159765625; 20.5380859375
2026-07-27; 22:52:08; 6861; 11118; 34.46; 1006.715703125; 20.3955078125
2026-07-27; 22:53:09; 6775; 10935; 34.36; 1006.798359375; 20.4609375
2026-07-27; 22:54:09; 6861; 11118; 34.31; 1006.755390625; 20.5166015625
2026-07-27; 22:55:09; 6861; 11118; 34.24; 1006.8182421875; 20.6396484375
2026-07-27; 22:56:09; 6962; 11288; 34.22; 1006.806640625; 20.6044921875
2026-07-27; 22:57:09; 6962; 11288; 34.21; 1006.7909765625; 20.6611328125
2026-07-27; 22:58:09; 6962; 11288; 34.38; 1006.802265625; 20.4609375
2026-07-27; 22:59:09; 7050; 11513; 34.13; 1006.7833203125; 20.7275390625
2026-07-27; 23:00:09; 7050; 11513; 34.25; 1006.8064453125; 20.6748046875
2026-07-27; 23:01:09; 7050; 11513; 34.31; 1006.8731640625; 20.55078125
2026-07-27; 23:02:09; 7144; 11704; 34.24; 1006.8182421875; 20.6513671875
2026-07-27; 23:03:09; 7144; 11704; 34.2; 1006.8655078125; 20.6962890625
2026-07-27; 23:04:09; 7144; 11704; 34.21; 1006.8812109375; 20.70703125
2026-07-27; 23:05:09; 7144; 11704; 34.14; 1006.834296875; 20.76171875
2026-07-27; 23:06:09; 7248; 11912; 34.24; 1006.87328125; 20.732421875
2026-07-27; 23:07:09; 7248; 11912; 34.13; 1006.838359375; 20.8310546875
2026-07-27; 23:08:09; 7248; 11912; 34.31; 1006.900703125; 20.6435546875
2026-07-27; 23:09:09; 7346; 12115; 34.45; 1006.9124609375; 20.4765625
2026-07-27; 23:10:09; 7346; 12115; 34.31; 1006.8731640625; 20.6435546875
2026-07-27; 23:11:09; 7346; 12115; 34.3; 1006.9125; 20.642578125
2026-07-27; 23:12:09; 7346; 12115; 34.26; 1006.9046875; 20.744140625
2026-07-27; 23:13:09; 7346; 12115; 34.02; 1006.9563671875; 20.94140625
2026-07-27; 23:14:09; 7438; 12345; 33.98; 1006.913046875; 20.99609375
2026-07-27; 23:15:09; 7438; 12345; 34.27; 1006.9754296875; 20.7333984375
2026-07-27; 23:16:09; 7438; 12345; 34.25; 1006.9913671875; 20.7548828125
2026-07-27; 23:17:09; 7544; 12560; 34.15; 1006.9248046875; 20.8779296875
2026-07-27; 23:18:09; 7544; 12560; 34.07; 1006.9994140625; 20.9658203125
2026-07-27; 23:19:09; 7544; 12560; 34.06; 1006.9837109375; 20.955078125
2026-07-27; 23:20:09; 7544; 12560; 34.11; 1006.99953125; 20.921875
2026-07-27; 23:21:10; 7544; 12560; 34.03; 1006.9995703125; 20.98828125
2026-07-27; 23:22:10; 7654; 12794; 34.08; 1007.034921875; 20.931640625
2026-07-27; 23:23:10; 7654; 12794; 33.85; 1007.046484375; 21.2099609375
2026-07-27; 23:24:10; 7654; 12794; 33.95; 1007.03890625; 21.1103515625
2026-07-27; 23:25:10; 7654; 12794; 33.97; 1007.0153125; 21.0888671875
2026-07-27; 23:26:10; 7654; 12794; 33.65; 1007.0776953125; 21.4072265625
2026-07-27; 23:27:10; 7654; 12794; 33.88; 1007.0191015625; 21.1650390625
2026-07-27; 23:28:10; 7766; 13078; 33.95; 1007.03890625; 21.0986328125
2026-07-27; 23:29:10; 7766; 13078; 33.71; 1007.1170703125; 21.3759765625
2026-07-28; 01:55:50; 403; 0; 32.48; 1008.0653125; 22.87890625
2026-07-28; 01:56:50; 402; 0; 32.49; 1008.0536328125; 22.8798828125
2026-07-28; 01:57:50; 400; 0; 32.52; 1008.0540625; 22.8359375
2026-07-28; 01:58:50; 400; 0; 32.65; 1008.0233203125; 22.7275390625
2026-07-28; 01:59:50; 410; 1; 32.56; 1008.034765625; 22.7578125
2026-07-28; 02:00:50; 406; 0; 32.74; 1007.9729296875; 22.6513671875
2026-07-28; 02:01:50; 400; 0; 32.65; 1007.97640625; 22.6240234375
2026-07-28; 02:02:50; 400; 0; 32.67; 1007.999921875; 22.693359375
2026-07-28; 02:03:50; 402; 0; 32.85; 1008.0092578125; 22.4853515625
2026-07-28; 02:04:50; 400; 0; 32.62; 1008.011484375; 22.6796875
2026-07-28; 02:05:50; 403; 0; 32.79; 1008.0516796875; 22.458984375
2026-07-28; 02:06:50; 406; 0; 32.63; 1008.0466796875; 22.6689453125
2026-07-28; 02:07:50; 403; 0; 32.64; 1008.0075390625; 22.646484375
2026-07-28; 02:08:50; 403; 0; 32.74; 1008.0552734375; 22.525390625
2026-07-28; 02:09:50; 405; 0; 32.62; 1008.0583984375; 22.6455078125
2026-07-28; 02:10:50; 405; 0; 32.7; 1008.0551953125; 22.5810546875
2026-07-28; 02:11:50; 402; 0; 32.74; 1008.0552734375; 22.537109375
2026-07-28; 02:12:50; 400; 0; 32.74; 1008.047578125; 22.5361328125
2026-07-28; 02:13:50; 400; 0; 32.82; 1008.0088671875; 22.4140625
2026-07-28; 02:14:50; 400; 0; 32.75; 1008.04359375; 22.5029296875
2026-07-28; 02:15:50; 405; 0; 32.87; 1007.8954296875; 22.4052734375
2026-07-28; 02:16:50; 403; 0; 32.78; 1008.008515625; 22.4580078125
2026-07-28; 02:17:50; 400; 0; 32.74; 1007.9729296875; 22.501953125
2026-07-28; 02:18:50; 408; 1; 32.71; 1008.008046875; 22.5234375
2026-07-28; 02:19:50; 405; 0; 32.61; 1008.023203125; 22.6337890625
2026-07-28; 02:20:50; 400; 0; 32.76; 1008.086796875; 22.4921875
2026-07-28; 02:21:50; 400; 0; 32.79; 1008.043984375; 22.423828125
2026-07-28; 02:22:50; 405; 0; 32.8; 1008.0871484375; 22.4130859375
2026-07-28; 02:23:50; 400; 0; 32.75; 1008.0633203125; 22.501953125
2026-07-28; 02:24:50; 405; 0; 32.64; 1008.0898828125; 22.5888671875
2026-07-28; 02:25:50; 405; 0; 32.7; 1008.1101171875; 22.51171875
2026-07-28; 02:26:50; 405; 0; 32.68; 1008.106015625; 22.5224609375
2026-07-28; 02:27:51; 400; 0; 32.68; 1008.1334765625; 22.5224609375
2026-07-28; 02:28:51; 400; 0; 32.76; 1008.14171875; 22.4228515625
2026-07-28; 02:29:51; 405; 0; 32.75; 1008.1259375; 22.46875
2026-07-28; 02:30:51; 400; 0; 32.9; 1008.1348828125; 22.2919921875
2026-07-28; 02:31:51; 400; 0; 32.71; 1008.1178515625; 22.5
2026-07-28; 02:32:51; 402; 0; 32.66; 1008.101953125; 22.521484375
2026-07-28; 02:33:51; 402; 0; 32.76; 1008.086796875; 22.3994140625
2026-07-28; 02:34:51; 402; 0; 32.64; 1008.07046875; 22.5087890625
2026-07-28; 02:35:51; 402; 0; 32.74; 1008.1101953125; 22.421875
2026-07-28; 02:36:51; 400; 0; 32.67; 1008.082265625; 22.4990234375
2026-07-28; 02:37:51; 407; 1; 32.88; 1008.1583203125; 22.267578125
2026-07-28; 02:38:51; 407; 1; 32.69; 1008.0943359375; 22.4306640625
2026-07-28; 02:39:51; 407; 1; 32.68; 1008.12546875; 22.5107421875
2026-07-28; 02:40:51; 402; 0; 32.96; 1008.0097265625; 22.16796875
2026-07-28; 02:41:51; 407; 1; 32.75; 1008.0984765625; 22.3876953125
2026-07-28; 02:42:51; 402; 0; 32.71; 1008.1726953125; 22.431640625
2026-07-28; 02:43:51; 402; 0; 32.77; 1008.102578125; 22.3310546875
2026-07-28; 02:44:51; 407; 1; 32.65; 1008.0587890625; 22.486328125
2026-07-28; 02:45:51; 402; 0; 32.69; 1008.1412109375; 22.453125
2026-07-28; 02:46:51; 405; 0; 32.75; 1008.0984765625; 22.341796875
2026-07-28; 02:47:51; 405; 0; 32.67; 1008.1096875; 22.453125
2026-07-28; 02:48:51; 405; 0; 32.8; 1008.0871484375; 22.2978515625
2026-07-28; 02:49:51; 407; 1; 32.84; 1008.1033203125; 22.2314453125
2026-07-28; 02:50:51; 407; 1; 32.68; 1008.07859375; 22.337890625
2026-07-28; 02:51:51; 405; 0; 32.58; 1008.113125; 22.529296875
2026-07-28; 02:52:51; 407; 1; 32.63; 1008.0741015625; 22.4853515625
2026-07-28; 02:53:51; 407; 1; 32.45; 1008.0729296875; 22.6484375
2026-07-28; 02:54:51; 407; 1; 32.63; 1008.1015625; 22.439453125
2026-07-28; 02:55:51; 407; 1; 32.52; 1008.13640625; 22.560546875
2026-07-28; 02:56:51; 407; 1; 32.68; 1008.07859375; 22.4072265625
2026-07-28; 02:57:51; 411; 1; 32.73; 1008.1493359375; 22.3173828125
2026-07-28; 02:58:51; 411; 1; 32.66; 1008.2117578125; 22.40625
2026-07-28; 02:59:51; 407; 1; 32.56; 1008.1639453125; 22.4814453125
2026-07-28; 03:00:51; 411; 1; 32.71; 1008.235625; 22.2939453125
2026-07-28; 03:01:51; 411; 1; 32.69; 1008.251015625; 22.373046875
2026-07-28; 03:02:51; 407; 1; 32.75; 1008.2083203125; 22.2734375
2026-07-28; 03:03:51; 411; 1; 32.87; 1008.2446484375; 22.12890625
2026-07-28; 03:04:51; 407; 1; 32.74; 1008.274921875; 22.23828125
2026-07-28; 03:05:51; 411; 1; 32.69; 1008.3058984375; 22.3046875
2026-07-28; 03:06:51; 411; 1; 32.7; 1008.3216796875; 22.31640625
2026-07-28; 03:07:51; 411; 1; 32.78; 1008.283046875; 22.228515625
2026-07-28; 03:08:51; 407; 1; 32.77; 1008.2673046875; 22.216796875
2026-07-28; 03:09:51; 416; 2; 32.63; 1008.3760546875; 22.3935546875
2026-07-28; 03:10:52; 411; 1; 32.8; 1008.369453125; 22.2177734375
2026-07-28; 03:11:52; 411; 1; 32.57; 1008.316953125; 22.4365234375
2026-07-28; 03:12:52; 411; 1; 32.47; 1008.3319921875; 22.53515625
2026-07-28; 03:13:52; 416; 2; 32.5; 1008.3987109375; 22.501953125
2026-07-28; 03:14:52; 411; 1; 32.54; 1008.3325390625; 22.48046875
2026-07-28; 03:15:52; 411; 1; 32.64; 1008.3918359375; 22.3359375
2026-07-28; 03:16:52; 416; 2; 32.71; 1008.4003515625; 22.2939453125
2026-07-28; 03:17:52; 416; 2; 32.7; 1008.3765625; 22.2587890625
2026-07-28; 03:18:52; 416; 2; 32.73; 1008.3689453125; 22.2373046875
2026-07-28; 03:19:52; 416; 2; 32.63; 1008.34859375; 22.32421875
2026-07-28; 03:20:52; 421; 3; 32.82; 1008.373515625; 22.138671875
2026-07-28; 03:21:52; 416; 2; 32.76; 1008.41625; 22.2509765625
2026-07-28; 03:22:52; 416; 2; 32.61; 1008.3525390625; 22.3349609375
2026-07-28; 03:23:52; 421; 3; 32.62; 1008.3876953125; 22.3232421875
2026-07-28; 03:24:52; 421; 3; 32.66; 1008.3764453125; 22.2685546875
2026-07-28; 03:25:52; 421; 3; 32.49; 1008.328046875; 22.490234375
2026-07-28; 03:26:52; 421; 3; 32.5; 1008.3518359375; 22.4677734375
2026-07-28; 03:27:52; 424; 3; 32.6; 1008.3836328125; 22.4140625
2026-07-28; 03:28:52; 421; 3; 32.48; 1008.4026171875; 22.466796875
2026-07-28; 03:29:52; 421; 3; 32.34; 1008.40140625; 22.642578125
2026-07-28; 03:30:52; 424; 3; 32.6; 1008.41109375; 22.3681640625
2026-07-28; 03:31:52; 421; 3; 32.57; 1008.454140625; 22.3671875
2026-07-28; 03:32:52; 424; 3; 32.69; 1008.4157421875; 22.2587890625
2026-07-28; 03:33:52; 424; 3; 32.64; 1008.4547265625; 22.2900390625
2026-07-28; 03:34:52; 424; 3; 32.65; 1008.4624609375; 22.279296875
2026-07-28; 03:35:52; 424; 3; 32.53; 1008.4540234375; 22.400390625
2026-07-28; 03:36:52; 424; 3; 32.61; 1008.46234375; 22.30078125
2026-07-28; 03:37:52; 424; 3; 32.5; 1008.4616015625; 22.421875
2026-07-28; 03:38:52; 424; 3; 32.58; 1008.469921875; 22.390625
2026-07-28; 03:39:52; 424; 3; 32.54; 1008.414921875; 22.3662109375
2026-07-28; 03:40:52; 428; 4; 32.37; 1008.5936328125; 22.564453125
2026-07-28; 03:41:52; 424; 3; 32.5; 1008.5084375; 22.421875
2026-07-28; 03:42:52; 428; 4; 32.51; 1008.496796875; 22.43359375
2026-07-28; 03:43:52; 424; 3; 32.6; 1008.5483203125; 22.345703125
2026-07-28; 03:44:52; 428; 4; 32.56; 1008.5836328125; 22.3095703125
2026-07-28; 03:45:52; 433; 5; 32.56; 1008.5481640625; 22.34375
2026-07-28; 03:46:52; 428; 4; 32.42; 1008.6098828125; 22.474609375
2026-07-28; 03:47:52; 428; 4; 32.45; 1008.6023046875; 22.453125
2026-07-28; 03:48:52; 428; 4; 32.72; 1008.6276953125; 22.2021484375
2026-07-28; 03:49:52; 428; 4; 32.49; 1008.61046875; 22.4326171875
2026-07-28; 03:50:52; 428; 4; 32.48; 1008.649609375; 22.3974609375
2026-07-28; 03:51:52; 428; 4; 32.48; 1008.67703125; 22.4091796875
2026-07-28; 03:52:52; 428; 4; 32.47; 1008.62578125; 22.408203125
2026-07-28; 03:53:53; 428; 4; 32.41; 1008.684140625; 22.462890625
2026-07-28; 03:54:53; 428; 4; 32.44; 1008.633359375; 22.4638671875
2026-07-28; 03:55:53; 433; 5; 32.52; 1008.6578125; 22.365234375
2026-07-28; 03:56:53; 433; 5; 32.65; 1008.6271484375; 22.2216796875
2026-07-28; 03:57:53; 435; 5; 32.51; 1008.64203125; 22.341796875
2026-07-28; 03:58:53; 433; 5; 32.64; 1008.638828125; 22.255859375
2026-07-28; 03:59:53; 433; 5; 32.52; 1008.6497265625; 22.353515625
2026-07-28; 04:00:53; 433; 5; 32.59; 1008.6151953125; 22.310546875
2026-07-28; 04:01:53; 433; 5; 32.58; 1008.54453125; 22.2646484375
2026-07-28; 04:02:53; 433; 5; 32.45; 1008.6023046875; 22.384765625
2026-07-28; 04:03:53; 433; 5; 32.37; 1008.6133203125; 22.4833984375
2026-07-28; 04:04:53; 435; 5; 32.47; 1008.5709375; 22.3740234375
2026-07-28; 04:05:53; 435; 5; 32.58; 1008.5248046875; 22.2529296875
2026-07-28; 04:06:53; 435; 5; 32.38; 1008.55453125; 22.484375
2026-07-28; 04:07:53; 435; 5; 32.43; 1008.57078125; 22.39453125
2026-07-28; 04:08:53; 441; 6; 32.36; 1008.652421875; 22.517578125
2026-07-28; 04:09:53; 435; 5; 32.38; 1008.55453125; 22.4609375
2026-07-28; 04:10:53; 435; 5; 32.38; 1008.601640625; 22.4609375
2026-07-28; 04:11:53; 435; 5; 32.35; 1008.60921875; 22.482421875
2026-07-28; 04:12:53; 435; 5; 32.35; 1008.5817578125; 22.4599609375
2026-07-28; 04:13:53; 435; 5; 32.3; 1008.640078125; 22.548828125
2026-07-28; 04:14:53; 435; 5; 32.44; 1008.6139453125; 22.3955078125
2026-07-28; 04:15:53; 435; 5; 32.49; 1008.61046875; 22.3056640625
2026-07-28; 04:16:53; 435; 5; 32.51; 1008.64203125; 22.2958984375
2026-07-28; 04:17:53; 435; 5; 32.46; 1008.6374609375; 22.3388671875
2026-07-28; 04:18:53; 435; 5; 32.31; 1008.68328125; 22.50390625
2026-07-28; 04:19:53; 441; 6; 32.39; 1008.6723046875; 22.404296875
2026-07-28; 04:20:53; 441; 6; 32.43; 1008.70796875; 22.3369140625
2026-07-28; 04:21:53; 435; 5; 32.45; 1008.7120703125; 22.3388671875
2026-07-28; 04:22:53; 435; 5; 32.32; 1008.726484375; 22.4697265625
2026-07-28; 04:23:53; 435; 5; 32.42; 1008.6647265625; 22.359375
2026-07-28; 04:24:53; 445; 6; 32.3; 1008.777265625; 22.48046875
2026-07-28; 04:25:53; 441; 6; 32.3; 1008.7578515625; 22.5146484375
2026-07-28; 04:26:53; 441; 6; 32.25; 1008.796171875; 22.55859375
2026-07-28; 04:27:53; 441; 6; 32.39; 1008.7898046875; 22.4052734375
2026-07-28; 04:28:53; 441; 6; 32.32; 1008.789375; 22.435546875
2026-07-28; 04:29:53; 441; 6; 32.37; 1008.840546875; 22.4267578125
2026-07-28; 04:30:53; 441; 6; 32.35; 1008.8364453125; 22.4365234375
2026-07-28; 04:31:53; 445; 6; 32.29; 1008.8437890625; 22.4794921875
2026-07-28; 04:32:53; 445; 6; 32.33; 1008.8245703125; 22.4814453125
2026-07-28; 04:33:53; 445; 6; 32.24; 1008.7803515625; 22.5
2026-07-28; 04:34:53; 445; 6; 32.35; 1008.8364453125; 22.4140625
2026-07-28; 04:35:53; 445; 6; 32.2; 1008.791796875; 22.5673828125
2026-07-28; 04:36:54; 445; 6; 32.47; 1008.7904296875; 22.29296875
2026-07-28; 04:37:54; 448; 7; 32.52; 1008.795; 22.2158203125
2026-07-28; 04:38:54; 448; 7; 32.35; 1008.808984375; 22.40234375
2026-07-28; 04:39:54; 455; 8; 32.44; 1008.8254296875; 22.314453125
2026-07-28; 04:40:54; 455; 8; 32.41; 1008.8762109375; 22.302734375
2026-07-28; 04:41:54; 455; 8; 32.26; 1008.7570703125; 22.466796875
2026-07-28; 04:42:54; 448; 7; 32.26; 1008.8119140625; 22.466796875
2026-07-28; 04:43:54; 455; 8; 32.43; 1008.86453125; 22.291015625
2026-07-28; 04:44:54; 455; 8; 32.34; 1008.8129296875; 22.3671875
2026-07-28; 04:45:54; 455; 8; 32.41; 1008.81359375; 22.3017578125
2026-07-28; 04:46:54; 455; 8; 32.2; 1008.8269921875; 22.509765625
2026-07-28; 04:47:54; 455; 8; 32.19; 1008.8112109375; 22.5556640625
2026-07-28; 04:48:54; 459; 8; 32.19; 1008.913203125; 22.509765625
2026-07-28; 04:49:54; 459; 8; 32.18; 1008.8502734375; 22.5205078125
2026-07-28; 04:50:54; 455; 8; 32.11; 1008.767265625; 22.6318359375
2026-07-28; 04:51:54; 459; 8; 32.32; 1008.863671875; 22.412109375
2026-07-28; 04:52:54; 459; 8; 32.37; 1008.8130859375; 22.3115234375
2026-07-28; 04:53:54; 459; 8; 32.25; 1008.851015625; 22.466796875
2026-07-28; 04:54:54; 463; 9; 32.46; 1008.8650390625; 22.236328125
2026-07-28; 04:55:54; 463; 9; 32.46; 1008.94734375; 22.2470703125
2026-07-28; 04:56:54; 465; 9; 32.2; 1008.9366796875; 22.4873046875
2026-07-28; 04:57:54; 463; 9; 32.16; 1008.9284375; 22.53125
2026-07-28; 04:58:54; 463; 9; 32.07; 1008.89609375; 22.640625
2026-07-28; 04:59:54; 465; 9; 32.32; 1008.87171875; 22.3896484375
2026-07-28; 05:00:54; 465; 9; 32.42; 1008.8842578125; 22.279296875
2026-07-28; 05:01:54; 465; 9; 32.39; 1008.891796875; 22.30078125
2026-07-28; 05:02:54; 481; 12; 32.25; 1008.95296875; 22.5009765625
2026-07-28; 05:03:54; 465; 9; 32.16; 1008.89328125; 22.51953125
2026-07-28; 05:04:54; 473; 11; 32.29; 1008.92609375; 22.4111328125
2026-07-28; 05:05:54; 465; 9; 32.28; 1009.0003515625; 22.4111328125
2026-07-28; 05:06:54; 473; 11; 32.06; 1008.962890625; 22.62890625
2026-07-28; 05:07:54; 481; 12; 32.19; 1008.9680078125; 22.486328125
2026-07-28; 05:08:54; 473; 11; 32.38; 1008.9386328125; 22.2666015625
2026-07-28; 05:09:54; 488; 13; 32.33; 1008.9694921875; 22.3095703125
2026-07-28; 05:10:54; 483; 12; 32.17; 1008.936484375; 22.4853515625
2026-07-28; 05:11:54; 481; 12; 32.2; 1008.909296875; 22.4638671875
2026-07-28; 05:12:54; 481; 12; 32.21; 1008.8427734375; 22.453125
2026-07-28; 05:13:54; 483; 12; 32.24; 1008.9723828125; 22.408203125
2026-07-28; 05:14:54; 488; 13; 32.1; 1008.9240625; 22.5625
2026-07-28; 05:15:54; 488; 13; 32.09; 1008.92765625; 22.595703125
2026-07-28; 05:16:54; 488; 13; 32.12; 1008.928203125; 22.5517578125
2026-07-28; 05:17:54; 500; 15; 32.12; 1008.947578125; 22.5400390625
2026-07-28; 05:18:54; 500; 15; 32.04; 1009.01359375; 22.638671875
2026-07-28; 05:19:55; 493; 14; 32.04; 1008.986171875; 22.6162109375
2026-07-28; 05:20:55; 500; 15; 32.31; 1009.0948046875; 22.3662109375
2026-07-28; 05:21:55; 493; 14; 32.17; 1009.0265234375; 22.439453125
2026-07-28; 05:22:55; 493; 14; 32.2; 1009.10125; 22.4296875
2026-07-28; 05:23:55; 493; 14; 32.12; 1009.0573046875; 22.5283203125
2026-07-28; 05:24:55; 500; 15; 32.11; 1009.1237890625; 22.5400390625
2026-07-28; 05:25:55; 505; 15; 32.17; 1009.1087890625; 22.462890625
2026-07-28; 05:26:55; 493; 14; 32.16; 1009.1204296875; 22.4853515625
2026-07-28; 05:27:55; 500; 15; 32.27; 1009.149140625; 22.3408203125
2026-07-28; 05:28:55; 500; 15; 32.26; 1009.14109375; 22.3408203125
2026-07-28; 05:29:55; 500; 15; 32.25; 1009.1253125; 22.36328125
2026-07-28; 05:30:55; 505; 15; 32.11; 1009.1237890625; 22.5283203125
2026-07-28; 05:31:55; 500; 15; 32.1; 1009.1080078125; 22.5390625
2026-07-28; 05:32:55; 514; 17; 32.06; 1009.1; 22.5712890625
2026-07-28; 05:33:55; 514; 17; 32.11; 1009.0415234375; 22.5166015625
2026-07-28; 05:34:55; 514; 17; 32.0; 1009.1149609375; 22.6376953125
2026-07-28; 05:35:55; 505; 15; 32.01; 1009.11109375; 22.615234375
2026-07-28; 05:36:55; 505; 15; 32.07; 1009.1155078125; 22.548828125
2026-07-28; 05:37:55; 514; 17; 32.04; 1009.131015625; 22.6162109375
2026-07-28; 05:38:55; 519; 18; 32.14; 1009.0614453125; 22.484375
2026-07-28; 05:39:55; 514; 17; 32.04; 1009.131015625; 22.5712890625
2026-07-28; 05:40:55; 519; 18; 32.06; 1009.1548828125; 22.5712890625
2026-07-28; 05:41:55; 526; 19; 32.18; 1009.042265625; 22.4404296875
2026-07-28; 05:42:55; 519; 18; 32.17; 1009.1284765625; 22.4619140625
2026-07-28; 05:43:55; 526; 19; 32.18; 1009.1168359375; 22.439453125
2026-07-28; 05:44:55; 526; 19; 32.23; 1009.086015625; 22.3740234375
2026-07-28; 05:45:55; 526; 19; 32.06; 1009.127421875; 22.537109375
2026-07-28; 05:46:56; 526; 19; 32.05; 1009.1390625; 22.59375
2026-07-28; 05:47:56; 537; 20; 31.95; 1009.1340625; 22.681640625
2026-07-28; 05:48:56; 531; 19; 32.2; 1009.1483984375; 22.4638671875
2026-07-28; 05:49:56; 537; 20; 32.05; 1009.029375; 22.5830078125
2026-07-28; 05:50:56; 537; 20; 32.25; 1009.145; 22.36328125
2026-07-28; 05:51:56; 537; 20; 32.14; 1009.1085546875; 22.4609375
2026-07-28; 05:52:56; 549; 22; 32.25; 1009.09015625; 22.33984375
2026-07-28; 05:53:56; 542; 21; 32.08; 1009.1587109375; 22.5380859375
2026-07-28; 05:54:56; 537; 20; 32.19; 1009.1677734375; 22.41796875
2026-07-28; 05:55:56; 549; 22; 32.19; 1009.2423046875; 22.40625
2026-07-28; 05:56:56; 555; 23; 32.11; 1009.2334765625; 22.494140625
2026-07-28; 05:57:56; 561; 24; 32.05; 1009.2213671875; 22.5830078125
2026-07-28; 05:58:56; 555; 23; 31.94; 1009.173125; 22.6689453125
2026-07-28; 05:59:57; 561; 24; 32.02; 1009.209140625; 22.5927734375
2026-07-28; 06:00:57; 561; 24; 31.95; 1009.1534765625; 22.6923828125
2026-07-28; 06:01:57; 561; 24; 32.03; 1009.16234375; 22.6162109375
2026-07-28; 06:02:57; 567; 25; 32.14; 1009.1633984375; 22.4833984375
2026-07-28; 06:03:57; 567; 25; 32.16; 1009.202734375; 22.427734375
2026-07-28; 06:04:57; 567; 25; 32.08; 1009.2409765625; 22.5498046875
2026-07-28; 06:05:57; 581; 27; 32.11; 1009.2060546875; 22.5048828125
2026-07-28; 06:06:57; 581; 27; 31.93; 1009.239609375; 22.6806640625
2026-07-28; 06:07:57; 588; 28; 31.96; 1009.1966796875; 22.658203125
2026-07-28; 06:08:57; 588; 28; 32.02; 1009.209140625; 22.6044921875
2026-07-28; 06:09:57; 588; 28; 31.94; 1009.255390625; 22.6806640625
2026-07-28; 06:10:57; 594; 29; 31.88; 1009.2703515625; 22.7802734375
2026-07-28; 06:11:57; 594; 29; 31.85; 1009.3051953125; 22.8134765625
2026-07-28; 06:12:57; 602; 30; 32.03; 1009.244609375; 22.6044921875
2026-07-28; 06:13:57; 607; 31; 31.97; 1009.3301953125; 22.6474609375
2026-07-28; 06:14:57; 602; 30; 31.84; 1009.316796875; 22.8017578125
2026-07-28; 06:15:57; 602; 30; 31.93; 1009.34125; 22.7138671875
2026-07-28; 06:16:57; 615; 32; 32.09; 1009.39390625; 22.5390625
2026-07-28; 06:17:57; 615; 32; 32.06; 1009.3194140625; 22.5712890625
2026-07-28; 06:18:57; 623; 33; 32.06; 1009.346796875; 22.560546875
2026-07-28; 06:19:57; 623; 33; 32.07; 1009.3429296875; 22.560546875
2026-07-28; 06:20:57; 623; 33; 32.17; 1009.3753125; 22.427734375
2026-07-28; 06:21:57; 629; 34; 32.1; 1009.3822265625; 22.4814453125
2026-07-28; 06:22:57; 637; 36; 32.07; 1009.3348828125; 22.5380859375
2026-07-28; 06:23:57; 637; 36; 32.16; 1009.312421875; 22.4619140625
2026-07-28; 06:24:57; 637; 36; 32.02; 1009.283671875; 22.5810546875
2026-07-28; 06:25:57; 637; 36; 31.91; 1009.3999609375; 22.712890625
2026-07-28; 06:26:57; 650; 38; 31.98; 1009.3379296875; 22.625
2026-07-28; 06:27:57; 643; 37; 31.99; 1009.3185546875; 22.6025390625
2026-07-28; 06:28:57; 653; 38; 32.03; 1009.27203125; 22.5810546875
2026-07-28; 06:29:57; 653; 38; 31.98; 1009.3653515625; 22.61328125
2026-07-28; 06:30:57; 643; 37; 32.11; 1009.31578125; 22.5048828125
2026-07-28; 06:31:57; 653; 38; 31.84; 1009.371640625; 22.755859375
2026-07-28; 06:32:57; 666; 40; 31.74; 1009.323359375; 22.853515625
2026-07-28; 06:33:57; 653; 38; 31.6; 1009.2821484375; 23.0185546875
2026-07-28; 06:34:57; 643; 37; 31.57; 1009.2895703125; 23.0283203125
2026-07-28; 06:35:57; 666; 40; 31.57; 1009.2895703125; 23.1201171875
2026-07-28; 06:36:57; 666; 40; 31.65; 1009.3337109375; 23.009765625
2026-07-28; 06:37:57; 653; 38; 31.46; 1009.3430078125; 23.18359375
2026-07-28; 06:38:57; 674; 41; 31.39; 1009.2871875; 23.2939453125
2026-07-28; 06:39:57; 674; 41; 31.07; 1009.2432421875; 23.6552734375
2026-07-28; 06:40:57; 674; 41; 31.18; 1009.3001171875; 23.53515625
2026-07-28; 06:41:57; 674; 41; 31.04; 1009.3053125; 23.7109375
2026-07-28; 06:42:58; 674; 41; 31.01; 1009.31265625; 23.7548828125
2026-07-28; 06:43:58; 674; 41; 31.04; 1009.2428515625; 23.7109375
2026-07-28; 06:44:58; 674; 41; 30.95; 1009.300234375; 23.7978515625
2026-07-28; 06:45:58; 674; 41; 30.81; 1009.3056640625; 24.01953125
2026-07-28; 06:46:58; 674; 41; 30.83; 1009.274765625; 24.0078125
2026-07-28; 06:47:58; 674; 41; 30.75; 1009.246171875; 24.02734375
2026-07-28; 06:48:58; 674; 41; 30.7; 1009.18671875; 24.1044921875
2026-07-28; 06:49:58; 666; 40; 30.59; 1009.2394140625; 24.28125
2026-07-28; 06:50:58; 666; 40; 30.71; 1009.2376953125; 24.1162109375
2026-07-28; 06:51:58; 653; 38; 30.75; 1009.246171875; 24.0380859375
2026-07-28; 06:52:58; 666; 40; 30.65; 1009.2522265625; 24.181640625
2026-07-28; 06:53:58; 666; 40; 30.62; 1009.286875; 24.2490234375
2026-07-28; 06:54:58; 653; 38; 30.85; 1009.3063671875; 23.986328125
2026-07-28; 06:55:58; 650; 38; 31.19; 1009.335234375; 23.55859375
2026-07-28; 06:56:58; 650; 38; 31.18; 1009.37421875; 23.5693359375
2026-07-28; 06:57:58; 650; 38; 31.05; 1009.3485546875; 23.6767578125
2026-07-28; 06:58:58; 666; 40; 31.05; 1009.3133984375; 23.74609375
2026-07-28; 06:59:58; 653; 38; 30.96; 1009.2339453125; 23.798828125
2026-07-28; 07:00:58; 653; 38; 31.09; 1009.3218359375; 23.6904296875
2026-07-28; 07:01:58; 653; 38; 30.92; 1009.370078125; 23.853515625
2026-07-28; 07:02:58; 650; 38; 30.78; 1009.2936328125; 24.041015625
2026-07-28; 07:03:58; 650; 38; 30.74; 1009.3865234375; 24.140625
2026-07-28; 07:04:58; 643; 37; 30.75; 1009.347578125; 24.1416015625
2026-07-28; 07:05:58; 643; 37; 30.7; 1009.37828125; 24.20703125
2026-07-28; 07:06:58; 637; 36; 30.52; 1009.4019921875; 24.4599609375
2026-07-28; 07:07:58; 637; 36; 30.63; 1009.384765625; 24.375
2026-07-28; 07:08:58; 629; 34; 30.59; 1009.40359375; 24.3837890625
2026-07-28; 07:09:58; 615; 32; 30.49; 1009.3430078125; 24.52734375
2026-07-28; 07:10:58; 615; 32; 30.62; 1009.3769921875; 24.4091796875
2026-07-28; 07:11:58; 602; 30; 30.6; 1009.4001171875; 24.4306640625
2026-07-28; 07:12:58; 581; 27; 30.77; 1009.37921875; 24.2685546875
2026-07-28; 07:13:58; 561; 24; 30.44; 1009.365546875; 24.6728515625
2026-07-28; 07:14:58; 531; 19; 30.58; 1009.360390625; 24.5439453125
2026-07-28; 07:15:58; 514; 17; 30.59; 1009.321484375; 24.5673828125
2026-07-28; 07:16:58; 493; 14; 30.73; 1009.31625; 24.369140625
2026-07-28; 07:17:58; 473; 11; 30.79; 1009.32875; 24.3037109375
2026-07-28; 07:18:58; 459; 8; 30.79; 1009.309453125; 24.2919921875
2026-07-28; 07:19:58; 435; 5; 30.93; 1009.2763671875; 24.197265625
2026-07-28; 07:20:58; 421; 3; 30.89; 1009.3148828125; 24.251953125
2026-07-28; 07:21:58; 405; 0; 30.95; 1009.3276171875; 24.2548828125
2026-07-28; 07:22:58; 403; 0; 31.16; 1009.3426171875; 24.048828125
2026-07-28; 07:23:58; 400; 0; 30.98; 1009.34765625; 24.2568359375
2026-07-28; 07:24:58; 400; 0; 30.49; 1009.397734375; 24.84765625
2026-07-28; 07:25:59; 400; 0; 31.3; 1009.426953125; 23.96484375
2026-07-28; 07:26:59; 400; 0; 30.79; 1009.3834765625; 24.486328125
2026-07-28; 07:27:59; 400; 0; 30.73; 1009.3240234375; 24.6318359375
2026-07-28; 07:28:59; 400; 0; 31.14; 1009.3928515625; 24.21875
2026-07-28; 07:29:59; 406; 0; 31.19; 1009.36265625; 24.119140625
2026-07-28; 07:30:59; 405; 0; 31.09; 1009.34921875; 24.216796875
2026-07-28; 07:31:59; 400; 0; 30.79; 1009.32875; 24.6923828125
2026-07-28; 07:32:59; 400; 0; 31.33; 1009.3921875; 24.0234375
2026-07-28; 07:33:59; 400; 0; 31.39; 1009.4515625; 24.0146484375
2026-07-28; 07:34:59; 403; 0; 31.14; 1009.4556640625; 24.3115234375
2026-07-28; 07:35:59; 402; 0; 30.81; 1009.4424609375; 24.7734375
2026-07-28; 07:36:59; 400; 0; 30.8; 1009.4266796875; 24.8525390625
2026-07-28; 07:37:59; 400; 0; 31.04; 1009.41484375; 24.51171875
2026-07-28; 07:38:59; 409; 1; 31.13; 1009.431796875; 24.4697265625
2026-07-28; 07:39:59; 400; 0; 31.08; 1009.450703125; 24.4453125
2026-07-28; 07:40:59; 405; 0; 31.4; 1009.4048046875; 24.17578125
2026-07-28; 07:41:59; 400; 0; 31.51; 1009.4690234375; 24.0439453125
2026-07-28; 07:42:59; 400; 0; 31.46; 1009.417421875; 24.1220703125
2026-07-28; 07:43:59; 400; 0; 31.43; 1009.4599609375; 24.189453125
2026-07-28; 07:44:59; 400; 0; 31.31; 1009.4427734375; 24.400390625
2026-07-28; 07:45:59; 403; 0; 31.47; 1009.4606640625; 24.1796875
2026-07-28; 07:46:59; 400; 0; 31.63; 1009.4939453125; 24.0283203125
2026-07-28; 07:47:59; 400; 0; 31.23; 1009.4612890625; 24.544921875
2026-07-28; 07:48:59; 405; 0; 31.14; 1009.5104296875; 24.6083984375
2026-07-28; 07:49:59; 400; 0; 30.98; 1009.4298046875; 24.828125
2026-07-28; 07:50:59; 403; 0; 31.25; 1009.477109375; 24.6142578125
2026-07-28; 07:51:59; 400; 0; 31.35; 1009.497890625; 24.5048828125
2026-07-28; 07:52:59; 400; 0; 31.52; 1009.512265625; 24.296875
2026-07-28; 07:53:59; 403; 0; 30.99; 1009.5470703125; 24.9541015625
2026-07-28; 07:54:59; 400; 0; 30.91; 1009.518515625; 25.099609375
2026-07-28; 07:55:59; 400; 0; 31.32; 1009.5052734375; 24.720703125
2026-07-28; 07:56:59; 400; 0; 31.56; 1009.5400390625; 24.470703125
2026-07-28; 07:57:59; 402; 0; 31.34; 1009.5175390625; 24.72265625
2026-07-28; 07:58:59; 403; 0; 31.45; 1009.5737890625; 24.4423828125
2026-07-28; 07:59:59; 400; 0; 31.5; 1009.5980078125; 24.4560546875
2026-07-28; 08:00:59; 400; 0; 31.75; 1009.511640625; 24.1494140625
2026-07-28; 08:01:59; 400; 0; 31.85; 1009.5712890625; 24.05078125
2026-07-28; 08:02:59; 403; 0; 31.78; 1009.496171875; 24.1044921875
2026-07-28; 08:03:59; 403; 0; 31.68; 1009.545546875; 24.2138671875
2026-07-28; 08:04:59; 407; 1; 31.66; 1009.5413671875; 24.2705078125
2026-07-28; 08:05:59; 400; 0; 31.87; 1009.528671875; 24.0068359375
2026-07-28; 08:06:59; 405; 0; 31.95; 1009.4905078125; 23.96484375
2026-07-28; 08:08:00; 400; 0; 31.94; 1009.529609375; 23.9521484375
2026-07-28; 08:09:00; 400; 0; 32.22; 1009.544296875; 23.7265625
2026-07-28; 08:10:00; 400; 0; 32.12; 1009.5315625; 23.779296875
2026-07-28; 08:11:00; 402; 0; 32.11; 1009.5626171875; 23.80078125
2026-07-28; 08:12:00; 405; 0; 31.97; 1009.576953125; 24.0
2026-07-28; 08:13:00; 400; 0; 31.93; 1009.6234375; 24.08984375
2026-07-28; 08:14:00; 410; 1; 31.99; 1009.6201953125; 24.0126953125
2026-07-28; 08:15:00; 400; 0; 31.84; 1009.618359375; 24.234375
2026-07-28; 08:16:00; 405; 0; 32.01; 1009.5146875; 24.0595703125
2026-07-28; 08:17:00; 400; 0; 32.19; 1009.5243359375; 23.8974609375
2026-07-28; 08:18:00; 403; 0; 32.05; 1009.5778515625; 24.0732421875
2026-07-28; 08:19:00; 405; 0; 32.15; 1009.5983203125; 23.9873046875
2026-07-28; 08:20:00; 400; 0; 32.17; 1009.6221875; 23.9755859375
2026-07-28; 08:21:00; 405; 0; 32.19; 1009.606640625; 23.9541015625
2026-07-28; 08:22:00; 405; 0; 32.14; 1009.6099609375; 24.0322265625
2026-07-28; 08:23:00; 405; 0; 32.36; 1009.6126953125; 23.791015625
2026-07-28; 08:24:00; 407; 1; 32.42; 1009.570234375; 23.7021484375
2026-07-28; 08:25:00; 408; 1; 32.56; 1009.5991015625; 23.560546875
2026-07-28; 08:26:00; 403; 0; 32.49; 1009.562890625; 23.6494140625
2026-07-28; 08:27:00; 408; 1; 32.48; 1009.5745703125; 23.6708984375
2026-07-28; 08:28:00; 400; 0; 32.4; 1009.593515625; 23.7705078125
2026-07-28; 08:29:00; 402; 0; 32.44; 1009.62921875; 23.7265625
2026-07-28; 08:30:00; 405; 0; 32.63; 1009.6466796875; 23.5302734375
2026-07-28; 08:31:00; 408; 1; 32.7; 1009.592421875; 23.4423828125
2026-07-28; 08:32:00; 400; 0; 32.59; 1009.6306640625; 23.607421875
2026-07-28; 08:33:00; 400; 0; 32.66; 1009.6310546875; 23.5654296875
2026-07-28; 08:34:00; 400; 0; 32.61; 1009.6344921875; 23.59765625
2026-07-28; 08:35:00; 405; 0; 32.67; 1009.646875; 23.54296875
2026-07-28; 08:36:00; 405; 0; 32.76; 1009.6516015625; 23.4794921875
2026-07-28; 08:37:00; 405; 0; 32.89; 1009.6842578125; 23.3017578125
2026-07-28; 08:38:00; 405; 0; 32.76; 1009.6438671875; 23.4677734375
2026-07-28; 08:39:00; 409; 1; 32.78; 1009.7303515625; 23.4794921875
2026-07-28; 08:40:00; 414; 2; 32.81; 1009.703046875; 23.447265625
2026-07-28; 08:41:00; 405; 0; 32.73; 1009.7612890625; 23.5458984375
2026-07-28; 08:42:00; 420; 3; 32.83; 1009.652265625; 23.44921875
2026-07-28; 08:43:00; 414; 2; 32.92; 1009.6689453125; 23.349609375
2026-07-28; 08:44:00; 414; 2; 32.95; 1009.6416796875; 23.328125
2026-07-28; 08:45:00; 420; 3; 32.97; 1009.6929296875; 23.3173828125
2026-07-28; 08:46:00; 428; 4; 32.9; 1009.609921875; 23.4404296875
2026-07-28; 08:47:00; 428; 4; 32.99; 1009.642109375; 23.306640625
2026-07-28; 08:48:00; 455; 8; 32.9; 1009.6373828125; 23.4052734375
2026-07-28; 08:49:00; 463; 9; 32.96; 1009.657421875; 23.3173828125
2026-07-28; 08:50:01; 503; 15; 33.02; 1009.689453125; 23.2861328125
2026-07-28; 08:51:01; 529; 19; 33.07; 1009.7133984375; 23.2080078125
2026-07-28; 08:52:01; 555; 23; 33.17; 1009.6433203125; 23.0751953125
2026-07-28; 08:53:01; 580; 27; 33.24; 1009.75375; 22.998046875
2026-07-28; 08:54:01; 596; 29; 33.24; 1009.6083203125; 22.998046875
2026-07-28; 08:55:01; 627; 34; 33.23; 1009.675; 22.998046875
2026-07-28; 08:56:01; 641; 36; 33.23; 1009.6830078125; 23.0087890625
2026-07-28; 08:57:01; 668; 40; 33.26; 1009.6479296875; 22.953125
2026-07-28; 08:58:01; 719; 48; 33.33; 1009.7228125; 22.9453125
2026-07-28; 08:59:01; 761; 54; 33.3; 1009.683515625; 22.9443359375
2026-07-28; 09:00:01; 776; 57; 33.33; 1009.640390625; 22.8642578125
2026-07-28; 09:01:01; 813; 62; 33.34; 1009.6286328125; 22.8427734375
2026-07-28; 09:02:01; 844; 67; 33.4; 1009.72359375; 22.8564453125
2026-07-28; 09:03:01; 853; 69; 33.44; 1009.67671875; 22.8125
2026-07-28; 09:04:01; 844; 67; 33.53; 1009.6654296875; 22.7255859375
2026-07-28; 09:05:01; 895; 75; 33.54; 1009.606484375; 22.7373046875
2026-07-28; 09:06:01; 895; 75; 33.56; 1009.685234375; 22.71484375
2026-07-28; 09:07:01; 885; 73; 33.58; 1009.7167578125; 22.681640625
2026-07-28; 09:08:01; 834; 66; 33.59; 1009.6852734375; 22.716796875
2026-07-28; 09:09:01; 853; 69; 33.55; 1009.6772265625; 22.7607421875
2026-07-28; 09:10:01; 853; 69; 33.59; 1009.7600390625; 22.728515625
2026-07-28; 09:11:01; 844; 67; 33.63; 1009.6856640625; 22.70703125
2026-07-28; 09:12:01; 853; 69; 33.69; 1009.7249609375; 22.5947265625
2026-07-28; 09:13:01; 895; 75; 33.74; 1009.7212890625; 22.57421875
2026-07-28; 09:14:01; 853; 69; 33.69; 1009.7524609375; 22.640625
2026-07-28; 09:15:01; 834; 66; 33.77; 1009.7528125; 22.529296875
2026-07-28; 09:16:01; 825; 64; 33.84; 1009.8356640625; 22.509765625
2026-07-28; 09:17:01; 834; 66; 33.84; 1009.788671875; 22.4638671875
2026-07-28; 09:18:01; 798; 60; 33.84; 1009.843671875; 22.533203125
2026-07-28; 09:19:01; 675; 41; 33.95; 1009.8912890625; 22.388671875
2026-07-28; 09:20:01; 641; 36; 33.95; 1009.8443359375; 22.3427734375
2026-07-28; 09:21:01; 641; 36; 33.92; 1009.843984375; 22.3876953125
2026-07-28; 09:22:01; 645; 37; 33.97; 1009.7658203125; 22.2861328125
2026-07-28; 09:23:01; 665; 40; 33.99; 1009.8168359375; 22.298828125
2026-07-28; 09:24:01; 688; 43; 33.96; 1009.79703125; 22.30859375
2026-07-28; 09:25:01; 700; 45; 34.01; 1009.7658203125; 22.2421875
2026-07-28; 09:26:01; 719; 48; 33.98; 1009.7460546875; 22.263671875
2026-07-28; 09:27:01; 719; 48; 34.06; 1009.7543359375; 22.2099609375
2026-07-28; 09:28:01; 728; 49; 34.11; 1009.7505859375; 22.1669921875
2026-07-28; 09:29:01; 708; 46; 34.11; 1009.64828125; 22.1201171875
2026-07-28; 09:30:01; 692; 44; 34.12; 1009.6287890625; 22.109375
2026-07-28; 09:31:01; 596; 29; 34.1; 1009.6248046875; 22.130859375
2026-07-28; 09:32:01; 596; 29; 34.11; 1009.5932421875; 22.0859375
2026-07-28; 09:33:01; 524; 18; 34.02; 1009.5615234375; 22.185546875
2026-07-28; 09:34:02; 472; 10; 34.05; 1009.601015625; 22.1630859375
2026-07-28; 09:35:02; 420; 3; 33.97; 1009.62828125; 22.2177734375
2026-07-28; 09:36:02; 403; 0; 33.95; 1009.5967578125; 22.2275390625
2026-07-28; 09:37:02; 400; 0; 33.92; 1009.5769921875; 22.1923828125
2026-07-28; 09:38:02; 400; 0; 33.93; 1009.647734375; 22.1923828125
2026-07-28; 09:39:02; 400; 0; 33.97; 1009.565234375; 22.1484375
2026-07-28; 09:40:02; 400; 0; 33.96; 1009.68703125; 22.1474609375
2026-07-28; 09:41:02; 403; 0; 33.97; 1009.537734375; 22.0791015625
2026-07-28; 09:42:02; 405; 0; 33.94; 1009.6005078125; 22.146484375
2026-07-28; 09:43:02; 436; 5; 34.0; 1009.620546875; 22.0341796875
2026-07-28; 09:44:02; 401; 0; 34.07; 1009.6402734375; 21.9453125
2026-07-28; 09:45:02; 401; 0; 34.1; 1009.605; 21.9130859375
2026-07-28; 09:46:02; 405; 0; 34.08; 1009.6758203125; 21.876953125
2026-07-28; 09:47:02; 424; 3; 34.09; 1009.616796875; 22.00390625
2026-07-28; 09:48:02; 441; 6; 34.1; 1009.55; 21.8662109375
2026-07-28; 09:49:02; 466; 10; 34.15; 1009.70359375; 21.8916015625
2026-07-28; 09:50:02; 466; 10; 34.16; 1009.636796875; 21.9267578125
2026-07-28; 09:51:02; 542; 21; 34.29; 1009.6409375; 21.771484375
2026-07-28; 09:52:02; 564; 24; 34.39; 1009.6253125; 21.73046875
2026-07-28; 09:53:02; 617; 33; 34.45; 1009.6925390625; 21.572265625
2026-07-28; 09:54:02; 706; 46; 34.5; 1009.6887109375; 21.470703125
2026-07-28; 09:55:02; 714; 47; 34.58; 1009.67703125; 21.439453125
2026-07-28; 09:56:02; 740; 51; 34.65; 1009.6613671875; 21.384765625
2026-07-28; 09:57:02; 806; 61; 34.72; 1009.688671875; 21.3193359375
2026-07-28; 09:58:02; 719; 48; 34.65; 1009.6613671875; 21.361328125
2026-07-28; 09:59:02; 787; 58; 34.75; 1009.65328125; 21.2978515625
2026-07-28; 10:00:02; 768; 56; 34.86; 1009.6534765625; 21.1640625
2026-07-28; 10:01:02; 714; 47; 34.86; 1009.6612109375; 21.1416015625
2026-07-28; 10:02:02; 787; 58; 34.98; 1009.641796875; 21.0537109375
2026-07-28; 10:03:02; 652; 38; 34.91; 1009.6297265625; 21.0283203125
2026-07-28; 10:04:02; 548; 22; 34.87; 1009.6967578125; 21.0380859375
2026-07-28; 10:05:02; 497; 14; 34.91; 1009.657265625; 21.0634765625
2026-07-28; 10:06:02; 427; 4; 34.85; 1009.64546875; 21.09375
2026-07-28; 10:07:02; 406; 0; 34.88; 1009.657421875; 21.1181640625
2026-07-28; 10:08:02; 400; 0; 34.98; 1009.696875; 20.9736328125
2026-07-28; 10:09:02; 400; 0; 34.98; 1009.641796875; 20.9384765625
2026-07-28; 10:10:02; 403; 0; 35.01; 1009.641640625; 20.9169921875
2026-07-28; 10:11:02; 436; 5; 35.04; 1009.6535546875; 20.91796875
2026-07-28; 10:12:02; 421; 3; 35.07; 1009.645703125; 20.8623046875
2026-07-28; 10:13:02; 403; 0; 35.09; 1009.649609375; 20.828125
2026-07-28; 10:14:02; 451; 7; 35.08; 1009.633828125; 20.8623046875
2026-07-28; 10:15:02; 485; 12; 35.05; 1009.6417578125; 20.8837890625
2026-07-28; 10:16:03; 418; 2; 35.04; 1009.626015625; 20.91796875
2026-07-28; 10:17:03; 401; 0; 35.08; 1009.5707421875; 20.78125
2026-07-28; 10:18:03; 410; 1; 35.15; 1009.6062109375; 20.76171875
2026-07-28; 10:19:03; 407; 1; 35.04; 1009.626015625; 20.8837890625
2026-07-28; 10:20:03; 407; 1; 35.04; 1009.5708984375; 20.8720703125
2026-07-28; 10:21:03; 414; 2; 35.15; 1009.6062109375; 20.71484375
2026-07-28; 10:22:03; 400; 0; 35.13; 1009.621875; 20.7255859375
2026-07-28; 10:23:03; 405; 0; 35.19; 1009.6611328125; 20.7060546875
2026-07-28; 10:24:03; 442; 6; 35.2; 1009.6022265625; 20.763671875
2026-07-28; 10:25:03; 491; 13; 35.28; 1009.6098046875; 20.6865234375
2026-07-28; 10:26:03; 592; 29; 35.31; 1009.648984375; 20.6767578125
2026-07-28; 10:27:03; 614; 32; 35.36; 1009.5978515625; 20.5634765625
2026-07-28; 10:28:03; 605; 31; 35.37; 1009.633125; 20.470703125
2026-07-28; 10:29:03; 539; 21; 35.36; 1009.6173828125; 20.4814453125
2026-07-28; 10:30:03; 502; 15; 35.33; 1009.578203125; 20.5390625
2026-07-28; 10:31:03; 478; 11; 35.32; 1009.609609375; 20.607421875
2026-07-28; 10:32:03; 491; 13; 35.37; 1009.633125; 20.5751953125
2026-07-28; 10:33:03; 427; 4; 35.48; 1009.6333203125; 20.453125
2026-07-28; 10:34:03; 423; 3; 35.6; 1009.546015625; 20.3544921875
2026-07-28; 10:35:03; 400; 0; 35.52; 1009.5227734375; 20.3388671875
2026-07-28; 10:36:03; 400; 0; 35.42; 1009.5463671875; 20.404296875
2026-07-28; 10:37:03; 408; 1; 35.38; 1009.5033203125; 20.529296875
2026-07-28; 10:38:03; 403; 0; 35.27; 1009.6216796875; 20.58203125
2026-07-28; 10:39:03; 408; 1; 35.2; 1009.547109375; 20.68359375
2026-07-28; 10:40:03; 400; 0; 35.2; 1009.566640625; 20.6484375
2026-07-28; 10:41:03; 407; 1; 35.22; 1009.598125; 20.6611328125
2026-07-28; 10:42:03; 461; 9; 35.31; 1009.59390625; 20.583984375
2026-07-28; 10:43:03; 524; 18; 35.35; 1009.6016796875; 20.59765625
2026-07-28; 10:44:03; 524; 18; 35.32; 1009.554453125; 20.583984375
2026-07-28; 10:45:03; 524; 18; 35.33; 1009.6253515625; 20.642578125
2026-07-28; 10:46:03; 603; 30; 35.4; 1009.570078125; 20.576171875
2026-07-28; 10:47:03; 678; 42; 35.48; 1009.6333203125; 20.4638671875
2026-07-28; 10:48:03; 712; 47; 35.5; 1009.644921875; 20.4658203125
2026-07-28; 10:49:03; 765; 55; 35.56; 1009.5933984375; 20.421875
2026-07-28; 10:50:03; 783; 58; 35.49; 1009.6490234375; 20.4306640625
2026-07-28; 10:51:03; 733; 50; 35.52; 1009.668359375; 20.408203125
2026-07-28; 10:52:03; 706; 46; 35.47; 1009.6528515625; 20.4296875
2026-07-28; 10:53:03; 706; 46; 35.47; 1009.5701953125; 20.4873046875
2026-07-28; 10:54:03; 706; 46; 35.47; 1009.617578125; 20.4755859375
2026-07-28; 10:55:03; 706; 46; 35.4; 1009.62515625; 20.587890625
2026-07-28; 10:56:03; 712; 47; 35.41; 1009.558203125; 20.5302734375
2026-07-28; 10:57:03; 694; 44; 35.48; 1009.5307421875; 20.4296875
2026-07-28; 10:58:03; 712; 47; 35.43; 1009.5620703125; 20.4853515625
2026-07-28; 10:59:04; 649; 37; 35.42; 1009.5463671875; 20.4970703125
2026-07-28; 11:00:04; 641; 36; 35.42; 1009.56625; 20.54296875
2026-07-28; 11:01:04; 641; 36; 35.36; 1009.5978515625; 20.5634765625
2026-07-28; 11:02:04; 623; 33; 35.43; 1009.526796875; 20.5888671875
2026-07-28; 11:03:04; 733; 50; 35.46; 1009.5188671875; 20.5908203125
2026-07-28; 11:04:04; 813; 62; 35.55; 1009.57; 20.466796875
2026-07-28; 11:05:04; 877; 72; 35.56; 1009.475390625; 20.4794921875
2026-07-28; 11:06:04; 882; 73; 35.6; 1009.546015625; 20.412109375
2026-07-28; 11:07:04; 967; 86; 35.57; 1009.553984375; 20.3994140625
2026-07-28; 11:08:04; 1007; 92; 35.64; 1009.60890625; 20.3681640625
2026-07-28; 11:09:04; 1007; 92; 35.68; 1009.5457421875; 20.3115234375
2026-07-28; 11:10:04; 1083; 104; 35.73; 1009.56921875; 20.244140625
2026-07-28; 11:11:04; 1099; 106; 35.72; 1009.5259375; 20.232421875
2026-07-28; 11:12:04; 1083; 104; 35.75; 1009.5455078125; 20.2216796875
2026-07-28; 11:13:04; 1029; 95; 35.75; 1009.4903125; 20.1982421875
2026-07-28; 11:14:04; 977; 87; 35.83; 1009.497734375; 20.1787109375
2026-07-28; 11:15:04; 956; 84; 35.82; 1009.426875; 20.1904296875
2026-07-28; 11:16:04; 918; 78; 35.87; 1009.4502734375; 20.0771484375
2026-07-28; 11:17:04; 851; 68; 35.8; 1009.4033984375; 20.142578125
2026-07-28; 11:18:04; 791; 59; 35.73; 1009.40375; 20.1748046875
2026-07-28; 11:19:04; 783; 58; 35.75; 1009.4076171875; 20.2333984375
2026-07-28; 11:20:04; 726; 49; 35.73; 1009.4588671875; 20.220703125
2026-07-28; 11:21:04; 682; 42; 35.71; 1009.407890625; 20.2666015625
2026-07-28; 11:22:04; 641; 36; 35.7; 1009.3921484375; 20.265625
2026-07-28; 11:23:04; 694; 44; 35.68; 1009.333125; 20.2880859375
2026-07-28; 11:24:04; 656; 39; 35.67; 1009.4197265625; 20.333984375
2026-07-28; 11:25:04; 694; 44; 35.69; 1009.3764453125; 20.3232421875
2026-07-28; 11:26:04; 671; 41; 35.68; 1009.3802734375; 20.265625
2026-07-28; 11:27:04; 637; 36; 35.66; 1009.3292578125; 20.287109375
2026-07-28; 11:28:04; 615; 32; 35.71; 1009.3171484375; 20.27734375
2026-07-28; 11:29:04; 615; 32; 35.69; 1009.2937109375; 20.30078125
2026-07-28; 11:30:04; 629; 34; 35.74; 1009.2815234375; 20.279296875
2026-07-28; 11:31:04; 671; 41; 35.77; 1009.218359375; 20.1884765625
2026-07-28; 11:32:04; 678; 42; 35.83; 1009.3322265625; 20.2021484375
2026-07-28; 11:33:04; 706; 46; 35.87; 1009.3479296875; 20.2041015625
2026-07-28; 11:34:04; 813; 62; 35.88; 1009.1625390625; 20.169921875
2026-07-28; 11:35:04; 863; 70; 35.95; 1009.300078125; 20.0693359375
2026-07-28; 11:36:04; 821; 64; 35.9; 1009.3123046875; 20.0439453125
2026-07-28; 11:37:04; 759; 54; 35.84; 1009.26515625; 20.1337890625
2026-07-28; 11:38:04; 660; 39; 35.83; 1009.2494921875; 20.109375
2026-07-28; 11:39:04; 682; 42; 35.86; 1009.2414453125; 20.1806640625
2026-07-28; 11:40:04; 682; 42; 35.83; 1009.221875; 20.1328125
2026-07-28; 11:41:04; 656; 39; 35.82; 1009.269375; 20.1552734375
2026-07-28; 11:42:04; 649; 37; 35.88; 1009.272890625; 20.134765625
2026-07-28; 11:43:05; 656; 39; 35.88; 1009.3004296875; 20.123046875
2026-07-28; 11:44:05; 649; 37; 35.88; 1009.25328125; 20.06640625
2026-07-28; 11:45:05; 660; 39; 35.92; 1009.3081640625; 20.0908203125
2026-07-28; 11:46:05; 660; 39; 35.96; 1009.260625; 20.0576171875
2026-07-28; 11:47:05; 682; 42; 35.94; 1009.256796875; 20.033203125
2026-07-28; 11:48:05; 726; 49; 35.97; 1009.3039453125; 20.0
2026-07-28; 11:49:05; 712; 47; 35.97; 1009.2211328125; 19.9189453125
2026-07-28; 11:50:05; 637; 36; 35.84; 1009.2100390625; 19.9833984375
2026-07-28; 11:51:05; 470; 10; 35.77; 1009.1984765625; 20.0263671875
2026-07-28; 11:52:05; 400; 0; 35.68; 1009.140078125; 20.091796875
2026-07-28; 11:53:05; 400; 0; 35.66; 1009.19140625; 20.0556640625
2026-07-28; 11:54:05; 403; 0; 35.65; 1009.1480859375; 20.13671875
2026-07-28; 11:55:05; 400; 0; 35.61; 1009.1679296875; 20.146484375
2026-07-28; 11:56:05; 403; 0; 35.66; 1009.218984375; 20.1025390625
2026-07-28; 11:57:05; 408; 1; 35.7; 1009.116328125; 20.1044921875
2026-07-28; 11:58:05; 403; 0; 35.8; 1009.15515625; 20.00390625
2026-07-28; 11:59:05; 406; 0; 35.86; 1009.2138671875; 19.9951171875
2026-07-28; 12:00:05; 421; 3; 35.91; 1009.1625; 19.9287109375
2026-07-28; 12:01:05; 443; 6; 35.93; 1009.2134765625; 19.8828125
2026-07-28; 12:02:05; 454; 8; 35.92; 1009.1505859375; 19.859375
2026-07-28; 12:03:05; 466; 10; 35.94; 1009.201640625; 19.8251953125
2026-07-28; 12:04:05; 505; 15; 36.02; 1009.106875; 19.7939453125
2026-07-28; 12:05:05; 485; 12; 35.95; 1009.1345703125; 19.837890625
2026-07-28; 12:06:05; 463; 9; 35.93; 1009.028359375; 19.8251953125
2026-07-28; 12:07:05; 463; 9; 35.93; 1009.075546875; 19.89453125
2026-07-28; 12:08:05; 463; 9; 35.96; 1009.0675; 19.8486328125
2026-07-28; 12:09:05; 463; 9; 36.02; 1009.106875; 19.7939453125
2026-07-28; 12:10:05; 523; 18; 36.07; 1008.98421875; 19.78515625
2026-07-28; 12:11:05; 546; 22; 36.12; 1009.110234375; 19.740234375
2026-07-28; 12:12:05; 551; 23; 36.13; 1009.1259765625; 19.6826171875
2026-07-28; 12:13:05; 551; 23; 36.18; 1009.0941015625; 19.615234375
2026-07-28; 12:14:05; 565; 25; 36.22; 1009.074140625; 19.60546875
2026-07-28; 12:15:05; 546; 22; 36.16; 1009.1178515625; 19.591796875
2026-07-28; 12:16:05; 533; 20; 36.08; 1009.1183203125; 19.646484375
2026-07-28; 12:17:05; 492; 14; 36.03; 1009.122578125; 19.6552734375
2026-07-28; 12:18:05; 466; 10; 36.05; 1009.12640625; 19.66796875
2026-07-28; 12:19:05; 446; 7; 36.14; 1009.176953125; 19.6142578125
2026-07-28; 12:20:05; 433; 5; 36.13; 1009.098359375; 19.6015625
2026-07-28; 12:21:05; 414; 2; 36.08; 1009.063125; 19.5771484375
2026-07-28; 12:22:05; 400; 0; 36.03; 1009.087265625; 19.609375
2026-07-28; 12:23:05; 400; 0; 36.0; 1009.07546875; 19.630859375
2026-07-28; 12:24:05; 400; 0; 35.94; 1009.118828125; 19.697265625
2026-07-28; 12:25:05; 400; 0; 36.06; 1009.07890625; 19.552734375
2026-07-28; 12:26:06; 400; 0; 36.06; 1009.051328125; 19.505859375
2026-07-28; 12:27:06; 410; 1; 36.06; 1009.07890625; 19.541015625
2026-07-28; 12:28:06; 415; 2; 36.05; 1009.0355859375; 19.505859375
2026-07-28; 12:29:06; 405; 0; 36.11; 1009.0746484375; 19.427734375
2026-07-28; 12:30:06; 400; 0; 36.01; 1009.0635546875; 19.4462890625
2026-07-28; 12:31:06; 400; 0; 35.95; 1009.0241796875; 19.5244140625
2026-07-28; 12:32:06; 405; 0; 35.97; 1009.055625; 19.583984375
2026-07-28; 12:33:06; 414; 2; 36.05; 1009.016015625; 19.5400390625
2026-07-28; 12:34:06; 409; 1; 36.02; 1009.0516796875; 19.5283203125
2026-07-28; 12:35:06; 418; 2; 36.03; 1009.0121875; 19.5400390625
2026-07-28; 12:36:06; 423; 3; 36.03; 1009.0949609375; 19.4814453125
2026-07-28; 12:37:06; 423; 3; 36.05; 1009.0712109375; 19.4365234375
2026-07-28; 12:38:06; 414; 2; 36.05; 1009.1183984375; 19.4013671875
2026-07-28; 12:39:06; 423; 3; 36.01; 1009.11875; 19.4462890625
2026-07-28; 12:40:06; 421; 3; 36.05; 1009.016015625; 19.458984375
2026-07-28; 12:41:06; 400; 0; 36.08; 1009.05515625; 19.40234375
2026-07-28; 12:42:06; 405; 0; 36.06; 1009.02375; 19.40234375
2026-07-28; 12:43:06; 400; 0; 35.92; 1009.0954296875; 19.408203125
2026-07-28; 12:44:06; 400; 0; 35.84; 1009.0444921875; 19.5087890625
2026-07-28; 12:45:06; 405; 0; 35.85; 1009.068203125; 19.4970703125
2026-07-28; 12:46:06; 411; 1; 35.91; 1009.044140625; 19.4541015625
2026-07-28; 12:47:06; 400; 0; 35.99; 1009.0321484375; 19.3994140625
2026-07-28; 12:48:06; 408; 1; 36.0; 1009.0677734375; 19.4111328125
2026-07-28; 12:49:06; 444; 6; 35.95; 1009.0241796875; 19.5712890625
2026-07-28; 12:50:06; 444; 6; 35.97; 1008.992734375; 19.4677734375
2026-07-28; 12:51:06; 476; 11; 35.98; 1009.0639453125; 19.43359375
2026-07-28; 12:52:06; 432; 4; 35.97; 1009.055625; 19.3984375
2026-07-28; 12:53:06; 400; 0; 35.91; 1009.1073046875; 19.373046875
2026-07-28; 12:54:06; 400; 0; 35.98; 1009.091484375; 19.3642578125
2026-07-28; 12:55:06; 441; 6; 35.89; 1009.0758984375; 19.4755859375
2026-07-28; 12:56:06; 455; 8; 35.97; 1009.1030859375; 19.4326171875
2026-07-28; 12:57:06; 450; 7; 35.95; 1009.0321875; 19.490234375
2026-07-28; 12:58:06; 424; 3; 35.98; 1009.071640625; 19.3759765625
2026-07-28; 12:59:06; 459; 8; 35.97; 1008.992734375; 19.4560546875
2026-07-28; 13:00:06; 519; 18; 35.93; 1009.0835546875; 19.431640625
2026-07-28; 13:01:06; 566; 25; 35.89; 1009.0403125; 19.4638671875
2026-07-28; 13:02:06; 657; 39; 35.98; 1008.96125; 19.45703125
2026-07-28; 13:03:06; 699; 45; 36.08; 1008.944765625; 19.310546875
2026-07-28; 13:04:06; 715; 47; 36.02; 1008.93359375; 19.388671875
2026-07-28; 13:05:06; 715; 47; 36.09; 1008.9684765625; 19.322265625
2026-07-28; 13:06:06; 675; 41; 36.08; 1008.8975390625; 19.2294921875
2026-07-28; 13:07:06; 726; 49; 36.06; 1008.838515625; 19.2861328125
2026-07-28; 13:08:07; 715; 47; 36.0; 1008.8823046875; 19.2841796875
2026-07-28; 13:09:07; 650; 38; 35.95; 1008.8666796875; 19.154296875
2026-07-28; 13:10:07; 596; 29; 35.87; 1008.843359375; 19.2783203125
2026-07-28; 13:11:07; 526; 19; 35.9; 1008.84328125; 19.2216796875
2026-07-28; 13:12:07; 508; 16; 35.99; 1008.8666015625; 19.2373046875
2026-07-28; 13:13:07; 542; 21; 36.01; 1008.8351171875; 19.21484375
2026-07-28; 13:14:07; 555; 23; 36.09; 1008.7948828125; 19.20703125
2026-07-28; 13:15:07; 567; 25; 36.07; 1008.7910546875; 19.1484375
2026-07-28; 13:16:07; 631; 35; 36.09; 1008.74765625; 19.171875
2026-07-28; 13:17:07; 656; 39; 36.03; 1008.811328125; 19.1689453125
2026-07-28; 13:18:07; 706; 46; 36.02; 1008.69296875; 19.1689453125
2026-07-28; 13:19:07; 674; 41; 35.99; 1008.783828125; 19.109375
2026-07-28; 13:20:07; 631; 35; 35.91; 1008.7682421875; 19.1533203125
2026-07-28; 13:21:07; 572; 26; 35.9; 1008.7525390625; 19.1640625
2026-07-28; 13:22:07; 561; 24; 35.97; 1008.68921875; 19.1083984375
2026-07-28; 13:23:07; 485; 12; 36.07; 1008.688671875; 18.9970703125
2026-07-28; 13:24:07; 472; 10; 35.95; 1008.8034765625; 19.1083984375
2026-07-28; 13:25:07; 435; 5; 36.05; 1008.7400390625; 19.0771484375
2026-07-28; 13:26:07; 427; 4; 36.02; 1008.720546875; 19.087890625
2026-07-28; 13:27:07; 444; 6; 36.03; 1008.73625; 18.9951171875
2026-07-28; 13:28:07; 462; 9; 36.0; 1008.689140625; 19.0751953125
2026-07-28; 13:29:07; 462; 9; 35.91; 1008.7130859375; 19.1298828125
2026-07-28; 13:30:07; 415; 2; 35.82; 1008.7648046875; 19.2294921875
2026-07-28; 13:31:07; 402; 0; 35.73; 1008.7773828125; 19.2255859375
2026-07-28; 13:32:07; 408; 1; 35.78; 1008.737578125; 19.216796875
2026-07-28; 13:33:07; 400; 0; 35.82; 1008.6820703125; 19.16015625
2026-07-28; 13:34:07; 426; 3; 35.83; 1008.6781640625; 19.1953125
2026-07-28; 13:35:07; 443; 6; 35.83; 1008.733359375; 19.1494140625
2026-07-28; 13:36:07; 454; 8; 35.8; 1008.6663671875; 19.1826171875
2026-07-28; 13:37:07; 443; 6; 35.82; 1008.7096484375; 19.16015625
2026-07-28; 13:38:07; 427; 4; 35.79; 1008.725703125; 19.1826171875
2026-07-28; 13:39:07; 424; 3; 35.75; 1008.6352734375; 19.2041015625
2026-07-28; 13:40:07; 403; 0; 35.71; 1008.635625; 19.2373046875
2026-07-28; 13:41:07; 452; 7; 35.73; 1008.66703125; 19.2607421875
2026-07-28; 13:42:07; 457; 8; 35.74; 1008.6471484375; 19.2607421875
2026-07-28; 13:43:07; 425; 3; 35.66; 1008.557109375; 19.28125
2026-07-28; 13:44:07; 400; 0; 35.65; 1008.6241015625; 19.26953125
2026-07-28; 13:45:07; 400; 0; 35.53; 1008.6010546875; 19.3564453125
2026-07-28; 13:46:07; 400; 0; 35.57; 1008.581171875; 19.3232421875
2026-07-28; 13:47:07; 400; 0; 35.56; 1008.6481640625; 19.2998046875
2026-07-28; 13:48:07; 403; 0; 35.59; 1008.667734375; 19.2314453125
2026-07-28; 13:49:07; 400; 0; 35.61; 1008.6164453125; 19.244140625
2026-07-28; 13:50:07; 451; 7; 35.6; 1008.6007421875; 19.37109375
2026-07-28; 13:51:08; 506; 16; 35.63; 1008.5651171875; 19.3837890625
2026-07-28; 13:52:08; 600; 30; 35.76; 1008.548671875; 19.3203125
2026-07-28; 13:53:08; 694; 44; 35.76; 1008.5210546875; 19.3203125
2026-07-28; 13:54:08; 848; 68; 35.69; 1008.5686328125; 19.3974609375
2026-07-28; 13:55:08; 913; 78; 35.75; 1008.560546875; 19.3310546875
2026-07-28; 13:56:08; 987; 89; 35.75; 1008.5801171875; 19.3193359375
2026-07-28; 13:57:08; 1224; 125; 35.8; 1008.5207421875; 19.2978515625
2026-07-28; 13:58:08; 1266; 131; 35.79; 1008.5403515625; 19.11328125
2026-07-28; 13:59:08; 1201; 122; 35.72; 1008.4502734375; 19.14453125
2026-07-28; 14:00:08; 1110; 108; 35.67; 1008.434921875; 19.142578125
2026-07-28; 14:01:08; 1017; 93; 35.59; 1008.4195703125; 19.2548828125
2026-07-28; 14:02:08; 933; 81; 35.54; 1008.4866015625; 19.2529296875
2026-07-28; 14:03:08; 793; 59; 35.48; 1008.4753515625; 19.296875
2026-07-28; 14:04:08; 768; 56; 35.44; 1008.4475; 19.2724609375
2026-07-28; 14:05:08; 719; 48; 35.42; 1008.47125; 19.3408203125
2026-07-28; 14:06:08; 660; 39; 35.41; 1008.4003515625; 19.2939453125
2026-07-28; 14:07:08; 626; 34; 35.42; 1008.3808203125; 19.3291015625
2026-07-28; 14:08:08; 572; 26; 35.42; 1008.4359765625; 19.36328125
2026-07-28; 14:09:08; 500; 15; 35.38; 1008.400703125; 19.2919921875
2026-07-28; 14:10:08; 444; 6; 35.39; 1008.388828125; 19.2919921875
2026-07-28; 14:11:08; 403; 0; 35.32; 1008.396796875; 19.359375
2026-07-28; 14:12:08; 409; 1; 35.3; 1008.4205078125; 19.404296875
2026-07-28; 14:13:08; 400; 0; 35.35; 1008.4439453125; 19.3837890625
2026-07-28; 14:14:08; 427; 4; 35.45; 1008.380546875; 19.330078125
2026-07-28; 14:15:08; 452; 7; 35.5; 1008.2939453125; 19.2744140625
2026-07-28; 14:16:08; 529; 19; 35.56; 1008.3448828125; 19.3349609375
2026-07-28; 14:17:08; 596; 29; 35.57; 1008.36828125; 19.3232421875
2026-07-28; 14:18:08; 682; 42; 35.5; 1008.3490625; 19.4248046875
2026-07-28; 14:19:08; 802; 61; 35.48; 1008.31765625; 19.412109375
2026-07-28; 14:20:08; 920; 79; 35.49; 1008.3256640625; 19.35546875
2026-07-28; 14:21:08; 959; 85; 35.47; 1008.3846484375; 19.26171875
2026-07-28; 14:22:08; 891; 74; 35.48; 1008.31765625; 19.28515625
2026-07-28; 14:23:08; 840; 67; 35.49; 1008.3532421875; 19.30859375
2026-07-28; 14:24:08; 902; 76; 35.44; 1008.3372265625; 19.3642578125
2026-07-28; 14:25:08; 1004; 92; 35.48; 1008.290078125; 19.3427734375
2026-07-28; 14:26:08; 1004; 92; 35.45; 1008.35296875; 19.318359375
2026-07-28; 14:27:08; 930; 80; 35.38; 1008.325703125; 19.3505859375
2026-07-28; 14:28:08; 759; 54; 35.3; 1008.3102734375; 19.427734375
2026-07-28; 14:29:08; 700; 45; 35.24; 1008.3618359375; 19.4599609375
2026-07-28; 14:30:08; 637; 36; 35.26; 1008.310546875; 19.4267578125
2026-07-28; 14:31:08; 552; 23; 35.2; 1008.2438671875; 19.4921875
2026-07-28; 14:32:09; 477; 11; 35.24; 1008.2240234375; 19.4599609375
2026-07-28; 14:33:09; 438; 5; 35.21; 1008.287109375; 19.435546875
2026-07-28; 14:34:09; 423; 3; 35.24; 1008.2714453125; 19.4140625
2026-07-28; 14:35:09; 400; 0; 35.18; 1008.32265625; 19.4453125
2026-07-28; 14:36:09; 400; 0; 35.18; 1008.275546875; 19.48046875
2026-07-28; 14:37:09; 400; 0; 35.19; 1008.255703125; 19.4580078125
2026-07-28; 14:38:09; 409; 1; 35.26; 1008.302578125; 19.4140625
2026-07-28; 14:39:09; 432; 4; 35.26; 1008.2278515625; 19.47265625
2026-07-28; 14:40:09; 421; 3; 35.28; 1008.204140625; 19.4853515625
2026-07-28; 14:41:09; 443; 6; 35.4; 1008.2744140625; 19.4091796875
2026-07-28; 14:42:09; 446; 7; 35.4; 1008.19171875; 19.3740234375
2026-07-28; 14:43:09; 505; 15; 35.46; 1008.1756640625; 19.341796875
2026-07-28; 14:44:09; 586; 28; 35.38; 1008.152578125; 19.3623046875
2026-07-28; 14:45:09; 548; 22; 35.3; 1008.1529296875; 19.3818359375
2026-07-28; 14:46:09; 540; 21; 35.23; 1008.125625; 19.4130859375
2026-07-28; 14:47:09; 505; 15; 35.22; 1008.109921875; 19.4130859375
2026-07-28; 14:48:09; 473; 11; 35.17; 1008.0669140625; 19.48046875
2026-07-28; 14:49:09; 485; 12; 35.16; 1008.0787890625; 19.5263671875
2026-07-28; 14:50:09; 452; 7; 35.12; 1008.07109375; 19.490234375
2026-07-28; 14:51:09; 400; 0; 35.23; 1008.0980859375; 19.33203125
2026-07-28; 14:52:09; 400; 0; 35.26; 1008.026953125; 19.287109375
2026-07-28; 14:53:09; 406; 0; 35.32; 1007.983359375; 19.185546875
2026-07-28; 14:54:09; 403; 0; 35.28; 1008.0308203125; 19.2421875
2026-07-28; 14:55:09; 400; 0; 35.18; 1008.047109375; 19.353515625
2026-07-28; 14:56:09; 424; 3; 35.16; 1008.0432421875; 19.375
2026-07-28; 14:57:09; 434; 5; 35.19; 1008.07078125; 19.388671875
2026-07-28; 14:58:09; 461; 9; 35.12; 1007.960859375; 19.490234375
2026-07-28; 14:59:09; 470; 10; 35.19; 1008.00765625; 19.4462890625
2026-07-28; 15:00:09; 515; 17; 35.16; 1007.9961328125; 19.4794921875
2026-07-28; 15:01:09; 574; 26; 35.11; 1008.0277734375; 19.5234375
2026-07-28; 15:02:09; 581; 27; 35.12; 1007.9883984375; 19.466796875
2026-07-28; 15:03:09; 548; 22; 35.14; 1007.992265625; 19.4208984375
2026-07-28; 15:04:09; 581; 27; 35.18; 1007.9919921875; 19.5498046875
2026-07-28; 15:05:09; 652; 38; 35.31; 1007.995234375; 19.462890625
2026-07-28; 15:06:09; 817; 63; 35.29; 1007.9637890625; 19.51953125
2026-07-28; 15:07:09; 995; 90; 35.21; 1007.9288671875; 19.4931640625
2026-07-28; 15:08:09; 1144; 113; 35.17; 1007.921171875; 19.45703125
2026-07-28; 15:09:09; 1004; 92; 35.18; 1007.94484375; 19.4462890625
2026-07-28; 15:10:09; 1047; 98; 35.14; 1007.929140625; 19.501953125
2026-07-28; 15:11:09; 1012; 93; 35.1; 1007.9765625; 19.53515625
2026-07-28; 15:12:09; 874; 72; 35.03; 1008.01234375; 19.5322265625
2026-07-28; 15:13:09; 759; 54; 35.06; 1008.0319140625; 19.509765625
2026-07-28; 15:14:09; 668; 40; 35.03; 1007.984765625; 19.5322265625
2026-07-28; 15:15:09; 668; 40; 35.02; 1007.9691015625; 19.5654296875
2026-07-28; 15:16:10; 624; 34; 35.04; 1008.008203125; 19.498046875
2026-07-28; 15:17:10; 596; 29; 35.03; 1007.90984375; 19.4970703125
2026-07-28; 15:18:10; 481; 12; 35.17; 1007.9487109375; 19.306640625
2026-07-28; 15:19:10; 450; 7; 35.18; 1007.972421875; 19.25
2026-07-28; 15:20:10; 400; 0; 35.12; 1007.9883984375; 19.29296875
2026-07-28; 15:21:10; 420; 3; 35.07; 1007.9649609375; 19.3837890625
2026-07-28; 15:22:10; 445; 6; 35.0; 1007.93765625; 19.4267578125
2026-07-28; 15:23:10; 439; 5; 35.0; 1007.9729296875; 19.47265625
2026-07-28; 15:24:10; 480; 12; 35.02; 1007.894140625; 19.4736328125
2026-07-28; 15:25:10; 482; 12; 34.98; 1007.88640625; 19.5302734375
2026-07-28; 15:26:10; 501; 15; 35.02; 1007.894140625; 19.4853515625
2026-07-28; 15:27:10; 482; 12; 35.01; 1007.9059375; 19.4853515625
2026-07-28; 15:28:10; 508; 16; 35.03; 1007.902109375; 19.4853515625
2026-07-28; 15:29:10; 549; 22; 35.0; 1007.9101171875; 19.5302734375
2026-07-28; 15:30:10; 564; 24; 35.02; 1007.831328125; 19.49609375
2026-07-28; 15:31:10; 543; 21; 35.0; 1007.882578125; 19.484375
2026-07-28; 15:32:10; 560; 24; 34.98; 1007.82359375; 19.4833984375
2026-07-28; 15:33:10; 508; 16; 34.98; 1007.82359375; 19.4599609375
2026-07-28; 15:34:10; 486; 13; 35.03; 1007.8271875; 19.416015625
2026-07-28; 15:35:10; 443; 6; 35.04; 1007.8076171875; 19.3935546875
2026-07-28; 15:36:10; 408; 1; 35.03; 1007.8271875; 19.3935546875
2026-07-28; 15:37:10; 405; 0; 35.03; 1007.8194921875; 19.4052734375
2026-07-28; 15:38:10; 407; 1; 35.0; 1007.77234375; 19.4267578125
2026-07-28; 15:39:10; 424; 3; 34.97; 1007.705703125; 19.4482421875
2026-07-28; 15:40:10; 461; 9; 34.99; 1007.7092578125; 19.4033203125
2026-07-28; 15:41:10; 505; 15; 35.0; 1007.7448046875; 19.47265625
2026-07-28; 15:42:10; 542; 21; 35.01; 1007.7054296875; 19.4619140625
2026-07-28; 15:43:10; 533; 20; 34.92; 1007.7447265625; 19.4814453125
2026-07-28; 15:44:10; 486; 13; 35.0; 1007.697421875; 19.4501953125
2026-07-28; 15:45:10; 448; 7; 35.02; 1007.6384765625; 19.427734375
2026-07-28; 15:46:10; 400; 0; 35.04; 1007.6698828125; 19.3701171875
2026-07-28; 15:47:10; 402; 0; 35.11; 1007.669609375; 19.28125
2026-07-28; 15:48:10; 405; 0; 35.09; 1007.6106640625; 19.3037109375
2026-07-28; 15:49:10; 400; 0; 35.07; 1007.634375; 19.291015625
2026-07-28; 15:50:10; 400; 0; 35.14; 1007.6260546875; 19.212890625
2026-07-28; 15:51:10; 400; 0; 35.09; 1007.5830859375; 19.2109375
2026-07-28; 15:52:10; 401; 0; 35.02; 1007.6186328125; 19.30078125
2026-07-28; 15:53:10; 400; 0; 35.04; 1007.614765625; 19.30078125
2026-07-28; 15:54:10; 400; 0; 35.03; 1007.5516796875; 19.2783203125
2026-07-28; 15:55:10; 414; 2; 35.04; 1007.5596875; 19.2666015625
2026-07-28; 15:56:10; 400; 0; 35.0; 1007.5596484375; 19.2880859375
2026-07-28; 15:57:10; 400; 0; 35.06; 1007.59109375; 19.2216796875
2026-07-28; 15:58:10; 401; 0; 35.11; 1007.6144921875; 19.2001953125
2026-07-28; 15:59:11; 475; 11; 35.04; 1007.53984375; 19.2431640625
2026-07-28; 16:00:11; 517; 17; 35.11; 1007.523828125; 19.3154296875
2026-07-28; 16:01:11; 603; 30; 35.14; 1007.5709375; 19.4443359375
2026-07-28; 16:02:11; 740; 51; 35.23; 1007.4917578125; 19.35546875
2026-07-28; 16:03:11; 1053; 99; 35.28; 1007.5347265625; 19.380859375
2026-07-28; 16:04:11; 1470; 163; 35.26; 1007.47578125; 19.3681640625
2026-07-28; 16:05:11; 1595; 242; 35.28; 1007.51515625; 19.2880859375
2026-07-28; 16:06:11; 1695; 334; 35.23; 1007.4289453125; 19.296875
2026-07-28; 16:07:11; 1833; 493; 35.21; 1007.4408203125; 19.30859375
2026-07-28; 16:08:11; 1954; 670; 35.3; 1007.56609375; 19.1962890625
2026-07-28; 16:09:11; 1986; 723; 35.41; 1007.4278515625; 19.1201171875
2026-07-28; 16:10:11; 2126; 978; 35.34; 1007.4990625; 19.1640625
2026-07-28; 16:11:11; 2220; 1188; 35.35; 1007.5067578125; 19.1875
2026-07-28; 16:12:11; 2287; 1333; 35.33; 1007.4753515625; 19.1630859375
2026-07-28; 16:13:11; 2336; 1428; 35.38; 1007.44359375; 19.130859375
2026-07-28; 16:14:11; 2374; 1515; 35.35; 1007.3689453125; 19.17578125
2026-07-28; 16:15:11; 2450; 1673; 35.29; 1007.4481640625; 19.2080078125
2026-07-28; 16:16:11; 2521; 1829; 35.2; 1007.45265625; 19.296875
2026-07-28; 16:17:11; 2533; 1855; 35.16; 1007.4921484375; 19.3173828125
2026-07-28; 16:18:11; 2493; 1768; 35.23; 1007.5193359375; 19.216796875
2026-07-28; 16:19:11; 2466; 1703; 35.27; 1007.4638671875; 19.171875
2026-07-28; 16:20:11; 2547; 1881; 35.25; 1007.5231640625; 19.2294921875
2026-07-28; 16:21:11; 2533; 1855; 35.32; 1007.4125390625; 19.1396484375
2026-07-28; 16:22:11; 2554; 1897; 35.28; 1007.45203125; 19.1953125
2026-07-28; 16:23:11; 2603; 2007; 35.32; 1007.4596875; 19.1513671875
2026-07-28; 16:24:11; 2666; 2132; 35.34; 1007.388828125; 19.15234375
2026-07-28; 16:25:11; 2666; 2132; 35.36; 1007.46734375; 19.1064453125
2026-07-28; 16:26:11; 2666; 2132; 35.34; 1007.49109375; 19.1513671875
2026-07-28; 16:27:11; 2645; 2099; 35.28; 1007.4600390625; 19.1845703125
2026-07-28; 16:28:11; 2697; 2203; 35.32; 1007.4045703125; 19.162109375
2026-07-28; 16:29:11; 2732; 2296; 35.31; 1007.3888671875; 19.1513671875
2026-07-28; 16:30:11; 2805; 2445; 35.35; 1007.3689453125; 19.15234375
2026-07-28; 16:31:11; 2842; 2524; 35.4; 1007.475; 19.142578125
2026-07-28; 16:32:11; 2952; 2745; 35.39; 1007.4868359375; 19.119140625
2026-07-28; 16:33:11; 3033; 2921; 35.38; 1007.44359375; 19.1767578125
2026-07-28; 16:34:11; 3159; 3187; 35.39; 1007.396484375; 19.1650390625
2026-07-28; 16:35:11; 3306; 3507; 35.41; 1007.372734375; 19.142578125
2026-07-28; 16:36:11; 3487; 3890; 35.43; 1007.3015234375; 19.12109375
2026-07-28; 16:37:11; 3728; 4405; 35.41; 1007.3804296875; 19.189453125
2026-07-28; 16:38:11; 3924; 4838; 35.38; 1007.30578125; 19.1884765625
2026-07-28; 16:39:11; 3904; 4806; 35.42; 1007.368515625; 19.12109375
2026-07-28; 16:40:11; 3844; 4678; 35.44; 1007.3172265625; 19.1220703125
2026-07-28; 16:41:11; 3782; 4520; 35.39; 1007.29390625; 19.119140625
2026-07-28; 16:42:12; 3782; 4520; 35.46; 1007.2934765625; 19.064453125
2026-07-28; 16:43:12; 3830; 4646; 35.43; 1007.2111328125; 19.12109375
2026-07-28; 16:44:12; 3924; 4838; 35.44; 1007.2544140625; 19.1328125
2026-07-28; 16:45:12; 4000; 4998; 35.43; 1007.2739453125; 19.1669921875
2026-07-28; 16:46:12; 4009; 5031; 35.42; 1007.2781640625; 19.1787109375
2026-07-28; 16:47:12; 3936; 4871; 35.44; 1007.23453125; 19.1103515625
2026-07-28; 16:48:12; 3956; 4911; 35.44; 1007.262109375; 19.14453125
2026-07-28; 16:49:12; 4009; 5031; 35.48; 1007.1597265625; 19.0888671875
2026-07-28; 16:50:12; 4050; 5114; 35.46; 1007.2107421875; 19.1455078125
2026-07-28; 16:51:12; 4144; 5291; 35.49; 1007.1202734375; 19.1005859375
2026-07-28; 16:52:12; 4268; 5564; 35.45; 1007.214921875; 19.1796875
2026-07-28; 16:53:12; 4244; 5512; 35.44; 1007.151796875; 19.1796875
2026-07-28; 16:54:12; 4164; 5334; 35.41; 1007.1598828125; 19.1201171875
2026-07-28; 16:55:12; 4144; 5291; 35.49; 1007.1754296875; 19.0888671875
2026-07-28; 16:56:12; 4124; 5249; 35.47; 1007.2267578125; 19.0771484375
2026-07-28; 16:57:12; 4050; 5114; 35.44; 1007.1165625; 19.12109375
2026-07-28; 16:58:12; 4100; 5198; 35.46; 1007.1755078125; 19.0986328125
2026-07-28; 16:59:12; 4124; 5249; 35.39; 1007.0932421875; 19.1767578125
2026-07-28; 17:00:12; 4124; 5249; 35.34; 1007.0776171875; 19.244140625
2026-07-28; 17:01:12; 4144; 5291; 35.33; 1007.0423828125; 19.220703125
2026-07-28; 17:02:12; 4066; 5155; 35.33; 1007.069921875; 19.255859375
2026-07-28; 17:03:12; 4000; 4998; 35.28; 1006.983515625; 19.23046875
2026-07-28; 17:04:12; 3882; 4758; 35.3; 1007.1330859375; 19.2666015625
2026-07-28; 17:05:12; 3654; 4249; 35.44; 1007.088984375; 19.0634765625
2026-07-28; 17:06:12; 3711; 4374; 35.38; 1007.0576953125; 19.142578125
2026-07-28; 17:07:12; 3749; 4443; 35.39; 1007.0932421875; 19.142578125
2026-07-28; 17:08:12; 3679; 4297; 35.44; 1007.0062890625; 19.0869140625
2026-07-28; 17:09:12; 3654; 4249; 35.48; 1007.049453125; 19.01953125
2026-07-28; 17:10:12; 3605; 4144; 35.51; 1007.033359375; 19.0087890625
2026-07-28; 17:11:12; 3527; 3981; 35.53; 1007.0647265625; 18.9521484375
2026-07-28; 17:12:12; 3500; 3919; 35.54; 1007.1003125; 18.998046875
2026-07-28; 17:13:12; 3626; 4188; 35.47; 1007.1087890625; 19.0771484375
2026-07-28; 17:14:12; 3760; 4474; 35.44; 1007.0966796875; 19.0986328125
2026-07-28; 17:15:12; 3844; 4678; 35.42; 1007.1204296875; 19.09765625
2026-07-28; 17:16:12; 4009; 5031; 35.43; 1007.100859375; 19.1328125
2026-07-28; 17:17:12; 4208; 5426; 35.41; 1007.014375; 19.189453125
2026-07-28; 17:18:12; 4232; 5469; 35.49; 1007.0375390625; 19.0888671875
2026-07-28; 17:19:12; 4268; 5564; 35.48; 1007.049453125; 19.0771484375
2026-07-28; 17:20:12; 4333; 5699; 35.48; 1006.994296875; 19.0654296875
2026-07-28; 17:21:12; 4396; 5839; 35.46; 1006.990234375; 19.111328125
2026-07-28; 17:22:12; 4442; 5940; 35.47; 1006.923515625; 19.111328125
2026-07-28; 17:23:12; 4563; 6202; 35.5; 1006.8326953125; 19.1005859375
2026-07-28; 17:24:12; 4673; 6421; 35.51; 1006.86796875; 19.11328125
2026-07-28; 17:25:13; 4857; 6830; 35.46; 1006.8998046875; 19.1337890625
2026-07-28; 17:26:13; 4947; 7001; 35.51; 1006.86796875; 19.1240234375
2026-07-28; 17:27:13; 5068; 7275; 35.46; 1006.872265625; 19.203125
2026-07-28; 17:28:13; 5250; 7642; 35.46; 1006.879921875; 19.1455078125
2026-07-28; 17:29:13; 5376; 7927; 35.49; 1006.9548828125; 19.1357421875
2026-07-28; 17:30:13; 5524; 8271; 35.52; 1006.903515625; 19.1708984375
2026-07-28; 17:31:13; 5629; 8490; 35.53; 1006.891640625; 19.13671875
2026-07-28; 17:32:13; 5629; 8490; 35.54; 1006.7969921875; 19.1259765625
2026-07-28; 17:33:13; 5672; 8577; 35.58; 1006.895; 19.0693359375
2026-07-28; 17:34:13; 5672; 8577; 35.67; 1006.8354296875; 19.00390625
2026-07-28; 17:35:13; 5710; 8670; 35.66; 1006.8473046875; 19.0380859375
2026-07-28; 17:36:13; 5710; 8670; 35.69; 1006.8667578125; 18.9814453125
2026-07-28; 17:37:13; 5710; 8670; 35.62; 1006.9224609375; 19.0478515625
2026-07-28; 17:38:13; 5955; 9171; 35.61; 1006.8041796875; 19.10546875
2026-07-28; 17:39:13; 6132; 9546; 35.56; 1006.8559375; 19.1376953125
2026-07-28; 17:40:13; 6372; 10055; 35.54; 1006.9073046875; 19.20703125
2026-07-28; 17:41:13; 6665; 10691; 35.48; 1006.876328125; 19.26171875
2026-07-28; 17:42:13; 6665; 10691; 35.48; 1006.9116015625; 19.2158203125
2026-07-28; 17:43:13; 6665; 10691; 35.4; 1006.9159765625; 19.29296875
2026-07-28; 17:44:13; 6520; 10365; 35.33; 1006.849453125; 19.37109375
2026-07-28; 17:45:13; 6318; 9938; 35.31; 1006.83765625; 19.37109375
2026-07-28; 17:46:13; 6098; 9470; 35.36; 1006.888515625; 19.314453125
2026-07-28; 17:47:13; 6001; 9270; 35.41; 1006.8015234375; 19.2587890625
2026-07-28; 17:48:13; 6001; 9270; 35.38; 1006.8019140625; 19.28125
2026-07-28; 17:49:13; 5842; 8922; 35.44; 1006.7934765625; 19.19140625
2026-07-28; 17:50:13; 5601; 8408; 35.5; 1006.7775390625; 19.1591796875
2026-07-28; 17:51:13; 5672; 8577; 35.45; 1006.6712890625; 19.2255859375
2026-07-28; 17:52:13; 5629; 8490; 35.49; 1006.7067578125; 19.181640625
2026-07-28; 17:53:13; 5481; 8179; 35.53; 1006.7338671875; 19.13671875
2026-07-28; 17:54:13; 5351; 7872; 35.54; 1006.7219921875; 19.0908203125
2026-07-28; 17:55:13; 5351; 7872; 35.5; 1006.667265625; 19.1240234375
2026-07-28; 17:56:13; 5155; 7454; 35.54; 1006.6591796875; 19.1259765625
2026-07-28; 17:57:13; 5210; 7577; 35.48; 1006.6634765625; 19.169921875
2026-07-28; 17:58:13; 5250; 7642; 35.46; 1006.7619921875; 19.203125
2026-07-28; 17:59:13; 5095; 7327; 35.46; 1006.797265625; 19.1806640625
2026-07-28; 18:00:13; 5001; 7130; 35.45; 1006.72640625; 19.15625
2026-07-28; 18:01:13; 5029; 7191; 35.47; 1006.6478125; 19.1689453125
2026-07-28; 18:02:13; 4972; 7068; 35.47; 1006.695234375; 19.1806640625
2026-07-28; 18:03:13; 5095; 7327; 35.42; 1006.679375; 19.236328125
2026-07-28; 18:04:13; 5180; 7508; 35.43; 1006.6322265625; 19.236328125
2026-07-28; 18:05:13; 5180; 7508; 35.47; 1006.70296875; 19.1923828125
2026-07-28; 18:06:13; 5180; 7508; 35.49; 1006.6791796875; 19.205078125
2026-07-28; 18:07:14; 5351; 7872; 35.44; 1006.6479296875; 19.283203125
2026-07-28; 18:08:14; 5376; 7927; 35.48; 1006.6083203125; 19.2041015625
2026-07-28; 18:09:14; 5376; 7927; 35.57; 1006.6786328125; 19.115234375
2026-07-28; 18:10:14; 5448; 8100; 35.55; 1006.647265625; 19.18359375
2026-07-28; 18:11:14; 5629; 8490; 35.53; 1006.6158984375; 19.2060546875
2026-07-28; 18:12:14; 5710; 8670; 35.59; 1006.6548046875; 19.150390625
2026-07-28; 18:13:14; 5797; 8826; 35.54; 1006.6316015625; 19.1953125
2026-07-28; 18:14:14; 5797; 8826; 35.57; 1006.6862890625; 19.1611328125
2026-07-28; 18:15:14; 5629; 8490; 35.63; 1006.6348046875; 19.0947265625
2026-07-28; 18:16:14; 5748; 8743; 35.55; 1006.6196875; 19.171875
2026-07-28; 18:17:14; 5916; 9086; 35.5; 1006.6319921875; 19.2392578125
2026-07-28; 18:18:14; 6098; 9470; 35.46; 1006.568984375; 19.2607421875
2026-07-28; 18:19:14; 6046; 9358; 35.42; 1006.5415234375; 19.3173828125
2026-07-28; 18:20:14; 6098; 9470; 35.33; 1006.573828125; 19.359375
2026-07-28; 18:21:14; 5916; 9086; 35.29; 1006.503125; 19.4267578125
2026-07-28; 18:22:14; 5748; 8743; 35.28; 1006.5780859375; 19.392578125
2026-07-28; 18:23:14; 5448; 8100; 35.26; 1006.511171875; 19.3681640625
2026-07-28; 18:24:14; 5310; 7784; 35.32; 1006.47546875; 19.3359375
2026-07-28; 18:25:14; 5351; 7872; 35.26; 1006.436484375; 19.3916015625
2026-07-28; 18:26:14; 5351; 7872; 35.33; 1006.372890625; 19.3251953125
2026-07-28; 18:27:14; 5422; 8033; 35.32; 1006.47546875; 19.37109375
2026-07-28; 18:28:14; 5210; 7577; 35.41; 1006.4431640625; 19.2705078125
2026-07-28; 18:29:14; 5210; 7577; 35.38; 1006.4237109375; 19.2578125
2026-07-28; 18:30:14; 5180; 7508; 35.4; 1006.455078125; 19.2470703125
2026-07-28; 18:31:14; 5029; 7191; 35.41; 1006.4431640625; 19.224609375
2026-07-28; 18:32:14; 5001; 7130; 35.39; 1006.466953125; 19.2353515625
2026-07-28; 18:33:14; 4972; 7068; 35.36; 1006.475078125; 19.314453125
2026-07-28; 18:34:14; 4886; 6879; 35.35; 1006.40421875; 19.291015625
2026-07-28; 18:35:14; 4773; 6649; 35.3; 1006.4361328125; 19.3349609375
2026-07-28; 18:36:14; 4637; 6363; 35.3; 1006.4361328125; 19.3349609375
2026-07-28; 18:37:14; 4541; 6143; 35.38; 1006.44359375; 19.24609375
2026-07-28; 18:38:14; 4417; 5885; 35.44; 1006.490234375; 19.1796875
2026-07-28; 18:39:14; 4468; 5985; 35.4; 1006.4275; 19.2353515625
2026-07-28; 18:40:14; 4515; 6087; 35.38; 1006.396171875; 19.24609375
2026-07-28; 18:41:14; 4515; 6087; 35.38; 1006.396171875; 19.26953125
2026-07-28; 18:42:14; 4589; 6259; 35.4; 1006.5025; 19.2587890625
2026-07-28; 18:43:14; 4611; 6306; 35.38; 1006.44359375; 19.24609375
2026-07-28; 18:44:14; 4563; 6202; 35.29; 1006.4559765625; 19.3232421875
2026-07-28; 18:45:14; 4379; 5794; 35.29; 1006.5306640625; 19.3466796875
2026-07-28; 18:46:14; 4208; 5426; 35.21; 1006.4487890625; 19.35546875
2026-07-28; 18:47:14; 4000; 4998; 35.21; 1006.4958984375; 19.3896484375
2026-07-28; 18:48:14; 3882; 4758; 35.16; 1006.42546875; 19.3759765625
2026-07-28; 18:49:15; 3654; 4249; 35.36; 1006.4475; 19.19921875
2026-07-28; 18:50:15; 3547; 4025; 35.38; 1006.553828125; 19.2001953125
2026-07-28; 18:51:15; 3460; 3827; 35.29; 1006.503125; 19.3232421875
2026-07-28; 18:52:15; 3383; 3679; 35.26; 1006.491640625; 19.2880859375
2026-07-28; 18:53:15; 3360; 3624; 35.2; 1006.425078125; 19.376953125
2026-07-28; 18:54:15; 3219; 3318; 35.19; 1006.4449609375; 19.353515625
2026-07-28; 18:55:15; 3192; 3259; 35.25; 1006.46796875; 19.3212890625
2026-07-28; 18:56:15; 3174; 3213; 35.19; 1006.417421875; 19.376953125
2026-07-28; 18:57:15; 3174; 3213; 35.14; 1006.4767578125; 19.41015625
2026-07-28; 18:58:15; 3147; 3168; 35.09; 1006.4258984375; 19.453125
2026-07-28; 18:59:15; 3132; 3135; 35.1; 1006.3589453125; 19.4765625
2026-07-28; 19:00:15; 3099; 3064; 35.06; 1006.433984375; 19.4755859375
2026-07-28; 19:01:15; 3081; 3017; 35.1; 1006.386484375; 19.4306640625
2026-07-28; 19:02:15; 2999; 2853; 35.26; 1006.4009765625; 19.2646484375
2026-07-28; 19:03:15; 2958; 2762; 35.23; 1006.436875; 19.296875
2026-07-28; 19:04:15; 2937; 2715; 35.2; 1006.350390625; 19.3193359375
2026-07-28; 19:05:15; 2937; 2715; 35.26; 1006.3733984375; 19.2646484375
2026-07-28; 19:06:15; 2989; 2829; 35.24; 1006.34234375; 19.3095703125
2026-07-28; 19:07:15; 2952; 2745; 35.25; 1006.33015625; 19.3447265625
2026-07-28; 19:08:15; 2929; 2697; 35.23; 1006.3541796875; 19.296875
2026-07-28; 19:09:15; 2834; 2506; 35.3; 1006.29828125; 19.25390625
2026-07-28; 19:10:15; 2872; 2589; 35.22; 1006.401328125; 19.34375
2026-07-28; 19:11:15; 2872; 2589; 35.2; 1006.3228515625; 19.28515625
2026-07-28; 19:12:15; 2842; 2524; 35.22; 1006.3462109375; 19.296875
2026-07-28; 19:13:15; 2799; 2422; 35.21; 1006.36609375; 19.2861328125
2026-07-28; 19:14:15; 2768; 2365; 35.19; 1006.279609375; 19.2734375
2026-07-28; 19:15:15; 2739; 2308; 35.24; 1006.2871875; 19.2861328125
2026-07-28; 19:16:15; 2628; 2056; 35.29; 1006.3181640625; 19.21875
2026-07-28; 19:17:15; 2654; 2110; 35.23; 1006.2516796875; 19.240234375
2026-07-28; 19:18:15; 2603; 2007; 35.16; 1006.1694921875; 19.294921875
2026-07-28; 19:19:15; 2589; 1972; 35.22; 1006.263515625; 19.296875
2026-07-28; 19:20:15; 2493; 1768; 35.18; 1006.2559375; 19.341796875
2026-07-28; 19:21:15; 2450; 1673; 35.19; 1006.271640625; 19.2958984375
2026-07-28; 19:22:15; 2419; 1613; 35.18; 1006.2559375; 19.353515625
2026-07-28; 19:23:15; 2428; 1633; 35.15; 1006.319140625; 19.375
2026-07-28; 19:24:15; 2443; 1658; 35.19; 1006.279609375; 19.2958984375
2026-07-28; 19:25:15; 2355; 1472; 35.25; 1006.2475; 19.228515625
2026-07-28; 19:26:15; 2393; 1557; 35.26; 1006.1608984375; 19.2294921875
2026-07-28; 19:27:15; 2419; 1613; 35.32; 1006.246953125; 19.208984375
2026-07-28; 19:28:15; 2450; 1673; 35.29; 1006.3101953125; 19.2421875
2026-07-28; 19:29:15; 2521; 1829; 35.27; 1006.3339453125; 19.2646484375
2026-07-28; 19:30:15; 2540; 1866; 35.18; 1006.2639453125; 19.341796875
2026-07-28; 19:31:16; 2563; 1917; 35.13; 1006.268203125; 19.3515625
2026-07-28; 19:32:16; 2466; 1703; 35.11; 1006.2564453125; 19.3271484375
2026-07-28; 19:33:16; 2405; 1583; 35.06; 1006.3512890625; 19.3828125
2026-07-28; 19:34:16; 2294; 1347; 35.15; 1006.327109375; 19.271484375
2026-07-28; 19:35:16; 2276; 1304; 35.1; 1006.303828125; 19.3154296875
2026-07-28; 19:36:16; 2220; 1188; 35.11; 1006.2288671875; 19.349609375
2026-07-28; 19:37:16; 2257; 1253; 35.2; 1006.2046484375; 19.23828125
2026-07-28; 19:38:16; 2263; 1276; 35.21; 1006.255859375; 19.2275390625
2026-07-28; 19:39:16; 2294; 1347; 35.16; 1006.232578125; 19.2490234375
2026-07-28; 19:40:16; 2305; 1371; 35.21; 1006.255859375; 19.2275390625
2026-07-28; 19:41:16; 2328; 1414; 35.25; 1006.2475; 19.1943359375
2026-07-28; 19:42:16; 2405; 1583; 35.2; 1006.185078125; 19.23828125
2026-07-28; 19:43:16; 2405; 1583; 35.26; 1006.18046875; 19.13671875
2026-07-28; 19:44:16; 2428; 1633; 35.29; 1006.255078125; 19.0693359375
2026-07-28; 19:45:16; 2466; 1703; 35.25; 1006.1923828125; 19.125
2026-07-28; 19:46:16; 2493; 1768; 35.2; 1006.14953125; 19.134765625
2026-07-28; 19:47:16; 2450; 1673; 35.23; 1006.1612890625; 18.9736328125
2026-07-28; 19:48:16; 2443; 1658; 35.19; 1006.1418359375; 19.076171875
2026-07-28; 19:49:16; 2461; 1688; 35.18; 1006.09859375; 19.0068359375
2026-07-28; 19:50:16; 2473; 1718; 35.22; 1006.1533203125; 19.01953125
2026-07-28; 19:51:16; 2547; 1881; 35.22; 1006.12578125; 19.1005859375
2026-07-28; 19:52:16; 2589; 1972; 35.18; 1006.071015625; 19.052734375
2026-07-28; 19:53:16; 2486; 1753; 35.24; 1006.157109375; 18.82421875
2026-07-28; 19:54:16; 2521; 1829; 35.26; 1006.1529296875; 18.9638671875
2026-07-28; 19:55:16; 2554; 1897; 35.18; 1006.09859375; 18.9716796875
2026-07-28; 19:56:16; 2603; 2007; 35.2; 1006.1023828125; 18.97265625
2026-07-28; 19:57:16; 2623; 2040; 35.18; 1006.126171875; 18.94921875
2026-07-28; 19:58:16; 2603; 2007; 35.24; 1006.0667578125; 19.0673828125
2026-07-28; 19:59:16; 2680; 2165; 35.22; 1006.098203125; 18.9853515625
2026-07-28; 20:00:16; 2709; 2235; 35.2; 1006.0944140625; 18.9609375
2026-07-28; 20:01:16; 2739; 2308; 35.22; 1006.12578125; 18.9970703125
2026-07-28; 20:02:16; 2834; 2506; 35.18; 1006.043515625; 19.0068359375
2026-07-28; 20:03:16; 2898; 2631; 35.25; 1006.035; 18.8828125
2026-07-28; 20:04:16; 2872; 2589; 35.24; 1006.074453125; 18.8125
2026-07-28; 20:05:16; 2834; 2506; 35.19; 1006.0040625; 18.8916015625
2026-07-28; 20:06:16; 2872; 2589; 35.2; 1006.039296875; 18.68359375
2026-07-28; 20:07:16; 2603; 2007; 35.29; 1006.015; 18.501953125
2026-07-28; 20:08:16; 2654; 2110; 35.18; 1006.0079296875; 18.6826171875
2026-07-28; 20:09:16; 2674; 2154; 35.19; 1006.0236328125; 18.7763671875
2026-07-28; 20:10:16; 2654; 2110; 35.27; 1006.058359375; 18.767578125
2026-07-28; 20:11:16; 2636; 2077; 35.16; 1006.03171875; 18.9130859375
2026-07-28; 20:12:16; 2666; 2132; 35.25; 1006.02703125; 18.7783203125
2026-07-28; 20:13:16; 2654; 2110; 35.3; 1006.105390625; 18.6416015625
2026-07-28; 20:14:17; 2715; 2251; 35.29; 1006.034609375; 18.69921875
2026-07-28; 20:15:17; 2739; 2308; 35.25; 1006.035; 18.673828125
2026-07-28; 20:16:17; 2715; 2251; 35.28; 1005.9637890625; 18.5947265625
2026-07-28; 20:17:17; 2715; 2251; 35.2; 1006.01171875; 18.70703125
2026-07-28; 20:18:17; 2715; 2251; 35.1; 1006.00078125; 18.7490234375
2026-07-28; 20:19:17; 2596; 1991; 35.4; 1005.95890625; 18.47265625
2026-07-28; 20:20:17; 2674; 2154; 35.3; 1006.003125; 18.69921875
2026-07-28; 20:21:17; 2654; 2110; 35.3; 1005.94; 18.6298828125
2026-07-28; 20:22:17; 2680; 2165; 35.2; 1006.039296875; 18.6953125
2026-07-28; 20:23:17; 2697; 2203; 35.21; 1006.035390625; 18.75390625
2026-07-28; 20:24:17; 2747; 2325; 35.25; 1005.9719140625; 18.673828125
2026-07-28; 20:25:17; 2761; 2354; 35.25; 1005.9523046875; 18.7548828125
2026-07-28; 20:26:17; 2778; 2387; 35.3; 1006.0502734375; 18.67578125
2026-07-28; 20:27:17; 2853; 2552; 35.37; 1005.939453125; 18.6328125
2026-07-28; 20:28:17; 2977; 2804; 35.26; 1005.9324609375; 18.6982421875
2026-07-28; 20:29:17; 2977; 2804; 35.35; 1006.0183984375; 18.6318359375
2026-07-28; 20:30:17; 3099; 3064; 35.36; 1005.9869140625; 18.6552734375
2026-07-28; 20:31:17; 3192; 3259; 35.25; 1006.02703125; 18.7666015625
2026-07-28; 20:32:17; 3241; 3374; 35.14; 1006.0279296875; 18.8662109375
2026-07-28; 20:33:17; 3266; 3427; 35.27; 1006.058359375; 18.8017578125
2026-07-28; 20:34:17; 3383; 3679; 35.36; 1006.0419921875; 18.7021484375
2026-07-28; 20:35:17; 3444; 3798; 35.38; 1006.0378125; 18.66796875
2026-07-28; 20:36:17; 3487; 3890; 35.37; 1006.0497265625; 18.6796875
2026-07-28; 20:37:17; 3547; 4025; 35.43; 1006.0058984375; 18.6005859375
2026-07-28; 20:38:17; 3728; 4405; 35.4; 1006.03390625; 18.7265625
2026-07-28; 20:39:17; 3866; 4726; 35.4; 1006.0416015625; 18.7265625
2026-07-28; 20:40:17; 3956; 4911; 35.42; 1006.065234375; 18.669921875
2026-07-28; 20:41:17; 4050; 5114; 35.41; 1006.1399609375; 18.73828125
2026-07-28; 20:42:17; 4232; 5469; 35.4; 1006.0416015625; 18.7265625
2026-07-28; 20:43:17; 4333; 5699; 35.41; 1006.057265625; 18.75
2026-07-28; 20:44:17; 4541; 6143; 35.39; 1006.0810546875; 18.7724609375
2026-07-28; 20:45:17; 4611; 6306; 35.4; 1006.03390625; 18.7724609375
2026-07-28; 20:46:17; 4723; 6527; 35.41; 1006.057265625; 18.78515625
2026-07-28; 20:47:17; 4886; 6879; 35.38; 1006.065390625; 18.818359375
2026-07-28; 20:48:17; 5129; 7400; 35.42; 1006.120390625; 18.796875
2026-07-28; 20:49:17; 5180; 7508; 35.44; 1006.104296875; 18.751953125
2026-07-28; 20:50:17; 5275; 7718; 35.41; 1006.0021484375; 18.796875
2026-07-28; 20:51:17; 5448; 8100; 35.4; 1006.0416015625; 18.853515625
2026-07-28; 20:52:17; 5710; 8670; 35.38; 1006.0852734375; 18.8759765625
2026-07-28; 20:53:17; 5955; 9171; 35.31; 1006.07390625; 18.9658203125
2026-07-28; 20:54:17; 6265; 9835; 35.27; 1006.196171875; 19.068359375
2026-07-28; 20:55:17; 6520; 10365; 35.2; 1006.1023828125; 19.0888671875
2026-07-28; 20:56:17; 6665; 10691; 35.23; 1006.086328125; 19.06640625
2026-07-28; 20:57:18; 6962; 11288; 35.23; 1006.1612890625; 19.1474609375
2026-07-28; 20:58:18; 7124; 11660; 35.24; 1006.157109375; 19.1474609375
2026-07-28; 20:59:18; 7255; 11942; 35.25; 1006.1096875; 19.11328125
2026-07-28; 21:00:18; 7424; 12313; 35.24; 1006.2122265625; 19.1591796875
2026-07-28; 21:01:18; 7566; 12607; 35.27; 1006.16859375; 19.1259765625
2026-07-28; 21:02:18; 7625; 12732; 35.29; 1006.1999609375; 19.126953125
2026-07-28; 21:03:18; 7691; 12918; 35.29; 1006.1803515625; 19.115234375
2026-07-28; 21:04:18; 7852; 13239; 35.26; 1006.1529296875; 19.171875
2026-07-28; 21:05:18; 7852; 13239; 35.28; 1006.21984375; 19.138671875
2026-07-28; 21:06:18; 8005; 13558; 35.25; 1006.25546875; 19.240234375
2026-07-28; 21:07:18; 8067; 13725; 35.24; 1006.1846875; 19.216796875
2026-07-28; 21:08:18; 8067; 13725; 35.27; 1006.3063671875; 19.171875
2026-07-28; 21:09:18; 8328; 14233; 35.21; 1006.22828125; 19.2626953125
2026-07-28; 21:10:18; 8328; 14233; 35.28; 1006.3220703125; 19.1953125
2026-07-28; 21:11:18; 8416; 14415; 35.18; 1006.3110546875; 19.306640625
2026-07-28; 21:12:18; 8489; 14589; 35.21; 1006.330546875; 19.2626953125
2026-07-28; 21:13:18; 8577; 14765; 35.27; 1006.361484375; 19.2646484375
2026-07-28; 21:14:18; 8760; 15150; 35.29; 1006.3181640625; 19.1962890625
2026-07-28; 21:15:18; 9031; 15737; 35.12; 1006.3823046875; 19.419921875
2026-07-28; 21:16:18; 9127; 15967; 35.11; 1006.4021875; 19.384765625
2026-07-28; 21:17:18; 9031; 15737; 35.19; 1006.38984375; 19.3310546875
2026-07-28; 21:18:18; 9031; 15737; 35.24; 1006.4326953125; 19.3095703125
2026-07-28; 21:19:18; 9225; 16176; 35.16; 1006.3348046875; 19.41015625
2026-07-28; 21:20:18; 9225; 16176; 35.2; 1006.342421875; 19.3310546875
2026-07-28; 21:21:18; 9225; 16176; 35.16; 1006.397890625; 19.3759765625
2026-07-28; 21:22:18; 9347; 16405; 35.19; 1006.3623046875; 19.353515625
2026-07-28; 21:23:18; 9447; 16618; 35.28; 1006.404765625; 19.2998046875
2026-07-28; 21:24:18; 9547; 16863; 35.24; 1006.452578125; 19.3447265625
2026-07-28; 21:25:18; 9650; 17083; 35.22; 1006.4840234375; 19.30859375
2026-07-28; 21:26:18; 9650; 17083; 35.27; 1006.53484375; 19.2880859375
2026-07-28; 21:27:18; 9773; 17321; 35.32; 1006.4674609375; 19.2314453125
2026-07-28; 21:28:18; 9773; 17321; 35.21; 1006.53140625; 19.35546875
2026-07-28; 21:29:18; 9896; 17566; 35.19; 1006.6298828125; 19.388671875
2026-07-28; 21:30:18; 10003; 17824; 35.18; 1006.594609375; 19.4111328125
2026-07-28; 21:31:18; 10138; 18116; 35.2; 1006.5628515625; 19.388671875
2026-07-28; 21:32:18; 10138; 18116; 35.19; 1006.55515625; 19.400390625
2026-07-28; 21:33:18; 10261; 18367; 35.3; 1006.601484375; 19.3349609375
2026-07-28; 21:34:18; 10261; 18367; 35.3; 1006.6369921875; 19.30078125
2026-07-28; 21:35:18; 10362; 18581; 35.22; 1006.5391015625; 19.3896484375
2026-07-28; 21:36:18; 10501; 18849; 35.24; 1006.57046875; 19.35546875
2026-07-28; 21:37:18; 10501; 18849; 35.2; 1006.61796875; 19.4228515625
2026-07-28; 21:38:18; 10501; 18849; 35.23; 1006.6022265625; 19.4013671875
2026-07-28; 21:39:19; 10620; 19132; 35.25; 1006.61375; 19.3798828125
2026-07-28; 21:40:19; 10620; 19132; 35.24; 1006.6255859375; 19.37890625
2026-07-28; 21:41:19; 10754; 19420; 35.25; 1006.5310546875; 19.3681640625
2026-07-28; 21:42:19; 10754; 19420; 35.26; 1006.5938671875; 19.3564453125
2026-07-28; 21:43:19; 10754; 19420; 35.25; 1006.61375; 19.3564453125
2026-07-28; 21:44:19; 10899; 19763; 35.2; 1006.6259765625; 19.435546875
2026-07-28; 21:45:19; 10899; 19763; 35.15; 1006.5751171875; 19.4560546875
2026-07-28; 21:46:19; 11049; 20106; 35.13; 1006.5712890625; 19.5009765625
2026-07-28; 21:47:19; 11049; 20106; 35.17; 1006.598515625; 19.48046875
2026-07-28; 21:48:19; 11203; 20380; 35.25; 1006.63328125; 19.40234375
2026-07-28; 21:49:19; 11203; 20380; 35.17; 1006.5709375; 19.46875
2026-07-28; 21:50:19; 11346; 20717; 35.22; 1006.5666796875; 19.447265625
2026-07-28; 21:51:19; 11346; 20717; 35.27; 1006.562421875; 19.3916015625
2026-07-28; 21:52:19; 11500; 21050; 35.29; 1006.538671875; 19.369140625
2026-07-28; 21:53:19; 11500; 21050; 35.19; 1006.4920703125; 19.4462890625
2026-07-28; 21:54:19; 11685; 21407; 35.36; 1006.53015625; 19.291015625
2026-07-28; 21:55:19; 11685; 21407; 35.15; 1006.5395703125; 19.513671875
2026-07-28; 21:56:19; 11685; 21407; 35.25; 1006.5034765625; 19.42578125
2026-07-28; 21:57:19; 11832; 21736; 35.16; 1006.5632421875; 19.5146484375
2026-07-28; 21:58:19; 11832; 21736; 35.14; 1006.61453125; 19.513671875
2026-07-28; 21:59:19; 12005; 22106; 35.29; 1006.5582421875; 19.4267578125
2026-07-28; 22:00:19; 12005; 22106; 35.29; 1006.696015625; 19.416015625
2026-07-28; 22:01:19; 12198; 22506; 35.22; 1006.6493359375; 19.458984375
2026-07-28; 22:02:19; 12005; 22106; 35.25; 1006.6412890625; 19.42578125
2026-07-28; 22:03:19; 12005; 22106; 35.2; 1006.68109375; 19.4931640625
2026-07-28; 22:04:19; 12198; 22506; 35.21; 1006.6612109375; 19.5048828125
2026-07-28; 22:05:19; 12198; 22506; 35.19; 1006.6654296875; 19.515625
2026-07-28; 22:06:19; 12198; 22506; 35.16; 1006.6734375; 19.5380859375
2026-07-28; 22:07:19; 12198; 22506; 35.17; 1006.7087109375; 19.5263671875
2026-07-28; 22:08:19; 12198; 22506; 35.09; 1006.6738671875; 19.638671875
2026-07-28; 22:09:19; 12352; 22847; 35.24; 1006.673046875; 19.494140625
2026-07-28; 22:10:19; 12352; 22847; 35.06; 1006.6819140625; 19.671875
2026-07-28; 22:11:19; 12532; 23235; 35.12; 1006.6658203125; 19.59375
2026-07-28; 22:12:19; 12532; 23235; 35.13; 1006.653984375; 19.58203125
2026-07-28; 22:13:19; 12532; 23235; 35.09; 1006.6383203125; 19.6494140625
2026-07-28; 22:14:19; 12746; 23677; 35.14; 1006.586953125; 19.5830078125
2026-07-28; 22:15:19; 12746; 23677; 35.22; 1006.6493359375; 19.5400390625
2026-07-28; 22:16:19; 12746; 23677; 35.1; 1006.5793359375; 19.650390625
2026-07-28; 22:17:19; 12746; 23677; 35.2; 1006.6259765625; 19.57421875
2026-07-28; 22:18:19; 12932; 24078; 35.12; 1006.5476171875; 19.6279296875
2026-07-28; 22:19:19; 12932; 24078; 35.27; 1006.6646484375; 19.5068359375
2026-07-28; 22:20:19; 12932; 24078; 35.05; 1006.5637109375; 19.7060546875
2026-07-28; 22:21:20; 13121; 24511; 35.11; 1006.622578125; 19.650390625
2026-07-28; 22:22:20; 13121; 24511; 35.15; 1006.5671484375; 19.62890625
2026-07-28; 22:23:20; 13121; 24511; 35.03; 1006.53234375; 19.7744140625
2026-07-28; 22:24:20; 13121; 24511; 35.03; 1006.5522265625; 19.7861328125
2026-07-28; 22:25:20; 13121; 24511; 35.18; 1006.5866015625; 19.619140625
2026-07-28; 22:26:20; 13121; 24511; 35.08; 1006.5755078125; 19.70703125
2026-07-28; 22:27:20; 13332; 24947; 35.14; 1006.5238671875; 19.6748046875
2026-07-28; 22:28:20; 13332; 24947; 35.06; 1006.516640625; 19.7646484375
2026-07-28; 22:29:20; 13332; 24947; 35.15; 1006.5475390625; 19.65234375
2026-07-28; 22:30:20; 13539; 25405; 35.26; 1006.4836328125; 19.564453125
2026-07-28; 22:31:20; 13539; 25405; 35.06; 1006.57171875; 19.7646484375
2026-07-28; 22:32:20; 13539; 25405; 34.89; 1006.5055859375; 19.9189453125
2026-07-28; 22:33:20; 13539; 25405; 35.04; 1006.5403125; 19.8095703125
2026-07-28; 22:34:20; 13539; 25405; 35.06; 1006.544140625; 19.787109375
2026-07-28; 22:35:20; 13539; 25405; 35.08; 1006.54; 19.7880859375
2026-07-28; 22:36:20; 13539; 25405; 35.08; 1006.54796875; 19.8232421875
2026-07-28; 22:37:20; 13539; 25405; 35.04; 1006.567890625; 19.8212890625
2026-07-28; 22:38:20; 13780; 25883; 35.2; 1006.5077734375; 19.677734375
2026-07-28; 22:39:20; 13780; 25883; 35.09; 1006.481015625; 19.77734375
2026-07-28; 22:40:20; 13780; 25883; 34.99; 1006.51703125; 19.876953125
2026-07-28; 22:41:20; 13780; 25883; 34.92; 1006.4699609375; 19.9775390625
2026-07-28; 22:42:20; 14008; 26373; 35.0; 1006.4776171875; 19.888671875
2026-07-28; 22:43:20; 14008; 26373; 34.84; 1006.46234375; 20.0556640625
2026-07-28; 22:44:20; 14008; 26373; 34.75; 1006.4588671875; 20.1552734375
2026-07-28; 22:45:20; 14008; 26373; 34.97; 1006.4936328125; 19.9453125
2026-07-28; 22:46:20; 14008; 26373; 34.96; 1006.47796875; 19.93359375
2026-07-28; 22:47:20; 14008; 26373; 34.81; 1006.4626953125; 20.064453125
2026-07-28; 22:48:20; 14008; 26373; 35.07; 1006.5323046875; 19.822265625
2026-07-28; 22:49:20; 14008; 26373; 34.96; 1006.47796875; 19.95703125
2026-07-28; 22:50:20; 14008; 26373; 34.72; 1006.521953125; 20.1875
2026-07-28; 22:51:20; 14253; 26884; 34.74; 1006.4982421875; 20.154296875
2026-07-28; 22:52:20; 14253; 26884; 34.76; 1006.620234375; 20.1669921875
2026-07-28; 22:53:20; 14253; 26884; 34.76; 1006.5847265625; 20.1435546875
2026-07-28; 22:54:20; 14253; 26884; 34.64; 1006.5894140625; 20.2998046875
2026-07-28; 22:55:20; 14253; 26884; 34.87; 1006.56453125; 20.056640625
2026-07-28; 22:56:20; 14253; 26884; 34.73; 1006.5376171875; 20.2119140625
2026-07-28; 22:57:20; 14511; 27448; 34.82; 1006.478359375; 20.0654296875
2026-07-28; 22:58:20; 14511; 27448; 34.83; 1006.5017578125; 20.0888671875
2026-07-28; 22:59:20; 14511; 27448; 34.5; 1006.5150390625; 20.4326171875
2026-07-28; 23:00:20; 14511; 27448; 34.85; 1006.52546875; 20.0322265625
2026-07-28; 23:01:20; 14253; 26884; 34.87; 1006.5017578125; 20.033203125
2026-07-28; 23:02:20; 14511; 27448; 34.98; 1006.55640625; 19.8876953125
2026-07-28; 23:03:20; 14511; 27448; 35.05; 1006.41828125; 19.810546875
2026-07-28; 23:04:21; 14253; 26884; 35.1; 1006.49671875; 19.765625
2026-07-28; 23:05:21; 14253; 26884; 34.91; 1006.517109375; 19.919921875
2026-07-28; 23:06:21; 14253; 26884; 34.61; 1006.5580078125; 20.2529296875
2026-07-28; 23:07:21; 14008; 26373; 34.68; 1006.5420703125; 20.1748046875
2026-07-28; 23:08:21; 14008; 26373; 34.82; 1006.478359375; 20.0654296875
2026-07-28; 23:09:21; 14008; 26373; 34.69; 1006.4277734375; 20.1171875
2026-07-28; 23:10:21; 14008; 26373; 34.85; 1006.42296875; 20.0087890625
2026-07-28; 23:11:21; 14008; 26373; 34.7; 1006.4633203125; 20.1640625
2026-07-28; 23:12:21; 13780; 25883; 34.67; 1006.4790234375; 20.1748046875
2026-07-28; 23:13:21; 13780; 25883; 34.64; 1006.4517578125; 20.23046875
2026-07-28; 23:14:21; 13780; 25883; 34.74; 1006.415625; 20.130859375
2026-07-28; 23:15:21; 13780; 25883; 34.67; 1006.4790234375; 20.185546875
2026-07-28; 23:16:21; 13780; 25883; 34.77; 1006.4902734375; 20.109375
2026-07-28; 23:17:21; 14008; 26373; 34.94; 1006.493359375; 19.9326171875
2026-07-28; 23:18:21; 14008; 26373; 34.86; 1006.438671875; 20.009765625
2026-07-28; 23:19:21; 14008; 26373; 34.77; 1006.43515625; 20.09765625
2026-07-28; 23:20:21; 14008; 26373; 34.72; 1006.466875; 20.1650390625
2026-07-28; 23:21:21; 14008; 26373; 34.55; 1006.566015625; 20.341796875
2026-07-28; 23:22:21; 14253; 26884; 34.81; 1006.5728515625; 20.099609375
2026-07-28; 23:23:21; 14253; 26884; 34.75; 1006.57703125; 20.09765625
2026-07-28; 23:24:21; 14253; 26884; 34.85; 1006.5805078125; 20.0439453125
2026-07-28; 23:25:21; 14253; 26884; 34.76; 1006.510078125; 20.12109375
2026-07-28; 23:26:21; 14511; 27448; 34.78; 1006.5334765625; 20.1103515625
2026-07-28; 23:27:21; 14253; 26884; 34.72; 1006.4944140625; 20.1533203125
2026-07-28; 23:28:21; 14511; 27448; 34.75; 1006.4944140625; 20.1669921875
2026-07-28; 23:29:21; 14511; 27448; 34.59; 1006.4716015625; 20.2978515625
