Datum; Uhrzeit; eCO2 (ppm); tVOC (ppb); Temperatur (°C); Luftdruck (hpPa); relative Luftfeuchte (%)
2026-07-20; 01:56:35; 403; 0; 34.24; 1007.94640625; 20.501953125
2026-07-20; 01:57:35; 400; 0; 34.35; 1007.9109765625; 20.4365234375
2026-07-20; 01:58:35; 405; 0; 34.38; 1007.903125; 20.369140625
2026-07-20; 01:59:35; 400; 0; 34.37; 1007.9149609375; 20.4267578125
2026-07-20; 02:00:35; 405; 0; 34.48; 1007.950546875; 20.3046875
2026-07-20; 02:01:35; 403; 0; 34.4; 1008.0171484375; 20.3466796875
2026-07-20; 02:02:35; 406; 0; 34.29; 1007.9975; 20.4580078125
2026-07-20; 02:03:35; 400; 0; 34.44; 1007.9423828125; 20.291015625
2026-07-20; 02:04:35; 403; 0; 34.41; 1007.9227734375; 20.3359375
2026-07-20; 02:05:35; 400; 0; 34.39; 1008.0289453125; 20.3349609375
2026-07-20; 02:06:35; 400; 0; 34.51; 1007.94265625; 20.224609375
2026-07-20; 02:07:35; 402; 0; 34.48; 1007.978046875; 20.2470703125
2026-07-20; 02:08:35; 405; 0; 34.55; 1007.9229296875; 20.1572265625
2026-07-20; 02:09:35; 403; 0; 34.38; 1007.966171875; 20.3349609375
2026-07-20; 02:10:35; 400; 0; 34.42; 1007.993515625; 20.3017578125
2026-07-20; 02:11:35; 403; 0; 34.42; 1007.8834375; 20.3134765625
2026-07-20; 02:12:35; 400; 0; 34.52; 1007.9228125; 20.2021484375
2026-07-20; 02:13:35; 406; 0; 34.62; 1007.8952734375; 20.1142578125
2026-07-20; 02:14:35; 400; 0; 34.58; 1007.8875; 20.1591796875
2026-07-20; 02:15:35; 400; 0; 34.5; 1007.91890625; 20.212890625
2026-07-20; 02:16:35; 402; 0; 34.49; 1007.96625; 20.2353515625
2026-07-20; 02:17:35; 400; 0; 34.38; 1008.0212109375; 20.3115234375
2026-07-20; 02:18:35; 403; 0; 34.48; 1007.978046875; 20.2001953125
2026-07-20; 02:19:35; 403; 0; 34.56; 1007.9111328125; 20.146484375
2026-07-20; 02:20:35; 405; 0; 34.51; 1008.0251953125; 20.1904296875
2026-07-20; 02:21:35; 400; 0; 34.66; 1007.97765625; 20.0361328125
2026-07-20; 02:22:35; 405; 0; 34.39; 1008.064453125; 20.2890625
2026-07-20; 02:23:35; 400; 0; 34.46; 1007.981875; 20.2001953125
2026-07-20; 02:24:35; 400; 0; 34.58; 1007.997578125; 20.1474609375
2026-07-20; 02:25:35; 405; 0; 34.64; 1007.97375; 20.0341796875
2026-07-20; 02:26:35; 400; 0; 34.47; 1007.98984375; 20.2001953125
2026-07-20; 02:27:35; 400; 0; 34.67; 1007.9581640625; 20.0009765625
2026-07-20; 02:28:35; 400; 0; 34.44; 1007.9782421875; 20.2109375
2026-07-20; 02:29:35; 402; 0; 34.61; 1007.9896875; 20.068359375
2026-07-20; 02:30:36; 400; 0; 34.51; 1007.9896875; 20.1435546875
2026-07-20; 02:31:36; 400; 0; 34.67; 1008.0132421875; 20.0009765625
2026-07-20; 02:32:36; 407; 1; 34.61; 1007.9621484375; 20.068359375
2026-07-20; 02:33:36; 403; 0; 34.59; 1008.0133203125; 20.0673828125
2026-07-20; 02:34:36; 400; 0; 34.47; 1007.9348046875; 20.2001953125
2026-07-20; 02:35:36; 400; 0; 34.72; 1008.03640625; 19.9453125
2026-07-20; 02:36:36; 406; 0; 34.68; 1007.946328125; 20.001953125
2026-07-20; 02:37:36; 423; 3; 34.67; 1007.9933984375; 20.0361328125
2026-07-20; 02:38:36; 423; 3; 34.65; 1007.9542578125; 20.01171875
2026-07-20; 02:39:36; 423; 3; 34.46; 1007.946640625; 20.2001953125
2026-07-20; 02:40:36; 423; 3; 34.54; 1007.962265625; 20.1572265625
2026-07-20; 02:41:36; 423; 3; 34.65; 1007.981796875; 20.0576171875
2026-07-20; 02:42:36; 423; 3; 34.4; 1007.989609375; 20.2314453125
2026-07-20; 02:43:36; 409; 1; 34.48; 1007.950546875; 20.166015625
2026-07-20; 02:44:36; 406; 0; 34.44; 1007.9423828125; 20.1982421875
2026-07-20; 02:45:36; 414; 2; 34.42; 1008.0210546875; 20.244140625
2026-07-20; 02:46:36; 414; 2; 34.54; 1007.989765625; 20.134765625
2026-07-20; 02:47:36; 414; 2; 34.5; 1008.001484375; 20.1787109375
2026-07-20; 02:48:36; 400; 0; 34.67; 1008.0132421875; 19.966796875
2026-07-20; 02:49:36; 406; 0; 34.67; 1008.0209375; 20.0244140625
2026-07-20; 02:50:36; 409; 1; 34.5; 1008.0094921875; 20.1435546875
2026-07-20; 02:51:36; 414; 2; 34.69; 1007.9895703125; 19.9560546875
2026-07-20; 02:52:36; 406; 0; 34.51; 1008.0172265625; 20.1318359375
2026-07-20; 02:53:36; 409; 1; 34.48; 1008.0055859375; 20.154296875
2026-07-20; 02:54:36; 405; 0; 34.5; 1007.981953125; 20.1435546875
2026-07-20; 02:55:36; 410; 1; 34.4; 1007.9976171875; 20.232421875
2026-07-20; 02:56:36; 414; 2; 34.46; 1007.946640625; 20.1650390625
2026-07-20; 02:57:36; 410; 1; 34.44; 1008.0249609375; 20.17578125
2026-07-20; 02:58:36; 405; 0; 34.48; 1008.033125; 20.142578125
2026-07-20; 02:59:36; 405; 0; 34.43; 1008.0092578125; 20.2099609375
2026-07-20; 03:00:36; 405; 0; 34.38; 1008.0212109375; 20.2431640625
2026-07-20; 03:01:36; 400; 0; 34.4; 1008.02515625; 20.2548828125
2026-07-20; 03:02:36; 400; 0; 34.36; 1008.036796875; 20.3564453125
2026-07-20; 03:03:36; 408; 1; 34.33; 1008.02515625; 20.34375
2026-07-20; 03:04:36; 403; 0; 34.35; 1008.0015625; 20.3212890625
2026-07-20; 03:05:36; 408; 1; 34.5; 1008.0094921875; 20.1904296875
2026-07-20; 03:06:36; 403; 0; 34.59; 1008.040859375; 20.08984375
2026-07-20; 03:07:36; 403; 0; 34.48; 1008.060625; 20.154296875
2026-07-20; 03:08:36; 403; 0; 34.51; 1008.052734375; 20.1328125
2026-07-20; 03:09:36; 403; 0; 34.51; 1008.1078125; 20.14453125
2026-07-20; 03:10:36; 403; 0; 34.44; 1008.0883203125; 20.1875
2026-07-20; 03:11:36; 403; 0; 34.56; 1008.1233203125; 20.0771484375
2026-07-20; 03:12:36; 403; 0; 34.33; 1008.032890625; 20.3212890625
2026-07-20; 03:13:37; 403; 0; 34.35; 1008.131171875; 20.3212890625
2026-07-20; 03:14:37; 405; 0; 34.45; 1008.0960546875; 20.2109375
2026-07-20; 03:15:37; 405; 0; 34.24; 1008.083984375; 20.3974609375
2026-07-20; 03:16:37; 405; 0; 34.45; 1008.1037890625; 20.234375
2026-07-20; 03:17:37; 405; 0; 34.33; 1008.1627734375; 20.3095703125
2026-07-20; 03:18:37; 400; 0; 34.37; 1008.107578125; 20.2529296875
2026-07-20; 03:19:37; 400; 0; 34.33; 1008.1705078125; 20.3447265625
2026-07-20; 03:20:37; 400; 0; 34.44; 1008.162578125; 20.2333984375
2026-07-20; 03:21:37; 405; 0; 34.47; 1008.210078125; 20.2119140625
2026-07-20; 03:22:37; 400; 0; 34.43; 1008.1744140625; 20.1982421875
2026-07-20; 03:23:37; 405; 0; 34.61; 1008.182421875; 20.044921875
2026-07-20; 03:24:37; 400; 0; 34.23; 1008.1783203125; 20.3740234375
2026-07-20; 03:25:37; 400; 0; 34.39; 1008.2491015625; 20.265625
2026-07-20; 03:26:37; 405; 0; 34.18; 1008.1547265625; 20.4521484375
2026-07-20; 03:27:37; 400; 0; 34.26; 1008.14296875; 20.3408203125
2026-07-20; 03:28:37; 400; 0; 34.3; 1008.1233203125; 20.30859375
2026-07-20; 03:29:37; 405; 0; 34.17; 1008.139296875; 20.4755859375
2026-07-20; 03:30:37; 405; 0; 34.21; 1008.1193359375; 20.4189453125
2026-07-20; 03:31:37; 405; 0; 34.28; 1008.1116796875; 20.353515625
2026-07-20; 03:32:37; 405; 0; 34.36; 1008.1548828125; 20.2880859375
2026-07-20; 03:33:37; 405; 0; 34.37; 1008.088046875; 20.2529296875
2026-07-20; 03:34:37; 405; 0; 34.22; 1008.162578125; 20.3740234375
2026-07-20; 03:35:37; 402; 0; 34.22; 1008.1351171875; 20.3974609375
2026-07-20; 03:36:37; 402; 0; 34.36; 1008.182421875; 20.2646484375
2026-07-20; 03:37:37; 402; 0; 34.33; 1008.1352734375; 20.2744140625
2026-07-20; 03:38:37; 402; 0; 34.24; 1008.131328125; 20.36328125
2026-07-20; 03:39:37; 400; 0; 34.3; 1008.178359375; 20.3193359375
2026-07-20; 03:40:37; 402; 0; 34.29; 1008.1351171875; 20.3193359375
2026-07-20; 03:41:37; 400; 0; 34.22; 1008.12734375; 20.384765625
2026-07-20; 03:42:37; 400; 0; 34.29; 1008.1626171875; 20.3076171875
2026-07-20; 03:43:37; 400; 0; 34.26; 1008.1627734375; 20.3291015625
2026-07-20; 03:44:37; 400; 0; 34.28; 1008.1469140625; 20.330078125
2026-07-20; 03:45:37; 407; 1; 34.32; 1008.1745703125; 20.2861328125
2026-07-20; 03:46:37; 400; 0; 34.15; 1008.2255859375; 20.4169921875
2026-07-20; 03:47:37; 407; 1; 34.15; 1008.1903515625; 20.439453125
2026-07-20; 03:48:37; 407; 1; 34.19; 1008.22546875; 20.4296875
2026-07-20; 03:49:37; 400; 0; 34.21; 1008.2294140625; 20.408203125
2026-07-20; 03:50:37; 407; 1; 34.2; 1008.2687109375; 20.384765625
2026-07-20; 03:51:37; 400; 0; 34.17; 1008.2493359375; 20.4404296875
2026-07-20; 03:52:37; 402; 0; 34.14; 1008.2846484375; 20.439453125
2026-07-20; 03:53:37; 402; 0; 34.16; 1008.2963671875; 20.4521484375
2026-07-20; 03:54:37; 402; 0; 34.12; 1008.3159375; 20.484375
2026-07-20; 03:55:37; 400; 0; 34.18; 1008.3748046875; 20.39453125
2026-07-20; 03:56:38; 402; 0; 34.2; 1008.2884765625; 20.384765625
2026-07-20; 03:57:38; 400; 0; 34.3; 1008.280703125; 20.2958984375
2026-07-20; 03:58:38; 400; 0; 34.32; 1008.3473828125; 20.2509765625
2026-07-20; 03:59:38; 402; 0; 34.3; 1008.3357421875; 20.2958984375
2026-07-20; 04:00:38; 405; 0; 34.15; 1008.335625; 20.474609375
2026-07-20; 04:01:38; 405; 0; 34.06; 1008.3041015625; 20.5283203125
2026-07-20; 04:02:38; 405; 0; 34.05; 1008.3356640625; 20.5615234375
2026-07-20; 04:03:38; 405; 0; 34.17; 1008.3594140625; 20.4404296875
2026-07-20; 04:04:38; 405; 0; 34.15; 1008.4104296875; 20.439453125
2026-07-20; 04:05:38; 400; 0; 34.2; 1008.29625; 20.408203125
2026-07-20; 04:06:38; 405; 0; 34.2; 1008.3985546875; 20.384765625
2026-07-20; 04:07:38; 400; 0; 34.07; 1008.4221484375; 20.5283203125
2026-07-20; 04:08:38; 400; 0; 34.14; 1008.3672265625; 20.439453125
2026-07-20; 04:09:38; 400; 0; 34.36; 1008.3670703125; 20.2646484375
2026-07-20; 04:10:38; 405; 0; 34.19; 1008.418046875; 20.3955078125
2026-07-20; 04:11:38; 405; 0; 34.03; 1008.4574609375; 20.5380859375
2026-07-20; 04:12:38; 400; 0; 34.19; 1008.3905859375; 20.41796875
2026-07-20; 04:13:38; 403; 0; 34.15; 1008.4456640625; 20.4287109375
2026-07-20; 04:14:38; 403; 0; 34.12; 1008.39078125; 20.47265625
2026-07-20; 04:15:38; 403; 0; 34.08; 1008.3828515625; 20.482421875
2026-07-20; 04:16:38; 403; 0; 34.0; 1008.437734375; 20.5830078125
2026-07-20; 04:17:38; 403; 0; 33.95; 1008.46109375; 20.615234375
2026-07-20; 04:18:38; 405; 0; 34.15; 1008.3829296875; 20.3935546875
2026-07-20; 04:19:38; 405; 0; 34.1; 1008.36703125; 20.44921875
2026-07-20; 04:20:38; 405; 0; 34.14; 1008.3947265625; 20.404296875
2026-07-20; 04:21:38; 405; 0; 34.05; 1008.4258984375; 20.5390625
2026-07-20; 04:22:38; 405; 0; 34.09; 1008.461328125; 20.4365234375
2026-07-20; 04:23:38; 400; 0; 34.11; 1008.430078125; 20.484375
2026-07-20; 04:24:38; 405; 0; 34.1; 1008.414296875; 20.4599609375
2026-07-20; 04:25:38; 400; 0; 33.96; 1008.45734375; 20.5810546875
2026-07-20; 04:26:38; 400; 0; 34.01; 1008.44546875; 20.572265625
2026-07-20; 04:27:38; 403; 0; 33.99; 1008.47703125; 20.6171875
2026-07-20; 04:28:38; 400; 0; 33.97; 1008.445546875; 20.58203125
2026-07-20; 04:29:38; 400; 0; 34.09; 1008.461328125; 20.42578125
2026-07-20; 04:30:38; 400; 0; 34.16; 1008.4537109375; 20.4052734375
2026-07-20; 04:31:38; 405; 0; 33.94; 1008.5278515625; 20.6025390625
2026-07-20; 04:32:38; 405; 0; 33.98; 1008.4337890625; 20.5703125
2026-07-20; 04:33:38; 400; 0; 33.95; 1008.4885546875; 20.6259765625
2026-07-20; 04:34:38; 405; 0; 34.03; 1008.5124609375; 20.5380859375
2026-07-20; 04:35:38; 405; 0; 33.97; 1008.473046875; 20.55859375
2026-07-20; 04:36:38; 405; 0; 33.86; 1008.5471484375; 20.6806640625
2026-07-20; 04:37:38; 405; 0; 34.01; 1008.5280078125; 20.548828125
2026-07-20; 04:38:38; 405; 0; 34.07; 1008.5123828125; 20.482421875
2026-07-20; 04:39:39; 400; 0; 34.0; 1008.539765625; 20.5478515625
2026-07-20; 04:40:39; 400; 0; 34.0; 1008.4847265625; 20.5595703125
2026-07-20; 04:41:39; 402; 0; 33.93; 1008.5201171875; 20.6025390625
2026-07-20; 04:42:39; 407; 1; 33.98; 1008.5162890625; 20.5244140625
2026-07-20; 04:43:39; 402; 0; 33.93; 1008.4926171875; 20.5908203125
2026-07-20; 04:44:39; 400; 0; 34.07; 1008.5123828125; 20.458984375
2026-07-20; 04:45:39; 402; 0; 34.06; 1008.5439453125; 20.447265625
2026-07-20; 04:46:39; 400; 0; 33.89; 1008.5473828125; 20.578125
2026-07-20; 04:47:39; 402; 0; 33.82; 1008.5471875; 20.6904296875
2026-07-20; 04:48:39; 400; 0; 34.02; 1008.5517578125; 20.548828125
2026-07-20; 04:49:39; 400; 0; 33.84; 1008.4881640625; 20.6904296875
2026-07-20; 04:50:39; 405; 0; 33.93; 1008.4845703125; 20.6259765625
2026-07-20; 04:51:39; 405; 0; 33.87; 1008.5158984375; 20.623046875
2026-07-20; 04:52:39; 405; 0; 33.94; 1008.480859375; 20.615234375
2026-07-20; 04:53:39; 405; 0; 34.08; 1008.5479296875; 20.4482421875
2026-07-20; 04:54:39; 405; 0; 33.86; 1008.5471484375; 20.6689453125
2026-07-20; 04:55:39; 405; 0; 34.01; 1008.5280078125; 20.537109375
2026-07-20; 04:56:39; 400; 0; 34.0; 1008.4847265625; 20.513671875
2026-07-20; 04:57:39; 405; 0; 33.91; 1008.508125; 20.61328125
2026-07-20; 04:58:39; 400; 0; 34.08; 1008.555625; 20.4599609375
2026-07-20; 04:59:39; 403; 0; 34.0; 1008.4927734375; 20.501953125
2026-07-20; 05:00:39; 403; 0; 33.99; 1008.5870703125; 20.501953125
2026-07-20; 05:01:39; 403; 0; 33.93; 1008.594609375; 20.5908203125
2026-07-20; 05:02:39; 403; 0; 33.87; 1008.5158984375; 20.6123046875
2026-07-20; 05:03:39; 403; 0; 33.83; 1008.609921875; 20.6904296875
2026-07-20; 05:04:39; 403; 0; 33.88; 1008.6061328125; 20.623046875
2026-07-20; 05:05:39; 403; 0; 33.82; 1008.6491796875; 20.6669921875
2026-07-20; 05:06:39; 400; 0; 33.8; 1008.6451953125; 20.7001953125
2026-07-20; 05:07:39; 400; 0; 33.78; 1008.5862109375; 20.7109375
2026-07-20; 05:08:39; 409; 1; 33.81; 1008.5784375; 20.689453125
2026-07-20; 05:09:39; 406; 0; 33.91; 1008.618125; 20.5791015625
2026-07-20; 05:10:39; 406; 0; 33.86; 1008.61015625; 20.6572265625
2026-07-20; 05:11:39; 406; 0; 33.86; 1008.6571484375; 20.6337890625
2026-07-20; 05:12:39; 406; 0; 33.73; 1008.633203125; 20.7548828125
2026-07-20; 05:13:39; 400; 0; 33.81; 1008.6333984375; 20.689453125
2026-07-20; 05:14:39; 406; 0; 33.86; 1008.6021484375; 20.6572265625
2026-07-20; 05:15:39; 406; 0; 33.82; 1008.6491796875; 20.677734375
2026-07-20; 05:16:39; 406; 0; 33.74; 1008.5939453125; 20.744140625
2026-07-20; 05:17:39; 400; 0; 33.95; 1008.6341015625; 20.5576171875
2026-07-20; 05:18:39; 406; 0; 33.79; 1008.574453125; 20.6884765625
2026-07-20; 05:19:39; 400; 0; 33.81; 1008.5784375; 20.6552734375
2026-07-20; 05:20:39; 403; 0; 33.81; 1008.5864453125; 20.6669921875
2026-07-20; 05:21:39; 403; 0; 33.74; 1008.5312109375; 20.744140625
2026-07-20; 05:22:40; 409; 1; 33.66; 1008.597734375; 20.8203125
2026-07-20; 05:23:40; 403; 0; 33.85; 1008.53140625; 20.6220703125
2026-07-20; 05:24:40; 403; 0; 33.85; 1008.6494140625; 20.599609375
2026-07-20; 05:25:40; 400; 0; 33.81; 1008.6333984375; 20.6318359375
2026-07-20; 05:26:40; 400; 0; 33.79; 1008.6569140625; 20.654296875
2026-07-20; 05:27:40; 405; 0; 33.77; 1008.6804296875; 20.6533203125
2026-07-20; 05:28:40; 405; 0; 33.76; 1008.6921875; 20.6875
2026-07-20; 05:29:40; 405; 0; 33.88; 1008.6886328125; 20.5888671875
2026-07-20; 05:30:40; 403; 0; 33.87; 1008.7634375; 20.5888671875
2026-07-20; 05:31:40; 403; 0; 33.82; 1008.7396875; 20.6552734375
2026-07-20; 05:32:40; 403; 0; 33.73; 1008.715703125; 20.720703125
2026-07-20; 05:33:40; 403; 0; 33.76; 1008.7471875; 20.7099609375
2026-07-20; 05:34:40; 403; 0; 33.59; 1008.74296875; 20.86328125
2026-07-20; 05:35:40; 403; 0; 33.78; 1008.723671875; 20.69921875
2026-07-20; 05:36:40; 403; 0; 33.74; 1008.78640625; 20.6748046875
2026-07-20; 05:37:40; 403; 0; 33.83; 1008.7829296875; 20.64453125
2026-07-20; 05:38:40; 400; 0; 33.78; 1008.751171875; 20.6533203125
2026-07-20; 05:39:40; 403; 0; 33.79; 1008.8219140625; 20.6650390625
2026-07-20; 05:40:40; 403; 0; 33.78; 1008.696171875; 20.6650390625
2026-07-20; 05:41:40; 403; 0; 33.79; 1008.739453125; 20.654296875
2026-07-20; 05:42:40; 400; 0; 33.74; 1008.73140625; 20.708984375
2026-07-20; 05:43:40; 400; 0; 33.86; 1008.7121484375; 20.576171875
2026-07-20; 05:44:40; 403; 0; 33.73; 1008.68046875; 20.697265625
2026-07-20; 05:45:40; 406; 0; 33.69; 1008.73515625; 20.73046875
2026-07-20; 05:46:40; 400; 0; 33.87; 1008.837890625; 20.5419921875
2026-07-20; 05:47:40; 406; 0; 33.74; 1008.8062109375; 20.6865234375
2026-07-20; 05:48:40; 406; 0; 33.58; 1008.734921875; 20.8291015625
2026-07-20; 05:49:40; 400; 0; 33.72; 1008.7746875; 20.673828125
2026-07-20; 05:50:40; 400; 0; 33.7; 1008.770703125; 20.73046875
2026-07-20; 05:51:40; 400; 0; 33.78; 1008.8141796875; 20.607421875
2026-07-20; 05:52:40; 403; 0; 33.81; 1008.7984375; 20.5859375
2026-07-20; 05:53:40; 403; 0; 33.81; 1008.8258984375; 20.6201171875
2026-07-20; 05:54:40; 403; 0; 33.75; 1008.7944140625; 20.6748046875
2026-07-20; 05:55:40; 403; 0; 33.69; 1008.8099609375; 20.71875
2026-07-20; 05:56:40; 403; 0; 33.72; 1008.837421875; 20.673828125
2026-07-20; 05:57:40; 403; 0; 33.73; 1008.7629296875; 20.708984375
2026-07-20; 05:58:40; 403; 0; 33.7; 1008.8059375; 20.7080078125
2026-07-20; 05:59:40; 403; 0; 33.72; 1008.809921875; 20.673828125
2026-07-20; 06:00:40; 403; 0; 33.61; 1008.73890625; 20.7958984375
2026-07-20; 06:01:40; 400; 0; 33.65; 1008.7821484375; 20.7626953125
2026-07-20; 06:02:40; 400; 0; 33.71; 1008.8139453125; 20.7080078125
2026-07-20; 06:03:40; 400; 0; 33.66; 1008.852890625; 20.740234375
2026-07-20; 06:04:40; 400; 0; 33.72; 1008.837421875; 20.685546875
2026-07-20; 06:05:41; 405; 0; 33.76; 1008.8296484375; 20.6181640625
2026-07-20; 06:06:41; 405; 0; 33.7; 1008.7784375; 20.71875
2026-07-20; 06:07:41; 405; 0; 33.57; 1008.79390625; 20.8056640625
2026-07-20; 06:08:41; 405; 0; 33.55; 1008.87234375; 20.8271484375
2026-07-20; 06:09:41; 405; 0; 33.71; 1008.92390625; 20.6845703125
2026-07-20; 06:10:41; 400; 0; 33.66; 1008.852890625; 20.751953125
2026-07-20; 06:11:41; 405; 0; 33.78; 1008.8611328125; 20.630859375
2026-07-20; 06:12:41; 400; 0; 33.62; 1008.9276171875; 20.76171875
2026-07-20; 06:13:41; 405; 0; 33.53; 1008.8683203125; 20.837890625
2026-07-20; 06:14:41; 400; 0; 33.69; 1008.87265625; 20.6845703125
2026-07-20; 06:15:41; 402; 0; 33.64; 1008.9041796875; 20.7392578125
2026-07-20; 06:16:41; 407; 1; 33.58; 1008.864609375; 20.7939453125
2026-07-20; 06:17:41; 407; 1; 33.68; 1008.959140625; 20.7294921875
2026-07-20; 06:18:41; 402; 0; 33.65; 1008.892109375; 20.7509765625
2026-07-20; 06:19:41; 407; 1; 33.64; 1008.8961328125; 20.705078125
2026-07-20; 06:20:41; 407; 1; 33.64; 1008.9511328125; 20.705078125
2026-07-20; 06:21:41; 402; 0; 33.64; 1008.8766796875; 20.693359375
2026-07-20; 06:22:41; 402; 0; 33.67; 1008.8961328125; 20.68359375
2026-07-20; 06:23:41; 407; 1; 33.76; 1008.94765625; 20.583984375
2026-07-20; 06:24:41; 409; 1; 33.62; 1008.9551171875; 20.76171875
2026-07-20; 06:25:41; 407; 1; 33.62; 1008.9276171875; 20.75
2026-07-20; 06:26:41; 409; 1; 33.54; 1008.9467578125; 20.8154296875
2026-07-20; 06:27:41; 407; 1; 33.51; 1008.9544921875; 20.802734375
2026-07-20; 06:28:41; 407; 1; 33.54; 1008.8841015625; 20.7919921875
2026-07-20; 06:29:41; 407; 1; 33.66; 1008.9001171875; 20.6826171875
2026-07-20; 06:30:41; 407; 1; 33.56; 1008.8958203125; 20.7587890625
2026-07-20; 06:31:41; 407; 1; 33.67; 1008.9433984375; 20.6376953125
2026-07-20; 06:32:41; 400; 0; 33.65; 1009.0020703125; 20.681640625
2026-07-20; 06:33:41; 400; 0; 33.69; 1008.9551171875; 20.626953125
2026-07-20; 06:34:41; 400; 0; 33.59; 1008.9628515625; 20.7255859375
2026-07-20; 06:35:41; 409; 1; 33.81; 1008.9633984375; 20.5400390625
2026-07-20; 06:36:41; 402; 0; 33.78; 1008.943671875; 20.5615234375
2026-07-20; 06:37:41; 409; 1; 33.76; 1008.92015625; 20.5380859375
2026-07-20; 06:38:41; 402; 0; 33.59; 1008.9353515625; 20.7490234375
2026-07-20; 06:39:41; 400; 0; 33.56; 1008.998046875; 20.7822265625
2026-07-20; 06:40:41; 400; 0; 33.82; 1008.9596875; 20.5400390625
2026-07-20; 06:41:41; 402; 0; 33.64; 1009.014140625; 20.693359375
2026-07-20; 06:42:41; 402; 0; 33.68; 1008.9041796875; 20.6025390625
2026-07-20; 06:43:41; 409; 1; 33.67; 1009.025859375; 20.671875
2026-07-20; 06:44:41; 402; 0; 33.77; 1008.9084375; 20.583984375
2026-07-20; 06:45:41; 409; 1; 33.67; 1008.9786328125; 20.6259765625
2026-07-20; 06:46:41; 402; 0; 33.83; 1008.939921875; 20.517578125
2026-07-20; 06:47:41; 409; 1; 33.81; 1008.9714453125; 20.494140625
2026-07-20; 06:48:42; 402; 0; 33.78; 1009.0341796875; 20.5498046875
2026-07-20; 06:49:42; 402; 0; 33.7; 1008.990625; 20.591796875
2026-07-20; 06:50:42; 402; 0; 33.83; 1008.939921875; 20.505859375
2026-07-20; 06:51:42; 402; 0; 33.76; 1008.9671484375; 20.5146484375
2026-07-20; 06:52:42; 400; 0; 33.74; 1009.03390625; 20.5361328125
2026-07-20; 06:53:42; 403; 0; 33.74; 1008.92390625; 20.60546875
2026-07-20; 06:54:42; 403; 0; 33.84; 1009.010625; 20.4951171875
2026-07-20; 06:55:42; 403; 0; 33.81; 1008.9714453125; 20.5283203125
2026-07-20; 06:56:42; 403; 0; 33.78; 1008.971171875; 20.515625
2026-07-20; 06:57:42; 406; 0; 33.87; 1008.9559375; 20.4853515625
2026-07-20; 06:58:42; 403; 0; 33.81; 1008.91640625; 20.5166015625
2026-07-20; 06:59:42; 406; 0; 33.82; 1008.9321875; 20.4716796875
2026-07-20; 07:00:42; 403; 0; 33.82; 1009.034140625; 20.5166015625
2026-07-20; 07:01:42; 406; 0; 33.89; 1008.979375; 20.427734375
2026-07-20; 07:02:42; 406; 0; 33.89; 1008.979375; 20.439453125
2026-07-20; 07:03:42; 406; 0; 33.86; 1008.9321484375; 20.484375
2026-07-20; 07:04:42; 406; 0; 33.98; 1009.003359375; 20.3623046875
2026-07-20; 07:05:42; 406; 0; 33.99; 1008.999609375; 20.36328125
2026-07-20; 07:06:42; 406; 0; 33.96; 1009.0348828125; 20.408203125
2026-07-20; 07:07:42; 406; 0; 33.96; 1009.0348828125; 20.3623046875
2026-07-20; 07:08:42; 406; 0; 34.14; 1009.0825390625; 20.185546875
2026-07-20; 07:09:42; 406; 0; 34.07; 1009.0625390625; 20.2744140625
2026-07-20; 07:10:42; 413; 1; 34.13; 1009.0194921875; 20.2080078125
2026-07-20; 07:11:42; 413; 1; 34.23; 1009.0588671875; 20.1552734375
2026-07-20; 07:12:42; 413; 1; 34.15; 1009.09828125; 20.220703125
2026-07-20; 07:13:42; 413; 1; 34.24; 1009.066875; 20.1318359375
2026-07-20; 07:14:42; 415; 2; 34.23; 1009.1138671875; 20.1435546875
2026-07-20; 07:15:42; 413; 1; 34.3; 1009.113984375; 20.1123046875
2026-07-20; 07:16:42; 415; 2; 34.35; 1009.1494921875; 20.0556640625
2026-07-20; 07:17:42; 415; 2; 34.29; 1009.145546875; 20.0537109375
2026-07-20; 07:18:42; 420; 3; 34.28; 1009.055; 20.099609375
2026-07-20; 07:19:42; 415; 2; 34.29; 1009.145546875; 20.0888671875
2026-07-20; 07:20:42; 413; 1; 34.25; 1009.1453515625; 20.0751953125
2026-07-20; 07:21:42; 413; 1; 34.3; 1009.1690625; 20.01953125
2026-07-20; 07:22:42; 406; 0; 34.36; 1009.173203125; 19.9765625
2026-07-20; 07:23:42; 406; 0; 34.41; 1009.133828125; 19.9091796875
2026-07-20; 07:24:42; 403; 0; 34.39; 1009.1103515625; 19.896484375
2026-07-20; 07:25:42; 403; 0; 34.35; 1009.1494921875; 19.90625
2026-07-20; 07:26:42; 405; 0; 34.42; 1009.1770703125; 19.8291015625
2026-07-20; 07:27:42; 405; 0; 34.45; 1009.0671484375; 19.841796875
2026-07-20; 07:28:42; 403; 0; 34.45; 1009.14203125; 19.7958984375
2026-07-20; 07:29:42; 400; 0; 34.44; 1009.1810546875; 19.794921875
2026-07-20; 07:30:42; 400; 0; 34.43; 1009.1928125; 19.794921875
2026-07-20; 07:31:43; 400; 0; 34.51; 1009.126328125; 19.7177734375
2026-07-20; 07:32:43; 405; 0; 34.54; 1009.1930859375; 19.6728515625
2026-07-20; 07:33:43; 400; 0; 34.54; 1009.1460546875; 19.6728515625
2026-07-20; 07:34:43; 402; 0; 34.66; 1009.181484375; 19.57421875
2026-07-20; 07:35:43; 400; 0; 34.61; 1009.248203125; 19.6064453125
2026-07-20; 07:36:43; 400; 0; 34.59; 1009.2247265625; 19.58203125
2026-07-20; 07:37:43; 403; 0; 34.62; 1009.2088671875; 19.537109375
2026-07-20; 07:38:43; 405; 0; 34.69; 1009.12625; 19.482421875
2026-07-20; 07:39:43; 400; 0; 34.75; 1009.1851171875; 19.416015625
2026-07-20; 07:40:43; 405; 0; 34.86; 1009.1576953125; 19.3515625
2026-07-20; 07:41:43; 405; 0; 34.8; 1009.23625; 19.3603515625
2026-07-20; 07:42:43; 400; 0; 34.74; 1009.2049609375; 19.392578125
2026-07-20; 07:43:43; 400; 0; 34.94; 1009.2480078125; 19.296875
2026-07-20; 07:44:43; 400; 0; 34.88; 1009.2244140625; 19.3173828125
2026-07-20; 07:45:43; 405; 0; 34.96; 1009.196796875; 19.2861328125
2026-07-20; 07:46:43; 405; 0; 34.92; 1009.1771875; 19.2158203125
2026-07-20; 07:47:43; 405; 0; 34.88; 1009.169296875; 19.306640625
2026-07-20; 07:48:43; 400; 0; 34.91; 1009.2440625; 19.25
2026-07-20; 07:49:43; 405; 0; 34.99; 1009.114296875; 19.1953125
2026-07-20; 07:50:43; 405; 0; 34.97; 1009.1852734375; 19.240234375
2026-07-20; 07:51:43; 400; 0; 35.08; 1009.1654296875; 19.1298828125
2026-07-20; 07:52:43; 405; 0; 35.1; 1009.1693359375; 19.083984375
2026-07-20; 07:53:43; 400; 0; 35.08; 1009.185; 19.1064453125
2026-07-20; 07:54:43; 400; 0; 35.19; 1009.25578125; 19.0302734375
2026-07-20; 07:55:43; 405; 0; 35.14; 1009.1966796875; 19.0625
2026-07-20; 07:56:43; 405; 0; 35.2; 1009.208359375; 19.0185546875
2026-07-20; 07:57:43; 405; 0; 35.19; 1009.2753515625; 19.0302734375
2026-07-20; 07:58:43; 405; 0; 35.17; 1009.2243359375; 19.041015625
2026-07-20; 07:59:43; 400; 0; 35.2; 1009.2359375; 19.0419921875
2026-07-20; 08:00:43; 405; 0; 35.15; 1009.2204296875; 19.0517578125
2026-07-20; 08:01:43; 405; 0; 35.28; 1009.2515234375; 18.94140625
2026-07-20; 08:02:43; 409; 1; 35.27; 1009.3380078125; 18.9638671875
2026-07-20; 08:03:43; 405; 0; 35.23; 1009.2203125; 18.9736328125
2026-07-20; 08:04:43; 405; 0; 35.34; 1009.282734375; 18.8740234375
2026-07-20; 08:05:43; 405; 0; 35.32; 1009.196171875; 18.873046875
2026-07-20; 08:06:43; 405; 0; 35.36; 1009.1843359375; 18.88671875
2026-07-20; 08:07:43; 405; 0; 35.36; 1009.2394921875; 18.88671875
2026-07-20; 08:08:43; 409; 1; 35.31; 1009.2435546875; 18.931640625
2026-07-20; 08:09:43; 409; 1; 35.36; 1009.156796875; 18.88671875
2026-07-20; 08:10:43; 405; 0; 35.38; 1009.1725390625; 18.8759765625
2026-07-20; 08:11:43; 409; 1; 35.4; 1009.2116796875; 18.8076171875
2026-07-20; 08:12:43; 405; 0; 35.53; 1009.180078125; 18.7666015625
2026-07-20; 08:13:43; 409; 1; 35.53; 1009.1525; 18.7431640625
2026-07-20; 08:14:44; 414; 2; 35.57; 1009.1878125; 18.69921875
2026-07-20; 08:15:44; 414; 2; 35.61; 1009.1679296875; 18.677734375
2026-07-20; 08:16:44; 409; 1; 35.67; 1009.1794921875; 18.6103515625
2026-07-20; 08:17:44; 409; 1; 35.68; 1009.16765625; 18.6103515625
2026-07-20; 08:18:44; 414; 2; 35.67; 1009.1991015625; 18.5869140625
2026-07-20; 08:19:44; 409; 1; 35.69; 1009.2109375; 18.611328125
2026-07-20; 08:20:44; 405; 0; 35.68; 1009.1596875; 18.6103515625
2026-07-20; 08:21:44; 409; 1; 35.68; 1009.2423828125; 18.6572265625
2026-07-20; 08:22:44; 414; 2; 35.66; 1009.19140625; 18.66796875
2026-07-20; 08:23:44; 409; 1; 35.67; 1009.1991015625; 18.6220703125
2026-07-20; 08:24:44; 409; 1; 35.69; 1009.1558203125; 18.6572265625
2026-07-20; 08:25:44; 409; 1; 35.72; 1009.1398046875; 18.6005859375
2026-07-20; 08:26:44; 405; 0; 35.71; 1009.206796875; 18.646484375
2026-07-20; 08:27:44; 405; 0; 35.7; 1009.1991015625; 18.599609375
2026-07-20; 08:28:44; 409; 1; 35.72; 1009.230546875; 18.6015625
2026-07-20; 08:29:44; 405; 0; 35.7; 1009.24625; 18.623046875
2026-07-20; 08:30:44; 409; 1; 35.71; 1009.2699609375; 18.6123046875
2026-07-20; 08:31:44; 405; 0; 35.7; 1009.2186328125; 18.611328125
2026-07-20; 08:32:44; 409; 1; 35.69; 1009.258125; 18.6455078125
2026-07-20; 08:33:44; 409; 1; 35.72; 1009.250078125; 18.6357421875
2026-07-20; 08:34:44; 409; 1; 35.75; 1009.2696875; 18.5791015625
2026-07-20; 08:35:44; 409; 1; 35.78; 1009.2616796875; 18.580078125
2026-07-20; 08:36:44; 409; 1; 35.78; 1009.269375; 18.568359375
2026-07-20; 08:37:44; 409; 1; 35.82; 1009.296953125; 18.5244140625
2026-07-20; 08:38:44; 409; 1; 35.87; 1009.237578125; 18.4912109375
2026-07-20; 08:39:44; 414; 2; 35.86; 1009.3322265625; 18.4912109375
2026-07-20; 08:40:44; 409; 1; 35.88; 1009.328046875; 18.5029296875
2026-07-20; 08:41:44; 409; 1; 35.89; 1009.316171875; 18.46875
2026-07-20; 08:42:44; 409; 1; 35.91; 1009.32; 18.4697265625
2026-07-20; 08:43:44; 405; 0; 35.94; 1009.2844140625; 18.423828125
2026-07-20; 08:44:44; 409; 1; 35.99; 1009.3003515625; 18.4033203125
2026-07-20; 08:45:44; 405; 0; 36.0; 1009.26859375; 18.345703125
2026-07-20; 08:46:44; 405; 0; 36.01; 1009.3670703125; 18.357421875
2026-07-20; 08:47:44; 405; 0; 36.03; 1009.3157421875; 18.3349609375
2026-07-20; 08:48:44; 405; 0; 36.05; 1009.2919921875; 18.3359375
2026-07-20; 08:49:44; 405; 0; 36.08; 1009.3391015625; 18.291015625
2026-07-20; 08:50:44; 405; 0; 36.11; 1009.2678515625; 18.2919921875
2026-07-20; 08:51:44; 400; 0; 36.14; 1009.3149609375; 18.2822265625
2026-07-20; 08:52:44; 400; 0; 36.15; 1009.433359375; 18.2822265625
2026-07-20; 08:53:44; 405; 0; 36.18; 1009.3701171875; 18.2255859375
2026-07-20; 08:54:44; 400; 0; 36.21; 1009.3068359375; 18.21484375
2026-07-20; 08:55:44; 400; 0; 36.22; 1009.3578515625; 18.1806640625
2026-07-20; 08:56:44; 403; 0; 36.25; 1009.3696484375; 18.1591796875
2026-07-20; 08:57:45; 400; 0; 36.29; 1009.4325; 18.1376953125
2026-07-20; 08:58:45; 403; 0; 36.29; 1009.3496875; 18.1376953125
2026-07-20; 08:59:45; 402; 0; 36.3; 1009.385; 18.1259765625
2026-07-20; 09:00:45; 406; 0; 36.29; 1009.4325; 18.1376953125
2026-07-20; 09:01:45; 402; 0; 36.32; 1009.424140625; 18.126953125
2026-07-20; 09:02:45; 406; 0; 36.35; 1009.380703125; 18.0927734375
2026-07-20; 09:03:45; 406; 0; 36.35; 1009.36078125; 18.0703125
2026-07-20; 09:04:45; 406; 0; 36.38; 1009.3526953125; 18.0712890625
2026-07-20; 09:05:45; 406; 0; 36.42; 1009.3526171875; 18.0263671875
2026-07-20; 09:06:45; 402; 0; 36.45; 1009.39171875; 18.015625
2026-07-20; 09:07:45; 402; 0; 36.46; 1009.3522265625; 18.0166015625
2026-07-20; 09:08:45; 402; 0; 36.48; 1009.4115234375; 17.994140625
2026-07-20; 09:09:45; 402; 0; 36.48; 1009.364296875; 17.994140625
2026-07-20; 09:10:45; 400; 0; 36.51; 1009.466640625; 17.9609375
2026-07-20; 09:11:45; 402; 0; 36.52; 1009.3638671875; 17.94921875
2026-07-20; 09:12:45; 400; 0; 36.55; 1009.4308984375; 17.9384765625
2026-07-20; 09:13:45; 407; 1; 36.57; 1009.46203125; 17.927734375
2026-07-20; 09:14:45; 407; 1; 36.58; 1009.4028515625; 17.9169921875
2026-07-20; 09:15:45; 407; 1; 36.6; 1009.48953125; 17.89453125
2026-07-20; 09:16:45; 400; 0; 36.59; 1009.4934375; 17.8818359375
2026-07-20; 09:17:45; 402; 0; 36.58; 1009.4857421875; 17.9169921875
2026-07-20; 09:18:45; 402; 0; 36.58; 1009.5409765625; 17.9052734375
2026-07-20; 09:19:45; 409; 1; 36.57; 1009.4976171875; 17.916015625
2026-07-20; 09:20:45; 402; 0; 36.58; 1009.4028515625; 17.9287109375
2026-07-20; 09:21:45; 402; 0; 36.59; 1009.438203125; 17.9052734375
2026-07-20; 09:22:45; 409; 1; 36.62; 1009.4933203125; 17.9189453125
2026-07-20; 09:23:45; 409; 1; 36.64; 1009.4890625; 17.8955078125
2026-07-20; 09:24:45; 411; 1; 36.66; 1009.500859375; 17.8271484375
2026-07-20; 09:25:45; 411; 1; 36.67; 1009.433671875; 17.8388671875
2026-07-20; 09:26:45; 409; 1; 36.69; 1009.4294921875; 17.81640625
2026-07-20; 09:27:45; 409; 1; 36.73; 1009.5122265625; 17.783203125
2026-07-20; 09:28:45; 409; 1; 36.72; 1009.559453125; 17.794921875
2026-07-20; 09:29:45; 409; 1; 36.72; 1009.524140625; 17.783203125
2026-07-20; 09:30:45; 409; 1; 36.71; 1009.5084375; 17.8291015625
2026-07-20; 09:31:45; 411; 1; 36.75; 1009.5159765625; 17.7958984375
2026-07-20; 09:32:45; 415; 2; 36.8; 1009.5116015625; 17.7509765625
2026-07-20; 09:33:45; 420; 3; 36.86; 1009.6055078125; 17.73046875
2026-07-20; 09:34:45; 424; 3; 36.87; 1009.5383203125; 17.6845703125
2026-07-20; 09:35:45; 428; 4; 36.91; 1009.538125; 17.6396484375
2026-07-20; 09:36:45; 428; 4; 36.9; 1009.53015625; 17.673828125
2026-07-20; 09:37:45; 428; 4; 36.94; 1009.53; 17.640625
2026-07-20; 09:38:45; 434; 5; 36.89; 1009.5420703125; 17.662109375
2026-07-20; 09:39:46; 434; 5; 36.86; 1009.4596484375; 17.6953125
2026-07-20; 09:40:46; 434; 5; 36.82; 1009.6059765625; 17.7060546875
2026-07-20; 09:41:46; 434; 5; 36.81; 1009.6101953125; 17.740234375
2026-07-20; 09:42:46; 434; 5; 36.8; 1009.6021875; 17.740234375
2026-07-20; 09:43:46; 434; 5; 36.81; 1009.4996875; 17.728515625
2026-07-20; 09:44:46; 436; 5; 36.79; 1009.551171875; 17.7392578125
2026-07-20; 09:45:46; 436; 5; 36.78; 1009.5630859375; 17.75
2026-07-20; 09:46:46; 436; 5; 36.78; 1009.57078125; 17.7744140625
2026-07-20; 09:47:46; 442; 6; 36.8; 1009.649765625; 17.7626953125
2026-07-20; 09:48:46; 446; 7; 36.77; 1009.60265625; 17.7734375
2026-07-20; 09:49:46; 446; 7; 36.76; 1009.559296875; 17.7724609375
2026-07-20; 09:50:46; 455; 8; 36.76; 1009.559296875; 17.8076171875
2026-07-20; 09:51:46; 450; 7; 36.77; 1009.60265625; 17.796875
2026-07-20; 09:52:46; 455; 8; 36.74; 1009.5632421875; 17.7958984375
2026-07-20; 09:53:46; 455; 8; 36.74; 1009.6184765625; 17.806640625
2026-07-20; 09:54:46; 455; 8; 36.75; 1009.5436328125; 17.7841796875
2026-07-20; 09:55:46; 459; 8; 36.75; 1009.5237109375; 17.8076171875
2026-07-20; 09:56:46; 455; 8; 36.74; 1009.555546875; 17.7841796875
2026-07-20; 09:57:46; 459; 8; 36.76; 1009.6498828125; 17.796875
2026-07-20; 09:58:46; 459; 8; 36.76; 1009.6145703125; 17.8544921875
2026-07-20; 09:59:46; 459; 8; 36.76; 1009.6421875; 17.8310546875
2026-07-20; 10:00:46; 459; 8; 36.82; 1009.63359375; 17.798828125
2026-07-20; 10:01:46; 461; 9; 36.8; 1009.53921875; 17.7392578125
2026-07-20; 10:02:46; 461; 9; 36.79; 1009.551171875; 17.80859375
2026-07-20; 10:03:46; 470; 10; 36.78; 1009.53546875; 17.78515625
2026-07-20; 10:04:46; 470; 10; 36.72; 1009.579375; 17.818359375
2026-07-20; 10:05:46; 470; 10; 36.77; 1009.63796875; 17.78515625
2026-07-20; 10:06:46; 470; 10; 36.81; 1009.5549609375; 17.7626953125
2026-07-20; 10:07:46; 459; 8; 36.75; 1009.57125; 17.7841796875
2026-07-20; 10:08:46; 470; 10; 36.72; 1009.6069921875; 17.8291015625
2026-07-20; 10:09:46; 461; 9; 36.68; 1009.559921875; 17.8857421875
2026-07-20; 10:10:46; 461; 9; 36.72; 1009.524140625; 17.8525390625
2026-07-20; 10:11:46; 461; 9; 36.65; 1009.540390625; 17.8388671875
2026-07-20; 10:12:46; 461; 9; 36.68; 1009.5242578125; 17.8974609375
2026-07-20; 10:13:46; 470; 10; 36.64; 1009.5166796875; 17.861328125
2026-07-20; 10:14:46; 461; 9; 36.62; 1009.5209375; 17.8720703125
2026-07-20; 10:15:46; 459; 8; 36.65; 1009.48515625; 17.861328125
2026-07-20; 10:16:46; 459; 8; 36.63; 1009.56421875; 17.826171875
2026-07-20; 10:17:46; 455; 8; 36.62; 1009.576171875; 17.8720703125
2026-07-20; 10:18:46; 455; 8; 36.6; 1009.5171484375; 17.89453125
2026-07-20; 10:19:46; 459; 8; 36.57; 1009.525234375; 17.974609375
2026-07-20; 10:20:46; 455; 8; 36.55; 1009.43859375; 17.927734375
2026-07-20; 10:21:46; 450; 7; 36.58; 1009.5881640625; 18.021484375
2026-07-20; 10:22:47; 450; 7; 36.58; 1009.513359375; 17.951171875
2026-07-20; 10:23:47; 450; 7; 36.54; 1009.478125; 17.8798828125
2026-07-20; 10:24:47; 455; 8; 36.56; 1009.5095703125; 17.962890625
2026-07-20; 10:25:47; 446; 7; 36.53; 1009.4428125; 17.9033203125
2026-07-20; 10:26:47; 450; 7; 36.57; 1009.46203125; 17.939453125
2026-07-20; 10:27:47; 450; 7; 36.55; 1009.4861328125; 17.892578125
2026-07-20; 10:28:47; 442; 6; 36.52; 1009.4743359375; 17.90234375
2026-07-20; 10:29:47; 436; 5; 36.52; 1009.4743359375; 17.9375
2026-07-20; 10:30:47; 434; 5; 36.55; 1009.5413671875; 17.880859375
2026-07-20; 10:31:47; 428; 4; 36.57; 1009.5725; 17.8701171875
2026-07-20; 10:32:47; 420; 3; 36.5; 1009.553359375; 17.9248046875
2026-07-20; 10:33:47; 415; 2; 36.56; 1009.5846875; 17.904296875
2026-07-20; 10:34:47; 415; 2; 36.51; 1009.549453125; 17.94921875
2026-07-20; 10:35:47; 411; 1; 36.52; 1009.5295703125; 17.8447265625
2026-07-20; 10:36:47; 415; 2; 36.55; 1009.5490625; 17.857421875
2026-07-20; 10:37:47; 411; 1; 36.52; 1009.5571484375; 17.8798828125
2026-07-20; 10:38:47; 415; 2; 36.5; 1009.553359375; 17.9130859375
2026-07-20; 10:39:47; 424; 3; 36.55; 1009.5214453125; 17.904296875
2026-07-20; 10:40:47; 411; 1; 36.57; 1009.525234375; 17.8232421875
2026-07-20; 10:41:47; 415; 2; 36.59; 1009.446171875; 17.9169921875
2026-07-20; 10:42:47; 415; 2; 36.59; 1009.4934375; 17.82421875
2026-07-20; 10:43:47; 411; 1; 36.6; 1009.461875; 17.8134765625
2026-07-20; 10:44:47; 409; 1; 36.62; 1009.4656640625; 17.7216796875
2026-07-20; 10:45:47; 402; 0; 36.62; 1009.5485546875; 17.779296875
2026-07-20; 10:46:47; 406; 0; 36.62; 1009.45765625; 17.8486328125
2026-07-20; 10:47:47; 406; 0; 36.65; 1009.44953125; 17.8037109375
2026-07-20; 10:48:47; 400; 0; 36.68; 1009.47703125; 17.7119140625
2026-07-20; 10:49:47; 408; 1; 36.7; 1009.4374609375; 17.7587890625
2026-07-20; 10:50:47; 400; 0; 36.65; 1009.48515625; 17.72265625
2026-07-20; 10:51:47; 400; 0; 36.68; 1009.5242578125; 17.6767578125
2026-07-20; 10:52:47; 402; 0; 36.72; 1009.496484375; 17.609375
2026-07-20; 10:53:47; 405; 0; 36.74; 1009.50796875; 17.64453125
2026-07-20; 10:54:47; 410; 1; 36.71; 1009.425546875; 17.689453125
2026-07-20; 10:55:47; 405; 0; 36.72; 1009.524140625; 17.62109375
2026-07-20; 10:56:47; 410; 1; 36.67; 1009.5165625; 17.619140625
2026-07-20; 10:57:47; 410; 1; 36.63; 1009.55625; 17.6748046875
2026-07-20; 10:58:47; 408; 1; 36.65; 1009.540390625; 17.6064453125
2026-07-20; 10:59:47; 408; 1; 36.67; 1009.571796875; 17.6416015625
2026-07-20; 11:00:47; 405; 0; 36.72; 1009.5517578125; 17.6318359375
2026-07-20; 11:01:47; 405; 0; 36.72; 1009.5318359375; 17.6318359375
2026-07-20; 11:02:47; 410; 1; 36.64; 1009.4418359375; 17.5947265625
2026-07-20; 11:03:47; 410; 1; 36.68; 1009.421796875; 17.583984375
2026-07-20; 11:04:48; 410; 1; 36.67; 1009.4060546875; 17.595703125
2026-07-20; 11:05:48; 410; 1; 36.71; 1009.453203125; 17.654296875
2026-07-20; 11:06:48; 410; 1; 36.66; 1009.390390625; 17.595703125
2026-07-20; 11:07:48; 410; 1; 36.61; 1009.3947265625; 17.5703125
2026-07-20; 11:08:48; 408; 1; 36.65; 1009.3746484375; 17.5830078125
2026-07-20; 11:09:48; 408; 1; 36.59; 1009.3909375; 17.6044921875
2026-07-20; 11:10:48; 405; 0; 36.67; 1009.3508203125; 17.548828125
2026-07-20; 11:11:48; 400; 0; 36.71; 1009.3780078125; 17.52734375
2026-07-20; 11:12:48; 406; 0; 36.62; 1009.2999609375; 17.5244140625
2026-07-20; 11:13:48; 405; 0; 36.68; 1009.386171875; 17.4453125
2026-07-20; 11:14:48; 405; 0; 36.65; 1009.3114453125; 17.478515625
2026-07-20; 11:15:48; 405; 0; 36.66; 1009.390390625; 17.4912109375
2026-07-20; 11:16:48; 405; 0; 36.58; 1009.39484375; 17.4990234375
2026-07-20; 11:17:48; 400; 0; 36.64; 1009.268125; 17.5244140625
2026-07-20; 11:18:48; 405; 0; 36.71; 1009.3703125; 17.48046875
2026-07-20; 11:19:48; 407; 1; 36.62; 1009.2170703125; 17.5126953125
2026-07-20; 11:20:48; 403; 0; 36.58; 1009.264765625; 17.46484375
2026-07-20; 11:21:48; 405; 0; 36.6; 1009.3158203125; 17.48828125
2026-07-20; 11:22:48; 405; 0; 36.65; 1009.3666796875; 17.443359375
2026-07-20; 11:23:48; 403; 0; 36.58; 1009.264765625; 17.40625
2026-07-20; 11:24:48; 403; 0; 36.62; 1009.2643359375; 17.4775390625
2026-07-20; 11:25:48; 400; 0; 36.57; 1009.27671875; 17.4521484375
2026-07-20; 11:26:48; 402; 0; 36.61; 1009.256640625; 17.4423828125
2026-07-20; 11:27:48; 402; 0; 36.62; 1009.327578125; 17.4658203125
2026-07-20; 11:28:48; 400; 0; 36.67; 1009.23234375; 17.375
2026-07-20; 11:29:48; 409; 1; 36.55; 1009.162421875; 17.4521484375
2026-07-20; 11:30:48; 406; 0; 36.59; 1009.225234375; 17.4296875
2026-07-20; 11:31:48; 406; 0; 36.58; 1009.154296875; 17.46484375
2026-07-20; 11:32:48; 400; 0; 36.58; 1009.1266796875; 17.4296875
2026-07-20; 11:33:48; 403; 0; 36.58; 1009.1819140625; 17.453125
2026-07-20; 11:34:48; 400; 0; 36.6; 1009.2329296875; 17.4541015625
2026-07-20; 11:35:48; 402; 0; 36.64; 1009.2484765625; 17.3974609375
2026-07-20; 11:36:48; 402; 0; 36.6; 1009.2329296875; 17.4072265625
2026-07-20; 11:37:48; 406; 0; 36.57; 1009.1858203125; 17.4404296875
2026-07-20; 11:38:48; 418; 2; 36.58; 1009.2371484375; 17.453125
2026-07-20; 11:39:48; 418; 2; 36.58; 1009.17390625; 17.4873046875
2026-07-20; 11:40:48; 418; 2; 36.67; 1009.2403515625; 17.3984375
2026-07-20; 11:41:48; 421; 3; 36.63; 1009.1775390625; 17.3623046875
2026-07-20; 11:42:48; 425; 3; 36.59; 1009.17; 17.4296875
2026-07-20; 11:43:48; 421; 3; 36.63; 1009.224765625; 17.419921875
2026-07-20; 11:44:48; 428; 4; 36.58; 1009.1266796875; 17.453125
2026-07-20; 11:45:48; 439; 5; 36.57; 1009.1662109375; 17.44140625
2026-07-20; 11:46:48; 439; 5; 36.55; 1009.0994921875; 17.4287109375
2026-07-20; 11:47:49; 435; 5; 36.56; 1009.087578125; 17.4404296875
2026-07-20; 11:48:49; 444; 6; 36.58; 1009.1462890625; 17.453125
2026-07-20; 11:49:49; 446; 7; 36.58; 1009.1819140625; 17.40625
2026-07-20; 11:50:49; 446; 7; 36.52; 1009.1509765625; 17.4619140625
2026-07-20; 11:51:49; 444; 6; 36.55; 1009.18234375; 17.462890625
2026-07-20; 11:52:49; 446; 7; 36.56; 1009.1151953125; 17.4638671875
2026-07-20; 11:53:49; 446; 7; 36.57; 1009.13859375; 17.4521484375
2026-07-20; 11:54:49; 450; 7; 36.59; 1009.1976171875; 17.41796875
2026-07-20; 11:55:49; 446; 7; 36.58; 1009.1819140625; 17.44140625
2026-07-20; 11:56:49; 455; 8; 36.53; 1009.0758203125; 17.427734375
2026-07-20; 11:57:49; 450; 7; 36.61; 1009.0829296875; 17.4189453125
2026-07-20; 11:58:49; 460; 9; 36.55; 1009.0994921875; 17.4287109375
2026-07-20; 11:59:49; 455; 8; 36.57; 1009.1109765625; 17.41796875
2026-07-20; 12:00:49; 463; 9; 36.51; 1009.0444140625; 17.4619140625
2026-07-20; 12:01:49; 465; 9; 36.55; 1009.1348046875; 17.4287109375
2026-07-20; 12:02:49; 465; 9; 36.57; 1009.083359375; 17.4521484375
2026-07-20; 12:03:49; 473; 11; 36.57; 1009.158203125; 17.4755859375
2026-07-20; 12:04:49; 482; 12; 36.56; 1009.1704296875; 17.486328125
2026-07-20; 12:05:49; 478; 11; 36.56; 1009.1151953125; 17.4404296875
2026-07-20; 12:06:49; 482; 12; 36.57; 1009.1662109375; 17.4638671875
2026-07-20; 12:07:49; 482; 12; 36.58; 1009.1462890625; 17.4296875
2026-07-20; 12:08:49; 482; 12; 36.53; 1009.158671875; 17.451171875
2026-07-20; 12:09:49; 487; 13; 36.51; 1009.1628515625; 17.4736328125
2026-07-20; 12:10:49; 487; 13; 36.52; 1009.17859375; 17.4970703125
2026-07-20; 12:11:49; 487; 13; 36.52; 1009.170546875; 17.4501953125
2026-07-20; 12:12:49; 492; 14; 36.53; 1009.1942578125; 17.439453125
2026-07-20; 12:13:49; 495; 14; 36.53; 1009.2415234375; 17.462890625
2026-07-20; 12:14:49; 495; 14; 36.51; 1009.2180859375; 17.4619140625
2026-07-20; 12:15:49; 502; 15; 36.53; 1009.1942578125; 17.474609375
2026-07-20; 12:16:49; 495; 14; 36.52; 1009.281015625; 17.4736328125
2026-07-20; 12:17:49; 502; 15; 36.48; 1009.2814453125; 17.484375
2026-07-20; 12:18:49; 495; 14; 36.45; 1009.3088671875; 17.5283203125
2026-07-20; 12:19:49; 502; 15; 36.5; 1009.34046875; 17.4736328125
2026-07-20; 12:20:49; 505; 15; 36.49; 1009.2615625; 17.4609375
2026-07-20; 12:21:49; 505; 15; 36.54; 1009.2295703125; 17.474609375
2026-07-20; 12:22:49; 514; 17; 36.56; 1009.233359375; 17.4521484375
2026-07-20; 12:23:49; 526; 19; 36.59; 1009.2172265625; 17.44140625
2026-07-20; 12:24:49; 526; 19; 36.6; 1009.2685546875; 17.4189453125
2026-07-20; 12:25:49; 526; 19; 36.61; 1009.256640625; 17.373046875
2026-07-20; 12:26:49; 531; 19; 36.52; 1009.281015625; 17.4384765625
2026-07-20; 12:27:49; 531; 19; 36.45; 1009.2536328125; 17.482421875
2026-07-20; 12:28:49; 531; 19; 36.53; 1009.2415234375; 17.486328125
2026-07-20; 12:29:49; 536; 20; 36.53; 1009.269140625; 17.439453125
2026-07-20; 12:30:50; 536; 20; 36.48; 1009.2734375; 17.4951171875
2026-07-20; 12:31:50; 539; 21; 36.56; 1009.2057421875; 17.4990234375
2026-07-20; 12:32:50; 551; 23; 36.57; 1009.2410546875; 17.4521484375
2026-07-20; 12:33:50; 555; 23; 36.51; 1009.2101171875; 17.4736328125
2026-07-20; 12:34:50; 564; 24; 36.48; 1009.1905859375; 17.5419921875
2026-07-20; 12:35:50; 567; 25; 36.51; 1009.19046875; 17.53125
2026-07-20; 12:36:50; 570; 25; 36.55; 1009.2176953125; 17.533203125
2026-07-20; 12:37:50; 580; 27; 36.54; 1009.1191015625; 17.4970703125
2026-07-20; 12:38:50; 580; 27; 36.5; 1009.194375; 17.484375
2026-07-20; 12:39:50; 591; 29; 36.49; 1009.1234765625; 17.5302734375
2026-07-20; 12:40:50; 591; 29; 36.52; 1009.0957421875; 17.4970703125
2026-07-20; 12:41:50; 596; 29; 36.54; 1009.1743359375; 17.5087890625
2026-07-20; 12:42:50; 603; 30; 36.52; 1009.170546875; 17.5087890625
2026-07-20; 12:43:50; 611; 32; 36.55; 1009.1071875; 17.544921875
2026-07-20; 12:44:50; 617; 33; 36.48; 1009.11578125; 17.5654296875
2026-07-20; 12:45:50; 617; 33; 36.5; 1009.1667578125; 17.5654296875
2026-07-20; 12:46:50; 617; 33; 36.44; 1009.182734375; 17.62109375
2026-07-20; 12:47:50; 617; 33; 36.48; 1009.1905859375; 17.576171875
2026-07-20; 12:48:50; 623; 33; 36.47; 1009.12765625; 17.6220703125
2026-07-20; 12:49:50; 631; 35; 36.52; 1009.0957421875; 17.61328125
2026-07-20; 12:50:50; 631; 35; 36.55; 1009.1348046875; 17.544921875
2026-07-20; 12:51:50; 637; 36; 36.5; 1009.1195703125; 17.56640625
2026-07-20; 12:52:50; 631; 35; 36.51; 1009.1076171875; 17.54296875
2026-07-20; 12:53:50; 643; 37; 36.51; 1009.127265625; 17.5888671875
2026-07-20; 12:54:50; 643; 37; 36.5; 1009.139140625; 17.5771484375
2026-07-20; 12:55:50; 646; 37; 36.51; 1009.0523828125; 17.58984375
2026-07-20; 12:56:50; 646; 37; 36.48; 1009.0329296875; 17.623046875
2026-07-20; 12:57:50; 653; 38; 36.53; 1009.1034375; 17.61328125
2026-07-20; 12:58:50; 653; 38; 36.53; 1009.1310546875; 17.625
2026-07-20; 12:59:50; 653; 38; 36.52; 1009.0601171875; 17.6123046875
2026-07-20; 13:00:50; 668; 40; 36.5; 1009.1115234375; 17.6123046875
2026-07-20; 13:01:50; 668; 40; 36.49; 1009.1314453125; 17.634765625
2026-07-20; 13:02:50; 668; 40; 36.5; 1009.091953125; 17.6240234375
2026-07-20; 13:03:50; 674; 41; 36.51; 1009.127265625; 17.6240234375
2026-07-20; 13:04:50; 674; 41; 36.51; 1009.0523828125; 17.6357421875
2026-07-20; 13:05:50; 682; 42; 36.54; 1009.091484375; 17.61328125
2026-07-20; 13:06:50; 686; 43; 36.49; 1009.0682421875; 17.634765625
2026-07-20; 13:07:50; 686; 43; 36.49; 1009.04859375; 17.658203125
2026-07-20; 13:08:50; 686; 43; 36.53; 1009.0837890625; 17.625
2026-07-20; 13:09:50; 699; 45; 36.5; 1009.0287109375; 17.669921875
2026-07-20; 13:10:50; 699; 45; 36.48; 1009.0525390625; 17.6689453125
2026-07-20; 13:11:50; 702; 46; 36.48; 1009.16296875; 17.6923828125
2026-07-20; 13:12:51; 702; 46; 36.56; 1009.1428125; 17.6376953125
2026-07-20; 13:13:51; 702; 46; 36.53; 1009.048203125; 17.66015625
2026-07-20; 13:14:51; 710; 47; 36.51; 1009.016796875; 17.6357421875
2026-07-20; 13:15:51; 710; 47; 36.52; 1009.0405078125; 17.6591796875
2026-07-20; 13:16:51; 717; 48; 36.49; 1009.0762109375; 17.681640625
2026-07-20; 13:17:51; 717; 48; 36.46; 1009.1116796875; 17.73828125
2026-07-20; 13:18:51; 717; 48; 36.47; 1009.174609375; 17.6689453125
2026-07-20; 13:19:51; 717; 48; 36.47; 1009.091796875; 17.6923828125
2026-07-20; 13:20:51; 730; 50; 36.47; 1009.14703125; 17.7265625
2026-07-20; 13:21:51; 730; 50; 36.44; 1009.107890625; 17.7255859375
2026-07-20; 13:22:51; 730; 50; 36.45; 1009.115625; 17.7373046875
2026-07-20; 13:23:51; 730; 50; 36.43; 1009.0645703125; 17.7255859375
2026-07-20; 13:24:51; 730; 50; 36.46; 1009.0760546875; 17.7265625
2026-07-20; 13:25:51; 737; 51; 36.45; 1009.12359375; 17.7373046875
2026-07-20; 13:26:51; 737; 51; 36.48; 1009.1353515625; 17.7041015625
2026-07-20; 13:27:51; 737; 51; 36.55; 1009.0795703125; 17.6494140625
2026-07-20; 13:28:51; 744; 52; 36.52; 1009.1429296875; 17.6943359375
2026-07-20; 13:29:51; 737; 51; 36.52; 1009.1429296875; 17.6943359375
2026-07-20; 13:30:51; 737; 51; 36.52; 1009.1429296875; 17.6708984375
2026-07-20; 13:31:51; 737; 51; 36.5; 1009.1195703125; 17.693359375
2026-07-20; 13:32:51; 744; 52; 36.5; 1009.091953125; 17.681640625
2026-07-20; 13:33:51; 744; 52; 36.49; 1009.0682421875; 17.7041015625
2026-07-20; 13:34:51; 744; 52; 36.51; 1009.1076171875; 17.705078125
2026-07-20; 13:35:51; 744; 52; 36.48; 1009.0329296875; 17.7158203125
2026-07-20; 13:36:51; 744; 52; 36.51; 1009.016796875; 17.6474609375
2026-07-20; 13:37:51; 737; 51; 36.49; 1008.985390625; 17.599609375
2026-07-20; 13:38:51; 674; 41; 36.54; 1008.9810546875; 17.462890625
2026-07-20; 13:39:51; 674; 41; 36.46; 1008.993203125; 17.6806640625
2026-07-20; 13:40:51; 699; 45; 36.41; 1009.06078125; 17.759765625
2026-07-20; 13:41:51; 702; 46; 36.45; 1009.0959765625; 17.7490234375
2026-07-20; 13:42:51; 717; 48; 36.45; 1009.060390625; 17.7138671875
2026-07-20; 13:43:51; 717; 48; 36.46; 1009.0484375; 17.7265625
2026-07-20; 13:44:51; 730; 50; 36.5; 1009.1471875; 17.705078125
2026-07-20; 13:45:51; 730; 50; 36.45; 1009.115625; 17.703125
2026-07-20; 13:46:51; 737; 51; 36.49; 1009.095859375; 17.681640625
2026-07-20; 13:47:51; 744; 52; 36.45; 1009.178828125; 17.7373046875
2026-07-20; 13:48:51; 737; 51; 36.49; 1009.15109375; 17.7392578125
2026-07-20; 13:49:51; 744; 52; 36.44; 1009.1275; 17.7490234375
2026-07-20; 13:50:51; 744; 52; 36.43; 1009.1118359375; 17.748046875
2026-07-20; 13:51:51; 744; 52; 36.44; 1009.1355078125; 17.7490234375
2026-07-20; 13:52:51; 752; 53; 36.44; 1009.072265625; 17.794921875
2026-07-20; 13:53:51; 752; 53; 36.46; 1009.1312890625; 17.75
2026-07-20; 13:54:51; 752; 53; 36.46; 1009.1312890625; 17.75
2026-07-20; 13:55:52; 752; 53; 36.42; 1009.0684765625; 17.771484375
2026-07-20; 13:56:52; 770; 56; 36.39; 1009.0569921875; 17.8056640625
2026-07-20; 13:57:52; 763; 55; 36.37; 1009.03328125; 17.81640625
2026-07-20; 13:58:52; 770; 56; 36.38; 1008.98609375; 17.81640625
2026-07-20; 13:59:52; 763; 55; 36.36; 1009.045234375; 17.8271484375
2026-07-20; 14:00:52; 770; 56; 36.35; 1009.07703125; 17.884765625
2026-07-20; 14:01:52; 770; 56; 36.38; 1009.06890625; 17.79296875
2026-07-20; 14:02:52; 763; 55; 36.4; 1009.1003125; 17.7939453125
2026-07-20; 14:03:52; 763; 55; 36.41; 1009.0804296875; 17.7587890625
2026-07-20; 14:04:52; 744; 52; 36.41; 1009.0804296875; 17.8173828125
2026-07-20; 14:05:52; 770; 56; 36.42; 1009.0132421875; 17.759765625
2026-07-20; 14:06:52; 744; 52; 36.41; 1009.108046875; 17.7705078125
2026-07-20; 14:07:52; 763; 55; 36.37; 1009.0608984375; 17.81640625
2026-07-20; 14:08:52; 763; 55; 36.4; 1009.1003125; 17.7822265625
2026-07-20; 14:09:52; 763; 55; 36.37; 1009.0608984375; 17.8046875
2026-07-20; 14:10:52; 752; 53; 36.42; 1009.0132421875; 17.771484375
2026-07-20; 14:11:52; 752; 53; 36.43; 1008.97375; 17.748046875
2026-07-20; 14:12:52; 763; 55; 36.38; 1009.02140625; 17.7587890625
2026-07-20; 14:13:52; 763; 55; 36.37; 1009.053203125; 17.81640625
2026-07-20; 14:14:52; 763; 55; 36.34; 1009.013828125; 17.8037109375
2026-07-20; 14:15:52; 752; 53; 36.34; 1009.0690234375; 17.814453125
2026-07-20; 14:16:52; 763; 55; 36.35; 1009.0494140625; 17.8037109375
2026-07-20; 14:17:52; 744; 52; 36.35; 1009.07703125; 17.814453125
2026-07-20; 14:18:52; 744; 52; 36.37; 1009.0255859375; 17.8046875
2026-07-20; 14:19:52; 763; 55; 36.39; 1009.0017578125; 17.7822265625
2026-07-20; 14:20:52; 752; 53; 36.4; 1008.9346484375; 17.7705078125
2026-07-20; 14:21:52; 744; 52; 36.37; 1008.95046875; 17.79296875
2026-07-20; 14:22:52; 752; 53; 36.39; 1008.9741796875; 17.7822265625
2026-07-20; 14:23:52; 744; 52; 36.43; 1008.98171875; 17.7373046875
2026-07-20; 14:24:52; 744; 52; 36.42; 1008.958046875; 17.748046875
2026-07-20; 14:25:52; 744; 52; 36.44; 1009.01703125; 17.7255859375
2026-07-20; 14:26:52; 752; 53; 36.41; 1008.9779296875; 17.748046875
2026-07-20; 14:27:52; 752; 53; 36.44; 1009.01703125; 17.7373046875
2026-07-20; 14:28:52; 744; 52; 36.48; 1009.0053125; 17.658203125
2026-07-20; 14:29:52; 744; 52; 36.45; 1009.013125; 17.71484375
2026-07-20; 14:30:52; 744; 52; 36.47; 1009.0365625; 17.7041015625
2026-07-20; 14:31:52; 752; 53; 36.44; 1009.01703125; 17.7255859375
2026-07-20; 14:32:52; 744; 52; 36.46; 1009.00125; 17.71484375
2026-07-20; 14:33:52; 752; 53; 36.44; 1009.025078125; 17.7255859375
2026-07-20; 14:34:52; 763; 55; 36.45; 1008.9855078125; 17.71484375
2026-07-20; 14:35:52; 752; 53; 36.44; 1008.9894140625; 17.7255859375
2026-07-20; 14:36:52; 763; 55; 36.43; 1009.0093359375; 17.7255859375
2026-07-20; 14:37:52; 752; 53; 36.46; 1008.9655859375; 17.71484375
2026-07-20; 14:38:53; 752; 53; 36.46; 1008.9655859375; 17.69140625
2026-07-20; 14:39:53; 752; 53; 36.43; 1008.9265234375; 17.7373046875
2026-07-20; 14:40:53; 744; 52; 36.45; 1008.957890625; 17.71484375
2026-07-20; 14:41:53; 744; 52; 36.46; 1008.9655859375; 17.703125
2026-07-20; 14:42:53; 752; 53; 36.46; 1008.993203125; 17.703125
2026-07-20; 14:43:53; 763; 55; 36.47; 1008.989609375; 17.6572265625
2026-07-20; 14:44:53; 744; 52; 36.46; 1008.9655859375; 17.703125
2026-07-20; 14:45:53; 752; 53; 36.43; 1009.0013671875; 17.736328125
2026-07-20; 14:46:53; 763; 55; 36.44; 1008.93421875; 17.7138671875
2026-07-20; 14:47:53; 752; 53; 36.44; 1008.9618359375; 17.7373046875
2026-07-20; 14:48:53; 752; 53; 36.43; 1008.9461328125; 17.7138671875
2026-07-20; 14:49:53; 763; 55; 36.39; 1008.9542578125; 17.7353515625
2026-07-20; 14:50:53; 752; 53; 36.48; 1008.886875; 17.6689453125
2026-07-20; 14:51:53; 744; 52; 36.48; 1008.942109375; 17.7041015625
2026-07-20; 14:52:53; 744; 52; 36.44; 1008.93421875; 17.7255859375
2026-07-20; 14:53:53; 752; 53; 36.44; 1008.914609375; 17.703125
2026-07-20; 14:54:53; 763; 55; 36.47; 1008.981328125; 17.6923828125
2026-07-20; 14:55:53; 752; 53; 36.44; 1008.9422265625; 17.69140625
2026-07-20; 14:56:53; 744; 52; 36.51; 1008.8787109375; 17.6357421875
2026-07-20; 14:57:53; 744; 52; 36.52; 1008.9496484375; 17.6123046875
2026-07-20; 14:58:53; 744; 52; 36.53; 1008.910078125; 17.61328125
2026-07-20; 14:59:53; 744; 52; 36.43; 1008.8908984375; 17.7255859375
2026-07-20; 15:00:53; 737; 51; 36.5; 1008.945859375; 17.646484375
2026-07-20; 15:01:53; 744; 52; 36.52; 1008.9496484375; 17.6240234375
2026-07-20; 15:02:53; 737; 51; 36.5; 1008.8630078125; 17.6240234375
2026-07-20; 15:03:53; 737; 51; 36.5; 1008.945859375; 17.6240234375
2026-07-20; 15:04:53; 737; 51; 36.49; 1008.9025390625; 17.634765625
2026-07-20; 15:05:53; 730; 50; 36.51; 1008.9339453125; 17.6123046875
2026-07-20; 15:06:53; 737; 51; 36.49; 1008.985390625; 17.634765625
2026-07-20; 15:07:53; 737; 51; 36.48; 1008.9697265625; 17.623046875
2026-07-20; 15:08:53; 730; 50; 36.53; 1008.9653515625; 17.5673828125
2026-07-20; 15:09:53; 730; 50; 36.59; 1008.976640625; 17.5
2026-07-20; 15:10:53; 730; 50; 36.49; 1008.985390625; 17.646484375
2026-07-20; 15:11:53; 730; 50; 36.5; 1008.9734765625; 17.5888671875
2026-07-20; 15:12:53; 730; 50; 36.51; 1008.9339453125; 17.5888671875
2026-07-20; 15:13:53; 730; 50; 36.58; 1008.98859375; 17.5458984375
2026-07-20; 15:14:53; 717; 48; 36.59; 1008.976640625; 17.5
2026-07-20; 15:15:53; 717; 48; 36.55; 1009.0243359375; 17.556640625
2026-07-20; 15:16:53; 717; 48; 36.48; 1008.9776953125; 17.623046875
2026-07-20; 15:17:53; 717; 48; 36.43; 1008.97375; 17.6669921875
2026-07-20; 15:18:53; 710; 47; 36.53; 1008.910078125; 17.5673828125
2026-07-20; 15:19:53; 717; 48; 36.51; 1008.941953125; 17.58984375
2026-07-20; 15:20:54; 717; 48; 36.49; 1008.9025390625; 17.634765625
2026-07-20; 15:21:54; 710; 47; 36.54; 1009.008671875; 17.5673828125
2026-07-20; 15:22:54; 717; 48; 36.63; 1008.9565625; 17.4892578125
2026-07-20; 15:23:54; 730; 50; 36.67; 1008.99171875; 17.4453125
2026-07-20; 15:24:54; 717; 48; 36.64; 1009.0275390625; 17.513671875
2026-07-20; 15:25:54; 717; 48; 36.74; 1008.975390625; 17.4013671875
2026-07-20; 15:26:54; 717; 48; 36.74; 1009.0306640625; 17.4013671875
2026-07-20; 15:27:54; 717; 48; 36.57; 1009.083359375; 17.5341796875
2026-07-20; 15:28:54; 730; 50; 36.64; 1009.074765625; 17.490234375
2026-07-20; 15:29:54; 730; 50; 36.66; 1009.169375; 17.4560546875
2026-07-20; 15:30:54; 717; 48; 36.71; 1009.066484375; 17.4228515625
2026-07-20; 15:31:54; 717; 48; 36.58; 1009.0990234375; 17.5107421875
2026-07-20; 15:32:54; 730; 50; 36.5; 1009.03671875; 17.6123046875
2026-07-20; 15:33:54; 730; 50; 36.61; 1009.0829296875; 17.5234375
2026-07-20; 15:34:54; 730; 50; 36.58; 1009.0714453125; 17.5693359375
2026-07-20; 15:35:54; 730; 50; 36.62; 1009.1066015625; 17.5244140625
2026-07-20; 15:36:54; 730; 50; 36.7; 1008.9955078125; 17.43359375
2026-07-20; 15:37:54; 737; 51; 36.67; 1009.12984375; 17.4794921875
2026-07-20; 15:38:54; 730; 50; 36.7; 1009.1336328125; 17.4228515625
2026-07-20; 15:39:54; 737; 51; 36.72; 1009.05453125; 17.423828125
2026-07-20; 15:40:54; 730; 50; 36.64; 1009.1023828125; 17.455078125
2026-07-20; 15:41:54; 737; 51; 36.63; 1009.0118359375; 17.5009765625
2026-07-20; 15:42:54; 737; 51; 36.63; 1009.0670703125; 17.4775390625
2026-07-20; 15:43:54; 737; 51; 36.59; 1009.05953125; 17.5341796875
2026-07-20; 15:44:54; 744; 52; 36.5; 1009.0643359375; 17.6123046875
2026-07-20; 15:45:54; 744; 52; 36.52; 1009.068125; 17.58984375
2026-07-20; 15:46:54; 744; 52; 36.55; 1009.1348046875; 17.5791015625
2026-07-20; 15:47:54; 737; 51; 36.43; 1009.1394140625; 17.6904296875
2026-07-20; 15:48:54; 744; 52; 36.51; 1009.127265625; 17.6123046875
2026-07-20; 15:49:54; 744; 52; 36.52; 1009.123359375; 17.56640625
2026-07-20; 15:50:54; 763; 55; 36.59; 1009.1344140625; 17.5224609375
2026-07-20; 15:51:54; 763; 55; 36.43; 1009.1394140625; 17.7021484375
2026-07-20; 15:52:54; 763; 55; 36.51; 1009.135234375; 17.6357421875
2026-07-20; 15:53:54; 770; 56; 36.61; 1009.20140625; 17.546875
2026-07-20; 15:54:54; 752; 53; 36.6; 1009.1224609375; 17.51171875
2026-07-20; 15:55:54; 752; 53; 36.6; 1009.2053125; 17.5693359375
2026-07-20; 15:56:54; 744; 52; 36.68; 1009.2204296875; 17.4453125
2026-07-20; 15:57:54; 744; 52; 36.57; 1009.1109765625; 17.615234375
2026-07-20; 15:58:54; 744; 52; 36.43; 1009.1750390625; 17.7021484375
2026-07-20; 15:59:54; 752; 53; 36.36; 1009.1832421875; 17.74609375
2026-07-20; 16:00:54; 744; 52; 36.51; 1009.0996484375; 17.6005859375
2026-07-20; 16:01:54; 744; 52; 36.54; 1009.201953125; 17.5673828125
2026-07-20; 16:02:54; 744; 52; 36.63; 1009.288046875; 17.4892578125
2026-07-20; 16:03:55; 737; 51; 36.71; 1009.184609375; 17.4580078125
2026-07-20; 16:04:55; 752; 53; 36.62; 1009.2170703125; 17.5009765625
2026-07-20; 16:05:55; 752; 53; 36.59; 1009.2172265625; 17.5341796875
2026-07-20; 16:06:55; 744; 52; 36.72; 1009.1650390625; 17.400390625
2026-07-20; 16:07:55; 737; 51; 36.71; 1009.1769140625; 17.3759765625
2026-07-20; 16:08:55; 730; 50; 36.51; 1009.127265625; 17.5546875
2026-07-20; 16:09:55; 730; 50; 36.71; 1009.212265625; 17.4228515625
2026-07-20; 16:10:55; 717; 48; 36.58; 1009.118671875; 17.4990234375
2026-07-20; 16:11:55; 730; 50; 36.69; 1009.15328125; 17.43359375
2026-07-20; 16:12:55; 717; 48; 36.68; 1009.1928125; 17.41015625
2026-07-20; 16:13:55; 730; 50; 36.7; 1009.1137109375; 17.3759765625
2026-07-20; 16:14:55; 717; 48; 36.72; 1009.19265625; 17.376953125
2026-07-20; 16:15:55; 717; 48; 36.64; 1009.1380078125; 17.4326171875
2026-07-20; 16:16:55; 710; 47; 36.64; 1009.1932421875; 17.455078125
2026-07-20; 16:17:55; 702; 46; 36.55; 1009.190078125; 17.521484375
2026-07-20; 16:18:55; 702; 46; 36.57; 1009.193828125; 17.544921875
2026-07-20; 16:19:55; 710; 47; 36.46; 1009.214140625; 17.587890625
2026-07-20; 16:20:55; 710; 47; 36.45; 1009.226015625; 17.64453125
2026-07-20; 16:21:55; 710; 47; 36.57; 1009.1858203125; 17.544921875
2026-07-20; 16:22:55; 702; 46; 36.53; 1009.158671875; 17.5439453125
2026-07-20; 16:23:55; 702; 46; 36.53; 1009.1862890625; 17.5556640625
2026-07-20; 16:24:55; 702; 46; 36.49; 1009.1590625; 17.5654296875
2026-07-20; 16:25:55; 699; 45; 36.48; 1009.1905859375; 17.587890625
2026-07-20; 16:26:55; 686; 43; 36.47; 1009.2021875; 17.6337890625
2026-07-20; 16:27:55; 699; 45; 36.56; 1009.1505078125; 17.533203125
2026-07-20; 16:28:55; 686; 43; 36.39; 1009.1950390625; 17.677734375
2026-07-20; 16:29:55; 686; 43; 36.39; 1009.1950390625; 17.677734375
2026-07-20; 16:30:55; 686; 43; 36.33; 1009.108515625; 17.7333984375
2026-07-20; 16:31:55; 686; 43; 36.58; 1009.1266796875; 17.5224609375
2026-07-20; 16:32:55; 682; 42; 36.5; 1009.139140625; 17.6005859375
2026-07-20; 16:33:55; 686; 43; 36.63; 1009.0591015625; 17.4658203125
2026-07-20; 16:34:55; 686; 43; 36.57; 1009.130625; 17.533203125
2026-07-20; 16:35:55; 686; 43; 36.7; 1009.1336328125; 17.3994140625
2026-07-20; 16:36:55; 686; 43; 36.74; 1009.1687890625; 17.3896484375
2026-07-20; 16:37:55; 682; 42; 36.5; 1009.1115234375; 17.5419921875
2026-07-20; 16:38:55; 686; 43; 36.55; 1009.1348046875; 17.556640625
2026-07-20; 16:39:55; 699; 45; 36.33; 1009.16375; 17.6982421875
2026-07-20; 16:40:55; 686; 43; 36.37; 1009.1084375; 17.7353515625
2026-07-20; 16:41:55; 686; 43; 36.24; 1009.140859375; 17.7998046875
2026-07-20; 16:42:55; 699; 45; 36.16; 1009.125625; 17.8662109375
2026-07-20; 16:43:55; 699; 45; 36.45; 1009.17078125; 17.64453125
2026-07-20; 16:44:55; 699; 45; 36.31; 1009.1246484375; 17.7900390625
2026-07-20; 16:45:55; 699; 45; 36.43; 1009.1394140625; 17.6787109375
2026-07-20; 16:46:56; 699; 45; 36.34; 1009.1518359375; 17.69921875
2026-07-20; 16:47:56; 699; 45; 36.28; 1009.0579296875; 17.80078125
2026-07-20; 16:48:56; 702; 46; 36.18; 1009.1216796875; 17.8662109375
2026-07-20; 16:49:56; 702; 46; 36.39; 1009.1475390625; 17.712890625
2026-07-20; 16:50:56; 699; 45; 36.28; 1009.1407421875; 17.77734375
2026-07-20; 16:51:56; 699; 45; 36.23; 1009.117421875; 17.810546875
2026-07-20; 16:52:56; 702; 46; 36.66; 1009.0589453125; 17.4912109375
2026-07-20; 16:53:56; 702; 46; 36.28; 1009.113125; 17.82421875
2026-07-20; 16:54:56; 710; 47; 36.21; 1009.11359375; 17.87890625
2026-07-20; 16:55:56; 702; 46; 36.26; 1009.054140625; 17.8349609375
2026-07-20; 16:56:56; 702; 46; 36.21; 1009.1412109375; 17.85546875
2026-07-20; 16:57:56; 710; 47; 36.2; 1009.0504296875; 17.8671875
2026-07-20; 16:58:56; 710; 47; 36.18; 1009.0466015625; 17.958984375
2026-07-20; 16:59:56; 717; 48; 36.22; 1009.13703125; 17.8330078125
2026-07-20; 17:00:56; 717; 48; 36.21; 1009.03078125; 17.90234375
2026-07-20; 17:01:56; 710; 47; 36.49; 1009.04859375; 17.6240234375
2026-07-20; 17:02:56; 710; 47; 36.35; 1009.057109375; 17.7109375
2026-07-20; 17:03:56; 702; 46; 36.14; 1008.92859375; 17.865234375
2026-07-20; 17:04:56; 702; 46; 36.3; 1008.9708984375; 17.8134765625
2026-07-20; 17:05:56; 710; 47; 36.14; 1008.9837890625; 17.9462890625
2026-07-20; 17:06:56; 710; 47; 36.31; 1008.9666796875; 17.8134765625
2026-07-20; 17:07:56; 702; 46; 36.33; 1008.9627734375; 17.7451171875
2026-07-20; 17:08:56; 710; 47; 36.32; 1009.0023046875; 17.802734375
2026-07-20; 17:09:56; 710; 47; 36.24; 1008.9751953125; 17.822265625
2026-07-20; 17:10:56; 702; 46; 36.15; 1008.9442578125; 17.900390625
2026-07-20; 17:11:56; 702; 46; 36.23; 1009.0069921875; 17.857421875
2026-07-20; 17:12:56; 702; 46; 36.15; 1008.9365625; 17.9111328125
2026-07-20; 17:13:56; 702; 46; 36.23; 1009.0069921875; 17.8798828125
2026-07-20; 17:14:56; 702; 46; 36.42; 1008.9304296875; 17.7138671875
2026-07-20; 17:15:56; 710; 47; 36.31; 1008.9666796875; 17.8134765625
2026-07-20; 17:16:56; 710; 47; 36.38; 1008.966171875; 17.7001953125
2026-07-20; 17:17:56; 710; 47; 36.49; 1009.0209765625; 17.6123046875
2026-07-20; 17:18:56; 710; 47; 36.27; 1008.959375; 17.80078125
2026-07-20; 17:19:56; 710; 47; 36.15; 1008.9641796875; 17.9462890625
2026-07-20; 17:20:56; 717; 48; 36.24; 1008.9675; 17.845703125
2026-07-20; 17:21:56; 717; 48; 36.5; 1008.92625; 17.6591796875
2026-07-20; 17:22:56; 717; 48; 36.28; 1008.93953125; 17.7890625
2026-07-20; 17:23:56; 717; 48; 36.34; 1008.978515625; 17.7685546875
2026-07-20; 17:24:56; 710; 47; 36.4; 1008.90703125; 17.712890625
2026-07-20; 17:25:56; 717; 48; 36.44; 1009.0526953125; 17.66796875
2026-07-20; 17:26:56; 717; 48; 36.27; 1009.0421875; 17.80078125
2026-07-20; 17:27:56; 710; 47; 36.58; 1008.9805859375; 17.5341796875
2026-07-20; 17:28:56; 710; 47; 36.53; 1009.0205859375; 17.5439453125
2026-07-20; 17:29:57; 717; 48; 36.49; 1009.0130078125; 17.658203125
2026-07-20; 17:30:57; 717; 48; 36.36; 1009.045234375; 17.7109375
2026-07-20; 17:31:57; 717; 48; 36.36; 1009.0926953125; 17.734375
2026-07-20; 17:32:57; 717; 48; 36.48; 1008.99734375; 17.6689453125
2026-07-20; 17:33:57; 730; 50; 36.47; 1008.981328125; 17.6572265625
2026-07-20; 17:34:57; 730; 50; 36.52; 1009.0048828125; 17.6240234375
2026-07-20; 17:35:57; 730; 50; 36.68; 1009.0074609375; 17.5146484375
2026-07-20; 17:36:57; 717; 48; 36.48; 1009.0053125; 17.634765625
2026-07-20; 17:37:57; 730; 50; 36.46; 1008.993203125; 17.6689453125
2026-07-20; 17:38:57; 730; 50; 36.21; 1009.003203125; 17.8671875
2026-07-20; 17:39:57; 717; 48; 36.09; 1009.023671875; 17.990234375
2026-07-20; 17:40:57; 717; 48; 36.08; 1008.9999609375; 18.0244140625
2026-07-20; 17:41:57; 730; 50; 36.37; 1009.0255859375; 17.76953125
2026-07-20; 17:42:57; 717; 48; 36.47; 1009.0365625; 17.6923828125
2026-07-20; 17:43:57; 730; 50; 36.61; 1008.9804296875; 17.5927734375
2026-07-20; 17:44:57; 717; 48; 36.59; 1008.9962890625; 17.580078125
2026-07-20; 17:45:57; 717; 48; 36.29; 1008.99078125; 17.8359375
2026-07-20; 17:46:57; 717; 48; 36.21; 1009.0108984375; 17.9140625
2026-07-20; 17:47:57; 710; 47; 36.39; 1009.009453125; 17.7470703125
2026-07-20; 17:48:57; 710; 47; 36.52; 1008.9496484375; 17.6826171875
2026-07-20; 17:49:57; 717; 48; 36.3; 1008.951015625; 17.84765625
2026-07-20; 17:50:57; 717; 48; 36.34; 1008.95859375; 17.826171875
2026-07-20; 17:51:57; 717; 48; 36.52; 1008.977265625; 17.6708984375
2026-07-20; 17:52:57; 730; 50; 36.28; 1008.9751171875; 17.8583984375
2026-07-20; 17:53:57; 717; 48; 36.39; 1008.9189453125; 17.7822265625
2026-07-20; 17:54:57; 717; 48; 36.49; 1008.9577734375; 17.669921875
2026-07-20; 17:55:57; 717; 48; 36.62; 1008.9408984375; 17.5478515625
2026-07-20; 17:56:57; 717; 48; 36.3; 1008.86046875; 17.87109375
2026-07-20; 17:57:57; 730; 50; 36.42; 1008.9108203125; 17.7255859375
2026-07-20; 17:58:57; 730; 50; 36.46; 1008.835546875; 17.75
2026-07-20; 17:59:57; 730; 50; 36.36; 1008.9071484375; 17.76953125
2026-07-20; 18:00:57; 730; 50; 36.27; 1008.8766015625; 17.8466796875
2026-07-20; 18:01:57; 730; 50; 36.42; 1008.875234375; 17.783203125
2026-07-20; 18:02:57; 730; 50; 36.37; 1008.7771484375; 17.8046875
2026-07-20; 18:03:57; 730; 50; 36.28; 1008.9198828125; 17.8935546875
2026-07-20; 18:04:57; 730; 50; 36.15; 1008.8537890625; 17.98046875
2026-07-20; 18:05:57; 717; 48; 36.23; 1008.786171875; 17.9384765625
2026-07-20; 18:06:57; 730; 50; 36.34; 1008.7300390625; 17.849609375
2026-07-20; 18:07:57; 730; 50; 36.3; 1008.8681640625; 17.859375
2026-07-20; 18:08:57; 730; 50; 36.31; 1008.8838671875; 17.8603515625
2026-07-20; 18:09:57; 737; 51; 36.28; 1008.8646875; 17.8935546875
2026-07-20; 18:10:57; 730; 50; 36.38; 1008.848046875; 17.79296875
2026-07-20; 18:11:57; 730; 50; 36.36; 1008.8795703125; 17.8271484375
2026-07-20; 18:12:58; 730; 50; 36.42; 1008.9108203125; 17.759765625
2026-07-20; 18:13:58; 744; 52; 36.33; 1008.8876953125; 17.8369140625
2026-07-20; 18:14:58; 737; 51; 36.23; 1008.8491015625; 17.94921875
2026-07-20; 18:15:58; 737; 51; 36.39; 1008.78859375; 17.83984375
2026-07-20; 18:16:58; 737; 51; 36.34; 1008.95859375; 17.826171875
2026-07-20; 18:17:58; 730; 50; 36.24; 1008.939921875; 17.9267578125
2026-07-20; 18:18:58; 737; 51; 36.32; 1009.0023046875; 17.8837890625
2026-07-20; 18:19:58; 730; 50; 36.29; 1008.9; 17.9052734375
2026-07-20; 18:20:58; 730; 50; 36.44; 1008.8869921875; 17.7841796875
2026-07-20; 18:21:58; 730; 50; 36.27; 1008.8766015625; 17.916015625
2026-07-20; 18:22:58; 730; 50; 36.31; 1008.9037890625; 17.8828125
2026-07-20; 18:23:58; 730; 50; 36.28; 1008.93953125; 17.9052734375
2026-07-20; 18:24:58; 730; 50; 36.19; 1008.924296875; 17.994140625
2026-07-20; 18:25:58; 717; 48; 36.28; 1008.892265625; 17.9287109375
2026-07-20; 18:26:58; 717; 48; 36.3; 1008.915703125; 17.90625
2026-07-20; 18:27:58; 717; 48; 36.29; 1008.9; 17.9052734375
2026-07-20; 18:28:58; 702; 46; 36.35; 1008.9190625; 17.837890625
2026-07-20; 18:29:58; 702; 46; 36.22; 1008.9162109375; 17.9375
2026-07-20; 18:30:58; 702; 46; 36.41; 1008.9147265625; 17.8056640625
2026-07-20; 18:31:58; 699; 45; 36.14; 1008.8380859375; 18.00390625
2026-07-20; 18:32:58; 699; 45; 36.23; 1008.9319140625; 17.9609375
2026-07-20; 18:33:58; 699; 45; 36.33; 1008.9351953125; 17.8837890625
2026-07-20; 18:34:58; 702; 46; 36.47; 1008.92609375; 17.73828125
2026-07-20; 18:35:58; 702; 46; 36.43; 1008.86328125; 17.794921875
2026-07-20; 18:36:58; 702; 46; 36.36; 1008.934765625; 17.8388671875
2026-07-20; 18:37:58; 699; 45; 36.41; 1008.839921875; 17.8173828125
2026-07-20; 18:38:58; 699; 45; 36.38; 1008.848046875; 17.8623046875
2026-07-20; 18:39:58; 699; 45; 36.11; 1008.881484375; 18.072265625
2026-07-20; 18:40:58; 702; 46; 36.07; 1008.9370703125; 18.10546875
2026-07-20; 18:41:58; 699; 45; 36.44; 1008.8790234375; 17.7724609375
2026-07-20; 18:42:58; 699; 45; 36.41; 1008.9147265625; 17.8056640625
2026-07-20; 18:43:58; 686; 43; 36.61; 1008.9171875; 17.6630859375
2026-07-20; 18:44:58; 686; 43; 36.64; 1008.936640625; 17.5712890625
2026-07-20; 18:45:59; 686; 43; 36.42; 1008.9108203125; 17.748046875
2026-07-20; 18:46:59; 682; 42; 36.33; 1008.9627734375; 17.814453125
2026-07-20; 18:47:59; 682; 42; 36.5; 1008.945859375; 17.658203125
2026-07-20; 18:48:59; 674; 41; 36.03; 1008.976875; 18.0693359375
2026-07-20; 18:49:59; 674; 41; 36.45; 1008.957890625; 17.7373046875
2026-07-20; 18:50:59; 674; 41; 36.27; 1008.959375; 17.8701171875
2026-07-20; 18:51:59; 674; 41; 36.27; 1009.0066015625; 17.904296875
2026-07-20; 18:52:59; 674; 41; 36.4; 1009.0451171875; 17.8173828125
2026-07-20; 18:53:59; 674; 41; 36.02; 1008.996484375; 18.103515625
2026-07-20; 18:54:59; 674; 41; 36.16; 1009.0351171875; 17.9931640625
2026-07-20; 18:55:59; 674; 41; 36.09; 1009.023671875; 18.048828125
2026-07-20; 18:56:59; 674; 41; 36.35; 1009.001875; 17.826171875
2026-07-20; 18:57:59; 674; 41; 36.16; 1008.96; 17.970703125
2026-07-20; 18:58:59; 674; 41; 36.26; 1009.054140625; 17.892578125
2026-07-20; 18:59:59; 674; 41; 36.41; 1009.0528125; 17.8173828125
2026-07-20; 19:00:59; 674; 41; 36.5; 1009.0091015625; 17.716796875
2026-07-20; 19:01:59; 682; 42; 36.37; 1008.9780859375; 17.8505859375
2026-07-20; 19:02:59; 682; 42; 36.52; 1009.0048828125; 17.716796875
2026-07-20; 19:03:59; 682; 42; 36.21; 1008.94796875; 17.9833984375
2026-07-20; 19:04:59; 682; 42; 36.39; 1008.9465625; 17.83984375
2026-07-20; 19:05:59; 686; 43; 36.23; 1009.0146875; 17.9609375
2026-07-20; 19:06:59; 686; 43; 36.38; 1008.9584765625; 17.81640625
2026-07-20; 19:07:59; 686; 43; 36.24; 1008.9675; 17.99609375
2026-07-20; 19:08:59; 686; 43; 36.44; 1008.9422265625; 17.7841796875
2026-07-20; 19:09:59; 699; 45; 36.21; 1008.928125; 17.9609375
2026-07-20; 19:10:59; 699; 45; 36.28; 1008.892265625; 17.9169921875
2026-07-20; 19:11:59; 699; 45; 36.31; 1009.0219140625; 17.89453125
2026-07-20; 19:12:59; 699; 45; 36.27; 1008.9869921875; 17.927734375
2026-07-20; 19:13:59; 702; 46; 36.18; 1009.0190234375; 18.029296875
2026-07-20; 19:14:59; 699; 45; 36.55; 1008.99671875; 17.71875
2026-07-20; 19:16:00; 702; 46; 36.51; 1008.8787109375; 17.705078125
2026-07-20; 19:17:00; 702; 46; 36.34; 1009.013828125; 17.9189453125
2026-07-20; 19:18:00; 699; 45; 36.55; 1008.906171875; 17.7177734375
2026-07-20; 19:19:00; 702; 46; 36.09; 1008.8776953125; 18.0830078125
2026-07-20; 19:20:00; 702; 46; 36.32; 1008.9271875; 17.8837890625
2026-07-20; 19:21:00; 702; 46; 36.27; 1008.90421875; 17.962890625
2026-07-20; 19:22:00; 702; 46; 36.57; 1008.9648828125; 17.70703125
2026-07-20; 19:23:00; 702; 46; 36.37; 1008.86765625; 17.8505859375
2026-07-20; 19:24:00; 702; 46; 36.36; 1008.9071484375; 17.8154296875
2026-07-20; 19:25:00; 710; 47; 35.97; 1008.91765625; 18.1826171875
2026-07-20; 19:26:00; 702; 46; 36.35; 1008.9466796875; 17.873046875
2026-07-20; 19:27:00; 710; 47; 36.23; 1008.95953125; 17.9609375
2026-07-20; 19:28:00; 710; 47; 36.5; 1008.9182421875; 17.716796875
2026-07-20; 19:29:00; 702; 46; 36.17; 1008.96796875; 18.0048828125
2026-07-20; 19:30:00; 710; 47; 36.32; 1008.982421875; 17.8837890625
2026-07-20; 19:31:00; 717; 48; 35.99; 1008.9692578125; 18.16015625
2026-07-20; 19:32:00; 717; 48; 36.19; 1009.0070703125; 17.970703125
2026-07-20; 19:33:00; 717; 48; 36.42; 1008.9856640625; 17.8525390625
2026-07-20; 19:34:00; 717; 48; 36.27; 1009.014609375; 17.951171875
2026-07-20; 19:35:00; 730; 50; 36.19; 1008.999375; 18.0517578125
2026-07-20; 19:36:00; 730; 50; 36.24; 1009.022734375; 18.0078125
2026-07-20; 19:37:00; 730; 50; 36.13; 1009.02328125; 18.0966796875
2026-07-20; 19:38:00; 730; 50; 36.32; 1009.01; 17.9296875
2026-07-20; 19:39:00; 737; 51; 35.99; 1008.921796875; 18.2177734375
2026-07-20; 19:40:00; 730; 50; 36.28; 1009.0223046875; 17.986328125
2026-07-20; 19:41:00; 737; 51; 36.45; 1008.9855078125; 17.865234375
2026-07-20; 19:42:00; 737; 51; 36.36; 1008.9546875; 17.884765625
2026-07-20; 19:43:00; 737; 51; 36.35; 1008.9665625; 17.873046875
2026-07-20; 19:44:00; 744; 52; 36.38; 1009.02140625; 17.8857421875
2026-07-20; 19:45:00; 744; 52; 36.17; 1009.023203125; 18.0283203125
2026-07-20; 19:46:01; 737; 51; 36.44; 1009.0446484375; 17.853515625
2026-07-20; 19:47:01; 737; 51; 36.56; 1009.03234375; 17.7529296875
2026-07-20; 19:48:01; 737; 51; 36.42; 1009.0132421875; 17.8876953125
2026-07-20; 19:49:01; 744; 52; 36.27; 1009.014609375; 17.974609375
2026-07-20; 19:50:01; 737; 51; 36.35; 1009.057109375; 17.9189453125
2026-07-20; 19:51:01; 737; 51; 36.13; 1009.015546875; 18.072265625
2026-07-20; 19:52:01; 744; 52; 36.23; 1009.0898046875; 18.01953125
2026-07-20; 19:53:01; 744; 52; 36.35; 1009.07703125; 17.9189453125
2026-07-20; 19:54:01; 737; 51; 36.09; 1009.0512109375; 18.140625
2026-07-20; 19:55:01; 744; 52; 36.01; 1009.0359375; 18.20703125
2026-07-20; 19:56:01; 744; 52; 36.33; 1009.045625; 18.0
2026-07-20; 19:57:01; 763; 55; 36.14; 1009.0312890625; 18.1083984375
2026-07-20; 19:58:01; 752; 53; 36.0; 1009.04015625; 18.21875
2026-07-20; 19:59:01; 763; 55; 36.0; 1009.07546875; 18.2529296875
2026-07-20; 20:00:01; 763; 55; 35.92; 1009.05984375; 18.2958984375
2026-07-20; 20:01:01; 763; 55; 35.92; 1009.0322265625; 18.3310546875
2026-07-20; 20:02:01; 763; 55; 35.93; 1009.00078125; 18.296875
2026-07-20; 20:03:01; 763; 55; 35.92; 1009.05984375; 18.3193359375
2026-07-20; 20:04:01; 763; 55; 35.85; 1009.0878125; 18.4208984375
2026-07-20; 20:05:01; 763; 55; 35.86; 1009.0483203125; 18.36328125
2026-07-20; 20:06:01; 752; 53; 36.0; 1009.0478515625; 18.2412109375
2026-07-20; 20:07:01; 770; 56; 36.03; 1009.0673828125; 18.2197265625
2026-07-20; 20:08:01; 763; 55; 36.0; 1009.0953125; 18.23046875
2026-07-20; 20:09:01; 785; 58; 36.14; 1009.0941796875; 18.189453125
2026-07-20; 20:10:01; 778; 57; 36.25; 1009.0936328125; 18.0546875
2026-07-20; 20:11:01; 763; 55; 35.98; 1009.0440234375; 18.263671875
2026-07-20; 20:12:01; 785; 58; 36.17; 1008.9756640625; 18.1435546875
2026-07-20; 20:13:01; 798; 60; 35.95; 1009.051796875; 18.3095703125
2026-07-20; 20:14:01; 770; 56; 36.15; 1009.082265625; 18.189453125
2026-07-20; 20:15:01; 798; 60; 36.0; 1009.0478515625; 18.2763671875
2026-07-20; 20:16:01; 798; 60; 35.94; 1009.063671875; 18.3203125
2026-07-20; 20:17:01; 804; 61; 35.99; 1009.079609375; 18.310546875
2026-07-20; 20:18:01; 804; 61; 35.96; 1009.0398828125; 18.34375
2026-07-20; 20:19:01; 804; 61; 36.0; 1009.0953125; 18.2998046875
2026-07-20; 20:20:01; 813; 62; 36.07; 1009.0118359375; 18.2099609375
2026-07-20; 20:21:01; 821; 64; 36.01; 1009.0635546875; 18.2646484375
2026-07-20; 20:22:01; 821; 64; 35.9; 1009.111171875; 18.3876953125
2026-07-20; 20:23:01; 821; 64; 35.91; 1009.0797265625; 18.388671875
2026-07-20; 20:24:01; 821; 64; 36.09; 1009.1064453125; 18.2333984375
2026-07-20; 20:25:01; 827; 65; 36.01; 1009.0834375; 18.369140625
2026-07-20; 20:26:01; 840; 67; 35.99; 1009.1348046875; 18.333984375
2026-07-20; 20:27:01; 851; 68; 35.95; 1009.142578125; 18.35546875
2026-07-20; 20:28:02; 851; 68; 36.06; 1009.142109375; 18.279296875
2026-07-20; 20:29:02; 855; 69; 35.91; 1009.07171875; 18.412109375
2026-07-20; 20:30:02; 855; 69; 35.86; 1009.1666796875; 18.4794921875
2026-07-20; 20:31:02; 868; 71; 35.94; 1009.1544140625; 18.4248046875
2026-07-20; 20:32:02; 868; 71; 36.13; 1009.1259765625; 18.2001953125
2026-07-20; 20:33:02; 882; 73; 36.0; 1009.1306640625; 18.322265625
2026-07-20; 20:34:02; 887; 74; 35.99; 1009.1425; 18.3916015625
2026-07-20; 20:35:02; 887; 74; 36.0; 1009.103046875; 18.369140625
2026-07-20; 20:36:02; 887; 74; 35.91; 1009.1348828125; 18.4462890625
2026-07-20; 20:37:02; 907; 77; 36.13; 1009.1060546875; 18.2587890625
2026-07-20; 20:38:02; 907; 77; 36.19; 1009.165; 18.2373046875
2026-07-20; 20:39:02; 907; 77; 36.06; 1009.142109375; 18.3251953125
2026-07-20; 20:40:02; 923; 79; 35.94; 1009.1740234375; 18.458984375
2026-07-20; 20:41:02; 923; 79; 36.07; 1009.1578125; 18.3486328125
2026-07-20; 20:42:02; 927; 80; 36.03; 1009.225234375; 18.416015625
2026-07-20; 20:43:02; 927; 80; 36.17; 1009.08609375; 18.306640625
2026-07-20; 20:44:02; 940; 82; 36.02; 1009.106875; 18.3935546875
2026-07-20; 20:45:02; 951; 83; 36.2; 1009.1883984375; 18.26171875
2026-07-20; 20:46:02; 961; 85; 36.04; 1009.10265625; 18.4052734375
2026-07-20; 20:47:02; 927; 80; 36.2; 1009.105625; 18.23828125
2026-07-20; 20:48:02; 951; 83; 35.99; 1009.1976953125; 18.4384765625
2026-07-20; 20:49:02; 951; 83; 36.31; 1009.13234375; 18.1376953125
2026-07-20; 20:50:02; 940; 82; 36.13; 1009.1535546875; 18.3046875
2026-07-20; 20:51:02; 972; 87; 36.08; 1009.1735546875; 18.3720703125
2026-07-20; 20:52:02; 972; 87; 36.33; 1009.1008203125; 18.150390625
2026-07-20; 20:53:02; 972; 87; 36.23; 1009.1450390625; 18.2626953125
2026-07-20; 20:54:02; 972; 87; 35.91; 1009.1820703125; 18.5166015625
2026-07-20; 20:55:02; 983; 88; 35.73; 1009.2186328125; 18.716796875
2026-07-20; 20:56:02; 983; 88; 35.75; 1009.2225390625; 18.7060546875
2026-07-20; 20:57:02; 983; 88; 36.07; 1009.2601953125; 18.44140625
2026-07-20; 20:58:02; 992; 90; 35.82; 1009.23375; 18.6513671875
2026-07-20; 20:59:02; 992; 90; 36.01; 1009.2843359375; 18.4736328125
2026-07-20; 21:00:02; 992; 90; 35.84; 1009.15484375; 18.60546875
2026-07-20; 21:01:02; 992; 90; 36.26; 1009.2197265625; 18.228515625
2026-07-20; 21:02:02; 992; 90; 36.08; 1009.2287109375; 18.3603515625
2026-07-20; 21:03:02; 992; 90; 36.04; 1009.27625; 18.4638671875
2026-07-20; 21:04:02; 992; 90; 35.91; 1009.2372265625; 18.5859375
2026-07-20; 21:05:02; 1007; 92; 35.96; 1009.2882421875; 18.529296875
2026-07-20; 21:06:02; 1007; 92; 35.79; 1009.20234375; 18.6845703125
2026-07-20; 21:07:02; 992; 90; 35.8; 1009.2103515625; 18.6845703125
2026-07-20; 21:08:02; 1007; 92; 36.07; 1009.2326171875; 18.4072265625
2026-07-20; 21:09:02; 992; 90; 35.76; 1009.175078125; 18.68359375
2026-07-20; 21:10:03; 1007; 92; 35.79; 1009.2298828125; 18.662109375
2026-07-20; 21:11:03; 1007; 92; 35.69; 1009.238515625; 18.8076171875
2026-07-20; 21:12:03; 1007; 92; 36.11; 1009.3429296875; 18.384765625
2026-07-20; 21:13:03; 992; 90; 36.05; 1009.3471875; 18.4169921875
2026-07-20; 21:14:03; 1017; 93; 35.91; 1009.2728515625; 18.5390625
2026-07-20; 21:15:03; 1007; 92; 36.02; 1009.3551953125; 18.474609375
2026-07-20; 21:16:03; 1007; 92; 35.94; 1009.3395703125; 18.3779296875
2026-07-20; 21:17:03; 1007; 92; 35.69; 1009.258125; 18.75
2026-07-20; 21:18:03; 1007; 92; 35.97; 1009.276328125; 18.5419921875
2026-07-20; 21:19:03; 992; 90; 35.95; 1009.2529296875; 18.564453125
2026-07-20; 21:20:03; 1007; 92; 36.18; 1009.314921875; 18.306640625
2026-07-20; 21:21:03; 1007; 92; 35.8; 1009.2379296875; 18.650390625
2026-07-20; 21:22:03; 992; 90; 35.88; 1009.3004296875; 18.572265625
2026-07-20; 21:23:03; 1007; 92; 35.88; 1009.272890625; 18.572265625
2026-07-20; 21:24:03; 1007; 92; 35.84; 1009.30078125; 18.62890625
2026-07-20; 21:25:03; 1007; 92; 35.82; 1009.3441015625; 18.6513671875
2026-07-20; 21:26:03; 1007; 92; 35.66; 1009.2465625; 18.806640625
2026-07-20; 21:27:03; 992; 90; 35.74; 1009.253984375; 18.751953125
2026-07-20; 21:28:03; 992; 90; 35.75; 1009.305234375; 18.6826171875
2026-07-20; 21:29:03; 983; 88; 35.8; 1009.2930859375; 18.662109375
2026-07-20; 21:30:03; 983; 88; 35.68; 1009.2504296875; 18.7958984375
2026-07-20; 21:31:03; 972; 87; 35.85; 1009.3440625; 18.5712890625
2026-07-20; 21:32:03; 983; 88; 35.66; 1009.3568359375; 18.7373046875
2026-07-20; 21:33:03; 972; 87; 35.67; 1009.3094140625; 18.7255859375
2026-07-20; 21:34:03; 961; 85; 35.69; 1009.3212890625; 18.7958984375
2026-07-20; 21:35:03; 940; 82; 35.85; 1009.33609375; 18.5595703125
2026-07-20; 21:36:03; 951; 83; 35.95; 1009.3276953125; 18.4716796875
2026-07-20; 21:37:03; 940; 82; 35.85; 1009.316484375; 18.640625
2026-07-20; 21:38:03; 940; 82; 35.71; 1009.3803125; 18.693359375
2026-07-20; 21:39:03; 961; 85; 35.61; 1009.3334375; 18.79296875
2026-07-20; 21:40:03; 927; 80; 35.57; 1009.298125; 18.791015625
2026-07-20; 21:41:03; 927; 80; 35.69; 1009.4040234375; 18.7041015625
2026-07-20; 21:42:03; 961; 85; 35.67; 1009.3921484375; 18.7255859375
2026-07-20; 21:43:03; 951; 83; 35.55; 1009.40453125; 18.859375
2026-07-20; 21:44:03; 951; 83; 35.59; 1009.3846875; 18.7919921875
2026-07-20; 21:45:03; 951; 83; 35.54; 1009.388828125; 18.8251953125
2026-07-20; 21:46:03; 940; 82; 35.75; 1009.4431640625; 18.66015625
2026-07-20; 21:47:03; 951; 83; 35.58; 1009.45171875; 18.861328125
2026-07-20; 21:48:03; 951; 83; 35.71; 1009.5181640625; 18.7158203125
2026-07-20; 21:49:03; 951; 83; 35.5; 1009.5269140625; 18.916015625
2026-07-20; 21:50:03; 951; 83; 36.03; 1009.5287890625; 18.3935546875
2026-07-20; 21:51:03; 927; 80; 35.67; 1009.5300390625; 18.7607421875
2026-07-20; 21:52:03; 940; 82; 35.56; 1009.475390625; 18.802734375
2026-07-20; 21:53:04; 940; 82; 35.58; 1009.5619921875; 18.7919921875
2026-07-20; 21:54:04; 927; 80; 35.55; 1009.487265625; 18.859375
2026-07-20; 21:55:04; 927; 80; 35.64; 1009.5736328125; 18.7822265625
2026-07-20; 21:56:04; 927; 80; 35.63; 1009.58546875; 18.759765625
2026-07-20; 21:57:04; 927; 80; 35.67; 1009.538046875; 18.71484375
2026-07-20; 21:58:04; 927; 80; 35.49; 1009.46375; 18.8232421875
2026-07-20; 21:59:04; 923; 79; 35.52; 1009.4753515625; 18.84765625
2026-07-20; 22:00:04; 907; 77; 35.79; 1009.5608984375; 18.615234375
2026-07-20; 22:01:04; 923; 79; 35.67; 1009.6127734375; 18.7373046875
2026-07-20; 22:02:04; 907; 77; 35.45; 1009.5384375; 18.9140625
2026-07-20; 22:03:04; 923; 79; 35.45; 1009.5858203125; 18.87890625
2026-07-20; 22:04:04; 897; 75; 35.26; 1009.6610546875; 19.080078125
2026-07-20; 22:05:04; 897; 75; 35.14; 1009.645625; 19.2021484375
2026-07-20; 22:06:04; 897; 75; 35.54; 1009.672265625; 18.87109375
2026-07-20; 22:07:04; 887; 74; 35.48; 1009.6608984375; 18.8916015625
2026-07-20; 22:08:04; 887; 74; 35.65; 1009.6522265625; 18.7138671875
2026-07-20; 22:09:04; 887; 74; 35.39; 1009.7197265625; 18.9228515625
2026-07-20; 22:10:04; 882; 73; 35.54; 1009.692109375; 18.8251953125
2026-07-20; 22:11:04; 882; 73; 35.49; 1009.7119140625; 18.880859375
2026-07-20; 22:12:04; 882; 73; 35.47; 1009.6804296875; 18.8564453125
2026-07-20; 22:13:04; 887; 74; 35.44; 1009.6880859375; 18.90234375
2026-07-20; 22:14:04; 882; 73; 35.38; 1009.703984375; 18.96875
2026-07-20; 22:15:04; 882; 73; 35.39; 1009.7197265625; 18.95703125
2026-07-20; 22:16:04; 882; 73; 35.3; 1009.7791015625; 19.0
2026-07-20; 22:17:04; 868; 71; 35.42; 1009.7944921875; 18.958984375
2026-07-20; 22:18:04; 868; 71; 35.37; 1009.7709375; 18.96875
2026-07-20; 22:19:04; 868; 71; 35.55; 1009.743125; 18.755859375
2026-07-20; 22:20:04; 855; 69; 35.39; 1009.77484375; 18.9111328125
2026-07-20; 22:21:04; 855; 69; 35.25; 1009.8382421875; 19.0556640625
2026-07-20; 22:22:04; 855; 69; 35.47; 1009.8183203125; 18.8916015625
2026-07-20; 22:23:04; 855; 69; 35.44; 1009.8182421875; 18.8671875
2026-07-20; 22:24:04; 855; 69; 35.27; 1009.8341015625; 19.0107421875
2026-07-20; 22:25:04; 851; 68; 35.41; 1009.79859375; 18.888671875
2026-07-20; 22:26:04; 840; 67; 35.41; 1009.85375; 18.9345703125
2026-07-20; 22:27:04; 851; 68; 35.3; 1009.8262109375; 19.0
2026-07-20; 22:28:04; 851; 68; 35.41; 1009.7512109375; 18.935546875
2026-07-20; 22:29:04; 851; 68; 35.45; 1009.758984375; 18.8671875
2026-07-20; 22:30:04; 851; 68; 35.28; 1009.8027734375; 19.0
2026-07-20; 22:31:04; 840; 67; 35.46; 1009.7669921875; 18.87890625
2026-07-20; 22:32:04; 840; 67; 35.33; 1009.771171875; 19.0126953125
2026-07-20; 22:33:04; 827; 65; 35.19; 1009.7518359375; 19.111328125
2026-07-20; 22:34:04; 827; 65; 35.53; 1009.821953125; 18.7666015625
2026-07-20; 22:35:04; 827; 65; 35.44; 1009.7432421875; 18.87890625
2026-07-20; 22:36:05; 827; 65; 35.34; 1009.7593359375; 18.7939453125
2026-07-20; 22:37:05; 827; 65; 35.18; 1009.7280859375; 19.0869140625
2026-07-20; 22:38:05; 821; 64; 35.35; 1009.7670703125; 18.9326171875
2026-07-20; 22:39:05; 821; 64; 35.21; 1009.8028515625; 19.0771484375
2026-07-20; 22:40:05; 813; 62; 35.1; 1009.8226171875; 19.2001953125
2026-07-20; 22:41:05; 813; 62; 35.0; 1009.83859375; 19.2763671875
2026-07-20; 22:42:05; 813; 62; 35.03; 1009.7755859375; 19.2431640625
2026-07-20; 22:43:05; 813; 62; 35.31; 1009.8144140625; 19.03515625
2026-07-20; 22:44:05; 813; 62; 35.45; 1009.7865625; 18.8095703125
2026-07-20; 22:45:05; 813; 62; 35.13; 1009.7125390625; 19.1083984375
2026-07-20; 22:46:05; 813; 62; 35.27; 1009.8066015625; 18.9990234375
2026-07-20; 22:47:05; 813; 62; 35.2; 1009.8226953125; 19.0302734375
2026-07-20; 22:48:05; 804; 61; 35.21; 1009.8028515625; 19.0537109375
2026-07-20; 22:49:05; 804; 61; 35.12; 1009.80703125; 19.1083984375
2026-07-20; 22:50:05; 798; 60; 35.09; 1009.897578125; 19.1650390625
2026-07-20; 22:51:05; 804; 61; 35.12; 1009.779453125; 19.1435546875
2026-07-20; 22:52:05; 798; 60; 35.23; 1009.7990625; 18.9970703125
2026-07-20; 22:53:05; 798; 60; 35.22; 1009.81859375; 18.9853515625
2026-07-20; 22:54:05; 785; 58; 35.29; 1009.8931640625; 18.98828125
2026-07-20; 22:55:05; 798; 60; 35.13; 1009.86984375; 19.0849609375
2026-07-20; 22:56:05; 785; 58; 35.15; 1009.9093359375; 19.0517578125
2026-07-20; 22:57:05; 770; 56; 35.07; 1009.86609375; 19.12890625
2026-07-20; 22:58:05; 770; 56; 35.37; 1009.88125; 18.8994140625
2026-07-20; 22:59:05; 763; 55; 35.31; 1009.9051171875; 18.919921875
2026-07-20; 23:00:05; 770; 56; 35.14; 1009.8855859375; 19.0859375
2026-07-20; 23:01:05; 770; 56; 35.08; 1009.9644921875; 19.15234375
2026-07-20; 23:02:05; 770; 56; 35.04; 1009.964375; 19.173828125
2026-07-20; 23:03:05; 770; 56; 35.26; 1010.011328125; 18.9638671875
2026-07-20; 23:04:05; 770; 56; 35.07; 1010.058984375; 19.1640625
2026-07-20; 23:05:05; 770; 56; 35.3; 1009.97203125; 18.9189453125
2026-07-20; 23:06:05; 763; 55; 35.18; 1010.01171875; 19.041015625
2026-07-20; 23:07:05; 763; 55; 35.27; 1009.971953125; 18.9521484375
2026-07-20; 23:08:05; 752; 53; 35.13; 1009.960546875; 19.0625
2026-07-20; 23:09:05; 752; 53; 35.27; 1009.971953125; 18.9638671875
2026-07-20; 23:10:05; 752; 53; 34.94; 1010.0193359375; 19.2626953125
2026-07-20; 23:11:05; 752; 53; 34.99; 1009.9683203125; 19.2294921875
2026-07-20; 23:12:05; 752; 53; 34.89; 1010.01140625; 19.318359375
2026-07-20; 23:13:05; 752; 53; 35.06; 1009.988125; 19.1748046875
2026-07-20; 23:14:05; 744; 52; 34.97; 1010.019765625; 19.240234375
2026-07-20; 23:15:05; 752; 53; 34.94; 1009.9722265625; 19.2744140625
2026-07-20; 23:16:05; 744; 52; 35.08; 1009.9644921875; 19.1298828125
2026-07-20; 23:17:05; 744; 52; 35.3; 1010.04671875; 18.9306640625
2026-07-20; 23:18:05; 744; 52; 35.06; 1009.9605859375; 19.140625
2026-07-20; 23:19:05; 737; 51; 35.19; 1010.027421875; 18.9951171875
2026-07-20; 23:20:06; 737; 51; 34.97; 1009.956640625; 19.251953125
2026-07-20; 23:21:06; 737; 51; 35.29; 1009.9838671875; 18.9189453125
2026-07-20; 23:22:06; 737; 51; 35.2; 1010.015625; 19.01953125
2026-07-20; 23:23:06; 737; 51; 35.08; 1009.9920703125; 19.1181640625
2026-07-20; 23:24:06; 730; 50; 35.16; 1009.980234375; 19.017578125
2026-07-20; 23:25:06; 737; 51; 35.01; 1010.019609375; 19.1962890625
2026-07-20; 23:26:06; 730; 50; 35.17; 1009.960390625; 19.076171875
2026-07-20; 23:27:06; 730; 50; 35.08; 1009.9920703125; 19.1181640625
2026-07-20; 23:28:06; 730; 50; 35.04; 1010.04703125; 19.1513671875
2026-07-20; 23:29:06; 730; 50; 35.11; 1010.0117578125; 19.119140625
2026-07-21; 01:56:41; 400; 0; 33.63; 1009.8425390625; 20.8427734375
2026-07-21; 01:57:41; 400; 0; 33.61; 1009.9759765625; 20.8759765625
2026-07-21; 01:58:41; 400; 0; 33.68; 1009.956640625; 20.822265625
2026-07-21; 01:59:41; 405; 0; 33.55; 1009.9443359375; 20.919921875
2026-07-21; 02:00:41; 405; 0; 33.69; 1009.9998828125; 20.7880859375
2026-07-21; 02:01:41; 400; 0; 33.65; 1009.881796875; 20.80859375
2026-07-21; 02:02:41; 400; 0; 33.79; 1009.9298828125; 20.6884765625
2026-07-21; 02:03:41; 400; 0; 33.64; 1009.8938671875; 20.83203125
2026-07-21; 02:04:41; 402; 0; 33.82; 1009.9221484375; 20.6552734375
2026-07-21; 02:05:41; 400; 0; 33.76; 1009.910078125; 20.7216796875
2026-07-21; 02:06:41; 405; 0; 33.73; 1009.89796875; 20.720703125
2026-07-21; 02:07:41; 405; 0; 33.84; 1009.9731640625; 20.62109375
2026-07-21; 02:08:41; 400; 0; 33.93; 1009.969765625; 20.533203125
2026-07-21; 02:09:41; 405; 0; 33.77; 1009.8983203125; 20.6640625
2026-07-21; 02:10:41; 400; 0; 33.67; 1009.988125; 20.775390625
2026-07-21; 02:11:41; 400; 0; 33.78; 1009.9966015625; 20.6650390625
2026-07-21; 02:12:41; 403; 0; 33.93; 1009.9778515625; 20.521484375
2026-07-21; 02:13:41; 403; 0; 33.87; 1009.9734765625; 20.5888671875
2026-07-21; 02:14:41; 403; 0; 34.0; 1009.9701171875; 20.478515625
2026-07-21; 02:15:41; 403; 0; 33.85; 1009.9614453125; 20.587890625
2026-07-21; 02:16:41; 409; 1; 34.0; 1009.978125; 20.421875
2026-07-21; 02:17:41; 409; 1; 33.91; 1009.96578125; 20.509765625
2026-07-21; 02:18:41; 417; 2; 33.86; 1009.930234375; 20.599609375
2026-07-21; 02:19:41; 417; 2; 33.85; 1009.914453125; 20.587890625
2026-07-21; 02:20:41; 406; 0; 33.92; 1009.8990234375; 20.5791015625
2026-07-21; 02:21:42; 417; 2; 33.85; 1009.87890625; 20.599609375
2026-07-21; 02:22:42; 406; 0; 33.98; 1009.9466015625; 20.5009765625
2026-07-21; 02:23:42; 414; 2; 33.84; 1009.898671875; 20.5869140625
2026-07-21; 02:24:42; 414; 2; 33.96; 1009.887578125; 20.51171875
2026-07-21; 02:25:42; 409; 1; 33.99; 1009.9073828125; 20.478515625
2026-07-21; 02:26:42; 414; 2; 33.79; 1009.921796875; 20.642578125
2026-07-21; 02:27:42; 400; 0; 33.74; 1009.906015625; 20.708984375
2026-07-21; 02:28:42; 409; 1; 33.95; 1009.871796875; 20.51171875
2026-07-21; 02:29:42; 400; 0; 33.89; 1009.9225; 20.5205078125
2026-07-21; 02:30:42; 409; 1; 33.94; 1009.88359375; 20.5458984375
2026-07-21; 02:31:42; 410; 1; 33.99; 1009.8993359375; 20.490234375
2026-07-21; 02:32:42; 405; 0; 34.06; 1009.8996484375; 20.4130859375
2026-07-21; 02:33:42; 405; 0; 33.87; 1009.9184765625; 20.5771484375
2026-07-21; 02:34:42; 405; 0; 34.02; 1009.9191015625; 20.4453125
2026-07-21; 02:35:42; 410; 1; 33.86; 1009.9221484375; 20.5654296875
2026-07-21; 02:36:42; 400; 0; 33.95; 1009.899296875; 20.5
2026-07-21; 02:37:42; 403; 0; 33.81; 1009.87890625; 20.6552734375
2026-07-21; 02:38:42; 403; 0; 33.89; 1009.8594921875; 20.578125
2026-07-21; 02:39:42; 403; 0; 33.88; 1009.8437109375; 20.5654296875
2026-07-21; 02:40:42; 400; 0; 33.88; 1009.8437109375; 20.5546875
2026-07-21; 02:41:42; 400; 0; 33.86; 1009.8201953125; 20.587890625
2026-07-21; 02:42:42; 400; 0; 33.73; 1009.7880078125; 20.732421875
2026-07-21; 02:43:42; 403; 0; 33.76; 1009.87453125; 20.7099609375
2026-07-21; 02:44:42; 400; 0; 33.9; 1009.8476953125; 20.5322265625
2026-07-21; 02:45:42; 400; 0; 34.01; 1009.8838671875; 20.45703125
2026-07-21; 02:46:42; 405; 0; 34.01; 1009.8838671875; 20.46875
2026-07-21; 02:47:42; 405; 0; 33.88; 1009.8987109375; 20.5654296875
2026-07-21; 02:48:42; 409; 1; 33.78; 1009.8590625; 20.6650390625
2026-07-21; 02:49:42; 405; 0; 33.85; 1009.859453125; 20.5654296875
2026-07-21; 02:50:42; 405; 0; 34.11; 1009.9233984375; 20.3232421875
2026-07-21; 02:51:42; 400; 0; 34.09; 1009.884140625; 20.3681640625
2026-07-21; 02:52:42; 405; 0; 34.03; 1009.8603515625; 20.4462890625
2026-07-21; 02:53:42; 405; 0; 34.0; 1009.8955859375; 20.4560546875
2026-07-21; 02:54:42; 400; 0; 33.92; 1009.93453125; 20.533203125
2026-07-21; 02:55:42; 400; 0; 33.94; 1009.903046875; 20.4990234375
2026-07-21; 02:56:42; 400; 0; 33.81; 1009.87890625; 20.6201171875
2026-07-21; 02:57:42; 400; 0; 33.93; 1009.9148046875; 20.521484375
2026-07-21; 02:58:42; 405; 0; 33.78; 1009.8315625; 20.654296875
2026-07-21; 02:59:42; 405; 0; 33.89; 1009.8675; 20.5556640625
2026-07-21; 03:00:42; 405; 0; 33.73; 1009.89796875; 20.6982421875
2026-07-21; 03:01:42; 400; 0; 33.87; 1009.9184765625; 20.5888671875
2026-07-21; 03:02:42; 405; 0; 33.84; 1009.898671875; 20.5986328125
2026-07-21; 03:03:42; 400; 0; 33.74; 1009.9687109375; 20.720703125
2026-07-21; 03:04:43; 405; 0; 33.85; 1009.914453125; 20.576171875
2026-07-21; 03:05:43; 405; 0; 33.85; 1009.90640625; 20.599609375
2026-07-21; 03:06:43; 405; 0; 33.81; 1009.96140625; 20.6435546875
2026-07-21; 03:07:43; 405; 0; 33.73; 1009.89796875; 20.708984375
2026-07-21; 03:08:43; 402; 0; 33.77; 1009.9177734375; 20.6640625
2026-07-21; 03:09:43; 400; 0; 33.67; 1009.8506640625; 20.751953125
2026-07-21; 03:10:43; 400; 0; 33.73; 1009.95296875; 20.732421875
2026-07-21; 03:11:43; 400; 0; 33.85; 1009.969453125; 20.5654296875
2026-07-21; 03:12:43; 402; 0; 33.77; 1009.9728125; 20.6640625
2026-07-21; 03:13:43; 400; 0; 33.76; 1009.937578125; 20.6416015625
2026-07-21; 03:14:43; 400; 0; 33.86; 1009.9221484375; 20.576171875
2026-07-21; 03:15:43; 407; 1; 33.73; 1009.89796875; 20.720703125
2026-07-21; 03:16:43; 407; 1; 33.71; 1009.8939453125; 20.7314453125
2026-07-21; 03:17:43; 407; 1; 33.76; 1009.9294921875; 20.7099609375
2026-07-21; 03:18:43; 409; 1; 33.61; 1009.9015234375; 20.806640625
2026-07-21; 03:19:43; 407; 1; 33.72; 1009.9921875; 20.7197265625
2026-07-21; 03:20:43; 407; 1; 33.79; 1009.866796875; 20.654296875
2026-07-21; 03:21:43; 407; 1; 33.65; 1009.881796875; 20.796875
2026-07-21; 03:22:43; 400; 0; 33.8; 1009.9376171875; 20.654296875
2026-07-21; 03:23:43; 402; 0; 33.64; 1009.9213671875; 20.78515625
2026-07-21; 03:24:43; 402; 0; 33.51; 1009.888984375; 20.9296875
2026-07-21; 03:25:43; 402; 0; 33.67; 1009.8858984375; 20.787109375
2026-07-21; 03:26:43; 402; 0; 33.76; 1009.8825390625; 20.6640625
2026-07-21; 03:27:43; 402; 0; 33.75; 1009.949296875; 20.6748046875
2026-07-21; 03:28:43; 402; 0; 33.71; 1009.8664453125; 20.697265625
2026-07-21; 03:29:43; 402; 0; 33.58; 1009.861953125; 20.8056640625
2026-07-21; 03:30:43; 400; 0; 33.81; 1009.870859375; 20.6435546875
2026-07-21; 03:31:43; 400; 0; 33.74; 1009.85875; 20.720703125
2026-07-21; 03:32:43; 402; 0; 33.74; 1009.91375; 20.6982421875
2026-07-21; 03:33:43; 400; 0; 33.68; 1009.929140625; 20.70703125
2026-07-21; 03:34:43; 400; 0; 33.83; 1009.8748828125; 20.62109375
2026-07-21; 03:35:43; 402; 0; 33.63; 1009.8700390625; 20.7958984375
2026-07-21; 03:36:43; 400; 0; 33.64; 1009.8583203125; 20.796875
2026-07-21; 03:37:43; 400; 0; 33.73; 1009.8430078125; 20.6865234375
2026-07-21; 03:38:43; 400; 0; 33.73; 1009.945234375; 20.685546875
2026-07-21; 03:39:43; 400; 0; 33.65; 1009.9290625; 20.7626953125
2026-07-21; 03:40:43; 400; 0; 33.71; 1009.9764453125; 20.7314453125
2026-07-21; 03:41:43; 405; 0; 33.8; 1009.918125; 20.6435546875
2026-07-21; 03:42:43; 405; 0; 33.67; 1009.940859375; 20.787109375
2026-07-21; 03:43:43; 405; 0; 33.68; 1009.94890625; 20.751953125
2026-07-21; 03:44:43; 405; 0; 33.61; 1009.9565234375; 20.806640625
2026-07-21; 03:45:43; 400; 0; 33.64; 1009.94078125; 20.7734375
2026-07-21; 03:46:43; 403; 0; 33.64; 1009.9213671875; 20.80859375
2026-07-21; 03:47:44; 403; 0; 33.62; 1009.944765625; 20.8076171875
2026-07-21; 03:48:44; 400; 0; 33.51; 1009.93625; 20.91796875
2026-07-21; 03:49:44; 403; 0; 33.5; 1009.94796875; 20.939453125
2026-07-21; 03:50:44; 403; 0; 33.59; 1009.87; 20.8525390625
2026-07-21; 03:51:44; 400; 0; 33.55; 1009.916875; 20.8623046875
2026-07-21; 03:52:44; 405; 0; 33.52; 1009.9519921875; 20.90625
2026-07-21; 03:53:44; 405; 0; 33.62; 1009.9092578125; 20.8193359375
2026-07-21; 03:54:44; 405; 0; 33.68; 1009.984140625; 20.7529296875
2026-07-21; 03:55:44; 405; 0; 33.64; 1009.96828125; 20.80859375
2026-07-21; 03:56:44; 405; 0; 33.62; 1009.9092578125; 20.8193359375
2026-07-21; 03:57:44; 405; 0; 33.68; 1009.929140625; 20.7529296875
2026-07-21; 03:58:44; 405; 0; 33.54; 1009.908828125; 20.896484375
2026-07-21; 03:59:44; 405; 0; 33.49; 1009.9321875; 20.939453125
2026-07-21; 04:00:44; 405; 0; 33.69; 1009.889921875; 20.73046875
2026-07-21; 04:01:44; 405; 0; 33.4; 1009.8529296875; 21.02734375
2026-07-21; 04:02:44; 405; 0; 33.46; 1009.8848828125; 20.9267578125
2026-07-21; 04:03:44; 405; 0; 33.56; 1009.90515625; 20.8388671875
2026-07-21; 04:04:44; 400; 0; 33.56; 1009.857890625; 20.828125
2026-07-21; 04:05:44; 405; 0; 33.66; 1009.925078125; 20.751953125
2026-07-21; 04:06:44; 400; 0; 33.62; 1009.9092578125; 20.7841796875
2026-07-21; 04:07:44; 408; 1; 33.53; 1009.9128125; 20.8837890625
2026-07-21; 04:08:44; 403; 0; 33.54; 1009.963828125; 20.849609375
2026-07-21; 04:09:44; 403; 0; 33.58; 1009.9366796875; 20.8291015625
2026-07-21; 04:10:44; 403; 0; 33.56; 1009.93265625; 20.8623046875
2026-07-21; 04:11:44; 403; 0; 33.46; 1009.9123828125; 20.9501953125
2026-07-21; 04:12:44; 403; 0; 33.38; 1009.9668359375; 21.015625
2026-07-21; 04:13:44; 403; 0; 33.52; 1009.92453125; 20.91796875
2026-07-21; 04:14:44; 400; 0; 33.4; 1009.9903515625; 21.02734375
2026-07-21; 04:15:44; 400; 0; 33.56; 1009.93265625; 20.8740234375
2026-07-21; 04:16:44; 400; 0; 33.66; 1009.952578125; 20.763671875
2026-07-21; 04:17:44; 403; 0; 33.51; 1010.0264453125; 20.90625
2026-07-21; 04:18:44; 400; 0; 33.64; 1009.91328125; 20.78515625
2026-07-21; 04:19:44; 403; 0; 33.44; 1009.9790625; 20.94921875
2026-07-21; 04:20:44; 403; 0; 33.39; 1009.982578125; 21.00390625
2026-07-21; 04:21:44; 403; 0; 33.42; 1010.029921875; 20.9482421875
2026-07-21; 04:22:44; 405; 0; 33.53; 1010.022734375; 20.8837890625
2026-07-21; 04:23:44; 405; 0; 33.53; 1009.9952734375; 20.873046875
2026-07-21; 04:24:44; 405; 0; 33.5; 1010.0029296875; 20.9052734375
2026-07-21; 04:25:44; 405; 0; 33.47; 1009.955625; 20.9267578125
2026-07-21; 04:26:44; 400; 0; 33.5; 1010.0029296875; 20.9052734375
2026-07-21; 04:27:44; 400; 0; 33.47; 1009.9908203125; 20.9501953125
2026-07-21; 04:28:44; 402; 0; 33.55; 1009.9443359375; 20.8505859375
2026-07-21; 04:29:44; 402; 0; 33.48; 1009.97140625; 20.939453125
2026-07-21; 04:30:45; 402; 0; 33.32; 1009.9268359375; 21.05859375
2026-07-21; 04:31:45; 402; 0; 33.4; 1010.0453125; 20.9931640625
2026-07-21; 04:32:45; 402; 0; 33.29; 1010.0444140625; 21.103515625
2026-07-21; 04:33:45; 402; 0; 33.39; 1010.037578125; 21.00390625
2026-07-21; 04:34:45; 402; 0; 33.45; 1009.959296875; 20.97265625
2026-07-21; 04:35:45; 402; 0; 33.36; 1010.017421875; 21.037109375
2026-07-21; 04:36:45; 402; 0; 33.41; 1009.923671875; 20.982421875
2026-07-21; 04:37:45; 402; 0; 33.55; 1009.9795703125; 20.8623046875
2026-07-21; 04:38:45; 402; 0; 33.53; 1010.0305078125; 20.8955078125
2026-07-21; 04:39:45; 402; 0; 33.54; 1009.90109375; 20.873046875
2026-07-21; 04:40:45; 402; 0; 33.44; 1009.9984765625; 20.9716796875
2026-07-21; 04:41:45; 402; 0; 33.48; 1010.053828125; 20.927734375
2026-07-21; 04:42:45; 402; 0; 33.32; 1010.009296875; 21.0927734375
2026-07-21; 04:43:45; 402; 0; 33.32; 1009.9543359375; 21.0927734375
2026-07-21; 04:44:45; 402; 0; 33.29; 1009.961953125; 21.103515625
2026-07-21; 04:45:45; 402; 0; 33.35; 1009.99390625; 21.0595703125
2026-07-21; 04:46:45; 402; 0; 33.39; 1009.9470703125; 21.015625
2026-07-21; 04:47:45; 402; 0; 33.25; 1009.9618359375; 21.1474609375
2026-07-21; 04:48:45; 402; 0; 33.4; 1010.025859375; 20.9814453125
2026-07-21; 04:49:45; 402; 0; 33.46; 1010.1047265625; 20.9384765625
2026-07-21; 04:50:45; 400; 0; 33.32; 1010.09171875; 21.05859375
2026-07-21; 04:51:45; 400; 0; 33.35; 1010.0841015625; 21.013671875
2026-07-21; 04:52:45; 402; 0; 33.35; 1010.103828125; 21.037109375
2026-07-21; 04:53:45; 400; 0; 33.3; 1010.1426171875; 21.091796875
2026-07-21; 04:54:45; 405; 0; 33.28; 1010.111015625; 21.13671875
2026-07-21; 04:55:45; 407; 1; 33.34; 1010.12328125; 21.025390625
2026-07-21; 04:56:45; 407; 1; 33.25; 1010.1541796875; 21.1240234375
2026-07-21; 04:57:45; 405; 0; 33.29; 1010.154296875; 21.103515625
2026-07-21; 04:58:45; 407; 1; 33.41; 1010.116015625; 20.9931640625
2026-07-21; 04:59:45; 405; 0; 33.36; 1010.0998828125; 21.0146484375
2026-07-21; 05:00:45; 405; 0; 33.4; 1010.1277734375; 20.9814453125
2026-07-21; 05:01:45; 405; 0; 33.32; 1010.2566015625; 21.05859375
2026-07-21; 05:02:45; 405; 0; 33.42; 1010.13984375; 20.9599609375
2026-07-21; 05:03:45; 400; 0; 33.31; 1010.1308984375; 21.0458984375
2026-07-21; 05:04:45; 405; 0; 33.31; 1010.158359375; 21.03515625
2026-07-21; 05:05:45; 400; 0; 33.18; 1010.12609375; 21.1904296875
2026-07-21; 05:06:45; 400; 0; 33.35; 1010.1665625; 21.013671875
2026-07-21; 05:07:45; 403; 0; 33.31; 1010.185859375; 21.0810546875
2026-07-21; 05:08:45; 403; 0; 33.22; 1010.208671875; 21.1455078125
2026-07-21; 05:09:45; 403; 0; 33.25; 1010.14609375; 21.1240234375
2026-07-21; 05:10:45; 403; 0; 33.26; 1010.1619140625; 21.125
2026-07-21; 05:11:45; 400; 0; 33.21; 1010.1654296875; 21.16796875
2026-07-21; 05:12:46; 403; 0; 33.24; 1010.1303515625; 21.134765625
2026-07-21; 05:13:46; 403; 0; 33.18; 1010.15359375; 21.2021484375
2026-07-21; 05:14:46; 403; 0; 33.18; 1010.145546875; 21.212890625
2026-07-21; 05:15:46; 403; 0; 33.16; 1010.09453125; 21.2119140625
2026-07-21; 05:16:46; 403; 0; 33.13; 1010.109921875; 21.2451171875
2026-07-21; 05:17:46; 403; 0; 33.1; 1010.0903125; 21.2548828125
2026-07-21; 05:18:46; 406; 0; 33.22; 1010.0987890625; 21.1337890625
2026-07-21; 05:19:46; 406; 0; 33.26; 1010.106953125; 21.1015625
2026-07-21; 05:20:46; 406; 0; 33.27; 1010.150234375; 21.0908203125
2026-07-21; 05:21:46; 406; 0; 33.38; 1010.0962109375; 20.98046875
2026-07-21; 05:22:46; 400; 0; 33.26; 1010.216875; 21.125
2026-07-21; 05:23:46; 406; 0; 33.19; 1010.196875; 21.1328125
2026-07-21; 05:24:46; 406; 0; 33.22; 1010.208671875; 21.1337890625
2026-07-21; 05:25:46; 406; 0; 33.1; 1010.2001953125; 21.2666015625
2026-07-21; 05:26:46; 406; 0; 33.21; 1010.2009375; 21.1455078125
2026-07-21; 05:27:46; 400; 0; 33.23; 1010.2244921875; 21.123046875
2026-07-21; 05:28:46; 400; 0; 33.39; 1010.2219140625; 21.015625
2026-07-21; 05:29:46; 400; 0; 33.2; 1010.2869921875; 21.14453125
2026-07-21; 05:30:46; 400; 0; 33.24; 1010.193359375; 21.1123046875
2026-07-21; 05:31:46; 409; 1; 33.28; 1010.2564453125; 21.0791015625
2026-07-21; 05:32:46; 403; 0; 33.09; 1010.266796875; 21.2783203125
2026-07-21; 05:33:46; 403; 0; 33.09; 1010.28625; 21.2890625
2026-07-21; 05:34:46; 403; 0; 33.15; 1010.278828125; 21.177734375
2026-07-21; 05:35:46; 403; 0; 33.07; 1010.2821484375; 21.3115234375
2026-07-21; 05:36:46; 403; 0; 33.17; 1010.2121875; 21.2236328125
2026-07-21; 05:37:46; 400; 0; 33.08; 1010.3334375; 21.2890625
2026-07-21; 05:38:46; 409; 1; 33.28; 1010.31140625; 21.1025390625
2026-07-21; 05:39:46; 403; 0; 33.15; 1010.278828125; 21.2001953125
2026-07-21; 05:40:46; 403; 0; 33.14; 1010.310234375; 21.19921875
2026-07-21; 05:41:46; 400; 0; 33.23; 1010.3698828125; 21.123046875
2026-07-21; 05:42:46; 403; 0; 33.17; 1010.34953125; 21.166015625
2026-07-21; 05:43:46; 403; 0; 33.0; 1010.3444921875; 21.3427734375
2026-07-21; 05:44:46; 400; 0; 33.08; 1010.3608984375; 21.2431640625
2026-07-21; 05:45:46; 405; 0; 33.19; 1010.3811328125; 21.14453125
2026-07-21; 05:46:46; 405; 0; 33.2; 1010.341953125; 21.14453125
2026-07-21; 05:47:46; 405; 0; 33.03; 1010.3288671875; 21.3095703125
2026-07-21; 05:48:46; 405; 0; 33.14; 1010.4201171875; 21.19921875
2026-07-21; 05:49:46; 405; 0; 33.1; 1010.3294921875; 21.208984375
2026-07-21; 05:50:46; 400; 0; 33.13; 1010.3571484375; 21.1650390625
2026-07-21; 05:51:46; 400; 0; 33.22; 1010.4284765625; 21.111328125
2026-07-21; 05:52:46; 403; 0; 33.02; 1010.4229296875; 21.3203125
2026-07-21; 05:53:46; 403; 0; 33.03; 1010.364375; 21.2744140625
2026-07-21; 05:54:46; 403; 0; 33.09; 1010.3961328125; 21.2548828125
2026-07-21; 05:55:47; 403; 0; 33.2; 1010.3969140625; 21.1220703125
2026-07-21; 05:56:47; 400; 0; 33.1; 1010.4199609375; 21.208984375
2026-07-21; 05:57:47; 400; 0; 32.98; 1010.4030078125; 21.341796875
2026-07-21; 05:58:47; 400; 0; 33.06; 1010.41171875; 21.2763671875
2026-07-21; 05:59:47; 406; 0; 33.02; 1010.4584765625; 21.3095703125
2026-07-21; 06:00:47; 406; 0; 33.11; 1010.4357421875; 21.2216796875
2026-07-21; 06:01:47; 406; 0; 33.07; 1010.4194921875; 21.2421875
2026-07-21; 06:02:47; 406; 0; 32.99; 1010.418828125; 21.3544921875
2026-07-21; 06:03:47; 406; 0; 33.03; 1010.5211328125; 21.2861328125
2026-07-21; 06:04:47; 400; 0; 33.0; 1010.48953125; 21.3203125
2026-07-21; 06:05:47; 400; 0; 32.96; 1010.5284765625; 21.38671875
2026-07-21; 06:06:47; 406; 0; 33.03; 1010.4662109375; 21.3095703125
2026-07-21; 06:07:47; 406; 0; 33.06; 1010.4666796875; 21.25390625
2026-07-21; 06:08:47; 409; 1; 32.99; 1010.4385546875; 21.3310546875
2026-07-21; 06:09:47; 406; 0; 33.08; 1010.4352734375; 21.25390625
2026-07-21; 06:10:47; 406; 0; 33.04; 1010.4819921875; 21.2978515625
2026-07-21; 06:11:47; 400; 0; 33.03; 1010.4467578125; 21.2978515625
2026-07-21; 06:12:47; 400; 0; 33.03; 1010.47421875; 21.2861328125
2026-07-21; 06:13:47; 403; 0; 33.05; 1010.4508984375; 21.2763671875
2026-07-21; 06:14:47; 409; 1; 33.06; 1010.5216015625; 21.2646484375
2026-07-21; 06:15:47; 403; 0; 33.21; 1010.46765625; 21.1220703125
2026-07-21; 06:16:47; 403; 0; 33.13; 1010.4669921875; 21.1767578125
2026-07-21; 06:17:47; 403; 0; 33.0; 1010.4071484375; 21.30859375
2026-07-21; 06:18:47; 409; 1; 32.98; 1010.45796875; 21.341796875
2026-07-21; 06:19:47; 409; 1; 32.95; 1010.5126953125; 21.38671875
2026-07-21; 06:20:47; 403; 0; 32.87; 1010.476484375; 21.439453125
2026-07-21; 06:21:47; 403; 0; 33.06; 1010.4586328125; 21.2529296875
2026-07-21; 06:22:47; 400; 0; 33.04; 1010.462578125; 21.2646484375
2026-07-21; 06:23:47; 403; 0; 33.11; 1010.537578125; 21.232421875
2026-07-21; 06:24:47; 403; 0; 33.34; 1010.53546875; 20.9560546875
2026-07-21; 06:25:47; 403; 0; 33.1; 1010.5298046875; 21.208984375
2026-07-21; 06:26:47; 403; 0; 33.24; 1010.4875390625; 21.06640625
2026-07-21; 06:27:47; 403; 0; 33.13; 1010.4592578125; 21.17578125
2026-07-21; 06:28:47; 400; 0; 33.23; 1010.47171875; 21.0771484375
2026-07-21; 06:29:47; 403; 0; 33.18; 1010.5576171875; 21.1552734375
2026-07-21; 06:30:47; 400; 0; 33.06; 1010.5216015625; 21.2421875
2026-07-21; 06:31:47; 403; 0; 33.0; 1010.5444921875; 21.296875
2026-07-21; 06:32:47; 400; 0; 32.99; 1010.575859375; 21.3076171875
2026-07-21; 06:33:47; 403; 0; 32.91; 1010.62203125; 21.396484375
2026-07-21; 06:34:47; 400; 0; 32.99; 1010.603359375; 21.3193359375
2026-07-21; 06:35:47; 400; 0; 32.94; 1010.641953125; 21.36328125
2026-07-21; 06:36:47; 400; 0; 33.09; 1010.5964453125; 21.2314453125
2026-07-21; 06:37:47; 400; 0; 32.98; 1010.6699609375; 21.330078125
2026-07-21; 06:38:48; 403; 0; 33.03; 1010.6115625; 21.251953125
2026-07-21; 06:39:48; 400; 0; 33.05; 1010.643125; 21.23046875
2026-07-21; 06:40:48; 400; 0; 33.1; 1010.584765625; 21.208984375
2026-07-21; 06:41:48; 403; 0; 33.09; 1010.65140625; 21.185546875
2026-07-21; 06:42:48; 400; 0; 33.12; 1010.6160546875; 21.17578125
2026-07-21; 06:43:48; 405; 0; 33.11; 1010.6474609375; 21.1982421875
2026-07-21; 06:44:48; 405; 0; 33.1; 1010.6397265625; 21.140625
2026-07-21; 06:45:48; 405; 0; 33.28; 1010.7430078125; 21.033203125
2026-07-21; 06:46:48; 405; 0; 33.14; 1010.6398828125; 21.142578125
2026-07-21; 06:47:48; 400; 0; 33.07; 1010.59234375; 21.2197265625
2026-07-21; 06:48:48; 405; 0; 33.0; 1010.626875; 21.2626953125
2026-07-21; 06:49:48; 405; 0; 32.93; 1010.645859375; 21.3505859375
2026-07-21; 06:50:48; 405; 0; 33.18; 1010.703046875; 21.109375
2026-07-21; 06:51:48; 400; 0; 32.95; 1010.6303125; 21.2939453125
2026-07-21; 06:52:48; 400; 0; 32.99; 1010.603359375; 21.2734375
2026-07-21; 06:53:48; 407; 1; 33.01; 1010.634921875; 21.2509765625
2026-07-21; 06:54:48; 407; 1; 33.13; 1010.6241015625; 21.119140625
2026-07-21; 06:55:48; 402; 0; 32.94; 1010.6067578125; 21.3505859375
2026-07-21; 06:56:48; 402; 0; 33.0; 1010.6466015625; 21.2734375
2026-07-21; 06:57:48; 402; 0; 32.95; 1010.6775; 21.33984375
2026-07-21; 06:58:48; 407; 1; 33.06; 1010.6589453125; 21.1962890625
2026-07-21; 06:59:48; 400; 0; 33.09; 1010.65140625; 21.1748046875
2026-07-21; 07:00:48; 407; 1; 33.1; 1010.6397265625; 21.1982421875
2026-07-21; 07:01:48; 402; 0; 33.13; 1010.7065234375; 21.1416015625
2026-07-21; 07:02:48; 402; 0; 33.17; 1010.7421875; 21.0859375
2026-07-21; 07:03:48; 402; 0; 33.11; 1010.72984375; 21.17578125
2026-07-21; 07:04:48; 407; 1; 33.05; 1010.78046875; 21.20703125
2026-07-21; 07:05:48; 402; 0; 33.05; 1010.7724609375; 21.2177734375
2026-07-21; 07:06:48; 402; 0; 33.0; 1010.7641796875; 21.2509765625
2026-07-21; 07:07:48; 402; 0; 33.16; 1010.72640625; 21.0859375
2026-07-21; 07:08:48; 400; 0; 33.22; 1010.821171875; 21.0654296875
2026-07-21; 07:09:48; 407; 1; 33.15; 1010.745859375; 21.0966796875
2026-07-21; 07:10:48; 402; 0; 33.15; 1010.7930078125; 21.119140625
2026-07-21; 07:11:48; 400; 0; 33.04; 1010.819609375; 21.1953125
2026-07-21; 07:12:48; 400; 0; 33.12; 1010.7456640625; 21.1416015625
2026-07-21; 07:13:48; 402; 0; 33.15; 1010.8282421875; 21.1083984375
2026-07-21; 07:14:48; 402; 0; 33.08; 1010.7923828125; 21.1845703125
2026-07-21; 07:15:48; 402; 0; 33.15; 1010.7733203125; 21.1083984375
2026-07-21; 07:16:48; 400; 0; 33.22; 1010.785625; 21.0654296875
2026-07-21; 07:17:48; 402; 0; 33.13; 1010.74171875; 21.119140625
2026-07-21; 07:18:48; 402; 0; 33.2; 1010.81703125; 21.064453125
2026-07-21; 07:19:48; 400; 0; 33.18; 1010.7580078125; 21.0634765625
2026-07-21; 07:20:49; 400; 0; 33.12; 1010.8005859375; 21.1416015625
2026-07-21; 07:21:49; 402; 0; 33.15; 1010.745859375; 21.1318359375
2026-07-21; 07:22:49; 402; 0; 33.06; 1010.7962890625; 21.2080078125
2026-07-21; 07:23:49; 400; 0; 33.23; 1010.85640625; 21.04296875
2026-07-21; 07:24:49; 402; 0; 33.18; 1010.8598046875; 21.09765625
2026-07-21; 07:25:49; 407; 1; 33.09; 1010.89859375; 21.1748046875
2026-07-21; 07:26:49; 402; 0; 33.12; 1010.86328125; 21.15234375
2026-07-21; 07:27:49; 400; 0; 33.23; 1010.836953125; 21.04296875
2026-07-21; 07:28:49; 402; 0; 33.23; 1010.8838671875; 21.03125
2026-07-21; 07:29:49; 402; 0; 33.14; 1010.8321484375; 21.119140625
2026-07-21; 07:30:49; 402; 0; 33.26; 1010.848828125; 20.986328125
2026-07-21; 07:31:49; 400; 0; 33.13; 1010.8516015625; 21.130859375
2026-07-21; 07:32:49; 402; 0; 33.19; 1010.80125; 21.0869140625
2026-07-21; 07:33:49; 400; 0; 33.27; 1010.8920703125; 20.9990234375
2026-07-21; 07:34:49; 407; 1; 33.29; 1010.81375; 20.9765625
2026-07-21; 07:35:49; 407; 1; 33.19; 1010.8562109375; 21.052734375
2026-07-21; 07:36:49; 407; 1; 33.18; 1010.8048828125; 21.09765625
2026-07-21; 07:37:49; 407; 1; 33.34; 1010.865234375; 20.9560546875
2026-07-21; 07:38:49; 409; 1; 33.38; 1010.81875; 20.876953125
2026-07-21; 07:39:49; 409; 1; 33.43; 1010.842734375; 20.798828125
2026-07-21; 07:40:49; 409; 1; 33.36; 1010.8341015625; 20.8876953125
2026-07-21; 07:41:49; 407; 1; 33.46; 1010.8270703125; 20.8349609375
2026-07-21; 07:42:49; 407; 1; 33.47; 1010.8626171875; 20.8232421875
2026-07-21; 07:43:49; 407; 1; 33.25; 1010.8410546875; 21.0087890625
2026-07-21; 07:44:49; 409; 1; 33.35; 1010.853515625; 20.93359375
2026-07-21; 07:45:49; 409; 1; 33.34; 1010.884921875; 20.9326171875
2026-07-21; 07:46:49; 409; 1; 33.3; 1010.8020703125; 20.9658203125
2026-07-21; 07:47:49; 409; 1; 33.4; 1010.8778125; 20.84375
2026-07-21; 07:48:49; 409; 1; 33.37; 1010.85765625; 20.888671875
2026-07-21; 07:49:49; 409; 1; 33.42; 1010.8544140625; 20.8671875
2026-07-21; 07:50:49; 407; 1; 33.4; 1010.8503125; 20.85546875
2026-07-21; 07:51:49; 409; 1; 33.53; 1010.8473828125; 20.7685546875
2026-07-21; 07:52:49; 409; 1; 33.38; 1010.8656640625; 20.888671875
2026-07-21; 07:53:49; 414; 2; 33.35; 1010.881015625; 20.93359375
2026-07-21; 07:54:49; 414; 2; 33.44; 1010.87796875; 20.833984375
2026-07-21; 07:55:49; 414; 2; 33.44; 1010.87796875; 20.810546875
2026-07-21; 07:56:49; 414; 2; 33.5; 1010.855; 20.755859375
2026-07-21; 07:57:49; 414; 2; 33.49; 1010.83921875; 20.8017578125
2026-07-21; 07:58:49; 414; 2; 33.55; 1010.851484375; 20.7470703125
2026-07-21; 07:59:49; 409; 1; 33.49; 1010.9019140625; 20.7900390625
2026-07-21; 08:00:49; 414; 2; 33.44; 1010.8310546875; 20.845703125
2026-07-21; 08:01:49; 417; 2; 33.42; 1010.8544140625; 20.85546875
2026-07-21; 08:02:49; 414; 2; 33.46; 1010.8193359375; 20.8349609375
2026-07-21; 08:03:49; 414; 2; 33.56; 1010.8672265625; 20.7353515625
2026-07-21; 08:04:50; 414; 2; 33.48; 1010.803671875; 20.8359375
2026-07-21; 08:05:50; 414; 2; 33.57; 1010.800546875; 20.748046875
2026-07-21; 08:06:50; 414; 2; 33.64; 1010.8560546875; 20.693359375
2026-07-21; 08:07:50; 407; 1; 33.74; 1010.848671875; 20.5595703125
2026-07-21; 08:08:50; 400; 0; 33.73; 1010.8328515625; 20.6171875
2026-07-21; 08:09:50; 400; 0; 33.56; 1010.8475; 20.8046875
2026-07-21; 08:10:50; 403; 0; 33.58; 1010.8516015625; 20.83984375
2026-07-21; 08:11:50; 400; 0; 33.73; 1010.7976171875; 20.720703125
2026-07-21; 08:12:50; 400; 0; 33.84; 1010.7237109375; 20.65625
2026-07-21; 08:13:50; 400; 0; 34.0; 1010.830859375; 20.60546875
2026-07-21; 08:14:50; 400; 0; 33.96; 1010.7597265625; 20.650390625
2026-07-21; 08:15:50; 400; 0; 33.97; 1010.858046875; 20.685546875
2026-07-21; 08:16:50; 403; 0; 33.94; 1010.90125; 20.7529296875
2026-07-21; 08:17:50; 400; 0; 33.68; 1010.8012109375; 21.0859375
2026-07-21; 08:18:50; 400; 0; 33.84; 1010.8062109375; 20.91015625
2026-07-21; 08:19:50; 405; 0; 33.88; 1010.786796875; 20.9345703125
2026-07-21; 08:20:50; 405; 0; 33.9; 1010.7828125; 20.947265625
2026-07-21; 08:21:50; 400; 0; 33.74; 1010.8761328125; 21.1123046875
2026-07-21; 08:22:50; 400; 0; 33.78; 1010.813515625; 21.1142578125
2026-07-21; 08:23:50; 400; 0; 33.81; 1010.8963671875; 21.126953125
2026-07-21; 08:24:50; 400; 0; 33.84; 1010.8062109375; 21.09375
2026-07-21; 08:25:50; 400; 0; 33.85; 1010.8769921875; 21.1640625
2026-07-21; 08:26:50; 403; 0; 33.89; 1010.7670703125; 21.119140625
2026-07-21; 08:27:50; 400; 0; 33.8; 1010.8805859375; 21.2421875
2026-07-21; 08:28:50; 400; 0; 33.72; 1010.8170703125; 21.3759765625
2026-07-21; 08:29:50; 400; 0; 33.51; 1010.760859375; 21.5966796875
2026-07-21; 08:30:50; 400; 0; 33.62; 1010.8244921875; 21.498046875
2026-07-21; 08:31:50; 400; 0; 33.64; 1010.875546875; 21.4990234375
2026-07-21; 08:32:50; 400; 0; 33.78; 1010.8409765625; 21.3447265625
2026-07-21; 08:33:50; 400; 0; 33.64; 1010.77359375; 21.48828125
2026-07-21; 08:34:50; 400; 0; 33.55; 1010.80421875; 21.64453125
2026-07-21; 08:35:50; 400; 0; 33.58; 1010.8163671875; 21.623046875
2026-07-21; 08:36:50; 400; 0; 33.46; 1010.772109375; 21.720703125
2026-07-21; 08:37:50; 414; 2; 33.57; 1010.80828125; 21.5888671875
2026-07-21; 08:38:50; 409; 1; 33.59; 1010.859609375; 21.5654296875
2026-07-21; 08:39:50; 403; 0; 33.57; 1010.855546875; 21.6455078125
2026-07-21; 08:40:50; 405; 0; 33.47; 1010.8076171875; 21.7099609375
2026-07-21; 08:41:50; 400; 0; 33.51; 1010.851015625; 21.74609375
2026-07-21; 08:42:50; 405; 0; 33.58; 1010.7691015625; 21.623046875
2026-07-21; 08:43:50; 400; 0; 33.5; 1010.8000390625; 21.72265625
2026-07-21; 08:44:50; 405; 0; 33.44; 1010.7760546875; 21.77734375
2026-07-21; 08:45:50; 400; 0; 33.55; 1010.823984375; 21.6904296875
2026-07-21; 08:46:50; 400; 0; 33.38; 1010.7637890625; 21.83203125
2026-07-21; 08:47:51; 403; 0; 33.42; 1010.7444921875; 21.833984375
2026-07-21; 08:48:51; 400; 0; 33.42; 1010.8269140625; 21.822265625
2026-07-21; 08:49:51; 400; 0; 33.39; 1010.7795703125; 21.7978515625
2026-07-21; 08:50:51; 400; 0; 33.36; 1010.8066015625; 21.865234375
2026-07-21; 08:51:51; 407; 1; 33.38; 1010.7832421875; 21.83203125
2026-07-21; 08:52:51; 400; 0; 33.5; 1010.7450390625; 21.6650390625
2026-07-21; 08:53:51; 402; 0; 33.56; 1010.7848046875; 21.587890625
2026-07-21; 08:54:51; 400; 0; 33.55; 1010.7492578125; 21.5869140625
2026-07-21; 08:55:51; 403; 0; 33.52; 1010.7843359375; 21.59765625
2026-07-21; 08:56:51; 400; 0; 33.54; 1010.7609765625; 21.5869140625
2026-07-21; 08:57:51; 403; 0; 33.51; 1010.760859375; 21.57421875
2026-07-21; 08:58:51; 400; 0; 33.61; 1010.78125; 21.4169921875
2026-07-21; 08:59:51; 403; 0; 33.53; 1010.74515625; 21.470703125
2026-07-21; 09:00:51; 400; 0; 33.57; 1010.7455859375; 21.4384765625
2026-07-21; 09:01:51; 400; 0; 33.53; 1010.71765625; 21.4365234375
2026-07-21; 09:02:51; 400; 0; 33.48; 1010.8233984375; 21.46875
2026-07-21; 09:03:51; 400; 0; 33.62; 1010.76953125; 21.279296875
2026-07-21; 09:04:51; 403; 0; 33.51; 1010.705859375; 21.34375
2026-07-21; 09:05:51; 400; 0; 33.46; 1010.7094140625; 21.3291015625
2026-07-21; 09:06:51; 400; 0; 33.51; 1010.705859375; 21.251953125
2026-07-21; 09:07:51; 400; 0; 33.58; 1010.8163671875; 21.185546875
2026-07-21; 09:08:51; 405; 0; 33.62; 1010.761484375; 21.0947265625
2026-07-21; 09:09:51; 403; 0; 33.59; 1010.757421875; 21.0947265625
2026-07-21; 09:10:51; 400; 0; 33.67; 1010.793125; 20.982421875
2026-07-21; 09:11:51; 408; 1; 33.67; 1010.840390625; 20.9365234375
2026-07-21; 09:12:51; 400; 0; 33.65; 1010.7615625; 20.935546875
2026-07-21; 09:13:51; 409; 1; 33.59; 1010.702421875; 20.9677734375
2026-07-21; 09:14:51; 400; 0; 33.58; 1010.7691015625; 20.9326171875
2026-07-21; 09:15:51; 400; 0; 33.63; 1010.804765625; 20.888671875
2026-07-21; 09:16:51; 400; 0; 33.57; 1010.7808203125; 20.9091796875
2026-07-21; 09:17:51; 400; 0; 33.59; 1010.7496875; 20.88671875
2026-07-21; 09:18:51; 400; 0; 33.57; 1010.718125; 20.8974609375
2026-07-21; 09:19:51; 409; 1; 33.51; 1010.705859375; 20.9755859375
2026-07-21; 09:20:51; 405; 0; 33.55; 1010.77671875; 20.9306640625
2026-07-21; 09:21:51; 400; 0; 33.7; 1010.730546875; 20.7998046875
2026-07-21; 09:22:51; 405; 0; 33.78; 1010.786015625; 20.7109375
2026-07-21; 09:23:51; 400; 0; 33.7; 1010.7777734375; 20.798828125
2026-07-21; 09:24:51; 414; 2; 33.67; 1010.757890625; 20.8212890625
2026-07-21; 09:25:51; 406; 0; 33.59; 1010.7496875; 20.91015625
2026-07-21; 09:26:51; 400; 0; 33.55; 1010.7217578125; 20.9306640625
2026-07-21; 09:27:51; 400; 0; 33.65; 1010.726328125; 20.8427734375
2026-07-21; 09:28:51; 410; 1; 33.64; 1010.71859375; 20.83203125
2026-07-21; 09:29:51; 400; 0; 33.71; 1010.7110546875; 20.77734375
2026-07-21; 09:30:52; 400; 0; 33.72; 1010.707109375; 20.7197265625
2026-07-21; 09:31:52; 403; 0; 33.68; 1010.7462109375; 20.763671875
2026-07-21; 09:32:52; 407; 1; 33.69; 1010.7069921875; 20.7646484375
2026-07-21; 09:33:52; 407; 1; 33.63; 1010.694765625; 20.8076171875
2026-07-21; 09:34:52; 400; 0; 33.61; 1010.72625; 20.830078125
2026-07-21; 09:35:52; 413; 1; 33.57; 1010.690625; 20.8740234375
2026-07-21; 09:36:52; 403; 0; 33.57; 1010.663125; 20.83984375
2026-07-21; 09:37:52; 406; 0; 33.63; 1010.7028515625; 20.8076171875
2026-07-21; 09:38:52; 409; 1; 33.59; 1010.702421875; 20.8291015625
2026-07-21; 09:39:52; 403; 0; 33.62; 1010.6240234375; 20.7958984375
2026-07-21; 09:40:52; 403; 0; 33.62; 1010.63203125; 20.76171875
2026-07-21; 09:41:52; 403; 0; 33.69; 1010.549765625; 20.70703125
2026-07-21; 09:42:52; 405; 0; 33.7; 1010.565546875; 20.6728515625
2026-07-21; 09:43:52; 403; 0; 33.71; 1010.553828125; 20.6396484375
2026-07-21; 09:44:52; 405; 0; 33.83; 1010.4879296875; 20.517578125
2026-07-21; 09:45:52; 413; 1; 33.74; 1010.518671875; 20.59375
2026-07-21; 09:46:52; 402; 0; 33.73; 1010.55015625; 20.60546875
2026-07-21; 09:47:52; 405; 0; 33.77; 1010.55828125; 20.5263671875
2026-07-21; 09:48:52; 400; 0; 33.77; 1010.53078125; 20.560546875
2026-07-21; 09:49:52; 400; 0; 33.71; 1010.54609375; 20.5810546875
2026-07-21; 09:50:52; 400; 0; 33.82; 1010.519140625; 20.470703125
2026-07-21; 09:51:52; 408; 1; 33.76; 1010.561953125; 20.537109375
2026-07-21; 09:52:52; 413; 1; 33.71; 1010.608828125; 20.5703125
2026-07-21; 09:53:52; 408; 1; 33.73; 1010.49515625; 20.5361328125
2026-07-21; 09:54:52; 408; 1; 33.68; 1010.4790234375; 20.580078125
2026-07-21; 09:55:52; 410; 1; 33.77; 1010.467734375; 20.48046875
2026-07-21; 09:56:52; 415; 2; 33.8; 1010.460078125; 20.4697265625
2026-07-21; 09:57:52; 418; 2; 33.76; 1010.46; 20.48046875
2026-07-21; 09:58:52; 415; 2; 33.71; 1010.4988671875; 20.5244140625
2026-07-21; 09:59:52; 432; 4; 33.61; 1010.451328125; 20.6455078125
2026-07-21; 10:00:52; 446; 7; 33.72; 1010.479375; 20.5703125
2026-07-21; 10:01:52; 451; 7; 33.7; 1010.455546875; 20.5576171875
2026-07-21; 10:02:52; 450; 7; 33.72; 1010.4046484375; 20.5126953125
2026-07-21; 10:03:52; 439; 5; 33.79; 1010.499296875; 20.4580078125
2026-07-21; 10:04:52; 425; 3; 33.85; 1010.4289453125; 20.4033203125
2026-07-21; 10:05:52; 442; 6; 33.88; 1010.36625; 20.3583984375
2026-07-21; 10:06:52; 470; 10; 33.87; 1010.48796875; 20.3466796875
2026-07-21; 10:07:52; 470; 10; 33.78; 1010.456015625; 20.4345703125
2026-07-21; 10:08:52; 455; 8; 33.8; 1010.460078125; 20.3896484375
2026-07-21; 10:09:52; 450; 7; 33.88; 1010.36625; 20.30078125
2026-07-21; 10:10:52; 442; 6; 33.95; 1010.4494140625; 20.2119140625
2026-07-21; 10:11:52; 425; 3; 33.92; 1010.4216015625; 20.2568359375
2026-07-21; 10:12:52; 400; 0; 33.89; 1010.4369921875; 20.2666015625
2026-07-21; 10:13:53; 403; 0; 33.81; 1010.4483203125; 20.35546875
2026-07-21; 10:14:53; 407; 1; 33.82; 1010.4366015625; 20.3212890625
2026-07-21; 10:15:53; 400; 0; 33.84; 1010.4681640625; 20.298828125
2026-07-21; 10:16:53; 405; 0; 33.83; 1010.3698828125; 20.298828125
2026-07-21; 10:17:53; 400; 0; 33.88; 1010.4017578125; 20.2314453125
2026-07-21; 10:18:53; 409; 1; 33.86; 1010.3897265625; 20.2421875
2026-07-21; 10:19:53; 444; 6; 33.89; 1010.46453125; 20.208984375
2026-07-21; 10:20:53; 444; 6; 33.88; 1010.346796875; 20.197265625
2026-07-21; 10:21:53; 427; 4; 33.89; 1010.38203125; 20.1865234375
2026-07-21; 10:22:53; 402; 0; 33.91; 1010.3783203125; 20.15234375
2026-07-21; 10:23:53; 400; 0; 33.9; 1010.3428125; 20.15234375
2026-07-21; 10:24:53; 402; 0; 33.9; 1010.3428125; 20.140625
2026-07-21; 10:25:53; 400; 0; 33.86; 1010.315234375; 20.1845703125
2026-07-21; 10:26:53; 405; 0; 33.93; 1010.2803515625; 20.083984375
2026-07-21; 10:27:53; 400; 0; 33.88; 1010.346796875; 20.1162109375
2026-07-21; 10:28:53; 400; 0; 33.86; 1010.3621875; 20.1044921875
2026-07-21; 10:29:53; 400; 0; 33.94; 1010.2605859375; 20.00390625
2026-07-21; 10:30:53; 400; 0; 33.96; 1010.27265625; 19.958984375
2026-07-21; 10:31:53; 403; 0; 33.93; 1010.32734375; 19.9921875
2026-07-21; 10:32:53; 400; 0; 33.93; 1010.2803515625; 19.96875
2026-07-21; 10:33:53; 406; 0; 33.85; 1010.2639453125; 20.01171875
2026-07-21; 10:34:53; 400; 0; 33.87; 1010.26796875; 19.966796875
2026-07-21; 10:35:53; 400; 0; 33.91; 1010.26828125; 19.93359375
2026-07-21; 10:36:53; 415; 2; 33.95; 1010.2213671875; 19.900390625
2026-07-21; 10:37:53; 438; 5; 33.97; 1010.2609375; 19.8212890625
2026-07-21; 10:38:53; 423; 3; 33.93; 1010.2253515625; 19.8193359375
2026-07-21; 10:39:53; 415; 2; 34.0; 1010.1626953125; 19.7294921875
2026-07-21; 10:40:53; 405; 0; 34.03; 1010.182421875; 19.638671875
2026-07-21; 10:41:53; 406; 0; 33.93; 1010.1703515625; 19.75
2026-07-21; 10:42:53; 400; 0; 34.03; 1010.072421875; 19.5927734375
2026-07-21; 10:43:53; 400; 0; 33.98; 1010.1861328125; 19.6484375
2026-07-21; 10:44:53; 414; 2; 33.98; 1010.1666796875; 19.6259765625
2026-07-21; 10:45:53; 427; 4; 33.93; 1010.1428515625; 19.6689453125
2026-07-21; 10:46:53; 422; 3; 33.89; 1010.2250390625; 19.7021484375
2026-07-21; 10:47:53; 408; 1; 33.96; 1010.154609375; 19.61328125
2026-07-21; 10:48:53; 403; 0; 33.98; 1010.1036328125; 19.625
2026-07-21; 10:49:53; 403; 0; 34.06; 1010.111953125; 19.513671875
2026-07-21; 10:50:53; 413; 1; 34.02; 1010.1196875; 19.5234375
2026-07-21; 10:51:53; 400; 0; 34.08; 1010.1434765625; 19.4677734375
2026-07-21; 10:52:53; 410; 1; 34.0; 1010.0331640625; 19.5224609375
2026-07-21; 10:53:53; 414; 2; 33.92; 1010.0720703125; 19.5888671875
2026-07-21; 10:54:53; 405; 0; 34.0; 1009.978125; 19.5341796875
2026-07-21; 10:55:53; 400; 0; 33.93; 1010.10734375; 19.53125
2026-07-21; 10:56:54; 400; 0; 33.95; 1010.0643359375; 19.4853515625
2026-07-21; 10:57:54; 406; 0; 34.0; 1010.0606640625; 19.4765625
2026-07-21; 10:58:54; 407; 1; 34.0; 1010.0881640625; 19.48828125
2026-07-21; 10:59:54; 400; 0; 33.99; 1010.099921875; 19.4189453125
2026-07-21; 11:00:54; 417; 2; 33.87; 1010.0754296875; 19.5166015625
2026-07-21; 11:01:54; 406; 0; 33.89; 1010.1344921875; 19.4482421875
2026-07-21; 11:02:54; 400; 0; 33.88; 1010.0992578125; 19.390625
2026-07-21; 11:03:54; 400; 0; 33.94; 1010.1036328125; 19.34765625
2026-07-21; 11:04:54; 400; 0; 33.93; 1010.1703515625; 19.369140625
2026-07-21; 11:05:54; 414; 2; 33.91; 1010.07578125; 19.4150390625
2026-07-21; 11:06:54; 409; 1; 33.92; 1010.0995703125; 19.3466796875
2026-07-21; 11:07:54; 413; 1; 33.93; 1010.1153515625; 19.3466796875
2026-07-21; 11:08:54; 434; 5; 33.98; 1010.1036328125; 19.279296875
2026-07-21; 11:09:54; 417; 2; 33.97; 1010.1153515625; 19.2099609375
2026-07-21; 11:10:54; 420; 3; 33.96; 1010.127109375; 19.220703125
2026-07-21; 11:11:54; 427; 4; 34.01; 1010.1508984375; 19.2119140625
2026-07-21; 11:12:54; 438; 5; 33.92; 1010.182109375; 19.25390625
2026-07-21; 11:13:54; 447; 7; 33.94; 1010.07609375; 19.208984375
2026-07-21; 11:14:54; 445; 6; 33.99; 1010.091875; 19.1533203125
2026-07-21; 11:15:54; 457; 8; 33.97; 1010.1153515625; 19.15234375
2026-07-21; 11:16:54; 457; 8; 33.87; 1010.0559765625; 19.171875
2026-07-21; 11:17:54; 405; 0; 33.93; 1010.1153515625; 19.1279296875
2026-07-21; 11:18:54; 405; 0; 33.96; 1010.13515625; 19.1064453125
2026-07-21; 11:19:54; 414; 2; 33.89; 1010.0875390625; 19.1494140625
2026-07-21; 11:20:54; 405; 0; 33.94; 1010.068046875; 19.1279296875
2026-07-21; 11:21:54; 422; 3; 33.94; 1010.1036328125; 19.1396484375
2026-07-21; 11:22:54; 409; 1; 33.97; 1010.1233984375; 19.0830078125
2026-07-21; 11:23:54; 417; 2; 33.89; 1010.1069921875; 19.1494140625
2026-07-21; 11:24:54; 405; 0; 33.87; 1010.10296875; 19.16015625
2026-07-21; 11:25:54; 406; 0; 33.89; 1010.079453125; 19.1142578125
2026-07-21; 11:26:54; 423; 3; 33.89; 1010.0875390625; 19.115234375
2026-07-21; 11:27:54; 416; 2; 33.91; 1010.13078125; 19.0810546875
2026-07-21; 11:28:54; 418; 2; 33.9; 1010.095234375; 19.0810546875
2026-07-21; 11:29:54; 421; 3; 33.88; 1010.11875; 19.1025390625
2026-07-21; 11:30:54; 408; 1; 33.89; 1010.1425390625; 19.0341796875
2026-07-21; 11:31:54; 409; 1; 33.94; 1010.04859375; 18.966796875
2026-07-21; 11:32:54; 420; 3; 33.85; 1010.079453125; 19.021484375
2026-07-21; 11:33:54; 400; 0; 33.88; 1010.11875; 18.9755859375
2026-07-21; 11:34:54; 405; 0; 33.9; 1010.1227734375; 18.9189453125
2026-07-21; 11:35:54; 411; 1; 33.92; 1010.0995703125; 18.931640625
2026-07-21; 11:36:54; 434; 5; 33.95; 1010.028828125; 18.8515625
2026-07-21; 11:37:54; 411; 1; 34.0; 1010.0331640625; 18.8310546875
2026-07-21; 11:38:54; 406; 0; 34.01; 1010.0683984375; 18.78515625
2026-07-21; 11:39:55; 421; 3; 33.93; 1010.0328125; 18.8046875
2026-07-21; 11:40:55; 435; 5; 33.87; 1010.10296875; 18.8720703125
2026-07-21; 11:41:55; 456; 8; 33.88; 1010.0167578125; 18.8603515625
2026-07-21; 11:42:55; 410; 1; 33.93; 1010.0798046875; 18.7822265625
2026-07-21; 11:43:55; 435; 5; 33.85; 1010.04390625; 18.7900390625
2026-07-21; 11:44:55; 421; 3; 33.9; 1010.012734375; 18.666015625
2026-07-21; 11:45:55; 406; 0; 33.89; 1009.9969921875; 18.6416015625
2026-07-21; 11:46:55; 403; 0; 33.89; 1010.005; 18.607421875
2026-07-21; 11:47:55; 407; 1; 33.98; 1009.99359375; 18.5068359375
2026-07-21; 11:48:55; 407; 1; 34.0; 1010.0056640625; 18.4501953125
2026-07-21; 11:49:55; 425; 3; 33.97; 1010.013359375; 18.44921875
2026-07-21; 11:50:55; 442; 6; 34.03; 1010.0173828125; 18.359375
2026-07-21; 11:51:55; 456; 8; 33.99; 1009.9898828125; 18.369140625
2026-07-21; 11:52:55; 466; 10; 33.96; 1010.0170703125; 18.4599609375
2026-07-21; 11:53:55; 486; 13; 33.98; 1009.974140625; 18.369140625
2026-07-21; 11:54:55; 502; 15; 34.06; 1010.029453125; 18.2568359375
2026-07-21; 11:55:55; 567; 25; 34.08; 1010.013671875; 18.2001953125
2026-07-21; 11:56:55; 560; 24; 33.99; 1009.8993359375; 18.2197265625
2026-07-21; 11:57:55; 580; 27; 34.01; 1009.930859375; 18.2314453125
2026-07-21; 11:58:55; 567; 25; 34.06; 1009.9469140625; 18.1298828125
2026-07-21; 11:59:55; 599; 30; 34.11; 1009.970703125; 18.07421875
2026-07-21; 12:00:55; 627; 34; 34.0; 1009.978125; 18.0810546875
2026-07-21; 12:01:55; 580; 27; 34.03; 1010.0529296875; 17.9326171875
2026-07-21; 12:02:55; 552; 23; 34.07; 1010.0726953125; 17.8193359375
2026-07-21; 12:03:55; 553; 23; 34.02; 1010.1391796875; 17.8515625
2026-07-21; 12:04:55; 565; 25; 33.95; 1010.174375; 17.8603515625
2026-07-21; 12:05:55; 591; 29; 33.8; 1010.165625; 17.900390625
2026-07-21; 12:06:55; 560; 24; 33.93; 1010.1428515625; 17.744140625
2026-07-21; 12:07:55; 533; 20; 33.91; 1010.083515625; 17.6396484375
2026-07-21; 12:08:55; 515; 17; 33.93; 1010.0878515625; 17.537109375
2026-07-21; 12:09:55; 492; 14; 33.91; 1010.07578125; 17.5361328125
2026-07-21; 12:10:55; 524; 18; 33.93; 1010.0878515625; 17.4560546875
2026-07-21; 12:11:55; 533; 20; 33.94; 1010.02109375; 17.572265625
2026-07-21; 12:12:55; 523; 18; 33.92; 1009.9895703125; 17.501953125
2026-07-21; 12:13:55; 524; 18; 34.02; 1010.0646875; 17.3671875
2026-07-21; 12:14:55; 536; 20; 33.97; 1010.0408984375; 17.3427734375
2026-07-21; 12:15:55; 515; 17; 34.07; 1009.99015625; 17.2421875
2026-07-21; 12:16:55; 486; 13; 33.99; 1010.072421875; 17.2626953125
2026-07-21; 12:17:55; 506; 16; 34.0; 1010.08015625; 17.205078125
2026-07-21; 12:18:55; 500; 15; 34.07; 1010.127734375; 17.1845703125
2026-07-21; 12:19:55; 497; 14; 34.03; 1010.044921875; 16.998046875
2026-07-21; 12:20:55; 463; 9; 33.99; 1010.091875; 16.9970703125
2026-07-21; 12:21:55; 483; 12; 34.01; 1010.04890625; 16.9521484375
2026-07-21; 12:22:56; 456; 8; 33.95; 1010.028828125; 17.0185546875
2026-07-21; 12:23:56; 442; 6; 34.06; 1010.029453125; 16.9306640625
2026-07-21; 12:24:56; 454; 8; 34.0; 1009.9976171875; 16.951171875
2026-07-21; 12:25:56; 492; 14; 33.93; 1010.0248046875; 16.9833984375
2026-07-21; 12:26:56; 502; 15; 33.92; 1010.0090234375; 17.005859375
2026-07-21; 12:27:56; 502; 15; 33.98; 1010.084140625; 16.927734375
2026-07-21; 12:28:56; 524; 18; 34.03; 1009.9898828125; 16.8603515625
2026-07-21; 12:29:56; 560; 24; 33.95; 1010.009375; 16.8681640625
2026-07-21; 12:30:56; 506; 16; 33.99; 1010.009375; 16.7548828125
2026-07-21; 12:31:56; 506; 16; 34.07; 1009.9979296875; 16.7109375
2026-07-21; 12:32:56; 502; 15; 34.08; 1009.986171875; 16.677734375
2026-07-21; 12:33:56; 488; 13; 34.09; 1010.04921875; 16.6083984375
2026-07-21; 12:34:56; 466; 10; 34.09; 1009.864375; 16.666015625
2026-07-21; 12:35:56; 483; 12; 34.03; 1009.942890625; 16.7099609375
2026-07-21; 12:36:56; 502; 15; 33.93; 1009.9778515625; 16.7412109375
2026-07-21; 12:37:56; 524; 18; 34.01; 1009.8838671875; 16.6982421875
2026-07-21; 12:38:56; 533; 20; 33.98; 1010.001640625; 16.662109375
2026-07-21; 12:39:56; 567; 25; 34.07; 1009.99015625; 16.6533203125
2026-07-21; 12:40:56; 574; 26; 34.1; 1009.8801171875; 16.59765625
2026-07-21; 12:41:56; 607; 31; 34.09; 1009.836875; 16.55078125
2026-07-21; 12:42:56; 649; 37; 34.06; 1010.001953125; 16.6298828125
2026-07-21; 12:43:56; 697; 45; 34.09; 1009.836875; 16.5390625
2026-07-21; 12:44:56; 697; 45; 34.14; 1009.825390625; 16.541015625
2026-07-21; 12:45:56; 765; 55; 34.11; 1009.9156640625; 16.505859375
2026-07-21; 12:46:56; 765; 55; 34.14; 1009.833125; 16.4716796875
2026-07-21; 12:47:56; 785; 58; 34.18; 1009.9706640625; 16.484375
2026-07-21; 12:48:56; 872; 71; 34.18; 1009.896171875; 16.5078125
2026-07-21; 12:49:56; 961; 85; 34.16; 1009.8921484375; 16.5185546875
2026-07-21; 12:50:56; 1009; 92; 34.18; 1009.998203125; 16.4384765625
2026-07-21; 12:51:56; 1074; 102; 34.17; 1009.8451171875; 16.49609375
2026-07-21; 12:52:56; 1060; 100; 34.22; 1009.8883984375; 16.4169921875
2026-07-21; 12:53:56; 1122; 109; 34.15; 1009.9787109375; 16.5185546875
2026-07-21; 12:54:56; 1102; 106; 34.29; 1009.868828125; 16.3505859375
2026-07-21; 12:55:56; 1174; 117; 34.22; 1009.84109375; 16.4287109375
2026-07-21; 12:56:56; 1191; 120; 34.21; 1009.8803515625; 16.3359375
2026-07-21; 12:57:56; 1215; 124; 34.24; 1009.919921875; 16.3134765625
2026-07-21; 12:58:56; 1181; 118; 34.24; 1009.95515625; 16.3251953125
2026-07-21; 12:59:56; 1159; 115; 34.19; 1010.01390625; 16.404296875
2026-07-21; 13:00:56; 1122; 109; 34.25; 1009.915859375; 16.3251953125
2026-07-21; 13:01:56; 1191; 120; 34.26; 1009.9866796875; 16.349609375
2026-07-21; 13:02:56; 1150; 114; 34.28; 1009.9829296875; 16.314453125
2026-07-21; 13:03:56; 1191; 120; 34.3; 1009.9120703125; 16.3046875
2026-07-21; 13:04:56; 1235; 127; 34.25; 1009.915859375; 16.291015625
2026-07-21; 13:05:57; 1291; 135; 34.27; 1010.002421875; 16.3955078125
2026-07-21; 13:06:57; 1274; 133; 34.24; 1009.92765625; 16.3720703125
2026-07-21; 13:07:57; 1291; 135; 34.31; 1010.0104296875; 16.2587890625
2026-07-21; 13:08:57; 1252; 129; 34.38; 1009.9478515625; 16.203125
2026-07-21; 13:09:57; 1191; 120; 34.37; 1009.9516015625; 16.2255859375
2026-07-21; 13:10:57; 1150; 114; 34.29; 1009.868828125; 16.2236328125
2026-07-21; 13:11:57; 1065; 101; 34.3; 1009.8845703125; 16.2236328125
2026-07-21; 13:12:57; 1110; 108; 34.37; 1009.8770703125; 16.16796875
2026-07-21; 13:13:57; 1150; 114; 34.36; 1009.88078125; 16.14453125
2026-07-21; 13:14:57; 1252; 129; 34.28; 1009.8530859375; 16.2802734375
2026-07-21; 13:15:57; 1372; 148; 34.33; 1009.876796875; 16.248046875
2026-07-21; 13:16:57; 1432; 157; 34.33; 1009.8690625; 16.224609375
2026-07-21; 13:17:57; 1505; 175; 34.33; 1009.8140234375; 16.2939453125
2026-07-21; 13:18:57; 1512; 179; 34.29; 1009.86109375; 16.28125
2026-07-21; 13:19:57; 1519; 184; 34.29; 1009.75875; 16.3154296875
2026-07-21; 13:20:57; 1502; 173; 34.35; 1009.7824609375; 16.2822265625
2026-07-21; 13:21:57; 1514; 181; 34.38; 1009.7196484375; 16.21484375
2026-07-21; 13:22:57; 1532; 193; 34.38; 1009.7196484375; 16.2607421875
2026-07-21; 13:23:57; 1528; 191; 34.42; 1009.763125; 16.1357421875
2026-07-21; 13:24:57; 1551; 207; 34.4; 1009.81421875; 16.2158203125
2026-07-21; 13:25:57; 1578; 227; 34.31; 1009.817734375; 16.2939453125
2026-07-21; 13:26:57; 1587; 234; 34.3; 1009.8019921875; 16.2001953125
2026-07-21; 13:27:57; 1611; 255; 34.29; 1009.75875; 16.29296875
2026-07-21; 13:28:57; 1595; 242; 34.38; 1009.8297265625; 16.1337890625
2026-07-21; 13:29:57; 1603; 248; 34.29; 1009.81375; 16.234375
2026-07-21; 13:30:57; 1592; 238; 34.29; 1009.8412890625; 16.24609375
2026-07-21; 13:31:57; 1587; 234; 34.31; 1009.7902734375; 16.224609375
2026-07-21; 13:32:57; 1567; 220; 34.39; 1009.84546875; 16.1572265625
2026-07-21; 13:33:57; 1572; 223; 34.36; 1009.798203125; 16.14453125
2026-07-21; 13:34:57; 1607; 253; 34.29; 1009.6959765625; 16.28125
2026-07-21; 13:35:57; 1611; 255; 34.32; 1009.7509375; 16.2470703125
2026-07-21; 13:36:57; 1611; 255; 34.3; 1009.7667578125; 16.2119140625
2026-07-21; 13:37:57; 1603; 248; 34.3; 1009.6841796875; 16.2119140625
2026-07-21; 13:38:57; 1607; 253; 34.3; 1009.6841796875; 16.2119140625
2026-07-21; 13:39:57; 1615; 260; 34.36; 1009.6686328125; 16.1796875
2026-07-21; 13:40:57; 1633; 276; 34.39; 1009.6803125; 16.1923828125
2026-07-21; 13:41:57; 1624; 266; 34.37; 1009.6293359375; 16.1220703125
2026-07-21; 13:42:57; 1625; 268; 34.36; 1009.6135546875; 16.1796875
2026-07-21; 13:43:57; 1628; 271; 34.43; 1009.7433203125; 16.1474609375
2026-07-21; 13:44:57; 1651; 290; 34.41; 1009.656796875; 16.146484375
2026-07-21; 13:45:57; 1660; 299; 34.44; 1009.7398828125; 16.1015625
2026-07-21; 13:46:57; 1668; 307; 34.39; 1009.688359375; 16.1572265625
2026-07-21; 13:47:57; 1677; 315; 34.38; 1009.7196484375; 16.1220703125
2026-07-21; 13:48:58; 1692; 331; 34.35; 1009.6723828125; 16.1787109375
2026-07-21; 13:49:58; 1673; 312; 34.4; 1009.641015625; 16.146484375
2026-07-21; 13:50:58; 1660; 299; 34.34; 1009.6646484375; 16.1904296875
2026-07-21; 13:51:58; 1657; 296; 34.39; 1009.6253125; 16.1923828125
2026-07-21; 13:52:58; 1668; 307; 34.43; 1009.6332421875; 16.1240234375
2026-07-21; 13:53:58; 1651; 290; 34.47; 1009.6414453125; 16.1142578125
2026-07-21; 13:54:58; 1619; 263; 34.46; 1009.68078125; 16.1025390625
2026-07-21; 13:55:58; 1611; 255; 34.47; 1009.64921875; 16.1025390625
2026-07-21; 13:56:58; 1607; 253; 34.47; 1009.6139453125; 16.1025390625
2026-07-21; 13:57:58; 1615; 260; 34.43; 1009.64125; 16.1123046875
2026-07-21; 13:58:58; 1625; 268; 34.46; 1009.5706640625; 16.16015625
2026-07-21; 13:59:58; 1637; 279; 34.48; 1009.499765625; 16.16015625
2026-07-21; 14:00:58; 1651; 290; 34.5; 1009.57859375; 16.103515625
2026-07-21; 14:01:58; 1673; 312; 34.45; 1009.6099609375; 16.11328125
2026-07-21; 14:02:58; 1696; 335; 34.51; 1009.5392578125; 16.1728515625
2026-07-21; 14:03:58; 1701; 340; 34.53; 1009.5707421875; 16.0810546875
2026-07-21; 14:04:58; 1720; 357; 34.46; 1009.598203125; 16.16015625
2026-07-21; 14:05:58; 1739; 376; 34.46; 1009.5706640625; 16.16015625
2026-07-21; 14:06:58; 1725; 363; 34.41; 1009.5466796875; 16.193359375
2026-07-21; 14:07:58; 1696; 335; 34.51; 1009.5392578125; 16.0927734375
2026-07-21; 14:08:58; 1705; 345; 34.46; 1009.550859375; 16.13671875
2026-07-21; 14:09:58; 1683; 322; 34.48; 1009.46453125; 16.16015625
2026-07-21; 14:10:58; 1696; 335; 34.44; 1009.4921484375; 16.1943359375
2026-07-21; 14:11:58; 1657; 296; 34.45; 1009.4525390625; 16.13671875
2026-07-21; 14:12:58; 1641; 283; 34.52; 1009.436875; 16.1044921875
2026-07-21; 14:13:58; 1651; 290; 34.48; 1009.4447265625; 16.091796875
2026-07-21; 14:14:58; 1637; 279; 34.43; 1009.47609375; 16.1240234375
2026-07-21; 14:15:58; 1633; 276; 34.43; 1009.421015625; 16.181640625
2026-07-21; 14:16:58; 1651; 290; 34.4; 1009.36578125; 16.23828125
2026-07-21; 14:17:58; 1651; 290; 34.48; 1009.3819140625; 16.171875
2026-07-21; 14:18:58; 1657; 296; 34.48; 1009.3896484375; 16.16015625
2026-07-21; 14:19:58; 1641; 283; 34.48; 1009.3819140625; 16.1259765625
2026-07-21; 14:20:58; 1657; 296; 34.45; 1009.417265625; 16.228515625
2026-07-21; 14:21:58; 1655; 294; 34.45; 1009.4448046875; 16.1943359375
2026-07-21; 14:22:58; 1628; 271; 34.53; 1009.5157421875; 16.0927734375
2026-07-21; 14:23:58; 1615; 260; 34.48; 1009.4369921875; 16.1953125
2026-07-21; 14:24:58; 1637; 279; 34.42; 1009.4523046875; 16.2392578125
2026-07-21; 14:25:58; 1611; 255; 34.36; 1009.4954296875; 16.3525390625
2026-07-21; 14:26:58; 1603; 248; 34.38; 1009.4248828125; 16.3193359375
2026-07-21; 14:27:58; 1551; 207; 34.45; 1009.4525390625; 16.263671875
2026-07-21; 14:28:58; 1522; 186; 34.43; 1009.4485546875; 16.2509765625
2026-07-21; 14:29:58; 1514; 181; 34.46; 1009.413203125; 16.2412109375
2026-07-21; 14:30:59; 1413; 154; 34.4; 1009.36578125; 16.2734375
2026-07-21; 14:31:59; 1302; 137; 34.42; 1009.515390625; 16.2392578125
2026-07-21; 14:32:59; 1302; 137; 34.39; 1009.4601171875; 16.2958984375
2026-07-21; 14:33:59; 1310; 138; 34.33; 1009.4287109375; 16.3515625
2026-07-21; 14:34:59; 1274; 133; 34.38; 1009.39734375; 16.3193359375
2026-07-21; 14:35:59; 1252; 129; 34.31; 1009.349921875; 16.36328125
2026-07-21; 14:36:59; 1215; 124; 34.33; 1009.3737109375; 16.36328125
2026-07-21; 14:37:59; 1204; 122; 34.39; 1009.3500390625; 16.376953125
2026-07-21; 14:38:59; 1224; 125; 34.42; 1009.2596484375; 16.3427734375
2026-07-21; 14:39:59; 1324; 140; 34.4; 1009.36578125; 16.353515625
2026-07-21; 14:40:59; 1338; 142; 34.51; 1009.39359375; 16.2763671875
2026-07-21; 14:41:59; 1420; 155; 34.42; 1009.4248046875; 16.3544921875
2026-07-21; 14:42:59; 1372; 148; 34.45; 1009.3148828125; 16.3330078125
2026-07-21; 14:43:59; 1507; 177; 34.44; 1009.299453125; 16.3671875
2026-07-21; 14:44:59; 1516; 182; 34.47; 1009.3111328125; 16.3564453125
2026-07-21; 14:45:59; 1522; 186; 34.47; 1009.34640625; 16.345703125
2026-07-21; 14:46:59; 1519; 184; 34.5; 1009.3503515625; 16.3232421875
2026-07-21; 14:47:59; 1512; 179; 34.49; 1009.315078125; 16.322265625
2026-07-21; 14:48:59; 1502; 173; 34.52; 1009.36234375; 16.3125
2026-07-21; 14:49:59; 1526; 189; 34.45; 1009.3148828125; 16.3681640625
2026-07-21; 14:50:59; 1519; 184; 34.52; 1009.38984375; 16.32421875
2026-07-21; 14:51:59; 1502; 173; 34.61; 1009.248203125; 16.24609375
2026-07-21; 14:52:59; 1522; 186; 34.48; 1009.2718359375; 16.333984375
2026-07-21; 14:53:59; 1543; 201; 34.42; 1009.350234375; 16.3779296875
2026-07-21; 14:54:59; 1572; 223; 34.46; 1009.322890625; 16.37890625
2026-07-21; 14:55:59; 1578; 227; 34.42; 1009.4053125; 16.423828125
2026-07-21; 14:56:59; 1582; 230; 34.46; 1009.3504296875; 16.4375
2026-07-21; 14:57:59; 1567; 220; 34.47; 1009.37390625; 16.345703125
2026-07-21; 14:58:59; 1559; 214; 34.48; 1009.409453125; 16.345703125
2026-07-21; 14:59:59; 1519; 184; 34.45; 1009.3975; 16.37890625
2026-07-21; 15:00:59; 1516; 182; 34.48; 1009.326875; 16.345703125
2026-07-21; 15:01:59; 1516; 182; 34.48; 1009.3819140625; 16.3798828125
2026-07-21; 15:02:59; 1516; 182; 34.49; 1009.425234375; 16.322265625
2026-07-21; 15:03:59; 1551; 207; 34.44; 1009.3269921875; 16.3671875
2026-07-21; 15:04:59; 1553; 209; 34.45; 1009.3897265625; 16.4365234375
2026-07-21; 15:05:59; 1553; 209; 34.42; 1009.515390625; 16.447265625
2026-07-21; 15:06:59; 1544; 203; 34.43; 1009.4130078125; 16.482421875
2026-07-21; 15:07:59; 1553; 209; 34.47; 1009.4840234375; 16.4609375
2026-07-21; 15:08:59; 1544; 203; 34.47; 1009.4840234375; 16.42578125
2026-07-21; 15:09:59; 1528; 191; 34.45; 1009.417265625; 16.4140625
2026-07-21; 15:10:59; 1505; 175; 34.49; 1009.3976953125; 16.333984375
2026-07-21; 15:11:59; 1499; 171; 34.51; 1009.4291796875; 16.3115234375
2026-07-21; 15:12:59; 1491; 166; 34.47; 1009.39375; 16.298828125
2026-07-21; 15:13:59; 1432; 157; 34.46; 1009.413203125; 16.3330078125
2026-07-21; 15:15:00; 1458; 161; 34.43; 1009.3855078125; 16.3095703125
2026-07-21; 15:16:00; 1291; 135; 34.47; 1009.4014453125; 16.298828125
2026-07-21; 15:17:00; 1324; 140; 34.5; 1009.5155078125; 16.3232421875
2026-07-21; 15:18:00; 1324; 140; 34.5; 1009.385859375; 16.2880859375
2026-07-21; 15:19:00; 1302; 137; 34.46; 1009.4055078125; 16.310546875
2026-07-21; 15:20:00; 1338; 142; 34.4; 1009.4563671875; 16.388671875
2026-07-21; 15:21:00; 65535; 65535; 34.35; 1009.4797265625; 16.4326171875
2026-07-21; 15:22:00; 1338; 142; 34.37; 1009.3736328125; 16.4453125
2026-07-21; 15:23:00; 1252; 129; 34.39; 1009.413125; 16.376953125
2026-07-21; 15:24:00; 1122; 109; 34.41; 1009.4366015625; 16.3896484375
2026-07-21; 15:25:00; 1090; 105; 34.35; 1009.4051953125; 16.4912109375
2026-07-21; 15:26:00; 1159; 115; 34.41; 1009.444609375; 16.447265625
2026-07-21; 15:27:00; 1110; 108; 34.43; 1009.3855078125; 16.4365234375
2026-07-21; 15:28:00; 1029; 95; 34.4; 1009.373828125; 16.4462890625
2026-07-21; 15:29:00; 961; 85; 34.41; 1009.38953125; 16.412109375
2026-07-21; 15:30:00; 855; 69; 34.42; 1009.3777734375; 16.423828125
2026-07-21; 15:31:00; 848; 68; 34.42; 1009.4053125; 16.4013671875
2026-07-21; 15:32:00; 830; 65; 34.42; 1009.4053125; 16.447265625
2026-07-21; 15:33:00; 920; 79; 34.46; 1009.4055078125; 16.4482421875
2026-07-21; 15:34:00; 872; 71; 34.61; 1009.413359375; 16.3388671875
2026-07-21; 15:35:00; 942; 82; 34.48; 1009.499765625; 16.4375
2026-07-21; 15:36:00; 990; 89; 34.45; 1009.3897265625; 16.4716796875
2026-07-21; 15:37:00; 1102; 106; 34.4; 1009.448359375; 16.515625
2026-07-21; 15:38:00; 1090; 105; 34.49; 1009.4526953125; 16.3916015625
2026-07-21; 15:39:00; 1090; 105; 34.43; 1009.4130078125; 16.470703125
2026-07-21; 15:40:00; 1090; 105; 34.48; 1009.4171875; 16.42578125
2026-07-21; 15:41:00; 1102; 106; 34.5; 1009.385859375; 16.4150390625
2026-07-21; 15:42:00; 1122; 109; 34.47; 1009.3662109375; 16.4375
2026-07-21; 15:43:00; 1150; 114; 34.43; 1009.366015625; 16.458984375
2026-07-21; 15:44:00; 1181; 118; 34.39; 1009.3225; 16.48046875
2026-07-21; 15:45:00; 1137; 112; 34.48; 1009.3819140625; 16.44921875
2026-07-21; 15:46:00; 1174; 117; 34.56; 1009.3426953125; 16.37109375
2026-07-21; 15:47:00; 1215; 124; 34.52; 1009.4173828125; 16.3701171875
2026-07-21; 15:48:00; 1215; 124; 34.5; 1009.2952734375; 16.369140625
2026-07-21; 15:49:00; 1245; 128; 34.54; 1009.3662890625; 16.34765625
2026-07-21; 15:50:00; 1252; 129; 34.5; 1009.4133984375; 16.404296875
2026-07-21; 15:51:00; 1215; 124; 34.47; 1009.34640625; 16.3681640625
2026-07-21; 15:52:00; 1224; 125; 34.47; 1009.4014453125; 16.3681640625
2026-07-21; 15:53:00; 1204; 122; 34.51; 1009.311015625; 16.3349609375
2026-07-21; 15:54:00; 1174; 117; 34.51; 1009.36609375; 16.3349609375
2026-07-21; 15:55:00; 1102; 106; 34.54; 1009.3112109375; 16.2666015625
2026-07-21; 15:56:00; 1060; 100; 34.5; 1009.2952734375; 16.345703125
2026-07-21; 15:57:01; 1110; 108; 34.5; 1009.385859375; 16.345703125
2026-07-21; 15:58:01; 1083; 104; 34.56; 1009.3622265625; 16.3017578125
2026-07-21; 15:59:01; 1102; 106; 34.62; 1009.2994921875; 16.28125
2026-07-21; 16:00:01; 1122; 109; 34.6; 1009.295546875; 16.3037109375
2026-07-21; 16:01:01; 1150; 114; 34.6; 1009.4056640625; 16.2919921875
2026-07-21; 16:02:01; 1204; 122; 34.58; 1009.3191015625; 16.291015625
2026-07-21; 16:03:01; 1174; 117; 34.53; 1009.378046875; 16.3818359375
2026-07-21; 16:04:01; 1137; 112; 34.59; 1009.271796875; 16.314453125
2026-07-21; 16:05:01; 1204; 122; 34.58; 1009.4212109375; 16.3486328125
2026-07-21; 16:06:01; 1302; 137; 34.58; 1009.366171875; 16.3251953125
2026-07-21; 16:07:01; 1522; 186; 34.61; 1009.3938671875; 16.3505859375
2026-07-21; 16:08:01; 1532; 193; 34.64; 1009.3702734375; 16.2822265625
2026-07-21; 16:09:01; 1619; 263; 34.63; 1009.4173046875; 16.3505859375
2026-07-21; 16:10:01; 1701; 340; 34.64; 1009.3780078125; 16.31640625
2026-07-21; 16:11:01; 1720; 357; 34.66; 1009.4017578125; 16.33984375
2026-07-21; 16:12:01; 1729; 366; 34.68; 1009.3583203125; 16.330078125
2026-07-21; 16:13:01; 1784; 432; 34.76; 1009.3741015625; 16.2861328125
2026-07-21; 16:14:01; 1830; 488; 34.76; 1009.3385546875; 16.2626953125
2026-07-21; 16:15:01; 1890; 571; 34.8; 1009.4015234375; 16.2412109375
2026-07-21; 16:16:01; 1890; 571; 34.81; 1009.40953125; 16.2646484375
2026-07-21; 16:17:01; 1903; 590; 34.87; 1009.401484375; 16.232421875
2026-07-21; 16:18:01; 1949; 661; 34.89; 1009.3976953125; 16.2099609375
2026-07-21; 16:19:01; 1961; 680; 34.88; 1009.334609375; 16.267578125
2026-07-21; 16:20:01; 2028; 799; 34.91; 1009.2914453125; 16.2451171875
2026-07-21; 16:21:01; 2090; 901; 34.91; 1009.318984375; 16.2216796875
2026-07-21; 16:22:01; 2162; 1057; 34.95; 1009.29125; 16.2001953125
2026-07-21; 16:23:01; 2218; 1184; 34.91; 1009.271640625; 16.2802734375
2026-07-21; 16:24:01; 2234; 1211; 34.98; 1009.3112109375; 16.201171875
2026-07-21; 16:25:01; 2300; 1361; 34.94; 1009.3030859375; 16.2919921875
2026-07-21; 16:26:01; 2349; 1457; 34.97; 1009.3034765625; 16.2822265625
2026-07-21; 16:27:01; 2428; 1633; 34.97; 1009.2679296875; 16.3046875
2026-07-21; 16:28:01; 2483; 1743; 34.97; 1009.2759375; 16.2705078125
2026-07-21; 16:29:01; 2535; 1860; 34.96; 1009.177578125; 16.36328125
2026-07-21; 16:30:01; 2582; 1956; 34.98; 1009.25609375; 16.2939453125
2026-07-21; 16:31:01; 2630; 2066; 34.97; 1009.2483984375; 16.3515625
2026-07-21; 16:32:01; 2710; 2246; 34.99; 1009.2167578125; 16.36328125
2026-07-21; 16:33:01; 2723; 2274; 35.01; 1009.248203125; 16.330078125
2026-07-21; 16:34:01; 2823; 2485; 35.01; 1009.27578125; 16.3642578125
2026-07-21; 16:35:01; 2881; 2613; 35.03; 1009.2245703125; 16.341796875
2026-07-21; 16:36:01; 2958; 2762; 35.03; 1009.2873828125; 16.365234375
2026-07-21; 16:37:01; 3013; 2878; 35.04; 1009.1851953125; 16.376953125
2026-07-21; 16:38:01; 3047; 2946; 35.06; 1009.216640625; 16.3310546875
2026-07-21; 16:39:01; 3114; 3096; 35.05; 1009.318828125; 16.3896484375
2026-07-21; 16:40:02; 3156; 3181; 34.96; 1009.196796875; 16.5361328125
2026-07-21; 16:41:02; 3186; 3245; 34.99; 1009.1891796875; 16.501953125
2026-07-21; 16:42:02; 3250; 3387; 34.95; 1009.2086328125; 16.546875
2026-07-21; 16:43:02; 3232; 3354; 34.98; 1009.20875; 16.501953125
2026-07-21; 16:44:02; 3257; 3407; 35.0; 1009.204921875; 16.4912109375
2026-07-21; 16:45:02; 3367; 3644; 35.01; 1009.1457421875; 16.45703125
2026-07-21; 16:46:02; 3422; 3763; 34.92; 1009.149609375; 16.603515625
2026-07-21; 16:47:02; 3460; 3827; 35.05; 1009.2008984375; 16.52734375
2026-07-21; 16:48:02; 3544; 4018; 35.07; 1009.2048046875; 16.5048828125
2026-07-21; 16:49:02; 3581; 4099; 35.06; 1009.1891015625; 16.4814453125
2026-07-21; 16:50:02; 3654; 4249; 35.07; 1009.2323828125; 16.482421875
2026-07-21; 16:51:02; 3711; 4374; 35.03; 1009.2245703125; 16.5732421875
2026-07-21; 16:52:02; 3672; 4290; 35.06; 1009.24421875; 16.5283203125
2026-07-21; 16:53:02; 3753; 4458; 35.06; 1009.2717578125; 16.5166015625
2026-07-21; 16:54:02; 3753; 4458; 34.99; 1009.1693359375; 16.640625
2026-07-21; 16:55:02; 3793; 4543; 35.08; 1009.185; 16.5517578125
2026-07-21; 16:56:02; 3862; 4710; 35.08; 1009.248125; 16.5634765625
2026-07-21; 16:57:02; 3903; 4798; 35.13; 1009.2636328125; 16.5302734375
2026-07-21; 16:58:02; 3947; 4895; 35.13; 1009.2165625; 16.49609375
2026-07-21; 16:59:02; 3990; 4984; 35.05; 1009.1733984375; 16.6201171875
2026-07-21; 17:00:02; 3970; 4943; 35.12; 1009.2203515625; 16.576171875
2026-07-21; 17:01:02; 4035; 5089; 35.12; 1009.20078125; 16.587890625
2026-07-21; 17:02:02; 4061; 5139; 35.12; 1009.2479296875; 16.587890625
2026-07-21; 17:03:02; 4120; 5241; 35.14; 1009.2046875; 16.5771484375
2026-07-21; 17:04:02; 4140; 5283; 35.15; 1009.192890625; 16.5654296875
2026-07-21; 17:05:02; 4140; 5283; 35.12; 1009.20078125; 16.634765625
2026-07-21; 17:06:02; 4140; 5283; 35.16; 1009.1810546875; 16.578125
2026-07-21; 17:07:02; 4168; 5342; 35.17; 1009.10609375; 16.58984375
2026-07-21; 17:08:02; 4244; 5512; 35.16; 1009.117890625; 16.5888671875
2026-07-21; 17:09:02; 4288; 5600; 35.2; 1009.208359375; 16.5791015625
2026-07-21; 17:10:02; 4317; 5661; 35.17; 1009.16921875; 16.61328125
2026-07-21; 17:11:02; 4268; 5564; 35.2; 1009.21640625; 16.5908203125
2026-07-21; 17:12:02; 4288; 5600; 35.23; 1009.1177734375; 16.5576171875
2026-07-21; 17:13:02; 4367; 5776; 35.23; 1009.1376171875; 16.591796875
2026-07-21; 17:14:02; 4451; 5958; 35.19; 1009.2006640625; 16.6025390625
2026-07-21; 17:15:02; 4489; 6022; 35.19; 1009.09046875; 16.6025390625
2026-07-21; 17:16:02; 4541; 6143; 35.2; 1009.106171875; 16.6259765625
2026-07-21; 17:17:02; 4541; 6143; 35.24; 1009.1610546875; 16.5693359375
2026-07-21; 17:18:02; 4541; 6143; 35.27; 1009.2277734375; 16.546875
2026-07-21; 17:19:02; 4451; 5958; 35.28; 1009.168828125; 16.5244140625
2026-07-21; 17:20:02; 4396; 5839; 35.29; 1009.148984375; 16.5126953125
2026-07-21; 17:21:02; 4396; 5839; 35.31; 1009.1333203125; 16.537109375
2026-07-21; 17:22:02; 4451; 5958; 35.32; 1009.2041796875; 16.548828125
2026-07-21; 17:23:03; 4489; 6022; 35.35; 1009.2237890625; 16.515625
2026-07-21; 17:24:03; 4489; 6022; 35.37; 1009.2471875; 16.5048828125
2026-07-21; 17:25:03; 4451; 5958; 35.38; 1009.15265625; 16.5166015625
2026-07-21; 17:26:03; 4451; 5958; 35.37; 1009.136953125; 16.5048828125
2026-07-21; 17:27:03; 4451; 5958; 35.39; 1009.2158203125; 16.5048828125
2026-07-21; 17:28:03; 4489; 6022; 35.39; 1009.1683984375; 16.5283203125
2026-07-21; 17:29:03; 4515; 6069; 35.4; 1009.2315625; 16.5283203125
2026-07-21; 17:30:03; 4515; 6069; 35.42; 1009.1526953125; 16.529296875
2026-07-21; 17:31:03; 4541; 6143; 35.41; 1009.19984375; 16.517578125
2026-07-21; 17:32:03; 4602; 6287; 35.45; 1009.1447265625; 16.5302734375
2026-07-21; 17:33:03; 4602; 6287; 35.47; 1009.176484375; 16.5078125
2026-07-21; 17:34:03; 4633; 6344; 35.47; 1009.176484375; 16.4970703125
2026-07-21; 17:35:03; 4660; 6402; 35.49; 1009.1527734375; 16.5205078125
2026-07-21; 17:36:03; 4660; 6402; 35.49; 1009.1803515625; 16.4853515625
2026-07-21; 17:37:03; 4660; 6402; 35.5; 1009.0934765625; 16.474609375
2026-07-21; 17:38:03; 4660; 6402; 35.5; 1009.0658984375; 16.498046875
2026-07-21; 17:39:03; 4727; 6546; 35.48; 1009.1370703125; 16.578125
2026-07-21; 17:40:03; 4791; 6689; 35.54; 1009.1130859375; 16.5224609375
2026-07-21; 17:41:03; 4825; 6760; 35.56; 1009.14453125; 16.5
2026-07-21; 17:42:03; 4857; 6830; 35.57; 1009.0775; 16.5
2026-07-21; 17:43:03; 4825; 6760; 35.56; 1009.116953125; 16.5
2026-07-21; 17:44:03; 4825; 6760; 35.57; 1009.049921875; 16.5
2026-07-21; 17:45:03; 4857; 6830; 35.6; 1009.0970703125; 16.5009765625
2026-07-21; 17:46:03; 4857; 6830; 35.6; 1008.9944921875; 16.5126953125
2026-07-21; 17:47:03; 4825; 6760; 35.62; 1009.0810546875; 16.490234375
2026-07-21; 17:48:03; 4857; 6830; 35.63; 1009.116640625; 16.501953125
2026-07-21; 17:49:03; 4924; 6960; 35.65; 1009.0929296875; 16.4912109375
2026-07-21; 17:50:03; 4924; 6960; 35.66; 1009.0810546875; 16.4794921875
2026-07-21; 17:51:03; 4924; 6960; 35.66; 1009.0534765625; 16.5263671875
2026-07-21; 17:52:03; 4924; 6960; 35.67; 1009.041640625; 16.515625
2026-07-21; 17:53:03; 4924; 6960; 35.68; 1009.1125; 16.4921875
2026-07-21; 17:54:03; 4924; 6960; 35.68; 1009.05734375; 16.515625
2026-07-21; 17:55:03; 4966; 7051; 35.69; 1009.04546875; 16.4580078125
2026-07-21; 17:56:03; 4966; 7051; 35.71; 1009.041328125; 16.5166015625
2026-07-21; 17:57:03; 5001; 7130; 35.71; 1009.1044921875; 16.5166015625
2026-07-21; 17:58:03; 5001; 7130; 35.72; 1009.1121875; 16.494140625
2026-07-21; 17:59:03; 5001; 7130; 35.73; 1009.0807421875; 16.517578125
2026-07-21; 18:00:03; 5001; 7130; 35.74; 1009.041328125; 16.5068359375
2026-07-21; 18:01:03; 5039; 7213; 35.71; 1009.0769140625; 16.5400390625
2026-07-21; 18:02:03; 5039; 7213; 35.73; 1009.0807421875; 16.529296875
2026-07-21; 18:03:03; 5039; 7213; 35.7; 1009.061171875; 16.5390625
2026-07-21; 18:04:03; 5039; 7213; 35.69; 1009.073046875; 16.57421875
2026-07-21; 18:05:03; 5039; 7213; 35.67; 1009.124375; 16.52734375
2026-07-21; 18:06:04; 5072; 7285; 35.69; 1009.073046875; 16.57421875
2026-07-21; 18:07:04; 5072; 7285; 35.68; 1009.05734375; 16.5849609375
2026-07-21; 18:08:04; 5072; 7285; 35.69; 1009.0926171875; 16.55078125
2026-07-21; 18:09:04; 5072; 7285; 35.69; 1009.073046875; 16.5859375
2026-07-21; 18:10:04; 5072; 7285; 35.72; 1009.1753515625; 16.5751953125
2026-07-21; 18:11:04; 5072; 7285; 35.72; 1009.0926171875; 16.5751953125
2026-07-21; 18:12:04; 5110; 7359; 35.73; 1009.0531640625; 16.5869140625
2026-07-21; 18:13:04; 5110; 7359; 35.74; 1009.0884765625; 16.552734375
2026-07-21; 18:14:04; 5110; 7359; 35.71; 1009.01375; 16.5625
2026-07-21; 18:15:04; 5140; 7422; 35.71; 1009.1044921875; 16.59765625
2026-07-21; 18:16:04; 5140; 7422; 35.71; 1009.0493359375; 16.57421875
2026-07-21; 18:17:04; 5185; 7518; 35.74; 1009.0688671875; 16.576171875
2026-07-21; 18:18:04; 5185; 7518; 35.67; 1009.096796875; 16.619140625
2026-07-21; 18:19:04; 5185; 7518; 35.69; 1009.04546875; 16.6318359375
2026-07-21; 18:20:04; 5185; 7518; 35.71; 1009.0493359375; 16.609375
2026-07-21; 18:21:04; 5225; 7609; 35.71; 1009.0493359375; 16.64453125
2026-07-21; 18:22:04; 5225; 7609; 35.72; 1009.05703125; 16.6328125
2026-07-21; 18:23:04; 5225; 7609; 35.72; 1009.084609375; 16.6328125
2026-07-21; 18:24:04; 5225; 7609; 35.71; 1009.01375; 16.6201171875
2026-07-21; 18:25:04; 5265; 7695; 35.71; 1009.0769140625; 16.6328125
2026-07-21; 18:26:04; 5265; 7695; 35.67; 1009.0887890625; 16.654296875
2026-07-21; 18:27:04; 5265; 7695; 35.7; 1009.0255859375; 16.6552734375
2026-07-21; 18:28:04; 5265; 7695; 35.67; 1009.03359375; 16.6650390625
2026-07-21; 18:29:04; 5265; 7695; 35.69; 1009.0650390625; 16.666015625
2026-07-21; 18:30:04; 5265; 7695; 35.66; 1009.0258984375; 16.6767578125
2026-07-21; 18:31:04; 5305; 7762; 35.67; 1009.041640625; 16.677734375
2026-07-21; 18:32:04; 5265; 7695; 35.69; 1009.04546875; 16.6552734375
2026-07-21; 18:33:04; 5305; 7762; 35.71; 1009.0493359375; 16.64453125
2026-07-21; 18:34:04; 5305; 7762; 35.68; 1009.0217578125; 16.689453125
2026-07-21; 18:35:04; 5305; 7762; 35.66; 1008.97078125; 16.6884765625
2026-07-21; 18:36:04; 5305; 7762; 35.67; 1009.0060546875; 16.6884765625
2026-07-21; 18:37:04; 5351; 7861; 35.66; 1008.97078125; 16.7119140625
2026-07-21; 18:38:04; 5351; 7861; 35.67; 1009.03359375; 16.7119140625
2026-07-21; 18:39:04; 5351; 7861; 35.65; 1009.0377734375; 16.7119140625
2026-07-21; 18:40:04; 5351; 7861; 35.64; 1009.0220703125; 16.7568359375
2026-07-21; 18:41:04; 5391; 7949; 35.61; 1009.0025; 16.7568359375
2026-07-21; 18:42:04; 5391; 7949; 35.62; 1009.073359375; 16.767578125
2026-07-21; 18:43:04; 5391; 7949; 35.62; 1009.018203125; 16.7568359375
2026-07-21; 18:44:04; 5391; 7949; 35.62; 1008.990625; 16.791015625
2026-07-21; 18:45:04; 5423; 8055; 35.62; 1009.018203125; 16.802734375
2026-07-21; 18:46:04; 5391; 7949; 35.64; 1008.966875; 16.7568359375
2026-07-21; 18:47:04; 5423; 8055; 35.62; 1008.9983203125; 16.7802734375
2026-07-21; 18:48:04; 5423; 8055; 35.61; 1009.0025; 16.791015625
2026-07-21; 18:49:05; 5423; 8055; 35.57; 1008.8921875; 16.82421875
2026-07-21; 18:50:05; 5469; 8156; 35.58; 1008.963046875; 16.8251953125
2026-07-21; 18:51:05; 5469; 8156; 35.64; 1009.0021875; 16.8154296875
2026-07-21; 18:52:05; 5513; 8248; 35.61; 1008.9826171875; 16.791015625
2026-07-21; 18:53:05; 5513; 8248; 35.6; 1009.0143359375; 16.8369140625
2026-07-21; 18:54:05; 5513; 8248; 35.64; 1008.9393359375; 16.7919921875
2026-07-21; 18:55:05; 5513; 8248; 35.66; 1008.943203125; 16.79296875
2026-07-21; 18:56:05; 5513; 8248; 35.69; 1008.962734375; 16.7587890625
2026-07-21; 18:57:05; 5469; 8156; 35.65; 1008.9903125; 16.78125
2026-07-21; 18:58:05; 5469; 8156; 35.68; 1008.974609375; 16.7822265625
2026-07-21; 18:59:05; 5469; 8156; 35.67; 1008.95890625; 16.8046875
2026-07-21; 19:00:05; 5513; 8248; 35.67; 1008.986484375; 16.8046875
2026-07-21; 19:01:05; 5513; 8248; 35.64; 1008.9117578125; 16.8037109375
2026-07-21; 19:02:05; 5513; 8248; 35.68; 1008.9114453125; 16.7939453125
2026-07-21; 19:03:05; 5513; 8248; 35.68; 1008.919453125; 16.7705078125
2026-07-21; 19:04:05; 5559; 8338; 35.68; 1008.8287109375; 16.7939453125
2026-07-21; 19:05:05; 5559; 8338; 35.66; 1008.8052734375; 16.8037109375
2026-07-21; 19:06:05; 5559; 8338; 35.68; 1008.8562890625; 16.7939453125
2026-07-21; 19:07:05; 5513; 8248; 35.68; 1008.809140625; 16.7822265625
2026-07-21; 19:08:05; 5559; 8338; 35.68; 1008.8838671875; 16.7939453125
2026-07-21; 19:09:05; 5513; 8248; 35.66; 1008.888046875; 16.79296875
2026-07-21; 19:10:05; 5559; 8338; 35.67; 1008.8485546875; 16.81640625
2026-07-21; 19:11:05; 5559; 8338; 35.68; 1008.864296875; 16.81640625
2026-07-21; 19:12:05; 5559; 8338; 35.63; 1008.84859375; 16.849609375
2026-07-21; 19:13:05; 5559; 8338; 35.64; 1008.8841796875; 16.849609375
2026-07-21; 19:14:05; 5559; 8338; 35.63; 1008.9236328125; 16.861328125
2026-07-21; 19:15:05; 5597; 8420; 35.62; 1008.8527734375; 16.8955078125
2026-07-21; 19:16:05; 5597; 8420; 35.6; 1008.821328125; 16.90625
2026-07-21; 19:17:05; 5597; 8420; 35.62; 1008.8527734375; 16.8837890625
2026-07-21; 19:18:05; 5650; 8536; 35.64; 1008.8841796875; 16.873046875
2026-07-21; 19:19:05; 5650; 8536; 35.63; 1008.9236328125; 16.884765625
2026-07-21; 19:20:05; 5650; 8536; 35.54; 1008.83734375; 16.927734375
2026-07-21; 19:21:05; 5694; 8635; 35.56; 1008.8412109375; 16.9052734375
2026-07-21; 19:22:05; 5694; 8635; 35.52; 1008.8059375; 16.9609375
2026-07-21; 19:23:05; 5694; 8635; 35.51; 1008.82546875; 16.99609375
2026-07-21; 19:24:05; 5694; 8635; 35.5; 1008.7825; 16.9951171875
2026-07-21; 19:25:05; 5748; 8743; 35.52; 1008.9162109375; 16.97265625
2026-07-21; 19:26:05; 5748; 8743; 35.54; 1008.83734375; 16.9853515625
2026-07-21; 19:27:05; 5748; 8743; 35.48; 1008.8690625; 17.029296875
2026-07-21; 19:28:05; 5748; 8743; 35.43; 1008.8453125; 17.0849609375
2026-07-21; 19:29:05; 5748; 8743; 35.42; 1008.794296875; 17.0615234375
2026-07-21; 19:30:05; 5797; 8826; 35.43; 1008.7824609375; 17.0966796875
2026-07-21; 19:31:05; 5797; 8826; 35.44; 1008.7981640625; 17.0966796875
2026-07-21; 19:32:06; 5748; 8743; 35.44; 1008.8533203125; 17.0966796875
2026-07-21; 19:33:06; 5797; 8826; 35.43; 1008.8453125; 17.1201171875
2026-07-21; 19:34:06; 5797; 8826; 35.43; 1008.872890625; 17.1201171875
2026-07-21; 19:35:06; 5797; 8826; 35.42; 1008.849453125; 17.130859375
2026-07-21; 19:36:06; 5797; 8826; 35.4; 1008.880859375; 17.1416015625
2026-07-21; 19:37:06; 5847; 8934; 35.39; 1008.86515625; 17.1767578125
2026-07-21; 19:38:06; 5847; 8934; 35.39; 1008.885; 17.15234375
2026-07-21; 19:39:06; 5847; 8934; 35.39; 1008.86515625; 17.1650390625
2026-07-21; 19:40:06; 5847; 8934; 35.41; 1008.924140625; 17.154296875
2026-07-21; 19:41:06; 5847; 8934; 35.39; 1008.86515625; 17.1533203125
2026-07-21; 19:42:06; 5904; 9043; 35.37; 1008.91640625; 17.1640625
2026-07-21; 19:43:06; 5904; 9043; 35.36; 1008.873125; 17.1865234375
2026-07-21; 19:44:06; 5847; 8934; 35.36; 1008.900703125; 17.1865234375
2026-07-21; 19:45:06; 5847; 8934; 35.34; 1008.877265625; 17.1865234375
2026-07-21; 19:46:06; 5904; 9043; 35.34; 1008.84171875; 17.197265625
2026-07-21; 19:47:06; 5904; 9043; 35.34; 1008.84171875; 17.2548828125
2026-07-21; 19:48:06; 5904; 9043; 35.35; 1008.9205859375; 17.244140625
2026-07-21; 19:49:06; 5904; 9043; 35.35; 1008.8849609375; 17.232421875
2026-07-21; 19:50:06; 5904; 9043; 35.34; 1008.9244140625; 17.220703125
2026-07-21; 19:51:06; 5950; 9159; 35.32; 1008.9009765625; 17.2314453125
2026-07-21; 19:52:06; 5904; 9043; 35.28; 1008.893203125; 17.2529296875
2026-07-21; 19:53:06; 5904; 9043; 35.27; 1008.8774609375; 17.287109375
2026-07-21; 19:54:06; 5904; 9043; 35.27; 1008.9326171875; 17.287109375
2026-07-21; 19:55:06; 5904; 9043; 35.29; 1008.9009375; 17.2880859375
2026-07-21; 19:56:06; 5904; 9043; 35.27; 1008.9797265625; 17.275390625
2026-07-21; 19:57:06; 5950; 9159; 35.28; 1008.9954296875; 17.2880859375
2026-07-21; 19:58:06; 5950; 9159; 35.27; 1008.9797265625; 17.322265625
2026-07-21; 19:59:06; 5904; 9043; 35.28; 1008.9954296875; 17.310546875
2026-07-21; 20:00:06; 5950; 9159; 35.25; 1008.901171875; 17.3212890625
2026-07-21; 20:01:06; 5950; 9159; 35.24; 1008.968125; 17.3095703125
2026-07-21; 20:02:06; 5950; 9159; 35.26; 1008.97203125; 17.310546875
2026-07-21; 20:03:06; 5950; 9159; 35.23; 1008.8895703125; 17.3662109375
2026-07-21; 20:04:06; 5950; 9159; 35.22; 1008.991796875; 17.34375
2026-07-21; 20:05:06; 5950; 9159; 35.22; 1008.96421875; 17.35546875
2026-07-21; 20:06:06; 5950; 9159; 35.21; 1008.97609375; 17.3544921875
2026-07-21; 20:07:06; 5950; 9159; 35.22; 1008.9366796875; 17.34375
2026-07-21; 20:08:06; 5950; 9159; 35.2; 1008.9408203125; 17.400390625
2026-07-21; 20:09:06; 5950; 9159; 35.22; 1009.019375; 17.34375
2026-07-21; 20:10:06; 5950; 9159; 35.22; 1008.96421875; 17.3779296875
2026-07-21; 20:11:06; 5904; 9043; 35.23; 1008.972265625; 17.3779296875
2026-07-21; 20:12:06; 5904; 9043; 35.21; 1008.9565234375; 17.3779296875
2026-07-21; 20:13:06; 5904; 9043; 35.21; 1009.011640625; 17.3662109375
2026-07-21; 20:14:06; 5950; 9159; 35.19; 1008.9722265625; 17.388671875
2026-07-21; 20:15:07; 5950; 9159; 35.16; 1009.015703125; 17.421875
2026-07-21; 20:16:07; 5950; 9159; 35.21; 1008.9565234375; 17.3896484375
2026-07-21; 20:17:07; 5950; 9159; 35.26; 1009.019140625; 17.3564453125
2026-07-21; 20:18:07; 5950; 9159; 35.23; 1009.054921875; 17.3662109375
2026-07-21; 20:19:07; 5950; 9159; 35.17; 1009.0038671875; 17.4111328125
2026-07-21; 20:20:07; 5950; 9159; 35.18; 1008.9644921875; 17.3994140625
2026-07-21; 20:21:07; 5950; 9159; 35.17; 1009.058984375; 17.4228515625
2026-07-21; 20:22:07; 5950; 9159; 35.17; 1009.058984375; 17.4111328125
2026-07-21; 20:23:07; 5950; 9159; 35.16; 1009.0432421875; 17.421875
2026-07-21; 20:24:07; 5950; 9159; 35.18; 1009.0116015625; 17.3994140625
2026-07-21; 20:25:07; 5904; 9043; 35.18; 1009.102265625; 17.4345703125
2026-07-21; 20:26:07; 5904; 9043; 35.25; 1009.0665625; 17.3671875
2026-07-21; 20:27:07; 5904; 9043; 35.21; 1009.0312109375; 17.4013671875
2026-07-21; 20:28:07; 5904; 9043; 35.22; 1009.0744921875; 17.4013671875
2026-07-21; 20:29:07; 5904; 9043; 35.15; 1009.0551171875; 17.4443359375
2026-07-21; 20:30:07; 5904; 9043; 35.22; 1009.0744921875; 17.4013671875
2026-07-21; 20:31:07; 5904; 9043; 35.23; 1009.054921875; 17.3662109375
2026-07-21; 20:32:07; 5904; 9043; 35.21; 1009.066796875; 17.3896484375
2026-07-21; 20:33:07; 5904; 9043; 35.25; 1009.1136328125; 17.34375
2026-07-21; 20:34:07; 5904; 9043; 35.26; 1009.0742578125; 17.3447265625
2026-07-21; 20:35:07; 5904; 9043; 35.27; 1009.125546875; 17.333984375
2026-07-21; 20:36:07; 5904; 9043; 35.24; 1009.1886328125; 17.37890625
2026-07-21; 20:37:07; 5904; 9043; 35.26; 1009.1018359375; 17.3681640625
2026-07-21; 20:38:07; 5904; 9043; 35.26; 1009.0742578125; 17.3681640625
2026-07-21; 20:39:07; 5904; 9043; 35.27; 1009.0899609375; 17.345703125
2026-07-21; 20:40:07; 5904; 9043; 35.27; 1009.1530859375; 17.3564453125
2026-07-21; 20:41:07; 5904; 9043; 35.26; 1009.1373828125; 17.3798828125
2026-07-21; 20:42:07; 5847; 8934; 35.24; 1009.133515625; 17.3671875
2026-07-21; 20:43:07; 5904; 9043; 35.23; 1009.0901953125; 17.37890625
2026-07-21; 20:44:07; 5904; 9043; 35.22; 1009.0744921875; 17.4013671875
2026-07-21; 20:45:07; 5904; 9043; 35.17; 1009.141640625; 17.4345703125
2026-07-21; 20:46:07; 5904; 9043; 35.25; 1009.1136328125; 17.37890625
2026-07-21; 20:47:07; 5847; 8934; 35.21; 1009.1219140625; 17.4013671875
2026-07-21; 20:48:07; 5904; 9043; 35.26; 1009.129375; 17.3798828125
2026-07-21; 20:49:07; 5904; 9043; 35.19; 1009.09046875; 17.4580078125
2026-07-21; 20:50:07; 5904; 9043; 35.21; 1009.1138671875; 17.412109375
2026-07-21; 20:51:07; 5847; 8934; 35.27; 1009.145078125; 17.3798828125
2026-07-21; 20:52:07; 5904; 9043; 35.23; 1009.0825; 17.4248046875
2026-07-21; 20:53:07; 5904; 9043; 35.25; 1009.1412109375; 17.390625
2026-07-21; 20:54:07; 5847; 8934; 35.34; 1009.1725; 17.34765625
2026-07-21; 20:55:07; 5904; 9043; 35.38; 1009.0975390625; 17.302734375
2026-07-21; 20:56:07; 5904; 9043; 35.28; 1009.1608203125; 17.3916015625
2026-07-21; 20:57:07; 5847; 8934; 35.28; 1009.13328125; 17.4033203125
2026-07-21; 20:58:08; 5904; 9043; 35.25; 1009.1136328125; 17.40234375
2026-07-21; 20:59:08; 5904; 9043; 35.26; 1009.1649609375; 17.4033203125
2026-07-21; 21:00:08; 5904; 9043; 35.25; 1009.2043359375; 17.40234375
2026-07-21; 21:01:08; 5904; 9043; 35.21; 1009.1219140625; 17.4130859375
2026-07-21; 21:02:08; 5904; 9043; 35.27; 1009.145078125; 17.4150390625
2026-07-21; 21:03:08; 5904; 9043; 35.18; 1009.2044921875; 17.46875
2026-07-21; 21:04:08; 5904; 9043; 35.19; 1009.19265625; 17.4931640625
2026-07-21; 21:05:08; 5904; 9043; 35.26; 1009.1844921875; 17.42578125
2026-07-21; 21:06:08; 5904; 9043; 35.21; 1009.2045703125; 17.458984375
2026-07-21; 21:07:08; 5904; 9043; 35.14; 1009.2242578125; 17.513671875
2026-07-21; 21:08:08; 5904; 9043; 35.1; 1009.2164453125; 17.5703125
2026-07-21; 21:09:08; 5904; 9043; 35.14; 1009.251796875; 17.5595703125
2026-07-21; 21:10:08; 5904; 9043; 35.16; 1009.2912890625; 17.4912109375
2026-07-21; 21:11:08; 5904; 9043; 35.03; 1009.252109375; 17.66015625
2026-07-21; 21:12:08; 5950; 9159; 35.14; 1009.251796875; 17.537109375
2026-07-21; 21:13:08; 5904; 9043; 35.11; 1009.31484375; 17.546875
2026-07-21; 21:14:08; 5950; 9159; 35.13; 1009.2636328125; 17.5478515625
2026-07-21; 21:15:08; 5904; 9043; 35.11; 1009.31484375; 17.5703125
2026-07-21; 21:16:08; 5950; 9159; 35.11; 1009.267734375; 17.58203125
2026-07-21; 21:17:08; 5950; 9159; 35.1; 1009.3346875; 17.58203125
2026-07-21; 21:18:08; 5950; 9159; 35.09; 1009.338515625; 17.603515625
2026-07-21; 21:19:08; 5950; 9159; 35.05; 1009.338671875; 17.6142578125
2026-07-21; 21:20:08; 5950; 9159; 34.99; 1009.326953125; 17.681640625
2026-07-21; 21:21:08; 5950; 9159; 34.96; 1009.370390625; 17.6923828125
2026-07-21; 21:22:08; 5950; 9159; 35.05; 1009.3739453125; 17.6494140625
2026-07-21; 21:23:08; 5904; 9043; 34.96; 1009.3153125; 17.7041015625
2026-07-21; 21:24:08; 5950; 9159; 34.91; 1009.3740625; 17.759765625
2026-07-21; 21:25:08; 5950; 9159; 34.91; 1009.436875; 17.783203125
2026-07-21; 21:26:08; 5904; 9043; 34.85; 1009.397578125; 17.802734375
2026-07-21; 21:27:08; 5950; 9159; 34.94; 1009.468359375; 17.7607421875
2026-07-21; 21:28:08; 5904; 9043; 34.89; 1009.4054296875; 17.7705078125
2026-07-21; 21:29:08; 5950; 9159; 34.88; 1009.4998828125; 17.8046875
2026-07-21; 21:30:08; 5904; 9043; 34.75; 1009.4605078125; 17.9267578125
2026-07-21; 21:31:08; 5904; 9043; 34.96; 1009.472265625; 17.73828125
2026-07-21; 21:32:08; 5950; 9159; 34.84; 1009.464453125; 17.849609375
2026-07-21; 21:33:08; 5950; 9159; 34.82; 1009.570703125; 17.8603515625
2026-07-21; 21:34:08; 5950; 9159; 34.75; 1009.5236328125; 17.9150390625
2026-07-21; 21:35:08; 5950; 9159; 34.72; 1009.5590234375; 17.9833984375
2026-07-21; 21:36:08; 5950; 9159; 34.86; 1009.5234765625; 17.8271484375
2026-07-21; 21:37:08; 5950; 9159; 34.81; 1009.5549609375; 17.9052734375
2026-07-21; 21:38:08; 5950; 9159; 34.7; 1009.555078125; 18.005859375
2026-07-21; 21:39:08; 5950; 9159; 34.69; 1009.61421875; 18.02734375
2026-07-21; 21:40:08; 5950; 9159; 34.81; 1009.5549609375; 17.9404296875
2026-07-21; 21:41:09; 5950; 9159; 34.73; 1009.56671875; 17.9951171875
2026-07-21; 21:42:09; 6001; 9270; 34.73; 1009.5942578125; 18.0068359375
2026-07-21; 21:43:09; 6001; 9270; 34.9; 1009.68890625; 17.8974609375
2026-07-21; 21:44:09; 6001; 9270; 34.6; 1009.6179296875; 18.1044921875
2026-07-21; 21:45:09; 6001; 9270; 34.62; 1009.60234375; 18.0947265625
2026-07-21; 21:46:09; 6001; 9270; 34.65; 1009.7164453125; 18.083984375
2026-07-21; 21:47:09; 6001; 9270; 34.58; 1009.67703125; 18.1396484375
2026-07-21; 21:48:09; 6001; 9270; 34.53; 1009.6258203125; 18.2060546875
2026-07-21; 21:49:09; 6001; 9270; 34.76; 1009.641484375; 18.0078125
2026-07-21; 21:50:09; 6001; 9270; 34.68; 1009.6810546875; 18.0732421875
2026-07-21; 21:51:09; 6001; 9270; 34.6; 1009.6259375; 18.1279296875
2026-07-21; 21:52:09; 6001; 9270; 34.57; 1009.7163671875; 18.173828125
2026-07-21; 21:53:09; 6001; 9270; 34.71; 1009.70078125; 18.029296875
2026-07-21; 21:54:09; 6001; 9270; 34.62; 1009.75953125; 18.1171875
2026-07-21; 21:55:09; 6001; 9270; 34.71; 1009.783359375; 18.0517578125
2026-07-21; 21:56:09; 6001; 9270; 34.54; 1009.75171875; 18.18359375
2026-07-21; 21:57:09; 6001; 9270; 34.55; 1009.7674609375; 18.1611328125
2026-07-21; 21:58:09; 6001; 9270; 34.52; 1009.7201953125; 18.2177734375
2026-07-21; 21:59:09; 6001; 9270; 34.42; 1009.7551171875; 18.2822265625
2026-07-21; 22:00:09; 5950; 9159; 34.69; 1009.806953125; 18.07421875
2026-07-21; 22:01:09; 6001; 9270; 34.53; 1009.810546875; 18.18359375
2026-07-21; 22:02:09; 5950; 9159; 34.5; 1009.826328125; 18.216796875
2026-07-21; 22:03:09; 6001; 9270; 34.78; 1009.8382421875; 17.9853515625
2026-07-21; 22:04:09; 6001; 9270; 34.72; 1009.8263671875; 18.017578125
2026-07-21; 22:05:09; 6001; 9270; 34.53; 1009.8460546875; 18.1943359375
2026-07-21; 22:06:09; 6051; 9370; 34.52; 1009.87734375; 18.228515625
2026-07-21; 22:07:09; 6001; 9270; 34.58; 1009.86171875; 18.173828125
2026-07-21; 22:08:09; 6051; 9370; 34.44; 1009.92421875; 18.294921875
2026-07-21; 22:09:09; 6001; 9270; 34.35; 1009.8925390625; 18.39453125
2026-07-21; 22:10:09; 6001; 9270; 34.56; 1009.920859375; 18.1845703125
2026-07-21; 22:11:09; 6051; 9370; 34.61; 1009.9169921875; 18.12890625
2026-07-21; 22:12:09; 6051; 9370; 34.48; 1009.940234375; 18.296875
2026-07-21; 22:13:09; 6051; 9370; 34.48; 1009.9126953125; 18.28515625
2026-07-21; 22:14:09; 6097; 9457; 34.5; 1009.9284375; 18.2744140625
2026-07-21; 22:15:09; 6097; 9457; 34.4; 1009.998828125; 18.419921875
2026-07-21; 22:16:09; 6097; 9457; 34.45; 1009.9678125; 18.353515625
2026-07-21; 22:17:09; 6151; 9584; 34.42; 1009.9833203125; 18.3984375
2026-07-21; 22:18:09; 6151; 9584; 34.47; 1009.97953125; 18.3310546875
2026-07-21; 22:19:09; 6151; 9584; 34.4; 1009.9793359375; 18.4091796875
2026-07-21; 22:20:09; 6211; 9705; 34.34; 1009.9673828125; 18.4873046875
2026-07-21; 22:21:09; 6211; 9705; 34.36; 1009.97140625; 18.4765625
2026-07-21; 22:22:09; 6211; 9705; 34.33; 1010.0066796875; 18.4873046875
2026-07-21; 22:23:09; 6211; 9705; 34.26; 1009.9866796875; 18.587890625
2026-07-21; 22:24:10; 6211; 9705; 34.28; 1009.9829296875; 18.5302734375
2026-07-21; 22:25:10; 6211; 9705; 34.39; 1009.96359375; 18.4541015625
2026-07-21; 22:26:10; 6211; 9705; 34.3; 1009.9946484375; 18.5205078125
2026-07-21; 22:27:10; 6211; 9705; 34.4; 1009.924296875; 18.3974609375
2026-07-21; 22:28:10; 6211; 9705; 34.25; 1009.990703125; 18.576171875
2026-07-21; 22:29:10; 6211; 9705; 34.35; 1010.0576953125; 18.4755859375
2026-07-21; 22:30:10; 6211; 9705; 34.42; 1010.0383984375; 18.4326171875
2026-07-21; 22:31:10; 6211; 9705; 34.15; 1010.0139453125; 18.6533203125
2026-07-21; 22:32:10; 6211; 9705; 34.24; 1009.919921875; 18.5634765625
2026-07-21; 22:33:10; 6211; 9705; 34.42; 1010.057890625; 18.4091796875
2026-07-21; 22:34:10; 6211; 9705; 34.64; 1010.0035546875; 18.2333984375
2026-07-21; 22:35:10; 6211; 9705; 34.52; 1010.070078125; 18.275390625
2026-07-21; 22:36:10; 6211; 9705; 34.48; 1010.0778515625; 18.3544921875
2026-07-21; 22:37:10; 6211; 9705; 34.34; 1010.105; 18.4755859375
2026-07-21; 22:38:10; 6211; 9705; 34.48; 1010.0503125; 18.3310546875
2026-07-21; 22:39:10; 6211; 9705; 34.53; 1010.01125; 18.3447265625
2026-07-21; 22:40:10; 6259; 9822; 34.51; 1010.0818359375; 18.33203125
2026-07-21; 22:41:10; 6211; 9705; 34.58; 1010.0544921875; 18.2890625
2026-07-21; 22:42:10; 6211; 9705; 34.5; 1010.121171875; 18.3662109375
2026-07-21; 22:43:10; 6259; 9822; 34.51; 1010.117421875; 18.3671875
2026-07-21; 22:44:10; 6211; 9705; 34.55; 1010.0898046875; 18.310546875
2026-07-21; 22:45:10; 6211; 9705; 34.53; 1010.1213671875; 18.310546875
2026-07-21; 22:46:10; 6211; 9705; 34.46; 1010.066171875; 18.388671875
2026-07-21; 22:47:10; 6211; 9705; 34.37; 1010.11671875; 18.46484375
2026-07-21; 22:48:10; 6211; 9705; 34.3; 1010.0496875; 18.5322265625
2026-07-21; 22:49:10; 6259; 9822; 34.17; 1010.0927734375; 18.6650390625
2026-07-21; 22:50:10; 6211; 9705; 34.4; 1010.1089453125; 18.4892578125
2026-07-21; 22:51:10; 6211; 9705; 34.12; 1010.07671875; 18.708984375
2026-07-21; 22:52:10; 6211; 9705; 34.39; 1010.0381640625; 18.5009765625
2026-07-21; 22:53:10; 6211; 9705; 34.31; 1010.09296875; 18.5322265625
2026-07-21; 22:54:10; 6211; 9705; 34.23; 1010.0494921875; 18.6328125
2026-07-21; 22:55:10; 6151; 9584; 34.43; 1010.01859375; 18.38671875
2026-07-21; 22:56:10; 6151; 9584; 34.41; 1010.014609375; 18.4091796875
2026-07-21; 22:57:10; 6151; 9584; 34.4; 1010.08140625; 18.419921875
2026-07-21; 22:58:10; 6151; 9584; 34.3; 1010.0496875; 18.54296875
2026-07-21; 22:59:10; 6097; 9457; 34.2; 1010.0572265625; 18.6083984375
2026-07-21; 23:00:10; 6097; 9457; 34.4; 1010.05390625; 18.431640625
2026-07-21; 23:01:10; 6051; 9370; 34.3; 1010.0496875; 18.5205078125
2026-07-21; 23:02:10; 6051; 9370; 34.31; 1010.00265625; 18.5087890625
2026-07-21; 23:03:10; 6097; 9457; 34.33; 1010.08921875; 18.509765625
2026-07-21; 23:04:10; 6097; 9457; 34.1; 1010.065; 18.7080078125
2026-07-21; 23:05:10; 6051; 9370; 34.12; 1010.0491796875; 18.697265625
2026-07-21; 23:06:10; 6051; 9370; 34.13; 1010.057265625; 18.6865234375
2026-07-21; 23:07:11; 6097; 9457; 34.14; 1010.080703125; 18.6640625
2026-07-21; 23:08:11; 6051; 9370; 34.12; 1010.041484375; 18.708984375
2026-07-21; 23:09:11; 6097; 9457; 34.16; 1010.1122265625; 18.67578125
2026-07-21; 23:10:11; 6051; 9370; 34.24; 1010.085; 18.5751953125
2026-07-21; 23:11:11; 6051; 9370; 34.33; 1010.1244921875; 18.4873046875
2026-07-21; 23:12:11; 6051; 9370; 34.46; 1010.1212109375; 18.388671875
2026-07-21; 23:13:11; 6051; 9370; 34.23; 1010.076953125; 18.5751953125
2026-07-21; 23:14:11; 6051; 9370; 34.06; 1010.1196875; 18.7529296875
2026-07-21; 23:15:11; 6051; 9370; 34.09; 1010.1042578125; 18.71875
2026-07-21; 23:16:11; 6051; 9370; 34.19; 1010.1240234375; 18.654296875
2026-07-21; 23:17:11; 6051; 9370; 34.08; 1010.1434765625; 18.71875
2026-07-21; 23:18:11; 6051; 9370; 34.02; 1010.2022265625; 18.80859375
2026-07-21; 23:19:11; 6051; 9370; 34.04; 1010.143203125; 18.7978515625
2026-07-21; 23:20:11; 6051; 9370; 34.12; 1010.1317578125; 18.732421875
2026-07-21; 23:21:11; 6051; 9370; 34.13; 1010.1673046875; 18.720703125
2026-07-21; 23:22:11; 6051; 9370; 34.09; 1010.07671875; 18.75390625
2026-07-21; 23:23:11; 6051; 9370; 34.21; 1010.1478125; 18.6318359375
2026-07-21; 23:24:11; 6051; 9370; 34.05; 1010.1512109375; 18.7744140625
2026-07-21; 23:25:11; 6051; 9370; 33.94; 1010.1230859375; 18.8857421875
2026-07-21; 23:26:11; 6001; 9270; 34.09; 1010.1592578125; 18.71875
2026-07-21; 23:27:11; 6001; 9270; 34.29; 1010.1362890625; 18.5888671875
2026-07-21; 23:28:11; 6001; 9270; 34.13; 1010.12; 18.6865234375
2026-07-21; 23:29:11; 6051; 9370; 34.08; 1010.0884765625; 18.7646484375
2026-07-22; 01:55:44; 406; 0; 32.75; 1010.0201953125; 20.3427734375
2026-07-22; 01:56:44; 402; 0; 32.8; 1010.0639453125; 20.275390625
2026-07-22; 01:57:44; 400; 0; 32.78; 1010.0950390625; 20.2978515625
2026-07-22; 01:58:44; 400; 0; 32.84; 1010.045; 20.220703125
2026-07-22; 01:59:44; 400; 0; 32.78; 1010.040078125; 20.287109375
2026-07-22; 02:00:44; 400; 0; 32.83; 1010.13875; 20.2314453125
2026-07-22; 02:01:44; 406; 0; 33.0; 1010.1050390625; 20.0556640625
2026-07-22; 02:02:44; 403; 0; 32.88; 1010.080390625; 20.2109375
2026-07-22; 02:03:44; 421; 3; 32.88; 1010.0255078125; 20.1416015625
2026-07-22; 02:04:44; 413; 1; 32.91; 1010.065078125; 20.1201171875
2026-07-22; 02:05:44; 409; 1; 32.86; 1009.99390625; 20.1865234375
2026-07-22; 02:06:44; 400; 0; 32.85; 1010.005859375; 20.232421875
2026-07-22; 02:07:44; 403; 0; 33.01; 1010.0032421875; 20.06640625
2026-07-22; 02:08:44; 405; 0; 32.84; 1009.9351953125; 20.2431640625
2026-07-22; 02:09:44; 405; 0; 32.85; 1009.93125; 20.1748046875
2026-07-22; 02:10:45; 400; 0; 33.02; 1009.9834765625; 20.0322265625
2026-07-22; 02:11:45; 405; 0; 32.94; 1009.90046875; 20.0986328125
2026-07-22; 02:12:45; 405; 0; 32.95; 1009.9634375; 20.0869140625
2026-07-22; 02:13:45; 400; 0; 32.83; 1009.8641796875; 20.2197265625
2026-07-22; 02:14:45; 405; 0; 32.95; 1009.9085546875; 20.1220703125
2026-07-22; 02:15:45; 407; 1; 33.02; 1009.9641015625; 20.0673828125
2026-07-22; 02:16:45; 402; 0; 33.1; 1009.9723828125; 19.9326171875
2026-07-22; 02:17:45; 400; 0; 33.06; 1009.9367578125; 20.0
2026-07-22; 02:18:45; 407; 1; 33.11; 1009.8863671875; 19.93359375
2026-07-22; 02:19:45; 402; 0; 32.98; 1009.8734765625; 20.0537109375
2026-07-22; 02:20:45; 402; 0; 33.05; 1009.9290234375; 19.96484375
2026-07-22; 02:21:45; 402; 0; 32.98; 1009.9009765625; 20.04296875
2026-07-22; 02:22:45; 400; 0; 32.85; 1009.8960546875; 20.1748046875
2026-07-22; 02:23:45; 402; 0; 32.91; 1009.825703125; 20.154296875
2026-07-22; 02:24:45; 400; 0; 33.04; 1009.88578125; 20.0224609375
2026-07-22; 02:25:45; 405; 0; 33.14; 1009.933359375; 19.9111328125
2026-07-22; 02:26:45; 400; 0; 33.08; 1009.8309765625; 19.943359375
2026-07-22; 02:27:45; 405; 0; 33.17; 1009.8081640625; 19.8662109375
2026-07-22; 02:28:45; 400; 0; 32.97; 1009.8380078125; 20.0537109375
2026-07-22; 02:29:45; 403; 0; 33.12; 1009.8666015625; 19.93359375
2026-07-22; 02:30:45; 400; 0; 33.03; 1009.87; 20.009765625
2026-07-22; 02:31:45; 405; 0; 33.0; 1009.8304296875; 20.0439453125
2026-07-22; 02:32:45; 405; 0; 33.03; 1009.80703125; 20.033203125
2026-07-22; 02:33:45; 400; 0; 33.04; 1009.7484375; 19.9990234375
2026-07-22; 02:34:45; 400; 0; 33.04; 1009.7758984375; 20.0107421875
2026-07-22; 02:35:45; 400; 0; 33.08; 1009.776015625; 19.9775390625
2026-07-22; 02:36:45; 400; 0; 33.06; 1009.854375; 19.98828125
2026-07-22; 02:37:45; 403; 0; 33.04; 1009.7953515625; 19.9873046875
2026-07-22; 02:38:45; 400; 0; 33.13; 1009.7253125; 19.888671875
2026-07-22; 02:39:45; 400; 0; 32.89; 1009.78640625; 20.1298828125
2026-07-22; 02:40:45; 405; 0; 32.92; 1009.72390625; 20.1318359375
2026-07-22; 02:41:45; 405; 0; 33.07; 1009.79578125; 19.955078125
2026-07-22; 02:42:45; 405; 0; 33.0; 1009.7480078125; 20.0322265625
2026-07-22; 02:43:45; 400; 0; 33.1; 1009.75265625; 19.9443359375
2026-07-22; 02:44:45; 402; 0; 33.02; 1009.7637890625; 20.0556640625
2026-07-22; 02:45:45; 402; 0; 32.99; 1009.751953125; 20.04296875
2026-07-22; 02:46:45; 402; 0; 33.08; 1009.6936328125; 19.943359375
2026-07-22; 02:47:45; 402; 0; 33.04; 1009.7209765625; 19.98828125
2026-07-22; 02:48:45; 400; 0; 32.93; 1009.77484375; 20.12109375
2026-07-22; 02:49:45; 405; 0; 33.12; 1009.7095703125; 19.921875
2026-07-22; 02:50:45; 405; 0; 33.02; 1009.7718359375; 20.009765625
2026-07-22; 02:51:45; 403; 0; 32.89; 1009.8412890625; 20.1533203125
2026-07-22; 02:52:45; 408; 1; 32.85; 1009.7115625; 20.1865234375
2026-07-22; 02:53:46; 403; 0; 32.93; 1009.684765625; 20.12109375
2026-07-22; 02:54:46; 400; 0; 32.96; 1009.767265625; 20.076171875
2026-07-22; 02:55:46; 400; 0; 33.0; 1009.767734375; 20.0546875
2026-07-22; 02:56:46; 403; 0; 33.06; 1009.771953125; 20.0
2026-07-22; 02:57:46; 406; 0; 33.13; 1009.6978515625; 19.9228515625
2026-07-22; 02:58:46; 406; 0; 33.02; 1009.736328125; 19.998046875
2026-07-22; 02:59:46; 403; 0; 32.95; 1009.7437890625; 20.052734375
2026-07-22; 03:00:46; 403; 0; 33.06; 1009.7525390625; 20.0
2026-07-22; 03:01:46; 400; 0; 32.84; 1009.750703125; 20.185546875
2026-07-22; 03:02:46; 405; 0; 32.81; 1009.6953125; 20.23046875
2026-07-22; 03:03:46; 405; 0; 32.98; 1009.68125; 20.0654296875
2026-07-22; 03:04:46; 400; 0; 33.03; 1009.6422265625; 20.033203125
2026-07-22; 03:05:46; 400; 0; 33.06; 1009.587734375; 19.98828125
2026-07-22; 03:06:46; 403; 0; 33.0; 1009.665625; 20.0205078125
2026-07-22; 03:07:46; 403; 0; 32.96; 1009.7123828125; 20.076171875
2026-07-22; 03:08:46; 400; 0; 32.87; 1009.6724609375; 20.17578125
2026-07-22; 03:09:46; 409; 1; 33.0; 1009.7402734375; 20.06640625
2026-07-22; 03:10:46; 406; 0; 32.85; 1009.7390625; 20.1982421875
2026-07-22; 03:11:46; 406; 0; 32.88; 1009.605859375; 20.1875
2026-07-22; 03:12:46; 406; 0; 32.81; 1009.6953125; 20.23046875
2026-07-22; 03:13:46; 406; 0; 32.76; 1009.7065234375; 20.2861328125
2026-07-22; 03:14:46; 400; 0; 32.76; 1009.7065234375; 20.2744140625
2026-07-22; 03:15:46; 403; 0; 32.91; 1009.6883984375; 20.1435546875
2026-07-22; 03:16:46; 403; 0; 32.81; 1009.703046875; 20.21875
2026-07-22; 03:17:46; 400; 0; 32.93; 1009.747421875; 20.12109375
2026-07-22; 03:18:46; 400; 0; 33.0; 1009.720546875; 20.0556640625
2026-07-22; 03:19:46; 405; 0; 32.85; 1009.703828125; 20.220703125
2026-07-22; 03:20:46; 405; 0; 32.8; 1009.6323828125; 20.2529296875
2026-07-22; 03:21:46; 405; 0; 32.84; 1009.6958203125; 20.197265625
2026-07-22; 03:22:46; 405; 0; 32.93; 1009.7396484375; 20.109375
2026-07-22; 03:23:46; 407; 1; 32.93; 1009.7122265625; 20.12109375
2026-07-22; 03:24:46; 402; 0; 32.85; 1009.7312890625; 20.208984375
2026-07-22; 03:25:46; 407; 1; 32.98; 1009.7636328125; 20.134765625
2026-07-22; 03:26:46; 402; 0; 32.84; 1009.668359375; 20.2548828125
2026-07-22; 03:27:46; 402; 0; 33.0; 1009.583203125; 20.06640625
2026-07-22; 03:28:46; 402; 0; 32.89; 1009.629375; 20.1416015625
2026-07-22; 03:29:46; 402; 0; 32.77; 1009.585078125; 20.2861328125
2026-07-22; 03:30:46; 402; 0; 32.74; 1009.5926171875; 20.3193359375
2026-07-22; 03:31:46; 402; 0; 32.83; 1009.6170703125; 20.2197265625
2026-07-22; 03:32:46; 402; 0; 33.08; 1009.556328125; 19.9892578125
2026-07-22; 03:33:46; 402; 0; 32.79; 1009.5616796875; 20.263671875
2026-07-22; 03:34:46; 407; 1; 32.82; 1009.6090625; 20.1962890625
2026-07-22; 03:35:46; 400; 0; 32.81; 1009.5932421875; 20.23046875
2026-07-22; 03:36:47; 400; 0; 32.89; 1009.56671875; 20.1416015625
2026-07-22; 03:37:47; 409; 1; 32.93; 1009.574921875; 20.109375
2026-07-22; 03:38:47; 402; 0; 32.9; 1009.5001171875; 20.1533203125
2026-07-22; 03:39:47; 402; 0; 32.81; 1009.5383203125; 20.21875
2026-07-22; 03:40:47; 409; 1; 32.76; 1009.588984375; 20.296875
2026-07-22; 03:41:47; 402; 0; 32.93; 1009.60234375; 20.109375
2026-07-22; 03:42:47; 400; 0; 32.85; 1009.5940234375; 20.197265625
2026-07-22; 03:43:47; 402; 0; 32.79; 1009.5539453125; 20.287109375
2026-07-22; 03:44:47; 400; 0; 32.87; 1009.590078125; 20.1982421875
2026-07-22; 03:45:47; 400; 0; 32.94; 1009.5709375; 20.12109375
2026-07-22; 03:46:47; 400; 0; 32.87; 1009.5626171875; 20.15234375
2026-07-22; 03:47:47; 403; 0; 32.74; 1009.58484375; 20.2958984375
2026-07-22; 03:48:47; 403; 0; 32.71; 1009.6001953125; 20.3525390625
2026-07-22; 03:49:47; 406; 0; 32.7; 1009.584375; 20.3408203125
2026-07-22; 03:50:47; 403; 0; 32.85; 1009.574296875; 20.232421875
2026-07-22; 03:51:47; 400; 0; 32.84; 1009.5310546875; 20.208984375
2026-07-22; 03:52:47; 400; 0; 32.75; 1009.5260546875; 20.296875
2026-07-22; 03:53:47; 403; 0; 32.8; 1009.5423046875; 20.2412109375
2026-07-22; 03:54:47; 400; 0; 32.88; 1009.558671875; 20.19921875
2026-07-22; 03:55:47; 403; 0; 32.82; 1009.5541015625; 20.23046875
2026-07-22; 03:56:47; 403; 0; 32.74; 1009.5376953125; 20.3076171875
2026-07-22; 03:57:47; 403; 0; 32.6; 1009.5912890625; 20.4619140625
2026-07-22; 03:58:47; 405; 0; 32.76; 1009.541796875; 20.296875
2026-07-22; 03:59:47; 405; 0; 32.82; 1009.5463671875; 20.2197265625
2026-07-22; 04:00:47; 405; 0; 32.76; 1009.4869140625; 20.3203125
2026-07-22; 04:01:47; 405; 0; 32.77; 1009.522421875; 20.2861328125
2026-07-22; 04:02:47; 405; 0; 32.66; 1009.5018359375; 20.4072265625
2026-07-22; 04:03:47; 400; 0; 32.61; 1009.532734375; 20.4287109375
2026-07-22; 04:04:47; 405; 0; 32.76; 1009.5143359375; 20.2861328125
2026-07-22; 04:05:47; 400; 0; 32.74; 1009.5025; 20.2958984375
2026-07-22; 04:06:47; 400; 0; 32.68; 1009.478515625; 20.328125
2026-07-22; 04:07:47; 403; 0; 32.7; 1009.474609375; 20.3515625
2026-07-22; 04:08:47; 403; 0; 32.54; 1009.3754296875; 20.505859375
2026-07-22; 04:09:47; 403; 0; 32.57; 1009.4970703125; 20.47265625
2026-07-22; 04:10:47; 408; 1; 32.64; 1009.4348046875; 20.39453125
2026-07-22; 04:11:47; 408; 1; 32.59; 1009.47375; 20.4736328125
2026-07-22; 04:12:47; 403; 0; 32.53; 1009.488828125; 20.5400390625
2026-07-22; 04:13:47; 403; 0; 32.58; 1009.45796875; 20.4736328125
2026-07-22; 04:14:47; 403; 0; 32.7; 1009.4826171875; 20.3408203125
2026-07-22; 04:15:47; 403; 0; 32.68; 1009.4979296875; 20.33984375
2026-07-22; 04:16:47; 403; 0; 32.62; 1009.485625; 20.451171875
2026-07-22; 04:17:47; 403; 0; 32.62; 1009.4581640625; 20.4052734375
2026-07-22; 04:18:47; 408; 1; 32.69; 1009.5137109375; 20.3740234375
2026-07-22; 04:19:47; 403; 0; 32.51; 1009.4652734375; 20.515625
2026-07-22; 04:20:48; 400; 0; 32.48; 1009.4648046875; 20.6064453125
2026-07-22; 04:21:48; 403; 0; 32.69; 1009.541171875; 20.3515625
2026-07-22; 04:22:48; 403; 0; 32.73; 1009.4944921875; 20.341796875
2026-07-22; 04:23:48; 408; 1; 32.68; 1009.4979296875; 20.3505859375
2026-07-22; 04:24:48; 408; 1; 32.64; 1009.544609375; 20.40625
2026-07-22; 04:25:48; 403; 0; 32.67; 1009.509609375; 20.3740234375
2026-07-22; 04:26:48; 403; 0; 32.67; 1009.4901953125; 20.3740234375
2026-07-22; 04:27:48; 403; 0; 32.69; 1009.466875; 20.375
2026-07-22; 04:28:48; 403; 0; 32.6; 1009.5444140625; 20.427734375
2026-07-22; 04:29:48; 403; 0; 32.7; 1009.4826171875; 20.3525390625
2026-07-22; 04:30:48; 403; 0; 32.64; 1009.4897265625; 20.40625
2026-07-22; 04:31:48; 403; 0; 32.63; 1009.509453125; 20.3837890625
2026-07-22; 04:32:48; 408; 1; 32.65; 1009.5135546875; 20.4072265625
2026-07-22; 04:33:48; 408; 1; 32.6; 1009.5363671875; 20.4501953125
2026-07-22; 04:34:48; 403; 0; 32.54; 1009.4851953125; 20.482421875
2026-07-22; 04:35:48; 403; 0; 32.67; 1009.53703125; 20.3623046875
2026-07-22; 04:36:48; 403; 0; 32.55; 1009.555859375; 20.4951171875
2026-07-22; 04:37:48; 403; 0; 32.58; 1009.56; 20.484375
2026-07-22; 04:38:48; 403; 0; 32.54; 1009.457734375; 20.482421875
2026-07-22; 04:39:48; 403; 0; 32.51; 1009.5201953125; 20.52734375
2026-07-22; 04:40:48; 403; 0; 32.58; 1009.4501953125; 20.47265625
2026-07-22; 04:41:48; 403; 0; 32.62; 1009.4936328125; 20.39453125
2026-07-22; 04:42:48; 403; 0; 32.63; 1009.47390625; 20.41796875
2026-07-22; 04:43:48; 403; 0; 32.51; 1009.4847265625; 20.5390625
2026-07-22; 04:44:48; 403; 0; 32.62; 1009.430703125; 20.4287109375
2026-07-22; 04:45:48; 403; 0; 32.67; 1009.4546875; 20.3505859375
2026-07-22; 04:46:48; 403; 0; 32.52; 1009.4536328125; 20.5166015625
2026-07-22; 04:47:48; 403; 0; 32.46; 1009.3509375; 20.59375
2026-07-22; 04:48:48; 400; 0; 32.71; 1009.3886328125; 20.318359375
2026-07-22; 04:49:48; 403; 0; 32.64; 1009.379921875; 20.3837890625
2026-07-22; 04:50:48; 403; 0; 32.55; 1009.3637890625; 20.4716796875
2026-07-22; 04:51:48; 403; 0; 32.64; 1009.40734375; 20.3837890625
2026-07-22; 04:52:48; 403; 0; 32.51; 1009.3280859375; 20.52734375
2026-07-22; 04:53:48; 408; 1; 32.7; 1009.3453515625; 20.3291015625
2026-07-22; 04:54:48; 403; 0; 32.6; 1009.3442578125; 20.416015625
2026-07-22; 04:55:48; 403; 0; 32.69; 1009.3490234375; 20.3515625
2026-07-22; 04:56:48; 403; 0; 32.65; 1009.348828125; 20.3837890625
2026-07-22; 04:57:48; 408; 1; 32.53; 1009.3596484375; 20.5166015625
2026-07-22; 04:58:48; 403; 0; 32.5; 1009.394609375; 20.5263671875
2026-07-22; 04:59:48; 403; 0; 32.44; 1009.3273828125; 20.58203125
2026-07-22; 05:00:48; 403; 0; 32.68; 1009.388125; 20.3740234375
2026-07-22; 05:01:48; 403; 0; 32.61; 1009.3955078125; 20.4287109375
2026-07-22; 05:02:48; 403; 0; 32.43; 1009.366484375; 20.615234375
2026-07-22; 05:03:49; 400; 0; 32.48; 1009.4098828125; 20.5595703125
2026-07-22; 05:04:49; 403; 0; 32.43; 1009.4487890625; 20.5927734375
2026-07-22; 05:05:49; 403; 0; 32.43; 1009.4213671875; 20.638671875
2026-07-22; 05:06:49; 403; 0; 32.46; 1009.4332421875; 20.59375
2026-07-22; 05:07:49; 400; 0; 32.5; 1009.3866015625; 20.5498046875
2026-07-22; 05:08:49; 403; 0; 32.43; 1009.366484375; 20.626953125
2026-07-22; 05:09:49; 403; 0; 32.48; 1009.3550390625; 20.5712890625
2026-07-22; 05:10:49; 403; 0; 32.36; 1009.373515625; 20.6923828125
2026-07-22; 05:11:49; 403; 0; 32.49; 1009.4337109375; 20.5498046875
2026-07-22; 05:12:49; 408; 1; 32.43; 1009.3584765625; 20.603515625
2026-07-22; 05:13:49; 403; 0; 32.37; 1009.43640625; 20.6591796875
2026-07-22; 05:14:49; 403; 0; 32.59; 1009.3639453125; 20.4501953125
2026-07-22; 05:15:49; 403; 0; 32.47; 1009.4570703125; 20.548828125
2026-07-22; 05:16:49; 403; 0; 32.48; 1009.41796875; 20.548828125
2026-07-22; 05:17:49; 403; 0; 32.47; 1009.3473046875; 20.537109375
2026-07-22; 05:18:49; 400; 0; 32.49; 1009.3788671875; 20.5263671875
2026-07-22; 05:19:49; 403; 0; 32.4; 1009.3465625; 20.66015625
2026-07-22; 05:20:49; 403; 0; 32.36; 1009.3657421875; 20.669921875
2026-07-22; 05:21:49; 403; 0; 32.32; 1009.3380859375; 20.69140625
2026-07-22; 05:22:49; 403; 0; 32.37; 1009.334375; 20.6591796875
2026-07-22; 05:23:49; 400; 0; 32.33; 1009.35359375; 20.71484375
2026-07-22; 05:24:49; 400; 0; 32.37; 1009.334375; 20.6474609375
2026-07-22; 05:25:49; 400; 0; 32.42; 1009.32328125; 20.591796875
2026-07-22; 05:26:49; 405; 0; 32.4; 1009.4014453125; 20.6259765625
2026-07-22; 05:27:49; 400; 0; 32.42; 1009.378125; 20.591796875
2026-07-22; 05:28:49; 408; 1; 32.36; 1009.428359375; 20.681640625
2026-07-22; 05:29:49; 405; 0; 32.32; 1009.384921875; 20.7021484375
2026-07-22; 05:30:49; 400; 0; 32.3; 1009.4356640625; 20.712890625
2026-07-22; 05:31:49; 400; 0; 32.41; 1009.4446875; 20.6025390625
2026-07-22; 05:32:49; 409; 1; 32.3; 1009.408203125; 20.7470703125
2026-07-22; 05:33:49; 409; 1; 32.37; 1009.41671875; 20.669921875
2026-07-22; 05:34:49; 409; 1; 32.46; 1009.496171875; 20.5478515625
2026-07-22; 05:35:49; 409; 1; 32.37; 1009.463828125; 20.681640625
2026-07-22; 05:36:49; 405; 0; 32.55; 1009.4655078125; 20.517578125
2026-07-22; 05:37:49; 409; 1; 32.5; 1009.4963671875; 20.5380859375
2026-07-22; 05:38:49; 405; 0; 32.41; 1009.5073046875; 20.615234375
2026-07-22; 05:39:49; 400; 0; 32.4; 1009.456328125; 20.6259765625
2026-07-22; 05:40:49; 405; 0; 32.43; 1009.523046875; 20.5927734375
2026-07-22; 05:41:49; 409; 1; 32.36; 1009.4480859375; 20.646484375
2026-07-22; 05:42:49; 409; 1; 32.43; 1009.503671875; 20.5810546875
2026-07-22; 05:43:49; 405; 0; 32.34; 1009.4516796875; 20.69140625
2026-07-22; 05:44:49; 409; 1; 32.42; 1009.487890625; 20.591796875
2026-07-22; 05:45:49; 405; 0; 32.39; 1009.5031640625; 20.6484375
2026-07-22; 05:46:50; 405; 0; 32.29; 1009.4747265625; 20.7470703125
2026-07-22; 05:47:50; 405; 0; 32.44; 1009.4016796875; 20.626953125
2026-07-22; 05:48:50; 409; 1; 32.47; 1009.4764453125; 20.5830078125
2026-07-22; 05:49:50; 405; 0; 32.41; 1009.389765625; 20.591796875
2026-07-22; 05:50:50; 405; 0; 32.42; 1009.4055859375; 20.615234375
2026-07-22; 05:51:50; 405; 0; 32.38; 1009.3776171875; 20.6591796875
2026-07-22; 05:52:50; 405; 0; 32.36; 1009.3460546875; 20.658203125
2026-07-22; 05:53:50; 405; 0; 32.32; 1009.3655078125; 20.7021484375
2026-07-22; 05:54:50; 405; 0; 32.3; 1009.3259375; 20.724609375
2026-07-22; 05:55:50; 409; 1; 32.34; 1009.3616015625; 20.703125
2026-07-22; 05:56:50; 405; 0; 32.26; 1009.4154296875; 20.734375
2026-07-22; 05:57:50; 405; 0; 32.23; 1009.4229296875; 20.779296875
2026-07-22; 05:58:50; 400; 0; 32.38; 1009.3973046875; 20.6708984375
2026-07-22; 05:59:50; 400; 0; 32.31; 1009.3965625; 20.712890625
2026-07-22; 06:00:50; 407; 1; 32.22; 1009.4619921875; 20.7783203125
2026-07-22; 06:01:50; 402; 0; 32.21; 1009.4658984375; 20.8349609375
2026-07-22; 06:02:50; 402; 0; 32.2; 1009.375546875; 20.7998046875
2026-07-22; 06:03:50; 400; 0; 32.32; 1009.41234375; 20.724609375
2026-07-22; 06:04:50; 402; 0; 32.4; 1009.4091796875; 20.6142578125
2026-07-22; 06:05:50; 402; 0; 32.44; 1009.51140625; 20.6162109375
2026-07-22; 06:06:50; 402; 0; 32.26; 1009.442890625; 20.7578125
2026-07-22; 06:07:50; 402; 0; 32.34; 1009.4242578125; 20.703125
2026-07-22; 06:08:50; 406; 0; 32.23; 1009.505234375; 20.7900390625
2026-07-22; 06:09:50; 406; 0; 32.29; 1009.4473046875; 20.7578125
2026-07-22; 06:10:50; 403; 0; 32.39; 1009.413125; 20.6591796875
2026-07-22; 06:11:50; 403; 0; 32.31; 1009.4869140625; 20.7021484375
2026-07-22; 06:12:50; 406; 0; 32.39; 1009.420859375; 20.63671875
2026-07-22; 06:13:50; 403; 0; 32.44; 1009.4565234375; 20.5703125
2026-07-22; 06:14:50; 400; 0; 32.33; 1009.49078125; 20.69140625
2026-07-22; 06:15:50; 400; 0; 32.24; 1009.485859375; 20.767578125
2026-07-22; 06:16:50; 403; 0; 32.36; 1009.4480859375; 20.646484375
2026-07-22; 06:17:50; 403; 0; 32.4; 1009.48375; 20.5908203125
2026-07-22; 06:18:50; 403; 0; 32.35; 1009.4871484375; 20.6689453125
2026-07-22; 06:19:50; 403; 0; 32.24; 1009.49359375; 20.755859375
2026-07-22; 06:20:50; 403; 0; 32.21; 1009.50109375; 20.80078125
2026-07-22; 06:21:50; 405; 0; 32.33; 1009.4555859375; 20.703125
2026-07-22; 06:22:50; 405; 0; 32.22; 1009.4619921875; 20.7783203125
2026-07-22; 06:23:50; 405; 0; 32.27; 1009.4234765625; 20.72265625
2026-07-22; 06:24:50; 400; 0; 32.26; 1009.4076953125; 20.7451171875
2026-07-22; 06:25:50; 400; 0; 32.25; 1009.4544921875; 20.734375
2026-07-22; 06:26:50; 405; 0; 32.18; 1009.42625; 20.822265625
2026-07-22; 06:27:50; 400; 0; 32.21; 1009.4736328125; 20.7890625
2026-07-22; 06:28:50; 400; 0; 32.15; 1009.5160546875; 20.8671875
2026-07-22; 06:29:51; 400; 0; 32.31; 1009.5062890625; 20.7021484375
2026-07-22; 06:30:51; 405; 0; 32.23; 1009.4426171875; 20.755859375
2026-07-22; 06:31:51; 405; 0; 32.16; 1009.4769921875; 20.8330078125
2026-07-22; 06:32:51; 405; 0; 32.19; 1009.5166015625; 20.8232421875
2026-07-22; 06:33:51; 405; 0; 32.32; 1009.475234375; 20.7021484375
2026-07-22; 06:34:51; 405; 0; 32.21; 1009.528515625; 20.7666015625
2026-07-22; 06:35:51; 409; 1; 32.18; 1009.5085546875; 20.810546875
2026-07-22; 06:36:51; 405; 0; 32.14; 1009.5551171875; 20.8662109375
2026-07-22; 06:37:51; 409; 1; 32.36; 1009.5380859375; 20.658203125
2026-07-22; 06:38:51; 405; 0; 32.41; 1009.4995703125; 20.6142578125
2026-07-22; 06:39:51; 405; 0; 32.29; 1009.5101953125; 20.701171875
2026-07-22; 06:40:51; 405; 0; 32.26; 1009.517421875; 20.7685546875
2026-07-22; 06:41:51; 405; 0; 32.25; 1009.5093359375; 20.791015625
2026-07-22; 06:42:51; 405; 0; 32.26; 1009.52515625; 20.734375
2026-07-22; 06:43:51; 400; 0; 32.46; 1009.5510546875; 20.5595703125
2026-07-22; 06:44:51; 400; 0; 32.31; 1009.58859375; 20.6904296875
2026-07-22; 06:45:51; 405; 0; 32.32; 1009.576953125; 20.724609375
2026-07-22; 06:46:51; 405; 0; 32.36; 1009.6675390625; 20.646484375
2026-07-22; 06:47:51; 405; 0; 32.26; 1009.5996875; 20.72265625
2026-07-22; 06:48:51; 405; 0; 32.37; 1009.6284765625; 20.6357421875
2026-07-22; 06:49:51; 405; 0; 32.34; 1009.61625; 20.6689453125
2026-07-22; 06:50:51; 400; 0; 32.26; 1009.5996875; 20.734375
2026-07-22; 06:51:51; 400; 0; 32.37; 1009.6284765625; 20.6474609375
2026-07-22; 06:52:51; 400; 0; 32.19; 1009.661484375; 20.8115234375
2026-07-22; 06:53:51; 400; 0; 32.25; 1009.6191015625; 20.734375
2026-07-22; 06:54:51; 400; 0; 32.28; 1009.6312890625; 20.7119140625
2026-07-22; 06:55:51; 400; 0; 32.3; 1009.62765625; 20.689453125
2026-07-22; 06:56:51; 405; 0; 32.32; 1009.576953125; 20.6904296875
2026-07-22; 06:57:51; 400; 0; 32.47; 1009.6765625; 20.5595703125
2026-07-22; 06:58:51; 400; 0; 32.37; 1009.6284765625; 20.6357421875
2026-07-22; 06:59:51; 405; 0; 32.22; 1009.64625; 20.7783203125
2026-07-22; 07:00:51; 409; 1; 32.37; 1009.601015625; 20.6474609375
2026-07-22; 07:01:51; 405; 0; 32.2; 1009.5950390625; 20.7998046875
2026-07-22; 07:02:51; 405; 0; 32.22; 1009.6266015625; 20.7900390625
2026-07-22; 07:03:51; 405; 0; 32.31; 1009.596640625; 20.6787109375
2026-07-22; 07:04:51; 409; 1; 32.44; 1009.6841015625; 20.6044921875
2026-07-22; 07:05:51; 405; 0; 32.4; 1009.593515625; 20.6025390625
2026-07-22; 07:06:51; 405; 0; 32.35; 1009.6243359375; 20.6806640625
2026-07-22; 07:07:51; 409; 1; 32.38; 1009.6716796875; 20.6357421875
2026-07-22; 07:08:51; 405; 0; 32.38; 1009.6245703125; 20.625
2026-07-22; 07:09:51; 409; 1; 32.24; 1009.575859375; 20.767578125
2026-07-22; 07:10:51; 409; 1; 32.33; 1009.6476171875; 20.69140625
2026-07-22; 07:11:51; 409; 1; 32.33; 1009.6201953125; 20.69140625
2026-07-22; 07:12:52; 409; 1; 32.39; 1009.6600390625; 20.6484375
2026-07-22; 07:13:52; 405; 0; 32.43; 1009.640859375; 20.5927734375
2026-07-22; 07:14:52; 405; 0; 32.36; 1009.5930078125; 20.658203125
2026-07-22; 07:15:52; 405; 0; 32.46; 1009.633359375; 20.5830078125
2026-07-22; 07:16:52; 405; 0; 32.39; 1009.6051953125; 20.63671875
2026-07-22; 07:17:52; 409; 1; 32.5; 1009.641640625; 20.50390625
2026-07-22; 07:18:52; 405; 0; 32.44; 1009.621171875; 20.5810546875
2026-07-22; 07:19:52; 409; 1; 32.47; 1009.62171875; 20.5595703125
2026-07-22; 07:20:52; 409; 1; 32.47; 1009.6765625; 20.537109375
2026-07-22; 07:21:52; 405; 0; 32.35; 1009.6320703125; 20.646484375
2026-07-22; 07:22:52; 409; 1; 32.4; 1009.6561328125; 20.6142578125
2026-07-22; 07:23:52; 409; 1; 32.44; 1009.6760546875; 20.5927734375
2026-07-22; 07:24:52; 409; 1; 32.43; 1009.6876953125; 20.5810546875
2026-07-22; 07:25:52; 405; 0; 32.45; 1009.6998828125; 20.59375
2026-07-22; 07:26:52; 405; 0; 32.49; 1009.5983984375; 20.4921875
2026-07-22; 07:27:52; 409; 1; 32.44; 1009.6841015625; 20.55859375
2026-07-22; 07:28:52; 409; 1; 32.54; 1009.6773046875; 20.4599609375
2026-07-22; 07:29:52; 409; 1; 32.5; 1009.6141796875; 20.50390625
2026-07-22; 07:30:52; 414; 2; 32.58; 1009.6972265625; 20.4384765625
2026-07-22; 07:31:52; 414; 2; 32.66; 1009.6310546875; 20.361328125
2026-07-22; 07:32:52; 414; 2; 32.69; 1009.623515625; 20.3857421875
2026-07-22; 07:33:52; 414; 2; 32.69; 1009.623515625; 20.3173828125
2026-07-22; 07:34:52; 414; 2; 32.51; 1009.6299609375; 20.50390625
2026-07-22; 07:35:52; 414; 2; 32.56; 1009.54421875; 20.4375
2026-07-22; 07:36:52; 409; 1; 32.61; 1009.5521484375; 20.4169921875
2026-07-22; 07:37:52; 414; 2; 32.58; 1009.6226171875; 20.427734375
2026-07-22; 07:38:52; 409; 1; 32.69; 1009.623515625; 20.3515625
2026-07-22; 07:39:52; 414; 2; 32.55; 1009.61078125; 20.4609375
2026-07-22; 07:40:52; 414; 2; 32.64; 1009.5994921875; 20.41796875
2026-07-22; 07:41:52; 409; 1; 32.55; 1009.5752734375; 20.4599609375
2026-07-22; 07:42:52; 414; 2; 32.56; 1009.5716796875; 20.44921875
2026-07-22; 07:43:52; 414; 2; 32.54; 1009.504609375; 20.470703125
2026-07-22; 07:44:52; 414; 2; 32.67; 1009.5644921875; 20.3505859375
2026-07-22; 07:45:52; 414; 2; 32.6; 1009.5444140625; 20.439453125
2026-07-22; 07:46:52; 417; 2; 32.65; 1009.5409765625; 20.361328125
2026-07-22; 07:47:52; 414; 2; 32.64; 1009.57203125; 20.39453125
2026-07-22; 07:48:52; 417; 2; 32.72; 1009.6433984375; 20.306640625
2026-07-22; 07:49:52; 414; 2; 32.69; 1009.5491796875; 20.3173828125
2026-07-22; 07:50:52; 414; 2; 32.61; 1009.615078125; 20.4287109375
2026-07-22; 07:51:52; 417; 2; 32.66; 1009.60359375; 20.384765625
2026-07-22; 07:52:52; 417; 2; 32.66; 1009.576171875; 20.373046875
2026-07-22; 07:53:52; 417; 2; 32.69; 1009.5137109375; 20.33984375
2026-07-22; 07:54:53; 414; 2; 32.76; 1009.541796875; 20.2626953125
2026-07-22; 07:55:53; 420; 3; 32.75; 1009.553515625; 20.30859375
2026-07-22; 07:56:53; 420; 3; 32.79; 1009.53421875; 20.2294921875
2026-07-22; 07:57:53; 420; 3; 32.71; 1009.55328125; 20.306640625
2026-07-22; 07:58:53; 420; 3; 32.76; 1009.5143359375; 20.2861328125
2026-07-22; 07:59:53; 420; 3; 32.83; 1009.4875390625; 20.220703125
2026-07-22; 08:00:53; 424; 3; 32.9; 1009.5550390625; 20.130859375
2026-07-22; 08:01:53; 424; 3; 32.87; 1009.53515625; 20.15234375
2026-07-22; 08:02:53; 424; 3; 32.84; 1009.5310546875; 20.197265625
2026-07-22; 08:03:53; 424; 3; 32.89; 1009.4920703125; 20.1298828125
2026-07-22; 08:04:53; 424; 3; 32.9; 1009.5627734375; 20.154296875
2026-07-22; 08:05:53; 424; 3; 32.91; 1009.5433203125; 20.130859375
2026-07-22; 08:06:53; 424; 3; 33.0; 1009.4930859375; 20.0546875
2026-07-22; 08:07:53; 428; 4; 32.98; 1009.5439453125; 20.0537109375
2026-07-22; 08:08:53; 428; 4; 32.87; 1009.542890625; 20.2216796875
2026-07-22; 08:09:53; 428; 4; 32.96; 1009.53984375; 20.1220703125
2026-07-22; 08:10:53; 424; 3; 33.04; 1009.5287109375; 20.0107421875
2026-07-22; 08:11:53; 434; 5; 33.08; 1009.556328125; 19.9658203125
2026-07-22; 08:12:53; 434; 5; 33.1; 1009.5878515625; 19.978515625
2026-07-22; 08:13:53; 428; 4; 33.14; 1009.548828125; 19.9111328125
2026-07-22; 08:14:53; 434; 5; 33.04; 1009.548125; 20.0107421875
2026-07-22; 08:15:53; 434; 5; 33.03; 1009.5129296875; 20.021484375
2026-07-22; 08:16:53; 434; 5; 33.12; 1009.544765625; 19.9453125
2026-07-22; 08:17:53; 428; 4; 33.0; 1009.5557421875; 20.06640625
2026-07-22; 08:18:53; 434; 5; 33.02; 1009.60703125; 20.033203125
2026-07-22; 08:19:53; 434; 5; 33.14; 1009.4938671875; 19.900390625
2026-07-22; 08:20:53; 434; 5; 33.26; 1009.475; 19.8251953125
2026-07-22; 08:21:53; 434; 5; 33.19; 1009.50203125; 19.8564453125
2026-07-22; 08:22:53; 439; 5; 33.09; 1009.544609375; 19.966796875
2026-07-22; 08:23:53; 439; 5; 33.12; 1009.4623046875; 19.93359375
2026-07-22; 08:24:53; 439; 5; 33.13; 1009.5253125; 19.96875
2026-07-22; 08:25:53; 443; 6; 33.3; 1009.4556640625; 19.7568359375
2026-07-22; 08:26:53; 443; 6; 33.3; 1009.5461328125; 19.7802734375
2026-07-22; 08:27:53; 445; 6; 33.17; 1009.5059765625; 19.9013671875
2026-07-22; 08:28:53; 443; 6; 33.3; 1009.5736328125; 19.7802734375
2026-07-22; 08:29:53; 443; 6; 33.37; 1009.566015625; 19.71484375
2026-07-22; 08:30:53; 445; 6; 33.48; 1009.511875; 19.6162109375
2026-07-22; 08:31:53; 445; 6; 33.39; 1009.507421875; 19.6923828125
2026-07-22; 08:32:53; 443; 6; 33.42; 1009.535234375; 19.705078125
2026-07-22; 08:33:53; 445; 6; 33.37; 1009.503359375; 19.71484375
2026-07-22; 08:34:53; 452; 7; 33.43; 1009.488046875; 19.6708984375
2026-07-22; 08:35:53; 452; 7; 33.43; 1009.488046875; 19.6708984375
2026-07-22; 08:36:53; 452; 7; 33.4; 1009.495703125; 19.73828125
2026-07-22; 08:37:53; 455; 8; 33.41; 1009.46453125; 19.681640625
2026-07-22; 08:38:54; 455; 8; 33.42; 1009.4253515625; 19.693359375
2026-07-22; 08:39:54; 455; 8; 33.38; 1009.4446875; 19.7265625
2026-07-22; 08:40:54; 460; 9; 33.38; 1009.5271484375; 19.7265625
2026-07-22; 08:41:54; 463; 9; 33.38; 1009.554609375; 19.7607421875
2026-07-22; 08:42:54; 463; 9; 33.42; 1009.472265625; 19.728515625
2026-07-22; 08:43:54; 463; 9; 33.44; 1009.511796875; 19.6943359375
2026-07-22; 08:44:54; 472; 10; 33.38; 1009.4996875; 19.7490234375
2026-07-22; 08:45:54; 472; 10; 33.41; 1009.5389453125; 19.7509765625
2026-07-22; 08:46:54; 472; 10; 33.44; 1009.456875; 19.6943359375
2026-07-22; 08:47:54; 476; 11; 33.49; 1009.44515625; 19.6728515625
2026-07-22; 08:48:54; 476; 11; 33.49; 1009.464921875; 19.662109375
2026-07-22; 08:49:54; 481; 12; 33.53; 1009.473046875; 19.640625
2026-07-22; 08:50:54; 481; 12; 33.55; 1009.4220703125; 19.607421875
2026-07-22; 08:51:54; 485; 12; 33.6; 1009.4733984375; 19.5634765625
2026-07-22; 08:52:54; 485; 12; 33.65; 1009.4891796875; 19.5185546875
2026-07-22; 08:53:54; 492; 14; 33.69; 1009.45; 19.486328125
2026-07-22; 08:54:54; 492; 14; 33.74; 1009.43859375; 19.4423828125
2026-07-22; 08:55:54; 496; 14; 33.76; 1009.442578125; 19.4208984375
2026-07-22; 08:56:54; 496; 14; 33.76; 1009.4345703125; 19.3974609375
2026-07-22; 08:57:54; 496; 14; 33.79; 1009.379921875; 19.375
2026-07-22; 08:58:54; 496; 14; 33.79; 1009.3443359375; 19.3984375
2026-07-22; 08:59:54; 496; 14; 33.8; 1009.4231640625; 19.3525390625
2026-07-22; 09:00:54; 496; 14; 33.82; 1009.4741015625; 19.353515625
2026-07-22; 09:01:54; 501; 15; 33.8; 1009.4506640625; 19.3759765625
2026-07-22; 09:02:54; 496; 14; 33.87; 1009.497890625; 19.2978515625
2026-07-22; 09:03:54; 501; 15; 33.86; 1009.3801953125; 19.3095703125
2026-07-22; 09:04:54; 503; 15; 33.87; 1009.4234375; 19.3095703125
2026-07-22; 09:05:54; 503; 15; 33.86; 1009.5451953125; 19.3203125
2026-07-22; 09:06:54; 501; 15; 33.85; 1009.446953125; 19.34375
2026-07-22; 09:07:54; 503; 15; 33.83; 1009.497890625; 19.3427734375
2026-07-22; 09:08:54; 503; 15; 33.87; 1009.5059765625; 19.3212890625
2026-07-22; 09:09:54; 503; 15; 33.9; 1009.5176953125; 19.2880859375
2026-07-22; 09:10:54; 503; 15; 33.91; 1009.470703125; 19.2880859375
2026-07-22; 09:11:54; 514; 17; 33.89; 1009.5294140625; 19.298828125
2026-07-22; 09:12:54; 514; 17; 33.87; 1009.5529296875; 19.3212890625
2026-07-22; 09:13:54; 503; 15; 33.93; 1009.5927734375; 19.265625
2026-07-22; 09:14:54; 514; 17; 33.95; 1009.50625; 19.2666015625
2026-07-22; 09:15:54; 514; 17; 33.98; 1009.5615234375; 19.2333984375
2026-07-22; 09:16:54; 514; 17; 33.94; 1009.4434765625; 19.2783203125
2026-07-22; 09:17:54; 514; 17; 33.93; 1009.455234375; 19.27734375
2026-07-22; 09:18:54; 518; 17; 33.91; 1009.4784375; 19.2998046875
2026-07-22; 09:19:54; 518; 17; 33.92; 1009.4589453125; 19.2998046875
2026-07-22; 09:20:55; 518; 17; 33.92; 1009.4119921875; 19.3115234375
2026-07-22; 09:21:55; 524; 18; 33.89; 1009.4194140625; 19.322265625
2026-07-22; 09:22:55; 518; 17; 33.88; 1009.403671875; 19.3330078125
2026-07-22; 09:23:55; 524; 18; 33.92; 1009.4669921875; 19.3232421875
2026-07-22; 09:24:55; 524; 18; 33.93; 1009.4472265625; 19.3232421875
2026-07-22; 09:25:55; 529; 19; 33.92; 1009.4119921875; 19.3232421875
2026-07-22; 09:26:55; 529; 19; 33.94; 1009.4159765625; 19.30078125
2026-07-22; 09:27:55; 529; 19; 33.96; 1009.3925; 19.279296875
2026-07-22; 09:28:55; 534; 20; 33.94; 1009.3609765625; 19.2900390625
2026-07-22; 09:29:55; 534; 20; 33.94; 1009.4159765625; 19.30078125
2026-07-22; 09:30:55; 534; 20; 33.96; 1009.4199609375; 19.279296875
2026-07-22; 09:31:55; 534; 20; 33.98; 1009.396484375; 19.2802734375
2026-07-22; 09:32:55; 537; 20; 33.99; 1009.40421875; 19.2568359375
2026-07-22; 09:33:55; 534; 20; 34.04; 1009.40046875; 19.224609375
2026-07-22; 09:34:55; 534; 20; 34.08; 1009.4634765625; 19.21484375
2026-07-22; 09:35:55; 537; 20; 34.09; 1009.3339453125; 19.19140625
2026-07-22; 09:36:55; 537; 20; 34.09; 1009.3966796875; 19.203125
2026-07-22; 09:37:55; 537; 20; 34.08; 1009.4634765625; 19.19140625
2026-07-22; 09:38:55; 546; 22; 34.07; 1009.3651953125; 19.2138671875
2026-07-22; 09:39:55; 537; 20; 34.12; 1009.4362109375; 19.193359375
2026-07-22; 09:40:55; 534; 20; 34.15; 1009.4284375; 19.171875
2026-07-22; 09:41:55; 537; 20; 34.15; 1009.4284375; 19.171875
2026-07-22; 09:42:55; 534; 20; 34.16; 1009.369375; 19.1494140625
2026-07-22; 09:43:55; 537; 20; 34.14; 1009.35765625; 19.1591796875
2026-07-22; 09:44:55; 537; 20; 34.18; 1009.400859375; 19.1494140625
2026-07-22; 09:45:55; 537; 20; 34.13; 1009.3969140625; 19.205078125
2026-07-22; 09:46:55; 546; 22; 34.12; 1009.3812109375; 19.2275390625
2026-07-22; 09:47:55; 546; 22; 34.11; 1009.42046875; 19.2626953125
2026-07-22; 09:48:55; 537; 20; 34.1; 1009.3771875; 19.2734375
2026-07-22; 09:49:55; 537; 20; 34.13; 1009.3969140625; 19.251953125
2026-07-22; 09:50:55; 537; 20; 34.14; 1009.3851953125; 19.205078125
2026-07-22; 09:51:55; 537; 20; 34.12; 1009.408671875; 19.2392578125
2026-07-22; 09:52:55; 546; 22; 34.1; 1009.3771875; 19.2734375
2026-07-22; 09:53:55; 537; 20; 34.12; 1009.408671875; 19.2509765625
2026-07-22; 09:54:55; 537; 20; 34.14; 1009.392890625; 19.251953125
2026-07-22; 09:55:55; 546; 22; 34.14; 1009.4204296875; 19.251953125
2026-07-22; 09:56:55; 546; 22; 34.16; 1009.479453125; 19.2177734375
2026-07-22; 09:57:55; 546; 22; 34.16; 1009.3891796875; 19.2412109375
2026-07-22; 09:58:55; 549; 22; 34.16; 1009.334140625; 19.2412109375
2026-07-22; 09:59:55; 549; 22; 34.17; 1009.302578125; 19.2421875
2026-07-22; 10:00:55; 546; 22; 34.15; 1009.4008984375; 19.263671875
2026-07-22; 10:01:55; 537; 20; 34.12; 1009.36140625; 19.296875
2026-07-22; 10:02:56; 537; 20; 34.11; 1009.310390625; 19.3310546875
2026-07-22; 10:03:56; 534; 20; 34.08; 1009.318203125; 19.3525390625
2026-07-22; 10:04:56; 534; 20; 34.09; 1009.286640625; 19.353515625
2026-07-22; 10:05:56; 534; 20; 34.1; 1009.2748828125; 19.3310546875
2026-07-22; 10:06:56; 534; 20; 34.12; 1009.326171875; 19.3203125
2026-07-22; 10:07:56; 537; 20; 34.08; 1009.2356640625; 19.3525390625
2026-07-22; 10:08:56; 546; 22; 34.07; 1009.274921875; 19.3759765625
2026-07-22; 10:09:56; 546; 22; 34.07; 1009.28265625; 19.3984375
2026-07-22; 10:10:56; 537; 20; 34.09; 1009.30640625; 19.365234375
2026-07-22; 10:11:56; 537; 20; 34.06; 1009.28671875; 19.3984375
2026-07-22; 10:12:56; 546; 22; 34.08; 1009.215859375; 19.3759765625
2026-07-22; 10:13:56; 546; 22; 34.07; 1009.247421875; 19.3984375
2026-07-22; 10:14:56; 549; 22; 34.08; 1009.208125; 19.3759765625
2026-07-22; 10:15:56; 549; 22; 34.08; 1009.2356640625; 19.3876953125
2026-07-22; 10:16:56; 549; 22; 34.07; 1009.2551171875; 19.41015625
2026-07-22; 10:17:56; 555; 23; 34.06; 1009.211875; 19.3984375
2026-07-22; 10:18:56; 555; 23; 34.07; 1009.2001171875; 19.41015625
2026-07-22; 10:19:56; 549; 22; 34.05; 1009.1961328125; 19.4208984375
2026-07-22; 10:20:56; 549; 22; 34.06; 1009.176640625; 19.41015625
2026-07-22; 10:21:56; 555; 23; 34.09; 1009.1766015625; 19.3876953125
2026-07-22; 10:22:56; 555; 23; 34.13; 1009.2120703125; 19.34375
2026-07-22; 10:23:56; 555; 23; 34.18; 1009.200234375; 19.322265625
2026-07-22; 10:24:56; 555; 23; 34.16; 1009.1965625; 19.322265625
2026-07-22; 10:25:56; 555; 23; 34.21; 1009.184765625; 19.2666015625
2026-07-22; 10:26:56; 555; 23; 34.26; 1009.2436328125; 19.2451171875
2026-07-22; 10:27:56; 555; 23; 34.28; 1009.1926171875; 19.2119140625
2026-07-22; 10:28:56; 549; 22; 34.28; 1009.137578125; 19.2119140625
2026-07-22; 10:29:56; 555; 23; 34.3; 1009.161328125; 19.2119140625
2026-07-22; 10:30:56; 555; 23; 34.31; 1009.157265625; 19.212890625
2026-07-22; 10:31:56; 555; 23; 34.3; 1009.113984375; 19.212890625
2026-07-22; 10:32:57; 555; 23; 34.32; 1009.11796875; 19.212890625
2026-07-22; 10:33:57; 555; 23; 34.35; 1009.121953125; 19.2021484375
2026-07-22; 10:34:57; 555; 23; 34.35; 1009.0944140625; 19.2138671875
2026-07-22; 10:35:57; 555; 23; 34.36; 1009.0355859375; 19.1923828125
2026-07-22; 10:36:57; 555; 23; 34.36; 1009.0080859375; 19.2041015625
2026-07-22; 10:37:57; 564; 24; 34.41; 1009.0512109375; 19.1708984375
2026-07-22; 10:38:57; 555; 23; 34.44; 1009.0709375; 19.1376953125
2026-07-22; 10:39:57; 555; 23; 34.42; 1009.0474609375; 19.13671875
2026-07-22; 10:40:57; 555; 23; 34.46; 1009.07515625; 19.115234375
2026-07-22; 10:41:57; 555; 23; 34.46; 1009.02015625; 19.138671875
2026-07-22; 10:42:57; 555; 23; 34.47; 1008.9808203125; 19.138671875
2026-07-22; 10:43:57; 564; 24; 34.45; 1008.9493359375; 19.1494140625
2026-07-22; 10:44:57; 564; 24; 34.46; 1008.917734375; 19.150390625
2026-07-22; 10:45:57; 555; 23; 34.47; 1008.9334765625; 19.1162109375
2026-07-22; 10:46:57; 564; 24; 34.47; 1008.92578125; 19.173828125
2026-07-22; 10:47:57; 555; 23; 34.49; 1008.9296875; 19.1513671875
2026-07-22; 10:48:57; 555; 23; 34.51; 1008.9531640625; 19.12890625
2026-07-22; 10:49:57; 564; 24; 34.51; 1008.90609375; 19.140625
2026-07-22; 10:50:57; 555; 23; 34.53; 1008.855; 19.1181640625
2026-07-22; 10:51:57; 546; 22; 34.54; 1008.8707421875; 19.130859375
2026-07-22; 10:52:57; 549; 22; 34.55; 1008.913984375; 19.130859375
2026-07-22; 10:53:57; 537; 20; 34.56; 1008.9021875; 19.1083984375
2026-07-22; 10:54:57; 537; 20; 34.56; 1008.847109375; 19.119140625
2026-07-22; 10:55:57; 546; 22; 34.58; 1008.898125; 19.1318359375
2026-07-22; 10:56:57; 537; 20; 34.58; 1008.87859375; 19.1201171875
2026-07-22; 10:57:57; 546; 22; 34.58; 1008.9061328125; 19.1318359375
2026-07-22; 10:58:57; 546; 22; 34.59; 1008.8862890625; 19.1435546875
2026-07-22; 10:59:57; 534; 20; 34.59; 1008.913828125; 19.1552734375
2026-07-22; 11:00:57; 534; 20; 34.59; 1008.8392578125; 19.1669921875
2026-07-22; 11:01:58; 529; 19; 34.62; 1008.823359375; 19.16796875
2026-07-22; 11:02:58; 518; 17; 34.59; 1008.83125; 19.1669921875
2026-07-22; 11:03:58; 518; 17; 34.6; 1008.8550390625; 19.1787109375
2026-07-22; 11:04:58; 514; 17; 34.61; 1008.752578125; 19.1796875
2026-07-22; 11:05:58; 503; 15; 34.63; 1008.8116015625; 19.1572265625
2026-07-22; 11:06:58; 514; 17; 34.61; 1008.7330859375; 19.19140625
2026-07-22; 11:07:58; 501; 15; 34.62; 1008.776328125; 19.203125
2026-07-22; 11:08:58; 503; 15; 34.62; 1008.795859375; 19.2138671875
2026-07-22; 11:09:58; 503; 15; 34.66; 1008.796015625; 19.1923828125
2026-07-22; 11:10:58; 503; 15; 34.65; 1008.8353515625; 19.203125
2026-07-22; 11:11:58; 503; 15; 34.67; 1008.8194140625; 19.181640625
2026-07-22; 11:12:58; 501; 15; 34.65; 1008.843046875; 19.2041015625
2026-07-22; 11:13:58; 503; 15; 34.68; 1008.799921875; 19.193359375
2026-07-22; 11:14:58; 503; 15; 34.71; 1008.7920703125; 19.18359375
2026-07-22; 11:15:58; 514; 17; 34.69; 1008.8508984375; 19.1708984375
2026-07-22; 11:16:58; 518; 17; 34.7; 1008.8115625; 19.1943359375
2026-07-22; 11:17:58; 524; 18; 34.74; 1008.783828125; 19.1611328125
2026-07-22; 11:18:58; 518; 17; 34.73; 1008.7761328125; 19.1962890625
2026-07-22; 11:19:58; 529; 19; 34.74; 1008.72875; 19.1494140625
2026-07-22; 11:20:58; 529; 19; 34.76; 1008.7682421875; 19.173828125
2026-07-22; 11:21:58; 518; 17; 34.76; 1008.7957421875; 19.173828125
2026-07-22; 11:22:58; 514; 17; 34.75; 1008.697421875; 19.173828125
2026-07-22; 11:23:58; 501; 15; 34.77; 1008.720859375; 19.197265625
2026-07-22; 11:24:58; 501; 15; 34.76; 1008.7877734375; 19.197265625
2026-07-22; 11:25:58; 501; 15; 34.76; 1008.7682421875; 19.197265625
2026-07-22; 11:26:58; 514; 17; 34.81; 1008.858671875; 19.1640625
2026-07-22; 11:27:58; 518; 17; 34.82; 1008.791796875; 19.1650390625
2026-07-22; 11:28:58; 524; 18; 34.81; 1008.831171875; 19.1640625
2026-07-22; 11:29:58; 518; 17; 34.82; 1008.791796875; 19.1650390625
2026-07-22; 11:30:58; 524; 18; 34.83; 1008.752421875; 19.142578125
2026-07-22; 11:31:59; 524; 18; 34.82; 1008.7994921875; 19.1650390625
2026-07-22; 11:32:59; 518; 17; 34.82; 1008.7719921875; 19.1650390625
2026-07-22; 11:33:59; 524; 18; 34.82; 1008.8193359375; 19.1767578125
2026-07-22; 11:34:59; 514; 17; 34.81; 1008.8862109375; 19.1982421875
2026-07-22; 11:35:59; 524; 18; 34.83; 1008.8075390625; 19.1767578125
2026-07-22; 11:36:59; 518; 17; 34.85; 1008.7916015625; 19.142578125
2026-07-22; 11:37:59; 514; 17; 34.81; 1008.8939453125; 19.2109375
2026-07-22; 11:38:59; 503; 15; 34.83; 1008.7876953125; 19.1884765625
2026-07-22; 11:39:59; 503; 15; 34.84; 1008.8309375; 19.189453125
2026-07-22; 11:40:59; 503; 15; 34.85; 1008.901796875; 19.177734375
2026-07-22; 11:41:59; 503; 15; 34.83; 1008.8626171875; 19.234375
2026-07-22; 11:42:59; 501; 15; 34.81; 1008.8388671875; 19.19921875
2026-07-22; 11:43:59; 503; 15; 34.83; 1008.76015625; 19.234375
2026-07-22; 11:44:59; 501; 15; 34.87; 1008.7326953125; 19.2021484375
2026-07-22; 11:45:59; 503; 15; 34.75; 1008.807578125; 19.2890625
2026-07-22; 11:46:59; 503; 15; 34.88; 1008.9137109375; 19.2021484375
2026-07-22; 11:47:59; 501; 15; 34.89; 1008.8544921875; 19.19140625
2026-07-22; 11:48:59; 503; 15; 34.92; 1008.8466015625; 19.146484375
2026-07-22; 11:49:59; 503; 15; 34.92; 1008.8190625; 19.1572265625
2026-07-22; 11:50:59; 503; 15; 34.94; 1008.897890625; 19.158203125
2026-07-22; 11:51:59; 503; 15; 34.96; 1008.9847265625; 19.1484375
2026-07-22; 11:52:59; 503; 15; 34.96; 1008.921328125; 19.1357421875
2026-07-22; 11:53:59; 518; 17; 34.99; 1008.9489453125; 19.1025390625
2026-07-22; 11:54:59; 524; 18; 35.0; 1008.9569921875; 19.1142578125
2026-07-22; 11:55:59; 529; 19; 34.98; 1008.980625; 19.1484375
2026-07-22; 11:56:59; 529; 19; 34.99; 1008.9489453125; 19.1259765625
2026-07-22; 11:57:59; 524; 18; 35.02; 1008.9884375; 19.103515625
2026-07-22; 11:58:59; 518; 17; 35.01; 1008.9253125; 19.126953125
2026-07-22; 11:59:59; 503; 15; 35.0; 1008.901875; 19.1376953125
2026-07-22; 12:00:59; 518; 17; 35.0; 1008.9844921875; 19.1376953125
2026-07-22; 12:01:59; 518; 17; 35.02; 1008.996171875; 19.126953125
2026-07-22; 12:02:59; 518; 17; 35.02; 1008.996171875; 19.138671875
2026-07-22; 12:03:59; 514; 17; 35.03; 1009.004140625; 19.1396484375
2026-07-22; 12:04:59; 529; 19; 35.04; 1009.047421875; 19.1162109375
2026-07-22; 12:05:59; 529; 19; 35.05; 1009.01578125; 19.09375
2026-07-22; 12:06:59; 524; 18; 35.06; 1009.0513671875; 19.1171875
2026-07-22; 12:07:59; 524; 18; 34.97; 1009.02; 19.1826171875
2026-07-22; 12:08:59; 518; 17; 35.05; 1009.0433203125; 19.1171875
2026-07-22; 12:09:59; 518; 17; 35.07; 1009.011953125; 19.1064453125
2026-07-22; 12:10:59; 529; 19; 35.08; 1009.00015625; 19.0947265625
2026-07-22; 12:12:00; 524; 18; 34.88; 1009.0040625; 19.283203125
2026-07-22; 12:13:00; 518; 17; 35.01; 1009.0630859375; 19.1728515625
2026-07-22; 12:14:00; 524; 18; 34.99; 1009.0790234375; 19.20703125
2026-07-22; 12:15:00; 529; 19; 35.0; 1009.0671875; 19.18359375
2026-07-22; 12:16:00; 524; 18; 34.94; 1009.0276171875; 19.2626953125
2026-07-22; 12:17:00; 524; 18; 35.05; 1009.0433203125; 19.1630859375
2026-07-22; 12:18:00; 514; 17; 35.08; 1008.992109375; 19.1416015625
2026-07-22; 12:19:00; 524; 18; 35.02; 1009.043515625; 19.2080078125
2026-07-22; 12:20:00; 529; 19; 34.95; 1009.0513671875; 19.2392578125
2026-07-22; 12:21:00; 529; 19; 34.88; 1009.0316015625; 19.3173828125
2026-07-22; 12:22:00; 529; 19; 35.01; 1009.0278125; 19.23046875
2026-07-22; 12:23:00; 534; 20; 35.06; 1009.0315234375; 19.1865234375
2026-07-22; 12:24:00; 529; 19; 35.05; 1009.035625; 19.1865234375
2026-07-22; 12:25:00; 529; 19; 35.09; 1009.0905078125; 19.15234375
2026-07-22; 12:26:00; 529; 19; 35.09; 1009.0433984375; 19.1416015625
2026-07-22; 12:27:00; 534; 20; 35.12; 1009.082578125; 19.130859375
2026-07-22; 12:28:00; 534; 20; 34.97; 1009.075078125; 19.275390625
2026-07-22; 12:29:00; 534; 20; 34.9; 1009.0355078125; 19.341796875
2026-07-22; 12:30:00; 537; 20; 34.94; 1008.9805078125; 19.30859375
2026-07-22; 12:31:00; 537; 20; 34.99; 1009.0591796875; 19.2646484375
2026-07-22; 12:32:00; 537; 20; 35.02; 1008.96859375; 19.25390625
2026-07-22; 12:33:00; 534; 20; 34.9; 1009.082890625; 19.3525390625
2026-07-22; 12:34:00; 534; 20; 34.85; 1009.011953125; 19.3974609375
2026-07-22; 12:35:00; 537; 20; 34.92; 1008.9843359375; 19.353515625
2026-07-22; 12:36:00; 534; 20; 35.01; 1008.9726953125; 19.27734375
2026-07-22; 12:37:00; 534; 20; 34.9; 1008.9253125; 19.3642578125
2026-07-22; 12:38:00; 529; 19; 34.91; 1008.9410546875; 19.353515625
2026-07-22; 12:39:00; 537; 20; 34.97; 1008.9924609375; 19.3330078125
2026-07-22; 12:40:00; 537; 20; 34.98; 1008.9332421875; 19.287109375
2026-07-22; 12:41:00; 537; 20; 35.01; 1009.00796875; 19.27734375
2026-07-22; 12:42:00; 537; 20; 34.95; 1009.0433203125; 19.3544921875
2026-07-22; 12:43:00; 549; 22; 35.02; 1009.043515625; 19.27734375
2026-07-22; 12:44:00; 546; 22; 34.9; 1008.9804296875; 19.3876953125
2026-07-22; 12:45:00; 537; 20; 35.0; 1008.9844921875; 19.2998046875
2026-07-22; 12:46:00; 537; 20; 35.0; 1009.019765625; 19.3115234375
2026-07-22; 12:47:00; 549; 22; 34.94; 1008.9805078125; 19.3662109375
2026-07-22; 12:48:00; 549; 22; 34.96; 1008.89375; 19.3671875
2026-07-22; 12:49:00; 549; 22; 34.9; 1008.9253125; 19.3994140625
2026-07-22; 12:50:00; 555; 23; 34.91; 1008.8859765625; 19.388671875
2026-07-22; 12:51:00; 549; 22; 34.95; 1008.82296875; 19.3662109375
2026-07-22; 12:52:00; 549; 22; 34.86; 1008.862421875; 19.4443359375
2026-07-22; 12:53:00; 549; 22; 34.87; 1008.8505859375; 19.4443359375
2026-07-22; 12:54:01; 549; 22; 34.99; 1008.8310546875; 19.3447265625
2026-07-22; 12:55:01; 564; 24; 34.87; 1008.8505859375; 19.4560546875
2026-07-22; 12:56:01; 555; 23; 34.85; 1008.9293359375; 19.5009765625
2026-07-22; 12:57:01; 564; 24; 35.01; 1008.917578125; 19.3466796875
2026-07-22; 12:58:01; 555; 23; 34.96; 1008.8662109375; 19.4013671875
2026-07-22; 12:59:01; 564; 24; 34.84; 1008.8860546875; 19.4775390625
2026-07-22; 13:00:01; 564; 24; 34.83; 1008.9529296875; 19.5234375
2026-07-22; 13:01:01; 564; 24; 34.86; 1008.8348828125; 19.501953125
2026-07-22; 13:02:01; 564; 24; 34.8; 1008.8506640625; 19.556640625
2026-07-22; 13:03:01; 564; 24; 34.88; 1008.8938671875; 19.4677734375
2026-07-22; 13:04:01; 564; 24; 34.78; 1008.874296875; 19.5556640625
2026-07-22; 13:05:01; 569; 25; 34.87; 1008.8704296875; 19.501953125
2026-07-22; 13:06:01; 564; 24; 34.89; 1008.929453125; 19.4912109375
2026-07-22; 13:07:01; 569; 25; 34.81; 1008.8862109375; 19.544921875
2026-07-22; 13:08:01; 564; 24; 34.95; 1008.8860546875; 19.447265625
2026-07-22; 13:09:01; 564; 24; 34.87; 1008.8781640625; 19.490234375
2026-07-22; 13:10:01; 569; 25; 34.85; 1008.819140625; 19.5126953125
2026-07-22; 13:11:01; 569; 25; 34.83; 1008.8427734375; 19.53515625
2026-07-22; 13:12:01; 575; 26; 34.87; 1008.8505859375; 19.525390625
2026-07-22; 13:13:01; 575; 26; 34.85; 1008.901796875; 19.5126953125
2026-07-22; 13:14:01; 569; 25; 34.84; 1008.8584765625; 19.53515625
2026-07-22; 13:15:01; 575; 26; 34.95; 1008.878046875; 19.435546875
2026-07-22; 13:16:01; 569; 25; 34.83; 1008.9176953125; 19.5458984375
2026-07-22; 13:17:01; 569; 25; 34.88; 1008.8861328125; 19.501953125
2026-07-22; 13:18:01; 564; 24; 34.82; 1008.8821484375; 19.5693359375
2026-07-22; 13:19:01; 564; 24; 34.95; 1008.8860546875; 19.458984375
2026-07-22; 13:20:01; 569; 25; 34.82; 1008.9570703125; 19.580078125
2026-07-22; 13:21:01; 564; 24; 34.9; 1008.8978125; 19.5029296875
2026-07-22; 13:22:01; 564; 24; 34.83; 1008.897890625; 19.6044921875
2026-07-22; 13:23:01; 564; 24; 34.85; 1008.901796875; 19.53515625
2026-07-22; 13:24:01; 564; 24; 34.92; 1008.8190625; 19.4921875
2026-07-22; 13:25:01; 555; 23; 34.82; 1008.8545703125; 19.5810546875
2026-07-22; 13:26:01; 564; 24; 34.85; 1008.8466796875; 19.55859375
2026-07-22; 13:27:01; 564; 24; 34.95; 1008.82296875; 19.470703125
2026-07-22; 13:28:01; 569; 25; 35.04; 1008.82703125; 19.3935546875
2026-07-22; 13:29:01; 564; 24; 34.99; 1008.7483984375; 19.42578125
2026-07-22; 13:30:01; 549; 22; 34.87; 1008.7404296875; 19.513671875
2026-07-22; 13:31:01; 549; 22; 34.91; 1008.740546875; 19.5263671875
2026-07-22; 13:32:01; 549; 22; 34.9; 1008.75234375; 19.5263671875
2026-07-22; 13:33:01; 537; 20; 34.99; 1008.6458984375; 19.44921875
2026-07-22; 13:34:01; 546; 22; 34.9; 1008.75234375; 19.5146484375
2026-07-22; 13:35:01; 534; 20; 34.86; 1008.752265625; 19.5830078125
2026-07-22; 13:36:01; 546; 22; 35.01; 1008.787578125; 19.4501953125
2026-07-22; 13:37:02; 537; 20; 34.96; 1008.764375; 19.494140625
2026-07-22; 13:38:02; 549; 22; 34.87; 1008.8153515625; 19.5830078125
2026-07-22; 13:39:02; 549; 22; 34.83; 1008.7248828125; 19.638671875
2026-07-22; 13:40:02; 555; 23; 34.89; 1008.7366015625; 19.560546875
2026-07-22; 13:41:02; 564; 24; 34.97; 1008.7249609375; 19.494140625
2026-07-22; 13:42:02; 564; 24; 34.94; 1008.69703125; 19.5400390625
2026-07-22; 13:43:02; 564; 24; 34.96; 1008.6458203125; 19.494140625
2026-07-22; 13:44:02; 564; 24; 35.01; 1008.76; 19.4736328125
2026-07-22; 13:45:02; 564; 24; 34.99; 1008.7483984375; 19.4609375
2026-07-22; 13:46:02; 564; 24; 35.0; 1008.6341015625; 19.51953125
2026-07-22; 13:47:02; 564; 24; 35.07; 1008.6537890625; 19.41796875
2026-07-22; 13:48:02; 575; 26; 35.06; 1008.720703125; 19.39453125
2026-07-22; 13:49:02; 569; 25; 35.0; 1008.598828125; 19.47265625
2026-07-22; 13:50:02; 569; 25; 34.95; 1008.5830078125; 19.5400390625
2026-07-22; 13:51:02; 555; 23; 35.05; 1008.5948046875; 19.4638671875
2026-07-22; 13:52:02; 564; 24; 35.05; 1008.6300390625; 19.4521484375
2026-07-22; 13:53:02; 564; 24; 34.99; 1008.6183984375; 19.4951171875
2026-07-22; 13:54:02; 555; 23; 35.0; 1008.62640625; 19.5068359375
2026-07-22; 13:55:02; 555; 23; 34.99; 1008.5555859375; 19.5068359375
2026-07-22; 13:56:02; 555; 23; 35.02; 1008.5476171875; 19.5078125
2026-07-22; 13:57:02; 569; 25; 35.0; 1008.5514453125; 19.49609375
2026-07-22; 13:58:02; 569; 25; 35.0; 1008.5437109375; 19.5185546875
2026-07-22; 13:59:02; 564; 24; 34.9; 1008.4019921875; 19.607421875
2026-07-22; 14:00:02; 564; 24; 35.01; 1008.456953125; 19.49609375
2026-07-22; 14:01:02; 549; 22; 35.05; 1008.401953125; 19.474609375
2026-07-22; 14:02:02; 549; 22; 35.09; 1008.4648046875; 19.4423828125
2026-07-22; 14:03:02; 546; 22; 35.1; 1008.55515625; 19.4541015625
2026-07-22; 14:04:02; 555; 23; 35.09; 1008.49234375; 19.4306640625
2026-07-22; 14:05:02; 555; 23; 35.12; 1008.484375; 19.3974609375
2026-07-22; 14:06:02; 569; 25; 35.02; 1008.4098828125; 19.5078125
2026-07-22; 14:07:02; 575; 26; 35.09; 1008.42921875; 19.46484375
2026-07-22; 14:08:02; 569; 25; 35.12; 1008.4212890625; 19.419921875
2026-07-22; 14:09:02; 580; 27; 35.09; 1008.437265625; 19.453125
2026-07-22; 14:10:02; 575; 26; 35.07; 1008.3782421875; 19.453125
2026-07-22; 14:11:02; 575; 26; 35.07; 1008.433359375; 19.4755859375
2026-07-22; 14:12:02; 580; 27; 35.03; 1008.3980078125; 19.5087890625
2026-07-22; 14:13:02; 575; 26; 35.07; 1008.3782421875; 19.4873046875
2026-07-22; 14:14:02; 569; 25; 35.02; 1008.437421875; 19.54296875
2026-07-22; 14:15:02; 569; 25; 35.03; 1008.3506640625; 19.5322265625
2026-07-22; 14:16:02; 564; 24; 35.06; 1008.3349609375; 19.4873046875
2026-07-22; 14:17:02; 564; 24; 34.95; 1008.3821875; 19.6083984375
2026-07-22; 14:18:02; 555; 23; 35.05; 1008.3192578125; 19.533203125
2026-07-22; 14:19:02; 549; 22; 35.1; 1008.3151953125; 19.4765625
2026-07-22; 14:20:03; 549; 22; 35.14; 1008.3229296875; 19.4443359375
2026-07-22; 14:21:03; 555; 23; 35.12; 1008.2834765625; 19.4658203125
2026-07-22; 14:22:03; 555; 23; 35.06; 1008.31515625; 19.509765625
2026-07-22; 14:23:03; 555; 23; 35.12; 1008.2639453125; 19.443359375
2026-07-22; 14:24:03; 555; 23; 35.11; 1008.4135546875; 19.4775390625
2026-07-22; 14:25:03; 555; 23; 35.06; 1008.34265625; 19.4990234375
2026-07-22; 14:26:03; 549; 22; 35.11; 1008.4135546875; 19.4658203125
2026-07-22; 14:27:03; 555; 23; 35.16; 1008.346328125; 19.43359375
2026-07-22; 14:28:03; 549; 22; 35.15; 1008.366171875; 19.4443359375
2026-07-22; 14:29:03; 549; 22; 35.15; 1008.3386328125; 19.4560546875
2026-07-22; 14:30:03; 546; 22; 35.15; 1008.358203125; 19.4677734375
2026-07-22; 14:31:03; 555; 23; 35.13; 1008.4725390625; 19.443359375
2026-07-22; 14:32:03; 546; 22; 35.18; 1008.4053125; 19.4228515625
2026-07-22; 14:33:03; 546; 22; 35.19; 1008.476171875; 19.4345703125
2026-07-22; 14:34:03; 549; 22; 35.21; 1008.3777734375; 19.4013671875
2026-07-22; 14:35:03; 537; 20; 35.19; 1008.4290625; 19.4228515625
2026-07-22; 14:36:03; 537; 20; 35.17; 1008.4447265625; 19.4453125
2026-07-22; 14:37:03; 537; 20; 35.16; 1008.3819140625; 19.43359375
2026-07-22; 14:38:03; 534; 20; 35.18; 1008.3582421875; 19.4462890625
2026-07-22; 14:39:03; 537; 20; 35.17; 1008.3344921875; 19.45703125
2026-07-22; 14:40:03; 534; 20; 35.16; 1008.37390625; 19.4794921875
2026-07-22; 14:41:03; 537; 20; 35.2; 1008.381640625; 19.4345703125
2026-07-22; 14:42:03; 534; 20; 35.19; 1008.3659375; 19.4580078125
2026-07-22; 14:43:03; 537; 20; 35.19; 1008.318828125; 19.4345703125
2026-07-22; 14:44:03; 555; 23; 35.18; 1008.2951171875; 19.45703125
2026-07-22; 14:45:03; 537; 20; 35.18; 1008.2951171875; 19.45703125
2026-07-22; 14:46:03; 524; 18; 35.18; 1008.275546875; 19.4462890625
2026-07-22; 14:47:03; 524; 18; 35.18; 1008.303125; 19.4345703125
2026-07-22; 14:48:03; 503; 15; 35.17; 1008.25984375; 19.4453125
2026-07-22; 14:49:03; 501; 15; 35.19; 1008.3108203125; 19.4580078125
2026-07-22; 14:50:03; 492; 14; 35.19; 1008.2637109375; 19.4228515625
2026-07-22; 14:51:03; 492; 14; 35.19; 1008.255703125; 19.4580078125
2026-07-22; 14:52:03; 503; 15; 35.2; 1008.27140625; 19.4462890625
2026-07-22; 14:53:03; 501; 15; 35.19; 1008.2637109375; 19.4580078125
2026-07-22; 14:54:03; 481; 12; 35.19; 1008.20859375; 19.4462890625
2026-07-22; 14:55:03; 472; 10; 35.17; 1008.25984375; 19.46875
2026-07-22; 14:56:03; 476; 11; 35.18; 1008.212421875; 19.48046875
2026-07-22; 14:57:03; 481; 12; 35.18; 1008.212421875; 19.48046875
2026-07-22; 14:58:03; 492; 14; 35.2; 1008.2438671875; 19.4462890625
2026-07-22; 14:59:03; 496; 14; 35.13; 1008.2245703125; 19.5009765625
2026-07-22; 15:00:03; 501; 15; 35.16; 1008.1063671875; 19.5029296875
2026-07-22; 15:01:03; 503; 15; 35.17; 1008.1771875; 19.48046875
2026-07-22; 15:02:03; 514; 17; 35.18; 1008.1573046875; 19.5029296875
2026-07-22; 15:03:04; 514; 17; 35.17; 1008.149609375; 19.48046875
2026-07-22; 15:04:04; 518; 17; 35.18; 1008.1653515625; 19.46875
2026-07-22; 15:05:04; 514; 17; 35.19; 1008.20859375; 19.4697265625
2026-07-22; 15:06:04; 518; 17; 35.2; 1008.141640625; 19.4580078125
2026-07-22; 15:07:04; 524; 18; 35.21; 1008.129765625; 19.458984375
2026-07-22; 15:08:04; 514; 17; 35.23; 1008.0903515625; 19.447265625
2026-07-22; 15:09:04; 518; 17; 35.2; 1008.1140625; 19.4580078125
2026-07-22; 15:10:04; 529; 19; 35.16; 1008.1258984375; 19.5029296875
2026-07-22; 15:11:04; 524; 18; 35.17; 1008.12203125; 19.5029296875
2026-07-22; 15:12:04; 524; 18; 35.19; 1008.14546875; 19.4814453125
2026-07-22; 15:13:04; 529; 19; 35.21; 1008.1217578125; 19.458984375
2026-07-22; 15:14:04; 534; 20; 35.22; 1008.0823828125; 19.458984375
2026-07-22; 15:15:04; 529; 19; 35.24; 1008.161171875; 19.4365234375
2026-07-22; 15:16:04; 534; 20; 35.23; 1008.1179296875; 19.447265625
2026-07-22; 15:17:04; 537; 20; 35.26; 1008.164765625; 19.4375
2026-07-22; 15:18:04; 534; 20; 35.28; 1008.16859375; 19.392578125
2026-07-22; 15:19:04; 546; 22; 35.23; 1008.125625; 19.4482421875
2026-07-22; 15:20:04; 537; 20; 35.25; 1008.204140625; 19.40234375
2026-07-22; 15:21:04; 537; 20; 35.17; 1008.12203125; 19.48046875
2026-07-22; 15:22:04; 534; 20; 35.23; 1008.125625; 19.4482421875
2026-07-22; 15:23:04; 534; 20; 35.21; 1008.15734375; 19.470703125
2026-07-22; 15:24:04; 537; 20; 35.21; 1008.1769140625; 19.4814453125
2026-07-22; 15:25:04; 534; 20; 35.2; 1008.141640625; 19.4814453125
2026-07-22; 15:26:04; 537; 20; 35.17; 1008.1967578125; 19.5029296875
2026-07-22; 15:27:04; 537; 20; 35.15; 1008.1733203125; 19.513671875
2026-07-22; 15:28:04; 549; 22; 35.1; 1008.177421875; 19.5576171875
2026-07-22; 15:29:04; 549; 22; 35.04; 1008.1382421875; 19.6591796875
2026-07-22; 15:30:04; 549; 22; 35.09; 1008.134140625; 19.626953125
2026-07-22; 15:31:04; 555; 23; 35.08; 1008.063359375; 19.615234375
2026-07-22; 15:32:04; 555; 23; 35.13; 1008.13390625; 19.59375
2026-07-22; 15:33:04; 564; 24; 35.12; 1008.1181640625; 19.55859375
2026-07-22; 15:34:04; 555; 23; 35.16; 1008.05125; 19.5380859375
2026-07-22; 15:35:04; 549; 22; 35.18; 1008.1573046875; 19.5146484375
2026-07-22; 15:36:04; 555; 23; 35.18; 1008.1848828125; 19.5029296875
2026-07-22; 15:37:04; 549; 22; 35.18; 1008.1377734375; 19.50390625
2026-07-22; 15:38:04; 549; 22; 35.2; 1008.1691796875; 19.5048828125
2026-07-22; 15:39:04; 549; 22; 35.18; 1008.1848828125; 19.4921875
2026-07-22; 15:40:04; 555; 23; 35.15; 1008.08265625; 19.548828125
2026-07-22; 15:41:04; 555; 23; 35.19; 1008.1179296875; 19.50390625
2026-07-22; 15:42:04; 555; 23; 35.21; 1008.129765625; 19.494140625
2026-07-22; 15:43:04; 564; 24; 35.22; 1008.109921875; 19.494140625
2026-07-22; 15:44:04; 569; 25; 35.18; 1008.110234375; 19.515625
2026-07-22; 15:45:04; 564; 24; 35.23; 1008.1455078125; 19.482421875
2026-07-22; 15:46:05; 564; 24; 35.14; 1008.2046875; 19.5712890625
2026-07-22; 15:47:05; 569; 25; 35.2; 1008.161171875; 19.515625
2026-07-22; 15:48:05; 575; 26; 35.23; 1008.200625; 19.494140625
2026-07-22; 15:49:05; 555; 23; 35.23; 1008.0980859375; 19.4482421875
2026-07-22; 15:50:05; 555; 23; 35.27; 1008.10578125; 19.4375
2026-07-22; 15:51:05; 555; 23; 35.27; 1008.04265625; 19.4375
2026-07-22; 15:52:05; 555; 23; 35.24; 1008.03109375; 19.4716796875
2026-07-22; 15:53:05; 555; 23; 35.24; 1008.03109375; 19.4599609375
2026-07-22; 15:54:05; 569; 25; 35.26; 1008.05453125; 19.47265625
2026-07-22; 15:55:05; 569; 25; 35.23; 1007.952578125; 19.470703125
2026-07-22; 15:56:05; 575; 26; 35.27; 1007.96796875; 19.4375
2026-07-22; 15:57:05; 564; 24; 35.26; 1008.0625; 19.44921875
2026-07-22; 15:58:05; 564; 24; 35.24; 1008.078515625; 19.4716796875
2026-07-22; 15:59:05; 564; 24; 35.21; 1007.983984375; 19.4931640625
2026-07-22; 16:00:05; 569; 25; 35.18; 1007.9919921875; 19.5029296875
2026-07-22; 16:01:05; 569; 25; 35.16; 1007.9961328125; 19.5380859375
2026-07-22; 16:02:05; 564; 24; 35.21; 1007.983984375; 19.5283203125
2026-07-22; 16:03:05; 564; 24; 35.15; 1007.9253125; 19.537109375
2026-07-22; 16:04:05; 564; 24; 35.2; 1007.9958203125; 19.52734375
2026-07-22; 16:05:05; 564; 24; 35.21; 1007.8541796875; 19.5048828125
2026-07-22; 16:06:05; 564; 24; 35.22; 1007.861875; 19.494140625
2026-07-22; 16:07:05; 555; 23; 35.25; 1007.9090234375; 19.4599609375
2026-07-22; 16:08:05; 537; 20; 35.23; 1007.9250390625; 19.482421875
2026-07-22; 16:09:05; 537; 20; 35.22; 1007.9169921875; 19.494140625
2026-07-22; 16:10:05; 534; 20; 35.23; 1007.869921875; 19.482421875
2026-07-22; 16:11:05; 546; 22; 35.2; 1007.9487109375; 19.5048828125
2026-07-22; 16:12:05; 534; 20; 35.25; 1007.8734765625; 19.4716796875
2026-07-22; 16:13:05; 529; 19; 35.2; 1007.9131640625; 19.515625
2026-07-22; 16:14:05; 534; 20; 35.2; 1007.921171875; 19.5048828125
2026-07-22; 16:15:05; 524; 18; 35.23; 1007.869921875; 19.482421875
2026-07-22; 16:16:05; 518; 17; 35.21; 1007.909296875; 19.5048828125
2026-07-22; 16:17:05; 524; 18; 35.23; 1007.932734375; 19.494140625
2026-07-22; 16:18:05; 529; 19; 35.21; 1007.901328125; 19.5048828125
2026-07-22; 16:19:05; 534; 20; 35.26; 1007.8971484375; 19.47265625
2026-07-22; 16:20:05; 534; 20; 35.23; 1007.76734375; 19.482421875
2026-07-22; 16:21:05; 524; 18; 35.24; 1007.7555078125; 19.4833984375
2026-07-22; 16:22:05; 514; 17; 35.21; 1007.680859375; 19.5166015625
2026-07-22; 16:23:05; 524; 18; 35.21; 1007.7084375; 19.5166015625
2026-07-22; 16:24:05; 529; 19; 35.23; 1007.794921875; 19.505859375
2026-07-22; 16:25:05; 534; 20; 35.2; 1007.8305078125; 19.50390625
2026-07-22; 16:26:05; 537; 20; 35.23; 1007.7596484375; 19.5166015625
2026-07-22; 16:27:05; 546; 22; 35.27; 1007.7394921875; 19.484375
2026-07-22; 16:28:05; 549; 22; 35.27; 1007.8026171875; 19.47265625
2026-07-22; 16:29:06; 549; 22; 35.28; 1007.7907421875; 19.4501953125
2026-07-22; 16:30:06; 555; 23; 35.25; 1007.8734765625; 19.4833984375
2026-07-22; 16:31:06; 546; 22; 35.2; 1007.7478125; 19.4921875
2026-07-22; 16:32:06; 537; 20; 35.21; 1007.8186328125; 19.5283203125
2026-07-22; 16:33:06; 534; 20; 35.22; 1007.7241015625; 19.5166015625
2026-07-22; 16:34:06; 537; 20; 35.23; 1007.814765625; 19.482421875
2026-07-22; 16:35:06; 549; 22; 35.24; 1007.7555078125; 19.4833984375
2026-07-22; 16:36:06; 555; 23; 35.21; 1007.8266015625; 19.5283203125
2026-07-22; 16:37:06; 564; 24; 35.18; 1007.77953125; 19.515625
2026-07-22; 16:38:06; 555; 23; 35.2; 1007.8305078125; 19.5390625
2026-07-22; 16:39:06; 564; 24; 35.22; 1007.8343359375; 19.5283203125
2026-07-22; 16:40:06; 569; 25; 35.23; 1007.76734375; 19.505859375
2026-07-22; 16:41:06; 575; 26; 35.25; 1007.8458984375; 19.505859375
2026-07-22; 16:42:06; 575; 26; 35.23; 1007.7872265625; 19.5048828125
2026-07-22; 16:43:06; 575; 26; 35.2; 1007.7558203125; 19.515625
2026-07-22; 16:44:06; 575; 26; 35.12; 1007.76796875; 19.62890625
2026-07-22; 16:45:06; 564; 24; 35.2; 1007.8384765625; 19.55078125
2026-07-22; 16:46:06; 575; 26; 35.16; 1007.83078125; 19.572265625
2026-07-22; 16:47:06; 564; 24; 35.15; 1007.8070703125; 19.5712890625
2026-07-22; 16:48:06; 564; 24; 35.18; 1007.8346484375; 19.5498046875
2026-07-22; 16:49:06; 555; 23; 35.21; 1007.763515625; 19.5400390625
2026-07-22; 16:50:06; 555; 23; 35.23; 1007.814765625; 19.5166015625
2026-07-22; 16:51:06; 555; 23; 35.18; 1007.8070703125; 19.5732421875
2026-07-22; 16:52:06; 549; 22; 35.23; 1007.7596484375; 19.5048828125
2026-07-22; 16:53:06; 546; 22; 35.2; 1007.7478125; 19.5390625
2026-07-22; 16:54:06; 549; 22; 35.13; 1007.7756640625; 19.58203125
2026-07-22; 16:55:06; 555; 23; 35.15; 1007.7875; 19.6640625
2026-07-22; 16:56:06; 549; 22; 35.18; 1007.6968359375; 19.5732421875
2026-07-22; 16:57:06; 549; 22; 35.16; 1007.8227734375; 19.5947265625
2026-07-22; 16:58:06; 555; 23; 35.11; 1007.8544921875; 19.650390625
2026-07-22; 16:59:06; 555; 23; 35.15; 1007.815078125; 19.6181640625
2026-07-22; 17:00:06; 555; 23; 35.2; 1007.8109375; 19.5390625
2026-07-22; 17:01:06; 564; 24; 35.23; 1007.76734375; 19.529296875
2026-07-22; 17:02:06; 564; 24; 35.14; 1007.7718359375; 19.5947265625
2026-07-22; 17:03:06; 569; 25; 35.18; 1007.7715234375; 19.572265625
2026-07-22; 17:04:06; 575; 26; 35.15; 1007.815078125; 19.6181640625
2026-07-22; 17:05:06; 575; 26; 35.13; 1007.720546875; 19.6513671875
2026-07-22; 17:06:06; 580; 27; 35.13; 1007.7756640625; 19.6396484375
2026-07-22; 17:07:06; 580; 27; 35.19; 1007.7872265625; 19.5849609375
2026-07-22; 17:08:06; 596; 29; 35.2; 1007.673125; 19.55078125
2026-07-22; 17:09:06; 607; 31; 35.17; 1007.7087109375; 19.5380859375
2026-07-22; 17:10:06; 623; 33; 35.13; 1007.72859375; 19.62890625
2026-07-22; 17:11:07; 623; 33; 35.07; 1007.772109375; 19.70703125
2026-07-22; 17:12:07; 623; 33; 35.12; 1007.7128515625; 19.6396484375
2026-07-22; 17:13:07; 623; 33; 35.18; 1007.6968359375; 19.619140625
2026-07-22; 17:14:07; 623; 33; 35.11; 1007.689140625; 19.638671875
2026-07-22; 17:15:07; 607; 31; 35.16; 1007.6298828125; 19.6181640625
2026-07-22; 17:16:07; 623; 33; 35.19; 1007.649453125; 19.5966796875
2026-07-22; 17:17:07; 623; 33; 35.17; 1007.5709375; 19.595703125
2026-07-22; 17:18:07; 614; 32; 35.12; 1007.6301953125; 19.6171875
2026-07-22; 17:19:07; 600; 30; 35.11; 1007.586953125; 19.650390625
2026-07-22; 17:20:07; 607; 31; 35.1; 1007.5987890625; 19.662109375
2026-07-22; 17:21:07; 607; 31; 35.0; 1007.5872265625; 19.7275390625
2026-07-22; 17:22:07; 607; 31; 35.06; 1007.5987890625; 19.68359375
2026-07-22; 17:23:07; 600; 30; 35.08; 1007.5123046875; 19.6845703125
2026-07-22; 17:24:07; 600; 30; 35.11; 1007.559375; 19.662109375
2026-07-22; 17:25:07; 596; 29; 35.14; 1007.523828125; 19.640625
2026-07-22; 17:26:07; 588; 28; 35.11; 1007.559375; 19.6279296875
2026-07-22; 17:27:07; 580; 27; 35.06; 1007.626328125; 19.68359375
2026-07-22; 17:28:07; 575; 26; 35.13; 1007.618359375; 19.6396484375
2026-07-22; 17:29:07; 575; 26; 35.12; 1007.492421875; 19.62890625
2026-07-22; 17:30:07; 569; 25; 35.15; 1007.4212890625; 19.5830078125
2026-07-22; 17:31:07; 564; 24; 35.17; 1007.5709375; 19.5615234375
2026-07-22; 17:32:07; 555; 23; 35.09; 1007.6026171875; 19.6494140625
2026-07-22; 17:33:07; 549; 22; 35.1; 1007.618359375; 19.650390625
2026-07-22; 17:34:07; 549; 22; 35.07; 1007.5516796875; 19.68359375
2026-07-22; 17:35:07; 546; 22; 35.1; 1007.5437109375; 19.650390625
2026-07-22; 17:36:07; 537; 20; 35.24; 1007.5626171875; 19.517578125
2026-07-22; 17:37:07; 537; 20; 35.19; 1007.5471875; 19.52734375
2026-07-22; 17:38:07; 546; 22; 35.19; 1007.53921875; 19.5732421875
2026-07-22; 17:39:07; 534; 20; 35.15; 1007.503984375; 19.6181640625
2026-07-22; 17:40:07; 529; 19; 35.15; 1007.484453125; 19.5947265625
2026-07-22; 17:41:07; 534; 20; 35.14; 1007.4962890625; 19.62890625
2026-07-22; 17:42:07; 534; 20; 35.16; 1007.417421875; 19.583984375
2026-07-22; 17:43:07; 529; 19; 35.09; 1007.52796875; 19.6611328125
2026-07-22; 17:44:07; 529; 19; 35.14; 1007.48828125; 19.640625
2026-07-22; 17:45:07; 529; 19; 35.24; 1007.45234375; 19.517578125
2026-07-22; 17:46:07; 529; 19; 35.19; 1007.4645703125; 19.5615234375
2026-07-22; 17:47:07; 529; 19; 35.19; 1007.492109375; 19.55078125
2026-07-22; 17:48:07; 503; 15; 35.17; 1007.460703125; 19.607421875
2026-07-22; 17:49:07; 503; 15; 35.12; 1007.4648828125; 19.6171875
2026-07-22; 17:50:07; 503; 15; 35.14; 1007.515859375; 19.640625
2026-07-22; 17:51:07; 501; 15; 35.12; 1007.4373046875; 19.6630859375
2026-07-22; 17:52:07; 501; 15; 35.12; 1007.456875; 19.6513671875
2026-07-22; 17:53:07; 503; 15; 35.12; 1007.4648828125; 19.6396484375
2026-07-22; 17:54:07; 514; 17; 35.18; 1007.4212890625; 19.619140625
2026-07-22; 17:55:08; 514; 17; 35.14; 1007.41359375; 19.6181640625
2026-07-22; 17:56:08; 518; 17; 35.14; 1007.41359375; 19.6181640625
2026-07-22; 17:57:08; 518; 17; 35.11; 1007.3940625; 19.662109375
2026-07-22; 17:58:08; 518; 17; 35.11; 1007.4136328125; 19.673828125
2026-07-22; 17:59:08; 514; 17; 35.15; 1007.3937890625; 19.640625
2026-07-22; 18:00:08; 518; 17; 35.04; 1007.421953125; 19.716796875
2026-07-22; 18:01:08; 518; 17; 35.05; 1007.390234375; 19.7060546875
2026-07-22; 18:02:08; 518; 17; 35.09; 1007.390234375; 19.6845703125
2026-07-22; 18:03:08; 514; 17; 35.07; 1007.38640625; 19.70703125
2026-07-22; 18:04:08; 514; 17; 35.08; 1007.346953125; 19.6728515625
2026-07-22; 18:05:08; 514; 17; 35.12; 1007.409765625; 19.6513671875
2026-07-22; 18:06:08; 514; 17; 35.12; 1007.327109375; 19.6630859375
2026-07-22; 18:07:08; 514; 17; 35.12; 1007.3191015625; 19.6630859375
2026-07-22; 18:08:08; 514; 17; 35.09; 1007.3546484375; 19.6728515625
2026-07-22; 18:09:08; 514; 17; 35.04; 1007.31171875; 19.716796875
2026-07-22; 18:10:08; 518; 17; 35.08; 1007.2838671875; 19.71875
2026-07-22; 18:11:08; 518; 17; 35.11; 1007.3309765625; 19.6962890625
2026-07-22; 18:12:08; 518; 17; 35.09; 1007.28; 19.6962890625
2026-07-22; 18:13:08; 518; 17; 35.12; 1007.2169140625; 19.6748046875
2026-07-22; 18:14:08; 518; 17; 35.12; 1007.263984375; 19.6513671875
2026-07-22; 18:15:08; 514; 17; 35.06; 1007.2329296875; 19.7177734375
2026-07-22; 18:16:08; 518; 17; 35.05; 1007.2172265625; 19.7294921875
2026-07-22; 18:17:08; 518; 17; 35.02; 1007.2803125; 19.7734375
2026-07-22; 18:18:08; 518; 17; 35.05; 1007.1896875; 19.7412109375
2026-07-22; 18:19:08; 518; 17; 35.08; 1007.22875; 19.71875
2026-07-22; 18:20:08; 524; 18; 35.06; 1007.2605078125; 19.7177734375
2026-07-22; 18:21:08; 518; 17; 35.08; 1007.20921875; 19.71875
2026-07-22; 18:22:08; 524; 18; 35.02; 1007.1503125; 19.7509765625
2026-07-22; 18:23:08; 524; 18; 35.05; 1007.224921875; 19.7412109375
2026-07-22; 18:24:08; 524; 18; 35.11; 1007.193203125; 19.6845703125
2026-07-22; 18:25:08; 529; 19; 35.06; 1007.240625; 19.7412109375
2026-07-22; 18:26:08; 529; 19; 35.04; 1007.1464453125; 19.7744140625
2026-07-22; 18:27:08; 534; 20; 35.07; 1007.193515625; 19.73046875
2026-07-22; 18:28:08; 534; 20; 35.07; 1007.1659765625; 19.70703125
2026-07-22; 18:29:08; 537; 20; 35.05; 1007.0871875; 19.7529296875
2026-07-22; 18:30:08; 529; 19; 35.11; 1007.14609375; 19.673828125
2026-07-22; 18:31:08; 534; 20; 35.12; 1007.20890625; 19.6630859375
2026-07-22; 18:32:08; 534; 20; 35.13; 1007.2050390625; 19.6630859375
2026-07-22; 18:33:08; 534; 20; 35.17; 1007.1300390625; 19.630859375
2026-07-22; 18:34:08; 534; 20; 35.08; 1007.1265625; 19.70703125
2026-07-22; 18:35:08; 534; 20; 35.11; 1007.0830078125; 19.6962890625
2026-07-22; 18:36:08; 529; 19; 35.09; 1007.059609375; 19.6962890625
2026-07-22; 18:37:08; 529; 19; 35.13; 1007.0041796875; 19.6748046875
2026-07-22; 18:38:09; 534; 20; 35.14; 1007.0749609375; 19.6630859375
2026-07-22; 18:39:09; 529; 19; 35.06; 1006.985; 19.7529296875
2026-07-22; 18:40:09; 534; 20; 35.12; 1006.9413671875; 19.6748046875
2026-07-22; 18:41:09; 534; 20; 35.14; 1006.972734375; 19.67578125
2026-07-22; 18:42:09; 534; 20; 35.1; 1007.0201953125; 19.6962890625
2026-07-22; 18:43:09; 534; 20; 35.06; 1006.9651171875; 19.7529296875
2026-07-22; 18:44:09; 534; 20; 35.1; 1006.9099609375; 19.7197265625
2026-07-22; 18:45:09; 534; 20; 35.08; 1006.9061328125; 19.73046875
2026-07-22; 18:46:09; 537; 20; 35.11; 1006.925703125; 19.708984375
2026-07-22; 18:47:09; 546; 22; 35.05; 1006.83921875; 19.7646484375
2026-07-22; 18:48:09; 537; 20; 35.06; 1006.91; 19.7412109375
2026-07-22; 18:49:09; 537; 20; 35.06; 1006.854921875; 19.7529296875
2026-07-22; 18:50:09; 534; 20; 35.05; 1006.83921875; 19.7529296875
2026-07-22; 18:51:09; 537; 20; 35.1; 1006.9099609375; 19.7197265625
2026-07-22; 18:52:09; 534; 20; 35.1; 1006.7998046875; 19.6962890625
2026-07-22; 18:53:09; 537; 20; 35.03; 1006.7726171875; 19.7861328125
2026-07-22; 18:54:09; 534; 20; 35.14; 1006.85453125; 19.7099609375
2026-07-22; 18:55:09; 537; 20; 35.05; 1006.866796875; 19.7529296875
2026-07-22; 18:56:09; 537; 20; 35.1; 1006.846875; 19.7314453125
2026-07-22; 18:57:09; 537; 20; 35.15; 1006.878203125; 19.6875
2026-07-22; 18:58:09; 546; 22; 35.13; 1006.8744140625; 19.6865234375
2026-07-22; 18:59:09; 546; 22; 35.13; 1006.8388671875; 19.6982421875
2026-07-22; 19:00:09; 546; 22; 35.12; 1006.858671875; 19.6865234375
2026-07-22; 19:01:09; 549; 22; 35.13; 1006.8468359375; 19.720703125
2026-07-22; 19:02:09; 549; 22; 35.17; 1006.846484375; 19.6650390625
2026-07-22; 19:03:09; 549; 22; 35.16; 1006.81125; 19.734375
2026-07-22; 19:04:09; 549; 22; 35.23; 1006.830390625; 19.5986328125
2026-07-22; 19:05:09; 546; 22; 35.14; 1006.7523046875; 19.67578125
2026-07-22; 19:06:09; 549; 22; 35.15; 1006.8230859375; 19.6640625
2026-07-22; 19:07:09; 546; 22; 35.12; 1006.8311328125; 19.6982421875
2026-07-22; 19:08:09; 537; 20; 35.1; 1006.8193359375; 19.7197265625
2026-07-22; 19:09:09; 537; 20; 35.03; 1006.80015625; 19.7978515625
2026-07-22; 19:10:09; 537; 20; 35.26; 1006.869453125; 19.599609375
2026-07-22; 19:11:09; 537; 20; 35.1; 1006.9099609375; 19.7314453125
2026-07-22; 19:12:09; 546; 22; 35.11; 1006.81546875; 19.708984375
2026-07-22; 19:13:09; 537; 20; 35.12; 1006.9058203125; 19.697265625
2026-07-22; 19:14:09; 546; 22; 34.97; 1006.879296875; 19.8291015625
2026-07-22; 19:15:09; 537; 20; 35.21; 1006.862109375; 19.62109375
2026-07-22; 19:16:09; 537; 20; 35.18; 1006.8621875; 19.6533203125
2026-07-22; 19:17:09; 537; 20; 35.22; 1006.8973828125; 19.6328125
2026-07-22; 19:18:09; 546; 22; 35.13; 1006.8468359375; 19.6865234375
2026-07-22; 19:19:09; 549; 22; 35.13; 1006.8388671875; 19.708984375
2026-07-22; 19:20:09; 546; 22; 35.06; 1006.8472265625; 19.787109375
2026-07-22; 19:21:10; 555; 23; 34.98; 1006.8946875; 19.841796875
2026-07-22; 19:22:10; 549; 22; 35.0; 1006.8908203125; 19.8310546875
2026-07-22; 19:23:10; 555; 23; 35.11; 1006.8625390625; 19.7197265625
2026-07-22; 19:24:10; 549; 22; 35.17; 1006.846484375; 19.6650390625
2026-07-22; 19:25:10; 549; 22; 35.19; 1006.85828125; 19.642578125
2026-07-22; 19:26:10; 555; 23; 35.05; 1006.866796875; 19.787109375
2026-07-22; 19:27:10; 555; 23; 35.15; 1006.870234375; 19.7216796875
2026-07-22; 19:28:10; 555; 23; 35.06; 1006.8472265625; 19.7646484375
2026-07-22; 19:29:10; 555; 23; 35.2; 1006.8464453125; 19.6552734375
2026-07-22; 19:30:10; 555; 23; 35.1; 1006.85484375; 19.7080078125
2026-07-22; 19:31:10; 564; 24; 35.01; 1006.776484375; 19.80859375
2026-07-22; 19:32:10; 569; 25; 35.04; 1006.8510546875; 19.8212890625
2026-07-22; 19:33:10; 564; 24; 35.12; 1006.80359375; 19.744140625
2026-07-22; 19:34:10; 575; 26; 35.06; 1006.7447265625; 19.7646484375
2026-07-22; 19:35:10; 575; 26; 35.19; 1006.775625; 19.654296875
2026-07-22; 19:36:10; 575; 26; 35.08; 1006.740859375; 19.75390625
2026-07-22; 19:37:10; 575; 26; 34.97; 1006.8162109375; 19.8759765625
2026-07-22; 19:38:10; 575; 26; 35.14; 1006.7994140625; 19.7216796875
2026-07-22; 19:39:11; 580; 27; 35.1; 1006.85484375; 19.7431640625
2026-07-22; 19:40:11; 580; 27; 35.03; 1006.835390625; 19.8212890625
2026-07-22; 19:41:11; 580; 27; 34.95; 1006.820078125; 19.9091796875
2026-07-22; 19:42:11; 588; 28; 35.23; 1006.8502734375; 19.6328125
2026-07-22; 19:43:11; 596; 29; 35.05; 1006.8591015625; 19.798828125
2026-07-22; 19:44:11; 588; 28; 35.11; 1006.787890625; 19.7314453125
2026-07-22; 19:45:11; 588; 28; 35.13; 1006.8468359375; 19.732421875
2026-07-22; 19:46:11; 596; 29; 35.1; 1006.7917578125; 19.75390625
2026-07-22; 19:47:11; 588; 28; 34.98; 1006.831875; 19.8759765625
2026-07-22; 19:48:11; 596; 29; 34.98; 1006.8043359375; 19.8759765625
2026-07-22; 19:49:11; 596; 29; 35.06; 1006.792109375; 19.787109375
2026-07-22; 19:50:11; 596; 29; 35.08; 1006.8510546875; 19.7763671875
2026-07-22; 19:51:11; 596; 29; 35.1; 1006.7917578125; 19.77734375
2026-07-22; 19:52:11; 600; 30; 35.11; 1006.779921875; 19.765625
2026-07-22; 19:53:11; 600; 30; 34.98; 1006.8043359375; 19.8642578125
2026-07-22; 19:54:11; 596; 29; 34.98; 1006.859453125; 19.8642578125
2026-07-22; 19:55:11; 600; 30; 34.86; 1006.769140625; 19.986328125
2026-07-22; 19:56:11; 600; 30; 35.03; 1006.7251953125; 19.8212890625
2026-07-22; 19:57:11; 607; 31; 35.08; 1006.7683984375; 19.7763671875
2026-07-22; 19:58:11; 614; 32; 35.06; 1006.7447265625; 19.822265625
2026-07-22; 19:59:11; 607; 31; 35.09; 1006.7840625; 19.7890625
2026-07-22; 20:00:11; 607; 31; 35.07; 1006.7802734375; 19.7998046875
2026-07-22; 20:01:12; 623; 33; 35.01; 1006.8315625; 19.8662109375
2026-07-22; 20:02:12; 623; 33; 35.05; 1006.7488671875; 19.8330078125
2026-07-22; 20:03:12; 623; 33; 34.87; 1006.69453125; 19.9873046875
2026-07-22; 20:04:12; 623; 33; 35.08; 1006.7879296875; 19.7763671875
2026-07-22; 20:05:12; 614; 32; 34.97; 1006.7691015625; 19.8759765625
2026-07-22; 20:06:12; 623; 33; 35.04; 1006.713359375; 19.8095703125
2026-07-22; 20:07:12; 614; 32; 35.06; 1006.7094921875; 19.810546875
2026-07-22; 20:08:12; 614; 32; 35.09; 1006.7209765625; 19.7880859375
2026-07-22; 20:09:12; 623; 33; 35.02; 1006.784453125; 19.83203125
2026-07-22; 20:10:12; 623; 33; 34.99; 1006.745078125; 19.865234375
2026-07-22; 20:11:12; 614; 32; 34.89; 1006.73359375; 19.94140625
2026-07-22; 20:12:12; 627; 34; 34.94; 1006.7963671875; 19.9208984375
2026-07-22; 20:13:12; 627; 34; 35.0; 1006.76078125; 19.8544921875
2026-07-22; 20:14:12; 623; 33; 34.91; 1006.78484375; 19.9541015625
2026-07-22; 20:15:12; 623; 33; 35.13; 1006.8468359375; 19.7783203125
2026-07-22; 20:16:12; 627; 34; 35.03; 1006.8078515625; 19.85546875
2026-07-22; 20:17:12; 634; 35; 34.96; 1006.836015625; 19.8876953125
2026-07-22; 20:18:12; 634; 35; 34.87; 1006.839921875; 19.9638671875
2026-07-22; 20:19:12; 627; 34; 34.97; 1006.879296875; 19.8759765625
2026-07-22; 20:20:12; 634; 35; 34.94; 1006.878984375; 19.9091796875
2026-07-22; 20:21:12; 634; 35; 35.09; 1006.8312109375; 19.7646484375
2026-07-22; 20:22:12; 641; 36; 34.89; 1006.81625; 19.98828125
2026-07-22; 20:23:12; 641; 36; 34.8; 1006.8678125; 20.087890625
2026-07-22; 20:24:12; 641; 36; 34.78; 1006.8639453125; 20.1103515625
2026-07-22; 20:25:12; 641; 36; 34.97; 1006.8437109375; 19.93359375
2026-07-22; 20:26:12; 645; 37; 34.91; 1006.87515625; 19.9892578125
2026-07-22; 20:27:12; 645; 37; 34.89; 1006.81625; 19.9765625
2026-07-22; 20:28:12; 641; 36; 34.71; 1006.8644921875; 20.1533203125
2026-07-22; 20:29:12; 641; 36; 34.81; 1006.911015625; 20.0654296875
2026-07-22; 20:30:12; 645; 37; 34.94; 1006.961640625; 19.943359375
2026-07-22; 20:31:12; 656; 39; 34.96; 1006.9737890625; 19.93359375
2026-07-22; 20:32:12; 656; 39; 34.85; 1006.911015625; 20.0439453125
2026-07-22; 20:33:12; 665; 40; 34.83; 1006.962265625; 20.0546875
2026-07-22; 20:34:12; 665; 40; 34.85; 1006.94625; 20.06640625
2026-07-22; 20:35:12; 665; 40; 34.79; 1006.9820703125; 20.0634765625
2026-07-22; 20:36:12; 665; 40; 34.73; 1006.9506640625; 20.154296875
2026-07-22; 20:37:12; 665; 40; 34.7; 1006.9115625; 20.1875
2026-07-22; 20:38:12; 668; 40; 34.81; 1006.96609375; 20.099609375
2026-07-22; 20:39:12; 665; 40; 34.62; 1006.951171875; 20.2763671875
2026-07-22; 20:40:12; 675; 41; 35.03; 1007.000703125; 19.85546875
2026-07-22; 20:41:12; 675; 41; 34.76; 1006.9977734375; 20.1318359375
2026-07-22; 20:42:12; 675; 41; 34.62; 1007.0142578125; 20.2646484375
2026-07-22; 20:43:12; 688; 43; 34.78; 1006.918984375; 20.1103515625
2026-07-22; 20:44:13; 692; 44; 34.6; 1006.9828515625; 20.275390625
2026-07-22; 20:45:13; 688; 43; 34.66; 1006.97875; 20.2314453125
2026-07-22; 20:46:13; 692; 44; 34.76; 1006.970234375; 20.12109375
2026-07-22; 20:47:13; 688; 43; 34.64; 1006.9198046875; 20.265625
2026-07-22; 20:48:13; 692; 44; 34.65; 1006.9355078125; 20.27734375
2026-07-22; 20:49:13; 692; 44; 34.53; 1007.0105859375; 20.3876953125
2026-07-22; 20:50:13; 692; 44; 34.58; 1006.978984375; 20.30859375
2026-07-22; 20:51:13; 692; 44; 34.67; 1007.0219921875; 20.220703125
2026-07-22; 20:52:13; 692; 44; 34.76; 1006.91515625; 20.1435546875
2026-07-22; 20:53:13; 692; 44; 34.48; 1007.0421484375; 20.408203125
2026-07-22; 20:54:13; 692; 44; 34.67; 1006.974609375; 20.2666015625
2026-07-22; 20:55:13; 692; 44; 34.41; 1006.959453125; 20.474609375
2026-07-22; 20:56:13; 692; 44; 34.44; 1006.9790625; 20.4638671875
2026-07-22; 20:57:13; 692; 44; 34.41; 1006.959453125; 20.474609375
2026-07-22; 20:58:13; 692; 44; 34.48; 1006.959609375; 20.419921875
2026-07-22; 20:59:13; 692; 44; 34.55; 1007.0419921875; 20.365234375
2026-07-22; 21:00:13; 692; 44; 34.66; 1007.0062890625; 20.2890625
2026-07-22; 21:01:13; 700; 45; 34.49; 1007.0028125; 20.431640625
2026-07-22; 21:02:13; 692; 44; 34.53; 1007.038125; 20.3525390625
2026-07-22; 21:03:13; 692; 44; 34.46; 1006.983203125; 20.4423828125
2026-07-22; 21:04:13; 692; 44; 34.36; 1007.0460546875; 20.552734375
2026-07-22; 21:05:13; 700; 45; 34.59; 1007.0497265625; 20.3095703125
2026-07-22; 21:06:13; 700; 45; 34.46; 1007.0658203125; 20.4423828125
2026-07-22; 21:07:13; 700; 45; 34.39; 1006.99109375; 20.51953125
2026-07-22; 21:08:13; 692; 44; 34.51; 1007.0066796875; 20.4091796875
2026-07-22; 21:09:13; 700; 45; 34.58; 1007.026015625; 20.3203125
2026-07-22; 21:10:13; 700; 45; 34.66; 1007.033828125; 20.2431640625
2026-07-22; 21:11:13; 700; 45; 34.31; 1007.0107421875; 20.5859375
2026-07-22; 21:12:13; 700; 45; 34.43; 1007.0458984375; 20.509765625
2026-07-22; 21:13:13; 700; 45; 34.41; 1007.04203125; 20.5087890625
2026-07-22; 21:14:13; 700; 45; 34.67; 1007.084765625; 20.2431640625
2026-07-22; 21:15:13; 700; 45; 34.41; 1007.0970703125; 20.5087890625
2026-07-22; 21:16:13; 708; 46; 34.66; 1007.033828125; 20.2431640625
2026-07-22; 21:17:13; 708; 46; 34.53; 1007.08515625; 20.3525390625
2026-07-22; 21:18:13; 708; 46; 34.45; 1007.13265625; 20.4765625
2026-07-22; 21:19:13; 708; 46; 34.61; 1007.108671875; 20.2880859375
2026-07-22; 21:20:13; 708; 46; 34.44; 1007.1249609375; 20.4755859375
2026-07-22; 21:21:13; 708; 46; 34.42; 1007.09328125; 20.474609375
2026-07-22; 21:22:13; 708; 46; 34.43; 1007.156015625; 20.4404296875
2026-07-22; 21:23:13; 708; 46; 34.52; 1007.1325; 20.3759765625
2026-07-22; 21:24:13; 719; 48; 34.57; 1007.1284765625; 20.34375
2026-07-22; 21:25:13; 719; 48; 34.33; 1007.0619921875; 20.57421875
2026-07-22; 21:26:13; 708; 46; 34.38; 1007.1600390625; 20.5654296875
2026-07-22; 21:27:14; 708; 46; 34.55; 1007.171640625; 20.365234375
2026-07-22; 21:28:14; 708; 46; 34.41; 1007.0775390625; 20.498046875
2026-07-22; 21:29:14; 708; 46; 34.39; 1007.1287109375; 20.5078125
2026-07-22; 21:30:14; 700; 45; 34.44; 1007.1249609375; 20.4638671875
2026-07-22; 21:31:14; 700; 45; 34.28; 1007.15625; 20.6181640625
2026-07-22; 21:32:14; 708; 46; 34.36; 1007.1091015625; 20.5419921875
2026-07-22; 21:33:14; 708; 46; 34.47; 1007.1442578125; 20.4658203125
2026-07-22; 21:34:14; 708; 46; 34.41; 1007.2346875; 20.5322265625
2026-07-22; 21:35:14; 708; 46; 34.58; 1007.24625; 20.3779296875
2026-07-22; 21:36:14; 708; 46; 34.38; 1007.29765625; 20.49609375
2026-07-22; 21:37:14; 708; 46; 34.39; 1007.2662890625; 20.51953125
2026-07-22; 21:38:14; 708; 46; 34.52; 1007.29765625; 20.3759765625
2026-07-22; 21:39:14; 708; 46; 34.16; 1007.2431640625; 20.728515625
2026-07-22; 21:40:14; 708; 46; 34.19; 1007.29; 20.7646484375
2026-07-22; 21:41:14; 700; 45; 34.48; 1007.317421875; 20.4541015625
2026-07-22; 21:42:14; 708; 46; 34.27; 1007.305625; 20.6181640625
2026-07-22; 21:43:14; 692; 44; 34.36; 1007.4588671875; 20.552734375
2026-07-22; 21:44:14; 700; 45; 34.38; 1007.407734375; 20.5302734375
2026-07-22; 21:45:14; 700; 45; 34.28; 1007.3488671875; 20.6533203125
2026-07-22; 21:46:14; 700; 45; 34.2; 1007.408046875; 20.71875
2026-07-22; 21:47:14; 700; 45; 34.46; 1007.39609375; 20.46484375
2026-07-22; 21:48:14; 692; 44; 34.45; 1007.415625; 20.46484375
2026-07-22; 21:49:14; 692; 44; 34.36; 1007.376328125; 20.529296875
2026-07-22; 21:50:14; 700; 45; 34.32; 1007.41171875; 20.5625
2026-07-22; 21:51:14; 692; 44; 34.25; 1007.384296875; 20.6171875
2026-07-22; 21:52:14; 692; 44; 34.56; 1007.4075390625; 20.3427734375
2026-07-22; 21:53:14; 692; 44; 34.7; 1007.4545703125; 20.2333984375
2026-07-22; 21:54:14; 688; 43; 34.19; 1007.3450390625; 20.68359375
2026-07-22; 21:55:14; 688; 43; 34.64; 1007.423125; 20.2998046875
2026-07-22; 21:56:14; 688; 43; 34.43; 1007.3762109375; 20.4521484375
2026-07-22; 21:57:14; 688; 43; 34.39; 1007.4234375; 20.5078125
2026-07-22; 21:58:14; 688; 43; 34.7; 1007.3994921875; 20.1982421875
2026-07-22; 21:59:14; 688; 43; 34.8; 1007.5012109375; 20.1220703125
2026-07-22; 22:00:14; 668; 40; 34.28; 1007.43140625; 20.572265625
2026-07-22; 22:01:14; 665; 40; 34.62; 1007.454765625; 20.2529296875
2026-07-22; 22:02:14; 668; 40; 34.53; 1007.50609375; 20.318359375
2026-07-22; 22:03:14; 665; 40; 34.56; 1007.4075390625; 20.3310546875
2026-07-22; 22:04:14; 665; 40; 34.52; 1007.45484375; 20.3525390625
2026-07-22; 22:05:14; 645; 37; 34.36; 1007.431328125; 20.4951171875
2026-07-22; 22:06:14; 645; 37; 34.73; 1007.509375; 20.1767578125
2026-07-22; 22:07:14; 645; 37; 34.43; 1007.43125; 20.4296875
2026-07-22; 22:08:14; 645; 37; 34.43; 1007.45875; 20.4296875
2026-07-22; 22:09:14; 641; 36; 34.45; 1007.3880859375; 20.4541015625
2026-07-22; 22:10:15; 641; 36; 34.05; 1007.3805859375; 20.8271484375
2026-07-22; 22:11:15; 641; 36; 34.39; 1007.478515625; 20.51953125
2026-07-22; 22:12:15; 641; 36; 34.16; 1007.4632421875; 20.728515625
2026-07-22; 22:13:15; 641; 36; 34.08; 1007.4750390625; 20.81640625
2026-07-22; 22:14:15; 634; 35; 34.04; 1007.5574609375; 20.8955078125
2026-07-22; 22:15:15; 641; 36; 34.64; 1007.553046875; 20.2880859375
2026-07-22; 22:16:15; 641; 36; 34.61; 1007.5491796875; 20.2529296875
2026-07-22; 22:17:15; 645; 37; 34.27; 1007.463046875; 20.6416015625
2026-07-22; 22:18:15; 645; 37; 34.22; 1007.46703125; 20.638671875
2026-07-22; 22:19:15; 656; 39; 34.41; 1007.5454296875; 20.498046875
2026-07-22; 22:20:15; 656; 39; 34.52; 1007.509921875; 20.3984375
2026-07-22; 22:21:15; 665; 40; 34.34; 1007.46296875; 20.5400390625
2026-07-22; 22:22:15; 668; 40; 34.18; 1007.466875; 20.7412109375
2026-07-22; 22:23:15; 688; 43; 34.33; 1007.51; 20.5634765625
2026-07-22; 22:24:15; 688; 43; 34.46; 1007.4863671875; 20.46484375
2026-07-22; 22:25:15; 692; 44; 34.77; 1007.5366796875; 20.15625
2026-07-22; 22:26:15; 700; 45; 34.25; 1007.4668359375; 20.6171875
2026-07-22; 22:27:15; 700; 45; 34.38; 1007.4627734375; 20.5654296875
2026-07-22; 22:28:15; 708; 46; 34.1; 1007.423984375; 20.771484375
2026-07-22; 22:29:15; 708; 46; 34.13; 1007.44359375; 20.78515625
2026-07-22; 22:30:15; 719; 48; 34.29; 1007.392109375; 20.595703125
2026-07-22; 22:31:15; 719; 48; 34.25; 1007.411796875; 20.6396484375
2026-07-22; 22:32:15; 728; 49; 34.32; 1007.38421875; 20.5859375
2026-07-22; 22:33:15; 735; 51; 34.71; 1007.4229296875; 20.1533203125
2026-07-22; 22:34:15; 735; 51; 34.43; 1007.38421875; 20.4638671875
2026-07-22; 22:35:15; 728; 49; 34.4; 1007.4746875; 20.5087890625
2026-07-22; 22:36:15; 744; 52; 34.08; 1007.400234375; 20.8056640625
2026-07-22; 22:37:15; 735; 51; 34.05; 1007.455390625; 20.861328125
2026-07-22; 22:38:15; 744; 52; 34.12; 1007.482890625; 20.7724609375
2026-07-22; 22:39:15; 744; 52; 34.18; 1007.439375; 20.775390625
2026-07-22; 22:40:15; 752; 53; 34.1; 1007.423984375; 20.86328125
2026-07-22; 22:41:15; 744; 52; 34.09; 1007.43578125; 20.8173828125
2026-07-22; 22:42:15; 744; 52; 34.06; 1007.41609375; 20.8505859375
2026-07-22; 22:43:15; 752; 53; 33.97; 1007.39234375; 20.9736328125
2026-07-22; 22:44:15; 752; 53; 33.89; 1007.3923046875; 21.0390625
2026-07-22; 22:45:15; 744; 52; 33.98; 1007.463125; 20.9619140625
2026-07-22; 22:46:15; 761; 54; 33.84; 1007.4512109375; 21.09375
2026-07-22; 22:47:15; 761; 54; 33.89; 1007.3923046875; 21.0849609375
2026-07-22; 22:48:15; 761; 54; 34.13; 1007.44359375; 20.8193359375
2026-07-22; 22:49:15; 770; 56; 34.03; 1007.4316796875; 20.94140625
2026-07-22; 22:50:15; 770; 56; 34.05; 1007.482890625; 20.9072265625
2026-07-22; 22:51:15; 770; 56; 33.92; 1007.431796875; 21.029296875
2026-07-22; 22:52:15; 776; 57; 33.85; 1007.494453125; 21.072265625
2026-07-22; 22:53:16; 787; 58; 33.87; 1007.4628515625; 21.083984375
2026-07-22; 22:54:16; 787; 58; 34.06; 1007.4237890625; 20.8857421875
2026-07-22; 22:55:16; 798; 60; 33.77; 1007.4236328125; 21.1826171875
2026-07-22; 22:56:16; 798; 60; 33.97; 1007.4473828125; 20.9736328125
2026-07-22; 22:57:16; 798; 60; 33.96; 1007.4396484375; 20.984375
2026-07-22; 22:58:16; 806; 61; 33.82; 1007.4392578125; 21.126953125
2026-07-22; 22:59:16; 806; 61; 33.89; 1007.4393359375; 21.0732421875
2026-07-22; 23:00:16; 806; 61; 33.86; 1007.4001953125; 21.072265625
2026-07-22; 23:01:16; 798; 60; 34.03; 1007.4121875; 20.953125
2026-07-22; 23:02:16; 813; 62; 34.25; 1007.384296875; 20.697265625
2026-07-22; 23:03:16; 813; 62; 33.99; 1007.368828125; 20.939453125
2026-07-22; 23:04:16; 813; 62; 33.94; 1007.4357421875; 21.052734375
2026-07-22; 23:05:16; 813; 62; 33.82; 1007.3842578125; 21.138671875
2026-07-22; 23:06:16; 825; 64; 33.92; 1007.45125; 21.0400390625
2026-07-22; 23:07:16; 825; 64; 34.09; 1007.3807421875; 20.9091796875
2026-07-22; 23:08:16; 813; 62; 33.95; 1007.3608984375; 21.0068359375
2026-07-22; 23:09:16; 825; 64; 33.96; 1007.376640625; 20.9951171875
2026-07-22; 23:10:16; 813; 62; 33.95; 1007.3689453125; 21.0185546875
2026-07-22; 23:11:16; 813; 62; 34.1; 1007.3766796875; 20.8876953125
2026-07-22; 23:12:16; 806; 61; 34.03; 1007.4396875; 20.94140625
2026-07-22; 23:13:16; 806; 61; 34.08; 1007.3650390625; 20.9091796875
2026-07-22; 23:14:16; 798; 60; 33.8; 1007.4078125; 21.1728515625
2026-07-22; 23:15:16; 806; 61; 33.94; 1007.380703125; 21.0185546875
2026-07-22; 23:16:16; 798; 60; 33.68; 1007.4273046875; 21.328125
2026-07-22; 23:17:16; 798; 60; 33.85; 1007.4039453125; 21.1171875
2026-07-22; 23:18:16; 806; 61; 33.98; 1007.38859375; 21.04296875
2026-07-22; 23:19:16; 806; 61; 33.69; 1007.388046875; 21.2939453125
2026-07-22; 23:20:16; 798; 60; 33.74; 1007.3841796875; 21.2392578125
2026-07-22; 23:21:16; 787; 58; 33.67; 1007.3016015625; 21.3046875
2026-07-22; 23:22:16; 798; 60; 33.64; 1007.3372265625; 21.361328125
2026-07-22; 23:23:16; 787; 58; 33.65; 1007.3801171875; 21.361328125
2026-07-22; 23:24:16; 776; 57; 34.01; 1007.2982421875; 21.021484375
2026-07-22; 23:25:16; 776; 57; 33.88; 1007.25859375; 21.083984375
2026-07-22; 23:26:16; 752; 53; 33.76; 1007.317421875; 21.228515625
2026-07-22; 23:27:16; 744; 52; 33.71; 1007.30953125; 21.330078125
2026-07-22; 23:28:16; 735; 51; 33.69; 1007.242890625; 21.3291015625
2026-07-22; 23:29:16; 744; 52; 33.62; 1007.27828125; 21.3837890625
2026-07-23; 01:56:24; 400; 0; 32.65; 1007.0351953125; 22.853515625
2026-07-23; 01:57:24; 405; 0; 32.73; 1007.04359375; 22.8232421875
2026-07-23; 01:58:24; 400; 0; 32.75; 1006.992734375; 22.7548828125
2026-07-23; 01:59:24; 400; 0; 32.75; 1007.0553515625; 22.7666015625
2026-07-23; 02:00:24; 403; 0; 32.82; 1007.0282421875; 22.712890625
2026-07-23; 02:01:24; 400; 0; 32.97; 1007.0016796875; 22.501953125
2026-07-23; 02:02:24; 403; 0; 32.87; 1007.0365625; 22.623046875
2026-07-23; 02:03:24; 400; 0; 32.74; 1007.11421875; 22.77734375
2026-07-23; 02:04:24; 400; 0; 32.9; 1007.0365625; 22.5791015625
2026-07-23; 02:05:24; 400; 0; 32.83; 1007.1186328125; 22.6787109375
2026-07-23; 02:06:24; 403; 0; 33.13; 1007.0256640625; 22.326171875
2026-07-23; 02:07:24; 403; 0; 32.89; 1007.04828125; 22.6015625
2026-07-23; 02:08:24; 400; 0; 32.85; 1007.0757421875; 22.6337890625
2026-07-23; 02:09:25; 400; 0; 32.99; 1007.1430078125; 22.525390625
2026-07-23; 02:10:25; 402; 0; 32.94; 1007.0720703125; 22.603515625
2026-07-23; 02:11:25; 403; 0; 33.04; 1007.076328125; 22.494140625
2026-07-23; 02:12:25; 400; 0; 33.08; 1007.0648828125; 22.404296875
2026-07-23; 02:13:25; 406; 0; 32.93; 1007.0760546875; 22.5458984375
2026-07-23; 02:14:25; 400; 0; 32.98; 1007.017421875; 22.548828125
2026-07-23; 02:15:25; 403; 0; 33.04; 1007.1312890625; 22.494140625
2026-07-23; 02:16:25; 403; 0; 32.97; 1007.138984375; 22.58203125
2026-07-23; 02:17:25; 400; 0; 33.02; 1007.127265625; 22.515625
2026-07-23; 02:18:25; 405; 0; 32.9; 1007.091484375; 22.625
2026-07-23; 02:19:25; 400; 0; 32.91; 1007.0445703125; 22.625
2026-07-23; 02:20:25; 405; 0; 33.11; 1007.1395703125; 22.462890625
2026-07-23; 02:21:25; 405; 0; 32.91; 1007.0523046875; 22.6142578125
2026-07-23; 02:22:25; 402; 0; 32.95; 1007.1075390625; 22.5810546875
2026-07-23; 02:23:25; 400; 0; 33.0; 1007.1939453125; 22.515625
2026-07-23; 02:24:25; 402; 0; 33.01; 1007.1469921875; 22.515625
2026-07-23; 02:25:25; 402; 0; 32.96; 1007.04859375; 22.5703125
2026-07-23; 02:26:25; 400; 0; 32.94; 1007.0720703125; 22.603515625
2026-07-23; 02:27:25; 407; 1; 33.11; 1007.1315234375; 22.4287109375
2026-07-23; 02:28:25; 405; 0; 33.03; 1007.17046875; 22.52734375
2026-07-23; 02:29:25; 405; 0; 32.94; 1007.2093359375; 22.603515625
2026-07-23; 02:30:25; 400; 0; 33.09; 1007.108125; 22.416015625
2026-07-23; 02:31:25; 405; 0; 32.86; 1007.1109375; 22.69140625
2026-07-23; 02:32:25; 400; 0; 33.09; 1007.135546875; 22.4736328125
2026-07-23; 02:33:25; 403; 0; 33.11; 1007.084609375; 22.462890625
2026-07-23; 02:34:25; 403; 0; 32.9; 1007.1189453125; 22.6484375
2026-07-23; 02:35:25; 400; 0; 33.04; 1007.19421875; 22.505859375
2026-07-23; 02:36:25; 403; 0; 33.08; 1007.2022265625; 22.5185546875
2026-07-23; 02:37:25; 400; 0; 32.99; 1007.1979296875; 22.572265625
2026-07-23; 02:38:25; 400; 0; 33.13; 1007.2256640625; 22.453125
2026-07-23; 02:39:25; 403; 0; 32.98; 1007.237109375; 22.5830078125
2026-07-23; 02:40:25; 403; 0; 32.91; 1007.162109375; 22.671875
2026-07-23; 02:41:25; 406; 0; 33.05; 1007.2019140625; 22.5400390625
2026-07-23; 02:42:25; 406; 0; 33.05; 1007.2019140625; 22.505859375
2026-07-23; 02:43:25; 406; 0; 33.07; 1007.1590234375; 22.484375
2026-07-23; 02:44:25; 406; 0; 33.09; 1007.135546875; 22.4736328125
2026-07-23; 02:45:25; 406; 0; 33.0; 1007.15875; 22.548828125
2026-07-23; 02:46:25; 406; 0; 33.08; 1007.1473046875; 22.47265625
2026-07-23; 02:47:25; 406; 0; 32.99; 1007.1155078125; 22.560546875
2026-07-23; 02:48:25; 406; 0; 33.18; 1007.1787109375; 22.3740234375
2026-07-23; 02:49:25; 406; 0; 32.91; 1007.24453125; 22.671875
2026-07-23; 02:50:25; 409; 1; 32.95; 1007.1624609375; 22.5810546875
2026-07-23; 02:51:25; 409; 1; 33.0; 1007.1862109375; 22.583984375
2026-07-23; 02:52:26; 409; 1; 32.99; 1007.1781640625; 22.595703125
2026-07-23; 02:53:26; 409; 1; 33.09; 1007.2373828125; 22.49609375
2026-07-23; 02:54:26; 406; 0; 32.97; 1007.1741796875; 22.5947265625
2026-07-23; 02:55:26; 406; 0; 32.91; 1007.21703125; 22.6826171875
2026-07-23; 02:56:26; 406; 0; 33.1; 1007.17875; 22.4853515625
2026-07-23; 02:57:26; 400; 0; 33.2; 1007.218203125; 22.3408203125
2026-07-23; 02:58:26; 406; 0; 32.9; 1007.248515625; 22.705078125
2026-07-23; 02:59:26; 400; 0; 33.15; 1007.221953125; 22.453125
2026-07-23; 03:00:26; 403; 0; 33.02; 1007.2176953125; 22.6083984375
2026-07-23; 03:01:26; 403; 0; 32.94; 1007.14671875; 22.6376953125
2026-07-23; 03:02:26; 403; 0; 33.01; 1007.2019140625; 22.583984375
2026-07-23; 03:03:26; 409; 1; 33.04; 1007.19421875; 22.59765625
2026-07-23; 03:04:26; 409; 1; 33.03; 1007.1235546875; 22.6083984375
2026-07-23; 03:05:26; 409; 1; 32.82; 1007.1303125; 22.8046875
2026-07-23; 03:06:26; 403; 0; 32.85; 1007.0757421875; 22.7607421875
2026-07-23; 03:07:26; 409; 1; 32.78; 1007.1223046875; 22.8486328125
2026-07-23; 03:08:26; 403; 0; 32.89; 1007.1229296875; 22.76171875
2026-07-23; 03:09:26; 403; 0; 33.01; 1007.092109375; 22.619140625
2026-07-23; 03:10:26; 403; 0; 33.09; 1007.100078125; 22.53125
2026-07-23; 03:11:26; 400; 0; 32.92; 1007.0877734375; 22.740234375
2026-07-23; 03:12:26; 402; 0; 32.98; 1007.0998046875; 22.6171875
2026-07-23; 03:13:26; 406; 0; 32.89; 1007.150390625; 22.7392578125
2026-07-23; 03:14:26; 402; 0; 33.01; 1007.092109375; 22.6416015625
2026-07-23; 03:15:26; 402; 0; 33.02; 1007.1078125; 22.630859375
2026-07-23; 03:16:26; 402; 0; 32.83; 1007.0988671875; 22.8173828125
2026-07-23; 03:17:26; 406; 0; 32.8; 1007.161484375; 22.8837890625
2026-07-23; 03:18:26; 402; 0; 32.8; 1007.0439453125; 22.8720703125
2026-07-23; 03:19:26; 400; 0; 32.72; 1007.0905078125; 22.94921875
2026-07-23; 03:20:26; 402; 0; 33.07; 1007.076640625; 22.587890625
2026-07-23; 03:21:26; 402; 0; 32.84; 1007.0325390625; 22.7822265625
2026-07-23; 03:22:26; 402; 0; 32.89; 1007.013125; 22.7734375
2026-07-23; 03:23:26; 400; 0; 32.93; 1007.0760546875; 22.68359375
2026-07-23; 03:24:26; 402; 0; 32.85; 1007.04828125; 22.783203125
2026-07-23; 03:25:26; 400; 0; 32.82; 1007.04796875; 22.8388671875
2026-07-23; 03:26:26; 403; 0; 33.04; 1007.1392578125; 22.609375
2026-07-23; 03:27:26; 403; 0; 32.84; 1007.114921875; 22.83984375
2026-07-23; 03:28:26; 400; 0; 32.95; 1007.1624609375; 22.7763671875
2026-07-23; 03:29:26; 403; 0; 32.9; 1007.0365625; 22.7509765625
2026-07-23; 03:30:26; 400; 0; 32.87; 1007.044296875; 22.7724609375
2026-07-23; 03:31:26; 403; 0; 33.18; 1007.0413671875; 22.419921875
2026-07-23; 03:32:26; 403; 0; 33.02; 1007.0998046875; 22.619140625
2026-07-23; 03:33:26; 400; 0; 32.95; 1007.005390625; 22.6845703125
2026-07-23; 03:34:26; 405; 0; 32.93; 1006.9112890625; 22.7294921875
2026-07-23; 03:35:27; 408; 1; 32.72; 1006.9806640625; 22.94921875
2026-07-23; 03:36:27; 400; 0; 32.9; 1007.0562890625; 22.78515625
2026-07-23; 03:37:27; 403; 0; 32.85; 1006.9659375; 22.8408203125
2026-07-23; 03:38:27; 403; 0; 32.8; 1006.969296875; 22.861328125
2026-07-23; 03:39:27; 403; 0; 32.96; 1006.93875; 22.7080078125
2026-07-23; 03:40:27; 403; 0; 32.93; 1006.93875; 22.7294921875
2026-07-23; 03:41:27; 403; 0; 33.09; 1006.9352734375; 22.5771484375
2026-07-23; 03:42:27; 403; 0; 32.99; 1006.95078125; 22.6748046875
2026-07-23; 03:43:27; 403; 0; 32.97; 1006.9467578125; 22.6630859375
2026-07-23; 03:44:27; 403; 0; 32.86; 1006.946171875; 22.8291015625
2026-07-23; 03:45:27; 400; 0; 32.77; 1006.9769921875; 22.9287109375
2026-07-23; 03:46:27; 403; 0; 32.78; 1007.0201953125; 22.9404296875
2026-07-23; 03:47:27; 403; 0; 32.64; 1007.0000390625; 23.0947265625
2026-07-23; 03:48:27; 403; 0; 32.74; 1007.0044140625; 22.97265625
2026-07-23; 03:49:27; 408; 1; 32.87; 1006.981640625; 22.8525390625
2026-07-23; 03:50:27; 403; 0; 32.85; 1006.9581640625; 22.8408203125
2026-07-23; 03:51:27; 403; 0; 32.91; 1006.9424609375; 22.7978515625
2026-07-23; 03:52:27; 400; 0; 32.75; 1006.9378125; 22.9619140625
2026-07-23; 03:53:27; 403; 0; 32.88; 1006.9424609375; 22.8193359375
2026-07-23; 03:54:27; 403; 0; 32.92; 1006.95046875; 22.740234375
2026-07-23; 03:55:27; 403; 0; 33.08; 1006.974453125; 22.576171875
2026-07-23; 03:56:27; 400; 0; 33.01; 1006.9273046875; 22.6650390625
2026-07-23; 03:57:27; 405; 0; 32.86; 1007.0010546875; 22.806640625
2026-07-23; 03:58:27; 405; 0; 32.95; 1006.970234375; 22.7421875
2026-07-23; 03:59:27; 400; 0; 32.8; 1007.0439453125; 22.8955078125
2026-07-23; 04:00:27; 402; 0; 32.83; 1006.9538671875; 22.828125
2026-07-23; 04:01:27; 402; 0; 32.81; 1006.8949609375; 22.9072265625
2026-07-23; 04:02:27; 402; 0; 32.83; 1006.92640625; 22.908203125
2026-07-23; 04:03:27; 402; 0; 32.8; 1006.9418359375; 22.9072265625
2026-07-23; 04:04:27; 407; 1; 32.84; 1006.8952734375; 22.828125
2026-07-23; 04:05:27; 402; 0; 32.68; 1006.94515625; 23.0390625
2026-07-23; 04:06:27; 407; 1; 32.83; 1006.8792578125; 22.8974609375
2026-07-23; 04:07:27; 402; 0; 32.84; 1006.8678125; 22.8740234375
2026-07-23; 04:08:27; 402; 0; 32.97; 1006.92703125; 22.732421875
2026-07-23; 04:09:27; 407; 1; 32.9; 1006.92671875; 22.7861328125
2026-07-23; 04:10:27; 402; 0; 32.82; 1006.9184375; 22.884765625
2026-07-23; 04:11:27; 402; 0; 32.77; 1006.99671875; 22.951171875
2026-07-23; 04:12:27; 402; 0; 32.89; 1006.958203125; 22.8076171875
2026-07-23; 04:13:27; 402; 0; 32.71; 1006.9455078125; 23.005859375
2026-07-23; 04:14:27; 402; 0; 32.91; 1006.997421875; 22.8095703125
2026-07-23; 04:15:27; 402; 0; 32.76; 1006.98875; 22.962890625
2026-07-23; 04:16:27; 402; 0; 32.96; 1007.0133984375; 22.7314453125
2026-07-23; 04:17:27; 402; 0; 32.78; 1007.0476171875; 22.9521484375
2026-07-23; 04:18:28; 402; 0; 32.74; 1007.0044140625; 22.99609375
2026-07-23; 04:19:28; 402; 0; 32.76; 1006.98875; 22.962890625
2026-07-23; 04:20:28; 402; 0; 32.92; 1007.032890625; 22.7861328125
2026-07-23; 04:21:28; 400; 0; 32.89; 1007.013125; 22.853515625
2026-07-23; 04:22:28; 402; 0; 32.78; 1006.9850390625; 22.974609375
2026-07-23; 04:23:28; 402; 0; 32.79; 1007.028203125; 22.9638671875
2026-07-23; 04:24:28; 402; 0; 32.63; 1007.0311328125; 23.1396484375
2026-07-23; 04:25:28; 402; 0; 32.8; 1006.969296875; 22.9072265625
2026-07-23; 04:26:28; 402; 0; 32.68; 1006.9531640625; 23.095703125
2026-07-23; 04:27:28; 402; 0; 32.58; 1006.96046875; 23.16015625
2026-07-23; 04:28:28; 402; 0; 32.75; 1007.0004296875; 22.9853515625
2026-07-23; 04:29:28; 402; 0; 32.85; 1006.993359375; 22.8984375
2026-07-23; 04:30:28; 402; 0; 32.8; 1006.969296875; 22.9072265625
2026-07-23; 04:31:28; 407; 1; 32.68; 1007.0275; 23.02734375
2026-07-23; 04:32:28; 400; 0; 32.75; 1007.0004296875; 23.0078125
2026-07-23; 04:33:28; 402; 0; 32.85; 1006.9384765625; 22.8642578125
2026-07-23; 04:34:28; 400; 0; 32.82; 1006.938125; 22.884765625
2026-07-23; 04:35:28; 402; 0; 32.56; 1006.98390625; 23.2158203125
2026-07-23; 04:36:28; 402; 0; 32.76; 1006.9535546875; 22.9970703125
2026-07-23; 04:37:28; 402; 0; 32.79; 1006.9183984375; 22.94140625
2026-07-23; 04:38:28; 402; 0; 32.77; 1006.9144140625; 22.939453125
2026-07-23; 04:39:28; 402; 0; 32.68; 1006.9726171875; 23.0732421875
2026-07-23; 04:40:28; 402; 0; 32.7; 1007.0395703125; 23.0400390625
2026-07-23; 04:41:28; 402; 0; 32.89; 1006.958203125; 22.8193359375
2026-07-23; 04:42:28; 402; 0; 32.78; 1007.0201953125; 22.9404296875
2026-07-23; 04:43:28; 402; 0; 32.75; 1007.0750390625; 22.984375
2026-07-23; 04:44:28; 402; 0; 32.8; 1006.934140625; 22.9521484375
2026-07-23; 04:45:28; 402; 0; 33.0; 1007.0016796875; 22.7451171875
2026-07-23; 04:46:28; 402; 0; 32.92; 1007.005390625; 22.83203125
2026-07-23; 04:47:28; 402; 0; 32.75; 1006.992734375; 22.9619140625
2026-07-23; 04:48:28; 402; 0; 32.64; 1007.019453125; 23.1396484375
2026-07-23; 04:49:28; 403; 0; 32.72; 1006.92578125; 23.017578125
2026-07-23; 04:50:28; 403; 0; 32.6; 1007.038828125; 23.18359375
2026-07-23; 04:51:28; 406; 0; 32.64; 1007.019453125; 23.1279296875
2026-07-23; 04:52:28; 403; 0; 32.72; 1006.9806640625; 23.0751953125
2026-07-23; 04:53:28; 403; 0; 32.77; 1007.004453125; 22.986328125
2026-07-23; 04:54:28; 400; 0; 32.69; 1007.05125; 23.07421875
2026-07-23; 04:55:28; 403; 0; 32.61; 1007.03515625; 23.150390625
2026-07-23; 04:56:28; 403; 0; 32.52; 1007.0032421875; 23.294921875
2026-07-23; 04:57:28; 400; 0; 32.79; 1007.173203125; 22.9755859375
2026-07-23; 04:58:28; 400; 0; 32.62; 1007.0508984375; 23.162109375
2026-07-23; 04:59:28; 403; 0; 32.67; 1007.03921875; 23.083984375
2026-07-23; 05:00:28; 400; 0; 32.66; 1006.996015625; 23.1064453125
2026-07-23; 05:01:29; 403; 0; 32.78; 1007.0476171875; 22.986328125
2026-07-23; 05:02:29; 403; 0; 32.69; 1007.070703125; 23.0966796875
2026-07-23; 05:03:29; 403; 0; 32.59; 1007.1057421875; 23.18359375
2026-07-23; 05:04:29; 403; 0; 32.66; 1007.0783984375; 23.1298828125
2026-07-23; 05:05:29; 407; 1; 32.68; 1007.0630078125; 23.0732421875
2026-07-23; 05:06:29; 403; 0; 32.76; 1007.04359375; 23.0205078125
2026-07-23; 05:07:29; 407; 1; 32.62; 1007.042890625; 23.162109375
2026-07-23; 05:08:29; 403; 0; 32.66; 1007.0040625; 23.1416015625
2026-07-23; 05:09:29; 407; 1; 32.76; 1006.98875; 22.9970703125
2026-07-23; 05:10:29; 403; 0; 32.7; 1007.0395703125; 23.07421875
2026-07-23; 05:11:29; 407; 1; 32.75; 1007.0750390625; 23.0302734375
2026-07-23; 05:12:29; 407; 1; 32.75; 1007.1376953125; 22.9970703125
2026-07-23; 05:13:29; 407; 1; 32.54; 1007.0347265625; 23.25
2026-07-23; 05:14:29; 407; 1; 32.59; 1007.1057421875; 23.18359375
2026-07-23; 05:15:29; 403; 0; 32.6; 1007.1486328125; 23.2177734375
2026-07-23; 05:16:29; 403; 0; 32.67; 1007.0666796875; 23.1298828125
2026-07-23; 05:17:29; 407; 1; 32.65; 1007.1175390625; 23.140625
2026-07-23; 05:18:29; 407; 1; 32.62; 1007.15265625; 23.1728515625
2026-07-23; 05:19:29; 407; 1; 32.65; 1007.090078125; 23.140625
2026-07-23; 05:20:29; 407; 1; 32.72; 1007.1453515625; 23.0751953125
2026-07-23; 05:21:29; 407; 1; 32.82; 1007.19296875; 22.9306640625
2026-07-23; 05:22:29; 407; 1; 32.53; 1007.16421875; 23.2841796875
2026-07-23; 05:23:29; 407; 1; 32.66; 1007.13328125; 23.1640625
2026-07-23; 05:24:29; 403; 0; 32.71; 1007.18453125; 23.0400390625
2026-07-23; 05:25:29; 407; 1; 32.64; 1007.184140625; 23.1630859375
2026-07-23; 05:26:29; 403; 0; 32.63; 1007.2038671875; 23.2197265625
2026-07-23; 05:27:29; 403; 0; 32.67; 1007.1215625; 23.107421875
2026-07-23; 05:28:29; 403; 0; 32.89; 1007.2053125; 22.865234375
2026-07-23; 05:29:29; 407; 1; 32.61; 1007.1998046875; 23.1845703125
2026-07-23; 05:30:29; 403; 0; 32.36; 1007.198359375; 23.5048828125
2026-07-23; 05:31:29; 403; 0; 32.49; 1007.1835546875; 23.3271484375
2026-07-23; 05:32:29; 403; 0; 32.61; 1007.1094921875; 23.1953125
2026-07-23; 05:33:29; 400; 0; 32.56; 1007.1291015625; 23.2509765625
2026-07-23; 05:34:29; 400; 0; 32.66; 1007.16875; 23.17578125
2026-07-23; 05:35:29; 409; 1; 32.73; 1007.1611328125; 23.0751953125
2026-07-23; 05:36:29; 406; 0; 32.51; 1007.1601953125; 23.3056640625
2026-07-23; 05:37:29; 406; 0; 32.57; 1007.1094140625; 23.228515625
2026-07-23; 05:38:29; 406; 0; 32.65; 1007.0626171875; 23.1748046875
2026-07-23; 05:39:29; 409; 1; 32.58; 1007.0351171875; 23.240234375
2026-07-23; 05:40:29; 409; 1; 32.43; 1007.1359765625; 23.3935546875
2026-07-23; 05:41:29; 413; 1; 32.56; 1007.0742578125; 23.2509765625
2026-07-23; 05:42:29; 409; 1; 32.39; 1007.1358984375; 23.4482421875
2026-07-23; 05:43:29; 409; 1; 32.49; 1007.1561328125; 23.3046875
2026-07-23; 05:44:30; 409; 1; 32.5; 1007.13640625; 23.33984375
2026-07-23; 05:45:30; 406; 0; 32.67; 1007.15703125; 23.130859375
2026-07-23; 05:46:30; 413; 1; 32.59; 1007.1683203125; 23.2177734375
2026-07-23; 05:47:30; 413; 1; 32.46; 1007.136328125; 23.349609375
2026-07-23; 05:48:30; 409; 1; 32.32; 1007.190234375; 23.5478515625
2026-07-23; 05:49:30; 409; 1; 32.48; 1007.1598046875; 23.361328125
2026-07-23; 05:50:30; 409; 1; 32.51; 1007.1247265625; 23.3056640625
2026-07-23; 05:51:30; 409; 1; 32.48; 1007.1598046875; 23.373046875
2026-07-23; 05:52:30; 409; 1; 32.46; 1007.0814453125; 23.3837890625
2026-07-23; 05:53:30; 409; 1; 32.45; 1007.1205859375; 23.40625
2026-07-23; 05:54:30; 409; 1; 32.48; 1007.1598046875; 23.361328125
2026-07-23; 05:55:30; 409; 1; 32.33; 1007.1237109375; 23.537109375
2026-07-23; 05:56:30; 409; 1; 32.29; 1007.1430078125; 23.5810546875
2026-07-23; 05:57:30; 409; 1; 32.5; 1007.062109375; 23.31640625
2026-07-23; 05:58:30; 409; 1; 32.54; 1007.0976171875; 23.2841796875
2026-07-23; 05:59:30; 409; 1; 32.41; 1007.1125; 23.4384765625
2026-07-23; 06:00:30; 406; 0; 32.49; 1007.1287109375; 23.3740234375
2026-07-23; 06:01:30; 409; 1; 32.51; 1007.0778515625; 23.2939453125
2026-07-23; 06:02:30; 406; 0; 32.73; 1007.1062109375; 23.0869140625
2026-07-23; 06:03:30; 409; 1; 32.39; 1007.1358984375; 23.4599609375
2026-07-23; 06:04:30; 413; 1; 32.5; 1007.1444140625; 23.328125
2026-07-23; 06:05:30; 413; 1; 32.41; 1007.1673828125; 23.4609375
2026-07-23; 06:06:30; 413; 1; 32.31; 1007.1001953125; 23.58203125
2026-07-23; 06:07:30; 413; 1; 32.61; 1007.1643359375; 23.2646484375
2026-07-23; 06:08:30; 413; 1; 32.55; 1007.1328125; 23.2734375
2026-07-23; 06:09:30; 409; 1; 32.58; 1007.152578125; 23.263671875
2026-07-23; 06:10:30; 413; 1; 32.63; 1007.2507421875; 23.185546875
2026-07-23; 06:11:30; 409; 1; 32.4; 1007.1516015625; 23.4375
2026-07-23; 06:12:30; 409; 1; 32.48; 1007.1678125; 23.3271484375
2026-07-23; 06:13:30; 413; 1; 32.54; 1007.1525390625; 23.306640625
2026-07-23; 06:14:30; 413; 1; 32.54; 1007.089609375; 23.2724609375
2026-07-23; 06:15:30; 409; 1; 32.35; 1007.1003125; 23.52734375
2026-07-23; 06:16:30; 413; 1; 32.34; 1007.2217578125; 23.5263671875
2026-07-23; 06:17:30; 413; 1; 32.62; 1007.215546875; 23.2080078125
2026-07-23; 06:18:30; 413; 1; 32.44; 1007.1516796875; 23.3818359375
2026-07-23; 06:19:30; 413; 1; 32.36; 1007.198359375; 23.4697265625
2026-07-23; 06:20:30; 413; 1; 32.3; 1007.1667578125; 23.55859375
2026-07-23; 06:21:30; 413; 1; 32.64; 1007.2116015625; 23.185546875
2026-07-23; 06:22:30; 413; 1; 32.48; 1007.1323828125; 23.349609375
2026-07-23; 06:23:30; 415; 2; 32.55; 1007.2231640625; 23.3193359375
2026-07-23; 06:24:30; 413; 1; 32.51; 1007.132734375; 23.271484375
2026-07-23; 06:25:30; 420; 3; 32.58; 1007.17234375; 23.2626953125
2026-07-23; 06:26:30; 413; 1; 32.32; 1007.2805859375; 23.537109375
2026-07-23; 06:27:31; 413; 1; 32.47; 1007.1989453125; 23.3720703125
2026-07-23; 06:28:31; 413; 1; 32.39; 1007.2258984375; 23.4833984375
2026-07-23; 06:29:31; 415; 2; 32.29; 1007.2607421875; 23.5927734375
2026-07-23; 06:30:31; 413; 1; 32.36; 1007.198359375; 23.515625
2026-07-23; 06:31:31; 413; 1; 32.35; 1007.210078125; 23.52734375
2026-07-23; 06:32:31; 415; 2; 32.29; 1007.2607421875; 23.5693359375
2026-07-23; 06:33:31; 415; 2; 32.29; 1007.288203125; 23.603515625
2026-07-23; 06:34:31; 413; 1; 32.4; 1007.2690625; 23.4951171875
2026-07-23; 06:35:31; 415; 2; 32.24; 1007.27171875; 23.6357421875
2026-07-23; 06:36:31; 420; 3; 32.59; 1007.223203125; 23.251953125
2026-07-23; 06:37:31; 415; 2; 32.64; 1007.184140625; 23.173828125
2026-07-23; 06:38:31; 420; 3; 32.39; 1007.2533203125; 23.4375
2026-07-23; 06:39:31; 420; 3; 32.39; 1007.30046875; 23.4599609375
2026-07-23; 06:40:31; 420; 3; 32.34; 1007.3117578125; 23.50390625
2026-07-23; 06:41:31; 415; 2; 32.26; 1007.248359375; 23.6025390625
2026-07-23; 06:42:31; 415; 2; 32.45; 1007.2223046875; 23.4287109375
2026-07-23; 06:43:31; 415; 2; 32.44; 1007.1597265625; 23.37109375
2026-07-23; 06:44:31; 420; 3; 32.62; 1007.215546875; 23.1962890625
2026-07-23; 06:45:31; 415; 2; 32.71; 1007.2748828125; 23.09765625
2026-07-23; 06:46:31; 415; 2; 32.68; 1007.2745703125; 23.107421875
2026-07-23; 06:47:31; 420; 3; 32.39; 1007.28078125; 23.4375
2026-07-23; 06:48:31; 420; 3; 32.54; 1007.254296875; 23.2607421875
2026-07-23; 06:49:31; 423; 3; 32.43; 1007.30859375; 23.404296875
2026-07-23; 06:50:31; 420; 3; 32.35; 1007.3275390625; 23.515625
2026-07-23; 06:51:31; 423; 3; 32.34; 1007.2766015625; 23.5146484375
2026-07-23; 06:52:31; 423; 3; 32.43; 1007.2262890625; 23.439453125
2026-07-23; 06:53:31; 423; 3; 32.5; 1007.25421875; 23.3046875
2026-07-23; 06:54:31; 427; 4; 32.29; 1007.2607421875; 23.5810546875
2026-07-23; 06:55:31; 423; 3; 32.4; 1007.31625; 23.4716796875
2026-07-23; 06:56:31; 427; 4; 32.54; 1007.3171875; 23.2958984375
2026-07-23; 06:57:31; 423; 3; 32.41; 1007.3594140625; 23.4384765625
2026-07-23; 06:58:31; 427; 4; 32.21; 1007.2990234375; 23.6455078125
2026-07-23; 06:59:31; 423; 3; 32.22; 1007.314765625; 23.646484375
2026-07-23; 07:00:31; 427; 4; 32.29; 1007.3898828125; 23.5810546875
2026-07-23; 07:01:31; 423; 3; 32.34; 1007.3117578125; 23.50390625
2026-07-23; 07:02:31; 427; 4; 32.51; 1007.32484375; 23.3173828125
2026-07-23; 07:03:31; 423; 3; 32.48; 1007.3050390625; 23.361328125
2026-07-23; 07:04:31; 433; 5; 32.29; 1007.3155859375; 23.5576171875
2026-07-23; 07:05:31; 433; 5; 32.3; 1007.323359375; 23.5703125
2026-07-23; 07:06:31; 433; 5; 32.29; 1007.3624609375; 23.5693359375
2026-07-23; 07:07:31; 433; 5; 32.29; 1007.37046875; 23.5693359375
2026-07-23; 07:08:31; 433; 5; 32.27; 1007.373828125; 23.580078125
2026-07-23; 07:09:31; 433; 5; 32.41; 1007.3868359375; 23.4267578125
2026-07-23; 07:10:32; 433; 5; 32.47; 1007.3361328125; 23.337890625
2026-07-23; 07:11:32; 427; 4; 32.54; 1007.3640625; 23.2958984375
2026-07-23; 07:12:32; 433; 5; 32.4; 1007.3711328125; 23.4375
2026-07-23; 07:13:32; 433; 5; 32.28; 1007.409296875; 23.5576171875
2026-07-23; 07:14:32; 427; 4; 32.38; 1007.3395703125; 23.4599609375
2026-07-23; 07:15:32; 433; 5; 32.27; 1007.393515625; 23.580078125
2026-07-23; 07:16:32; 433; 5; 32.32; 1007.382265625; 23.525390625
2026-07-23; 07:17:32; 435; 5; 32.42; 1007.3751953125; 23.4384765625
2026-07-23; 07:18:32; 435; 5; 32.4; 1007.378828125; 23.4150390625
2026-07-23; 07:19:32; 433; 5; 32.44; 1007.4066796875; 23.37109375
2026-07-23; 07:20:32; 435; 5; 32.37; 1007.441328125; 23.4931640625
2026-07-23; 07:21:32; 435; 5; 32.4; 1007.3711328125; 23.42578125
2026-07-23; 07:22:32; 435; 5; 32.38; 1007.34734375; 23.4365234375
2026-07-23; 07:23:32; 435; 5; 32.39; 1007.3553515625; 23.4375
2026-07-23; 07:24:32; 435; 5; 32.37; 1007.3512890625; 23.4365234375
2026-07-23; 07:25:32; 435; 5; 32.2; 1007.338125; 23.6572265625
2026-07-23; 07:26:32; 439; 5; 32.37; 1007.4138671875; 23.482421875
2026-07-23; 07:27:32; 439; 5; 32.19; 1007.4046484375; 23.6796875
2026-07-23; 07:28:32; 439; 5; 32.33; 1007.42546875; 23.537109375
2026-07-23; 07:29:32; 439; 5; 32.61; 1007.391953125; 23.25390625
2026-07-23; 07:30:32; 439; 5; 32.49; 1007.430546875; 23.3046875
2026-07-23; 07:31:32; 439; 5; 32.4; 1007.398515625; 23.44921875
2026-07-23; 07:32:32; 445; 6; 32.2; 1007.3458203125; 23.69140625
2026-07-23; 07:33:32; 445; 6; 32.37; 1007.441328125; 23.5166015625
2026-07-23; 07:34:32; 439; 5; 32.21; 1007.2793359375; 23.634765625
2026-07-23; 07:35:32; 445; 6; 32.48; 1007.4067578125; 23.3271484375
2026-07-23; 07:36:32; 448; 7; 32.35; 1007.4098046875; 23.4814453125
2026-07-23; 07:37:32; 445; 6; 32.39; 1007.43765625; 23.4482421875
2026-07-23; 07:38:32; 445; 6; 32.31; 1007.4294140625; 23.5361328125
2026-07-23; 07:39:32; 445; 6; 32.55; 1007.497578125; 23.26171875
2026-07-23; 07:40:32; 448; 7; 32.4; 1007.535703125; 23.4375
2026-07-23; 07:41:32; 448; 7; 32.43; 1007.5280859375; 23.3701171875
2026-07-23; 07:42:32; 445; 6; 32.44; 1007.4341015625; 23.359375
2026-07-23; 07:43:32; 448; 7; 32.55; 1007.4152734375; 23.28515625
2026-07-23; 07:44:32; 448; 7; 32.22; 1007.5419140625; 23.623046875
2026-07-23; 07:45:32; 448; 7; 32.4; 1007.5434375; 23.4384765625
2026-07-23; 07:46:32; 448; 7; 32.29; 1007.554453125; 23.5693359375
2026-07-23; 07:47:32; 448; 7; 32.32; 1007.5823046875; 23.525390625
2026-07-23; 07:48:32; 448; 7; 32.35; 1007.51953125; 23.4921875
2026-07-23; 07:49:32; 448; 7; 32.17; 1007.5728515625; 23.701171875
2026-07-23; 07:50:32; 448; 7; 32.29; 1007.5819140625; 23.5810546875
2026-07-23; 07:51:32; 448; 7; 32.69; 1007.53734375; 23.1083984375
2026-07-23; 07:52:32; 452; 7; 32.52; 1007.642421875; 23.271484375
2026-07-23; 07:53:33; 452; 7; 32.31; 1007.5665625; 23.5478515625
2026-07-23; 07:54:33; 452; 7; 32.23; 1007.6125390625; 23.61328125
2026-07-23; 07:55:33; 448; 7; 32.31; 1007.66828125; 23.55859375
2026-07-23; 07:56:33; 452; 7; 32.21; 1007.6555859375; 23.69140625
2026-07-23; 07:57:33; 452; 7; 32.38; 1007.668828125; 23.482421875
2026-07-23; 07:58:33; 452; 7; 32.47; 1007.665390625; 23.3837890625
2026-07-23; 07:59:33; 452; 7; 32.35; 1007.731328125; 23.52734375
2026-07-23; 08:00:33; 452; 7; 32.3; 1007.625078125; 23.5703125
2026-07-23; 08:01:33; 457; 8; 32.3; 1007.7073828125; 23.55859375
2026-07-23; 08:02:33; 457; 8; 32.45; 1007.77109375; 23.4287109375
2026-07-23; 08:03:33; 457; 8; 32.24; 1007.7303125; 23.6240234375
2026-07-23; 08:04:33; 460; 9; 32.36; 1007.699921875; 23.5048828125
2026-07-23; 08:05:33; 457; 8; 32.4; 1007.7355078125; 23.44921875
2026-07-23; 08:06:33; 457; 8; 32.41; 1007.743515625; 23.4267578125
2026-07-23; 08:07:33; 460; 9; 32.43; 1007.8024609375; 23.439453125
2026-07-23; 08:08:33; 460; 9; 32.25; 1007.7537890625; 23.6025390625
2026-07-23; 08:09:33; 460; 9; 32.37; 1007.7628125; 23.4931640625
2026-07-23; 08:10:33; 460; 9; 32.3; 1007.7348046875; 23.546875
2026-07-23; 08:11:33; 460; 9; 32.25; 1007.8909375; 23.625
2026-07-23; 08:12:33; 460; 9; 32.27; 1007.805; 23.591796875
2026-07-23; 08:13:33; 460; 9; 32.46; 1007.8223046875; 23.4296875
2026-07-23; 08:14:33; 460; 9; 32.41; 1007.825859375; 23.4267578125
2026-07-23; 08:15:33; 460; 9; 32.34; 1007.74296875; 23.5146484375
2026-07-23; 08:16:33; 464; 9; 32.43; 1007.8024609375; 23.427734375
2026-07-23; 08:17:33; 464; 9; 32.36; 1007.86453125; 23.4931640625
2026-07-23; 08:18:33; 464; 9; 32.4; 1007.810078125; 23.4716796875
2026-07-23; 08:19:33; 464; 9; 32.28; 1007.848203125; 23.5927734375
2026-07-23; 08:20:33; 464; 9; 32.3; 1007.8445703125; 23.5703125
2026-07-23; 08:21:33; 464; 9; 32.52; 1007.7990625; 23.3291015625
2026-07-23; 08:22:33; 464; 9; 32.3; 1007.8251171875; 23.55859375
2026-07-23; 08:23:33; 464; 9; 32.2; 1007.8044140625; 23.703125
2026-07-23; 08:24:33; 460; 9; 32.35; 1007.8684765625; 23.4921875
2026-07-23; 08:25:33; 460; 9; 32.3; 1007.871953125; 23.5703125
2026-07-23; 08:26:33; 464; 9; 32.39; 1007.8294921875; 23.4609375
2026-07-23; 08:27:33; 464; 9; 32.48; 1007.7715234375; 23.373046875
2026-07-23; 08:28:33; 464; 9; 32.33; 1007.8446875; 23.5263671875
2026-07-23; 08:29:33; 460; 9; 32.26; 1007.7969921875; 23.6142578125
2026-07-23; 08:30:33; 464; 9; 32.3; 1007.817109375; 23.55859375
2026-07-23; 08:31:33; 464; 9; 32.2; 1007.7846875; 23.66796875
2026-07-23; 08:32:33; 464; 9; 32.51; 1007.81875; 23.3740234375
2026-07-23; 08:33:33; 464; 9; 32.5; 1007.7755859375; 23.33984375
2026-07-23; 08:34:33; 464; 9; 32.52; 1007.83453125; 23.3291015625
2026-07-23; 08:35:33; 464; 9; 32.59; 1007.881875; 23.275390625
2026-07-23; 08:36:34; 464; 9; 32.41; 1007.778671875; 23.4384765625
2026-07-23; 08:37:34; 472; 10; 32.38; 1007.806015625; 23.482421875
2026-07-23; 08:38:34; 464; 9; 32.28; 1007.7933203125; 23.5927734375
2026-07-23; 08:39:34; 464; 9; 32.23; 1007.8319921875; 23.6357421875
2026-07-23; 08:40:34; 464; 9; 32.26; 1007.851796875; 23.580078125
2026-07-23; 08:41:34; 464; 9; 32.47; 1007.8655078125; 23.4189453125
2026-07-23; 08:42:34; 464; 9; 32.22; 1007.863359375; 23.658203125
2026-07-23; 08:43:34; 472; 10; 32.36; 1007.88421875; 23.5615234375
2026-07-23; 08:44:34; 472; 10; 32.25; 1007.8086328125; 23.6025390625
2026-07-23; 08:45:34; 472; 10; 32.37; 1007.825390625; 23.482421875
2026-07-23; 08:46:34; 472; 10; 32.32; 1007.8486328125; 23.5712890625
2026-07-23; 08:47:34; 472; 10; 32.48; 1007.7908984375; 23.373046875
2026-07-23; 08:48:34; 472; 10; 32.21; 1007.8553125; 23.6806640625
2026-07-23; 08:49:34; 472; 10; 32.17; 1007.8119921875; 23.7236328125
2026-07-23; 08:50:34; 472; 10; 32.2; 1007.8395703125; 23.6796875
2026-07-23; 08:51:34; 464; 9; 32.29; 1007.86421875; 23.5927734375
2026-07-23; 08:52:34; 472; 10; 32.43; 1007.8024609375; 23.4736328125
2026-07-23; 08:53:34; 472; 10; 32.54; 1007.8854296875; 23.306640625
2026-07-23; 08:54:34; 472; 10; 32.48; 1007.818359375; 23.3837890625
2026-07-23; 08:55:34; 472; 10; 32.21; 1007.80046875; 23.6806640625
2026-07-23; 08:56:34; 464; 9; 32.34; 1007.88015625; 23.548828125
2026-07-23; 08:57:34; 464; 9; 32.34; 1007.833046875; 23.5263671875
2026-07-23; 08:58:34; 472; 10; 32.32; 1007.9309375; 23.5712890625
2026-07-23; 08:59:34; 472; 10; 32.4; 1007.8649609375; 23.5068359375
2026-07-23; 09:00:34; 460; 9; 32.44; 1007.900546875; 23.4287109375
2026-07-23; 09:01:34; 464; 9; 32.2; 1007.8866796875; 23.69140625
2026-07-23; 09:02:34; 464; 9; 32.12; 1007.9134375; 23.767578125
2026-07-23; 09:03:34; 464; 9; 32.58; 1007.91328125; 23.2861328125
2026-07-23; 09:04:34; 464; 9; 32.43; 1007.9591015625; 23.404296875
2026-07-23; 09:05:34; 464; 9; 32.55; 1007.964140625; 23.296875
2026-07-23; 09:06:34; 464; 9; 32.49; 1007.9519140625; 23.3388671875
2026-07-23; 09:07:34; 464; 9; 32.51; 1008.0028125; 23.33984375
2026-07-23; 09:08:34; 464; 9; 32.45; 1007.9437890625; 23.40625
2026-07-23; 09:09:34; 464; 9; 32.51; 1007.9834375; 23.3173828125
2026-07-23; 09:10:34; 464; 9; 32.4; 1007.982421875; 23.4033203125
2026-07-23; 09:11:34; 464; 9; 32.31; 1008.0055078125; 23.5478515625
2026-07-23; 09:12:34; 464; 9; 32.23; 1007.9965234375; 23.6357421875
2026-07-23; 09:13:34; 464; 9; 32.25; 1007.9732421875; 23.6142578125
2026-07-23; 09:14:34; 464; 9; 32.1; 1008.0190625; 23.80078125
2026-07-23; 09:15:34; 460; 9; 32.34; 1007.9898828125; 23.5263671875
2026-07-23; 09:16:34; 457; 8; 32.33; 1007.9466796875; 23.537109375
2026-07-23; 09:17:34; 460; 9; 32.22; 1007.9259375; 23.658203125
2026-07-23; 09:18:34; 460; 9; 32.33; 1007.974140625; 23.537109375
2026-07-23; 09:19:35; 460; 9; 32.37; 1007.9274609375; 23.482421875
2026-07-23; 09:20:35; 460; 9; 32.15; 1007.972421875; 23.7568359375
2026-07-23; 09:21:35; 457; 8; 32.09; 1007.9678515625; 23.7998046875
2026-07-23; 09:22:35; 460; 9; 32.49; 1007.9793359375; 23.3623046875
2026-07-23; 09:23:35; 460; 9; 32.25; 1007.9929296875; 23.61328125
2026-07-23; 09:24:35; 460; 9; 32.63; 1007.9998046875; 23.197265625
2026-07-23; 09:25:35; 457; 8; 32.53; 1007.9875; 23.2958984375
2026-07-23; 09:26:35; 460; 9; 32.49; 1007.9793359375; 23.3388671875
2026-07-23; 09:27:35; 457; 8; 32.45; 1007.990625; 23.4169921875
2026-07-23; 09:28:35; 457; 8; 32.29; 1008.028828125; 23.5576171875
2026-07-23; 09:29:35; 460; 9; 32.32; 1008.0132421875; 23.5478515625
2026-07-23; 09:30:35; 460; 9; 32.47; 1008.03015625; 23.349609375
2026-07-23; 09:31:35; 457; 8; 32.4; 1008.029609375; 23.4716796875
2026-07-23; 09:32:35; 457; 8; 32.54; 1008.0501171875; 23.2724609375
2026-07-23; 09:33:35; 457; 8; 32.46; 1008.0144140625; 23.326171875
2026-07-23; 09:34:35; 457; 8; 32.58; 1008.0505078125; 23.251953125
2026-07-23; 09:35:35; 460; 9; 32.46; 1008.124140625; 23.337890625
2026-07-23; 09:36:35; 457; 8; 32.33; 1008.0564453125; 23.4912109375
2026-07-23; 09:37:35; 457; 8; 32.53; 1008.061796875; 23.2724609375
2026-07-23; 09:38:35; 457; 8; 32.5; 1008.0419921875; 23.2822265625
2026-07-23; 09:39:35; 452; 7; 32.59; 1008.0191015625; 23.18359375
2026-07-23; 09:40:35; 452; 7; 32.41; 1008.0453515625; 23.380859375
2026-07-23; 09:41:35; 452; 7; 32.71; 1007.9611328125; 23.0634765625
2026-07-23; 09:42:35; 452; 7; 32.48; 1007.96359375; 23.28125
2026-07-23; 09:43:35; 452; 7; 32.6; 1008.026875; 23.1494140625
2026-07-23; 09:44:35; 452; 7; 32.49; 1007.9519140625; 23.2705078125
2026-07-23; 09:45:35; 448; 7; 32.56; 1007.952421875; 23.1826171875
2026-07-23; 09:46:35; 452; 7; 32.48; 1007.928125; 23.2919921875
2026-07-23; 09:47:35; 448; 7; 32.54; 1007.9951953125; 23.21484375
2026-07-23; 09:48:35; 452; 7; 32.45; 1007.935703125; 23.3251953125
2026-07-23; 09:49:35; 448; 7; 32.55; 1007.9012109375; 23.2041015625
2026-07-23; 09:50:35; 448; 7; 32.53; 1007.842265625; 23.2265625
2026-07-23; 09:51:35; 452; 7; 32.44; 1007.9280078125; 23.3134765625
2026-07-23; 09:52:35; 452; 7; 32.62; 1007.8937109375; 23.1728515625
2026-07-23; 09:53:35; 448; 7; 32.43; 1007.931640625; 23.3359375
2026-07-23; 09:54:35; 448; 7; 32.32; 1007.9115234375; 23.4794921875
2026-07-23; 09:55:35; 448; 7; 32.24; 1007.9026171875; 23.578125
2026-07-23; 09:56:35; 452; 7; 32.34; 1007.8604296875; 23.4580078125
2026-07-23; 09:57:35; 452; 7; 32.58; 1007.885859375; 23.216796875
2026-07-23; 09:58:35; 452; 7; 32.39; 1007.9666796875; 23.4033203125
2026-07-23; 09:59:35; 452; 7; 32.4; 1007.892421875; 23.3798828125
2026-07-23; 10:00:35; 452; 7; 32.46; 1007.84171875; 23.2685546875
2026-07-23; 10:01:35; 452; 7; 32.39; 1007.8491796875; 23.3564453125
2026-07-23; 10:02:36; 448; 7; 32.43; 1007.829921875; 23.3125
2026-07-23; 10:03:36; 448; 7; 32.61; 1007.905390625; 23.1494140625
2026-07-23; 10:04:36; 448; 7; 32.53; 1007.877734375; 23.2265625
2026-07-23; 10:05:36; 452; 7; 32.38; 1007.8686328125; 23.3564453125
2026-07-23; 10:06:36; 448; 7; 32.41; 1007.880703125; 23.4150390625
2026-07-23; 10:07:36; 448; 7; 32.26; 1007.8441015625; 23.4990234375
2026-07-23; 10:08:36; 448; 7; 32.29; 1007.86421875; 23.4892578125
2026-07-23; 10:09:36; 448; 7; 32.47; 1007.8380859375; 23.24609375
2026-07-23; 10:10:36; 448; 7; 32.5; 1007.8853515625; 23.2587890625
2026-07-23; 10:11:36; 445; 6; 32.49; 1007.8969921875; 23.201171875
2026-07-23; 10:12:36; 445; 6; 32.22; 1007.898515625; 23.53125
2026-07-23; 10:13:36; 445; 6; 32.14; 1007.874375; 23.6533203125
2026-07-23; 10:14:36; 445; 6; 32.56; 1007.8975390625; 23.216796875
2026-07-23; 10:15:36; 445; 6; 32.26; 1007.851796875; 23.48828125
2026-07-23; 10:16:36; 445; 6; 32.37; 1007.95484375; 23.3671875
2026-07-23; 10:17:36; 439; 5; 32.36; 1007.9391015625; 23.3779296875
2026-07-23; 10:18:36; 445; 6; 32.47; 1007.8655078125; 23.234375
2026-07-23; 10:19:36; 439; 5; 32.54; 1007.912890625; 23.146484375
2026-07-23; 10:20:36; 439; 5; 32.57; 1007.932734375; 23.125
2026-07-23; 10:21:36; 445; 6; 32.44; 1007.982890625; 23.3251953125
2026-07-23; 10:22:36; 445; 6; 32.23; 1007.8868359375; 23.498046875
2026-07-23; 10:23:36; 439; 5; 32.29; 1007.86421875; 23.431640625
2026-07-23; 10:24:36; 439; 5; 32.26; 1007.8792578125; 23.4541015625
2026-07-23; 10:25:36; 439; 5; 32.35; 1007.9233203125; 23.3779296875
2026-07-23; 10:26:36; 439; 5; 32.18; 1007.85515625; 23.5634765625
2026-07-23; 10:27:36; 435; 5; 32.22; 1007.863359375; 23.4853515625
2026-07-23; 10:28:36; 439; 5; 32.24; 1007.847734375; 23.4755859375
2026-07-23; 10:29:36; 435; 5; 32.19; 1007.90609375; 23.5068359375
2026-07-23; 10:30:36; 435; 5; 32.3; 1007.871953125; 23.4091796875
2026-07-23; 10:31:36; 433; 5; 32.29; 1007.91109375; 23.419921875
2026-07-23; 10:32:37; 433; 5; 32.24; 1007.9026171875; 23.4755859375
2026-07-23; 10:33:37; 433; 5; 32.19; 1007.843515625; 23.49609375
2026-07-23; 10:34:37; 427; 4; 32.32; 1007.8212109375; 23.3876953125
2026-07-23; 10:35:37; 433; 5; 32.42; 1007.8416015625; 23.2666015625
2026-07-23; 10:36:37; 427; 4; 32.29; 1007.91109375; 23.3974609375
2026-07-23; 10:37:37; 433; 5; 32.34; 1007.88015625; 23.3427734375
2026-07-23; 10:38:37; 427; 4; 32.24; 1007.87515625; 23.4296875
2026-07-23; 10:39:37; 427; 4; 32.35; 1007.903671875; 23.2978515625
2026-07-23; 10:40:37; 423; 3; 32.26; 1007.934140625; 23.396484375
2026-07-23; 10:41:37; 423; 3; 32.29; 1007.9465625; 23.3740234375
2026-07-23; 10:42:37; 420; 3; 32.32; 1007.96640625; 23.341796875
2026-07-23; 10:43:37; 420; 3; 32.24; 1007.9300390625; 23.39453125
2026-07-23; 10:44:37; 420; 3; 32.28; 1007.9579296875; 23.33984375
2026-07-23; 10:45:37; 415; 2; 32.22; 1007.98078125; 23.4287109375
2026-07-23; 10:46:37; 420; 3; 32.23; 1007.9965234375; 23.4296875
2026-07-23; 10:47:37; 413; 1; 32.34; 1007.9898828125; 23.296875
2026-07-23; 10:48:37; 409; 1; 32.3; 1007.954296875; 23.3408203125
2026-07-23; 10:49:37; 409; 1; 32.43; 1007.9865234375; 23.1748046875
2026-07-23; 10:50:37; 409; 1; 32.34; 1007.962421875; 23.26171875
2026-07-23; 10:51:37; 409; 1; 32.3; 1007.9623046875; 23.318359375
2026-07-23; 10:52:37; 409; 1; 32.25; 1007.8909375; 23.349609375
2026-07-23; 10:53:37; 409; 1; 32.44; 1007.9280078125; 23.1416015625
2026-07-23; 10:54:37; 406; 0; 32.25; 1007.94578125; 23.349609375
2026-07-23; 10:55:37; 406; 0; 32.35; 1007.95078125; 23.228515625
2026-07-23; 10:56:37; 406; 0; 32.25; 1007.918359375; 23.3388671875
2026-07-23; 10:57:37; 406; 0; 32.43; 1007.967109375; 23.140625
2026-07-23; 10:58:37; 406; 0; 32.39; 1008.0215234375; 23.1396484375
2026-07-23; 10:59:37; 406; 0; 32.3; 1007.9897265625; 23.2724609375
2026-07-23; 11:00:37; 423; 3; 32.45; 1007.9631640625; 23.0732421875
2026-07-23; 11:01:38; 423; 3; 32.39; 1007.911796875; 23.173828125
2026-07-23; 11:02:38; 426; 3; 32.28; 1007.9579296875; 23.271484375
2026-07-23; 11:03:38; 423; 3; 32.31; 1007.8957421875; 23.2265625
2026-07-23; 11:04:38; 426; 3; 32.38; 1007.9157421875; 23.1611328125
2026-07-23; 11:05:38; 423; 3; 32.26; 1007.934140625; 23.29296875
2026-07-23; 11:06:38; 423; 3; 32.3; 1007.9268359375; 23.2373046875
2026-07-23; 11:07:38; 426; 3; 32.29; 1007.9659375; 23.259765625
2026-07-23; 11:08:38; 423; 3; 32.38; 1007.9508984375; 23.1845703125
2026-07-23; 11:09:38; 433; 5; 32.33; 1007.9192578125; 23.2275390625
2026-07-23; 11:10:38; 433; 5; 32.37; 1007.9274609375; 23.171875
2026-07-23; 11:11:38; 426; 3; 32.37; 1007.872578125; 23.18359375
2026-07-23; 11:12:38; 426; 3; 32.29; 1007.883671875; 23.248046875
2026-07-23; 11:13:38; 433; 5; 32.48; 1007.8812890625; 23.0400390625
2026-07-23; 11:14:38; 433; 5; 32.58; 1007.91328125; 22.96484375
2026-07-23; 11:15:38; 433; 5; 32.41; 1007.880703125; 23.09375
2026-07-23; 11:16:38; 438; 5; 32.39; 1007.9392578125; 23.150390625
2026-07-23; 11:17:38; 438; 5; 32.34; 1007.907578125; 23.2158203125
2026-07-23; 11:18:38; 441; 6; 32.33; 1007.9192578125; 23.205078125
2026-07-23; 11:19:38; 441; 6; 32.46; 1007.8223046875; 23.0283203125
2026-07-23; 11:20:38; 441; 6; 32.58; 1007.91328125; 22.94140625
2026-07-23; 11:21:38; 447; 7; 32.45; 1007.8614453125; 23.05078125
2026-07-23; 11:22:38; 447; 7; 32.41; 1007.880703125; 23.1513671875
2026-07-23; 11:23:38; 452; 7; 32.52; 1007.944296875; 22.9619140625
2026-07-23; 11:24:38; 452; 7; 32.49; 1007.94390625; 23.0517578125
2026-07-23; 11:25:38; 455; 8; 32.37; 1007.93515625; 23.1494140625
2026-07-23; 11:26:38; 455; 8; 32.37; 1007.872578125; 23.171875
2026-07-23; 11:27:38; 455; 8; 32.43; 1007.8767578125; 23.0830078125
2026-07-23; 11:28:38; 466; 10; 32.51; 1007.865625; 22.984375
2026-07-23; 11:29:38; 460; 9; 32.64; 1007.933203125; 22.8759765625
2026-07-23; 11:30:38; 466; 10; 32.52; 1007.8894140625; 22.9501953125
2026-07-23; 11:31:39; 466; 10; 32.49; 1007.888984375; 23.029296875
2026-07-23; 11:32:39; 466; 10; 32.43; 1007.849296875; 23.048828125
2026-07-23; 11:33:39; 472; 10; 32.4; 1007.810078125; 23.1162109375
2026-07-23; 11:34:39; 466; 10; 32.39; 1007.8491796875; 23.1162109375
2026-07-23; 11:35:39; 472; 10; 32.43; 1007.829921875; 23.1064453125
2026-07-23; 11:36:39; 472; 10; 32.5; 1007.822421875; 23.0068359375
2026-07-23; 11:37:39; 477; 11; 32.47; 1007.884921875; 23.0166015625
2026-07-23; 11:38:39; 477; 11; 32.49; 1007.9164453125; 23.017578125
2026-07-23; 11:39:39; 482; 12; 32.47; 1007.920390625; 23.0400390625
2026-07-23; 11:40:39; 482; 12; 32.48; 1007.873203125; 22.994140625
2026-07-23; 11:41:39; 477; 11; 32.52; 1007.8894140625; 22.9619140625
2026-07-23; 11:42:39; 482; 12; 32.45; 1007.8888671875; 23.02734375
2026-07-23; 11:43:39; 482; 12; 32.45; 1007.90828125; 23.0615234375
2026-07-23; 11:44:39; 482; 12; 32.5; 1007.8853515625; 22.9833984375
2026-07-23; 11:45:39; 482; 12; 32.5; 1007.822421875; 22.9951171875
2026-07-23; 11:46:39; 491; 13; 32.53; 1007.8502734375; 22.951171875
2026-07-23; 11:47:39; 482; 12; 32.66; 1007.8743359375; 22.865234375
2026-07-23; 11:48:39; 491; 13; 32.59; 1007.819296875; 22.861328125
2026-07-23; 11:49:39; 491; 13; 32.51; 1007.838203125; 22.9609375
2026-07-23; 11:50:39; 493; 14; 32.57; 1007.7955078125; 22.8837890625
2026-07-23; 11:51:39; 491; 13; 32.59; 1007.7918359375; 22.896484375
2026-07-23; 11:52:39; 491; 13; 32.58; 1007.81125; 22.8505859375
2026-07-23; 11:53:39; 493; 14; 32.67; 1007.8351953125; 22.7744140625
2026-07-23; 11:54:39; 491; 13; 32.55; 1007.8269140625; 22.8837890625
2026-07-23; 11:55:39; 491; 13; 32.56; 1007.8151953125; 22.849609375
2026-07-23; 11:56:39; 493; 14; 32.61; 1007.85046875; 22.83984375
2026-07-23; 11:57:39; 493; 14; 32.58; 1007.7486328125; 22.861328125
2026-07-23; 11:58:39; 493; 14; 32.57; 1007.7955078125; 22.849609375
2026-07-23; 11:59:39; 493; 14; 32.78; 1007.80859375; 22.69921875
2026-07-23; 12:00:39; 493; 14; 32.72; 1007.77671875; 22.6845703125
2026-07-23; 12:01:39; 493; 14; 32.77; 1007.7379296875; 22.6298828125
2026-07-23; 12:02:39; 493; 14; 32.65; 1007.69390625; 22.75
2026-07-23; 12:03:39; 493; 14; 32.77; 1007.8005859375; 22.67578125
2026-07-23; 12:04:39; 493; 14; 32.7; 1007.7726953125; 22.6953125
2026-07-23; 12:05:39; 493; 14; 32.77; 1007.828046875; 22.607421875
2026-07-23; 12:06:39; 491; 13; 32.74; 1007.8905859375; 22.62890625
2026-07-23; 12:07:39; 491; 13; 32.66; 1007.8275; 22.7158203125
2026-07-23; 12:08:40; 491; 13; 32.67; 1007.788359375; 22.716796875
2026-07-23; 12:09:40; 491; 13; 32.76; 1007.7221875; 22.6171875
2026-07-23; 12:10:40; 491; 13; 32.86; 1007.7973046875; 22.51953125
2026-07-23; 12:11:40; 482; 12; 32.72; 1007.77671875; 22.650390625
2026-07-23; 12:12:40; 482; 12; 32.82; 1007.74203125; 22.517578125
2026-07-23; 12:13:40; 491; 13; 32.76; 1007.8045703125; 22.62890625
2026-07-23; 12:14:40; 491; 13; 32.76; 1007.7024609375; 22.5947265625
2026-07-23; 12:15:40; 482; 12; 32.85; 1007.679765625; 22.4619140625
2026-07-23; 12:16:40; 482; 12; 32.83; 1007.640234375; 22.5068359375
2026-07-23; 12:17:40; 482; 12; 32.81; 1007.726328125; 22.505859375
2026-07-23; 12:18:40; 477; 11; 32.92; 1007.636953125; 22.3837890625
2026-07-23; 12:19:40; 477; 11; 32.96; 1007.645; 22.3291015625
2026-07-23; 12:20:40; 477; 11; 32.87; 1007.6131640625; 22.427734375
2026-07-23; 12:21:40; 472; 10; 32.89; 1007.65234375; 22.4287109375
2026-07-23; 12:22:40; 472; 10; 32.96; 1007.6724609375; 22.3408203125
2026-07-23; 12:23:40; 472; 10; 32.89; 1007.672109375; 22.3486328125
2026-07-23; 12:24:40; 466; 10; 32.91; 1007.648671875; 22.3837890625
2026-07-23; 12:25:40; 472; 10; 32.87; 1007.640625; 22.3818359375
2026-07-23; 12:26:40; 466; 10; 32.92; 1007.6721484375; 22.3388671875
2026-07-23; 12:27:40; 466; 10; 32.94; 1007.62125; 22.3056640625
2026-07-23; 12:28:40; 466; 10; 33.03; 1007.692265625; 22.228515625
2026-07-23; 12:29:40; 466; 10; 32.99; 1007.664765625; 22.26171875
2026-07-23; 12:30:40; 460; 9; 33.08; 1007.641640625; 22.1513671875
2026-07-23; 12:31:40; 466; 10; 33.06; 1007.582734375; 22.1728515625
2026-07-23; 12:32:40; 460; 9; 33.02; 1007.5666796875; 22.205078125
2026-07-23; 12:33:40; 460; 9; 33.05; 1007.531484375; 22.1494140625
2026-07-23; 12:34:40; 460; 9; 33.06; 1007.5003125; 22.162109375
2026-07-23; 12:35:40; 455; 8; 33.09; 1007.547578125; 22.09375
2026-07-23; 12:36:40; 455; 8; 33.09; 1007.53953125; 22.09375
2026-07-23; 12:37:40; 452; 7; 33.17; 1007.5555859375; 21.994140625
2026-07-23; 12:38:40; 447; 7; 33.2; 1007.4848828125; 21.94921875
2026-07-23; 12:39:40; 447; 7; 33.12; 1007.4296484375; 22.0146484375
2026-07-23; 12:40:40; 447; 7; 33.21; 1007.5005859375; 21.9384765625
2026-07-23; 12:41:40; 447; 7; 33.23; 1007.5046484375; 21.9052734375
2026-07-23; 12:42:40; 441; 6; 33.22; 1007.4144921875; 21.916015625
2026-07-23; 12:43:40; 438; 5; 33.24; 1007.3830078125; 21.9052734375
2026-07-23; 12:44:40; 438; 5; 33.26; 1007.4694140625; 21.849609375
2026-07-23; 12:45:40; 438; 5; 33.3; 1007.4773828125; 21.8515625
2026-07-23; 12:46:40; 433; 5; 33.34; 1007.45015625; 21.794921875
2026-07-23; 12:47:40; 433; 5; 33.36; 1007.3717578125; 21.75
2026-07-23; 12:48:40; 433; 5; 33.36; 1007.39921875; 21.7958984375
2026-07-23; 12:49:40; 438; 5; 33.28; 1007.3990234375; 21.8388671875
2026-07-23; 12:50:40; 438; 5; 33.32; 1007.501171875; 21.8056640625
2026-07-23; 12:51:41; 438; 5; 33.29; 1007.461640625; 21.8623046875
2026-07-23; 12:52:41; 433; 5; 33.26; 1007.477421875; 21.849609375
2026-07-23; 12:53:41; 438; 5; 33.24; 1007.391015625; 21.8828125
2026-07-23; 12:54:41; 433; 5; 33.28; 1007.4539453125; 21.8271484375
2026-07-23; 12:55:41; 433; 5; 33.27; 1007.438203125; 21.8271484375
2026-07-23; 12:56:41; 438; 5; 33.28; 1007.4459375; 21.8046875
2026-07-23; 12:57:41; 438; 5; 33.28; 1007.3715234375; 21.8388671875
2026-07-23; 12:58:41; 438; 5; 33.26; 1007.496875; 21.849609375
2026-07-23; 12:59:41; 441; 6; 33.27; 1007.438203125; 21.8271484375
2026-07-23; 13:00:41; 438; 5; 33.29; 1007.4696875; 21.8046875
2026-07-23; 13:01:41; 438; 5; 33.3; 1007.5403515625; 21.759765625
2026-07-23; 13:02:41; 438; 5; 33.29; 1007.4147265625; 21.7939453125
2026-07-23; 13:03:41; 438; 5; 33.31; 1007.3832421875; 21.759765625
2026-07-23; 13:04:41; 438; 5; 33.31; 1007.3557421875; 21.759765625
2026-07-23; 13:05:41; 441; 6; 33.32; 1007.2890625; 21.7373046875
2026-07-23; 13:06:41; 441; 6; 33.32; 1007.2890625; 21.7490234375
2026-07-23; 13:07:41; 441; 6; 33.33; 1007.35203125; 21.7490234375
2026-07-23; 13:08:41; 441; 6; 33.36; 1007.3244921875; 21.7275390625
2026-07-23; 13:09:41; 447; 7; 33.37; 1007.3325390625; 21.6826171875
2026-07-23; 13:10:41; 447; 7; 33.38; 1007.3287890625; 21.6708984375
2026-07-23; 13:11:41; 447; 7; 33.39; 1007.3170703125; 21.66015625
2026-07-23; 13:12:41; 447; 7; 33.4; 1007.2777734375; 21.6259765625
2026-07-23; 13:13:41; 447; 7; 33.41; 1007.2660546875; 21.638671875
2026-07-23; 13:14:41; 447; 7; 33.41; 1007.3759765625; 21.626953125
2026-07-23; 13:15:41; 441; 6; 33.39; 1007.2895703125; 21.6025390625
2026-07-23; 13:16:41; 441; 6; 33.44; 1007.3876953125; 21.5927734375
2026-07-23; 13:17:41; 441; 6; 33.43; 1007.371953125; 21.5693359375
2026-07-23; 13:18:41; 438; 5; 33.48; 1007.3406640625; 21.560546875
2026-07-23; 13:19:41; 441; 6; 33.48; 1007.2505078125; 21.537109375
2026-07-23; 13:20:41; 438; 5; 33.46; 1007.2267578125; 21.5595703125
2026-07-23; 13:21:41; 438; 5; 33.51; 1007.2504296875; 21.52734375
2026-07-23; 13:22:41; 438; 5; 33.52; 1007.238671875; 21.5048828125
2026-07-23; 13:23:41; 438; 5; 33.54; 1007.18765625; 21.4716796875
2026-07-23; 13:24:41; 438; 5; 33.53; 1007.19171875; 21.4599609375
2026-07-23; 13:25:41; 438; 5; 33.54; 1007.1799609375; 21.4599609375
2026-07-23; 13:26:41; 441; 6; 33.56; 1007.1564453125; 21.4375
2026-07-23; 13:27:41; 441; 6; 33.57; 1007.1798828125; 21.4267578125
2026-07-23; 13:28:41; 441; 6; 33.65; 1007.1051953125; 21.373046875
2026-07-23; 13:29:41; 441; 6; 33.65; 1007.18; 21.349609375
2026-07-23; 13:30:41; 438; 5; 33.64; 1007.1173046875; 21.361328125
2026-07-23; 13:31:41; 438; 5; 33.66; 1007.223203125; 21.3505859375
2026-07-23; 13:32:41; 441; 6; 33.64; 1007.172265625; 21.361328125
2026-07-23; 13:33:41; 441; 6; 33.68; 1007.1523828125; 21.33984375
2026-07-23; 13:34:42; 441; 6; 33.67; 1007.136640625; 21.31640625
2026-07-23; 13:35:42; 441; 6; 33.7; 1007.101328125; 21.283203125
2026-07-23; 13:36:42; 441; 6; 33.7; 1007.156328125; 21.2607421875
2026-07-23; 13:37:42; 441; 6; 33.7; 1007.101328125; 21.2490234375
2026-07-23; 13:38:42; 441; 6; 33.72; 1007.042578125; 21.2607421875
2026-07-23; 13:39:42; 441; 6; 33.72; 1007.1327734375; 21.25
2026-07-23; 13:40:42; 441; 6; 33.74; 1007.10921875; 21.2275390625
2026-07-23; 13:41:42; 441; 6; 33.74; 1007.16421875; 21.2158203125
2026-07-23; 13:42:42; 441; 6; 33.77; 1007.0662109375; 21.1826171875
2026-07-23; 13:43:42; 433; 5; 33.77; 1007.113203125; 21.1708984375
2026-07-23; 13:44:42; 433; 5; 33.77; 1007.0387109375; 21.16015625
2026-07-23; 13:45:42; 433; 5; 33.78; 1007.0464453125; 21.171875
2026-07-23; 13:46:42; 433; 5; 33.74; 1007.0267578125; 21.2158203125
2026-07-23; 13:47:42; 438; 5; 33.76; 1007.0974609375; 21.205078125
2026-07-23; 13:48:42; 438; 5; 33.76; 1007.0780078125; 21.1826171875
2026-07-23; 13:49:42; 438; 5; 33.8; 1007.003359375; 21.150390625
2026-07-23; 13:50:42; 438; 5; 33.79; 1007.1171484375; 21.171875
2026-07-23; 13:51:42; 433; 5; 33.85; 1007.1564453125; 21.0712890625
2026-07-23; 13:52:42; 433; 5; 33.82; 1007.1092578125; 21.138671875
2026-07-23; 13:53:42; 433; 5; 33.77; 1007.1956640625; 21.1708984375
2026-07-23; 13:54:42; 433; 5; 33.8; 1007.085859375; 21.1611328125
2026-07-23; 13:55:42; 426; 3; 33.8; 1006.9953515625; 21.103515625
2026-07-23; 13:56:42; 423; 3; 33.82; 1007.0073046875; 21.1162109375
2026-07-23; 13:57:42; 423; 3; 33.82; 1007.1173046875; 21.08203125
2026-07-23; 13:58:42; 417; 2; 33.87; 1007.050390625; 21.048828125
2026-07-23; 13:59:42; 409; 1; 33.88; 1007.1761328125; 21.0263671875
2026-07-23; 14:00:42; 414; 2; 33.91; 1007.078046875; 20.9931640625
2026-07-23; 14:01:42; 405; 0; 33.92; 1007.09375; 20.994140625
2026-07-23; 14:02:42; 405; 0; 33.95; 1007.03890625; 20.94921875
2026-07-23; 14:03:42; 405; 0; 33.94; 1007.07015625; 20.9716796875
2026-07-23; 14:04:42; 400; 0; 33.95; 1007.0583984375; 20.9716796875
2026-07-23; 14:05:42; 405; 0; 33.94; 1007.050703125; 20.94921875
2026-07-23; 14:06:42; 400; 0; 33.95; 1007.0308984375; 20.9140625
2026-07-23; 14:07:42; 405; 0; 33.97; 1007.0703515625; 20.916015625
2026-07-23; 14:08:42; 400; 0; 34.01; 1007.078203125; 20.8603515625
2026-07-23; 14:09:42; 400; 0; 34.0; 1007.1174609375; 20.8359375
2026-07-23; 14:10:42; 407; 1; 34.04; 1007.034765625; 20.837890625
2026-07-23; 14:11:42; 402; 0; 34.06; 1007.0937109375; 20.828125
2026-07-23; 14:12:42; 402; 0; 34.07; 1007.01921875; 20.79296875
2026-07-23; 14:13:42; 402; 0; 34.05; 1007.0153125; 20.8154296875
2026-07-23; 14:14:42; 400; 0; 34.07; 1007.12921875; 20.7822265625
2026-07-23; 14:15:42; 403; 0; 34.07; 1007.1567578125; 20.7822265625
2026-07-23; 14:16:42; 403; 0; 34.06; 1007.0937109375; 20.79296875
2026-07-23; 14:17:43; 403; 0; 34.08; 1007.1174609375; 20.7822265625
2026-07-23; 14:18:43; 400; 0; 34.08; 1007.0976171875; 20.7822265625
2026-07-23; 14:19:43; 400; 0; 34.11; 1007.1095703125; 20.7490234375
2026-07-23; 14:20:43; 408; 1; 34.1; 1007.0740234375; 20.7724609375
2026-07-23; 14:21:43; 408; 1; 34.09; 1007.1056640625; 20.7822265625
2026-07-23; 14:22:43; 413; 1; 34.09; 1007.085859375; 20.759765625
2026-07-23; 14:23:43; 413; 1; 34.11; 1007.062265625; 20.7490234375
2026-07-23; 14:24:43; 408; 1; 34.13; 1007.0386328125; 20.76171875
2026-07-23; 14:25:43; 405; 0; 34.14; 1007.0466796875; 20.73828125
2026-07-23; 14:26:43; 405; 0; 34.15; 1007.070078125; 20.705078125
2026-07-23; 14:27:43; 408; 1; 34.15; 1007.00734375; 20.716796875
2026-07-23; 14:28:43; 408; 1; 34.16; 1007.03078125; 20.716796875
2026-07-23; 14:29:43; 415; 2; 34.17; 1007.03875; 20.7060546875
2026-07-23; 14:30:43; 413; 1; 34.18; 1006.999140625; 20.68359375
2026-07-23; 14:31:43; 415; 2; 34.17; 1007.0112890625; 20.6826171875
2026-07-23; 14:32:43; 415; 2; 34.17; 1007.0662890625; 20.6826171875
2026-07-23; 14:33:43; 415; 2; 34.18; 1007.0266796875; 20.6943359375
2026-07-23; 14:34:43; 415; 2; 34.2; 1007.003046875; 20.6728515625
2026-07-23; 14:35:43; 408; 1; 34.21; 1007.0110546875; 20.6494140625
2026-07-23; 14:36:43; 415; 2; 34.21; 1006.9560546875; 20.6494140625
2026-07-23; 14:37:43; 422; 3; 34.21; 1006.96375; 20.6611328125
2026-07-23; 14:38:43; 415; 2; 34.2; 1007.022890625; 20.68359375
2026-07-23; 14:39:43; 415; 2; 34.21; 1007.0737890625; 20.6845703125
2026-07-23; 14:40:43; 415; 2; 34.21; 1006.9560546875; 20.6611328125
2026-07-23; 14:41:43; 413; 1; 34.19; 1006.93234375; 20.68359375
2026-07-23; 14:42:43; 415; 2; 34.21; 1006.8812109375; 20.6845703125
2026-07-23; 14:43:43; 422; 3; 34.21; 1006.8812109375; 20.6611328125
2026-07-23; 14:44:43; 415; 2; 34.22; 1006.806640625; 20.6728515625
2026-07-23; 14:45:43; 422; 3; 34.22; 1006.806640625; 20.650390625
2026-07-23; 14:46:43; 424; 3; 34.24; 1006.810546875; 20.6279296875
2026-07-23; 14:47:43; 422; 3; 34.24; 1006.7907421875; 20.6171875
2026-07-23; 14:48:43; 422; 3; 34.25; 1006.861484375; 20.62890625
2026-07-23; 14:49:43; 415; 2; 34.24; 1006.84578125; 20.6396484375
2026-07-23; 14:50:43; 415; 2; 34.24; 1006.8655859375; 20.6513671875
2026-07-23; 14:51:43; 415; 2; 34.25; 1006.8262890625; 20.6513671875
2026-07-23; 14:52:43; 422; 3; 34.26; 1006.8969921875; 20.62890625
2026-07-23; 14:53:43; 422; 3; 34.25; 1006.833984375; 20.6396484375
2026-07-23; 14:54:43; 422; 3; 34.24; 1006.763203125; 20.6396484375
2026-07-23; 14:55:43; 415; 2; 34.24; 1006.7357421875; 20.6396484375
2026-07-23; 14:56:43; 415; 2; 34.24; 1006.8182421875; 20.6630859375
2026-07-23; 14:57:43; 422; 3; 34.24; 1006.8182421875; 20.6171875
2026-07-23; 14:58:43; 424; 3; 34.27; 1006.8378515625; 20.6298828125
2026-07-23; 14:59:43; 424; 3; 34.28; 1006.7985546875; 20.6298828125
2026-07-23; 15:00:44; 428; 4; 34.3; 1006.8574609375; 20.619140625
2026-07-23; 15:01:44; 428; 4; 34.28; 1006.771015625; 20.6181640625
2026-07-23; 15:02:44; 428; 4; 34.25; 1006.8064453125; 20.6396484375
2026-07-23; 15:03:44; 422; 3; 34.27; 1006.8378515625; 20.6416015625
2026-07-23; 15:04:44; 422; 3; 34.26; 1006.739609375; 20.65234375
2026-07-23; 15:05:44; 422; 3; 34.26; 1006.7594140625; 20.6630859375
2026-07-23; 15:06:44; 422; 3; 34.26; 1006.7594140625; 20.65234375
2026-07-23; 15:07:44; 422; 3; 34.25; 1006.66890625; 20.6630859375
2026-07-23; 15:08:44; 415; 2; 34.26; 1006.62953125; 20.6640625
2026-07-23; 15:09:44; 424; 3; 34.27; 1006.7277734375; 20.6416015625
2026-07-23; 15:10:44; 424; 3; 34.3; 1006.69234375; 20.654296875
2026-07-23; 15:11:44; 422; 3; 34.31; 1006.7278515625; 20.642578125
2026-07-23; 15:12:44; 424; 3; 34.32; 1006.5784765625; 20.6083984375
2026-07-23; 15:13:44; 422; 3; 34.31; 1006.6728515625; 20.6318359375
2026-07-23; 15:14:44; 422; 3; 34.31; 1006.6453125; 20.6201171875
2026-07-23; 15:15:44; 424; 3; 34.28; 1006.6333984375; 20.6416015625
2026-07-23; 15:16:44; 424; 3; 34.28; 1006.6333984375; 20.6650390625
2026-07-23; 15:17:44; 435; 5; 34.28; 1006.6333984375; 20.6650390625
2026-07-23; 15:18:44; 435; 5; 34.29; 1006.6414453125; 20.6533203125
2026-07-23; 15:19:44; 435; 5; 34.3; 1006.629609375; 20.642578125
2026-07-23; 15:20:44; 428; 4; 34.29; 1006.61390625; 20.6533203125
2026-07-23; 15:21:44; 441; 6; 34.31; 1006.562734375; 20.6318359375
2026-07-23; 15:22:44; 441; 6; 34.32; 1006.5509375; 20.6318359375
2026-07-23; 15:23:44; 441; 6; 34.33; 1006.6844140625; 20.62109375
2026-07-23; 15:24:44; 445; 6; 34.36; 1006.6332421875; 20.6220703125
2026-07-23; 15:25:44; 445; 6; 34.36; 1006.61375; 20.576171875
2026-07-23; 15:26:44; 441; 6; 34.35; 1006.617578125; 20.59765625
2026-07-23; 15:27:44; 441; 6; 34.32; 1006.7512890625; 20.6435546875
2026-07-23; 15:28:44; 441; 6; 34.33; 1006.594140625; 20.6318359375
2026-07-23; 15:29:44; 441; 6; 34.32; 1006.613671875; 20.6318359375
2026-07-23; 15:30:44; 445; 6; 34.33; 1006.566640625; 20.62109375
2026-07-23; 15:31:44; 445; 6; 34.33; 1006.5743359375; 20.609375
2026-07-23; 15:32:44; 445; 6; 34.37; 1006.6019140625; 20.611328125
2026-07-23; 15:33:44; 441; 6; 34.37; 1006.59390625; 20.599609375
2026-07-23; 15:34:44; 445; 6; 34.36; 1006.61375; 20.599609375
2026-07-23; 15:35:44; 454; 8; 34.39; 1006.5507421875; 20.5888671875
2026-07-23; 15:36:44; 448; 7; 34.37; 1006.519375; 20.599609375
2026-07-23; 15:37:44; 448; 7; 34.37; 1006.511328125; 20.611328125
2026-07-23; 15:38:44; 448; 7; 34.35; 1006.5705078125; 20.6328125
2026-07-23; 15:39:44; 448; 7; 34.36; 1006.531171875; 20.611328125
2026-07-23; 15:40:44; 454; 8; 34.37; 1006.456328125; 20.611328125
2026-07-23; 15:41:44; 460; 9; 34.36; 1006.4956640625; 20.6337890625
2026-07-23; 15:42:44; 454; 8; 34.38; 1006.48; 20.611328125
2026-07-23; 15:43:45; 445; 6; 34.39; 1006.43265625; 20.6005859375
2026-07-23; 15:44:45; 445; 6; 34.38; 1006.4719921875; 20.5771484375
2026-07-23; 15:45:45; 448; 7; 34.4; 1006.4758984375; 20.6240234375
2026-07-23; 15:46:45; 448; 7; 34.38; 1006.582109375; 20.611328125
2026-07-23; 15:47:45; 448; 7; 34.36; 1006.468125; 20.6220703125
2026-07-23; 15:48:45; 454; 8; 34.38; 1006.49953125; 20.623046875
2026-07-23; 15:49:45; 448; 7; 34.39; 1006.487734375; 20.623046875
2026-07-23; 15:50:45; 448; 7; 34.36; 1006.523203125; 20.6220703125
2026-07-23; 15:51:45; 460; 9; 34.37; 1006.5388671875; 20.6220703125
2026-07-23; 15:52:45; 454; 8; 34.37; 1006.56640625; 20.6455078125
2026-07-23; 15:53:45; 460; 9; 34.38; 1006.5350390625; 20.634765625
2026-07-23; 15:54:45; 454; 8; 34.38; 1006.562578125; 20.634765625
2026-07-23; 15:55:45; 448; 7; 34.4; 1006.53890625; 20.6015625
2026-07-23; 15:56:45; 454; 8; 34.4; 1006.48390625; 20.6015625
2026-07-23; 15:57:45; 448; 7; 34.41; 1006.5466015625; 20.5556640625
2026-07-23; 15:58:45; 441; 6; 34.42; 1006.5348046875; 20.5439453125
2026-07-23; 15:59:45; 445; 6; 34.42; 1006.4877734375; 20.5556640625
2026-07-23; 16:00:45; 445; 6; 34.43; 1006.440390625; 20.5791015625
2026-07-23; 16:01:45; 448; 7; 34.43; 1006.5230078125; 20.5673828125
2026-07-23; 16:02:45; 448; 7; 34.43; 1006.420859375; 20.556640625
2026-07-23; 16:03:45; 454; 8; 34.44; 1006.4919140625; 20.568359375
2026-07-23; 16:04:45; 441; 6; 34.44; 1006.464375; 20.4990234375
2026-07-23; 16:05:45; 428; 4; 34.41; 1006.4995703125; 20.5322265625
2026-07-23; 16:06:45; 422; 3; 34.39; 1006.4681640625; 20.5771484375
2026-07-23; 16:07:45; 413; 1; 34.38; 1006.4444921875; 20.5537109375
2026-07-23; 16:08:45; 405; 0; 34.37; 1006.436796875; 20.564453125
2026-07-23; 16:09:45; 403; 0; 34.38; 1006.48; 20.5537109375
2026-07-23; 16:10:45; 400; 0; 34.35; 1006.4524609375; 20.5634765625
2026-07-23; 16:11:45; 402; 0; 34.33; 1006.4642578125; 20.5751953125
2026-07-23; 16:12:45; 402; 0; 34.33; 1006.40921875; 20.59765625
2026-07-23; 16:13:45; 405; 0; 34.36; 1006.440625; 20.552734375
2026-07-23; 16:14:45; 400; 0; 34.35; 1006.397421875; 20.5517578125
2026-07-23; 16:15:45; 400; 0; 34.36; 1006.4130859375; 20.541015625
2026-07-23; 16:16:45; 403; 0; 34.36; 1006.3580859375; 20.5185546875
2026-07-23; 16:17:45; 403; 0; 34.38; 1006.4249609375; 20.53125
2026-07-23; 16:18:45; 400; 0; 34.4; 1006.4563671875; 20.4970703125
2026-07-23; 16:19:45; 400; 0; 34.4; 1006.4208203125; 20.4970703125
2026-07-23; 16:20:45; 403; 0; 34.38; 1006.3423828125; 20.53125
2026-07-23; 16:21:45; 405; 0; 34.37; 1006.456328125; 20.5419921875
2026-07-23; 16:22:45; 405; 0; 34.37; 1006.456328125; 20.5537109375
2026-07-23; 16:23:45; 400; 0; 34.36; 1006.4956640625; 20.541015625
2026-07-23; 16:24:45; 402; 0; 34.38; 1006.416953125; 20.5419921875
2026-07-23; 16:25:45; 400; 0; 34.35; 1006.405390625; 20.541015625
2026-07-23; 16:26:46; 409; 1; 34.3; 1006.4369921875; 20.5732421875
2026-07-23; 16:27:46; 409; 1; 34.32; 1006.3935546875; 20.59765625
2026-07-23; 16:28:46; 409; 1; 34.32; 1006.366015625; 20.5859375
2026-07-23; 16:29:46; 411; 1; 34.33; 1006.3266796875; 20.5517578125
2026-07-23; 16:30:46; 416; 2; 34.33; 1006.40921875; 20.5751953125
2026-07-23; 16:31:46; 416; 2; 34.37; 1006.436796875; 20.5419921875
2026-07-23; 16:32:46; 411; 1; 34.37; 1006.4012890625; 20.5419921875
2026-07-23; 16:33:46; 416; 2; 34.37; 1006.4287890625; 20.5419921875
2026-07-23; 16:34:46; 416; 2; 34.32; 1006.3384765625; 20.5625
2026-07-23; 16:35:46; 416; 2; 34.36; 1006.385546875; 20.576171875
2026-07-23; 16:36:46; 411; 1; 34.36; 1006.338515625; 20.564453125
2026-07-23; 16:37:46; 416; 2; 34.36; 1006.3660546875; 20.5537109375
2026-07-23; 16:38:46; 416; 2; 34.38; 1006.361953125; 20.5537109375
2026-07-23; 16:39:46; 420; 3; 34.39; 1006.3776171875; 20.53125
2026-07-23; 16:40:46; 425; 3; 34.37; 1006.2716796875; 20.5537109375
2026-07-23; 16:41:46; 425; 3; 34.41; 1006.3539453125; 20.5087890625
2026-07-23; 16:42:46; 435; 5; 34.37; 1006.4012890625; 20.5537109375
2026-07-23; 16:43:46; 435; 5; 34.39; 1006.322578125; 20.54296875
2026-07-23; 16:44:46; 435; 5; 34.34; 1006.3897265625; 20.5869140625
2026-07-23; 16:45:46; 428; 4; 34.38; 1006.369921875; 20.53125
2026-07-23; 16:46:46; 435; 5; 34.36; 1006.4130859375; 20.552734375
2026-07-23; 16:47:46; 435; 5; 34.35; 1006.3778515625; 20.5751953125
2026-07-23; 16:48:46; 428; 4; 34.33; 1006.3266796875; 20.5751953125
2026-07-23; 16:49:46; 428; 4; 34.3; 1006.307109375; 20.619140625
2026-07-23; 16:50:46; 425; 3; 34.31; 1006.3701171875; 20.6318359375
2026-07-23; 16:51:46; 428; 4; 34.32; 1006.33078125; 20.6201171875
2026-07-23; 16:52:46; 435; 5; 34.24; 1006.29546875; 20.6513671875
2026-07-23; 16:53:46; 435; 5; 34.3; 1006.3269140625; 20.619140625
2026-07-23; 16:54:46; 439; 5; 34.32; 1006.2482421875; 20.6083984375
2026-07-23; 16:55:46; 439; 5; 34.28; 1006.3032421875; 20.6181640625
2026-07-23; 16:56:46; 439; 5; 34.3; 1006.271875; 20.595703125
2026-07-23; 16:57:46; 435; 5; 34.31; 1006.2952734375; 20.6201171875
2026-07-23; 16:58:46; 445; 6; 34.31; 1006.240234375; 20.6083984375
2026-07-23; 16:59:46; 445; 6; 34.31; 1006.260078125; 20.6318359375
2026-07-23; 17:00:46; 448; 7; 34.27; 1006.2325; 20.5947265625
2026-07-23; 17:01:46; 445; 6; 34.31; 1006.240234375; 20.59765625
2026-07-23; 17:02:46; 448; 7; 34.31; 1006.3228125; 20.6083984375
2026-07-23; 17:03:46; 448; 7; 34.32; 1006.385859375; 20.59765625
2026-07-23; 17:04:46; 445; 6; 34.33; 1006.2914453125; 20.5859375
2026-07-23; 17:05:46; 448; 7; 34.28; 1006.275703125; 20.6298828125
2026-07-23; 17:06:46; 448; 7; 34.22; 1006.2365625; 20.662109375
2026-07-23; 17:07:46; 445; 6; 34.26; 1006.2091015625; 20.6630859375
2026-07-23; 17:08:46; 445; 6; 34.23; 1006.16203125; 20.685546875
2026-07-23; 17:09:47; 445; 6; 34.26; 1006.1815625; 20.6630859375
2026-07-23; 17:10:47; 445; 6; 34.28; 1006.1304296875; 20.6416015625
2026-07-23; 17:11:47; 445; 6; 34.28; 1006.1931640625; 20.6298828125
2026-07-23; 17:12:47; 454; 8; 34.28; 1006.21296875; 20.6298828125
2026-07-23; 17:13:47; 454; 8; 34.27; 1006.2875390625; 20.6298828125
2026-07-23; 17:14:47; 454; 8; 34.26; 1006.2091015625; 20.65234375
2026-07-23; 17:15:47; 448; 7; 34.3; 1006.189296875; 20.630859375
2026-07-23; 17:16:47; 456; 8; 34.29; 1006.2562109375; 20.630859375
2026-07-23; 17:17:47; 454; 8; 34.23; 1006.16203125; 20.650390625
2026-07-23; 17:18:47; 448; 7; 34.27; 1006.205; 20.6416015625
2026-07-23; 17:19:47; 456; 8; 34.23; 1006.16203125; 20.685546875
2026-07-23; 17:20:47; 456; 8; 34.24; 1006.1579296875; 20.6748046875
2026-07-23; 17:21:47; 456; 8; 34.09; 1006.123046875; 20.7939453125
2026-07-23; 17:22:47; 456; 8; 34.22; 1006.146328125; 20.6962890625
2026-07-23; 17:23:47; 456; 8; 34.25; 1006.110859375; 20.6630859375
2026-07-23; 17:24:47; 461; 9; 34.3; 1006.16953125; 20.619140625
2026-07-23; 17:25:47; 464; 9; 34.28; 1006.138125; 20.6181640625
2026-07-23; 17:26:47; 461; 9; 34.26; 1006.1342578125; 20.65234375
2026-07-23; 17:27:47; 461; 9; 34.22; 1006.1540234375; 20.697265625
2026-07-23; 17:28:47; 461; 9; 34.26; 1006.1067578125; 20.65234375
2026-07-23; 17:29:47; 461; 9; 34.31; 1006.15; 20.6201171875
2026-07-23; 17:30:47; 464; 9; 34.29; 1006.1262890625; 20.619140625
2026-07-23; 17:31:47; 464; 9; 34.32; 1006.118359375; 20.57421875
2026-07-23; 17:32:47; 464; 9; 34.35; 1006.1497265625; 20.5634765625
2026-07-23; 17:33:47; 464; 9; 34.29; 1006.0712890625; 20.630859375
2026-07-23; 17:34:47; 464; 9; 34.33; 1006.098828125; 20.59765625
2026-07-23; 17:35:47; 472; 10; 34.29; 1006.1262890625; 20.630859375
2026-07-23; 17:36:47; 476; 11; 34.35; 1006.0946875; 20.5869140625
2026-07-23; 17:37:47; 472; 10; 34.29; 1006.0712890625; 20.630859375
2026-07-23; 17:38:47; 476; 11; 34.34; 1006.0869921875; 20.59765625
2026-07-23; 17:39:47; 476; 11; 34.25; 1006.110859375; 20.6396484375
2026-07-23; 17:40:47; 476; 11; 34.32; 1006.145859375; 20.59765625
2026-07-23; 17:41:47; 476; 11; 34.25; 1006.1383984375; 20.6513671875
2026-07-23; 17:42:47; 476; 11; 34.27; 1006.122421875; 20.6181640625
2026-07-23; 17:43:47; 476; 11; 34.31; 1006.1576953125; 20.59765625
2026-07-23; 17:44:47; 476; 11; 34.24; 1006.130390625; 20.62890625
2026-07-23; 17:45:47; 476; 11; 34.2; 1006.09515625; 20.6845703125
2026-07-23; 17:46:47; 476; 11; 34.28; 1006.15796875; 20.6416015625
2026-07-23; 17:47:47; 476; 11; 34.26; 1006.0990625; 20.62890625
2026-07-23; 17:48:47; 476; 11; 34.3; 1006.0792578125; 20.630859375
2026-07-23; 17:49:47; 476; 11; 34.28; 1006.1029296875; 20.6064453125
2026-07-23; 17:50:47; 476; 11; 34.3; 1006.0594140625; 20.642578125
2026-07-23; 17:51:47; 476; 11; 34.31; 1006.1224609375; 20.6083984375
2026-07-23; 17:52:48; 476; 11; 34.27; 1006.0398828125; 20.65234375
2026-07-23; 17:53:48; 476; 11; 34.33; 1006.1340625; 20.5751953125
2026-07-23; 17:54:48; 476; 11; 34.34; 1006.1144921875; 20.5869140625
2026-07-23; 17:55:48; 481; 12; 34.37; 1006.1260546875; 20.5185546875
2026-07-23; 17:56:48; 476; 11; 34.32; 1006.06328125; 20.5859375
2026-07-23; 17:57:48; 481; 12; 34.35; 1006.0201171875; 20.541015625
2026-07-23; 17:58:48; 483; 12; 34.26; 1006.016484375; 20.640625
2026-07-23; 17:59:48; 481; 12; 34.35; 1006.04765625; 20.5634765625
2026-07-23; 18:00:48; 483; 12; 34.32; 1006.165703125; 20.6201171875
2026-07-23; 18:01:48; 492; 14; 34.36; 1006.0278125; 20.564453125
2026-07-23; 18:02:48; 492; 14; 34.4; 1006.0080078125; 20.5087890625
2026-07-23; 18:03:48; 483; 12; 34.37; 1005.9689453125; 20.5537109375
2026-07-23; 18:04:48; 492; 14; 34.38; 1006.004140625; 20.5654296875
2026-07-23; 18:05:48; 492; 14; 34.32; 1006.03578125; 20.6083984375
2026-07-23; 18:06:48; 495; 14; 34.34; 1006.031953125; 20.5869140625
2026-07-23; 18:07:48; 495; 14; 34.38; 1005.957109375; 20.53125
2026-07-23; 18:08:48; 495; 14; 34.35; 1006.0201171875; 20.5634765625
2026-07-23; 18:09:48; 492; 14; 34.27; 1005.8748046875; 20.6064453125
2026-07-23; 18:10:48; 492; 14; 34.23; 1005.8593359375; 20.6396484375
2026-07-23; 18:11:48; 492; 14; 34.33; 1005.878671875; 20.5634765625
2026-07-23; 18:12:48; 483; 12; 34.32; 1005.9180078125; 20.5859375
2026-07-23; 18:13:48; 492; 14; 34.28; 1005.8354296875; 20.583984375
2026-07-23; 18:14:48; 483; 12; 34.3; 1005.839296875; 20.642578125
2026-07-23; 18:15:48; 483; 12; 34.31; 1005.9650390625; 20.59765625
2026-07-23; 18:16:48; 483; 12; 34.35; 1005.90203125; 20.5400390625
2026-07-23; 18:17:48; 492; 14; 34.26; 1005.9064453125; 20.6171875
2026-07-23; 18:18:48; 492; 14; 34.32; 1005.925703125; 20.6083984375
2026-07-23; 18:19:48; 492; 14; 34.3; 1005.9769140625; 20.630859375
2026-07-23; 18:20:48; 500; 15; 34.31; 1005.9100390625; 20.5859375
2026-07-23; 18:21:48; 495; 14; 34.31; 1005.87484375; 20.6201171875
2026-07-23; 18:22:48; 500; 15; 34.25; 1005.780703125; 20.62890625
2026-07-23; 18:23:48; 500; 15; 34.27; 1005.8748046875; 20.6181640625
2026-07-23; 18:24:48; 500; 15; 34.27; 1005.8670703125; 20.6064453125
2026-07-23; 18:25:48; 505; 15; 34.27; 1005.7922265625; 20.6416015625
2026-07-23; 18:26:48; 500; 15; 34.24; 1005.827734375; 20.6396484375
2026-07-23; 18:27:48; 500; 15; 34.24; 1005.8001953125; 20.6396484375
2026-07-23; 18:28:48; 500; 15; 34.18; 1005.73359375; 20.7177734375
2026-07-23; 18:29:48; 500; 15; 34.2; 1005.7649609375; 20.70703125
2026-07-23; 18:30:48; 500; 15; 34.18; 1005.8241015625; 20.6943359375
2026-07-23; 18:31:48; 500; 15; 34.29; 1005.8434375; 20.5849609375
2026-07-23; 18:32:48; 500; 15; 34.25; 1005.835703125; 20.6748046875
2026-07-23; 18:33:48; 500; 15; 34.21; 1005.8830078125; 20.6494140625
2026-07-23; 18:34:48; 495; 14; 34.2; 1005.86734375; 20.68359375
2026-07-23; 18:35:49; 500; 15; 34.23; 1005.81203125; 20.650390625
2026-07-23; 18:36:49; 500; 15; 34.15; 1005.879375; 20.716796875
2026-07-23; 18:37:49; 500; 15; 34.11; 1005.7891015625; 20.7607421875
2026-07-23; 18:38:49; 500; 15; 34.15; 1005.74953125; 20.740234375
2026-07-23; 18:39:49; 495; 14; 34.17; 1005.7258984375; 20.6943359375
2026-07-23; 18:40:49; 495; 14; 34.21; 1005.8356640625; 20.6728515625
2026-07-23; 18:41:49; 500; 15; 34.15; 1005.8045703125; 20.716796875
2026-07-23; 18:42:49; 500; 15; 34.22; 1005.843671875; 20.662109375
2026-07-23; 18:43:49; 500; 15; 34.17; 1005.7732421875; 20.7060546875
2026-07-23; 18:44:49; 500; 15; 34.13; 1005.800703125; 20.75
2026-07-23; 18:45:49; 500; 15; 34.28; 1005.7176953125; 20.6181640625
2026-07-23; 18:46:49; 500; 15; 34.23; 1005.8043359375; 20.6279296875
2026-07-23; 18:47:49; 505; 15; 34.24; 1005.8001953125; 20.6513671875
2026-07-23; 18:48:49; 505; 15; 34.29; 1005.7883984375; 20.5849609375
2026-07-23; 18:49:49; 515; 17; 34.25; 1005.780703125; 20.62890625
2026-07-23; 18:50:49; 515; 17; 34.33; 1005.7410546875; 20.59765625
2026-07-23; 18:51:49; 505; 15; 34.2; 1005.7649609375; 20.6728515625
2026-07-23; 18:52:49; 515; 17; 34.27; 1005.8120703125; 20.65234375
2026-07-23; 18:53:49; 515; 17; 34.27; 1005.75703125; 20.6298828125
2026-07-23; 18:54:49; 515; 17; 34.19; 1005.8043359375; 20.7177734375
2026-07-23; 18:55:49; 520; 18; 34.15; 1005.824375; 20.7275390625
2026-07-23; 18:56:49; 520; 18; 34.18; 1005.76109375; 20.7060546875
2026-07-23; 18:57:49; 520; 18; 34.14; 1005.7888671875; 20.7158203125
2026-07-23; 18:58:49; 520; 18; 34.25; 1005.7058203125; 20.6630859375
2026-07-23; 18:59:49; 520; 18; 34.2; 1005.7099609375; 20.6845703125
2026-07-23; 19:00:49; 515; 17; 34.29; 1005.7883984375; 20.642578125
2026-07-23; 19:01:49; 526; 19; 34.28; 1005.725390625; 20.6298828125
2026-07-23; 19:02:49; 520; 18; 34.22; 1005.7886328125; 20.6845703125
2026-07-23; 19:03:49; 520; 18; 34.15; 1005.7418359375; 20.7392578125
2026-07-23; 19:04:49; 520; 18; 34.12; 1005.667265625; 20.7607421875
2026-07-23; 19:05:49; 520; 18; 34.15; 1005.72203125; 20.728515625
2026-07-23; 19:06:49; 520; 18; 34.16; 1005.6199609375; 20.728515625
2026-07-23; 19:07:49; 520; 18; 34.21; 1005.725625; 20.6962890625
2026-07-23; 19:08:49; 520; 18; 34.22; 1005.6862890625; 20.673828125
2026-07-23; 19:09:49; 526; 19; 34.2; 1005.729765625; 20.70703125
2026-07-23; 19:10:49; 526; 19; 34.21; 1005.7179296875; 20.71875
2026-07-23; 19:11:49; 520; 18; 34.26; 1005.6587890625; 20.60546875
2026-07-23; 19:12:49; 515; 17; 34.27; 1005.7096875; 20.6181640625
2026-07-23; 19:13:49; 515; 17; 34.14; 1005.7338671875; 20.7275390625
2026-07-23; 19:14:49; 505; 15; 34.17; 1005.745703125; 20.7060546875
2026-07-23; 19:15:49; 500; 15; 34.18; 1005.67859375; 20.6943359375
2026-07-23; 19:16:49; 500; 15; 34.22; 1005.7412890625; 20.662109375
2026-07-23; 19:17:49; 505; 15; 34.11; 1005.7341015625; 20.7724609375
2026-07-23; 19:18:50; 500; 15; 34.1; 1005.6986328125; 20.7724609375
2026-07-23; 19:19:50; 515; 17; 34.1; 1005.72609375; 20.7724609375
2026-07-23; 19:20:50; 520; 18; 34.17; 1005.7258984375; 20.7060546875
2026-07-23; 19:21:50; 515; 17; 34.28; 1005.725390625; 20.607421875
2026-07-23; 19:22:50; 515; 17; 34.18; 1005.8161328125; 20.7060546875
2026-07-23; 19:23:50; 520; 18; 34.11; 1005.7693359375; 20.7607421875
2026-07-23; 19:24:50; 515; 17; 34.14; 1005.7338671875; 20.7392578125
2026-07-23; 19:25:50; 515; 17; 34.2; 1005.6824609375; 20.6845703125
2026-07-23; 19:26:50; 515; 17; 34.14; 1005.7613671875; 20.7509765625
2026-07-23; 19:27:50; 520; 18; 34.14; 1005.753671875; 20.75
2026-07-23; 19:28:50; 520; 18; 34.17; 1005.7533984375; 20.7412109375
2026-07-23; 19:29:50; 526; 19; 34.14; 1005.7338671875; 20.7392578125
2026-07-23; 19:30:50; 520; 18; 34.31; 1005.7173828125; 20.57421875
2026-07-23; 19:31:50; 520; 18; 34.11; 1005.714296875; 20.7607421875
2026-07-23; 19:32:50; 520; 18; 34.1; 1005.72609375; 20.7724609375
2026-07-23; 19:33:50; 515; 17; 34.13; 1005.71046875; 20.75
2026-07-23; 19:34:50; 520; 18; 34.13; 1005.663125; 20.76171875
2026-07-23; 19:35:50; 520; 18; 34.19; 1005.7217578125; 20.7294921875
2026-07-23; 19:36:50; 520; 18; 34.25; 1005.698125; 20.6171875
2026-07-23; 19:37:50; 526; 19; 34.16; 1005.737734375; 20.716796875
2026-07-23; 19:38:50; 520; 18; 34.33; 1005.69375; 20.5517578125
2026-07-23; 19:39:50; 520; 18; 34.14; 1005.7261328125; 20.7275390625
2026-07-23; 19:40:50; 526; 19; 34.31; 1005.7096875; 20.5966796875
2026-07-23; 19:41:50; 526; 19; 34.28; 1005.66265625; 20.6064453125
2026-07-23; 19:42:50; 526; 19; 34.24; 1005.599921875; 20.6630859375
2026-07-23; 19:43:50; 531; 19; 34.17; 1005.6906640625; 20.740234375
2026-07-23; 19:44:50; 526; 19; 34.18; 1005.6315234375; 20.6943359375
2026-07-23; 19:45:50; 531; 19; 34.07; 1005.6790625; 20.81640625
2026-07-23; 19:46:50; 526; 19; 34.14; 1005.678828125; 20.78515625
2026-07-23; 19:47:50; 539; 21; 34.15; 1005.6669921875; 20.716796875
2026-07-23; 19:48:50; 543; 21; 34.22; 1005.6587890625; 20.673828125
2026-07-23; 19:49:50; 531; 19; 34.36; 1005.6976171875; 20.541015625
2026-07-23; 19:50:50; 531; 19; 34.13; 1005.6554296875; 20.73828125
2026-07-23; 19:51:50; 543; 21; 34.28; 1005.66265625; 20.6064453125
2026-07-23; 19:52:50; 531; 19; 34.22; 1005.63125; 20.650390625
2026-07-23; 19:53:50; 549; 22; 34.13; 1005.663125; 20.7275390625
2026-07-23; 19:54:50; 549; 22; 34.33; 1005.6387109375; 20.5751953125
2026-07-23; 19:55:50; 549; 22; 34.32; 1005.6703515625; 20.59765625
2026-07-23; 19:56:50; 549; 22; 34.28; 1005.5878125; 20.572265625
2026-07-23; 19:57:50; 549; 22; 34.15; 1005.631796875; 20.7392578125
2026-07-23; 19:58:50; 539; 21; 34.16; 1005.6551953125; 20.705078125
2026-07-23; 19:59:50; 549; 22; 34.16; 1005.6551953125; 20.693359375
2026-07-23; 20:00:50; 564; 24; 34.25; 1005.6430859375; 20.6630859375
2026-07-23; 20:01:51; 549; 22; 34.19; 1005.63921875; 20.6953125
2026-07-23; 20:02:51; 564; 24; 34.27; 1005.6546875; 20.65234375
2026-07-23; 20:03:51; 564; 24; 34.18; 1005.7060546875; 20.6943359375
2026-07-23; 20:04:51; 564; 24; 34.36; 1005.7526171875; 20.5068359375
2026-07-23; 20:05:51; 567; 25; 34.38; 1005.728984375; 20.49609375
2026-07-23; 20:06:51; 567; 25; 34.45; 1005.67390625; 20.44140625
2026-07-23; 20:07:51; 567; 25; 34.45; 1005.709140625; 20.4189453125
2026-07-23; 20:08:51; 567; 25; 34.36; 1005.678046875; 20.5068359375
2026-07-23; 20:09:51; 574; 26; 34.16; 1005.710234375; 20.705078125
2026-07-23; 20:10:51; 567; 25; 34.3; 1005.6665234375; 20.5498046875
2026-07-23; 20:11:51; 567; 25; 34.15; 1005.7418359375; 20.7392578125
2026-07-23; 20:12:51; 574; 26; 34.17; 1005.745703125; 20.7177734375
2026-07-23; 20:13:51; 574; 26; 34.19; 1005.6942578125; 20.68359375
2026-07-23; 20:14:51; 574; 26; 34.14; 1005.7063671875; 20.7158203125
2026-07-23; 20:15:51; 580; 27; 34.02; 1005.710625; 20.8837890625
2026-07-23; 20:16:51; 580; 27; 34.08; 1005.7497265625; 20.759765625
2026-07-23; 20:17:51; 580; 27; 34.1; 1005.7734375; 20.794921875
2026-07-23; 20:18:51; 580; 27; 34.01; 1005.7304296875; 20.8720703125
2026-07-23; 20:19:51; 580; 27; 34.03; 1005.7537890625; 20.8603515625
2026-07-23; 20:20:51; 580; 27; 34.01; 1005.675390625; 20.8720703125
2026-07-23; 20:21:51; 580; 27; 34.23; 1005.694296875; 20.685546875
2026-07-23; 20:22:51; 580; 27; 34.35; 1005.689921875; 20.541015625
2026-07-23; 20:23:51; 580; 27; 34.15; 1005.72203125; 20.728515625
2026-07-23; 20:24:51; 584; 28; 34.11; 1005.686796875; 20.7607421875
2026-07-23; 20:25:51; 584; 28; 34.26; 1005.713828125; 20.640625
2026-07-23; 20:26:51; 594; 29; 34.17; 1005.718203125; 20.6826171875
2026-07-23; 20:27:51; 584; 28; 33.96; 1005.7619921875; 20.9150390625
2026-07-23; 20:28:51; 584; 28; 34.11; 1005.7066015625; 20.7607421875
2026-07-23; 20:29:51; 594; 29; 34.01; 1005.7029296875; 20.8837890625
2026-07-23; 20:30:51; 584; 28; 34.36; 1005.6976171875; 20.552734375
2026-07-23; 20:31:51; 594; 29; 34.12; 1005.7498046875; 20.7724609375
2026-07-23; 20:32:51; 600; 30; 34.14; 1005.7613671875; 20.7509765625
2026-07-23; 20:33:52; 600; 30; 34.14; 1005.781171875; 20.73828125
2026-07-23; 20:34:52; 603; 30; 33.89; 1005.7068359375; 20.9814453125
2026-07-23; 20:35:52; 603; 30; 34.19; 1005.8043359375; 20.671875
2026-07-23; 20:36:52; 603; 30; 34.03; 1005.7893359375; 20.849609375
2026-07-23; 20:37:52; 612; 32; 33.85; 1005.7815234375; 21.048828125
2026-07-23; 20:38:52; 612; 32; 33.98; 1005.8128515625; 20.916015625
2026-07-23; 20:39:52; 612; 32; 34.06; 1005.8559375; 20.828125
2026-07-23; 20:40:52; 612; 32; 33.89; 1005.816796875; 20.9921875
2026-07-23; 20:41:52; 623; 33; 34.07; 1005.83640625; 20.8505859375
2026-07-23; 20:42:52; 626; 34; 33.89; 1005.9073046875; 21.015625
2026-07-23; 20:43:52; 623; 33; 33.78; 1005.836640625; 21.13671875
2026-07-23; 20:44:52; 623; 33; 33.81; 1005.80125; 21.1044921875
2026-07-23; 20:45:52; 623; 33; 33.8; 1005.8760546875; 21.150390625
2026-07-23; 20:46:52; 626; 34; 34.13; 1005.8480078125; 20.7734375
2026-07-23; 20:47:52; 623; 33; 34.1; 1005.891171875; 20.794921875
2026-07-23; 20:48:52; 626; 34; 33.84; 1005.9033203125; 21.0478515625
2026-07-23; 20:49:52; 626; 34; 33.79; 1005.9623046875; 21.1259765625
2026-07-23; 20:50:52; 633; 35; 33.93; 1005.9544140625; 20.994140625
2026-07-23; 20:51:52; 633; 35; 33.72; 1005.950625; 21.21484375
2026-07-23; 20:52:52; 633; 35; 33.81; 1005.91125; 21.162109375
2026-07-23; 20:53:52; 640; 36; 33.96; 1005.9465234375; 20.9951171875
2026-07-23; 20:54:52; 640; 36; 33.92; 1005.94671875; 21.029296875
2026-07-23; 20:55:52; 640; 36; 33.74; 1005.92703125; 21.193359375
2026-07-23; 20:56:52; 650; 38; 33.86; 1005.9072265625; 21.1064453125
2026-07-23; 20:57:52; 650; 38; 33.71; 1005.8447265625; 21.2373046875
2026-07-23; 20:58:52; 650; 38; 33.85; 1005.8445703125; 21.0947265625
2026-07-23; 20:59:52; 653; 38; 33.85; 1005.87203125; 21.072265625
2026-07-23; 21:00:52; 653; 38; 33.64; 1005.9077734375; 21.3037109375
2026-07-23; 21:01:52; 660; 39; 33.7; 1005.94671875; 21.2373046875
2026-07-23; 21:02:53; 660; 39; 33.66; 1005.903671875; 21.28125
2026-07-23; 21:03:53; 653; 38; 33.78; 1005.919140625; 21.13671875
2026-07-23; 21:04:53; 653; 38; 33.71; 1005.879921875; 21.2265625
2026-07-23; 21:05:53; 660; 39; 33.59; 1005.85671875; 21.3583984375
2026-07-23; 21:06:53; 660; 39; 33.59; 1005.8919140625; 21.34765625
2026-07-23; 21:07:53; 660; 39; 33.65; 1005.8956640625; 21.3154296875
2026-07-23; 21:08:53; 671; 41; 33.72; 1005.923125; 21.21484375
2026-07-23; 21:09:53; 678; 42; 33.68; 1005.9625390625; 21.2939453125
2026-07-23; 21:10:53; 678; 42; 33.68; 1005.9702734375; 21.2939453125
2026-07-23; 21:11:53; 678; 42; 33.59; 1005.9194140625; 21.34765625
2026-07-23; 21:12:53; 678; 42; 33.73; 1005.9937890625; 21.2275390625
2026-07-23; 21:13:53; 678; 42; 33.47; 1005.8881640625; 21.513671875
2026-07-23; 21:14:53; 678; 42; 33.54; 1005.8606640625; 21.4365234375
2026-07-23; 21:15:53; 686; 43; 33.57; 1005.9078125; 21.392578125
2026-07-23; 21:16:53; 686; 43; 33.41; 1005.9195703125; 21.5458984375
2026-07-23; 21:17:53; 686; 43; 33.57; 1005.8880078125; 21.392578125
2026-07-23; 21:18:53; 686; 43; 33.59; 1005.93921875; 21.3583984375
2026-07-23; 21:19:53; 686; 43; 33.54; 1005.8606640625; 21.4365234375
2026-07-23; 21:20:53; 686; 43; 33.6; 1005.9548828125; 21.359375
2026-07-23; 21:21:53; 686; 43; 33.57; 1005.9979296875; 21.3583984375
2026-07-23; 21:22:53; 694; 44; 33.71; 1006.0096875; 21.2724609375
2026-07-23; 21:23:53; 686; 43; 33.55; 1005.986328125; 21.4033203125
2026-07-23; 21:24:53; 694; 44; 33.55; 1005.986328125; 21.4140625
2026-07-23; 21:25:53; 694; 44; 33.51; 1005.9509765625; 21.458984375
2026-07-23; 21:26:53; 694; 44; 33.41; 1005.97453125; 21.53515625
2026-07-23; 21:27:53; 694; 44; 33.41; 1005.993984375; 21.5341796875
2026-07-23; 21:28:53; 694; 44; 33.48; 1005.9940234375; 21.5029296875
2026-07-23; 21:29:53; 700; 45; 33.41; 1005.993984375; 21.5576171875
2026-07-23; 21:30:53; 694; 44; 33.4; 1006.0332421875; 21.5791015625
2026-07-23; 21:31:53; 694; 44; 33.53; 1006.017578125; 21.4482421875
2026-07-23; 21:32:54; 700; 45; 33.39; 1006.025546875; 21.556640625
2026-07-23; 21:33:54; 694; 44; 33.56; 1006.0372265625; 21.4033203125
2026-07-23; 21:34:54; 694; 44; 33.51; 1006.0883984375; 21.458984375
2026-07-23; 21:35:54; 694; 44; 33.53; 1006.1825; 21.4482421875
2026-07-23; 21:36:54; 694; 44; 33.5; 1006.12765625; 21.4462890625
2026-07-23; 21:37:54; 700; 45; 33.41; 1006.1394140625; 21.5576171875
2026-07-23; 21:38:54; 694; 44; 33.4; 1006.151171875; 21.580078125
2026-07-23; 21:39:54; 694; 44; 33.44; 1006.0766015625; 21.466796875
2026-07-23; 21:40:54; 694; 44; 33.38; 1006.13921875; 21.5673828125
2026-07-23; 21:41:54; 700; 45; 33.37; 1006.2059375; 21.61328125
2026-07-23; 21:42:54; 700; 45; 33.35; 1006.229453125; 21.6123046875
2026-07-23; 21:43:54; 700; 45; 33.38; 1006.2296875; 21.5791015625
2026-07-23; 21:44:54; 710; 47; 33.46; 1006.237421875; 21.513671875
2026-07-23; 21:45:54; 700; 45; 33.58; 1006.2533203125; 21.380859375
2026-07-23; 21:46:54; 700; 45; 33.39; 1006.2453515625; 21.5224609375
2026-07-23; 21:47:54; 700; 45; 33.47; 1006.300390625; 21.5029296875
2026-07-23; 21:48:54; 710; 47; 33.39; 1006.2923046875; 21.568359375
2026-07-23; 21:49:54; 710; 47; 33.32; 1006.3196875; 21.66796875
2026-07-23; 21:50:54; 710; 47; 33.32; 1006.299921875; 21.6337890625
2026-07-23; 21:51:54; 710; 47; 33.31; 1006.2567578125; 21.66796875
2026-07-23; 21:52:54; 710; 47; 33.36; 1006.252890625; 21.6015625
2026-07-23; 21:53:54; 710; 47; 33.22; 1006.2881640625; 21.732421875
2026-07-23; 21:54:54; 710; 47; 33.5; 1006.292578125; 21.4462890625
2026-07-23; 21:55:54; 717; 48; 33.42; 1006.2650390625; 21.5
2026-07-23; 21:56:54; 710; 47; 33.27; 1006.3587109375; 21.677734375
2026-07-23; 21:57:54; 710; 47; 33.56; 1006.304375; 21.3916015625
2026-07-23; 21:58:54; 710; 47; 33.32; 1006.3548828125; 21.611328125
2026-07-23; 21:59:54; 717; 48; 33.47; 1006.3553515625; 21.4912109375
2026-07-23; 22:00:54; 710; 47; 33.62; 1006.316171875; 21.3369140625
2026-07-23; 22:01:54; 710; 47; 33.41; 1006.3317578125; 21.5234375
2026-07-23; 22:02:54; 717; 48; 33.22; 1006.3076171875; 21.720703125
2026-07-23; 22:03:54; 710; 47; 33.5; 1006.292578125; 21.4697265625
2026-07-23; 22:04:54; 710; 47; 33.51; 1006.3984375; 21.4130859375
2026-07-23; 22:05:54; 710; 47; 33.47; 1006.3828125; 21.4794921875
2026-07-23; 22:06:54; 710; 47; 33.54; 1006.382890625; 21.390625
2026-07-23; 22:07:55; 710; 47; 33.57; 1006.4575390625; 21.357421875
2026-07-23; 22:08:55; 710; 47; 33.55; 1006.3711328125; 21.3564453125
2026-07-23; 22:09:55; 710; 47; 33.59; 1006.351484375; 21.3466796875
2026-07-23; 22:10:55; 700; 45; 33.47; 1006.4180078125; 21.4560546875
2026-07-23; 22:11:55; 710; 47; 33.39; 1006.4296875; 21.533203125
2026-07-23; 22:12:55; 700; 45; 33.46; 1006.4298046875; 21.4560546875
2026-07-23; 22:13:55; 700; 45; 33.29; 1006.5275390625; 21.6435546875
2026-07-23; 22:14:55; 700; 45; 33.48; 1006.3787890625; 21.4345703125
2026-07-23; 22:15:55; 700; 45; 33.58; 1006.3984765625; 21.3125
2026-07-23; 22:16:55; 700; 45; 33.36; 1006.417734375; 21.5322265625
2026-07-23; 22:17:55; 700; 45; 33.28; 1006.456875; 21.6435546875
2026-07-23; 22:18:55; 710; 47; 33.26; 1006.4883984375; 21.6533203125
2026-07-23; 22:19:55; 710; 47; 33.19; 1006.4252734375; 21.7421875
2026-07-23; 22:20:55; 710; 47; 33.28; 1006.49234375; 21.6435546875
2026-07-23; 22:21:55; 717; 48; 33.18; 1006.519453125; 21.7763671875
2026-07-23; 22:22:55; 717; 48; 33.58; 1006.4809375; 21.3466796875
2026-07-23; 22:23:55; 717; 48; 33.27; 1006.4491796875; 21.666015625
2026-07-23; 22:24:55; 717; 48; 33.8; 1006.4809375; 21.1728515625
2026-07-23; 22:25:55; 730; 50; 33.31; 1006.5040234375; 21.5986328125
2026-07-23; 22:26:55; 730; 50; 33.57; 1006.437734375; 21.404296875
2026-07-23; 22:27:55; 730; 50; 33.41; 1006.4141796875; 21.5
2026-07-23; 22:28:55; 735; 51; 33.54; 1006.4378515625; 21.3447265625
2026-07-23; 22:29:55; 730; 50; 33.49; 1006.551640625; 21.4462890625
2026-07-23; 22:30:55; 735; 51; 33.61; 1006.520390625; 21.3017578125
2026-07-23; 22:31:55; 746; 52; 33.31; 1006.558984375; 21.5986328125
2026-07-23; 22:32:55; 746; 52; 33.3; 1006.51578125; 21.6669921875
2026-07-23; 22:33:55; 746; 52; 33.33; 1006.5080078125; 21.599609375
2026-07-23; 22:34:55; 746; 52; 33.54; 1006.4653515625; 21.3564453125
2026-07-23; 22:35:55; 746; 52; 33.49; 1006.5044140625; 21.4462890625
2026-07-23; 22:36:55; 746; 52; 33.38; 1006.5319140625; 21.544921875
2026-07-23; 22:37:55; 735; 51; 33.66; 1006.5711328125; 21.2470703125
2026-07-23; 22:38:55; 735; 51; 33.66; 1006.5084375; 21.2001953125
2026-07-23; 22:39:55; 746; 52; 33.26; 1006.515859375; 21.642578125
2026-07-23; 22:40:55; 746; 52; 33.32; 1006.5472265625; 21.576171875
2026-07-23; 22:41:55; 754; 53; 33.21; 1006.5196875; 21.697265625
2026-07-23; 22:42:55; 754; 53; 33.15; 1006.59015625; 21.775390625
2026-07-23; 22:43:55; 754; 53; 33.2; 1006.578359375; 21.7431640625
2026-07-23; 22:44:55; 754; 53; 33.14; 1006.5821875; 21.7861328125
2026-07-23; 22:45:55; 754; 53; 33.29; 1006.5825; 21.6318359375
2026-07-23; 22:46:55; 754; 53; 33.12; 1006.5232421875; 21.78515625
2026-07-23; 22:47:55; 754; 53; 33.3; 1006.5707421875; 21.64453125
2026-07-23; 22:48:55; 763; 55; 33.29; 1006.5825; 21.712890625
2026-07-23; 22:49:55; 763; 55; 33.27; 1006.5510546875; 21.677734375
2026-07-23; 22:50:55; 772; 56; 33.21; 1006.5666015625; 21.7314453125
2026-07-23; 22:51:56; 763; 55; 33.23; 1006.5156640625; 21.6982421875
2026-07-23; 22:52:56; 772; 56; 33.24; 1006.621796875; 21.6533203125
2026-07-23; 22:53:56; 763; 55; 33.54; 1006.5477734375; 21.37890625
2026-07-23; 22:54:56; 763; 55; 33.18; 1006.6293359375; 21.7529296875
2026-07-23; 22:55:56; 754; 53; 33.17; 1006.6136328125; 21.7646484375
2026-07-23; 22:56:56; 763; 55; 33.2; 1006.6058203125; 21.7197265625
2026-07-23; 22:57:56; 772; 56; 33.05; 1006.5153515625; 21.896484375
2026-07-23; 22:58:56; 772; 56; 33.11; 1006.6176953125; 21.8427734375
2026-07-23; 22:59:56; 785; 58; 33.26; 1006.5078515625; 21.734375
2026-07-23; 23:00:56; 791; 59; 33.06; 1006.5665234375; 21.8974609375
2026-07-23; 23:01:56; 791; 59; 33.05; 1006.5427734375; 21.908203125
2026-07-23; 23:02:56; 791; 59; 32.99; 1006.5937890625; 21.962890625
2026-07-23; 23:03:56; 791; 59; 33.03; 1006.5468359375; 21.94140625
2026-07-23; 23:04:56; 800; 60; 33.06; 1006.586015625; 21.896484375
2026-07-23; 23:05:56; 800; 60; 33.16; 1006.633359375; 21.787109375
2026-07-23; 23:06:56; 800; 60; 33.03; 1006.6486328125; 21.9296875
2026-07-23; 23:07:56; 808; 62; 33.06; 1006.6408984375; 21.908203125
2026-07-23; 23:08:56; 800; 60; 33.18; 1006.6293359375; 21.7646484375
2026-07-23; 23:09:56; 808; 62; 33.08; 1006.59796875; 21.88671875
2026-07-23; 23:10:56; 808; 62; 33.02; 1006.613515625; 21.9755859375
2026-07-23; 23:11:56; 808; 62; 33.19; 1006.645078125; 21.765625
2026-07-23; 23:12:56; 821; 64; 33.0; 1006.636953125; 21.962890625
2026-07-23; 23:13:56; 821; 64; 33.14; 1006.629375; 21.8544921875
2026-07-23; 23:14:56; 821; 64; 33.1; 1006.62140625; 21.8876953125
2026-07-23; 23:15:56; 821; 64; 33.05; 1006.743046875; 21.931640625
2026-07-23; 23:16:56; 827; 65; 32.99; 1006.601484375; 21.974609375
2026-07-23; 23:17:56; 821; 64; 33.02; 1006.7153125; 21.9755859375
2026-07-23; 23:18:56; 808; 62; 32.93; 1006.691640625; 22.0517578125
2026-07-23; 23:19:56; 821; 64; 33.04; 1006.691875; 21.953125
2026-07-23; 23:20:56; 821; 64; 33.0; 1006.6721484375; 21.9755859375
2026-07-23; 23:21:56; 821; 64; 33.19; 1006.653046875; 21.8115234375
2026-07-23; 23:22:56; 821; 64; 33.02; 1006.6409375; 21.94140625
2026-07-23; 23:23:56; 827; 65; 33.16; 1006.68828125; 21.775390625
2026-07-23; 23:24:56; 821; 64; 33.04; 1006.6369140625; 21.9306640625
2026-07-23; 23:25:56; 821; 64; 32.88; 1006.6679296875; 22.1064453125
2026-07-23; 23:26:56; 821; 64; 32.89; 1006.6836328125; 22.072265625
2026-07-23; 23:27:56; 821; 64; 33.02; 1006.723359375; 21.96484375
2026-07-23; 23:28:56; 827; 65; 32.98; 1006.7428125; 22.0078125
2026-07-23; 23:29:56; 821; 64; 33.03; 1006.6566796875; 21.9296875
2026-07-24; 01:56:38; 400; 0; 31.86; 1006.708671875; 22.962890625
2026-07-24; 01:57:38; 400; 0; 31.96; 1006.8387109375; 22.841796875
2026-07-24; 01:58:38; 400; 0; 31.89; 1006.846171875; 22.9189453125
2026-07-24; 01:59:38; 403; 0; 32.0; 1006.8391796875; 22.7861328125
2026-07-24; 02:00:38; 405; 0; 32.06; 1006.83171875; 22.720703125
2026-07-24; 02:01:38; 402; 0; 32.07; 1006.8200390625; 22.7099609375
2026-07-24; 02:02:38; 400; 0; 31.95; 1006.905234375; 22.8759765625
2026-07-24; 02:03:38; 400; 0; 31.88; 1006.822421875; 22.9296875
2026-07-24; 02:04:38; 405; 0; 32.02; 1006.8783984375; 22.7529296875
2026-07-24; 02:05:38; 403; 0; 31.94; 1006.8894921875; 22.8408203125
2026-07-24; 02:06:38; 400; 0; 32.29; 1006.84125; 22.5029296875
2026-07-24; 02:07:38; 400; 0; 32.06; 1006.859140625; 22.6748046875
2026-07-24; 02:08:38; 400; 0; 31.99; 1006.8508203125; 22.751953125
2026-07-24; 02:09:38; 402; 0; 32.15; 1006.883125; 22.587890625
2026-07-24; 02:10:38; 400; 0; 32.06; 1006.878828125; 22.6865234375
2026-07-24; 02:11:38; 400; 0; 32.08; 1006.882578125; 22.6640625
2026-07-24; 02:12:38; 403; 0; 32.15; 1006.8754296875; 22.5869140625
2026-07-24; 02:13:38; 400; 0; 32.16; 1006.91859375; 22.564453125
2026-07-24; 02:14:38; 400; 0; 32.39; 1006.8966796875; 22.359375
2026-07-24; 02:15:38; 400; 0; 32.23; 1006.8994140625; 22.4775390625
2026-07-24; 02:16:38; 403; 0; 32.44; 1006.96765625; 22.28125
2026-07-24; 02:17:38; 403; 0; 32.41; 1006.87328125; 22.291015625
2026-07-24; 02:18:38; 400; 0; 32.38; 1006.8809375; 22.3466796875
2026-07-24; 02:19:38; 402; 0; 32.19; 1006.83640625; 22.486328125
2026-07-24; 02:20:38; 400; 0; 32.11; 1006.9378515625; 22.59765625
2026-07-24; 02:21:38; 403; 0; 32.3; 1006.94734375; 22.4580078125
2026-07-24; 02:22:38; 403; 0; 32.21; 1006.9424609375; 22.4990234375
2026-07-24; 02:23:39; 406; 0; 32.11; 1007.03953125; 22.5625
2026-07-24; 02:24:39; 400; 0; 32.16; 1007.055703125; 22.5302734375
2026-07-24; 02:25:39; 403; 0; 32.02; 1007.0351953125; 22.70703125
2026-07-24; 02:26:39; 403; 0; 32.1; 1007.031796875; 22.55078125
2026-07-24; 02:27:39; 400; 0; 32.14; 1006.996796875; 22.529296875
2026-07-24; 02:28:39; 403; 0; 32.31; 1007.0179296875; 22.3662109375
2026-07-24; 02:29:39; 400; 0; 32.34; 1007.0571484375; 22.3447265625
2026-07-24; 02:30:39; 400; 0; 32.41; 1007.0653515625; 22.19921875
2026-07-24; 02:31:39; 405; 0; 32.21; 1007.0050390625; 22.4296875
2026-07-24; 02:32:39; 408; 1; 32.15; 1007.0751171875; 22.5302734375
2026-07-24; 02:33:39; 405; 0; 32.12; 1007.0004296875; 22.5283203125
2026-07-24; 02:34:39; 405; 0; 32.23; 1007.0091015625; 22.419921875
2026-07-24; 02:35:39; 400; 0; 32.32; 1006.943359375; 22.2978515625
2026-07-24; 02:36:39; 405; 0; 32.2; 1006.9815625; 22.44140625
2026-07-24; 02:37:39; 402; 0; 32.42; 1006.9910546875; 22.2451171875
2026-07-24; 02:38:39; 402; 0; 32.19; 1006.9735546875; 22.4287109375
2026-07-24; 02:39:39; 402; 0; 32.17; 1006.9420703125; 22.462890625
2026-07-24; 02:40:39; 400; 0; 32.29; 1006.9783984375; 22.341796875
2026-07-24; 02:41:39; 400; 0; 32.44; 1006.9870703125; 22.154296875
2026-07-24; 02:42:39; 405; 0; 32.35; 1007.0180078125; 22.23046875
2026-07-24; 02:43:39; 403; 0; 32.29; 1006.9783984375; 22.2958984375
2026-07-24; 02:44:39; 403; 0; 32.16; 1007.0085546875; 22.4501953125
2026-07-24; 02:45:39; 403; 0; 32.12; 1007.0278515625; 22.4716796875
2026-07-24; 02:46:39; 403; 0; 32.33; 1007.1237109375; 22.287109375
2026-07-24; 02:47:39; 403; 0; 32.29; 1006.9864453125; 22.3193359375
2026-07-24; 02:48:39; 407; 1; 32.3; 1007.0021484375; 22.28515625
2026-07-24; 02:49:39; 407; 1; 32.2; 1007.044140625; 22.3955078125
2026-07-24; 02:50:39; 407; 1; 32.17; 1006.9420703125; 22.462890625
2026-07-24; 02:51:39; 407; 1; 32.15; 1006.930234375; 22.49609375
2026-07-24; 02:52:39; 403; 0; 32.03; 1007.0312109375; 22.58203125
2026-07-24; 02:53:39; 403; 0; 32.09; 1006.9612109375; 22.5166015625
2026-07-24; 02:54:39; 400; 0; 32.2; 1006.9618359375; 22.41796875
2026-07-24; 02:55:39; 406; 0; 32.14; 1006.9496875; 22.4501953125
2026-07-24; 02:56:39; 400; 0; 32.16; 1006.9262890625; 22.4853515625
2026-07-24; 02:57:39; 406; 0; 32.11; 1006.9378515625; 22.4599609375
2026-07-24; 02:58:39; 406; 0; 32.33; 1006.931640625; 22.2529296875
2026-07-24; 02:59:39; 406; 0; 32.23; 1007.0091015625; 22.31640625
2026-07-24; 03:00:39; 400; 0; 32.3; 1006.994140625; 22.2734375
2026-07-24; 03:01:39; 400; 0; 32.03; 1006.9215625; 22.5703125
2026-07-24; 03:02:39; 400; 0; 32.19; 1006.9461328125; 22.4287109375
2026-07-24; 03:03:39; 400; 0; 32.01; 1006.944921875; 22.5810546875
2026-07-24; 03:04:39; 402; 0; 32.06; 1006.99625; 22.537109375
2026-07-24; 03:05:40; 400; 0; 32.06; 1006.933671875; 22.537109375
2026-07-24; 03:06:40; 402; 0; 31.94; 1006.95234375; 22.6689453125
2026-07-24; 03:07:40; 402; 0; 32.03; 1006.9961328125; 22.5703125
2026-07-24; 03:08:40; 402; 0; 31.97; 1006.9995703125; 22.625
2026-07-24; 03:09:40; 402; 0; 32.08; 1006.9923046875; 22.4921875
2026-07-24; 03:10:40; 400; 0; 32.11; 1006.9652734375; 22.482421875
2026-07-24; 03:11:40; 400; 0; 32.24; 1006.93484375; 22.31640625
2026-07-24; 03:12:40; 406; 0; 32.17; 1007.0243359375; 22.34765625
2026-07-24; 03:13:40; 400; 0; 32.14; 1006.9222265625; 22.4150390625
2026-07-24; 03:14:40; 400; 0; 32.2; 1006.934453125; 22.349609375
2026-07-24; 03:15:40; 400; 0; 32.1; 1006.9140625; 22.470703125
2026-07-24; 03:16:40; 403; 0; 32.09; 1006.8515234375; 22.447265625
2026-07-24; 03:17:40; 405; 0; 32.19; 1006.83640625; 22.3369140625
2026-07-24; 03:18:40; 400; 0; 32.32; 1006.8062109375; 22.3203125
2026-07-24; 03:19:40; 400; 0; 32.04; 1006.9021875; 22.5361328125
2026-07-24; 03:20:40; 405; 0; 32.12; 1006.8358984375; 22.4365234375
2026-07-24; 03:21:40; 403; 0; 32.15; 1006.93796875; 22.4384765625
2026-07-24; 03:22:40; 403; 0; 31.9; 1006.8812890625; 22.6669921875
2026-07-24; 03:23:40; 400; 0; 32.08; 1006.91; 22.48046875
2026-07-24; 03:24:40; 405; 0; 32.01; 1006.909765625; 22.5458984375
2026-07-24; 03:25:40; 405; 0; 32.02; 1006.9255078125; 22.53515625
2026-07-24; 03:26:40; 405; 0; 32.06; 1006.90625; 22.46875
2026-07-24; 03:27:40; 405; 0; 31.89; 1006.87359375; 22.6552734375
2026-07-24; 03:28:40; 400; 0; 31.95; 1006.91328125; 22.6005859375
2026-07-24; 03:29:40; 400; 0; 32.13; 1006.851640625; 22.42578125
2026-07-24; 03:30:40; 402; 0; 32.21; 1006.813046875; 22.3271484375
2026-07-24; 03:31:40; 407; 1; 32.04; 1006.8473046875; 22.5126953125
2026-07-24; 03:32:40; 402; 0; 32.02; 1006.7884375; 22.5234375
2026-07-24; 03:33:40; 407; 1; 31.9; 1006.826484375; 22.64453125
2026-07-24; 03:34:40; 402; 0; 31.87; 1006.806640625; 22.6884765625
2026-07-24; 03:35:40; 402; 0; 31.88; 1006.795; 22.654296875
2026-07-24; 03:36:40; 400; 0; 32.07; 1006.7926171875; 22.46875
2026-07-24; 03:37:40; 406; 0; 32.06; 1006.85140625; 22.46875
2026-07-24; 03:38:40; 403; 0; 31.97; 1006.8351171875; 22.533203125
2026-07-24; 03:39:40; 403; 0; 31.92; 1006.7757421875; 22.599609375
2026-07-24; 03:40:40; 400; 0; 32.03; 1006.8590234375; 22.5244140625
2026-07-24; 03:41:40; 400; 0; 32.01; 1006.9175; 22.5009765625
2026-07-24; 03:42:40; 400; 0; 31.82; 1006.8730078125; 22.7197265625
2026-07-24; 03:43:40; 403; 0; 32.12; 1006.8633203125; 22.3798828125
2026-07-24; 03:44:40; 403; 0; 31.88; 1006.959453125; 22.642578125
2026-07-24; 03:45:40; 409; 1; 31.95; 1006.905234375; 22.5771484375
2026-07-24; 03:46:40; 406; 0; 32.18; 1006.8206640625; 22.3486328125
2026-07-24; 03:47:40; 406; 0; 32.09; 1006.8241015625; 22.3671875
2026-07-24; 03:48:41; 409; 1; 32.13; 1006.851640625; 22.3681640625
2026-07-24; 03:49:41; 406; 0; 32.09; 1006.8515234375; 22.4248046875
2026-07-24; 03:50:41; 417; 2; 32.02; 1006.8432421875; 22.4892578125
2026-07-24; 03:51:41; 423; 3; 31.9; 1006.8344921875; 22.5751953125
2026-07-24; 03:52:41; 423; 3; 32.11; 1006.82015625; 22.3671875
2026-07-24; 03:53:41; 417; 2; 32.09; 1006.8160546875; 22.412109375
2026-07-24; 03:54:41; 423; 3; 31.86; 1006.7715234375; 22.619140625
2026-07-24; 03:55:41; 417; 2; 32.11; 1006.8281640625; 22.3447265625
2026-07-24; 03:56:41; 423; 3; 31.89; 1006.901015625; 22.59765625
2026-07-24; 03:57:41; 417; 2; 31.81; 1006.8572265625; 22.6513671875
2026-07-24; 03:58:41; 406; 0; 31.86; 1006.9553515625; 22.6298828125
2026-07-24; 03:59:41; 409; 1; 32.05; 1006.917890625; 22.421875
2026-07-24; 04:00:41; 417; 2; 31.76; 1006.888125; 22.751953125
2026-07-24; 04:01:41; 414; 2; 31.76; 1006.888125; 22.7177734375
2026-07-24; 04:02:41; 406; 0; 32.01; 1006.8900390625; 22.5009765625
2026-07-24; 04:03:41; 414; 2; 31.96; 1006.9484375; 22.5205078125
2026-07-24; 04:04:41; 417; 2; 32.03; 1006.9215625; 22.4208984375
2026-07-24; 04:05:41; 414; 2; 31.78; 1006.919609375; 22.70703125
2026-07-24; 04:06:41; 414; 2; 32.17; 1006.9146484375; 22.267578125
2026-07-24; 04:07:41; 409; 1; 32.1; 1006.9140625; 22.34375
2026-07-24; 04:08:41; 414; 2; 31.99; 1006.8585546875; 22.453125
2026-07-24; 04:09:41; 406; 0; 32.03; 1006.88640625; 22.4091796875
2026-07-24; 04:10:41; 400; 0; 32.02; 1006.761015625; 22.4658203125
2026-07-24; 04:11:41; 409; 1; 32.01; 1006.835234375; 22.455078125
2026-07-24; 04:12:41; 409; 1; 32.03; 1006.8316015625; 22.4326171875
2026-07-24; 04:13:41; 410; 1; 32.15; 1006.883125; 22.3359375
2026-07-24; 04:14:41; 410; 1; 31.94; 1006.77984375; 22.4970703125
2026-07-24; 04:15:41; 410; 1; 32.16; 1006.8911328125; 22.3583984375
2026-07-24; 04:16:41; 410; 1; 31.85; 1006.9122265625; 22.595703125
2026-07-24; 04:17:41; 410; 1; 32.18; 1006.92265625; 22.279296875
2026-07-24; 04:18:41; 410; 1; 31.86; 1006.8731640625; 22.583984375
2026-07-24; 04:19:41; 410; 1; 32.0; 1006.92140625; 22.46484375
2026-07-24; 04:20:41; 410; 1; 32.06; 1006.90625; 22.3310546875
2026-07-24; 04:21:41; 410; 1; 31.95; 1006.9680859375; 22.474609375
2026-07-24; 04:22:41; 405; 0; 32.07; 1006.9491015625; 22.388671875
2026-07-24; 04:23:41; 400; 0; 31.96; 1006.9564453125; 22.509765625
2026-07-24; 04:24:41; 405; 0; 32.0; 1006.983984375; 22.408203125
2026-07-24; 04:25:41; 405; 0; 32.09; 1007.008046875; 22.33203125
2026-07-24; 04:26:41; 400; 0; 31.8; 1006.9511328125; 22.638671875
2026-07-24; 04:27:41; 403; 0; 31.87; 1006.998515625; 22.607421875
2026-07-24; 04:28:41; 403; 0; 31.9; 1006.9635546875; 22.5634765625
2026-07-24; 04:29:41; 403; 0; 31.96; 1006.9838671875; 22.4638671875
2026-07-24; 04:30:41; 403; 0; 31.93; 1006.8737109375; 22.5537109375
2026-07-24; 04:31:42; 403; 0; 31.82; 1006.8730078125; 22.62890625
2026-07-24; 04:32:42; 405; 0; 31.87; 1006.8340625; 22.5390625
2026-07-24; 04:33:42; 405; 0; 31.78; 1006.81; 22.6611328125
2026-07-24; 04:34:42; 405; 0; 31.87; 1006.8340625; 22.55078125
2026-07-24; 04:35:42; 405; 0; 32.03; 1006.811875; 22.3525390625
2026-07-24; 04:36:42; 405; 0; 31.79; 1006.79828125; 22.626953125
2026-07-24; 04:37:42; 400; 0; 32.14; 1006.7576953125; 22.27734375
2026-07-24; 04:38:42; 400; 0; 31.7; 1006.7658984375; 22.748046875
2026-07-24; 04:39:42; 400; 0; 31.8; 1006.7395703125; 22.662109375
2026-07-24; 04:40:42; 405; 0; 31.82; 1006.653671875; 22.5830078125
2026-07-24; 04:41:42; 405; 0; 31.87; 1006.614765625; 22.55078125
2026-07-24; 04:42:42; 400; 0; 31.8; 1006.6847265625; 22.60546875
2026-07-24; 04:43:42; 400; 0; 31.79; 1006.641875; 22.6044921875
2026-07-24; 04:44:42; 405; 0; 31.82; 1006.653671875; 22.59375
2026-07-24; 04:45:42; 400; 0; 31.95; 1006.6391015625; 22.4287109375
2026-07-24; 04:46:42; 405; 0; 31.83; 1006.696875; 22.60546875
2026-07-24; 04:47:42; 405; 0; 31.84; 1006.6577734375; 22.5615234375
2026-07-24; 04:48:42; 405; 0; 31.65; 1006.6403515625; 22.7685546875
2026-07-24; 04:49:42; 400; 0; 31.8; 1006.67703125; 22.5927734375
2026-07-24; 04:50:42; 400; 0; 31.8; 1006.6221875; 22.6162109375
2026-07-24; 04:51:42; 400; 0; 31.72; 1006.605546875; 22.6806640625
2026-07-24; 04:52:42; 409; 1; 31.72; 1006.6409375; 22.646484375
2026-07-24; 04:53:42; 405; 0; 31.71; 1006.6171875; 22.703125
2026-07-24; 04:54:42; 405; 0; 31.65; 1006.620625; 22.74609375
2026-07-24; 04:55:42; 405; 0; 31.69; 1006.5662890625; 22.7138671875
2026-07-24; 04:56:42; 400; 0; 31.73; 1006.5667578125; 22.658203125
2026-07-24; 04:57:42; 405; 0; 31.77; 1006.5749609375; 22.603515625
2026-07-24; 04:58:42; 405; 0; 31.89; 1006.599453125; 22.4716796875
2026-07-24; 04:59:42; 400; 0; 32.02; 1006.51421875; 22.36328125
2026-07-24; 05:00:42; 405; 0; 31.84; 1006.4933203125; 22.5263671875
2026-07-24; 05:01:42; 405; 0; 31.76; 1006.5946484375; 22.5908203125
2026-07-24; 05:02:42; 405; 0; 31.75; 1006.5240625; 22.6484375
2026-07-24; 05:03:42; 405; 0; 31.75; 1006.5982421875; 22.625
2026-07-24; 05:04:42; 405; 0; 31.75; 1006.5240625; 22.6708984375
2026-07-24; 05:05:42; 405; 0; 31.62; 1006.4834765625; 22.8017578125
2026-07-24; 05:06:42; 405; 0; 31.84; 1006.5481640625; 22.50390625
2026-07-24; 05:07:42; 400; 0; 31.83; 1006.5598046875; 22.525390625
2026-07-24; 05:08:42; 405; 0; 31.65; 1006.4758984375; 22.7119140625
2026-07-24; 05:09:42; 400; 0; 31.66; 1006.499375; 22.7353515625
2026-07-24; 05:10:42; 405; 0; 31.57; 1006.549453125; 22.810546875
2026-07-24; 05:11:42; 402; 0; 31.9; 1006.6151953125; 22.4716796875
2026-07-24; 05:12:42; 402; 0; 31.85; 1006.5364453125; 22.5390625
2026-07-24; 05:13:42; 402; 0; 31.72; 1006.586171875; 22.6806640625
2026-07-24; 05:14:43; 402; 0; 31.73; 1006.5941796875; 22.634765625
2026-07-24; 05:15:43; 402; 0; 31.86; 1006.516796875; 22.4931640625
2026-07-24; 05:16:43; 402; 0; 31.62; 1006.51859375; 22.755859375
2026-07-24; 05:17:43; 400; 0; 31.84; 1006.60296875; 22.50390625
2026-07-24; 05:18:43; 400; 0; 31.58; 1006.5377734375; 22.77734375
2026-07-24; 05:19:43; 400; 0; 31.63; 1006.534375; 22.72265625
2026-07-24; 05:20:43; 402; 0; 31.74; 1006.5551171875; 22.6474609375
2026-07-24; 05:21:43; 402; 0; 31.57; 1006.6042578125; 22.7998046875
2026-07-24; 05:22:43; 402; 0; 31.68; 1006.6053515625; 22.6904296875
2026-07-24; 05:23:43; 400; 0; 31.57; 1006.5768359375; 22.810546875
2026-07-24; 05:24:43; 402; 0; 31.74; 1006.6373046875; 22.6240234375
2026-07-24; 05:25:43; 400; 0; 31.67; 1006.5622265625; 22.701171875
2026-07-24; 05:26:43; 402; 0; 31.62; 1006.62046875; 22.7451171875
2026-07-24; 05:27:43; 402; 0; 31.65; 1006.6403515625; 22.7001953125
2026-07-24; 05:28:43; 402; 0; 31.65; 1006.6129296875; 22.7001953125
2026-07-24; 05:29:43; 402; 0; 31.71; 1006.5978125; 22.634765625
2026-07-24; 05:30:43; 402; 0; 31.73; 1006.6216015625; 22.6005859375
2026-07-24; 05:31:43; 402; 0; 31.91; 1006.658359375; 22.4267578125
2026-07-24; 05:32:43; 402; 0; 31.81; 1006.747578125; 22.513671875
2026-07-24; 05:33:43; 400; 0; 31.73; 1006.6844140625; 22.5556640625
2026-07-24; 05:34:43; 400; 0; 31.63; 1006.69875; 22.69921875
2026-07-24; 05:35:43; 407; 1; 31.48; 1006.7444921875; 22.875
2026-07-24; 05:36:43; 407; 1; 31.75; 1006.7353125; 22.625
2026-07-24; 05:37:43; 407; 1; 31.78; 1006.708359375; 22.51171875
2026-07-24; 05:38:43; 407; 1; 31.85; 1006.6929296875; 22.4697265625
2026-07-24; 05:39:43; 407; 1; 31.7; 1006.6836328125; 22.611328125
2026-07-24; 05:40:43; 407; 1; 31.76; 1006.676875; 22.5908203125
2026-07-24; 05:41:43; 407; 1; 31.64; 1006.6596875; 22.677734375
2026-07-24; 05:42:43; 407; 1; 31.52; 1006.69015625; 22.78515625
2026-07-24; 05:43:43; 407; 1; 31.66; 1006.6912109375; 22.6328125
2026-07-24; 05:44:43; 407; 1; 31.73; 1006.7940625; 22.58984375
2026-07-24; 05:45:43; 400; 0; 31.64; 1006.769296875; 22.654296875
2026-07-24; 05:46:43; 400; 0; 31.81; 1006.81015625; 22.501953125
2026-07-24; 05:47:43; 400; 0; 31.7; 1006.8480859375; 22.6220703125
2026-07-24; 05:48:43; 400; 0; 31.74; 1006.8371875; 22.5556640625
2026-07-24; 05:49:43; 407; 1; 31.71; 1006.7896484375; 22.6005859375
2026-07-24; 05:50:43; 400; 0; 31.65; 1006.785078125; 22.7119140625
2026-07-24; 05:51:43; 407; 1; 31.64; 1006.8515234375; 22.666015625
2026-07-24; 05:52:43; 407; 1; 31.61; 1006.769140625; 22.67578125
2026-07-24; 05:53:43; 400; 0; 31.62; 1006.7848828125; 22.69921875
2026-07-24; 05:54:43; 400; 0; 31.5; 1006.7759765625; 22.8076171875
2026-07-24; 05:55:43; 400; 0; 31.71; 1006.8364453125; 22.5771484375
2026-07-24; 05:56:43; 402; 0; 31.6; 1006.8158984375; 22.708984375
2026-07-24; 05:57:44; 402; 0; 31.57; 1006.8234375; 22.73046875
2026-07-24; 05:58:44; 402; 0; 31.66; 1006.8282421875; 22.6328125
2026-07-24; 05:59:44; 402; 0; 31.71; 1006.844453125; 22.6005859375
2026-07-24; 06:00:44; 400; 0; 31.67; 1006.8166015625; 22.62109375
2026-07-24; 06:01:44; 402; 0; 31.76; 1006.841328125; 22.5107421875
2026-07-24; 06:02:44; 400; 0; 31.65; 1006.867265625; 22.6435546875
2026-07-24; 06:03:44; 400; 0; 31.52; 1006.8545703125; 22.78515625
2026-07-24; 06:04:44; 400; 0; 31.47; 1006.810859375; 22.8173828125
2026-07-24; 06:05:44; 402; 0; 31.67; 1006.8166015625; 22.6103515625
2026-07-24; 06:06:44; 402; 0; 31.59; 1006.772734375; 22.685546875
2026-07-24; 06:07:44; 402; 0; 31.52; 1006.7723828125; 22.7626953125
2026-07-24; 06:08:44; 400; 0; 31.56; 1006.74515625; 22.71875
2026-07-24; 06:09:44; 402; 0; 31.52; 1006.7526953125; 22.740234375
2026-07-24; 06:10:44; 402; 0; 31.61; 1006.74171875; 22.67578125
2026-07-24; 06:11:44; 402; 0; 31.58; 1006.729609375; 22.673828125
2026-07-24; 06:12:44; 409; 1; 31.46; 1006.7326171875; 22.8515625
2026-07-24; 06:13:44; 402; 0; 31.74; 1006.6647265625; 22.5322265625
2026-07-24; 06:14:44; 409; 1; 31.55; 1006.7097265625; 22.70703125
2026-07-24; 06:15:44; 402; 0; 31.51; 1006.6821484375; 22.7626953125
2026-07-24; 06:16:44; 400; 0; 31.89; 1006.654296875; 22.345703125
2026-07-24; 06:17:44; 402; 0; 31.7; 1006.636875; 22.5537109375
2026-07-24; 06:18:44; 402; 0; 31.76; 1006.668828125; 22.5224609375
2026-07-24; 06:19:44; 402; 0; 31.69; 1006.6211328125; 22.5419921875
2026-07-24; 06:20:44; 400; 0; 31.6; 1006.6515234375; 22.62890625
2026-07-24; 06:21:44; 402; 0; 31.66; 1006.6912109375; 22.5517578125
2026-07-24; 06:22:44; 400; 0; 31.53; 1006.6588671875; 22.68359375
2026-07-24; 06:23:44; 402; 0; 31.49; 1006.6976953125; 22.75
2026-07-24; 06:24:44; 400; 0; 31.52; 1006.6430859375; 22.740234375
2026-07-24; 06:25:44; 402; 0; 31.45; 1006.6971875; 22.828125
2026-07-24; 06:26:44; 402; 0; 31.57; 1006.78828125; 22.70703125
2026-07-24; 06:27:44; 402; 0; 31.52; 1006.69015625; 22.728515625
2026-07-24; 06:28:44; 402; 0; 31.62; 1006.7378125; 22.607421875
2026-07-24; 06:29:44; 402; 0; 31.6; 1006.6515234375; 22.6630859375
2026-07-24; 06:30:44; 400; 0; 31.49; 1006.7054296875; 22.7275390625
2026-07-24; 06:31:44; 400; 0; 31.47; 1006.7757421875; 22.783203125
2026-07-24; 06:32:44; 400; 0; 31.52; 1006.697890625; 22.716796875
2026-07-24; 06:33:44; 400; 0; 31.35; 1006.75875; 22.9140625
2026-07-24; 06:34:44; 402; 0; 31.36; 1006.69234375; 22.92578125
2026-07-24; 06:35:44; 402; 0; 31.46; 1006.6504296875; 22.7822265625
2026-07-24; 06:36:44; 402; 0; 31.44; 1006.6540625; 22.79296875
2026-07-24; 06:37:44; 400; 0; 31.42; 1006.649921875; 22.826171875
2026-07-24; 06:38:44; 402; 0; 31.52; 1006.635390625; 22.693359375
2026-07-24; 06:39:44; 402; 0; 31.62; 1006.6830078125; 22.6181640625
2026-07-24; 06:40:45; 400; 0; 31.46; 1006.7403515625; 22.759765625
2026-07-24; 06:41:45; 405; 0; 31.53; 1006.705625; 22.66015625
2026-07-24; 06:42:45; 405; 0; 31.49; 1006.6976953125; 22.71484375
2026-07-24; 06:43:45; 405; 0; 31.52; 1006.7449609375; 22.693359375
2026-07-24; 06:44:45; 405; 0; 31.48; 1006.7992578125; 22.71484375
2026-07-24; 06:45:45; 405; 0; 31.67; 1006.7617578125; 22.564453125
2026-07-24; 06:46:45; 407; 1; 31.54; 1006.6939453125; 22.671875
2026-07-24; 06:47:45; 407; 1; 31.6; 1006.6985546875; 22.640625
2026-07-24; 06:48:45; 405; 0; 31.48; 1006.7915234375; 22.7490234375
2026-07-24; 06:49:45; 407; 1; 31.58; 1006.729609375; 22.60546875
2026-07-24; 06:50:45; 405; 0; 31.54; 1006.6666015625; 22.66015625
2026-07-24; 06:51:45; 405; 0; 31.61; 1006.7768359375; 22.6064453125
2026-07-24; 06:52:45; 407; 1; 31.57; 1006.70609375; 22.650390625
2026-07-24; 06:53:45; 407; 1; 31.52; 1006.7526953125; 22.63671875
2026-07-24; 06:54:45; 407; 1; 31.6; 1006.7611328125; 22.560546875
2026-07-24; 06:55:45; 407; 1; 31.62; 1006.8396875; 22.5615234375
2026-07-24; 06:56:45; 405; 0; 31.53; 1006.7684765625; 22.6376953125
2026-07-24; 06:57:45; 407; 1; 31.61; 1006.7965234375; 22.560546875
2026-07-24; 06:58:45; 405; 0; 31.52; 1006.7723828125; 22.63671875
2026-07-24; 06:59:45; 405; 0; 31.5; 1006.7759765625; 22.7158203125
2026-07-24; 07:00:45; 405; 0; 31.46; 1006.8225390625; 22.6904296875
2026-07-24; 07:01:45; 405; 0; 31.48; 1006.8540625; 22.6806640625
2026-07-24; 07:02:45; 405; 0; 31.6; 1006.8158984375; 22.537109375
2026-07-24; 07:03:45; 405; 0; 31.51; 1006.783984375; 22.6474609375
2026-07-24; 07:04:45; 405; 0; 31.35; 1006.8683203125; 22.845703125
2026-07-24; 07:05:45; 400; 0; 31.35; 1006.895703125; 22.845703125
2026-07-24; 07:06:45; 405; 0; 31.54; 1006.858359375; 22.591796875
2026-07-24; 07:07:45; 405; 0; 31.45; 1006.916328125; 22.724609375
2026-07-24; 07:08:45; 405; 0; 31.42; 1006.9709375; 22.7802734375
2026-07-24; 07:09:45; 405; 0; 31.52; 1006.9444921875; 22.6484375
2026-07-24; 07:10:45; 405; 0; 31.66; 1006.8753125; 22.494140625
2026-07-24; 07:11:45; 407; 1; 31.45; 1006.94375; 22.712890625
2026-07-24; 07:12:45; 407; 1; 31.57; 1007.04265625; 22.5478515625
2026-07-24; 07:13:45; 405; 0; 31.66; 1006.99265625; 22.517578125
2026-07-24; 07:14:45; 400; 0; 31.72; 1006.9972265625; 22.40625
2026-07-24; 07:15:45; 405; 0; 31.57; 1006.9801171875; 22.5703125
2026-07-24; 07:16:45; 405; 0; 31.58; 1007.00359375; 22.5712890625
2026-07-24; 07:17:45; 407; 1; 31.62; 1007.0118359375; 22.50390625
2026-07-24; 07:18:45; 405; 0; 31.68; 1007.0241796875; 22.4384765625
2026-07-24; 07:19:45; 400; 0; 31.82; 1007.06484375; 22.3076171875
2026-07-24; 07:20:45; 400; 0; 31.72; 1007.0714453125; 22.4169921875
2026-07-24; 07:21:45; 405; 0; 31.59; 1007.019375; 22.513671875
2026-07-24; 07:22:45; 400; 0; 31.63; 1007.0823828125; 22.4814453125
2026-07-24; 07:23:45; 405; 0; 31.57; 1007.034921875; 22.5361328125
2026-07-24; 07:24:46; 405; 0; 31.62; 1007.0940234375; 22.4921875
2026-07-24; 07:25:46; 405; 0; 31.56; 1007.08171875; 22.55859375
2026-07-24; 07:26:46; 400; 0; 31.72; 1007.1069140625; 22.3720703125
2026-07-24; 07:27:46; 400; 0; 31.68; 1007.078984375; 22.380859375
2026-07-24; 07:28:46; 405; 0; 31.63; 1007.0746875; 22.4697265625
2026-07-24; 07:29:46; 400; 0; 31.84; 1007.1237890625; 22.2744140625
2026-07-24; 07:30:46; 400; 0; 31.74; 1007.075859375; 22.3603515625
2026-07-24; 07:31:46; 400; 0; 31.76; 1007.02515625; 22.328125
2026-07-24; 07:32:46; 405; 0; 31.85; 1007.021875; 22.228515625
2026-07-24; 07:33:46; 405; 0; 31.83; 1007.080625; 22.2734375
2026-07-24; 07:34:46; 405; 0; 31.9; 1007.1006640625; 22.1513671875
2026-07-24; 07:35:46; 400; 0; 31.9; 1007.053828125; 22.2080078125
2026-07-24; 07:36:46; 400; 0; 31.83; 1007.0609375; 22.2626953125
2026-07-24; 07:37:46; 400; 0; 31.96; 1007.1209375; 22.154296875
2026-07-24; 07:38:46; 400; 0; 31.82; 1007.072578125; 22.28515625
2026-07-24; 07:39:46; 405; 0; 31.87; 1007.0065625; 22.21875
2026-07-24; 07:40:46; 405; 0; 31.89; 1007.0848828125; 22.1962890625
2026-07-24; 07:41:46; 405; 0; 31.94; 1007.0071484375; 22.1416015625
2026-07-24; 07:42:46; 407; 1; 31.97; 1007.018984375; 22.154296875
2026-07-24; 07:43:46; 405; 0; 32.03; 1007.003828125; 22.0888671875
2026-07-24; 07:44:46; 405; 0; 31.96; 1006.9838671875; 22.1318359375
2026-07-24; 07:45:46; 405; 0; 31.99; 1007.0153515625; 22.1318359375
2026-07-24; 07:46:46; 407; 1; 32.06; 1006.99625; 22.0439453125
2026-07-24; 07:47:46; 407; 1; 32.19; 1007.0009765625; 21.970703125
2026-07-24; 07:48:46; 407; 1; 32.06; 1006.988515625; 22.11328125
2026-07-24; 07:49:46; 407; 1; 32.19; 1007.048125; 21.947265625
2026-07-24; 07:50:46; 407; 1; 32.32; 1007.0256640625; 21.8388671875
2026-07-24; 07:51:46; 405; 0; 32.3; 1006.96671875; 21.814453125
2026-07-24; 07:52:46; 405; 0; 32.34; 1007.037421875; 21.7822265625
2026-07-24; 07:53:46; 403; 0; 32.31; 1007.0453515625; 21.78125
2026-07-24; 07:54:46; 405; 0; 32.39; 1006.9987109375; 21.669921875
2026-07-24; 07:55:46; 403; 0; 32.44; 1007.0144921875; 21.591796875
2026-07-24; 07:56:46; 403; 0; 32.29; 1007.0138671875; 21.802734375
2026-07-24; 07:57:46; 400; 0; 32.42; 1007.0184765625; 21.6826171875
2026-07-24; 07:58:46; 400; 0; 32.58; 1007.0351171875; 21.4716796875
2026-07-24; 07:59:46; 400; 0; 32.58; 1007.015390625; 21.484375
2026-07-24; 08:00:46; 405; 0; 32.65; 1007.043203125; 21.4638671875
2026-07-24; 08:01:46; 405; 0; 32.58; 1007.0351171875; 21.4716796875
2026-07-24; 08:02:46; 405; 0; 32.66; 1007.0783984375; 21.44140625
2026-07-24; 08:03:46; 400; 0; 32.59; 1007.0233984375; 21.4951171875
2026-07-24; 08:04:46; 400; 0; 32.67; 1007.03921875; 21.4072265625
2026-07-24; 08:05:46; 400; 0; 32.73; 1007.04359375; 21.3759765625
2026-07-24; 08:06:46; 405; 0; 32.71; 1007.082734375; 21.3525390625
2026-07-24; 08:07:47; 400; 0; 32.69; 1007.070703125; 21.396484375
2026-07-24; 08:08:47; 403; 0; 32.67; 1007.0941015625; 21.4189453125
2026-07-24; 08:09:47; 400; 0; 32.73; 1007.0710546875; 21.318359375
2026-07-24; 08:10:47; 406; 0; 32.68; 1007.0904296875; 21.3505859375
2026-07-24; 08:11:47; 400; 0; 32.76; 1007.063359375; 21.296875
2026-07-24; 08:12:47; 400; 0; 32.75; 1007.1025; 21.3076171875
2026-07-24; 08:13:47; 400; 0; 32.75; 1007.0476171875; 21.28515625
2026-07-24; 08:14:47; 403; 0; 32.85; 1007.0757421875; 21.15234375
2026-07-24; 08:15:47; 409; 1; 32.87; 1007.0914453125; 21.17578125
2026-07-24; 08:16:47; 413; 1; 32.99; 1007.0958203125; 21.06640625
2026-07-24; 08:17:47; 403; 0; 33.03; 1007.1430078125; 20.9873046875
2026-07-24; 08:18:47; 403; 0; 32.97; 1007.1192578125; 21.0546875
2026-07-24; 08:19:47; 409; 1; 33.0; 1007.076328125; 20.986328125
2026-07-24; 08:20:47; 403; 0; 32.97; 1007.0840625; 21.0419921875
2026-07-24; 08:21:47; 403; 0; 32.96; 1007.1309765625; 21.087890625
2026-07-24; 08:22:47; 403; 0; 32.99; 1007.1155078125; 21.04296875
2026-07-24; 08:23:47; 403; 0; 33.0; 1007.0016796875; 21.0322265625
2026-07-24; 08:24:47; 403; 0; 33.0; 1007.029140625; 21.0322265625
2026-07-24; 08:25:47; 400; 0; 33.01; 1007.0371484375; 21.0439453125
2026-07-24; 08:26:47; 400; 0; 33.03; 1007.1235546875; 21.033203125
2026-07-24; 08:27:47; 403; 0; 33.05; 1007.0451953125; 21.01171875
2026-07-24; 08:28:47; 403; 0; 33.1; 1007.0688671875; 20.9794921875
2026-07-24; 08:29:47; 400; 0; 33.07; 1007.02171875; 20.966796875
2026-07-24; 08:30:47; 400; 0; 33.04; 1007.0294140625; 21.0
2026-07-24; 08:31:47; 403; 0; 33.03; 1007.0137109375; 21.033203125
2026-07-24; 08:32:47; 403; 0; 33.04; 1007.0294140625; 21.0
2026-07-24; 08:33:47; 403; 0; 33.08; 1007.037421875; 20.978515625
2026-07-24; 08:34:47; 403; 0; 33.06; 1007.052890625; 21.0
2026-07-24; 08:35:47; 403; 0; 33.1; 1007.0414453125; 20.9560546875
2026-07-24; 08:36:47; 403; 0; 33.14; 1007.04140625; 20.9462890625
2026-07-24; 08:37:47; 403; 0; 33.15; 1007.06484375; 20.9248046875
2026-07-24; 08:38:47; 400; 0; 33.18; 1007.068828125; 20.90234375
2026-07-24; 08:39:47; 400; 0; 33.2; 1006.9983984375; 20.880859375
2026-07-24; 08:40:47; 400; 0; 33.22; 1006.9669140625; 20.8349609375
2026-07-24; 08:41:47; 400; 0; 33.24; 1006.9709375; 20.8125
2026-07-24; 08:42:47; 405; 0; 33.25; 1006.9397265625; 20.8486328125
2026-07-24; 08:43:47; 405; 0; 33.26; 1007.0298046875; 20.8486328125
2026-07-24; 08:44:47; 405; 0; 33.28; 1007.0418359375; 20.8037109375
2026-07-24; 08:45:47; 400; 0; 33.35; 1007.0262890625; 20.7490234375
2026-07-24; 08:46:47; 405; 0; 33.35; 1007.0340234375; 20.7490234375
2026-07-24; 08:47:47; 405; 0; 33.38; 1006.9635546875; 20.73828125
2026-07-24; 08:48:47; 405; 0; 33.38; 1006.9990625; 20.7275390625
2026-07-24; 08:49:47; 400; 0; 33.4; 1006.9755078125; 20.705078125
2026-07-24; 08:50:48; 400; 0; 33.44; 1006.94796875; 20.6953125
2026-07-24; 08:51:48; 405; 0; 33.49; 1006.96390625; 20.6513671875
2026-07-24; 08:52:48; 400; 0; 33.52; 1006.963828125; 20.607421875
2026-07-24; 08:53:48; 400; 0; 33.56; 1006.8816015625; 20.5859375
2026-07-24; 08:54:48; 405; 0; 33.59; 1006.9364453125; 20.5537109375
2026-07-24; 08:55:48; 400; 0; 33.63; 1006.9366015625; 20.5087890625
2026-07-24; 08:56:48; 400; 0; 33.67; 1006.9365234375; 20.4873046875
2026-07-24; 08:57:48; 405; 0; 33.71; 1006.8421484375; 20.443359375
2026-07-24; 08:58:48; 405; 0; 33.74; 1006.9090625; 20.4208984375
2026-07-24; 08:59:48; 405; 0; 33.77; 1006.8382421875; 20.3994140625
2026-07-24; 09:00:48; 400; 0; 33.78; 1006.834453125; 20.388671875
2026-07-24; 09:01:48; 400; 0; 33.8; 1006.8658984375; 20.3671875
2026-07-24; 09:02:48; 400; 0; 33.83; 1006.803046875; 20.3447265625
2026-07-24; 09:03:48; 403; 0; 33.86; 1006.7871875; 20.3349609375
2026-07-24; 09:04:48; 403; 0; 33.89; 1006.8618359375; 20.2783203125
2026-07-24; 09:05:48; 403; 0; 33.93; 1006.8699609375; 20.2685546875
2026-07-24; 09:06:48; 400; 0; 33.97; 1006.8698046875; 20.224609375
2026-07-24; 09:07:48; 403; 0; 33.98; 1006.8305078125; 20.224609375
2026-07-24; 09:08:48; 403; 0; 34.02; 1006.8383203125; 20.1923828125
2026-07-24; 09:09:48; 403; 0; 34.03; 1006.7715234375; 20.1923828125
2026-07-24; 09:10:48; 400; 0; 34.07; 1006.799140625; 20.1474609375
2026-07-24; 09:11:48; 403; 0; 34.11; 1006.751953125; 20.126953125
2026-07-24; 09:12:48; 400; 0; 34.13; 1006.728359375; 20.1279296875
2026-07-24; 09:13:48; 400; 0; 34.15; 1006.869765625; 20.0712890625
2026-07-24; 09:14:48; 400; 0; 34.17; 1006.818671875; 20.0830078125
2026-07-24; 09:15:48; 403; 0; 34.22; 1006.806640625; 20.07421875
2026-07-24; 09:16:48; 406; 0; 34.22; 1006.8341796875; 20.0625
2026-07-24; 09:17:48; 406; 0; 34.25; 1006.833984375; 20.017578125
2026-07-24; 09:18:48; 406; 0; 34.3; 1006.8299609375; 19.9970703125
2026-07-24; 09:19:48; 406; 0; 34.32; 1006.7986328125; 19.998046875
2026-07-24; 09:20:48; 406; 0; 34.35; 1006.8732421875; 19.9755859375
2026-07-24; 09:21:48; 406; 0; 34.38; 1006.802265625; 19.9765625
2026-07-24; 09:22:48; 406; 0; 34.4; 1006.833671875; 19.9775390625
2026-07-24; 09:23:48; 406; 0; 34.43; 1006.798203125; 19.9677734375
2026-07-24; 09:24:48; 406; 0; 34.45; 1006.74734375; 19.9345703125
2026-07-24; 09:25:48; 406; 0; 34.46; 1006.770703125; 19.9111328125
2026-07-24; 09:26:48; 406; 0; 34.5; 1006.79828125; 19.8896484375
2026-07-24; 09:27:48; 406; 0; 34.52; 1006.766640625; 19.90234375
2026-07-24; 09:28:48; 406; 0; 34.53; 1006.7628125; 19.8916015625
2026-07-24; 09:29:48; 406; 0; 34.55; 1006.711640625; 19.869140625
2026-07-24; 09:30:48; 406; 0; 34.59; 1006.73890625; 19.8828125
2026-07-24; 09:31:48; 406; 0; 34.62; 1006.8490625; 19.837890625
2026-07-24; 09:32:48; 409; 1; 34.67; 1006.6640625; 19.8046875
2026-07-24; 09:33:49; 400; 0; 34.69; 1006.6755859375; 19.7939453125
2026-07-24; 09:34:49; 409; 1; 34.73; 1006.7303515625; 19.73828125
2026-07-24; 09:35:49; 406; 0; 34.74; 1006.698984375; 19.7509765625
2026-07-24; 09:36:49; 406; 0; 34.76; 1006.7028515625; 19.7509765625
2026-07-24; 09:37:49; 409; 1; 34.8; 1006.730078125; 19.7294921875
2026-07-24; 09:38:49; 406; 0; 34.82; 1006.7063671875; 19.6845703125
2026-07-24; 09:39:49; 406; 0; 34.85; 1006.6631640625; 19.685546875
2026-07-24; 09:40:49; 406; 0; 34.87; 1006.7022265625; 19.67578125
2026-07-24; 09:41:49; 406; 0; 34.9; 1006.749296875; 19.6416015625
2026-07-24; 09:42:49; 406; 0; 34.96; 1006.717578125; 19.609375
2026-07-24; 09:43:49; 409; 1; 34.99; 1006.69; 19.576171875
2026-07-24; 09:44:49; 406; 0; 35.0; 1006.678125; 19.5654296875
2026-07-24; 09:45:49; 400; 0; 35.03; 1006.6976171875; 19.578125
2026-07-24; 09:46:49; 400; 0; 35.03; 1006.6899609375; 19.5546875
2026-07-24; 09:47:49; 406; 0; 35.06; 1006.6819140625; 19.568359375
2026-07-24; 09:48:49; 400; 0; 35.09; 1006.70140625; 19.5341796875
2026-07-24; 09:49:49; 400; 0; 35.1; 1006.634453125; 19.51171875
2026-07-24; 09:50:49; 403; 0; 35.11; 1006.705234375; 19.5009765625
2026-07-24; 09:51:49; 403; 0; 35.13; 1006.6459375; 19.5126953125
2026-07-24; 09:52:49; 403; 0; 35.16; 1006.6734375; 19.5029296875
2026-07-24; 09:53:49; 403; 0; 35.19; 1006.6654296875; 19.4921875
2026-07-24; 09:54:49; 403; 0; 35.2; 1006.645546875; 19.515625
2026-07-24; 09:55:49; 403; 0; 35.23; 1006.629765625; 19.482421875
2026-07-24; 09:56:49; 403; 0; 35.26; 1006.648984375; 19.4833984375
2026-07-24; 09:57:49; 409; 1; 35.29; 1006.6408984375; 19.4853515625
2026-07-24; 09:58:49; 409; 1; 35.31; 1006.69984375; 19.462890625
2026-07-24; 09:59:49; 409; 1; 35.34; 1006.61703125; 19.4755859375
2026-07-24; 10:00:49; 413; 1; 35.34; 1006.66421875; 19.4755859375
2026-07-24; 10:01:49; 413; 1; 35.35; 1006.5696484375; 19.5458984375
2026-07-24; 10:02:49; 413; 1; 35.36; 1006.6404296875; 19.591796875
2026-07-24; 10:03:49; 413; 1; 35.37; 1006.601015625; 19.650390625
2026-07-24; 10:04:49; 417; 2; 35.36; 1006.620859375; 19.7080078125
2026-07-24; 10:05:49; 417; 2; 35.38; 1006.58140625; 19.7431640625
2026-07-24; 10:06:49; 417; 2; 35.4; 1006.530078125; 19.755859375
2026-07-24; 10:07:49; 421; 3; 35.4; 1006.5653125; 19.767578125
2026-07-24; 10:08:49; 421; 3; 35.43; 1006.5495703125; 19.7919921875
2026-07-24; 10:09:49; 421; 3; 35.44; 1006.572890625; 19.78125
2026-07-24; 10:10:49; 421; 3; 35.43; 1006.577109375; 19.826171875
2026-07-24; 10:11:50; 421; 3; 35.47; 1006.5375390625; 19.828125
2026-07-24; 10:12:50; 421; 3; 35.48; 1006.5730859375; 19.828125
2026-07-24; 10:13:50; 421; 3; 35.48; 1006.51796875; 19.83984375
2026-07-24; 10:14:50; 421; 3; 35.49; 1006.51375; 19.8408203125
2026-07-24; 10:15:50; 421; 3; 35.53; 1006.4780859375; 19.7958984375
2026-07-24; 10:16:50; 417; 2; 35.52; 1006.470078125; 19.818359375
2026-07-24; 10:17:50; 417; 2; 35.54; 1006.4937109375; 19.8076171875
2026-07-24; 10:18:50; 417; 2; 35.58; 1006.5564453125; 19.775390625
2026-07-24; 10:19:50; 417; 2; 35.56; 1006.47765625; 19.7744140625
2026-07-24; 10:20:50; 417; 2; 35.6; 1006.5601953125; 19.775390625
2026-07-24; 10:21:50; 413; 1; 35.62; 1006.4537109375; 19.75390625
2026-07-24; 10:22:50; 413; 1; 35.65; 1006.4808203125; 19.697265625
2026-07-24; 10:23:50; 409; 1; 35.65; 1006.473125; 19.697265625
2026-07-24; 10:24:50; 409; 1; 35.68; 1006.40984375; 19.67578125
2026-07-24; 10:25:50; 409; 1; 35.7; 1006.4136328125; 19.6533203125
2026-07-24; 10:26:50; 409; 1; 35.72; 1006.436953125; 19.630859375
2026-07-24; 10:27:50; 409; 1; 35.73; 1006.433046875; 19.607421875
2026-07-24; 10:28:50; 403; 0; 35.73; 1006.369921875; 19.607421875
2026-07-24; 10:29:50; 403; 0; 35.73; 1006.3423046875; 19.5966796875
2026-07-24; 10:30:50; 400; 0; 35.74; 1006.4211328125; 19.5966796875
2026-07-24; 10:31:50; 400; 0; 35.76; 1006.3697265625; 19.5517578125
2026-07-24; 10:32:50; 400; 0; 35.79; 1006.333671875; 19.541015625
2026-07-24; 10:33:50; 405; 0; 35.82; 1006.3926171875; 19.51953125
2026-07-24; 10:34:50; 400; 0; 35.83; 1006.36109375; 19.5078125
2026-07-24; 10:35:50; 400; 0; 35.83; 1006.353125; 19.49609375
2026-07-24; 10:36:50; 400; 0; 35.83; 1006.333515625; 19.4736328125
2026-07-24; 10:37:50; 400; 0; 35.85; 1006.337265625; 19.427734375
2026-07-24; 10:38:50; 400; 0; 35.89; 1006.336796875; 19.39453125
2026-07-24; 10:39:50; 400; 0; 35.89; 1006.2816015625; 19.3603515625
2026-07-24; 10:40:50; 400; 0; 35.92; 1006.32859375; 19.337890625
2026-07-24; 10:41:51; 400; 0; 35.94; 1006.3047265625; 19.3388671875
2026-07-24; 10:42:51; 400; 0; 35.95; 1006.245625; 19.29296875
2026-07-24; 10:43:51; 400; 0; 35.97; 1006.2612890625; 19.2939453125
2026-07-24; 10:44:51; 405; 0; 35.99; 1006.237734375; 19.3173828125
2026-07-24; 10:45:51; 400; 0; 36.01; 1006.2414453125; 19.2265625
2026-07-24; 10:46:51; 405; 0; 36.03; 1006.28046875; 19.2275390625
2026-07-24; 10:47:51; 402; 0; 36.03; 1006.1976953125; 19.2158203125
2026-07-24; 10:48:51; 400; 0; 36.06; 1006.2091015625; 19.169921875
2026-07-24; 10:49:51; 403; 0; 36.06; 1006.2366796875; 19.181640625
2026-07-24; 10:50:51; 400; 0; 36.07; 1006.1695703125; 19.1826171875
2026-07-24; 10:51:51; 400; 0; 36.09; 1006.2088671875; 19.1484375
2026-07-24; 10:52:51; 400; 0; 36.12; 1006.212578125; 19.126953125
2026-07-24; 10:53:51; 405; 0; 36.13; 1006.200625; 19.126953125
2026-07-24; 10:54:51; 400; 0; 36.16; 1006.192421875; 19.1171875
2026-07-24; 10:55:51; 400; 0; 36.17; 1006.2080859375; 19.08203125
2026-07-24; 10:56:51; 400; 0; 36.17; 1006.26328125; 19.08203125
2026-07-24; 10:57:51; 405; 0; 36.17; 1006.2080859375; 19.10546875
2026-07-24; 10:58:51; 400; 0; 36.16; 1006.2001171875; 19.0478515625
2026-07-24; 10:59:51; 400; 0; 36.18; 1006.1685546875; 19.0947265625
2026-07-24; 11:00:51; 405; 0; 36.21; 1006.223203125; 19.0615234375
2026-07-24; 11:01:51; 400; 0; 36.23; 1006.13640625; 19.02734375
2026-07-24; 11:02:51; 405; 0; 36.23; 1006.199296875; 19.02734375
2026-07-24; 11:03:51; 405; 0; 36.27; 1006.1990625; 19.005859375
2026-07-24; 11:04:51; 400; 0; 36.25; 1006.167734375; 18.9814453125
2026-07-24; 11:05:51; 400; 0; 36.27; 1006.143828125; 19.005859375
2026-07-24; 11:06:51; 405; 0; 36.27; 1006.1358984375; 19.0048828125
2026-07-24; 11:07:51; 400; 0; 36.26; 1006.128203125; 18.9931640625
2026-07-24; 11:08:51; 409; 1; 36.24; 1006.1244921875; 19.02734375
2026-07-24; 11:09:51; 409; 1; 36.19; 1006.0262890625; 19.037109375
2026-07-24; 11:10:52; 414; 2; 36.3; 1006.0525; 18.9951171875
2026-07-24; 11:11:52; 417; 2; 36.31; 1006.040546875; 18.984375
2026-07-24; 11:12:52; 417; 2; 36.35; 1006.0479296875; 18.9736328125
2026-07-24; 11:13:52; 420; 3; 36.35; 1006.1031640625; 18.9619140625
2026-07-24; 11:14:52; 424; 3; 36.36; 1006.036015625; 18.986328125
2026-07-24; 11:15:52; 428; 4; 36.36; 1006.0558984375; 19.0556640625
2026-07-24; 11:16:52; 434; 5; 36.4; 1006.0080859375; 19.2197265625
2026-07-24; 11:17:52; 439; 5; 36.34; 1006.0323046875; 20.0283203125
2026-07-24; 11:18:52; 472; 10; 36.44; 1006.0075; 20.947265625
2026-07-24; 11:19:52; 485; 12; 36.34; 1006.0046875; 20.607421875
2026-07-24; 11:20:52; 501; 15; 36.34; 1006.059921875; 20.45703125
2026-07-24; 11:21:52; 514; 17; 36.35; 1005.9850390625; 20.294921875
2026-07-24; 11:22:52; 518; 17; 36.38; 1005.9844921875; 20.1923828125
2026-07-24; 11:23:52; 529; 19; 36.38; 1005.9768359375; 20.4814453125
2026-07-24; 11:24:52; 534; 20; 36.39; 1005.9725; 20.458984375
2026-07-24; 11:25:52; 549; 22; 36.39; 1005.909609375; 20.5634765625
2026-07-24; 11:26:52; 564; 24; 36.41; 1005.9053515625; 20.5517578125
2026-07-24; 11:27:52; 580; 27; 36.44; 1005.9246875; 20.5185546875
2026-07-24; 11:28:52; 596; 29; 36.46; 1005.9559765625; 20.4853515625
2026-07-24; 11:29:52; 607; 31; 36.45; 1005.8851171875; 20.5068359375
2026-07-24; 11:30:52; 614; 32; 36.48; 1005.9047265625; 20.474609375
2026-07-24; 11:31:52; 623; 33; 36.43; 1005.8814453125; 20.4951171875
2026-07-24; 11:32:52; 627; 34; 36.45; 1005.8575; 20.4033203125
2026-07-24; 11:33:52; 627; 34; 36.46; 1005.873125; 20.357421875
2026-07-24; 11:34:52; 614; 32; 36.46; 1005.8811328125; 20.3115234375
2026-07-24; 11:35:52; 634; 35; 36.48; 1005.9047265625; 20.265625
2026-07-24; 11:36:52; 614; 32; 36.48; 1005.912734375; 20.1962890625
2026-07-24; 11:37:52; 634; 35; 36.51; 1005.8215625; 20.1396484375
2026-07-24; 11:38:52; 614; 32; 36.5; 1005.88078125; 20.1044921875
2026-07-24; 11:39:52; 614; 32; 36.51; 1005.9240625; 20.0810546875
2026-07-24; 11:40:53; 614; 32; 36.5; 1005.8335546875; 20.0703125
2026-07-24; 11:41:53; 623; 33; 36.5; 1005.770390625; 20.03515625
2026-07-24; 11:42:53; 627; 34; 36.53; 1005.8252734375; 19.966796875
2026-07-24; 11:43:53; 627; 34; 36.54; 1005.860546875; 19.9091796875
2026-07-24; 11:44:53; 627; 34; 36.56; 1005.801328125; 19.91015625
2026-07-24; 11:45:53; 627; 34; 36.58; 1005.8323046875; 19.830078125
2026-07-24; 11:46:53; 634; 35; 36.59; 1005.800703125; 19.7841796875
2026-07-24; 11:47:53; 627; 34; 36.62; 1005.82; 19.7392578125
2026-07-24; 11:48:53; 627; 34; 36.64; 1005.8512890625; 19.669921875
2026-07-24; 11:49:53; 623; 33; 36.66; 1005.716875; 19.6474609375
2026-07-24; 11:50:53; 623; 33; 36.64; 1005.6855859375; 19.681640625
2026-07-24; 11:51:53; 623; 33; 36.69; 1005.6729296875; 19.568359375
2026-07-24; 11:52:53; 623; 33; 36.68; 1005.692890625; 19.5556640625
2026-07-24; 11:53:53; 623; 33; 36.7; 1005.6609765625; 19.5224609375
2026-07-24; 11:54:53; 623; 33; 36.69; 1005.6729296875; 19.521484375
2026-07-24; 11:55:53; 607; 31; 36.72; 1005.656953125; 19.4765625
2026-07-24; 11:56:53; 614; 32; 36.73; 1005.6250390625; 19.4306640625
2026-07-24; 11:57:53; 623; 33; 36.77; 1005.6523046875; 19.3740234375
2026-07-24; 11:58:53; 614; 32; 36.78; 1005.5926953125; 19.36328125
2026-07-24; 11:59:53; 623; 33; 36.76; 1005.6166796875; 19.3740234375
2026-07-24; 12:00:53; 614; 32; 36.76; 1005.6090234375; 19.3740234375
2026-07-24; 12:01:53; 623; 33; 36.74; 1005.6053515625; 19.349609375
2026-07-24; 12:02:53; 614; 32; 36.74; 1005.613046875; 19.326171875
2026-07-24; 12:03:53; 614; 32; 36.77; 1005.541796875; 19.26953125
2026-07-24; 12:04:53; 600; 30; 36.8; 1005.5334375; 19.248046875
2026-07-24; 12:05:53; 623; 33; 36.8; 1005.5334375; 19.201171875
2026-07-24; 12:06:53; 623; 33; 36.78; 1005.5926953125; 19.2236328125
2026-07-24; 12:07:53; 623; 33; 36.78; 1005.5021484375; 19.2236328125
2026-07-24; 12:08:53; 623; 33; 36.8; 1005.4582421875; 19.1669921875
2026-07-24; 12:09:53; 614; 32; 36.8; 1005.3953515625; 19.1552734375
2026-07-24; 12:10:53; 623; 33; 36.82; 1005.4818359375; 19.1328125
2026-07-24; 12:11:53; 623; 33; 36.79; 1005.4901953125; 19.142578125
2026-07-24; 12:12:53; 627; 34; 36.8; 1005.485859375; 19.201171875
2026-07-24; 12:13:53; 627; 34; 36.82; 1005.4818359375; 19.12109375
2026-07-24; 12:14:53; 614; 32; 36.8; 1005.5058203125; 19.1201171875
2026-07-24; 12:15:53; 634; 35; 36.8; 1005.3953515625; 19.0966796875
2026-07-24; 12:16:53; 634; 35; 36.8; 1005.450546875; 19.1083984375
2026-07-24; 12:17:53; 641; 36; 36.82; 1005.4265625; 19.09765625
2026-07-24; 12:18:53; 634; 35; 36.85; 1005.3626953125; 19.041015625
2026-07-24; 12:19:53; 641; 36; 36.84; 1005.4023046875; 19.0400390625
2026-07-24; 12:20:53; 641; 36; 36.85; 1005.410234375; 19.041015625
2026-07-24; 12:21:53; 641; 36; 36.87; 1005.4215625; 18.9951171875
2026-07-24; 12:22:53; 645; 37; 36.87; 1005.4415234375; 18.9951171875
2026-07-24; 12:23:53; 645; 37; 36.8; 1005.3953515625; 19.0732421875
2026-07-24; 12:24:54; 645; 37; 36.82; 1005.371328125; 19.0166015625
2026-07-24; 12:25:54; 641; 36; 36.82; 1005.371328125; 19.0400390625
2026-07-24; 12:26:54; 645; 37; 36.8; 1005.3201171875; 19.02734375
2026-07-24; 12:27:54; 645; 37; 36.79; 1005.296796875; 19.0380859375
2026-07-24; 12:28:54; 645; 37; 36.79; 1005.2139453125; 19.015625
2026-07-24; 12:29:54; 645; 37; 36.79; 1005.2139453125; 19.0380859375
2026-07-24; 12:30:54; 656; 39; 36.79; 1005.1663671875; 19.02734375
2026-07-24; 12:31:54; 665; 40; 36.79; 1005.2415625; 19.02734375
2026-07-24; 12:32:54; 665; 40; 36.77; 1005.2103125; 19.0263671875
2026-07-24; 12:33:54; 665; 40; 36.76; 1005.16703125; 19.048828125
2026-07-24; 12:34:54; 665; 40; 36.74; 1005.191015625; 19.0712890625
2026-07-24; 12:35:54; 665; 40; 36.74; 1005.1987109375; 19.0478515625
2026-07-24; 12:36:54; 675; 41; 36.75; 1005.2066796875; 19.060546875
2026-07-24; 12:37:54; 668; 40; 36.76; 1005.1946875; 19.013671875
2026-07-24; 12:38:54; 668; 40; 36.76; 1005.16703125; 19.048828125
2026-07-24; 12:39:54; 668; 40; 36.77; 1005.1351171875; 19.0146484375
2026-07-24; 12:40:54; 668; 40; 36.77; 1005.1274609375; 18.9912109375
2026-07-24; 12:41:54; 668; 40; 36.79; 1005.1034765625; 19.0498046875
2026-07-24; 12:42:54; 675; 41; 36.8; 1005.1190625; 18.9697265625
2026-07-24; 12:43:54; 675; 41; 36.82; 1005.102734375; 18.970703125
2026-07-24; 12:44:54; 675; 41; 36.81; 1005.079453125; 18.9814453125
2026-07-24; 12:45:54; 692; 44; 36.82; 1005.102734375; 18.958984375
2026-07-24; 12:46:54; 692; 44; 36.79; 1005.000625; 18.9921875
2026-07-24; 12:47:54; 692; 44; 36.8; 1005.063828125; 18.9921875
2026-07-24; 12:48:54; 692; 44; 36.82; 1005.01984375; 18.947265625
2026-07-24; 12:49:54; 692; 44; 36.81; 1004.9966015625; 18.9580078125
2026-07-24; 12:50:54; 700; 45; 36.79; 1005.048203125; 18.98046875
2026-07-24; 12:51:54; 700; 45; 36.83; 1004.9998828125; 18.935546875
2026-07-24; 12:52:54; 700; 45; 36.83; 1004.9998828125; 18.935546875
2026-07-24; 12:53:54; 708; 46; 36.83; 1004.972265625; 18.9248046875
2026-07-24; 12:54:54; 708; 46; 36.85; 1004.940625; 18.8779296875
2026-07-24; 12:55:54; 700; 45; 36.87; 1004.94421875; 18.8447265625
2026-07-24; 12:56:54; 719; 48; 36.87; 1005.0071484375; 18.90234375
2026-07-24; 12:57:54; 65535; 65535; 36.86; 1004.9286328125; 18.8671875
2026-07-24; 12:58:54; 728; 49; 36.87; 1004.9994921875; 18.87890625
2026-07-24; 12:59:54; 719; 48; 36.9; 1004.9358203125; 18.833984375
2026-07-24; 13:00:54; 728; 49; 36.9; 1004.943515625; 18.822265625
2026-07-24; 13:01:54; 728; 49; 36.9; 1004.860625; 18.857421875
2026-07-24; 13:02:54; 735; 51; 36.93; 1004.8721875; 18.8583984375
2026-07-24; 13:03:54; 728; 49; 36.94; 1004.8878125; 18.8125
2026-07-24; 13:04:54; 744; 52; 36.89; 1004.8096875; 18.8564453125
2026-07-24; 13:05:54; 735; 51; 36.89; 1004.845; 18.869140625
2026-07-24; 13:06:54; 744; 52; 36.87; 1004.758515625; 18.8095703125
2026-07-24; 13:07:55; 744; 52; 36.88; 1004.766484375; 18.833984375
2026-07-24; 13:08:55; 735; 51; 36.9; 1004.777734375; 18.857421875
2026-07-24; 13:09:55; 744; 52; 36.9; 1004.7424609375; 18.833984375
2026-07-24; 13:10:55; 752; 53; 36.91; 1004.7657421875; 18.7998046875
2026-07-24; 13:11:55; 752; 53; 36.97; 1004.7691796875; 18.779296875
2026-07-24; 13:12:55; 761; 54; 37.01; 1004.74078125; 18.7685546875
2026-07-24; 13:13:55; 761; 54; 36.98; 1004.681953125; 18.7216796875
2026-07-24; 13:14:55; 761; 54; 36.96; 1004.73359375; 18.755859375
2026-07-24; 13:15:55; 761; 54; 37.03; 1004.7167578125; 18.7119140625
2026-07-24; 13:16:55; 761; 54; 36.95; 1004.662421875; 18.732421875
2026-07-24; 13:17:55; 770; 56; 37.02; 1004.7287890625; 18.7119140625
2026-07-24; 13:18:55; 770; 56; 37.06; 1004.708359375; 18.6904296875
2026-07-24; 13:19:55; 770; 56; 37.01; 1004.685546875; 18.72265625
2026-07-24; 13:20:55; 761; 54; 37.0; 1004.650234375; 18.72265625
2026-07-24; 13:21:55; 761; 54; 36.98; 1004.6543359375; 18.7451171875
2026-07-24; 13:22:55; 770; 56; 37.0; 1004.669921875; 18.7216796875
2026-07-24; 13:23:55; 770; 56; 36.98; 1004.6190234375; 18.767578125
2026-07-24; 13:24:55; 787; 58; 36.97; 1004.6110546875; 18.767578125
2026-07-24; 13:25:55; 776; 57; 36.98; 1004.57140625; 18.7333984375
2026-07-24; 13:26:55; 770; 56; 36.93; 1004.493046875; 18.77734375
2026-07-24; 13:27:55; 776; 57; 36.99; 1004.579375; 18.7685546875
2026-07-24; 13:28:55; 787; 58; 36.94; 1004.501015625; 18.7666015625
2026-07-24; 13:29:55; 776; 57; 36.95; 1004.5166015625; 18.7900390625
2026-07-24; 13:30:55; 776; 57; 36.94; 1004.39046875; 18.82421875
2026-07-24; 13:31:55; 776; 57; 36.93; 1004.3748828125; 18.82421875
2026-07-24; 13:32:55; 787; 58; 36.89; 1004.485859375; 18.857421875
2026-07-24; 13:33:55; 787; 58; 36.87; 1004.3993359375; 18.90234375
2026-07-24; 13:34:55; 787; 58; 36.89; 1004.4305859375; 18.869140625
2026-07-24; 13:35:55; 798; 60; 36.85; 1004.3880859375; 18.9365234375
2026-07-24; 13:36:55; 787; 58; 36.86; 1004.4390234375; 18.87890625
2026-07-24; 13:37:55; 798; 60; 36.83; 1004.3921484375; 18.935546875
2026-07-24; 13:38:55; 787; 58; 36.83; 1004.4473828125; 18.9130859375
2026-07-24; 13:39:55; 787; 58; 36.8; 1004.35328125; 18.912109375
2026-07-24; 13:40:55; 798; 60; 36.84; 1004.3525390625; 18.9013671875
2026-07-24; 13:41:55; 787; 58; 36.79; 1004.3100390625; 18.98046875
2026-07-24; 13:42:55; 798; 60; 36.76; 1004.373671875; 18.9794921875
2026-07-24; 13:43:55; 798; 60; 36.76; 1004.366015625; 19.0029296875
2026-07-24; 13:44:55; 798; 60; 36.74; 1004.4253125; 19.0361328125
2026-07-24; 13:45:55; 787; 58; 36.75; 1004.3304296875; 18.990234375
2026-07-24; 13:46:55; 787; 58; 36.78; 1004.314375; 18.95703125
2026-07-24; 13:47:55; 787; 58; 36.83; 1004.2816796875; 18.9130859375
2026-07-24; 13:48:55; 798; 60; 36.8; 1004.270390625; 18.9580078125
2026-07-24; 13:49:55; 798; 60; 36.78; 1004.32203125; 18.9921875
2026-07-24; 13:50:56; 798; 60; 36.78; 1004.3696484375; 19.0146484375
2026-07-24; 13:51:56; 798; 60; 36.76; 1004.255546875; 19.013671875
2026-07-24; 13:52:56; 798; 60; 36.76; 1004.2908203125; 19.0263671875
2026-07-24; 13:53:56; 798; 60; 36.78; 1004.314375; 19.0029296875
2026-07-24; 13:54:56; 806; 61; 36.78; 1004.266796875; 19.02734375
2026-07-24; 13:55:56; 806; 61; 36.78; 1004.32203125; 19.00390625
2026-07-24; 13:56:56; 806; 61; 36.65; 1004.22953125; 19.125
2026-07-24; 13:57:56; 806; 61; 36.6; 1004.26984375; 19.193359375
2026-07-24; 13:58:56; 806; 61; 36.57; 1004.250625; 19.2265625
2026-07-24; 13:59:56; 806; 61; 36.56; 1004.207421875; 19.23828125
2026-07-24; 14:00:56; 813; 62; 36.57; 1004.2230078125; 19.23828125
2026-07-24; 14:01:56; 813; 62; 36.5; 1004.204453125; 19.3046875
2026-07-24; 14:02:56; 813; 62; 36.5; 1004.16890625; 19.3046875
2026-07-24; 14:03:56; 825; 64; 36.47; 1004.2045703125; 19.349609375
2026-07-24; 14:04:56; 825; 64; 36.44; 1004.240546875; 19.3837890625
2026-07-24; 14:05:56; 825; 64; 36.44; 1004.1853515625; 19.3837890625
2026-07-24; 14:06:56; 825; 64; 36.45; 1004.2009375; 19.3603515625
2026-07-24; 14:07:56; 834; 66; 36.44; 1004.1853515625; 19.39453125
2026-07-24; 14:08:56; 834; 66; 36.39; 1004.2056640625; 19.427734375
2026-07-24; 14:09:56; 834; 66; 36.41; 1004.201640625; 19.4169921875
2026-07-24; 14:10:56; 834; 66; 36.43; 1004.1776953125; 19.3828125
2026-07-24; 14:11:56; 844; 67; 36.41; 1004.0912109375; 19.4052734375
2026-07-24; 14:12:56; 844; 67; 36.45; 1004.12609375; 19.3837890625
2026-07-24; 14:13:56; 844; 67; 36.5; 1004.0860546875; 19.328125
2026-07-24; 14:14:56; 853; 69; 36.51; 1004.0544140625; 19.2939453125
2026-07-24; 14:15:56; 853; 69; 36.48; 1004.05484375; 19.3505859375
2026-07-24; 14:16:56; 853; 69; 36.48; 1003.999609375; 19.3388671875
2026-07-24; 14:17:56; 853; 69; 36.47; 1004.0195703125; 19.361328125
2026-07-24; 14:18:56; 853; 69; 36.47; 1004.0389453125; 19.349609375
2026-07-24; 14:19:56; 870; 71; 36.48; 1003.9523828125; 19.3623046875
2026-07-24; 14:20:56; 853; 69; 36.45; 1003.897265625; 19.3837890625
2026-07-24; 14:21:56; 853; 69; 36.44; 1003.9172265625; 19.3837890625
2026-07-24; 14:22:56; 853; 69; 36.44; 1003.9920703125; 19.39453125
2026-07-24; 14:23:56; 853; 69; 36.47; 1003.95609375; 19.384765625
2026-07-24; 14:24:56; 853; 69; 36.41; 1003.9255859375; 19.4052734375
2026-07-24; 14:25:56; 853; 69; 36.36; 1003.8551953125; 19.4501953125
2026-07-24; 14:26:56; 853; 69; 36.39; 1003.7839453125; 19.451171875
2026-07-24; 14:27:56; 844; 67; 36.43; 1003.8936328125; 19.4169921875
2026-07-24; 14:28:56; 844; 67; 36.41; 1003.7875390625; 19.4287109375
2026-07-24; 14:29:56; 844; 67; 36.39; 1003.7916015625; 19.439453125
2026-07-24; 14:30:56; 844; 67; 36.39; 1003.756328125; 19.462890625
2026-07-24; 14:31:56; 844; 67; 36.34; 1003.76875; 19.5068359375
2026-07-24; 14:32:56; 844; 67; 36.33; 1003.74546875; 19.505859375
2026-07-24; 14:33:57; 844; 67; 36.32; 1003.7375; 19.517578125
2026-07-24; 14:34:57; 844; 67; 36.36; 1003.7094921875; 19.47265625
2026-07-24; 14:35:57; 853; 69; 36.29; 1003.77375; 19.5625
2026-07-24; 14:36:57; 870; 71; 36.31; 1003.7142578125; 19.5400390625
2026-07-24; 14:37:57; 870; 71; 36.32; 1003.7926953125; 19.529296875
2026-07-24; 14:38:57; 870; 71; 36.3; 1003.761484375; 19.5625
2026-07-24; 14:39:57; 874; 72; 36.29; 1003.738203125; 19.5615234375
2026-07-24; 14:40:57; 874; 72; 36.3; 1003.7262109375; 19.5625
2026-07-24; 14:41:57; 874; 72; 36.28; 1003.70296875; 19.5732421875
2026-07-24; 14:42:57; 885; 73; 36.26; 1003.644140625; 19.583984375
2026-07-24; 14:43:57; 874; 72; 36.25; 1003.7112890625; 19.607421875
2026-07-24; 14:44:57; 874; 72; 36.22; 1003.672109375; 19.62890625
2026-07-24; 14:45:57; 874; 72; 36.21; 1003.62125; 19.6279296875
2026-07-24; 14:46:57; 874; 72; 36.19; 1003.7004296875; 19.6279296875
2026-07-24; 14:47:57; 874; 72; 36.19; 1003.7280078125; 19.650390625
2026-07-24; 14:48:57; 885; 73; 36.19; 1003.7080859375; 19.650390625
2026-07-24; 14:49:57; 885; 73; 36.16; 1003.6259765625; 19.6728515625
2026-07-24; 14:50:57; 885; 73; 36.17; 1003.6691796875; 19.6845703125
2026-07-24; 14:51:57; 885; 73; 36.21; 1003.6488671875; 19.6279296875
2026-07-24; 14:52:57; 885; 73; 36.17; 1003.6416015625; 19.6611328125
2026-07-24; 14:53:57; 885; 73; 36.16; 1003.6060546875; 19.7080078125
2026-07-24; 14:54:57; 895; 75; 36.15; 1003.665546875; 19.7177734375
2026-07-24; 14:55:57; 895; 75; 36.11; 1003.6107421875; 19.740234375
2026-07-24; 14:56:57; 895; 75; 36.13; 1003.641953125; 19.7294921875
2026-07-24; 14:57:57; 909; 77; 36.14; 1003.594765625; 19.7412109375
2026-07-24; 14:58:57; 909; 77; 36.09; 1003.5874609375; 19.7626953125
2026-07-24; 14:59:57; 909; 77; 36.08; 1003.5442578125; 19.7734375
2026-07-24; 15:00:57; 909; 77; 36.11; 1003.57546875; 19.7744140625
2026-07-24; 15:01:57; 895; 75; 36.06; 1003.568203125; 19.7841796875
2026-07-24; 15:02:57; 909; 77; 36.08; 1003.5442578125; 19.7734375
2026-07-24; 15:03:57; 909; 77; 36.03; 1003.5412890625; 19.8173828125
2026-07-24; 15:04:57; 895; 75; 36.05; 1003.51703125; 19.806640625
2026-07-24; 15:05:57; 909; 77; 36.03; 1003.5489453125; 19.8408203125
2026-07-24; 15:06:57; 909; 77; 36.02; 1003.5256640625; 19.86328125
2026-07-24; 15:07:57; 909; 77; 35.99; 1003.5064453125; 19.884765625
2026-07-24; 15:08:57; 909; 77; 36.0; 1003.5296875; 19.8740234375
2026-07-24; 15:09:57; 915; 78; 36.0; 1003.494453125; 19.8857421875
2026-07-24; 15:10:57; 915; 78; 36.0; 1003.5296875; 19.8857421875
2026-07-24; 15:11:57; 915; 78; 35.97; 1003.4473046875; 19.9072265625
2026-07-24; 15:12:57; 915; 78; 35.95; 1003.486875; 19.9296875
2026-07-24; 15:13:57; 915; 78; 35.99; 1003.4037109375; 19.908203125
2026-07-24; 15:14:57; 925; 79; 36.0; 1003.4469140625; 19.8740234375
2026-07-24; 15:15:57; 925; 79; 36.02; 1003.3677734375; 19.8642578125
2026-07-24; 15:16:58; 935; 81; 36.0; 1003.4116796875; 19.8740234375
2026-07-24; 15:17:58; 925; 79; 36.01; 1003.4349609375; 19.86328125
2026-07-24; 15:18:58; 925; 79; 36.01; 1003.379765625; 19.875
2026-07-24; 15:19:58; 935; 81; 36.0; 1003.3366015625; 19.8740234375
2026-07-24; 15:20:58; 935; 81; 36.01; 1003.2694140625; 19.86328125
2026-07-24; 15:21:58; 954; 84; 35.97; 1003.31703125; 19.9189453125
2026-07-24; 15:22:58; 935; 81; 35.95; 1003.4041015625; 19.9296875
2026-07-24; 15:23:58; 935; 81; 35.99; 1003.26578125; 19.896484375
2026-07-24; 15:24:58; 954; 84; 35.97; 1003.309375; 19.9189453125
2026-07-24; 15:25:58; 935; 81; 35.99; 1003.2105859375; 19.908203125
2026-07-24; 15:26:58; 935; 81; 35.95; 1003.266171875; 19.9189453125
2026-07-24; 15:27:58; 954; 84; 35.99; 1003.2305078125; 19.908203125
2026-07-24; 15:28:58; 954; 84; 35.96; 1003.1910546875; 19.9189453125
2026-07-24; 15:29:58; 954; 84; 35.99; 1003.2105859375; 19.896484375
2026-07-24; 15:30:58; 954; 84; 36.02; 1003.202265625; 19.8642578125
2026-07-24; 15:31:58; 954; 84; 35.99; 1003.183046875; 19.896484375
2026-07-24; 15:32:58; 964; 85; 36.03; 1003.135078125; 19.8291015625
2026-07-24; 15:33:58; 954; 84; 35.99; 1003.1554296875; 19.8740234375
2026-07-24; 15:34:58; 954; 84; 36.0; 1003.1633984375; 19.8740234375
2026-07-24; 15:35:58; 954; 84; 36.01; 1003.123828125; 19.875
2026-07-24; 15:36:58; 954; 84; 36.04; 1003.150703125; 19.841796875
2026-07-24; 15:37:58; 954; 84; 35.98; 1003.05703125; 19.896484375
2026-07-24; 15:38:58; 954; 84; 36.0; 1003.0254296875; 19.8623046875
2026-07-24; 15:39:58; 935; 81; 35.99; 1002.9898828125; 19.8857421875
2026-07-24; 15:40:58; 935; 81; 35.96; 1002.970390625; 19.8955078125
2026-07-24; 15:41:58; 935; 81; 35.95; 1002.9075390625; 19.94140625
2026-07-24; 15:42:58; 925; 79; 35.91; 1003.010625; 19.974609375
2026-07-24; 15:43:58; 915; 78; 35.96; 1002.9151953125; 19.8720703125
2026-07-24; 15:44:58; 909; 77; 36.01; 1002.9659375; 19.86328125
2026-07-24; 15:45:58; 909; 77; 36.08; 1002.9372265625; 19.796875
2026-07-24; 15:46:58; 874; 72; 36.04; 1002.87484375; 19.7724609375
2026-07-24; 15:47:58; 870; 71; 36.05; 1002.9455859375; 19.806640625
2026-07-24; 15:48:58; 874; 72; 36.07; 1002.88609375; 19.78515625
2026-07-24; 15:49:58; 885; 73; 36.07; 1002.8308984375; 19.7958984375
2026-07-24; 15:50:58; 895; 75; 36.06; 1002.8980859375; 19.7841796875
2026-07-24; 15:51:58; 885; 73; 36.04; 1002.8196484375; 19.830078125
2026-07-24; 15:52:58; 895; 75; 36.08; 1002.81890625; 19.7734375
2026-07-24; 15:53:58; 909; 77; 36.04; 1002.8392578125; 19.8291015625
2026-07-24; 15:54:58; 885; 73; 36.02; 1002.7884375; 19.8408203125
2026-07-24; 15:55:58; 885; 73; 35.99; 1002.851953125; 19.8740234375
2026-07-24; 15:56:58; 909; 77; 36.07; 1002.8033203125; 19.7958984375
2026-07-24; 15:57:58; 915; 78; 36.06; 1002.850859375; 19.7958984375
2026-07-24; 15:58:59; 915; 78; 36.07; 1002.8033203125; 19.8076171875
2026-07-24; 15:59:59; 909; 77; 36.1; 1002.7397265625; 19.7744140625
2026-07-24; 16:00:59; 915; 78; 36.13; 1002.758984375; 19.7529296875
2026-07-24; 16:01:59; 909; 77; 36.1; 1002.7121484375; 19.78515625
2026-07-24; 16:02:59; 915; 78; 36.05; 1002.6697265625; 19.830078125
2026-07-24; 16:03:59; 915; 78; 36.05; 1002.66171875; 19.818359375
2026-07-24; 16:04:59; 915; 78; 36.01; 1002.5996484375; 19.8515625
2026-07-24; 16:05:59; 915; 78; 35.99; 1002.603671875; 19.8623046875
2026-07-24; 16:06:59; 915; 78; 36.05; 1002.66171875; 19.818359375
2026-07-24; 16:07:59; 915; 78; 36.04; 1002.626484375; 19.818359375
2026-07-24; 16:08:59; 915; 78; 36.05; 1002.6065625; 19.830078125
2026-07-24; 16:09:59; 915; 78; 36.06; 1002.6025; 19.7958984375
2026-07-24; 16:10:59; 915; 78; 36.0; 1002.5564453125; 19.8740234375
2026-07-24; 16:11:59; 915; 78; 36.02; 1002.54015625; 19.8525390625
2026-07-24; 16:12:59; 915; 78; 36.03; 1002.528125; 19.8408203125
2026-07-24; 16:13:59; 915; 78; 36.02; 1002.4849609375; 19.8525390625
2026-07-24; 16:14:59; 909; 77; 36.05; 1002.504140625; 19.818359375
2026-07-24; 16:15:59; 909; 77; 36.02; 1002.4497265625; 19.83984375
2026-07-24; 16:16:59; 909; 77; 36.02; 1002.4573828125; 19.8408203125
2026-07-24; 16:17:59; 909; 77; 36.04; 1002.40578125; 19.818359375
2026-07-24; 16:18:59; 915; 78; 36.11; 1002.451875; 19.763671875
2026-07-24; 16:19:59; 909; 77; 36.11; 1002.4166015625; 19.7626953125
2026-07-24; 16:20:59; 909; 77; 36.07; 1002.41703125; 19.8076171875
2026-07-24; 16:21:59; 915; 78; 36.01; 1002.3866015625; 19.8515625
2026-07-24; 16:22:59; 909; 77; 36.01; 1002.3866015625; 19.8515625
2026-07-24; 16:23:59; 909; 77; 35.98; 1002.45015625; 19.873046875
2026-07-24; 16:24:59; 909; 77; 35.96; 1002.3910546875; 19.9189453125
2026-07-24; 16:25:59; 895; 75; 35.95; 1002.403046875; 19.9189453125
2026-07-24; 16:26:59; 909; 77; 35.9; 1002.4078125; 19.9619140625
2026-07-24; 16:27:59; 895; 75; 35.86; 1002.4281640625; 20.0068359375
2026-07-24; 16:28:59; 895; 75; 35.87; 1002.38859375; 20.0078125
2026-07-24; 16:29:59; 885; 73; 35.97; 1002.4066796875; 19.884765625
2026-07-24; 16:30:59; 885; 73; 35.96; 1002.3910546875; 19.9189453125
2026-07-24; 16:31:59; 874; 72; 35.91; 1002.376171875; 19.9404296875
2026-07-24; 16:32:59; 874; 72; 35.91; 1002.3210546875; 19.9404296875
2026-07-24; 16:33:59; 870; 71; 35.84; 1002.294609375; 19.994140625
2026-07-24; 16:34:59; 874; 72; 35.91; 1002.28546875; 19.962890625
2026-07-24; 16:35:59; 874; 72; 35.88; 1002.2387109375; 19.984375
2026-07-24; 16:36:59; 870; 71; 35.85; 1002.32984375; 19.7978515625
2026-07-24; 16:37:59; 844; 67; 35.78; 1002.2561328125; 20.0498046875
2026-07-24; 16:38:59; 853; 69; 35.8; 1002.2321875; 20.0732421875
2026-07-24; 16:39:59; 870; 71; 35.79; 1002.2166015625; 20.0732421875
2026-07-24; 16:40:59; 874; 72; 35.72; 1002.2256640625; 20.1396484375
2026-07-24; 16:42:00; 874; 72; 35.73; 1002.205703125; 20.1396484375
2026-07-24; 16:43:00; 870; 71; 35.74; 1002.1937109375; 20.12890625
2026-07-24; 16:44:00; 874; 72; 35.79; 1002.2242578125; 20.0732421875
2026-07-24; 16:45:00; 874; 72; 35.74; 1002.1937109375; 20.12890625
2026-07-24; 16:46:00; 885; 73; 35.68; 1002.1632421875; 20.20703125
2026-07-24; 16:47:00; 885; 73; 35.77; 1002.193046875; 20.107421875
2026-07-24; 16:48:00; 885; 73; 35.71; 1002.146953125; 20.150390625
2026-07-24; 16:49:00; 885; 73; 35.71; 1002.17453125; 20.150390625
2026-07-24; 16:50:00; 874; 72; 35.7; 1002.084140625; 20.162109375
2026-07-24; 16:51:00; 874; 72; 35.65; 1002.0965234375; 20.1943359375
2026-07-24; 16:52:00; 885; 73; 35.73; 1002.103359375; 20.1513671875
2026-07-24; 16:53:00; 885; 73; 35.83; 1002.0228125; 20.0283203125
2026-07-24; 16:54:00; 874; 72; 35.83; 1002.160703125; 20.0517578125
2026-07-24; 16:55:00; 885; 73; 35.68; 1002.10015625; 20.1728515625
2026-07-24; 16:56:00; 874; 72; 35.64; 1002.108515625; 20.228515625
2026-07-24; 16:57:00; 874; 72; 35.69; 1002.0685546875; 20.1845703125
2026-07-24; 16:58:00; 874; 72; 35.73; 1002.0678125; 20.1396484375
2026-07-24; 16:59:00; 874; 72; 35.7; 1002.0486328125; 20.185546875
2026-07-24; 17:00:00; 885; 73; 35.67; 1001.9821875; 20.1953125
2026-07-24; 17:01:00; 885; 73; 35.63; 1001.9749609375; 20.216796875
2026-07-24; 17:02:00; 874; 72; 35.72; 1002.0601953125; 20.1748046875
2026-07-24; 17:03:00; 874; 72; 35.68; 1001.9978125; 20.1845703125
2026-07-24; 17:04:00; 874; 72; 35.71; 1001.90671875; 20.173828125
2026-07-24; 17:05:00; 885; 73; 35.66; 1001.9114453125; 20.2294921875
2026-07-24; 17:06:00; 885; 73; 35.64; 1001.943046875; 20.240234375
2026-07-24; 17:07:00; 895; 75; 35.67; 1001.9742578125; 20.20703125
2026-07-24; 17:08:00; 885; 73; 35.65; 1001.895859375; 20.2060546875
2026-07-24; 17:09:00; 885; 73; 35.65; 1001.903515625; 20.2177734375
2026-07-24; 17:10:00; 895; 75; 35.76; 1001.8664453125; 20.0947265625
2026-07-24; 17:11:00; 885; 73; 35.71; 1001.8515625; 20.173828125
2026-07-24; 17:12:00; 885; 73; 35.71; 1001.8712109375; 20.126953125
2026-07-24; 17:13:00; 885; 73; 35.7; 1001.8635546875; 20.173828125
2026-07-24; 17:14:00; 885; 73; 35.74; 1001.7801171875; 20.15234375
2026-07-24; 17:15:00; 885; 73; 35.74; 1001.788046875; 20.140625
2026-07-24; 17:16:00; 885; 73; 35.73; 1001.7369140625; 20.1513671875
2026-07-24; 17:17:00; 885; 73; 35.65; 1001.7304296875; 20.2294921875
2026-07-24; 17:18:00; 885; 73; 35.68; 1001.7220703125; 20.1962890625
2026-07-24; 17:19:00; 885; 73; 35.74; 1001.7525390625; 20.140625
2026-07-24; 17:20:00; 885; 73; 35.76; 1001.7640625; 20.1416015625
2026-07-24; 17:21:00; 895; 75; 35.78; 1001.6846484375; 20.0966796875
2026-07-24; 17:22:00; 885; 73; 35.72; 1001.6741015625; 20.1513671875
2026-07-24; 17:23:00; 895; 75; 35.71; 1001.678203125; 20.185546875
2026-07-24; 17:24:00; 895; 75; 35.72; 1001.6741015625; 20.1513671875
2026-07-24; 17:25:01; 895; 75; 35.78; 1001.7122265625; 20.107421875
2026-07-24; 17:26:01; 909; 77; 35.75; 1001.66578125; 20.140625
2026-07-24; 17:27:01; 909; 77; 35.73; 1001.681796875; 20.1748046875
2026-07-24; 17:28:01; 909; 77; 35.79; 1001.645078125; 20.1083984375
2026-07-24; 17:29:01; 909; 77; 35.77; 1001.696640625; 20.1533203125
2026-07-24; 17:30:01; 909; 77; 35.77; 1001.586328125; 20.142578125
2026-07-24; 17:31:01; 909; 77; 35.75; 1001.575078125; 20.15234375
2026-07-24; 17:32:01; 909; 77; 35.76; 1001.5434765625; 20.107421875
2026-07-24; 17:33:01; 909; 77; 35.73; 1001.4966796875; 20.1865234375
2026-07-24; 17:34:01; 909; 77; 35.84; 1001.549921875; 20.0751953125
2026-07-24; 17:35:01; 915; 78; 35.75; 1001.5278515625; 20.15234375
2026-07-24; 17:36:01; 915; 78; 35.76; 1001.4883203125; 20.1298828125
2026-07-24; 17:37:01; 915; 78; 35.85; 1001.4748046875; 20.064453125
2026-07-24; 17:38:01; 885; 73; 35.88; 1001.46640625; 20.01953125
2026-07-24; 17:39:01; 885; 73; 35.96; 1001.4531640625; 19.9296875
2026-07-24; 17:40:01; 915; 78; 35.78; 1001.436484375; 20.0966796875
2026-07-24; 17:41:01; 909; 77; 35.77; 1001.44078125; 20.130859375
2026-07-24; 17:42:01; 909; 77; 35.75; 1001.409609375; 20.140625
2026-07-24; 17:43:01; 895; 75; 35.74; 1001.421640625; 20.1748046875
2026-07-24; 17:44:01; 885; 73; 35.68; 1001.3832421875; 20.23046875
2026-07-24; 17:45:01; 885; 73; 35.65; 1001.3995703125; 20.263671875
2026-07-24; 17:46:01; 874; 72; 35.64; 1001.328828125; 20.2744140625
2026-07-24; 17:47:01; 874; 72; 35.6; 1001.2940625; 20.3076171875
2026-07-24; 17:48:01; 874; 72; 35.61; 1001.3173046875; 20.296875
2026-07-24; 17:49:01; 895; 75; 35.55; 1001.251328125; 20.3408203125
2026-07-24; 17:50:01; 909; 77; 35.6; 1001.274140625; 20.3427734375
2026-07-24; 17:51:01; 909; 77; 35.71; 1001.2725; 20.208984375
2026-07-24; 17:52:01; 915; 78; 35.82; 1001.2153515625; 20.12109375
2026-07-24; 17:53:01; 909; 77; 35.86; 1001.1869921875; 20.087890625
2026-07-24; 17:54:01; 915; 78; 35.9; 1001.257265625; 19.9970703125
2026-07-24; 17:55:01; 925; 79; 35.81; 1001.2825; 20.09765625
2026-07-24; 17:56:01; 915; 78; 35.85; 1001.179375; 20.0986328125
2026-07-24; 17:57:01; 915; 78; 35.86; 1001.1594140625; 20.064453125
2026-07-24; 17:58:01; 925; 79; 35.88; 1001.143359375; 20.04296875
2026-07-24; 17:59:01; 925; 79; 35.94; 1001.1185546875; 19.9873046875
2026-07-24; 18:00:01; 925; 79; 35.8; 1001.1014453125; 20.1083984375
2026-07-24; 18:01:01; 925; 79; 35.83; 1001.093046875; 20.0986328125
2026-07-24; 18:02:01; 925; 79; 35.84; 1001.1086328125; 20.064453125
2026-07-24; 18:03:01; 925; 79; 35.88; 1001.0802734375; 20.03125
2026-07-24; 18:04:01; 925; 79; 35.88; 1001.033046875; 20.0078125
2026-07-24; 18:05:01; 925; 79; 35.85; 1001.041484375; 20.041015625
2026-07-24; 18:06:01; 925; 79; 35.94; 1001.0909765625; 19.9873046875
2026-07-24; 18:07:01; 925; 79; 35.92; 1001.0401953125; 20.009765625
2026-07-24; 18:08:02; 925; 79; 35.97; 1001.1376953125; 19.9541015625
2026-07-24; 18:09:02; 925; 79; 35.99; 1001.0235546875; 19.908203125
2026-07-24; 18:10:02; 925; 79; 35.97; 1001.0197265625; 19.9423828125
2026-07-24; 18:11:02; 925; 79; 35.97; 1001.02734375; 19.9541015625
2026-07-24; 18:12:02; 925; 79; 35.94; 1001.1185546875; 19.9755859375
2026-07-24; 18:13:02; 925; 79; 35.87; 1001.0646875; 20.0537109375
2026-07-24; 18:14:02; 925; 79; 35.86; 1001.0766796875; 20.0537109375
2026-07-24; 18:15:02; 925; 79; 35.8; 1001.0263671875; 20.07421875
2026-07-24; 18:16:02; 935; 81; 35.87; 1000.9819140625; 20.0654296875
2026-07-24; 18:17:02; 915; 78; 35.89; 1000.9579296875; 20.0078125
2026-07-24; 18:18:02; 925; 79; 35.89; 1000.9658984375; 20.01953125
2026-07-24; 18:19:02; 925; 79; 35.8; 1001.01875; 20.0966796875
2026-07-24; 18:20:02; 925; 79; 35.81; 1000.89640625; 20.0859375
2026-07-24; 18:21:02; 915; 78; 35.94; 1000.897890625; 19.9638671875
2026-07-24; 18:22:02; 935; 81; 35.93; 1000.945390625; 19.9755859375
2026-07-24; 18:23:02; 935; 81; 35.8; 1000.8608984375; 20.0859375
2026-07-24; 18:24:02; 925; 79; 35.86; 1000.8836328125; 20.087890625
2026-07-24; 18:25:02; 925; 79; 35.86; 1000.8836328125; 20.064453125
2026-07-24; 18:26:02; 925; 79; 35.88; 1000.914765625; 20.04296875
2026-07-24; 18:27:02; 935; 81; 35.89; 1000.8751953125; 20.04296875
2026-07-24; 18:28:02; 935; 81; 35.83; 1000.7896875; 20.0517578125
2026-07-24; 18:29:02; 935; 81; 35.87; 1000.851953125; 20.0302734375
2026-07-24; 18:30:02; 935; 81; 35.87; 1000.851953125; 20.0537109375
2026-07-24; 18:31:02; 925; 79; 35.83; 1000.7265625; 20.0859375
2026-07-24; 18:32:02; 925; 79; 35.88; 1000.7768359375; 20.04296875
2026-07-24; 18:33:02; 925; 79; 35.87; 1000.7888671875; 20.0537109375
2026-07-24; 18:34:02; 925; 79; 35.84; 1000.769765625; 20.0751953125
2026-07-24; 18:35:02; 954; 84; 35.8; 1000.7781640625; 20.0966796875
2026-07-24; 18:36:02; 935; 81; 35.82; 1000.79375; 20.109375
2026-07-24; 18:37:02; 935; 81; 35.84; 1000.769765625; 20.0986328125
2026-07-24; 18:38:02; 935; 81; 35.87; 1000.7337109375; 20.0771484375
2026-07-24; 18:39:02; 935; 81; 35.83; 1000.6438671875; 20.0751953125
2026-07-24; 18:40:02; 935; 81; 35.82; 1000.7465234375; 20.09765625
2026-07-24; 18:41:02; 935; 81; 35.79; 1000.67984375; 20.1083984375
2026-07-24; 18:42:02; 935; 81; 35.81; 1000.67578125; 20.12109375
2026-07-24; 18:43:02; 954; 84; 35.78; 1000.719453125; 20.0966796875
2026-07-24; 18:44:02; 935; 81; 35.83; 1000.6714453125; 20.0859375
2026-07-24; 18:45:02; 935; 81; 35.78; 1000.656640625; 20.130859375
2026-07-24; 18:46:02; 935; 81; 35.74; 1000.657421875; 20.1640625
2026-07-24; 18:47:02; 935; 81; 35.75; 1000.6178515625; 20.17578125
2026-07-24; 18:48:02; 935; 81; 35.82; 1000.655859375; 20.12109375
2026-07-24; 18:49:02; 954; 84; 35.72; 1000.6262890625; 20.1865234375
2026-07-24; 18:50:02; 935; 81; 35.74; 1000.6219140625; 20.1865234375
2026-07-24; 18:51:02; 935; 81; 35.74; 1000.712578125; 20.17578125
2026-07-24; 18:52:03; 935; 81; 35.76; 1000.6255078125; 20.17578125
2026-07-24; 18:53:03; 935; 81; 35.71; 1000.5555859375; 20.208984375
2026-07-24; 18:54:03; 954; 84; 35.68; 1000.64671875; 20.23046875
2026-07-24; 18:55:03; 954; 84; 35.76; 1000.5783203125; 20.1875
2026-07-24; 18:56:03; 935; 81; 35.74; 1000.5943359375; 20.1748046875
2026-07-24; 18:57:03; 935; 81; 35.68; 1000.563984375; 20.23046875
2026-07-24; 18:58:03; 954; 84; 35.68; 1000.563984375; 20.2421875
2026-07-24; 18:59:03; 954; 84; 35.71; 1000.5555859375; 20.208984375
2026-07-24; 19:00:03; 935; 81; 35.67; 1000.5484375; 20.2412109375
2026-07-24; 19:01:03; 935; 81; 35.71; 1000.5004296875; 20.208984375
2026-07-24; 19:02:03; 954; 84; 35.66; 1000.422578125; 20.2529296875
2026-07-24; 19:03:03; 954; 84; 35.67; 1000.438125; 20.2646484375
2026-07-24; 19:04:03; 935; 81; 35.68; 1000.508828125; 20.25390625
2026-07-24; 19:05:03; 954; 84; 35.65; 1000.4896875; 20.2529296875
2026-07-24; 19:06:03; 935; 81; 35.67; 1000.4577734375; 20.2646484375
2026-07-24; 19:07:03; 935; 81; 35.67; 1000.438125; 20.2646484375
2026-07-24; 19:08:03; 935; 81; 35.68; 1000.418203125; 20.2421875
2026-07-24; 19:09:03; 935; 81; 35.69; 1000.4062109375; 20.2421875
2026-07-24; 19:10:03; 935; 81; 35.63; 1000.375859375; 20.2744140625
2026-07-24; 19:11:03; 954; 84; 35.65; 1000.469765625; 20.275390625
2026-07-24; 19:12:03; 954; 84; 35.6; 1000.329140625; 20.3310546875
2026-07-24; 19:13:03; 935; 81; 35.69; 1000.3786328125; 20.25390625
2026-07-24; 19:14:03; 954; 84; 35.69; 1000.44171875; 20.25390625
2026-07-24; 19:15:03; 935; 81; 35.66; 1000.395; 20.275390625
2026-07-24; 19:16:03; 954; 84; 35.64; 1000.3638671875; 20.2744140625
2026-07-24; 19:17:03; 954; 84; 35.63; 1000.328359375; 20.2978515625
2026-07-24; 19:18:03; 954; 84; 35.7; 1000.4217578125; 20.2548828125
2026-07-24; 19:19:03; 954; 84; 35.85; 1000.3440234375; 20.0869140625
2026-07-24; 19:20:03; 935; 81; 35.72; 1000.3701953125; 20.208984375
2026-07-24; 19:21:03; 935; 81; 35.86; 1000.4226953125; 20.0771484375
2026-07-24; 19:22:03; 954; 84; 35.84; 1000.3836328125; 20.1220703125
2026-07-24; 19:23:03; 935; 81; 35.78; 1000.3808984375; 20.1533203125
2026-07-24; 19:24:03; 954; 84; 35.71; 1000.3270703125; 20.2197265625
2026-07-24; 19:25:03; 954; 84; 35.7; 1000.3194140625; 20.2197265625
2026-07-24; 19:26:03; 954; 84; 35.73; 1000.3937109375; 20.1982421875
2026-07-24; 19:27:03; 954; 84; 35.69; 1000.3865625; 20.23046875
2026-07-24; 19:28:03; 954; 84; 35.65; 1000.324296875; 20.263671875
2026-07-24; 19:29:03; 954; 84; 35.84; 1000.3008984375; 20.0869140625
2026-07-24; 19:30:03; 935; 81; 35.75; 1000.2790234375; 20.17578125
2026-07-24; 19:31:03; 954; 84; 35.67; 1000.3003125; 20.2763671875
2026-07-24; 19:32:03; 954; 84; 35.75; 1000.231796875; 20.1875
2026-07-24; 19:33:03; 954; 84; 35.65; 1000.29671875; 20.275390625
2026-07-24; 19:34:03; 954; 84; 35.7; 1000.2642578125; 20.2080078125
2026-07-24; 19:35:04; 954; 84; 35.76; 1000.2198046875; 20.1767578125
2026-07-24; 19:36:04; 954; 84; 35.74; 1000.235859375; 20.1982421875
2026-07-24; 19:37:04; 954; 84; 35.72; 1000.2678515625; 20.220703125
2026-07-24; 19:38:04; 954; 84; 35.82; 1000.2501171875; 20.12109375
2026-07-24; 19:39:04; 964; 85; 35.86; 1000.1941015625; 20.087890625
2026-07-24; 19:40:04; 964; 85; 35.82; 1000.18703125; 20.12109375
2026-07-24; 19:41:04; 964; 85; 35.72; 1000.2126953125; 20.208984375
2026-07-24; 19:42:04; 954; 84; 35.67; 1000.162421875; 20.2880859375
2026-07-24; 19:43:04; 964; 85; 35.75; 1000.1687109375; 20.2099609375
2026-07-24; 19:44:04; 964; 85; 36.01; 1000.144375; 19.9443359375
2026-07-24; 19:45:04; 964; 85; 35.82; 1000.104296875; 20.1328125
2026-07-24; 19:46:04; 964; 85; 35.89; 1000.166015625; 20.0546875
2026-07-24; 19:47:04; 964; 85; 36.03; 1000.1479296875; 19.921875
2026-07-24; 19:48:04; 975; 87; 35.83; 1000.11984375; 20.0634765625
2026-07-24; 19:49:04; 964; 85; 35.64; 1000.170859375; 20.2744140625
2026-07-24; 19:50:04; 964; 85; 35.83; 1000.1278125; 20.1328125
2026-07-24; 19:51:04; 975; 87; 35.88; 1000.08734375; 20.0537109375
2026-07-24; 19:52:04; 964; 85; 35.67; 1000.0796875; 20.2529296875
2026-07-24; 19:53:04; 964; 85; 35.75; 1000.176640625; 20.1640625
2026-07-24; 19:54:04; 975; 87; 35.85; 1000.076171875; 20.087890625
2026-07-24; 19:55:04; 975; 87; 35.64; 1000.123359375; 20.287109375
2026-07-24; 19:56:04; 975; 87; 35.7; 1000.0988671875; 20.2314453125
2026-07-24; 19:57:04; 975; 87; 35.75; 1000.1490625; 20.1875
2026-07-24; 19:58:04; 975; 87; 35.68; 1000.0401171875; 20.265625
2026-07-24; 19:59:04; 975; 87; 35.76; 1000.073984375; 20.2109375
2026-07-24; 20:00:04; 975; 87; 35.67; 1000.1544921875; 20.287109375
2026-07-24; 20:01:04; 964; 85; 35.78; 1000.1403515625; 20.154296875
2026-07-24; 20:02:04; 975; 87; 35.77; 1000.1447265625; 20.1767578125
2026-07-24; 20:03:04; 975; 87; 35.86; 1000.1389453125; 20.111328125
2026-07-24; 20:04:04; 975; 87; 35.55; 1000.1134375; 20.3857421875
2026-07-24; 20:05:04; 975; 87; 35.89; 1000.1305078125; 20.04296875
2026-07-24; 20:06:04; 975; 87; 35.73; 1000.090390625; 20.208984375
2026-07-24; 20:07:04; 964; 85; 35.69; 1000.1383984375; 20.23046875
2026-07-24; 20:08:04; 964; 85; 35.69; 1000.0832421875; 20.2421875
2026-07-24; 20:09:04; 964; 85; 35.67; 1000.107265625; 20.2646484375
2026-07-24; 20:10:04; 964; 85; 35.76; 1000.1094921875; 20.1767578125
2026-07-24; 20:11:04; 964; 85; 35.65; 1000.0837890625; 20.287109375
2026-07-24; 20:12:04; 964; 85; 35.62; 1000.0845703125; 20.33203125
2026-07-24; 20:13:04; 964; 85; 35.48; 1000.1303125; 20.4296875
2026-07-24; 20:14:05; 954; 84; 35.55; 1000.0858984375; 20.3857421875
2026-07-24; 20:15:05; 954; 84; 35.56; 1000.046328125; 20.3642578125
2026-07-24; 20:16:05; 954; 84; 35.6; 1000.06109375; 20.3310546875
2026-07-24; 20:17:05; 954; 84; 35.65; 1000.1037109375; 20.310546875
2026-07-24; 20:18:05; 935; 81; 35.48; 1000.12265625; 20.44140625
2026-07-24; 20:19:05; 935; 81; 35.53; 1000.007265625; 20.3974609375
2026-07-24; 20:20:05; 935; 81; 35.5; 1000.0236328125; 20.4306640625
2026-07-24; 20:21:05; 954; 84; 35.44; 1000.0953125; 20.486328125
2026-07-24; 20:22:05; 935; 81; 35.61; 999.986328125; 20.34375
2026-07-24; 20:23:05; 33722; 84; 35.48; 1000.012421875; 20.453125
2026-07-24; 20:24:05; 954; 84; 35.62; 999.9743359375; 20.30859375
2026-07-24; 20:25:05; 954; 84; 35.44; 1000.0601171875; 20.5087890625
2026-07-24; 20:26:05; 954; 84; 35.43; 999.9694921875; 20.4853515625
2026-07-24; 20:27:05; 954; 84; 35.46; 1000.016171875; 20.4873046875
2026-07-24; 20:28:05; 954; 84; 35.46; 999.9886328125; 20.4873046875
2026-07-24; 20:29:05; 954; 84; 35.54; 1000.0151953125; 20.3857421875
2026-07-24; 20:30:05; 954; 84; 35.56; 1000.046328125; 20.38671875
2026-07-24; 20:31:05; 964; 85; 35.55; 1000.0307421875; 20.3857421875
2026-07-24; 20:32:05; 964; 85; 35.55; 999.975625; 20.375
2026-07-24; 20:33:05; 964; 85; 35.48; 999.957265625; 20.453125
2026-07-24; 20:34:05; 964; 85; 35.4; 999.9503515625; 20.5419921875
2026-07-24; 20:35:05; 964; 85; 35.59; 999.982734375; 20.330078125
2026-07-24; 20:36:05; 964; 85; 35.44; 999.9574609375; 20.5087890625
2026-07-24; 20:37:05; 964; 85; 35.47; 999.9769140625; 20.4638671875
2026-07-24; 20:38:05; 964; 85; 35.52; 999.9289453125; 20.431640625
2026-07-24; 20:39:05; 964; 85; 35.47; 999.9769140625; 20.4873046875
2026-07-24; 20:40:05; 975; 87; 35.62; 999.9191796875; 20.30859375
2026-07-24; 20:41:05; 975; 87; 35.46; 1000.0085546875; 20.486328125
2026-07-24; 20:42:05; 975; 87; 35.59; 999.9276171875; 20.388671875
2026-07-24; 20:43:06; 975; 87; 35.55; 999.975625; 20.375
2026-07-24; 20:44:06; 990; 89; 35.54; 999.9401171875; 20.3857421875
2026-07-24; 20:45:06; 975; 87; 35.59; 999.8725; 20.3994140625
2026-07-24; 20:46:06; 975; 87; 35.34; 999.8923828125; 20.6083984375
2026-07-24; 20:47:06; 990; 89; 35.75; 999.865390625; 20.1875
2026-07-24; 20:48:06; 975; 87; 35.8; 999.8680859375; 20.1435546875
2026-07-24; 20:49:06; 990; 89; 35.65; 999.918359375; 20.287109375
2026-07-24; 20:50:06; 990; 89; 35.56; 999.8808984375; 20.3984375
2026-07-24; 20:51:06; 1001; 91; 35.45; 999.8903515625; 20.462890625
2026-07-24; 20:52:06; 1001; 91; 35.68; 999.8746875; 20.265625
2026-07-24; 20:53:06; 990; 89; 35.75; 999.8457421875; 20.1875
2026-07-24; 20:54:06; 1001; 91; 35.48; 999.8546484375; 20.44140625
2026-07-24; 20:55:06; 1001; 91; 35.59; 999.844921875; 20.365234375
2026-07-24; 20:56:06; 1001; 91; 35.43; 999.886796875; 20.4736328125
2026-07-24; 20:57:06; 1012; 93; 35.36; 999.8605078125; 20.5859375
2026-07-24; 20:58:06; 1001; 91; 35.1; 999.8493359375; 20.875
2026-07-24; 20:59:06; 1012; 93; 35.36; 999.9235546875; 20.6328125
2026-07-24; 21:00:06; 1012; 93; 35.52; 999.9013671875; 20.443359375
2026-07-24; 21:01:06; 1012; 93; 35.46; 999.8431640625; 20.509765625
2026-07-24; 21:02:06; 1012; 93; 35.22; 999.8984375; 20.73046875
2026-07-24; 21:03:06; 1012; 93; 35.42; 999.843671875; 20.53125
2026-07-24; 21:04:06; 1012; 93; 35.76; 999.916484375; 20.2109375
2026-07-24; 21:05:06; 1012; 93; 35.79; 999.907734375; 20.189453125
2026-07-24; 21:06:06; 1012; 93; 35.76; 999.83375; 20.2109375
2026-07-24; 21:07:06; 1029; 95; 35.34; 999.9199609375; 20.5859375
2026-07-24; 21:08:06; 1029; 95; 35.74; 999.9325390625; 20.2216796875
2026-07-24; 21:09:06; 1029; 95; 35.63; 999.8872265625; 20.3212890625
2026-07-24; 21:10:06; 1029; 95; 35.73; 999.8698046875; 20.208984375
2026-07-24; 21:11:06; 1029; 95; 35.94; 999.8773046875; 19.9990234375
2026-07-24; 21:12:06; 1029; 95; 35.5; 999.803125; 20.4189453125
2026-07-24; 21:13:07; 1029; 95; 35.77; 999.7938671875; 20.1767578125
2026-07-24; 21:14:07; 1029; 95; 35.35; 999.844921875; 20.5859375
2026-07-24; 21:15:07; 1029; 95; 35.55; 999.8454296875; 20.36328125
2026-07-24; 21:16:07; 1044; 98; 35.7; 999.8703125; 20.265625
2026-07-24; 21:17:07; 1044; 98; 35.62; 999.8165234375; 20.35546875
2026-07-24; 21:18:07; 1044; 98; 35.38; 999.77375; 20.5869140625
2026-07-24; 21:19:07; 1044; 98; 35.44; 999.8671484375; 20.5205078125
2026-07-24; 21:20:07; 1044; 98; 35.67; 999.7960546875; 20.287109375
2026-07-24; 21:21:07; 1044; 98; 35.64; 999.84765625; 20.287109375
2026-07-24; 21:22:07; 1044; 98; 35.6; 999.81296875; 20.3779296875
2026-07-24; 21:23:07; 1044; 98; 35.65; 999.808046875; 20.298828125
2026-07-24; 21:24:07; 1056; 99; 35.42; 999.8360546875; 20.484375
2026-07-24; 21:25:07; 1044; 98; 35.68; 999.7919921875; 20.265625
2026-07-24; 21:26:07; 1056; 99; 35.62; 999.8441015625; 20.35546875
2026-07-24; 21:27:07; 1056; 99; 35.36; 999.915625; 20.57421875
2026-07-24; 21:28:07; 1056; 99; 35.39; 999.8995703125; 20.5986328125
2026-07-24; 21:29:07; 1056; 99; 35.63; 999.85203125; 20.3330078125
2026-07-24; 21:30:07; 1056; 99; 35.5; 999.8505859375; 20.46484375
2026-07-24; 21:31:07; 1056; 99; 35.69; 999.8075390625; 20.2890625
2026-07-24; 21:32:07; 1056; 99; 35.52; 999.818671875; 20.466796875
2026-07-24; 21:33:07; 1056; 99; 35.56; 999.8258203125; 20.43359375
2026-07-24; 21:34:07; 1056; 99; 35.22; 999.8158203125; 20.73046875
2026-07-24; 21:35:07; 1056; 99; 35.46; 999.8232421875; 20.533203125
2026-07-24; 21:36:07; 1056; 99; 35.33; 999.86890625; 20.642578125
2026-07-24; 21:37:07; 1056; 99; 35.3; 999.8222265625; 20.6875
2026-07-24; 21:38:07; 1056; 99; 35.43; 999.8240234375; 20.5087890625
2026-07-24; 21:39:07; 1056; 99; 35.18; 999.836171875; 20.7861328125
2026-07-24; 21:40:07; 1068; 101; 35.49; 999.724765625; 20.5
2026-07-24; 21:41:07; 1068; 101; 35.29; 999.7790625; 20.640625
2026-07-24; 21:42:07; 1068; 101; 35.11; 999.817734375; 20.8408203125
2026-07-24; 21:43:08; 1068; 101; 35.41; 999.8005078125; 20.5302734375
2026-07-24; 21:44:08; 1068; 101; 35.67; 999.803984375; 20.2646484375
2026-07-24; 21:45:08; 1068; 101; 35.2; 999.7019921875; 20.728515625
2026-07-24; 21:46:08; 1081; 103; 35.18; 999.73390625; 20.7744140625
2026-07-24; 21:47:08; 1068; 101; 35.04; 999.70875; 20.953125
2026-07-24; 21:48:08; 1068; 101; 35.38; 999.753828125; 20.6103515625
2026-07-24; 21:49:08; 1068; 101; 35.31; 999.8732421875; 20.6767578125
2026-07-24; 21:50:08; 1068; 101; 34.98; 999.81578125; 20.9970703125
2026-07-24; 21:51:08; 1068; 101; 35.27; 999.8385546875; 20.7666015625
2026-07-24; 21:52:08; 1081; 103; 35.25; 999.7523046875; 20.7314453125
2026-07-24; 21:53:08; 1081; 103; 34.99; 999.9139453125; 20.9736328125
2026-07-24; 21:54:08; 1081; 103; 35.08; 999.8261328125; 20.943359375
2026-07-24; 21:55:08; 1068; 101; 35.0; 999.784140625; 21.0205078125
2026-07-24; 21:56:08; 1081; 103; 35.06; 999.8026171875; 20.896484375
2026-07-24; 21:57:08; 1068; 101; 35.53; 999.83421875; 20.455078125
2026-07-24; 21:58:08; 1090; 105; 35.41; 999.91078125; 20.5888671875
2026-07-24; 21:59:08; 1081; 103; 35.51; 999.865859375; 20.4423828125
2026-07-24; 22:00:08; 1068; 101; 35.54; 999.8498046875; 20.4560546875
2026-07-24; 22:01:08; 1081; 103; 35.43; 999.879140625; 20.4970703125
2026-07-24; 22:02:08; 1081; 103; 35.27; 999.885703125; 20.6748046875
2026-07-24; 22:03:08; 1081; 103; 35.45; 999.85515625; 20.498046875
2026-07-24; 22:04:08; 1081; 103; 35.26; 999.9803515625; 20.7548828125
2026-07-24; 22:05:08; 1081; 103; 35.29; 999.916875; 20.7333984375
2026-07-24; 22:06:08; 1081; 103; 35.2; 999.89484375; 20.775390625
2026-07-24; 22:07:08; 1081; 103; 35.43; 999.934296875; 20.56640625
2026-07-24; 22:08:08; 1081; 103; 35.38; 999.891640625; 20.564453125
2026-07-24; 22:09:08; 1081; 103; 35.02; 999.953046875; 20.9404296875
2026-07-24; 22:10:08; 1090; 105; 34.99; 999.9139453125; 20.9970703125
2026-07-24; 22:11:08; 1081; 103; 35.36; 999.978671875; 20.59765625
2026-07-24; 22:12:08; 1081; 103; 35.06; 999.960234375; 20.9541015625
2026-07-24; 22:13:08; 1081; 103; 35.12; 999.8883984375; 20.8876953125
2026-07-24; 22:14:08; 1090; 105; 35.1; 999.91234375; 20.88671875
2026-07-24; 22:15:08; 1081; 103; 35.32; 999.9084375; 20.6884765625
2026-07-24; 22:16:08; 1090; 105; 35.02; 999.878046875; 20.9755859375
2026-07-24; 22:17:08; 1090; 105; 35.13; 999.8684765625; 20.830078125
2026-07-24; 22:18:08; 1081; 103; 34.98; 999.835625; 20.9619140625
2026-07-24; 22:19:08; 1090; 105; 35.02; 999.8505078125; 20.9521484375
2026-07-24; 22:20:08; 1090; 105; 34.99; 999.8787890625; 20.9736328125
2026-07-24; 22:21:08; 1090; 105; 35.14; 999.8565234375; 20.865234375
2026-07-24; 22:22:08; 1090; 105; 34.84; 999.825625; 21.15234375
2026-07-24; 22:23:08; 1099; 106; 34.77; 999.8542578125; 21.1943359375
2026-07-24; 22:24:09; 1090; 105; 34.88; 999.8053125; 21.119140625
2026-07-24; 22:25:09; 1090; 105; 35.15; 999.8800390625; 20.853515625
2026-07-24; 22:26:09; 1090; 105; 34.81; 999.826328125; 21.1728515625
2026-07-24; 22:27:09; 1090; 105; 34.84; 999.880703125; 21.140625
2026-07-24; 22:28:09; 1090; 105; 35.18; 999.8441015625; 20.8095703125
2026-07-24; 22:29:09; 1090; 105; 34.81; 999.8064453125; 21.162109375
2026-07-24; 22:30:09; 1090; 105; 34.7; 999.773046875; 21.283203125
2026-07-24; 22:31:09; 1090; 105; 34.86; 999.8216015625; 21.1640625
2026-07-24; 22:32:09; 1090; 105; 34.99; 999.77625; 20.9853515625
2026-07-24; 22:33:09; 1090; 105; 35.2; 999.7846484375; 20.751953125
2026-07-24; 22:34:09; 1090; 105; 35.11; 999.817734375; 20.8525390625
2026-07-24; 22:35:09; 1081; 103; 34.77; 999.8542578125; 21.1943359375
2026-07-24; 22:36:09; 1081; 103; 34.87; 999.8096484375; 21.072265625
2026-07-24; 22:37:09; 1068; 101; 34.9; 999.836484375; 21.05078125
2026-07-24; 22:38:09; 1068; 101; 34.9; 999.8839453125; 21.0390625
2026-07-24; 22:39:09; 1068; 101; 34.84; 999.8531640625; 21.140625
2026-07-24; 22:40:09; 1068; 101; 35.04; 999.90921875; 20.96484375
2026-07-24; 22:41:09; 1081; 103; 34.94; 999.93828125; 21.005859375
2026-07-24; 22:42:09; 1081; 103; 34.74; 999.862578125; 21.2275390625
2026-07-24; 22:43:09; 1068; 101; 34.91; 999.8444140625; 21.0283203125
2026-07-24; 22:44:09; 1068; 101; 34.71; 999.8712109375; 21.26171875
2026-07-24; 22:45:09; 1068; 101; 34.84; 999.8531640625; 21.09375
2026-07-24; 22:46:09; 1081; 103; 34.72; 999.8393359375; 21.2158203125
2026-07-24; 22:47:09; 1068; 101; 34.82; 999.814375; 21.138671875
2026-07-24; 22:48:09; 1068; 101; 34.57; 999.8258984375; 21.3935546875
2026-07-24; 22:49:09; 1068; 101; 34.58; 999.7668359375; 21.3818359375
2026-07-24; 22:50:09; 1068; 101; 34.57; 999.7237109375; 21.3818359375
2026-07-24; 22:51:09; 1068; 101; 34.72; 999.811796875; 21.1923828125
2026-07-24; 22:52:09; 1056; 99; 34.72; 999.7292578125; 21.2734375
2026-07-24; 22:53:09; 1056; 99; 35.03; 999.803359375; 20.9296875
2026-07-24; 22:54:09; 1068; 101; 34.59; 999.8019921875; 21.34765625
2026-07-24; 22:55:09; 1068; 101; 34.68; 999.8045703125; 21.2373046875
2026-07-24; 22:56:09; 1056; 99; 34.61; 999.786015625; 21.326171875
2026-07-24; 22:57:09; 1056; 99; 34.9; 999.718671875; 21.0390625
2026-07-24; 22:58:09; 1056; 99; 34.66; 999.7933203125; 21.2587890625
2026-07-24; 22:59:09; 1056; 99; 35.01; 999.7721875; 20.9169921875
2026-07-24; 23:00:09; 1056; 99; 34.77; 999.6969921875; 21.1025390625
2026-07-24; 23:01:09; 1056; 99; 34.7; 999.7455078125; 21.2138671875
2026-07-24; 23:02:09; 1056; 99; 34.72; 999.721328125; 21.1923828125
2026-07-24; 23:03:09; 1056; 99; 34.72; 999.756796875; 21.2265625
2026-07-24; 23:04:09; 1044; 98; 34.8; 999.7633203125; 21.103515625
2026-07-24; 23:05:09; 1056; 99; 34.64; 999.7896875; 21.26953125
2026-07-24; 23:06:09; 1056; 99; 34.5; 999.7247265625; 21.4013671875
2026-07-24; 23:07:09; 1044; 98; 34.69; 999.729921875; 21.2255859375
2026-07-24; 23:08:10; 1044; 98; 34.76; 999.8466015625; 21.13671875
2026-07-24; 23:09:10; 1044; 98; 34.7; 999.7455078125; 21.1796875
2026-07-24; 23:10:10; 1044; 98; 34.51; 999.8424609375; 21.4013671875
2026-07-24; 23:11:10; 1044; 98; 34.6; 999.8530078125; 21.291015625
2026-07-24; 23:12:10; 1044; 98; 34.49; 999.8467578125; 21.423828125
2026-07-24; 23:13:10; 1044; 98; 34.47; 999.8430859375; 21.46875
2026-07-24; 23:14:10; 1044; 98; 34.71; 999.76109375; 21.203125
2026-07-24; 23:15:10; 1029; 95; 34.64; 999.742265625; 21.2578125
2026-07-24; 23:16:10; 1044; 98; 34.56; 999.790703125; 21.3115234375
2026-07-24; 23:17:10; 1044; 98; 34.64; 999.734609375; 21.234375
2026-07-24; 23:18:10; 1044; 98; 34.41; 999.749296875; 21.4775390625
2026-07-24; 23:19:10; 1029; 95; 34.67; 999.7614453125; 21.201171875
2026-07-24; 23:20:10; 1044; 98; 34.91; 999.82453125; 20.935546875
2026-07-24; 23:21:10; 1044; 98; 34.52; 999.7558984375; 21.3564453125
2026-07-24; 23:22:10; 1029; 95; 34.54; 999.7241015625; 21.3564453125
2026-07-24; 23:23:10; 1029; 95; 34.75; 999.7484375; 21.2060546875
2026-07-24; 23:24:10; 1029; 95; 34.69; 999.82015625; 21.1904296875
2026-07-24; 23:25:10; 1029; 95; 34.43; 999.7254296875; 21.4326171875
2026-07-24; 23:26:10; 1029; 95; 34.58; 999.739296875; 21.32421875
2026-07-24; 23:27:10; 1029; 95; 34.31; 999.7741015625; 21.5771484375
2026-07-24; 23:28:10; 1029; 95; 34.36; 999.7343359375; 21.521484375
2026-07-24; 23:29:10; 1029; 95; 34.43; 999.78046875; 21.525390625
