Datum; Uhrzeit; eCO2 (ppm); tVOC (ppb); Temperatur (°C); Luftdruck (hpPa); relative Luftfeuchte (%)
2026-07-06; 01:56:33; 400; 0; 33.89; 1007.83234375; 26.0693359375
2026-07-06; 01:57:33; 400; 0; 34.07; 1007.816953125; 25.8251953125
2026-07-06; 01:58:33; 403; 0; 34.0; 1007.8326171875; 25.8447265625
2026-07-06; 01:59:34; 421; 3; 34.11; 1007.87984375; 25.7705078125
2026-07-06; 02:00:34; 417; 2; 34.2; 1007.8284765625; 25.68359375
2026-07-06; 02:01:34; 409; 1; 34.12; 1007.8405859375; 25.724609375
2026-07-06; 02:02:34; 400; 0; 34.18; 1007.8325390625; 25.63671875
2026-07-06; 02:03:34; 409; 1; 34.11; 1007.887578125; 25.724609375
2026-07-06; 02:04:34; 409; 1; 34.08; 1007.80515625; 25.7451171875
2026-07-06; 02:05:34; 410; 1; 34.13; 1007.863984375; 25.6796875
2026-07-06; 02:06:34; 400; 0; 34.27; 1007.9110546875; 25.5263671875
2026-07-06; 02:07:34; 408; 1; 34.21; 1007.87171875; 25.6259765625
2026-07-06; 02:08:34; 403; 0; 34.28; 1007.9542578125; 25.52734375
2026-07-06; 02:09:34; 400; 0; 34.07; 1007.9346875; 25.7685546875
2026-07-06; 02:10:34; 400; 0; 34.2; 1007.8758203125; 25.66015625
2026-07-06; 02:11:34; 400; 0; 34.08; 1007.942734375; 25.7109375
2026-07-06; 02:12:34; 405; 0; 34.2; 1007.9110546875; 25.591796875
2026-07-06; 02:13:34; 405; 0; 34.13; 1007.9740625; 25.703125
2026-07-06; 02:14:34; 405; 0; 34.27; 1007.99359375; 25.5380859375
2026-07-06; 02:15:34; 409; 1; 34.24; 1008.0014453125; 25.58203125
2026-07-06; 02:16:34; 400; 0; 34.24; 1007.97390625; 25.58203125
2026-07-06; 02:17:34; 400; 0; 34.19; 1007.9778515625; 25.6484375
2026-07-06; 02:18:34; 400; 0; 34.2; 1008.0408984375; 25.6259765625
2026-07-06; 02:19:34; 405; 0; 34.22; 1007.9975; 25.5927734375
2026-07-06; 02:20:34; 400; 0; 34.29; 1008.04484375; 25.5048828125
2026-07-06; 02:21:34; 402; 0; 34.18; 1007.962109375; 25.63671875
2026-07-06; 02:22:34; 402; 0; 34.15; 1007.92296875; 25.681640625
2026-07-06; 02:23:34; 400; 0; 34.16; 1007.8484375; 25.634765625
2026-07-06; 02:24:34; 400; 0; 34.13; 1007.9740625; 25.6796875
2026-07-06; 02:25:34; 400; 0; 34.2; 1007.90328125; 25.6025390625
2026-07-06; 02:26:34; 400; 0; 34.27; 1007.9110546875; 25.5380859375
2026-07-06; 02:27:34; 409; 1; 34.27; 1007.856015625; 25.5146484375
2026-07-06; 02:28:34; 409; 1; 34.17; 1007.864140625; 25.6474609375
2026-07-06; 02:29:34; 411; 1; 34.17; 1007.864140625; 25.6357421875
2026-07-06; 02:30:34; 416; 2; 34.29; 1007.8874609375; 25.4931640625
2026-07-06; 02:31:34; 411; 1; 34.16; 1007.80109375; 25.6123046875
2026-07-06; 02:32:34; 409; 1; 34.25; 1007.879609375; 25.5595703125
2026-07-06; 02:33:34; 409; 1; 34.28; 1007.8441796875; 25.50390625
2026-07-06; 02:34:34; 409; 1; 34.35; 1007.8364453125; 25.4384765625
2026-07-06; 02:35:34; 402; 0; 34.23; 1007.9031640625; 25.5693359375
2026-07-06; 02:36:34; 402; 0; 34.17; 1007.864140625; 25.6474609375
2026-07-06; 02:37:34; 402; 0; 34.17; 1007.809140625; 25.6591796875
2026-07-06; 02:38:34; 402; 0; 34.19; 1007.8677734375; 25.63671875
2026-07-06; 02:39:34; 400; 0; 34.24; 1007.7812890625; 25.5595703125
2026-07-06; 02:40:34; 405; 0; 34.15; 1007.757890625; 25.646484375
2026-07-06; 02:41:34; 405; 0; 34.11; 1007.7698046875; 25.712890625
2026-07-06; 02:42:35; 407; 1; 34.32; 1007.7617578125; 25.4716796875
2026-07-06; 02:43:35; 405; 0; 34.24; 1007.7812890625; 25.5712890625
2026-07-06; 02:44:35; 405; 0; 34.23; 1007.7380859375; 25.546875
2026-07-06; 02:45:35; 405; 0; 34.24; 1007.753828125; 25.59375
2026-07-06; 02:46:35; 405; 0; 34.2; 1007.7932421875; 25.6376953125
2026-07-06; 02:47:35; 405; 0; 34.22; 1007.7696484375; 25.5576171875
2026-07-06; 02:48:35; 405; 0; 34.24; 1007.77359375; 25.55859375
2026-07-06; 02:49:35; 400; 0; 34.28; 1007.7891796875; 25.515625
2026-07-06; 02:50:35; 403; 0; 34.2; 1007.8009765625; 25.603515625
2026-07-06; 02:51:35; 408; 1; 34.25; 1007.7694921875; 25.5244140625
2026-07-06; 02:52:35; 403; 0; 34.28; 1007.7891796875; 25.50390625
2026-07-06; 02:53:35; 403; 0; 34.18; 1007.7775; 25.61328125
2026-07-06; 02:54:35; 400; 0; 34.14; 1007.789453125; 25.7138671875
2026-07-06; 02:55:35; 405; 0; 34.19; 1007.812734375; 25.6484375
2026-07-06; 02:56:35; 405; 0; 34.29; 1007.8048828125; 25.55078125
2026-07-06; 02:57:35; 400; 0; 34.16; 1007.7460546875; 25.634765625
2026-07-06; 02:58:35; 405; 0; 34.13; 1007.781484375; 25.69140625
2026-07-06; 02:59:35; 400; 0; 34.09; 1007.793359375; 25.734375
2026-07-06; 03:00:35; 403; 0; 34.22; 1007.7773828125; 25.5693359375
2026-07-06; 03:01:35; 408; 1; 34.16; 1007.7658984375; 25.646484375
2026-07-06; 03:02:35; 408; 1; 34.23; 1007.7655859375; 25.5810546875
2026-07-06; 03:03:35; 408; 1; 34.2; 1007.82078125; 25.6025390625
2026-07-06; 03:04:35; 403; 0; 34.11; 1007.7698046875; 25.712890625
2026-07-06; 03:05:35; 408; 1; 34.16; 1007.7460546875; 25.6240234375
2026-07-06; 03:06:35; 408; 1; 34.02; 1007.7815625; 25.833984375
2026-07-06; 03:07:35; 403; 0; 34.12; 1007.868046875; 25.712890625
2026-07-06; 03:08:35; 403; 0; 34.13; 1007.80125; 25.703125
2026-07-06; 03:09:35; 403; 0; 34.15; 1007.840390625; 25.658203125
2026-07-06; 03:10:35; 400; 0; 34.19; 1007.757734375; 25.625
2026-07-06; 03:11:35; 400; 0; 34.15; 1007.757890625; 25.681640625
2026-07-06; 03:12:35; 400; 0; 34.05; 1007.7855078125; 25.80078125
2026-07-06; 03:13:35; 405; 0; 34.16; 1007.710859375; 25.669921875
2026-07-06; 03:14:35; 400; 0; 34.14; 1007.714609375; 25.69140625
2026-07-06; 03:15:35; 405; 0; 34.04; 1007.75; 25.80078125
2026-07-06; 03:16:35; 408; 1; 34.11; 1007.7148046875; 25.7587890625
2026-07-06; 03:17:35; 405; 0; 34.19; 1007.7026953125; 25.625
2026-07-06; 03:18:35; 408; 1; 33.94; 1007.68328125; 25.9111328125
2026-07-06; 03:19:35; 405; 0; 33.99; 1007.706875; 25.8330078125
2026-07-06; 03:20:35; 405; 0; 34.13; 1007.636171875; 25.6796875
2026-07-06; 03:21:35; 400; 0; 34.15; 1007.7028515625; 25.646484375
2026-07-06; 03:22:35; 405; 0; 34.03; 1007.70671875; 25.8232421875
2026-07-06; 03:23:35; 405; 0; 34.09; 1007.683359375; 25.734375
2026-07-06; 03:24:35; 402; 0; 34.01; 1007.7658203125; 25.8232421875
2026-07-06; 03:25:36; 402; 0; 34.03; 1007.714765625; 25.7783203125
2026-07-06; 03:26:36; 402; 0; 34.07; 1007.714609375; 25.7568359375
2026-07-06; 03:27:36; 407; 1; 33.94; 1007.7107421875; 25.9111328125
2026-07-06; 03:28:36; 402; 0; 33.97; 1007.7304296875; 25.8779296875
2026-07-06; 03:29:36; 402; 0; 34.01; 1007.7303125; 25.7998046875
2026-07-06; 03:30:36; 407; 1; 33.97; 1007.777421875; 25.8662109375
2026-07-06; 03:31:36; 407; 1; 34.12; 1007.7030078125; 25.701171875
2026-07-06; 03:32:36; 407; 1; 34.04; 1007.6949609375; 25.7666015625
2026-07-06; 03:33:36; 407; 1; 33.94; 1007.675234375; 25.921875
2026-07-06; 03:34:36; 407; 1; 33.85; 1007.65140625; 26.0205078125
2026-07-06; 03:35:36; 402; 0; 33.89; 1007.7143359375; 25.96484375
2026-07-06; 03:36:36; 402; 0; 34.02; 1007.6990234375; 25.7998046875
2026-07-06; 03:37:36; 407; 1; 33.97; 1007.694921875; 25.84375
2026-07-06; 03:38:36; 407; 1; 33.99; 1007.706875; 25.8330078125
2026-07-06; 03:39:36; 410; 1; 34.03; 1007.70671875; 25.7890625
2026-07-06; 03:40:36; 407; 1; 33.92; 1007.6987890625; 25.955078125
2026-07-06; 03:41:36; 402; 0; 33.86; 1007.6946484375; 25.974609375
2026-07-06; 03:42:36; 402; 0; 34.0; 1007.667578125; 25.798828125
2026-07-06; 03:43:36; 407; 1; 33.96; 1007.6046875; 25.900390625
2026-07-06; 03:44:36; 402; 0; 33.96; 1007.6241796875; 25.8310546875
2026-07-06; 03:45:36; 400; 0; 33.82; 1007.612265625; 26.0078125
2026-07-06; 03:46:36; 405; 0; 34.0; 1007.695078125; 25.798828125
2026-07-06; 03:47:36; 405; 0; 33.97; 1007.7029296875; 25.84375
2026-07-06; 03:48:36; 400; 0; 34.01; 1007.71078125; 25.7998046875
2026-07-06; 03:49:36; 405; 0; 33.93; 1007.6675390625; 25.875
2026-07-06; 03:50:36; 400; 0; 33.91; 1007.710546875; 25.908203125
2026-07-06; 03:51:36; 403; 0; 33.83; 1007.6749609375; 26.03125
2026-07-06; 03:52:36; 403; 0; 33.95; 1007.6909765625; 25.9111328125
2026-07-06; 03:53:36; 408; 1; 34.02; 1007.616484375; 25.765625
2026-07-06; 03:54:36; 408; 1; 33.95; 1007.6164453125; 25.853515625
2026-07-06; 03:55:36; 403; 0; 33.92; 1007.679296875; 25.91015625
2026-07-06; 03:56:36; 403; 0; 33.81; 1007.616015625; 26.0302734375
2026-07-06; 03:57:36; 403; 0; 33.99; 1007.5968359375; 25.8330078125
2026-07-06; 03:58:36; 400; 0; 33.94; 1007.592734375; 25.8759765625
2026-07-06; 03:59:36; 403; 0; 34.0; 1007.6125390625; 25.7646484375
2026-07-06; 04:00:36; 403; 0; 33.95; 1007.6164453125; 25.818359375
2026-07-06; 04:01:36; 403; 0; 34.02; 1007.608515625; 25.765625
2026-07-06; 04:02:36; 403; 0; 34.07; 1007.6519140625; 25.69921875
2026-07-06; 04:03:36; 403; 0; 34.0; 1007.640078125; 25.787109375
2026-07-06; 04:04:36; 403; 0; 33.83; 1007.7024609375; 25.9619140625
2026-07-06; 04:05:36; 408; 1; 33.94; 1007.675234375; 25.8642578125
2026-07-06; 04:06:36; 408; 1; 33.87; 1007.6828515625; 25.94140625
2026-07-06; 04:07:36; 403; 0; 33.78; 1007.733828125; 26.0390625
2026-07-06; 04:08:37; 400; 0; 33.92; 1007.679296875; 25.875
2026-07-06; 04:09:37; 403; 0; 33.88; 1007.596640625; 25.8837890625
2026-07-06; 04:10:37; 400; 0; 33.87; 1007.627890625; 25.9296875
2026-07-06; 04:11:37; 400; 0; 33.87; 1007.553359375; 25.9189453125
2026-07-06; 04:12:37; 400; 0; 33.81; 1007.561015625; 26.0068359375
2026-07-06; 04:13:37; 406; 0; 33.82; 1007.5217578125; 25.9833984375
2026-07-06; 04:14:37; 406; 0; 33.87; 1007.5808984375; 25.9189453125
2026-07-06; 04:15:37; 403; 0; 33.79; 1007.5570703125; 26.05078125
2026-07-06; 04:16:37; 403; 0; 33.97; 1007.510390625; 25.7861328125
2026-07-06; 04:17:37; 405; 0; 33.88; 1007.58859375; 25.8720703125
2026-07-06; 04:18:37; 405; 0; 33.78; 1007.5493359375; 26.0283203125
2026-07-06; 04:19:37; 400; 0; 33.81; 1007.588515625; 25.9833984375
2026-07-06; 04:20:37; 400; 0; 33.71; 1007.556953125; 26.1044921875
2026-07-06; 04:21:37; 408; 1; 33.85; 1007.5414453125; 25.9404296875
2026-07-06; 04:22:37; 408; 1; 33.8; 1007.58078125; 25.94921875
2026-07-06; 04:23:37; 403; 0; 33.79; 1007.565078125; 26.0048828125
2026-07-06; 04:24:37; 408; 1; 33.58; 1007.5529296875; 26.24609375
2026-07-06; 04:25:37; 403; 0; 33.79; 1007.565078125; 25.994140625
2026-07-06; 04:26:37; 403; 0; 33.77; 1007.5255859375; 26.0390625
2026-07-06; 04:27:37; 408; 1; 33.66; 1007.5058203125; 26.216796875
2026-07-06; 04:28:37; 403; 0; 33.72; 1007.5451953125; 26.1279296875
2026-07-06; 04:29:37; 403; 0; 33.84; 1007.553203125; 25.927734375
2026-07-06; 04:30:37; 408; 1; 33.82; 1007.6042578125; 25.9267578125
2026-07-06; 04:31:37; 403; 0; 33.82; 1007.5572265625; 25.9267578125
2026-07-06; 04:32:37; 400; 0; 33.83; 1007.5924609375; 25.927734375
2026-07-06; 04:33:37; 400; 0; 33.8; 1007.5728125; 25.994140625
2026-07-06; 04:34:37; 400; 0; 33.8; 1007.6003125; 25.9482421875
2026-07-06; 04:35:37; 406; 0; 33.89; 1007.6043359375; 25.8388671875
2026-07-06; 04:36:37; 400; 0; 33.66; 1007.635546875; 26.1474609375
2026-07-06; 04:37:37; 400; 0; 33.74; 1007.576640625; 26.025390625
2026-07-06; 04:38:37; 400; 0; 33.68; 1007.6472265625; 26.1376953125
2026-07-06; 04:39:37; 400; 0; 33.7; 1007.5609765625; 26.103515625
2026-07-06; 04:40:37; 400; 0; 33.71; 1007.5492578125; 26.1044921875
2026-07-06; 04:41:37; 403; 0; 33.7; 1007.5962109375; 26.0810546875
2026-07-06; 04:42:37; 403; 0; 33.79; 1007.6200390625; 25.970703125
2026-07-06; 04:43:37; 403; 0; 33.71; 1007.584453125; 26.0361328125
2026-07-06; 04:44:37; 400; 0; 33.76; 1007.490390625; 25.9697265625
2026-07-06; 04:45:37; 400; 0; 33.71; 1007.584453125; 26.0244140625
2026-07-06; 04:46:37; 400; 0; 33.72; 1007.5726953125; 26.0361328125
2026-07-06; 04:47:37; 403; 0; 33.68; 1007.58453125; 26.1025390625
2026-07-06; 04:48:37; 400; 0; 33.67; 1007.5765234375; 26.0673828125
2026-07-06; 04:49:37; 400; 0; 33.67; 1007.5962890625; 26.11328125
2026-07-06; 04:50:38; 400; 0; 33.49; 1007.596015625; 26.3447265625
2026-07-06; 04:51:38; 405; 0; 33.59; 1007.6158984375; 26.212890625
2026-07-06; 04:52:38; 405; 0; 33.61; 1007.6198828125; 26.16796875
2026-07-06; 04:53:38; 405; 0; 33.58; 1007.6001953125; 26.1884765625
2026-07-06; 04:54:38; 405; 0; 33.79; 1007.5845703125; 25.9130859375
2026-07-06; 04:55:38; 400; 0; 33.72; 1007.6199609375; 25.990234375
2026-07-06; 04:56:38; 400; 0; 33.69; 1007.5805078125; 26.091796875
2026-07-06; 04:57:38; 402; 0; 33.74; 1007.604140625; 25.9912109375
2026-07-06; 04:58:38; 402; 0; 33.66; 1007.53328125; 26.08984375
2026-07-06; 04:59:38; 402; 0; 33.62; 1007.4981640625; 26.123046875
2026-07-06; 05:00:38; 400; 0; 33.64; 1007.5766015625; 26.111328125
2026-07-06; 05:01:38; 400; 0; 33.61; 1007.611875; 26.15625
2026-07-06; 05:02:38; 400; 0; 33.82; 1007.4942578125; 25.845703125
2026-07-06; 05:03:38; 407; 1; 33.7; 1007.56875; 26.0
2026-07-06; 05:04:38; 400; 0; 33.67; 1007.5490234375; 26.056640625
2026-07-06; 05:05:38; 407; 1; 33.62; 1007.5531640625; 26.111328125
2026-07-06; 05:06:38; 400; 0; 33.51; 1007.580234375; 26.2197265625
2026-07-06; 05:07:38; 400; 0; 33.5; 1007.556796875; 26.2646484375
2026-07-06; 05:08:38; 402; 0; 33.45; 1007.59578125; 26.3310546875
2026-07-06; 05:09:38; 409; 1; 33.51; 1007.5725390625; 26.2880859375
2026-07-06; 05:10:38; 409; 1; 33.67; 1007.5962890625; 26.0791015625
2026-07-06; 05:11:38; 409; 1; 33.67; 1007.6040234375; 26.033203125
2026-07-06; 05:12:38; 402; 0; 33.52; 1007.5882421875; 26.1962890625
2026-07-06; 05:13:38; 409; 1; 33.47; 1007.61953125; 26.2744140625
2026-07-06; 05:14:38; 409; 1; 33.59; 1007.5884375; 26.1552734375
2026-07-06; 05:15:38; 411; 1; 33.57; 1007.5019921875; 26.142578125
2026-07-06; 05:16:38; 409; 1; 33.62; 1007.580625; 26.087890625
2026-07-06; 05:17:38; 409; 1; 33.55; 1007.5255078125; 26.1875
2026-07-06; 05:18:38; 409; 1; 33.61; 1007.5648828125; 26.1103515625
2026-07-06; 05:19:38; 411; 1; 33.55; 1007.560703125; 26.1640625
2026-07-06; 05:20:38; 402; 0; 33.72; 1007.5451953125; 25.978515625
2026-07-06; 05:21:38; 402; 0; 33.54; 1007.5647265625; 26.197265625
2026-07-06; 05:22:38; 409; 1; 33.64; 1007.612109375; 26.0888671875
2026-07-06; 05:23:38; 409; 1; 33.58; 1007.5726953125; 26.1201171875
2026-07-06; 05:24:38; 402; 0; 33.63; 1007.588359375; 26.076171875
2026-07-06; 05:25:38; 400; 0; 33.61; 1007.556875; 26.0986328125
2026-07-06; 05:26:38; 402; 0; 33.65; 1007.6825; 26.0546875
2026-07-06; 05:27:38; 402; 0; 33.53; 1007.6589453125; 26.1865234375
2026-07-06; 05:28:38; 402; 0; 33.53; 1007.58421875; 26.197265625
2026-07-06; 05:29:38; 402; 0; 33.5; 1007.6117578125; 26.21875
2026-07-06; 05:30:38; 402; 0; 33.49; 1007.6587109375; 26.2294921875
2026-07-06; 05:31:38; 402; 0; 33.71; 1007.611953125; 26.001953125
2026-07-06; 05:32:38; 400; 0; 33.36; 1007.6267578125; 26.3837890625
2026-07-06; 05:33:39; 403; 0; 33.61; 1007.6198828125; 26.12109375
2026-07-06; 05:34:39; 403; 0; 33.67; 1007.6040234375; 26.033203125
2026-07-06; 05:35:39; 403; 0; 33.67; 1007.6040234375; 26.0107421875
2026-07-06; 05:36:39; 403; 0; 33.48; 1007.5880078125; 26.2412109375
2026-07-06; 05:37:39; 400; 0; 33.58; 1007.5804296875; 26.1201171875
2026-07-06; 05:38:39; 400; 0; 33.58; 1007.5529296875; 26.0849609375
2026-07-06; 05:39:39; 405; 0; 33.46; 1007.6115234375; 26.2509765625
2026-07-06; 05:40:39; 405; 0; 33.41; 1007.5878125; 26.3515625
2026-07-06; 05:41:39; 405; 0; 33.35; 1007.5835546875; 26.40625
2026-07-06; 05:42:39; 405; 0; 33.55; 1007.6431640625; 26.17578125
2026-07-06; 05:43:39; 405; 0; 33.61; 1007.5923828125; 26.0869140625
2026-07-06; 05:44:39; 405; 0; 33.55; 1007.60796875; 26.15234375
2026-07-06; 05:45:39; 405; 0; 33.46; 1007.576328125; 26.2626953125
2026-07-06; 05:46:39; 405; 0; 33.59; 1007.6158984375; 26.1201171875
2026-07-06; 05:47:39; 400; 0; 33.46; 1007.63125; 26.28515625
2026-07-06; 05:48:39; 400; 0; 33.61; 1007.6198828125; 26.0869140625
2026-07-06; 05:49:39; 405; 0; 33.64; 1007.6041015625; 26.0888671875
2026-07-06; 05:50:39; 405; 0; 33.64; 1007.557109375; 26.04296875
2026-07-06; 05:51:39; 405; 0; 33.56; 1007.48625; 26.1416015625
2026-07-06; 05:52:39; 405; 0; 33.65; 1007.462578125; 26.0087890625
2026-07-06; 05:53:39; 405; 0; 33.58; 1007.4430078125; 26.0966796875
2026-07-06; 05:54:39; 400; 0; 33.59; 1007.4587109375; 26.09765625
2026-07-06; 05:55:39; 403; 0; 33.55; 1007.443046875; 26.15234375
2026-07-06; 05:56:39; 403; 0; 33.4; 1007.47015625; 26.3505859375
2026-07-06; 05:57:39; 403; 0; 33.48; 1007.423125; 26.2412109375
2026-07-06; 05:58:39; 403; 0; 33.4; 1007.44265625; 26.328125
2026-07-06; 05:59:39; 403; 0; 33.56; 1007.493984375; 26.1416015625
2026-07-06; 06:00:39; 403; 0; 33.49; 1007.4937890625; 26.2412109375
2026-07-06; 06:01:39; 403; 0; 33.39; 1007.4189453125; 26.3623046875
2026-07-06; 06:02:39; 403; 0; 33.65; 1007.4548828125; 26.0546875
2026-07-06; 06:03:39; 408; 1; 33.53; 1007.603984375; 26.1865234375
2026-07-06; 06:04:39; 403; 0; 33.39; 1007.583828125; 26.3505859375
2026-07-06; 06:05:39; 408; 1; 33.45; 1007.54078125; 26.3076171875
2026-07-06; 06:06:39; 408; 1; 33.42; 1007.5016015625; 26.3173828125
2026-07-06; 06:07:39; 403; 0; 33.44; 1007.588046875; 26.3076171875
2026-07-06; 06:08:39; 408; 1; 33.55; 1007.58046875; 26.19921875
2026-07-06; 06:09:39; 403; 0; 33.49; 1007.5410546875; 26.2412109375
2026-07-06; 06:10:39; 408; 1; 33.47; 1007.48984375; 26.2744140625
2026-07-06; 06:11:39; 403; 0; 33.37; 1007.4973828125; 26.3837890625
2026-07-06; 06:12:39; 408; 1; 33.47; 1007.4546484375; 26.2626953125
2026-07-06; 06:13:39; 403; 0; 33.56; 1007.438984375; 26.119140625
2026-07-06; 06:14:39; 408; 1; 33.58; 1007.4979296875; 26.142578125
2026-07-06; 06:15:39; 408; 1; 33.48; 1007.442890625; 26.240234375
2026-07-06; 06:16:40; 408; 1; 33.65; 1007.435078125; 26.04296875
2026-07-06; 06:17:40; 408; 1; 33.58; 1007.462734375; 26.1318359375
2026-07-06; 06:18:40; 408; 1; 33.58; 1007.435234375; 26.142578125
2026-07-06; 06:19:40; 408; 1; 33.62; 1007.360703125; 26.099609375
2026-07-06; 06:20:40; 408; 1; 33.59; 1007.4234765625; 26.0634765625
2026-07-06; 06:21:40; 408; 1; 33.49; 1007.411328125; 26.2412109375
2026-07-06; 06:22:40; 411; 1; 33.56; 1007.348828125; 26.1416015625
2026-07-06; 06:23:40; 408; 1; 33.55; 1007.42328125; 26.17578125
2026-07-06; 06:24:40; 408; 1; 33.49; 1007.411328125; 26.263671875
2026-07-06; 06:25:40; 408; 1; 33.4; 1007.4346875; 26.396484375
2026-07-06; 06:26:40; 408; 1; 33.63; 1007.43140625; 26.123046875
2026-07-06; 06:27:40; 403; 0; 33.67; 1007.4390625; 26.0791015625
2026-07-06; 06:28:40; 403; 0; 33.54; 1007.4273046875; 26.220703125
2026-07-06; 06:29:40; 400; 0; 33.48; 1007.4703515625; 26.33203125
2026-07-06; 06:30:40; 400; 0; 33.48; 1007.3604296875; 26.2978515625
2026-07-06; 06:31:40; 405; 0; 33.58; 1007.3528125; 26.1884765625
2026-07-06; 06:32:40; 405; 0; 33.41; 1007.321015625; 26.4208984375
2026-07-06; 06:33:40; 402; 0; 33.46; 1007.3564453125; 26.400390625
2026-07-06; 06:34:40; 402; 0; 33.59; 1007.34875; 26.201171875
2026-07-06; 06:35:40; 400; 0; 33.42; 1007.3092578125; 26.4091796875
2026-07-06; 06:36:40; 403; 0; 33.52; 1007.340859375; 26.3115234375
2026-07-06; 06:37:40; 400; 0; 33.51; 1007.32515625; 26.3349609375
2026-07-06; 06:38:40; 405; 0; 33.44; 1007.3132421875; 26.421875
2026-07-06; 06:39:40; 405; 0; 33.49; 1007.348671875; 26.35546875
2026-07-06; 06:40:40; 405; 0; 33.53; 1007.2544140625; 26.30078125
2026-07-06; 06:41:40; 405; 0; 33.49; 1007.3212109375; 26.37890625
2026-07-06; 06:42:40; 405; 0; 33.43; 1007.28953125; 26.421875
2026-07-06; 06:43:40; 400; 0; 33.4; 1007.2423046875; 26.51171875
2026-07-06; 06:44:40; 403; 0; 33.5; 1007.3171484375; 26.345703125
2026-07-06; 06:45:40; 400; 0; 33.58; 1007.3253125; 26.2578125
2026-07-06; 06:46:40; 400; 0; 33.59; 1007.3135546875; 26.26953125
2026-07-06; 06:47:40; 407; 1; 33.62; 1007.297734375; 26.2373046875
2026-07-06; 06:48:40; 402; 0; 33.62; 1007.360703125; 26.2373046875
2026-07-06; 06:49:40; 403; 0; 33.48; 1007.3604296875; 26.423828125
2026-07-06; 06:50:40; 405; 0; 33.52; 1007.2859375; 26.357421875
2026-07-06; 06:51:40; 403; 0; 33.58; 1007.3253125; 26.28125
2026-07-06; 06:52:40; 405; 0; 33.61; 1007.3369921875; 26.248046875
2026-07-06; 06:53:40; 400; 0; 33.58; 1007.435234375; 26.2919921875
2026-07-06; 06:54:40; 402; 0; 33.46; 1007.301484375; 26.4228515625
2026-07-06; 06:55:40; 400; 0; 33.48; 1007.423125; 26.4365234375
2026-07-06; 06:56:40; 405; 0; 33.52; 1007.4310546875; 26.3349609375
2026-07-06; 06:57:40; 405; 0; 33.51; 1007.4428125; 26.380859375
2026-07-06; 06:58:40; 400; 0; 33.43; 1007.4544140625; 26.501953125
2026-07-06; 06:59:41; 403; 0; 33.37; 1007.4776171875; 26.5908203125
2026-07-06; 07:00:41; 400; 0; 33.38; 1007.4387109375; 26.544921875
2026-07-06; 07:01:41; 402; 0; 33.39; 1007.4189453125; 26.568359375
2026-07-06; 07:02:41; 400; 0; 33.33; 1007.3872265625; 26.611328125
2026-07-06; 07:03:41; 405; 0; 33.42; 1007.3837109375; 26.5361328125
2026-07-06; 07:04:41; 400; 0; 33.55; 1007.443046875; 26.39453125
2026-07-06; 07:05:41; 403; 0; 33.46; 1007.4388671875; 26.4921875
2026-07-06; 07:06:41; 405; 0; 33.42; 1007.4466796875; 26.5009765625
2026-07-06; 07:07:41; 400; 0; 33.41; 1007.4504296875; 26.5810546875
2026-07-06; 07:08:41; 400; 0; 33.55; 1007.470546875; 26.37109375
2026-07-06; 07:09:41; 400; 0; 33.59; 1007.4234765625; 26.3388671875
2026-07-06; 07:10:41; 406; 0; 33.61; 1007.446953125; 26.3515625
2026-07-06; 07:11:41; 403; 0; 33.58; 1007.4979296875; 26.337890625
2026-07-06; 07:12:41; 402; 0; 33.54; 1007.4350390625; 26.4169921875
2026-07-06; 07:13:41; 400; 0; 33.51; 1007.4702734375; 26.47265625
2026-07-06; 07:14:41; 400; 0; 33.5; 1007.446875; 26.482421875
2026-07-06; 07:15:41; 403; 0; 33.54; 1007.3448828125; 26.5078125
2026-07-06; 07:16:41; 403; 0; 33.51; 1007.4153515625; 26.5302734375
2026-07-06; 07:17:41; 413; 1; 33.57; 1007.3448046875; 26.5107421875
2026-07-06; 07:18:41; 422; 3; 33.56; 1007.348828125; 26.5439453125
2026-07-06; 07:19:41; 470; 10; 33.54; 1007.4273046875; 26.6455078125
2026-07-06; 07:20:41; 548; 22; 33.62; 1007.5256640625; 26.6396484375
2026-07-06; 07:21:41; 611; 32; 33.51; 1007.462578125; 26.7822265625
2026-07-06; 07:22:41; 668; 40; 33.55; 1007.3880859375; 26.7958984375
2026-07-06; 07:23:41; 752; 53; 33.45; 1007.4308984375; 26.9736328125
2026-07-06; 07:24:41; 880; 73; 33.35; 1007.418671875; 27.15234375
2026-07-06; 07:25:41; 1044; 98; 33.21; 1007.39875; 27.408203125
2026-07-06; 07:26:41; 1171; 117; 33.43; 1007.4269140625; 27.16796875
2026-07-06; 07:27:41; 1341; 143; 33.56; 1007.45875; 27.107421875
2026-07-06; 07:28:41; 1470; 163; 33.3; 1007.3755078125; 27.470703125
2026-07-06; 07:29:41; 1523; 187; 33.36; 1007.406953125; 27.4404296875
2026-07-06; 07:30:41; 1560; 215; 33.35; 1007.391171875; 27.439453125
2026-07-06; 07:31:41; 1595; 242; 33.49; 1007.376171875; 27.3896484375
2026-07-06; 07:32:41; 1640; 281; 33.51; 1007.38015625; 27.3916015625
2026-07-06; 07:33:41; 1668; 307; 33.56; 1007.376328125; 27.39453125
2026-07-06; 07:34:41; 1685; 323; 33.44; 1007.395703125; 27.59375
2026-07-06; 07:35:41; 1695; 334; 33.53; 1007.4391015625; 27.5654296875
2026-07-06; 07:36:41; 1701; 340; 33.46; 1007.4114453125; 27.572265625
2026-07-06; 07:37:41; 1701; 340; 33.39; 1007.336484375; 27.7978515625
2026-07-06; 07:38:41; 1712; 351; 33.44; 1007.340703125; 27.7431640625
2026-07-06; 07:39:41; 1731; 369; 33.43; 1007.371953125; 27.7880859375
2026-07-06; 07:40:41; 1749; 390; 33.47; 1007.3996484375; 27.8017578125
2026-07-06; 07:41:41; 1771; 415; 33.32; 1007.42640625; 27.9892578125
2026-07-06; 07:42:42; 1798; 446; 33.35; 1007.4109765625; 27.9326171875
2026-07-06; 07:43:42; 1810; 461; 33.3; 1007.3755078125; 28.0341796875
2026-07-06; 07:44:42; 1822; 477; 33.48; 1007.442890625; 27.8486328125
2026-07-06; 07:45:42; 1848; 513; 33.29; 1007.4421875; 28.0556640625
2026-07-06; 07:46:42; 1855; 523; 33.37; 1007.42265625; 27.9921875
2026-07-06; 07:47:42; 1855; 523; 33.41; 1007.4229296875; 27.9482421875
2026-07-06; 07:48:42; 1848; 513; 33.49; 1007.466328125; 27.8603515625
2026-07-06; 07:49:42; 1841; 503; 33.36; 1007.406953125; 28.0830078125
2026-07-06; 07:50:42; 1848; 513; 33.39; 1007.44640625; 28.0849609375
2026-07-06; 07:51:42; 1841; 503; 33.18; 1007.46140625; 28.32421875
2026-07-06; 07:52:42; 1848; 513; 33.25; 1007.4067578125; 28.283203125
2026-07-06; 07:53:42; 1855; 523; 33.34; 1007.457890625; 28.185546875
2026-07-06; 07:54:42; 1867; 540; 33.29; 1007.461640625; 28.2275390625
2026-07-06; 07:55:42; 1890; 571; 33.21; 1007.4731640625; 28.3369140625
2026-07-06; 07:56:42; 1899; 584; 33.31; 1007.410703125; 28.1826171875
2026-07-06; 07:57:42; 1899; 584; 33.53; 1007.446796875; 27.875
2026-07-06; 07:58:42; 1905; 592; 33.32; 1007.45390625; 28.1728515625
2026-07-06; 07:59:42; 1911; 601; 33.32; 1007.446171875; 28.171875
2026-07-06; 08:00:42; 1911; 601; 33.36; 1007.481640625; 28.1279296875
2026-07-06; 08:01:42; 1919; 614; 33.53; 1007.4940234375; 27.86328125
2026-07-06; 08:02:42; 1926; 625; 33.44; 1007.4781640625; 27.9609375
2026-07-06; 08:03:42; 1926; 625; 33.31; 1007.4656640625; 28.1259765625
2026-07-06; 08:04:42; 1926; 625; 33.28; 1007.3634765625; 28.1923828125
2026-07-06; 08:05:42; 1926; 625; 33.36; 1007.351953125; 28.060546875
2026-07-06; 08:06:42; 1926; 625; 33.28; 1007.3360546875; 28.1357421875
2026-07-06; 08:07:42; 1933; 634; 33.16; 1007.4299609375; 28.2998046875
2026-07-06; 08:08:42; 1926; 625; 33.28; 1007.3634765625; 28.146484375
2026-07-06; 08:09:42; 1926; 625; 33.35; 1007.391171875; 27.9794921875
2026-07-06; 08:10:42; 1926; 625; 33.29; 1007.40671875; 28.0673828125
2026-07-06; 08:11:42; 1919; 614; 33.36; 1007.406953125; 27.9453125
2026-07-06; 08:12:42; 1911; 601; 33.37; 1007.42265625; 27.95703125
2026-07-06; 08:13:42; 1905; 592; 33.34; 1007.3677734375; 28.0009765625
2026-07-06; 08:14:42; 1899; 584; 33.25; 1007.351796875; 28.087890625
2026-07-06; 08:15:42; 1884; 561; 33.41; 1007.4034375; 27.8564453125
2026-07-06; 08:16:42; 1877; 550; 33.2; 1007.5203515625; 28.142578125
2026-07-06; 08:17:42; 1867; 540; 33.37; 1007.5248828125; 27.876953125
2026-07-06; 08:18:42; 1860; 529; 33.29; 1007.461640625; 27.9638671875
2026-07-06; 08:19:42; 1848; 513; 33.22; 1007.43390625; 28.05078125
2026-07-06; 08:20:42; 1841; 503; 33.28; 1007.4459375; 27.986328125
2026-07-06; 08:21:42; 1834; 494; 33.3; 1007.3949609375; 27.9072265625
2026-07-06; 08:22:42; 1822; 477; 33.36; 1007.4344140625; 27.841796875
2026-07-06; 08:23:42; 1810; 461; 33.31; 1007.438203125; 27.849609375
2026-07-06; 08:24:42; 1798; 446; 33.41; 1007.4504296875; 27.7412109375
2026-07-06; 08:25:43; 1789; 438; 33.36; 1007.4541796875; 27.7724609375
2026-07-06; 08:26:43; 1782; 429; 33.37; 1007.442421875; 27.76171875
2026-07-06; 08:27:43; 1771; 415; 33.23; 1007.58703125; 27.92578125
2026-07-06; 08:28:43; 1759; 402; 33.3; 1007.5598046875; 27.826171875
2026-07-06; 08:29:43; 1756; 396; 33.18; 1007.571328125; 27.95703125
2026-07-06; 08:30:43; 1743; 384; 33.22; 1007.571328125; 27.9013671875
2026-07-06; 08:31:43; 1738; 374; 33.23; 1007.5401171875; 27.8798828125
2026-07-06; 08:32:43; 1726; 364; 33.23; 1007.5595703125; 27.90234375
2026-07-06; 08:33:43; 1705; 345; 33.17; 1007.5280859375; 27.9560546875
2026-07-06; 08:34:43; 1695; 334; 33.18; 1007.508359375; 27.93359375
2026-07-06; 08:35:43; 1689; 327; 33.29; 1007.5441015625; 27.7802734375
2026-07-06; 08:36:43; 1678; 318; 33.3; 1007.512890625; 27.7470703125
2026-07-06; 08:37:43; 1663; 301; 33.2; 1007.4848828125; 27.8779296875
2026-07-06; 08:38:43; 1657; 296; 33.17; 1007.4926171875; 27.921875
2026-07-06; 08:39:43; 1644; 285; 33.27; 1007.48515625; 27.8017578125
2026-07-06; 08:40:43; 1635; 277; 33.32; 1007.473671875; 27.712890625
2026-07-06; 08:41:43; 1624; 267; 33.32; 1007.473671875; 27.689453125
2026-07-06; 08:42:43; 1620; 264; 33.31; 1007.4656640625; 27.677734375
2026-07-06; 08:43:43; 1615; 260; 33.26; 1007.4694140625; 27.744140625
2026-07-06; 08:44:43; 1604; 249; 33.13; 1007.4728515625; 27.8857421875
2026-07-06; 08:45:43; 1604; 249; 33.3; 1007.4773828125; 27.72265625
2026-07-06; 08:46:43; 1595; 242; 33.2; 1007.43796875; 27.8095703125
2026-07-06; 08:47:43; 1587; 234; 33.39; 1007.4819140625; 27.556640625
2026-07-06; 08:48:43; 1581; 229; 33.36; 1007.4619140625; 27.6123046875
2026-07-06; 08:49:43; 1569; 221; 33.21; 1007.453671875; 27.751953125
2026-07-06; 08:50:43; 1564; 218; 33.26; 1007.395; 27.708984375
2026-07-06; 08:51:43; 1560; 215; 33.28; 1007.4459375; 27.6875
2026-07-06; 08:52:43; 1555; 209; 33.22; 1007.5163671875; 27.775390625
2026-07-06; 08:53:43; 1546; 204; 33.26; 1007.5243359375; 27.6982421875
2026-07-06; 08:54:43; 1536; 196; 33.21; 1007.4262109375; 27.7412109375
2026-07-06; 08:55:43; 1528; 191; 33.31; 1007.493125; 27.666015625
2026-07-06; 08:56:43; 1523; 187; 33.23; 1007.4301953125; 27.71875
2026-07-06; 08:57:43; 1515; 181; 33.13; 1007.4454296875; 27.8740234375
2026-07-06; 08:58:43; 1504; 174; 33.29; 1007.4421875; 27.666015625
2026-07-06; 08:59:43; 1500; 172; 33.21; 1007.445703125; 27.751953125
2026-07-06; 09:00:43; 1496; 169; 33.23; 1007.3752734375; 27.71875
2026-07-06; 09:01:43; 1487; 165; 33.26; 1007.441953125; 27.6982421875
2026-07-06; 09:02:43; 1487; 165; 33.24; 1007.363515625; 27.673828125
2026-07-06; 09:03:43; 1470; 163; 33.15; 1007.33953125; 27.8173828125
2026-07-06; 09:04:43; 1436; 157; 33.24; 1007.4459375; 27.7197265625
2026-07-06; 09:05:43; 1425; 156; 33.17; 1007.382734375; 27.830078125
2026-07-06; 09:06:43; 1425; 156; 33.24; 1007.363515625; 27.7080078125
2026-07-06; 09:07:44; 1393; 151; 33.2; 1007.328046875; 27.8095703125
2026-07-06; 09:08:44; 1376; 148; 33.2; 1007.320078125; 27.7861328125
2026-07-06; 09:09:44; 1376; 148; 33.29; 1007.30484375; 27.6767578125
2026-07-06; 09:10:44; 1376; 148; 33.28; 1007.2891015625; 27.69921875
2026-07-06; 09:11:44; 1356; 145; 33.26; 1007.33203125; 27.7783203125
2026-07-06; 09:12:44; 1356; 145; 33.23; 1007.3398046875; 27.7763671875
2026-07-06; 09:13:44; 1356; 145; 33.32; 1007.3165234375; 27.65625
2026-07-06; 09:14:44; 1356; 145; 33.28; 1007.3634765625; 27.7451171875
2026-07-06; 09:15:44; 1341; 143; 33.2; 1007.328046875; 27.83203125
2026-07-06; 09:16:44; 1324; 140; 33.31; 1007.3008203125; 27.689453125
2026-07-06; 09:17:44; 1341; 143; 33.21; 1007.3083203125; 27.8095703125
2026-07-06; 09:18:44; 1324; 140; 33.23; 1007.3123046875; 27.833984375
2026-07-06; 09:19:44; 1324; 140; 33.26; 1007.3045703125; 27.7666015625
2026-07-06; 09:20:44; 1341; 143; 33.35; 1007.391171875; 27.634765625
2026-07-06; 09:21:44; 1341; 143; 33.3; 1007.3400390625; 27.6767578125
2026-07-06; 09:22:44; 1341; 143; 33.31; 1007.410703125; 27.689453125
2026-07-06; 09:23:44; 1341; 143; 33.4; 1007.360234375; 27.5341796875
2026-07-06; 09:24:44; 1341; 143; 33.4; 1007.297265625; 27.556640625
2026-07-06; 09:25:44; 1341; 143; 33.36; 1007.406953125; 27.634765625
2026-07-06; 09:26:44; 1324; 140; 33.35; 1007.356015625; 27.6455078125
2026-07-06; 09:27:44; 1262; 131; 33.37; 1007.442421875; 27.61328125
2026-07-06; 09:28:44; 1291; 135; 33.37; 1007.414921875; 27.58984375
2026-07-06; 09:29:44; 1277; 133; 33.41; 1007.36796875; 27.5576171875
2026-07-06; 09:30:44; 1242; 128; 33.47; 1007.4271484375; 27.48046875
2026-07-06; 09:31:44; 1212; 123; 33.49; 1007.3838671875; 27.447265625
2026-07-06; 09:32:44; 1204; 122; 33.52; 1007.423359375; 27.4033203125
2026-07-06; 09:33:44; 1204; 122; 33.53; 1007.3918359375; 27.404296875
2026-07-06; 09:34:44; 1184; 119; 33.53; 1007.3566015625; 27.380859375
2026-07-06; 09:35:44; 1171; 117; 33.55; 1007.3330859375; 27.3251953125
2026-07-06; 09:36:44; 1150; 114; 33.52; 1007.368359375; 27.3916015625
2026-07-06; 09:37:44; 1105; 107; 33.57; 1007.36453125; 27.3720703125
2026-07-06; 09:38:44; 1105; 107; 33.59; 1007.34875; 27.2705078125
2026-07-06; 09:39:44; 1077; 103; 33.58; 1007.3802734375; 27.3037109375
2026-07-06; 09:40:44; 1056; 99; 33.58; 1007.4155078125; 27.326171875
2026-07-06; 09:41:44; 1056; 99; 33.53; 1007.419296875; 27.380859375
2026-07-06; 09:42:44; 1029; 95; 33.65; 1007.372421875; 27.26171875
2026-07-06; 09:43:44; 1029; 95; 33.64; 1007.3921875; 27.26171875
2026-07-06; 09:44:44; 1014; 93; 33.7; 1007.3762890625; 27.138671875
2026-07-06; 09:45:44; 970; 86; 33.68; 1007.31734375; 27.2060546875
2026-07-06; 09:46:44; 1004; 92; 33.69; 1007.3253515625; 27.18359375
2026-07-06; 09:47:44; 970; 86; 33.64; 1007.3372265625; 27.2275390625
2026-07-06; 09:48:44; 981; 88; 33.66; 1007.340859375; 27.205078125
2026-07-06; 09:49:44; 970; 86; 33.71; 1007.30953125; 27.1513671875
2026-07-06; 09:50:45; 959; 85; 33.72; 1007.2427734375; 27.1513671875
2026-07-06; 09:51:45; 925; 79; 33.74; 1007.3566796875; 27.1064453125
2026-07-06; 09:52:45; 880; 73; 33.81; 1007.3135546875; 27.052734375
2026-07-06; 09:53:45; 848; 68; 33.78; 1007.21140625; 27.0390625
2026-07-06; 09:54:45; 821; 64; 33.81; 1007.2860546875; 26.99609375
2026-07-06; 09:55:45; 838; 66; 33.83; 1007.345; 26.927734375
2026-07-06; 09:56:45; 795; 60; 33.89; 1007.329296875; 26.919921875
2026-07-06; 09:57:45; 787; 58; 33.81; 1007.3135546875; 26.99609375
2026-07-06; 09:58:45; 821; 64; 33.85; 1007.3764453125; 26.90625
2026-07-06; 09:59:45; 804; 61; 33.91; 1007.3607421875; 26.83984375
2026-07-06; 10:00:45; 776; 57; 33.94; 1007.380703125; 26.8427734375
2026-07-06; 10:01:45; 776; 57; 34.02; 1007.3059375; 26.708984375
2026-07-06; 10:02:45; 795; 60; 33.92; 1007.266796875; 26.806640625
2026-07-06; 10:03:45; 795; 60; 33.91; 1007.298046875; 26.8291015625
2026-07-06; 10:04:45; 787; 58; 33.94; 1007.215703125; 26.796875
2026-07-06; 10:05:45; 728; 49; 33.95; 1007.2039453125; 26.681640625
2026-07-06; 10:06:45; 704; 46; 33.94; 1007.1801953125; 26.7041015625
2026-07-06; 10:07:45; 682; 42; 33.87; 1007.215390625; 26.76953125
2026-07-06; 10:08:45; 675; 41; 33.87; 1007.168359375; 26.78125
2026-07-06; 10:09:45; 668; 40; 33.84; 1007.140703125; 26.8125
2026-07-06; 10:10:45; 637; 36; 33.88; 1007.0466015625; 26.7353515625
2026-07-06; 10:11:45; 629; 34; 33.89; 1007.0818359375; 26.701171875
2026-07-06; 10:12:45; 637; 36; 33.87; 1007.0308984375; 26.7119140625
2026-07-06; 10:13:45; 629; 34; 33.84; 1007.0307421875; 26.8017578125
2026-07-06; 10:14:45; 624; 34; 33.88; 1007.09359375; 26.7119140625
2026-07-06; 10:15:45; 599; 30; 33.92; 1007.1017578125; 26.634765625
2026-07-06; 10:16:45; 602; 30; 33.91; 1006.995546875; 26.6220703125
2026-07-06; 10:17:45; 611; 32; 33.88; 1006.9916015625; 26.6318359375
2026-07-06; 10:18:45; 611; 32; 33.87; 1007.0858984375; 26.6318359375
2026-07-06; 10:19:45; 602; 30; 33.92; 1007.0467578125; 26.587890625
2026-07-06; 10:20:45; 589; 28; 33.85; 1007.046484375; 26.6181640625
2026-07-06; 10:21:45; 548; 22; 33.88; 1006.9836328125; 26.5400390625
2026-07-06; 10:22:45; 487; 13; 33.93; 1007.0349609375; 26.4384765625
2026-07-06; 10:23:46; 497; 14; 33.96; 1006.999609375; 26.44140625
2026-07-06; 10:24:46; 523; 18; 33.85; 1006.9169921875; 26.5498046875
2026-07-06; 10:25:46; 506; 16; 33.89; 1006.944296875; 26.494140625
2026-07-06; 10:26:46; 502; 15; 33.88; 1006.8266015625; 26.4931640625
2026-07-06; 10:27:46; 502; 15; 33.96; 1006.9090625; 26.4404296875
2026-07-06; 10:28:46; 502; 15; 33.92; 1006.8462109375; 26.47265625
2026-07-06; 10:29:46; 514; 17; 33.85; 1006.8814453125; 26.5263671875
2026-07-06; 10:30:46; 497; 14; 33.87; 1006.8658984375; 26.5048828125
2026-07-06; 10:31:46; 482; 12; 33.9; 1006.7950390625; 26.47265625
2026-07-06; 10:32:46; 476; 11; 33.88; 1006.8541015625; 26.5048828125
2026-07-06; 10:33:46; 452; 7; 33.87; 1006.912890625; 26.515625
2026-07-06; 10:34:46; 457; 8; 33.89; 1006.999296875; 26.482421875
2026-07-06; 10:35:46; 452; 7; 33.85; 1006.9914453125; 26.5380859375
2026-07-06; 10:36:46; 427; 4; 33.89; 1007.08984375; 26.4599609375
2026-07-06; 10:37:46; 433; 5; 33.81; 1007.17609375; 26.6044921875
2026-07-06; 10:38:46; 435; 5; 33.86; 1007.2076953125; 26.515625
2026-07-06; 10:39:46; 435; 5; 33.87; 1007.1958984375; 26.5048828125
2026-07-06; 10:40:46; 441; 6; 33.82; 1007.219296875; 26.55859375
2026-07-06; 10:41:46; 435; 5; 33.8; 1007.1878515625; 26.5693359375
2026-07-06; 10:42:46; 427; 4; 33.83; 1007.2155078125; 26.525390625
2026-07-06; 10:43:46; 415; 2; 33.82; 1007.199765625; 26.5712890625
2026-07-06; 10:44:46; 403; 0; 33.84; 1007.168203125; 26.5712890625
2026-07-06; 10:45:46; 413; 1; 33.81; 1007.1840625; 26.5703125
2026-07-06; 10:46:46; 403; 0; 33.88; 1007.20359375; 26.5283203125
2026-07-06; 10:47:46; 415; 2; 33.87; 1007.132890625; 26.515625
2026-07-06; 10:48:46; 435; 5; 33.83; 1007.125; 26.5595703125
2026-07-06; 10:49:46; 427; 4; 33.85; 1007.164453125; 26.5380859375
2026-07-06; 10:50:46; 427; 4; 33.88; 1007.12109375; 26.4931640625
2026-07-06; 10:51:46; 406; 0; 33.96; 1007.1291015625; 26.40625
2026-07-06; 10:52:46; 418; 2; 33.92; 1007.12125; 26.4609375
2026-07-06; 10:53:47; 418; 2; 33.93; 1007.2; 26.4384765625
2026-07-06; 10:54:47; 413; 1; 33.95; 1007.1958984375; 26.4287109375
2026-07-06; 10:55:47; 415; 2; 33.96; 1007.184140625; 26.40625
2026-07-06; 10:56:47; 413; 1; 33.95; 1007.09390625; 26.439453125
2026-07-06; 10:57:47; 415; 2; 33.92; 1007.12125; 26.47265625
2026-07-06; 10:58:47; 403; 0; 33.9; 1007.1250390625; 26.4951171875
2026-07-06; 10:59:47; 403; 0; 33.88; 1007.1016015625; 26.5283203125
2026-07-06; 11:00:47; 408; 1; 33.94; 1007.1526953125; 26.4853515625
2026-07-06; 11:01:47; 408; 1; 33.92; 1007.2117578125; 26.49609375
2026-07-06; 11:02:47; 400; 0; 33.87; 1007.168359375; 26.57421875
2026-07-06; 11:03:47; 400; 0; 33.87; 1007.132890625; 26.5849609375
2026-07-06; 11:04:47; 413; 1; 33.9; 1007.0700390625; 26.541015625
2026-07-06; 11:05:47; 415; 2; 33.95; 1007.14890625; 26.5322265625
2026-07-06; 11:06:47; 400; 0; 33.97; 1007.0703515625; 26.4755859375
2026-07-06; 11:07:47; 400; 0; 33.94; 1007.050703125; 26.5322265625
2026-07-06; 11:08:47; 400; 0; 33.97; 1007.0623046875; 26.4755859375
2026-07-06; 11:09:47; 400; 0; 34.02; 1007.03890625; 26.3984375
2026-07-06; 11:10:47; 400; 0; 33.96; 1007.082109375; 26.521484375
2026-07-06; 11:11:47; 414; 2; 33.98; 1006.9680078125; 26.46484375
2026-07-06; 11:12:47; 422; 3; 33.93; 1006.9799609375; 26.5537109375
2026-07-06; 11:13:47; 400; 0; 33.96; 1006.9366015625; 26.5439453125
2026-07-06; 11:14:47; 416; 2; 33.91; 1006.913046875; 26.576171875
2026-07-06; 11:15:47; 407; 1; 33.97; 1006.8973046875; 26.533203125
2026-07-06; 11:16:47; 421; 3; 33.88; 1006.87359375; 26.6318359375
2026-07-06; 11:17:47; 424; 3; 33.9; 1006.8775; 26.5869140625
2026-07-06; 11:18:47; 407; 1; 33.99; 1006.82671875; 26.4775390625
2026-07-06; 11:19:47; 421; 3; 33.95; 1006.7913671875; 26.5322265625
2026-07-06; 11:20:47; 435; 5; 33.91; 1006.803046875; 26.5986328125
2026-07-06; 11:21:47; 433; 5; 33.9; 1006.7400390625; 26.6103515625
2026-07-06; 11:22:47; 424; 3; 33.91; 1006.7007421875; 26.6103515625
2026-07-06; 11:23:48; 416; 2; 33.95; 1006.8188671875; 26.56640625
2026-07-06; 11:24:48; 421; 3; 33.97; 1006.7952734375; 26.533203125
2026-07-06; 11:25:48; 411; 1; 34.02; 1006.7362890625; 26.501953125
2026-07-06; 11:26:48; 421; 3; 34.03; 1006.8265625; 26.4677734375
2026-07-06; 11:27:48; 428; 4; 34.02; 1006.763828125; 26.513671875
2026-07-06; 11:28:48; 424; 3; 34.03; 1006.83453125; 26.4912109375
2026-07-06; 11:29:48; 428; 4; 33.97; 1006.7402734375; 26.6025390625
2026-07-06; 11:30:48; 433; 5; 34.01; 1006.7480859375; 26.513671875
2026-07-06; 11:31:48; 448; 7; 33.99; 1006.7716796875; 26.5576171875
2026-07-06; 11:32:48; 448; 7; 34.05; 1006.7126953125; 26.5029296875
2026-07-06; 11:33:48; 459; 8; 34.03; 1006.75203125; 26.548828125
2026-07-06; 11:34:48; 428; 4; 34.09; 1006.693046875; 26.470703125
2026-07-06; 11:35:48; 424; 3; 34.09; 1006.693046875; 26.4599609375
2026-07-06; 11:36:48; 428; 4; 34.06; 1006.6458984375; 26.4921875
2026-07-06; 11:37:48; 421; 3; 34.06; 1006.6458984375; 26.52734375
2026-07-06; 11:38:48; 424; 3; 34.08; 1006.7048046875; 26.5048828125
2026-07-06; 11:39:48; 411; 1; 34.1; 1006.63390625; 26.4716796875
2026-07-06; 11:40:48; 416; 2; 34.13; 1006.64578125; 26.439453125
2026-07-06; 11:41:48; 433; 5; 34.11; 1006.6419140625; 26.47265625
2026-07-06; 11:42:48; 445; 6; 34.11; 1006.586875; 26.49609375
2026-07-06; 11:43:48; 424; 3; 34.22; 1006.6140625; 26.36328125
2026-07-06; 11:44:48; 441; 6; 34.18; 1006.586484375; 26.384765625
2026-07-06; 11:45:48; 435; 5; 34.25; 1006.6138671875; 26.3193359375
2026-07-06; 11:46:48; 459; 8; 34.3; 1006.5470703125; 26.298828125
2026-07-06; 11:47:48; 473; 11; 34.24; 1006.5904296875; 26.341796875
2026-07-06; 11:48:48; 481; 12; 34.25; 1006.47625; 26.3310546875
2026-07-06; 11:49:48; 448; 7; 34.31; 1006.5902734375; 26.2763671875
2026-07-06; 11:50:48; 428; 4; 34.31; 1006.6178125; 26.265625
2026-07-06; 11:51:48; 428; 4; 34.36; 1006.550703125; 26.2216796875
2026-07-06; 11:52:48; 441; 6; 34.33; 1006.5391015625; 26.2666015625
2026-07-06; 11:53:48; 441; 6; 34.35; 1006.5430078125; 26.279296875
2026-07-06; 11:54:48; 435; 5; 34.37; 1006.511328125; 26.2451171875
2026-07-06; 11:55:48; 421; 3; 34.49; 1006.562421875; 26.1142578125
2026-07-06; 11:56:48; 428; 4; 34.48; 1006.4366015625; 26.1025390625
2026-07-06; 11:57:48; 435; 5; 34.5; 1006.44046875; 26.068359375
2026-07-06; 11:58:48; 445; 6; 34.5; 1006.44046875; 26.080078125
2026-07-06; 11:59:49; 433; 5; 34.62; 1006.510703125; 25.9609375
2026-07-06; 12:00:49; 428; 4; 34.61; 1006.47546875; 25.9716796875
2026-07-06; 12:01:49; 421; 3; 34.61; 1006.3928515625; 25.9375
2026-07-06; 12:02:49; 424; 3; 34.67; 1006.361171875; 25.8828125
2026-07-06; 12:03:49; 424; 3; 34.67; 1006.361171875; 25.89453125
2026-07-06; 12:04:49; 424; 3; 34.67; 1006.3688671875; 25.89453125
2026-07-06; 12:05:49; 407; 1; 34.71; 1006.321484375; 25.81640625
2026-07-06; 12:06:49; 406; 0; 34.69; 1006.400234375; 25.814453125
2026-07-06; 12:07:49; 400; 0; 34.7; 1006.3256640625; 25.837890625
2026-07-06; 12:08:49; 400; 0; 34.86; 1006.4111328125; 25.6513671875
2026-07-06; 12:09:49; 407; 1; 34.85; 1006.387734375; 25.650390625
2026-07-06; 12:10:49; 426; 3; 34.79; 1006.328828125; 25.728515625
2026-07-06; 12:11:49; 423; 3; 34.74; 1006.3605859375; 25.748046875
2026-07-06; 12:12:49; 413; 1; 34.76; 1006.336875; 25.71484375
2026-07-06; 12:13:49; 407; 1; 34.82; 1006.3682421875; 25.6484375
2026-07-06; 12:14:49; 417; 2; 34.83; 1006.308984375; 25.6494140625
2026-07-06; 12:15:49; 405; 0; 34.84; 1006.3521875; 25.6162109375
2026-07-06; 12:16:49; 400; 0; 34.89; 1006.375546875; 25.583984375
2026-07-06; 12:17:49; 400; 0; 34.92; 1006.3598046875; 25.5166015625
2026-07-06; 12:18:49; 407; 1; 34.97; 1006.4030078125; 25.47265625
2026-07-06; 12:19:49; 420; 3; 34.95; 1006.288671875; 25.517578125
2026-07-06; 12:20:49; 411; 1; 34.95; 1006.2966796875; 25.4833984375
2026-07-06; 12:21:49; 434; 5; 34.87; 1006.316640625; 25.5478515625
2026-07-06; 12:22:49; 415; 2; 34.92; 1006.2771875; 25.5283203125
2026-07-06; 12:23:49; 423; 3; 34.92; 1006.202265625; 25.5390625
2026-07-06; 12:24:49; 403; 0; 35.06; 1006.2135546875; 25.3857421875
2026-07-06; 12:25:49; 427; 4; 34.98; 1006.206015625; 25.5546875
2026-07-06; 12:26:49; 400; 0; 35.1; 1006.138515625; 25.341796875
2026-07-06; 12:27:49; 410; 1; 35.05; 1006.115234375; 25.384765625
2026-07-06; 12:28:49; 400; 0; 35.08; 1006.0991796875; 25.375
2026-07-06; 12:29:49; 409; 1; 35.09; 1006.0953125; 25.3642578125
2026-07-06; 12:30:49; 403; 0; 35.11; 1006.09109375; 25.2958984375
2026-07-06; 12:31:49; 422; 3; 35.08; 1006.071640625; 25.36328125
2026-07-06; 12:32:49; 422; 3; 35.13; 1006.0673828125; 25.30859375
2026-07-06; 12:33:49; 422; 3; 35.17; 1006.0278125; 25.23046875
2026-07-06; 12:34:49; 426; 3; 35.19; 1006.0591796875; 25.2431640625
2026-07-06; 12:35:49; 408; 1; 35.18; 1006.0159375; 25.2314453125
2026-07-06; 12:36:49; 406; 0; 35.22; 1005.9604296875; 25.2099609375
2026-07-06; 12:37:49; 400; 0; 35.29; 1006.034609375; 25.15625
2026-07-06; 12:38:49; 400; 0; 35.28; 1005.9637890625; 25.1318359375
2026-07-06; 12:39:49; 411; 1; 35.28; 1006.1095703125; 25.1669921875
2026-07-06; 12:40:49; 414; 2; 35.27; 1006.058359375; 25.1552734375
2026-07-06; 12:41:49; 400; 0; 35.35; 1005.9908203125; 25.0322265625
2026-07-06; 12:42:50; 418; 2; 35.29; 1006.042578125; 25.12109375
2026-07-06; 12:43:50; 443; 6; 35.28; 1006.0740234375; 25.2705078125
2026-07-06; 12:44:50; 456; 8; 35.29; 1006.1448046875; 25.1669921875
2026-07-06; 12:45:50; 466; 10; 35.36; 1006.0616015625; 25.0791015625
2026-07-06; 12:46:50; 466; 10; 35.42; 1006.0729296875; 25.001953125
2026-07-06; 12:47:50; 466; 10; 35.37; 1006.0497265625; 25.068359375
2026-07-06; 12:48:50; 436; 5; 35.4; 1006.069140625; 25.0
2026-07-06; 12:49:50; 426; 3; 35.38; 1006.010234375; 25.0107421875
2026-07-06; 12:50:50; 426; 3; 35.36; 1005.931796875; 25.044921875
2026-07-06; 12:51:50; 418; 2; 35.31; 1005.93609375; 25.0537109375
2026-07-06; 12:52:50; 408; 1; 35.35; 1005.805859375; 25.0322265625
2026-07-06; 12:53:50; 403; 0; 35.35; 1005.935703125; 25.0205078125
2026-07-06; 12:54:50; 400; 0; 35.41; 1005.8290625; 24.896484375
2026-07-06; 12:55:50; 407; 1; 35.46; 1005.7971484375; 24.7724609375
2026-07-06; 12:56:50; 421; 3; 35.36; 1005.84109375; 24.9287109375
2026-07-06; 12:57:50; 411; 1; 35.39; 1005.7976953125; 24.8837890625
2026-07-06; 12:58:50; 418; 2; 35.38; 1005.8448828125; 24.953125
2026-07-06; 12:59:50; 425; 3; 35.44; 1005.7382421875; 24.8759765625
2026-07-06; 13:00:50; 442; 6; 35.45; 1005.7340234375; 24.8994140625
2026-07-06; 13:01:50; 442; 6; 35.47; 1005.730390625; 24.8427734375
2026-07-06; 13:02:50; 442; 6; 35.44; 1005.7106640625; 24.88671875
2026-07-06; 13:03:50; 450; 7; 35.49; 1005.6866796875; 24.8095703125
2026-07-06; 13:04:50; 464; 9; 35.53; 1005.6785546875; 24.7880859375
2026-07-06; 13:05:50; 505; 15; 35.55; 1005.6547265625; 24.7890625
2026-07-06; 13:06:50; 553; 23; 35.56; 1005.7255078125; 24.7900390625
2026-07-06; 13:07:50; 584; 28; 35.59; 1005.6898046875; 24.779296875
2026-07-06; 13:08:50; 637; 36; 35.57; 1005.69375; 24.8251953125
2026-07-06; 13:09:50; 708; 46; 35.56; 1005.6979296875; 24.8701171875
2026-07-06; 13:10:50; 763; 55; 35.62; 1005.66171875; 24.828125
2026-07-06; 13:11:50; 853; 69; 35.57; 1005.611015625; 24.9052734375
2026-07-06; 13:12:50; 935; 81; 35.57; 1005.748828125; 24.9169921875
2026-07-06; 13:13:50; 983; 88; 35.61; 1005.6108203125; 24.896484375
2026-07-06; 13:14:50; 1093; 105; 35.62; 1005.6065625; 24.919921875
2026-07-06; 13:15:50; 1201; 122; 35.69; 1005.6453515625; 24.9462890625
2026-07-06; 13:16:50; 1380; 149; 35.68; 1005.6573046875; 25.02734375
2026-07-06; 13:17:50; 1512; 179; 35.69; 1005.598203125; 25.0390625
2026-07-06; 13:18:50; 1571; 222; 35.72; 1005.6371875; 25.029296875
2026-07-06; 13:19:50; 1616; 261; 35.67; 1005.539296875; 25.154296875
2026-07-06; 13:20:50; 1690; 329; 35.71; 1005.574375; 25.1787109375
2026-07-06; 13:21:50; 1772; 417; 35.72; 1005.59; 25.1796875
2026-07-06; 13:22:50; 1852; 518; 35.78; 1005.5457421875; 25.0908203125
2026-07-06; 13:23:50; 1893; 575; 35.73; 1005.4598046875; 25.203125
2026-07-06; 13:24:50; 1975; 703; 35.74; 1005.59375; 25.2275390625
2026-07-06; 13:25:51; 2038; 815; 35.73; 1005.660859375; 25.2607421875
2026-07-06; 13:26:51; 2124; 972; 35.74; 1005.64890625; 25.1806640625
2026-07-06; 13:27:51; 2166; 1062; 35.75; 1005.6094140625; 25.111328125
2026-07-06; 13:28:51; 2178; 1088; 35.72; 1005.53484375; 25.1796875
2026-07-06; 13:29:51; 2197; 1138; 35.72; 1005.53484375; 25.19140625
2026-07-06; 13:30:51; 2220; 1188; 35.76; 1005.4871875; 25.078125
2026-07-06; 13:31:51; 2220; 1188; 35.79; 1005.423515625; 25.068359375
2026-07-06; 13:32:51; 2208; 1161; 35.79; 1005.49859375; 25.033203125
2026-07-06; 13:33:51; 2197; 1138; 35.75; 1005.4635546875; 25.1005859375
2026-07-06; 13:34:51; 2197; 1138; 35.8; 1005.494296875; 25.056640625
2026-07-06; 13:35:51; 2208; 1161; 35.85; 1005.5017578125; 24.990234375
2026-07-06; 13:36:51; 2197; 1138; 35.76; 1005.4871875; 25.1240234375
2026-07-06; 13:37:51; 2208; 1161; 35.75; 1005.5187109375; 25.134765625
2026-07-06; 13:38:51; 2178; 1088; 35.74; 1005.455859375; 25.158203125
2026-07-06; 13:39:51; 2166; 1062; 35.78; 1005.4630078125; 25.171875
2026-07-06; 13:40:51; 2166; 1062; 35.81; 1005.5574609375; 25.103515625
2026-07-06; 13:41:51; 2178; 1088; 35.8; 1005.5219140625; 25.1259765625
2026-07-06; 13:42:51; 2187; 1111; 35.84; 1005.5768359375; 25.10546875
2026-07-06; 13:43:51; 2208; 1161; 35.8; 1005.569375; 25.16015625
2026-07-06; 13:44:51; 2244; 1229; 35.8; 1005.5219140625; 25.1376953125
2026-07-06; 13:45:51; 2255; 1249; 35.78; 1005.5733203125; 25.2060546875
2026-07-06; 13:46:51; 2255; 1249; 35.77; 1005.522421875; 25.228515625
2026-07-06; 13:47:51; 2267; 1281; 35.79; 1005.5614453125; 25.18359375
2026-07-06; 13:48:51; 2300; 1361; 35.77; 1005.5025390625; 25.1943359375
2026-07-06; 13:49:51; 2336; 1428; 35.73; 1005.5505078125; 25.2724609375
2026-07-06; 13:50:51; 2361; 1481; 35.67; 1005.4565625; 25.3154296875
2026-07-06; 13:51:51; 2386; 1537; 35.68; 1005.4366796875; 25.3046875
2026-07-06; 13:52:51; 2399; 1567; 35.68; 1005.409140625; 25.3046875
2026-07-06; 13:53:51; 2425; 1623; 35.68; 1005.472265625; 25.29296875
2026-07-06; 13:54:51; 2457; 1688; 35.73; 1005.4401953125; 25.2265625
2026-07-06; 13:55:51; 2471; 1713; 35.72; 1005.499296875; 25.203125
2026-07-06; 13:56:51; 2483; 1743; 35.69; 1005.45234375; 25.2470703125
2026-07-06; 13:57:51; 2497; 1774; 35.68; 1005.472265625; 25.2353515625
2026-07-06; 13:58:51; 2483; 1743; 35.69; 1005.40515625; 25.189453125
2026-07-06; 13:59:51; 2483; 1743; 35.7; 1005.4208203125; 25.1669921875
2026-07-06; 14:00:51; 2497; 1774; 35.71; 1005.3457421875; 25.109375
2026-07-06; 14:01:51; 2497; 1774; 35.7; 1005.3852734375; 25.1435546875
2026-07-06; 14:02:51; 2511; 1799; 35.7; 1005.3656640625; 25.1435546875
2026-07-06; 14:03:51; 2511; 1799; 35.71; 1005.2905859375; 25.109375
2026-07-06; 14:04:51; 2511; 1799; 35.72; 1005.31421875; 25.076171875
2026-07-06; 14:05:51; 2511; 1799; 35.72; 1005.3338671875; 25.064453125
2026-07-06; 14:06:51; 2525; 1835; 35.71; 1005.29859375; 25.0400390625
2026-07-06; 14:07:52; 2568; 1919; 35.72; 1005.223515625; 25.029296875
2026-07-06; 14:08:52; 2584; 1961; 35.77; 1005.3017578125; 24.951171875
2026-07-06; 14:09:52; 2614; 2024; 35.74; 1005.25484375; 24.97265625
2026-07-06; 14:10:52; 2626; 2051; 35.7; 1005.2198046875; 25.0048828125
2026-07-06; 14:11:52; 2664; 2127; 35.7; 1005.200234375; 25.0166015625
2026-07-06; 14:12:52; 2694; 2192; 35.7; 1005.2198046875; 25.0283203125
2026-07-06; 14:13:52; 2679; 2154; 35.7; 1005.1922265625; 25.0283203125
2026-07-06; 14:14:52; 2720; 2263; 35.73; 1005.1644140625; 24.92578125
2026-07-06; 14:15:52; 2720; 2263; 35.69; 1005.212109375; 24.900390625
2026-07-06; 14:16:52; 2773; 2371; 35.72; 1005.1487890625; 24.8916015625
2026-07-06; 14:17:52; 2791; 2410; 35.7; 1005.0898828125; 24.8779296875
2026-07-06; 14:18:52; 2810; 2452; 35.68; 1005.1609375; 24.900390625
2026-07-06; 14:19:52; 2810; 2452; 35.69; 1005.101796875; 24.8779296875
2026-07-06; 14:20:52; 2773; 2371; 35.71; 1005.07796875; 24.6826171875
2026-07-06; 14:21:52; 2810; 2452; 35.77; 1005.16390625; 24.6396484375
2026-07-06; 14:22:52; 2810; 2452; 35.72; 1005.14078125; 24.740234375
2026-07-06; 14:23:52; 2826; 2484; 35.71; 1005.07; 24.7509765625
2026-07-06; 14:24:52; 2845; 2535; 35.72; 1005.1212109375; 24.7412109375
2026-07-06; 14:25:52; 2859; 2564; 35.67; 1005.0705078125; 24.7724609375
2026-07-06; 14:26:52; 2909; 2649; 35.66; 1005.1651953125; 24.818359375
2026-07-06; 14:27:52; 2949; 2733; 35.64; 1005.1338671875; 24.83984375
2026-07-06; 14:28:52; 2963; 2768; 35.7; 1005.1094921875; 24.7744140625
2026-07-06; 14:29:52; 2949; 2733; 35.64; 1005.0235546875; 24.83984375
2026-07-06; 14:30:52; 2927; 2685; 35.63; 1005.090625; 24.8173828125
2026-07-06; 14:31:52; 2927; 2685; 35.57; 1005.16984375; 24.87109375
2026-07-06; 14:32:52; 2909; 2649; 35.6; 1005.1341015625; 24.8388671875
2026-07-06; 14:33:52; 2909; 2649; 35.65; 1005.0392578125; 24.783203125
2026-07-06; 14:34:52; 2880; 2607; 35.64; 1005.1338671875; 24.7939453125
2026-07-06; 14:35:52; 2880; 2607; 35.65; 1005.0392578125; 24.7490234375
2026-07-06; 14:36:52; 2880; 2607; 35.58; 1004.9373828125; 24.826171875
2026-07-06; 14:37:52; 2880; 2607; 35.6; 1005.0789453125; 24.8154296875
2026-07-06; 14:38:52; 2880; 2607; 35.57; 1005.0319921875; 24.755859375
2026-07-06; 14:39:52; 2880; 2607; 35.61; 1004.976640625; 24.76953125
2026-07-06; 14:40:52; 2880; 2607; 35.6; 1004.9609765625; 24.7568359375
2026-07-06; 14:41:52; 2880; 2607; 35.61; 1004.921484375; 24.7353515625
2026-07-06; 14:42:52; 2909; 2649; 35.58; 1004.9021484375; 24.767578125
2026-07-06; 14:43:52; 2909; 2649; 35.59; 1004.8901953125; 24.814453125
2026-07-06; 14:44:52; 2909; 2649; 35.6; 1004.83078125; 24.734375
2026-07-06; 14:45:52; 2927; 2685; 35.61; 1004.7560546875; 24.7236328125
2026-07-06; 14:46:52; 2949; 2733; 35.61; 1004.7560546875; 24.6884765625
2026-07-06; 14:47:52; 2963; 2768; 35.59; 1004.8350390625; 24.69921875
2026-07-06; 14:48:52; 3004; 2860; 35.64; 1004.8030078125; 24.609375
2026-07-06; 14:49:52; 3025; 2903; 35.62; 1004.8268359375; 24.6083984375
2026-07-06; 14:50:53; 3047; 2946; 35.65; 1004.7910546875; 24.5517578125
2026-07-06; 14:51:53; 3025; 2903; 35.64; 1004.7478515625; 24.59765625
2026-07-06; 14:52:53; 3047; 2946; 35.61; 1004.7560546875; 24.5732421875
2026-07-06; 14:53:53; 3090; 3033; 35.64; 1004.6926953125; 24.5283203125
2026-07-06; 14:54:53; 3129; 3122; 35.63; 1004.7322265625; 24.609375
2026-07-06; 14:55:53; 3111; 3084; 35.67; 1004.7120703125; 24.5537109375
2026-07-06; 14:56:53; 3129; 3122; 35.68; 1004.7001171875; 24.4384765625
2026-07-06; 14:57:53; 3129; 3122; 35.65; 1004.68078125; 24.517578125
2026-07-06; 14:58:53; 3156; 3174; 35.69; 1004.71578125; 24.416015625
2026-07-06; 14:59:53; 3156; 3174; 35.65; 1004.7359375; 24.529296875
2026-07-06; 15:00:53; 3180; 3226; 35.64; 1004.6926953125; 24.5166015625
2026-07-06; 15:01:53; 3204; 3279; 35.64; 1004.6926953125; 24.5166015625
2026-07-06; 15:02:53; 3204; 3279; 35.64; 1004.6926953125; 24.5166015625
2026-07-06; 15:03:53; 3204; 3279; 35.63; 1004.6219140625; 24.4931640625
2026-07-06; 15:04:53; 3225; 3327; 35.63; 1004.5744140625; 24.4814453125
2026-07-06; 15:05:53; 3247; 3381; 35.68; 1004.5818359375; 24.4033203125
2026-07-06; 15:06:53; 3247; 3381; 35.67; 1004.5662109375; 24.42578125
2026-07-06; 15:07:53; 3225; 3327; 35.66; 1004.5861328125; 24.4140625
2026-07-06; 15:08:53; 3225; 3327; 35.65; 1004.625625; 24.4482421875
2026-07-06; 15:09:53; 3204; 3279; 35.68; 1004.451953125; 24.4150390625
2026-07-06; 15:10:53; 3225; 3327; 35.68; 1004.507109375; 24.333984375
2026-07-06; 15:11:53; 3204; 3279; 35.7; 1004.4476953125; 24.3466796875
2026-07-06; 15:12:53; 3225; 3327; 35.68; 1004.5346875; 24.4033203125
2026-07-06; 15:13:53; 3225; 3327; 35.68; 1004.562265625; 24.3916015625
2026-07-06; 15:14:53; 3204; 3279; 35.67; 1004.40875; 24.3681640625
2026-07-06; 15:15:53; 3247; 3381; 35.66; 1004.4206640625; 24.35546875
2026-07-06; 15:16:53; 3247; 3381; 35.67; 1004.4362890625; 24.3564453125
2026-07-06; 15:17:53; 3225; 3327; 35.69; 1004.4675390625; 24.3232421875
2026-07-06; 15:18:53; 3225; 3327; 35.75; 1004.50625; 24.2568359375
2026-07-06; 15:19:53; 3204; 3279; 35.7; 1004.530390625; 24.30078125
2026-07-06; 15:20:53; 3225; 3327; 35.71; 1004.52640625; 24.2548828125
2026-07-06; 15:21:53; 3204; 3279; 35.69; 1004.522734375; 24.27734375
2026-07-06; 15:22:53; 3204; 3279; 35.71; 1004.5184765625; 24.27734375
2026-07-06; 15:23:53; 3225; 3327; 35.69; 1004.4951171875; 24.2880859375
2026-07-06; 15:24:53; 3247; 3381; 35.71; 1004.553984375; 24.2666015625
2026-07-06; 15:25:53; 3247; 3381; 35.69; 1004.4399609375; 24.2998046875
2026-07-06; 15:26:53; 3247; 3381; 35.72; 1004.4317578125; 24.2900390625
2026-07-06; 15:27:53; 3266; 3420; 35.72; 1004.3766015625; 24.3017578125
2026-07-06; 15:28:53; 3247; 3381; 35.72; 1004.451328125; 24.3017578125
2026-07-06; 15:29:53; 3247; 3381; 35.7; 1004.4476953125; 24.27734375
2026-07-06; 15:30:53; 3266; 3420; 35.71; 1004.4357421875; 24.25390625
2026-07-06; 15:31:53; 3247; 3381; 35.69; 1004.4399609375; 24.3115234375
2026-07-06; 15:32:53; 3247; 3381; 35.69; 1004.38484375; 24.3115234375
2026-07-06; 15:33:54; 3247; 3381; 35.7; 1004.372890625; 24.2431640625
2026-07-06; 15:34:54; 3247; 3381; 35.7; 1004.40046875; 24.27734375
2026-07-06; 15:35:54; 3225; 3327; 35.64; 1004.479765625; 24.216796875
2026-07-06; 15:36:54; 3225; 3327; 35.66; 1004.4482421875; 24.251953125
2026-07-06; 15:37:54; 3204; 3279; 35.68; 1004.396796875; 24.1376953125
2026-07-06; 15:38:54; 3204; 3279; 35.65; 1004.495390625; 24.228515625
2026-07-06; 15:39:54; 3180; 3226; 35.63; 1004.42890625; 24.2158203125
2026-07-06; 15:40:54; 3204; 3279; 35.63; 1004.37375; 24.205078125
2026-07-06; 15:41:54; 3204; 3279; 35.64; 1004.44453125; 24.2392578125
2026-07-06; 15:42:54; 3204; 3279; 35.63; 1004.456484375; 24.193359375
2026-07-06; 15:43:54; 3204; 3279; 35.65; 1004.3498828125; 24.1943359375
2026-07-06; 15:44:54; 3225; 3327; 35.71; 1004.443671875; 24.1396484375
2026-07-06; 15:45:54; 3225; 3327; 35.68; 1004.30609375; 24.1611328125
2026-07-06; 15:46:54; 3225; 3327; 35.68; 1004.3416015625; 24.1494140625
2026-07-06; 15:47:54; 3225; 3327; 35.69; 1004.302109375; 24.1611328125
2026-07-06; 15:48:54; 3225; 3327; 35.66; 1004.1725; 24.1708984375
2026-07-06; 15:49:54; 3247; 3381; 35.68; 1004.176171875; 24.18359375
2026-07-06; 15:50:54; 3247; 3381; 35.69; 1004.16421875; 24.1611328125
2026-07-06; 15:51:54; 3247; 3381; 35.69; 1004.1287109375; 24.1142578125
2026-07-06; 15:52:54; 3225; 3327; 35.66; 1004.1725; 24.1826171875
2026-07-06; 15:53:54; 3204; 3279; 35.64; 1004.2239453125; 24.181640625
2026-07-06; 15:54:54; 3204; 3279; 35.67; 1004.160546875; 24.171875
2026-07-06; 15:55:54; 3204; 3279; 35.71; 1004.2506640625; 24.05859375
2026-07-06; 15:56:54; 3204; 3279; 35.7; 1004.1798828125; 24.0576171875
2026-07-06; 15:57:54; 3204; 3279; 35.7; 1004.262578125; 24.1044921875
2026-07-06; 15:58:54; 3180; 3226; 35.67; 1004.215703125; 24.056640625
2026-07-06; 15:59:54; 3180; 3226; 35.67; 1004.2353125; 24.0673828125
2026-07-06; 16:00:54; 3129; 3122; 35.64; 1004.1764453125; 24.06640625
2026-07-06; 16:01:54; 3156; 3174; 35.67; 1004.188125; 23.9755859375
2026-07-06; 16:02:54; 3156; 3174; 35.69; 1004.0815234375; 23.96484375
2026-07-06; 16:03:54; 3180; 3226; 35.68; 1004.121015625; 24.0224609375
2026-07-06; 16:04:54; 3156; 3174; 35.67; 1004.2353125; 24.033203125
2026-07-06; 16:05:54; 3180; 3226; 35.71; 1004.2230859375; 23.919921875
2026-07-06; 16:06:54; 3156; 3174; 35.7; 1004.171875; 23.896484375
2026-07-06; 16:07:54; 3180; 3226; 35.7; 1004.1523046875; 23.908203125
2026-07-06; 16:08:54; 3180; 3226; 35.67; 1004.0502734375; 23.90625
2026-07-06; 16:09:54; 3225; 3327; 35.68; 1004.065859375; 23.96484375
2026-07-06; 16:10:54; 3247; 3381; 35.7; 1004.1247265625; 23.9423828125
2026-07-06; 16:11:54; 3266; 3420; 35.71; 1004.0772265625; 23.9541015625
2026-07-06; 16:12:54; 3266; 3420; 35.69; 1004.0539453125; 23.9765625
2026-07-06; 16:13:54; 3247; 3381; 35.69; 1004.1090625; 23.96484375
2026-07-06; 16:14:54; 3247; 3381; 35.69; 1004.1011328125; 23.94140625
2026-07-06; 16:15:54; 3247; 3381; 35.68; 1004.0855078125; 23.96484375
2026-07-06; 16:16:55; 3247; 3381; 35.68; 1004.0027734375; 23.9765625
2026-07-06; 16:17:55; 3266; 3420; 35.7; 1004.0419921875; 23.9306640625
2026-07-06; 16:18:55; 3247; 3381; 35.69; 1004.1090625; 23.953125
2026-07-06; 16:19:55; 3204; 3279; 35.67; 1004.06984375; 23.9404296875
2026-07-06; 16:20:55; 3204; 3279; 35.67; 1004.0778515625; 23.8603515625
2026-07-06; 16:21:55; 3180; 3226; 35.65; 1004.018984375; 23.9052734375
2026-07-06; 16:22:55; 3180; 3226; 35.65; 1004.018984375; 23.951171875
2026-07-06; 16:23:55; 3180; 3226; 35.65; 1004.081796875; 23.8125
2026-07-06; 16:24:55; 3180; 3226; 35.63; 1004.1255859375; 23.892578125
2026-07-06; 16:25:55; 3180; 3226; 35.62; 1004.165078125; 23.9033203125
2026-07-06; 16:26:55; 3204; 3279; 35.62; 1004.0823828125; 23.94921875
2026-07-06; 16:27:55; 3247; 3381; 35.63; 1004.0704296875; 23.8232421875
2026-07-06; 16:28:55; 3247; 3381; 35.61; 1004.0943359375; 23.8916015625
2026-07-06; 16:29:55; 3266; 3420; 35.61; 1004.0943359375; 23.8916015625
2026-07-06; 16:30:55; 3266; 3420; 35.62; 1004.0823828125; 23.869140625
2026-07-06; 16:31:55; 3294; 3474; 35.6; 1004.133828125; 23.8681640625
2026-07-06; 16:32:55; 3322; 3535; 35.59; 1004.03546875; 23.9013671875
2026-07-06; 16:33:55; 3294; 3474; 35.56; 1004.12640625; 23.9345703125
2026-07-06; 16:34:55; 3294; 3474; 35.56; 1004.1065234375; 23.970703125
2026-07-06; 16:35:55; 3294; 3474; 35.56; 1004.016171875; 23.9580078125
2026-07-06; 16:36:55; 3294; 3474; 35.61; 1004.0391796875; 23.8798828125
2026-07-06; 16:37:55; 3294; 3474; 35.58; 1004.0473828125; 23.8896484375
2026-07-06; 16:38:55; 3294; 3474; 35.6; 1004.0312109375; 23.8447265625
2026-07-06; 16:39:55; 3294; 3474; 35.58; 1003.9923046875; 23.9013671875
2026-07-06; 16:40:55; 3266; 3420; 35.59; 1004.03546875; 23.8671875
2026-07-06; 16:41:55; 3294; 3474; 35.62; 1004.00734375; 23.845703125
2026-07-06; 16:42:55; 3266; 3420; 35.61; 1004.0116015625; 23.8916015625
2026-07-06; 16:43:55; 3266; 3420; 35.6; 1003.9760546875; 23.8681640625
2026-07-06; 16:44:55; 3266; 3420; 35.6; 1004.0036328125; 23.8681640625
2026-07-06; 16:45:55; 3266; 3420; 35.64; 1004.03859375; 23.8359375
2026-07-06; 16:46:55; 3266; 3420; 35.6; 1003.9683984375; 23.87890625
2026-07-06; 16:47:55; 3266; 3420; 35.66; 1003.979453125; 23.82421875
2026-07-06; 16:48:55; 3247; 3381; 35.63; 1004.0428515625; 23.8701171875
2026-07-06; 16:49:55; 3247; 3381; 35.62; 1003.972109375; 23.857421875
2026-07-06; 16:50:55; 3247; 3381; 35.63; 1003.84984375; 23.892578125
2026-07-06; 16:51:55; 3247; 3381; 35.68; 1003.8728515625; 23.837890625
2026-07-06; 16:52:55; 3247; 3381; 35.64; 1003.8731640625; 23.8583984375
2026-07-06; 16:53:56; 3225; 3327; 35.67; 1003.9123828125; 23.8603515625
2026-07-06; 16:54:56; 3225; 3327; 35.65; 1003.861171875; 23.84765625
2026-07-06; 16:55:56; 3225; 3327; 35.65; 1003.7983984375; 23.859375
2026-07-06; 16:56:57; 3204; 3279; 35.67; 1003.8296484375; 23.8486328125
2026-07-06; 16:57:57; 3180; 3226; 35.64; 1003.8180078125; 23.8701171875
2026-07-06; 16:58:57; 3180; 3226; 35.67; 1003.7941015625; 23.859375
2026-07-06; 16:59:57; 3180; 3226; 35.64; 1003.86546875; 23.892578125
2026-07-06; 17:00:57; 3180; 3226; 35.62; 1003.861796875; 23.9150390625
2026-07-06; 17:01:57; 3204; 3279; 35.63; 1003.905; 23.892578125
2026-07-06; 17:02:57; 3204; 3279; 35.58; 1003.9647265625; 23.970703125
2026-07-06; 17:03:57; 3204; 3279; 35.59; 1003.870078125; 23.9716796875
2026-07-06; 17:04:57; 3225; 3327; 35.61; 1003.88140625; 23.9267578125
2026-07-06; 17:05:57; 3204; 3279; 35.58; 1003.8819921875; 23.958984375
2026-07-06; 17:06:57; 3180; 3226; 35.55; 1003.8902734375; 23.98046875
2026-07-06; 17:07:57; 3180; 3226; 35.53; 1003.803828125; 24.013671875
2026-07-06; 17:08:57; 3156; 3174; 35.52; 1003.8234375; 24.025390625
2026-07-06; 17:09:57; 3156; 3174; 35.52; 1003.8234375; 23.9794921875
2026-07-06; 17:10:57; 3156; 3174; 35.53; 1003.8115234375; 23.9912109375
2026-07-06; 17:11:57; 3156; 3174; 35.51; 1003.780234375; 24.025390625
2026-07-06; 17:12:57; 3129; 3122; 35.49; 1003.729375; 24.03515625
2026-07-06; 17:13:57; 3129; 3122; 35.49; 1003.694140625; 24.03515625
2026-07-06; 17:14:57; 3156; 3174; 35.48; 1003.741328125; 24.0693359375
2026-07-06; 17:15:57; 3156; 3174; 35.5; 1003.709765625; 24.046875
2026-07-06; 17:16:57; 3180; 3226; 35.5; 1003.764921875; 24.05859375
2026-07-06; 17:17:57; 3180; 3226; 35.5; 1003.6071875; 24.0361328125
2026-07-06; 17:18:57; 3180; 3226; 35.48; 1003.6310546875; 24.0693359375
2026-07-06; 17:19:57; 3180; 3226; 35.47; 1003.69046875; 24.0810546875
2026-07-06; 17:20:57; 3180; 3226; 35.52; 1003.6779296875; 24.025390625
2026-07-06; 17:21:57; 3156; 3174; 35.53; 1003.6935546875; 24.001953125
2026-07-06; 17:22:57; 3129; 3122; 35.54; 1003.70921875; 23.95703125
2026-07-06; 17:23:57; 3129; 3122; 35.55; 1003.7248046875; 23.9453125
2026-07-06; 17:24:57; 3129; 3122; 35.55; 1003.704921875; 23.9462890625
2026-07-06; 17:25:57; 3156; 3174; 35.54; 1003.716875; 23.98046875
2026-07-06; 17:26:57; 3156; 3174; 35.58; 1003.7518359375; 23.9130859375
2026-07-06; 17:27:57; 3156; 3174; 35.59; 1003.7321875; 23.9130859375
2026-07-06; 17:28:57; 3156; 3174; 35.55; 1003.7600390625; 23.9580078125
2026-07-06; 17:29:57; 3156; 3174; 35.56; 1003.7680078125; 23.9462890625
2026-07-06; 17:30:57; 3180; 3226; 35.55; 1003.7325; 23.9462890625
2026-07-06; 17:31:57; 3180; 3226; 35.6; 1003.720234375; 23.8681640625
2026-07-06; 17:32:57; 3180; 3226; 35.6; 1003.6651171875; 23.798828125
2026-07-06; 17:33:57; 3156; 3174; 35.61; 1003.7083203125; 23.845703125
2026-07-06; 17:34:57; 3156; 3174; 35.6; 1003.7279296875; 23.822265625
2026-07-06; 17:35:57; 3156; 3174; 35.58; 1003.6614453125; 23.7744140625
2026-07-06; 17:36:57; 3129; 3122; 35.57; 1003.618203125; 23.8203125
2026-07-06; 17:37:57; 3129; 3122; 35.6; 1003.6099609375; 23.8212890625
2026-07-06; 17:38:57; 3156; 3174; 35.57; 1003.625859375; 23.80859375
2026-07-06; 17:39:58; 3129; 3122; 35.57; 1003.673359375; 23.8203125
2026-07-06; 17:40:58; 3156; 3174; 35.59; 1003.566796875; 23.7861328125
2026-07-06; 17:41:58; 3156; 3174; 35.6; 1003.5823828125; 23.798828125
2026-07-06; 17:42:58; 3156; 3174; 35.58; 1003.5787109375; 23.8203125
2026-07-06; 17:43:58; 3156; 3174; 35.54; 1003.5437890625; 23.8759765625
2026-07-06; 17:44:58; 3156; 3174; 35.52; 1003.595234375; 23.8984375
2026-07-06; 17:45:58; 3156; 3174; 35.54; 1003.626484375; 23.8759765625
2026-07-06; 17:46:58; 3156; 3174; 35.56; 1003.5198828125; 23.8662109375
2026-07-06; 17:47:58; 3156; 3174; 35.56; 1003.6301953125; 23.8662109375
2026-07-06; 17:48:58; 3156; 3174; 35.55; 1003.484375; 23.865234375
2026-07-06; 17:49:58; 3156; 3174; 35.57; 1003.535546875; 23.8779296875
2026-07-06; 17:50:58; 3129; 3122; 35.58; 1003.5511328125; 23.8671875
2026-07-06; 17:51:58; 3156; 3174; 35.58; 1003.5587890625; 23.85546875
2026-07-06; 17:52:58; 3156; 3174; 35.6; 1003.527265625; 23.8447265625
2026-07-06; 17:53:58; 3156; 3174; 35.56; 1003.6102734375; 23.8779296875
2026-07-06; 17:54:58; 3156; 3174; 35.57; 1003.6534375; 23.8544921875
2026-07-06; 17:55:58; 3180; 3226; 35.55; 1003.5670703125; 23.876953125
2026-07-06; 17:56:58; 3180; 3226; 35.54; 1003.5514453125; 23.9111328125
2026-07-06; 17:57:58; 3180; 3226; 35.54; 1003.5514453125; 23.9111328125
2026-07-06; 17:58:58; 3180; 3226; 35.54; 1003.5437890625; 23.9228515625
2026-07-06; 17:59:58; 3180; 3226; 35.52; 1003.5125; 23.9560546875
2026-07-06; 18:00:58; 3180; 3226; 35.51; 1003.5045703125; 23.9208984375
2026-07-06; 18:01:58; 3180; 3226; 35.53; 1003.4806640625; 23.8759765625
2026-07-06; 18:02:58; 3180; 3226; 35.55; 1003.449140625; 23.841796875
2026-07-06; 18:03:58; 3180; 3226; 35.54; 1003.5437890625; 23.806640625
2026-07-06; 18:04:58; 3180; 3226; 35.53; 1003.4806640625; 23.7607421875
2026-07-06; 18:05:58; 3156; 3174; 35.55; 1003.449140625; 23.7490234375
2026-07-06; 18:06:58; 3156; 3174; 35.56; 1003.5198828125; 23.599609375
2026-07-06; 18:07:58; 3156; 3174; 35.58; 1003.47609375; 23.5322265625
2026-07-06; 18:08:58; 3129; 3122; 35.56; 1003.5198828125; 23.47265625
2026-07-06; 18:09:58; 3156; 3174; 35.55; 1003.5594140625; 23.4375
2026-07-06; 18:10:58; 3129; 3122; 35.55; 1003.484375; 23.576171875
2026-07-06; 18:11:58; 3129; 3122; 35.55; 1003.504296875; 23.4951171875
2026-07-06; 18:12:58; 3129; 3122; 35.54; 1003.441171875; 23.4951171875
2026-07-06; 18:13:58; 3129; 3122; 35.56; 1003.4923046875; 23.5078125
2026-07-06; 18:14:58; 3129; 3122; 35.56; 1003.5474609375; 23.4384765625
2026-07-06; 18:15:58; 3156; 3174; 35.56; 1003.4923046875; 23.4609375
2026-07-06; 18:16:58; 3156; 3174; 35.56; 1003.5275390625; 23.4384765625
2026-07-06; 18:17:58; 3156; 3174; 35.56; 1003.472421875; 23.392578125
2026-07-06; 18:18:58; 3156; 3174; 35.57; 1003.515625; 23.4501953125
2026-07-06; 18:19:58; 3156; 3174; 35.55; 1003.5394921875; 23.4267578125
2026-07-06; 18:20:58; 3129; 3122; 35.54; 1003.4886328125; 23.44921875
2026-07-06; 18:21:58; 3129; 3122; 35.55; 1003.511953125; 23.4375
2026-07-06; 18:22:59; 3129; 3122; 35.56; 1003.4448828125; 23.4384765625
2026-07-06; 18:23:59; 3129; 3122; 35.55; 1003.504296875; 23.4609375
2026-07-06; 18:24:59; 3129; 3122; 35.57; 1003.488046875; 23.4501953125
2026-07-06; 18:25:59; 3129; 3122; 35.57; 1003.480390625; 23.4501953125
2026-07-06; 18:26:59; 3129; 3122; 35.56; 1003.4096484375; 23.4501953125
2026-07-06; 18:27:59; 3129; 3122; 35.58; 1003.3857421875; 23.427734375
2026-07-06; 18:28:59; 3129; 3122; 35.58; 1003.3857421875; 23.404296875
2026-07-06; 18:29:59; 3156; 3174; 35.59; 1003.3462109375; 23.3935546875
2026-07-06; 18:30:59; 3129; 3122; 35.6; 1003.3618359375; 23.3828125
2026-07-06; 18:31:59; 3156; 3174; 35.57; 1003.32265625; 23.380859375
2026-07-06; 18:32:59; 3111; 3084; 35.58; 1003.3382421875; 23.32421875
2026-07-06; 18:33:59; 3111; 3084; 35.61; 1003.3223046875; 23.2451171875
2026-07-06; 18:34:59; 3111; 3084; 35.57; 1003.25984375; 23.3115234375
2026-07-06; 18:35:59; 3090; 3033; 35.55; 1003.3112890625; 23.310546875
2026-07-06; 18:36:59; 3090; 3033; 35.57; 1003.32265625; 23.3115234375
2026-07-06; 18:37:59; 3068; 2992; 35.54; 1003.2956640625; 23.2294921875
2026-07-06; 18:38:59; 3068; 2992; 35.58; 1003.3030078125; 23.1962890625
2026-07-06; 18:39:59; 3090; 3033; 35.57; 1003.3149609375; 23.2197265625
2026-07-06; 18:40:59; 3090; 3033; 35.55; 1003.23625; 23.322265625
2026-07-06; 18:41:59; 3090; 3033; 35.56; 1003.251875; 23.2421875
2026-07-06; 18:42:59; 3090; 3033; 35.54; 1003.3033203125; 23.2412109375
2026-07-06; 18:43:59; 3090; 3033; 35.6; 1003.2867578125; 23.1865234375
2026-07-06; 18:44:59; 3111; 3084; 35.59; 1003.3462109375; 23.220703125
2026-07-06; 18:45:59; 3111; 3084; 35.57; 1003.2675; 23.265625
2026-07-06; 18:46:59; 3111; 3084; 35.58; 1003.2754296875; 23.30078125
2026-07-06; 18:47:59; 3111; 3084; 35.57; 1003.32265625; 23.2890625
2026-07-06; 18:48:59; 3111; 3084; 35.54; 1003.3033203125; 23.3447265625
2026-07-06; 18:49:59; 3111; 3084; 35.57; 1003.2046875; 23.2890625
2026-07-06; 18:50:59; 3111; 3084; 35.55; 1003.23625; 23.2880859375
2026-07-06; 18:51:59; 3111; 3084; 35.54; 1003.185390625; 23.322265625
2026-07-06; 18:52:59; 3111; 3084; 35.53; 1003.232578125; 23.3330078125
2026-07-06; 18:53:59; 3111; 3084; 35.55; 1003.256171875; 23.298828125
2026-07-06; 18:54:59; 3111; 3084; 35.55; 1003.208671875; 23.310546875
2026-07-06; 18:55:59; 3111; 3084; 35.58; 1003.192734375; 23.2890625
2026-07-06; 18:56:59; 3090; 3033; 35.55; 1003.0983984375; 23.310546875
2026-07-06; 18:57:59; 3090; 3033; 35.55; 1003.18109375; 23.298828125
2026-07-06; 18:58:59; 3090; 3033; 35.53; 1003.1421875; 23.2978515625
2026-07-06; 18:59:59; 3090; 3033; 35.54; 1003.1103515625; 23.298828125
2026-07-06; 19:00:59; 3068; 2992; 35.53; 1003.0870703125; 23.3212890625
2026-07-06; 19:01:59; 3068; 2992; 35.54; 1003.02765625; 23.298828125
2026-07-06; 19:02:59; 3068; 2992; 35.53; 1003.0870703125; 23.2626953125
2026-07-06; 19:03:59; 3047; 2946; 35.55; 1003.015703125; 23.21875
2026-07-06; 19:05:00; 3068; 2992; 35.55; 1002.988125; 23.2294921875
2026-07-06; 19:06:00; 3047; 2946; 35.53; 1002.984453125; 23.2978515625
2026-07-06; 19:07:00; 3047; 2946; 35.52; 1002.968828125; 23.2978515625
2026-07-06; 19:08:00; 3047; 2946; 35.56; 1003.0512109375; 23.1953125
2026-07-06; 19:09:00; 3047; 2946; 35.53; 1003.039609375; 23.275390625
2026-07-06; 19:10:00; 3047; 2946; 35.53; 1003.039609375; 23.228515625
2026-07-06; 19:11:00; 3047; 2946; 35.5; 1002.973125; 23.26171875
2026-07-06; 19:12:00; 3047; 2946; 35.53; 1003.01203125; 23.1826171875
2026-07-06; 19:13:00; 3047; 2946; 35.56; 1002.976171875; 23.1611328125
2026-07-06; 19:14:00; 3025; 2903; 35.53; 1002.9492578125; 23.1708984375
2026-07-06; 19:15:00; 3025; 2903; 35.52; 1002.961171875; 23.1474609375
2026-07-06; 19:16:00; 3025; 2903; 35.54; 1002.944921875; 23.1142578125
2026-07-06; 19:17:00; 3025; 2903; 35.53; 1002.976796875; 23.1591796875
2026-07-06; 19:18:00; 3004; 2860; 35.53; 1002.976796875; 23.11328125
2026-07-06; 19:19:00; 3004; 2860; 35.5; 1002.8827734375; 23.158203125
2026-07-06; 19:20:00; 3004; 2860; 35.52; 1002.93359375; 23.1357421875
2026-07-06; 19:21:00; 2985; 2822; 35.52; 1002.886171875; 23.1474609375
2026-07-06; 19:22:00; 2985; 2822; 35.5; 1002.8628515625; 23.193359375
2026-07-06; 19:23:00; 2985; 2822; 35.5; 1002.8827734375; 23.146484375
2026-07-06; 19:24:00; 3004; 2860; 35.49; 1002.8671875; 23.2158203125
2026-07-06; 19:25:00; 3004; 2860; 35.5; 1002.8827734375; 23.2265625
2026-07-06; 19:26:00; 3004; 2860; 35.5; 1002.800078125; 23.2265625
2026-07-06; 19:27:00; 3025; 2903; 35.5; 1002.8827734375; 23.2265625
2026-07-06; 19:28:00; 3004; 2860; 35.51; 1002.84296875; 23.216796875
2026-07-06; 19:29:00; 3004; 2860; 35.49; 1002.81203125; 23.26171875
2026-07-06; 19:30:00; 3004; 2860; 35.47; 1002.84359375; 23.2607421875
2026-07-06; 19:31:00; 3004; 2860; 35.48; 1002.79640625; 23.2607421875
2026-07-06; 19:32:00; 3004; 2860; 35.5; 1002.8827734375; 23.23828125
2026-07-06; 19:33:00; 3004; 2860; 35.47; 1002.84359375; 23.2724609375
2026-07-06; 19:34:00; 3004; 2860; 35.49; 1002.81203125; 23.25
2026-07-06; 19:35:00; 3004; 2860; 35.52; 1002.8034375; 23.205078125
2026-07-06; 19:36:00; 3004; 2860; 35.49; 1002.8196875; 23.1923828125
2026-07-06; 19:37:00; 3004; 2860; 35.5; 1002.807734375; 23.2041015625
2026-07-06; 19:38:00; 3004; 2860; 35.49; 1002.7569140625; 23.1806640625
2026-07-06; 19:39:00; 3004; 2860; 35.48; 1002.7489453125; 23.1923828125
2026-07-06; 19:40:00; 3025; 2903; 35.48; 1002.79640625; 23.21484375
2026-07-06; 19:41:00; 3025; 2903; 35.48; 1002.831640625; 23.21484375
2026-07-06; 19:42:00; 3025; 2903; 35.48; 1002.79640625; 23.21484375
2026-07-06; 19:43:00; 3025; 2903; 35.47; 1002.7256640625; 23.19140625
2026-07-06; 19:44:00; 3025; 2903; 35.5; 1002.7250390625; 23.146484375
2026-07-06; 19:45:00; 3025; 2903; 35.48; 1002.8515234375; 23.19140625
2026-07-06; 19:46:00; 3025; 2903; 35.45; 1002.7768359375; 23.1787109375
2026-07-06; 19:47:00; 3025; 2903; 35.46; 1002.7449609375; 23.19140625
2026-07-06; 19:48:01; 3025; 2903; 35.46; 1002.7648828125; 23.1669921875
2026-07-06; 19:49:01; 3025; 2903; 35.46; 1002.7725390625; 23.15625
2026-07-06; 19:50:01; 3025; 2903; 35.48; 1002.7765234375; 23.1337890625
2026-07-06; 19:51:01; 3025; 2903; 35.48; 1002.7213671875; 23.099609375
2026-07-06; 19:52:01; 3025; 2903; 35.48; 1002.7489453125; 23.064453125
2026-07-06; 19:53:01; 3004; 2860; 35.48; 1002.768828125; 23.064453125
2026-07-06; 19:54:01; 2985; 2822; 35.49; 1002.7569140625; 22.99609375
2026-07-06; 19:55:01; 2985; 2822; 35.53; 1002.783828125; 22.9169921875
2026-07-06; 19:56:01; 2985; 2822; 35.49; 1002.7645703125; 22.97265625
2026-07-06; 19:57:01; 2963; 2768; 35.51; 1002.7878515625; 22.927734375
2026-07-06; 19:58:01; 2963; 2768; 35.48; 1002.7489453125; 22.97265625
2026-07-06; 19:59:01; 2963; 2768; 35.5; 1002.7725; 22.9150390625
2026-07-06; 20:00:01; 2949; 2733; 35.49; 1002.7645703125; 22.9150390625
2026-07-06; 20:01:01; 2949; 2733; 35.48; 1002.66625; 22.94921875
2026-07-06; 20:02:01; 2949; 2733; 35.47; 1002.6781640625; 22.94921875
2026-07-06; 20:03:01; 2927; 2685; 35.48; 1002.7412890625; 22.9599609375
2026-07-06; 20:04:01; 2927; 2685; 35.49; 1002.7017578125; 22.869140625
2026-07-06; 20:05:01; 2909; 2649; 35.45; 1002.6466796875; 22.9248046875
2026-07-06; 20:06:01; 2880; 2607; 35.47; 1002.6980859375; 22.9140625
2026-07-06; 20:07:01; 2880; 2607; 35.44; 1002.6509765625; 22.912109375
2026-07-06; 20:08:01; 2859; 2564; 35.38; 1002.7027734375; 23.013671875
2026-07-06; 20:09:01; 2845; 2535; 35.38; 1002.6951171875; 22.990234375
2026-07-06; 20:10:01; 2826; 2484; 35.35; 1002.6559375; 23.01171875
2026-07-06; 20:11:01; 2826; 2484; 35.31; 1002.73125; 23.021484375
2026-07-06; 20:12:01; 2810; 2452; 35.29; 1002.727578125; 23.078125
2026-07-06; 20:13:01; 2810; 2452; 35.28; 1002.684375; 23.0771484375
2026-07-06; 20:14:01; 2810; 2452; 35.27; 1002.704296875; 23.0888671875
2026-07-06; 20:15:01; 2810; 2452; 35.29; 1002.6724609375; 23.08984375
2026-07-06; 20:16:01; 2810; 2452; 35.29; 1002.7000390625; 23.06640625
2026-07-06; 20:17:01; 2791; 2410; 35.25; 1002.6375390625; 23.1103515625
2026-07-06; 20:18:01; 2773; 2371; 35.23; 1002.614296875; 23.0869140625
2026-07-06; 20:19:01; 2773; 2371; 35.24; 1002.6574609375; 23.064453125
2026-07-06; 20:20:01; 2737; 2297; 35.23; 1002.669375; 23.0751953125
2026-07-06; 20:21:01; 2737; 2297; 35.17; 1002.611171875; 23.1533203125
2026-07-06; 20:22:01; 2720; 2263; 35.17; 1002.611171875; 23.1181640625
2026-07-06; 20:23:02; 2720; 2263; 35.17; 1002.5756640625; 23.1298828125
2026-07-06; 20:24:02; 2720; 2263; 35.15; 1002.6350390625; 23.1630859375
2026-07-06; 20:25:02; 2720; 2263; 35.18; 1002.5992578125; 23.130859375
2026-07-06; 20:26:02; 2720; 2263; 35.16; 1002.5955859375; 23.1416015625
2026-07-06; 20:27:02; 2709; 2235; 35.15; 1002.5248828125; 23.12890625
2026-07-06; 20:28:02; 2720; 2263; 35.12; 1002.588203125; 23.162109375
2026-07-06; 20:29:02; 2709; 2235; 35.12; 1002.588203125; 23.197265625
2026-07-06; 20:30:02; 2720; 2263; 35.12; 1002.662890625; 23.1962890625
2026-07-06; 20:31:02; 2709; 2235; 35.13; 1002.57625; 23.208984375
2026-07-06; 20:32:02; 2709; 2235; 35.12; 1002.6077734375; 23.1962890625
2026-07-06; 20:33:02; 2709; 2235; 35.12; 1002.588203125; 23.2197265625
2026-07-06; 20:34:02; 2709; 2235; 35.11; 1002.5175; 23.2080078125
2026-07-06; 20:35:02; 2694; 2192; 35.09; 1002.5413671875; 23.2412109375
2026-07-06; 20:36:02; 2694; 2192; 35.09; 1002.513828125; 23.2177734375
2026-07-06; 20:37:02; 2720; 2263; 35.09; 1002.48625; 23.2412109375
2026-07-06; 20:38:02; 2709; 2235; 35.1; 1002.58453125; 23.20703125
2026-07-06; 20:39:02; 2694; 2192; 35.09; 1002.56890625; 23.18359375
2026-07-06; 20:40:02; 2694; 2192; 35.08; 1002.5808203125; 23.2177734375
2026-07-06; 20:41:02; 2679; 2154; 35.1; 1002.521484375; 23.20703125
2026-07-06; 20:42:02; 2679; 2154; 35.08; 1002.5453125; 23.2294921875
2026-07-06; 20:43:02; 2679; 2154; 35.05; 1002.4865234375; 23.2626953125
2026-07-06; 20:44:02; 2679; 2154; 35.06; 1002.52203125; 23.2509765625
2026-07-06; 20:45:02; 2694; 2192; 35.06; 1002.5021484375; 23.2509765625
2026-07-06; 20:46:02; 2679; 2154; 35.07; 1002.592734375; 23.251953125
2026-07-06; 20:47:02; 2694; 2192; 35.09; 1002.5333984375; 23.251953125
2026-07-06; 20:48:02; 2694; 2192; 35.06; 1002.5572265625; 23.2509765625
2026-07-06; 20:49:02; 2694; 2192; 35.05; 1002.533984375; 23.28515625
2026-07-06; 20:50:02; 2694; 2192; 35.04; 1002.4984765625; 23.30859375
2026-07-06; 20:51:02; 2694; 2192; 35.04; 1002.5535546875; 23.3310546875
2026-07-06; 20:52:03; 2694; 2192; 35.02; 1002.5973046875; 23.306640625
2026-07-06; 20:53:03; 2679; 2154; 35.02; 1002.5146484375; 23.341796875
2026-07-06; 20:54:03; 2679; 2154; 35.03; 1002.5302734375; 23.353515625
2026-07-06; 20:55:03; 2679; 2154; 35.04; 1002.5458984375; 23.3193359375
2026-07-06; 20:56:03; 2694; 2192; 35.06; 1002.4944921875; 23.3203125
2026-07-06; 20:57:03; 2720; 2263; 35.02; 1002.4871484375; 23.3642578125
2026-07-06; 20:58:03; 2709; 2235; 35.0; 1002.5186328125; 23.3642578125
2026-07-06; 20:59:03; 2709; 2235; 35.02; 1002.5146484375; 23.3876953125
2026-07-06; 21:00:03; 2694; 2192; 35.0; 1002.5186328125; 23.38671875
2026-07-06; 21:01:03; 2679; 2154; 35.02; 1002.54984375; 23.365234375
2026-07-06; 21:02:03; 2679; 2154; 35.01; 1002.561796875; 23.3642578125
2026-07-06; 21:03:03; 2679; 2154; 35.02; 1002.5973046875; 23.3642578125
2026-07-06; 21:04:03; 2664; 2127; 35.0; 1002.59359375; 23.38671875
2026-07-06; 21:05:03; 2679; 2154; 35.0; 1002.60125; 23.3984375
2026-07-06; 21:06:03; 2664; 2127; 35.0; 1002.5737109375; 23.41015625
2026-07-06; 21:07:03; 2664; 2127; 34.99; 1002.5504296875; 23.4208984375
2026-07-06; 21:08:03; 2643; 2088; 35.0; 1002.5660546875; 23.4208984375
2026-07-06; 21:09:03; 2643; 2088; 34.95; 1002.5703125; 23.4990234375
2026-07-06; 21:10:03; 2614; 2024; 34.95; 1002.5427734375; 23.533203125
2026-07-06; 21:11:03; 2614; 2024; 34.98; 1002.56234375; 23.5009765625
2026-07-06; 21:12:03; 2614; 2024; 34.97; 1002.5822265625; 23.5234375
2026-07-06; 21:13:03; 2614; 2024; 34.99; 1002.5504296875; 23.5126953125
2026-07-06; 21:14:03; 2626; 2051; 34.96; 1002.5858984375; 23.5576171875
2026-07-06; 21:15:03; 2626; 2051; 34.97; 1002.629375; 23.546875
2026-07-06; 21:16:03; 2626; 2051; 34.95; 1002.6608984375; 23.580078125
2026-07-06; 21:17:03; 2614; 2024; 34.95; 1002.5427734375; 23.580078125
2026-07-06; 21:18:03; 2596; 1991; 34.92; 1002.5864453125; 23.61328125
2026-07-06; 21:19:03; 2596; 1991; 34.89; 1002.5671484375; 23.658203125
2026-07-06; 21:20:03; 2596; 1991; 34.9; 1002.6102734375; 23.646484375
2026-07-06; 21:21:03; 2584; 1961; 34.92; 1002.613984375; 23.6591796875
2026-07-06; 21:22:04; 2584; 1961; 34.9; 1002.61796875; 23.658203125
2026-07-06; 21:23:04; 2568; 1919; 34.86; 1002.6304296875; 23.7255859375
2026-07-06; 21:24:04; 2568; 1919; 34.9; 1002.555234375; 23.7041015625
2026-07-06; 21:25:04; 2584; 1961; 34.88; 1002.6066015625; 23.73828125
2026-07-06; 21:26:04; 2568; 1919; 34.88; 1002.6693359375; 23.76171875
2026-07-06; 21:27:04; 2568; 1919; 34.88; 1002.5591796875; 23.75
2026-07-06; 21:28:04; 2568; 1919; 34.9; 1002.6378515625; 23.7392578125
2026-07-06; 21:29:04; 2553; 1892; 34.91; 1002.688671875; 23.728515625
2026-07-06; 21:30:04; 2553; 1892; 34.85; 1002.65; 23.7939453125
2026-07-06; 21:31:04; 2553; 1892; 34.86; 1002.6105859375; 23.830078125
2026-07-06; 21:32:04; 2553; 1892; 34.83; 1002.61109375; 23.828125
2026-07-06; 21:33:04; 2537; 1856; 34.82; 1002.6857421875; 23.8623046875
2026-07-06; 21:34:04; 2553; 1892; 34.79; 1002.6312109375; 23.90625
2026-07-06; 21:35:04; 2537; 1856; 34.79; 1002.65875; 23.90625
2026-07-06; 21:36:04; 2553; 1892; 34.82; 1002.623046875; 23.884765625
2026-07-06; 21:37:04; 2553; 1892; 34.81; 1002.6624609375; 23.9189453125
2026-07-06; 21:38:04; 2537; 1856; 34.81; 1002.69; 23.94140625
2026-07-06; 21:39:04; 2553; 1892; 34.75; 1002.6865234375; 23.9853515625
2026-07-06; 21:40:04; 2553; 1892; 34.82; 1002.6780859375; 23.9541015625
2026-07-06; 21:41:04; 2568; 1919; 34.81; 1002.6701171875; 23.9306640625
2026-07-06; 21:42:04; 2568; 1919; 34.79; 1002.6862890625; 23.998046875
2026-07-06; 21:43:04; 2568; 1919; 34.77; 1002.6981640625; 24.021484375
2026-07-06; 21:44:04; 2568; 1919; 34.74; 1002.7259375; 24.0654296875
2026-07-06; 21:45:04; 2568; 1919; 34.69; 1002.730703125; 24.1318359375
2026-07-06; 21:46:04; 2568; 1919; 34.72; 1002.70265625; 24.087890625
2026-07-06; 21:47:04; 2568; 1919; 34.74; 1002.6788671875; 24.099609375
2026-07-06; 21:48:04; 2553; 1892; 34.71; 1002.68703125; 24.1328125
2026-07-06; 21:49:04; 2553; 1892; 34.71; 1002.68703125; 24.1796875
2026-07-06; 21:50:04; 2553; 1892; 34.75; 1002.7140625; 24.146484375
2026-07-06; 21:51:04; 2553; 1892; 34.78; 1002.7609375; 24.1025390625
2026-07-06; 21:52:04; 2537; 1856; 34.83; 1002.756484375; 24.05859375
2026-07-06; 21:53:04; 2553; 1892; 34.83; 1002.83140625; 24.046875
2026-07-06; 21:54:04; 2553; 1892; 34.79; 1002.8040625; 24.1025390625
2026-07-06; 21:55:05; 2553; 1892; 34.84; 1002.84703125; 24.05859375
2026-07-06; 21:56:05; 2553; 1892; 34.77; 1002.8083203125; 24.11328125
2026-07-06; 21:57:05; 2537; 1856; 34.86; 1002.823203125; 24.0947265625
2026-07-06; 21:58:05; 2553; 1892; 34.87; 1002.8740234375; 24.060546875
2026-07-06; 21:59:05; 2553; 1892; 34.9; 1002.8581640625; 24.015625
2026-07-06; 22:00:05; 2537; 1856; 34.89; 1002.8976171875; 24.0390625
2026-07-06; 22:01:05; 2537; 1856; 34.9; 1002.885703125; 24.00390625
2026-07-06; 22:02:05; 2537; 1856; 34.85; 1002.8427734375; 24.09375
2026-07-06; 22:03:05; 2537; 1856; 34.91; 1002.881484375; 24.0283203125
2026-07-06; 22:04:05; 2525; 1835; 34.84; 1002.8271484375; 24.1396484375
2026-07-06; 22:05:05; 2525; 1835; 34.82; 1002.878515625; 24.173828125
2026-07-06; 22:06:05; 2525; 1835; 34.84; 1002.9020703125; 24.1513671875
2026-07-06; 22:07:05; 2511; 1799; 34.86; 1002.8859375; 24.1298828125
2026-07-06; 22:08:05; 2511; 1799; 34.86; 1002.9058203125; 24.1865234375
2026-07-06; 22:09:05; 2511; 1799; 34.85; 1002.8901953125; 24.1865234375
2026-07-06; 22:10:05; 2497; 1774; 34.81; 1002.973046875; 24.2529296875
2026-07-06; 22:11:05; 2497; 1774; 34.82; 1002.906015625; 24.2080078125
2026-07-06; 22:12:05; 2497; 1774; 34.77; 1002.9655859375; 24.2861328125
2026-07-06; 22:13:05; 2483; 1743; 34.8; 1002.977265625; 24.287109375
2026-07-06; 22:14:05; 2471; 1713; 34.78; 1002.9261328125; 24.3095703125
2026-07-06; 22:15:05; 2471; 1713; 34.69; 1002.93109375; 24.328125
2026-07-06; 22:16:05; 2471; 1713; 34.71; 1002.9546875; 24.41015625
2026-07-06; 22:17:05; 2457; 1688; 34.73; 1002.9385546875; 24.4228515625
2026-07-06; 22:18:05; 2457; 1688; 34.74; 1002.9187109375; 24.353515625
2026-07-06; 22:19:05; 2457; 1688; 34.66; 1002.959140625; 24.44140625
2026-07-06; 22:20:05; 2440; 1648; 34.65; 1002.971015625; 24.509765625
2026-07-06; 22:21:05; 2440; 1648; 34.69; 1003.013671875; 24.4658203125
2026-07-06; 22:22:05; 2440; 1648; 34.67; 1002.8921484375; 24.48828125
2026-07-06; 22:23:05; 2440; 1648; 34.7; 1002.9941015625; 24.4892578125
2026-07-06; 22:24:05; 2425; 1623; 34.69; 1002.93109375; 24.51171875
2026-07-06; 22:25:05; 2425; 1623; 34.63; 1002.974921875; 24.5205078125
2026-07-06; 22:26:05; 2425; 1623; 34.64; 1002.955390625; 24.5322265625
2026-07-06; 22:27:05; 2425; 1623; 34.62; 1002.9122265625; 24.578125
2026-07-06; 22:28:05; 2425; 1623; 34.53; 1002.9917578125; 24.6875
2026-07-06; 22:29:05; 2425; 1623; 34.56; 1002.9560546875; 24.701171875
2026-07-06; 22:30:05; 2425; 1623; 34.54; 1002.9523046875; 24.7236328125
2026-07-06; 22:31:05; 2411; 1593; 34.57; 1002.9991796875; 24.6904296875
2026-07-06; 22:32:05; 2399; 1567; 34.59; 1002.920390625; 24.6337890625
2026-07-06; 22:33:05; 2399; 1567; 34.61; 1002.9161328125; 24.6123046875
2026-07-06; 22:34:05; 2399; 1567; 34.58; 1002.9598046875; 24.65625
2026-07-06; 22:35:05; 2399; 1567; 34.5; 1002.9998828125; 24.7666015625
2026-07-06; 22:36:05; 2386; 1537; 34.59; 1003.0029296875; 24.6455078125
2026-07-06; 22:37:06; 2386; 1537; 34.56; 1002.9560546875; 24.712890625
2026-07-06; 22:38:06; 2386; 1537; 34.53; 1002.96421875; 24.72265625
2026-07-06; 22:39:06; 2386; 1537; 34.6; 1003.0656640625; 24.6572265625
2026-07-06; 22:40:06; 2386; 1537; 34.59; 1003.03046875; 24.69140625
2026-07-06; 22:41:06; 2386; 1537; 34.59; 1002.995; 24.69140625
2026-07-06; 22:42:06; 2374; 1510; 34.56; 1003.0031640625; 24.7587890625
2026-07-06; 22:43:06; 2386; 1537; 34.64; 1003.03796875; 24.6474609375
2026-07-06; 22:44:06; 2386; 1537; 34.58; 1003.0423828125; 24.7138671875
2026-07-06; 22:45:06; 2374; 1510; 34.63; 1003.03; 24.681640625
2026-07-06; 22:46:06; 2374; 1510; 34.59; 1003.03046875; 24.6796875
2026-07-06; 22:47:06; 2374; 1510; 34.63; 1003.03; 24.6708984375
2026-07-06; 22:48:06; 2374; 1510; 34.63; 1003.0575390625; 24.681640625
2026-07-06; 22:49:06; 2374; 1510; 34.64; 1003.0731640625; 24.6943359375
2026-07-06; 22:50:06; 2374; 1510; 34.66; 1003.131953125; 24.6494140625
2026-07-06; 22:51:06; 2374; 1510; 34.62; 1003.15203125; 24.7158203125
2026-07-06; 22:52:06; 2374; 1510; 34.65; 1003.136171875; 24.6591796875
2026-07-06; 22:53:06; 2361; 1481; 34.6; 1003.128671875; 24.7265625
2026-07-06; 22:54:06; 2361; 1481; 34.63; 1003.16765625; 24.716796875
2026-07-06; 22:55:06; 2361; 1481; 34.62; 1003.1244921875; 24.7158203125
2026-07-06; 22:56:06; 2361; 1481; 34.61; 1003.1363671875; 24.7275390625
2026-07-06; 22:57:06; 2374; 1510; 34.64; 1003.1282421875; 24.705078125
2026-07-06; 22:58:06; 2374; 1510; 34.62; 1003.104921875; 24.7392578125
2026-07-06; 22:59:06; 2361; 1481; 34.6; 1003.128671875; 24.7265625
2026-07-06; 23:00:06; 2361; 1481; 34.6; 1003.1012109375; 24.7607421875
2026-07-06; 23:01:06; 2374; 1510; 34.66; 1003.1594921875; 24.71875
2026-07-06; 23:02:06; 2361; 1481; 34.61; 1003.1088671875; 24.7734375
2026-07-06; 23:03:06; 2361; 1481; 34.65; 1003.1438671875; 24.7060546875
2026-07-06; 23:04:06; 2374; 1510; 34.65; 1003.1086328125; 24.740234375
2026-07-06; 23:05:06; 2361; 1481; 34.58; 1003.1524609375; 24.8291015625
2026-07-06; 23:06:06; 2374; 1510; 34.62; 1003.132421875; 24.76171875
2026-07-06; 23:07:06; 2374; 1510; 34.6; 1003.238828125; 24.818359375
2026-07-06; 23:08:06; 2374; 1510; 34.58; 1003.1524609375; 24.8291015625
2026-07-06; 23:09:06; 2374; 1510; 34.55; 1003.18015625; 24.884765625
2026-07-06; 23:10:06; 2374; 1510; 34.56; 1003.0937109375; 24.828125
2026-07-06; 23:11:06; 2386; 1537; 34.61; 1003.089296875; 24.8193359375
2026-07-06; 23:12:06; 2386; 1537; 34.57; 1003.081796875; 24.8515625
2026-07-06; 23:13:06; 2386; 1537; 34.58; 1003.0423828125; 24.8642578125
2026-07-06; 23:14:06; 2386; 1537; 34.54; 1003.062421875; 24.908203125
2026-07-06; 23:15:06; 2386; 1537; 34.56; 1003.0937109375; 24.8857421875
2026-07-06; 23:16:06; 2386; 1537; 34.54; 1003.081953125; 24.9306640625
2026-07-06; 23:17:06; 2399; 1567; 34.56; 1003.0031640625; 24.8740234375
2026-07-06; 23:18:06; 2399; 1567; 34.53; 1003.0467578125; 24.91796875
2026-07-06; 23:19:06; 2399; 1567; 34.58; 1003.0423828125; 24.875
2026-07-06; 23:20:07; 2411; 1593; 34.62; 1003.02234375; 24.8193359375
2026-07-06; 23:21:07; 2411; 1593; 34.64; 1003.093046875; 24.8203125
2026-07-06; 23:22:07; 2411; 1593; 34.55; 1003.078046875; 24.9189453125
2026-07-06; 23:23:07; 2411; 1593; 34.55; 1003.0505078125; 24.896484375
2026-07-06; 23:24:07; 2425; 1623; 34.48; 1002.9961328125; 25.0078125
2026-07-06; 23:25:07; 2425; 1623; 34.58; 1003.0423828125; 24.91015625
2026-07-06; 23:26:07; 2425; 1623; 34.53; 1003.0467578125; 24.953125
2026-07-06; 23:27:07; 2425; 1623; 34.57; 1003.02671875; 24.8974609375
2026-07-06; 23:28:07; 2411; 1593; 34.55; 1003.078046875; 24.908203125
2026-07-06; 23:29:07; 2411; 1593; 34.52; 1003.0506640625; 24.9873046875
2026-07-07; 01:55:38; 406; 0; 33.42; 1002.857734375; 25.9150390625
2026-07-07; 01:56:38; 406; 0; 33.38; 1002.8500390625; 26.0166015625
2026-07-07; 01:57:38; 406; 0; 33.57; 1002.8295703125; 25.728515625
2026-07-07; 01:58:38; 406; 0; 33.61; 1002.8291796875; 25.6845703125
2026-07-07; 01:59:38; 413; 1; 33.55; 1002.8257421875; 25.7392578125
2026-07-07; 02:00:38; 406; 0; 33.5; 1002.75515625; 25.736328125
2026-07-07; 02:01:38; 413; 1; 33.58; 1002.7429296875; 25.6484375
2026-07-07; 02:02:38; 413; 1; 33.63; 1002.758515625; 25.60546875
2026-07-07; 02:03:38; 413; 1; 33.63; 1002.7505859375; 25.58203125
2026-07-07; 02:04:39; 413; 1; 33.64; 1002.71125; 25.5478515625
2026-07-07; 02:05:39; 413; 1; 33.7; 1002.7578515625; 25.494140625
2026-07-07; 02:06:39; 413; 1; 33.57; 1002.727265625; 25.63671875
2026-07-07; 02:07:39; 406; 0; 33.59; 1002.7036328125; 25.591796875
2026-07-07; 02:08:39; 413; 1; 33.53; 1002.65703125; 25.646484375
2026-07-07; 02:09:39; 413; 1; 33.56; 1002.711640625; 25.6015625
2026-07-07; 02:10:39; 415; 2; 33.63; 1002.778046875; 25.501953125
2026-07-07; 02:11:39; 406; 0; 33.66; 1002.687578125; 25.5146484375
2026-07-07; 02:12:39; 411; 1; 33.57; 1002.7470703125; 25.5908203125
2026-07-07; 02:13:39; 411; 1; 33.58; 1002.6802734375; 25.5224609375
2026-07-07; 02:14:39; 405; 0; 33.7; 1002.7028515625; 25.3681640625
2026-07-07; 02:15:39; 414; 2; 33.62; 1002.6604296875; 25.4677734375
2026-07-07; 02:16:39; 411; 1; 33.61; 1002.664296875; 25.5009765625
2026-07-07; 02:17:39; 411; 1; 33.63; 1002.6955859375; 25.4560546875
2026-07-07; 02:18:39; 405; 0; 33.62; 1002.6799609375; 25.466796875
2026-07-07; 02:19:39; 414; 2; 33.62; 1002.715390625; 25.4443359375
2026-07-07; 02:20:39; 414; 2; 33.61; 1002.664296875; 25.4892578125
2026-07-07; 02:21:39; 414; 2; 33.56; 1002.6566796875; 25.4521484375
2026-07-07; 02:22:39; 411; 1; 33.58; 1002.7429296875; 25.4873046875
2026-07-07; 02:23:39; 409; 1; 33.64; 1002.6287890625; 25.4453125
2026-07-07; 02:24:39; 400; 0; 33.63; 1002.6680859375; 25.4560546875
2026-07-07; 02:25:39; 409; 1; 33.63; 1002.62109375; 25.38671875
2026-07-07; 02:26:39; 409; 1; 33.62; 1002.6249609375; 25.4091796875
2026-07-07; 02:27:39; 409; 1; 33.65; 1002.644453125; 25.3876953125
2026-07-07; 02:28:39; 402; 0; 33.56; 1002.60171875; 25.4404296875
2026-07-07; 02:29:39; 409; 1; 33.69; 1002.6322265625; 25.3212890625
2026-07-07; 02:30:39; 402; 0; 33.59; 1002.586015625; 25.4306640625
2026-07-07; 02:31:39; 409; 1; 33.69; 1002.522265625; 25.298828125
2026-07-07; 02:32:39; 409; 1; 33.59; 1002.48375; 25.408203125
2026-07-07; 02:33:39; 400; 0; 33.65; 1002.5146484375; 25.2958984375
2026-07-07; 02:34:39; 400; 0; 33.66; 1002.5303125; 25.3203125
2026-07-07; 02:35:39; 400; 0; 33.65; 1002.5146484375; 25.330078125
2026-07-07; 02:36:39; 403; 0; 33.68; 1002.4989453125; 25.2744140625
2026-07-07; 02:37:39; 403; 0; 33.65; 1002.4871875; 25.330078125
2026-07-07; 02:38:39; 403; 0; 33.71; 1002.5183984375; 25.23046875
2026-07-07; 02:39:39; 403; 0; 33.74; 1002.4278515625; 25.208984375
2026-07-07; 02:40:39; 400; 0; 33.68; 1002.471484375; 25.240234375
2026-07-07; 02:41:39; 400; 0; 33.66; 1002.46765625; 25.28515625
2026-07-07; 02:42:39; 400; 0; 33.57; 1002.3974609375; 25.4072265625
2026-07-07; 02:43:39; 405; 0; 33.55; 1002.421171875; 25.359375
2026-07-07; 02:44:39; 408; 1; 33.62; 1002.5425390625; 25.3515625
2026-07-07; 02:45:39; 400; 0; 33.57; 1002.472265625; 25.3720703125
2026-07-07; 02:46:39; 400; 0; 33.57; 1002.3974609375; 25.349609375
2026-07-07; 02:47:40; 400; 0; 33.64; 1002.444375; 25.26171875
2026-07-07; 02:48:40; 403; 0; 33.39; 1002.418125; 25.5458984375
2026-07-07; 02:49:40; 403; 0; 33.56; 1002.4093359375; 25.3486328125
2026-07-07; 02:50:40; 400; 0; 33.64; 1002.389375; 25.25
2026-07-07; 02:51:40; 400; 0; 33.65; 1002.3970703125; 25.25
2026-07-07; 02:52:40; 403; 0; 33.66; 1002.392890625; 25.193359375
2026-07-07; 02:53:40; 409; 1; 33.65; 1002.4597265625; 25.2265625
2026-07-07; 02:54:40; 409; 1; 33.59; 1002.2363671875; 25.2705078125
2026-07-07; 02:55:40; 409; 1; 33.54; 1002.2955859375; 25.3134765625
2026-07-07; 02:56:40; 409; 1; 33.66; 1002.3379296875; 25.1708984375
2026-07-07; 02:57:40; 403; 0; 33.56; 1002.2367578125; 25.302734375
2026-07-07; 02:58:40; 409; 1; 33.59; 1002.283671875; 25.2587890625
2026-07-07; 02:59:40; 409; 1; 33.62; 1002.303125; 25.2373046875
2026-07-07; 03:00:40; 409; 1; 33.59; 1002.2562109375; 25.2587890625
2026-07-07; 03:01:40; 403; 0; 33.59; 1002.311171875; 25.2470703125
2026-07-07; 03:02:40; 403; 0; 33.43; 1002.2963671875; 25.45703125
2026-07-07; 03:03:40; 400; 0; 33.57; 1002.3150390625; 25.28125
2026-07-07; 03:04:40; 403; 0; 33.57; 1002.3073828125; 25.2685546875
2026-07-07; 03:05:40; 400; 0; 33.46; 1002.3353125; 25.4013671875
2026-07-07; 03:06:40; 403; 0; 33.39; 1002.23375; 25.4658203125
2026-07-07; 03:07:40; 400; 0; 33.52; 1002.3116015625; 25.3232421875
2026-07-07; 03:08:40; 409; 1; 33.44; 1002.3315234375; 25.3759765625
2026-07-07; 03:09:40; 403; 0; 33.6; 1002.299296875; 25.212890625
2026-07-07; 03:10:40; 403; 0; 33.59; 1002.2012109375; 25.2353515625
2026-07-07; 03:11:40; 403; 0; 33.57; 1002.224921875; 25.22265625
2026-07-07; 03:12:40; 400; 0; 33.53; 1002.2799609375; 25.2666015625
2026-07-07; 03:13:40; 400; 0; 33.63; 1002.200859375; 25.1337890625
2026-07-07; 03:14:40; 403; 0; 33.47; 1002.1311328125; 25.3203125
2026-07-07; 03:15:40; 400; 0; 33.59; 1002.20890625; 25.189453125
2026-07-07; 03:16:40; 403; 0; 33.54; 1002.268125; 25.255859375
2026-07-07; 03:17:40; 403; 0; 33.47; 1002.2333984375; 25.3203125
2026-07-07; 03:18:40; 403; 0; 33.27; 1002.2105859375; 25.5625
2026-07-07; 03:19:40; 403; 0; 33.41; 1002.092265625; 25.3974609375
2026-07-07; 03:20:40; 400; 0; 33.57; 1002.0875; 25.2109375
2026-07-07; 03:21:40; 400; 0; 33.46; 1002.1078125; 25.3310546875
2026-07-07; 03:22:40; 402; 0; 33.39; 1002.0884375; 25.408203125
2026-07-07; 03:23:40; 406; 0; 33.39; 1002.1513671875; 25.3857421875
2026-07-07; 03:24:40; 406; 0; 33.56; 1002.071875; 25.22265625
2026-07-07; 03:25:40; 406; 0; 33.42; 1002.0334375; 25.3525390625
2026-07-07; 03:26:40; 402; 0; 33.47; 1002.076171875; 25.2978515625
2026-07-07; 03:27:40; 402; 0; 33.38; 1002.108203125; 25.408203125
2026-07-07; 03:28:40; 402; 0; 33.42; 1002.0059375; 25.318359375
2026-07-07; 03:29:41; 402; 0; 33.55; 1001.981484375; 25.17578125
2026-07-07; 03:30:41; 402; 0; 33.51; 1002.11125; 25.2431640625
2026-07-07; 03:31:41; 402; 0; 33.41; 1002.1001953125; 25.294921875
2026-07-07; 03:32:41; 402; 0; 33.62; 1002.08328125; 25.111328125
2026-07-07; 03:33:41; 402; 0; 33.51; 1002.0486328125; 25.2080078125
2026-07-07; 03:34:41; 402; 0; 33.48; 1002.1391015625; 25.240234375
2026-07-07; 03:35:41; 402; 0; 33.42; 1002.0883984375; 25.318359375
2026-07-07; 03:36:41; 406; 0; 33.53; 1002.079921875; 25.1630859375
2026-07-07; 03:37:41; 402; 0; 33.42; 1002.115859375; 25.283203125
2026-07-07; 03:38:41; 400; 0; 33.49; 1002.0723046875; 25.2177734375
2026-07-07; 03:39:41; 400; 0; 33.49; 1002.08; 25.1953125
2026-07-07; 03:40:41; 403; 0; 33.49; 1002.08; 25.2177734375
2026-07-07; 03:41:41; 403; 0; 33.3; 1002.0182421875; 25.4033203125
2026-07-07; 03:42:41; 400; 0; 33.42; 1002.052890625; 25.294921875
2026-07-07; 03:43:41; 400; 0; 33.43; 1002.0216015625; 25.2158203125
2026-07-07; 03:44:41; 400; 0; 33.41; 1001.9903125; 25.294921875
2026-07-07; 03:45:41; 400; 0; 33.29; 1002.0575390625; 25.42578125
2026-07-07; 03:46:41; 403; 0; 33.43; 1002.0216015625; 25.25
2026-07-07; 03:47:41; 400; 0; 33.35; 1002.033515625; 25.326171875
2026-07-07; 03:48:41; 400; 0; 33.41; 1002.0098046875; 25.2939453125
2026-07-07; 03:49:41; 400; 0; 33.4; 1002.0021484375; 25.2822265625
2026-07-07; 03:50:41; 400; 0; 33.35; 1001.9785546875; 25.314453125
2026-07-07; 03:51:41; 402; 0; 33.44; 1001.982265625; 25.1806640625
2026-07-07; 03:52:41; 402; 0; 33.37; 1001.9198046875; 25.2578125
2026-07-07; 03:53:41; 407; 1; 33.39; 1001.89609375; 25.2822265625
2026-07-07; 03:54:41; 402; 0; 33.31; 1001.916015625; 25.3232421875
2026-07-07; 03:55:41; 402; 0; 33.47; 1001.9387890625; 25.1826171875
2026-07-07; 03:56:41; 402; 0; 33.26; 1001.8652734375; 25.3896484375
2026-07-07; 03:57:41; 402; 0; 33.48; 1001.8994921875; 25.1494140625
2026-07-07; 03:58:41; 402; 0; 33.38; 1001.778515625; 25.212890625
2026-07-07; 03:59:41; 402; 0; 33.39; 1001.849140625; 25.2587890625
2026-07-07; 04:00:41; 405; 0; 33.48; 1001.9192578125; 25.1025390625
2026-07-07; 04:01:41; 400; 0; 33.41; 1001.9353515625; 25.21484375
2026-07-07; 04:02:41; 400; 0; 33.29; 1001.9671484375; 25.3798828125
2026-07-07; 04:03:41; 405; 0; 33.29; 1001.865234375; 25.3115234375
2026-07-07; 04:04:41; 405; 0; 33.41; 1001.872421875; 25.2021484375
2026-07-07; 04:05:41; 400; 0; 33.3; 1001.9278515625; 25.2998046875
2026-07-07; 04:06:41; 405; 0; 33.33; 1001.9121875; 25.2783203125
2026-07-07; 04:07:41; 405; 0; 33.41; 1001.8529296875; 25.1796875
2026-07-07; 04:08:41; 407; 1; 33.32; 1001.923984375; 25.2666015625
2026-07-07; 04:09:41; 405; 0; 33.48; 1001.8994921875; 25.091796875
2026-07-07; 04:10:41; 405; 0; 33.37; 1001.9274609375; 25.2001953125
2026-07-07; 04:11:41; 403; 0; 33.33; 1001.9121875; 25.244140625
2026-07-07; 04:12:42; 405; 0; 33.44; 1001.9548046875; 25.0771484375
2026-07-07; 04:13:42; 405; 0; 33.42; 1001.9430078125; 25.111328125
2026-07-07; 04:14:42; 400; 0; 33.33; 1001.967109375; 25.232421875
2026-07-07; 04:15:42; 400; 0; 33.43; 1001.9037109375; 25.146484375
2026-07-07; 04:16:42; 403; 0; 33.49; 1001.907421875; 25.0576171875
2026-07-07; 04:17:42; 400; 0; 33.24; 1001.8419921875; 25.28515625
2026-07-07; 04:18:42; 402; 0; 33.37; 1001.947265625; 25.177734375
2026-07-07; 04:19:42; 402; 0; 33.34; 1001.845390625; 25.17578125
2026-07-07; 04:20:42; 407; 1; 33.32; 1001.9789453125; 25.220703125
2026-07-07; 04:21:42; 402; 0; 33.38; 1001.9159375; 25.1552734375
2026-07-07; 04:22:42; 400; 0; 33.38; 1001.8884375; 25.1435546875
2026-07-07; 04:23:42; 410; 1; 33.34; 1001.9003125; 25.1982421875
2026-07-07; 04:24:42; 410; 1; 33.2; 1001.8812890625; 25.33984375
2026-07-07; 04:25:42; 401; 0; 33.24; 1001.91640625; 25.3076171875
2026-07-07; 04:26:42; 401; 0; 33.32; 1001.959140625; 25.1982421875
2026-07-07; 04:27:42; 410; 1; 33.35; 1001.888515625; 25.17578125
2026-07-07; 04:28:42; 405; 0; 33.34; 1001.8805078125; 25.17578125
2026-07-07; 04:29:42; 414; 2; 33.29; 1001.9396484375; 25.20703125
2026-07-07; 04:30:42; 414; 2; 33.2; 1001.90875; 25.3515625
2026-07-07; 04:31:42; 414; 2; 33.32; 1001.9041796875; 25.1513671875
2026-07-07; 04:32:42; 408; 1; 33.26; 1001.892734375; 25.2060546875
2026-07-07; 04:33:42; 414; 2; 33.22; 1001.85765625; 25.318359375
2026-07-07; 04:34:42; 414; 2; 33.29; 1001.8023046875; 25.20703125
2026-07-07; 04:35:42; 408; 1; 33.26; 1001.8652734375; 25.2744140625
2026-07-07; 04:36:42; 408; 1; 33.31; 1001.86109375; 25.150390625
2026-07-07; 04:37:42; 409; 1; 33.27; 1001.8259765625; 25.2177734375
2026-07-07; 04:38:42; 409; 1; 33.41; 1001.872421875; 25.052734375
2026-07-07; 04:39:42; 407; 1; 33.29; 1001.7828125; 25.162109375
2026-07-07; 04:40:42; 407; 1; 33.38; 1001.8609765625; 25.0859375
2026-07-07; 04:41:42; 407; 1; 33.28; 1001.822109375; 25.1494140625
2026-07-07; 04:42:42; 400; 0; 33.23; 1001.826328125; 25.26171875
2026-07-07; 04:43:42; 400; 0; 33.24; 1001.78703125; 25.205078125
2026-07-07; 04:44:42; 405; 0; 33.27; 1001.8259765625; 25.2177734375
2026-07-07; 04:45:42; 400; 0; 33.34; 1001.8255859375; 25.1064453125
2026-07-07; 04:46:42; 400; 0; 33.4; 1001.746875; 25.0517578125
2026-07-07; 04:47:42; 400; 0; 33.14; 1001.88546875; 25.3369140625
2026-07-07; 04:48:42; 400; 0; 33.08; 1001.7919140625; 25.390625
2026-07-07; 04:49:42; 400; 0; 33.23; 1001.7633984375; 25.2275390625
2026-07-07; 04:50:42; 405; 0; 33.33; 1001.8648828125; 25.0947265625
2026-07-07; 04:51:42; 400; 0; 33.3; 1001.81796875; 25.0927734375
2026-07-07; 04:52:42; 400; 0; 33.33; 1001.837421875; 25.1171875
2026-07-07; 04:53:42; 400; 0; 33.22; 1001.783203125; 25.1923828125
2026-07-07; 04:54:42; 400; 0; 33.27; 1001.8339453125; 25.1494140625
2026-07-07; 04:55:43; 405; 0; 33.23; 1001.818359375; 25.181640625
2026-07-07; 04:56:43; 405; 0; 33.26; 1001.8378125; 25.1708984375
2026-07-07; 04:57:43; 400; 0; 33.22; 1001.810703125; 25.2041015625
2026-07-07; 04:58:43; 400; 0; 33.29; 1001.8298046875; 25.103515625
2026-07-07; 04:59:43; 402; 0; 33.24; 1001.78703125; 25.181640625
2026-07-07; 05:00:43; 400; 0; 33.32; 1001.7393359375; 25.0830078125
2026-07-07; 05:01:43; 400; 0; 33.33; 1001.809921875; 25.048828125
2026-07-07; 05:02:43; 407; 1; 33.2; 1001.806875; 25.1796875
2026-07-07; 05:03:43; 407; 1; 33.29; 1001.8023046875; 25.138671875
2026-07-07; 05:04:43; 400; 0; 33.38; 1001.8255078125; 25.0390625
2026-07-07; 05:05:43; 400; 0; 33.24; 1001.8144921875; 25.169921875
2026-07-07; 05:06:43; 405; 0; 33.23; 1001.818359375; 25.181640625
2026-07-07; 05:07:43; 400; 0; 33.15; 1001.7912890625; 25.2802734375
2026-07-07; 05:08:43; 400; 0; 33.28; 1001.7671875; 25.115234375
2026-07-07; 05:09:43; 403; 0; 33.2; 1001.743984375; 25.1904296875
2026-07-07; 05:10:43; 403; 0; 33.32; 1001.821796875; 25.0712890625
2026-07-07; 05:11:43; 400; 0; 33.3; 1001.7905078125; 25.0810546875
2026-07-07; 05:12:43; 403; 0; 33.22; 1001.7203125; 25.1796875
2026-07-07; 05:13:43; 400; 0; 33.19; 1001.7832421875; 25.1787109375
2026-07-07; 05:14:43; 405; 0; 33.14; 1001.775625; 25.2568359375
2026-07-07; 05:15:43; 400; 0; 33.14; 1001.822890625; 25.267578125
2026-07-07; 05:16:43; 405; 0; 33.14; 1001.775625; 25.2333984375
2026-07-07; 05:17:43; 400; 0; 33.1; 1001.7957421875; 25.2890625
2026-07-07; 05:18:43; 405; 0; 33.18; 1001.74015625; 25.2353515625
2026-07-07; 05:19:43; 400; 0; 33.28; 1001.7866796875; 25.115234375
2026-07-07; 05:20:43; 405; 0; 33.32; 1001.7668359375; 25.0595703125
2026-07-07; 05:21:43; 400; 0; 33.2; 1001.79890625; 25.1904296875
2026-07-07; 05:22:43; 403; 0; 33.24; 1001.8340234375; 25.134765625
2026-07-07; 05:23:43; 400; 0; 33.24; 1001.8614453125; 25.1240234375
2026-07-07; 05:24:43; 400; 0; 33.27; 1001.8809375; 25.080078125
2026-07-07; 05:25:43; 402; 0; 33.27; 1001.88890625; 25.080078125
2026-07-07; 05:26:43; 400; 0; 33.18; 1001.8854296875; 25.1904296875
2026-07-07; 05:27:43; 405; 0; 33.25; 1001.8576171875; 25.1015625
2026-07-07; 05:28:43; 400; 0; 33.18; 1001.830546875; 25.1669921875
2026-07-07; 05:29:43; 400; 0; 33.13; 1001.86984375; 25.2333984375
2026-07-07; 05:30:43; 400; 0; 33.13; 1001.86984375; 25.2216796875
2026-07-07; 05:31:43; 403; 0; 33.3; 1001.8808984375; 25.0361328125
2026-07-07; 05:32:43; 400; 0; 33.2; 1001.90875; 25.15625
2026-07-07; 05:33:43; 400; 0; 33.15; 1001.8187109375; 25.2001953125
2026-07-07; 05:34:43; 65535; 65535; 33.19; 1001.8656640625; 25.14453125
2026-07-07; 05:35:43; 403; 0; 33.21; 1001.904921875; 25.111328125
2026-07-07; 05:36:43; 405; 0; 33.26; 1001.87328125; 25.0791015625
2026-07-07; 05:37:43; 405; 0; 33.32; 1001.923984375; 25.025390625
2026-07-07; 05:38:44; 400; 0; 33.19; 1001.8736328125; 25.0986328125
2026-07-07; 05:39:44; 400; 0; 33.27; 1001.88890625; 25.01171875
2026-07-07; 05:40:44; 400; 0; 33.17; 1001.889296875; 25.177734375
2026-07-07; 05:41:44; 400; 0; 33.21; 1001.951875; 25.1220703125
2026-07-07; 05:42:44; 403; 0; 33.27; 1001.935859375; 25.056640625
2026-07-07; 05:43:44; 406; 0; 33.24; 1001.9518359375; 25.078125
2026-07-07; 05:44:44; 406; 0; 33.14; 1001.9129296875; 25.1640625
2026-07-07; 05:45:44; 400; 0; 33.16; 1001.8816015625; 25.166015625
2026-07-07; 05:46:44; 400; 0; 33.25; 1001.9125390625; 25.033203125
2026-07-07; 05:47:44; 400; 0; 33.1; 1001.925078125; 25.23046875
2026-07-07; 05:48:44; 400; 0; 33.22; 1001.8930859375; 25.0888671875
2026-07-07; 05:49:44; 400; 0; 33.26; 1001.9476953125; 25.021484375
2026-07-07; 05:50:44; 400; 0; 33.19; 1001.8656640625; 25.0751953125
2026-07-07; 05:51:44; 400; 0; 33.18; 1001.9049609375; 25.1552734375
2026-07-07; 05:52:44; 400; 0; 33.28; 1001.959453125; 25.01171875
2026-07-07; 05:53:44; 400; 0; 33.19; 1001.9205859375; 25.0986328125
2026-07-07; 05:54:44; 403; 0; 33.11; 1001.9761328125; 25.15234375
2026-07-07; 05:55:44; 400; 0; 33.15; 1002.0109765625; 25.166015625
2026-07-07; 05:56:44; 403; 0; 33.17; 1001.94421875; 25.1201171875
2026-07-07; 05:57:44; 403; 0; 33.2; 1001.94421875; 25.076171875
2026-07-07; 05:58:44; 406; 0; 33.03; 1001.925390625; 25.3193359375
2026-07-07; 05:59:44; 406; 0; 33.12; 1001.9563671875; 25.1982421875
2026-07-07; 06:00:44; 406; 0; 33.17; 1001.97171875; 25.1083984375
2026-07-07; 06:01:44; 406; 0; 33.08; 1001.9487109375; 25.1728515625
2026-07-07; 06:02:44; 400; 0; 33.09; 1001.999765625; 25.1845703125
2026-07-07; 06:03:44; 400; 0; 33.16; 1001.9640234375; 25.119140625
2026-07-07; 06:04:44; 403; 0; 33.14; 1001.940390625; 25.107421875
2026-07-07; 06:05:44; 400; 0; 33.18; 1001.940390625; 25.0986328125
2026-07-07; 06:06:44; 400; 0; 33.05; 1001.9372265625; 25.2060546875
2026-07-07; 06:07:44; 405; 0; 33.14; 1001.967890625; 25.107421875
2026-07-07; 06:08:44; 400; 0; 33.17; 1001.9796484375; 25.0859375
2026-07-07; 06:09:44; 400; 0; 33.15; 1001.983515625; 25.0625
2026-07-07; 06:10:44; 405; 0; 33.15; 1002.03078125; 25.0615234375
2026-07-07; 06:11:44; 405; 0; 33.16; 1001.991484375; 25.0625
2026-07-07; 06:12:44; 400; 0; 33.19; 1002.0109375; 24.9951171875
2026-07-07; 06:13:44; 403; 0; 33.18; 1001.9598828125; 25.0283203125
2026-07-07; 06:14:44; 400; 0; 33.21; 1001.9793359375; 24.97265625
2026-07-07; 06:15:44; 400; 0; 33.18; 1002.0148046875; 25.0634765625
2026-07-07; 06:16:44; 400; 0; 33.09; 1001.999765625; 25.1044921875
2026-07-07; 06:17:44; 400; 0; 33.17; 1001.9796484375; 25.0166015625
2026-07-07; 06:18:44; 403; 0; 33.12; 1002.03875; 25.0947265625
2026-07-07; 06:19:44; 402; 0; 33.2; 1002.0815234375; 25.0068359375
2026-07-07; 06:20:44; 400; 0; 33.17; 1002.1169921875; 25.0283203125
2026-07-07; 06:21:45; 405; 0; 33.14; 1002.077734375; 24.9921875
2026-07-07; 06:22:45; 400; 0; 33.22; 1002.0773828125; 24.904296875
2026-07-07; 06:23:45; 402; 0; 33.2; 1002.1010546875; 24.9375
2026-07-07; 06:24:45; 400; 0; 33.07; 1002.078359375; 25.0693359375
2026-07-07; 06:25:45; 409; 1; 33.24; 1002.0342578125; 24.8828125
2026-07-07; 06:26:45; 406; 0; 33.18; 1002.0148046875; 24.9482421875
2026-07-07; 06:27:45; 400; 0; 33.2; 1002.04609375; 24.9033203125
2026-07-07; 06:28:45; 400; 0; 33.1; 1002.0429296875; 25.05859375
2026-07-07; 06:29:45; 403; 0; 33.18; 1002.0697265625; 24.9365234375
2026-07-07; 06:30:45; 400; 0; 33.11; 1002.00359375; 25.0029296875
2026-07-07; 06:31:45; 400; 0; 33.12; 1002.018984375; 25.013671875
2026-07-07; 06:32:45; 405; 0; 33.13; 1002.062109375; 25.00390625
2026-07-07; 06:33:45; 400; 0; 33.15; 1002.0582421875; 24.9697265625
2026-07-07; 06:34:45; 402; 0; 33.0; 1002.0237109375; 25.16796875
2026-07-07; 06:35:45; 402; 0; 33.07; 1002.0978125; 25.0576171875
2026-07-07; 06:36:45; 407; 1; 33.0; 1002.051171875; 25.19140625
2026-07-07; 06:37:45; 416; 2; 33.07; 1002.1058203125; 25.091796875
2026-07-07; 06:38:45; 427; 4; 32.96; 1002.0709375; 25.2578125
2026-07-07; 06:39:45; 441; 6; 33.06; 1002.1176171875; 25.1142578125
2026-07-07; 06:40:45; 463; 9; 33.02; 1002.055; 25.1923828125
2026-07-07; 06:41:45; 488; 13; 33.07; 1002.0978125; 25.103515625
2026-07-07; 06:42:45; 515; 17; 33.08; 1002.086015625; 25.103515625
2026-07-07; 06:43:45; 543; 21; 33.07; 1002.01546875; 25.1494140625
2026-07-07; 06:44:45; 581; 27; 33.07; 1002.0508984375; 25.1494140625
2026-07-07; 06:45:45; 631; 35; 33.0; 1002.0786328125; 25.2138671875
2026-07-07; 06:46:45; 668; 40; 33.13; 1002.0895703125; 25.095703125
2026-07-07; 06:47:45; 717; 48; 33.05; 1002.101953125; 25.1826171875
2026-07-07; 06:48:45; 785; 58; 33.07; 1002.0233984375; 25.1494140625
2026-07-07; 06:49:45; 834; 66; 33.05; 1002.04703125; 25.16015625
2026-07-07; 06:50:45; 902; 76; 32.96; 1002.10609375; 25.2353515625
2026-07-07; 06:51:45; 959; 85; 33.05; 1002.239296875; 25.16015625
2026-07-07; 06:52:45; 1041; 97; 33.04; 1002.14125; 25.1591796875
2026-07-07; 06:53:45; 1122; 109; 33.08; 1002.1134765625; 25.1494140625
2026-07-07; 06:54:45; 1198; 121; 33.1; 1002.0703515625; 25.05859375
2026-07-07; 06:55:45; 1270; 132; 33.06; 1002.09015625; 25.068359375
2026-07-07; 06:56:45; 1316; 139; 33.07; 1002.078359375; 25.115234375
2026-07-07; 06:57:45; 1420; 155; 33.02; 1002.0824609375; 25.1005859375
2026-07-07; 06:58:45; 1499; 167; 33.04; 1002.086328125; 25.0791015625
2026-07-07; 06:59:45; 1504; 174; 33.05; 1002.1294140625; 25.0908203125
2026-07-07; 07:00:45; 1520; 185; 33.06; 1002.145078125; 25.056640625
2026-07-07; 07:01:45; 1536; 196; 33.02; 1002.1099609375; 25.1005859375
2026-07-07; 07:02:45; 1557; 212; 33.11; 1002.1055078125; 24.9794921875
2026-07-07; 07:03:45; 1562; 216; 32.95; 1002.1101953125; 25.2119140625
2026-07-07; 07:04:46; 1573; 225; 33.05; 1002.211796875; 25.056640625
2026-07-07; 07:05:46; 1583; 231; 33.07; 1002.1252734375; 25.0341796875
2026-07-07; 07:06:46; 1598; 243; 33.08; 1002.1683984375; 25.01171875
2026-07-07; 07:07:46; 1604; 249; 33.02; 1002.07453125; 25.0888671875
2026-07-07; 07:08:46; 1615; 259; 33.06; 1002.1370703125; 24.9990234375
2026-07-07; 07:09:46; 1627; 269; 33.07; 1002.160703125; 25.0
2026-07-07; 07:10:46; 1632; 274; 32.98; 1002.102265625; 25.109375
2026-07-07; 07:11:46; 1632; 274; 32.98; 1002.1373828125; 25.109375
2026-07-07; 07:12:46; 1640; 281; 32.98; 1002.1373828125; 25.0869140625
2026-07-07; 07:13:46; 1644; 285; 32.98; 1002.2120703125; 25.0986328125
2026-07-07; 07:14:46; 1659; 297; 33.04; 1002.160703125; 25.078125
2026-07-07; 07:15:46; 1651; 290; 33.0; 1002.1961328125; 25.0888671875
2026-07-07; 07:16:46; 1659; 297; 33.04; 1002.168671875; 25.0673828125
2026-07-07; 07:17:46; 1659; 297; 33.03; 1002.1176171875; 25.1005859375
2026-07-07; 07:18:46; 1659; 297; 32.94; 1002.074765625; 25.19921875
2026-07-07; 07:19:46; 1659; 297; 33.03; 1002.0706640625; 25.1005859375
2026-07-07; 07:20:46; 1659; 297; 33.05; 1002.093984375; 25.11328125
2026-07-07; 07:21:46; 1659; 297; 33.05; 1002.0665234375; 25.1015625
2026-07-07; 07:22:46; 1659; 297; 33.04; 1002.0313671875; 25.13671875
2026-07-07; 07:23:46; 1659; 297; 33.03; 1002.0626953125; 25.169921875
2026-07-07; 07:24:46; 1659; 297; 32.99; 1002.06296875; 25.1904296875
2026-07-07; 07:25:46; 1659; 297; 33.03; 1002.0077734375; 25.158203125
2026-07-07; 07:26:46; 1651; 290; 33.02; 1002.0824609375; 25.1923828125
2026-07-07; 07:27:46; 1644; 285; 33.03; 1002.0706640625; 25.169921875
2026-07-07; 07:28:46; 1644; 285; 33.03; 1002.0706640625; 25.181640625
2026-07-07; 07:29:46; 1644; 285; 32.99; 1002.06296875; 25.2255859375
2026-07-07; 07:30:46; 1627; 269; 32.96; 1002.0786328125; 25.2578125
2026-07-07; 07:31:46; 1627; 269; 33.03; 1002.098125; 25.2041015625
2026-07-07; 07:32:46; 1632; 274; 32.97; 1002.1140625; 25.29296875
2026-07-07; 07:33:46; 1621; 265; 33.02; 1002.1099609375; 25.2275390625
2026-07-07; 07:34:46; 1615; 259; 32.98; 1002.109921875; 25.2939453125
2026-07-07; 07:35:46; 1621; 265; 33.0; 1002.1335546875; 25.271484375
2026-07-07; 07:36:46; 1610; 254; 32.99; 1002.1453515625; 25.3056640625
2026-07-07; 07:37:46; 1610; 254; 33.05; 1002.1294140625; 25.216796875
2026-07-07; 07:38:46; 1610; 254; 33.04; 1002.1137890625; 25.2392578125
2026-07-07; 07:39:46; 1594; 239; 33.02; 1002.0824609375; 25.25
2026-07-07; 07:40:46; 1594; 239; 33.0; 1002.1884765625; 25.283203125
2026-07-07; 07:41:46; 1579; 228; 33.02; 1002.156875; 25.2958984375
2026-07-07; 07:42:46; 1579; 228; 32.98; 1002.1297265625; 25.2939453125
2026-07-07; 07:43:46; 1579; 228; 32.95; 1002.1101953125; 25.337890625
2026-07-07; 07:44:46; 1573; 225; 32.98; 1002.16484375; 25.2939453125
2026-07-07; 07:45:46; 1567; 220; 32.95; 1002.1651171875; 25.337890625
2026-07-07; 07:46:47; 1562; 216; 32.96; 1002.1884375; 25.2919921875
2026-07-07; 07:47:47; 1551; 207; 32.96; 1002.1609765625; 25.28125
2026-07-07; 07:48:47; 1551; 207; 32.98; 1002.16484375; 25.2822265625
2026-07-07; 07:49:47; 1546; 204; 33.01; 1002.14921875; 25.2265625
2026-07-07; 07:50:47; 1536; 196; 32.97; 1002.12171875; 25.2705078125
2026-07-07; 07:51:47; 1529; 191; 32.93; 1002.133828125; 25.2451171875
2026-07-07; 07:52:47; 1525; 188; 32.95; 1002.1453515625; 25.2578125
2026-07-07; 07:53:47; 1514; 181; 32.93; 1002.141484375; 25.2451171875
2026-07-07; 07:54:47; 1509; 178; 32.93; 1002.07890625; 25.2333984375
2026-07-07; 07:55:47; 1499; 167; 32.92; 1002.200546875; 25.220703125
2026-07-07; 07:56:47; 1482; 164; 32.96; 1002.10609375; 25.166015625
2026-07-07; 07:57:47; 1482; 164; 32.97; 1002.1491796875; 25.1552734375
2026-07-07; 07:58:47; 1436; 157; 32.93; 1002.0865625; 25.107421875
2026-07-07; 07:59:47; 1376; 148; 32.98; 1002.1297265625; 25.0869140625
2026-07-07; 08:00:47; 1316; 139; 32.98; 1002.1297265625; 25.0751953125
2026-07-07; 08:01:47; 1316; 139; 32.98; 1002.109921875; 25.052734375
2026-07-07; 08:02:47; 1288; 135; 33.0; 1002.168671875; 25.0078125
2026-07-07; 08:03:47; 1288; 135; 32.95; 1002.13765625; 25.0283203125
2026-07-07; 08:04:47; 1270; 132; 32.96; 1002.18078125; 24.970703125
2026-07-07; 08:05:47; 1224; 125; 32.95; 1002.13765625; 25.0048828125
2026-07-07; 08:06:47; 1184; 119; 32.95; 1002.13765625; 24.947265625
2026-07-07; 08:07:47; 1171; 117; 32.94; 1002.1571484375; 24.9814453125
2026-07-07; 08:08:47; 1134; 111; 32.95; 1002.1101953125; 24.970703125
2026-07-07; 08:09:47; 1122; 109; 32.96; 1002.1609765625; 24.9248046875
2026-07-07; 08:10:47; 1107; 107; 32.98; 1002.102265625; 24.8798828125
2026-07-07; 08:11:47; 1093; 105; 32.98; 1002.102265625; 24.833984375
2026-07-07; 08:12:47; 1068; 101; 32.97; 1002.0316796875; 24.822265625
2026-07-07; 08:13:47; 1056; 99; 32.98; 1002.04734375; 24.8115234375
2026-07-07; 08:14:47; 1041; 97; 33.0; 1002.0786328125; 24.7783203125
2026-07-07; 08:15:47; 1041; 97; 33.01; 1002.039375; 24.6982421875
2026-07-07; 08:16:47; 1007; 92; 33.04; 1002.058828125; 24.6884765625
2026-07-07; 08:17:47; 981; 88; 33.06; 1002.035234375; 24.6201171875
2026-07-07; 08:18:47; 959; 85; 33.0; 1002.0237109375; 24.6748046875
2026-07-07; 08:19:47; 945; 83; 33.03; 1002.0157421875; 24.6416015625
2026-07-07; 08:20:47; 933; 81; 33.01; 1002.039375; 24.640625
2026-07-07; 08:21:47; 923; 79; 33.01; 1002.0119140625; 24.548828125
2026-07-07; 08:22:47; 902; 76; 33.02; 1002.0824609375; 24.5498046875
2026-07-07; 08:23:47; 902; 76; 33.03; 1002.0157421875; 24.4462890625
2026-07-07; 08:24:47; 877; 72; 33.04; 1001.9684765625; 24.4580078125
2026-07-07; 08:25:47; 877; 72; 33.05; 1002.011640625; 24.4013671875
2026-07-07; 08:26:47; 844; 67; 33.07; 1001.9684765625; 24.3798828125
2026-07-07; 08:27:47; 821; 64; 33.04; 1002.0234375; 24.3203125
2026-07-07; 08:28:47; 813; 62; 33.07; 1002.0508984375; 24.2880859375
2026-07-07; 08:29:48; 804; 61; 33.07; 1002.1058203125; 24.310546875
2026-07-07; 08:30:48; 804; 61; 33.09; 1002.129140625; 24.2197265625
2026-07-07; 08:31:48; 791; 59; 33.11; 1002.1683984375; 24.1982421875
2026-07-07; 08:32:48; 768; 56; 33.1; 1002.0978125; 24.1513671875
2026-07-07; 08:33:48; 754; 53; 33.1; 1002.1527734375; 24.10546875
2026-07-07; 08:34:48; 746; 52; 33.09; 1002.19203125; 24.08203125
2026-07-07; 08:35:48; 737; 51; 33.09; 1002.1370703125; 24.1279296875
2026-07-07; 08:36:48; 737; 51; 33.1; 1002.180234375; 24.0595703125
2026-07-07; 08:37:48; 730; 50; 33.12; 1002.1013671875; 23.96875
2026-07-07; 08:38:48; 730; 50; 33.12; 1002.07390625; 24.0380859375
2026-07-07; 08:39:48; 717; 48; 33.13; 1002.062109375; 23.7978515625
2026-07-07; 08:40:48; 710; 47; 33.17; 1002.0620703125; 23.822265625
2026-07-07; 08:41:48; 710; 47; 33.18; 1002.1051953125; 23.833984375
2026-07-07; 08:42:48; 710; 47; 33.19; 1002.03046875; 23.8232421875
2026-07-07; 08:43:48; 694; 44; 33.19; 1002.0658984375; 23.833984375
2026-07-07; 08:44:48; 694; 44; 33.19; 1002.0658984375; 23.8916015625
2026-07-07; 08:45:48; 668; 40; 33.17; 1002.144453125; 23.9365234375
2026-07-07; 08:46:48; 668; 40; 33.18; 1002.0972265625; 23.7763671875
2026-07-07; 08:47:48; 659; 39; 33.22; 1002.1677734375; 23.7099609375
2026-07-07; 08:48:48; 652; 38; 33.2; 1002.1559375; 23.765625
2026-07-07; 08:49:48; 645; 37; 33.22; 1002.1403125; 23.640625
2026-07-07; 08:50:48; 624; 34; 33.21; 1002.1991015625; 23.59375
2026-07-07; 08:51:48; 624; 34; 33.2; 1002.238359375; 23.478515625
2026-07-07; 08:52:48; 611; 32; 33.19; 1002.2581640625; 23.55859375
2026-07-07; 08:53:48; 611; 32; 33.22; 1002.187265625; 23.5712890625
2026-07-07; 08:54:48; 596; 29; 33.22; 1002.2147265625; 23.3994140625
2026-07-07; 08:55:48; 589; 28; 33.23; 1002.1284765625; 23.48046875
2026-07-07; 08:56:48; 575; 26; 33.26; 1002.14; 23.458984375
2026-07-07; 08:57:48; 564; 24; 33.21; 1002.23453125; 23.421875
2026-07-07; 08:58:48; 564; 24; 33.24; 1002.2185546875; 23.4111328125
2026-07-07; 08:59:48; 564; 24; 33.26; 1002.2578125; 23.3095703125
2026-07-07; 09:00:48; 564; 24; 33.27; 1002.246015625; 23.2646484375
2026-07-07; 09:01:48; 549; 22; 33.24; 1002.2265234375; 23.228515625
2026-07-07; 09:02:48; 543; 21; 33.26; 1002.2303515625; 23.35546875
2026-07-07; 09:03:48; 543; 21; 33.25; 1002.2421875; 23.228515625
2026-07-07; 09:04:48; 537; 20; 33.27; 1002.2105859375; 23.171875
2026-07-07; 09:05:48; 527; 19; 33.29; 1002.159453125; 23.126953125
2026-07-07; 09:06:48; 515; 17; 33.3; 1002.1476171875; 23.05859375
2026-07-07; 09:07:48; 505; 15; 33.3; 1002.100625; 23.0009765625
2026-07-07; 09:08:48; 495; 14; 33.31; 1002.13578125; 22.875
2026-07-07; 09:09:48; 488; 13; 33.33; 1002.104453125; 22.841796875
2026-07-07; 09:10:48; 481; 12; 33.34; 1002.06515625; 22.8994140625
2026-07-07; 09:11:48; 465; 9; 33.32; 1002.17890625; 22.818359375
2026-07-07; 09:12:49; 455; 8; 33.33; 1002.0846875; 22.7958984375
2026-07-07; 09:13:49; 448; 7; 33.34; 1002.1003125; 22.5546875
2026-07-07; 09:14:49; 441; 6; 33.35; 1002.198359375; 22.796875
2026-07-07; 09:15:49; 435; 5; 33.38; 1002.127734375; 22.5908203125
2026-07-07; 09:16:49; 435; 5; 33.37; 1002.1395703125; 22.5908203125
2026-07-07; 09:17:49; 433; 5; 33.39; 1002.06890625; 22.6611328125
2026-07-07; 09:18:49; 427; 4; 33.37; 1002.16703125; 22.533203125
2026-07-07; 09:19:49; 427; 4; 33.39; 1002.1238671875; 22.5458984375
2026-07-07; 09:20:49; 424; 3; 33.39; 1002.178828125; 22.46484375
2026-07-07; 09:21:49; 424; 3; 33.42; 1002.2257421875; 22.7314453125
2026-07-07; 09:22:49; 424; 3; 33.42; 1002.1628515625; 22.5244140625
2026-07-07; 09:23:49; 424; 3; 33.43; 1002.1784765625; 22.5244140625
2026-07-07; 09:24:49; 433; 5; 33.42; 1002.17078125; 22.662109375
2026-07-07; 09:25:49; 444; 6; 33.43; 1002.131484375; 22.697265625
2026-07-07; 09:26:49; 463; 9; 33.43; 1002.24140625; 22.6630859375
2026-07-07; 09:27:49; 473; 11; 33.42; 1002.2178125; 22.673828125
2026-07-07; 09:28:49; 483; 12; 33.44; 1002.2295703125; 22.80078125
2026-07-07; 09:29:49; 488; 13; 33.44; 1002.194140625; 22.697265625
2026-07-07; 09:30:49; 500; 15; 33.41; 1002.229609375; 22.7080078125
2026-07-07; 09:31:49; 500; 15; 33.46; 1002.30015625; 22.755859375
2026-07-07; 09:32:49; 500; 15; 33.43; 1002.24140625; 22.697265625
2026-07-07; 09:33:49; 500; 15; 33.41; 1002.18265625; 22.6962890625
2026-07-07; 09:34:49; 495; 14; 33.4; 1002.194453125; 22.5576171875
2026-07-07; 09:35:49; 488; 13; 33.42; 1002.17078125; 22.478515625
2026-07-07; 09:36:49; 481; 12; 33.47; 1002.2058984375; 22.4462890625
2026-07-07; 09:37:49; 473; 11; 33.47; 1002.1783984375; 22.4462890625
2026-07-07; 09:38:49; 473; 11; 33.45; 1002.182265625; 22.4677734375
2026-07-07; 09:39:49; 463; 9; 33.41; 1002.210078125; 22.3974609375
2026-07-07; 09:40:49; 455; 8; 33.47; 1002.2058984375; 22.388671875
2026-07-07; 09:41:49; 448; 7; 33.46; 1002.17046875; 22.4228515625
2026-07-07; 09:42:49; 435; 5; 33.49; 1002.1547265625; 22.2744140625
2026-07-07; 09:43:49; 435; 5; 33.48; 1002.119296875; 22.3662109375
2026-07-07; 09:44:49; 427; 4; 33.55; 1002.138671875; 22.1513671875
2026-07-07; 09:45:49; 424; 3; 33.51; 1002.13875; 22.1953125
2026-07-07; 09:46:49; 420; 3; 33.49; 1002.1074609375; 22.240234375
2026-07-07; 09:47:49; 420; 3; 33.49; 1002.0723046875; 22.240234375
2026-07-07; 09:48:49; 410; 1; 33.49; 1002.08; 22.3203125
2026-07-07; 09:49:49; 410; 1; 33.54; 1002.1505078125; 22.1728515625
2026-07-07; 09:50:49; 410; 1; 33.51; 1002.10359375; 22.171875
2026-07-07; 09:51:49; 410; 1; 33.52; 1002.1741796875; 22.2177734375
2026-07-07; 09:52:49; 407; 1; 33.52; 1002.11921875; 22.103515625
2026-07-07; 09:53:49; 402; 0; 33.52; 1002.14671875; 22.068359375
2026-07-07; 09:54:49; 65535; 65535; 33.5; 1002.095625; 22.0908203125
2026-07-07; 09:55:50; 407; 1; 33.54; 1002.1581640625; 22.173828125
2026-07-07; 09:56:50; 405; 0; 33.51; 1002.16625; 22.1259765625
2026-07-07; 09:57:50; 400; 0; 33.5; 1002.1154296875; 22.0556640625
2026-07-07; 09:58:50; 400; 0; 33.53; 1002.16234375; 22.126953125
2026-07-07; 09:59:50; 400; 0; 33.51; 1002.213515625; 21.96484375
2026-07-07; 10:00:50; 400; 0; 33.64; 1002.279453125; 21.8212890625
2026-07-07; 10:01:50; 400; 0; 33.62; 1002.2401953125; 21.693359375
2026-07-07; 10:02:50; 400; 0; 33.61; 1002.2325; 21.705078125
2026-07-07; 10:03:50; 400; 0; 33.64; 1002.251953125; 21.6142578125
2026-07-07; 10:04:50; 403; 0; 33.62; 1002.185234375; 21.6708984375
2026-07-07; 10:05:50; 403; 0; 33.56; 1002.216953125; 21.8291015625
2026-07-07; 10:06:50; 403; 0; 33.57; 1002.224921875; 21.794921875
2026-07-07; 10:07:50; 400; 0; 33.53; 1002.2249609375; 21.8740234375
2026-07-07; 10:08:50; 400; 0; 33.63; 1002.200859375; 21.728515625
2026-07-07; 10:09:50; 405; 0; 33.61; 1002.150078125; 21.7626953125
2026-07-07; 10:10:50; 410; 1; 33.65; 1002.1771484375; 21.787109375
2026-07-07; 10:11:50; 410; 1; 33.66; 1002.2005078125; 21.845703125
2026-07-07; 10:12:50; 416; 2; 33.65; 1002.18484375; 21.8564453125
2026-07-07; 10:13:50; 423; 3; 33.62; 1002.138203125; 21.9248046875
2026-07-07; 10:14:50; 432; 4; 33.61; 1002.122578125; 21.8662109375
2026-07-07; 10:15:50; 439; 5; 33.6; 1002.1069140625; 21.900390625
2026-07-07; 10:16:50; 442; 6; 33.58; 1002.1108203125; 21.9453125
2026-07-07; 10:17:50; 442; 6; 33.57; 1002.0401953125; 21.8876953125
2026-07-07; 10:18:50; 432; 4; 33.59; 1002.098984375; 21.8310546875
2026-07-07; 10:19:50; 423; 3; 33.62; 1002.05578125; 21.8203125
2026-07-07; 10:20:50; 416; 2; 33.6; 1002.079453125; 21.80859375
2026-07-07; 10:21:50; 410; 1; 33.66; 1002.027890625; 21.68359375
2026-07-07; 10:22:50; 410; 1; 33.64; 1002.0515625; 21.7177734375
2026-07-07; 10:23:50; 403; 0; 33.71; 1002.05109375; 21.6171875
2026-07-07; 10:24:50; 403; 0; 33.66; 1002.1103515625; 21.5341796875
2026-07-07; 10:25:50; 402; 0; 33.7; 1002.0629296875; 21.3984375
2026-07-07; 10:26:50; 400; 0; 33.67; 1002.043515625; 21.4658203125
2026-07-07; 10:27:50; 403; 0; 33.68; 1002.059140625; 21.4775390625
2026-07-07; 10:28:50; 403; 0; 33.66; 1002.0905078125; 21.4658203125
2026-07-07; 10:29:50; 407; 1; 33.62; 1002.0203125; 21.521484375
2026-07-07; 10:30:50; 403; 0; 33.64; 1002.0045703125; 21.4765625
2026-07-07; 10:31:50; 403; 0; 33.65; 1002.019921875; 21.5107421875
2026-07-07; 10:32:50; 407; 1; 33.62; 1002.08328125; 21.4521484375
2026-07-07; 10:33:50; 400; 0; 33.68; 1002.011875; 21.3515625
2026-07-07; 10:34:50; 400; 0; 33.73; 1002.0350390625; 21.296875
2026-07-07; 10:35:50; 400; 0; 33.72; 1001.9842578125; 21.2607421875
2026-07-07; 10:36:50; 408; 1; 33.7; 1001.98046875; 21.14453125
2026-07-07; 10:37:50; 400; 0; 33.67; 1001.96875; 21.1787109375
2026-07-07; 10:38:51; 400; 0; 33.65; 1001.9298046875; 21.2001953125
2026-07-07; 10:39:51; 410; 1; 33.69; 1001.9648828125; 21.0986328125
2026-07-07; 10:40:51; 400; 0; 33.74; 1001.933046875; 21.1005859375
2026-07-07; 10:41:51; 400; 0; 33.73; 1001.9251171875; 21.078125
2026-07-07; 10:42:51; 400; 0; 33.78; 1001.93265625; 21.0791015625
2026-07-07; 10:43:51; 400; 0; 33.8; 1001.916875; 21.0234375
2026-07-07; 10:44:51; 409; 1; 33.73; 1001.8976171875; 21.078125
2026-07-07; 10:45:51; 409; 1; 33.75; 1001.9487109375; 21.0322265625
2026-07-07; 10:46:51; 405; 0; 33.78; 1001.87765625; 20.849609375
2026-07-07; 10:47:51; 400; 0; 33.81; 1001.8695703125; 20.8740234375
2026-07-07; 10:48:51; 400; 0; 33.73; 1001.8899609375; 20.916015625
2026-07-07; 10:49:51; 405; 0; 33.77; 1001.9169921875; 20.7568359375
2026-07-07; 10:50:51; 400; 0; 33.77; 1001.86203125; 20.548828125
2026-07-07; 10:51:51; 400; 0; 33.74; 1001.988046875; 20.720703125
2026-07-07; 10:52:51; 405; 0; 33.74; 1001.940703125; 20.7783203125
2026-07-07; 10:53:51; 400; 0; 33.82; 1001.893203125; 20.62109375
2026-07-07; 10:54:51; 400; 0; 33.8; 1001.9364453125; 20.6884765625
2026-07-07; 10:55:51; 407; 1; 33.83; 1001.9087890625; 20.4375
2026-07-07; 10:56:51; 400; 0; 33.83; 1001.9362890625; 20.4951171875
2026-07-07; 10:57:51; 413; 1; 33.77; 1001.8975; 20.4228515625
2026-07-07; 10:58:51; 400; 0; 33.78; 1001.96015625; 20.515625
2026-07-07; 10:59:51; 408; 1; 33.81; 1001.9325390625; 20.482421875
2026-07-07; 11:00:51; 402; 0; 33.82; 1001.9401953125; 20.4013671875
2026-07-07; 11:01:51; 400; 0; 33.84; 1001.896953125; 20.2880859375
2026-07-07; 11:02:51; 416; 2; 33.85; 1001.822109375; 20.4033203125
2026-07-07; 11:03:51; 426; 3; 33.8; 1001.8814453125; 20.4580078125
2026-07-07; 11:04:51; 442; 6; 33.79; 1001.92078125; 20.5390625
2026-07-07; 11:05:51; 457; 8; 33.74; 1001.83078125; 20.525390625
2026-07-07; 11:06:51; 457; 8; 33.77; 1001.815; 20.548828125
2026-07-07; 11:07:51; 457; 8; 33.77; 1001.87; 20.6064453125
2026-07-07; 11:08:51; 461; 9; 33.78; 1001.913125; 20.5498046875
2026-07-07; 11:09:51; 442; 6; 33.85; 1001.877109375; 20.44921875
2026-07-07; 11:10:51; 436; 5; 33.85; 1001.830078125; 20.49609375
2026-07-07; 11:11:51; 447; 7; 33.83; 1001.818359375; 20.541015625
2026-07-07; 11:12:51; 461; 9; 33.83; 1001.845859375; 20.5751953125
2026-07-07; 11:13:51; 488; 13; 33.81; 1001.8225390625; 20.57421875
2026-07-07; 11:14:51; 500; 15; 33.86; 1001.8732421875; 20.623046875
2026-07-07; 11:15:51; 500; 15; 33.95; 1001.8137109375; 20.5341796875
2026-07-07; 11:16:51; 517; 17; 33.95; 1001.8687109375; 20.5693359375
2026-07-07; 11:17:51; 523; 18; 34.02; 1001.88765625; 20.3994140625
2026-07-07; 11:18:51; 536; 20; 34.05; 1001.816875; 20.5380859375
2026-07-07; 11:19:51; 567; 25; 34.06; 1001.8875; 20.5966796875
2026-07-07; 11:20:51; 588; 28; 34.07; 1001.88328125; 20.57421875
2026-07-07; 11:21:52; 600; 30; 34.11; 1001.86328125; 20.599609375
2026-07-07; 11:22:52; 633; 35; 34.08; 1001.86375; 20.62109375
2026-07-07; 11:23:52; 650; 38; 34.14; 1001.9025; 20.6123046875
2026-07-07; 11:24:52; 671; 41; 34.13; 1001.9219921875; 20.6005859375
2026-07-07; 11:25:52; 682; 42; 34.15; 1001.8355859375; 20.6123046875
2026-07-07; 11:26:52; 699; 45; 34.18; 1001.835078125; 20.6259765625
2026-07-07; 11:27:52; 699; 45; 34.19; 1001.732734375; 20.671875
2026-07-07; 11:28:52; 706; 46; 34.18; 1001.752578125; 20.66015625
2026-07-07; 11:29:52; 706; 46; 34.2; 1001.7406640625; 20.5107421875
2026-07-07; 11:30:52; 706; 46; 34.21; 1001.7364453125; 20.5
2026-07-07; 11:31:52; 726; 49; 34.2; 1001.6856640625; 20.6611328125
2026-07-07; 11:32:52; 726; 49; 34.21; 1001.7089453125; 20.615234375
2026-07-07; 11:33:52; 726; 49; 34.19; 1001.7051953125; 20.6142578125
2026-07-07; 11:34:52; 706; 46; 34.23; 1001.68515625; 20.431640625
2026-07-07; 11:35:52; 714; 47; 34.25; 1001.68890625; 20.5244140625
2026-07-07; 11:36:52; 726; 49; 34.24; 1001.64578125; 20.5478515625
2026-07-07; 11:37:52; 726; 49; 34.26; 1001.73203125; 20.4677734375
2026-07-07; 11:38:52; 726; 49; 34.28; 1001.6730859375; 20.5029296875
2026-07-07; 11:39:52; 714; 47; 34.27; 1001.6926171875; 20.45703125
2026-07-07; 11:40:52; 714; 47; 34.3; 1001.731796875; 20.4921875
2026-07-07; 11:41:52; 706; 46; 34.29; 1001.696328125; 20.50390625
2026-07-07; 11:42:52; 714; 47; 34.28; 1001.6730859375; 20.5029296875
2026-07-07; 11:43:52; 726; 49; 34.3; 1001.6294140625; 20.4580078125
2026-07-07; 11:44:52; 714; 47; 34.34; 1001.65671875; 20.4140625
2026-07-07; 11:45:52; 706; 46; 34.31; 1001.5900390625; 20.482421875
2026-07-07; 11:46:52; 706; 46; 34.36; 1001.5974609375; 20.4375
2026-07-07; 11:47:52; 714; 47; 34.31; 1001.60984375; 20.5390625
2026-07-07; 11:48:52; 699; 45; 34.34; 1001.5741796875; 20.4716796875
2026-07-07; 11:49:52; 706; 46; 34.36; 1001.6054296875; 20.369140625
2026-07-07; 11:50:52; 714; 47; 34.35; 1001.6448046875; 20.42578125
2026-07-07; 11:51:52; 714; 47; 34.38; 1001.6011328125; 20.3115234375
2026-07-07; 11:52:52; 714; 47; 34.39; 1001.53421875; 20.380859375
2026-07-07; 11:53:52; 714; 47; 34.39; 1001.53421875; 20.4267578125
2026-07-07; 11:54:52; 706; 46; 34.41; 1001.463359375; 20.34765625
2026-07-07; 11:55:52; 714; 47; 34.4; 1001.52234375; 20.404296875
2026-07-07; 11:56:52; 726; 49; 34.4; 1001.447734375; 20.3818359375
2026-07-07; 11:57:52; 714; 47; 34.41; 1001.463359375; 20.3359375
2026-07-07; 11:58:52; 726; 49; 34.43; 1001.43953125; 20.3828125
2026-07-07; 11:59:52; 733; 50; 34.4; 1001.4948046875; 20.3349609375
2026-07-07; 12:00:52; 706; 46; 34.44; 1001.4471875; 20.41796875
2026-07-07; 12:01:52; 699; 45; 34.43; 1001.46703125; 20.41796875
2026-07-07; 12:02:52; 699; 45; 34.46; 1001.451171875; 20.3037109375
2026-07-07; 12:03:52; 706; 46; 34.43; 1001.4040625; 20.4296875
2026-07-07; 12:04:53; 726; 49; 34.44; 1001.4471875; 20.4404296875
2026-07-07; 12:05:53; 733; 50; 34.41; 1001.427890625; 20.486328125
2026-07-07; 12:06:53; 733; 50; 34.46; 1001.34109375; 20.4189453125
2026-07-07; 12:07:53; 740; 51; 34.48; 1001.37234375; 20.408203125
2026-07-07; 12:08:53; 740; 51; 34.53; 1001.33234375; 20.203125
2026-07-07; 12:09:53; 726; 49; 34.52; 1001.4072265625; 20.3408203125
2026-07-07; 12:10:53; 699; 45; 34.49; 1001.332890625; 20.31640625
2026-07-07; 12:11:53; 694; 44; 34.5; 1001.3209765625; 20.3515625
2026-07-07; 12:12:53; 699; 45; 34.52; 1001.3521875; 20.306640625
2026-07-07; 12:13:53; 694; 44; 34.55; 1001.2534375; 20.0771484375
2026-07-07; 12:14:53; 699; 45; 34.52; 1001.242109375; 20.203125
2026-07-07; 12:15:53; 699; 45; 34.52; 1001.242109375; 20.330078125
2026-07-07; 12:16:53; 694; 44; 34.49; 1001.2503515625; 20.328125
2026-07-07; 12:17:53; 694; 44; 34.53; 1001.3678125; 20.318359375
2026-07-07; 12:18:53; 699; 45; 34.51; 1001.2815234375; 20.3515625
2026-07-07; 12:19:53; 699; 45; 34.54; 1001.265390625; 20.2724609375
2026-07-07; 12:20:53; 706; 46; 34.58; 1001.3082421875; 20.30859375
2026-07-07; 12:21:53; 706; 46; 34.57; 1001.237578125; 20.2744140625
2026-07-07; 12:22:53; 694; 44; 34.6; 1001.256875; 20.275390625
2026-07-07; 12:23:53; 694; 44; 34.56; 1001.2494921875; 20.3193359375
2026-07-07; 12:24:53; 699; 45; 34.58; 1001.198125; 20.2861328125
2026-07-07; 12:25:53; 706; 46; 34.59; 1001.2608203125; 20.2978515625
2026-07-07; 12:26:53; 714; 47; 34.58; 1001.2531640625; 20.3203125
2026-07-07; 12:27:53; 706; 46; 34.65; 1001.2443359375; 20.2431640625
2026-07-07; 12:28:53; 733; 50; 34.61; 1001.2999609375; 20.322265625
2026-07-07; 12:29:53; 733; 50; 34.62; 1001.1424609375; 20.310546875
2026-07-07; 12:30:53; 733; 50; 34.65; 1001.10671875; 20.2890625
2026-07-07; 12:31:53; 748; 53; 34.64; 1001.1660546875; 20.2880859375
2026-07-07; 12:32:53; 740; 51; 34.67; 1001.1103515625; 20.2900390625
2026-07-07; 12:33:53; 740; 51; 34.65; 1001.1541015625; 20.2880859375
2026-07-07; 12:34:53; 714; 47; 34.66; 1001.1223046875; 20.2900390625
2026-07-07; 12:35:53; 740; 51; 34.65; 1001.0715234375; 20.3349609375
2026-07-07; 12:36:53; 714; 47; 34.64; 1001.0834375; 20.3349609375
2026-07-07; 12:37:53; 694; 44; 34.69; 1001.0788671875; 20.267578125
2026-07-07; 12:38:53; 682; 42; 34.68; 1001.015859375; 20.279296875
2026-07-07; 12:39:53; 694; 44; 34.72; 1001.0703125; 20.2568359375
2026-07-07; 12:40:53; 694; 44; 34.7; 1001.01953125; 20.19921875
2026-07-07; 12:41:53; 706; 46; 34.7; 1000.936953125; 20.2333984375
2026-07-07; 12:42:53; 699; 45; 34.69; 1000.9412109375; 20.267578125
2026-07-07; 12:43:53; 706; 46; 34.71; 1000.8898046875; 20.2568359375
2026-07-07; 12:44:53; 699; 45; 34.72; 1000.9601953125; 20.234375
2026-07-07; 12:45:53; 699; 45; 34.74; 1000.971796875; 20.2470703125
2026-07-07; 12:46:53; 699; 45; 34.71; 1000.91734375; 20.2685546875
2026-07-07; 12:47:54; 706; 46; 34.71; 1000.91734375; 20.22265625
2026-07-07; 12:48:54; 706; 46; 34.73; 1000.893203125; 20.2236328125
2026-07-07; 12:49:54; 714; 47; 34.79; 1000.8965234375; 20.2021484375
2026-07-07; 12:50:54; 726; 49; 34.76; 1000.8573828125; 20.248046875
2026-07-07; 12:51:54; 714; 47; 34.81; 1000.8527734375; 20.1455078125
2026-07-07; 12:52:54; 714; 47; 34.83; 1000.95890625; 20.2041015625
2026-07-07; 12:53:54; 726; 49; 34.82; 1000.805625; 20.1806640625
2026-07-07; 12:54:54; 740; 51; 34.8; 1000.8371484375; 20.21484375
2026-07-07; 12:55:54; 748; 53; 34.81; 1000.8803125; 20.1806640625
2026-07-07; 12:56:54; 774; 56; 34.77; 1000.84546875; 20.236328125
2026-07-07; 12:57:54; 774; 56; 34.8; 1000.809609375; 20.203125
2026-07-07; 12:58:54; 800; 60; 34.84; 1000.919453125; 20.1474609375
2026-07-07; 12:59:54; 817; 63; 34.85; 1000.887578125; 20.1474609375
2026-07-07; 13:00:54; 821; 64; 34.88; 1000.8716796875; 20.1142578125
2026-07-07; 13:01:54; 863; 70; 34.88; 1000.7890625; 20.1259765625
2026-07-07; 13:02:54; 882; 73; 34.87; 1000.808671875; 20.1376953125
2026-07-07; 13:03:54; 882; 73; 34.85; 1000.860078125; 20.1826171875
2026-07-07; 13:04:54; 891; 74; 34.87; 1000.938671875; 20.18359375
2026-07-07; 13:05:54; 918; 78; 34.87; 1000.8560546875; 20.1484375
2026-07-07; 13:06:54; 918; 78; 34.88; 1000.844140625; 20.1376953125
2026-07-07; 13:07:54; 923; 79; 34.87; 1000.808671875; 20.16015625
2026-07-07; 13:08:54; 923; 79; 34.92; 1000.8514453125; 20.150390625
2026-07-07; 13:09:54; 918; 78; 34.96; 1000.8783203125; 20.0712890625
2026-07-07; 13:10:54; 891; 74; 34.97; 1000.9021484375; 19.9912109375
2026-07-07; 13:11:54; 891; 74; 34.97; 1000.8194921875; 20.0263671875
2026-07-07; 13:12:54; 891; 74; 35.01; 1000.9290234375; 20.0166015625
2026-07-07; 13:13:54; 902; 76; 34.98; 1000.8898828125; 20.00390625
2026-07-07; 13:14:54; 918; 78; 34.99; 1000.8151953125; 20.0263671875
2026-07-07; 13:15:54; 918; 78; 35.01; 1000.77140625; 20.0166015625
2026-07-07; 13:16:54; 902; 76; 35.02; 1000.7793359375; 19.9814453125
2026-07-07; 13:17:54; 918; 78; 35.01; 1000.7438671875; 19.9931640625
2026-07-07; 13:18:54; 923; 79; 35.01; 1000.7162890625; 19.9931640625
2026-07-07; 13:19:54; 923; 79; 35.01; 1000.708671875; 20.0166015625
2026-07-07; 13:20:54; 933; 81; 35.03; 1000.684765625; 19.982421875
2026-07-07; 13:21:54; 933; 81; 35.04; 1000.6452734375; 19.970703125
2026-07-07; 13:22:54; 923; 79; 35.05; 1000.6133984375; 19.9833984375
2026-07-07; 13:23:54; 918; 78; 35.06; 1000.56625; 19.9375
2026-07-07; 13:24:54; 891; 74; 35.07; 1000.554296875; 19.8916015625
2026-07-07; 13:25:54; 882; 73; 35.07; 1000.554296875; 19.9267578125
2026-07-07; 13:26:54; 877; 72; 35.11; 1000.67171875; 19.8935546875
2026-07-07; 13:27:54; 882; 73; 35.1; 1000.565546875; 19.892578125
2026-07-07; 13:28:54; 882; 73; 35.11; 1000.55359375; 19.8701171875
2026-07-07; 13:29:54; 891; 74; 35.08; 1000.5344140625; 19.9267578125
2026-07-07; 13:30:55; 918; 78; 35.09; 1000.557890625; 19.892578125
2026-07-07; 13:31:55; 902; 76; 35.09; 1000.5303515625; 19.904296875
2026-07-07; 13:32:55; 918; 78; 35.1; 1000.573515625; 19.8701171875
2026-07-07; 13:33:55; 882; 73; 35.14; 1000.5807421875; 19.8369140625
2026-07-07; 13:34:55; 863; 70; 35.15; 1000.6238671875; 19.8369140625
2026-07-07; 13:35:55; 877; 72; 35.15; 1000.48609375; 19.8486328125
2026-07-07; 13:36:55; 863; 70; 35.19; 1000.5208984375; 19.7236328125
2026-07-07; 13:37:55; 877; 72; 35.17; 1000.4542578125; 19.7919921875
2026-07-07; 13:38:55; 877; 72; 35.17; 1000.4897265625; 19.8037109375
2026-07-07; 13:39:55; 851; 68; 35.2; 1000.453828125; 19.7822265625
2026-07-07; 13:40:55; 877; 72; 35.23; 1000.40234375; 19.748046875
2026-07-07; 13:41:55; 877; 72; 35.25; 1000.405625; 19.7138671875
2026-07-07; 13:42:55; 891; 74; 35.21; 1000.496953125; 19.771484375
2026-07-07; 13:43:55; 891; 74; 35.21; 1000.52453125; 19.771484375
2026-07-07; 13:44:55; 877; 72; 35.26; 1000.5038671875; 19.703125
2026-07-07; 13:45:55; 863; 70; 35.25; 1000.4411328125; 19.6572265625
2026-07-07; 13:46:55; 851; 68; 35.27; 1000.40921875; 19.6572265625
2026-07-07; 13:47:55; 863; 70; 35.26; 1000.476328125; 19.6455078125
2026-07-07; 13:48:55; 882; 73; 35.28; 1000.5154296875; 19.646484375
2026-07-07; 13:49:55; 902; 76; 35.27; 1000.4447265625; 19.646484375
2026-07-07; 13:50:55; 923; 79; 35.28; 1000.42484375; 19.634765625
2026-07-07; 13:51:55; 918; 78; 35.29; 1000.5034375; 19.6240234375
2026-07-07; 13:52:55; 923; 79; 35.33; 1000.3925; 19.5908203125
2026-07-07; 13:53:55; 918; 78; 35.33; 1000.4200390625; 19.544921875
2026-07-07; 13:54:55; 918; 78; 35.34; 1000.5183203125; 19.6025390625
2026-07-07; 13:55:55; 923; 79; 35.35; 1000.4512109375; 19.591796875
2026-07-07; 13:56:55; 933; 81; 35.37; 1000.454765625; 19.546875
2026-07-07; 13:57:55; 923; 79; 35.4; 1000.4387890625; 19.5244140625
2026-07-07; 13:58:55; 933; 81; 35.4; 1000.44640625; 19.466796875
2026-07-07; 13:59:55; 918; 78; 35.42; 1000.45; 19.4677734375
2026-07-07; 14:00:55; 923; 79; 35.43; 1000.4655859375; 19.4912109375
2026-07-07; 14:01:55; 933; 81; 35.44; 1000.45359375; 19.4228515625
2026-07-07; 14:02:55; 933; 81; 35.45; 1000.4891015625; 19.3994140625
2026-07-07; 14:03:55; 945; 83; 35.43; 1000.4579296875; 19.3984375
2026-07-07; 14:04:55; 933; 81; 35.44; 1000.473515625; 19.3642578125
2026-07-07; 14:05:55; 945; 83; 35.47; 1000.548125; 19.3662109375
2026-07-07; 14:06:55; 956; 84; 35.47; 1000.4179296875; 19.400390625
2026-07-07; 14:07:55; 945; 83; 35.47; 1000.4455078125; 19.400390625
2026-07-07; 14:08:55; 956; 84; 35.48; 1000.433515625; 19.3544921875
2026-07-07; 14:09:55; 945; 83; 35.48; 1000.433515625; 19.3662109375
2026-07-07; 14:10:55; 923; 79; 35.51; 1000.4171875; 19.2861328125
2026-07-07; 14:11:55; 902; 76; 35.48; 1000.3707421875; 19.1689453125
2026-07-07; 14:12:55; 891; 74; 35.5; 1000.4370703125; 19.3203125
2026-07-07; 14:13:56; 891; 74; 35.5; 1000.4646484375; 19.2509765625
2026-07-07; 14:14:56; 882; 73; 35.47; 1000.3627734375; 19.26171875
2026-07-07; 14:15:56; 891; 74; 35.48; 1000.4059375; 19.2392578125
2026-07-07; 14:16:56; 882; 73; 35.5; 1000.401875; 19.2509765625
2026-07-07; 14:17:56; 891; 74; 35.48; 1000.425859375; 19.26171875
2026-07-07; 14:18:56; 902; 76; 35.45; 1000.3037890625; 19.2724609375
2026-07-07; 14:19:56; 902; 76; 35.46; 1000.17390625; 19.2607421875
2026-07-07; 14:20:56; 918; 78; 35.47; 1000.335234375; 19.296875
2026-07-07; 14:21:56; 933; 81; 35.49; 1000.3862890625; 19.28515625
2026-07-07; 14:22:56; 945; 83; 35.49; 1000.338828125; 19.28515625
2026-07-07; 14:23:56; 967; 86; 35.49; 1000.3862890625; 19.30859375
2026-07-07; 14:24:56; 987; 89; 35.52; 1000.3776171875; 19.3095703125
2026-07-07; 14:25:56; 987; 89; 35.53; 1000.3105078125; 19.275390625
2026-07-07; 14:26:56; 1012; 93; 35.54; 1000.290859375; 19.2529296875
2026-07-07; 14:27:56; 1012; 93; 35.55; 1000.3064453125; 19.2294921875
2026-07-07; 14:28:56; 1029; 95; 35.53; 1000.3304296875; 19.263671875
2026-07-07; 14:29:56; 1038; 97; 35.55; 1000.3140625; 19.2421875
2026-07-07; 14:30:56; 1029; 95; 35.55; 1000.3615234375; 19.2763671875
2026-07-07; 14:31:56; 1038; 97; 35.56; 1000.3571875; 19.23046875
2026-07-07; 14:32:56; 1038; 97; 35.54; 1000.3459765625; 19.2880859375
2026-07-07; 14:33:56; 1012; 93; 35.57; 1000.282421875; 19.23046875
2026-07-07; 14:34:56; 1012; 93; 35.57; 1000.282421875; 19.1962890625
2026-07-07; 14:35:56; 1012; 93; 35.56; 1000.2944140625; 19.20703125
2026-07-07; 14:36:56; 1012; 93; 35.6; 1000.2540625; 19.1982421875
2026-07-07; 14:37:56; 987; 89; 35.61; 1000.3171484375; 19.1748046875
2026-07-07; 14:38:56; 987; 89; 35.58; 1000.2780859375; 19.2314453125
2026-07-07; 14:39:56; 987; 89; 35.58; 1000.2505078125; 19.208984375
2026-07-07; 14:40:56; 1001; 91; 35.59; 1000.2584375; 19.2431640625
2026-07-07; 14:41:56; 1001; 91; 35.55; 1000.2589453125; 19.2529296875
2026-07-07; 14:42:56; 1012; 93; 35.57; 1000.2349609375; 19.2421875
2026-07-07; 14:43:56; 987; 89; 35.59; 1000.2033203125; 19.2548828125
2026-07-07; 14:44:56; 1029; 95; 35.6; 1000.2740234375; 19.232421875
2026-07-07; 14:45:56; 1029; 95; 35.62; 1000.277578125; 19.2099609375
2026-07-07; 14:46:56; 1029; 95; 35.64; 1000.3362890625; 19.19921875
2026-07-07; 14:47:56; 1029; 95; 35.61; 1000.2971875; 19.2099609375
2026-07-07; 14:48:56; 1029; 95; 35.62; 1000.25765625; 19.1875
2026-07-07; 14:49:56; 1001; 91; 35.58; 1000.1953515625; 19.2314453125
2026-07-07; 14:50:56; 987; 89; 35.61; 1000.2971875; 19.1982421875
2026-07-07; 14:51:56; 1029; 95; 35.57; 1000.4003125; 19.23046875
2026-07-07; 14:52:56; 1038; 97; 35.59; 1000.478984375; 19.2197265625
2026-07-07; 14:53:56; 1012; 93; 35.58; 1000.4082421875; 19.2431640625
2026-07-07; 14:54:56; 1053; 99; 35.59; 1000.3687109375; 19.2666015625
2026-07-07; 14:55:57; 1065; 101; 35.57; 1000.3926953125; 19.25390625
2026-07-07; 14:56:57; 1065; 101; 35.57; 1000.3451953125; 19.30078125
2026-07-07; 14:57:57; 1077; 103; 35.58; 1000.2780859375; 19.2666015625
2026-07-07; 14:58:57; 1090; 105; 35.6; 1000.3566796875; 19.173828125
2026-07-07; 14:59:57; 1128; 110; 35.59; 1000.3411328125; 19.30078125
2026-07-07; 15:00:57; 1113; 108; 35.61; 1000.3447265625; 19.279296875
2026-07-07; 15:01:57; 1113; 108; 35.57; 1000.3451953125; 19.3466796875
2026-07-07; 15:02:57; 1113; 108; 35.56; 1000.3495703125; 19.3232421875
2026-07-07; 15:03:57; 1077; 103; 35.57; 1000.3176171875; 19.30078125
2026-07-07; 15:04:57; 1065; 101; 35.59; 1000.3411328125; 19.2431640625
2026-07-07; 15:05:57; 1065; 101; 35.56; 1000.3571875; 19.2421875
2026-07-07; 15:06:57; 1012; 93; 35.61; 1000.3447265625; 19.255859375
2026-07-07; 15:07:57; 1038; 97; 35.59; 1000.2660546875; 19.2548828125
2026-07-07; 15:08:57; 1038; 97; 35.58; 1000.2428515625; 19.2548828125
2026-07-07; 15:09:57; 1012; 93; 35.56; 1000.239296875; 19.2421875
2026-07-07; 15:10:57; 987; 89; 35.58; 1000.380703125; 19.265625
2026-07-07; 15:11:57; 977; 87; 35.55; 1000.3140625; 19.2646484375
2026-07-07; 15:12:57; 923; 79; 35.59; 1000.3687109375; 19.2197265625
2026-07-07; 15:13:57; 945; 83; 35.57; 1000.31; 19.23046875
2026-07-07; 15:14:57; 956; 84; 35.55; 1000.2512890625; 19.2880859375
2026-07-07; 15:15:57; 945; 83; 35.58; 1000.36078125; 19.2666015625
2026-07-07; 15:16:57; 945; 83; 35.58; 1000.3531640625; 19.2548828125
2026-07-07; 15:17:57; 945; 83; 35.57; 1000.3651171875; 19.2197265625
2026-07-07; 15:18:57; 933; 81; 35.59; 1000.3687109375; 19.2314453125
2026-07-07; 15:19:57; 945; 83; 35.57; 1000.290078125; 19.25390625
2026-07-07; 15:20:57; 945; 83; 35.57; 1000.2349609375; 19.2421875
2026-07-07; 15:21:57; 933; 81; 35.6; 1000.1637109375; 19.220703125
2026-07-07; 15:22:57; 967; 86; 35.56; 1000.1565625; 19.2763671875
2026-07-07; 15:23:57; 977; 87; 35.56; 1000.2193359375; 19.265625
2026-07-07; 15:24:57; 987; 89; 35.57; 1000.1798046875; 19.25390625
2026-07-07; 15:25:57; 987; 89; 35.61; 1000.2068359375; 19.244140625
2026-07-07; 15:26:57; 1001; 91; 35.6; 1000.2464453125; 19.244140625
2026-07-07; 15:27:57; 977; 87; 35.61; 1000.186953125; 19.1865234375
2026-07-07; 15:28:57; 977; 87; 35.58; 1000.105; 19.2431640625
2026-07-07; 15:29:57; 967; 86; 35.59; 1000.1481640625; 19.2314453125
2026-07-07; 15:30:57; 956; 84; 35.55; 1000.141015625; 19.2646484375
2026-07-07; 15:31:57; 956; 84; 35.53; 1000.17265625; 19.287109375
2026-07-07; 15:32:57; 945; 83; 35.55; 1000.2237109375; 19.2880859375
2026-07-07; 15:33:57; 902; 76; 35.55; 1000.12109375; 19.21875
2026-07-07; 15:34:57; 902; 76; 35.53; 1000.1175; 19.2529296875
2026-07-07; 15:35:57; 877; 72; 35.55; 1000.0858984375; 19.2294921875
2026-07-07; 15:36:57; 882; 73; 35.55; 1000.0307421875; 19.2294921875
2026-07-07; 15:37:57; 882; 73; 35.52; 1000.0667578125; 19.263671875
2026-07-07; 15:38:58; 863; 70; 35.53; 1000.0271875; 19.1943359375
2026-07-07; 15:39:58; 877; 72; 35.5; 1000.0236328125; 19.240234375
2026-07-07; 15:40:58; 877; 72; 35.52; 1000.074375; 19.2177734375
2026-07-07; 15:41:58; 882; 73; 35.53; 999.9996484375; 19.2060546875
2026-07-07; 15:42:58; 877; 72; 35.52; 1000.0391796875; 19.2060546875
2026-07-07; 15:43:58; 882; 73; 35.55; 1000.0307421875; 19.16015625
2026-07-07; 15:44:58; 882; 73; 35.5; 1000.0159765625; 19.2158203125
2026-07-07; 15:45:58; 877; 72; 35.5; 999.9960546875; 19.240234375
2026-07-07; 15:46:58; 882; 73; 35.51; 999.9209765625; 19.1708984375
2026-07-07; 15:47:58; 902; 76; 35.5; 999.9960546875; 19.193359375
2026-07-07; 15:48:58; 923; 79; 35.54; 999.8773828125; 19.1953125
2026-07-07; 15:49:58; 933; 81; 35.53; 999.889375; 19.2060546875
2026-07-07; 15:50:58; 945; 83; 35.49; 999.8978125; 19.2275390625
2026-07-07; 15:51:58; 945; 83; 35.54; 999.904921875; 19.18359375
2026-07-07; 15:52:58; 945; 83; 35.54; 999.8574609375; 19.171875
2026-07-07; 15:53:58; 933; 81; 35.54; 999.904921875; 19.1142578125
2026-07-07; 15:54:58; 918; 78; 35.55; 999.900546875; 19.1494140625
2026-07-07; 15:55:58; 918; 78; 35.53; 999.889375; 19.1943359375
2026-07-07; 15:56:58; 923; 79; 35.54; 999.8773828125; 19.171875
2026-07-07; 15:57:58; 918; 78; 35.55; 999.8377734375; 19.1376953125
2026-07-07; 15:58:58; 918; 78; 35.55; 999.810234375; 19.1484375
2026-07-07; 15:59:58; 918; 78; 35.5; 999.88578125; 19.169921875
2026-07-07; 16:00:58; 918; 78; 35.53; 999.889375; 19.0556640625
2026-07-07; 16:01:58; 923; 79; 35.55; 999.8929296875; 19.1376953125
2026-07-07; 16:02:58; 933; 81; 35.54; 999.8023046875; 19.1025390625
2026-07-07; 16:03:58; 945; 83; 35.51; 999.783203125; 19.1943359375
2026-07-07; 16:04:58; 945; 83; 35.51; 999.865859375; 19.1591796875
2026-07-07; 16:05:58; 945; 83; 35.5; 999.8505859375; 19.169921875
2026-07-07; 16:06:58; 945; 83; 35.48; 999.7919140625; 19.1572265625
2026-07-07; 16:07:58; 933; 81; 35.51; 999.865859375; 19.1826171875
2026-07-07; 16:08:58; 923; 79; 35.49; 999.8350390625; 19.1005859375
2026-07-07; 16:09:58; 902; 76; 35.47; 999.8115234375; 19.1689453125
2026-07-07; 16:10:58; 877; 72; 35.48; 999.8194921875; 19.1572265625
2026-07-07; 16:11:58; 851; 68; 35.46; 999.8232421875; 19.1923828125
2026-07-07; 16:12:58; 846; 67; 35.46; 999.768125; 19.1572265625
2026-07-07; 16:13:58; 846; 67; 35.42; 999.7885546875; 19.1787109375
2026-07-07; 16:14:58; 846; 67; 35.41; 999.8005078125; 19.189453125
2026-07-07; 16:15:58; 851; 68; 35.39; 999.7694140625; 19.2001953125
2026-07-07; 16:16:58; 863; 70; 35.4; 999.8125390625; 19.1318359375
2026-07-07; 16:17:58; 863; 70; 35.42; 999.81609375; 19.109375
2026-07-07; 16:18:58; 891; 74; 35.45; 999.7724609375; 19.15625
2026-07-07; 16:19:58; 918; 78; 35.44; 999.7844921875; 19.1328125
2026-07-07; 16:20:58; 923; 79; 35.45; 999.7801171875; 19.15625
2026-07-07; 16:21:59; 923; 79; 35.47; 999.7839453125; 19.087890625
2026-07-07; 16:22:59; 945; 83; 35.41; 999.8005078125; 19.189453125
2026-07-07; 16:23:59; 945; 83; 35.44; 999.8120703125; 19.14453125
2026-07-07; 16:24:59; 923; 79; 35.43; 999.7765234375; 19.2021484375
2026-07-07; 16:25:59; 967; 86; 35.45; 999.7801171875; 19.1337890625
2026-07-07; 16:26:59; 967; 86; 35.43; 999.7137890625; 19.2021484375
2026-07-07; 16:27:59; 977; 87; 35.45; 999.7801171875; 19.203125
2026-07-07; 16:28:59; 1001; 91; 35.43; 999.8041015625; 19.1904296875
2026-07-07; 16:29:59; 1001; 91; 35.4; 999.8125390625; 19.2236328125
2026-07-07; 16:30:59; 1001; 91; 35.42; 999.7885546875; 19.1904296875
2026-07-07; 16:31:59; 1001; 91; 35.41; 999.7730078125; 19.177734375
2026-07-07; 16:32:59; 1001; 91; 35.44; 999.7844921875; 19.14453125
2026-07-07; 16:33:59; 977; 87; 35.42; 999.705859375; 19.1552734375
2026-07-07; 16:34:59; 1029; 95; 35.42; 999.72578125; 19.1552734375
2026-07-07; 16:35:59; 987; 89; 35.41; 999.7454296875; 19.189453125
2026-07-07; 16:36:59; 1001; 91; 35.4; 999.77734375; 19.201171875
2026-07-07; 16:37:59; 1029; 95; 35.43; 999.68625; 19.14453125
2026-07-07; 16:38:59; 1029; 95; 35.42; 999.6706640625; 19.1904296875
2026-07-07; 16:39:59; 1012; 93; 35.4; 999.72984375; 19.166015625
2026-07-07; 16:40:59; 1001; 91; 35.43; 999.68625; 19.2021484375
2026-07-07; 16:41:59; 987; 89; 35.44; 999.6466796875; 19.1796875
2026-07-07; 16:42:59; 987; 89; 35.42; 999.615546875; 19.1669921875
2026-07-07; 16:43:59; 1012; 93; 35.43; 999.63875; 19.1328125
2026-07-07; 16:44:59; 1029; 95; 35.45; 999.5871875; 19.1220703125
2026-07-07; 16:45:59; 1038; 97; 35.47; 999.646171875; 19.146484375
2026-07-07; 16:46:59; 1065; 101; 35.49; 999.642109375; 19.1240234375
2026-07-07; 16:47:59; 1053; 99; 35.5; 999.6025; 19.1357421875
2026-07-07; 16:48:59; 1090; 105; 35.45; 999.614765625; 19.1796875
2026-07-07; 16:49:59; 1107; 107; 35.48; 999.5989453125; 19.1689453125
2026-07-07; 16:50:59; 1107; 107; 35.48; 999.6066015625; 19.1806640625
2026-07-07; 16:51:59; 1107; 107; 35.45; 999.614765625; 19.2138671875
2026-07-07; 16:52:59; 1090; 105; 35.45; 999.6698828125; 19.2373046875
2026-07-07; 16:53:59; 1090; 105; 35.44; 999.681875; 19.203125
2026-07-07; 16:54:59; 1107; 107; 35.44; 999.6466796875; 19.2138671875
2026-07-07; 16:55:59; 1113; 108; 35.48; 999.70921875; 19.2265625
2026-07-07; 16:56:59; 1128; 110; 35.48; 999.6541015625; 19.2041015625
2026-07-07; 16:57:59; 1128; 110; 35.49; 999.6971875; 19.2158203125
2026-07-07; 16:58:59; 1128; 110; 35.45; 999.6346875; 19.2373046875
2026-07-07; 16:59:59; 1128; 110; 35.45; 999.71734375; 19.2607421875
2026-07-07; 17:00:59; 1140; 112; 35.44; 999.681875; 19.2490234375
2026-07-07; 17:01:59; 1140; 112; 35.4; 999.619609375; 19.29296875
2026-07-07; 17:02:59; 1128; 110; 35.45; 999.6346875; 19.2607421875
2026-07-07; 17:03:59; 1140; 112; 35.44; 999.6466796875; 19.283203125
2026-07-07; 17:05:00; 1140; 112; 35.44; 999.654296875; 19.2607421875
2026-07-07; 17:06:00; 1128; 110; 35.44; 999.681875; 19.2724609375
2026-07-07; 17:07:00; 1128; 110; 35.45; 999.614765625; 19.2490234375
2026-07-07; 17:08:00; 1128; 110; 35.43; 999.6311328125; 19.259765625
2026-07-07; 17:09:00; 1128; 110; 35.41; 999.662734375; 19.2705078125
2026-07-07; 17:10:00; 1107; 107; 35.44; 999.6466796875; 19.271484375
2026-07-07; 17:11:00; 1113; 108; 35.45; 999.6423046875; 19.2373046875
2026-07-07; 17:12:00; 1113; 108; 35.43; 999.658671875; 19.224609375
2026-07-07; 17:13:00; 1113; 108; 35.47; 999.6385546875; 19.1923828125
2026-07-07; 17:14:00; 1113; 108; 35.49; 999.6221875; 19.1357421875
2026-07-07; 17:15:00; 1107; 107; 35.45; 999.607109375; 19.19140625
2026-07-07; 17:16:00; 1090; 105; 35.44; 999.654296875; 19.203125
2026-07-07; 17:17:00; 1065; 101; 35.45; 999.469296875; 19.19140625
2026-07-07; 17:18:00; 1065; 101; 35.48; 999.551484375; 19.0888671875
2026-07-07; 17:19:00; 1012; 93; 35.44; 999.4889453125; 19.1337890625
2026-07-07; 17:20:00; 1029; 95; 35.45; 999.5244140625; 19.029296875
2026-07-07; 17:21:00; 1001; 91; 35.43; 999.5009375; 19.109375
2026-07-07; 17:22:00; 977; 87; 35.44; 999.5915234375; 19.109375
2026-07-07; 17:23:00; 923; 79; 35.43; 999.5836328125; 19.09765625
2026-07-07; 17:24:00; 945; 83; 35.46; 999.57515625; 19.0419921875
2026-07-07; 17:25:00; 956; 84; 35.43; 999.5759765625; 18.970703125
2026-07-07; 17:26:00; 956; 84; 35.43; 999.6938671875; 19.0166015625
2026-07-07; 17:27:00; 967; 86; 35.41; 999.710234375; 19.0390625
2026-07-07; 17:28:00; 977; 87; 35.45; 999.5795703125; 18.9716796875
2026-07-07; 17:29:00; 1001; 91; 35.43; 999.5484375; 19.0517578125
2026-07-07; 17:30:00; 987; 89; 35.43; 999.49328125; 18.970703125
2026-07-07; 17:31:00; 1038; 97; 35.43; 999.5284765625; 19.0517578125
2026-07-07; 17:32:00; 1038; 97; 35.44; 999.5165234375; 19.041015625
2026-07-07; 17:33:00; 1053; 99; 35.45; 999.5320703125; 19.052734375
2026-07-07; 17:34:00; 1053; 99; 35.43; 999.5009375; 19.0400390625
2026-07-07; 17:35:00; 1053; 99; 35.44; 999.4889453125; 18.994140625
2026-07-07; 17:36:00; 1065; 101; 35.47; 999.48078125; 18.9375
2026-07-07; 17:37:00; 1053; 99; 35.44; 999.4613671875; 19.041015625
2026-07-07; 17:38:00; 1012; 93; 35.47; 999.6385546875; 18.99609375
2026-07-07; 17:39:00; 1038; 97; 35.47; 999.4256640625; 18.9033203125
2026-07-07; 17:40:00; 1053; 99; 35.46; 999.512421875; 18.9140625
2026-07-07; 17:41:00; 1029; 95; 35.46; 999.4848828125; 18.9482421875
2026-07-07; 17:42:00; 1038; 97; 35.45; 999.5044921875; 18.87890625
2026-07-07; 17:43:00; 1038; 97; 35.44; 999.571640625; 18.9140625
2026-07-07; 17:44:00; 1038; 97; 35.45; 999.5044921875; 18.9248046875
2026-07-07; 17:45:00; 1029; 95; 35.42; 999.4578125; 18.935546875
2026-07-07; 17:46:00; 1029; 95; 35.42; 999.5129296875; 18.84375
2026-07-07; 17:47:00; 987; 89; 35.41; 999.4973828125; 18.8662109375
2026-07-07; 17:48:01; 977; 87; 35.43; 999.5484375; 18.80859375
2026-07-07; 17:49:01; 977; 87; 35.4; 999.536953125; 18.865234375
2026-07-07; 17:50:01; 967; 86; 35.4; 999.556875; 18.9462890625
2026-07-07; 17:51:01; 923; 79; 35.4; 999.529296875; 18.7265625
2026-07-07; 17:52:01; 945; 83; 35.4; 999.529296875; 18.8076171875
2026-07-07; 17:53:01; 933; 81; 35.4; 999.5844140625; 18.865234375
2026-07-07; 17:54:01; 933; 81; 35.4; 999.536953125; 18.876953125
2026-07-07; 17:55:01; 933; 81; 35.38; 999.5609375; 18.830078125
2026-07-07; 17:56:01; 945; 83; 35.38; 999.470625; 18.818359375
2026-07-07; 17:57:01; 956; 84; 35.4; 999.481796875; 18.853515625
2026-07-07; 17:58:01; 933; 81; 35.39; 999.46625; 18.853515625
2026-07-07; 17:59:01; 945; 83; 35.39; 999.576484375; 18.7841796875
2026-07-07; 18:00:01; 945; 83; 35.38; 999.533359375; 18.841796875
2026-07-07; 18:01:01; 945; 83; 35.36; 999.5298046875; 18.86328125
2026-07-07; 18:02:01; 923; 79; 35.39; 999.4586328125; 18.853515625
2026-07-07; 18:03:01; 902; 76; 35.4; 999.481796875; 18.71484375
2026-07-07; 18:04:01; 918; 78; 35.38; 999.4981640625; 18.806640625
2026-07-07; 18:05:01; 891; 74; 35.41; 999.5173046875; 18.6923828125
2026-07-07; 18:06:01; 891; 74; 35.39; 999.51375; 18.794921875
2026-07-07; 18:07:01; 891; 74; 35.39; 999.4586328125; 18.703125
2026-07-07; 18:08:01; 902; 76; 35.38; 999.4782421875; 18.6796875
2026-07-07; 18:09:01; 902; 76; 35.38; 999.4782421875; 18.65625
2026-07-07; 18:10:01; 918; 78; 35.39; 999.4111328125; 18.7265625
2026-07-07; 18:11:01; 918; 78; 35.4; 999.4190625; 18.6220703125
2026-07-07; 18:12:01; 902; 76; 35.4; 999.481796875; 18.564453125
2026-07-07; 18:13:01; 902; 76; 35.35; 999.4866796875; 18.701171875
2026-07-07; 18:14:01; 882; 73; 35.36; 999.4471484375; 18.736328125
2026-07-07; 18:15:01; 882; 73; 35.38; 999.4506640625; 18.66796875
2026-07-07; 18:16:01; 877; 72; 35.39; 999.46625; 18.587890625
2026-07-07; 18:17:01; 877; 72; 35.34; 999.4239453125; 18.724609375
2026-07-07; 18:18:01; 882; 73; 35.34; 999.4790625; 18.701171875
2026-07-07; 18:19:01; 882; 73; 35.36; 999.4826171875; 18.7021484375
2026-07-07; 18:20:01; 902; 76; 35.35; 999.494609375; 18.724609375
2026-07-07; 18:21:01; 902; 76; 35.36; 999.537734375; 18.5859375
2026-07-07; 18:22:01; 902; 76; 35.38; 999.55328125; 18.7255859375
2026-07-07; 18:23:01; 891; 74; 35.36; 999.4746875; 18.6435546875
2026-07-07; 18:24:01; 882; 73; 35.34; 999.5066015625; 18.701171875
2026-07-07; 18:25:01; 877; 72; 35.35; 999.569375; 18.6552734375
2026-07-07; 18:26:01; 863; 70; 35.34; 999.4711328125; 18.6201171875
2026-07-07; 18:27:01; 863; 70; 35.32; 999.5226953125; 18.6650390625
2026-07-07; 18:28:01; 877; 72; 35.33; 999.4359375; 18.642578125
2026-07-07; 18:29:01; 877; 72; 35.35; 999.5142578125; 18.5625
2026-07-07; 18:30:01; 877; 72; 35.32; 999.3848828125; 18.630859375
2026-07-07; 18:31:02; 882; 73; 35.34; 999.4987109375; 18.5625
2026-07-07; 18:32:02; 882; 73; 35.33; 999.56578125; 18.5849609375
2026-07-07; 18:33:02; 882; 73; 35.3; 999.499453125; 18.6416015625
2026-07-07; 18:34:02; 877; 72; 35.3; 999.499453125; 18.6298828125
2026-07-07; 18:35:02; 863; 70; 35.32; 999.4124609375; 18.595703125
2026-07-07; 18:36:02; 877; 72; 35.3; 999.5545703125; 18.5380859375
2026-07-07; 18:37:02; 863; 70; 35.3; 999.4915625; 18.583984375
2026-07-07; 18:38:02; 851; 68; 35.33; 999.5382421875; 18.55078125
2026-07-07; 18:39:02; 851; 68; 35.33; 999.5382421875; 18.52734375
2026-07-07; 18:40:02; 851; 68; 35.3; 999.4719140625; 18.560546875
2026-07-07; 18:41:02; 851; 68; 35.31; 999.542578125; 18.5263671875
2026-07-07; 18:42:02; 851; 68; 35.3; 999.5191015625; 18.537109375
2026-07-07; 18:43:02; 851; 68; 35.27; 999.5630078125; 18.5126953125
2026-07-07; 18:44:02; 846; 67; 35.29; 999.503515625; 18.4912109375
2026-07-07; 18:45:02; 851; 68; 35.26; 999.49234375; 18.5126953125
2026-07-07; 18:46:02; 851; 68; 35.29; 999.5390234375; 18.4560546875
2026-07-07; 18:47:02; 846; 67; 35.29; 999.503515625; 18.4912109375
2026-07-07; 18:48:02; 846; 67; 35.3; 999.57421875; 18.421875
2026-07-07; 18:49:02; 846; 67; 35.27; 999.4527734375; 18.478515625
2026-07-07; 18:50:02; 836; 66; 35.31; 999.4519921875; 18.4111328125
2026-07-07; 18:51:02; 836; 66; 35.28; 999.5234375; 18.4794921875
2026-07-07; 18:52:02; 836; 66; 35.28; 999.5234375; 18.4677734375
2026-07-07; 18:53:02; 836; 66; 35.27; 999.53546875; 18.466796875
2026-07-07; 18:54:02; 821; 64; 35.32; 999.4951171875; 18.3994140625
2026-07-07; 18:55:02; 821; 64; 35.27; 999.53546875; 18.443359375
2026-07-07; 18:56:02; 821; 64; 35.3; 999.6017578125; 18.38671875
2026-07-07; 18:57:02; 817; 63; 35.28; 999.598203125; 18.3173828125
2026-07-07; 18:58:02; 817; 63; 35.31; 999.542578125; 18.365234375
2026-07-07; 18:59:02; 821; 64; 35.28; 999.66125; 18.3984375
2026-07-07; 19:00:02; 817; 63; 35.26; 999.6497265625; 18.419921875
2026-07-07; 19:01:02; 808; 62; 35.26; 999.630078125; 18.3974609375
2026-07-07; 19:02:02; 800; 60; 35.25; 999.5869921875; 18.3623046875
2026-07-07; 19:03:02; 808; 62; 35.24; 999.543828125; 18.396484375
2026-07-07; 19:04:02; 808; 62; 35.26; 999.594609375; 18.455078125
2026-07-07; 19:05:02; 808; 62; 35.27; 999.6180859375; 18.4091796875
2026-07-07; 19:06:02; 808; 62; 35.27; 999.61015625; 18.3740234375
2026-07-07; 19:07:02; 817; 63; 35.26; 999.6221875; 18.419921875
2026-07-07; 19:08:02; 817; 63; 35.22; 999.5402734375; 18.453125
2026-07-07; 19:09:02; 808; 62; 35.21; 999.5601953125; 18.4765625
2026-07-07; 19:10:02; 800; 60; 35.21; 999.5601953125; 18.4072265625
2026-07-07; 19:11:02; 800; 60; 35.21; 999.53265625; 18.4072265625
2026-07-07; 19:12:02; 800; 60; 35.21; 999.5798046875; 18.3955078125
2026-07-07; 19:13:02; 808; 62; 35.23; 999.465546875; 18.3955078125
2026-07-07; 19:14:03; 817; 63; 35.2; 999.48953125; 18.40625
2026-07-07; 19:15:03; 817; 63; 35.23; 999.4930859375; 18.3955078125
2026-07-07; 19:16:03; 836; 66; 35.2; 999.5170703125; 18.41796875
2026-07-07; 19:17:03; 836; 66; 35.22; 999.512734375; 18.3955078125
2026-07-07; 19:18:03; 821; 64; 35.21; 999.53265625; 18.3720703125
2026-07-07; 19:19:03; 817; 63; 35.22; 999.5402734375; 18.3837890625
2026-07-07; 19:20:03; 821; 64; 35.19; 999.5015234375; 18.39453125
2026-07-07; 19:21:03; 800; 60; 35.18; 999.430859375; 18.39453125
2026-07-07; 19:22:03; 808; 62; 35.22; 999.4851953125; 18.4072265625
2026-07-07; 19:23:03; 817; 63; 35.18; 999.4780078125; 18.4169921875
2026-07-07; 19:24:03; 808; 62; 35.18; 999.430859375; 18.3828125
2026-07-07; 19:25:03; 800; 60; 35.18; 999.5134765625; 18.3359375
2026-07-07; 19:26:03; 793; 59; 35.17; 999.470390625; 18.37109375
2026-07-07; 19:27:03; 800; 60; 35.17; 999.470390625; 18.359375
2026-07-07; 19:28:03; 800; 60; 35.18; 999.4583984375; 18.3359375
2026-07-07; 19:29:03; 780; 57; 35.19; 999.4384765625; 18.359375
2026-07-07; 19:30:03; 780; 57; 35.17; 999.4624609375; 18.37109375
2026-07-07; 19:31:03; 793; 59; 35.17; 999.49; 18.37109375
2026-07-07; 19:32:03; 808; 62; 35.17; 999.4979296875; 18.3818359375
2026-07-07; 19:33:03; 800; 60; 35.16; 999.52953125; 18.3818359375
2026-07-07; 19:34:03; 793; 59; 35.16; 999.4823828125; 18.34765625
2026-07-07; 19:35:03; 793; 59; 35.19; 999.4660546875; 18.37109375
2026-07-07; 19:36:03; 793; 59; 35.19; 999.5015234375; 18.3486328125
2026-07-07; 19:37:03; 800; 60; 35.18; 999.505546875; 18.359375
2026-07-07; 19:38:03; 808; 62; 35.19; 999.556640625; 18.3828125
2026-07-07; 19:39:03; 808; 62; 35.16; 999.391796875; 18.3701171875
2026-07-07; 19:40:03; 817; 63; 35.17; 999.6081640625; 18.3359375
2026-07-07; 19:41:03; 817; 63; 35.17; 999.434921875; 18.37109375
2026-07-07; 19:42:03; 817; 63; 35.14; 999.4983984375; 18.333984375
2026-07-07; 19:43:03; 800; 60; 35.17; 999.553046875; 18.34765625
2026-07-07; 19:44:03; 808; 62; 35.19; 999.5015234375; 18.37109375
2026-07-07; 19:45:03; 808; 62; 35.17; 999.49; 18.359375
2026-07-07; 19:46:03; 800; 60; 35.17; 999.470390625; 18.34765625
2026-07-07; 19:47:03; 800; 60; 35.15; 999.5691015625; 18.3349609375
2026-07-07; 19:48:03; 808; 62; 35.16; 999.5374609375; 18.3125
2026-07-07; 19:49:03; 808; 62; 35.19; 999.6392578125; 18.3369140625
2026-07-07; 19:50:03; 800; 60; 35.18; 999.65125; 18.34765625
2026-07-07; 19:51:03; 800; 60; 35.16; 999.7303125; 18.34765625
2026-07-07; 19:52:03; 793; 59; 35.16; 999.6673046875; 18.3583984375
2026-07-07; 19:53:03; 793; 59; 35.17; 999.6828515625; 18.34765625
2026-07-07; 19:54:03; 793; 59; 35.15; 999.7147265625; 18.369140625
2026-07-07; 19:55:03; 780; 57; 35.14; 999.6361328125; 18.380859375
2026-07-07; 19:56:04; 793; 59; 35.15; 999.742265625; 18.380859375
2026-07-07; 19:57:04; 800; 60; 35.13; 999.7111328125; 18.4033203125
2026-07-07; 19:58:04; 800; 60; 35.15; 999.65171875; 18.404296875
2026-07-07; 19:59:04; 800; 60; 35.14; 999.8369140625; 18.404296875
2026-07-07; 20:00:04; 808; 62; 35.13; 999.7937890625; 18.4384765625
2026-07-07; 20:01:04; 808; 62; 35.14; 999.8014453125; 18.369140625
2026-07-07; 20:02:04; 817; 63; 35.13; 999.821328125; 18.4384765625
2026-07-07; 20:03:04; 808; 62; 35.13; 999.8134375; 18.4150390625
2026-07-07; 20:04:04; 800; 60; 35.11; 999.76265625; 18.4375
2026-07-07; 20:05:04; 793; 59; 35.13; 999.7937890625; 18.4267578125
2026-07-07; 20:06:04; 793; 59; 35.13; 999.903984375; 18.3916015625
2026-07-07; 20:07:04; 759; 54; 35.13; 999.84890625; 18.4384765625
2026-07-07; 20:08:04; 759; 54; 35.11; 999.8924609375; 18.4140625
2026-07-07; 20:09:04; 740; 51; 35.13; 999.8409765625; 18.4384765625
2026-07-07; 20:10:04; 740; 51; 35.12; 999.88046875; 18.42578125
2026-07-07; 20:11:04; 726; 49; 35.12; 999.825390625; 18.4150390625
2026-07-07; 20:12:04; 714; 47; 35.12; 999.860859375; 18.4267578125
2026-07-07; 20:13:04; 699; 45; 35.14; 999.864453125; 18.416015625
2026-07-07; 20:14:04; 699; 45; 35.12; 999.7978125; 18.4033203125
2026-07-07; 20:15:04; 694; 44; 35.11; 999.7901953125; 18.3916015625
2026-07-07; 20:16:04; 694; 44; 35.12; 999.9159375; 18.4033203125
2026-07-07; 20:17:04; 699; 45; 35.1; 999.8573046875; 18.4365234375
2026-07-07; 20:18:04; 699; 45; 35.13; 999.84890625; 18.4267578125
2026-07-07; 20:19:04; 694; 44; 35.12; 999.7978125; 18.4375
2026-07-07; 20:20:04; 699; 45; 35.09; 999.7866015625; 18.4248046875
2026-07-07; 20:21:04; 714; 47; 35.11; 999.7901953125; 18.44921875
2026-07-07; 20:22:04; 733; 50; 35.09; 999.814140625; 18.4599609375
2026-07-07; 20:23:04; 740; 51; 35.07; 999.8931640625; 18.435546875
2026-07-07; 20:24:04; 748; 53; 35.09; 999.8692578125; 18.4482421875
2026-07-07; 20:25:04; 765; 55; 35.08; 999.845703125; 18.470703125
2026-07-07; 20:26:04; 765; 55; 35.11; 999.864921875; 18.4482421875
2026-07-07; 20:27:04; 774; 56; 35.13; 999.92359375; 18.4267578125
2026-07-07; 20:28:04; 726; 49; 35.12; 999.825390625; 18.42578125
2026-07-07; 20:29:04; 714; 47; 35.15; 999.8800390625; 18.380859375
2026-07-07; 20:30:04; 682; 42; 35.11; 999.817734375; 18.3330078125
2026-07-07; 20:31:04; 699; 45; 35.1; 999.8297265625; 18.4140625
2026-07-07; 20:32:04; 682; 42; 35.13; 999.8764453125; 18.3798828125
2026-07-07; 20:33:04; 682; 42; 35.1; 999.8021875; 18.37890625
2026-07-07; 20:34:04; 694; 44; 35.11; 999.8728515625; 18.4140625
2026-07-07; 20:35:04; 678; 42; 35.12; 999.860859375; 18.3916015625
2026-07-07; 20:36:04; 678; 42; 35.07; 999.9207421875; 18.423828125
2026-07-07; 20:37:04; 678; 42; 35.11; 999.8728515625; 18.4375
2026-07-07; 20:38:04; 694; 44; 35.1; 999.9044140625; 18.3671875
2026-07-07; 20:39:05; 699; 45; 35.09; 999.83375; 18.4482421875
2026-07-07; 20:40:05; 699; 45; 35.06; 999.7949609375; 18.458984375
2026-07-07; 20:41:05; 671; 41; 35.08; 999.818203125; 18.4248046875
2026-07-07; 20:42:05; 678; 42; 35.12; 999.860859375; 18.4150390625
2026-07-07; 20:43:05; 650; 38; 35.09; 999.861328125; 18.3896484375
2026-07-07; 20:44:05; 650; 38; 35.09; 999.8416796875; 18.4482421875
2026-07-07; 20:45:05; 671; 41; 35.05; 999.8421484375; 18.4931640625
2026-07-07; 20:46:05; 665; 40; 35.05; 999.8344921875; 18.4814453125
2026-07-07; 20:47:05; 678; 42; 35.08; 999.853671875; 18.505859375
2026-07-07; 20:48:05; 650; 38; 35.08; 999.853671875; 18.4365234375
2026-07-07; 20:49:05; 650; 38; 35.06; 999.932734375; 18.4814453125
2026-07-07; 20:50:05; 656; 39; 35.05; 999.8972265625; 18.5166015625
2026-07-07; 20:51:05; 671; 41; 35.05; 999.8696484375; 18.5166015625
2026-07-07; 20:52:05; 671; 41; 35.06; 999.90515625; 18.5166015625
2026-07-07; 20:53:05; 678; 42; 35.1; 999.9044140625; 18.4482421875
2026-07-07; 20:54:05; 682; 42; 35.05; 999.8972265625; 18.4931640625
2026-07-07; 20:55:05; 694; 44; 35.05; 999.9446875; 18.55078125
2026-07-07; 20:56:05; 682; 42; 35.06; 999.9128125; 18.55078125
2026-07-07; 20:57:05; 706; 46; 35.05; 999.9722265625; 18.57421875
2026-07-07; 20:58:05; 699; 45; 35.11; 999.975078125; 18.4951171875
2026-07-07; 20:59:05; 694; 44; 35.03; 1000.0237109375; 18.5498046875
2026-07-07; 21:00:05; 699; 45; 35.05; 999.9722265625; 18.57421875
2026-07-07; 21:01:05; 706; 46; 35.06; 999.9877734375; 18.5625
2026-07-07; 21:02:05; 694; 44; 35.06; 999.960234375; 18.5166015625
2026-07-07; 21:03:05; 694; 44; 35.01; 1000.0751953125; 18.5263671875
2026-07-07; 21:04:05; 671; 41; 35.03; 1000.0237109375; 18.5498046875
2026-07-07; 21:05:05; 650; 38; 35.04; 1000.0469140625; 18.4697265625
2026-07-07; 21:06:05; 656; 39; 35.06; 1000.0704296875; 18.4814453125
2026-07-07; 21:07:05; 643; 37; 35.03; 1000.1338671875; 18.5498046875
2026-07-07; 21:08:05; 643; 37; 35.08; 1000.0936328125; 18.5517578125
2026-07-07; 21:09:05; 656; 39; 35.08; 1000.1016015625; 18.517578125
2026-07-07; 21:10:05; 650; 38; 35.05; 1000.0900390625; 18.5048828125
2026-07-07; 21:11:05; 650; 38; 35.08; 1000.0189453125; 18.517578125
2026-07-07; 21:12:05; 665; 40; 35.08; 1000.0189453125; 18.5400390625
2026-07-07; 21:13:05; 656; 39; 35.06; 1000.02296875; 18.55078125
2026-07-07; 21:14:05; 665; 40; 35.04; 1000.01171875; 18.5263671875
2026-07-07; 21:15:05; 656; 39; 35.03; 1000.05125; 18.5849609375
2026-07-07; 21:16:05; 656; 39; 35.07; 1000.0859765625; 18.5517578125
2026-07-07; 21:17:05; 650; 38; 35.06; 999.9954296875; 18.5048828125
2026-07-07; 21:18:05; 640; 36; 35.06; 1000.0780859375; 18.4931640625
2026-07-07; 21:19:05; 643; 37; 35.08; 999.99140625; 18.5400390625
2026-07-07; 21:20:05; 640; 36; 35.03; 1000.05125; 18.5380859375
2026-07-07; 21:21:05; 650; 38; 35.06; 1000.0780859375; 18.5390625
2026-07-07; 21:22:06; 650; 38; 35.09; 1000.0266015625; 18.5283203125
2026-07-07; 21:23:06; 656; 39; 35.06; 999.9954296875; 18.5625
2026-07-07; 21:24:06; 665; 40; 35.02; 1000.0356640625; 18.6064453125
2026-07-07; 21:25:06; 682; 42; 34.97; 1000.0483203125; 18.6513671875
2026-07-07; 21:26:06; 682; 42; 35.05; 1000.0548828125; 18.5849609375
2026-07-07; 21:27:06; 694; 44; 35.01; 1000.1103515625; 18.6064453125
2026-07-07; 21:28:06; 694; 44; 34.99; 1000.051640625; 18.5712890625
2026-07-07; 21:29:06; 699; 45; 34.99; 1000.0715625; 18.65234375
2026-07-07; 21:30:06; 706; 46; 34.95; 1000.0640234375; 18.6962890625
2026-07-07; 21:31:06; 694; 44; 35.01; 1000.0476171875; 18.6064453125
2026-07-07; 21:32:06; 671; 41; 35.06; 1000.0780859375; 18.5390625
2026-07-07; 21:33:06; 678; 42; 35.0; 1000.0595703125; 18.6064453125
2026-07-07; 21:34:06; 671; 41; 35.04; 1000.01171875; 18.607421875
2026-07-07; 21:35:06; 678; 42; 35.0; 1000.087109375; 18.65234375
2026-07-07; 21:36:06; 671; 41; 34.99; 1000.126640625; 18.6630859375
2026-07-07; 21:37:06; 678; 42; 35.03; 1000.05125; 18.630859375
2026-07-07; 21:38:06; 678; 42; 35.01; 1000.1654296875; 18.6650390625
2026-07-07; 21:39:06; 694; 44; 34.98; 1000.1737890625; 18.6748046875
2026-07-07; 21:40:06; 699; 45; 34.99; 1000.0715625; 18.6982421875
2026-07-07; 21:41:06; 714; 47; 34.97; 1000.21359375; 18.708984375
2026-07-07; 21:42:06; 726; 49; 34.95; 1000.20171875; 18.73046875
2026-07-07; 21:43:06; 714; 47; 34.97; 1000.205625; 18.732421875
2026-07-07; 21:44:06; 714; 47; 34.99; 1000.18171875; 18.6630859375
2026-07-07; 21:45:06; 714; 47; 34.97; 1000.21359375; 18.697265625
2026-07-07; 21:46:06; 706; 46; 34.94; 1000.2687890625; 18.73046875
2026-07-07; 21:47:06; 699; 45; 34.97; 1000.3512890625; 18.708984375
2026-07-07; 21:48:06; 694; 44; 34.97; 1000.3158203125; 18.732421875
2026-07-07; 21:49:06; 682; 42; 34.97; 1000.2607421875; 18.732421875
2026-07-07; 21:50:06; 694; 44; 34.94; 1000.3513671875; 18.75390625
2026-07-07; 21:51:06; 682; 42; 34.95; 1000.256796875; 18.75390625
2026-07-07; 21:52:06; 694; 44; 34.87; 1000.332890625; 18.7744140625
2026-07-07; 21:53:06; 678; 42; 34.92; 1000.2730859375; 18.7998046875
2026-07-07; 21:54:06; 665; 40; 34.96; 1000.3908203125; 18.720703125
2026-07-07; 21:55:06; 671; 41; 34.91; 1000.3753125; 18.7646484375
2026-07-07; 21:56:06; 678; 42; 34.88; 1000.46625; 18.8212890625
2026-07-07; 21:57:06; 678; 42; 34.87; 1000.4230859375; 18.85546875
2026-07-07; 21:58:06; 682; 42; 34.87; 1000.53328125; 18.8203125
2026-07-07; 21:59:06; 706; 46; 34.83; 1000.5259765625; 18.876953125
2026-07-07; 22:00:06; 699; 45; 34.83; 1000.443359375; 18.8876953125
2026-07-07; 22:01:06; 699; 45; 34.81; 1000.5146875; 18.9443359375
2026-07-07; 22:02:06; 699; 45; 34.82; 1000.5302734375; 18.9111328125
2026-07-07; 22:03:06; 694; 44; 34.81; 1000.467265625; 18.93359375
2026-07-07; 22:04:06; 699; 45; 34.77; 1000.578046875; 18.9443359375
2026-07-07; 22:05:07; 699; 45; 34.75; 1000.464296875; 18.931640625
2026-07-07; 22:06:07; 682; 42; 34.81; 1000.52234375; 18.921875
2026-07-07; 22:07:07; 694; 44; 34.74; 1000.46828125; 18.953125
2026-07-07; 22:08:07; 694; 44; 34.77; 1000.4875; 18.931640625
2026-07-07; 22:09:07; 682; 42; 34.83; 1000.60859375; 18.9228515625
2026-07-07; 22:10:07; 682; 42; 34.86; 1000.59265625; 18.8896484375
2026-07-07; 22:11:07; 678; 42; 34.89; 1000.556796875; 18.8564453125
2026-07-07; 22:12:07; 682; 42; 34.85; 1000.612265625; 18.8662109375
2026-07-07; 22:13:07; 699; 45; 34.78; 1000.64078125; 18.966796875
2026-07-07; 22:14:07; 694; 44; 34.81; 1000.5973046875; 18.9677734375
2026-07-07; 22:15:07; 694; 44; 34.82; 1000.56546875; 18.9462890625
2026-07-07; 22:16:07; 706; 46; 34.82; 1000.6404296875; 18.98046875
2026-07-07; 22:17:07; 726; 49; 34.84; 1000.65171875; 18.923828125
2026-07-07; 22:18:07; 733; 50; 34.8; 1000.671953125; 19.001953125
2026-07-07; 22:19:07; 740; 51; 34.77; 1000.633125; 19.001953125
2026-07-07; 22:20:07; 740; 51; 34.81; 1000.65234375; 18.9794921875
2026-07-07; 22:21:07; 759; 54; 34.74; 1000.696484375; 19.0576171875
2026-07-07; 22:22:07; 765; 55; 34.74; 1000.6609765625; 19.0458984375
2026-07-07; 22:23:07; 765; 55; 34.75; 1000.6490625; 19.03515625
2026-07-07; 22:24:07; 740; 51; 34.84; 1000.6716015625; 18.98046875
2026-07-07; 22:25:07; 759; 54; 34.82; 1000.6955078125; 19.0146484375
2026-07-07; 22:26:07; 765; 55; 34.72; 1000.7478515625; 19.091796875
2026-07-07; 22:27:07; 780; 57; 34.66; 1000.626796875; 19.1357421875
2026-07-07; 22:28:07; 793; 59; 34.68; 1000.705390625; 19.1357421875
2026-07-07; 22:29:07; 780; 57; 34.63; 1000.690078125; 19.1572265625
2026-07-07; 22:30:07; 740; 51; 34.73; 1000.7280078125; 19.103515625
2026-07-07; 22:31:07; 726; 49; 34.78; 1000.723359375; 19.0478515625
2026-07-07; 22:32:07; 740; 51; 34.73; 1000.7634765625; 19.080078125
2026-07-07; 22:33:07; 740; 51; 34.71; 1000.75984375; 19.1494140625
2026-07-07; 22:34:07; 740; 51; 34.7; 1000.7992578125; 19.16015625
2026-07-07; 22:35:07; 759; 54; 34.73; 1000.7634765625; 19.138671875
2026-07-07; 22:36:07; 765; 55; 34.7; 1000.791640625; 19.16015625
2026-07-07; 22:37:07; 774; 56; 34.73; 1000.838125; 19.115234375
2026-07-07; 22:38:07; 793; 59; 34.66; 1000.8194921875; 19.2158203125
2026-07-07; 22:39:07; 800; 60; 34.65; 1000.8237890625; 19.21484375
2026-07-07; 22:40:07; 793; 59; 34.6; 1000.8164453125; 19.259765625
2026-07-07; 22:41:07; 800; 60; 34.6; 1000.78890625; 19.259765625
2026-07-07; 22:42:07; 800; 60; 34.65; 1000.8237890625; 19.26171875
2026-07-07; 22:43:07; 800; 60; 34.7; 1000.8543359375; 19.1943359375
2026-07-07; 22:44:07; 808; 62; 34.65; 1000.886484375; 19.28515625
2026-07-07; 22:45:07; 817; 63; 34.56; 1000.8916796875; 19.3388671875
2026-07-07; 22:46:07; 800; 60; 34.64; 1000.870859375; 19.2724609375
2026-07-07; 22:47:07; 800; 60; 34.64; 1000.91828125; 19.26171875
2026-07-07; 22:48:08; 800; 60; 34.61; 1000.8870703125; 19.294921875
2026-07-07; 22:49:08; 765; 55; 34.62; 1000.8396484375; 19.306640625
2026-07-07; 22:50:08; 774; 56; 34.59; 1000.9109375; 19.36328125
2026-07-07; 22:51:08; 780; 57; 34.53; 1000.94703125; 19.41796875
2026-07-07; 22:52:08; 759; 54; 34.55; 1000.9586328125; 19.4072265625
2026-07-07; 22:53:08; 780; 57; 34.52; 1000.939375; 19.453125
2026-07-07; 22:54:08; 759; 54; 34.53; 1000.9194921875; 19.44140625
2026-07-07; 22:55:08; 793; 59; 34.51; 1000.95125; 19.474609375
2026-07-07; 22:56:08; 800; 60; 34.48; 1000.9869921875; 19.5087890625
2026-07-07; 22:57:08; 793; 59; 34.45; 1001.0227734375; 19.5537109375
2026-07-07; 22:58:08; 780; 57; 34.47; 1001.0066015625; 19.5087890625
2026-07-07; 22:59:08; 793; 59; 34.45; 1001.0503125; 19.5302734375
2026-07-07; 23:00:08; 800; 60; 34.45; 1000.9478515625; 19.5537109375
2026-07-07; 23:01:08; 793; 59; 34.48; 1000.95953125; 19.5888671875
2026-07-07; 23:02:08; 793; 59; 34.43; 1000.96375; 19.6220703125
2026-07-07; 23:03:08; 800; 60; 34.35; 1000.976484375; 19.6640625
2026-07-07; 23:04:08; 793; 59; 34.37; 1000.933125; 19.6884765625
2026-07-07; 23:05:08; 800; 60; 34.44; 1001.006875; 19.66796875
2026-07-07; 23:06:08; 800; 60; 34.37; 1000.933125; 19.6767578125
2026-07-07; 23:07:08; 808; 62; 34.41; 1001.0701171875; 19.6787109375
2026-07-07; 23:08:08; 800; 60; 34.38; 1000.97625; 19.7119140625
2026-07-07; 23:09:08; 793; 59; 34.4; 1001.0349609375; 19.724609375
2026-07-07; 23:10:08; 793; 59; 34.41; 1001.0780859375; 19.6904296875
2026-07-07; 23:11:08; 800; 60; 34.41; 1001.12515625; 19.712890625
2026-07-07; 23:12:08; 800; 60; 34.42; 1001.0857421875; 19.724609375
2026-07-07; 23:13:08; 808; 62; 34.44; 1001.089453125; 19.69140625
2026-07-07; 23:14:08; 793; 59; 34.42; 1001.1487109375; 19.7138671875
2026-07-07; 23:15:08; 793; 59; 34.41; 1001.1881640625; 19.759765625
2026-07-07; 23:16:08; 800; 60; 34.39; 1001.1765234375; 19.7470703125
2026-07-07; 23:17:08; 808; 62; 34.39; 1001.211953125; 19.81640625
2026-07-07; 23:18:08; 800; 60; 34.42; 1001.19578125; 19.7822265625
2026-07-07; 23:19:08; 793; 59; 34.39; 1001.211953125; 19.81640625
2026-07-07; 23:20:08; 793; 59; 34.38; 1001.2434375; 19.8037109375
2026-07-07; 23:21:08; 793; 59; 34.4; 1001.2471484375; 19.8046875
2026-07-07; 23:22:08; 793; 59; 34.37; 1001.23578125; 19.861328125
2026-07-07; 23:23:08; 793; 59; 34.39; 1001.2315625; 19.8388671875
2026-07-07; 23:24:08; 800; 60; 34.38; 1001.2709765625; 19.8271484375
2026-07-07; 23:25:08; 793; 59; 34.37; 1001.2278515625; 19.861328125
2026-07-07; 23:26:08; 800; 60; 34.38; 1001.2434375; 19.861328125
2026-07-07; 23:27:08; 793; 59; 34.37; 1001.310390625; 19.9072265625
2026-07-07; 23:28:08; 793; 59; 34.35; 1001.2320703125; 19.91796875
2026-07-07; 23:29:08; 800; 60; 34.35; 1001.3146484375; 19.91796875
2026-07-08; 01:56:27; 400; 0; 33.63; 1001.9534765625; 21.763671875
2026-07-08; 01:57:27; 400; 0; 33.59; 1001.92640625; 21.7841796875
2026-07-08; 01:58:27; 405; 0; 33.59; 1002.043984375; 21.7734375
2026-07-08; 01:59:27; 408; 1; 33.61; 1002.0676171875; 21.80859375
2026-07-08; 02:00:27; 400; 0; 33.58; 1001.993203125; 21.841796875
2026-07-08; 02:01:27; 403; 0; 33.64; 1002.0045703125; 21.798828125
2026-07-08; 02:02:27; 403; 0; 33.66; 1002.0080859375; 21.7763671875
2026-07-08; 02:03:27; 403; 0; 33.68; 1002.011875; 21.7890625
2026-07-08; 02:04:27; 403; 0; 33.69; 1001.9923046875; 21.7666015625
2026-07-08; 02:05:27; 403; 0; 33.78; 1001.98765625; 21.689453125
2026-07-08; 02:06:27; 406; 0; 33.73; 1002.0273828125; 21.7216796875
2026-07-08; 02:07:27; 406; 0; 33.71; 1002.0037890625; 21.7333984375
2026-07-08; 02:08:27; 409; 1; 33.77; 1002.0269921875; 21.666015625
2026-07-08; 02:09:27; 406; 0; 33.81; 1001.9875390625; 21.6572265625
2026-07-08; 02:10:27; 409; 1; 33.78; 1002.0426171875; 21.701171875
2026-07-08; 02:11:27; 409; 1; 33.8; 1001.9639453125; 21.6787109375
2026-07-08; 02:12:27; 406; 0; 33.73; 1002.0273828125; 21.7685546875
2026-07-08; 02:13:27; 414; 2; 33.7; 1002.043125; 21.7900390625
2026-07-08; 02:14:27; 414; 2; 33.74; 1001.995703125; 21.7685546875
2026-07-08; 02:15:27; 414; 2; 33.72; 1001.909453125; 21.755859375
2026-07-08; 02:16:27; 414; 2; 33.72; 1002.0117578125; 21.779296875
2026-07-08; 02:17:27; 414; 2; 33.73; 1001.944921875; 21.779296875
2026-07-08; 02:18:27; 414; 2; 33.79; 1001.98375; 21.736328125
2026-07-08; 02:19:27; 414; 2; 33.74; 1002.023203125; 21.7802734375
2026-07-08; 02:20:27; 417; 2; 33.73; 1002.0900390625; 21.826171875
2026-07-08; 02:21:27; 417; 2; 33.81; 1002.015; 21.7490234375
2026-07-08; 02:22:27; 414; 2; 33.85; 1002.1050390625; 21.740234375
2026-07-08; 02:23:27; 417; 2; 33.83; 1002.07375; 21.73828125
2026-07-08; 02:24:27; 421; 3; 33.78; 1002.0426171875; 21.81640625
2026-07-08; 02:25:27; 421; 3; 33.77; 1002.0269921875; 21.81640625
2026-07-08; 02:26:27; 420; 3; 33.85; 1002.0420703125; 21.7509765625
2026-07-08; 02:27:27; 420; 3; 33.81; 1002.1169921875; 21.7724609375
2026-07-08; 02:28:27; 422; 3; 33.91; 1002.128203125; 21.6962890625
2026-07-08; 02:29:27; 420; 3; 33.89; 1002.132109375; 21.7177734375
2026-07-08; 02:30:27; 426; 3; 33.84; 1002.1364453125; 21.7734375
2026-07-08; 02:31:27; 420; 3; 33.79; 1002.176171875; 21.828125
2026-07-08; 02:32:28; 420; 3; 33.82; 1002.16015625; 21.806640625
2026-07-08; 02:33:28; 420; 3; 33.78; 1002.133046875; 21.83984375
2026-07-08; 02:34:28; 420; 3; 33.71; 1002.14125; 21.9638671875
2026-07-08; 02:35:28; 420; 3; 33.79; 1002.1487109375; 21.86328125
2026-07-08; 02:36:28; 422; 3; 33.83; 1002.20328125; 21.8193359375
2026-07-08; 02:37:28; 422; 3; 33.82; 1002.2230859375; 21.853515625
2026-07-08; 02:38:28; 426; 3; 33.82; 1002.2151171875; 21.8759765625
2026-07-08; 02:39:28; 422; 3; 33.88; 1002.2539453125; 21.8095703125
2026-07-08; 02:40:28; 422; 3; 33.82; 1002.2701171875; 21.8525390625
2026-07-08; 02:41:28; 422; 3; 33.87; 1002.2108203125; 21.84375
2026-07-08; 02:42:28; 426; 3; 33.86; 1002.1951953125; 21.84375
2026-07-08; 02:43:28; 426; 3; 33.85; 1002.2620703125; 21.8779296875
2026-07-08; 02:44:28; 426; 3; 33.81; 1002.2544921875; 21.9560546875
2026-07-08; 02:45:28; 422; 3; 33.84; 1002.35640625; 21.9345703125
2026-07-08; 02:46:28; 426; 3; 33.76; 1002.32171875; 21.98828125
2026-07-08; 02:47:28; 422; 3; 33.75; 1002.33359375; 22.044921875
2026-07-08; 02:48:28; 422; 3; 33.77; 1002.301875; 22.0576171875
2026-07-08; 02:49:28; 420; 3; 33.75; 1002.30609375; 22.044921875
2026-07-08; 02:50:28; 420; 3; 33.78; 1002.2900390625; 22.0693359375
2026-07-08; 02:51:28; 416; 2; 33.72; 1002.286640625; 22.1591796875
2026-07-08; 02:52:28; 420; 3; 33.79; 1002.3606640625; 22.0927734375
2026-07-08; 02:53:28; 413; 1; 33.78; 1002.3255078125; 22.150390625
2026-07-08; 02:54:28; 413; 1; 33.77; 1002.356875; 22.126953125
2026-07-08; 02:55:28; 416; 2; 33.73; 1002.3023046875; 22.1591796875
2026-07-08; 02:56:28; 413; 1; 33.79; 1002.3881640625; 22.1044921875
2026-07-08; 02:57:28; 413; 1; 33.8; 1002.4037890625; 22.1162109375
2026-07-08; 02:58:28; 413; 1; 33.76; 1002.3962109375; 22.1953125
2026-07-08; 02:59:28; 408; 1; 33.77; 1002.39234375; 22.1728515625
2026-07-08; 03:00:28; 408; 1; 33.73; 1002.3847265625; 22.2060546875
2026-07-08; 03:01:28; 405; 0; 33.72; 1002.4240625; 22.2392578125
2026-07-08; 03:02:28; 406; 0; 33.74; 1002.4355859375; 22.240234375
2026-07-08; 03:03:28; 406; 0; 33.82; 1002.380078125; 22.140625
2026-07-08; 03:04:28; 406; 0; 33.77; 1002.4748046875; 22.2421875
2026-07-08; 03:05:28; 403; 0; 33.78; 1002.4629296875; 22.197265625
2026-07-08; 03:06:28; 400; 0; 33.76; 1002.4512109375; 22.287109375
2026-07-08; 03:07:28; 400; 0; 33.74; 1002.400390625; 22.287109375
2026-07-08; 03:08:28; 403; 0; 33.74; 1002.3729296875; 22.3212890625
2026-07-08; 03:09:28; 403; 0; 33.81; 1002.419453125; 22.244140625
2026-07-08; 03:10:28; 400; 0; 33.78; 1002.4275; 22.3115234375
2026-07-08; 03:11:28; 405; 0; 33.82; 1002.462578125; 22.267578125
2026-07-08; 03:12:28; 405; 0; 33.79; 1002.4431640625; 22.3115234375
2026-07-08; 03:13:28; 408; 1; 33.8; 1002.4312890625; 22.2783203125
2026-07-08; 03:14:29; 408; 1; 33.78; 1002.4275; 22.2880859375
2026-07-08; 03:15:29; 405; 0; 33.8; 1002.49421875; 22.34765625
2026-07-08; 03:16:29; 408; 1; 33.73; 1002.474921875; 22.390625
2026-07-08; 03:17:29; 408; 1; 33.75; 1002.416015625; 22.390625
2026-07-08; 03:18:29; 408; 1; 33.77; 1002.4668359375; 22.4150390625
2026-07-08; 03:19:29; 405; 0; 33.82; 1002.462578125; 22.3359375
2026-07-08; 03:20:29; 405; 0; 33.82; 1002.4980078125; 22.359375
2026-07-08; 03:21:29; 408; 1; 33.73; 1002.4947265625; 22.447265625
2026-07-08; 03:22:29; 408; 1; 33.81; 1002.4744140625; 22.3935546875
2026-07-08; 03:23:29; 400; 0; 33.74; 1002.4355859375; 22.4482421875
2026-07-08; 03:24:29; 405; 0; 33.78; 1002.43546875; 22.4384765625
2026-07-08; 03:25:29; 405; 0; 33.81; 1002.4548828125; 22.451171875
2026-07-08; 03:26:29; 405; 0; 33.78; 1002.5179296875; 22.4619140625
2026-07-08; 03:27:29; 400; 0; 33.8; 1002.4312890625; 22.4619140625
2026-07-08; 03:28:29; 400; 0; 33.75; 1002.443515625; 22.517578125
2026-07-08; 03:29:29; 408; 1; 33.74; 1002.490546875; 22.5400390625
2026-07-08; 03:30:29; 400; 0; 33.71; 1002.49859375; 22.5732421875
2026-07-08; 03:31:29; 405; 0; 33.83; 1002.4507421875; 22.4873046875
2026-07-08; 03:32:29; 402; 0; 33.88; 1002.5564453125; 22.419921875
2026-07-08; 03:33:29; 400; 0; 33.83; 1002.560703125; 22.4873046875
2026-07-08; 03:34:29; 407; 1; 33.8; 1002.46671875; 22.54296875
2026-07-08; 03:35:29; 407; 1; 33.7; 1002.4202734375; 22.65234375
2026-07-08; 03:36:29; 407; 1; 33.74; 1002.4828515625; 22.609375
2026-07-08; 03:37:29; 400; 0; 33.69; 1002.522265625; 22.6640625
2026-07-08; 03:38:29; 407; 1; 33.8; 1002.60421875; 22.5546875
2026-07-08; 03:39:29; 402; 0; 33.82; 1002.545078125; 22.56640625
2026-07-08; 03:40:29; 402; 0; 33.79; 1002.498125; 22.587890625
2026-07-08; 03:41:29; 402; 0; 33.71; 1002.4909375; 22.7109375
2026-07-08; 03:42:29; 402; 0; 33.68; 1002.479140625; 22.7900390625
2026-07-08; 03:43:29; 400; 0; 33.68; 1002.479140625; 22.7783203125
2026-07-08; 03:44:29; 400; 0; 33.71; 1002.47109375; 22.76953125
2026-07-08; 03:45:29; 402; 0; 33.71; 1002.44359375; 22.7919921875
2026-07-08; 03:46:29; 402; 0; 33.68; 1002.451640625; 22.84765625
2026-07-08; 03:47:29; 400; 0; 33.67; 1002.463515625; 22.84765625
2026-07-08; 03:48:29; 405; 0; 33.71; 1002.49859375; 22.7802734375
2026-07-08; 03:49:29; 400; 0; 33.79; 1002.470625; 22.7265625
2026-07-08; 03:50:29; 405; 0; 33.76; 1002.4787109375; 22.7705078125
2026-07-08; 03:51:29; 400; 0; 33.72; 1002.4515625; 22.849609375
2026-07-08; 03:52:29; 400; 0; 33.68; 1002.451640625; 22.9169921875
2026-07-08; 03:53:29; 400; 0; 33.65; 1002.3772265625; 22.94921875
2026-07-08; 03:54:29; 403; 0; 33.71; 1002.4161328125; 22.861328125
2026-07-08; 03:55:29; 403; 0; 33.69; 1002.4673046875; 22.89453125
2026-07-08; 03:56:29; 408; 1; 33.58; 1002.413125; 23.0498046875
2026-07-08; 03:57:30; 403; 0; 33.69; 1002.35734375; 22.962890625
2026-07-08; 03:58:30; 405; 0; 33.72; 1002.3691015625; 22.9189453125
2026-07-08; 03:59:30; 405; 0; 33.7; 1002.3180078125; 22.91796875
2026-07-08; 04:00:30; 405; 0; 33.7; 1002.3378515625; 22.962890625
2026-07-08; 04:01:30; 408; 1; 33.67; 1002.400859375; 22.951171875
2026-07-08; 04:02:30; 405; 0; 33.67; 1002.345859375; 23.0087890625
2026-07-08; 04:03:30; 400; 0; 33.65; 1002.3497265625; 23.052734375
2026-07-08; 04:04:30; 400; 0; 33.61; 1002.3344921875; 23.1435546875
2026-07-08; 04:05:30; 400; 0; 33.54; 1002.240625; 23.185546875
2026-07-08; 04:06:30; 400; 0; 33.62; 1002.275625; 23.1552734375
2026-07-08; 04:07:30; 400; 0; 33.71; 1002.278671875; 23.068359375
2026-07-08; 04:08:30; 400; 0; 33.61; 1002.205; 23.166015625
2026-07-08; 04:09:30; 405; 0; 33.69; 1002.192421875; 23.11328125
2026-07-08; 04:10:30; 405; 0; 33.7; 1002.200390625; 23.11328125
2026-07-08; 04:11:30; 405; 0; 33.67; 1002.2084375; 23.158203125
2026-07-08; 04:12:30; 405; 0; 33.61; 1002.205; 23.201171875
2026-07-08; 04:13:30; 405; 0; 33.63; 1002.208828125; 23.1904296875
2026-07-08; 04:14:30; 400; 0; 33.63; 1002.173359375; 23.2705078125
2026-07-08; 04:15:30; 400; 0; 33.61; 1002.2875; 23.28125
2026-07-08; 04:16:30; 402; 0; 33.66; 1002.22796875; 23.2265625
2026-07-08; 04:17:30; 405; 0; 33.59; 1002.17375; 23.337890625
2026-07-08; 04:18:30; 405; 0; 33.64; 1002.1890234375; 23.2939453125
2026-07-08; 04:19:30; 405; 0; 33.59; 1002.2012109375; 23.3837890625
2026-07-08; 04:20:30; 400; 0; 33.66; 1002.2829296875; 23.341796875
2026-07-08; 04:21:30; 405; 0; 33.63; 1002.31078125; 23.328125
2026-07-08; 04:22:30; 405; 0; 33.65; 1002.3145703125; 23.3408203125
2026-07-08; 04:23:30; 405; 0; 33.57; 1002.260078125; 23.3720703125
2026-07-08; 04:24:30; 400; 0; 33.64; 1002.3344140625; 23.38671875
2026-07-08; 04:25:30; 400; 0; 33.67; 1002.318359375; 23.3193359375
2026-07-08; 04:26:30; 405; 0; 33.64; 1002.2714453125; 23.3857421875
2026-07-08; 04:27:30; 409; 1; 33.59; 1002.311171875; 23.4638671875
2026-07-08; 04:28:30; 400; 0; 33.7; 1002.3455078125; 23.3662109375
2026-07-08; 04:29:30; 405; 0; 33.63; 1002.3737109375; 23.3740234375
2026-07-08; 04:30:30; 400; 0; 33.59; 1002.346328125; 23.4306640625
2026-07-08; 04:31:30; 400; 0; 33.65; 1002.3497265625; 23.4443359375
2026-07-08; 04:32:30; 400; 0; 33.68; 1002.34171875; 23.4111328125
2026-07-08; 04:33:30; 403; 0; 33.66; 1002.365390625; 23.421875
2026-07-08; 04:34:30; 403; 0; 33.56; 1002.326875; 23.5322265625
2026-07-08; 04:35:30; 403; 0; 33.57; 1002.3974609375; 23.521484375
2026-07-08; 04:36:30; 400; 0; 33.56; 1002.31921875; 23.578125
2026-07-08; 04:37:30; 400; 0; 33.58; 1002.3581640625; 23.521484375
2026-07-08; 04:38:30; 408; 1; 33.56; 1002.29171875; 23.5546875
2026-07-08; 04:39:30; 403; 0; 33.57; 1002.3425390625; 23.5556640625
2026-07-08; 04:40:31; 400; 0; 33.61; 1002.3424609375; 23.580078125
2026-07-08; 04:41:31; 405; 0; 33.5; 1002.3352734375; 23.7353515625
2026-07-08; 04:42:31; 402; 0; 33.52; 1002.421484375; 23.724609375
2026-07-08; 04:43:31; 402; 0; 33.51; 1002.3508984375; 23.748046875
2026-07-08; 04:44:31; 407; 1; 33.52; 1002.42921875; 23.69140625
2026-07-08; 04:45:31; 402; 0; 33.52; 1002.40171875; 23.6796875
2026-07-08; 04:46:31; 400; 0; 33.57; 1002.507421875; 23.6826171875
2026-07-08; 04:47:31; 402; 0; 33.58; 1002.487890625; 23.705078125
2026-07-08; 04:48:31; 405; 0; 33.51; 1002.496015625; 23.8173828125
2026-07-08; 04:49:31; 403; 0; 33.56; 1002.4841015625; 23.78515625
2026-07-08; 04:50:31; 400; 0; 33.5; 1002.5902734375; 23.81640625
2026-07-08; 04:51:31; 403; 0; 33.53; 1002.527265625; 23.8408203125
2026-07-08; 04:52:31; 400; 0; 33.53; 1002.527265625; 23.8291015625
2026-07-08; 04:53:31; 406; 0; 33.58; 1002.515390625; 23.728515625
2026-07-08; 04:54:31; 409; 1; 33.56; 1002.5192578125; 23.7734375
2026-07-08; 04:55:31; 409; 1; 33.55; 1002.5036328125; 23.7724609375
2026-07-08; 04:56:31; 406; 0; 33.57; 1002.5546875; 23.7392578125
2026-07-08; 04:57:31; 406; 0; 33.56; 1002.60171875; 23.8427734375
2026-07-08; 04:58:31; 406; 0; 33.63; 1002.6131640625; 23.75390625
2026-07-08; 04:59:31; 409; 1; 33.57; 1002.5546875; 23.8203125
2026-07-08; 05:00:31; 406; 0; 33.5; 1002.5276171875; 23.9306640625
2026-07-08; 05:01:31; 409; 1; 33.48; 1002.5512890625; 23.9189453125
2026-07-08; 05:02:31; 409; 1; 33.53; 1002.519609375; 23.8984375
2026-07-08; 05:03:31; 406; 0; 33.53; 1002.5470703125; 23.8642578125
2026-07-08; 05:04:31; 409; 1; 33.53; 1002.4998046875; 23.9443359375
2026-07-08; 05:05:31; 409; 1; 33.48; 1002.57875; 23.9755859375
2026-07-08; 05:06:31; 413; 1; 33.4; 1002.543671875; 24.005859375
2026-07-08; 05:07:31; 403; 0; 33.48; 1002.523828125; 23.96484375
2026-07-08; 05:08:31; 403; 0; 33.35; 1002.5478515625; 24.17578125
2026-07-08; 05:09:31; 402; 0; 33.46; 1002.574921875; 24.0673828125
2026-07-08; 05:10:31; 405; 0; 33.47; 1002.6257421875; 23.998046875
2026-07-08; 05:11:31; 400; 0; 33.4; 1002.6890234375; 24.1669921875
2026-07-08; 05:12:31; 400; 0; 33.41; 1002.6497265625; 24.1572265625
2026-07-08; 05:13:31; 405; 0; 33.39; 1002.5909375; 24.1552734375
2026-07-08; 05:14:31; 400; 0; 33.39; 1002.6184375; 24.1787109375
2026-07-08; 05:15:31; 403; 0; 33.48; 1002.6337109375; 24.1025390625
2026-07-08; 05:16:31; 403; 0; 33.4; 1002.6340625; 24.1103515625
2026-07-08; 05:17:31; 400; 0; 33.44; 1002.6142578125; 24.169921875
2026-07-08; 05:18:31; 405; 0; 33.42; 1002.5749609375; 24.111328125
2026-07-08; 05:19:31; 405; 0; 33.47; 1002.6257421875; 24.0556640625
2026-07-08; 05:20:31; 405; 0; 33.44; 1002.6691796875; 24.1806640625
2026-07-08; 05:21:31; 408; 1; 33.39; 1002.692890625; 24.1669921875
2026-07-08; 05:22:31; 405; 0; 33.47; 1002.7005078125; 24.1708984375
2026-07-08; 05:23:32; 405; 0; 33.47; 1002.59828125; 24.205078125
2026-07-08; 05:24:32; 402; 0; 33.43; 1002.673046875; 24.203125
2026-07-08; 05:25:32; 402; 0; 33.44; 1002.6887109375; 24.1806640625
2026-07-08; 05:26:32; 400; 0; 33.4; 1002.79890625; 24.248046875
2026-07-08; 05:27:32; 406; 0; 33.43; 1002.700546875; 24.21484375
2026-07-08; 05:28:32; 400; 0; 33.4; 1002.743984375; 24.2939453125
2026-07-08; 05:29:32; 403; 0; 33.48; 1002.7436328125; 24.263671875
2026-07-08; 05:30:32; 400; 0; 33.41; 1002.7516796875; 24.283203125
2026-07-08; 05:31:32; 403; 0; 33.4; 1002.7359765625; 24.328125
2026-07-08; 05:32:32; 406; 0; 33.38; 1002.7596484375; 24.3037109375
2026-07-08; 05:33:32; 403; 0; 33.38; 1002.7596484375; 24.361328125
2026-07-08; 05:34:32; 406; 0; 33.34; 1002.814609375; 24.4404296875
2026-07-08; 05:35:32; 403; 0; 33.39; 1002.7283203125; 24.3740234375
2026-07-08; 05:36:32; 403; 0; 33.47; 1002.790625; 24.30859375
2026-07-08; 05:37:32; 400; 0; 33.44; 1002.751640625; 24.3076171875
2026-07-08; 05:38:32; 403; 0; 33.42; 1002.7478125; 24.3408203125
2026-07-08; 05:39:32; 406; 0; 33.46; 1002.7200390625; 24.2744140625
2026-07-08; 05:40:32; 403; 0; 33.41; 1002.7321484375; 24.3525390625
2026-07-08; 05:41:32; 406; 0; 33.48; 1002.7512890625; 24.275390625
2026-07-08; 05:42:32; 406; 0; 33.41; 1002.7046484375; 24.38671875
2026-07-08; 05:43:32; 406; 0; 33.39; 1002.7478515625; 24.419921875
2026-07-08; 05:44:32; 406; 0; 33.41; 1002.779140625; 24.3974609375
2026-07-08; 05:45:32; 406; 0; 33.45; 1002.84171875; 24.365234375
2026-07-08; 05:46:32; 406; 0; 33.43; 1002.7634765625; 24.353515625
2026-07-08; 05:47:32; 410; 1; 33.39; 1002.7283203125; 24.443359375
2026-07-08; 05:48:32; 414; 2; 33.36; 1002.736015625; 24.4990234375
2026-07-08; 05:49:32; 406; 0; 33.41; 1002.7596484375; 24.41015625
2026-07-08; 05:50:32; 403; 0; 33.47; 1002.7005078125; 24.3896484375
2026-07-08; 05:51:32; 406; 0; 33.5; 1002.72; 24.3447265625
2026-07-08; 05:52:32; 406; 0; 33.42; 1002.7753125; 24.41015625
2026-07-08; 05:53:32; 403; 0; 33.44; 1002.7986328125; 24.4228515625
2026-07-08; 05:54:32; 400; 0; 33.48; 1002.8062890625; 24.40234375
2026-07-08; 05:55:32; 403; 0; 33.39; 1002.7203515625; 24.4892578125
2026-07-08; 05:56:32; 403; 0; 33.38; 1002.795078125; 24.5224609375
2026-07-08; 05:57:32; 403; 0; 33.39; 1002.7753125; 24.53515625
2026-07-08; 05:58:32; 400; 0; 33.45; 1002.814296875; 24.4462890625
2026-07-08; 05:59:32; 406; 0; 33.38; 1002.795078125; 24.5341796875
2026-07-08; 06:00:32; 411; 1; 33.38; 1002.822578125; 24.5224609375
2026-07-08; 06:01:32; 411; 1; 33.44; 1002.82609375; 24.43359375
2026-07-08; 06:02:32; 409; 1; 33.36; 1002.975625; 24.533203125
2026-07-08; 06:03:32; 409; 1; 33.35; 1002.9126953125; 24.63671875
2026-07-08; 06:04:32; 409; 1; 33.32; 1002.91296875; 24.6806640625
2026-07-08; 06:05:32; 400; 0; 33.34; 1002.8893359375; 24.669921875
2026-07-08; 06:06:33; 400; 0; 33.33; 1002.8737109375; 24.646484375
2026-07-08; 06:07:33; 403; 0; 33.35; 1002.987421875; 24.6357421875
2026-07-08; 06:08:33; 403; 0; 33.32; 1002.948125; 24.6689453125
2026-07-08; 06:09:33; 403; 0; 33.38; 1002.9324609375; 24.615234375
2026-07-08; 06:10:33; 400; 0; 33.42; 1002.9596484375; 24.5595703125
2026-07-08; 06:11:33; 405; 0; 33.41; 1003.034375; 24.59375
2026-07-08; 06:12:33; 400; 0; 33.4; 1003.0462109375; 24.5927734375
2026-07-08; 06:13:33; 405; 0; 33.37; 1003.02640625; 24.6259765625
2026-07-08; 06:14:33; 400; 0; 33.38; 1003.0423828125; 24.6611328125
2026-07-08; 06:15:33; 405; 0; 33.35; 1003.105; 24.716796875
2026-07-08; 06:16:33; 402; 0; 33.35; 1003.0500390625; 24.6826171875
2026-07-08; 06:17:33; 402; 0; 33.33; 1003.0737109375; 24.6923828125
2026-07-08; 06:18:33; 402; 0; 33.33; 1003.1209375; 24.71484375
2026-07-08; 06:19:33; 407; 1; 33.32; 1003.0580078125; 24.7265625
2026-07-08; 06:20:33; 402; 0; 33.37; 1003.1088671875; 24.6943359375
2026-07-08; 06:21:33; 400; 0; 33.41; 1003.034375; 24.6396484375
2026-07-08; 06:22:33; 403; 0; 33.35; 1003.0500390625; 24.716796875
2026-07-08; 06:23:33; 408; 1; 33.32; 1003.11296875; 24.6806640625
2026-07-08; 06:24:33; 400; 0; 33.39; 1003.0775390625; 24.6611328125
2026-07-08; 06:25:33; 403; 0; 33.37; 1003.0737109375; 24.6943359375
2026-07-08; 06:26:33; 400; 0; 33.43; 1003.057734375; 24.6865234375
2026-07-08; 06:27:33; 403; 0; 33.39; 1003.0775390625; 24.73046875
2026-07-08; 06:28:33; 408; 1; 33.23; 1003.0544140625; 24.9169921875
2026-07-08; 06:29:33; 408; 1; 33.26; 1003.0269921875; 24.8837890625
2026-07-08; 06:30:33; 408; 1; 33.24; 1003.078046875; 24.9287109375
2026-07-08; 06:31:33; 408; 1; 33.36; 1003.065703125; 24.7978515625
2026-07-08; 06:32:33; 408; 1; 33.34; 1003.034375; 24.8544921875
2026-07-08; 06:33:33; 415; 2; 33.31; 1003.0423828125; 24.8525390625
2026-07-08; 06:34:33; 420; 3; 33.34; 1002.979453125; 24.8193359375
2026-07-08; 06:35:33; 423; 3; 33.33; 1003.0737109375; 24.8759765625
2026-07-08; 06:36:33; 434; 5; 33.34; 1003.006953125; 24.900390625
2026-07-08; 06:37:33; 448; 7; 33.22; 1003.07421875; 25.0546875
2026-07-08; 06:38:33; 477; 11; 33.32; 1003.11296875; 25.013671875
2026-07-08; 06:39:33; 501; 15; 33.34; 1003.1717578125; 24.96875
2026-07-08; 06:40:33; 518; 17; 33.26; 1003.0739453125; 25.13671875
2026-07-08; 06:41:33; 549; 22; 33.3; 1003.081640625; 25.138671875
2026-07-08; 06:42:33; 596; 29; 33.32; 1003.1052734375; 25.10546875
2026-07-08; 06:43:33; 649; 37; 33.32; 1003.11296875; 25.1982421875
2026-07-08; 06:44:33; 744; 52; 33.38; 1003.0698828125; 25.166015625
2026-07-08; 06:45:33; 813; 62; 33.4; 1003.065703125; 25.1669921875
2026-07-08; 06:46:33; 851; 68; 33.23; 1003.081875; 25.353515625
2026-07-08; 06:47:33; 902; 76; 33.34; 1003.1641015625; 25.2783203125
2026-07-08; 06:48:34; 967; 86; 33.31; 1003.1522265625; 25.4033203125
2026-07-08; 06:49:34; 1029; 95; 33.29; 1003.1208984375; 25.4482421875
2026-07-08; 06:50:34; 1105; 107; 33.26; 1003.136875; 25.5849609375
2026-07-08; 06:51:34; 1178; 118; 33.34; 1003.081640625; 25.5888671875
2026-07-08; 06:52:34; 1281; 134; 33.29; 1003.12890625; 25.5986328125
2026-07-08; 06:53:34; 1400; 152; 33.23; 1003.081875; 25.951171875
2026-07-08; 06:54:34; 1504; 174; 33.24; 1003.1799609375; 26.01953125
2026-07-08; 06:55:34; 1537; 197; 33.35; 1003.2148828125; 26.0498046875
2026-07-08; 06:56:34; 1560; 215; 33.25; 1003.1761328125; 26.181640625
2026-07-08; 06:57:34; 1597; 242; 33.28; 1003.21515625; 26.2177734375
2026-07-08; 06:58:34; 1618; 262; 33.3; 1003.218984375; 26.494140625
2026-07-08; 06:59:34; 1673; 312; 33.18; 1003.1214453125; 26.7978515625
2026-07-08; 07:00:34; 1721; 359; 33.32; 1003.1327734375; 26.86328125
2026-07-08; 07:01:34; 1759; 402; 33.37; 1003.1362890625; 26.900390625
2026-07-08; 07:02:34; 1806; 457; 33.38; 1003.1168359375; 27.2109375
2026-07-08; 07:03:34; 1830; 488; 33.34; 1003.1915234375; 27.30078125
2026-07-08; 07:04:34; 1844; 507; 33.33; 1003.1835546875; 27.357421875
2026-07-08; 07:05:34; 1874; 547; 33.29; 1003.12890625; 27.4130859375
2026-07-08; 07:06:34; 1874; 547; 33.3; 1003.218984375; 27.2978515625
2026-07-08; 07:07:34; 1874; 547; 33.29; 1003.183828125; 27.1953125
2026-07-08; 07:08:34; 1887; 567; 33.23; 1003.2466796875; 27.4208984375
2026-07-08; 07:09:34; 1874; 547; 33.24; 1003.242890625; 27.1796875
2026-07-08; 07:10:34; 1882; 556; 33.27; 1003.309375; 27.3076171875
2026-07-08; 07:11:34; 1882; 556; 33.27; 1003.262421875; 27.1474609375
2026-07-08; 07:12:34; 1874; 547; 33.25; 1003.3684375; 27.2607421875
2026-07-08; 07:13:34; 1882; 556; 33.31; 1003.3445703125; 27.2529296875
2026-07-08; 07:14:34; 1882; 556; 33.26; 1003.40359375; 27.2275390625
2026-07-08; 07:15:34; 1887; 567; 33.24; 1003.352734375; 27.2255859375
2026-07-08; 07:16:34; 1894; 576; 33.21; 1003.38015625; 27.2353515625
2026-07-08; 07:17:34; 1902; 588; 33.3; 1003.3563671875; 27.1953125
2026-07-08; 07:18:34; 1910; 599; 33.27; 1003.3368359375; 27.26171875
2026-07-08; 07:19:34; 1910; 599; 33.28; 1003.3525; 27.1708984375
2026-07-08; 07:20:34; 1902; 588; 33.24; 1003.344765625; 27.2255859375
2026-07-08; 07:21:34; 1902; 588; 33.25; 1003.3409375; 27.21484375
2026-07-08; 07:22:34; 1902; 588; 33.29; 1003.3681640625; 27.3896484375
2026-07-08; 07:23:34; 1894; 576; 33.22; 1003.2859765625; 27.384765625
2026-07-08; 07:24:34; 1887; 567; 33.27; 1003.309375; 27.46875
2026-07-08; 07:25:34; 1902; 588; 33.24; 1003.2623828125; 27.375
2026-07-08; 07:26:34; 1910; 599; 33.28; 1003.3605078125; 27.595703125
2026-07-08; 07:27:34; 1915; 609; 33.29; 1003.3761328125; 27.6083984375
2026-07-08; 07:28:34; 1910; 599; 33.22; 1003.395859375; 27.6142578125
2026-07-08; 07:29:34; 1910; 599; 33.21; 1003.470546875; 27.7060546875
2026-07-08; 07:30:34; 1915; 609; 33.23; 1003.4115234375; 27.6845703125
2026-07-08; 07:31:35; 1902; 588; 33.21; 1003.3881640625; 27.7060546875
2026-07-08; 07:32:35; 1894; 576; 33.2; 1003.50984375; 27.9013671875
2026-07-08; 07:33:35; 1902; 588; 33.21; 1003.470546875; 27.8671875
2026-07-08; 07:34:35; 1887; 567; 33.25; 1003.50578125; 27.869140625
2026-07-08; 07:35:35; 1874; 547; 33.23; 1003.446953125; 27.7646484375
2026-07-08; 07:36:35; 1865; 536; 33.21; 1003.490078125; 27.7861328125
2026-07-08; 07:37:35; 1858; 527; 33.24; 1003.5370703125; 27.9833984375
2026-07-08; 07:38:35; 1851; 516; 33.28; 1003.4978515625; 27.986328125
2026-07-08; 07:39:35; 1836; 497; 33.26; 1003.4310546875; 27.9501953125
2026-07-08; 07:40:35; 1825; 481; 33.29; 1003.478046875; 28.009765625
2026-07-08; 07:41:35; 1811; 463; 33.27; 1003.4546875; 27.87109375
2026-07-08; 07:42:35; 1790; 439; 33.22; 1003.533203125; 27.958984375
2026-07-08; 07:43:35; 1777; 424; 33.22; 1003.541171875; 27.9482421875
2026-07-08; 07:44:35; 1759; 402; 33.19; 1003.486171875; 28.0263671875
2026-07-08; 07:45:35; 1748; 389; 33.22; 1003.533203125; 28.0849609375
2026-07-08; 07:46:35; 1743; 384; 33.3; 1003.5841015625; 27.8388671875
2026-07-08; 07:47:35; 1728; 365; 33.22; 1003.5686328125; 28.09765625
2026-07-08; 07:48:35; 1714; 352; 33.23; 1003.4744140625; 28.0751953125
2026-07-08; 07:49:35; 1707; 346; 33.27; 1003.5096484375; 28.078125
2026-07-08; 07:50:35; 1691; 330; 33.21; 1003.415625; 27.958984375
2026-07-08; 07:51:35; 1683; 322; 33.21; 1003.490078125; 28.0849609375
2026-07-08; 07:52:35; 1673; 312; 33.27; 1003.44671875; 28.1005859375
2026-07-08; 07:53:35; 1663; 301; 33.18; 1003.4784765625; 28.1640625
2026-07-08; 07:54:35; 1652; 292; 33.27; 1003.529140625; 28.111328125
2026-07-08; 07:55:35; 1628; 271; 33.24; 1003.5370703125; 28.12109375
2026-07-08; 07:56:35; 1608; 254; 33.22; 1003.5057421875; 28.154296875
2026-07-08; 07:57:35; 1608; 254; 33.26; 1003.5683984375; 28.1455078125
2026-07-08; 07:58:35; 1594; 239; 33.28; 1003.5173046875; 28.2041015625
2026-07-08; 07:59:35; 1590; 236; 33.28; 1003.599765625; 28.0546875
2026-07-08; 08:00:35; 1572; 224; 33.22; 1003.5137109375; 28.07421875
2026-07-08; 08:01:35; 1568; 220; 33.22; 1003.5606640625; 28.154296875
2026-07-08; 08:02:35; 1560; 215; 33.26; 1003.6233203125; 27.9619140625
2026-07-08; 08:03:35; 1557; 212; 33.24; 1003.5450390625; 28.0751953125
2026-07-08; 08:04:35; 1533; 194; 33.29; 1003.5684765625; 27.9755859375
2026-07-08; 08:05:35; 1524; 187; 33.26; 1003.5683984375; 27.8701171875
2026-07-08; 08:06:35; 1511; 178; 33.28; 1003.5448046875; 27.802734375
2026-07-08; 08:07:35; 1491; 166; 33.24; 1003.5725; 27.9833984375
2026-07-08; 08:08:35; 1458; 161; 33.26; 1003.631328125; 27.7666015625
2026-07-08; 08:09:35; 1367; 147; 33.3; 1003.63109375; 27.861328125
2026-07-08; 08:10:35; 1310; 138; 33.27; 1003.5566015625; 27.7216796875
2026-07-08; 08:11:35; 1295; 136; 33.29; 1003.5959375; 27.849609375
2026-07-08; 08:12:35; 1281; 134; 33.27; 1003.666484375; 27.8134765625
2026-07-08; 08:13:35; 1266; 131; 33.24; 1003.6; 27.7421875
2026-07-08; 08:14:36; 1235; 127; 33.28; 1003.607734375; 27.6650390625
2026-07-08; 08:15:36; 1248; 129; 33.3; 1003.50171875; 27.7236328125
2026-07-08; 08:16:36; 1191; 120; 33.28; 1003.572265625; 27.583984375
2026-07-08; 08:17:36; 1144; 113; 33.28; 1003.5448046875; 27.5615234375
2026-07-08; 08:18:36; 1093; 105; 33.3; 1003.5291796875; 27.5517578125
2026-07-08; 08:19:36; 1029; 95; 33.33; 1003.58796875; 27.42578125
2026-07-08; 08:20:36; 990; 89; 33.35; 1003.544609375; 27.451171875
2026-07-08; 08:21:36; 945; 83; 33.35; 1003.5720703125; 27.51953125
2026-07-08; 08:22:36; 923; 79; 33.35; 1003.544609375; 27.3359375
2026-07-08; 08:23:36; 891; 74; 33.36; 1003.560234375; 27.3828125
2026-07-08; 08:24:36; 872; 71; 33.38; 1003.6388671875; 27.4404296875
2026-07-08; 08:25:36; 863; 70; 33.37; 1003.678125; 27.302734375
2026-07-08; 08:26:36; 863; 70; 33.37; 1003.6858203125; 27.39453125
2026-07-08; 08:27:36; 851; 68; 33.37; 1003.705625; 27.4287109375
2026-07-08; 08:28:36; 832; 65; 33.35; 1003.709453125; 27.3935546875
2026-07-08; 08:29:36; 832; 65; 33.39; 1003.6350390625; 27.28125
2026-07-08; 08:30:36; 840; 67; 33.38; 1003.75671875; 27.2685546875
2026-07-08; 08:31:36; 832; 65; 33.37; 1003.6506640625; 27.326171875
2026-07-08; 08:32:36; 821; 64; 33.39; 1003.7094921875; 27.28125
2026-07-08; 08:33:36; 813; 62; 33.39; 1003.772421875; 27.2119140625
2026-07-08; 08:34:36; 804; 61; 33.41; 1003.693828125; 27.2939453125
2026-07-08; 08:35:36; 798; 60; 33.42; 1003.7644921875; 27.259765625
2026-07-08; 08:36:36; 785; 58; 33.43; 1003.7801171875; 27.203125
2026-07-08; 08:37:36; 770; 56; 33.46; 1003.7015625; 27.3193359375
2026-07-08; 08:38:36; 752; 53; 33.49; 1003.72109375; 27.080078125
2026-07-08; 08:39:36; 752; 53; 33.49; 1003.7760546875; 27.13671875
2026-07-08; 08:40:36; 735; 51; 33.47; 1003.7447265625; 27.1015625
2026-07-08; 08:41:36; 690; 44; 33.47; 1003.8271484375; 27.205078125
2026-07-08; 08:42:36; 690; 44; 33.49; 1003.8035546875; 27.0341796875
2026-07-08; 08:43:36; 690; 44; 33.47; 1003.7798828125; 27.021484375
2026-07-08; 08:44:36; 666; 40; 33.49; 1003.8035546875; 27.1025390625
2026-07-08; 08:45:36; 649; 37; 33.49; 1003.8035546875; 27.044921875
2026-07-08; 08:46:36; 637; 36; 33.51; 1003.7601171875; 26.9892578125
2026-07-08; 08:47:36; 637; 36; 33.52; 1003.7680859375; 26.966796875
2026-07-08; 08:48:36; 617; 33; 33.54; 1003.8269140625; 27.08203125
2026-07-08; 08:49:36; 592; 29; 33.59; 1003.8503125; 26.9365234375
2026-07-08; 08:50:36; 592; 29; 33.58; 1003.8895703125; 26.9130859375
2026-07-08; 08:51:36; 65535; 65535; 33.58; 1003.834609375; 26.9931640625
2026-07-08; 08:52:36; 580; 27; 33.62; 1003.8618359375; 26.9150390625
2026-07-08; 08:53:36; 574; 26; 33.57; 1003.9365625; 27.0048828125
2026-07-08; 08:54:36; 574; 26; 33.63; 1003.9954296875; 26.916015625
2026-07-08; 08:55:36; 567; 25; 33.62; 1003.944296875; 26.892578125
2026-07-08; 08:56:36; 574; 26; 33.61; 1003.95609375; 26.845703125
2026-07-08; 08:57:37; 561; 24; 33.63; 1003.9404296875; 26.8349609375
2026-07-08; 08:58:37; 561; 24; 33.62; 1003.944296875; 26.869140625
2026-07-08; 08:59:37; 543; 21; 33.64; 1003.9755859375; 26.7666015625
2026-07-08; 09:00:37; 543; 21; 33.64; 1003.98359375; 27.04296875
2026-07-08; 09:01:37; 540; 21; 33.69; 1003.9516796875; 26.884765625
2026-07-08; 09:02:37; 534; 20; 33.72; 1003.9987109375; 26.783203125
2026-07-08; 09:03:37; 524; 18; 33.73; 1003.9319140625; 26.7041015625
2026-07-08; 09:04:37; 524; 18; 33.74; 1003.9948828125; 26.73828125
2026-07-08; 09:05:37; 493; 14; 33.71; 1003.9830078125; 26.9443359375
2026-07-08; 09:06:37; 493; 14; 33.72; 1004.0184765625; 26.806640625
2026-07-08; 09:07:37; 477; 11; 33.79; 1004.045703125; 26.7412109375
2026-07-08; 09:08:37; 477; 11; 33.79; 1004.037734375; 26.6376953125
2026-07-08; 09:09:37; 470; 10; 33.8; 1004.0533984375; 26.7880859375
2026-07-08; 09:10:37; 457; 8; 33.82; 1004.0572265625; 26.673828125
2026-07-08; 09:11:37; 448; 7; 33.81; 1004.02203125; 26.7197265625
2026-07-08; 09:12:37; 448; 7; 33.84; 1004.1160546875; 26.720703125
2026-07-08; 09:13:37; 445; 6; 33.88; 1004.10421875; 26.677734375
2026-07-08; 09:14:37; 454; 8; 33.84; 1004.0610546875; 26.6630859375
2026-07-08; 09:15:37; 457; 8; 33.88; 1004.15125; 26.5966796875
2026-07-08; 09:16:37; 454; 8; 33.95; 1004.1787109375; 26.58984375
2026-07-08; 09:17:37; 454; 8; 33.93; 1004.194375; 26.5078125
2026-07-08; 09:18:37; 462; 9; 33.86; 1004.155390625; 26.515625
2026-07-08; 09:19:37; 470; 10; 33.83; 1004.218359375; 26.5947265625
2026-07-08; 09:20:37; 464; 9; 33.84; 1004.1790234375; 26.640625
2026-07-08; 09:21:37; 462; 9; 33.82; 1004.1476953125; 26.6513671875
2026-07-08; 09:22:37; 445; 6; 33.87; 1004.190546875; 26.447265625
2026-07-08; 09:23:37; 441; 6; 33.88; 1004.24171875; 26.5048828125
2026-07-08; 09:24:37; 434; 5; 33.86; 1004.2298828125; 26.6767578125
2026-07-08; 09:25:37; 415; 2; 33.85; 1004.18671875; 26.595703125
2026-07-08; 09:26:37; 410; 1; 33.88; 1004.21421875; 26.5400390625
2026-07-08; 09:27:37; 408; 1; 33.83; 1004.265390625; 26.7666015625
2026-07-08; 09:28:37; 400; 0; 33.88; 1004.2612109375; 26.7578125
2026-07-08; 09:29:37; 400; 0; 33.92; 1004.2612109375; 26.66796875
2026-07-08; 09:30:37; 405; 0; 33.94; 1004.273046875; 26.5322265625
2026-07-08; 09:31:37; 400; 0; 33.9; 1004.320078125; 26.6328125
2026-07-08; 09:32:37; 400; 0; 33.88; 1004.2887109375; 26.7001953125
2026-07-08; 09:33:37; 406; 0; 33.93; 1004.22984375; 26.71484375
2026-07-08; 09:34:37; 400; 0; 34.0; 1004.28453125; 26.546875
2026-07-08; 09:35:37; 408; 1; 33.96; 1004.2688671875; 26.578125
2026-07-08; 09:36:37; 413; 1; 33.93; 1004.2023828125; 26.6689453125
2026-07-08; 09:37:37; 413; 1; 33.93; 1004.22984375; 26.71484375
2026-07-08; 09:38:37; 422; 3; 33.93; 1004.22984375; 26.6689453125
2026-07-08; 09:39:37; 432; 4; 33.93; 1004.249375; 26.623046875
2026-07-08; 09:40:38; 422; 3; 33.89; 1004.2219140625; 26.7353515625
2026-07-08; 09:41:38; 418; 2; 34.0; 1004.2765625; 26.5693359375
2026-07-08; 09:42:38; 413; 1; 33.99; 1004.2138671875; 26.603515625
2026-07-08; 09:43:38; 413; 1; 33.95; 1004.2807421875; 26.693359375
2026-07-08; 09:44:38; 400; 0; 33.97; 1004.2845703125; 26.6826171875
2026-07-08; 09:45:38; 409; 1; 34.01; 1004.2176953125; 26.6279296875
2026-07-08; 09:46:38; 402; 0; 34.0; 1004.20203125; 26.650390625
2026-07-08; 09:47:38; 402; 0; 33.98; 1004.245234375; 26.751953125
2026-07-08; 09:48:38; 409; 1; 33.95; 1004.233671875; 26.7392578125
2026-07-08; 09:49:38; 400; 0; 34.06; 1004.280390625; 26.630859375
2026-07-08; 09:50:38; 408; 1; 34.05; 1004.2646875; 26.560546875
2026-07-08; 09:51:38; 417; 2; 34.0; 1004.2490625; 26.6494140625
2026-07-08; 09:52:38; 417; 2; 34.03; 1004.2685546875; 26.62890625
2026-07-08; 09:53:38; 420; 3; 34.07; 1004.2762109375; 26.4580078125
2026-07-08; 09:54:38; 420; 3; 34.12; 1004.319375; 26.47265625
2026-07-08; 09:55:38; 428; 4; 34.04; 1004.31171875; 26.4912109375
2026-07-08; 09:56:38; 444; 6; 34.06; 1004.3155859375; 26.5615234375
2026-07-08; 09:57:38; 448; 7; 34.17; 1004.31515625; 26.3720703125
2026-07-08; 09:58:38; 463; 9; 34.13; 1004.2524609375; 26.4619140625
2026-07-08; 09:59:38; 476; 11; 34.07; 1004.3235546875; 26.423828125
2026-07-08; 10:00:38; 480; 12; 34.0; 1004.3040625; 26.70703125
2026-07-08; 10:01:38; 476; 11; 34.04; 1004.33921875; 26.65234375
2026-07-08; 10:02:38; 455; 8; 34.07; 1004.296015625; 26.654296875
2026-07-08; 10:03:38; 448; 7; 33.99; 1004.3238671875; 26.5693359375
2026-07-08; 10:04:38; 448; 7; 33.99; 1004.3513671875; 26.6728515625
2026-07-08; 10:05:38; 435; 5; 34.03; 1004.2490625; 26.67578125
2026-07-08; 10:06:38; 428; 4; 33.96; 1004.276875; 26.751953125
2026-07-08; 10:07:38; 424; 3; 33.94; 1004.2650390625; 26.9228515625
2026-07-08; 10:08:38; 410; 1; 33.92; 1004.2887109375; 26.8642578125
2026-07-08; 10:09:38; 403; 0; 33.89; 1004.1944140625; 26.9423828125
2026-07-08; 10:10:38; 403; 0; 33.88; 1004.26921875; 27.0107421875
2026-07-08; 10:11:38; 424; 3; 33.83; 1004.237890625; 27.0078125
2026-07-08; 10:12:38; 441; 6; 33.84; 1004.2340234375; 26.974609375
2026-07-08; 10:13:38; 448; 7; 33.86; 1004.3123828125; 26.998046875
2026-07-08; 10:14:38; 448; 7; 33.86; 1004.3478515625; 26.9296875
2026-07-08; 10:15:38; 455; 8; 33.86; 1004.3203515625; 26.9521484375
2026-07-08; 10:16:39; 463; 9; 33.86; 1004.3398828125; 26.90625
2026-07-08; 10:17:39; 485; 12; 33.89; 1004.359375; 26.8046875
2026-07-08; 10:18:39; 476; 11; 33.81; 1004.351953125; 26.9384765625
2026-07-08; 10:19:39; 476; 11; 33.86; 1004.3673828125; 26.91796875
2026-07-08; 10:20:39; 485; 12; 33.85; 1004.3516796875; 26.9169921875
2026-07-08; 10:21:39; 485; 12; 33.83; 1004.3753515625; 26.916015625
2026-07-08; 10:22:39; 493; 14; 33.84; 1004.3440234375; 26.9052734375
2026-07-08; 10:23:39; 491; 13; 33.82; 1004.3871484375; 26.94921875
2026-07-08; 10:24:39; 506; 16; 33.83; 1004.3833203125; 26.927734375
2026-07-08; 10:25:39; 501; 15; 33.87; 1004.3360546875; 26.849609375
2026-07-08; 10:26:39; 501; 15; 33.87; 1004.3360546875; 26.896484375
2026-07-08; 10:27:39; 514; 17; 33.83; 1004.3203515625; 26.8935546875
2026-07-08; 10:28:39; 514; 17; 33.86; 1004.3123828125; 26.90625
2026-07-08; 10:29:39; 514; 17; 33.86; 1004.3753515625; 26.814453125
2026-07-08; 10:30:39; 514; 17; 33.89; 1004.359375; 26.8388671875
2026-07-08; 10:31:39; 519; 18; 33.87; 1004.328046875; 26.826171875
2026-07-08; 10:32:39; 519; 18; 33.92; 1004.29671875; 26.830078125
2026-07-08; 10:33:39; 529; 19; 33.92; 1004.3516796875; 26.806640625
2026-07-08; 10:34:39; 537; 20; 33.9; 1004.320078125; 26.748046875
2026-07-08; 10:35:39; 531; 19; 33.93; 1004.3398828125; 26.7841796875
2026-07-08; 10:36:39; 537; 20; 33.95; 1004.2887109375; 26.7275390625
2026-07-08; 10:37:39; 537; 20; 33.94; 1004.410546875; 26.796875
2026-07-08; 10:38:39; 531; 19; 33.94; 1004.410546875; 26.796875
2026-07-08; 10:39:39; 537; 20; 33.94; 1004.3280078125; 26.693359375
2026-07-08; 10:40:39; 543; 21; 33.94; 1004.383046875; 26.78515625
2026-07-08; 10:41:39; 543; 21; 33.93; 1004.359375; 26.7841796875
2026-07-08; 10:42:39; 555; 23; 33.94; 1004.3280078125; 26.76171875
2026-07-08; 10:43:39; 552; 23; 33.95; 1004.3082421875; 26.78515625
2026-07-08; 10:44:39; 555; 23; 33.96; 1004.35140625; 26.7744140625
2026-07-08; 10:45:39; 564; 24; 33.95; 1004.3162109375; 26.76171875
2026-07-08; 10:46:40; 564; 24; 33.92; 1004.3162109375; 26.8408203125
2026-07-08; 10:47:40; 569; 25; 33.95; 1004.3357421875; 26.8076171875
2026-07-08; 10:48:40; 581; 27; 34.0; 1004.39453125; 26.73046875
2026-07-08; 10:49:40; 589; 28; 34.02; 1004.3708984375; 26.697265625
2026-07-08; 10:50:40; 594; 29; 34.01; 1004.4297265625; 26.7431640625
2026-07-08; 10:51:40; 594; 29; 34.03; 1004.37859375; 26.6865234375
2026-07-08; 10:52:40; 602; 30; 34.05; 1004.3472265625; 26.6640625
2026-07-08; 10:53:40; 611; 32; 34.04; 1004.31171875; 26.65234375
2026-07-08; 10:54:40; 617; 33; 34.05; 1004.3472265625; 26.6640625
2026-07-08; 10:55:40; 631; 35; 34.03; 1004.3235546875; 26.640625
2026-07-08; 10:56:40; 631; 35; 34.03; 1004.3865625; 26.6865234375
2026-07-08; 10:57:40; 638; 36; 34.04; 1004.28421875; 26.67578125
2026-07-08; 10:58:40; 638; 36; 34.02; 1004.3158984375; 26.685546875
2026-07-08; 10:59:40; 652; 38; 34.03; 1004.2960546875; 26.6630859375
2026-07-08; 11:00:40; 652; 38; 34.05; 1004.3747265625; 26.67578125
2026-07-08; 11:01:40; 668; 40; 34.05; 1004.354921875; 26.6640625
2026-07-08; 11:02:40; 665; 40; 34.03; 1004.35109375; 26.708984375
2026-07-08; 11:03:40; 668; 40; 34.02; 1004.3433984375; 26.6630859375
2026-07-08; 11:04:40; 683; 43; 34.03; 1004.3865625; 26.6865234375
2026-07-08; 11:05:40; 668; 40; 34.03; 1004.2960546875; 26.6513671875
2026-07-08; 11:06:40; 697; 45; 34.01; 1004.3276953125; 26.708984375
2026-07-08; 11:07:40; 700; 45; 34.05; 1004.3747265625; 26.6865234375
2026-07-08; 11:08:40; 700; 45; 34.01; 1004.374765625; 26.7197265625
2026-07-08; 11:09:40; 708; 46; 34.02; 1004.4258984375; 26.697265625
2026-07-08; 11:10:40; 708; 46; 34.01; 1004.4297265625; 26.685546875
2026-07-08; 11:11:40; 715; 47; 34.02; 1004.3708984375; 26.697265625
2026-07-08; 11:12:40; 715; 47; 34.02; 1004.3433984375; 26.697265625
2026-07-08; 11:13:40; 732; 50; 34.01; 1004.382734375; 26.673828125
2026-07-08; 11:14:40; 740; 51; 34.03; 1004.3590625; 26.6865234375
2026-07-08; 11:15:41; 748; 53; 34.01; 1004.3197265625; 26.7080078125
2026-07-08; 11:16:41; 759; 54; 34.02; 1004.3158984375; 26.6630859375
2026-07-08; 11:17:41; 759; 54; 34.05; 1004.382421875; 26.6640625
2026-07-08; 11:18:41; 759; 54; 34.03; 1004.4140625; 26.67578125
2026-07-08; 11:19:41; 768; 56; 34.03; 1004.3315234375; 26.65234375
2026-07-08; 11:20:41; 768; 56; 34.04; 1004.31171875; 26.6640625
2026-07-08; 11:21:41; 776; 57; 34.07; 1004.3037109375; 26.642578125
2026-07-08; 11:22:41; 785; 58; 34.12; 1004.401875; 26.576171875
2026-07-08; 11:23:41; 776; 57; 34.15; 1004.3740234375; 26.533203125
2026-07-08; 11:24:41; 785; 58; 34.18; 1004.3109765625; 26.4765625
2026-07-08; 11:25:41; 785; 58; 34.18; 1004.385546875; 26.4765625
2026-07-08; 11:26:41; 798; 60; 34.2; 1004.3343359375; 26.455078125
2026-07-08; 11:27:41; 798; 60; 34.18; 1004.2834765625; 26.453125
2026-07-08; 11:28:41; 798; 60; 34.16; 1004.3346875; 26.509765625
2026-07-08; 11:29:41; 815; 63; 34.17; 1004.2953125; 26.4765625
2026-07-08; 11:30:41; 815; 63; 34.16; 1004.2719921875; 26.498046875
2026-07-08; 11:31:41; 815; 63; 34.18; 1004.3305078125; 26.46484375
2026-07-08; 11:32:41; 825; 64; 34.19; 1004.291171875; 26.4541015625
2026-07-08; 11:33:41; 825; 64; 34.19; 1004.291171875; 26.419921875
2026-07-08; 11:34:41; 825; 64; 34.16; 1004.3621875; 26.4755859375
2026-07-08; 11:35:41; 832; 65; 34.16; 1004.2994921875; 26.4873046875
2026-07-08; 11:36:41; 832; 65; 34.17; 1004.4053515625; 26.4306640625
2026-07-08; 11:37:41; 838; 66; 34.15; 1004.4213671875; 26.486328125
2026-07-08; 11:38:41; 838; 66; 34.2; 1004.3816796875; 26.4541015625
2026-07-08; 11:39:41; 848; 68; 34.21; 1004.3148046875; 26.4091796875
2026-07-08; 11:40:41; 848; 68; 34.23; 1004.26359375; 26.38671875
2026-07-08; 11:41:41; 857; 69; 34.27; 1004.388984375; 26.33203125
2026-07-08; 11:42:41; 857; 69; 34.31; 1004.36140625; 26.2880859375
2026-07-08; 11:43:41; 838; 66; 34.34; 1004.380859375; 26.232421875
2026-07-08; 11:44:41; 874; 72; 34.32; 1004.3572265625; 26.265625
2026-07-08; 11:45:41; 857; 69; 34.36; 1004.321640625; 26.2451171875
2026-07-08; 11:46:41; 857; 69; 34.4; 1004.3017578125; 26.166015625
2026-07-08; 11:47:42; 905; 76; 34.44; 1004.3176171875; 26.123046875
2026-07-08; 11:48:42; 905; 76; 34.48; 1004.26984375; 26.033203125
2026-07-08; 11:49:42; 905; 76; 34.5; 1004.2659765625; 26.0341796875
2026-07-08; 11:50:42; 905; 76; 34.55; 1004.3442578125; 25.9677734375
2026-07-08; 11:51:42; 885; 73; 34.55; 1004.31671875; 25.9443359375
2026-07-08; 11:52:42; 885; 73; 34.51; 1004.39171875; 26.0234375
2026-07-08; 11:53:42; 920; 79; 34.5; 1004.395625; 26.068359375
2026-07-08; 11:54:42; 885; 73; 34.5; 1004.43109375; 26.0576171875
2026-07-08; 11:55:42; 920; 79; 34.54; 1004.4112109375; 26.025390625
2026-07-08; 11:56:42; 920; 79; 34.56; 1004.415; 25.9921875
2026-07-08; 11:57:42; 920; 79; 34.6; 1004.3950390625; 25.982421875
2026-07-08; 11:58:42; 930; 80; 34.62; 1004.3712890625; 25.92578125
2026-07-08; 11:59:42; 942; 82; 34.66; 1004.3983984375; 25.859375
2026-07-08; 12:00:42; 930; 80; 34.65; 1004.4102734375; 26.01953125
2026-07-08; 12:01:42; 942; 82; 34.67; 1004.4889453125; 25.951171875
2026-07-08; 12:02:42; 956; 84; 34.65; 1004.4026171875; 26.0537109375
2026-07-08; 12:03:42; 956; 84; 34.66; 1004.4733203125; 26.0087890625
2026-07-08; 12:04:42; 967; 86; 34.68; 1004.4021484375; 25.9873046875
2026-07-08; 12:05:42; 967; 86; 34.68; 1004.4021484375; 26.0908203125
2026-07-08; 12:06:42; 967; 86; 34.68; 1004.5123046875; 26.3671875
2026-07-08; 12:07:42; 967; 86; 34.69; 1004.4376953125; 26.263671875
2026-07-08; 12:08:42; 956; 84; 34.7; 1004.5083984375; 26.2529296875
2026-07-08; 12:09:42; 956; 84; 34.71; 1004.5041796875; 26.5419921875
2026-07-08; 12:10:42; 956; 84; 34.74; 1004.46859375; 26.4052734375
2026-07-08; 12:11:42; 956; 84; 34.75; 1004.45671875; 26.544921875
2026-07-08; 12:12:42; 967; 86; 34.81; 1004.5625390625; 26.6044921875
2026-07-08; 12:13:42; 967; 86; 34.82; 1004.5583203125; 26.767578125
2026-07-08; 12:14:42; 977; 87; 34.84; 1004.6094921875; 26.6416015625
2026-07-08; 12:15:42; 967; 86; 34.88; 1004.569609375; 27.1513671875
2026-07-08; 12:16:42; 977; 87; 34.88; 1004.5894921875; 26.7587890625
2026-07-08; 12:17:42; 990; 89; 34.88; 1004.5971484375; 27.0126953125
2026-07-08; 12:18:42; 1004; 92; 34.91; 1004.6089453125; 27.279296875
2026-07-08; 12:19:42; 1004; 92; 34.94; 1004.6479296875; 27.166015625
2026-07-08; 12:20:42; 1014; 93; 34.95; 1004.6911328125; 27.0048828125
2026-07-08; 12:21:42; 1032; 96; 34.89; 1004.557734375; 27.244140625
2026-07-08; 12:22:42; 1053; 99; 34.92; 1004.6245703125; 27.3837890625
2026-07-08; 12:23:42; 1053; 99; 34.95; 1004.58890625; 26.6826171875
2026-07-08; 12:24:42; 1053; 99; 34.98; 1004.5730859375; 26.580078125
2026-07-08; 12:25:42; 1065; 101; 34.97; 1004.640078125; 26.3603515625
2026-07-08; 12:26:42; 1065; 101; 34.99; 1004.5964453125; 26.3388671875
2026-07-08; 12:27:42; 1077; 103; 35.01; 1004.6476171875; 26.1904296875
2026-07-08; 12:28:42; 1065; 101; 35.0; 1004.529453125; 26.09765625
2026-07-08; 12:29:42; 1077; 103; 35.03; 1004.5962890625; 26.099609375
2026-07-08; 12:30:43; 1065; 101; 35.06; 1004.5958203125; 26.2158203125
2026-07-08; 12:31:43; 1077; 103; 35.09; 1004.635078125; 26.13671875
2026-07-08; 12:32:43; 1077; 103; 35.1; 1004.6507421875; 26.1494140625
2026-07-08; 12:33:43; 1090; 105; 35.08; 1004.6390234375; 26.0791015625
2026-07-08; 12:34:43; 1090; 105; 35.1; 1004.6783203125; 25.91796875
2026-07-08; 12:35:43; 1090; 105; 35.15; 1004.7210546875; 26.0244140625
2026-07-08; 12:36:43; 1090; 105; 35.15; 1004.618828125; 25.86328125
2026-07-08; 12:37:43; 1090; 105; 35.14; 1004.65828125; 26.08203125
2026-07-08; 12:38:43; 1077; 103; 35.12; 1004.626953125; 26.138671875
2026-07-08; 12:39:43; 1090; 105; 35.14; 1004.7329296875; 25.955078125
2026-07-08; 12:40:43; 1090; 105; 35.15; 1004.6659375; 25.8984375
2026-07-08; 12:41:43; 1090; 105; 35.18; 1004.6026953125; 25.7958984375
2026-07-08; 12:42:43; 1090; 105; 35.2; 1004.716640625; 25.900390625
2026-07-08; 12:43:43; 1090; 105; 35.21; 1004.7323046875; 25.85546875
2026-07-08; 12:44:43; 1090; 105; 35.2; 1004.66953125; 25.8203125
2026-07-08; 12:45:43; 1090; 105; 35.22; 1004.6928125; 25.9716796875
2026-07-08; 12:46:43; 1090; 105; 35.23; 1004.6258203125; 25.90234375
2026-07-08; 12:47:43; 1105; 107; 35.27; 1004.6804296875; 25.697265625
2026-07-08; 12:48:43; 1090; 105; 35.28; 1004.6409765625; 25.82421875
2026-07-08; 12:49:43; 1090; 105; 35.28; 1004.593828125; 25.6865234375
2026-07-08; 12:50:43; 1090; 105; 35.32; 1004.601328125; 25.5966796875
2026-07-08; 12:51:43; 1090; 105; 35.32; 1004.5933203125; 25.642578125
2026-07-08; 12:52:43; 1090; 105; 35.32; 1004.57375; 25.6083984375
2026-07-08; 12:53:43; 1090; 105; 35.32; 1004.6484375; 25.5380859375
2026-07-08; 12:54:43; 1090; 105; 35.34; 1004.679765625; 25.6201171875
2026-07-08; 12:55:43; 1090; 105; 35.35; 1004.6402734375; 25.771484375
2026-07-08; 12:56:43; 1090; 105; 35.35; 1004.620703125; 25.482421875
2026-07-08; 12:57:43; 1105; 107; 35.36; 1004.5812109375; 25.6904296875
2026-07-08; 12:58:43; 1090; 105; 35.37; 1004.561328125; 25.6103515625
2026-07-08; 12:59:43; 1090; 105; 35.4; 1004.6005859375; 25.53125
2026-07-08; 13:00:43; 1090; 105; 35.39; 1004.509921875; 25.75
2026-07-08; 13:01:43; 1090; 105; 35.39; 1004.5926171875; 25.76171875
2026-07-08; 13:02:43; 1077; 103; 35.42; 1004.529296875; 25.671875
2026-07-08; 13:03:43; 1077; 103; 35.4; 1004.580703125; 25.6357421875
2026-07-08; 13:04:43; 1090; 105; 35.4; 1004.553125; 25.5888671875
2026-07-08; 13:05:43; 1090; 105; 35.43; 1004.675078125; 25.6025390625
2026-07-08; 13:06:43; 1090; 105; 35.42; 1004.5568359375; 25.3603515625
2026-07-08; 13:07:43; 1090; 105; 35.43; 1004.56484375; 25.6025390625
2026-07-08; 13:08:43; 1090; 105; 35.43; 1004.62765625; 25.625
2026-07-08; 13:09:43; 1077; 103; 35.43; 1004.6199609375; 25.5908203125
2026-07-08; 13:10:43; 1090; 105; 35.44; 1004.58046875; 25.6484375
2026-07-08; 13:11:43; 1077; 103; 35.47; 1004.627734375; 25.431640625
2026-07-08; 13:12:44; 1090; 105; 35.49; 1004.528828125; 25.525390625
2026-07-08; 13:13:44; 1090; 105; 35.49; 1004.6115625; 25.3056640625
2026-07-08; 13:14:44; 1090; 105; 35.53; 1004.5757421875; 25.365234375
2026-07-08; 13:15:44; 1090; 105; 35.54; 1004.5439453125; 25.2734375
2026-07-08; 13:16:44; 1090; 105; 35.55; 1004.5519140625; 25.3662109375
2026-07-08; 13:17:44; 1090; 105; 35.54; 1004.563828125; 25.2041015625
2026-07-08; 13:18:44; 1090; 105; 35.55; 1004.53203125; 25.30859375
2026-07-08; 13:19:44; 1105; 107; 35.55; 1004.634609375; 25.134765625
2026-07-08; 13:20:44; 1105; 107; 35.55; 1004.579453125; 25.28515625
2026-07-08; 13:21:44; 1105; 107; 35.56; 1004.6778125; 25.1474609375
2026-07-08; 13:22:44; 1090; 105; 35.54; 1004.563828125; 25.2509765625
2026-07-08; 13:23:44; 1090; 105; 35.53; 1004.5757421875; 25.3076171875
2026-07-08; 13:24:44; 1105; 107; 35.53; 1004.5757421875; 25.2724609375
2026-07-08; 13:25:44; 1105; 107; 35.52; 1004.5601171875; 25.3193359375
2026-07-08; 13:26:44; 1090; 105; 35.53; 1004.5834375; 25.3427734375
2026-07-08; 13:27:44; 1090; 105; 35.52; 1004.6152734375; 25.3994140625
2026-07-08; 13:28:44; 1090; 105; 35.54; 1004.59140625; 25.3896484375
2026-07-08; 13:29:44; 1105; 107; 35.55; 1004.60703125; 25.412109375
2026-07-08; 13:30:44; 1090; 105; 35.52; 1004.6428515625; 25.46875
2026-07-08; 13:31:44; 1090; 105; 35.58; 1004.62640625; 25.322265625
2026-07-08; 13:32:44; 1105; 107; 35.58; 1004.5988671875; 25.275390625
2026-07-08; 13:33:44; 1090; 105; 35.6; 1004.6378125; 25.1962890625
2026-07-08; 13:34:44; 1105; 107; 35.59; 1004.64203125; 25.2412109375
2026-07-08; 13:35:44; 1105; 107; 35.63; 1004.5943359375; 25.08203125
2026-07-08; 13:36:44; 1105; 107; 35.6; 1004.555078125; 25.2431640625
2026-07-08; 13:37:44; 1090; 105; 35.63; 1004.6219140625; 25.0712890625
2026-07-08; 13:38:44; 1105; 107; 35.65; 1004.68078125; 25.1181640625
2026-07-08; 13:39:44; 1105; 107; 35.65; 1004.653203125; 25.337890625
2026-07-08; 13:40:44; 1105; 107; 35.67; 1004.5662109375; 25.0498046875
2026-07-08; 13:41:44; 1105; 107; 35.7; 1004.67625; 24.85546875
2026-07-08; 13:42:44; 1125; 110; 35.71; 1004.6643359375; 25.3056640625
2026-07-08; 13:43:44; 1125; 110; 35.7; 1004.613125; 24.970703125
2026-07-08; 13:44:44; 1125; 110; 35.69; 1004.6250390625; 24.923828125
2026-07-08; 13:45:44; 1105; 107; 35.69; 1004.6250390625; 25.0390625
2026-07-08; 13:46:44; 1105; 107; 35.71; 1004.656328125; 24.83203125
2026-07-08; 13:47:44; 1125; 110; 35.7; 1004.7234375; 24.8779296875
2026-07-08; 13:48:44; 1105; 107; 35.69; 1004.7433203125; 24.900390625
2026-07-08; 13:49:44; 1125; 110; 35.71; 1004.774609375; 24.9599609375
2026-07-08; 13:50:44; 1105; 107; 35.7; 1004.648671875; 24.8896484375
2026-07-08; 13:51:44; 1125; 110; 35.71; 1004.68390625; 24.994140625
2026-07-08; 13:52:44; 1125; 110; 35.7; 1004.67625; 24.970703125
2026-07-08; 13:53:44; 1125; 110; 35.71; 1004.6643359375; 24.84375
2026-07-08; 13:54:44; 1125; 110; 35.71; 1004.711484375; 24.796875
2026-07-08; 13:55:45; 1125; 110; 35.71; 1004.68390625; 24.7626953125
2026-07-08; 13:56:45; 1125; 110; 35.7; 1004.62109375; 24.7744140625
2026-07-08; 13:57:45; 1125; 110; 35.7; 1004.703828125; 24.7626953125
2026-07-08; 13:58:45; 1125; 110; 35.71; 1004.6643359375; 24.7861328125
2026-07-08; 13:59:45; 1137; 112; 35.74; 1004.6284765625; 24.75390625
2026-07-08; 14:00:45; 1125; 110; 35.74; 1004.648125; 24.7646484375
2026-07-08; 14:01:45; 1125; 110; 35.73; 1004.6680078125; 24.7412109375
2026-07-08; 14:02:45; 1125; 110; 35.74; 1004.7859765625; 24.7646484375
2026-07-08; 14:03:45; 1125; 110; 35.74; 1004.648125; 24.73046875
2026-07-08; 14:04:45; 1125; 110; 35.74; 1004.6560546875; 24.75390625
2026-07-08; 14:05:45; 1125; 110; 35.76; 1004.6794140625; 24.6728515625
2026-07-08; 14:06:45; 1125; 110; 35.75; 1004.6992578125; 24.6728515625
2026-07-08; 14:07:45; 1125; 110; 35.76; 1004.659765625; 24.8125
2026-07-08; 14:08:45; 1125; 110; 35.76; 1004.7069921875; 24.7314453125
2026-07-08; 14:09:45; 1125; 110; 35.76; 1004.7069921875; 24.75390625
2026-07-08; 14:10:45; 1125; 110; 35.77; 1004.7226171875; 24.720703125
2026-07-08; 14:11:45; 1125; 110; 35.76; 1004.68734375; 24.7197265625
2026-07-08; 14:12:45; 1125; 110; 35.77; 1004.6950390625; 24.7666015625
2026-07-08; 14:13:45; 1125; 110; 35.73; 1004.7231640625; 24.7412109375
2026-07-08; 14:14:45; 1125; 110; 35.72; 1004.7626953125; 24.7412109375
2026-07-08; 14:15:45; 1125; 110; 35.74; 1004.675703125; 24.845703125
2026-07-08; 14:16:45; 1125; 110; 35.75; 1004.71890625; 24.7421875
2026-07-08; 14:17:45; 1125; 110; 35.73; 1004.695625; 24.7294921875
2026-07-08; 14:18:45; 1137; 112; 35.76; 1004.604609375; 24.685546875
2026-07-08; 14:19:45; 1125; 110; 35.77; 1004.5923828125; 24.720703125
2026-07-08; 14:20:45; 1125; 110; 35.79; 1004.6236328125; 24.6640625
2026-07-08; 14:21:45; 1125; 110; 35.8; 1004.666875; 24.6875
2026-07-08; 14:22:45; 1125; 110; 35.8; 1004.639296875; 24.65234375
2026-07-08; 14:23:45; 1125; 110; 35.82; 1004.5721875; 24.6884765625
2026-07-08; 14:24:45; 1137; 112; 35.8; 1004.6040625; 24.67578125
2026-07-08; 14:25:45; 1125; 110; 35.8; 1004.6040625; 24.67578125
2026-07-08; 14:26:45; 1137; 112; 35.81; 1004.67484375; 24.6533203125
2026-07-08; 14:27:45; 1125; 110; 35.79; 1004.6987109375; 24.640625
2026-07-08; 14:28:45; 1137; 112; 35.79; 1004.6512109375; 24.62890625
2026-07-08; 14:29:45; 1125; 110; 35.8; 1004.76953125; 24.65234375
2026-07-08; 14:30:45; 1125; 110; 35.79; 1004.726328125; 24.640625
2026-07-08; 14:31:45; 1125; 110; 35.78; 1004.7459375; 24.767578125
2026-07-08; 14:32:45; 1125; 110; 35.8; 1004.666875; 24.69921875
2026-07-08; 14:33:45; 1137; 112; 35.8; 1004.666875; 24.6181640625
2026-07-08; 14:34:45; 1125; 110; 35.82; 1004.6825; 24.630859375
2026-07-08; 14:35:45; 1137; 112; 35.8; 1004.7143359375; 24.6865234375
2026-07-08; 14:36:45; 1137; 112; 35.83; 1004.6981640625; 24.607421875
2026-07-08; 14:37:45; 1137; 112; 35.82; 1004.718046875; 24.630859375
2026-07-08; 14:38:46; 1137; 112; 35.78; 1004.7459375; 24.6513671875
2026-07-08; 14:39:46; 1125; 110; 35.8; 1004.7143359375; 24.67578125
2026-07-08; 14:40:46; 1125; 110; 35.8; 1004.639296875; 24.67578125
2026-07-08; 14:41:46; 1125; 110; 35.8; 1004.686796875; 24.62890625
2026-07-08; 14:42:46; 1125; 110; 35.78; 1004.710703125; 24.6513671875
2026-07-08; 14:43:46; 1125; 110; 35.79; 1004.6236328125; 24.7333984375
2026-07-08; 14:44:46; 1137; 112; 35.8; 1004.61171875; 24.6181640625
2026-07-08; 14:45:46; 1125; 110; 35.79; 1004.6512109375; 24.65234375
2026-07-08; 14:46:46; 1125; 110; 35.83; 1004.6154296875; 24.607421875
2026-07-08; 14:47:46; 1125; 110; 35.85; 1004.5994921875; 24.57421875
2026-07-08; 14:48:46; 1125; 110; 35.87; 1004.595234375; 24.5634765625
2026-07-08; 14:49:46; 1125; 110; 35.88; 1004.6384375; 24.541015625
2026-07-08; 14:50:46; 1125; 110; 35.86; 1004.6347265625; 24.5634765625
2026-07-08; 14:51:46; 1125; 110; 35.85; 1004.5639453125; 24.5966796875
2026-07-08; 14:52:46; 65535; 65535; 35.85; 1004.5363671875; 24.57421875
2026-07-08; 14:53:46; 1125; 110; 35.82; 1004.525; 24.607421875
2026-07-08; 14:54:46; 1137; 112; 35.84; 1004.6310546875; 24.5966796875
2026-07-08; 14:55:46; 1125; 110; 35.83; 1004.623359375; 24.619140625
2026-07-08; 14:56:46; 1125; 110; 35.86; 1004.5244140625; 24.609375
2026-07-08; 14:57:46; 1125; 110; 35.86; 1004.6071484375; 24.5751953125
2026-07-08; 14:58:46; 1125; 110; 35.84; 1004.575859375; 24.6201171875
2026-07-08; 14:59:46; 1125; 110; 35.84; 1004.6586328125; 24.6201171875
2026-07-08; 15:00:46; 1125; 110; 35.84; 1004.6586328125; 24.6318359375
2026-07-08; 15:01:46; 1125; 110; 35.88; 1004.563671875; 24.576171875
2026-07-08; 15:02:46; 1137; 112; 35.86; 1004.6347265625; 24.5751953125
2026-07-08; 15:03:46; 1125; 110; 35.86; 1004.6347265625; 24.5859375
2026-07-08; 15:04:46; 1125; 110; 35.87; 1004.7687109375; 24.5751953125
2026-07-08; 15:05:46; 1125; 110; 35.86; 1004.6702734375; 24.6103515625
2026-07-08; 15:06:46; 1125; 110; 35.87; 1004.658359375; 24.5986328125
2026-07-08; 15:07:46; 1125; 110; 35.9; 1004.642109375; 24.5419921875
2026-07-08; 15:08:46; 1125; 110; 35.88; 1004.618828125; 24.587890625
2026-07-08; 15:09:46; 1125; 110; 35.86; 1004.6623046875; 24.64453125
2026-07-08; 15:10:46; 1125; 110; 35.85; 1004.6270703125; 24.5859375
2026-07-08; 15:11:46; 1125; 110; 35.85; 1004.6191015625; 24.6318359375
2026-07-08; 15:12:46; 1125; 110; 35.84; 1004.6114453125; 24.5966796875
2026-07-08; 15:13:46; 1125; 110; 35.86; 1004.6071484375; 24.609375
2026-07-08; 15:14:46; 1125; 110; 35.86; 1004.6978515625; 24.6103515625
2026-07-08; 15:15:46; 1125; 110; 35.86; 1004.642734375; 24.5751953125
2026-07-08; 15:16:46; 1125; 110; 35.86; 1004.6978515625; 24.5869140625
2026-07-08; 15:17:46; 1105; 107; 35.85; 1004.674296875; 24.5849609375
2026-07-08; 15:18:46; 1125; 110; 35.84; 1004.7137890625; 24.6201171875
2026-07-08; 15:19:46; 1125; 110; 35.87; 1004.6228125; 24.5869140625
2026-07-08; 15:20:47; 1125; 110; 35.89; 1004.6896484375; 24.564453125
2026-07-08; 15:21:47; 1125; 110; 35.9; 1004.650078125; 24.54296875
2026-07-08; 15:22:47; 1125; 110; 35.88; 1004.729140625; 24.564453125
2026-07-08; 15:23:47; 1125; 110; 35.86; 1004.689921875; 24.59765625
2026-07-08; 15:24:47; 1125; 110; 35.88; 1004.729140625; 24.576171875
2026-07-08; 15:25:47; 1125; 110; 35.89; 1004.736796875; 24.5537109375
2026-07-08; 15:26:47; 1105; 107; 35.88; 1004.721171875; 24.552734375
2026-07-08; 15:27:47; 1105; 107; 35.87; 1004.67796875; 24.5986328125
2026-07-08; 15:28:47; 1105; 107; 35.86; 1004.745078125; 24.59765625
2026-07-08; 15:29:47; 1105; 107; 35.87; 1004.705546875; 24.5751953125
2026-07-08; 15:30:47; 1105; 107; 35.88; 1004.666015625; 24.5986328125
2026-07-08; 15:31:47; 1105; 107; 35.86; 1004.6978515625; 24.6103515625
2026-07-08; 15:32:47; 1125; 110; 35.86; 1004.689921875; 24.62109375
2026-07-08; 15:33:47; 1105; 107; 35.83; 1004.6785546875; 24.630859375
2026-07-08; 15:34:47; 1105; 107; 35.82; 1004.607734375; 24.642578125
2026-07-08; 15:35:47; 1105; 107; 35.82; 1004.62734375; 24.6533203125
2026-07-08; 15:36:47; 1105; 107; 35.8; 1004.686796875; 24.6640625
2026-07-08; 15:37:47; 1105; 107; 35.82; 1004.6353515625; 24.6650390625
2026-07-08; 15:38:47; 1105; 107; 35.82; 1004.599765625; 24.7001953125
2026-07-08; 15:39:47; 1090; 105; 35.83; 1004.623359375; 24.642578125
2026-07-08; 15:40:47; 1090; 105; 35.82; 1004.62734375; 24.6884765625
2026-07-08; 15:41:47; 1090; 105; 35.8; 1004.5565625; 24.6640625
2026-07-08; 15:42:47; 1105; 107; 35.82; 1004.599765625; 24.6650390625
2026-07-08; 15:43:47; 1090; 105; 35.83; 1004.5878515625; 24.642578125
2026-07-08; 15:44:47; 1090; 105; 35.8; 1004.5565625; 24.6640625
2026-07-08; 15:45:47; 1090; 105; 35.82; 1004.461875; 24.6533203125
2026-07-08; 15:46:47; 1090; 105; 35.8; 1004.584140625; 24.6875
2026-07-08; 15:47:47; 1090; 105; 35.77; 1004.5648046875; 24.697265625
2026-07-08; 15:48:47; 1090; 105; 35.77; 1004.5648046875; 24.685546875
2026-07-08; 15:49:47; 1090; 105; 35.76; 1004.57703125; 24.7314453125
2026-07-08; 15:50:47; 1090; 105; 35.75; 1004.525859375; 24.73046875
2026-07-08; 15:51:47; 1090; 105; 35.75; 1004.5534375; 24.765625
2026-07-08; 15:52:47; 1090; 105; 35.75; 1004.470703125; 24.75390625
2026-07-08; 15:53:47; 1090; 105; 35.75; 1004.49828125; 24.75390625
2026-07-08; 15:54:47; 1077; 103; 35.75; 1004.525859375; 24.7421875
2026-07-08; 15:55:47; 1090; 105; 35.76; 1004.549453125; 24.7080078125
2026-07-08; 15:56:47; 1090; 105; 35.73; 1004.6680078125; 24.775390625
2026-07-08; 15:57:47; 1090; 105; 35.74; 1004.6560546875; 24.7763671875
2026-07-08; 15:58:47; 1090; 105; 35.74; 1004.5733203125; 24.7421875
2026-07-08; 15:59:47; 1090; 105; 35.74; 1004.5653515625; 24.7763671875
2026-07-08; 16:00:47; 1090; 105; 35.7; 1004.5659375; 24.8203125
2026-07-08; 16:01:47; 1090; 105; 35.7; 1004.530390625; 24.85546875
2026-07-08; 16:02:47; 1077; 103; 35.73; 1004.57734375; 24.798828125
2026-07-08; 16:03:48; 1077; 103; 35.71; 1004.5460546875; 24.8203125
2026-07-08; 16:04:48; 1077; 103; 35.66; 1004.5309765625; 24.8642578125
2026-07-08; 16:05:48; 1090; 105; 35.67; 1004.5741796875; 24.853515625
2026-07-08; 16:06:48; 1077; 103; 35.66; 1004.5585546875; 24.88671875
2026-07-08; 16:07:48; 1090; 105; 35.64; 1004.527265625; 24.8974609375
2026-07-08; 16:08:48; 1090; 105; 35.64; 1004.527265625; 24.8974609375
2026-07-08; 16:09:48; 1090; 105; 35.63; 1004.5744140625; 24.9091796875
2026-07-08; 16:10:48; 1090; 105; 35.63; 1004.6219140625; 24.9326171875
2026-07-08; 16:11:48; 1090; 105; 35.62; 1004.5511328125; 24.919921875
2026-07-08; 16:12:48; 1077; 103; 35.6; 1004.547421875; 24.9306640625
2026-07-08; 16:13:48; 1090; 105; 35.59; 1004.64203125; 24.953125
2026-07-08; 16:14:48; 1090; 105; 35.57; 1004.6184375; 24.986328125
2026-07-08; 16:15:48; 1090; 105; 35.57; 1004.56328125; 24.998046875
2026-07-08; 16:16:48; 1090; 105; 35.62; 1004.5511328125; 24.919921875
2026-07-08; 16:17:48; 1090; 105; 35.6; 1004.547421875; 24.94140625
2026-07-08; 16:18:48; 1090; 105; 35.61; 1004.53546875; 24.931640625
2026-07-08; 16:19:48; 1090; 105; 35.59; 1004.4490625; 24.94140625
2026-07-08; 16:20:48; 1090; 105; 35.58; 1004.5712890625; 24.9755859375
2026-07-08; 16:21:48; 1090; 105; 35.58; 1004.5237890625; 24.953125
2026-07-08; 16:22:48; 1090; 105; 35.56; 1004.54; 24.986328125
2026-07-08; 16:23:48; 1090; 105; 35.56; 1004.5675390625; 24.986328125
2026-07-08; 16:24:48; 1090; 105; 35.56; 1004.520078125; 24.986328125
2026-07-08; 16:25:48; 1090; 105; 35.58; 1004.5437109375; 24.9755859375
2026-07-08; 16:26:48; 1077; 103; 35.57; 1004.535703125; 24.9521484375
2026-07-08; 16:27:48; 1090; 105; 35.57; 1004.535703125; 24.9638671875
2026-07-08; 16:28:48; 1090; 105; 35.55; 1004.5243359375; 24.99609375
2026-07-08; 16:29:48; 1090; 105; 35.52; 1004.51265625; 25.0185546875
2026-07-08; 16:30:48; 1090; 105; 35.52; 1004.5049609375; 25.0185546875
2026-07-08; 16:31:48; 1090; 105; 35.53; 1004.5481640625; 25.0068359375
2026-07-08; 16:32:48; 1090; 105; 35.52; 1004.51265625; 25.0302734375
2026-07-08; 16:33:48; 1090; 105; 35.53; 1004.4655078125; 25.0185546875
2026-07-08; 16:34:48; 1090; 105; 35.53; 1004.5481640625; 25.0185546875
2026-07-08; 16:35:48; 1077; 103; 35.53; 1004.555859375; 25.0302734375
2026-07-08; 16:36:48; 1090; 105; 35.51; 1004.49703125; 25.029296875
2026-07-08; 16:37:48; 1077; 103; 35.48; 1004.485625; 25.0859375
2026-07-08; 16:38:48; 1090; 105; 35.45; 1004.548671875; 25.1064453125
2026-07-08; 16:39:48; 1090; 105; 35.48; 1004.513203125; 25.0859375
2026-07-08; 16:40:48; 1077; 103; 35.44; 1004.4227734375; 25.1416015625
2026-07-08; 16:41:48; 1077; 103; 35.49; 1004.473671875; 25.0517578125
2026-07-08; 16:42:48; 1090; 105; 35.48; 1004.4029296875; 25.0625
2026-07-08; 16:43:48; 1090; 105; 35.49; 1004.3634375; 25.0634765625
2026-07-08; 16:44:48; 1090; 105; 35.46; 1004.3437890625; 25.0966796875
2026-07-08; 16:45:48; 1090; 105; 35.45; 1004.4108203125; 25.1298828125
2026-07-08; 16:46:49; 1090; 105; 35.47; 1004.3244921875; 25.0966796875
2026-07-08; 16:47:49; 1090; 105; 35.47; 1004.3321484375; 25.0966796875
2026-07-08; 16:48:49; 1090; 105; 35.46; 1004.39125; 25.119140625
2026-07-08; 16:49:49; 1090; 105; 35.46; 1004.4816015625; 25.1083984375
2026-07-08; 16:50:49; 1090; 105; 35.44; 1004.3875390625; 25.1181640625
2026-07-08; 16:51:49; 1090; 105; 35.44; 1004.3676171875; 25.1416015625
2026-07-08; 16:52:49; 1065; 101; 35.46; 1004.4463671875; 25.107421875
2026-07-08; 16:53:49; 1032; 96; 35.46; 1004.4816015625; 25.1083984375
2026-07-08; 16:54:49; 1065; 101; 35.43; 1004.4346875; 25.12890625
2026-07-08; 16:55:49; 1065; 101; 35.43; 1004.37953125; 25.140625
2026-07-08; 16:56:49; 1077; 103; 35.43; 1004.4269921875; 25.140625
2026-07-08; 16:57:49; 1065; 101; 35.43; 1004.4898046875; 25.140625
2026-07-08; 16:58:49; 1065; 101; 35.42; 1004.4190625; 25.15234375
2026-07-08; 16:59:49; 1032; 96; 35.39; 1004.3996484375; 25.1962890625
2026-07-08; 17:00:49; 1065; 101; 35.38; 1004.4116015625; 25.20703125
2026-07-08; 17:01:49; 1077; 103; 35.38; 1004.4039453125; 25.1953125
2026-07-08; 17:02:49; 1077; 103; 35.41; 1004.395703125; 25.162109375
2026-07-08; 17:03:49; 1090; 105; 35.4; 1004.3326171875; 25.185546875
2026-07-08; 17:04:49; 1090; 105; 35.4; 1004.3249609375; 25.1962890625
2026-07-08; 17:05:49; 1077; 103; 35.4; 1004.3326171875; 25.162109375
2026-07-08; 17:06:49; 1090; 105; 35.39; 1004.372109375; 25.1962890625
2026-07-08; 17:07:49; 1090; 105; 35.42; 1004.36390625; 25.140625
2026-07-08; 17:08:49; 1090; 105; 35.41; 1004.320703125; 25.173828125
2026-07-08; 17:09:49; 1077; 103; 35.4; 1004.380078125; 25.1962890625
2026-07-08; 17:10:49; 1032; 96; 35.36; 1004.360703125; 25.2412109375
2026-07-08; 17:11:49; 1065; 101; 35.4; 1004.3326171875; 25.1962890625
2026-07-08; 17:12:49; 1077; 103; 35.4; 1004.3326171875; 25.2197265625
2026-07-08; 17:13:49; 1077; 103; 35.41; 1004.42328125; 25.173828125
2026-07-08; 17:14:49; 1090; 105; 35.41; 1004.4033984375; 25.162109375
2026-07-08; 17:15:49; 1090; 105; 35.43; 1004.4622265625; 25.1748046875
2026-07-08; 17:16:49; 1090; 105; 35.45; 1004.485859375; 25.083984375
2026-07-08; 17:17:49; 1090; 105; 35.46; 1004.426484375; 25.119140625
2026-07-08; 17:18:49; 1090; 105; 35.48; 1004.4228125; 25.0849609375
2026-07-08; 17:19:49; 1090; 105; 35.47; 1004.4423828125; 25.0849609375
2026-07-08; 17:20:49; 1090; 105; 35.46; 1004.426484375; 25.1083984375
2026-07-08; 17:21:49; 1090; 105; 35.47; 1004.517421875; 25.0849609375
2026-07-08; 17:22:49; 1090; 105; 35.48; 1004.395234375; 25.0849609375
2026-07-08; 17:23:49; 1090; 105; 35.45; 1004.52109375; 25.1064453125
2026-07-08; 17:24:49; 1090; 105; 35.44; 1004.4503515625; 25.1181640625
2026-07-08; 17:25:49; 1077; 103; 35.47; 1004.4347265625; 25.0966796875
2026-07-08; 17:26:49; 1077; 103; 35.47; 1004.4423828125; 25.0966796875
2026-07-08; 17:27:49; 1077; 103; 35.47; 1004.4898828125; 25.0966796875
2026-07-08; 17:28:49; 1065; 101; 35.45; 1004.45828125; 25.1064453125
2026-07-08; 17:29:50; 1065; 101; 35.45; 1004.4659765625; 25.095703125
2026-07-08; 17:30:50; 1065; 101; 35.42; 1004.4466015625; 25.140625
2026-07-08; 17:31:50; 1053; 99; 35.41; 1004.458515625; 25.1513671875
2026-07-08; 17:32:50; 1053; 99; 35.39; 1004.4548046875; 25.1845703125
2026-07-08; 17:33:50; 1053; 99; 35.4; 1004.435234375; 25.185546875
2026-07-08; 17:34:50; 1065; 101; 35.41; 1004.42328125; 25.173828125
2026-07-08; 17:35:50; 1065; 101; 35.39; 1004.3996484375; 25.1728515625
2026-07-08; 17:36:50; 1065; 101; 35.4; 1004.435234375; 25.173828125
2026-07-08; 17:37:50; 1032; 96; 35.39; 1004.4195703125; 25.23046875
2026-07-08; 17:38:50; 1065; 101; 35.38; 1004.431484375; 25.20703125
2026-07-08; 17:39:50; 1053; 99; 35.38; 1004.4590625; 25.1953125
2026-07-08; 17:40:50; 1065; 101; 35.39; 1004.4548046875; 25.2080078125
2026-07-08; 17:41:50; 1065; 101; 35.4; 1004.442890625; 25.173828125
2026-07-08; 17:42:50; 1032; 96; 35.39; 1004.4195703125; 25.1845703125
2026-07-08; 17:43:50; 1032; 96; 35.38; 1004.5218359375; 25.20703125
2026-07-08; 17:44:50; 1053; 99; 35.38; 1004.5218359375; 25.21875
2026-07-08; 17:45:50; 1077; 103; 35.37; 1004.5062109375; 25.2294921875
2026-07-08; 17:46:50; 1065; 101; 35.36; 1004.3803125; 25.228515625
2026-07-08; 17:47:50; 1077; 103; 35.38; 1004.4590625; 25.21875
2026-07-08; 17:48:50; 1077; 103; 35.35; 1004.3726171875; 25.240234375
2026-07-08; 17:49:50; 1053; 99; 35.36; 1004.553671875; 25.2412109375
2026-07-08; 17:50:50; 1065; 101; 35.36; 1004.4433984375; 25.2412109375
2026-07-08; 17:51:50; 1077; 103; 35.36; 1004.4354296875; 25.240234375
2026-07-08; 17:52:50; 1077; 103; 35.37; 1004.423515625; 25.2294921875
2026-07-08; 17:53:50; 1065; 101; 35.36; 1004.4078515625; 25.228515625
2026-07-08; 17:54:50; 1077; 103; 35.36; 1004.4433984375; 25.2412109375
2026-07-08; 17:55:50; 1077; 103; 35.36; 1004.4433984375; 25.2294921875
2026-07-08; 17:56:50; 1065; 101; 35.35; 1004.3726171875; 25.240234375
2026-07-08; 17:57:50; 1077; 103; 35.36; 1004.4158203125; 25.251953125
2026-07-08; 17:58:50; 1065; 101; 35.36; 1004.3803125; 25.240234375
2026-07-08; 17:59:50; 1032; 96; 35.35; 1004.4001953125; 25.228515625
2026-07-08; 18:00:50; 1053; 99; 35.34; 1004.43171875; 25.2734375
2026-07-08; 18:01:50; 1053; 99; 35.31; 1004.3376171875; 25.2958984375
2026-07-08; 18:02:50; 1053; 99; 35.31; 1004.3651953125; 25.2841796875
2026-07-08; 18:03:50; 1053; 99; 35.31; 1004.4203125; 25.2958984375
2026-07-08; 18:04:50; 1065; 101; 35.32; 1004.3728515625; 25.3076171875
2026-07-08; 18:05:50; 1032; 96; 35.3; 1004.4046484375; 25.2958984375
2026-07-08; 18:06:50; 1032; 96; 35.33; 1004.341328125; 25.28515625
2026-07-08; 18:07:50; 1065; 101; 35.32; 1004.35328125; 25.28515625
2026-07-08; 18:08:50; 1032; 96; 35.32; 1004.2981640625; 25.26171875
2026-07-08; 18:09:50; 1032; 96; 35.33; 1004.36890625; 25.296875
2026-07-08; 18:10:50; 1065; 101; 35.32; 1004.3452734375; 25.2958984375
2026-07-08; 18:11:50; 1053; 99; 35.31; 1004.3572265625; 25.3193359375
2026-07-08; 18:12:51; 1014; 93; 35.3; 1004.3691015625; 25.3408203125
2026-07-08; 18:13:51; 1014; 93; 35.3; 1004.2944140625; 25.306640625
2026-07-08; 18:14:51; 1065; 101; 35.31; 1004.3100390625; 25.3076171875
2026-07-08; 18:15:51; 1032; 96; 35.3; 1004.3966796875; 25.318359375
2026-07-08; 18:16:51; 1014; 93; 35.29; 1004.33390625; 25.3291015625
2026-07-08; 18:17:51; 1014; 93; 35.3; 1004.313984375; 25.318359375
2026-07-08; 18:18:51; 1014; 93; 35.29; 1004.3890234375; 25.3291015625
2026-07-08; 18:19:51; 1014; 93; 35.27; 1004.357734375; 25.31640625
2026-07-08; 18:20:51; 1004; 92; 35.29; 1004.2708203125; 25.3291015625
2026-07-08; 18:21:51; 990; 89; 35.29; 1004.3534765625; 25.3291015625
2026-07-08; 18:22:51; 1004; 92; 35.28; 1004.2826953125; 25.36328125
2026-07-08; 18:23:51; 1014; 93; 35.27; 1004.23953125; 25.3623046875
2026-07-08; 18:24:51; 1004; 92; 35.28; 1004.2551953125; 25.3515625
2026-07-08; 18:25:51; 1004; 92; 35.28; 1004.3102734375; 25.375
2026-07-08; 18:26:51; 1004; 92; 35.28; 1004.290703125; 25.36328125
2026-07-08; 18:27:51; 1014; 93; 35.29; 1004.3810546875; 25.36328125
2026-07-08; 18:28:51; 1014; 93; 35.27; 1004.357734375; 25.33984375
2026-07-08; 18:29:51; 1014; 93; 35.27; 1004.3852734375; 25.3505859375
2026-07-08; 18:30:51; 1014; 93; 35.27; 1004.4048828125; 25.3623046875
2026-07-08; 18:31:51; 1014; 93; 35.26; 1004.38921875; 25.408203125
2026-07-08; 18:32:51; 1014; 93; 35.23; 1004.267578125; 25.3955078125
2026-07-08; 18:33:51; 1014; 93; 35.25; 1004.3815625; 25.4189453125
2026-07-08; 18:34:51; 1032; 96; 35.25; 1004.428671875; 25.3955078125
2026-07-08; 18:35:51; 1032; 96; 35.23; 1004.342578125; 25.41796875
2026-07-08; 18:36:51; 1032; 96; 35.25; 1004.428671875; 25.4189453125
2026-07-08; 18:37:51; 1032; 96; 35.24; 1004.31078125; 25.3955078125
2026-07-08; 18:38:51; 1032; 96; 35.25; 1004.4091015625; 25.396484375
2026-07-08; 18:39:51; 1032; 96; 35.23; 1004.2874609375; 25.40625
2026-07-08; 18:40:51; 1014; 93; 35.23; 1004.3150390625; 25.41796875
2026-07-08; 18:41:51; 1032; 96; 35.21; 1004.3544921875; 25.40625
2026-07-08; 18:42:51; 1032; 96; 35.24; 1004.275546875; 25.4072265625
2026-07-08; 18:43:51; 1032; 96; 35.23; 1004.37015625; 25.41796875
2026-07-08; 18:44:51; 1014; 93; 35.19; 1004.35078125; 25.4736328125
2026-07-08; 18:45:51; 1014; 93; 35.2; 1004.3584375; 25.4853515625
2026-07-08; 18:46:51; 1014; 93; 35.19; 1004.37828125; 25.439453125
2026-07-08; 18:47:51; 1014; 93; 35.2; 1004.3584375; 25.4736328125
2026-07-08; 18:48:51; 1014; 93; 35.19; 1004.2956640625; 25.4853515625
2026-07-08; 18:49:51; 1014; 93; 35.18; 1004.3075390625; 25.4619140625
2026-07-08; 18:50:51; 1014; 93; 35.21; 1004.326953125; 25.4638671875
2026-07-08; 18:51:51; 1014; 93; 35.21; 1004.2718359375; 25.4404296875
2026-07-08; 18:52:51; 1014; 93; 35.19; 1004.323203125; 25.4736328125
2026-07-08; 18:53:51; 1014; 93; 35.18; 1004.28; 25.49609375
2026-07-08; 18:54:51; 1014; 93; 35.19; 1004.323203125; 25.4736328125
2026-07-08; 18:55:52; 1032; 96; 35.18; 1004.28; 25.484375
2026-07-08; 18:56:52; 1014; 93; 35.18; 1004.390234375; 25.484375
2026-07-08; 18:57:52; 1014; 93; 35.18; 1004.3271484375; 25.484375
2026-07-08; 18:58:52; 1014; 93; 35.18; 1004.3351171875; 25.49609375
2026-07-08; 18:59:52; 1014; 93; 35.16; 1004.303828125; 25.5185546875
2026-07-08; 19:00:52; 1004; 92; 35.17; 1004.3194921875; 25.49609375
2026-07-08; 19:01:52; 1014; 93; 35.19; 1004.35078125; 25.4736328125
2026-07-08; 19:02:52; 1004; 92; 35.18; 1004.3271484375; 25.49609375
2026-07-08; 19:03:52; 1014; 93; 35.17; 1004.4296875; 25.49609375
2026-07-08; 19:04:52; 1014; 93; 35.17; 1004.3666015625; 25.5078125
2026-07-08; 19:05:52; 1004; 92; 35.17; 1004.3745703125; 25.5302734375
2026-07-08; 19:06:52; 1004; 92; 35.16; 1004.386484375; 25.5302734375
2026-07-08; 19:07:52; 1004; 92; 35.17; 1004.42171875; 25.5185546875
2026-07-08; 19:08:52; 1004; 92; 35.14; 1004.4378515625; 25.5517578125
2026-07-08; 19:09:52; 1004; 92; 35.15; 1004.3708203125; 25.505859375
2026-07-08; 19:10:52; 1004; 92; 35.16; 1004.4416015625; 25.4951171875
2026-07-08; 19:11:52; 1004; 92; 35.16; 1004.4140234375; 25.541015625
2026-07-08; 19:12:52; 1004; 92; 35.14; 1004.3196484375; 25.5517578125
2026-07-08; 19:13:52; 1004; 92; 35.13; 1004.4497265625; 25.55078125
2026-07-08; 19:14:52; 990; 89; 35.11; 1004.3829296875; 25.583984375
2026-07-08; 19:15:52; 1004; 92; 35.12; 1004.4341015625; 25.5859375
2026-07-08; 19:16:52; 1004; 92; 35.11; 1004.4459765625; 25.5849609375
2026-07-08; 19:17:52; 1004; 92; 35.09; 1004.4422265625; 25.6064453125
2026-07-08; 19:18:52; 990; 89; 35.07; 1004.3833984375; 25.6396484375
2026-07-08; 19:19:52; 990; 89; 35.06; 1004.367734375; 25.6396484375
2026-07-08; 19:20:52; 1004; 92; 35.09; 1004.3871484375; 25.6064453125
2026-07-08; 19:21:52; 990; 89; 35.08; 1004.48171875; 25.6064453125
2026-07-08; 19:22:52; 990; 89; 35.04; 1004.4191015625; 25.6611328125
2026-07-08; 19:23:52; 977; 87; 35.05; 1004.4071875; 25.662109375
2026-07-08; 19:24:52; 977; 87; 35.02; 1004.340390625; 25.6953125
2026-07-08; 19:25:52; 990; 89; 35.05; 1004.3322265625; 25.6513671875
2026-07-08; 19:26:52; 990; 89; 35.05; 1004.41484375; 25.662109375
2026-07-08; 19:27:52; 1004; 92; 35.05; 1004.4347265625; 25.685546875
2026-07-08; 19:28:52; 977; 87; 35.06; 1004.31265625; 25.662109375
2026-07-08; 19:29:52; 977; 87; 35.03; 1004.3758984375; 25.70703125
2026-07-08; 19:30:52; 977; 87; 35.0; 1004.4116015625; 25.728515625
2026-07-08; 19:31:52; 977; 87; 35.0; 1004.3840625; 25.716796875
2026-07-08; 19:32:52; 977; 87; 35.0; 1004.4192578125; 25.716796875
2026-07-08; 19:33:52; 977; 87; 35.0; 1004.356484375; 25.705078125
2026-07-08; 19:34:52; 977; 87; 35.01; 1004.4073828125; 25.7177734375
2026-07-08; 19:35:52; 977; 87; 35.04; 1004.446640625; 25.6728515625
2026-07-08; 19:36:52; 977; 87; 34.95; 1004.4156640625; 25.759765625
2026-07-08; 19:37:53; 990; 89; 34.94; 1004.455078125; 25.759765625
2026-07-08; 19:38:53; 990; 89; 35.11; 1004.438046875; 25.572265625
2026-07-08; 19:39:53; 990; 89; 35.02; 1004.442890625; 25.7060546875
2026-07-08; 19:40:53; 990; 89; 35.0; 1004.4666796875; 25.705078125
2026-07-08; 19:41:53; 977; 87; 34.99; 1004.5061328125; 25.76171875
2026-07-08; 19:42:53; 967; 86; 35.15; 1004.4810546875; 25.529296875
2026-07-08; 19:43:53; 967; 86; 35.03; 1004.4662109375; 25.68359375
2026-07-08; 19:44:53; 967; 86; 35.08; 1004.536796875; 25.62890625
2026-07-08; 19:45:53; 967; 86; 35.1; 1004.5680859375; 25.6298828125
2026-07-08; 19:46:53; 967; 86; 35.06; 1004.50546875; 25.673828125
2026-07-08; 19:47:53; 967; 86; 34.99; 1004.5061328125; 25.7158203125
2026-07-08; 19:48:53; 967; 86; 35.02; 1004.47046875; 25.7294921875
2026-07-08; 19:49:53; 967; 86; 35.04; 1004.509453125; 25.650390625
2026-07-08; 19:50:53; 956; 84; 35.04; 1004.481875; 25.650390625
2026-07-08; 19:51:53; 956; 84; 35.02; 1004.4980078125; 25.671875
2026-07-08; 19:52:53; 956; 84; 34.99; 1004.533671875; 25.7158203125
2026-07-08; 19:53:53; 956; 84; 35.01; 1004.49; 25.6826171875
2026-07-08; 19:54:53; 956; 84; 35.03; 1004.5136328125; 25.6611328125
2026-07-08; 19:55:53; 956; 84; 35.06; 1004.533046875; 25.662109375
2026-07-08; 19:56:53; 956; 84; 35.23; 1004.5630078125; 25.39453125
2026-07-08; 19:57:53; 956; 84; 35.05; 1004.525078125; 25.6279296875
2026-07-08; 19:58:53; 956; 84; 35.08; 1004.536796875; 25.5947265625
2026-07-08; 19:59:53; 956; 84; 35.06; 1004.540703125; 25.6279296875
2026-07-08; 20:00:53; 956; 84; 35.12; 1004.5638671875; 25.5390625
2026-07-08; 20:01:53; 967; 86; 35.0; 1004.529453125; 25.705078125
2026-07-08; 20:02:53; 977; 87; 35.04; 1004.5568359375; 25.6494140625
2026-07-08; 20:03:53; 977; 87; 35.09; 1004.4698046875; 25.6064453125
2026-07-08; 20:04:53; 977; 87; 35.04; 1004.5568359375; 25.6494140625
2026-07-08; 20:05:53; 1004; 92; 34.99; 1004.5887890625; 25.7041015625
2026-07-08; 20:06:53; 1004; 92; 35.1; 1004.615234375; 25.572265625
2026-07-08; 20:07:53; 1004; 92; 35.14; 1004.630703125; 25.494140625
2026-07-08; 20:08:53; 1004; 92; 35.18; 1004.555546875; 25.4384765625
2026-07-08; 20:09:53; 1004; 92; 35.14; 1004.5755859375; 25.5517578125
2026-07-08; 20:10:53; 990; 89; 35.0; 1004.6120703125; 25.6591796875
2026-07-08; 20:11:53; 977; 87; 35.1; 1004.6428125; 25.595703125
2026-07-08; 20:12:53; 977; 87; 35.13; 1004.615078125; 25.5625
2026-07-08; 20:13:53; 977; 87; 35.09; 1004.58; 25.6064453125
2026-07-08; 20:14:53; 990; 89; 35.08; 1004.5563671875; 25.5830078125
2026-07-08; 20:15:53; 990; 89; 35.02; 1004.58828125; 25.66015625
2026-07-08; 20:16:54; 1004; 92; 34.87; 1004.6289453125; 25.87109375
2026-07-08; 20:17:54; 1004; 92; 34.87; 1004.5264453125; 25.8369140625
2026-07-08; 20:18:54; 1014; 93; 34.72; 1004.5749609375; 26.03515625
2026-07-08; 20:19:54; 1014; 93; 34.79; 1004.593984375; 25.947265625
2026-07-08; 20:20:54; 1004; 92; 34.9; 1004.5733984375; 25.8037109375
2026-07-08; 20:21:54; 1004; 92; 34.86; 1004.585703125; 25.8466796875
2026-07-08; 20:22:54; 1014; 93; 34.82; 1004.53078125; 25.9033203125
2026-07-08; 20:23:54; 1014; 93; 34.75; 1004.4842578125; 26.0029296875
2026-07-08; 20:24:54; 1004; 92; 34.88; 1004.569609375; 25.814453125
2026-07-08; 20:25:54; 1014; 93; 34.77; 1004.5901953125; 25.98046875
2026-07-08; 20:26:54; 1032; 96; 34.67; 1004.5440234375; 26.11328125
2026-07-08; 20:27:54; 1032; 96; 34.6; 1004.5522265625; 26.2119140625
2026-07-08; 20:28:54; 1014; 93; 34.79; 1004.5664453125; 25.958984375
2026-07-08; 20:29:54; 1004; 92; 34.61; 1004.603359375; 26.1796875
2026-07-08; 20:30:54; 1014; 93; 34.55; 1004.6665625; 26.3017578125
2026-07-08; 20:31:54; 1004; 92; 34.55; 1004.5919921875; 26.267578125
2026-07-08; 20:32:54; 1004; 92; 34.72; 1004.63; 26.03515625
2026-07-08; 20:33:54; 1004; 92; 34.75; 1004.641484375; 26.0029296875
2026-07-08; 20:34:54; 1014; 93; 34.62; 1004.5915234375; 26.1796875
2026-07-08; 20:35:54; 1014; 93; 34.64; 1004.5598046875; 26.1689453125
2026-07-08; 20:36:54; 1004; 92; 34.67; 1004.5715625; 26.1015625
2026-07-08; 20:37:54; 990; 89; 34.52; 1004.5725390625; 26.27734375
2026-07-08; 20:38:54; 990; 89; 34.48; 1004.6199609375; 26.390625
2026-07-08; 20:39:54; 990; 89; 34.8; 1004.55453125; 25.958984375
2026-07-08; 20:40:54; 990; 89; 34.59; 1004.5995703125; 26.189453125
2026-07-08; 20:41:54; 990; 89; 34.58; 1004.666484375; 26.24609375
2026-07-08; 20:42:54; 990; 89; 34.58; 1004.638984375; 26.2119140625
2026-07-08; 20:43:54; 990; 89; 34.49; 1004.690703125; 26.3681640625
2026-07-08; 20:44:54; 990; 89; 34.52; 1004.56453125; 26.3232421875
2026-07-08; 20:45:55; 990; 89; 34.62; 1004.729140625; 26.1796875
2026-07-08; 20:46:55; 990; 89; 34.47; 1004.714375; 26.3896484375
2026-07-08; 20:47:55; 990; 89; 34.56; 1004.60765625; 26.22265625
2026-07-08; 20:48:55; 990; 89; 34.55; 1004.6115625; 26.255859375
2026-07-08; 20:49:55; 990; 89; 34.67; 1004.55171875; 26.08984375
2026-07-08; 20:50:55; 1004; 92; 34.67; 1004.6067578125; 26.1015625
2026-07-08; 20:51:55; 1004; 92; 34.58; 1004.631015625; 26.24609375
2026-07-08; 20:52:55; 1004; 92; 34.47; 1004.659375; 26.34375
2026-07-08; 20:53:55; 990; 89; 34.39; 1004.6988671875; 26.48828125
2026-07-08; 20:54:55; 1004; 92; 34.36; 1004.63234375; 26.5107421875
2026-07-08; 20:55:55; 1004; 92; 34.34; 1004.71109375; 26.54296875
2026-07-08; 20:56:55; 1004; 92; 34.55; 1004.5919921875; 26.255859375
2026-07-08; 20:57:55; 1014; 93; 34.48; 1004.7377734375; 26.35546875
2026-07-08; 20:58:55; 1014; 93; 34.51; 1004.6865234375; 26.298828125
2026-07-08; 20:59:55; 1014; 93; 34.3; 1004.7111328125; 26.552734375
2026-07-08; 21:00:55; 1014; 93; 34.3; 1004.766171875; 26.6220703125
2026-07-08; 21:01:55; 1032; 96; 34.42; 1004.6987890625; 26.4443359375
2026-07-08; 21:02:55; 1053; 99; 34.31; 1004.754296875; 26.5771484375
2026-07-08; 21:03:55; 1032; 96; 34.27; 1004.664140625; 26.642578125
2026-07-08; 21:04:55; 1053; 99; 34.3; 1004.7584375; 26.59765625
2026-07-08; 21:05:55; 1032; 96; 34.27; 1004.82921875; 26.6201171875
2026-07-08; 21:06:55; 1053; 99; 34.36; 1004.8169921875; 26.498046875
2026-07-08; 21:07:55; 1053; 99; 34.44; 1004.78546875; 26.45703125
2026-07-08; 21:08:55; 1053; 99; 34.28; 1004.8448828125; 26.609375
2026-07-08; 21:09:55; 1053; 99; 34.33; 1004.785625; 26.5546875
2026-07-08; 21:10:55; 1065; 101; 34.62; 1004.80375; 26.2021484375
2026-07-08; 21:11:55; 1065; 101; 34.32; 1004.84484375; 26.5419921875
2026-07-08; 21:12:55; 1065; 101; 34.36; 1004.87203125; 26.498046875
2026-07-08; 21:13:55; 1065; 101; 34.35; 1004.93890625; 26.53125
2026-07-08; 21:14:55; 1065; 101; 34.32; 1004.8173046875; 26.5771484375
2026-07-08; 21:15:56; 1065; 101; 34.57; 1004.7884765625; 26.234375
2026-07-08; 21:16:56; 1065; 101; 34.47; 1004.962109375; 26.3779296875
2026-07-08; 21:17:56; 1065; 101; 34.29; 1004.833046875; 26.5751953125
2026-07-08; 21:18:56; 1065; 101; 34.27; 1004.91171875; 26.5849609375
2026-07-08; 21:19:56; 1032; 96; 34.2; 1004.8845703125; 26.7197265625
2026-07-08; 21:20:56; 1032; 96; 34.26; 1004.8685546875; 26.630859375
2026-07-08; 21:21:56; 1065; 101; 34.17; 1004.873046875; 26.7177734375
2026-07-08; 21:22:56; 1032; 96; 34.15; 1004.92421875; 26.7861328125
2026-07-08; 21:23:56; 1032; 96; 34.21; 1004.8451953125; 26.6962890625
2026-07-08; 21:24:56; 1065; 101; 34.1; 1004.845859375; 26.8974609375
2026-07-08; 21:25:56; 1032; 96; 34.1; 1004.845859375; 26.83984375
2026-07-08; 21:26:56; 1065; 101; 34.07; 1004.881328125; 26.8837890625
2026-07-08; 21:27:56; 1065; 101; 34.14; 1004.9008984375; 26.7724609375
2026-07-08; 21:28:56; 1065; 101; 34.09; 1004.85765625; 26.8505859375
2026-07-08; 21:29:56; 1065; 101; 34.11; 1004.826328125; 26.8291015625
2026-07-08; 21:30:56; 1065; 101; 34.28; 1004.8723828125; 26.5859375
2026-07-08; 21:31:56; 1032; 96; 34.2; 1004.8845703125; 26.673828125
2026-07-08; 21:32:56; 1065; 101; 34.14; 1004.9008984375; 26.7841796875
2026-07-08; 21:33:56; 1032; 96; 34.11; 1004.9363671875; 26.8173828125
2026-07-08; 21:34:56; 1065; 101; 34.13; 1004.8928515625; 26.7841796875
2026-07-08; 21:35:56; 1065; 101; 34.07; 1004.9562109375; 26.861328125
2026-07-08; 21:36:56; 1032; 96; 34.15; 1004.9715625; 26.7744140625
2026-07-08; 21:37:56; 1065; 101; 34.09; 1004.9875390625; 26.8623046875
2026-07-08; 21:38:56; 1065; 101; 34.2; 1004.9395703125; 26.6962890625
2026-07-08; 21:39:56; 1065; 101; 34.35; 1005.0214453125; 26.578125
2026-07-08; 21:40:56; 1065; 101; 34.12; 1004.97953125; 26.794921875
2026-07-08; 21:41:56; 1077; 103; 34.14; 1005.04609375; 26.76171875
2026-07-08; 21:42:56; 1077; 103; 34.09; 1004.995234375; 26.81640625
2026-07-08; 21:43:56; 1065; 101; 34.04; 1005.026875; 26.8935546875
2026-07-08; 21:44:56; 1065; 101; 34.03; 1005.0741796875; 26.9052734375
2026-07-08; 21:45:57; 1065; 101; 34.02; 1005.1055078125; 26.9501953125
2026-07-08; 21:46:57; 1077; 103; 34.18; 1005.0733203125; 26.7294921875
2026-07-08; 21:47:57; 1077; 103; 34.07; 1005.0662109375; 26.849609375
2026-07-08; 21:48:57; 1065; 101; 34.07; 1005.1212109375; 26.8837890625
2026-07-08; 21:49:57; 1032; 96; 34.03; 1005.0937109375; 26.927734375
2026-07-08; 21:50:57; 1077; 103; 34.0; 1005.129140625; 26.9599609375
2026-07-08; 21:51:57; 1077; 103; 34.0; 1005.074140625; 26.9482421875
2026-07-08; 21:52:57; 1077; 103; 34.02; 1005.058515625; 26.927734375
2026-07-08; 21:53:57; 1077; 103; 34.03; 1005.1487109375; 26.916015625
2026-07-08; 21:54:57; 1077; 103; 34.1; 1005.1407421875; 26.83984375
2026-07-08; 21:55:57; 1077; 103; 34.1; 1005.1484375; 26.8291015625
2026-07-08; 21:56:57; 1090; 105; 34.06; 1005.160546875; 26.90625
2026-07-08; 21:57:57; 1077; 103; 34.08; 1005.1644140625; 26.8388671875
2026-07-08; 21:58:57; 1077; 103; 34.06; 1005.2232421875; 26.9072265625
2026-07-08; 21:59:57; 1065; 101; 34.1; 1005.1682421875; 26.8056640625
2026-07-08; 22:00:57; 1077; 103; 34.12; 1005.2073046875; 26.794921875
2026-07-08; 22:01:57; 1077; 103; 34.2; 1005.2147265625; 26.650390625
2026-07-08; 22:02:57; 1077; 103; 34.2; 1005.20703125; 26.6728515625
2026-07-08; 22:03:57; 1077; 103; 34.22; 1005.183359375; 26.6396484375
2026-07-08; 22:04:57; 1077; 103; 34.19; 1005.1990625; 26.6728515625
2026-07-08; 22:05:57; 1077; 103; 34.23; 1005.1990625; 26.640625
2026-07-08; 22:06:57; 1077; 103; 34.24; 1005.222421875; 26.6181640625
2026-07-08; 22:07:57; 1065; 101; 34.14; 1005.1759375; 26.7724609375
2026-07-08; 22:08:57; 1065; 101; 34.15; 1005.2818359375; 26.6943359375
2026-07-08; 22:09:57; 1065; 101; 34.17; 1005.2780078125; 26.671875
2026-07-08; 22:10:57; 1065; 101; 34.16; 1005.26234375; 26.716796875
2026-07-08; 22:11:57; 1065; 101; 34.11; 1005.2389453125; 26.7607421875
2026-07-08; 22:12:57; 1065; 101; 34.1; 1005.2859765625; 26.783203125
2026-07-08; 22:13:57; 1065; 101; 34.12; 1005.2348046875; 26.7607421875
2026-07-08; 22:14:57; 1077; 103; 34.15; 1005.309375; 26.716796875
2026-07-08; 22:15:57; 1053; 99; 34.17; 1005.2780078125; 26.671875
2026-07-08; 22:16:57; 1065; 101; 34.1; 1005.25078125; 26.7822265625
2026-07-08; 22:17:57; 1065; 101; 34.13; 1005.25046875; 26.76171875
2026-07-08; 22:18:57; 1065; 101; 34.03; 1005.2666796875; 26.87109375
2026-07-08; 22:19:57; 1065; 101; 34.33; 1005.2809765625; 26.474609375
2026-07-08; 22:20:57; 1077; 103; 34.08; 1005.337109375; 26.8046875
2026-07-08; 22:21:57; 1077; 103; 34.11; 1005.348984375; 26.7607421875
2026-07-08; 22:22:57; 1077; 103; 34.06; 1005.3255859375; 26.8486328125
2026-07-08; 22:23:57; 1077; 103; 34.07; 1005.3214453125; 26.8154296875
2026-07-08; 22:24:57; 1090; 105; 34.08; 1005.309609375; 26.8046875
2026-07-08; 22:25:57; 1077; 103; 34.05; 1005.3648828125; 26.859375
2026-07-08; 22:26:57; 1090; 105; 34.11; 1005.3765234375; 26.794921875
2026-07-08; 22:27:58; 1090; 105; 34.1; 1005.3883203125; 26.7822265625
2026-07-08; 22:28:58; 1090; 105; 34.08; 1005.3921484375; 26.79296875
2026-07-08; 22:29:58; 1090; 105; 34.13; 1005.360546875; 26.7265625
2026-07-08; 22:30:58; 1090; 105; 34.06; 1005.3805859375; 26.814453125
2026-07-08; 22:31:58; 1090; 105; 34.02; 1005.353046875; 26.904296875
2026-07-08; 22:32:58; 1077; 103; 34.02; 1005.4080859375; 26.904296875
2026-07-08; 22:33:58; 1090; 105; 33.96; 1005.404453125; 26.958984375
2026-07-08; 22:34:58; 1077; 103; 33.95; 1005.33375; 27.00390625
2026-07-08; 22:35:58; 1090; 105; 33.96; 1005.376953125; 26.958984375
2026-07-08; 22:36:58; 1090; 105; 33.96; 1005.349453125; 26.947265625
2026-07-08; 22:37:58; 1090; 105; 34.0; 1005.3571875; 26.9033203125
2026-07-08; 22:38:58; 1090; 105; 33.97; 1005.36515625; 26.958984375
2026-07-08; 22:39:58; 1077; 103; 34.01; 1005.372890625; 26.880859375
2026-07-08; 22:40:58; 1090; 105; 34.06; 1005.435625; 26.8486328125
2026-07-08; 22:41:58; 1090; 105; 34.05; 1005.3726171875; 26.8369140625
2026-07-08; 22:42:58; 1090; 105; 34.01; 1005.4198828125; 26.880859375
2026-07-08; 22:43:58; 1090; 105; 33.99; 1005.396484375; 26.9375
2026-07-08; 22:44:58; 1090; 105; 33.97; 1005.4396484375; 26.958984375
2026-07-08; 22:45:58; 1090; 105; 33.98; 1005.3808203125; 26.890625
2026-07-08; 22:46:58; 1105; 107; 34.03; 1005.4042578125; 26.859375
2026-07-08; 22:47:58; 1090; 105; 33.94; 1005.3651171875; 26.9794921875
2026-07-08; 22:48:58; 1090; 105; 34.03; 1005.39625; 26.8359375
2026-07-08; 22:49:58; 1090; 105; 33.96; 1005.349453125; 26.935546875
2026-07-08; 22:50:58; 1105; 107; 33.95; 1005.41625; 26.96875
2026-07-08; 22:51:58; 1105; 107; 33.88; 1005.4436328125; 27.0458984375
2026-07-08; 22:52:58; 1090; 105; 33.87; 1005.3809375; 27.080078125
2026-07-08; 22:53:58; 1090; 105; 34.02; 1005.3885546875; 26.8583984375
2026-07-08; 22:54:58; 1105; 107; 33.92; 1005.34171875; 27.001953125
2026-07-08; 22:55:58; 1090; 105; 33.97; 1005.36515625; 26.9248046875
2026-07-08; 22:56:58; 1090; 105; 33.95; 1005.38875; 26.96875
2026-07-08; 22:57:58; 1090; 105; 33.95; 1005.41625; 26.9345703125
2026-07-08; 22:58:58; 1090; 105; 33.9; 1005.365; 27.0244140625
2026-07-08; 22:59:58; 1090; 105; 33.94; 1005.3730859375; 26.95703125
2026-07-08; 23:00:58; 1090; 105; 33.91; 1005.4555078125; 27.0244140625
2026-07-08; 23:01:58; 1105; 107; 33.88; 1005.396640625; 27.0458984375
2026-07-08; 23:02:58; 1090; 105; 33.87; 1005.4084375; 27.080078125
2026-07-08; 23:03:58; 1105; 107; 33.92; 1005.4712109375; 27.013671875
2026-07-08; 23:04:58; 1105; 107; 33.89; 1005.4318359375; 27.0341796875
2026-07-08; 23:05:58; 1090; 105; 33.88; 1005.526171875; 27.056640625
2026-07-08; 23:06:58; 1105; 107; 33.82; 1005.45953125; 27.1103515625
2026-07-08; 23:07:58; 1105; 107; 33.86; 1005.4752734375; 27.0673828125
2026-07-08; 23:08:58; 1105; 107; 33.87; 1005.4634765625; 27.080078125
2026-07-08; 23:09:58; 1105; 107; 33.89; 1005.4593359375; 27.0341796875
2026-07-08; 23:10:59; 1105; 107; 33.87; 1005.4554296875; 27.056640625
2026-07-08; 23:11:59; 1105; 107; 33.81; 1005.3968359375; 27.1337890625
2026-07-08; 23:12:59; 1105; 107; 33.82; 1005.495; 27.123046875
2026-07-08; 23:13:59; 1105; 107; 33.84; 1005.4438671875; 27.0888671875
2026-07-08; 23:14:59; 1105; 107; 33.82; 1005.44; 27.111328125
2026-07-08; 23:15:59; 1105; 107; 33.81; 1005.506796875; 27.1455078125
2026-07-08; 23:16:59; 1090; 105; 33.76; 1005.455859375; 27.1884765625
2026-07-08; 23:17:59; 1105; 107; 33.72; 1005.4557421875; 27.2548828125
2026-07-08; 23:18:59; 1105; 107; 33.66; 1005.4715234375; 27.3427734375
2026-07-08; 23:19:59; 1105; 107; 33.79; 1005.494921875; 27.177734375
2026-07-08; 23:20:59; 1105; 107; 33.79; 1005.439921875; 27.166015625
2026-07-08; 23:21:59; 1125; 110; 33.74; 1005.451953125; 27.267578125
2026-07-08; 23:22:59; 1105; 107; 33.73; 1005.4439453125; 27.232421875
2026-07-08; 23:23:59; 1105; 107; 33.79; 1005.439921875; 27.189453125
2026-07-08; 23:24:59; 1105; 107; 33.76; 1005.4753125; 27.2333984375
2026-07-08; 23:25:59; 1105; 107; 33.77; 1005.436015625; 27.1650390625
2026-07-08; 23:26:59; 1125; 110; 33.79; 1005.494921875; 27.166015625
2026-07-08; 23:27:59; 1105; 107; 33.74; 1005.424453125; 27.2099609375
2026-07-08; 23:28:59; 1105; 107; 33.7; 1005.4518359375; 27.2529296875
2026-07-08; 23:29:59; 1125; 110; 33.71; 1005.4950390625; 27.2548828125
2026-07-09; 01:56:39; 400; 0; 32.98; 1005.432421875; 28.185546875
2026-07-09; 01:57:39; 400; 0; 32.95; 1005.46; 28.21875
2026-07-09; 01:58:39; 402; 0; 32.9; 1005.4440625; 28.2958984375
2026-07-09; 01:59:39; 400; 0; 33.06; 1005.4130859375; 28.0302734375
2026-07-09; 02:00:39; 405; 0; 32.93; 1005.381328125; 28.2060546875
2026-07-09; 02:01:39; 400; 0; 33.02; 1005.40515625; 28.1083984375
2026-07-09; 02:02:39; 400; 0; 32.94; 1005.3421484375; 28.2060546875
2026-07-09; 02:03:39; 400; 0; 33.06; 1005.4405078125; 28.052734375
2026-07-09; 02:04:39; 400; 0; 33.04; 1005.409140625; 28.0517578125
2026-07-09; 02:05:39; 400; 0; 33.07; 1005.373828125; 28.01953125
2026-07-09; 02:06:39; 403; 0; 33.09; 1005.3228515625; 27.9970703125
2026-07-09; 02:07:39; 403; 0; 33.12; 1005.3894140625; 27.953125
2026-07-09; 02:08:40; 400; 0; 33.01; 1005.3619921875; 28.072265625
2026-07-09; 02:09:40; 402; 0; 33.04; 1005.381640625; 28.0634765625
2026-07-09; 02:10:40; 400; 0; 33.1; 1005.41296875; 27.962890625
2026-07-09; 02:11:40; 405; 0; 33.08; 1005.3540625; 27.9736328125
2026-07-09; 02:12:40; 400; 0; 33.09; 1005.405234375; 27.962890625
2026-07-09; 02:13:40; 405; 0; 33.13; 1005.37765625; 27.9541015625
2026-07-09; 02:14:40; 409; 1; 33.14; 1005.3658984375; 27.8857421875
2026-07-09; 02:15:40; 405; 0; 33.17; 1005.350078125; 27.8759765625
2026-07-09; 02:16:40; 405; 0; 33.08; 1005.4169921875; 27.9853515625
2026-07-09; 02:17:40; 409; 1; 33.2; 1005.3971484375; 27.8427734375
2026-07-09; 02:18:40; 409; 1; 33.08; 1005.334609375; 27.939453125
2026-07-09; 02:19:40; 405; 0; 33.11; 1005.34625; 27.953125
2026-07-09; 02:20:40; 400; 0; 33.08; 1005.334609375; 27.951171875
2026-07-09; 02:21:40; 405; 0; 33.14; 1005.318671875; 27.8857421875
2026-07-09; 02:22:40; 405; 0; 33.09; 1005.3228515625; 27.9404296875
2026-07-09; 02:23:40; 400; 0; 33.08; 1005.3266015625; 27.9736328125
2026-07-09; 02:24:40; 400; 0; 33.11; 1005.3737109375; 27.8955078125
2026-07-09; 02:25:40; 403; 0; 33.04; 1005.3541796875; 28.005859375
2026-07-09; 02:26:40; 403; 0; 33.06; 1005.3306640625; 27.984375
2026-07-09; 02:27:40; 400; 0; 33.05; 1005.3424609375; 27.9951171875
2026-07-09; 02:28:40; 400; 0; 33.15; 1005.2519921875; 27.875
2026-07-09; 02:29:40; 403; 0; 33.27; 1005.2873046875; 27.7216796875
2026-07-09; 02:30:40; 405; 0; 33.11; 1005.299296875; 27.884765625
2026-07-09; 02:31:40; 405; 0; 33.26; 1005.3540234375; 27.732421875
2026-07-09; 02:32:40; 405; 0; 33.18; 1005.26390625; 27.796875
2026-07-09; 02:33:40; 405; 0; 33.09; 1005.2404296875; 27.9052734375
2026-07-09; 02:34:40; 405; 0; 33.15; 1005.326640625; 27.8515625
2026-07-09; 02:35:40; 400; 0; 33.15; 1005.326640625; 27.83984375
2026-07-09; 02:36:40; 406; 0; 33.14; 1005.318671875; 27.83984375
2026-07-09; 02:37:40; 406; 0; 33.15; 1005.334375; 27.8291015625
2026-07-09; 02:38:40; 406; 0; 33.14; 1005.3383984375; 27.8515625
2026-07-09; 02:39:40; 406; 0; 33.15; 1005.354140625; 27.83984375
2026-07-09; 02:40:40; 400; 0; 33.21; 1005.30296875; 27.7177734375
2026-07-09; 02:41:40; 403; 0; 33.18; 1005.283359375; 27.7841796875
2026-07-09; 02:42:40; 403; 0; 33.11; 1005.34625; 27.8720703125
2026-07-09; 02:43:40; 400; 0; 33.1; 1005.338515625; 27.8720703125
2026-07-09; 02:44:40; 403; 0; 33.17; 1005.350078125; 27.806640625
2026-07-09; 02:45:40; 403; 0; 33.05; 1005.3344140625; 27.9833984375
2026-07-09; 02:46:40; 403; 0; 33.08; 1005.3540625; 27.8935546875
2026-07-09; 02:47:40; 400; 0; 33.08; 1005.38953125; 27.87109375
2026-07-09; 02:48:40; 400; 0; 33.12; 1005.361953125; 27.861328125
2026-07-09; 02:49:40; 402; 0; 33.07; 1005.31890625; 27.916015625
2026-07-09; 02:50:40; 402; 0; 33.1; 1005.3934765625; 27.91796875
2026-07-09; 02:51:41; 402; 0; 33.09; 1005.369765625; 27.9169921875
2026-07-09; 02:52:41; 406; 0; 33.08; 1005.3266015625; 27.916015625
2026-07-09; 02:53:41; 406; 0; 33.09; 1005.295390625; 27.9052734375
2026-07-09; 02:54:41; 402; 0; 33.18; 1005.3108203125; 27.76171875
2026-07-09; 02:55:41; 402; 0; 33.15; 1005.326640625; 27.8291015625
2026-07-09; 02:56:41; 402; 0; 33.08; 1005.3815625; 27.927734375
2026-07-09; 02:57:41; 400; 0; 33.01; 1005.33453125; 28.00390625
2026-07-09; 02:58:41; 402; 0; 33.05; 1005.27953125; 27.9375
2026-07-09; 02:59:41; 402; 0; 33.06; 1005.2951953125; 27.94921875
2026-07-09; 03:00:41; 400; 0; 33.11; 1005.291328125; 27.826171875
2026-07-09; 03:01:41; 405; 0; 33.03; 1005.25609375; 27.958984375
2026-07-09; 03:02:41; 405; 0; 33.05; 1005.2245703125; 27.9599609375
2026-07-09; 03:03:41; 400; 0; 33.04; 1005.216875; 27.9375
2026-07-09; 03:04:41; 405; 0; 33.08; 1005.224765625; 27.84765625
2026-07-09; 03:05:41; 405; 0; 33.06; 1005.24828125; 27.9501953125
2026-07-09; 03:06:41; 405; 0; 33.04; 1005.271796875; 27.92578125
2026-07-09; 03:07:41; 400; 0; 33.1; 1005.256171875; 27.837890625
2026-07-09; 03:08:41; 403; 0; 33.15; 1005.334375; 27.8173828125
2026-07-09; 03:09:41; 403; 0; 33.01; 1005.2521484375; 27.9580078125
2026-07-09; 03:10:41; 400; 0; 33.02; 1005.3422265625; 27.9697265625
2026-07-09; 03:11:41; 409; 1; 33.0; 1005.2913671875; 27.9921875
2026-07-09; 03:12:41; 406; 0; 33.06; 1005.2951953125; 27.9150390625
2026-07-09; 03:13:41; 400; 0; 33.04; 1005.32671875; 27.9140625
2026-07-09; 03:14:41; 403; 0; 33.06; 1005.24828125; 27.892578125
2026-07-09; 03:15:41; 403; 0; 33.02; 1005.2953125; 27.958984375
2026-07-09; 03:16:41; 403; 0; 33.03; 1005.248125; 27.947265625
2026-07-09; 03:17:41; 409; 1; 33.08; 1005.2441796875; 27.8818359375
2026-07-09; 03:18:41; 403; 0; 33.03; 1005.248125; 27.947265625
2026-07-09; 03:19:41; 403; 0; 32.95; 1005.2205859375; 28.0458984375
2026-07-09; 03:20:41; 403; 0; 32.99; 1005.19328125; 27.9794921875
2026-07-09; 03:21:41; 403; 0; 32.92; 1005.3030078125; 28.1015625
2026-07-09; 03:22:41; 403; 0; 32.95; 1005.2403125; 28.0693359375
2026-07-09; 03:23:41; 403; 0; 33.06; 1005.2757421875; 27.904296875
2026-07-09; 03:24:41; 403; 0; 33.07; 1005.2834375; 27.8701171875
2026-07-09; 03:25:41; 403; 0; 33.03; 1005.2835546875; 27.947265625
2026-07-09; 03:26:41; 405; 0; 33.02; 1005.28734375; 27.923828125
2026-07-09; 03:27:41; 405; 0; 32.99; 1005.3108203125; 27.9921875
2026-07-09; 03:28:41; 408; 1; 33.02; 1005.3696875; 27.9580078125
2026-07-09; 03:29:41; 408; 1; 33.08; 1005.3815625; 27.8935546875
2026-07-09; 03:30:41; 411; 1; 33.03; 1005.311015625; 27.9365234375
2026-07-09; 03:31:41; 411; 1; 33.02; 1005.2953125; 27.9365234375
2026-07-09; 03:32:41; 411; 1; 33.05; 1005.39734375; 27.9150390625
2026-07-09; 03:33:42; 411; 1; 32.96; 1005.3383984375; 28.03515625
2026-07-09; 03:34:42; 408; 1; 33.07; 1005.2834375; 27.8935546875
2026-07-09; 03:35:42; 411; 1; 32.9; 1005.2990625; 28.0771484375
2026-07-09; 03:36:42; 408; 1; 32.9; 1005.2716015625; 28.0888671875
2026-07-09; 03:37:42; 405; 0; 32.96; 1005.2834765625; 27.9892578125
2026-07-09; 03:38:42; 405; 0; 32.96; 1005.3383984375; 27.9892578125
2026-07-09; 03:39:42; 405; 0; 32.93; 1005.3264453125; 28.044921875
2026-07-09; 03:40:42; 405; 0; 33.01; 1005.389453125; 27.9462890625
2026-07-09; 03:41:42; 400; 0; 32.94; 1005.2872265625; 28.0224609375
2026-07-09; 03:42:42; 405; 0; 32.93; 1005.3462109375; 28.056640625
2026-07-09; 03:43:42; 405; 0; 32.91; 1005.28734375; 28.04296875
2026-07-09; 03:44:42; 409; 1; 32.95; 1005.35015625; 28.03515625
2026-07-09; 03:45:42; 409; 1; 32.9; 1005.279296875; 28.0888671875
2026-07-09; 03:46:42; 409; 1; 32.95; 1005.3226953125; 28.0234375
2026-07-09; 03:47:42; 409; 1; 32.9; 1005.244140625; 28.1005859375
2026-07-09; 03:48:42; 409; 1; 32.89; 1005.2636328125; 28.087890625
2026-07-09; 03:49:42; 405; 0; 32.88; 1005.2951171875; 28.1220703125
2026-07-09; 03:50:42; 405; 0; 32.93; 1005.263828125; 28.0107421875
2026-07-09; 03:51:42; 400; 0; 32.95; 1005.295234375; 27.9541015625
2026-07-09; 03:52:42; 405; 0; 32.87; 1005.34203125; 28.1103515625
2026-07-09; 03:53:42; 405; 0; 32.9; 1005.3265234375; 28.0771484375
2026-07-09; 03:54:42; 409; 1; 32.9; 1005.2990625; 28.1005859375
2026-07-09; 03:55:42; 409; 1; 32.89; 1005.29109375; 28.099609375
2026-07-09; 03:56:42; 405; 0; 32.93; 1005.2363671875; 28.044921875
2026-07-09; 03:57:42; 405; 0; 32.82; 1005.2712109375; 28.1298828125
2026-07-09; 03:58:42; 400; 0; 32.87; 1005.2322265625; 28.0869140625
2026-07-09; 03:59:42; 405; 0; 32.89; 1005.2087109375; 28.087890625
2026-07-09; 04:00:42; 409; 1; 32.85; 1005.23625; 28.0751953125
2026-07-09; 04:01:42; 400; 0; 32.95; 1005.2677734375; 27.9892578125
2026-07-09; 04:02:42; 400; 0; 32.84; 1005.2128515625; 28.119140625
2026-07-09; 04:03:42; 400; 0; 32.85; 1005.2637109375; 28.1318359375
2026-07-09; 04:04:42; 405; 0; 32.89; 1005.2284765625; 28.111328125
2026-07-09; 04:05:42; 409; 1; 32.84; 1005.2402734375; 28.154296875
2026-07-09; 04:06:42; 405; 0; 32.84; 1005.24796875; 28.130859375
2026-07-09; 04:07:42; 405; 0; 32.85; 1005.256015625; 28.1083984375
2026-07-09; 04:08:42; 405; 0; 32.87; 1005.19703125; 28.0751953125
2026-07-09; 04:09:42; 400; 0; 32.8; 1005.25953125; 28.173828125
2026-07-09; 04:10:42; 400; 0; 32.77; 1005.1926953125; 28.23046875
2026-07-09; 04:11:42; 400; 0; 32.77; 1005.2201171875; 28.2421875
2026-07-09; 04:12:42; 405; 0; 32.75; 1005.1809765625; 28.2861328125
2026-07-09; 04:13:42; 405; 0; 32.85; 1005.1736328125; 28.1201171875
2026-07-09; 04:14:42; 405; 0; 32.85; 1005.1264453125; 28.109375
2026-07-09; 04:15:42; 408; 1; 32.76; 1005.1494921875; 28.2294921875
2026-07-09; 04:16:43; 410; 1; 32.76; 1005.12203125; 28.263671875
2026-07-09; 04:17:43; 410; 1; 32.88; 1005.1853125; 28.087890625
2026-07-09; 04:18:43; 408; 1; 32.93; 1005.13421875; 27.9873046875
2026-07-09; 04:19:43; 410; 1; 32.83; 1005.1770703125; 28.154296875
2026-07-09; 04:20:43; 410; 1; 32.91; 1005.0951171875; 28.0205078125
2026-07-09; 04:21:43; 408; 1; 32.83; 1005.0947265625; 28.1083984375
2026-07-09; 04:22:43; 408; 1; 32.79; 1005.086796875; 28.1513671875
2026-07-09; 04:23:43; 405; 0; 32.81; 1005.1105078125; 28.15234375
2026-07-09; 04:24:43; 408; 1; 32.82; 1005.106484375; 28.1640625
2026-07-09; 04:25:43; 408; 1; 32.79; 1005.059375; 28.185546875
2026-07-09; 04:26:43; 408; 1; 32.82; 1005.0987890625; 28.15234375
2026-07-09; 04:27:43; 410; 1; 32.77; 1005.02796875; 28.20703125
2026-07-09; 04:28:43; 408; 1; 32.81; 1004.9732421875; 28.1865234375
2026-07-09; 04:29:43; 408; 1; 32.81; 1005.035859375; 28.15234375
2026-07-09; 04:30:43; 408; 1; 32.84; 1005.0206640625; 28.0966796875
2026-07-09; 04:31:43; 408; 1; 32.73; 1005.0398046875; 28.26171875
2026-07-09; 04:32:43; 410; 1; 32.76; 1005.0397265625; 28.2177734375
2026-07-09; 04:33:43; 410; 1; 32.8; 1004.992734375; 28.1630859375
2026-07-09; 04:34:43; 410; 1; 32.76; 1004.9573828125; 28.2177734375
2026-07-09; 04:35:43; 410; 1; 32.81; 1004.92609375; 28.140625
2026-07-09; 04:36:43; 408; 1; 32.84; 1004.8833984375; 28.0732421875
2026-07-09; 04:37:43; 410; 1; 32.87; 1004.95765625; 28.0751953125
2026-07-09; 04:38:43; 408; 1; 32.81; 1004.918359375; 28.1064453125
2026-07-09; 04:39:43; 405; 0; 32.77; 1004.8830078125; 28.1611328125
2026-07-09; 04:40:43; 405; 0; 32.83; 1004.9771875; 28.130859375
2026-07-09; 04:41:43; 408; 1; 32.7; 1004.8631640625; 28.2939453125
2026-07-09; 04:42:43; 405; 0; 32.78; 1004.8240625; 28.150390625
2026-07-09; 04:43:43; 405; 0; 32.72; 1004.8396484375; 28.2724609375
2026-07-09; 04:44:43; 410; 1; 32.76; 1004.8673046875; 28.18359375
2026-07-09; 04:45:43; 408; 1; 32.79; 1004.8869921875; 28.173828125
2026-07-09; 04:46:43; 408; 1; 32.71; 1004.878828125; 28.2724609375
2026-07-09; 04:47:43; 408; 1; 32.77; 1004.8358203125; 28.1728515625
2026-07-09; 04:48:43; 408; 1; 32.75; 1004.941640625; 28.1943359375
2026-07-09; 04:49:43; 405; 0; 32.76; 1004.83984375; 28.171875
2026-07-09; 04:50:43; 402; 0; 32.8; 1004.800546875; 28.1171875
2026-07-09; 04:51:43; 402; 0; 32.72; 1004.8945703125; 28.2607421875
2026-07-09; 04:52:43; 406; 0; 32.66; 1004.918125; 28.337890625
2026-07-09; 04:53:43; 406; 0; 32.7; 1004.78078125; 28.3056640625
2026-07-09; 04:54:43; 406; 0; 32.74; 1004.863359375; 28.216796875
2026-07-09; 04:55:43; 406; 0; 32.77; 1004.8555859375; 28.171875
2026-07-09; 04:56:43; 402; 0; 32.88; 1004.855859375; 27.99609375
2026-07-09; 04:57:43; 402; 0; 32.72; 1004.8945703125; 28.23828125
2026-07-09; 04:58:43; 406; 0; 32.69; 1004.85546875; 28.259765625
2026-07-09; 04:59:44; 406; 0; 32.75; 1004.8790625; 28.205078125
2026-07-09; 05:00:44; 406; 0; 32.82; 1004.8594140625; 28.083984375
2026-07-09; 05:01:44; 402; 0; 32.76; 1004.820078125; 28.1953125
2026-07-09; 05:02:44; 406; 0; 32.81; 1004.78109375; 28.1064453125
2026-07-09; 05:03:44; 406; 0; 32.67; 1004.87890625; 28.2705078125
2026-07-09; 05:04:44; 410; 1; 32.78; 1004.8437890625; 28.1611328125
2026-07-09; 05:05:44; 410; 1; 32.7; 1004.835703125; 28.271484375
2026-07-09; 05:06:44; 410; 1; 32.68; 1004.886640625; 28.29296875
2026-07-09; 05:07:44; 415; 2; 32.71; 1004.8594140625; 28.2724609375
2026-07-09; 05:08:44; 415; 2; 32.7; 1004.8631640625; 28.271484375
2026-07-09; 05:09:44; 415; 2; 32.7; 1004.89859375; 28.283203125
2026-07-09; 05:10:44; 415; 2; 32.64; 1004.804375; 28.3486328125
2026-07-09; 05:11:44; 410; 1; 32.66; 1004.8278125; 28.3154296875
2026-07-09; 05:12:44; 410; 1; 32.76; 1004.8475390625; 28.18359375
2026-07-09; 05:13:44; 410; 1; 32.69; 1004.8280078125; 28.283203125
2026-07-09; 05:14:44; 406; 0; 32.82; 1004.741875; 28.0615234375
2026-07-09; 05:15:44; 402; 0; 32.82; 1004.741875; 28.0615234375
2026-07-09; 05:16:44; 400; 0; 32.65; 1004.83953125; 28.302734375
2026-07-09; 05:17:44; 402; 0; 32.65; 1004.8120703125; 28.3486328125
2026-07-09; 05:18:44; 406; 0; 32.69; 1004.8280078125; 28.271484375
2026-07-09; 05:19:44; 402; 0; 32.69; 1004.82; 28.248046875
2026-07-09; 05:20:44; 406; 0; 32.68; 1004.7768359375; 28.236328125
2026-07-09; 05:21:44; 406; 0; 32.68; 1004.757421875; 28.2705078125
2026-07-09; 05:22:44; 406; 0; 32.68; 1004.7299609375; 28.236328125
2026-07-09; 05:23:44; 406; 0; 32.67; 1004.761171875; 28.3037109375
2026-07-09; 05:24:44; 402; 0; 32.76; 1004.79265625; 28.1376953125
2026-07-09; 05:25:44; 406; 0; 32.62; 1004.81984375; 28.2890625
2026-07-09; 05:26:44; 402; 0; 32.66; 1004.855234375; 28.2919921875
2026-07-09; 05:27:44; 402; 0; 32.76; 1004.79265625; 28.171875
2026-07-09; 05:28:44; 400; 0; 32.76; 1004.79265625; 28.1376953125
2026-07-09; 05:29:44; 400; 0; 32.63; 1004.7258203125; 28.2900390625
2026-07-09; 05:30:44; 403; 0; 32.63; 1004.753203125; 28.34765625
2026-07-09; 05:31:44; 403; 0; 32.68; 1004.812265625; 28.2470703125
2026-07-09; 05:32:44; 403; 0; 32.53; 1004.8317578125; 28.4677734375
2026-07-09; 05:33:44; 403; 0; 32.71; 1004.878828125; 28.21484375
2026-07-09; 05:34:44; 403; 0; 32.65; 1004.8475; 28.2685546875
2026-07-09; 05:35:44; 403; 0; 32.55; 1004.9100390625; 28.43359375
2026-07-09; 05:36:44; 403; 0; 32.54; 1004.8748828125; 28.4453125
2026-07-09; 05:37:44; 400; 0; 32.68; 1004.8671875; 28.1787109375
2026-07-09; 05:38:44; 400; 0; 32.61; 1004.9219140625; 28.3349609375
2026-07-09; 05:39:44; 405; 0; 32.58; 1004.8945703125; 28.4248046875
2026-07-09; 05:40:44; 413; 1; 32.64; 1004.9336328125; 28.32421875
2026-07-09; 05:41:44; 415; 2; 32.64; 1004.9690625; 28.3134765625
2026-07-09; 05:42:45; 408; 1; 32.64; 1004.961015625; 28.2900390625
2026-07-09; 05:43:45; 408; 1; 32.7; 1004.918046875; 28.203125
2026-07-09; 05:44:45; 405; 0; 32.66; 1004.937578125; 28.2802734375
2026-07-09; 05:45:45; 405; 0; 32.68; 1004.9415234375; 28.2705078125
2026-07-09; 05:46:45; 408; 1; 32.67; 1004.9258203125; 28.26953125
2026-07-09; 05:47:45; 408; 1; 32.61; 1004.968828125; 28.3232421875
2026-07-09; 05:48:45; 413; 1; 32.64; 1004.9336328125; 28.2900390625
2026-07-09; 05:49:45; 405; 0; 32.62; 1004.98453125; 28.3232421875
2026-07-09; 05:50:45; 405; 0; 32.61; 1004.886484375; 28.333984375
2026-07-09; 05:51:45; 405; 0; 32.62; 1004.965078125; 28.30078125
2026-07-09; 05:52:45; 405; 0; 32.64; 1004.9884765625; 28.2900390625
2026-07-09; 05:53:45; 405; 0; 32.71; 1004.9886328125; 28.19140625
2026-07-09; 05:54:45; 405; 0; 32.69; 1004.9926953125; 28.16796875
2026-07-09; 05:55:45; 409; 1; 32.62; 1004.9570703125; 28.3125
2026-07-09; 05:56:45; 405; 0; 32.56; 1005.008046875; 28.3427734375
2026-07-09; 05:57:45; 409; 1; 32.62; 1005.066875; 28.30078125
2026-07-09; 05:58:45; 409; 1; 32.73; 1005.122109375; 28.158203125
2026-07-09; 05:59:45; 409; 1; 32.58; 1005.1141015625; 28.3095703125
2026-07-09; 06:00:45; 400; 0; 32.54; 1005.094375; 28.353515625
2026-07-09; 06:01:45; 400; 0; 32.61; 1005.1140234375; 28.3349609375
2026-07-09; 06:02:45; 400; 0; 32.6; 1005.1177734375; 28.322265625
2026-07-09; 06:03:45; 403; 0; 32.58; 1005.0669140625; 28.3447265625
2026-07-09; 06:04:45; 403; 0; 32.62; 1005.094296875; 28.30078125
2026-07-09; 06:05:45; 408; 1; 32.63; 1005.11; 28.255859375
2026-07-09; 06:06:45; 413; 1; 32.67; 1005.1259765625; 28.1787109375
2026-07-09; 06:07:45; 408; 1; 32.67; 1005.1808203125; 28.212890625
2026-07-09; 06:08:45; 408; 1; 32.59; 1005.0826171875; 28.3330078125
2026-07-09; 06:09:45; 408; 1; 32.56; 1005.235625; 28.3779296875
2026-07-09; 06:10:45; 408; 1; 32.61; 1005.1060546875; 28.333984375
2026-07-09; 06:11:45; 413; 1; 32.55; 1005.1021484375; 28.388671875
2026-07-09; 06:12:45; 416; 2; 32.69; 1005.176796875; 28.2138671875
2026-07-09; 06:13:45; 421; 3; 32.76; 1005.141796875; 28.1259765625
2026-07-09; 06:14:45; 416; 2; 32.7; 1005.082734375; 28.19140625
2026-07-09; 06:15:45; 413; 1; 32.58; 1005.1141015625; 28.34375
2026-07-09; 06:16:45; 413; 1; 32.6; 1005.0903125; 28.333984375
2026-07-09; 06:17:45; 416; 2; 32.57; 1005.1335546875; 28.3779296875
2026-07-09; 06:18:45; 416; 2; 32.66; 1005.0827734375; 28.24609375
2026-07-09; 06:19:45; 423; 3; 32.6; 1005.0434375; 28.345703125
2026-07-09; 06:20:45; 426; 3; 32.63; 1005.082578125; 28.3134765625
2026-07-09; 06:21:45; 433; 5; 32.65; 1005.067109375; 28.2685546875
2026-07-09; 06:22:45; 433; 5; 32.6; 1005.1257421875; 28.3115234375
2026-07-09; 06:23:45; 433; 5; 32.62; 1005.0394140625; 28.30078125
2026-07-09; 06:24:46; 426; 3; 32.63; 1005.1374609375; 28.3134765625
2026-07-09; 06:25:46; 426; 3; 32.66; 1005.102265625; 28.26953125
2026-07-09; 06:26:46; 421; 3; 32.6; 1005.0903125; 28.345703125
2026-07-09; 06:27:46; 421; 3; 32.64; 1005.1531640625; 28.267578125
2026-07-09; 06:28:46; 426; 3; 32.62; 1005.094296875; 28.30078125
2026-07-09; 06:29:46; 426; 3; 32.67; 1005.1259765625; 28.2470703125
2026-07-09; 06:30:46; 433; 5; 32.68; 1005.1062109375; 28.212890625
2026-07-09; 06:31:46; 423; 3; 32.73; 1005.1023828125; 28.158203125
2026-07-09; 06:32:46; 426; 3; 32.72; 1005.114140625; 28.1923828125
2026-07-09; 06:33:46; 426; 3; 32.66; 1005.0748046875; 28.2236328125
2026-07-09; 06:34:46; 433; 5; 32.61; 1005.1060546875; 28.345703125
2026-07-09; 06:35:46; 433; 5; 32.65; 1005.0590625; 28.2802734375
2026-07-09; 06:36:46; 433; 5; 32.65; 1005.113984375; 28.2802734375
2026-07-09; 06:37:46; 433; 5; 32.66; 1005.04734375; 28.2578125
2026-07-09; 06:38:46; 433; 5; 32.64; 1005.0513671875; 28.279296875
2026-07-09; 06:39:46; 426; 3; 32.6; 1005.03546875; 28.345703125
2026-07-09; 06:40:46; 433; 5; 32.59; 1005.0826171875; 28.3212890625
2026-07-09; 06:41:46; 426; 3; 32.65; 1005.113984375; 28.291015625
2026-07-09; 06:42:46; 426; 3; 32.77; 1005.1377734375; 28.1044921875
2026-07-09; 06:43:46; 426; 3; 32.67; 1005.1728515625; 28.2353515625
2026-07-09; 06:44:46; 426; 3; 32.7; 1005.1925; 28.2138671875
2026-07-09; 06:45:46; 433; 5; 32.81; 1005.13796875; 28.060546875
2026-07-09; 06:46:46; 433; 5; 32.8; 1005.1223046875; 28.0478515625
2026-07-09; 06:47:46; 433; 5; 32.77; 1005.1103125; 28.115234375
2026-07-09; 06:48:46; 433; 5; 32.95; 1005.13046875; 27.8740234375
2026-07-09; 06:49:46; 426; 3; 32.79; 1005.1065625; 28.0478515625
2026-07-09; 06:50:46; 426; 3; 32.74; 1005.0357421875; 28.1484375
2026-07-09; 06:51:46; 426; 3; 32.8; 1005.09484375; 28.0595703125
2026-07-09; 06:52:46; 426; 3; 32.83; 1005.08703125; 28.0390625
2026-07-09; 06:53:46; 426; 3; 32.83; 1005.067265625; 28.0048828125
2026-07-09; 06:54:46; 426; 3; 32.85; 1005.0440625; 28.005859375
2026-07-09; 06:55:46; 426; 3; 32.81; 1005.000703125; 28.072265625
2026-07-09; 06:56:46; 423; 3; 32.77; 1005.02796875; 28.115234375
2026-07-09; 06:57:46; 423; 3; 32.83; 1005.032109375; 28.015625
2026-07-09; 06:58:46; 426; 3; 33.0; 1005.0442578125; 27.8310546875
2026-07-09; 06:59:46; 426; 3; 32.92; 1005.0009765625; 27.91796875
2026-07-09; 07:00:46; 426; 3; 32.82; 1005.0515625; 28.0498046875
2026-07-09; 07:01:46; 426; 3; 32.79; 1005.0791015625; 28.1279296875
2026-07-09; 07:02:46; 426; 3; 32.9; 1005.02453125; 27.9970703125
2026-07-09; 07:03:46; 438; 5; 32.92; 1005.036171875; 27.9296875
2026-07-09; 07:04:46; 433; 5; 32.81; 1005.083046875; 28.072265625
2026-07-09; 07:05:46; 433; 5; 32.89; 1005.0087890625; 27.9736328125
2026-07-09; 07:06:46; 433; 5; 32.93; 1004.996953125; 27.9072265625
2026-07-09; 07:07:47; 433; 5; 32.8; 1004.9850390625; 28.08203125
2026-07-09; 07:08:47; 433; 5; 32.84; 1005.0206640625; 28.02734375
2026-07-09; 07:09:47; 433; 5; 32.87; 1005.0125390625; 27.9951171875
2026-07-09; 07:10:47; 433; 5; 32.91; 1005.02046875; 27.9296875
2026-07-09; 07:11:47; 433; 5; 32.9; 1005.0596875; 27.951171875
2026-07-09; 07:12:47; 426; 3; 32.93; 1005.051875; 27.9306640625
2026-07-09; 07:13:47; 433; 5; 33.08; 1005.106875; 27.732421875
2026-07-09; 07:14:47; 426; 3; 33.12; 1005.1499609375; 27.666015625
2026-07-09; 07:15:47; 423; 3; 33.21; 1005.1381640625; 27.556640625
2026-07-09; 07:16:47; 423; 3; 33.17; 1005.1303125; 27.6005859375
2026-07-09; 07:17:47; 421; 3; 33.21; 1005.1187109375; 27.568359375
2026-07-09; 07:18:47; 423; 3; 33.23; 1005.0871875; 27.5126953125
2026-07-09; 07:19:47; 421; 3; 33.23; 1005.1146484375; 27.53515625
2026-07-09; 07:20:47; 421; 3; 33.32; 1005.13828125; 27.40234375
2026-07-09; 07:21:47; 416; 2; 33.47; 1005.15390625; 27.181640625
2026-07-09; 07:22:47; 416; 2; 33.32; 1005.1459765625; 27.369140625
2026-07-09; 07:23:47; 421; 3; 33.41; 1005.1226953125; 27.271484375
2026-07-09; 07:24:47; 416; 2; 33.5; 1005.1459765625; 27.1494140625
2026-07-09; 07:25:47; 413; 1; 33.51; 1005.153984375; 27.126953125
2026-07-09; 07:26:47; 416; 2; 33.42; 1005.1108984375; 27.259765625
2026-07-09; 07:27:47; 416; 2; 33.47; 1005.173671875; 27.205078125
2026-07-09; 07:28:47; 416; 2; 33.53; 1005.1029296875; 27.1171875
2026-07-09; 07:29:47; 416; 2; 33.58; 1005.1891015625; 27.0625
2026-07-09; 07:30:47; 413; 1; 33.52; 1005.20484375; 27.1279296875
2026-07-09; 07:31:47; 413; 1; 33.58; 1005.2088671875; 27.07421875
2026-07-09; 07:32:47; 413; 1; 33.66; 1005.1691796875; 26.9638671875
2026-07-09; 07:33:47; 416; 2; 33.57; 1005.2206640625; 27.0732421875
2026-07-09; 07:34:47; 413; 1; 33.52; 1005.2246484375; 27.138671875
2026-07-09; 07:35:47; 408; 1; 33.65; 1005.2557421875; 26.974609375
2026-07-09; 07:36:47; 408; 1; 33.72; 1005.2633203125; 26.88671875
2026-07-09; 07:37:47; 408; 1; 33.75; 1005.24765625; 26.853515625
2026-07-09; 07:38:47; 408; 1; 33.78; 1005.3142578125; 26.8212890625
2026-07-09; 07:39:47; 408; 1; 33.76; 1005.3103515625; 26.8310546875
2026-07-09; 07:40:47; 408; 1; 33.83; 1005.365234375; 26.744140625
2026-07-09; 07:41:47; 408; 1; 33.87; 1005.34546875; 26.7001953125
2026-07-09; 07:42:47; 408; 1; 33.82; 1005.26703125; 26.7998046875
2026-07-09; 07:43:47; 408; 1; 33.95; 1005.41625; 26.58984375
2026-07-09; 07:44:47; 408; 1; 33.94; 1005.310078125; 26.623046875
2026-07-09; 07:45:47; 408; 1; 33.88; 1005.278671875; 26.689453125
2026-07-09; 07:46:47; 403; 0; 34.0; 1005.239140625; 26.5458984375
2026-07-09; 07:47:47; 403; 0; 34.01; 1005.2903515625; 26.5595703125
2026-07-09; 07:48:47; 403; 0; 34.03; 1005.2312109375; 26.501953125
2026-07-09; 07:49:47; 403; 0; 34.0; 1005.2196484375; 26.5693359375
2026-07-09; 07:50:48; 403; 0; 34.11; 1005.2664453125; 26.4609375
2026-07-09; 07:51:48; 403; 0; 34.15; 1005.2268359375; 26.3837890625
2026-07-09; 07:52:48; 400; 0; 34.16; 1005.215; 26.3720703125
2026-07-09; 07:53:48; 403; 0; 34.13; 1005.1878125; 26.3935546875
2026-07-09; 07:54:48; 403; 0; 34.14; 1005.238671875; 26.37109375
2026-07-09; 07:55:48; 403; 0; 34.17; 1005.1756640625; 26.373046875
2026-07-09; 07:56:48; 400; 0; 34.16; 1005.1798046875; 26.3486328125
2026-07-09; 07:57:48; 406; 0; 34.22; 1005.2383984375; 26.3291015625
2026-07-09; 07:58:48; 402; 0; 34.19; 1005.1715234375; 26.373046875
2026-07-09; 07:59:48; 402; 0; 34.18; 1005.2188671875; 26.361328125
2026-07-09; 08:00:48; 407; 1; 34.25; 1005.2304296875; 26.2958984375
2026-07-09; 08:01:48; 407; 1; 34.23; 1005.2617578125; 26.306640625
2026-07-09; 08:02:48; 407; 1; 34.21; 1005.1951953125; 26.3515625
2026-07-09; 08:03:48; 409; 1; 34.3; 1005.1987109375; 26.2646484375
2026-07-09; 08:04:48; 409; 1; 34.3; 1005.1712109375; 26.2529296875
2026-07-09; 08:05:48; 407; 1; 34.28; 1005.202578125; 26.263671875
2026-07-09; 08:06:48; 407; 1; 34.24; 1005.1948828125; 26.3193359375
2026-07-09; 08:07:48; 409; 1; 34.32; 1005.182734375; 26.2197265625
2026-07-09; 08:08:48; 407; 1; 34.3; 1005.20640625; 26.2421875
2026-07-09; 08:09:48; 407; 1; 34.3; 1005.1712109375; 26.2646484375
2026-07-09; 08:10:48; 400; 0; 34.31; 1005.1670703125; 26.265625
2026-07-09; 08:11:48; 407; 1; 34.3; 1005.1987109375; 26.298828125
2026-07-09; 08:12:48; 400; 0; 34.32; 1005.2652734375; 26.25390625
2026-07-09; 08:13:48; 407; 1; 34.31; 1005.186875; 26.2763671875
2026-07-09; 08:14:48; 407; 1; 34.33; 1005.2534375; 26.2666015625
2026-07-09; 08:15:48; 407; 1; 34.36; 1005.182734375; 26.2109375
2026-07-09; 08:16:48; 407; 1; 34.39; 1005.2297265625; 26.189453125
2026-07-09; 08:17:48; 407; 1; 34.41; 1005.2060546875; 26.1787109375
2026-07-09; 08:18:48; 407; 1; 34.4; 1005.2098828125; 26.189453125
2026-07-09; 08:19:48; 407; 1; 34.47; 1005.1823046875; 26.11328125
2026-07-09; 08:20:48; 400; 0; 34.47; 1005.1823046875; 26.125
2026-07-09; 08:21:48; 400; 0; 34.48; 1005.1230859375; 26.0908203125
2026-07-09; 08:22:48; 407; 1; 34.51; 1005.1269140625; 26.091796875
2026-07-09; 08:23:48; 407; 1; 34.52; 1005.123046875; 26.05859375
2026-07-09; 08:24:48; 407; 1; 34.56; 1005.158203125; 26.0146484375
2026-07-09; 08:25:48; 407; 1; 34.54; 1005.1819140625; 26.0595703125
2026-07-09; 08:26:48; 407; 1; 34.58; 1005.244609375; 26.015625
2026-07-09; 08:27:48; 400; 0; 34.57; 1005.1934375; 26.0380859375
2026-07-09; 08:28:48; 400; 0; 34.6; 1005.13828125; 26.0283203125
2026-07-09; 08:29:48; 400; 0; 34.64; 1005.1853515625; 25.9501953125
2026-07-09; 08:30:48; 400; 0; 34.65; 1005.208671875; 25.927734375
2026-07-09; 08:31:48; 402; 0; 34.65; 1005.1811328125; 25.9501953125
2026-07-09; 08:32:48; 409; 1; 34.68; 1005.165390625; 25.9287109375
2026-07-09; 08:33:49; 409; 1; 34.71; 1005.2399609375; 25.896484375
2026-07-09; 08:34:49; 402; 0; 34.74; 1005.2315625; 25.86328125
2026-07-09; 08:35:49; 402; 0; 34.78; 1005.2116796875; 25.8544921875
2026-07-09; 08:36:49; 402; 0; 34.75; 1005.255234375; 25.853515625
2026-07-09; 08:37:49; 409; 1; 34.77; 1005.1408984375; 25.853515625
2026-07-09; 08:38:49; 411; 1; 34.82; 1005.1641796875; 25.833984375
2026-07-09; 08:39:49; 411; 1; 34.83; 1005.1721484375; 25.822265625
2026-07-09; 08:40:49; 411; 1; 34.83; 1005.1170703125; 25.822265625
2026-07-09; 08:41:49; 415; 2; 34.85; 1005.1836328125; 25.8232421875
2026-07-09; 08:42:49; 411; 1; 34.88; 1005.1480078125; 25.802734375
2026-07-09; 08:43:49; 411; 1; 34.9; 1005.1165625; 25.7568359375
2026-07-09; 08:44:49; 411; 1; 34.95; 1005.112265625; 25.6904296875
2026-07-09; 08:45:49; 415; 2; 34.97; 1005.0887890625; 25.6923828125
2026-07-09; 08:46:49; 415; 2; 34.99; 1005.05703125; 25.681640625
2026-07-09; 08:47:49; 420; 3; 34.99; 1005.1121484375; 25.681640625
2026-07-09; 08:48:49; 420; 3; 35.02; 1005.1040234375; 25.63671875
2026-07-09; 08:49:49; 415; 2; 35.02; 1005.076484375; 25.6826171875
2026-07-09; 08:50:49; 420; 3; 35.05; 1005.068359375; 25.6162109375
2026-07-09; 08:51:49; 415; 2; 35.08; 1005.00515625; 25.5595703125
2026-07-09; 08:52:49; 415; 2; 35.08; 1005.00515625; 25.6171875
2026-07-09; 08:53:49; 415; 2; 35.09; 1005.0128515625; 25.6640625
2026-07-09; 08:54:49; 415; 2; 35.13; 1005.0558984375; 25.5625
2026-07-09; 08:55:49; 411; 1; 35.12; 1005.0677734375; 25.55078125
2026-07-09; 08:56:49; 415; 2; 35.16; 1005.0753125; 25.5185546875
2026-07-09; 08:57:49; 415; 2; 35.19; 1005.0671875; 25.4853515625
2026-07-09; 08:58:49; 411; 1; 35.2; 1005.1379296875; 25.4970703125
2026-07-09; 08:59:49; 411; 1; 35.2; 1005.07484375; 25.54296875
2026-07-09; 09:00:49; 415; 2; 35.22; 1005.1612890625; 25.4873046875
2026-07-09; 09:01:49; 411; 1; 35.23; 1005.06671875; 25.556640625
2026-07-09; 09:02:49; 415; 2; 35.26; 1005.1608203125; 25.4541015625
2026-07-09; 09:03:49; 415; 2; 35.27; 1005.1213671875; 25.6044921875
2026-07-09; 09:04:49; 415; 2; 35.28; 1005.13703125; 25.5595703125
2026-07-09; 09:05:49; 415; 2; 35.28; 1005.145; 25.5595703125
2026-07-09; 09:06:49; 415; 2; 35.34; 1005.065625; 25.3662109375
2026-07-09; 09:07:49; 420; 3; 35.37; 1005.112578125; 25.3447265625
2026-07-09; 09:08:49; 415; 2; 35.4; 1005.0768359375; 25.3349609375
2026-07-09; 09:09:49; 420; 3; 35.4; 1005.104375; 25.3125
2026-07-09; 09:10:49; 420; 3; 35.42; 1005.0805859375; 25.3017578125
2026-07-09; 09:11:49; 415; 2; 35.46; 1005.1355078125; 25.234375
2026-07-09; 09:12:49; 411; 1; 35.48; 1005.056875; 25.2119140625
2026-07-09; 09:13:49; 415; 2; 35.49; 1005.0725; 25.2021484375
2026-07-09; 09:14:49; 415; 2; 35.53; 1005.127109375; 25.1689453125
2026-07-09; 09:15:49; 415; 2; 35.54; 1005.115234375; 25.169921875
2026-07-09; 09:16:50; 415; 2; 35.57; 1005.0595703125; 25.125
2026-07-09; 09:17:50; 409; 1; 35.61; 1005.06703125; 25.0703125
2026-07-09; 09:18:50; 402; 0; 35.66; 1005.1376171875; 25.0146484375
2026-07-09; 09:19:50; 403; 0; 35.66; 1005.1100390625; 25.083984375
2026-07-09; 09:20:50; 406; 0; 35.67; 1005.1256640625; 25.095703125
2026-07-09; 09:21:50; 413; 1; 35.68; 1005.11375; 25.015625
2026-07-09; 09:22:50; 406; 0; 35.71; 1005.0503515625; 24.994140625
2026-07-09; 09:23:50; 406; 0; 35.74; 1005.069765625; 24.9501953125
2026-07-09; 09:24:50; 413; 1; 35.75; 1005.140546875; 24.9619140625
2026-07-09; 09:25:50; 413; 1; 35.78; 1005.0967578125; 24.9404296875
2026-07-09; 09:26:50; 415; 2; 35.78; 1005.13203125; 24.986328125
2026-07-09; 09:27:50; 415; 2; 35.76; 1005.1010546875; 24.962890625
2026-07-09; 09:28:50; 413; 1; 35.78; 1005.1871875; 24.9638671875
2026-07-09; 09:29:50; 413; 1; 35.78; 1005.13203125; 24.9638671875
2026-07-09; 09:30:50; 415; 2; 35.84; 1005.1551171875; 24.931640625
2026-07-09; 09:31:50; 415; 2; 35.82; 1005.123828125; 24.9658203125
2026-07-09; 09:32:50; 418; 2; 35.85; 1005.1155859375; 24.9208984375
2026-07-09; 09:33:50; 418; 2; 35.86; 1005.1864453125; 24.921875
2026-07-09; 09:34:50; 418; 2; 35.91; 1005.099140625; 24.83203125
2026-07-09; 09:35:50; 413; 1; 35.92; 1005.1503515625; 24.87890625
2026-07-09; 09:36:50; 413; 1; 35.92; 1005.059609375; 24.85546875
2026-07-09; 09:37:50; 415; 2; 35.93; 1005.075234375; 24.8447265625
2026-07-09; 09:38:50; 415; 2; 35.97; 1005.1378125; 24.8115234375
2026-07-09; 09:39:50; 415; 2; 36.0; 1005.094609375; 24.7900390625
2026-07-09; 09:40:50; 418; 2; 36.0; 1005.1298828125; 24.767578125
2026-07-09; 09:41:50; 413; 1; 36.04; 1005.129296875; 24.7119140625
2026-07-09; 09:42:50; 406; 0; 36.06; 1005.113359375; 24.712890625
2026-07-09; 09:43:50; 413; 1; 36.08; 1005.1446484375; 24.7138671875
2026-07-09; 09:44:50; 415; 2; 36.09; 1005.06953125; 24.7490234375
2026-07-09; 09:45:50; 415; 2; 36.09; 1005.1326953125; 24.7265625
2026-07-09; 09:46:50; 415; 2; 36.09; 1005.1051171875; 24.7724609375
2026-07-09; 09:47:50; 415; 2; 36.09; 1005.1051171875; 24.7724609375
2026-07-09; 09:48:50; 418; 2; 36.09; 1005.1051171875; 24.7265625
2026-07-09; 09:49:50; 418; 2; 36.1; 1005.0299609375; 24.8994140625
2026-07-09; 09:50:50; 418; 2; 36.09; 1005.0223046875; 24.7607421875
2026-07-09; 09:51:50; 418; 2; 36.13; 1005.1044921875; 24.728515625
2026-07-09; 09:52:50; 423; 3; 36.1; 1005.057578125; 24.7607421875
2026-07-09; 09:53:50; 423; 3; 36.11; 1005.010390625; 24.7265625
2026-07-09; 09:54:50; 418; 2; 36.11; 1005.045625; 24.76171875
2026-07-09; 09:55:50; 418; 2; 36.12; 1004.97078125; 24.7734375
2026-07-09; 09:56:50; 423; 3; 36.15; 1004.99015625; 24.716796875
2026-07-09; 09:57:50; 423; 3; 36.15; 1004.9625390625; 24.7744140625
2026-07-09; 09:58:50; 423; 3; 36.16; 1004.92296875; 24.7060546875
2026-07-09; 09:59:51; 418; 2; 36.16; 1005.033359375; 24.7294921875
2026-07-09; 10:00:51; 418; 2; 36.14; 1004.899375; 24.7861328125
2026-07-09; 10:01:51; 423; 3; 36.1; 1004.9471875; 24.806640625
2026-07-09; 10:02:51; 423; 3; 36.08; 1004.9791015625; 24.8994140625
2026-07-09; 10:03:51; 423; 3; 36.11; 1005.010390625; 24.865234375
2026-07-09; 10:04:51; 427; 4; 36.08; 1004.951484375; 24.8525390625
2026-07-09; 10:05:51; 427; 4; 36.09; 1005.0143359375; 24.841796875
2026-07-09; 10:06:51; 427; 4; 36.07; 1005.0106640625; 24.8525390625
2026-07-09; 10:07:51; 427; 4; 36.08; 1004.9435546875; 24.8408203125
2026-07-09; 10:08:51; 427; 4; 36.1; 1005.0023828125; 24.806640625
2026-07-09; 10:09:51; 423; 3; 36.1; 1005.0023828125; 24.830078125
2026-07-09; 10:10:51; 423; 3; 36.08; 1005.0262890625; 24.8408203125
2026-07-09; 10:11:51; 423; 3; 36.08; 1005.0066796875; 24.8525390625
2026-07-09; 10:12:51; 423; 3; 36.11; 1004.9827734375; 24.841796875
2026-07-09; 10:13:51; 423; 3; 36.11; 1005.065546875; 24.8076171875
2026-07-09; 10:14:51; 423; 3; 36.09; 1004.9867578125; 24.8759765625
2026-07-09; 10:15:51; 423; 3; 36.09; 1004.93953125; 24.865234375
2026-07-09; 10:16:51; 427; 4; 36.1; 1004.9471875; 24.841796875
2026-07-09; 10:17:51; 423; 3; 36.14; 1004.9545703125; 24.8095703125
2026-07-09; 10:18:51; 423; 3; 36.16; 1004.9781640625; 24.7763671875
2026-07-09; 10:19:51; 423; 3; 36.15; 1004.9426171875; 24.775390625
2026-07-09; 10:20:51; 423; 3; 36.21; 1005.008828125; 24.732421875
2026-07-09; 10:21:51; 423; 3; 36.24; 1005.0480859375; 24.6875
2026-07-09; 10:22:51; 423; 3; 36.28; 1005.01984375; 24.689453125
2026-07-09; 10:23:51; 423; 3; 36.29; 1005.007890625; 24.6787109375
2026-07-09; 10:24:51; 427; 4; 36.32; 1004.9796484375; 24.599609375
2026-07-09; 10:25:51; 423; 3; 36.34; 1005.0661328125; 24.578125
2026-07-09; 10:26:51; 423; 3; 36.35; 1004.9989453125; 24.6123046875
2026-07-09; 10:27:51; 427; 4; 36.33; 1004.9953125; 24.623046875
2026-07-09; 10:28:51; 423; 3; 36.32; 1004.9995703125; 24.6337890625
2026-07-09; 10:29:51; 423; 3; 36.32; 1004.9995703125; 24.611328125
2026-07-09; 10:30:51; 423; 3; 36.3; 1005.0787109375; 24.66796875
2026-07-09; 10:31:51; 423; 3; 36.33; 1005.015234375; 24.623046875
2026-07-09; 10:32:51; 418; 2; 36.36; 1005.03453125; 24.578125
2026-07-09; 10:33:51; 415; 2; 36.36; 1005.0069140625; 24.58984375
2026-07-09; 10:34:51; 415; 2; 36.35; 1005.0817578125; 24.6123046875
2026-07-09; 10:35:51; 415; 2; 36.33; 1004.9953125; 24.623046875
2026-07-09; 10:36:51; 415; 2; 36.34; 1004.955703125; 24.6123046875
2026-07-09; 10:37:51; 415; 2; 36.32; 1004.9796484375; 24.634765625
2026-07-09; 10:38:51; 418; 2; 36.32; 1004.9995703125; 24.6455078125
2026-07-09; 10:39:51; 415; 2; 36.34; 1004.955703125; 24.6357421875
2026-07-09; 10:40:51; 415; 2; 36.33; 1004.9600390625; 24.646484375
2026-07-09; 10:41:51; 415; 2; 36.33; 1004.9876171875; 24.6689453125
2026-07-09; 10:42:52; 418; 2; 36.32; 1004.95203125; 24.6689453125
2026-07-09; 10:43:52; 418; 2; 36.32; 1004.95203125; 24.658203125
2026-07-09; 10:44:52; 418; 2; 36.35; 1004.9989453125; 24.6357421875
2026-07-09; 10:45:52; 423; 3; 36.37; 1004.939765625; 24.6259765625
2026-07-09; 10:46:52; 418; 2; 36.36; 1004.959375; 24.625
2026-07-09; 10:47:52; 418; 2; 36.43; 1005.033515625; 24.59375
2026-07-09; 10:48:52; 423; 3; 36.43; 1004.9703515625; 24.55859375
2026-07-09; 10:49:52; 418; 2; 36.47; 1004.9858984375; 24.5029296875
2026-07-09; 10:50:52; 418; 2; 36.49; 1005.00921875; 24.4697265625
2026-07-09; 10:51:52; 418; 2; 36.52; 1005.028515625; 24.4248046875
2026-07-09; 10:52:52; 418; 2; 36.56; 1004.9805859375; 24.392578125
2026-07-09; 10:53:52; 423; 3; 36.57; 1005.0237890625; 24.392578125
2026-07-09; 10:54:52; 418; 2; 36.59; 1005.055078125; 24.34765625
2026-07-09; 10:55:52; 418; 2; 36.58; 1005.0038671875; 24.4287109375
2026-07-09; 10:56:52; 415; 2; 36.6; 1004.9798828125; 24.4521484375
2026-07-09; 10:57:52; 415; 2; 36.55; 1004.957265625; 24.47265625
2026-07-09; 10:58:52; 418; 2; 36.53; 1004.98890625; 24.541015625
2026-07-09; 10:59:52; 423; 3; 36.53; 1004.90609375; 24.4951171875
2026-07-09; 11:00:52; 418; 2; 36.51; 1004.95765625; 24.5048828125
2026-07-09; 11:01:52; 418; 2; 36.47; 1005.0052734375; 24.595703125
2026-07-09; 11:02:52; 418; 2; 36.48; 1004.9659765625; 24.5732421875
2026-07-09; 11:03:52; 418; 2; 36.47; 1005.06046875; 24.572265625
2026-07-09; 11:04:52; 423; 3; 36.5; 1004.9972265625; 24.6201171875
2026-07-09; 11:05:52; 423; 3; 36.5; 1005.0524609375; 24.5625
2026-07-09; 11:06:52; 418; 2; 36.53; 1004.933671875; 24.5302734375
2026-07-09; 11:07:52; 418; 2; 36.53; 1004.933671875; 24.541015625
2026-07-09; 11:08:52; 423; 3; 36.53; 1004.98890625; 24.564453125
2026-07-09; 11:09:52; 423; 3; 36.53; 1004.996875; 24.564453125
2026-07-09; 11:10:52; 423; 3; 36.53; 1004.941640625; 24.5302734375
2026-07-09; 11:11:52; 423; 3; 36.53; 1004.933671875; 24.552734375
2026-07-09; 11:12:52; 423; 3; 36.53; 1004.98890625; 24.541015625
2026-07-09; 11:13:52; 427; 4; 36.55; 1004.9848828125; 24.5537109375
2026-07-09; 11:14:52; 423; 3; 36.58; 1005.031484375; 24.498046875
2026-07-09; 11:15:52; 433; 5; 36.6; 1004.9878515625; 24.4521484375
2026-07-09; 11:16:52; 427; 4; 36.58; 1004.921015625; 24.498046875
2026-07-09; 11:17:52; 427; 4; 36.6; 1004.9798828125; 24.4521484375
2026-07-09; 11:18:52; 427; 4; 36.6; 1004.869453125; 24.4755859375
2026-07-09; 11:19:52; 427; 4; 36.58; 1004.98421875; 24.5322265625
2026-07-09; 11:20:52; 418; 2; 36.55; 1004.9848828125; 24.5419921875
2026-07-09; 11:21:52; 415; 2; 36.51; 1004.910390625; 24.5751953125
2026-07-09; 11:22:52; 415; 2; 36.55; 1004.9097265625; 24.5537109375
2026-07-09; 11:23:52; 415; 2; 36.57; 1004.960625; 24.56640625
2026-07-09; 11:24:53; 415; 2; 36.58; 1004.9013671875; 24.474609375
2026-07-09; 11:25:53; 418; 2; 36.58; 1004.921015625; 24.5205078125
2026-07-09; 11:26:53; 418; 2; 36.59; 1004.9169921875; 24.486328125
2026-07-09; 11:27:53; 418; 2; 36.6; 1004.905; 24.4990234375
2026-07-09; 11:28:53; 418; 2; 36.61; 1004.9482421875; 24.4990234375
2026-07-09; 11:29:53; 423; 3; 36.64; 1004.8570703125; 24.455078125
2026-07-09; 11:30:53; 423; 3; 36.66; 1004.8526953125; 24.4091796875
2026-07-09; 11:31:53; 427; 4; 36.68; 1004.8643359375; 24.3759765625
2026-07-09; 11:32:53; 427; 4; 36.71; 1004.875625; 24.376953125
2026-07-09; 11:33:53; 427; 4; 36.74; 1004.9225; 24.3212890625
2026-07-09; 11:34:53; 427; 4; 36.76; 1004.94609375; 24.310546875
2026-07-09; 11:35:53; 427; 4; 36.78; 1004.8668359375; 24.2529296875
2026-07-09; 11:36:53; 427; 4; 36.79; 1004.8625; 24.2314453125
2026-07-09; 11:37:53; 423; 3; 36.81; 1004.8384765625; 24.208984375
2026-07-09; 11:38:53; 427; 4; 36.83; 1004.861796875; 24.1865234375
2026-07-09; 11:39:53; 423; 3; 36.83; 1004.8894140625; 24.2216796875
2026-07-09; 11:40:53; 423; 3; 36.84; 1004.877421875; 24.2099609375
2026-07-09; 11:41:53; 427; 4; 36.83; 1004.8697265625; 24.2099609375
2026-07-09; 11:42:53; 423; 3; 36.85; 1004.91296875; 24.2109375
2026-07-09; 11:43:53; 418; 2; 36.84; 1004.9050390625; 24.2216796875
2026-07-09; 11:44:53; 415; 2; 36.8; 1004.8428515625; 24.2548828125
2026-07-09; 11:45:53; 415; 2; 36.74; 1004.831953125; 24.3212890625
2026-07-09; 11:46:53; 415; 2; 36.75; 1004.8828515625; 24.3330078125
2026-07-09; 11:47:53; 418; 2; 36.77; 1004.878828125; 24.310546875
2026-07-09; 11:48:53; 418; 2; 36.77; 1004.82359375; 24.298828125
2026-07-09; 11:49:53; 423; 3; 36.78; 1004.846875; 24.3115234375
2026-07-09; 11:50:53; 418; 2; 36.79; 1004.8625; 24.27734375
2026-07-09; 11:51:53; 418; 2; 36.78; 1004.791640625; 24.27734375
2026-07-09; 11:52:53; 418; 2; 36.83; 1004.8144921875; 24.2568359375
2026-07-09; 11:53:53; 423; 3; 36.87; 1004.81375; 24.2001953125
2026-07-09; 11:54:53; 423; 3; 36.89; 1004.7820703125; 24.189453125
2026-07-09; 11:55:53; 427; 4; 36.89; 1004.7068359375; 24.189453125
2026-07-09; 11:56:53; 423; 3; 36.89; 1004.762109375; 24.201171875
2026-07-09; 11:57:53; 423; 3; 36.88; 1004.738828125; 24.212890625
2026-07-09; 11:58:53; 423; 3; 36.91; 1004.793359375; 24.1904296875
2026-07-09; 11:59:53; 427; 4; 36.93; 1004.74171875; 24.1572265625
2026-07-09; 12:00:53; 423; 3; 36.91; 1004.6828125; 24.16796875
2026-07-09; 12:01:53; 427; 4; 36.95; 1004.6823828125; 24.134765625
2026-07-09; 12:02:53; 427; 4; 36.94; 1004.674453125; 24.134765625
2026-07-09; 12:03:53; 423; 3; 36.95; 1004.7176953125; 24.1240234375
2026-07-09; 12:04:53; 418; 2; 36.94; 1004.7496875; 24.123046875
2026-07-09; 12:05:53; 415; 2; 36.98; 1004.7095703125; 24.1025390625
2026-07-09; 12:06:53; 418; 2; 36.97; 1004.666328125; 24.13671875
2026-07-09; 12:07:53; 423; 3; 36.96; 1004.650703125; 24.1474609375
2026-07-09; 12:08:54; 427; 4; 36.98; 1004.6466796875; 24.125
2026-07-09; 12:09:54; 427; 4; 36.98; 1004.6266796875; 24.1025390625
2026-07-09; 12:10:54; 427; 4; 37.03; 1004.6418359375; 24.05859375
2026-07-09; 12:11:54; 427; 4; 37.05; 1004.6178125; 24.0595703125
2026-07-09; 12:12:54; 433; 5; 37.06; 1004.661015625; 24.0478515625
2026-07-09; 12:13:54; 433; 5; 37.05; 1004.6454296875; 24.0478515625
2026-07-09; 12:14:54; 433; 5; 37.06; 1004.6057421875; 24.0478515625
2026-07-09; 12:15:54; 438; 5; 37.07; 1004.5661328125; 24.025390625
2026-07-09; 12:16:54; 433; 5; 37.05; 1004.6178125; 24.0361328125
2026-07-09; 12:17:54; 433; 5; 37.07; 1004.62140625; 24.060546875
2026-07-09; 12:18:54; 433; 5; 37.05; 1004.665078125; 24.0595703125
2026-07-09; 12:19:54; 433; 5; 37.07; 1004.696328125; 24.025390625
2026-07-09; 12:20:54; 433; 5; 37.07; 1004.6410546875; 24.037109375
2026-07-09; 12:21:54; 438; 5; 37.07; 1004.58578125; 24.037109375
2026-07-09; 12:22:54; 433; 5; 37.09; 1004.6723046875; 24.0498046875
2026-07-09; 12:23:54; 438; 5; 37.05; 1004.6098046875; 24.08203125
2026-07-09; 12:24:54; 433; 5; 37.07; 1004.62140625; 24.048828125
2026-07-09; 12:25:54; 438; 5; 37.08; 1004.609375; 24.0263671875
2026-07-09; 12:26:54; 438; 5; 37.09; 1004.5696875; 24.00390625
2026-07-09; 12:27:54; 438; 5; 37.15; 1004.60015625; 23.9716796875
2026-07-09; 12:28:54; 441; 6; 37.17; 1004.57609375; 23.94921875
2026-07-09; 12:29:54; 441; 6; 37.2; 1004.56765625; 23.916015625
2026-07-09; 12:30:54; 441; 6; 37.21; 1004.5555859375; 23.8935546875
2026-07-09; 12:31:54; 441; 6; 37.25; 1004.6101171875; 23.8720703125
2026-07-09; 12:32:54; 441; 6; 37.24; 1004.51953125; 23.8837890625
2026-07-09; 12:33:54; 441; 6; 37.23; 1004.5591796875; 23.8837890625
2026-07-09; 12:34:54; 438; 5; 37.18; 1004.4811328125; 23.9150390625
2026-07-09; 12:35:54; 438; 5; 37.18; 1004.5916796875; 23.9267578125
2026-07-09; 12:36:54; 438; 5; 37.18; 1004.4811328125; 23.9384765625
2026-07-09; 12:37:54; 438; 5; 37.18; 1004.5561328125; 23.9619140625
2026-07-09; 12:38:54; 441; 6; 37.17; 1004.5208203125; 23.94921875
2026-07-09; 12:39:54; 441; 6; 37.17; 1004.4851953125; 23.984375
2026-07-09; 12:40:54; 441; 6; 37.18; 1004.4811328125; 23.9384765625
2026-07-09; 12:41:54; 441; 6; 37.22; 1004.5908984375; 23.9169921875
2026-07-09; 12:42:54; 441; 6; 37.21; 1004.52; 23.9052734375
2026-07-09; 12:43:54; 427; 4; 37.21; 1004.54765625; 23.8583984375
2026-07-09; 12:44:54; 423; 3; 37.19; 1004.6073046875; 23.904296875
2026-07-09; 12:45:54; 427; 4; 37.19; 1004.4967578125; 23.916015625
2026-07-09; 12:46:54; 433; 5; 37.23; 1004.614453125; 23.90625
2026-07-09; 12:47:54; 438; 5; 37.26; 1004.578359375; 23.896484375
2026-07-09; 12:48:54; 441; 6; 37.31; 1004.530234375; 23.8173828125
2026-07-09; 12:49:54; 444; 6; 37.34; 1004.52171875; 23.7958984375
2026-07-09; 12:50:55; 438; 5; 37.29; 1004.506640625; 23.81640625
2026-07-09; 12:51:55; 438; 5; 37.35; 1004.4544140625; 23.78515625
2026-07-09; 12:52:55; 441; 6; 37.39; 1004.52453125; 23.763671875
2026-07-09; 12:53:55; 444; 6; 37.38; 1004.47328125; 23.740234375
2026-07-09; 12:54:55; 444; 6; 37.37; 1004.51296875; 23.7626953125
2026-07-09; 12:55:55; 444; 6; 37.46; 1004.51546875; 23.6630859375
2026-07-09; 12:56:55; 448; 7; 37.47; 1004.49578125; 23.6513671875
2026-07-09; 12:57:55; 448; 7; 37.46; 1004.5078125; 23.697265625
2026-07-09; 12:58:55; 448; 7; 37.41; 1004.4371484375; 23.7177734375
2026-07-09; 12:59:55; 448; 7; 37.4; 1004.4294921875; 23.7177734375
2026-07-09; 13:00:55; 441; 6; 37.37; 1004.465625; 23.705078125
2026-07-09; 13:01:55; 438; 5; 37.36; 1004.4147265625; 23.7392578125
2026-07-09; 13:02:55; 441; 6; 37.42; 1004.4251171875; 23.70703125
2026-07-09; 13:03:55; 444; 6; 37.42; 1004.3974609375; 23.71875
2026-07-09; 13:04:55; 444; 6; 37.44; 1004.3457421875; 23.673828125
2026-07-09; 13:05:55; 448; 7; 37.48; 1004.4083984375; 23.62890625
2026-07-09; 13:06:55; 448; 7; 37.43; 1004.3024609375; 23.7080078125
2026-07-09; 13:07:55; 448; 7; 37.44; 1004.338046875; 23.7080078125
2026-07-09; 13:08:55; 448; 7; 37.42; 1004.3421875; 23.6953125
2026-07-09; 13:09:55; 444; 6; 37.4; 1004.2556640625; 23.7060546875
2026-07-09; 13:10:55; 448; 7; 37.41; 1004.27921875; 23.71875
2026-07-09; 13:11:55; 448; 7; 37.39; 1004.32296875; 23.763671875
2026-07-09; 13:12:55; 444; 6; 37.38; 1004.3626953125; 23.728515625
2026-07-09; 13:13:55; 441; 6; 37.38; 1004.3073828125; 23.705078125
2026-07-09; 13:14:55; 438; 5; 37.36; 1004.3317578125; 23.76171875
2026-07-09; 13:15:55; 438; 5; 37.35; 1004.296171875; 23.76171875
2026-07-09; 13:16:55; 423; 3; 37.36; 1004.276484375; 23.7158203125
2026-07-09; 13:17:55; 427; 4; 37.37; 1004.216796875; 23.7275390625
2026-07-09; 13:18:55; 427; 4; 37.34; 1004.2529296875; 23.7265625
2026-07-09; 13:19:55; 438; 5; 37.39; 1004.2953515625; 23.763671875
2026-07-09; 13:20:55; 438; 5; 37.42; 1004.286875; 23.70703125
2026-07-09; 13:21:55; 441; 6; 37.42; 1004.31453125; 23.71875
2026-07-09; 13:22:55; 441; 6; 37.41; 1004.24359375; 23.70703125
2026-07-09; 13:23:55; 441; 6; 37.37; 1004.244453125; 23.7392578125
2026-07-09; 13:24:55; 444; 6; 37.39; 1004.240078125; 23.751953125
2026-07-09; 13:25:55; 448; 7; 37.38; 1004.252109375; 23.740234375
2026-07-09; 13:26:55; 448; 7; 37.39; 1004.137421875; 23.7294921875
2026-07-09; 13:27:55; 444; 6; 37.39; 1004.1926953125; 23.775390625
2026-07-09; 13:28:55; 444; 6; 37.38; 1004.169140625; 23.7626953125
2026-07-09; 13:29:55; 448; 7; 37.4; 1004.089765625; 23.763671875
2026-07-09; 13:30:55; 448; 7; 37.37; 1004.09828125; 23.7861328125
2026-07-09; 13:31:55; 454; 8; 37.38; 1004.0941796875; 23.775390625
2026-07-09; 13:32:55; 454; 8; 37.39; 1004.026796875; 23.763671875
2026-07-09; 13:33:56; 454; 8; 37.41; 1004.105390625; 23.7294921875
2026-07-09; 13:34:56; 454; 8; 37.44; 1004.0615625; 23.7197265625
2026-07-09; 13:35:56; 454; 8; 37.47; 1004.0609765625; 23.6748046875
2026-07-09; 13:36:56; 448; 7; 37.43; 1004.08125; 23.6728515625
2026-07-09; 13:37:56; 448; 7; 37.41; 1003.967109375; 23.7177734375
2026-07-09; 13:38:56; 441; 6; 37.38; 1004.0032421875; 23.728515625
2026-07-09; 13:39:56; 433; 5; 37.36; 1004.1658984375; 23.5302734375
2026-07-09; 13:40:56; 427; 4; 37.34; 1004.1146875; 23.73828125
2026-07-09; 13:41:56; 438; 5; 37.37; 1004.1258984375; 23.7744140625
2026-07-09; 13:42:56; 441; 6; 37.35; 1004.1779296875; 23.80859375
2026-07-09; 13:43:56; 438; 5; 37.34; 1004.14234375; 23.7841796875
2026-07-09; 13:44:56; 438; 5; 37.33; 1004.154375; 23.7724609375
2026-07-09; 13:45:56; 438; 5; 37.33; 1004.20203125; 23.794921875
2026-07-09; 13:46:56; 427; 4; 37.33; 1004.154375; 23.65625
2026-07-09; 13:47:56; 433; 5; 37.33; 1004.154375; 23.7958984375
2026-07-09; 13:48:56; 441; 6; 37.34; 1004.16234375; 23.8193359375
2026-07-09; 13:49:56; 448; 7; 37.36; 1004.1935546875; 23.80859375
2026-07-09; 13:50:56; 454; 8; 37.34; 1004.1146875; 23.8310546875
2026-07-09; 13:51:56; 454; 8; 37.31; 1004.095546875; 23.8525390625
2026-07-09; 13:52:56; 454; 8; 37.37; 1004.0785546875; 23.7978515625
2026-07-09; 13:53:56; 454; 8; 37.37; 1004.1535546875; 23.8203125
2026-07-09; 13:54:56; 457; 8; 37.35; 1004.1302734375; 23.80859375
2026-07-09; 13:55:56; 457; 8; 37.33; 1004.0991015625; 23.830078125
2026-07-09; 13:56:56; 454; 8; 37.31; 1004.143203125; 23.86328125
2026-07-09; 13:57:56; 448; 7; 37.28; 1004.0763671875; 23.8623046875
2026-07-09; 13:58:56; 448; 7; 37.29; 1004.1119921875; 23.8740234375
2026-07-09; 13:59:56; 454; 8; 37.28; 1004.0763671875; 23.8857421875
2026-07-09; 14:00:56; 454; 8; 37.29; 1004.0843359375; 23.8857421875
2026-07-09; 14:01:56; 448; 7; 37.26; 1004.15578125; 23.896484375
2026-07-09; 14:02:56; 448; 7; 37.23; 1004.1089453125; 23.8134765625
2026-07-09; 14:03:56; 448; 7; 37.24; 1004.0969140625; 23.8955078125
2026-07-09; 14:04:56; 448; 7; 37.29; 1004.0843359375; 23.8740234375
2026-07-09; 14:05:56; 454; 8; 37.27; 1004.151640625; 23.8857421875
2026-07-09; 14:06:56; 454; 8; 37.22; 1004.046015625; 23.9404296875
2026-07-09; 14:07:56; 448; 7; 37.2; 1004.097734375; 23.962890625
2026-07-09; 14:08:56; 454; 8; 37.18; 1004.0665625; 24.01953125
2026-07-09; 14:09:56; 448; 7; 37.19; 1004.1018359375; 23.857421875
2026-07-09; 14:10:56; 448; 7; 37.21; 1004.0777734375; 23.962890625
2026-07-09; 14:11:56; 448; 7; 37.2; 1004.089765625; 23.927734375
2026-07-09; 14:12:56; 448; 7; 37.25; 1004.0295703125; 23.9423828125
2026-07-09; 14:13:56; 454; 8; 37.19; 1003.99921875; 23.9853515625
2026-07-09; 14:14:56; 454; 8; 37.2; 1003.95953125; 24.0087890625
2026-07-09; 14:15:56; 454; 8; 37.19; 1004.01890625; 23.9619140625
2026-07-09; 14:16:57; 454; 8; 37.18; 1003.9756640625; 24.01953125
2026-07-09; 14:17:57; 457; 8; 37.14; 1003.976484375; 24.064453125
2026-07-09; 14:18:57; 454; 8; 37.13; 1003.9332421875; 24.0869140625
2026-07-09; 14:19:57; 454; 8; 37.12; 1003.980546875; 24.0859375
2026-07-09; 14:20:57; 454; 8; 37.09; 1004.0090234375; 24.107421875
2026-07-09; 14:21:57; 457; 8; 37.15; 1003.984140625; 24.052734375
2026-07-09; 14:22:57; 454; 8; 37.11; 1003.9849609375; 24.0966796875
2026-07-09; 14:23:57; 457; 8; 37.1; 1003.9141015625; 24.1083984375
2026-07-09; 14:24:57; 454; 8; 37.11; 1004.0126171875; 24.0966796875
2026-07-09; 14:25:57; 457; 8; 37.1; 1003.949375; 24.0966796875
2026-07-09; 14:26:57; 454; 8; 37.1; 1004.024609375; 24.130859375
2026-07-09; 14:27:57; 454; 8; 37.08; 1003.9381640625; 24.1416015625
2026-07-09; 14:28:57; 448; 7; 37.05; 1003.899296875; 24.1748046875
2026-07-09; 14:29:57; 448; 7; 37.07; 1003.902890625; 24.1416015625
2026-07-09; 14:30:57; 448; 7; 37.06; 1003.9148828125; 24.1064453125
2026-07-09; 14:31:57; 444; 6; 37.02; 1003.955078125; 24.1962890625
2026-07-09; 14:32:57; 444; 6; 37.03; 1003.8877734375; 24.2080078125
2026-07-09; 14:33:57; 444; 6; 37.0; 1003.9318359375; 24.1845703125
2026-07-09; 14:34:57; 444; 6; 36.98; 1003.9282421875; 24.2294921875
2026-07-09; 14:35:57; 448; 7; 36.99; 1003.9162109375; 24.2529296875
2026-07-09; 14:36:57; 444; 6; 36.97; 1004.0031640625; 24.240234375
2026-07-09; 14:37:57; 448; 7; 37.0; 1003.9791015625; 24.2412109375
2026-07-09; 14:38:57; 454; 8; 36.97; 1003.940234375; 24.298828125
2026-07-09; 14:39:57; 454; 8; 36.95; 1003.91640625; 24.3095703125
2026-07-09; 14:40:57; 457; 8; 36.95; 1003.90875; 24.30859375
2026-07-09; 14:41:57; 454; 8; 36.95; 1003.90875; 24.296875
2026-07-09; 14:42:57; 457; 8; 36.95; 1003.88109375; 24.3203125
2026-07-09; 14:43:57; 457; 8; 36.94; 1003.845546875; 24.30859375
2026-07-09; 14:44:57; 457; 8; 36.95; 1003.833515625; 24.3095703125
2026-07-09; 14:45:57; 457; 8; 36.94; 1003.7902734375; 24.3203125
2026-07-09; 14:46:57; 457; 8; 36.96; 1003.7665234375; 24.2744140625
2026-07-09; 14:47:57; 457; 8; 37.0; 1003.8133203125; 24.2646484375
2026-07-09; 14:48:57; 457; 8; 36.94; 1003.7273828125; 24.3193359375
2026-07-09; 14:49:57; 454; 8; 36.92; 1003.7590625; 24.2265625
2026-07-09; 14:50:57; 454; 8; 36.91; 1003.79109375; 24.306640625
2026-07-09; 14:51:57; 457; 8; 36.9; 1003.783125; 24.3525390625
2026-07-09; 14:52:57; 457; 8; 36.89; 1003.7875; 24.36328125
2026-07-09; 14:53:57; 454; 8; 36.89; 1003.8504296875; 24.3408203125
2026-07-09; 14:54:57; 454; 8; 36.89; 1003.8227734375; 24.3515625
2026-07-09; 14:55:57; 457; 8; 36.91; 1003.7634765625; 24.341796875
2026-07-09; 14:56:57; 457; 8; 36.91; 1003.77109375; 24.341796875
2026-07-09; 14:57:57; 460; 9; 36.91; 1003.79109375; 24.3759765625
2026-07-09; 14:58:57; 460; 9; 36.91; 1003.7434765625; 24.330078125
2026-07-09; 14:59:58; 460; 9; 36.91; 1003.7434765625; 24.341796875
2026-07-09; 15:00:58; 457; 8; 36.91; 1003.7634765625; 24.330078125
2026-07-09; 15:01:58; 457; 8; 36.9; 1003.7201953125; 24.3525390625
2026-07-09; 15:02:58; 460; 9; 36.89; 1003.7398828125; 24.3408203125
2026-07-09; 15:03:58; 460; 9; 36.87; 1003.728671875; 24.408203125
2026-07-09; 15:04:58; 460; 9; 36.87; 1003.6810546875; 24.3974609375
2026-07-09; 15:05:58; 454; 8; 36.88; 1003.6966796875; 24.3515625
2026-07-09; 15:06:58; 454; 8; 36.87; 1003.78390625; 24.2578125
2026-07-09; 15:07:58; 454; 8; 36.83; 1003.737109375; 24.3955078125
2026-07-09; 15:08:58; 454; 8; 36.87; 1003.701015625; 24.419921875
2026-07-09; 15:09:58; 457; 8; 36.86; 1003.748359375; 24.408203125
2026-07-09; 15:10:58; 457; 8; 36.87; 1003.6258203125; 24.3857421875
2026-07-09; 15:11:58; 460; 9; 36.88; 1003.6137890625; 24.38671875
2026-07-09; 15:12:58; 460; 9; 36.87; 1003.5076953125; 24.408203125
2026-07-09; 15:13:58; 460; 9; 36.87; 1003.5352734375; 24.419921875
2026-07-09; 15:14:58; 460; 9; 36.86; 1003.5549609375; 24.455078125
2026-07-09; 15:15:58; 460; 9; 36.85; 1003.53171875; 24.4423828125
2026-07-09; 15:16:58; 460; 9; 36.83; 1003.598984375; 24.44140625
2026-07-09; 15:17:58; 464; 9; 36.85; 1003.6698046875; 24.4423828125
2026-07-09; 15:18:58; 460; 9; 36.85; 1003.539375; 24.419921875
2026-07-09; 15:19:58; 457; 8; 36.88; 1003.5508984375; 24.38671875
2026-07-09; 15:20:58; 457; 8; 36.86; 1003.582578125; 24.408203125
2026-07-09; 15:21:58; 457; 8; 36.86; 1003.66546875; 24.419921875
2026-07-09; 15:22:58; 457; 8; 36.84; 1003.52375; 24.44140625
2026-07-09; 15:23:58; 457; 8; 36.8; 1003.5169140625; 24.498046875
2026-07-09; 15:24:58; 457; 8; 36.8; 1003.5721484375; 24.486328125
2026-07-09; 15:25:58; 460; 9; 36.81; 1003.5601171875; 24.486328125
2026-07-09; 15:26:58; 460; 9; 36.79; 1003.5641796875; 24.486328125
2026-07-09; 15:27:58; 460; 9; 36.81; 1003.595390625; 24.4755859375
2026-07-09; 15:28:58; 460; 9; 36.79; 1003.4813671875; 24.5205078125
2026-07-09; 15:29:58; 460; 9; 36.81; 1003.5325; 24.498046875
2026-07-09; 15:30:58; 460; 9; 36.77; 1003.5805859375; 24.5419921875
2026-07-09; 15:31:58; 460; 9; 36.77; 1003.5805859375; 24.5537109375
2026-07-09; 15:32:58; 460; 9; 36.77; 1003.5253515625; 24.5537109375
2026-07-09; 15:33:58; 460; 9; 36.74; 1003.5137890625; 24.552734375
2026-07-09; 15:34:58; 65535; 65535; 36.75; 1003.494140625; 24.552734375
2026-07-09; 15:35:58; 460; 9; 36.78; 1003.3828515625; 24.5087890625
2026-07-09; 15:36:58; 460; 9; 36.8; 1003.4416796875; 24.509765625
2026-07-09; 15:37:58; 460; 9; 36.78; 1003.4380859375; 24.5087890625
2026-07-09; 15:38:58; 460; 9; 36.78; 1003.3751953125; 24.54296875
2026-07-09; 15:39:58; 460; 9; 36.78; 1003.43046875; 24.4736328125
2026-07-09; 15:40:58; 457; 8; 36.76; 1003.43453125; 24.51953125
2026-07-09; 15:41:58; 457; 8; 36.72; 1003.4197265625; 24.59765625
2026-07-09; 15:42:59; 457; 8; 36.71; 1003.439375; 24.59765625
2026-07-09; 15:43:59; 460; 9; 36.71; 1003.43171875; 24.5966796875
2026-07-09; 15:44:59; 457; 8; 36.72; 1003.399765625; 24.59765625
2026-07-09; 15:45:59; 457; 8; 36.76; 1003.3716015625; 24.5537109375
2026-07-09; 15:46:59; 460; 9; 36.74; 1003.4233203125; 24.5751953125
2026-07-09; 15:47:59; 457; 8; 36.72; 1003.455; 24.59765625
2026-07-09; 15:48:59; 457; 8; 36.71; 1003.384140625; 24.5859375
2026-07-09; 15:49:59; 457; 8; 36.72; 1003.4197265625; 24.62109375
2026-07-09; 15:50:59; 457; 8; 36.73; 1003.3524609375; 24.5859375
2026-07-09; 15:51:59; 460; 9; 36.73; 1003.32484375; 24.57421875
2026-07-09; 15:52:59; 460; 9; 36.72; 1003.3092578125; 24.59765625
2026-07-09; 15:53:59; 460; 9; 36.71; 1003.32890625; 24.5859375
2026-07-09; 15:54:59; 457; 8; 36.69; 1003.3805859375; 24.607421875
2026-07-09; 15:55:59; 454; 8; 36.65; 1003.3537109375; 24.62890625
2026-07-09; 15:56:59; 454; 8; 36.65; 1003.3537109375; 24.67578125
2026-07-09; 15:57:59; 457; 8; 36.66; 1003.388984375; 24.65234375
2026-07-09; 15:58:59; 454; 8; 36.67; 1003.3217578125; 24.6416015625
2026-07-09; 15:59:59; 454; 8; 36.68; 1003.3097265625; 24.6533203125
2026-07-09; 16:00:59; 454; 8; 36.68; 1003.3097265625; 24.6533203125
2026-07-09; 16:01:59; 454; 8; 36.65; 1003.32609375; 24.6865234375
2026-07-09; 16:02:59; 454; 8; 36.66; 1003.3613671875; 24.6640625
2026-07-09; 16:03:59; 454; 8; 36.66; 1003.33375; 24.65234375
2026-07-09; 16:04:59; 457; 8; 36.67; 1003.3020703125; 24.6533203125
2026-07-09; 16:05:59; 457; 8; 36.68; 1003.290078125; 24.642578125
2026-07-09; 16:06:59; 454; 8; 36.68; 1003.290078125; 24.6533203125
2026-07-09; 16:07:59; 457; 8; 36.66; 1003.3141015625; 24.67578125
2026-07-09; 16:08:59; 454; 8; 36.65; 1003.2432421875; 24.65234375
2026-07-09; 16:09:59; 454; 8; 36.65; 1003.270859375; 24.6640625
2026-07-09; 16:10:59; 457; 8; 36.63; 1003.3225; 24.697265625
2026-07-09; 16:11:59; 457; 8; 36.61; 1003.3189453125; 24.71875
2026-07-09; 16:12:59; 457; 8; 36.62; 1003.3069140625; 24.7431640625
2026-07-09; 16:13:59; 457; 8; 36.61; 1003.2637109375; 24.7080078125
2026-07-09; 16:14:59; 454; 8; 36.62; 1003.33453125; 24.697265625
2026-07-09; 16:15:59; 454; 8; 36.6; 1003.3309375; 24.68359375
2026-07-09; 16:16:59; 441; 6; 36.59; 1003.3626171875; 24.625
2026-07-09; 16:17:59; 441; 6; 36.57; 1003.3669921875; 24.751953125
2026-07-09; 16:18:59; 441; 6; 36.54; 1003.375390625; 24.6806640625
2026-07-09; 16:19:59; 441; 6; 36.55; 1003.328125; 24.6923828125
2026-07-09; 16:20:59; 441; 6; 36.56; 1003.371328125; 24.669921875
2026-07-09; 16:21:59; 438; 5; 36.52; 1003.3166015625; 24.7255859375
2026-07-09; 16:22:59; 433; 5; 36.5; 1003.376171875; 24.794921875
2026-07-09; 16:23:59; 438; 5; 36.51; 1003.3089453125; 24.771484375
2026-07-09; 16:24:59; 438; 5; 36.57; 1003.339375; 24.716796875
2026-07-09; 16:26:00; 444; 6; 36.55; 1003.197734375; 24.7392578125
2026-07-09; 16:27:00; 444; 6; 36.57; 1003.284140625; 24.763671875
2026-07-09; 16:28:00; 448; 7; 36.55; 1003.2529296875; 24.7626953125
2026-07-09; 16:29:00; 448; 7; 36.55; 1003.2529296875; 24.7626953125
2026-07-09; 16:30:00; 448; 7; 36.54; 1003.23734375; 24.7724609375
2026-07-09; 16:31:00; 448; 7; 36.57; 1003.22890625; 24.763671875
2026-07-09; 16:32:00; 448; 7; 36.55; 1003.3005078125; 24.76171875
2026-07-09; 16:33:00; 444; 6; 36.58; 1003.2444921875; 24.6943359375
2026-07-09; 16:34:00; 444; 6; 36.56; 1003.1780859375; 24.7509765625
2026-07-09; 16:35:00; 444; 6; 36.57; 1003.2209765625; 24.705078125
2026-07-09; 16:36:00; 448; 7; 36.58; 1003.2365625; 24.7177734375
2026-07-09; 16:37:00; 413; 1; 36.59; 1003.2601171875; 24.4404296875
2026-07-09; 16:38:00; 402; 0; 36.61; 1003.180859375; 24.46484375
2026-07-09; 16:39:00; 409; 1; 36.57; 1003.2565234375; 24.578125
2026-07-09; 16:40:00; 427; 4; 36.55; 1003.1624609375; 24.646484375
2026-07-09; 16:41:00; 432; 4; 36.55; 1003.190078125; 24.7041015625
2026-07-09; 16:42:00; 442; 6; 36.54; 1003.15453125; 24.71484375
2026-07-09; 16:43:00; 451; 7; 36.54; 1003.1821484375; 24.6923828125
2026-07-09; 16:44:00; 451; 7; 36.51; 1003.1708984375; 24.7255859375
2026-07-09; 16:45:00; 456; 8; 36.55; 1003.2176953125; 24.7041015625
2026-07-09; 16:46:00; 456; 8; 36.53; 1003.2493359375; 24.7265625
2026-07-09; 16:47:00; 451; 7; 36.5; 1003.182890625; 24.6669921875
2026-07-09; 16:48:00; 432; 4; 36.47; 1003.265859375; 24.271484375
2026-07-09; 16:49:00; 436; 5; 36.46; 1003.13984375; 24.548828125
2026-07-09; 16:50:00; 432; 4; 36.45; 1003.1598046875; 24.6640625
2026-07-09; 16:51:00; 442; 6; 36.45; 1003.2150390625; 24.861328125
2026-07-09; 16:52:00; 451; 7; 36.45; 1003.187421875; 24.525390625
2026-07-09; 16:53:00; 446; 7; 36.46; 1003.2226953125; 24.7802734375
2026-07-09; 16:54:00; 451; 7; 36.45; 1003.2070703125; 24.8369140625
2026-07-09; 16:55:00; 456; 8; 36.46; 1003.1674609375; 24.837890625
2026-07-09; 16:56:00; 456; 8; 36.45; 1003.1794921875; 24.8486328125
2026-07-09; 16:57:00; 460; 9; 36.45; 1003.187421875; 24.8837890625
2026-07-09; 16:58:00; 465; 9; 36.46; 1003.1754296875; 24.79296875
2026-07-09; 16:59:00; 465; 9; 36.47; 1003.1830859375; 24.8154296875
2026-07-09; 17:00:00; 460; 9; 36.46; 1003.1674609375; 24.4794921875
2026-07-09; 17:01:00; 451; 7; 36.43; 1003.1562109375; 24.6748046875
2026-07-09; 17:02:00; 456; 8; 36.45; 1003.151875; 24.8369140625
2026-07-09; 17:03:00; 465; 9; 36.43; 1003.093046875; 24.8359375
2026-07-09; 17:04:00; 465; 9; 36.42; 1003.085390625; 24.8828125
2026-07-09; 17:05:00; 472; 10; 36.43; 1003.1206640625; 24.8828125
2026-07-09; 17:06:00; 472; 10; 36.43; 1003.1206640625; 24.732421875
2026-07-09; 17:07:00; 451; 7; 36.43; 1003.0378125; 24.7548828125
2026-07-09; 17:08:00; 456; 8; 36.44; 1003.088984375; 24.8369140625
2026-07-09; 17:09:01; 465; 9; 36.44; 1003.14421875; 24.8603515625
2026-07-09; 17:10:01; 472; 10; 36.46; 1003.084609375; 24.8271484375
2026-07-09; 17:11:01; 472; 10; 36.43; 1003.1009765625; 24.8369140625
2026-07-09; 17:12:01; 472; 10; 36.44; 1003.025859375; 24.8603515625
2026-07-09; 17:13:01; 472; 10; 36.44; 1003.13625; 24.8720703125
2026-07-09; 17:14:01; 482; 12; 36.44; 1003.0810546875; 24.8837890625
2026-07-09; 17:15:01; 482; 12; 36.45; 1003.0414453125; 24.8720703125
2026-07-09; 17:16:01; 482; 12; 36.45; 1003.1045703125; 24.849609375
2026-07-09; 17:17:01; 482; 12; 36.46; 1003.1674609375; 24.873046875
2026-07-09; 17:18:01; 482; 12; 36.47; 1003.100234375; 24.8388671875
2026-07-09; 17:19:01; 482; 12; 36.48; 1003.088515625; 24.83984375
2026-07-09; 17:20:01; 477; 11; 36.48; 1003.0136328125; 24.8046875
2026-07-09; 17:21:01; 477; 11; 36.48; 1003.088515625; 24.81640625
2026-07-09; 17:22:01; 472; 10; 36.48; 1003.088515625; 24.79296875
2026-07-09; 17:23:01; 477; 11; 36.46; 1003.092578125; 24.8154296875
2026-07-09; 17:24:01; 472; 10; 36.45; 1003.0414453125; 24.8369140625
2026-07-09; 17:25:01; 472; 10; 36.49; 1003.04890625; 24.81640625
2026-07-09; 17:26:01; 472; 10; 36.47; 1002.9898046875; 24.8271484375
2026-07-09; 17:27:01; 472; 10; 36.47; 1003.017421875; 24.8505859375
2026-07-09; 17:28:01; 477; 11; 36.47; 1003.0256640625; 24.8271484375
2026-07-09; 17:29:01; 482; 12; 36.47; 1003.017421875; 24.8505859375
2026-07-09; 17:30:01; 482; 12; 36.46; 1003.009765625; 24.8271484375
2026-07-09; 17:31:01; 482; 12; 36.47; 1003.0256640625; 24.8388671875
2026-07-09; 17:32:01; 482; 12; 36.48; 1003.0333203125; 24.81640625
2026-07-09; 17:33:01; 477; 11; 36.45; 1002.9665625; 24.861328125
2026-07-09; 17:34:01; 482; 12; 36.44; 1003.006171875; 24.8955078125
2026-07-09; 17:35:01; 482; 12; 36.45; 1002.9113671875; 24.861328125
2026-07-09; 17:36:01; 482; 12; 36.47; 1002.9069921875; 24.8623046875
2026-07-09; 17:37:01; 482; 12; 36.47; 1002.9621875; 24.8623046875
2026-07-09; 17:38:01; 482; 12; 36.46; 1002.8637890625; 24.8154296875
2026-07-09; 17:39:01; 472; 10; 36.46; 1002.918984375; 24.7919921875
2026-07-09; 17:40:01; 465; 9; 36.44; 1002.8957421875; 24.8369140625
2026-07-09; 17:41:01; 465; 9; 36.45; 1002.95859375; 24.8603515625
2026-07-09; 17:42:01; 465; 9; 36.41; 1002.9317578125; 24.9169921875
2026-07-09; 17:43:01; 472; 10; 36.39; 1002.908203125; 24.916015625
2026-07-09; 17:44:01; 477; 11; 36.39; 1002.9634375; 24.9384765625
2026-07-09; 17:45:01; 477; 11; 36.38; 1002.8926171875; 24.9619140625
2026-07-09; 17:46:01; 482; 12; 36.4; 1002.94375; 24.951171875
2026-07-09; 17:47:01; 482; 12; 36.39; 1002.9005859375; 24.892578125
2026-07-09; 17:48:01; 477; 11; 36.38; 1002.920234375; 24.9501953125
2026-07-09; 17:49:01; 482; 12; 36.39; 1002.9358203125; 24.9501953125
2026-07-09; 17:50:01; 482; 12; 36.38; 1002.912578125; 24.9609375
2026-07-09; 17:51:01; 477; 11; 36.37; 1002.9322265625; 24.9267578125
2026-07-09; 17:52:02; 477; 11; 36.38; 1002.8650390625; 24.9619140625
2026-07-09; 17:53:02; 482; 12; 36.38; 1002.8926171875; 24.9619140625
2026-07-09; 17:54:02; 482; 12; 36.38; 1002.7745703125; 24.9609375
2026-07-09; 17:55:02; 482; 12; 36.38; 1002.837421875; 24.9150390625
2026-07-09; 17:56:02; 482; 12; 36.37; 1002.8769921875; 24.9375
2026-07-09; 17:57:02; 482; 12; 36.37; 1002.79421875; 24.9609375
2026-07-09; 17:58:02; 482; 12; 36.36; 1002.7985546875; 24.9951171875
2026-07-09; 17:59:02; 482; 12; 36.37; 1002.8417578125; 24.99609375
2026-07-09; 18:00:02; 482; 12; 36.36; 1002.826171875; 25.005859375
2026-07-09; 18:01:02; 477; 11; 36.35; 1002.838203125; 25.005859375
2026-07-09; 18:02:02; 482; 12; 36.35; 1002.790625; 25.029296875
2026-07-09; 18:03:02; 482; 12; 36.36; 1002.77859375; 25.0068359375
2026-07-09; 18:04:02; 482; 12; 36.38; 1002.8021484375; 24.97265625
2026-07-09; 18:05:02; 482; 12; 36.38; 1002.754609375; 24.9619140625
2026-07-09; 18:06:02; 477; 11; 36.38; 1002.8021484375; 24.9267578125
2026-07-09; 18:07:02; 472; 10; 36.37; 1002.79421875; 24.94921875
2026-07-09; 18:08:02; 451; 7; 36.38; 1002.8021484375; 24.822265625
2026-07-09; 18:09:02; 442; 6; 36.37; 1002.766640625; 24.8798828125
2026-07-09; 18:10:02; 442; 6; 36.37; 1002.766640625; 24.9033203125
2026-07-09; 18:11:02; 442; 6; 36.36; 1002.8062109375; 24.9375
2026-07-09; 18:12:02; 451; 7; 36.36; 1002.7709765625; 24.9716796875
2026-07-09; 18:13:02; 456; 8; 36.35; 1002.7277734375; 24.970703125
2026-07-09; 18:14:02; 456; 8; 36.34; 1002.7121484375; 25.0048828125
2026-07-09; 18:15:02; 460; 9; 36.35; 1002.70015625; 25.017578125
2026-07-09; 18:16:02; 472; 10; 36.35; 1002.7078125; 25.005859375
2026-07-09; 18:17:02; 477; 11; 36.35; 1002.7078125; 25.017578125
2026-07-09; 18:18:02; 477; 11; 36.36; 1002.7233984375; 25.0185546875
2026-07-09; 18:19:02; 482; 12; 36.34; 1002.7121484375; 25.0048828125
2026-07-09; 18:20:02; 482; 12; 36.33; 1002.6766015625; 25.0283203125
2026-07-09; 18:21:02; 482; 12; 36.34; 1002.6646484375; 25.029296875
2026-07-09; 18:22:02; 482; 12; 36.34; 1002.6569921875; 25.0283203125
2026-07-09; 18:23:02; 482; 12; 36.33; 1002.70421875; 25.0283203125
2026-07-09; 18:24:02; 487; 13; 36.32; 1002.6334375; 25.0390625
2026-07-09; 18:25:02; 477; 11; 36.34; 1002.6569921875; 25.0517578125
2026-07-09; 18:26:02; 482; 12; 36.33; 1002.62140625; 25.05078125
2026-07-09; 18:27:02; 482; 12; 36.32; 1002.62578125; 25.0625
2026-07-09; 18:28:02; 477; 11; 36.29; 1002.6421484375; 25.072265625
2026-07-09; 18:29:02; 472; 10; 36.24; 1002.654609375; 25.126953125
2026-07-09; 18:30:02; 460; 9; 36.19; 1002.65171875; 25.1357421875
2026-07-09; 18:31:02; 456; 8; 36.15; 1002.6798046875; 25.203125
2026-07-09; 18:32:03; 456; 8; 36.12; 1002.6253125; 25.2939453125
2026-07-09; 18:33:03; 460; 9; 36.11; 1002.664921875; 25.31640625
2026-07-09; 18:34:03; 465; 9; 36.09; 1002.6413671875; 25.3388671875
2026-07-09; 18:35:03; 472; 10; 36.08; 1002.5509375; 25.361328125
2026-07-09; 18:36:03; 477; 11; 36.07; 1002.6457421875; 25.349609375
2026-07-09; 18:37:03; 477; 11; 36.07; 1002.5353515625; 25.361328125
2026-07-09; 18:38:03; 477; 11; 36.04; 1002.4885546875; 25.3935546875
2026-07-09; 18:39:03; 472; 10; 36.06; 1002.5945703125; 25.39453125
2026-07-09; 18:40:03; 472; 10; 36.04; 1002.563359375; 25.427734375
2026-07-09; 18:41:03; 472; 10; 36.04; 1002.508203125; 25.427734375
2026-07-09; 18:42:03; 472; 10; 36.04; 1002.54375; 25.4404296875
2026-07-09; 18:43:03; 472; 10; 36.03; 1002.5756640625; 25.392578125
2026-07-09; 18:44:03; 477; 11; 36.02; 1002.5048828125; 25.4384765625
2026-07-09; 18:45:03; 477; 11; 36.01; 1002.4969140625; 25.4267578125
2026-07-09; 18:46:03; 465; 9; 36.02; 1002.4849609375; 25.392578125
2026-07-09; 18:47:03; 460; 9; 36.01; 1002.516875; 25.4267578125
2026-07-09; 18:48:03; 460; 9; 36.0; 1002.481328125; 25.4140625
2026-07-09; 18:49:03; 460; 9; 36.0; 1002.426171875; 25.4375
2026-07-09; 18:50:03; 465; 9; 36.0; 1002.481328125; 25.4609375
2026-07-09; 18:51:03; 472; 10; 35.99; 1002.4580859375; 25.4482421875
2026-07-09; 18:52:03; 472; 10; 35.99; 1002.4657421875; 25.4951171875
2026-07-09; 18:53:03; 472; 10; 35.99; 1002.4933203125; 25.517578125
2026-07-09; 18:54:03; 477; 11; 35.98; 1002.45015625; 25.517578125
2026-07-09; 18:55:03; 482; 12; 35.97; 1002.5093359375; 25.5400390625
2026-07-09; 18:56:03; 482; 12; 35.95; 1002.4582421875; 25.515625
2026-07-09; 18:57:03; 487; 13; 35.93; 1002.454609375; 25.5498046875
2026-07-09; 18:58:03; 482; 12; 35.93; 1002.4821875; 25.4453125
2026-07-09; 18:59:03; 482; 12; 35.94; 1002.5057421875; 25.5615234375
2026-07-09; 19:00:03; 487; 13; 35.95; 1002.4582421875; 25.55078125
2026-07-09; 19:01:04; 472; 10; 35.94; 1002.3954296875; 25.515625
2026-07-09; 19:02:04; 472; 10; 35.94; 1002.4977734375; 25.4921875
2026-07-09; 19:03:04; 482; 12; 35.95; 1002.43859375; 25.5390625
2026-07-09; 19:04:04; 482; 12; 35.94; 1002.3954296875; 25.5498046875
2026-07-09; 19:05:04; 482; 12; 35.94; 1002.450546875; 25.52734375
2026-07-09; 19:06:04; 482; 12; 35.94; 1002.4230078125; 25.5498046875
2026-07-09; 19:07:04; 477; 11; 35.94; 1002.4150390625; 25.5498046875
2026-07-09; 19:08:04; 482; 12; 35.93; 1002.399453125; 25.45703125
2026-07-09; 19:09:04; 482; 12; 35.93; 1002.4821875; 25.5029296875
2026-07-09; 19:10:04; 482; 12; 35.93; 1002.454609375; 25.583984375
2026-07-09; 19:11:04; 482; 12; 35.94; 1002.4426171875; 25.583984375
2026-07-09; 19:12:04; 482; 12; 35.93; 1002.53734375; 25.583984375
2026-07-09; 19:13:04; 482; 12; 35.92; 1002.391796875; 25.583984375
2026-07-09; 19:14:04; 482; 12; 35.93; 1002.454609375; 25.583984375
2026-07-09; 19:15:04; 482; 12; 35.93; 1002.42703125; 25.5380859375
2026-07-09; 19:16:04; 482; 12; 35.92; 1002.41140625; 25.560546875
2026-07-09; 19:17:04; 482; 12; 35.95; 1002.403046875; 25.4697265625
2026-07-09; 19:18:04; 482; 12; 35.91; 1002.4233984375; 25.560546875
2026-07-09; 19:19:04; 477; 11; 35.92; 1002.383828125; 25.4794921875
2026-07-09; 19:20:04; 482; 12; 35.91; 1002.3682421875; 25.560546875
2026-07-09; 19:21:04; 482; 12; 35.94; 1002.387421875; 25.5498046875
2026-07-09; 19:22:04; 482; 12; 35.92; 1002.328671875; 25.5830078125
2026-07-09; 19:23:04; 487; 13; 35.92; 1002.328671875; 25.5947265625
2026-07-09; 19:24:04; 487; 13; 35.92; 1002.30109375; 25.6064453125
2026-07-09; 19:25:04; 493; 14; 35.92; 1002.383828125; 25.5947265625
2026-07-09; 19:26:04; 493; 14; 35.92; 1002.3090234375; 25.572265625
2026-07-09; 19:27:04; 493; 14; 35.92; 1002.2538671875; 25.548828125
2026-07-09; 19:28:04; 493; 14; 35.93; 1002.3521875; 25.5615234375
2026-07-09; 19:29:04; 493; 14; 35.93; 1002.3521875; 25.583984375
2026-07-09; 19:30:04; 487; 13; 35.93; 1002.3521875; 25.5615234375
2026-07-09; 19:31:05; 493; 14; 35.94; 1002.387421875; 25.5263671875
2026-07-09; 19:32:05; 493; 14; 35.95; 1002.347890625; 25.5625
2026-07-09; 19:33:05; 493; 14; 35.94; 1002.340234375; 25.5498046875
2026-07-09; 19:34:05; 493; 14; 35.93; 1002.3166796875; 25.572265625
2026-07-09; 19:35:05; 487; 13; 35.93; 1002.3442578125; 25.572265625
2026-07-09; 19:36:05; 487; 13; 35.93; 1002.3166796875; 25.583984375
2026-07-09; 19:37:05; 493; 14; 35.92; 1002.3562890625; 25.6064453125
2026-07-09; 19:38:05; 493; 14; 35.92; 1002.30109375; 25.6064453125
2026-07-09; 19:39:05; 487; 13; 35.91; 1002.28546875; 25.6298828125
2026-07-09; 19:40:05; 487; 13; 35.9; 1002.2975; 25.6396484375
2026-07-09; 19:41:05; 487; 13; 35.9; 1002.325078125; 25.6279296875
2026-07-09; 19:42:05; 493; 14; 35.91; 1002.3406640625; 25.6298828125
2026-07-09; 19:43:05; 482; 12; 35.91; 1002.34859375; 25.5947265625
2026-07-09; 19:44:05; 482; 12; 35.89; 1002.254296875; 25.6396484375
2026-07-09; 19:45:05; 482; 12; 35.89; 1002.345; 25.6279296875
2026-07-09; 19:46:05; 482; 12; 35.88; 1002.301796875; 25.6279296875
2026-07-09; 19:47:05; 482; 12; 35.89; 1002.33703125; 25.6044921875
2026-07-09; 19:48:05; 482; 12; 35.91; 1002.3406640625; 25.5830078125
2026-07-09; 19:49:05; 482; 12; 35.92; 1002.2459375; 25.548828125
2026-07-09; 19:50:05; 482; 12; 35.93; 1002.324609375; 25.5146484375
2026-07-09; 19:51:05; 477; 11; 35.96; 1002.30828125; 25.435546875
2026-07-09; 19:52:05; 482; 12; 35.99; 1002.38296875; 25.4375
2026-07-09; 19:53:05; 487; 13; 36.02; 1002.2841796875; 25.4736328125
2026-07-09; 19:54:05; 487; 13; 36.02; 1002.3393359375; 25.4619140625
2026-07-09; 19:55:05; 487; 13; 36.03; 1002.27984375; 25.439453125
2026-07-09; 19:56:05; 493; 14; 36.05; 1002.2834375; 25.4169921875
2026-07-09; 19:57:05; 493; 14; 36.06; 1002.29109375; 25.41796875
2026-07-09; 19:58:05; 493; 14; 36.09; 1002.3458203125; 25.3623046875
2026-07-09; 19:59:05; 487; 13; 36.1; 1002.325859375; 25.29296875
2026-07-09; 20:00:05; 487; 13; 36.12; 1002.3846484375; 25.201171875
2026-07-09; 20:01:05; 482; 12; 36.09; 1002.36546875; 25.0732421875
2026-07-09; 20:02:05; 477; 11; 36.14; 1002.380625; 25.029296875
2026-07-09; 20:03:05; 465; 9; 36.11; 1002.3690625; 25.236328125
2026-07-09; 20:04:05; 482; 12; 36.08; 1002.3578125; 25.2919921875
2026-07-09; 20:05:05; 477; 11; 36.13; 1002.3650390625; 25.109375
2026-07-09; 20:06:05; 472; 10; 36.12; 1002.3769921875; 25.0400390625
2026-07-09; 20:07:06; 465; 9; 36.07; 1002.3421875; 25.1298828125
2026-07-09; 20:08:06; 472; 10; 36.09; 1002.3458203125; 25.3037109375
2026-07-09; 20:09:06; 482; 12; 36.13; 1002.2822265625; 25.3173828125
2026-07-09; 20:10:06; 477; 11; 36.13; 1002.392578125; 25.1318359375
2026-07-09; 20:11:06; 477; 11; 36.01; 1002.3866015625; 25.2998046875
2026-07-09; 20:12:06; 465; 9; 36.06; 1002.4094140625; 25.279296875
2026-07-09; 20:13:06; 465; 9; 36.18; 1002.305; 25.0771484375
2026-07-09; 20:14:06; 472; 10; 36.13; 1002.337421875; 25.201171875
2026-07-09; 20:15:06; 472; 10; 36.17; 1002.3998046875; 25.134765625
2026-07-09; 20:16:06; 472; 10; 36.17; 1002.344609375; 25.2392578125
2026-07-09; 20:17:06; 472; 10; 36.16; 1002.419453125; 25.2275390625
2026-07-09; 20:18:06; 477; 11; 36.17; 1002.344609375; 25.2041015625
2026-07-09; 20:19:06; 477; 11; 36.18; 1002.305; 25.158203125
2026-07-09; 20:20:06; 477; 11; 36.09; 1002.318203125; 25.3388671875
2026-07-09; 20:21:06; 472; 10; 36.17; 1002.2894140625; 25.169921875
2026-07-09; 20:22:06; 482; 12; 36.06; 1002.318671875; 25.3603515625
2026-07-09; 20:23:06; 482; 12; 36.12; 1002.3494140625; 25.3056640625
2026-07-09; 20:24:06; 482; 12; 36.12; 1002.3846484375; 25.3408203125
2026-07-09; 20:25:06; 487; 13; 36.13; 1002.337421875; 25.3173828125
2026-07-09; 20:26:06; 482; 12; 36.14; 1002.2978125; 25.2490234375
2026-07-09; 20:27:06; 482; 12; 35.98; 1002.339765625; 25.4716796875
2026-07-09; 20:28:06; 482; 12; 36.04; 1002.3702734375; 25.3935546875
2026-07-09; 20:29:06; 487; 13; 36.05; 1002.3110546875; 25.3828125
2026-07-09; 20:30:06; 487; 13; 36.04; 1002.2678125; 25.4052734375
2026-07-09; 20:31:06; 487; 13; 36.12; 1002.321796875; 25.3173828125
2026-07-09; 20:32:06; 482; 12; 36.11; 1002.195859375; 25.3505859375
2026-07-09; 20:33:06; 482; 12; 36.11; 1002.36140625; 25.3388671875
2026-07-09; 20:34:06; 482; 12; 36.12; 1002.321796875; 25.3515625
2026-07-09; 20:35:06; 482; 12; 36.07; 1002.22390625; 25.3720703125
2026-07-09; 20:36:06; 482; 12; 36.11; 1002.2786328125; 25.328125
2026-07-09; 20:37:06; 482; 12; 36.08; 1002.2750390625; 25.22265625
2026-07-09; 20:38:06; 482; 12; 36.02; 1002.2366796875; 25.3125
2026-07-09; 20:39:06; 477; 11; 36.06; 1002.263515625; 25.3369140625
2026-07-09; 20:40:06; 482; 12; 36.06; 1002.318671875; 25.3369140625
2026-07-09; 20:41:06; 482; 12; 36.04; 1002.2875; 25.3701171875
2026-07-09; 20:42:06; 482; 12; 35.99; 1002.2726171875; 25.390625
2026-07-09; 20:43:06; 482; 12; 36.06; 1002.2358984375; 25.3603515625
2026-07-09; 20:44:06; 482; 12; 36.24; 1002.205390625; 25.0576171875
2026-07-09; 20:45:06; 482; 12; 36.01; 1002.2133984375; 25.4609375
2026-07-09; 20:46:06; 482; 12; 36.04; 1002.2598828125; 25.4052734375
2026-07-09; 20:47:06; 487; 13; 36.02; 1002.228984375; 25.4384765625
2026-07-09; 20:48:06; 482; 12; 36.05; 1002.247890625; 25.4404296875
2026-07-09; 20:49:06; 477; 11; 36.03; 1002.244609375; 25.392578125
2026-07-09; 20:50:07; 482; 12; 36.02; 1002.2090625; 25.416015625
2026-07-09; 20:51:07; 482; 12; 35.93; 1002.206328125; 25.46875
2026-07-09; 20:52:07; 482; 12; 36.06; 1002.29109375; 25.2099609375
2026-07-09; 20:53:07; 482; 12; 36.07; 1002.2870703125; 25.326171875
2026-07-09; 20:54:07; 482; 12; 36.07; 1002.2791015625; 25.4072265625
2026-07-09; 20:55:07; 477; 11; 36.07; 1002.231875; 25.3720703125
2026-07-09; 20:56:07; 482; 12; 36.0; 1002.2606640625; 25.4375
2026-07-09; 20:57:07; 482; 12; 36.02; 1002.3117578125; 25.392578125
2026-07-09; 20:58:07; 482; 12; 35.97; 1002.26875; 25.470703125
2026-07-09; 20:59:07; 487; 13; 36.0; 1002.2606640625; 25.4609375
2026-07-09; 21:00:07; 487; 13; 35.99; 1002.355390625; 25.4716796875
2026-07-09; 21:01:07; 487; 13; 35.95; 1002.2375390625; 25.515625
2026-07-09; 21:02:07; 487; 13; 35.9; 1002.2778125; 25.5712890625
2026-07-09; 21:03:07; 493; 14; 36.03; 1002.2998046875; 25.439453125
2026-07-09; 21:04:07; 482; 12; 36.04; 1002.3230078125; 25.4052734375
2026-07-09; 21:05:07; 482; 12; 36.03; 1002.27984375; 25.392578125
2026-07-09; 21:06:07; 482; 12; 36.11; 1002.3138671875; 25.31640625
2026-07-09; 21:07:07; 482; 12; 36.12; 1002.329453125; 25.3291015625
2026-07-09; 21:08:07; 482; 12; 36.12; 1002.266640625; 25.3291015625
2026-07-09; 21:09:07; 482; 12; 36.02; 1002.2841796875; 25.404296875
2026-07-09; 21:10:07; 487; 13; 36.01; 1002.26859375; 25.4033203125
2026-07-09; 21:11:07; 482; 12; 36.01; 1002.27625; 25.380859375
2026-07-09; 21:12:07; 482; 12; 35.95; 1002.2375390625; 25.5625
2026-07-09; 21:13:07; 487; 13; 35.98; 1002.229453125; 25.4716796875
2026-07-09; 21:14:07; 482; 12; 35.92; 1002.30109375; 25.548828125
2026-07-09; 21:15:07; 482; 12; 35.96; 1002.3358984375; 25.4931640625
2026-07-09; 21:16:07; 482; 12; 35.96; 1002.30828125; 25.423828125
2026-07-09; 21:17:07; 482; 12; 36.01; 1002.33140625; 25.4501953125
2026-07-09; 21:18:07; 482; 12; 36.0; 1002.3433984375; 25.4140625
2026-07-09; 21:19:07; 477; 11; 36.14; 1002.30546875; 25.2255859375
2026-07-09; 21:20:07; 472; 10; 36.05; 1002.3386328125; 25.3134765625
2026-07-09; 21:21:07; 482; 12; 35.96; 1002.4186328125; 25.412109375
2026-07-09; 21:22:07; 477; 11; 36.0; 1002.31578125; 25.2177734375
2026-07-09; 21:23:07; 482; 12; 36.03; 1002.3549609375; 25.27734375
2026-07-09; 21:24:07; 482; 12; 36.06; 1002.326640625; 25.3486328125
2026-07-09; 21:25:07; 482; 12; 36.05; 1002.3306640625; 25.2783203125
2026-07-09; 21:26:07; 482; 12; 36.05; 1002.3386328125; 25.3359375
2026-07-09; 21:27:07; 482; 12; 36.0; 1002.3985546875; 25.333984375
2026-07-09; 21:28:07; 482; 12; 35.92; 1002.3366015625; 25.43359375
2026-07-09; 21:29:07; 482; 12; 36.03; 1002.3350390625; 25.392578125
2026-07-09; 21:30:07; 482; 12; 36.06; 1002.4014453125; 25.220703125
2026-07-09; 21:31:07; 472; 10; 36.07; 1002.3698046875; 25.1640625
2026-07-09; 21:32:07; 477; 11; 35.94; 1002.3954296875; 25.353515625
2026-07-09; 21:33:08; 472; 10; 35.92; 1002.3562890625; 25.4912109375
2026-07-09; 21:34:08; 460; 9; 35.93; 1002.371875; 25.45703125
2026-07-09; 21:35:08; 477; 11; 36.09; 1002.393046875; 25.3623046875
2026-07-09; 21:36:08; 482; 12; 35.92; 1002.4745703125; 25.5029296875
2026-07-09; 21:37:08; 482; 12; 35.93; 1002.3521875; 25.5029296875
2026-07-09; 21:38:08; 482; 12; 35.99; 1002.4381640625; 25.3564453125
2026-07-09; 21:39:08; 482; 12; 35.98; 1002.5252734375; 25.4716796875
2026-07-09; 21:40:08; 487; 13; 35.92; 1002.4941796875; 25.4794921875
2026-07-09; 21:41:08; 477; 11; 35.95; 1002.5409765625; 25.4462890625
2026-07-09; 21:42:08; 482; 12; 35.83; 1002.499609375; 25.6826171875
2026-07-09; 21:43:08; 482; 12; 35.8; 1002.563125; 25.71484375
2026-07-09; 21:44:08; 482; 12; 35.89; 1002.557734375; 25.5927734375
2026-07-09; 21:45:08; 482; 12; 35.78; 1002.5671484375; 25.7490234375
2026-07-09; 21:46:08; 493; 14; 35.95; 1002.651328125; 25.55078125
2026-07-09; 21:47:08; 493; 14; 35.74; 1002.642890625; 25.81640625
2026-07-09; 21:48:08; 493; 14; 35.72; 1002.6668359375; 25.8271484375
2026-07-09; 21:49:08; 503; 15; 35.94; 1002.7264453125; 25.5615234375
2026-07-09; 21:50:08; 503; 15; 35.93; 1002.758046875; 25.5615234375
2026-07-09; 21:51:08; 498; 14; 35.79; 1002.7758203125; 25.75
2026-07-09; 21:52:08; 503; 15; 35.85; 1002.696328125; 25.671875
2026-07-09; 21:53:08; 503; 15; 36.08; 1002.7716796875; 25.2578125
2026-07-09; 21:54:08; 503; 15; 35.9; 1002.7191796875; 25.59375
2026-07-09; 21:55:08; 503; 15; 35.83; 1002.6926953125; 25.6474609375
2026-07-09; 21:56:08; 498; 14; 35.76; 1002.784453125; 25.748046875
2026-07-09; 21:57:08; 498; 14; 35.83; 1002.7478515625; 25.6591796875
2026-07-09; 21:58:08; 498; 14; 35.77; 1002.799765625; 25.7021484375
2026-07-09; 21:59:08; 498; 14; 35.8; 1002.811328125; 25.71484375
2026-07-09; 22:00:08; 482; 12; 35.83; 1002.8030078125; 25.220703125
2026-07-09; 22:01:08; 477; 11; 35.95; 1002.8248046875; 25.412109375
2026-07-09; 22:02:08; 482; 12; 36.16; 1002.8533203125; 25.21484375
2026-07-09; 22:03:08; 477; 11; 35.55; 1002.8150390625; 25.7587890625
2026-07-09; 22:04:08; 477; 11; 35.74; 1002.82796875; 25.4462890625
2026-07-09; 22:05:08; 460; 9; 35.56; 1002.8658984375; 25.7255859375
2026-07-09; 22:06:08; 451; 7; 35.79; 1002.7681640625; 25.3798828125
2026-07-09; 22:07:08; 456; 8; 35.84; 1002.8106640625; 25.4169921875
2026-07-09; 22:08:08; 456; 8; 35.82; 1002.7873828125; 25.58984375
2026-07-09; 22:09:08; 460; 9; 35.68; 1002.88015625; 25.7900390625
2026-07-09; 22:10:08; 465; 9; 36.02; 1002.8712109375; 25.115234375
2026-07-09; 22:11:08; 465; 9; 35.95; 1002.8995703125; 25.3193359375
2026-07-09; 22:12:08; 472; 10; 35.75; 1002.934296875; 25.6083984375
2026-07-09; 22:13:08; 465; 9; 35.8; 1002.8465625; 25.634765625
2026-07-09; 22:14:08; 482; 12; 35.96; 1002.9151953125; 25.3662109375
2026-07-09; 22:15:08; 477; 11; 35.55; 1002.98046875; 25.943359375
2026-07-09; 22:16:09; 465; 9; 35.63; 1002.9399609375; 25.8095703125
2026-07-09; 22:17:09; 456; 8; 35.52; 1003.023984375; 25.7001953125
2026-07-09; 22:18:09; 465; 9; 35.7; 1003.0216796875; 25.744140625
2026-07-09; 22:19:09; 465; 9; 35.6; 1003.0033984375; 25.5771484375
2026-07-09; 22:20:09; 460; 9; 35.68; 1003.03765625; 25.7900390625
2026-07-09; 22:21:09; 465; 9; 35.76; 1003.0050390625; 25.7021484375
2026-07-09; 22:22:09; 482; 12; 35.98; 1003.021796875; 25.4365234375
2026-07-09; 22:23:09; 482; 12; 35.75; 1003.044609375; 25.689453125
2026-07-09; 22:24:09; 487; 13; 35.86; 1003.042890625; 25.603515625
2026-07-09; 22:25:09; 493; 14; 35.68; 1003.065234375; 25.697265625
2026-07-09; 22:26:09; 482; 12; 35.65; 1002.978828125; 25.7646484375
2026-07-09; 22:27:09; 487; 13; 35.48; 1003.0521875; 26.0205078125
2026-07-09; 22:28:09; 487; 13; 35.6; 1003.0937890625; 25.912109375
2026-07-09; 22:29:09; 482; 12; 35.63; 1003.0778125; 25.798828125
2026-07-09; 22:30:09; 487; 13; 35.48; 1002.99703125; 26.0556640625
2026-07-09; 22:31:09; 487; 13; 35.82; 1003.1380078125; 25.6474609375
2026-07-09; 22:32:09; 493; 14; 35.67; 1003.13234375; 25.8115234375
2026-07-09; 22:33:09; 493; 14; 35.74; 1003.084140625; 25.7587890625
2026-07-09; 22:34:09; 493; 14; 35.96; 1003.10828125; 25.4580078125
2026-07-09; 22:35:09; 493; 14; 35.82; 1003.1380078125; 25.58984375
2026-07-09; 22:36:09; 487; 13; 35.6; 1003.14125; 25.9697265625
2026-07-09; 22:37:09; 493; 14; 35.49; 1003.0876953125; 26.0556640625
2026-07-09; 22:38:09; 493; 14; 35.4; 1003.1749609375; 26.201171875
2026-07-09; 22:39:09; 493; 14; 35.32; 1003.160234375; 26.265625
2026-07-09; 22:40:09; 493; 14; 35.27; 1003.1648046875; 26.4013671875
2026-07-09; 22:41:09; 493; 14; 35.24; 1003.1733203125; 26.3876953125
2026-07-09; 22:42:09; 487; 13; 35.37; 1003.128125; 26.1650390625
2026-07-09; 22:43:09; 482; 12; 35.26; 1003.1767578125; 26.2275390625
2026-07-09; 22:44:09; 482; 12; 35.34; 1003.1363671875; 26.2666015625
2026-07-09; 22:45:09; 482; 12; 35.28; 1003.0977734375; 26.2626953125
2026-07-09; 22:46:09; 482; 12; 35.48; 1003.099609375; 26.1015625
2026-07-09; 22:47:09; 487; 13; 35.39; 1003.159375; 26.2236328125
2026-07-09; 22:48:09; 487; 13; 35.32; 1003.250859375; 26.2314453125
2026-07-09; 22:49:09; 482; 12; 35.25; 1003.2437890625; 26.19140625
2026-07-09; 22:50:09; 482; 12; 35.47; 1003.22953125; 26.04296875
2026-07-09; 22:51:09; 482; 12; 35.33; 1003.2113671875; 26.197265625
2026-07-09; 22:52:09; 482; 12; 35.24; 1003.2085546875; 26.353515625
2026-07-09; 22:53:09; 482; 12; 35.35; 1003.352890625; 26.1982421875
2026-07-09; 22:54:09; 482; 12; 35.62; 1003.3379296875; 25.6474609375
2026-07-09; 22:55:09; 482; 12; 35.33; 1003.2665234375; 26.1044921875
2026-07-09; 22:56:09; 472; 10; 35.3; 1003.266796875; 26.2294921875
2026-07-09; 22:57:09; 472; 10; 35.32; 1003.3059765625; 26.150390625
2026-07-09; 22:58:09; 465; 9; 35.64; 1003.2864453125; 25.8564453125
2026-07-09; 22:59:10; 465; 9; 35.57; 1003.3149609375; 25.818359375
2026-07-09; 23:00:10; 472; 10; 35.26; 1003.3420703125; 26.2158203125
2026-07-09; 23:01:10; 456; 8; 35.19; 1003.2681640625; 26.28125
2026-07-09; 23:02:10; 460; 9; 35.13; 1003.3397265625; 26.4970703125
2026-07-09; 23:03:10; 460; 9; 35.38; 1003.3565625; 26.0146484375
2026-07-09; 23:04:10; 456; 8; 35.24; 1003.3738671875; 26.1689453125
2026-07-09; 23:05:10; 460; 9; 35.41; 1003.4034375; 26.1318359375
2026-07-09; 23:06:10; 456; 8; 35.26; 1003.4878125; 26.3662109375
2026-07-09; 23:07:10; 460; 9; 35.15; 1003.42609375; 26.2900390625
2026-07-09; 23:08:10; 456; 8; 35.22; 1003.397734375; 26.259765625
2026-07-09; 23:09:10; 460; 9; 35.47; 1003.4776171875; 25.951171875
2026-07-09; 23:10:10; 465; 9; 35.28; 1003.4835546875; 26.1826171875
2026-07-09; 23:11:10; 465; 9; 35.25; 1003.55484375; 26.2841796875
2026-07-09; 23:12:10; 472; 10; 35.2; 1003.449140625; 26.3623046875
2026-07-09; 23:13:10; 477; 11; 35.35; 1003.5378515625; 26.1748046875
2026-07-09; 23:14:10; 477; 11; 35.2; 1003.5869140625; 26.166015625
2026-07-09; 23:15:10; 472; 10; 35.23; 1003.571015625; 26.2939453125
2026-07-09; 23:16:10; 465; 9; 35.14; 1003.556171875; 26.37109375
2026-07-09; 23:17:10; 472; 10; 35.14; 1003.556171875; 26.359375
2026-07-09; 23:18:10; 465; 9; 35.09; 1003.5882421875; 26.4140625
2026-07-09; 23:19:10; 456; 8; 35.08; 1003.6001171875; 26.35546875
2026-07-09; 23:20:10; 451; 7; 35.3; 1003.660546875; 26.1259765625
2026-07-09; 23:21:10; 456; 8; 35.11; 1003.6115234375; 26.40234375
2026-07-09; 23:22:10; 456; 8; 35.04; 1003.545234375; 26.46875
2026-07-09; 23:23:10; 456; 8; 35.24; 1003.594296875; 26.1689453125
2026-07-09; 23:24:10; 456; 8; 35.19; 1003.57921875; 26.29296875
2026-07-09; 23:25:10; 456; 8; 35.14; 1003.556171875; 26.3251953125
2026-07-09; 23:26:10; 456; 8; 35.03; 1003.612265625; 26.5830078125
2026-07-09; 23:27:10; 456; 8; 35.03; 1003.57703125; 26.5830078125
2026-07-09; 23:28:10; 456; 8; 35.31; 1003.6406640625; 26.1728515625
2026-07-09; 23:29:10; 456; 8; 35.1; 1003.54078125; 26.4833984375
2026-07-10; 01:55:45; 403; 0; 33.84; 1004.0690625; 27.8828125
2026-07-10; 01:56:45; 405; 0; 33.96; 1004.02140625; 27.7509765625
2026-07-10; 01:57:45; 400; 0; 33.97; 1004.1000390625; 27.787109375
2026-07-10; 01:58:45; 400; 0; 34.02; 1004.0408203125; 27.744140625
2026-07-10; 01:59:45; 400; 0; 34.01; 1004.10765625; 27.640625
2026-07-10; 02:00:45; 400; 0; 33.97; 1004.03703125; 27.798828125
2026-07-10; 02:01:46; 400; 0; 33.94; 1004.045078125; 27.7392578125
2026-07-10; 02:02:46; 402; 0; 33.98; 1003.950703125; 27.7646484375
2026-07-10; 02:03:46; 400; 0; 33.99; 1003.903359375; 27.626953125
2026-07-10; 02:04:46; 400; 0; 34.03; 1003.938515625; 27.5947265625
2026-07-10; 02:05:46; 409; 1; 34.03; 1003.973984375; 27.7216796875
2026-07-10; 02:06:46; 409; 1; 34.09; 1003.9698046875; 27.5751953125
2026-07-10; 02:07:46; 409; 1; 34.05; 1003.9346484375; 27.67578125
2026-07-10; 02:08:46; 409; 1; 34.02; 1003.985859375; 27.6982421875
2026-07-10; 02:09:46; 409; 1; 34.08; 1003.981640625; 27.5859375
2026-07-10; 02:10:46; 405; 0; 34.05; 1003.9896875; 27.6640625
2026-07-10; 02:11:46; 405; 0; 34.09; 1003.9499609375; 27.5634765625
2026-07-10; 02:12:46; 405; 0; 34.11; 1003.94609375; 27.4501953125
2026-07-10; 02:13:46; 405; 0; 34.1; 1003.993125; 27.5302734375
2026-07-10; 02:14:46; 400; 0; 34.16; 1003.8868359375; 27.44140625
2026-07-10; 02:15:46; 403; 0; 34.11; 1004.0011328125; 27.5078125
2026-07-10; 02:16:46; 403; 0; 34.08; 1003.981640625; 27.482421875
2026-07-10; 02:17:46; 402; 0; 34.09; 1003.9973046875; 27.552734375
2026-07-10; 02:18:46; 406; 0; 34.06; 1003.9227734375; 27.6083984375
2026-07-10; 02:19:46; 406; 0; 34.09; 1003.887265625; 27.5986328125
2026-07-10; 02:20:46; 402; 0; 34.05; 1003.824609375; 27.6298828125
2026-07-10; 02:21:46; 406; 0; 34.03; 1003.808984375; 27.6640625
2026-07-10; 02:22:46; 406; 0; 34.12; 1003.9067578125; 27.53125
2026-07-10; 02:23:46; 402; 0; 34.07; 1003.9109375; 27.5283203125
2026-07-10; 02:24:46; 402; 0; 34.15; 1003.796328125; 27.234375
2026-07-10; 02:25:46; 405; 0; 34.13; 1003.8123828125; 27.5087890625
2026-07-10; 02:26:46; 400; 0; 34.1; 1003.792890625; 27.47265625
2026-07-10; 02:27:46; 400; 0; 34.1; 1003.8479296875; 27.4150390625
2026-07-10; 02:28:46; 400; 0; 34.06; 1003.8678125; 27.4931640625
2026-07-10; 02:29:46; 408; 1; 34.05; 1003.742109375; 27.572265625
2026-07-10; 02:30:46; 408; 1; 34.09; 1003.7298828125; 27.529296875
2026-07-10; 02:31:46; 408; 1; 34.1; 1003.682890625; 27.4609375
2026-07-10; 02:32:46; 408; 1; 34.08; 1003.7066015625; 27.4365234375
2026-07-10; 02:33:46; 408; 1; 34.11; 1003.7612109375; 27.5078125
2026-07-10; 02:34:46; 408; 1; 34.06; 1003.730234375; 27.5966796875
2026-07-10; 02:35:46; 410; 1; 34.05; 1003.769609375; 27.6298828125
2026-07-10; 02:36:46; 408; 1; 34.08; 1003.7615625; 27.482421875
2026-07-10; 02:37:46; 403; 0; 34.05; 1003.7223046875; 27.5615234375
2026-07-10; 02:38:46; 408; 1; 34.04; 1003.789140625; 27.6181640625
2026-07-10; 02:39:46; 408; 1; 34.0; 1003.7069921875; 27.650390625
2026-07-10; 02:40:46; 408; 1; 34.03; 1003.7814453125; 27.607421875
2026-07-10; 02:41:46; 410; 1; 34.05; 1003.687109375; 27.595703125
2026-07-10; 02:42:46; 414; 2; 34.09; 1003.7497265625; 27.517578125
2026-07-10; 02:43:47; 410; 1; 34.06; 1003.7577734375; 27.6083984375
2026-07-10; 02:44:47; 408; 1; 34.07; 1003.6633984375; 27.482421875
2026-07-10; 02:45:47; 410; 1; 34.07; 1003.6633984375; 27.5625
2026-07-10; 02:46:47; 410; 1; 34.0; 1003.651953125; 27.55859375
2026-07-10; 02:47:47; 410; 1; 34.11; 1003.616015625; 27.4501953125
2026-07-10; 02:48:47; 410; 1; 34.05; 1003.659609375; 27.5498046875
2026-07-10; 02:49:47; 410; 1; 33.99; 1003.663828125; 27.626953125
2026-07-10; 02:50:47; 408; 1; 34.06; 1003.6477734375; 27.5732421875
2026-07-10; 02:51:47; 410; 1; 34.06; 1003.6477734375; 27.5966796875
2026-07-10; 02:52:47; 410; 1; 34.1; 1003.682890625; 27.564453125
2026-07-10; 02:53:47; 410; 1; 33.98; 1003.6756640625; 27.6494140625
2026-07-10; 02:54:47; 414; 2; 33.98; 1003.7856640625; 27.6953125
2026-07-10; 02:55:47; 414; 2; 33.99; 1003.683359375; 27.5810546875
2026-07-10; 02:56:47; 410; 1; 34.01; 1003.7146484375; 27.6279296875
2026-07-10; 02:57:47; 410; 1; 34.03; 1003.698984375; 27.572265625
2026-07-10; 02:58:47; 408; 1; 34.0; 1003.6794921875; 27.6396484375
2026-07-10; 02:59:47; 408; 1; 34.04; 1003.706640625; 27.607421875
2026-07-10; 03:00:47; 410; 1; 33.95; 1003.6562109375; 27.669921875
2026-07-10; 03:01:47; 410; 1; 33.95; 1003.648203125; 27.7275390625
2026-07-10; 03:02:47; 410; 1; 33.95; 1003.683671875; 27.705078125
2026-07-10; 03:03:47; 408; 1; 33.96; 1003.6443359375; 27.6826171875
2026-07-10; 03:04:47; 408; 1; 33.96; 1003.726875; 27.7060546875
2026-07-10; 03:05:47; 410; 1; 33.92; 1003.60921875; 27.7041015625
2026-07-10; 03:06:47; 410; 1; 33.94; 1003.632578125; 27.7392578125
2026-07-10; 03:07:47; 410; 1; 33.94; 1003.668046875; 27.716796875
2026-07-10; 03:08:47; 410; 1; 34.05; 1003.714609375; 27.595703125
2026-07-10; 03:09:47; 410; 1; 34.0; 1003.7344921875; 27.5703125
2026-07-10; 03:10:47; 410; 1; 33.96; 1003.726875; 27.6943359375
2026-07-10; 03:11:47; 410; 1; 33.9; 1003.6876171875; 27.783203125
2026-07-10; 03:12:47; 410; 1; 33.92; 1003.73875; 27.7607421875
2026-07-10; 03:13:47; 410; 1; 33.93; 1003.7623828125; 27.7265625
2026-07-10; 03:14:47; 410; 1; 33.98; 1003.7306640625; 27.6845703125
2026-07-10; 03:15:47; 414; 2; 33.98; 1003.7501953125; 27.6494140625
2026-07-10; 03:16:47; 410; 1; 33.97; 1003.76203125; 27.68359375
2026-07-10; 03:17:47; 408; 1; 33.87; 1003.750625; 27.8154296875
2026-07-10; 03:18:47; 410; 1; 33.92; 1003.80171875; 27.73828125
2026-07-10; 03:19:47; 410; 1; 33.93; 1003.7348828125; 27.7041015625
2026-07-10; 03:20:47; 410; 1; 33.93; 1003.7623828125; 27.71484375
2026-07-10; 03:21:47; 410; 1; 33.99; 1003.683359375; 27.650390625
2026-07-10; 03:22:47; 410; 1; 33.96; 1003.69140625; 27.6826171875
2026-07-10; 03:23:47; 410; 1; 33.93; 1003.6719140625; 27.7041015625
2026-07-10; 03:24:47; 408; 1; 33.98; 1003.6676953125; 27.671875
2026-07-10; 03:25:47; 408; 1; 33.93; 1003.7073828125; 27.73828125
2026-07-10; 03:26:48; 410; 1; 33.97; 1003.715; 27.6376953125
2026-07-10; 03:27:48; 408; 1; 33.99; 1003.718828125; 27.638671875
2026-07-10; 03:28:48; 408; 1; 33.92; 1003.65625; 27.6337890625
2026-07-10; 03:29:48; 408; 1; 33.97; 1003.6875; 27.6376953125
2026-07-10; 03:30:48; 408; 1; 33.96; 1003.726875; 27.66015625
2026-07-10; 03:31:48; 408; 1; 33.93; 1003.6444140625; 27.7041015625
2026-07-10; 03:32:48; 403; 0; 33.87; 1003.67609375; 27.8046875
2026-07-10; 03:33:48; 408; 1; 33.88; 1003.6642578125; 27.78125
2026-07-10; 03:34:48; 403; 0; 33.92; 1003.63671875; 27.71484375
2026-07-10; 03:35:48; 403; 0; 33.96; 1003.5893359375; 27.6259765625
2026-07-10; 03:36:48; 403; 0; 33.87; 1003.53859375; 27.7587890625
2026-07-10; 03:37:48; 403; 0; 33.9; 1003.5776171875; 27.7255859375
2026-07-10; 03:38:48; 408; 1; 33.98; 1003.6206640625; 27.6494140625
2026-07-10; 03:39:48; 403; 0; 33.91; 1003.5855859375; 27.7373046875
2026-07-10; 03:40:48; 408; 1; 33.87; 1003.5661328125; 27.7119140625
2026-07-10; 03:41:48; 403; 0; 33.89; 1003.671953125; 27.724609375
2026-07-10; 03:42:48; 403; 0; 33.87; 1003.5856640625; 27.7578125
2026-07-10; 03:43:48; 403; 0; 33.88; 1003.526796875; 27.701171875
2026-07-10; 03:44:48; 403; 0; 33.85; 1003.581796875; 27.779296875
2026-07-10; 03:45:48; 403; 0; 33.93; 1003.4794140625; 27.6806640625
2026-07-10; 03:46:48; 408; 1; 34.01; 1003.5576171875; 27.5830078125
2026-07-10; 03:47:48; 403; 0; 33.84; 1003.491640625; 27.755859375
2026-07-10; 03:48:48; 400; 0; 33.84; 1003.401171875; 27.732421875
2026-07-10; 03:49:48; 403; 0; 33.95; 1003.5737109375; 27.6591796875
2026-07-10; 03:50:48; 403; 0; 33.94; 1003.503046875; 27.578125
2026-07-10; 03:51:48; 400; 0; 33.85; 1003.4993359375; 27.72265625
2026-07-10; 03:52:48; 403; 0; 33.94; 1003.503046875; 27.6240234375
2026-07-10; 03:53:48; 403; 0; 33.98; 1003.5106640625; 27.6376953125
2026-07-10; 03:54:48; 403; 0; 33.84; 1003.491640625; 27.744140625
2026-07-10; 03:55:48; 400; 0; 33.87; 1003.4561328125; 27.7587890625
2026-07-10; 03:56:48; 400; 0; 33.84; 1003.428671875; 27.732421875
2026-07-10; 03:57:48; 403; 0; 33.77; 1003.5194921875; 27.8662109375
2026-07-10; 03:58:48; 400; 0; 33.77; 1003.5194921875; 27.8662109375
2026-07-10; 03:59:48; 403; 0; 33.8; 1003.4485546875; 27.8447265625
2026-07-10; 04:00:48; 400; 0; 33.79; 1003.358359375; 27.8671875
2026-07-10; 04:01:48; 400; 0; 33.83; 1003.4759765625; 27.7666015625
2026-07-10; 04:02:48; 400; 0; 33.77; 1003.4840234375; 27.7978515625
2026-07-10; 04:03:48; 405; 0; 33.85; 1003.4443359375; 27.7333984375
2026-07-10; 04:04:48; 405; 0; 33.86; 1003.38546875; 27.734375
2026-07-10; 04:05:48; 405; 0; 33.88; 1003.408828125; 27.7587890625
2026-07-10; 04:06:48; 408; 1; 33.88; 1003.381328125; 27.666015625
2026-07-10; 04:07:48; 405; 0; 33.79; 1003.358359375; 27.8330078125
2026-07-10; 04:08:48; 408; 1; 33.81; 1003.4171875; 27.7314453125
2026-07-10; 04:09:49; 405; 0; 33.82; 1003.3698828125; 27.7890625
2026-07-10; 04:10:49; 408; 1; 33.86; 1003.3775; 27.734375
2026-07-10; 04:11:49; 405; 0; 33.85; 1003.334375; 27.67578125
2026-07-10; 04:12:49; 408; 1; 33.85; 1003.306875; 27.7109375
2026-07-10; 04:13:49; 405; 0; 33.82; 1003.3148828125; 27.7548828125
2026-07-10; 04:14:49; 405; 0; 33.83; 1003.366015625; 27.744140625
2026-07-10; 04:15:49; 400; 0; 33.78; 1003.3622265625; 27.84375
2026-07-10; 04:16:49; 405; 0; 33.77; 1003.3191015625; 27.84375
2026-07-10; 04:17:49; 405; 0; 33.76; 1003.3858984375; 27.8544921875
2026-07-10; 04:18:49; 400; 0; 33.74; 1003.2877734375; 27.921875
2026-07-10; 04:19:49; 405; 0; 33.76; 1003.3388671875; 27.8896484375
2026-07-10; 04:20:49; 405; 0; 33.72; 1003.36640625; 27.86328125
2026-07-10; 04:21:49; 408; 1; 33.74; 1003.3350390625; 27.853515625
2026-07-10; 04:22:49; 405; 0; 33.81; 1003.35421875; 27.7890625
2026-07-10; 04:23:49; 405; 0; 33.78; 1003.315234375; 27.8447265625
2026-07-10; 04:24:49; 405; 0; 33.76; 1003.3583984375; 27.8662109375
2026-07-10; 04:25:49; 405; 0; 33.74; 1003.3076171875; 27.8642578125
2026-07-10; 04:26:49; 409; 1; 33.77; 1003.2916015625; 27.8662109375
2026-07-10; 04:27:49; 409; 1; 33.81; 1003.29921875; 27.77734375
2026-07-10; 04:28:49; 409; 1; 33.72; 1003.3037890625; 27.86328125
2026-07-10; 04:29:49; 409; 1; 33.71; 1003.32328125; 27.9208984375
2026-07-10; 04:30:49; 409; 1; 33.73; 1003.43703125; 27.8876953125
2026-07-10; 04:31:49; 409; 1; 33.71; 1003.29578125; 27.9208984375
2026-07-10; 04:32:49; 409; 1; 33.78; 1003.3976953125; 27.8564453125
2026-07-10; 04:33:49; 409; 1; 33.66; 1003.2999609375; 28.009765625
2026-07-10; 04:34:49; 409; 1; 33.7; 1003.390078125; 27.931640625
2026-07-10; 04:35:49; 413; 1; 33.74; 1003.342734375; 27.8642578125
2026-07-10; 04:36:49; 409; 1; 33.88; 1003.271328125; 27.7119140625
2026-07-10; 04:37:49; 413; 1; 33.79; 1003.358359375; 27.8212890625
2026-07-10; 04:38:49; 409; 1; 33.74; 1003.370234375; 27.8759765625
2026-07-10; 04:39:49; 405; 0; 33.68; 1003.41375; 27.96484375
2026-07-10; 04:40:49; 409; 1; 33.81; 1003.3816796875; 27.8115234375
2026-07-10; 04:41:49; 409; 1; 33.69; 1003.39421875; 27.9306640625
2026-07-10; 04:42:49; 409; 1; 33.73; 1003.456875; 27.8642578125
2026-07-10; 04:43:49; 409; 1; 33.77; 1003.4015625; 27.8203125
2026-07-10; 04:44:49; 409; 1; 33.77; 1003.4565625; 27.8203125
2026-07-10; 04:45:49; 413; 1; 33.74; 1003.53515625; 27.818359375
2026-07-10; 04:46:49; 409; 1; 33.69; 1003.44921875; 27.9306640625
2026-07-10; 04:47:49; 405; 0; 33.67; 1003.445390625; 27.94140625
2026-07-10; 04:48:49; 409; 1; 33.8; 1003.4210546875; 27.7763671875
2026-07-10; 04:49:49; 409; 1; 33.7; 1003.51984375; 27.896484375
2026-07-10; 04:50:49; 405; 0; 33.69; 1003.456875; 27.884765625
2026-07-10; 04:51:49; 409; 1; 33.62; 1003.44953125; 28.029296875
2026-07-10; 04:52:50; 409; 1; 33.77; 1003.4565625; 27.7861328125
2026-07-10; 04:53:50; 405; 0; 33.74; 1003.5275; 27.841796875
2026-07-10; 04:54:50; 409; 1; 33.81; 1003.4366796875; 27.7890625
2026-07-10; 04:55:50; 409; 1; 33.81; 1003.4641796875; 27.7080078125
2026-07-10; 04:56:50; 405; 0; 33.68; 1003.488515625; 27.8720703125
2026-07-10; 04:57:50; 409; 1; 33.75; 1003.5156640625; 27.8193359375
2026-07-10; 04:58:50; 405; 0; 33.71; 1003.480546875; 27.8857421875
2026-07-10; 04:59:50; 405; 0; 33.71; 1003.515703125; 27.8408203125
2026-07-10; 05:00:50; 405; 0; 33.67; 1003.480546875; 27.849609375
2026-07-10; 05:01:50; 405; 0; 33.67; 1003.453046875; 27.9296875
2026-07-10; 05:02:50; 405; 0; 33.67; 1003.445390625; 27.953125
2026-07-10; 05:03:50; 409; 1; 33.82; 1003.4523828125; 27.685546875
2026-07-10; 05:04:50; 405; 0; 33.68; 1003.46875; 27.8955078125
2026-07-10; 05:05:50; 409; 1; 33.85; 1003.4443359375; 27.67578125
2026-07-10; 05:06:50; 405; 0; 33.73; 1003.43703125; 27.7158203125
2026-07-10; 05:07:50; 409; 1; 33.73; 1003.46453125; 27.818359375
2026-07-10; 05:08:50; 405; 0; 33.59; 1003.418203125; 27.9365234375
2026-07-10; 05:09:50; 405; 0; 33.66; 1003.4571875; 27.8828125
2026-07-10; 05:10:50; 405; 0; 33.64; 1003.4258984375; 27.9384765625
2026-07-10; 05:11:50; 405; 0; 33.64; 1003.480859375; 27.9619140625
2026-07-10; 05:12:50; 405; 0; 33.67; 1003.4728515625; 27.9296875
2026-07-10; 05:13:50; 405; 0; 33.65; 1003.4965234375; 27.951171875
2026-07-10; 05:14:50; 405; 0; 33.62; 1003.4575390625; 28.0068359375
2026-07-10; 05:15:50; 405; 0; 33.66; 1003.5121875; 27.962890625
2026-07-10; 05:16:50; 405; 0; 33.65; 1003.4415625; 27.9169921875
2026-07-10; 05:17:50; 400; 0; 33.64; 1003.4613671875; 27.939453125
2026-07-10; 05:18:50; 405; 0; 33.66; 1003.4571875; 27.8828125
2026-07-10; 05:19:50; 405; 0; 33.64; 1003.5437890625; 27.927734375
2026-07-10; 05:20:50; 405; 0; 33.64; 1003.4888671875; 27.939453125
2026-07-10; 05:21:50; 400; 0; 33.61; 1003.5243359375; 27.9482421875
2026-07-10; 05:22:50; 405; 0; 33.62; 1003.5399609375; 27.9501953125
2026-07-10; 05:23:50; 405; 0; 33.76; 1003.3938671875; 27.7978515625
2026-07-10; 05:24:50; 400; 0; 33.65; 1003.4965234375; 27.927734375
2026-07-10; 05:25:50; 405; 0; 33.69; 1003.5316796875; 27.896484375
2026-07-10; 05:26:50; 405; 0; 33.59; 1003.52046875; 27.958984375
2026-07-10; 05:27:50; 405; 0; 33.65; 1003.551484375; 27.927734375
2026-07-10; 05:28:50; 409; 1; 33.68; 1003.551171875; 27.8955078125
2026-07-10; 05:29:50; 405; 0; 33.69; 1003.511875; 27.8505859375
2026-07-10; 05:30:50; 400; 0; 33.65; 1003.586640625; 27.8935546875
2026-07-10; 05:31:50; 405; 0; 33.58; 1003.587265625; 28.00390625
2026-07-10; 05:32:50; 400; 0; 33.57; 1003.6540625; 28.015625
2026-07-10; 05:33:50; 405; 0; 33.73; 1003.57453125; 27.76171875
2026-07-10; 05:34:50; 405; 0; 33.61; 1003.5987890625; 27.92578125
2026-07-10; 05:35:51; 405; 0; 33.69; 1003.614140625; 27.8388671875
2026-07-10; 05:36:51; 400; 0; 33.69; 1003.676796875; 27.8388671875
2026-07-10; 05:37:51; 405; 0; 33.62; 1003.649921875; 27.9267578125
2026-07-10; 05:38:51; 400; 0; 33.58; 1003.6696875; 27.9580078125
2026-07-10; 05:39:51; 400; 0; 33.62; 1003.6773828125; 27.857421875
2026-07-10; 05:40:51; 405; 0; 33.61; 1003.5987890625; 28.005859375
2026-07-10; 05:41:51; 405; 0; 33.57; 1003.6067578125; 27.9580078125
2026-07-10; 05:42:51; 400; 0; 33.64; 1003.5987890625; 27.8818359375
2026-07-10; 05:43:51; 400; 0; 33.58; 1003.5674609375; 27.9814453125
2026-07-10; 05:44:51; 403; 0; 33.65; 1003.6339453125; 27.8701171875
2026-07-10; 05:45:51; 403; 0; 33.59; 1003.630390625; 27.947265625
2026-07-10; 05:46:51; 403; 0; 33.59; 1003.630390625; 27.9931640625
2026-07-10; 05:47:51; 408; 1; 33.55; 1003.6501953125; 28.025390625
2026-07-10; 05:48:51; 403; 0; 33.56; 1003.638359375; 28.0029296875
2026-07-10; 05:49:51; 403; 0; 33.48; 1003.6306640625; 28.0673828125
2026-07-10; 05:50:51; 403; 0; 33.5; 1003.6894921875; 28.103515625
2026-07-10; 05:51:51; 403; 0; 33.54; 1003.771953125; 28.05859375
2026-07-10; 05:52:51; 403; 0; 33.62; 1003.6773828125; 27.984375
2026-07-10; 05:53:51; 403; 0; 33.63; 1003.6851171875; 27.892578125
2026-07-10; 05:54:51; 403; 0; 33.53; 1003.6815234375; 27.9326171875
2026-07-10; 05:55:51; 403; 0; 33.47; 1003.7172265625; 28.1123046875
2026-07-10; 05:56:51; 400; 0; 33.51; 1003.6974609375; 28.115234375
2026-07-10; 05:57:51; 408; 1; 33.65; 1003.7241015625; 27.9052734375
2026-07-10; 05:58:51; 403; 0; 33.55; 1003.7326171875; 28.060546875
2026-07-10; 05:59:51; 403; 0; 33.52; 1003.7680859375; 28.0810546875
2026-07-10; 06:00:51; 403; 0; 33.44; 1003.732890625; 28.1220703125
2026-07-10; 06:01:51; 400; 0; 33.54; 1003.7246484375; 28.001953125
2026-07-10; 06:02:51; 402; 0; 33.47; 1003.7798828125; 28.146484375
2026-07-10; 06:03:51; 402; 0; 33.52; 1003.7208203125; 27.9892578125
2026-07-10; 06:04:51; 402; 0; 33.49; 1003.75625; 28.0673828125
2026-07-10; 06:05:51; 402; 0; 33.56; 1003.756015625; 27.9921875
2026-07-10; 06:06:51; 406; 0; 33.56; 1003.7208203125; 27.98046875
2026-07-10; 06:07:51; 402; 0; 33.57; 1003.736484375; 27.9697265625
2026-07-10; 06:08:51; 402; 0; 33.51; 1003.7601171875; 28.0458984375
2026-07-10; 06:09:51; 402; 0; 33.57; 1003.771640625; 27.947265625
2026-07-10; 06:10:51; 406; 0; 33.52; 1003.740625; 28.03515625
2026-07-10; 06:11:51; 406; 0; 33.57; 1003.8189453125; 27.9921875
2026-07-10; 06:12:51; 406; 0; 33.62; 1003.8343359375; 27.92578125
2026-07-10; 06:13:51; 406; 0; 33.61; 1003.854140625; 27.9140625
2026-07-10; 06:14:51; 406; 0; 33.54; 1003.771953125; 27.978515625
2026-07-10; 06:15:51; 406; 0; 33.68; 1003.77109375; 27.8037109375
2026-07-10; 06:16:51; 402; 0; 33.51; 1003.724921875; 28.03515625
2026-07-10; 06:17:51; 406; 0; 33.52; 1003.740625; 28.0458984375
2026-07-10; 06:18:52; 402; 0; 33.5; 1003.7367578125; 28.044921875
2026-07-10; 06:19:52; 400; 0; 33.53; 1003.81125; 28.0126953125
2026-07-10; 06:20:52; 402; 0; 33.51; 1003.815078125; 27.931640625
2026-07-10; 06:21:52; 402; 0; 33.48; 1003.795546875; 28.009765625
2026-07-10; 06:22:52; 402; 0; 33.52; 1003.740625; 28.0458984375
2026-07-10; 06:23:52; 402; 0; 33.52; 1003.740625; 28.03515625
2026-07-10; 06:24:52; 406; 0; 33.46; 1003.783984375; 28.1005859375
2026-07-10; 06:25:52; 402; 0; 33.48; 1003.7878515625; 28.1015625
2026-07-10; 06:26:52; 406; 0; 33.55; 1003.842578125; 28.037109375
2026-07-10; 06:27:52; 406; 0; 33.54; 1003.7796484375; 28.025390625
2026-07-10; 06:28:52; 410; 1; 33.54; 1003.771953125; 27.9560546875
2026-07-10; 06:29:52; 410; 1; 33.51; 1003.8898046875; 28.091796875
2026-07-10; 06:30:52; 410; 1; 33.56; 1003.8857421875; 28.0029296875
2026-07-10; 06:31:52; 410; 1; 33.55; 1003.8975390625; 27.8759765625
2026-07-10; 06:32:52; 406; 0; 33.63; 1003.91296875; 27.880859375
2026-07-10; 06:33:52; 406; 0; 33.61; 1003.909140625; 27.9599609375
2026-07-10; 06:34:52; 402; 0; 33.53; 1003.87390625; 27.9443359375
2026-07-10; 06:35:52; 402; 0; 33.52; 1003.9055078125; 28.0810546875
2026-07-10; 06:36:52; 402; 0; 33.51; 1003.8898046875; 28.03515625
2026-07-10; 06:37:52; 400; 0; 33.48; 1003.8780078125; 28.1484375
2026-07-10; 06:38:52; 400; 0; 33.56; 1003.8109765625; 27.9228515625
2026-07-10; 06:39:52; 406; 0; 33.67; 1003.892890625; 27.8720703125
2026-07-10; 06:40:52; 402; 0; 33.68; 1003.873359375; 27.814453125
2026-07-10; 06:41:52; 402; 0; 33.74; 1003.8376171875; 27.6689453125
2026-07-10; 06:42:52; 400; 0; 33.66; 1003.8969921875; 27.767578125
2026-07-10; 06:43:52; 402; 0; 33.68; 1003.936015625; 27.861328125
2026-07-10; 06:44:52; 406; 0; 33.73; 1003.9044140625; 27.7158203125
2026-07-10; 06:45:52; 402; 0; 33.68; 1003.82609375; 27.7353515625
2026-07-10; 06:46:52; 400; 0; 33.82; 1003.864765625; 27.5244140625
2026-07-10; 06:47:52; 407; 1; 33.6; 1003.8384375; 27.9140625
2026-07-10; 06:48:52; 407; 1; 33.64; 1003.810703125; 27.8359375
2026-07-10; 06:49:52; 409; 1; 33.64; 1003.9286328125; 27.939453125
2026-07-10; 06:50:52; 409; 1; 33.62; 1003.8973046875; 27.9267578125
2026-07-10; 06:51:52; 409; 1; 33.58; 1003.9170703125; 27.9931640625
2026-07-10; 06:52:52; 413; 1; 33.69; 1003.8890625; 27.8623046875
2026-07-10; 06:53:52; 413; 1; 33.67; 1003.8851953125; 27.849609375
2026-07-10; 06:54:52; 409; 1; 33.64; 1003.8656640625; 27.8818359375
2026-07-10; 06:55:52; 413; 1; 33.7; 1003.8848828125; 27.81640625
2026-07-10; 06:56:52; 417; 2; 33.78; 1003.9120703125; 27.7177734375
2026-07-10; 06:57:52; 413; 1; 33.72; 1003.8887109375; 27.771484375
2026-07-10; 06:58:52; 413; 1; 33.72; 1003.8810546875; 27.794921875
2026-07-10; 06:59:52; 413; 1; 33.72; 1003.9162109375; 27.783203125
2026-07-10; 07:00:52; 413; 1; 33.72; 1003.83375; 27.806640625
2026-07-10; 07:01:53; 409; 1; 33.82; 1003.919765625; 27.5361328125
2026-07-10; 07:02:53; 407; 1; 33.65; 1003.8263671875; 27.8359375
2026-07-10; 07:03:53; 407; 1; 33.79; 1003.8807421875; 27.591796875
2026-07-10; 07:04:53; 407; 1; 33.82; 1003.892265625; 27.6396484375
2026-07-10; 07:05:53; 400; 0; 33.74; 1003.920078125; 27.7265625
2026-07-10; 07:06:53; 400; 0; 33.87; 1003.78609375; 27.6318359375
2026-07-10; 07:07:53; 407; 1; 33.89; 1003.7819140625; 27.390625
2026-07-10; 07:08:53; 400; 0; 33.97; 1003.87203125; 27.4072265625
2026-07-10; 07:09:53; 402; 0; 33.85; 1003.809765625; 27.52734375
2026-07-10; 07:10:53; 406; 0; 33.99; 1003.8563671875; 27.4091796875
2026-07-10; 07:11:53; 403; 0; 33.97; 1003.87203125; 27.373046875
2026-07-10; 07:12:53; 403; 0; 34.02; 1003.8678515625; 27.341796875
2026-07-10; 07:13:53; 400; 0; 34.2; 1003.8314453125; 27.15625
2026-07-10; 07:14:53; 403; 0; 34.21; 1003.799765625; 27.111328125
2026-07-10; 07:15:53; 403; 0; 34.32; 1003.806875; 26.9794921875
2026-07-10; 07:16:53; 403; 0; 34.29; 1003.8073046875; 26.8740234375
2026-07-10; 07:17:53; 403; 0; 34.39; 1003.8457421875; 26.833984375
2026-07-10; 07:18:53; 400; 0; 34.42; 1003.8376953125; 26.8701171875
2026-07-10; 07:19:53; 400; 0; 34.42; 1003.8731640625; 26.84765625
2026-07-10; 07:20:53; 400; 0; 34.42; 1003.8731640625; 26.8125
2026-07-10; 07:21:53; 400; 0; 34.38; 1003.85765625; 26.787109375
2026-07-10; 07:22:53; 405; 0; 34.45; 1003.8573828125; 26.619140625
2026-07-10; 07:23:53; 421; 3; 34.55; 1003.81328125; 26.6357421875
2026-07-10; 07:24:53; 421; 3; 34.53; 1003.8175; 26.6923828125
2026-07-10; 07:25:53; 421; 3; 34.53; 1003.845; 26.646484375
2026-07-10; 07:26:53; 421; 3; 34.55; 1003.9233984375; 26.6591796875
2026-07-10; 07:27:53; 414; 2; 34.58; 1003.868203125; 26.5458984375
2026-07-10; 07:28:53; 421; 3; 34.58; 1003.9428125; 26.568359375
2026-07-10; 07:29:53; 414; 2; 34.58; 1003.8877734375; 26.6142578125
2026-07-10; 07:30:53; 414; 2; 34.58; 1003.8406640625; 26.6494140625
2026-07-10; 07:31:53; 409; 1; 34.61; 1003.832578125; 26.5595703125
2026-07-10; 07:32:53; 421; 3; 34.61; 1003.8245703125; 26.55859375
2026-07-10; 07:33:53; 402; 0; 34.62; 1003.8953125; 26.6171875
2026-07-10; 07:34:53; 402; 0; 34.69; 1003.831953125; 26.494140625
2026-07-10; 07:35:53; 410; 1; 34.71; 1003.7531640625; 26.484375
2026-07-10; 07:36:53; 410; 1; 34.71; 1003.808203125; 26.5078125
2026-07-10; 07:37:53; 408; 1; 34.71; 1003.7806640625; 26.49609375
2026-07-10; 07:38:53; 410; 1; 34.7; 1003.7650390625; 26.517578125
2026-07-10; 07:39:53; 415; 2; 34.74; 1003.772265625; 26.4736328125
2026-07-10; 07:40:53; 410; 1; 34.76; 1003.776015625; 26.4638671875
2026-07-10; 07:41:53; 415; 2; 34.79; 1003.787734375; 26.4306640625
2026-07-10; 07:42:53; 410; 1; 34.8; 1003.8584375; 26.419921875
2026-07-10; 07:43:53; 408; 1; 34.82; 1003.8346484375; 26.38671875
2026-07-10; 07:44:54; 410; 1; 34.84; 1003.810859375; 26.3759765625
2026-07-10; 07:45:54; 410; 1; 34.84; 1003.921015625; 26.3759765625
2026-07-10; 07:46:54; 410; 1; 34.89; 1003.8064453125; 26.298828125
2026-07-10; 07:47:54; 400; 0; 34.88; 1003.7709765625; 26.3212890625
2026-07-10; 07:48:54; 409; 1; 34.96; 1003.852890625; 26.2451171875
2026-07-10; 07:49:54; 414; 2; 34.92; 1003.833515625; 26.2998046875
2026-07-10; 07:50:54; 416; 2; 34.99; 1003.9001171875; 26.2119140625
2026-07-10; 07:51:54; 414; 2; 35.01; 1003.8487890625; 26.15625
2026-07-10; 07:52:54; 406; 0; 34.99; 1003.9001171875; 26.1884765625
2026-07-10; 07:53:54; 406; 0; 35.01; 1003.8564453125; 26.2021484375
2026-07-10; 07:54:54; 406; 0; 35.06; 1003.8519921875; 26.1123046875
2026-07-10; 07:55:54; 409; 1; 35.07; 1003.832421875; 26.1591796875
2026-07-10; 07:56:54; 409; 1; 35.07; 1003.832421875; 26.1591796875
2026-07-10; 07:57:54; 414; 2; 35.03; 1003.887734375; 26.203125
2026-07-10; 07:58:54; 416; 2; 35.09; 1003.800625; 26.125
2026-07-10; 07:59:54; 416; 2; 35.06; 1003.769375; 26.1357421875
2026-07-10; 08:00:54; 416; 2; 35.1; 1003.9264453125; 26.1025390625
2026-07-10; 08:01:54; 409; 1; 35.09; 1003.9108203125; 26.1708984375
2026-07-10; 08:02:54; 414; 2; 35.13; 1003.8711328125; 26.0810546875
2026-07-10; 08:03:54; 421; 3; 35.12; 1003.8004296875; 26.138671875
2026-07-10; 08:04:54; 416; 2; 35.13; 1003.8080859375; 26.0927734375
2026-07-10; 08:05:54; 421; 3; 35.12; 1003.82796875; 26.1162109375
2026-07-10; 08:06:54; 416; 2; 35.15; 1003.8198046875; 26.140625
2026-07-10; 08:07:54; 416; 2; 35.16; 1003.799921875; 26.140625
2026-07-10; 08:08:54; 421; 3; 35.17; 1003.815546875; 26.095703125
2026-07-10; 08:09:54; 414; 2; 35.19; 1003.7996875; 26.1083984375
2026-07-10; 08:10:54; 427; 4; 35.2; 1003.834921875; 26.05078125
2026-07-10; 08:11:54; 427; 4; 35.24; 1003.7596875; 26.0068359375
2026-07-10; 08:12:54; 427; 4; 35.28; 1003.81421875; 25.986328125
2026-07-10; 08:13:54; 427; 4; 35.29; 1003.8849609375; 25.9755859375
2026-07-10; 08:14:54; 427; 4; 35.32; 1003.77453125; 25.896484375
2026-07-10; 08:15:54; 421; 3; 35.35; 1003.7858984375; 25.86328125
2026-07-10; 08:16:54; 416; 2; 35.36; 1003.7739453125; 25.8291015625
2026-07-10; 08:17:54; 400; 0; 35.38; 1003.6949609375; 25.7607421875
2026-07-10; 08:18:54; 405; 0; 35.4; 1003.7262109375; 25.796875
2026-07-10; 08:19:54; 400; 0; 35.39; 1003.7381640625; 25.8193359375
2026-07-10; 08:20:54; 405; 0; 35.41; 1003.714296875; 25.7509765625
2026-07-10; 08:21:54; 400; 0; 35.46; 1003.7572265625; 25.7080078125
2026-07-10; 08:22:54; 403; 0; 35.47; 1003.718046875; 25.720703125
2026-07-10; 08:23:54; 400; 0; 35.5; 1003.73734375; 25.640625
2026-07-10; 08:24:54; 400; 0; 35.5; 1003.7925; 25.60546875
2026-07-10; 08:25:54; 407; 1; 35.52; 1003.7683203125; 25.6533203125
2026-07-10; 08:26:55; 409; 1; 35.54; 1003.7995703125; 25.677734375
2026-07-10; 08:27:55; 409; 1; 35.53; 1003.8115234375; 25.654296875
2026-07-10; 08:28:55; 417; 2; 35.57; 1003.81890625; 25.6220703125
2026-07-10; 08:29:55; 409; 1; 35.58; 1003.8268359375; 25.587890625
2026-07-10; 08:30:55; 414; 2; 35.57; 1003.8387890625; 25.6220703125
2026-07-10; 08:31:55; 414; 2; 35.61; 1003.8262890625; 25.6015625
2026-07-10; 08:32:55; 409; 1; 35.67; 1003.9123828125; 25.4892578125
2026-07-10; 08:33:55; 407; 1; 35.68; 1003.8924609375; 25.5009765625
2026-07-10; 08:34:55; 403; 0; 35.69; 1003.9080859375; 25.4892578125
2026-07-10; 08:35:55; 409; 1; 35.67; 1003.8572265625; 25.5576171875
2026-07-10; 08:36:55; 409; 1; 35.71; 1003.8094140625; 25.4912109375
2026-07-10; 08:37:55; 400; 0; 35.75; 1003.8167578125; 25.388671875
2026-07-10; 08:38:55; 403; 0; 35.76; 1003.8875390625; 25.4248046875
2026-07-10; 08:39:55; 408; 1; 35.75; 1003.871953125; 25.4462890625
2026-07-10; 08:40:55; 417; 2; 35.76; 1003.832421875; 25.470703125
2026-07-10; 08:41:55; 417; 2; 35.78; 1003.8909375; 25.40234375
2026-07-10; 08:42:55; 422; 3; 35.77; 1003.8753125; 25.4482421875
2026-07-10; 08:43:55; 422; 3; 35.82; 1003.855078125; 25.404296875
2026-07-10; 08:44:55; 425; 3; 35.84; 1003.941484375; 25.40625
2026-07-10; 08:45:55; 438; 5; 35.83; 1003.8510546875; 25.3818359375
2026-07-10; 08:46:55; 438; 5; 35.86; 1003.917578125; 25.4072265625
2026-07-10; 08:47:55; 438; 5; 35.88; 1003.92921875; 25.3740234375
2026-07-10; 08:48:55; 438; 5; 35.88; 1003.846484375; 25.3388671875
2026-07-10; 08:49:55; 425; 3; 35.93; 1003.916640625; 25.2841796875
2026-07-10; 08:50:55; 432; 4; 35.94; 1003.885; 25.3076171875
2026-07-10; 08:51:55; 438; 5; 35.95; 1003.8375390625; 25.3310546875
2026-07-10; 08:52:55; 446; 7; 35.99; 1003.8375; 25.2861328125
2026-07-10; 08:53:55; 454; 8; 36.0; 1003.90828125; 25.275390625
2026-07-10; 08:54:55; 448; 7; 35.98; 1003.7942578125; 25.3095703125
2026-07-10; 08:55:55; 448; 7; 35.99; 1003.927890625; 25.298828125
2026-07-10; 08:56:55; 454; 8; 36.01; 1003.7859765625; 25.2763671875
2026-07-10; 08:57:55; 446; 7; 36.05; 1003.9033203125; 25.244140625
2026-07-10; 08:58:55; 461; 9; 36.07; 1003.914921875; 25.2333984375
2026-07-10; 08:59:55; 461; 9; 36.07; 1003.8597265625; 25.2109375
2026-07-10; 09:00:55; 454; 8; 36.07; 1003.879375; 25.2333984375
2026-07-10; 09:01:55; 461; 9; 36.08; 1003.8122265625; 25.22265625
2026-07-10; 09:02:55; 461; 9; 36.11; 1003.8514453125; 25.2119140625
2026-07-10; 09:03:55; 461; 9; 36.16; 1003.8819921875; 25.158203125
2026-07-10; 09:04:55; 454; 8; 36.16; 1003.9095703125; 25.134765625
2026-07-10; 09:05:55; 461; 9; 36.19; 1003.89359375; 25.1123046875
2026-07-10; 09:06:55; 463; 9; 36.18; 1003.87796875; 25.1240234375
2026-07-10; 09:07:55; 463; 9; 36.21; 1003.869609375; 25.125
2026-07-10; 09:08:55; 461; 9; 36.23; 1003.87328125; 25.23046875
2026-07-10; 09:09:56; 446; 7; 36.27; 1003.8529296875; 24.990234375
2026-07-10; 09:10:56; 442; 6; 36.28; 1003.8961328125; 25.001953125
2026-07-10; 09:11:56; 438; 5; 36.29; 1003.84859375; 25.001953125
2026-07-10; 09:12:56; 446; 7; 36.3; 1003.836640625; 25.0380859375
2026-07-10; 09:13:56; 446; 7; 36.3; 1003.836640625; 25.0498046875
2026-07-10; 09:14:56; 442; 6; 36.3; 1003.8090234375; 25.0498046875
2026-07-10; 09:15:56; 454; 8; 36.33; 1003.7807421875; 24.9814453125
2026-07-10; 09:16:56; 446; 7; 36.35; 1003.8671484375; 24.9365234375
2026-07-10; 09:17:56; 446; 7; 36.35; 1003.7291796875; 24.970703125
2026-07-10; 09:18:56; 454; 8; 36.36; 1003.7999609375; 24.94921875
2026-07-10; 09:19:56; 454; 8; 36.4; 1003.79953125; 24.927734375
2026-07-10; 09:20:56; 454; 8; 36.43; 1003.791171875; 24.8603515625
2026-07-10; 09:21:56; 442; 6; 36.46; 1003.8024609375; 24.8154296875
2026-07-10; 09:22:56; 442; 6; 36.44; 1003.8264453125; 24.8955078125
2026-07-10; 09:23:56; 446; 7; 36.44; 1003.8619921875; 24.9072265625
2026-07-10; 09:24:56; 442; 6; 36.46; 1003.8024609375; 24.873046875
2026-07-10; 09:25:56; 442; 6; 36.5; 1003.7903125; 24.771484375
2026-07-10; 09:26:56; 438; 5; 36.53; 1003.8016015625; 24.7841796875
2026-07-10; 09:27:56; 425; 3; 36.57; 1003.8087890625; 24.6943359375
2026-07-10; 09:28:56; 422; 3; 36.57; 1003.8640234375; 24.6943359375
2026-07-10; 09:29:56; 422; 3; 36.59; 1003.804453125; 24.7412109375
2026-07-10; 09:30:56; 432; 4; 36.59; 1003.8400390625; 24.7646484375
2026-07-10; 09:31:56; 438; 5; 36.59; 1003.812421875; 24.7763671875
2026-07-10; 09:32:56; 454; 8; 36.61; 1003.7883984375; 24.765625
2026-07-10; 09:33:56; 448; 7; 36.64; 1003.8825; 24.732421875
2026-07-10; 09:34:56; 448; 7; 36.65; 1003.842890625; 24.744140625
2026-07-10; 09:35:56; 461; 9; 36.66; 1003.8032421875; 24.7099609375
2026-07-10; 09:36:56; 461; 9; 36.7; 1003.77515625; 24.654296875
2026-07-10; 09:37:56; 446; 7; 36.7; 1003.8028125; 24.6884765625
2026-07-10; 09:38:56; 448; 7; 36.73; 1003.8219921875; 24.609375
2026-07-10; 09:39:56; 442; 6; 36.73; 1003.794375; 24.609375
2026-07-10; 09:40:56; 442; 6; 36.74; 1003.7823828125; 24.6337890625
2026-07-10; 09:41:56; 442; 6; 36.76; 1003.8412109375; 24.634765625
2026-07-10; 09:42:56; 446; 7; 36.76; 1003.730703125; 24.6572265625
2026-07-10; 09:43:56; 463; 9; 36.76; 1003.758359375; 24.6572265625
2026-07-10; 09:44:56; 463; 9; 36.77; 1003.67109375; 24.634765625
2026-07-10; 09:45:56; 470; 10; 36.81; 1003.7811328125; 24.6142578125
2026-07-10; 09:46:56; 470; 10; 36.81; 1003.753515625; 24.6025390625
2026-07-10; 09:47:56; 470; 10; 36.84; 1003.8; 24.591796875
2026-07-10; 09:48:56; 476; 11; 36.84; 1003.7723828125; 24.591796875
2026-07-10; 09:49:56; 476; 11; 36.88; 1003.751953125; 24.548828125
2026-07-10; 09:50:56; 481; 12; 36.89; 1003.8227734375; 24.525390625
2026-07-10; 09:51:56; 470; 10; 36.89; 1003.8504296875; 24.5146484375
2026-07-10; 09:52:57; 470; 10; 36.9; 1003.7201953125; 24.5146484375
2026-07-10; 09:53:57; 470; 10; 36.95; 1003.8058984375; 24.4365234375
2026-07-10; 09:54:57; 463; 9; 36.97; 1003.7821484375; 24.4375
2026-07-10; 09:55:57; 470; 10; 36.99; 1003.8609375; 24.4619140625
2026-07-10; 09:56:57; 470; 10; 36.98; 1003.8453515625; 24.47265625
2026-07-10; 09:57:57; 470; 10; 37.01; 1003.836875; 24.439453125
2026-07-10; 09:58:57; 470; 10; 37.02; 1003.84453125; 24.4287109375
2026-07-10; 09:59:57; 470; 10; 37.03; 1003.7575390625; 24.40625
2026-07-10; 10:00:57; 470; 10; 37.03; 1003.8680859375; 24.4404296875
2026-07-10; 10:01:57; 470; 10; 37.03; 1003.749609375; 24.4521484375
2026-07-10; 10:02:57; 470; 10; 37.01; 1003.836875; 24.451171875
2026-07-10; 10:03:57; 470; 10; 36.97; 1003.8297265625; 24.5068359375
2026-07-10; 10:04:57; 463; 9; 36.92; 1003.8695703125; 24.55078125
2026-07-10; 10:05:57; 463; 9; 36.88; 1003.8348046875; 24.6181640625
2026-07-10; 10:06:57; 438; 5; 36.86; 1003.82359375; 24.5703125
2026-07-10; 10:07:57; 432; 4; 36.83; 1003.7923828125; 24.603515625
2026-07-10; 10:08:57; 438; 5; 36.8; 1003.80078125; 24.671875
2026-07-10; 10:09:57; 446; 7; 36.75; 1003.7780078125; 24.7841796875
2026-07-10; 10:10:57; 454; 8; 36.72; 1003.78640625; 24.8525390625
2026-07-10; 10:11:57; 442; 6; 36.7; 1003.719921875; 24.8505859375
2026-07-10; 10:12:57; 442; 6; 36.68; 1003.7871875; 24.8505859375
2026-07-10; 10:13:57; 442; 6; 36.7; 1003.77515625; 24.83984375
2026-07-10; 10:14:57; 438; 5; 36.68; 1003.8068359375; 24.861328125
2026-07-10; 10:15:57; 438; 5; 36.66; 1003.838828125; 24.8837890625
2026-07-10; 10:16:57; 438; 5; 36.64; 1003.835234375; 24.89453125
2026-07-10; 10:17:57; 446; 7; 36.62; 1003.8040234375; 24.951171875
2026-07-10; 10:18:57; 442; 6; 36.6; 1003.7727734375; 24.99609375
2026-07-10; 10:19:57; 438; 5; 36.61; 1003.7804296875; 25.0087890625
2026-07-10; 10:20:57; 448; 7; 36.58; 1003.796796875; 25.0419921875
2026-07-10; 10:21:57; 448; 7; 36.57; 1003.8087890625; 25.041015625
2026-07-10; 10:22:57; 446; 7; 36.56; 1003.82078125; 24.982421875
2026-07-10; 10:23:57; 438; 5; 36.56; 1003.7655859375; 25.0517578125
2026-07-10; 10:24:58; 442; 6; 36.55; 1003.769921875; 25.0625
2026-07-10; 10:25:58; 438; 5; 36.54; 1003.8448046875; 25.05078125
2026-07-10; 10:26:58; 446; 7; 36.53; 1003.773984375; 25.07421875
2026-07-10; 10:27:58; 446; 7; 36.53; 1003.773984375; 25.0966796875
2026-07-10; 10:28:58; 438; 5; 36.55; 1003.7423046875; 25.0400390625
2026-07-10; 10:29:58; 425; 3; 36.54; 1003.7067578125; 24.9931640625
2026-07-10; 10:30:58; 417; 2; 36.51; 1003.750703125; 25.0029296875
2026-07-10; 10:31:58; 415; 2; 36.52; 1003.7859765625; 25.0380859375
2026-07-10; 10:32:58; 415; 2; 36.51; 1003.7230859375; 25.0732421875
2026-07-10; 10:33:58; 417; 2; 36.5; 1003.7074609375; 25.095703125
2026-07-10; 10:34:58; 422; 3; 36.52; 1003.758359375; 25.107421875
2026-07-10; 10:35:58; 425; 3; 36.48; 1003.723515625; 25.140625
2026-07-10; 10:36:58; 438; 5; 36.49; 1003.747109375; 25.1416015625
2026-07-10; 10:37:58; 442; 6; 36.5; 1003.6719140625; 25.1640625
2026-07-10; 10:38:58; 446; 7; 36.47; 1003.6800390625; 25.197265625
2026-07-10; 10:39:58; 448; 7; 36.49; 1003.6642578125; 25.1640625
2026-07-10; 10:40:58; 448; 7; 36.48; 1003.640703125; 25.1513671875
2026-07-10; 10:41:58; 448; 7; 36.48; 1003.6683203125; 25.1630859375
2026-07-10; 10:42:58; 446; 7; 36.48; 1003.640703125; 25.1982421875
2026-07-10; 10:43:58; 454; 8; 36.46; 1003.719609375; 25.2197265625
2026-07-10; 10:44:58; 454; 8; 36.46; 1003.636796875; 25.2431640625
2026-07-10; 10:45:58; 454; 8; 36.45; 1003.67640625; 25.23046875
2026-07-10; 10:46:58; 461; 9; 36.44; 1003.7436328125; 25.2421875
2026-07-10; 10:47:58; 446; 7; 36.45; 1003.75921875; 25.1962890625
2026-07-10; 10:48:58; 446; 7; 36.47; 1003.735234375; 25.1630859375
2026-07-10; 10:49:58; 446; 7; 36.48; 1003.77875; 25.12890625
2026-07-10; 10:50:58; 442; 6; 36.51; 1003.7230859375; 25.0732421875
2026-07-10; 10:51:58; 442; 6; 36.54; 1003.7067578125; 25.0625
2026-07-10; 10:52:58; 446; 7; 36.6; 1003.709609375; 24.984375
2026-07-10; 10:53:58; 446; 7; 36.62; 1003.713203125; 24.986328125
2026-07-10; 10:54:59; 442; 6; 36.61; 1003.7251953125; 24.9853515625
2026-07-10; 10:55:59; 438; 5; 36.62; 1003.6855859375; 24.951171875
2026-07-10; 10:56:59; 442; 6; 36.61; 1003.7331640625; 24.9501953125
2026-07-10; 10:57:59; 432; 4; 36.6; 1003.7372265625; 24.9619140625
2026-07-10; 10:58:59; 438; 5; 36.6; 1003.6623046875; 24.9384765625
2026-07-10; 10:59:59; 422; 3; 36.58; 1003.6863671875; 24.8681640625
2026-07-10; 11:00:59; 411; 1; 36.58; 1003.6783984375; 24.9140625
2026-07-10; 11:01:59; 403; 0; 36.58; 1003.6863671875; 24.90234375
2026-07-10; 11:02:59; 400; 0; 36.6; 1003.74515625; 24.857421875
2026-07-10; 11:03:59; 403; 0; 36.6; 1003.709609375; 24.869140625
2026-07-10; 11:04:59; 400; 0; 36.61; 1003.67; 24.8583984375
2026-07-10; 11:05:59; 400; 0; 36.64; 1003.7168359375; 24.7900390625
2026-07-10; 11:06:59; 407; 1; 36.63; 1003.75640625; 24.82421875
2026-07-10; 11:07:59; 407; 1; 36.61; 1003.7331640625; 24.8349609375
2026-07-10; 11:08:59; 409; 1; 36.63; 1003.75640625; 24.8359375
2026-07-10; 11:09:59; 414; 2; 36.6; 1003.6819921875; 24.857421875
2026-07-10; 11:10:59; 423; 3; 36.62; 1003.693515625; 24.84765625
2026-07-10; 11:11:59; 426; 3; 36.61; 1003.7331640625; 24.8466796875
2026-07-10; 11:12:59; 436; 5; 36.62; 1003.693515625; 24.87109375
2026-07-10; 11:13:59; 443; 6; 36.63; 1003.626328125; 24.87109375
2026-07-10; 11:14:59; 451; 7; 36.63; 1003.6459375; 24.8935546875
2026-07-10; 11:15:59; 462; 9; 36.61; 1003.76078125; 24.939453125
2026-07-10; 11:16:59; 462; 9; 36.61; 1003.705546875; 24.939453125
2026-07-10; 11:17:59; 465; 9; 36.6; 1003.689921875; 24.9384765625
2026-07-10; 11:18:59; 465; 9; 36.58; 1003.7415625; 24.9833984375
2026-07-10; 11:19:59; 488; 13; 36.55; 1003.6394921875; 25.0400390625
2026-07-10; 11:20:59; 492; 14; 36.55; 1003.6318359375; 25.0400390625
2026-07-10; 11:21:59; 502; 15; 36.57; 1003.5799609375; 25.017578125
2026-07-10; 11:22:59; 508; 16; 36.59; 1003.66640625; 24.97265625
2026-07-10; 11:23:59; 508; 16; 36.59; 1003.64671875; 24.9384765625
2026-07-10; 11:25:00; 508; 16; 36.62; 1003.602734375; 24.8818359375
2026-07-10; 11:26:00; 492; 14; 36.61; 1003.6226953125; 24.8583984375
2026-07-10; 11:27:00; 481; 12; 36.59; 1003.591484375; 24.9267578125
2026-07-10; 11:28:00; 473; 11; 36.56; 1003.5646484375; 24.958984375
2026-07-10; 11:29:00; 476; 11; 36.57; 1003.6707421875; 24.9482421875
2026-07-10; 11:30:00; 488; 13; 36.57; 1003.607578125; 24.9599609375
2026-07-10; 11:31:00; 488; 13; 36.56; 1003.592265625; 24.958984375
2026-07-10; 11:32:00; 492; 14; 36.55; 1003.584296875; 24.970703125
2026-07-10; 11:33:00; 488; 13; 36.53; 1003.5530859375; 24.9580078125
2026-07-10; 11:34:00; 488; 13; 36.55; 1003.6318359375; 24.9697265625
2026-07-10; 11:35:00; 492; 14; 36.58; 1003.603515625; 24.9375
2026-07-10; 11:36:00; 465; 9; 36.58; 1003.6311328125; 24.8564453125
2026-07-10; 11:37:00; 462; 9; 36.6; 1003.599140625; 24.833984375
2026-07-10; 11:38:00; 456; 8; 36.57; 1003.587890625; 24.890625
2026-07-10; 11:39:00; 465; 9; 36.59; 1003.591484375; 24.8916015625
2026-07-10; 11:40:00; 462; 9; 36.57; 1003.5799609375; 24.9365234375
2026-07-10; 11:41:00; 473; 11; 36.53; 1003.561015625; 24.9462890625
2026-07-10; 11:42:00; 465; 9; 36.5; 1003.561484375; 25.013671875
2026-07-10; 11:43:00; 481; 12; 36.49; 1003.656328125; 25.0478515625
2026-07-10; 11:44:00; 488; 13; 36.51; 1003.63234375; 25.0029296875
2026-07-10; 11:45:00; 492; 14; 36.53; 1003.5886328125; 24.9697265625
2026-07-10; 11:46:00; 492; 14; 36.56; 1003.5646484375; 24.947265625
2026-07-10; 11:47:00; 488; 13; 36.58; 1003.5206640625; 24.9140625
2026-07-10; 11:48:00; 488; 13; 36.59; 1003.53625; 24.8916015625
2026-07-10; 11:49:00; 492; 14; 36.6; 1003.496640625; 24.9033203125
2026-07-10; 11:50:00; 492; 14; 36.66; 1003.5902734375; 24.814453125
2026-07-10; 11:51:00; 492; 14; 36.67; 1003.4954296875; 24.7919921875
2026-07-10; 11:52:00; 488; 13; 36.66; 1003.4798046875; 24.7568359375
2026-07-10; 11:53:00; 481; 12; 36.68; 1003.4201953125; 24.7109375
2026-07-10; 11:54:00; 462; 9; 36.75; 1003.5217578125; 24.6337890625
2026-07-10; 11:55:00; 451; 7; 36.78; 1003.3828515625; 24.578125
2026-07-10; 11:56:00; 447; 7; 36.77; 1003.4425; 24.51953125
2026-07-10; 11:57:00; 423; 3; 36.74; 1003.4309765625; 24.541015625
2026-07-10; 11:58:00; 423; 3; 36.76; 1003.3516796875; 24.51953125
2026-07-10; 11:59:00; 417; 2; 36.79; 1003.3908203125; 24.54296875
2026-07-10; 12:00:01; 409; 1; 36.78; 1003.3751953125; 24.4150390625
2026-07-10; 12:01:01; 400; 0; 36.78; 1003.41046875; 24.451171875
2026-07-10; 12:02:01; 400; 0; 36.81; 1003.366796875; 24.4287109375
2026-07-10; 12:03:01; 408; 1; 36.8; 1003.3787890625; 24.486328125
2026-07-10; 12:04:01; 424; 3; 36.84; 1003.3027734375; 24.4765625
2026-07-10; 12:05:01; 441; 6; 36.82; 1003.39; 24.5107421875
2026-07-10; 12:06:01; 448; 7; 36.88; 1003.3575; 24.4677734375
2026-07-10; 12:07:01; 452; 7; 36.87; 1003.452421875; 24.408203125
2026-07-10; 12:08:01; 456; 8; 36.8; 1003.351171875; 24.5439453125
2026-07-10; 12:09:01; 456; 8; 36.85; 1003.310703125; 24.3955078125
2026-07-10; 12:10:01; 452; 7; 36.83; 1003.39765625; 24.3955078125
2026-07-10; 12:11:01; 448; 7; 36.87; 1003.3419140625; 24.3740234375
2026-07-10; 12:12:01; 444; 6; 36.89; 1003.373125; 24.38671875
2026-07-10; 12:13:01; 452; 7; 36.83; 1003.37796875; 24.3837890625
2026-07-10; 12:14:01; 459; 8; 36.81; 1003.2639453125; 24.4990234375
2026-07-10; 12:15:01; 466; 10; 36.82; 1003.2242578125; 24.4990234375
2026-07-10; 12:16:01; 485; 12; 36.81; 1003.339140625; 24.5556640625
2026-07-10; 12:17:01; 493; 14; 36.81; 1003.3744140625; 24.556640625
2026-07-10; 12:18:01; 506; 16; 36.78; 1003.3751953125; 24.5888671875
2026-07-10; 12:19:01; 475; 11; 36.81; 1003.2562890625; 24.462890625
2026-07-10; 12:20:01; 459; 8; 36.78; 1003.3751953125; 24.4384765625
2026-07-10; 12:21:01; 452; 7; 36.76; 1003.2964453125; 24.51953125
2026-07-10; 12:22:01; 444; 6; 36.81; 1003.339140625; 24.4521484375
2026-07-10; 12:23:01; 428; 4; 36.76; 1003.2887890625; 24.4033203125
2026-07-10; 12:24:01; 428; 4; 36.75; 1003.2731640625; 24.5302734375
2026-07-10; 12:25:01; 441; 6; 36.78; 1003.3199609375; 24.4970703125
2026-07-10; 12:26:01; 448; 7; 36.8; 1003.2958984375; 24.498046875
2026-07-10; 12:27:01; 456; 8; 36.86; 1003.333984375; 24.466796875
2026-07-10; 12:28:01; 466; 10; 36.91; 1003.35671875; 24.3876953125
2026-07-10; 12:29:01; 441; 6; 36.82; 1003.334765625; 24.3486328125
2026-07-10; 12:30:01; 428; 4; 36.75; 1003.43890625; 24.42578125
2026-07-10; 12:31:01; 434; 5; 36.78; 1003.4028125; 24.53125
2026-07-10; 12:32:01; 452; 7; 36.76; 1003.3440234375; 24.5654296875
2026-07-10; 12:33:01; 444; 6; 36.84; 1003.3027734375; 24.4189453125
2026-07-10; 12:34:01; 456; 8; 36.86; 1003.298671875; 24.408203125
2026-07-10; 12:35:01; 444; 6; 36.8; 1003.3787890625; 24.3359375
2026-07-10; 12:36:01; 444; 6; 36.78; 1003.2723828125; 24.4853515625
2026-07-10; 12:37:01; 452; 7; 36.84; 1003.3027734375; 24.46484375
2026-07-10; 12:38:01; 466; 10; 36.84; 1003.3027734375; 24.4765625
2026-07-10; 12:39:01; 475; 11; 36.83; 1003.2319140625; 24.48828125
2026-07-10; 12:40:01; 475; 11; 36.82; 1003.188984375; 24.41796875
2026-07-10; 12:41:01; 459; 8; 36.75; 1003.253203125; 24.5068359375
2026-07-10; 12:42:01; 459; 8; 36.8; 1003.2406640625; 24.451171875
2026-07-10; 12:43:02; 459; 8; 36.88; 1003.2469921875; 24.3974609375
2026-07-10; 12:44:02; 475; 11; 36.87; 1003.23140625; 24.455078125
2026-07-10; 12:45:02; 491; 13; 36.81; 1003.201015625; 24.533203125
2026-07-10; 12:46:02; 498; 14; 36.86; 1003.188203125; 24.4892578125
2026-07-10; 12:47:02; 514; 17; 36.85; 1003.09734375; 24.4775390625
2026-07-10; 12:48:02; 519; 18; 36.9; 1003.0848046875; 24.41015625
2026-07-10; 12:49:02; 519; 18; 36.87; 1003.065625; 24.396484375
2026-07-10; 12:50:02; 519; 18; 36.84; 1003.0817578125; 24.3603515625
2026-07-10; 12:51:02; 498; 14; 36.78; 1003.04375; 24.4267578125
2026-07-10; 12:52:02; 506; 16; 36.76; 1003.130703125; 24.5078125
2026-07-10; 12:53:02; 498; 14; 36.81; 1003.070546875; 24.4990234375
2026-07-10; 12:54:02; 485; 12; 36.82; 1003.10609375; 24.41796875
2026-07-10; 12:55:02; 485; 12; 36.81; 1003.0981640625; 24.4755859375
2026-07-10; 12:56:02; 491; 13; 36.79; 1003.094609375; 24.498046875
2026-07-10; 12:57:02; 506; 16; 36.77; 1003.0634375; 24.5078125
2026-07-10; 12:58:02; 506; 16; 36.8; 1003.110234375; 24.509765625
2026-07-10; 12:59:02; 514; 17; 36.82; 1003.0585546875; 24.4990234375
2026-07-10; 13:00:02; 526; 19; 36.86; 1003.0024609375; 24.4775390625
2026-07-10; 13:01:02; 526; 19; 36.84; 1003.0265234375; 24.4072265625
2026-07-10; 13:02:02; 519; 18; 36.79; 1003.03171875; 24.5205078125
2026-07-10; 13:03:02; 526; 19; 36.74; 1003.0366015625; 24.5751953125
2026-07-10; 13:04:02; 526; 19; 36.73; 1003.048671875; 24.59765625
2026-07-10; 13:05:02; 531; 19; 36.75; 1002.94171875; 24.611328125
2026-07-10; 13:06:02; 537; 20; 36.77; 1003.028125; 24.5888671875
2026-07-10; 13:07:02; 537; 20; 36.78; 1002.968515625; 24.58984375
2026-07-10; 13:08:02; 543; 21; 36.81; 1002.9800390625; 24.5673828125
2026-07-10; 13:09:02; 548; 22; 36.85; 1002.986875; 24.51171875
2026-07-10; 13:10:02; 555; 23; 36.84; 1002.8883984375; 24.5341796875
2026-07-10; 13:11:02; 555; 23; 36.85; 1002.931640625; 24.51171875
2026-07-10; 13:12:02; 548; 22; 36.84; 1002.97125; 24.3955078125
2026-07-10; 13:13:02; 526; 19; 36.86; 1002.97484375; 24.2119140625
2026-07-10; 13:14:02; 463; 9; 36.85; 1003.0144921875; 24.1650390625
2026-07-10; 13:15:02; 452; 7; 36.8; 1002.90921875; 24.30078125
2026-07-10; 13:16:02; 452; 7; 36.76; 1002.984921875; 24.310546875
2026-07-10; 13:17:02; 424; 3; 36.75; 1002.949375; 24.251953125
2026-07-10; 13:18:02; 424; 3; 36.75; 1003.0046484375; 24.40234375
2026-07-10; 13:19:02; 428; 4; 36.81; 1003.00765625; 24.34765625
2026-07-10; 13:20:02; 441; 6; 36.81; 1002.86953125; 24.359375
2026-07-10; 13:21:02; 448; 7; 36.81; 1003.0153125; 24.39453125
2026-07-10; 13:22:02; 459; 8; 36.8; 1002.9168359375; 24.462890625
2026-07-10; 13:23:02; 475; 11; 36.82; 1002.8927734375; 24.44140625
2026-07-10; 13:24:02; 491; 13; 36.79; 1002.92125; 24.4853515625
2026-07-10; 13:25:03; 463; 9; 36.59; 1002.8459375; 24.7294921875
2026-07-10; 13:26:03; 424; 3; 36.55; 1002.8663671875; 24.7041015625
2026-07-10; 13:27:03; 400; 0; 36.5; 1002.906796875; 23.4638671875
2026-07-10; 13:28:03; 400; 0; 36.49; 1002.918828125; 23.94921875
2026-07-10; 13:29:03; 400; 0; 36.49; 1002.9384765625; 23.2080078125
2026-07-10; 13:30:03; 413; 1; 36.44; 1002.970625; 23.4482421875
2026-07-10; 13:31:03; 402; 0; 36.46; 1002.8637890625; 22.80078125
2026-07-10; 13:32:03; 400; 0; 36.43; 1002.9077734375; 22.7763671875
2026-07-10; 13:33:03; 400; 0; 36.43; 1002.8998046875; 22.6025390625
2026-07-10; 13:34:03; 400; 0; 36.34; 1002.8854296875; 22.9345703125
2026-07-10; 13:35:03; 400; 0; 36.38; 1002.9478515625; 22.56640625
2026-07-10; 13:36:03; 400; 0; 36.36; 1002.8614453125; 22.76171875
2026-07-10; 13:37:03; 400; 0; 36.37; 1002.814140625; 22.5888671875
2026-07-10; 13:38:03; 414; 2; 36.29; 1002.8629296875; 22.7001953125
2026-07-10; 13:39:03; 400; 0; 36.32; 1002.85421875; 22.6328125
2026-07-10; 13:40:03; 411; 1; 36.35; 1002.845859375; 22.517578125
2026-07-10; 13:41:03; 405; 0; 36.3; 1002.79546875; 22.5966796875
2026-07-10; 13:42:03; 403; 0; 36.27; 1002.7765625; 22.43359375
2026-07-10; 13:43:03; 400; 0; 36.23; 1002.7693359375; 22.384765625
2026-07-10; 13:44:03; 409; 1; 36.21; 1002.7933203125; 22.41796875
2026-07-10; 13:45:03; 400; 0; 36.25; 1002.7453515625; 22.3046875
2026-07-10; 13:46:03; 400; 0; 36.29; 1002.807734375; 22.318359375
2026-07-10; 13:47:03; 416; 2; 36.21; 1002.7933203125; 22.314453125
2026-07-10; 13:48:03; 400; 0; 36.2; 1002.785390625; 22.1640625
2026-07-10; 13:49:03; 400; 0; 36.22; 1002.7062109375; 22.51171875
2026-07-10; 13:50:03; 400; 0; 36.29; 1002.7721875; 22.0400390625
2026-07-10; 13:51:03; 415; 2; 36.2; 1002.7578125; 22.337890625
2026-07-10; 13:52:03; 410; 1; 36.16; 1002.7429296875; 22.265625
2026-07-10; 13:53:03; 400; 0; 36.14; 1002.79453125; 22.1142578125
2026-07-10; 13:54:03; 411; 1; 36.08; 1002.7085546875; 22.3544921875
2026-07-10; 13:55:03; 421; 3; 36.05; 1002.642109375; 22.271484375
2026-07-10; 13:56:03; 441; 6; 36.05; 1002.66171875; 22.43359375
2026-07-10; 13:57:03; 427; 4; 36.15; 1002.699765625; 22.056640625
2026-07-10; 13:58:03; 411; 1; 36.16; 1002.687734375; 22.3115234375
2026-07-10; 13:59:03; 406; 0; 36.15; 1002.6721484375; 22.068359375
2026-07-10; 14:00:03; 424; 3; 36.16; 1002.687734375; 22.0
2026-07-10; 14:01:03; 400; 0; 36.21; 1002.710546875; 21.8974609375
2026-07-10; 14:02:03; 400; 0; 36.18; 1002.7189453125; 21.9658203125
2026-07-10; 14:03:03; 400; 0; 36.18; 1002.6361328125; 21.9423828125
2026-07-10; 14:04:03; 421; 3; 36.12; 1002.6805078125; 22.0556640625
2026-07-10; 14:05:03; 406; 0; 36.08; 1002.6533984375; 22.134765625
2026-07-10; 14:06:03; 406; 0; 36.07; 1002.6457421875; 22.087890625
2026-07-10; 14:07:03; 433; 5; 36.09; 1002.6769140625; 22.03125
2026-07-10; 14:08:04; 443; 6; 36.18; 1002.66375; 21.884765625
2026-07-10; 14:09:04; 420; 3; 36.22; 1002.6709765625; 21.712890625
2026-07-10; 14:10:04; 420; 3; 36.15; 1002.616953125; 21.90625
2026-07-10; 14:11:04; 427; 4; 36.11; 1002.6097265625; 21.880859375
2026-07-10; 14:12:04; 417; 2; 36.12; 1002.6054296875; 21.84765625
2026-07-10; 14:13:04; 414; 2; 36.08; 1002.5509375; 21.9384765625
2026-07-10; 14:14:04; 410; 1; 36.07; 1002.49984375; 21.7177734375
2026-07-10; 14:15:04; 406; 0; 36.06; 1002.6221875; 21.84375
2026-07-10; 14:16:04; 425; 3; 36.07; 1002.590546875; 21.798828125
2026-07-10; 14:17:04; 416; 2; 36.04; 1002.563359375; 21.9013671875
2026-07-10; 14:18:04; 400; 0; 36.07; 1002.590546875; 21.7294921875
2026-07-10; 14:19:04; 410; 1; 36.09; 1002.586171875; 21.7529296875
2026-07-10; 14:20:04; 400; 0; 36.13; 1002.4554296875; 21.6513671875
2026-07-10; 14:21:04; 413; 1; 36.13; 1002.5581640625; 21.7890625
2026-07-10; 14:22:04; 465; 9; 36.03; 1002.500546875; 22.259765625
2026-07-10; 14:23:04; 442; 6; 36.06; 1002.4921875; 21.8681640625
2026-07-10; 14:24:04; 426; 3; 36.09; 1002.5113671875; 21.7421875
2026-07-10; 14:25:04; 432; 4; 36.14; 1002.5461328125; 21.6748046875
2026-07-10; 14:26:04; 432; 4; 36.07; 1002.582578125; 21.763671875
2026-07-10; 14:27:04; 422; 3; 36.05; 1002.5869140625; 21.7392578125
2026-07-10; 14:28:04; 422; 3; 36.08; 1002.4957421875; 21.7412109375
2026-07-10; 14:29:04; 438; 5; 36.04; 1002.516171875; 21.728515625
2026-07-10; 14:30:04; 442; 6; 36.08; 1002.4878125; 21.787109375
2026-07-10; 14:31:04; 454; 8; 36.1; 1002.43625; 21.68359375
2026-07-10; 14:32:04; 451; 7; 36.05; 1002.441015625; 21.7626953125
2026-07-10; 14:33:04; 442; 6; 36.05; 1002.4765625; 21.693359375
2026-07-10; 14:34:04; 465; 9; 36.05; 1002.366171875; 21.669921875
2026-07-10; 14:35:04; 505; 15; 36.08; 1002.4405859375; 21.6376953125
2026-07-10; 14:36:04; 542; 21; 36.01; 1002.4341015625; 21.7490234375
2026-07-10; 14:37:04; 524; 18; 36.07; 1002.3973828125; 21.5791015625
2026-07-10; 14:38:04; 524; 18; 36.03; 1002.2998046875; 21.75
2026-07-10; 14:39:04; 536; 20; 36.05; 1002.3937890625; 21.5771484375
2026-07-10; 14:40:04; 530; 19; 36.03; 1002.3350390625; 21.5537109375
2026-07-10; 14:41:04; 542; 21; 36.03; 1002.307421875; 21.587890625
2026-07-10; 14:42:04; 524; 18; 36.04; 1002.3230078125; 21.5546875
2026-07-10; 14:43:04; 524; 18; 36.01; 1002.4065234375; 21.5068359375
2026-07-10; 14:44:04; 451; 7; 36.01; 1002.32375; 21.4833984375
2026-07-10; 14:45:04; 400; 0; 36.05; 1002.3110546875; 21.23046875
2026-07-10; 14:46:04; 400; 0; 35.99; 1002.300234375; 21.3203125
2026-07-10; 14:47:04; 400; 0; 36.12; 1002.2191015625; 21.19921875
2026-07-10; 14:48:04; 405; 0; 36.08; 1002.330234375; 21.244140625
2026-07-10; 14:49:04; 410; 1; 36.06; 1002.29109375; 21.27734375
2026-07-10; 14:50:04; 435; 5; 36.04; 1002.378203125; 21.392578125
2026-07-10; 14:51:05; 464; 9; 36.07; 1002.3066796875; 21.3818359375
2026-07-10; 14:52:05; 476; 11; 36.05; 1002.2834375; 21.3466796875
2026-07-10; 14:53:05; 503; 15; 36.07; 1002.3421875; 21.474609375
2026-07-10; 14:54:05; 542; 21; 36.08; 1002.23953125; 21.3359375
2026-07-10; 14:55:05; 605; 31; 36.03; 1002.2246484375; 21.3564453125
2026-07-10; 14:56:05; 617; 33; 36.06; 1002.2083203125; 21.3701171875
2026-07-10; 14:57:05; 634; 35; 36.08; 1002.1646484375; 21.3017578125
2026-07-10; 14:58:05; 617; 33; 36.06; 1002.188671875; 21.2431640625
2026-07-10; 14:59:05; 638; 36; 36.09; 1002.1447265625; 21.1748046875
2026-07-10; 15:00:05; 624; 34; 36.11; 1002.195859375; 21.1748046875
2026-07-10; 15:01:05; 617; 33; 36.09; 1002.1447265625; 21.1513671875
2026-07-10; 15:02:05; 638; 36; 36.09; 1002.1526953125; 21.208984375
2026-07-10; 15:03:05; 617; 33; 36.14; 1002.187421875; 21.107421875
2026-07-10; 15:04:05; 638; 36; 36.06; 1002.1807421875; 21.091796875
2026-07-10; 15:05:05; 652; 38; 36.1; 1002.1603125; 21.10546875
2026-07-10; 15:06:05; 645; 37; 36.15; 1002.210703125; 20.9921875
2026-07-10; 15:07:05; 665; 40; 36.15; 1002.17546875; 21.130859375
2026-07-10; 15:08:05; 692; 44; 36.06; 1002.125546875; 21.2080078125
2026-07-10; 15:09:05; 700; 45; 36.06; 1002.188671875; 21.162109375
2026-07-10; 15:10:05; 675; 41; 36.12; 1002.1639453125; 21.1416015625
2026-07-10; 15:11:05; 645; 37; 36.06; 1002.1058984375; 21.115234375
2026-07-10; 15:12:05; 592; 29; 36.08; 1002.1015625; 21.03515625
2026-07-10; 15:13:05; 592; 29; 36.14; 1002.132265625; 21.0615234375
2026-07-10; 15:14:05; 561; 24; 36.1; 1002.1879296875; 21.0703125
2026-07-10; 15:15:05; 553; 23; 36.11; 1002.195859375; 21.0595703125
2026-07-10; 15:16:05; 549; 22; 36.13; 1002.207109375; 21.0146484375
2026-07-10; 15:17:05; 536; 20; 36.09; 1002.1171484375; 21.1982421875
2026-07-10; 15:18:05; 503; 15; 36.09; 1002.0895703125; 21.05859375
2026-07-10; 15:19:05; 503; 15; 36.09; 1002.2275; 21.1630859375
2026-07-10; 15:20:05; 536; 20; 36.03; 1002.1894140625; 21.2412109375
2026-07-10; 15:21:05; 561; 24; 36.04; 1002.185078125; 21.20703125
2026-07-10; 15:22:05; 578; 27; 36.03; 1002.1342578125; 21.2294921875
2026-07-10; 15:23:05; 592; 29; 36.03; 1002.1694921875; 21.2763671875
2026-07-10; 15:24:05; 617; 33; 36.03; 1002.1618359375; 21.16015625
2026-07-10; 15:25:05; 617; 33; 36.05; 1002.14546875; 21.2421875
2026-07-10; 15:26:05; 592; 29; 36.11; 1002.1406640625; 21.0478515625
2026-07-10; 15:27:05; 617; 33; 36.07; 1002.1491015625; 21.2314453125
2026-07-10; 15:28:05; 668; 40; 36.01; 1002.165859375; 21.3671875
2026-07-10; 15:29:05; 652; 38; 36.04; 1002.185078125; 21.23046875
2026-07-10; 15:30:05; 665; 40; 36.05; 1002.1730859375; 21.1728515625
2026-07-10; 15:31:05; 634; 35; 36.04; 1002.03921875; 21.1259765625
2026-07-10; 15:32:05; 592; 29; 36.05; 1002.1099609375; 21.1259765625
2026-07-10; 15:33:06; 586; 28; 36.04; 1002.1023046875; 21.080078125
2026-07-10; 15:34:06; 578; 27; 36.07; 1002.0859765625; 21.173828125
2026-07-10; 15:35:06; 574; 26; 36.08; 1002.0463671875; 21.0927734375
2026-07-10; 15:36:06; 586; 28; 36.07; 1002.0662890625; 21.150390625
2026-07-10; 15:37:06; 617; 33; 36.09; 1002.1171484375; 21.1630859375
2026-07-10; 15:38:06; 592; 29; 36.08; 1002.129140625; 21.01171875
2026-07-10; 15:39:06; 561; 24; 36.06; 1002.023125; 21.1044921875
2026-07-10; 15:40:06; 549; 22; 36.08; 1002.0463671875; 21.138671875
2026-07-10; 15:41:06; 519; 18; 36.15; 1002.0374609375; 21.107421875
2026-07-10; 15:42:06; 503; 15; 36.1; 1001.9671875; 21.05859375
2026-07-10; 15:43:06; 526; 19; 36.13; 1002.013984375; 21.107421875
2026-07-10; 15:44:06; 536; 20; 36.12; 1002.0535546875; 21.1181640625
2026-07-10; 15:45:06; 586; 28; 36.09; 1002.0147265625; 21.1748046875
2026-07-10; 15:46:06; 614; 32; 36.09; 1001.95953125; 21.1396484375
2026-07-10; 15:47:06; 668; 40; 36.07; 1002.0387109375; 21.2314453125
2026-07-10; 15:48:06; 708; 46; 36.06; 1001.9600390625; 21.2197265625
2026-07-10; 15:49:06; 761; 54; 36.09; 1001.987109375; 21.1630859375
2026-07-10; 15:50:06; 770; 56; 36.06; 1002.1058984375; 21.2080078125
2026-07-10; 15:51:06; 802; 61; 36.09; 1002.0147265625; 21.208984375
2026-07-10; 15:52:06; 787; 58; 36.06; 1002.0979296875; 21.1845703125
2026-07-10; 15:53:06; 802; 61; 36.08; 1002.01875; 21.2197265625
2026-07-10; 15:54:06; 825; 64; 36.05; 1002.0075390625; 21.23046875
2026-07-10; 15:55:06; 815; 63; 36.01; 1001.9727734375; 21.240234375
2026-07-10; 15:56:06; 802; 61; 36.01; 1002.0003515625; 21.228515625
2026-07-10; 15:57:06; 802; 61; 35.99; 1002.0243359375; 21.2744140625
2026-07-10; 15:58:06; 749; 53; 35.99; 1002.0243359375; 21.2861328125
2026-07-10; 15:59:06; 728; 49; 36.02; 1001.9607421875; 21.2294921875
2026-07-10; 16:00:06; 744; 52; 36.02; 1002.043515625; 21.2529296875
2026-07-10; 16:01:06; 749; 53; 36.02; 1002.00828125; 21.298828125
2026-07-10; 16:02:06; 728; 49; 36.05; 1001.9719921875; 21.2421875
2026-07-10; 16:03:06; 744; 52; 36.06; 1001.995546875; 21.2314453125
2026-07-10; 16:04:06; 749; 53; 36.08; 1002.0543359375; 21.197265625
2026-07-10; 16:05:06; 787; 58; 36.11; 1002.08546875; 21.1865234375
2026-07-10; 16:06:06; 838; 66; 36.15; 1002.0374609375; 21.1533203125
2026-07-10; 16:07:06; 889; 74; 36.13; 1001.9863671875; 21.1650390625
2026-07-10; 16:08:06; 933; 81; 36.14; 1002.0219140625; 21.130859375
2026-07-10; 16:09:06; 1009; 92; 36.14; 1002.0847265625; 21.1650390625
2026-07-10; 16:10:06; 1019; 94; 36.17; 1002.0487109375; 21.1435546875
2026-07-10; 16:11:06; 1137; 112; 36.19; 1002.0246875; 21.1328125
2026-07-10; 16:12:06; 1212; 123; 36.2; 1002.0326171875; 21.14453125
2026-07-10; 16:13:06; 1310; 138; 36.2; 1001.9498828125; 21.1328125
2026-07-10; 16:14:06; 1441; 158; 36.18; 1001.926328125; 21.1787109375
2026-07-10; 16:15:06; 1504; 174; 36.2; 1001.929921875; 21.1572265625
2026-07-10; 16:16:07; 1513; 180; 36.19; 1001.88671875; 21.16796875
2026-07-10; 16:17:07; 1539; 198; 36.21; 1002.02828125; 21.1806640625
2026-07-10; 16:18:07; 1550; 207; 36.24; 1001.984609375; 21.123046875
2026-07-10; 16:19:07; 1575; 226; 36.26; 1001.9881640625; 21.125
2026-07-10; 16:20:07; 1608; 254; 36.24; 1001.9646484375; 21.146484375
2026-07-10; 16:21:07; 1618; 262; 36.24; 1001.9094140625; 21.169921875
2026-07-10; 16:22:07; 1624; 267; 36.27; 1001.885390625; 21.125
2026-07-10; 16:23:07; 1647; 287; 36.26; 1001.93296875; 21.1591796875
2026-07-10; 16:24:07; 1682; 321; 36.19; 1001.9694921875; 21.2255859375
2026-07-10; 16:25:07; 1676; 314; 36.24; 1001.9094140625; 21.158203125
2026-07-10; 16:26:07; 1676; 314; 36.22; 1001.9258203125; 21.1806640625
2026-07-10; 16:27:07; 1654; 293; 36.2; 1001.8946484375; 21.16796875
2026-07-10; 16:28:07; 1647; 287; 36.23; 1002.0042578125; 21.2041015625
2026-07-10; 16:29:07; 1664; 303; 36.22; 1001.9533984375; 21.2265625
2026-07-10; 16:30:07; 1671; 310; 36.23; 1001.94140625; 21.158203125
2026-07-10; 16:31:07; 1687; 326; 36.2; 1001.922265625; 21.203125
2026-07-10; 16:32:07; 1694; 332; 36.23; 1002.02421875; 21.2626953125
2026-07-10; 16:33:07; 1687; 326; 36.22; 1001.9334765625; 21.1806640625
2026-07-10; 16:34:07; 1682; 321; 36.21; 1001.94546875; 21.23828125
2026-07-10; 16:35:07; 1687; 326; 36.28; 1002.0666015625; 21.18359375
2026-07-10; 16:36:07; 1712; 351; 36.26; 1001.980234375; 21.216796875
2026-07-10; 16:37:07; 1739; 379; 36.25; 1001.945; 21.216796875
2026-07-10; 16:38:07; 1757; 400; 36.23; 1001.913828125; 21.2275390625
2026-07-10; 16:39:07; 1757; 400; 36.24; 1001.9094140625; 21.2275390625
2026-07-10; 16:40:07; 1777; 424; 36.27; 1001.9209765625; 21.2060546875
2026-07-10; 16:41:07; 1784; 432; 36.26; 1001.9250390625; 21.193359375
2026-07-10; 16:42:07; 1798; 446; 36.24; 1001.9094140625; 21.216796875
2026-07-10; 16:43:07; 1784; 432; 36.29; 1001.814140625; 21.1953125
2026-07-10; 16:44:07; 1798; 446; 36.3; 1001.85703125; 21.1845703125
2026-07-10; 16:45:07; 1813; 465; 36.28; 1001.9365625; 21.1953125
2026-07-10; 16:46:07; 1841; 503; 36.26; 1001.93296875; 21.228515625
2026-07-10; 16:47:07; 1853; 521; 36.27; 1001.9209765625; 21.2177734375
2026-07-10; 16:48:07; 1848; 513; 36.31; 1001.8925390625; 21.2197265625
2026-07-10; 16:49:07; 1862; 532; 36.3; 1001.8294140625; 21.20703125
2026-07-10; 16:50:07; 1880; 555; 36.27; 1001.8381640625; 21.2412109375
2026-07-10; 16:51:07; 1894; 576; 36.22; 1001.843046875; 21.2958984375
2026-07-10; 16:52:07; 1853; 521; 36.27; 1001.747421875; 21.1708984375
2026-07-10; 16:53:07; 1833; 493; 36.24; 1001.7362109375; 21.158203125
2026-07-10; 16:54:07; 1848; 513; 36.24; 1001.7438671875; 21.216796875
2026-07-10; 16:55:07; 1848; 513; 36.27; 1001.830234375; 21.228515625
2026-07-10; 16:56:07; 1833; 493; 36.29; 1001.8417578125; 21.21875
2026-07-10; 16:57:07; 1833; 493; 36.28; 1001.85375; 21.18359375
2026-07-10; 16:58:07; 1862; 532; 36.29; 1001.7865234375; 21.21875
2026-07-10; 16:59:08; 1880; 555; 36.28; 1001.7630078125; 21.2294921875
2026-07-10; 17:00:08; 1894; 576; 36.27; 1001.78296875; 21.2294921875
2026-07-10; 17:01:08; 1910; 599; 36.26; 1001.822578125; 21.251953125
2026-07-10; 17:02:08; 1917; 611; 36.25; 1001.834609375; 21.240234375
2026-07-10; 17:03:08; 1930; 631; 36.22; 1001.7955078125; 21.3193359375
2026-07-10; 17:04:08; 1951; 665; 36.22; 1001.843046875; 21.3427734375
2026-07-10; 17:05:08; 1962; 683; 36.27; 1001.80265625; 21.251953125
2026-07-10; 17:06:08; 1930; 631; 36.23; 1001.8110546875; 21.0888671875
2026-07-10; 17:07:08; 1880; 555; 36.23; 1001.838671875; 21.134765625
2026-07-10; 17:08:08; 1841; 503; 36.23; 1001.8110546875; 21.123046875
2026-07-10; 17:09:08; 1820; 476; 36.24; 1001.846640625; 21.134765625
2026-07-10; 17:10:08; 1833; 493; 36.26; 1001.822578125; 21.1591796875
2026-07-10; 17:11:08; 1862; 532; 36.28; 1001.7985546875; 21.2294921875
2026-07-10; 17:12:08; 1894; 576; 36.27; 1001.7750390625; 21.2060546875
2026-07-10; 17:13:08; 1930; 631; 36.29; 1001.806171875; 21.2646484375
2026-07-10; 17:14:08; 1945; 655; 36.33; 1001.793359375; 21.220703125
2026-07-10; 17:15:08; 1935; 641; 36.41; 1001.7644140625; 21.1083984375
2026-07-10; 17:16:08; 1945; 655; 36.38; 1001.7332421875; 21.060546875
2026-07-10; 17:17:08; 1951; 665; 36.39; 1001.7212109375; 21.130859375
2026-07-10; 17:18:08; 1988; 725; 36.34; 1001.74609375; 21.1396484375
2026-07-10; 17:19:08; 1978; 709; 36.3; 1001.7113671875; 21.23046875
2026-07-10; 17:20:08; 1970; 694; 36.35; 1001.7616796875; 21.12890625
2026-07-10; 17:21:08; 1945; 655; 36.39; 1001.8040625; 21.119140625
2026-07-10; 17:22:08; 1945; 655; 36.39; 1001.7412109375; 21.107421875
2026-07-10; 17:23:08; 1935; 641; 36.41; 1001.60671875; 21.0625
2026-07-10; 17:24:08; 1935; 641; 36.44; 1001.7007421875; 21.0400390625
2026-07-10; 17:25:08; 1970; 694; 36.42; 1001.7248046875; 21.0859375
2026-07-10; 17:26:08; 1988; 725; 36.38; 1001.65046875; 21.1416015625
2026-07-10; 17:27:08; 1994; 736; 36.39; 1001.6936328125; 21.119140625
2026-07-10; 17:28:08; 2003; 753; 36.38; 1001.5876171875; 21.1298828125
2026-07-10; 17:29:08; 1970; 694; 36.42; 1001.641953125; 21.0048828125
2026-07-10; 17:30:08; 1978; 709; 36.38; 1001.6704296875; 21.083984375
2026-07-10; 17:31:08; 1951; 665; 36.42; 1001.559140625; 21.0625
2026-07-10; 17:32:08; 1945; 655; 36.44; 1001.5903125; 21.0283203125
2026-07-10; 17:33:08; 1951; 665; 36.42; 1001.6695703125; 21.02734375
2026-07-10; 17:34:08; 1994; 736; 36.38; 1001.5400390625; 21.1533203125
2026-07-10; 17:35:08; 2019; 781; 36.35; 1001.5761328125; 21.1513671875
2026-07-10; 17:36:08; 2019; 781; 36.43; 1001.6102734375; 21.0859375
2026-07-10; 17:37:08; 2030; 801; 36.38; 1001.5676171875; 21.095703125
2026-07-10; 17:38:08; 2003; 753; 36.43; 1001.5746875; 21.02734375
2026-07-10; 17:39:08; 1988; 725; 36.45; 1001.55859375; 21.017578125
2026-07-10; 17:40:08; 1962; 683; 36.46; 1001.56625; 21.005859375
2026-07-10; 17:41:09; 1970; 694; 36.45; 1001.4954296875; 20.982421875
2026-07-10; 17:42:09; 1988; 725; 36.46; 1001.4558203125; 20.9716796875
2026-07-10; 17:43:09; 1978; 709; 36.5; 1001.49078125; 20.984375
2026-07-10; 17:44:09; 2003; 753; 36.46; 1001.4005859375; 20.9833984375
2026-07-10; 17:45:09; 2003; 753; 36.49; 1001.42; 20.99609375
2026-07-10; 17:46:09; 2003; 753; 36.48; 1001.51484375; 20.9951171875
2026-07-10; 17:47:09; 2019; 781; 36.47; 1001.416171875; 20.9599609375
2026-07-10; 17:48:09; 2030; 801; 36.46; 1001.408515625; 21.0302734375
2026-07-10; 17:49:09; 2036; 813; 36.49; 1001.447578125; 20.97265625
2026-07-10; 17:50:09; 2082; 886; 36.49; 1001.4003125; 21.0078125
2026-07-10; 17:51:09; 2092; 903; 36.5; 1001.4158984375; 20.9853515625
2026-07-10; 17:52:09; 2118; 960; 36.46; 1001.345390625; 21.017578125
2026-07-10; 17:53:09; 2110; 943; 36.48; 1001.4399609375; 20.9384765625
2026-07-10; 17:54:09; 2092; 903; 36.46; 1001.3533203125; 20.9599609375
2026-07-10; 17:55:09; 2100; 922; 36.47; 1001.333359375; 21.0068359375
2026-07-10; 17:56:09; 2118; 960; 36.51; 1001.4038671875; 20.9736328125
2026-07-10; 17:57:09; 2128; 981; 36.51; 1001.423515625; 20.9736328125
2026-07-10; 17:58:09; 2110; 943; 36.51; 1001.37625; 20.939453125
2026-07-10; 17:59:09; 2128; 981; 36.52; 1001.38390625; 20.9853515625
2026-07-10; 18:00:09; 2150; 1031; 36.5; 1001.4355859375; 20.99609375
2026-07-10; 18:01:09; 2158; 1048; 36.47; 1001.3691796875; 20.9833984375
2026-07-10; 18:02:09; 2150; 1031; 36.46; 1001.4005859375; 20.9833984375
2026-07-10; 18:03:09; 2150; 1031; 36.5; 1001.3803515625; 20.9736328125
2026-07-10; 18:04:09; 2138; 1005; 36.48; 1001.4399609375; 20.97265625
2026-07-10; 18:05:09; 2138; 1005; 36.51; 1001.4038671875; 20.927734375
2026-07-10; 18:06:09; 2118; 960; 36.48; 1001.4596484375; 20.92578125
2026-07-10; 18:07:09; 2118; 960; 36.46; 1001.4005859375; 20.9833984375
2026-07-10; 18:08:09; 2128; 981; 36.5; 1001.40796875; 20.9501953125
2026-07-10; 18:09:09; 2118; 960; 36.49; 1001.447578125; 20.9384765625
2026-07-10; 18:10:09; 2128; 981; 36.52; 1001.391796875; 20.939453125
2026-07-10; 18:11:09; 2138; 1005; 36.53; 1001.34421875; 20.9169921875
2026-07-10; 18:12:09; 2158; 1048; 36.52; 1001.38390625; 20.951171875
2026-07-10; 18:13:09; 2168; 1071; 36.53; 1001.399453125; 20.9404296875
2026-07-10; 18:14:09; 2178; 1093; 36.5; 1001.3606640625; 20.9384765625
2026-07-10; 18:15:09; 2187; 1111; 36.51; 1001.37625; 20.927734375
2026-07-10; 18:16:09; 2197; 1138; 36.5; 1001.3606640625; 20.9619140625
2026-07-10; 18:17:09; 2197; 1138; 36.48; 1001.3295703125; 20.9384765625
2026-07-10; 18:18:09; 2187; 1111; 36.49; 1001.3095703125; 20.9384765625
2026-07-10; 18:19:09; 2197; 1138; 36.47; 1001.3609765625; 20.9716796875
2026-07-10; 18:20:09; 2178; 1093; 36.5; 1001.3054296875; 20.916015625
2026-07-10; 18:21:09; 2178; 1093; 36.51; 1001.2855078125; 20.892578125
2026-07-10; 18:22:09; 2178; 1093; 36.46; 1001.29015625; 20.9248046875
2026-07-10; 18:23:09; 2178; 1093; 36.48; 1001.4044140625; 20.94921875
2026-07-10; 18:24:10; 2178; 1093; 36.51; 1001.2855078125; 20.892578125
2026-07-10; 18:25:10; 2206; 1157; 36.4; 1001.3426953125; 21.0380859375
2026-07-10; 18:26:10; 2206; 1157; 36.38; 1001.3667578125; 21.001953125
2026-07-10; 18:27:10; 2178; 1093; 36.45; 1001.3101171875; 20.9482421875
2026-07-10; 18:28:10; 2150; 1031; 36.49; 1001.3451171875; 20.822265625
2026-07-10; 18:29:10; 2110; 943; 36.52; 1001.38390625; 20.8583984375
2026-07-10; 18:30:10; 2128; 981; 36.42; 1001.3186328125; 20.935546875
2026-07-10; 18:31:10; 2118; 960; 36.49; 1001.3648046875; 20.833984375
2026-07-10; 18:32:10; 2118; 960; 36.48; 1001.3847265625; 20.845703125
2026-07-10; 18:33:10; 2138; 1005; 36.52; 1001.4391015625; 20.8701171875
2026-07-10; 18:34:10; 2158; 1048; 36.49; 1001.42; 20.9267578125
2026-07-10; 18:35:10; 2168; 1071; 36.47; 1001.44375; 20.9140625
2026-07-10; 18:36:10; 2150; 1031; 36.48; 1001.467578125; 20.833984375
2026-07-10; 18:37:10; 2150; 1031; 36.43; 1001.4091015625; 20.935546875
2026-07-10; 18:38:10; 2138; 1005; 36.47; 1001.3057421875; 20.7978515625
2026-07-10; 18:39:10; 2100; 922; 36.51; 1001.37625; 20.765625
2026-07-10; 18:40:10; 2092; 903; 36.53; 1001.4073828125; 20.7197265625
2026-07-10; 18:41:10; 2072; 868; 36.52; 1001.391796875; 20.7431640625
2026-07-10; 18:42:10; 2110; 943; 36.5; 1001.4355859375; 20.845703125
2026-07-10; 18:43:10; 2110; 943; 36.48; 1001.376796875; 20.740234375
2026-07-10; 18:44:10; 2118; 960; 36.38; 1001.4019921875; 20.8984375
2026-07-10; 18:45:10; 2138; 1005; 36.42; 1001.4487109375; 20.8427734375
2026-07-10; 18:46:10; 2128; 981; 36.46; 1001.3808984375; 20.775390625
2026-07-10; 18:47:10; 2118; 960; 36.49; 1001.372734375; 20.7294921875
2026-07-10; 18:48:10; 2118; 960; 36.43; 1001.464296875; 20.75
2026-07-10; 18:49:10; 2110; 943; 36.43; 1001.3894140625; 20.73828125
2026-07-10; 18:50:10; 2056; 836; 36.49; 1001.3451171875; 20.498046875
2026-07-10; 18:51:10; 1988; 725; 36.45; 1001.3653515625; 20.49609375
2026-07-10; 18:52:10; 2012; 767; 36.34; 1001.312109375; 20.8505859375
2026-07-10; 18:53:10; 2036; 813; 36.36; 1001.3156640625; 20.8046875
2026-07-10; 18:54:10; 2056; 836; 36.38; 1001.339140625; 20.748046875
2026-07-10; 18:55:10; 2019; 781; 36.38; 1001.346796875; 20.6435546875
2026-07-10; 18:56:10; 2012; 767; 36.43; 1001.3538671875; 20.6220703125
2026-07-10; 18:57:10; 2019; 781; 36.4; 1001.3703125; 20.69140625
2026-07-10; 18:58:10; 2003; 753; 36.41; 1001.3779296875; 20.5634765625
2026-07-10; 18:59:10; 2003; 753; 36.37; 1001.358828125; 20.6318359375
2026-07-10; 19:00:10; 2012; 767; 36.4; 1001.4255078125; 20.5986328125
2026-07-10; 19:01:10; 1962; 683; 36.43; 1001.3262890625; 20.564453125
2026-07-10; 19:02:10; 1994; 736; 36.29; 1001.3645703125; 20.6396484375
2026-07-10; 19:03:10; 1994; 736; 36.3; 1001.4077734375; 20.732421875
2026-07-10; 19:04:10; 1994; 736; 36.36; 1001.363203125; 20.515625
2026-07-10; 19:05:10; 1970; 694; 36.39; 1001.417578125; 20.5517578125
2026-07-10; 19:06:10; 1962; 683; 36.43; 1001.3538671875; 20.4716796875
2026-07-10; 19:07:11; 1945; 655; 36.46; 1001.3257421875; 20.404296875
2026-07-10; 19:08:11; 1945; 655; 36.44; 1001.39703125; 20.484375
2026-07-10; 19:09:11; 1945; 655; 36.45; 1001.3850390625; 20.4375
2026-07-10; 19:10:11; 1970; 694; 36.41; 1001.3503515625; 20.505859375
2026-07-10; 19:11:11; 1962; 683; 36.39; 1001.3623828125; 20.447265625
2026-07-10; 19:12:11; 1945; 655; 36.43; 1001.361796875; 20.298828125
2026-07-10; 19:13:11; 1945; 655; 36.38; 1001.4019921875; 20.4814453125
2026-07-10; 19:14:11; 1951; 665; 36.42; 1001.42109375; 20.42578125
2026-07-10; 19:15:11; 1970; 694; 36.38; 1001.374375; 20.4580078125
2026-07-10; 19:16:11; 1970; 694; 36.42; 1001.3383203125; 20.37890625
2026-07-10; 19:17:11; 1970; 694; 36.42; 1001.3383203125; 20.3212890625
2026-07-10; 19:18:11; 1970; 694; 36.42; 1001.42109375; 20.35546875
2026-07-10; 19:19:11; 1962; 683; 36.37; 1001.3787890625; 20.412109375
2026-07-10; 19:20:11; 1917; 611; 36.38; 1001.339140625; 20.16796875
2026-07-10; 19:21:11; 1917; 611; 36.38; 1001.421953125; 20.2724609375
2026-07-10; 19:22:11; 1945; 655; 36.38; 1001.394375; 20.412109375
2026-07-10; 19:23:11; 1994; 736; 36.35; 1001.4380859375; 20.4794921875
2026-07-10; 19:24:11; 2019; 781; 36.35; 1001.4105078125; 20.5029296875
2026-07-10; 19:25:11; 2012; 767; 36.29; 1001.427734375; 20.4541015625
2026-07-10; 19:26:11; 2003; 753; 36.36; 1001.370859375; 20.376953125
2026-07-10; 19:27:11; 1994; 736; 36.34; 1001.36734375; 20.3876953125
2026-07-10; 19:28:11; 1978; 709; 36.39; 1001.38234375; 20.3544921875
2026-07-10; 19:29:11; 1951; 665; 36.31; 1001.4033984375; 20.3046875
2026-07-10; 19:30:11; 1962; 683; 36.33; 1001.3716796875; 20.2939453125
2026-07-10; 19:31:11; 1945; 655; 36.38; 1001.3667578125; 20.1796875
2026-07-10; 19:32:11; 1951; 665; 36.33; 1001.406953125; 20.3173828125
2026-07-10; 19:33:11; 1935; 641; 36.3; 1001.3878125; 20.24609375
2026-07-10; 19:34:11; 1935; 641; 36.3; 1001.4905859375; 20.29296875
2026-07-10; 19:35:11; 1951; 665; 36.22; 1001.4643359375; 20.3583984375
2026-07-10; 19:36:11; 1935; 641; 36.24; 1001.3774609375; 20.185546875
2026-07-10; 19:37:11; 1917; 611; 36.22; 1001.3539453125; 20.32421875
2026-07-10; 19:38:11; 1930; 631; 36.14; 1001.4700390625; 20.0537109375
2026-07-10; 19:39:11; 1848; 513; 36.23; 1001.4170703125; 20.1162109375
2026-07-10; 19:40:11; 1777; 424; 36.3; 1001.4430078125; 19.794921875
2026-07-10; 19:41:11; 1735; 372; 36.33; 1001.4544921875; 19.7607421875
2026-07-10; 19:42:11; 1700; 338; 36.34; 1001.4501171875; 19.78515625
2026-07-10; 19:43:11; 1694; 332; 36.32; 1001.418984375; 19.8193359375
2026-07-10; 19:44:11; 1676; 314; 36.33; 1001.489765625; 19.7841796875
2026-07-10; 19:45:11; 1682; 321; 36.33; 1001.35171875; 19.853515625
2026-07-10; 19:46:11; 1757; 400; 36.19; 1001.4176171875; 20.16015625
2026-07-10; 19:47:11; 1784; 432; 36.17; 1001.3588671875; 20.08984375
2026-07-10; 19:48:11; 1806; 457; 36.23; 1001.4170703125; 19.98828125
2026-07-10; 19:49:11; 1798; 446; 36.27; 1001.479375; 19.86328125
2026-07-10; 19:50:12; 1798; 446; 36.28; 1001.5146484375; 19.86328125
2026-07-10; 19:51:12; 1813; 465; 36.28; 1001.439765625; 19.88671875
2026-07-10; 19:52:12; 1833; 493; 36.25; 1001.4758203125; 19.931640625
2026-07-10; 19:53:12; 1862; 532; 36.26; 1001.4637890625; 19.990234375
2026-07-10; 19:54:12; 1917; 611; 36.2; 1001.46078125; 20.033203125
2026-07-10; 19:55:12; 1917; 611; 36.22; 1001.539453125; 19.91796875
2026-07-10; 19:56:12; 1930; 631; 36.22; 1001.539453125; 19.94140625
2026-07-10; 19:57:12; 1920; 617; 36.24; 1001.467890625; 19.8271484375
2026-07-10; 19:58:12; 1917; 611; 36.27; 1001.5069921875; 19.81640625
2026-07-10; 19:59:12; 1902; 588; 36.27; 1001.5069921875; 19.630859375
2026-07-10; 20:00:12; 1894; 576; 36.27; 1001.4990234375; 19.7353515625
2026-07-10; 20:01:12; 1894; 576; 36.23; 1001.4170703125; 19.814453125
2026-07-10; 20:02:12; 1880; 555; 36.28; 1001.48703125; 19.7939453125
2026-07-10; 20:03:12; 1910; 599; 36.22; 1001.484296875; 19.779296875
2026-07-10; 20:04:12; 1930; 631; 36.21; 1001.4211328125; 19.7333984375
2026-07-10; 20:05:12; 1917; 611; 36.27; 1001.479375; 19.666015625
2026-07-10; 20:06:12; 1920; 617; 36.22; 1001.4291015625; 19.65234375
2026-07-10; 20:07:12; 1910; 599; 36.22; 1001.4367578125; 19.5830078125
2026-07-10; 20:08:12; 1910; 599; 36.24; 1001.43265625; 19.6181640625
2026-07-10; 20:09:12; 1902; 588; 36.16; 1001.335625; 19.591796875
2026-07-10; 20:10:12; 1887; 567; 36.14; 1001.394921875; 19.6259765625
2026-07-10; 20:11:12; 1887; 567; 36.13; 1001.4896875; 19.775390625
2026-07-10; 20:12:12; 1894; 576; 36.15; 1001.485625; 19.7880859375
2026-07-10; 20:13:12; 1887; 567; 36.11; 1001.4861328125; 19.6357421875
2026-07-10; 20:14:12; 1880; 555; 36.06; 1001.4358203125; 19.69140625
2026-07-10; 20:15:12; 1902; 588; 36.02; 1001.4641796875; 19.748046875
2026-07-10; 20:16:12; 1910; 599; 35.99; 1001.4726171875; 19.908203125
2026-07-10; 20:17:12; 1887; 567; 36.0; 1001.4330078125; 19.8623046875
2026-07-10; 20:18:12; 1862; 532; 35.99; 1001.417421875; 19.7578125
2026-07-10; 20:19:12; 1862; 532; 35.97; 1001.496328125; 19.74609375
2026-07-10; 20:20:12; 1848; 513; 35.97; 1001.4411328125; 19.67578125
2026-07-10; 20:21:12; 1880; 555; 35.92; 1001.4735546875; 19.7783203125
2026-07-10; 20:22:12; 1880; 555; 35.92; 1001.501171875; 19.7783203125
2026-07-10; 20:23:12; 1887; 567; 35.9; 1001.5055078125; 19.82421875
2026-07-10; 20:24:13; 1894; 576; 35.92; 1001.5091015625; 19.7431640625
2026-07-10; 20:25:13; 1887; 567; 35.94; 1001.5126953125; 19.6982421875
2026-07-10; 20:26:13; 1910; 599; 35.89; 1001.545078125; 19.7998046875
2026-07-10; 20:27:13; 1917; 611; 35.91; 1001.438359375; 19.708984375
2026-07-10; 20:28:13; 1917; 611; 35.93; 1001.544296875; 19.708984375
2026-07-10; 20:29:13; 1910; 599; 35.94; 1001.559921875; 19.6748046875
2026-07-10; 20:30:13; 1910; 599; 35.88; 1001.52953125; 19.6376953125
2026-07-10; 20:31:13; 1917; 611; 35.91; 1001.5131640625; 19.7431640625
2026-07-10; 20:32:13; 1930; 631; 35.85; 1001.5103125; 19.775390625
2026-07-10; 20:33:13; 1930; 631; 35.85; 1001.5023828125; 19.7626953125
2026-07-10; 20:34:13; 1930; 631; 35.87; 1001.5059765625; 19.6953125
2026-07-10; 20:35:13; 1917; 611; 35.86; 1001.5259375; 19.7177734375
2026-07-10; 20:36:13; 1894; 576; 35.83; 1001.50671875; 19.5078125
2026-07-10; 20:37:13; 1887; 567; 35.85; 1001.482734375; 19.740234375
2026-07-10; 20:38:13; 1887; 567; 35.83; 1001.561875; 19.693359375
2026-07-10; 20:39:13; 1894; 576; 35.82; 1001.4911328125; 19.658203125
2026-07-10; 20:40:13; 1910; 599; 35.78; 1001.5191796875; 19.830078125
2026-07-10; 20:41:13; 1894; 576; 35.79; 1001.5348046875; 19.8076171875
2026-07-10; 20:42:13; 1880; 555; 35.78; 1001.5391015625; 19.5869140625
2026-07-10; 20:43:13; 1880; 555; 35.78; 1001.5115234375; 19.64453125
2026-07-10; 20:44:13; 1880; 555; 35.81; 1001.4204296875; 19.5654296875
2026-07-10; 20:45:13; 1887; 567; 35.77; 1001.50359375; 19.5869140625
2026-07-10; 20:46:13; 1887; 567; 35.76; 1001.5710546875; 19.62109375
2026-07-10; 20:47:13; 1910; 599; 35.74; 1001.5319140625; 19.689453125
2026-07-10; 20:48:13; 1902; 588; 35.75; 1001.60265625; 19.6201171875
2026-07-10; 20:49:13; 1910; 599; 35.77; 1001.5511328125; 19.62109375
2026-07-10; 20:50:13; 1902; 588; 35.74; 1001.5950390625; 19.677734375
2026-07-10; 20:51:13; 1902; 588; 35.76; 1001.5630859375; 19.59765625
2026-07-10; 20:52:13; 1880; 555; 35.78; 1001.5391015625; 19.482421875
2026-07-10; 20:53:13; 1894; 576; 35.74; 1001.5870703125; 19.6083984375
2026-07-10; 20:54:14; 1902; 588; 35.71; 1001.5758203125; 19.607421875
2026-07-10; 20:55:14; 1910; 599; 35.68; 1001.6117578125; 19.5712890625
2026-07-10; 20:56:14; 1880; 555; 35.72; 1001.5558984375; 19.5263671875
2026-07-10; 20:57:14; 1862; 532; 35.76; 1001.681328125; 19.34375
2026-07-10; 20:58:14; 1853; 521; 35.73; 1001.54390625; 19.5966796875
2026-07-10; 20:59:14; 1880; 555; 35.73; 1001.571484375; 19.5849609375
2026-07-10; 21:00:14; 1887; 567; 35.72; 1001.59140625; 19.5732421875
2026-07-10; 21:01:14; 1902; 588; 35.74; 1001.6422265625; 19.5732421875
2026-07-10; 21:02:14; 1917; 611; 35.72; 1001.618984375; 19.5732421875
2026-07-10; 21:03:14; 1930; 631; 35.68; 1001.63140625; 19.6982421875
2026-07-10; 21:04:14; 1920; 617; 35.7; 1001.698125; 19.5947265625
2026-07-10; 21:05:14; 1920; 617; 35.71; 1001.70578125; 19.43359375
2026-07-10; 21:06:14; 1917; 611; 35.69; 1001.7021484375; 19.5830078125
2026-07-10; 21:07:14; 1887; 567; 35.73; 1001.7369140625; 19.4921875
2026-07-10; 21:08:14; 1894; 576; 35.71; 1001.7688671875; 19.4453125
2026-07-10; 21:09:14; 1887; 567; 35.71; 1001.7688671875; 19.43359375
2026-07-10; 21:10:14; 1887; 567; 35.72; 1001.7568359375; 19.365234375
2026-07-10; 21:11:14; 1902; 588; 35.66; 1001.7460546875; 19.58203125
2026-07-10; 21:12:14; 1887; 567; 35.7; 1001.8635546875; 19.4677734375
2026-07-10; 21:13:14; 1910; 599; 35.67; 1001.7616015625; 19.443359375
2026-07-10; 21:14:14; 1887; 567; 35.7; 1001.7532421875; 19.41015625
2026-07-10; 21:15:14; 1894; 576; 35.67; 1001.7616015625; 19.490234375
2026-07-10; 21:16:14; 1910; 599; 35.69; 1001.7297265625; 19.5595703125
2026-07-10; 21:17:14; 1920; 617; 35.7; 1001.7808203125; 19.560546875
2026-07-10; 21:18:14; 1951; 665; 35.68; 1001.749609375; 19.5478515625
2026-07-10; 21:19:14; 2003; 753; 35.6; 1001.7903125; 19.775390625
2026-07-10; 21:20:14; 2012; 767; 35.61; 1001.7583984375; 19.6728515625
2026-07-10; 21:21:14; 2003; 753; 35.63; 1001.754375; 19.453125
2026-07-10; 21:22:14; 1970; 694; 35.68; 1001.7771875; 19.4091796875
2026-07-10; 21:23:14; 1945; 655; 35.65; 1001.7855859375; 19.4306640625
2026-07-10; 21:24:15; 1945; 655; 35.63; 1001.8723046875; 19.4189453125
2026-07-10; 21:25:15; 1962; 683; 35.65; 1001.8407421875; 19.4306640625
2026-07-10; 21:26:15; 1988; 725; 35.61; 1001.8334765625; 19.6376953125
2026-07-10; 21:27:15; 2003; 753; 35.59; 1001.7746875; 19.66015625
2026-07-10; 21:28:15; 1994; 736; 35.63; 1001.80953125; 19.5341796875
2026-07-10; 21:29:15; 1994; 736; 35.59; 1001.857421875; 19.451171875
2026-07-10; 21:30:15; 1988; 725; 35.61; 1001.8334765625; 19.4873046875
2026-07-10; 21:31:15; 2012; 767; 35.59; 1001.857421875; 19.63671875
2026-07-10; 21:32:15; 2003; 753; 35.6; 1001.84546875; 19.5673828125
2026-07-10; 21:33:15; 1994; 736; 35.64; 1001.8802734375; 19.4072265625
2026-07-10; 21:34:15; 2003; 753; 35.62; 1001.884296875; 19.453125
2026-07-10; 21:35:15; 2003; 753; 35.61; 1001.8886328125; 19.580078125
2026-07-10; 21:36:15; 2012; 767; 35.62; 1001.8567578125; 19.580078125
2026-07-10; 21:37:15; 2003; 753; 35.63; 1001.9749609375; 19.5224609375
2026-07-10; 21:38:15; 2019; 781; 35.61; 1001.971328125; 19.580078125
2026-07-10; 21:39:15; 2019; 781; 35.59; 1001.885; 19.5556640625
2026-07-10; 21:40:15; 2030; 801; 35.61; 1001.9162109375; 19.4755859375
2026-07-10; 21:41:15; 2064; 849; 35.57; 1001.9640625; 19.6474609375
2026-07-10; 21:42:15; 2072; 868; 35.59; 1001.94015625; 19.6015625
2026-07-10; 21:43:15; 2100; 922; 35.56; 1002.038828125; 19.6123046875
2026-07-10; 21:44:15; 2100; 922; 35.44; 1002.01703125; 19.6416015625
2026-07-10; 21:45:15; 2056; 836; 35.55; 1001.9956640625; 19.4033203125
2026-07-10; 21:46:15; 2030; 801; 35.57; 1002.1019140625; 19.5546875
2026-07-10; 21:47:15; 2064; 849; 35.47; 1002.04421875; 19.5966796875
2026-07-10; 21:48:15; 2030; 801; 35.48; 1002.0873828125; 19.55078125
2026-07-10; 21:49:15; 2030; 801; 35.42; 1002.1588671875; 19.6181640625
2026-07-10; 21:50:15; 1988; 725; 35.43; 1002.174453125; 19.421875
2026-07-10; 21:51:15; 1951; 665; 35.47; 1002.174375; 19.4931640625
2026-07-10; 21:52:15; 1951; 665; 35.55; 1002.1258203125; 19.4150390625
2026-07-10; 21:53:15; 1994; 736; 35.5; 1002.1660546875; 19.4248046875
2026-07-10; 21:54:15; 2003; 753; 35.31; 1002.1525390625; 19.728515625
2026-07-10; 21:55:15; 1978; 709; 35.43; 1002.2219140625; 19.513671875
2026-07-10; 21:56:16; 1945; 655; 35.6; 1002.23140625; 19.34765625
2026-07-10; 21:57:16; 1970; 694; 35.59; 1002.2158203125; 19.486328125
2026-07-10; 21:58:16; 2003; 753; 35.47; 1002.2371484375; 19.6552734375
2026-07-10; 21:59:16; 2030; 801; 35.54; 1002.220546875; 19.5185546875
2026-07-10; 22:00:16; 2056; 836; 35.54; 1002.2833203125; 19.5771484375
2026-07-10; 22:01:16; 2072; 868; 35.58; 1002.23546875; 19.486328125
2026-07-10; 22:02:16; 2072; 868; 35.55; 1002.29125; 19.634765625
2026-07-10; 22:03:16; 2110; 943; 35.55; 1002.29890625; 19.634765625
2026-07-10; 22:04:16; 2110; 943; 35.52; 1002.2796875; 19.6220703125
2026-07-10; 22:05:16; 2118; 960; 35.54; 1002.33078125; 19.623046875
2026-07-10; 22:06:16; 2110; 943; 35.4; 1002.348125; 19.708984375
2026-07-10; 22:07:16; 2110; 943; 35.57; 1002.3576953125; 19.4853515625
2026-07-10; 22:08:16; 2118; 960; 35.55; 1002.34640625; 19.599609375
2026-07-10; 22:09:16; 2128; 981; 35.46; 1002.386640625; 19.677734375
2026-07-10; 22:10:16; 2150; 1031; 35.48; 1002.355390625; 19.677734375
2026-07-10; 22:11:16; 2150; 1031; 35.41; 1002.418828125; 19.6748046875
2026-07-10; 22:12:16; 2138; 1005; 35.5; 1002.3590234375; 19.6552734375
2026-07-10; 22:13:16; 2150; 1031; 35.43; 1002.47; 19.72265625
2026-07-10; 22:14:16; 2150; 1031; 35.48; 1002.4931640625; 19.677734375
2026-07-10; 22:15:16; 2150; 1031; 35.5; 1002.4416796875; 19.6552734375
2026-07-10; 22:16:16; 2158; 1048; 35.44; 1002.4855859375; 19.6875
2026-07-10; 22:17:16; 2158; 1048; 35.48; 1002.4733203125; 19.6904296875
2026-07-10; 22:18:16; 2168; 1071; 35.48; 1002.4931640625; 19.7587890625
2026-07-10; 22:19:16; 2168; 1071; 35.47; 1002.5602734375; 19.7470703125
2026-07-10; 22:20:16; 2178; 1093; 35.45; 1002.556328125; 19.7578125
2026-07-10; 22:21:16; 2178; 1093; 35.47; 1002.5602734375; 19.7822265625
2026-07-10; 22:22:16; 2158; 1048; 35.43; 1002.5526953125; 19.814453125
2026-07-10; 22:23:16; 2158; 1048; 35.47; 1002.6230859375; 19.7822265625
2026-07-10; 22:24:16; 2158; 1048; 35.49; 1002.48890625; 19.736328125
2026-07-10; 22:25:16; 2168; 1071; 35.39; 1002.5805859375; 19.859375
2026-07-10; 22:26:16; 2158; 1048; 35.35; 1002.60078125; 19.904296875
2026-07-10; 22:27:16; 2158; 1048; 35.35; 1002.5536328125; 19.869140625
2026-07-10; 22:28:16; 2138; 1005; 35.31; 1002.5658984375; 19.87890625
2026-07-10; 22:29:16; 2138; 1005; 35.32; 1002.61703125; 19.92578125
2026-07-10; 22:30:16; 2138; 1005; 35.3; 1002.5778515625; 19.9482421875
2026-07-10; 22:31:16; 2138; 1005; 35.37; 1002.5493359375; 19.8466796875
2026-07-10; 22:32:16; 2138; 1005; 35.31; 1002.546328125; 19.9599609375
2026-07-10; 22:33:16; 2138; 1005; 35.35; 1002.5732421875; 19.9267578125
2026-07-10; 22:34:16; 2138; 1005; 35.35; 1002.5732421875; 19.892578125
2026-07-10; 22:35:16; 2138; 1005; 35.42; 1002.59984375; 19.861328125
2026-07-10; 22:36:16; 2128; 981; 35.38; 1002.482265625; 19.9287109375
2026-07-10; 22:37:16; 2138; 1005; 35.38; 1002.564921875; 19.9052734375
2026-07-10; 22:38:16; 2138; 1005; 35.39; 1002.5729296875; 19.9287109375
2026-07-10; 22:39:17; 2150; 1031; 35.37; 1002.63203125; 19.951171875
2026-07-10; 22:40:17; 2158; 1048; 35.35; 1002.628359375; 19.9619140625
2026-07-10; 22:41:17; 2150; 1031; 35.41; 1002.6316796875; 19.9287109375
2026-07-10; 22:42:17; 2150; 1031; 35.42; 1002.7101171875; 19.9189453125
2026-07-10; 22:43:17; 2150; 1031; 35.39; 1002.718359375; 19.9638671875
2026-07-10; 22:44:17; 2150; 1031; 35.35; 1002.73859375; 20.01953125
2026-07-10; 22:45:17; 2150; 1031; 35.36; 1002.6991015625; 20.0078125
2026-07-10; 22:46:17; 2138; 1005; 35.34; 1002.6954296875; 20.0419921875
2026-07-10; 22:47:17; 2138; 1005; 35.36; 1002.734609375; 20.04296875
2026-07-10; 22:48:17; 2150; 1031; 35.35; 1002.6638671875; 20.0654296875
2026-07-10; 22:49:17; 2150; 1031; 35.35; 1002.73859375; 20.0888671875
2026-07-10; 22:50:17; 2150; 1031; 35.35; 1002.774140625; 20.0771484375
2026-07-10; 22:51:17; 2150; 1031; 35.36; 1002.726640625; 20.0771484375
2026-07-10; 22:52:17; 2150; 1031; 35.33; 1002.7980078125; 20.111328125
2026-07-10; 22:53:17; 2150; 1031; 35.4; 1002.789140625; 20.0908203125
2026-07-10; 22:54:17; 2138; 1005; 35.38; 1002.78546875; 20.125
2026-07-10; 22:55:17; 2118; 960; 35.34; 1002.841171875; 20.1806640625
2026-07-10; 22:56:17; 2100; 922; 35.46; 1002.82765625; 20.0703125
2026-07-10; 22:57:17; 2082; 886; 35.26; 1002.8736328125; 20.29296875
2026-07-10; 22:58:17; 2064; 849; 35.31; 1002.7587890625; 20.21484375
2026-07-10; 22:59:17; 2064; 849; 35.29; 1002.84578125; 20.236328125
2026-07-10; 23:00:17; 2056; 836; 35.25; 1002.885546875; 20.3037109375
2026-07-10; 23:01:17; 2036; 813; 35.21; 1002.81140625; 20.3603515625
2026-07-10; 23:02:17; 2030; 801; 35.3; 1002.8809765625; 20.3291015625
2026-07-10; 23:03:17; 2012; 767; 35.43; 1002.9109765625; 20.1845703125
2026-07-10; 23:04:17; 2003; 753; 35.33; 1002.9082421875; 20.3076171875
2026-07-10; 23:05:17; 2003; 753; 35.34; 1002.8607421875; 20.2841796875
2026-07-10; 23:06:17; 2019; 781; 35.3; 1002.8534375; 20.3408203125
2026-07-10; 23:07:17; 2030; 801; 35.4; 1002.9544921875; 20.2294921875
2026-07-10; 23:08:17; 2056; 836; 35.33; 1002.93578125; 20.3076171875
2026-07-10; 23:09:17; 2064; 849; 35.31; 1003.034375; 20.3642578125
2026-07-10; 23:10:17; 2064; 849; 35.31; 1002.979296875; 20.3876953125
2026-07-10; 23:11:17; 2064; 849; 35.36; 1002.9746875; 20.3544921875
2026-07-10; 23:12:17; 2036; 813; 35.36; 1003.0298046875; 20.4013671875
2026-07-10; 23:13:17; 2030; 801; 35.33; 1002.963359375; 20.388671875
2026-07-10; 23:14:17; 2019; 781; 35.28; 1002.9875; 20.490234375
2026-07-10; 23:15:17; 2019; 781; 35.26; 1002.983828125; 20.4892578125
2026-07-10; 23:16:17; 2036; 813; 35.28; 1003.015078125; 20.501953125
2026-07-10; 23:17:17; 2030; 801; 35.25; 1002.99578125; 20.5341796875
2026-07-10; 23:18:17; 2036; 813; 35.31; 1003.034375; 20.5263671875
2026-07-10; 23:19:17; 2036; 813; 35.29; 1003.0582421875; 20.5595703125
2026-07-10; 23:20:17; 2056; 836; 35.34; 1003.0537109375; 20.5390625
2026-07-10; 23:21:17; 2036; 813; 35.27; 1003.02703125; 20.6171875
2026-07-10; 23:22:18; 2056; 836; 35.31; 1003.0894921875; 20.5498046875
2026-07-10; 23:23:18; 2064; 849; 35.29; 1003.0582421875; 20.6064453125
2026-07-10; 23:24:18; 2056; 836; 35.35; 1003.096875; 20.5859375
2026-07-10; 23:25:18; 2030; 801; 35.29; 1003.113359375; 20.67578125
2026-07-10; 23:26:18; 2036; 813; 35.36; 1003.0573828125; 20.6201171875
2026-07-10; 23:27:18; 2030; 801; 35.28; 1003.152890625; 20.7099609375
2026-07-10; 23:28:18; 2030; 801; 35.27; 1003.145234375; 20.720703125
2026-07-10; 23:29:18; 2019; 781; 35.34; 1003.1443359375; 20.701171875
2026-07-11; 01:56:27; 400; 0; 34.36; 1003.6887109375; 23.2158203125
2026-07-11; 01:57:27; 400; 0; 34.33; 1003.677265625; 23.306640625
2026-07-11; 01:58:27; 403; 0; 34.47; 1003.621171875; 23.0947265625
2026-07-11; 01:59:27; 400; 0; 34.52; 1003.69171875; 23.07421875
2026-07-11; 02:00:27; 405; 0; 34.59; 1003.63609375; 22.9970703125
2026-07-11; 02:01:27; 405; 0; 34.4; 1003.64921875; 23.18359375
2026-07-11; 02:02:27; 405; 0; 34.56; 1003.6717578125; 23.0302734375
2026-07-11; 02:03:27; 402; 0; 34.29; 1003.6498828125; 23.28125
2026-07-11; 02:04:27; 400; 0; 34.55; 1003.593046875; 23.052734375
2026-07-11; 02:05:27; 400; 0; 34.44; 1003.6763671875; 23.162109375
2026-07-11; 02:06:27; 406; 0; 34.59; 1003.628125; 22.9970703125
2026-07-11; 02:07:27; 406; 0; 34.49; 1003.6998046875; 23.072265625
2026-07-11; 02:08:27; 406; 0; 34.58; 1003.6755078125; 23.01953125
2026-07-11; 02:09:27; 410; 1; 34.45; 1003.672421875; 23.140625
2026-07-11; 02:10:27; 415; 2; 34.43; 1003.688203125; 23.173828125
2026-07-11; 02:11:27; 418; 2; 34.25; 1003.662109375; 23.37109375
2026-07-11; 02:12:27; 421; 3; 34.47; 1003.641015625; 23.15234375
2026-07-11; 02:13:27; 418; 2; 34.66; 1003.6748828125; 22.9423828125
2026-07-11; 02:14:27; 418; 2; 34.56; 1003.726796875; 23.0302734375
2026-07-11; 02:15:27; 418; 2; 34.62; 1003.793125; 22.998046875
2026-07-11; 02:16:27; 415; 2; 34.55; 1003.7662109375; 23.0634765625
2026-07-11; 02:17:27; 418; 2; 34.45; 1003.7825390625; 23.12890625
2026-07-11; 02:18:27; 418; 2; 34.59; 1003.7462109375; 23.0205078125
2026-07-11; 02:19:27; 425; 3; 34.44; 1003.75890625; 23.1962890625
2026-07-11; 02:20:27; 432; 4; 34.48; 1003.7667578125; 23.2216796875
2026-07-11; 02:21:27; 435; 5; 34.64; 1003.7889453125; 22.98828125
2026-07-11; 02:22:27; 435; 5; 34.46; 1003.7706640625; 23.1865234375
2026-07-11; 02:23:27; 441; 6; 34.66; 1003.7575; 23.0
2026-07-11; 02:24:27; 441; 6; 34.53; 1003.7819921875; 23.1318359375
2026-07-11; 02:25:27; 439; 5; 34.53; 1003.762421875; 23.1201171875
2026-07-11; 02:26:27; 445; 6; 34.44; 1003.75890625; 23.25390625
2026-07-11; 02:27:27; 445; 6; 34.65; 1003.851953125; 23.068359375
2026-07-11; 02:28:27; 452; 7; 34.6; 1003.789375; 23.06640625
2026-07-11; 02:29:27; 452; 7; 34.53; 1003.8094921875; 23.1552734375
2026-07-11; 02:30:27; 459; 8; 34.54; 1003.7505859375; 23.14453125
2026-07-11; 02:31:27; 459; 8; 34.36; 1003.826328125; 23.3427734375
2026-07-11; 02:32:27; 463; 9; 34.42; 1003.7355859375; 23.2880859375
2026-07-11; 02:33:27; 470; 10; 34.38; 1003.7475390625; 23.34375
2026-07-11; 02:34:28; 476; 11; 34.5; 1003.8176171875; 23.234375
2026-07-11; 02:35:28; 480; 12; 34.53; 1003.726953125; 23.189453125
2026-07-11; 02:36:28; 482; 12; 34.54; 1003.6955078125; 23.15625
2026-07-11; 02:37:28; 493; 14; 34.56; 1003.726796875; 23.1337890625
2026-07-11; 02:38:28; 497; 14; 34.47; 1003.833671875; 23.2216796875
2026-07-11; 02:39:28; 506; 16; 34.66; 1003.820234375; 23.0810546875
2026-07-11; 02:40:28; 506; 16; 34.54; 1003.8055859375; 23.16796875
2026-07-11; 02:41:28; 514; 17; 34.35; 1003.8381640625; 23.3994140625
2026-07-11; 02:42:28; 514; 17; 34.44; 1003.8222265625; 23.3232421875
2026-07-11; 02:43:28; 526; 19; 34.22; 1003.8154296875; 23.53125
2026-07-11; 02:44:28; 531; 19; 34.43; 1003.880859375; 23.3466796875
2026-07-11; 02:45:28; 526; 19; 34.41; 1003.8575390625; 23.3798828125
2026-07-11; 02:46:28; 531; 19; 34.48; 1003.88453125; 23.3369140625
2026-07-11; 02:47:28; 543; 21; 34.49; 1003.809921875; 23.2802734375
2026-07-11; 02:48:28; 543; 21; 34.5; 1003.8176171875; 23.2802734375
2026-07-11; 02:49:28; 548; 22; 34.34; 1003.8305078125; 23.4677734375
2026-07-11; 02:50:28; 548; 22; 34.5; 1003.8530859375; 23.3154296875
2026-07-11; 02:51:28; 548; 22; 34.44; 1003.841484375; 23.380859375
2026-07-11; 02:52:28; 548; 22; 34.5; 1003.8255859375; 23.3037109375
2026-07-11; 02:53:28; 548; 22; 34.53; 1003.7819921875; 23.29296875
2026-07-11; 02:54:28; 548; 22; 34.52; 1003.8293359375; 23.328125
2026-07-11; 02:55:28; 548; 22; 34.51; 1003.805703125; 23.337890625
2026-07-11; 02:56:28; 548; 22; 34.55; 1003.82125; 23.248046875
2026-07-11; 02:57:28; 548; 22; 34.49; 1003.809921875; 23.3955078125
2026-07-11; 02:58:28; 553; 23; 34.52; 1003.8018359375; 23.328125
2026-07-11; 02:59:28; 553; 23; 34.48; 1003.8493359375; 23.3828125
2026-07-11; 03:00:28; 553; 23; 34.35; 1003.818671875; 23.5146484375
2026-07-11; 03:01:28; 553; 23; 34.45; 1003.829921875; 23.427734375
2026-07-11; 03:02:28; 553; 23; 34.47; 1003.806171875; 23.4169921875
2026-07-11; 03:03:28; 553; 23; 34.46; 1003.76296875; 23.3935546875
2026-07-11; 03:04:28; 560; 24; 34.54; 1003.778046875; 23.3408203125
2026-07-11; 03:05:28; 553; 23; 34.53; 1003.8175; 23.328125
2026-07-11; 03:06:28; 548; 22; 34.35; 1003.873671875; 23.560546875
2026-07-11; 03:07:28; 543; 21; 34.61; 1003.8601171875; 23.275390625
2026-07-11; 03:08:28; 543; 21; 34.61; 1003.9151171875; 23.275390625
2026-07-11; 03:09:28; 536; 20; 34.44; 1003.8497265625; 23.4501953125
2026-07-11; 03:10:28; 536; 20; 34.33; 1003.8423828125; 23.62890625
2026-07-11; 03:11:28; 531; 19; 34.43; 1003.908359375; 23.51953125
2026-07-11; 03:12:28; 531; 19; 34.53; 1003.927578125; 23.419921875
2026-07-11; 03:13:28; 526; 19; 34.52; 1003.931484375; 23.4423828125
2026-07-11; 03:14:28; 526; 19; 34.5; 1003.90015625; 23.4306640625
2026-07-11; 03:15:28; 526; 19; 34.42; 1003.8731640625; 23.5302734375
2026-07-11; 03:16:29; 526; 19; 34.46; 1003.8730859375; 23.498046875
2026-07-11; 03:17:29; 526; 19; 34.33; 1003.8698828125; 23.5712890625
2026-07-11; 03:18:29; 531; 19; 34.26; 1003.870390625; 23.740234375
2026-07-11; 03:19:29; 531; 19; 34.43; 1003.908359375; 23.5654296875
2026-07-11; 03:20:29; 536; 20; 34.45; 1003.8651171875; 23.5439453125
2026-07-11; 03:21:29; 536; 20; 34.28; 1003.936875; 23.6953125
2026-07-11; 03:22:29; 536; 20; 34.4; 1003.9164453125; 23.609375
2026-07-11; 03:23:29; 536; 20; 34.21; 1003.9098046875; 23.830078125
2026-07-11; 03:24:29; 531; 19; 34.47; 1003.91625; 23.5556640625
2026-07-11; 03:25:29; 526; 19; 34.38; 1003.865625; 23.677734375
2026-07-11; 03:26:29; 526; 19; 34.37; 1003.8499609375; 23.6767578125
2026-07-11; 03:27:29; 514; 17; 34.33; 1003.8973828125; 23.7099609375
2026-07-11; 03:28:29; 514; 17; 34.36; 1003.8618359375; 23.6884765625
2026-07-11; 03:29:29; 514; 17; 34.36; 1003.96390625; 23.74609375
2026-07-11; 03:30:29; 514; 17; 34.29; 1003.8623046875; 23.8115234375
2026-07-11; 03:31:29; 506; 16; 34.35; 1003.94828125; 23.767578125
2026-07-11; 03:32:29; 497; 14; 34.42; 1003.9832421875; 23.6689453125
2026-07-11; 03:33:29; 497; 14; 34.45; 1003.9124609375; 23.6357421875
2026-07-11; 03:34:29; 502; 15; 34.46; 1003.9556640625; 23.6474609375
2026-07-11; 03:35:29; 497; 14; 34.39; 1003.963828125; 23.677734375
2026-07-11; 03:36:29; 497; 14; 34.42; 1003.9477734375; 23.69140625
2026-07-11; 03:37:29; 497; 14; 34.46; 1003.90828125; 23.6357421875
2026-07-11; 03:38:29; 493; 14; 34.48; 1003.959453125; 23.6025390625
2026-07-11; 03:39:29; 487; 13; 34.32; 1003.909296875; 23.7900390625
2026-07-11; 03:40:29; 480; 12; 34.41; 1003.8850390625; 23.759765625
2026-07-11; 03:41:29; 480; 12; 34.43; 1003.908359375; 23.73828125
2026-07-11; 03:42:29; 476; 11; 34.59; 1003.9033984375; 23.52734375
2026-07-11; 03:43:29; 463; 9; 34.55; 1003.9233984375; 23.62890625
2026-07-11; 03:44:29; 463; 9; 34.36; 1003.971875; 23.8037109375
2026-07-11; 03:45:29; 459; 8; 34.17; 1003.9376953125; 24.0126953125
2026-07-11; 03:46:29; 455; 8; 34.39; 1003.9008203125; 23.79296875
2026-07-11; 03:47:29; 452; 7; 34.36; 1003.9088671875; 23.861328125
2026-07-11; 03:48:29; 452; 7; 34.37; 1003.92453125; 23.849609375
2026-07-11; 03:49:29; 452; 7; 34.31; 1003.9211328125; 23.927734375
2026-07-11; 03:50:29; 445; 6; 34.31; 1003.956328125; 23.927734375
2026-07-11; 03:51:29; 443; 6; 34.25; 1003.944921875; 23.947265625
2026-07-11; 03:52:29; 443; 6; 34.33; 1003.98765625; 23.90625
2026-07-11; 03:53:29; 439; 5; 34.36; 1003.9994140625; 23.884765625
2026-07-11; 03:54:29; 434; 5; 34.29; 1003.9998828125; 23.984375
2026-07-11; 03:55:29; 434; 5; 34.38; 1004.08578125; 23.8974609375
2026-07-11; 03:56:29; 434; 5; 34.26; 1004.03546875; 24.0283203125
2026-07-11; 03:57:29; 428; 4; 34.22; 1004.0278515625; 24.072265625
2026-07-11; 03:58:29; 424; 3; 34.32; 1004.0269921875; 23.962890625
2026-07-11; 03:59:30; 424; 3; 34.38; 1003.9676953125; 23.9423828125
2026-07-11; 04:00:30; 424; 3; 34.29; 1004.0548828125; 24.0419921875
2026-07-11; 04:01:30; 420; 3; 34.21; 1004.0198828125; 24.1181640625
2026-07-11; 04:02:30; 424; 3; 34.25; 1004.0473046875; 24.1083984375
2026-07-11; 04:03:30; 420; 3; 34.34; 1004.0506640625; 24.009765625
2026-07-11; 04:04:30; 417; 2; 34.27; 1004.0312890625; 24.029296875
2026-07-11; 04:05:30; 417; 2; 34.41; 1004.0421875; 23.91015625
2026-07-11; 04:06:30; 420; 3; 34.35; 1004.0662890625; 23.9638671875
2026-07-11; 04:07:30; 417; 2; 34.31; 1004.06640625; 24.04296875
2026-07-11; 04:08:30; 417; 2; 34.35; 1004.0112890625; 23.9990234375
2026-07-11; 04:09:30; 417; 2; 34.35; 1004.0387890625; 24.021484375
2026-07-11; 04:10:30; 417; 2; 34.32; 1004.08203125; 24.0322265625
2026-07-11; 04:11:30; 417; 2; 34.22; 1004.082890625; 24.1533203125
2026-07-11; 04:12:30; 414; 2; 34.25; 1004.0825; 24.142578125
2026-07-11; 04:13:30; 414; 2; 34.27; 1004.0862890625; 24.1328125
2026-07-11; 04:14:30; 414; 2; 34.26; 1004.043125; 24.109375
2026-07-11; 04:15:30; 409; 1; 34.2; 1004.0515625; 24.1865234375
2026-07-11; 04:16:30; 409; 1; 34.26; 1004.09046875; 24.1435546875
2026-07-11; 04:17:30; 409; 1; 34.17; 1004.122578125; 24.2431640625
2026-07-11; 04:18:30; 409; 1; 34.3; 1004.043046875; 24.1220703125
2026-07-11; 04:19:30; 409; 1; 34.31; 1004.1489453125; 24.1005859375
2026-07-11; 04:20:30; 414; 2; 34.37; 1004.1446875; 24.0341796875
2026-07-11; 04:21:30; 414; 2; 34.28; 1004.176796875; 24.12109375
2026-07-11; 04:22:30; 414; 2; 34.35; 1004.1683984375; 24.0439453125
2026-07-11; 04:23:30; 414; 2; 34.35; 1004.1683984375; 24.0439453125
2026-07-11; 04:24:30; 414; 2; 34.18; 1004.11046875; 24.27734375
2026-07-11; 04:25:30; 414; 2; 34.16; 1004.1619140625; 24.2998046875
2026-07-11; 04:26:30; 414; 2; 34.31; 1004.09390625; 24.158203125
2026-07-11; 04:27:30; 414; 2; 34.19; 1004.2086328125; 24.3017578125
2026-07-11; 04:28:30; 414; 2; 34.24; 1004.19671875; 24.2236328125
2026-07-11; 04:29:30; 417; 2; 34.24; 1004.22421875; 24.234375
2026-07-11; 04:30:30; 417; 2; 34.19; 1004.1536328125; 24.2900390625
2026-07-11; 04:31:30; 417; 2; 34.24; 1004.2044140625; 24.2578125
2026-07-11; 04:32:30; 417; 2; 34.24; 1004.2319140625; 24.26953125
2026-07-11; 04:33:30; 414; 2; 34.25; 1004.220078125; 24.2353515625
2026-07-11; 04:34:30; 414; 2; 34.28; 1004.149296875; 24.2021484375
2026-07-11; 04:35:30; 417; 2; 34.21; 1004.157421875; 24.267578125
2026-07-11; 04:36:30; 414; 2; 34.25; 1004.1573828125; 24.2578125
2026-07-11; 04:37:30; 409; 1; 34.23; 1004.18875; 24.2919921875
2026-07-11; 04:38:30; 409; 1; 34.2; 1004.1692578125; 24.3134765625
2026-07-11; 04:39:30; 417; 2; 34.18; 1004.1379296875; 24.3466796875
2026-07-11; 04:40:30; 414; 2; 34.25; 1004.1375390625; 24.28125
2026-07-11; 04:41:30; 417; 2; 34.19; 1004.2086328125; 24.32421875
2026-07-11; 04:42:31; 417; 2; 34.33; 1004.2077734375; 24.1943359375
2026-07-11; 04:43:31; 417; 2; 34.32; 1004.1294140625; 24.2275390625
2026-07-11; 04:44:31; 417; 2; 34.13; 1004.1699609375; 24.37890625
2026-07-11; 04:45:31; 417; 2; 34.21; 1004.239921875; 24.3134765625
2026-07-11; 04:46:31; 420; 3; 34.25; 1004.275078125; 24.29296875
2026-07-11; 04:47:31; 420; 3; 34.18; 1004.3030078125; 24.404296875
2026-07-11; 04:48:31; 424; 3; 34.31; 1004.36140625; 24.28515625
2026-07-11; 04:49:31; 424; 3; 34.16; 1004.2719921875; 24.4267578125
2026-07-11; 04:50:31; 424; 3; 34.06; 1004.3078515625; 24.5703125
2026-07-11; 04:51:31; 420; 3; 33.98; 1004.382734375; 24.669921875
2026-07-11; 04:52:31; 420; 3; 34.12; 1004.319375; 24.4814453125
2026-07-11; 04:53:31; 424; 3; 34.06; 1004.3353515625; 24.58203125
2026-07-11; 04:54:31; 424; 3; 34.1; 1004.315546875; 24.5146484375
2026-07-11; 04:55:31; 424; 3; 34.2; 1004.299140625; 24.4169921875
2026-07-11; 04:56:31; 428; 4; 34.23; 1004.27125; 24.3603515625
2026-07-11; 04:57:31; 428; 4; 34.26; 1004.2830859375; 24.31640625
2026-07-11; 04:58:31; 424; 3; 34.21; 1004.3148046875; 24.39453125
2026-07-11; 04:59:31; 428; 4; 34.17; 1004.3228125; 24.4384765625
2026-07-11; 05:00:31; 428; 4; 34.25; 1004.275078125; 24.3271484375
2026-07-11; 05:01:31; 428; 4; 34.15; 1004.311328125; 24.44921875
2026-07-11; 05:02:31; 434; 5; 34.13; 1004.3426953125; 24.494140625
2026-07-11; 05:03:31; 439; 5; 34.08; 1004.36671875; 24.560546875
2026-07-11; 05:04:31; 439; 5; 33.78; 1004.2969921875; 24.923828125
2026-07-11; 05:05:31; 439; 5; 34.07; 1004.3235546875; 24.62890625
2026-07-11; 05:06:31; 439; 5; 34.01; 1004.3197265625; 24.66015625
2026-07-11; 05:07:31; 439; 5; 34.0; 1004.3395703125; 24.6708984375
2026-07-11; 05:08:31; 439; 5; 33.99; 1004.3983984375; 24.693359375
2026-07-11; 05:09:31; 439; 5; 34.01; 1004.3276953125; 24.6953125
2026-07-11; 05:10:31; 443; 6; 34.06; 1004.288046875; 24.5830078125
2026-07-11; 05:11:31; 443; 6; 34.0; 1004.3395703125; 24.6708984375
2026-07-11; 05:12:31; 445; 6; 34.2; 1004.326640625; 24.462890625
2026-07-11; 05:13:31; 439; 5; 34.13; 1004.397734375; 24.505859375
2026-07-11; 05:14:31; 434; 5; 34.05; 1004.3747265625; 24.650390625
2026-07-11; 05:15:31; 434; 5; 34.01; 1004.4022265625; 24.68359375
2026-07-11; 05:16:31; 434; 5; 34.0; 1004.36703125; 24.6826171875
2026-07-11; 05:17:31; 434; 5; 34.09; 1004.4098828125; 24.5947265625
2026-07-11; 05:18:31; 434; 5; 34.15; 1004.3938671875; 24.541015625
2026-07-11; 05:19:31; 428; 4; 34.05; 1004.464921875; 24.638671875
2026-07-11; 05:20:31; 424; 3; 34.13; 1004.397734375; 24.5517578125
2026-07-11; 05:21:31; 420; 3; 34.16; 1004.43703125; 24.552734375
2026-07-11; 05:22:31; 420; 3; 34.08; 1004.484453125; 24.6064453125
2026-07-11; 05:23:31; 417; 2; 34.01; 1004.4297265625; 24.7060546875
2026-07-11; 05:24:31; 417; 2; 34.17; 1004.5076953125; 24.51953125
2026-07-11; 05:25:32; 420; 3; 34.1; 1004.4805859375; 24.607421875
2026-07-11; 05:26:32; 420; 3; 33.96; 1004.524375; 24.7724609375
2026-07-11; 05:27:32; 417; 2; 34.01; 1004.4572265625; 24.7060546875
2026-07-11; 05:28:32; 417; 2; 34.02; 1004.4179296875; 24.7177734375
2026-07-11; 05:29:32; 417; 2; 33.96; 1004.4969140625; 24.7724609375
2026-07-11; 05:30:32; 417; 2; 33.93; 1004.524375; 24.8056640625
2026-07-11; 05:31:32; 409; 1; 33.93; 1004.5048828125; 24.828125
2026-07-11; 05:32:32; 414; 2; 33.95; 1004.5087109375; 24.783203125
2026-07-11; 05:33:32; 414; 2; 33.87; 1004.556015625; 24.90625
2026-07-11; 05:34:32; 414; 2; 33.98; 1004.5282421875; 24.7626953125
2026-07-11; 05:35:32; 414; 2; 34.06; 1004.5554296875; 24.6630859375
2026-07-11; 05:36:32; 414; 2; 33.88; 1004.5087109375; 24.8720703125
2026-07-11; 05:37:32; 414; 2; 33.97; 1004.5870703125; 24.7734375
2026-07-11; 05:38:32; 414; 2; 33.95; 1004.6107421875; 24.759765625
2026-07-11; 05:39:32; 417; 2; 33.96; 1004.524375; 24.7724609375
2026-07-11; 05:40:32; 417; 2; 33.96; 1004.579375; 24.7607421875
2026-07-11; 05:41:32; 414; 2; 34.05; 1004.492421875; 24.673828125
2026-07-11; 05:42:32; 420; 3; 34.02; 1004.6104296875; 24.68359375
2026-07-11; 05:43:32; 417; 2; 33.97; 1004.595078125; 24.75
2026-07-11; 05:44:32; 414; 2; 33.89; 1004.64234375; 24.8037109375
2026-07-11; 05:45:32; 417; 2; 34.09; 1004.6024609375; 24.5947265625
2026-07-11; 05:46:32; 417; 2; 34.06; 1004.6104296875; 24.6513671875
2026-07-11; 05:47:32; 417; 2; 34.08; 1004.5867578125; 24.62890625
2026-07-11; 05:48:32; 420; 3; 34.09; 1004.629921875; 24.6064453125
2026-07-11; 05:49:32; 420; 3; 33.96; 1004.59890625; 24.7607421875
2026-07-11; 05:50:32; 420; 3; 34.04; 1004.641796875; 24.6728515625
2026-07-11; 05:51:32; 417; 2; 33.98; 1004.6657421875; 24.705078125
2026-07-11; 05:52:32; 420; 3; 33.85; 1004.6346484375; 24.87109375
2026-07-11; 05:53:32; 417; 2; 33.9; 1004.567578125; 24.8037109375
2026-07-11; 05:54:32; 420; 3; 33.94; 1004.6775390625; 24.8173828125
2026-07-11; 05:55:32; 417; 2; 33.97; 1004.595078125; 24.75
2026-07-11; 05:56:32; 420; 3; 33.84; 1004.618984375; 24.880859375
2026-07-11; 05:57:32; 424; 3; 33.94; 1004.6500390625; 24.759765625
2026-07-11; 05:58:32; 424; 3; 33.94; 1004.713046875; 24.783203125
2026-07-11; 05:59:32; 420; 3; 34.0; 1004.6420703125; 24.716796875
2026-07-11; 06:00:32; 420; 3; 33.73; 1004.6741796875; 25.013671875
2026-07-11; 06:01:32; 420; 3; 33.86; 1004.6503515625; 24.84765625
2026-07-11; 06:02:32; 417; 2; 33.88; 1004.646171875; 24.8486328125
2026-07-11; 06:03:32; 414; 2; 34.03; 1004.771640625; 24.662109375
2026-07-11; 06:04:32; 414; 2; 34.01; 1004.6302734375; 24.671875
2026-07-11; 06:05:32; 414; 2; 33.93; 1004.634375; 24.7822265625
2026-07-11; 06:06:32; 409; 1; 34.05; 1004.622265625; 24.638671875
2026-07-11; 06:07:32; 409; 1; 33.98; 1004.555703125; 24.7275390625
2026-07-11; 06:08:33; 414; 2; 33.88; 1004.5637109375; 24.8251953125
2026-07-11; 06:09:33; 409; 1; 33.92; 1004.5637109375; 24.79296875
2026-07-11; 06:10:33; 409; 1; 33.92; 1004.5716796875; 24.7705078125
2026-07-11; 06:11:33; 405; 0; 33.78; 1004.6269140625; 24.9814453125
2026-07-11; 06:12:33; 402; 0; 33.84; 1004.6109765625; 24.892578125
2026-07-11; 06:13:33; 405; 0; 33.82; 1004.662109375; 24.92578125
2026-07-11; 06:14:33; 405; 0; 33.88; 1004.618671875; 24.8720703125
2026-07-11; 06:15:33; 403; 0; 33.81; 1004.626953125; 24.92578125
2026-07-11; 06:16:33; 403; 0; 33.79; 1004.6505859375; 24.958984375
2026-07-11; 06:17:33; 403; 0; 33.79; 1004.670078125; 24.958984375
2026-07-11; 06:18:33; 408; 1; 33.82; 1004.662109375; 24.9375
2026-07-11; 06:19:33; 408; 1; 33.77; 1004.7487109375; 25.0380859375
2026-07-11; 06:20:33; 408; 1; 33.92; 1004.7012109375; 24.78125
2026-07-11; 06:21:33; 408; 1; 33.89; 1004.744375; 24.837890625
2026-07-11; 06:22:33; 408; 1; 33.91; 1004.7130078125; 24.8037109375
2026-07-11; 06:23:33; 408; 1; 33.94; 1004.705078125; 24.759765625
2026-07-11; 06:24:33; 408; 1; 33.9; 1004.7325390625; 24.8505859375
2026-07-11; 06:25:33; 410; 1; 33.92; 1004.6816796875; 24.7939453125
2026-07-11; 06:26:33; 410; 1; 33.84; 1004.7209765625; 24.8349609375
2026-07-11; 06:27:33; 410; 1; 33.88; 1004.7366796875; 24.8369140625
2026-07-11; 06:28:33; 410; 1; 33.73; 1004.729140625; 25.025390625
2026-07-11; 06:29:33; 410; 1; 33.83; 1004.7327734375; 24.9150390625
2026-07-11; 06:30:33; 408; 1; 33.82; 1004.7526171875; 24.9033203125
2026-07-11; 06:31:33; 408; 1; 33.95; 1004.7757421875; 24.783203125
2026-07-11; 06:32:33; 408; 1; 33.83; 1004.76828125; 24.892578125
2026-07-11; 06:33:33; 403; 0; 33.79; 1004.788046875; 24.9814453125
2026-07-11; 06:34:33; 408; 1; 33.86; 1004.7603125; 24.87109375
2026-07-11; 06:35:33; 408; 1; 33.97; 1004.787578125; 24.76171875
2026-07-11; 06:36:33; 408; 1; 33.95; 1004.7757421875; 24.783203125
2026-07-11; 06:37:33; 408; 1; 33.93; 1004.8898828125; 24.7822265625
2026-07-11; 06:38:33; 410; 1; 33.96; 1004.87390625; 24.7724609375
2026-07-11; 06:39:33; 410; 1; 33.94; 1004.823046875; 24.783203125
2026-07-11; 06:40:33; 410; 1; 33.95; 1004.78375; 24.759765625
2026-07-11; 06:41:33; 418; 2; 33.93; 1004.8623828125; 24.7822265625
2026-07-11; 06:42:33; 418; 2; 33.93; 1004.8623828125; 24.7939453125
2026-07-11; 06:43:33; 426; 3; 33.95; 1004.8387109375; 24.7373046875
2026-07-11; 06:44:33; 423; 3; 33.98; 1004.8777734375; 24.7275390625
2026-07-11; 06:45:33; 423; 3; 33.95; 1004.8662109375; 24.759765625
2026-07-11; 06:46:33; 426; 3; 33.9; 1004.8700390625; 24.8388671875
2026-07-11; 06:47:33; 428; 4; 33.92; 1004.84671875; 24.828125
2026-07-11; 06:48:33; 435; 5; 33.92; 1004.84671875; 24.828125
2026-07-11; 06:49:33; 441; 6; 33.92; 1004.84671875; 24.8515625
2026-07-11; 06:50:33; 444; 6; 33.94; 1004.905546875; 24.794921875
2026-07-11; 06:51:34; 448; 7; 33.96; 1004.8544140625; 24.73828125
2026-07-11; 06:52:34; 448; 7; 33.97; 1004.917109375; 24.73828125
2026-07-11; 06:53:34; 452; 7; 33.98; 1004.91328125; 24.7275390625
2026-07-11; 06:54:34; 452; 7; 33.99; 1004.9014453125; 24.716796875
2026-07-11; 06:55:34; 462; 9; 34.0; 1004.944609375; 24.728515625
2026-07-11; 06:56:34; 464; 9; 33.98; 1004.9602734375; 24.75
2026-07-11; 06:57:34; 464; 9; 34.0; 1004.964140625; 24.728515625
2026-07-11; 06:58:34; 470; 10; 34.0; 1004.972109375; 24.728515625
2026-07-11; 06:59:34; 470; 10; 34.05; 1005.0425390625; 24.673828125
2026-07-11; 07:00:34; 470; 10; 34.03; 1005.0466796875; 24.6728515625
2026-07-11; 07:01:34; 464; 9; 34.09; 1004.9600390625; 24.6181640625
2026-07-11; 07:02:34; 464; 9; 34.13; 1004.967734375; 24.5517578125
2026-07-11; 07:03:34; 481; 12; 34.13; 1005.050234375; 24.5517578125
2026-07-11; 07:04:34; 476; 11; 34.15; 1004.9990625; 24.541015625
2026-07-11; 07:05:34; 476; 11; 34.17; 1005.0579296875; 24.484375
2026-07-11; 07:06:34; 476; 11; 34.17; 1005.038125; 24.4736328125
2026-07-11; 07:07:34; 476; 11; 34.27; 1005.1043359375; 24.375
2026-07-11; 07:08:34; 464; 9; 34.26; 1005.0809765625; 24.3740234375
2026-07-11; 07:09:34; 448; 7; 34.41; 1005.1155078125; 24.1982421875
2026-07-11; 07:10:34; 462; 9; 34.36; 1005.0921875; 24.2529296875
2026-07-11; 07:11:34; 441; 6; 34.48; 1005.087890625; 24.09765625
2026-07-11; 07:12:34; 428; 4; 34.51; 1005.07984375; 24.064453125
2026-07-11; 07:13:34; 428; 4; 34.49; 1005.048515625; 24.0634765625
2026-07-11; 07:14:34; 418; 2; 34.54; 1005.063828125; 24.0205078125
2026-07-11; 07:15:34; 414; 2; 34.55; 1005.1150390625; 23.9970703125
2026-07-11; 07:16:34; 410; 1; 34.6; 1005.1027734375; 23.9423828125
2026-07-11; 07:17:34; 408; 1; 34.62; 1005.1145703125; 23.9326171875
2026-07-11; 07:18:34; 403; 0; 34.61; 1005.1264453125; 23.8974609375
2026-07-11; 07:19:34; 400; 0; 34.68; 1005.0629296875; 23.84375
2026-07-11; 07:20:34; 407; 1; 34.67; 1005.157421875; 23.865234375
2026-07-11; 07:21:34; 400; 0; 34.72; 1005.11765625; 23.787109375
2026-07-11; 07:22:34; 424; 3; 34.65; 1005.12609375; 23.853515625
2026-07-11; 07:23:34; 427; 4; 34.67; 1005.157421875; 23.8076171875
2026-07-11; 07:24:34; 424; 3; 34.68; 1005.1730859375; 23.8203125
2026-07-11; 07:25:34; 409; 1; 34.72; 1005.0350390625; 23.775390625
2026-07-11; 07:26:34; 400; 0; 34.71; 1005.082421875; 23.787109375
2026-07-11; 07:27:34; 400; 0; 34.71; 1005.02734375; 23.787109375
2026-07-11; 07:28:34; 416; 2; 34.72; 1005.0980859375; 23.7646484375
2026-07-11; 07:29:34; 402; 0; 34.75; 1005.0269921875; 23.7431640625
2026-07-11; 07:30:34; 400; 0; 34.75; 1005.0625; 23.732421875
2026-07-11; 07:31:34; 400; 0; 34.77; 1005.0583203125; 23.720703125
2026-07-11; 07:32:34; 400; 0; 34.74; 1005.038828125; 23.73046875
2026-07-11; 07:33:34; 407; 1; 34.83; 1005.1170703125; 23.6318359375
2026-07-11; 07:34:35; 407; 1; 34.84; 1005.022578125; 23.6552734375
2026-07-11; 07:35:35; 407; 1; 34.8; 1005.0777734375; 23.6875
2026-07-11; 07:36:35; 403; 0; 34.84; 1005.0853515625; 23.6552734375
2026-07-11; 07:37:35; 408; 1; 34.86; 1005.05390625; 23.6328125
2026-07-11; 07:38:35; 403; 0; 34.83; 1005.124765625; 23.666015625
2026-07-11; 07:39:35; 400; 0; 34.84; 1005.030234375; 23.64453125
2026-07-11; 07:40:35; 402; 0; 34.85; 1005.1483984375; 23.6552734375
2026-07-11; 07:41:35; 402; 0; 34.83; 1005.0972265625; 23.689453125
2026-07-11; 07:42:35; 406; 0; 34.87; 1005.077265625; 23.6220703125
2026-07-11; 07:43:35; 414; 2; 34.88; 1005.03015625; 23.6337890625
2026-07-11; 07:44:35; 417; 2; 34.87; 1005.13234375; 23.6337890625
2026-07-11; 07:45:35; 400; 0; 34.91; 1005.08484375; 23.5791015625
2026-07-11; 07:46:35; 400; 0; 34.96; 1005.0455859375; 23.546875
2026-07-11; 07:47:35; 409; 1; 34.94; 1005.0886328125; 23.580078125
2026-07-11; 07:48:35; 422; 3; 34.96; 1005.1750390625; 23.5576171875
2026-07-11; 07:49:35; 422; 3; 34.98; 1005.186796875; 23.5244140625
2026-07-11; 07:50:35; 424; 3; 34.97; 1005.1909765625; 23.546875
2026-07-11; 07:51:35; 434; 5; 34.98; 1005.2066796875; 23.5703125
2026-07-11; 07:52:35; 422; 3; 35.04; 1005.225703125; 23.4697265625
2026-07-11; 07:53:35; 424; 3; 34.99; 1005.2024609375; 23.5244140625
2026-07-11; 07:54:35; 418; 2; 35.04; 1005.19046875; 23.46875
2026-07-11; 07:55:35; 434; 5; 35.0; 1005.182890625; 23.5595703125
2026-07-11; 07:56:35; 434; 5; 35.03; 1005.257421875; 23.515625
2026-07-11; 07:57:35; 445; 6; 35.02; 1005.1866796875; 23.560546875
2026-07-11; 07:58:35; 445; 6; 35.03; 1005.2375390625; 23.5498046875
2026-07-11; 07:59:35; 462; 9; 35.06; 1005.2493359375; 23.5166015625
2026-07-11; 08:00:35; 462; 9; 35.08; 1005.225546875; 23.4716796875
2026-07-11; 08:01:35; 470; 10; 35.08; 1005.2175390625; 23.505859375
2026-07-11; 08:02:35; 455; 8; 35.1; 1005.221328125; 23.47265625
2026-07-11; 08:03:35; 464; 9; 35.11; 1005.23703125; 23.47265625
2026-07-11; 08:04:35; 470; 10; 35.12; 1005.2251171875; 23.4619140625
2026-07-11; 08:05:35; 470; 10; 35.13; 1005.2958984375; 23.462890625
2026-07-11; 08:06:35; 485; 12; 35.16; 1005.2877734375; 23.4404296875
2026-07-11; 08:07:35; 485; 12; 35.15; 1005.280078125; 23.4404296875
2026-07-11; 08:08:35; 475; 11; 35.18; 1005.2719921875; 23.4306640625
2026-07-11; 08:09:35; 470; 10; 35.19; 1005.252109375; 23.373046875
2026-07-11; 08:10:35; 487; 13; 35.2; 1005.2953125; 23.396484375
2026-07-11; 08:11:35; 485; 12; 35.25; 1005.2829296875; 23.3759765625
2026-07-11; 08:12:35; 470; 10; 35.22; 1005.326640625; 23.3515625
2026-07-11; 08:13:35; 452; 7; 35.25; 1005.2358203125; 23.318359375
2026-07-11; 08:14:35; 445; 6; 35.31; 1005.321796875; 23.298828125
2026-07-11; 08:15:35; 443; 6; 35.3; 1005.3141015625; 23.287109375
2026-07-11; 08:16:35; 448; 7; 35.28; 1005.36546875; 23.34375
2026-07-11; 08:17:36; 427; 4; 35.29; 1005.262890625; 23.2861328125
2026-07-11; 08:18:36; 438; 5; 35.31; 1005.329765625; 23.287109375
2026-07-11; 08:19:36; 438; 5; 35.36; 1005.2702734375; 23.220703125
2026-07-11; 08:20:36; 427; 4; 35.39; 1005.329140625; 23.2333984375
2026-07-11; 08:21:36; 438; 5; 35.37; 1005.2503515625; 23.220703125
2026-07-11; 08:22:36; 427; 4; 35.37; 1005.3330859375; 23.232421875
2026-07-11; 08:23:36; 422; 3; 35.38; 1005.2936328125; 23.2216796875
2026-07-11; 08:24:36; 427; 4; 35.39; 1005.3092578125; 23.1982421875
2026-07-11; 08:25:36; 434; 5; 35.43; 1005.3091015625; 23.189453125
2026-07-11; 08:26:36; 424; 3; 35.4; 1005.2698046875; 23.19921875
2026-07-11; 08:27:36; 422; 3; 35.42; 1005.3011328125; 23.189453125
2026-07-11; 08:28:36; 414; 2; 35.45; 1005.36796875; 23.1787109375
2026-07-11; 08:29:36; 422; 3; 35.45; 1005.3480859375; 23.1787109375
2026-07-11; 08:30:36; 424; 3; 35.47; 1005.32453125; 23.1455078125
2026-07-11; 08:31:36; 424; 3; 35.5; 1005.26125; 23.134765625
2026-07-11; 08:32:36; 434; 5; 35.53; 1005.3201171875; 23.11328125
2026-07-11; 08:33:36; 448; 7; 35.5; 1005.26125; 23.169921875
2026-07-11; 08:34:36; 452; 7; 35.5; 1005.26125; 23.134765625
2026-07-11; 08:35:36; 445; 6; 35.54; 1005.26078125; 23.1142578125
2026-07-11; 08:36:36; 452; 7; 35.57; 1005.225; 23.0693359375
2026-07-11; 08:37:36; 448; 7; 35.61; 1005.2523828125; 23.037109375
2026-07-11; 08:38:36; 448; 7; 35.59; 1005.2762109375; 23.05859375
2026-07-11; 08:39:36; 448; 7; 35.59; 1005.2210546875; 23.0703125
2026-07-11; 08:40:36; 448; 7; 35.6; 1005.3194140625; 23.05859375
2026-07-11; 08:41:36; 427; 4; 35.67; 1005.2359765625; 22.947265625
2026-07-11; 08:42:36; 424; 3; 35.64; 1005.251875; 22.95703125
2026-07-11; 08:43:36; 424; 3; 35.67; 1005.310703125; 23.0048828125
2026-07-11; 08:44:36; 422; 3; 35.7; 1005.3301171875; 22.9599609375
2026-07-11; 08:45:36; 424; 3; 35.72; 1005.369375; 22.9267578125
2026-07-11; 08:46:36; 414; 2; 35.71; 1005.3181640625; 22.92578125
2026-07-11; 08:47:36; 418; 2; 35.72; 1005.3338671875; 22.9609375
2026-07-11; 08:48:36; 418; 2; 35.73; 1005.3494921875; 22.9384765625
2026-07-11; 08:49:36; 422; 3; 35.74; 1005.31; 22.904296875
2026-07-11; 08:50:36; 422; 3; 35.74; 1005.282421875; 22.892578125
2026-07-11; 08:51:36; 422; 3; 35.74; 1005.290390625; 22.916015625
2026-07-11; 08:52:36; 422; 3; 35.76; 1005.3412890625; 22.8935546875
2026-07-11; 08:53:36; 409; 1; 35.8; 1005.3762890625; 22.8603515625
2026-07-11; 08:54:36; 403; 0; 35.82; 1005.316875; 22.8388671875
2026-07-11; 08:55:36; 400; 0; 35.88; 1005.328046875; 22.7958984375
2026-07-11; 08:56:36; 415; 2; 35.88; 1005.336015625; 22.7724609375
2026-07-11; 08:57:36; 418; 2; 35.91; 1005.2922265625; 22.7392578125
2026-07-11; 08:58:36; 406; 0; 35.91; 1005.18984375; 22.7392578125
2026-07-11; 08:59:36; 414; 2; 35.95; 1005.390390625; 22.68359375
2026-07-11; 09:00:37; 416; 2; 35.96; 1005.2601171875; 22.66015625
2026-07-11; 09:01:37; 414; 2; 35.93; 1005.3235546875; 22.7060546875
2026-07-11; 09:02:37; 414; 2; 35.96; 1005.37046875; 22.6953125
2026-07-11; 09:03:37; 409; 1; 35.93; 1005.268359375; 22.6943359375
2026-07-11; 09:04:37; 406; 0; 35.92; 1005.2802734375; 22.716796875
2026-07-11; 09:05:37; 400; 0; 35.95; 1005.2996484375; 22.6953125
2026-07-11; 09:06:37; 400; 0; 35.96; 1005.37046875; 22.671875
2026-07-11; 09:07:37; 400; 0; 35.98; 1005.3116015625; 22.650390625
2026-07-11; 09:08:37; 408; 1; 35.98; 1005.3744921875; 22.638671875
2026-07-11; 09:09:37; 405; 0; 35.99; 1005.3625; 22.6279296875
2026-07-11; 09:10:37; 400; 0; 36.0; 1005.3980859375; 22.6279296875
2026-07-11; 09:11:37; 402; 0; 36.02; 1005.346640625; 22.5712890625
2026-07-11; 09:12:37; 402; 0; 36.03; 1005.38984375; 22.5947265625
2026-07-11; 09:13:37; 400; 0; 36.05; 1005.3380859375; 22.583984375
2026-07-11; 09:14:37; 400; 0; 36.06; 1005.3616796875; 22.5615234375
2026-07-11; 09:15:37; 406; 0; 36.04; 1005.330390625; 22.560546875
2026-07-11; 09:16:37; 409; 1; 36.08; 1005.3101953125; 22.5400390625
2026-07-11; 09:17:37; 421; 3; 36.11; 1005.3966796875; 22.517578125
2026-07-11; 09:18:37; 421; 3; 36.12; 1005.4123046875; 22.5302734375
2026-07-11; 09:19:37; 414; 2; 36.15; 1005.431640625; 22.49609375
2026-07-11; 09:20:37; 421; 3; 36.17; 1005.4430078125; 22.451171875
2026-07-11; 09:21:37; 421; 3; 36.18; 1005.4034765625; 22.4404296875
2026-07-11; 09:22:37; 416; 2; 36.21; 1005.442734375; 22.3837890625
2026-07-11; 09:23:37; 400; 0; 36.19; 1005.4191015625; 22.39453125
2026-07-11; 09:24:37; 405; 0; 36.23; 1005.3912109375; 22.396484375
2026-07-11; 09:25:37; 405; 0; 36.24; 1005.4344921875; 22.373046875
2026-07-11; 09:26:37; 408; 1; 36.27; 1005.4734375; 22.36328125
2026-07-11; 09:27:37; 405; 0; 36.29; 1005.44953125; 22.3525390625
2026-07-11; 09:28:37; 405; 0; 36.29; 1005.402265625; 22.330078125
2026-07-11; 09:29:37; 405; 0; 36.29; 1005.4298828125; 22.341796875
2026-07-11; 09:30:37; 400; 0; 36.31; 1005.3780859375; 22.3076171875
2026-07-11; 09:31:37; 408; 1; 36.34; 1005.425; 22.2744140625
2026-07-11; 09:32:37; 400; 0; 36.35; 1005.4053515625; 22.263671875
2026-07-11; 09:33:37; 405; 0; 36.36; 1005.3933984375; 22.263671875
2026-07-11; 09:34:37; 403; 0; 36.38; 1005.3142578125; 22.2529296875
2026-07-11; 09:35:37; 406; 0; 36.37; 1005.3062890625; 22.2646484375
2026-07-11; 09:36:37; 409; 1; 36.41; 1005.3611328125; 22.2314453125
2026-07-11; 09:37:37; 411; 1; 36.44; 1005.3528515625; 22.1748046875
2026-07-11; 09:38:37; 409; 1; 36.47; 1005.3918359375; 22.1650390625
2026-07-11; 09:39:37; 400; 0; 36.48; 1005.324921875; 22.119140625
2026-07-11; 09:40:37; 409; 1; 36.53; 1005.3202734375; 22.0634765625
2026-07-11; 09:41:37; 407; 1; 36.58; 1005.3708203125; 22.078125
2026-07-11; 09:42:37; 413; 1; 36.56; 1005.331875; 22.064453125
2026-07-11; 09:43:38; 417; 2; 36.56; 1005.3042578125; 22.064453125
2026-07-11; 09:44:38; 413; 1; 36.55; 1005.379140625; 22.076171875
2026-07-11; 09:45:38; 403; 0; 36.53; 1005.430703125; 22.0751953125
2026-07-11; 09:46:38; 408; 1; 36.51; 1005.3521484375; 22.12109375
2026-07-11; 09:47:38; 403; 0; 36.53; 1005.403125; 22.0986328125
2026-07-11; 09:48:38; 408; 1; 36.54; 1005.39109375; 22.0986328125
2026-07-11; 09:49:38; 408; 1; 36.53; 1005.430703125; 22.1103515625
2026-07-11; 09:50:38; 400; 0; 36.54; 1005.39109375; 22.0986328125
2026-07-11; 09:51:38; 403; 0; 36.58; 1005.445703125; 22.06640625
2026-07-11; 09:52:38; 413; 1; 36.6; 1005.3665234375; 22.0556640625
2026-07-11; 09:53:38; 413; 1; 36.61; 1005.3821484375; 22.0439453125
2026-07-11; 09:54:38; 421; 3; 36.61; 1005.3901171875; 22.0322265625
2026-07-11; 09:55:38; 421; 3; 36.64; 1005.4646484375; 22.0224609375
2026-07-11; 09:56:38; 423; 3; 36.65; 1005.45265625; 22.0234375
2026-07-11; 09:57:38; 417; 2; 36.67; 1005.456328125; 22.0009765625
2026-07-11; 09:58:38; 413; 1; 36.7; 1005.4676171875; 21.9677734375
2026-07-11; 09:59:38; 421; 3; 36.72; 1005.5188671875; 21.95703125
2026-07-11; 10:00:38; 408; 1; 36.71; 1005.428046875; 21.921875
2026-07-11; 10:01:38; 403; 0; 36.72; 1005.443671875; 21.9453125
2026-07-11; 10:02:38; 400; 0; 36.73; 1005.3963671875; 21.93359375
2026-07-11; 10:03:38; 400; 0; 36.72; 1005.443671875; 21.921875
2026-07-11; 10:04:38; 400; 0; 36.7; 1005.4676171875; 21.91015625
2026-07-11; 10:05:38; 403; 0; 36.69; 1005.4519921875; 21.9560546875
2026-07-11; 10:06:38; 418; 2; 36.68; 1005.444296875; 22.001953125
2026-07-11; 10:07:38; 418; 2; 36.67; 1005.428671875; 22.0126953125
2026-07-11; 10:08:38; 423; 3; 36.67; 1005.3734375; 22.0009765625
2026-07-11; 10:09:38; 418; 2; 36.67; 1005.393125; 22.0361328125
2026-07-11; 10:10:38; 418; 2; 36.64; 1005.31859375; 22.0224609375
2026-07-11; 10:11:38; 418; 2; 36.64; 1005.40140625; 22.068359375
2026-07-11; 10:12:38; 426; 3; 36.64; 1005.4566796875; 22.068359375
2026-07-11; 10:13:38; 418; 2; 36.66; 1005.405078125; 22.0576171875
2026-07-11; 10:14:38; 428; 4; 36.64; 1005.3541796875; 22.0458984375
2026-07-11; 10:15:38; 438; 5; 36.68; 1005.444296875; 22.0361328125
2026-07-11; 10:16:38; 441; 6; 36.66; 1005.4130859375; 22.03515625
2026-07-11; 10:17:38; 423; 3; 36.71; 1005.428046875; 21.9912109375
2026-07-11; 10:18:39; 410; 1; 36.71; 1005.455625; 21.9794921875
2026-07-11; 10:19:39; 418; 2; 36.74; 1005.41203125; 21.9814453125
2026-07-11; 10:20:39; 403; 0; 36.76; 1005.388046875; 21.923828125
2026-07-11; 10:21:39; 418; 2; 36.76; 1005.4156640625; 21.958984375
2026-07-11; 10:22:39; 406; 0; 36.72; 1005.4359765625; 21.96875
2026-07-11; 10:23:39; 408; 1; 36.76; 1005.4156640625; 21.958984375
2026-07-11; 10:24:39; 411; 1; 36.77; 1005.45890625; 21.9130859375
2026-07-11; 10:25:39; 400; 0; 36.82; 1005.4894921875; 21.857421875
2026-07-11; 10:26:39; 433; 5; 36.79; 1005.4426171875; 21.8681640625
2026-07-11; 10:27:39; 427; 4; 36.8; 1005.4582421875; 21.8447265625
2026-07-11; 10:28:39; 427; 4; 36.8; 1005.4582421875; 21.8681640625
2026-07-11; 10:29:39; 433; 5; 36.82; 1005.4265625; 21.857421875
2026-07-11; 10:30:39; 427; 4; 36.82; 1005.406640625; 21.833984375
2026-07-11; 10:31:39; 435; 5; 36.81; 1005.43859375; 21.8564453125
2026-07-11; 10:32:39; 448; 7; 36.84; 1005.4023046875; 21.8115234375
2026-07-11; 10:33:39; 452; 7; 36.85; 1005.410234375; 21.8466796875
2026-07-11; 10:34:39; 452; 7; 36.86; 1005.39828125; 21.7890625
2026-07-11; 10:35:39; 452; 7; 36.87; 1005.38625; 21.7783203125
2026-07-11; 10:36:39; 475; 11; 36.85; 1005.4179296875; 21.80078125
2026-07-11; 10:37:39; 482; 12; 36.86; 1005.39828125; 21.8125
2026-07-11; 10:38:39; 496; 14; 36.85; 1005.4731640625; 21.8125
2026-07-11; 10:39:39; 486; 13; 36.87; 1005.476796875; 21.7900390625
2026-07-11; 10:40:39; 448; 7; 36.9; 1005.413203125; 21.7568359375
2026-07-11; 10:41:39; 455; 8; 36.88; 1005.46484375; 21.8251953125
2026-07-11; 10:42:39; 444; 6; 36.88; 1005.46484375; 21.6630859375
2026-07-11; 10:43:39; 423; 3; 36.91; 1005.4841015625; 21.72265625
2026-07-11; 10:44:39; 427; 4; 36.93; 1005.5076953125; 21.74609375
2026-07-11; 10:45:39; 420; 3; 36.96; 1005.5348828125; 21.7138671875
2026-07-11; 10:46:39; 406; 0; 36.97; 1005.5229296875; 21.7255859375
2026-07-11; 10:47:39; 400; 0; 36.98; 1005.566171875; 21.65625
2026-07-11; 10:48:40; 403; 0; 37.01; 1005.597421875; 21.6689453125
2026-07-11; 10:49:40; 402; 0; 37.01; 1005.605390625; 21.6923828125
2026-07-11; 10:50:40; 416; 2; 37.0; 1005.581796875; 21.6572265625
2026-07-11; 10:51:40; 420; 3; 37.03; 1005.5181640625; 21.634765625
2026-07-11; 10:52:40; 441; 6; 37.03; 1005.5734375; 21.623046875
2026-07-11; 10:53:40; 455; 8; 37.03; 1005.5181640625; 21.623046875
2026-07-11; 10:54:40; 461; 9; 37.05; 1005.5494140625; 21.6015625
2026-07-11; 10:55:40; 459; 8; 37.06; 1005.5650390625; 21.625
2026-07-11; 10:56:40; 441; 6; 37.1; 1005.5169921875; 21.591796875
2026-07-11; 10:57:40; 441; 6; 37.1; 1005.5169921875; 21.5576171875
2026-07-11; 10:58:40; 434; 5; 37.1; 1005.5446484375; 21.5458984375
2026-07-11; 10:59:40; 441; 6; 37.12; 1005.6112109375; 21.5234375
2026-07-11; 11:00:40; 416; 2; 37.13; 1005.481015625; 21.5009765625
2026-07-11; 11:01:40; 408; 1; 37.13; 1005.56390625; 21.5009765625
2026-07-11; 11:02:40; 417; 2; 37.12; 1005.5559375; 21.5126953125
2026-07-11; 11:03:40; 433; 5; 37.12; 1005.58359375; 21.5126953125
2026-07-11; 11:04:40; 438; 5; 37.14; 1005.6348046875; 21.5361328125
2026-07-11; 11:05:40; 447; 7; 37.18; 1005.6420703125; 21.43359375
2026-07-11; 11:06:40; 427; 4; 37.18; 1005.6420703125; 21.41015625
2026-07-11; 11:07:40; 452; 7; 37.17; 1005.5987890625; 21.4453125
2026-07-11; 11:08:40; 461; 9; 37.17; 1005.62640625; 21.4677734375
2026-07-11; 11:09:40; 461; 9; 37.17; 1005.62640625; 21.43359375
2026-07-11; 11:10:40; 488; 13; 37.17; 1005.5987890625; 21.4560546875
2026-07-11; 11:11:40; 497; 14; 37.22; 1005.6966015625; 21.400390625
2026-07-11; 11:12:40; 497; 14; 37.21; 1005.7165625; 21.423828125
2026-07-11; 11:13:40; 488; 13; 37.24; 1005.625234375; 21.35546875
2026-07-11; 11:14:40; 497; 14; 37.23; 1005.664921875; 21.4013671875
2026-07-11; 11:15:40; 524; 18; 37.24; 1005.644921875; 21.4013671875
2026-07-11; 11:16:40; 515; 17; 37.24; 1005.625234375; 21.3671875
2026-07-11; 11:17:41; 548; 22; 37.21; 1005.6336328125; 21.412109375
2026-07-11; 11:18:41; 530; 19; 37.24; 1005.5619921875; 21.28515625
2026-07-11; 11:19:41; 481; 12; 37.28; 1005.6521484375; 21.275390625
2026-07-11; 11:20:41; 488; 13; 37.3; 1005.60046875; 21.20703125
2026-07-11; 11:21:41; 423; 3; 37.33; 1005.66734375; 21.2314453125
2026-07-11; 11:22:41; 423; 3; 37.31; 1005.61609375; 21.2421875
2026-07-11; 11:23:41; 452; 7; 37.3; 1005.5927734375; 21.3232421875
2026-07-11; 11:24:41; 447; 7; 37.33; 1005.66734375; 21.2548828125
2026-07-11; 11:25:41; 461; 9; 37.35; 1005.64328125; 21.255859375
2026-07-11; 11:26:41; 492; 14; 37.33; 1005.6396875; 21.2548828125
2026-07-11; 11:27:41; 488; 13; 37.33; 1005.584375; 21.2314453125
2026-07-11; 11:28:41; 481; 12; 37.34; 1005.6; 21.232421875
2026-07-11; 11:29:41; 481; 12; 37.36; 1005.5759375; 21.1865234375
2026-07-11; 11:30:41; 492; 14; 37.35; 1005.67859375; 21.1865234375
2026-07-11; 11:31:41; 497; 14; 37.34; 1005.66296875; 21.220703125
2026-07-11; 11:32:41; 476; 11; 37.37; 1005.6465625; 21.0947265625
2026-07-11; 11:33:41; 438; 5; 37.32; 1005.57640625; 21.1962890625
2026-07-11; 11:34:41; 414; 2; 37.38; 1005.5872265625; 21.1298828125
2026-07-11; 11:35:41; 400; 0; 37.41; 1005.6340625; 20.95703125
2026-07-11; 11:36:41; 400; 0; 37.35; 1005.5880078125; 20.9541015625
2026-07-11; 11:37:41; 417; 2; 37.39; 1005.519921875; 21.048828125
2026-07-11; 11:38:41; 403; 0; 37.4; 1005.527578125; 21.083984375
2026-07-11; 11:39:41; 413; 1; 37.4; 1005.6105078125; 21.060546875
2026-07-11; 11:40:41; 455; 8; 37.4; 1005.5908203125; 21.095703125
2026-07-11; 11:41:41; 455; 8; 37.41; 1005.5984765625; 21.0615234375
2026-07-11; 11:42:41; 476; 11; 37.41; 1005.6340625; 21.0966796875
2026-07-11; 11:43:41; 463; 9; 37.47; 1005.5742578125; 20.947265625
2026-07-11; 11:44:41; 503; 15; 37.44; 1005.5823828125; 21.0390625
2026-07-11; 11:45:41; 496; 14; 37.5; 1005.5734375; 21.0078125
2026-07-11; 11:46:41; 526; 19; 37.53; 1005.6403125; 20.939453125
2026-07-11; 11:47:41; 519; 18; 37.58; 1005.5168359375; 20.90625
2026-07-11; 11:48:42; 542; 21; 37.59; 1005.4771875; 20.8955078125
2026-07-11; 11:49:42; 560; 24; 37.61; 1005.6190234375; 20.861328125
2026-07-11; 11:50:42; 581; 27; 37.61; 1005.5913671875; 20.873046875
2026-07-11; 11:51:42; 602; 30; 37.63; 1005.6226171875; 20.8857421875
2026-07-11; 11:52:42; 564; 24; 37.67; 1005.546796875; 20.7939453125
2026-07-11; 11:53:42; 560; 24; 37.66; 1005.5311328125; 20.7587890625
2026-07-11; 11:54:42; 564; 24; 37.72; 1005.5971875; 20.7265625
2026-07-11; 11:55:42; 575; 26; 37.71; 1005.6169140625; 20.75
2026-07-11; 11:56:42; 602; 30; 37.68; 1005.4870703125; 20.6787109375
2026-07-11; 11:57:42; 581; 27; 37.71; 1005.47859375; 20.7734375
2026-07-11; 11:58:42; 542; 21; 37.79; 1005.5128515625; 20.5322265625
2026-07-11; 11:59:42; 480; 12; 37.78; 1005.552578125; 20.6015625
2026-07-11; 12:00:42; 480; 12; 37.8; 1005.5284375; 20.6142578125
2026-07-11; 12:01:42; 447; 7; 37.84; 1005.52765625; 20.5
2026-07-11; 12:02:42; 455; 8; 37.86; 1005.539140625; 20.5361328125
2026-07-11; 12:03:42; 447; 7; 37.89; 1005.605703125; 20.4443359375
2026-07-11; 12:04:42; 455; 8; 37.93; 1005.6328125; 20.3876953125
2026-07-11; 12:05:42; 470; 10; 37.86; 1005.5668359375; 20.5361328125
2026-07-11; 12:06:42; 487; 13; 37.91; 1005.51828125; 20.4677734375
2026-07-11; 12:07:42; 476; 11; 37.95; 1005.588984375; 20.447265625
2026-07-11; 12:08:42; 485; 12; 37.98; 1005.54484375; 20.3896484375
2026-07-11; 12:09:42; 496; 14; 37.94; 1005.5377734375; 20.400390625
2026-07-11; 12:10:42; 501; 15; 37.96; 1005.5492578125; 20.458984375
2026-07-11; 12:11:42; 519; 18; 38.02; 1005.551953125; 20.369140625
2026-07-11; 12:12:42; 552; 23; 38.01; 1005.5640234375; 20.3916015625
2026-07-11; 12:13:42; 552; 23; 37.99; 1005.6158203125; 20.4140625
2026-07-11; 12:14:42; 536; 20; 38.02; 1005.544296875; 20.322265625
2026-07-11; 12:15:42; 530; 19; 38.0; 1005.5760546875; 20.3330078125
2026-07-11; 12:16:42; 530; 19; 38.0; 1005.5483984375; 20.3447265625
2026-07-11; 12:17:42; 501; 15; 38.02; 1005.5166015625; 20.251953125
2026-07-11; 12:18:42; 487; 13; 38.03; 1005.5951953125; 20.333984375
2026-07-11; 12:19:42; 496; 14; 37.97; 1005.5925390625; 20.3779296875
2026-07-11; 12:20:42; 526; 19; 37.95; 1005.5336328125; 20.376953125
2026-07-11; 12:21:42; 546; 22; 38.0; 1005.520703125; 20.4140625
2026-07-11; 12:22:42; 530; 19; 38.02; 1005.551953125; 20.310546875
2026-07-11; 12:23:42; 542; 21; 38.01; 1005.536328125; 20.3447265625
2026-07-11; 12:24:42; 542; 21; 38.04; 1005.5001171875; 20.2529296875
2026-07-11; 12:25:42; 560; 24; 38.05; 1005.515703125; 20.2998046875
2026-07-11; 12:26:42; 552; 23; 38.09; 1005.5428515625; 20.244140625
2026-07-11; 12:27:42; 560; 24; 38.08; 1005.5272265625; 20.197265625
2026-07-11; 12:28:42; 542; 21; 38.08; 1005.5071875; 20.185546875
2026-07-11; 12:29:42; 542; 21; 38.09; 1005.4874609375; 20.197265625
2026-07-11; 12:30:42; 542; 21; 38.06; 1005.4759765625; 20.1845703125
2026-07-11; 12:31:43; 564; 24; 38.04; 1005.5001171875; 20.2529296875
2026-07-11; 12:32:43; 552; 23; 38.03; 1005.4844921875; 20.2998046875
2026-07-11; 12:33:43; 530; 19; 38.0; 1005.501015625; 20.3330078125
2026-07-11; 12:34:43; 519; 18; 38.0; 1005.493046875; 20.2744140625
2026-07-11; 12:35:43; 496; 14; 38.05; 1005.4603515625; 20.20703125
2026-07-11; 12:36:43; 514; 17; 38.07; 1005.546953125; 20.2314453125
2026-07-11; 12:37:43; 487; 13; 38.06; 1005.5237109375; 20.1953125
2026-07-11; 12:38:43; 470; 10; 38.0; 1005.501015625; 20.181640625
2026-07-11; 12:39:43; 428; 4; 38.01; 1005.4533203125; 20.1474609375
2026-07-11; 12:40:43; 403; 0; 38.06; 1005.4759765625; 20.1845703125
2026-07-11; 12:41:43; 405; 0; 38.03; 1005.4768359375; 20.13671875
2026-07-11; 12:42:43; 400; 0; 38.06; 1005.4759765625; 20.091796875
2026-07-11; 12:43:43; 403; 0; 38.08; 1005.5548828125; 20.0810546875
2026-07-11; 12:44:43; 415; 2; 38.05; 1005.480390625; 20.13671875
2026-07-11; 12:45:43; 410; 1; 38.04; 1005.55546875; 20.1484375
2026-07-11; 12:46:43; 418; 2; 38.05; 1005.59875; 20.1025390625
2026-07-11; 12:47:43; 445; 6; 38.06; 1005.5590234375; 20.1142578125
2026-07-11; 12:48:43; 426; 3; 38.02; 1005.5242578125; 20.0546875
2026-07-11; 12:49:43; 405; 0; 37.99; 1005.485390625; 20.123046875
2026-07-11; 12:50:43; 402; 0; 38.0; 1005.493046875; 20.111328125
2026-07-11; 12:51:43; 400; 0; 38.03; 1005.50453125; 20.08984375
2026-07-11; 12:52:43; 415; 2; 38.07; 1005.5946484375; 20.091796875
2026-07-11; 12:53:43; 445; 6; 37.98; 1005.6001953125; 20.1806640625
2026-07-11; 12:54:43; 441; 6; 37.93; 1005.5854296875; 20.1201171875
2026-07-11; 12:55:43; 418; 2; 37.91; 1005.5539453125; 20.154296875
2026-07-11; 12:56:43; 421; 3; 37.88; 1005.5270703125; 20.26953125
2026-07-11; 12:57:43; 407; 1; 38.0; 1005.5483984375; 20.134765625
2026-07-11; 12:58:43; 415; 2; 38.04; 1005.55546875; 20.0673828125
2026-07-11; 12:59:43; 418; 2; 38.04; 1005.55546875; 20.0908203125
2026-07-11; 13:00:43; 435; 5; 38.0; 1005.493046875; 20.158203125
2026-07-11; 13:01:43; 464; 9; 37.94; 1005.573359375; 20.1669921875
2026-07-11; 13:02:43; 415; 2; 38.02; 1005.5166015625; 20.03125
2026-07-11; 13:03:43; 407; 1; 38.02; 1005.544296875; 20.0888671875
2026-07-11; 13:04:43; 409; 1; 38.0; 1005.520703125; 20.0888671875
2026-07-11; 13:05:43; 416; 2; 38.03; 1005.53984375; 20.11328125
2026-07-11; 13:06:43; 433; 5; 37.98; 1005.4894921875; 20.111328125
2026-07-11; 13:07:43; 457; 8; 37.98; 1005.469765625; 20.1806640625
2026-07-11; 13:08:43; 506; 16; 38.01; 1005.425625; 20.193359375
2026-07-11; 13:09:43; 506; 16; 38.0; 1005.493046875; 20.169921875
2026-07-11; 13:10:43; 552; 23; 38.04; 1005.5278125; 20.1025390625
2026-07-11; 13:11:43; 586; 28; 37.96; 1005.430625; 20.25
2026-07-11; 13:12:43; 577; 26; 37.97; 1005.4462109375; 20.1806640625
2026-07-11; 13:13:43; 570; 25; 37.93; 1005.5498046875; 20.283203125
2026-07-11; 13:14:44; 556; 23; 37.94; 1005.5377734375; 20.2490234375
2026-07-11; 13:15:44; 556; 23; 37.99; 1005.5051171875; 20.146484375
2026-07-11; 13:16:44; 566; 25; 37.97; 1005.4738671875; 20.19140625
2026-07-11; 13:17:44; 566; 25; 37.96; 1005.4662109375; 20.19140625
2026-07-11; 13:18:44; 523; 18; 38.02; 1005.46125; 20.0888671875
2026-07-11; 13:19:44; 500; 15; 37.98; 1005.4894921875; 20.1220703125
2026-07-11; 13:20:44; 491; 13; 38.03; 1005.4844921875; 20.08984375
2026-07-11; 13:21:44; 473; 11; 37.99; 1005.449765625; 20.111328125
2026-07-11; 13:22:44; 480; 12; 37.96; 1005.430625; 20.14453125
2026-07-11; 13:23:44; 495; 14; 37.94; 1005.46265625; 20.1787109375
2026-07-11; 13:24:44; 506; 16; 37.96; 1005.4029296875; 20.14453125
2026-07-11; 13:25:44; 536; 20; 37.94; 1005.3519921875; 20.2255859375
2026-07-11; 13:26:44; 552; 23; 38.01; 1005.3702734375; 20.193359375
2026-07-11; 13:27:44; 570; 25; 38.06; 1005.3853125; 20.1376953125
2026-07-11; 13:28:44; 586; 28; 38.03; 1005.31078125; 20.13671875
2026-07-11; 13:29:44; 612; 32; 38.04; 1005.36171875; 20.16015625
2026-07-11; 13:30:44; 626; 34; 38.0; 1005.307265625; 20.1357421875
2026-07-11; 13:31:44; 634; 35; 38.04; 1005.2987109375; 20.16015625
2026-07-11; 13:32:44; 660; 39; 38.02; 1005.358203125; 20.1708984375
2026-07-11; 13:33:44; 686; 43; 38.0; 1005.326953125; 20.181640625
2026-07-11; 13:34:44; 686; 43; 37.99; 1005.2639453125; 20.193359375
2026-07-11; 13:35:44; 694; 44; 38.02; 1005.350546875; 20.1708984375
2026-07-11; 13:36:44; 699; 45; 38.02; 1005.2951953125; 20.1826171875
2026-07-11; 13:37:44; 694; 44; 37.92; 1005.3207421875; 20.236328125
2026-07-11; 13:38:44; 706; 46; 37.95; 1005.312265625; 20.2490234375
2026-07-11; 13:39:44; 706; 46; 37.93; 1005.253359375; 20.236328125
2026-07-11; 13:40:44; 706; 46; 37.94; 1005.233359375; 20.2373046875
2026-07-11; 13:41:44; 748; 53; 37.93; 1005.225703125; 20.271484375
2026-07-11; 13:42:44; 754; 53; 37.98; 1005.240390625; 20.2158203125
2026-07-11; 13:43:44; 776; 57; 37.99; 1005.256015625; 20.2626953125
2026-07-11; 13:44:44; 838; 66; 37.99; 1005.2837109375; 20.2392578125
2026-07-11; 13:45:44; 870; 71; 38.0; 1005.1965625; 20.251953125
2026-07-11; 13:46:44; 889; 74; 37.97; 1005.2604296875; 20.25
2026-07-11; 13:47:44; 897; 75; 38.01; 1005.20421875; 20.205078125
2026-07-11; 13:48:44; 863; 70; 37.98; 1005.1653515625; 20.2392578125
2026-07-11; 13:49:44; 848; 68; 37.95; 1005.22125; 20.2841796875
2026-07-11; 13:50:44; 848; 68; 37.96; 1005.1815234375; 20.23828125
2026-07-11; 13:51:44; 832; 65; 37.94; 1005.233359375; 20.09765625
2026-07-11; 13:52:44; 714; 47; 37.88; 1005.2026953125; 20.1298828125
2026-07-11; 13:53:44; 605; 31; 37.92; 1005.265390625; 20.0849609375
2026-07-11; 13:54:44; 556; 23; 37.9; 1005.170625; 20.130859375
2026-07-11; 13:55:44; 542; 21; 37.88; 1005.2226953125; 20.1181640625
2026-07-11; 13:56:44; 502; 15; 37.86; 1005.234765625; 20.1640625
2026-07-11; 13:57:45; 485; 12; 37.9; 1005.2536328125; 20.142578125
2026-07-11; 13:58:45; 500; 15; 37.84; 1005.2509375; 20.220703125
2026-07-11; 13:59:45; 502; 15; 37.82; 1005.164375; 20.2666015625
2026-07-11; 14:00:45; 517; 17; 37.89; 1005.16296875; 20.2353515625
2026-07-11; 14:01:45; 527; 19; 37.84; 1005.1402734375; 20.244140625
2026-07-11; 14:02:45; 542; 21; 37.82; 1005.13671875; 20.3017578125
2026-07-11; 14:03:45; 546; 22; 37.81; 1005.0934375; 20.30078125
2026-07-11; 14:04:45; 546; 22; 37.84; 1005.112578125; 20.267578125
2026-07-11; 14:05:45; 536; 20; 37.82; 1005.061640625; 20.2783203125
2026-07-11; 14:06:45; 552; 23; 37.88; 1005.1396875; 20.2919921875
2026-07-11; 14:07:45; 580; 27; 37.84; 1005.084921875; 20.314453125
2026-07-11; 14:08:45; 605; 31; 37.82; 1005.1169921875; 20.3486328125
2026-07-11; 14:09:45; 634; 35; 37.86; 1005.06875; 20.3037109375
2026-07-11; 14:10:45; 686; 43; 37.84; 1005.112578125; 20.3369140625
2026-07-11; 14:11:45; 694; 44; 37.8; 1005.1055078125; 20.3701171875
2026-07-11; 14:12:45; 674; 41; 37.74; 1005.13046875; 20.3916015625
2026-07-11; 14:13:45; 660; 39; 37.73; 1005.1148828125; 20.35546875
2026-07-11; 14:14:46; 618; 33; 37.72; 1005.0715625; 20.3779296875
2026-07-11; 14:15:46; 586; 28; 37.71; 1005.138984375; 20.4013671875
2026-07-11; 14:16:46; 570; 25; 37.69; 1005.087734375; 20.3544921875
2026-07-11; 14:17:46; 570; 25; 37.7; 1005.103359375; 20.3662109375
2026-07-11; 14:18:46; 580; 27; 37.67; 1005.0488671875; 20.3994140625
2026-07-11; 14:19:46; 517; 17; 37.67; 1005.1041796875; 20.271484375
2026-07-11; 14:20:46; 485; 12; 37.63; 1005.0494140625; 20.328125
2026-07-11; 14:21:46; 461; 9; 37.66; 1005.06859375; 20.294921875
2026-07-11; 14:22:46; 448; 7; 37.69; 1005.024765625; 20.2490234375
2026-07-11; 14:23:46; 461; 9; 37.68; 1005.0921484375; 20.306640625
2026-07-11; 14:24:46; 480; 12; 37.67; 1005.1041796875; 20.306640625
2026-07-11; 14:25:46; 485; 12; 37.63; 1005.0217578125; 20.3857421875
2026-07-11; 14:26:46; 546; 22; 37.64; 1004.94671875; 20.421875
2026-07-11; 14:27:46; 566; 25; 37.69; 1005.024765625; 20.2841796875
2026-07-11; 14:28:46; 546; 22; 37.65; 1005.0176171875; 20.2939453125
2026-07-11; 14:29:46; 570; 25; 37.69; 1004.9694140625; 20.2841796875
2026-07-11; 14:30:46; 580; 27; 37.68; 1005.016796875; 20.2724609375
2026-07-11; 14:31:46; 594; 29; 37.68; 1004.953828125; 20.2841796875
2026-07-11; 14:32:46; 612; 32; 37.63; 1004.9111328125; 20.328125
2026-07-11; 14:33:46; 660; 39; 37.69; 1004.9494140625; 20.2958984375
2026-07-11; 14:34:46; 686; 43; 37.65; 1004.9346875; 20.3525390625
2026-07-11; 14:35:46; 629; 34; 37.58; 1004.8807421875; 20.3369140625
2026-07-11; 14:36:46; 649; 37; 37.55; 1004.9325; 20.40625
2026-07-11; 14:37:47; 660; 39; 37.61; 1004.9275390625; 20.3505859375
2026-07-11; 14:38:47; 649; 37; 37.55; 1004.9325; 20.39453125
2026-07-11; 14:39:47; 641; 36; 37.62; 1005.0341015625; 20.3623046875
2026-07-11; 14:40:47; 694; 44; 37.6; 1004.8842578125; 20.4189453125
2026-07-11; 14:41:47; 772; 56; 37.6; 1004.8842578125; 20.4306640625
2026-07-11; 14:42:47; 863; 70; 37.54; 1004.916875; 20.4873046875
2026-07-11; 14:43:47; 838; 66; 37.54; 1004.88921875; 20.39453125
2026-07-11; 14:44:47; 848; 68; 37.55; 1004.9525; 20.4169921875
2026-07-11; 14:45:47; 838; 66; 37.58; 1004.9360546875; 20.4072265625
2026-07-11; 14:46:47; 848; 68; 37.56; 1004.9404296875; 20.44140625
2026-07-11; 14:47:47; 821; 64; 37.63; 1004.9587890625; 20.33984375
2026-07-11; 14:48:47; 804; 61; 37.69; 1004.997109375; 20.2255859375
2026-07-11; 14:49:47; 791; 59; 37.66; 1004.9779296875; 20.259765625
2026-07-11; 14:50:47; 726; 49; 37.64; 1004.86375; 20.2822265625
2026-07-11; 14:51:47; 791; 59; 37.56; 1004.8927734375; 20.3486328125
2026-07-11; 14:52:47; 732; 50; 37.58; 1004.8254296875; 20.279296875
2026-07-11; 14:53:47; 706; 46; 37.62; 1004.7575; 20.26953125
2026-07-11; 14:54:47; 726; 49; 37.63; 1004.8758203125; 20.2705078125
2026-07-11; 14:55:47; 754; 53; 37.67; 1004.779921875; 20.2373046875
2026-07-11; 14:56:47; 772; 56; 37.68; 1004.878515625; 20.2373046875
2026-07-11; 14:57:47; 832; 65; 37.67; 1004.882890625; 20.2373046875
2026-07-11; 14:58:47; 880; 73; 37.64; 1004.8360546875; 20.2939453125
2026-07-11; 14:59:47; 923; 79; 37.64; 1004.8713671875; 20.2939453125
2026-07-11; 15:00:47; 967; 86; 37.64; 1004.8160546875; 20.3056640625
2026-07-11; 15:01:47; 1001; 91; 37.65; 1004.9146875; 20.2705078125
2026-07-11; 15:02:47; 1077; 103; 37.66; 1004.847265625; 20.306640625
2026-07-11; 15:03:47; 1147; 113; 37.7; 1004.8744140625; 20.26171875
2026-07-11; 15:04:47; 1128; 110; 37.69; 1004.8941015625; 20.23828125
2026-07-11; 15:05:47; 1147; 113; 37.71; 1004.8069921875; 20.23828125
2026-07-11; 15:06:47; 1147; 113; 37.66; 1004.8673046875; 20.271484375
2026-07-11; 15:07:47; 1065; 101; 37.62; 1004.8681640625; 20.26953125
2026-07-11; 15:08:47; 1077; 103; 37.62; 1004.8958203125; 20.3046875
2026-07-11; 15:09:47; 1181; 118; 37.61; 1004.8525; 20.3505859375
2026-07-11; 15:10:47; 1248; 129; 37.57; 1004.7624609375; 20.3486328125
2026-07-11; 15:11:47; 1288; 135; 37.58; 1004.695078125; 20.349609375
2026-07-11; 15:12:47; 1352; 145; 37.64; 1004.7530859375; 20.3056640625
2026-07-11; 15:13:47; 1321; 140; 37.65; 1004.8240234375; 20.2939453125
2026-07-11; 15:14:47; 1307; 138; 37.67; 1004.7445703125; 20.2373046875
2026-07-11; 15:15:47; 1288; 135; 37.67; 1004.7169140625; 20.248046875
2026-07-11; 15:16:47; 1321; 140; 37.68; 1004.7401953125; 20.2490234375
2026-07-11; 15:17:47; 1352; 145; 37.68; 1004.7678515625; 20.2607421875
2026-07-11; 15:18:47; 1400; 152; 37.65; 1004.8316796875; 20.2705078125
2026-07-11; 15:19:48; 1497; 170; 37.66; 1004.8396484375; 20.283203125
2026-07-11; 15:20:48; 1505; 175; 37.53; 1004.790625; 20.3701171875
2026-07-11; 15:21:48; 1511; 178; 37.6; 1004.7816015625; 20.3271484375
2026-07-11; 15:22:48; 1515; 181; 37.62; 1004.7771875; 20.3046875
2026-07-11; 15:23:48; 1511; 178; 37.62; 1004.80484375; 20.28125
2026-07-11; 15:24:48; 1511; 178; 37.62; 1004.72984375; 20.3046875
2026-07-11; 15:25:48; 1523; 187; 37.65; 1004.7133984375; 20.2822265625
2026-07-11; 15:26:48; 1528; 191; 37.6; 1004.7816015625; 20.2919921875
2026-07-11; 15:27:48; 1532; 193; 37.64; 1004.7254296875; 20.2353515625
2026-07-11; 15:28:48; 1552; 208; 37.58; 1004.7424609375; 20.3369140625
2026-07-11; 15:29:48; 1543; 202; 37.47; 1004.7523046875; 20.390625
2026-07-11; 15:30:48; 1505; 175; 37.49; 1004.665234375; 20.3447265625
2026-07-11; 15:31:48; 1497; 170; 37.44; 1004.6775390625; 20.3779296875
2026-07-11; 15:32:48; 1436; 157; 37.47; 1004.64171875; 20.3330078125
2026-07-11; 15:33:48; 1372; 148; 37.52; 1004.6644140625; 20.30078125
2026-07-11; 15:34:48; 1307; 138; 37.55; 1004.73890625; 20.208984375
2026-07-11; 15:35:48; 1231; 126; 37.55; 1004.7112109375; 20.185546875
2026-07-11; 15:36:48; 1248; 129; 37.61; 1004.7892578125; 20.19921875
2026-07-11; 15:37:48; 1248; 129; 37.56; 1004.7268359375; 20.185546875
2026-07-11; 15:38:48; 1248; 129; 37.52; 1004.6920703125; 20.21875
2026-07-11; 15:39:48; 1321; 140; 37.55; 1004.6835546875; 20.2314453125
2026-07-11; 15:40:48; 1458; 161; 37.59; 1004.683046875; 20.2451171875
2026-07-11; 15:41:48; 1400; 152; 37.59; 1004.655390625; 20.12890625
2026-07-11; 15:42:48; 1352; 145; 37.61; 1004.7062890625; 20.1064453125
2026-07-11; 15:43:48; 1385; 150; 37.58; 1004.722734375; 20.2099609375
2026-07-11; 15:44:48; 1505; 175; 37.58; 1004.6871484375; 20.279296875
2026-07-11; 15:45:48; 1519; 184; 37.6; 1004.6986328125; 20.2109375
2026-07-11; 15:46:48; 1400; 152; 37.58; 1004.631796875; 20.01171875
2026-07-11; 15:47:48; 1385; 150; 37.5; 1004.736171875; 20.2177734375
2026-07-11; 15:48:48; 1416; 154; 37.51; 1004.7594140625; 20.2177734375
2026-07-11; 15:49:48; 1474; 163; 37.54; 1004.66796875; 20.1962890625
2026-07-11; 15:50:48; 1511; 178; 37.55; 1004.64828125; 20.2431640625
2026-07-11; 15:51:48; 1536; 196; 37.55; 1004.5929296875; 20.2197265625
2026-07-11; 15:52:48; 1560; 215; 37.51; 1004.6411328125; 20.2646484375
2026-07-11; 15:53:48; 1543; 202; 37.54; 1004.6879296875; 20.1611328125
2026-07-11; 15:54:48; 1532; 193; 37.59; 1004.655390625; 20.140625
2026-07-11; 15:55:48; 1564; 218; 37.49; 1004.609921875; 20.322265625
2026-07-11; 15:56:48; 1578; 227; 37.45; 1004.66578125; 20.1923828125
2026-07-11; 15:57:48; 1556; 211; 37.4; 1004.6151171875; 20.294921875
2026-07-11; 15:58:48; 1511; 178; 37.42; 1004.591015625; 20.09765625
2026-07-11; 15:59:48; 1474; 163; 37.48; 1004.6019921875; 20.1474609375
2026-07-11; 16:00:48; 1497; 170; 37.47; 1004.58640625; 20.146484375
2026-07-11; 16:01:48; 1458; 161; 37.49; 1004.6176171875; 20.1357421875
2026-07-11; 16:02:49; 1491; 166; 37.51; 1004.6211328125; 20.13671875
2026-07-11; 16:03:49; 1491; 166; 37.52; 1004.6091015625; 20.1259765625
2026-07-11; 16:04:49; 1505; 175; 37.48; 1004.6773046875; 20.1591796875
2026-07-11; 16:05:49; 1523; 187; 37.51; 1004.5858203125; 20.16015625
2026-07-11; 16:06:49; 1532; 193; 37.54; 1004.57734375; 20.115234375
2026-07-11; 16:07:49; 1547; 205; 37.58; 1004.631796875; 20.08203125
2026-07-11; 16:08:49; 1575; 226; 37.56; 1004.560859375; 20.0927734375
2026-07-11; 16:09:49; 1575; 226; 37.6; 1004.5523828125; 20.0009765625
2026-07-11; 16:10:49; 1564; 218; 37.58; 1004.576484375; 20.03515625
2026-07-11; 16:11:49; 1564; 218; 37.56; 1004.5332421875; 20.03515625
2026-07-11; 16:12:49; 1578; 227; 37.57; 1004.6241796875; 20.0703125
2026-07-11; 16:13:49; 1598; 243; 37.57; 1004.541171875; 20.05859375
2026-07-11; 16:14:49; 1598; 243; 37.54; 1004.605; 20.068359375
2026-07-11; 16:15:49; 1588; 235; 37.58; 1004.604140625; 20.03515625
2026-07-11; 16:16:49; 1616; 261; 37.49; 1004.609921875; 20.1708984375
2026-07-11; 16:17:49; 1616; 261; 37.42; 1004.563359375; 20.14453125
2026-07-11; 16:18:49; 1612; 257; 37.47; 1004.47578125; 20.146484375
2026-07-11; 16:19:49; 1602; 247; 37.52; 1004.4355078125; 20.033203125
2026-07-11; 16:20:49; 1592; 238; 37.51; 1004.455234375; 20.0556640625
2026-07-11; 16:21:49; 1575; 226; 37.54; 1004.46671875; 20.0224609375
2026-07-11; 16:22:49; 1592; 238; 37.56; 1004.470234375; 20.0224609375
2026-07-11; 16:23:49; 1607; 253; 37.55; 1004.4899609375; 20.01171875
2026-07-11; 16:24:49; 1624; 266; 37.55; 1004.4269921875; 20.0224609375
2026-07-11; 16:25:49; 1642; 284; 37.52; 1004.4078515625; 20.0791015625
2026-07-11; 16:26:49; 1651; 290; 37.45; 1004.4998828125; 20.0419921875
2026-07-11; 16:27:49; 1637; 279; 37.44; 1004.4562890625; 20.064453125
2026-07-11; 16:28:49; 1616; 261; 37.51; 1004.3922265625; 19.962890625
2026-07-11; 16:29:49; 1612; 257; 37.52; 1004.4431640625; 19.9521484375
2026-07-11; 16:30:49; 1588; 235; 37.56; 1004.4149609375; 19.91796875
2026-07-11; 16:31:49; 1588; 235; 37.53; 1004.45109375; 19.9638671875
2026-07-11; 16:32:49; 1598; 243; 37.53; 1004.4034375; 19.9638671875
2026-07-11; 16:33:49; 1592; 238; 37.57; 1004.402890625; 19.9306640625
2026-07-11; 16:34:49; 1616; 261; 37.57; 1004.347578125; 19.9423828125
2026-07-11; 16:35:49; 1616; 261; 37.58; 1004.3631640625; 19.896484375
2026-07-11; 16:36:49; 1607; 253; 37.61; 1004.41; 19.828125
2026-07-11; 16:37:49; 1602; 247; 37.58; 1004.3078515625; 19.837890625
2026-07-11; 16:38:49; 1612; 257; 37.58; 1004.272265625; 19.837890625
2026-07-11; 16:39:49; 1628; 271; 37.49; 1004.2857421875; 19.9501953125
2026-07-11; 16:40:49; 1637; 279; 37.52; 1004.4431640625; 19.9638671875
2026-07-11; 16:41:49; 1642; 284; 37.54; 1004.28078125; 19.89453125
2026-07-11; 16:42:49; 1665; 304; 37.55; 1004.2887109375; 19.9296875
2026-07-11; 16:43:49; 1651; 290; 37.54; 1004.24546875; 19.859375
2026-07-11; 16:44:49; 1632; 275; 37.53; 1004.2928125; 19.8828125
2026-07-11; 16:45:50; 1616; 261; 37.54; 1004.22546875; 19.8251953125
2026-07-11; 16:46:50; 1607; 253; 37.54; 1004.30078125; 19.8359375
2026-07-11; 16:47:50; 1607; 253; 37.47; 1004.36515625; 19.8916015625
2026-07-11; 16:48:50; 1616; 261; 37.53; 1004.2928125; 19.859375
2026-07-11; 16:49:50; 1632; 275; 37.43; 1004.3301171875; 19.9365234375
2026-07-11; 16:50:50; 1651; 290; 37.34; 1004.3005859375; 20.0478515625
2026-07-11; 16:51:50; 1642; 284; 37.36; 1004.2488671875; 20.0263671875
2026-07-11; 16:52:50; 1628; 271; 37.45; 1004.188046875; 19.9248046875
2026-07-11; 16:53:50; 1578; 227; 37.46; 1004.183671875; 19.8095703125
2026-07-11; 16:54:50; 1588; 235; 37.44; 1004.1798046875; 19.890625
2026-07-11; 16:55:50; 1583; 231; 37.46; 1004.176015625; 19.87890625
2026-07-11; 16:56:50; 1583; 231; 37.5; 1004.190703125; 19.8232421875
2026-07-11; 16:57:50; 1583; 231; 37.5; 1004.1277734375; 19.7646484375
2026-07-11; 16:58:50; 1578; 227; 37.47; 1004.1439453125; 19.8330078125
2026-07-11; 16:59:50; 1578; 227; 37.52; 1004.1942578125; 19.8125
2026-07-11; 17:00:50; 1578; 227; 37.5; 1004.1630859375; 19.8115234375
2026-07-11; 17:01:50; 1578; 227; 37.44; 1004.2074609375; 19.84375
2026-07-11; 17:02:50; 1588; 235; 37.44; 1004.1798046875; 19.9130859375
2026-07-11; 17:03:50; 1602; 247; 37.48; 1004.21484375; 19.845703125
2026-07-11; 17:04:50; 1602; 247; 37.49; 1004.17515625; 19.7998046875
2026-07-11; 17:05:50; 1602; 247; 37.52; 1004.1112890625; 19.7890625
2026-07-11; 17:06:50; 1612; 257; 37.55; 1004.1227734375; 19.7783203125
2026-07-11; 17:07:50; 1616; 261; 37.44; 1004.1521484375; 19.8671875
2026-07-11; 17:08:50; 1624; 266; 37.4; 1004.2003515625; 19.8994140625
2026-07-11; 17:09:50; 1616; 261; 37.45; 1004.168046875; 19.890625
2026-07-11; 17:10:50; 1637; 279; 37.33; 1004.14671875; 19.9775390625
2026-07-11; 17:11:50; 1628; 271; 37.3; 1004.127578125; 20.01171875
2026-07-11; 17:12:50; 1612; 257; 37.42; 1004.1209765625; 19.912109375
2026-07-11; 17:13:50; 1592; 238; 37.47; 1004.0609765625; 19.8447265625
2026-07-11; 17:14:50; 1602; 247; 37.43; 1004.1365625; 19.85546875
2026-07-11; 17:15:50; 1598; 243; 37.47; 1004.1162890625; 19.8447265625
2026-07-11; 17:16:50; 1592; 238; 37.5; 1004.190703125; 19.7880859375
2026-07-11; 17:17:50; 1607; 253; 37.51; 1004.095703125; 19.7998046875
2026-07-11; 17:18:50; 1602; 247; 37.48; 1004.1042578125; 19.845703125
2026-07-11; 17:19:50; 1602; 247; 37.5; 1004.1554296875; 19.8349609375
2026-07-11; 17:20:50; 1612; 257; 37.5; 1004.1554296875; 19.7998046875
2026-07-11; 17:21:50; 1607; 253; 37.53; 1004.1822265625; 19.7431640625
2026-07-11; 17:22:50; 1588; 235; 37.55; 1004.2610546875; 19.744140625
2026-07-11; 17:23:50; 1583; 231; 37.54; 1004.28078125; 19.744140625
2026-07-11; 17:24:50; 1598; 243; 37.52; 1004.2495703125; 19.7890625
2026-07-11; 17:25:50; 1607; 253; 37.5; 1004.273671875; 19.7998046875
2026-07-11; 17:26:50; 1607; 253; 37.51; 1004.309296875; 19.8466796875
2026-07-11; 17:27:50; 1637; 279; 37.38; 1004.2876953125; 19.9228515625
2026-07-11; 17:28:51; 1637; 279; 37.3; 1004.30109375; 19.98828125
2026-07-11; 17:29:51; 1637; 279; 37.42; 1004.2948046875; 19.923828125
2026-07-11; 17:30:51; 1628; 271; 37.48; 1004.3177734375; 19.833984375
2026-07-11; 17:31:51; 1628; 271; 37.48; 1004.2701171875; 19.857421875
2026-07-11; 17:32:51; 1628; 271; 37.47; 1004.30984375; 19.8564453125
2026-07-11; 17:33:51; 1637; 279; 37.45; 1004.223359375; 19.87890625
2026-07-11; 17:34:51; 1651; 290; 37.46; 1004.2942578125; 19.92578125
2026-07-11; 17:35:51; 1665; 304; 37.49; 1004.2780859375; 19.845703125
2026-07-11; 17:36:51; 1655; 294; 37.45; 1004.2709765625; 19.87890625
2026-07-11; 17:37:51; 1637; 279; 37.49; 1004.2857421875; 19.845703125
2026-07-11; 17:38:51; 1651; 290; 37.42; 1004.2948046875; 19.8896484375
2026-07-11; 17:39:51; 1642; 284; 37.39; 1004.38625; 19.9345703125
2026-07-11; 17:40:51; 1655; 294; 37.35; 1004.343828125; 19.9677734375
2026-07-11; 17:41:51; 1655; 294; 37.37; 1004.244453125; 19.9794921875
2026-07-11; 17:42:51; 1655; 294; 37.43; 1004.2748046875; 19.982421875
2026-07-11; 17:43:51; 1655; 294; 37.46; 1004.2389453125; 19.9140625
2026-07-11; 17:44:51; 1665; 304; 37.45; 1004.215703125; 19.9130859375
2026-07-11; 17:45:51; 1674; 313; 37.46; 1004.211328125; 19.92578125
2026-07-11; 17:46:51; 1674; 313; 37.45; 1004.2786328125; 19.9375
2026-07-11; 17:47:51; 1686; 325; 37.45; 1004.168046875; 19.92578125
2026-07-11; 17:48:51; 1660; 298; 37.42; 1004.2315625; 19.888671875
2026-07-11; 17:49:51; 1674; 313; 37.42; 1004.1209765625; 19.970703125
2026-07-11; 17:50:51; 1665; 304; 37.44; 1004.1721484375; 19.9248046875
2026-07-11; 17:51:51; 1669; 308; 37.41; 1004.1330078125; 19.9697265625
2026-07-11; 17:52:51; 1665; 304; 37.45; 1004.168046875; 19.92578125
2026-07-11; 17:53:51; 1655; 294; 37.45; 1004.049765625; 19.890625
2026-07-11; 17:54:51; 1651; 290; 37.46; 1004.128359375; 19.90234375
2026-07-11; 17:55:51; 1660; 298; 37.45; 1004.140390625; 19.92578125
2026-07-11; 17:56:51; 1642; 284; 37.48; 1004.0766015625; 19.9033203125
2026-07-11; 17:57:51; 1655; 294; 37.43; 1004.08125; 19.9013671875
2026-07-11; 17:58:51; 1665; 304; 37.39; 1004.1018359375; 19.98046875
2026-07-11; 17:59:51; 1665; 304; 37.37; 1004.09828125; 20.0263671875
2026-07-11; 18:00:51; 1686; 325; 37.41; 1004.077734375; 20.0048828125
2026-07-11; 18:01:51; 1696; 335; 37.43; 1004.08125; 19.982421875
2026-07-11; 18:02:51; 1674; 313; 37.48; 1004.0966015625; 19.9033203125
2026-07-11; 18:03:51; 1665; 304; 37.46; 1004.045390625; 19.92578125
2026-07-11; 18:04:51; 1665; 304; 37.48; 1003.9936328125; 19.8798828125
2026-07-11; 18:05:51; 1660; 298; 37.48; 1004.1042578125; 19.9150390625
2026-07-11; 18:06:51; 1655; 294; 37.44; 1004.116875; 19.970703125
2026-07-11; 18:07:51; 1655; 294; 37.46; 1004.045390625; 19.9609375
2026-07-11; 18:08:51; 1642; 284; 37.42; 1004.0103515625; 19.9814453125
2026-07-11; 18:09:51; 1665; 304; 37.43; 1003.94296875; 19.994140625
2026-07-11; 18:10:51; 1682; 321; 37.35; 1004.01203125; 20.048828125
2026-07-11; 18:11:52; 1686; 325; 37.33; 1004.1190625; 20.0703125
2026-07-11; 18:12:52; 1692; 331; 37.38; 1004.1138671875; 20.0615234375
2026-07-11; 18:13:52; 1704; 342; 37.39; 1004.0741796875; 20.0732421875
2026-07-11; 18:14:52; 1692; 331; 37.45; 1004.085078125; 19.9716796875
2026-07-11; 18:15:52; 1696; 335; 37.41; 1004.077734375; 20.0048828125
2026-07-11; 18:16:52; 1709; 348; 37.38; 1003.9559375; 20.02734375
2026-07-11; 18:17:52; 1729; 366; 37.36; 1003.98; 20.107421875
2026-07-11; 18:18:52; 1734; 371; 37.3; 1004.0523046875; 20.1396484375
2026-07-11; 18:19:52; 1729; 366; 37.33; 1004.0914453125; 20.10546875
2026-07-11; 18:20:52; 1729; 366; 37.29; 1004.0290625; 20.173828125
2026-07-11; 18:21:52; 1744; 385; 37.33; 1004.0637890625; 20.1640625
2026-07-11; 18:22:52; 1734; 371; 37.35; 1004.06734375; 20.1181640625
2026-07-11; 18:23:52; 1734; 371; 37.31; 1004.143203125; 20.1396484375
2026-07-11; 18:24:52; 1729; 366; 37.36; 1004.0353125; 20.130859375
2026-07-11; 18:25:52; 1752; 392; 37.26; 1004.0451953125; 20.2421875
2026-07-11; 18:26:52; 1752; 392; 37.24; 1004.0969140625; 20.2294921875
2026-07-11; 18:27:52; 1734; 371; 37.3; 1004.072265625; 20.162109375
2026-07-11; 18:28:52; 1704; 342; 37.36; 1004.090625; 20.072265625
2026-07-11; 18:29:52; 1696; 335; 37.41; 1004.0580078125; 20.0751953125
2026-07-11; 18:30:52; 1714; 352; 37.31; 1004.095546875; 20.1279296875
2026-07-11; 18:31:52; 1709; 348; 37.32; 1004.1311328125; 20.140625
2026-07-11; 18:32:52; 1696; 335; 37.34; 1004.0241015625; 20.15234375
2026-07-11; 18:33:52; 1704; 342; 37.31; 1004.095546875; 20.1513671875
2026-07-11; 18:34:52; 1692; 331; 37.35; 1004.0396875; 20.1298828125
2026-07-11; 18:35:52; 1682; 321; 37.41; 1004.022421875; 20.0625
2026-07-11; 18:36:52; 1674; 313; 37.39; 1004.0188671875; 20.0849609375
2026-07-11; 18:37:52; 1674; 313; 37.4; 1004.0700390625; 20.05078125
2026-07-11; 18:38:52; 1674; 313; 37.41; 1004.105390625; 20.0048828125
2026-07-11; 18:39:52; 1665; 304; 37.37; 1004.1062109375; 20.083984375
2026-07-11; 18:40:52; 1674; 313; 37.4; 1004.117421875; 20.09765625
2026-07-11; 18:41:52; 1682; 321; 37.39; 1004.054453125; 20.07421875
2026-07-11; 18:42:52; 1696; 335; 37.36; 1004.1935546875; 20.119140625
2026-07-11; 18:43:52; 1714; 352; 37.38; 1004.1138671875; 20.130859375
2026-07-11; 18:44:52; 1721; 359; 37.37; 1004.09828125; 20.107421875
2026-07-11; 18:45:52; 1714; 352; 37.31; 1004.095546875; 20.1513671875
2026-07-11; 18:46:52; 1709; 348; 37.37; 1004.2088671875; 20.130859375
2026-07-11; 18:47:52; 1714; 352; 37.39; 1004.137421875; 20.09765625
2026-07-11; 18:48:52; 1714; 352; 37.33; 1004.1190625; 20.1640625
2026-07-11; 18:49:52; 1709; 348; 37.38; 1004.0941796875; 20.1083984375
2026-07-11; 18:50:52; 1696; 335; 37.34; 1004.1070703125; 20.1181640625
2026-07-11; 18:51:52; 1696; 335; 37.34; 1004.1070703125; 20.1064453125
2026-07-11; 18:52:52; 1674; 313; 37.35; 1004.12265625; 20.1181640625
2026-07-11; 18:53:52; 1686; 325; 37.33; 1004.0991015625; 20.10546875
2026-07-11; 18:54:53; 1686; 325; 37.27; 1004.1437109375; 20.1728515625
2026-07-11; 18:55:53; 1682; 321; 37.29; 1004.0919921875; 20.197265625
2026-07-11; 18:56:53; 1674; 313; 37.36; 1004.090625; 20.095703125
2026-07-11; 18:57:53; 1637; 279; 37.32; 1004.075859375; 20.08203125
2026-07-11; 18:58:53; 1642; 284; 37.3; 1004.127578125; 20.150390625
2026-07-11; 18:59:53; 1612; 257; 37.35; 1004.1302734375; 20.0947265625
2026-07-11; 19:00:53; 1632; 275; 37.26; 1004.1637109375; 20.23046875
2026-07-11; 19:01:53; 1628; 271; 37.3; 1004.155234375; 20.138671875
2026-07-11; 19:02:53; 1624; 266; 37.23; 1004.1445703125; 20.18359375
2026-07-11; 19:03:53; 1598; 243; 37.28; 1004.186953125; 20.115234375
2026-07-11; 19:04:53; 1607; 253; 37.32; 1004.1311328125; 20.09375
2026-07-11; 19:05:53; 1598; 243; 37.32; 1004.1311328125; 20.1171875
2026-07-11; 19:06:53; 1602; 247; 37.35; 1004.316171875; 20.1181640625
2026-07-11; 19:07:53; 1598; 243; 37.24; 1004.2075; 20.171875
2026-07-11; 19:08:53; 1607; 253; 37.3; 1004.2181640625; 20.197265625
2026-07-11; 19:09:53; 1616; 261; 37.29; 1004.2578515625; 20.1279296875
2026-07-11; 19:10:53; 1628; 271; 37.19; 1004.1926953125; 20.2509765625
2026-07-11; 19:11:53; 1655; 294; 37.22; 1004.1762890625; 20.287109375
2026-07-11; 19:12:53; 1642; 284; 37.18; 1004.1218359375; 20.2275390625
2026-07-11; 19:13:53; 1616; 261; 37.19; 1004.1294921875; 20.1689453125
2026-07-11; 19:14:53; 1602; 247; 37.16; 1004.1379296875; 20.16796875
2026-07-11; 19:15:53; 1598; 243; 37.18; 1004.26; 20.23828125
2026-07-11; 19:16:53; 1612; 257; 37.14; 1004.1423046875; 20.2373046875
2026-07-11; 19:17:53; 1583; 231; 37.18; 1004.196796875; 20.1806640625
2026-07-11; 19:18:53; 1564; 218; 37.25; 1004.2033984375; 20.0673828125
2026-07-11; 19:19:53; 1575; 226; 37.21; 1004.2159375; 20.169921875
2026-07-11; 19:20:53; 1602; 247; 37.15; 1004.2684765625; 20.2724609375
2026-07-11; 19:21:53; 1624; 266; 37.12; 1004.256953125; 20.259765625
2026-07-11; 19:22:53; 1616; 261; 37.11; 1004.233671875; 20.2001953125
2026-07-11; 19:23:53; 1578; 227; 37.16; 1004.220859375; 20.14453125
2026-07-11; 19:24:53; 1583; 231; 37.11; 1004.2137109375; 20.212890625
2026-07-11; 19:25:53; 1583; 231; 37.17; 1004.2444140625; 20.203125
2026-07-11; 19:26:53; 1598; 243; 37.17; 1004.2444140625; 20.203125
2026-07-11; 19:27:53; 1578; 227; 37.24; 1004.2627734375; 20.11328125
2026-07-11; 19:28:53; 1583; 231; 37.24; 1004.2430859375; 20.13671875
2026-07-11; 19:29:53; 1598; 243; 37.25; 1004.306015625; 20.125
2026-07-11; 19:30:53; 1612; 257; 37.21; 1004.18828125; 20.181640625
2026-07-11; 19:31:53; 1632; 275; 37.17; 1004.2444140625; 20.203125
2026-07-11; 19:32:53; 1637; 279; 37.21; 1004.22390625; 20.158203125
2026-07-11; 19:33:53; 1642; 284; 37.2; 1004.26359375; 20.2158203125
2026-07-11; 19:34:53; 1637; 279; 37.21; 1004.27921875; 20.1357421875
2026-07-11; 19:35:53; 1628; 271; 37.21; 1004.24359375; 20.1474609375
2026-07-11; 19:36:53; 1632; 275; 37.2; 1004.26359375; 20.169921875
2026-07-11; 19:37:54; 1660; 298; 37.19; 1004.26765625; 20.123046875
2026-07-11; 19:38:54; 1642; 284; 37.13; 1004.217265625; 20.1201171875
2026-07-11; 19:39:54; 1628; 271; 37.17; 1004.236484375; 20.1103515625
2026-07-11; 19:40:54; 1637; 279; 37.14; 1004.2805078125; 20.2021484375
2026-07-11; 19:41:54; 1642; 284; 37.16; 1004.2484765625; 20.1796875
2026-07-11; 19:42:54; 1655; 294; 37.13; 1004.237265625; 20.1552734375
2026-07-11; 19:43:54; 1624; 266; 37.13; 1004.2925390625; 20.109375
2026-07-11; 19:44:54; 1607; 253; 37.03; 1004.2469921875; 20.126953125
2026-07-11; 19:45:54; 1711; 231; 37.08; 1004.269765625; 20.17578125
2026-07-11; 19:46:54; 1578; 227; 37.07; 1004.3450390625; 20.2109375
2026-07-11; 19:47:54; 1598; 243; 37.06; 1004.266171875; 20.2216796875
2026-07-11; 19:48:54; 1628; 271; 37.04; 1004.2153125; 20.1865234375
2026-07-11; 19:49:54; 1637; 279; 36.98; 1004.295078125; 20.380859375
2026-07-11; 19:50:54; 1632; 275; 37.06; 1004.3491015625; 20.2099609375
2026-07-11; 19:51:54; 1628; 271; 37.07; 1004.2541796875; 20.19921875
2026-07-11; 19:52:54; 1628; 271; 37.05; 1004.286171875; 20.1171875
2026-07-11; 19:53:54; 1628; 271; 37.08; 1004.3250390625; 20.1533203125
2026-07-11; 19:54:54; 1616; 261; 37.06; 1004.3491015625; 20.15234375
2026-07-11; 19:55:54; 1612; 257; 37.08; 1004.3526953125; 20.1416015625
2026-07-11; 19:56:54; 1578; 227; 37.09; 1004.313046875; 20.037109375
2026-07-11; 19:57:54; 1578; 227; 37.05; 1004.3414453125; 20.05859375
2026-07-11; 19:58:54; 1556; 211; 37.05; 1004.2782421875; 20.0244140625
2026-07-11; 19:59:54; 1532; 193; 37.08; 1004.3250390625; 19.978515625
2026-07-11; 20:00:54; 1543; 202; 37.09; 1004.34859375; 20.0146484375
2026-07-11; 20:01:54; 1547; 205; 37.14; 1004.39109375; 20.0048828125
2026-07-11; 20:02:54; 1519; 184; 37.15; 1004.434296875; 19.8427734375
2026-07-11; 20:03:54; 1511; 178; 37.11; 1004.4348046875; 19.9453125
2026-07-11; 20:04:54; 1491; 166; 37.14; 1004.418671875; 19.876953125
2026-07-11; 20:05:54; 1474; 163; 37.11; 1004.4271484375; 19.8408203125
2026-07-11; 20:06:54; 1474; 163; 37.13; 1004.35546875; 19.853515625
2026-07-11; 20:07:54; 1515; 181; 37.03; 1004.4128125; 20.0458984375
2026-07-11; 20:08:54; 1528; 191; 37.01; 1004.3539453125; 20.068359375
2026-07-11; 20:09:54; 1511; 178; 37.05; 1004.4440234375; 19.919921875
2026-07-11; 20:10:54; 1474; 163; 37.02; 1004.40515625; 19.8251953125
2026-07-11; 20:11:54; 1497; 170; 37.01; 1004.4171484375; 19.9755859375
2026-07-11; 20:12:54; 1511; 178; 37.04; 1004.40078125; 19.9775390625
2026-07-11; 20:13:54; 1505; 175; 36.96; 1004.4296484375; 20.0205078125
2026-07-11; 20:14:54; 1491; 166; 36.94; 1004.4533984375; 19.869140625
2026-07-11; 20:15:54; 1458; 161; 36.92; 1004.469765625; 19.9951171875
2026-07-11; 20:16:55; 1458; 161; 36.91; 1004.4265234375; 20.005859375
2026-07-11; 20:17:55; 1458; 161; 36.91; 1004.4265234375; 19.9482421875
2026-07-11; 20:18:55; 1385; 150; 36.88; 1004.4701953125; 19.970703125
2026-07-11; 20:19:55; 1416; 154; 36.86; 1004.4865625; 19.9921875
2026-07-11; 20:20:55; 1385; 150; 36.84; 1004.51828125; 19.88671875
2026-07-11; 20:21:55; 1274; 133; 36.81; 1004.4993359375; 20.001953125
2026-07-11; 20:22:55; 1248; 129; 36.79; 1004.4205078125; 19.8740234375
2026-07-11; 20:23:55; 1181; 118; 36.75; 1004.5237890625; 19.9990234375
2026-07-11; 20:24:55; 1181; 118; 36.74; 1004.5633984375; 19.9755859375
2026-07-11; 20:25:55; 1113; 108; 36.75; 1004.5161328125; 19.9296875
2026-07-11; 20:26:55; 1113; 108; 36.76; 1004.5041015625; 19.94140625
2026-07-11; 20:27:55; 1168; 117; 36.75; 1004.496171875; 19.9296875
2026-07-11; 20:28:55; 1090; 105; 36.8; 1004.511328125; 19.908203125
2026-07-11; 20:29:55; 1215; 124; 36.74; 1004.4529296875; 20.0224609375
2026-07-11; 20:30:55; 1231; 126; 36.76; 1004.4841796875; 19.98828125
2026-07-11; 20:31:55; 1262; 131; 36.75; 1004.496171875; 19.9990234375
2026-07-11; 20:32:55; 1168; 117; 36.76; 1004.5041015625; 19.8955078125
2026-07-11; 20:33:55; 1168; 117; 36.73; 1004.5125; 19.974609375
2026-07-11; 20:34:55; 1065; 101; 36.73; 1004.52015625; 19.720703125
2026-07-11; 20:35:55; 967; 86; 36.71; 1004.5917578125; 19.6845703125
2026-07-11; 20:36:55; 967; 86; 36.7; 1004.6313671875; 19.892578125
2026-07-11; 20:37:55; 1012; 93; 36.7; 1004.5009375; 19.8115234375
2026-07-11; 20:38:55; 1001; 91; 36.7; 1004.5837890625; 19.8349609375
2026-07-11; 20:39:55; 1047; 98; 36.7; 1004.6313671875; 19.869140625
2026-07-11; 20:40:55; 1090; 105; 36.7; 1004.60375; 19.8115234375
2026-07-11; 20:41:55; 1047; 98; 36.71; 1004.6546484375; 19.8125
2026-07-11; 20:42:55; 1047; 98; 36.71; 1004.7022265625; 19.75390625
2026-07-11; 20:43:55; 1029; 95; 36.73; 1004.650625; 19.7666015625
2026-07-11; 20:44:55; 1029; 95; 36.7; 1004.6666796875; 19.6845703125
2026-07-11; 20:45:55; 951; 83; 36.68; 1004.663046875; 19.6015625
2026-07-11; 20:46:56; 880; 73; 36.71; 1004.6469921875; 19.6494140625
2026-07-11; 20:47:56; 870; 71; 36.67; 1004.7105859375; 19.63671875
2026-07-11; 20:48:56; 870; 71; 36.65; 1004.7069921875; 19.56640625
2026-07-11; 20:49:56; 821; 64; 36.67; 1004.738203125; 19.5791015625
2026-07-11; 20:50:56; 838; 66; 36.61; 1004.6365234375; 19.73828125
2026-07-11; 20:51:56; 795; 60; 36.58; 1004.6448828125; 19.7138671875
2026-07-11; 20:52:56; 776; 57; 36.58; 1004.6528515625; 19.609375
2026-07-11; 20:53:56; 763; 55; 36.6; 1004.6564453125; 19.552734375
2026-07-11; 20:54:56; 714; 47; 36.58; 1004.6528515625; 19.435546875
2026-07-11; 20:55:56; 726; 49; 36.59; 1004.688125; 19.5634765625
2026-07-11; 20:56:56; 748; 53; 36.6; 1004.648515625; 19.4482421875
2026-07-11; 20:57:56; 699; 45; 36.59; 1004.7237109375; 19.447265625
2026-07-11; 20:58:56; 694; 44; 36.58; 1004.6448828125; 19.4013671875
2026-07-11; 20:59:56; 660; 39; 36.6; 1004.70375; 19.4365234375
2026-07-11; 21:00:56; 671; 41; 36.61; 1004.69171875; 19.390625
2026-07-11; 21:01:56; 699; 45; 36.58; 1004.68046875; 19.3896484375
2026-07-11; 21:02:56; 674; 41; 36.59; 1004.6605078125; 19.3544921875
2026-07-11; 21:03:56; 694; 44; 36.57; 1004.66484375; 19.4931640625
2026-07-11; 21:04:56; 674; 41; 36.62; 1004.7073828125; 19.3095703125
2026-07-11; 21:05:56; 686; 43; 36.59; 1004.751328125; 19.4013671875
2026-07-11; 21:06:56; 706; 46; 36.52; 1004.6971484375; 19.36328125
2026-07-11; 21:07:56; 699; 45; 36.55; 1004.6811328125; 19.4453125
2026-07-11; 21:08:56; 748; 53; 36.54; 1004.673203125; 19.421875
2026-07-11; 21:09:56; 686; 43; 36.58; 1004.76328125; 19.2275390625
2026-07-11; 21:10:56; 599; 30; 36.52; 1004.7051171875; 19.1787109375
2026-07-11; 21:11:56; 536; 20; 36.54; 1004.7284375; 19.224609375
2026-07-11; 21:12:56; 527; 19; 36.53; 1004.7759375; 19.12109375
2026-07-11; 21:13:56; 536; 20; 36.52; 1004.7603515625; 19.259765625
2026-07-11; 21:14:56; 546; 22; 36.52; 1004.7523828125; 19.166015625
2026-07-11; 21:15:56; 586; 28; 36.51; 1004.764375; 19.375
2026-07-11; 21:16:57; 671; 41; 36.44; 1004.74546875; 19.3720703125
2026-07-11; 21:17:57; 694; 44; 36.48; 1004.7806640625; 19.3623046875
2026-07-11; 21:18:57; 686; 43; 36.49; 1004.7883203125; 19.408203125
2026-07-11; 21:19:57; 699; 45; 36.51; 1004.799921875; 19.328125
2026-07-11; 21:20:57; 726; 49; 36.51; 1004.8471875; 19.119140625
2026-07-11; 21:21:57; 649; 37; 36.48; 1004.753046875; 19.3271484375
2026-07-11; 21:22:57; 706; 46; 36.39; 1004.7854296875; 19.30078125
2026-07-11; 21:23:57; 660; 39; 36.43; 1004.840234375; 19.1279296875
2026-07-11; 21:24:57; 671; 41; 36.47; 1004.784375; 19.17578125
2026-07-11; 21:25:57; 714; 47; 36.39; 1004.7777734375; 19.1376953125
2026-07-11; 21:26:57; 671; 41; 36.45; 1004.8635546875; 19.2099609375
2026-07-11; 21:27:57; 634; 35; 36.49; 1004.871171875; 19.130859375
2026-07-11; 21:28:57; 634; 35; 36.48; 1004.863515625; 19.1533203125
2026-07-11; 21:29:57; 694; 44; 36.46; 1004.8595703125; 19.19921875
2026-07-11; 21:30:57; 754; 53; 36.42; 1004.844296875; 19.162109375
2026-07-11; 21:31:57; 726; 49; 36.44; 1004.9663671875; 19.220703125
2026-07-11; 21:32:57; 732; 50; 36.45; 1004.981953125; 19.255859375
2026-07-11; 21:33:57; 754; 53; 36.42; 1004.9823046875; 19.2783203125
2026-07-11; 21:34:57; 791; 59; 36.46; 1004.9976171875; 19.22265625
2026-07-11; 21:35:57; 880; 73; 36.37; 1005.002578125; 19.369140625
2026-07-11; 21:36:57; 907; 77; 36.39; 1005.061484375; 19.27734375
2026-07-11; 21:37:57; 907; 77; 36.34; 1004.975625; 19.3212890625
2026-07-11; 21:38:57; 918; 78; 36.38; 1005.045859375; 19.2880859375
2026-07-11; 21:39:57; 951; 83; 36.36; 1005.0698046875; 19.171875
2026-07-11; 21:40:57; 889; 74; 36.31; 1005.0391796875; 19.3427734375
2026-07-11; 21:41:57; 897; 75; 36.38; 1005.038203125; 19.1142578125
2026-07-11; 21:42:57; 889; 74; 36.42; 1005.1559375; 19.150390625
2026-07-11; 21:43:57; 933; 81; 36.28; 1005.110625; 19.330078125
2026-07-11; 21:44:57; 951; 83; 36.18; 1005.182734375; 19.314453125
2026-07-11; 21:45:58; 918; 78; 36.23; 1005.0876171875; 19.31640625
2026-07-11; 21:46:58; 951; 83; 36.19; 1005.21828125; 19.2109375
2026-07-11; 21:47:58; 832; 65; 36.33; 1005.1608984375; 19.03125
2026-07-11; 21:48:58; 838; 66; 36.3; 1005.16921875; 19.087890625
2026-07-11; 21:49:58; 848; 68; 36.3; 1005.1339453125; 19.041015625
2026-07-11; 21:50:58; 832; 65; 36.28; 1005.138203125; 19.1220703125
2026-07-11; 21:51:58; 870; 71; 36.21; 1005.1115625; 19.1884765625
2026-07-11; 21:52:58; 821; 64; 36.23; 1005.115234375; 19.0966796875
2026-07-11; 21:53:58; 772; 56; 36.27; 1005.1501953125; 18.9013671875
2026-07-11; 21:54:58; 714; 47; 36.31; 1005.1495703125; 18.9140625
2026-07-11; 21:55:58; 740; 51; 36.14; 1005.230546875; 19.046875
2026-07-11; 21:56:58; 706; 46; 36.13; 1005.262421875; 19.2890625
2026-07-11; 21:57:58; 714; 47; 36.21; 1005.194375; 19.095703125
2026-07-11; 21:58:58; 732; 50; 36.27; 1005.225; 18.8427734375
2026-07-11; 21:59:58; 754; 53; 36.23; 1005.2608984375; 19.0615234375
2026-07-11; 22:00:58; 772; 56; 36.22; 1005.2927734375; 19.0029296875
2026-07-11; 22:01:58; 791; 59; 36.22; 1005.320390625; 18.9912109375
2026-07-11; 22:02:58; 740; 51; 36.37; 1005.3062890625; 18.859375
2026-07-11; 22:03:58; 832; 65; 36.25; 1005.3673046875; 19.07421875
2026-07-11; 22:04:58; 832; 65; 36.21; 1005.304765625; 19.095703125
2026-07-11; 22:05:58; 726; 49; 36.46; 1005.3209375; 18.7119140625
2026-07-11; 22:06:58; 732; 50; 36.38; 1005.3219140625; 18.708984375
2026-07-11; 22:07:58; 748; 53; 36.32; 1005.3937109375; 18.7763671875
2026-07-11; 22:08:58; 772; 56; 36.18; 1005.4233984375; 19.0947265625
2026-07-11; 22:09:58; 791; 59; 36.3; 1005.3547265625; 18.8447265625
2026-07-11; 22:10:58; 810; 62; 36.2; 1005.427109375; 18.9208984375
2026-07-11; 22:11:58; 821; 64; 36.3; 1005.4375390625; 18.9375
2026-07-11; 22:12:58; 838; 66; 36.31; 1005.4056640625; 18.8447265625
2026-07-11; 22:13:58; 832; 65; 36.18; 1005.43109375; 19.048828125
2026-07-11; 22:14:58; 832; 65; 36.16; 1005.392109375; 19.03515625
2026-07-11; 22:15:58; 848; 68; 36.23; 1005.418828125; 18.9111328125
2026-07-11; 22:16:58; 863; 70; 36.23; 1005.4740234375; 18.98046875
2026-07-11; 22:17:58; 863; 70; 36.28; 1005.4890625; 18.8896484375
2026-07-11; 22:18:58; 870; 71; 36.24; 1005.54484375; 18.9580078125
2026-07-11; 22:19:58; 804; 61; 36.23; 1005.52921875; 18.7841796875
2026-07-11; 22:20:58; 795; 60; 36.24; 1005.5525390625; 18.9345703125
2026-07-11; 22:21:58; 810; 62; 36.27; 1005.5366015625; 18.9248046875
2026-07-11; 22:22:58; 832; 65; 36.28; 1005.6074609375; 18.9365234375
2026-07-11; 22:23:58; 832; 65; 36.23; 1005.52921875; 18.9345703125
2026-07-11; 22:24:58; 838; 66; 36.2; 1005.565078125; 19.001953125
2026-07-11; 22:25:59; 880; 73; 36.18; 1005.56140625; 19.0478515625
2026-07-11; 22:26:59; 897; 75; 36.23; 1005.584453125; 18.9580078125
2026-07-11; 22:27:59; 907; 77; 36.24; 1005.5249609375; 18.9697265625
2026-07-11; 22:28:59; 918; 78; 36.14; 1005.506484375; 19.0693359375
2026-07-11; 22:29:59; 918; 78; 36.19; 1005.549453125; 18.9208984375
2026-07-11; 22:30:59; 951; 83; 36.17; 1005.573359375; 19.0361328125
2026-07-11; 22:31:59; 977; 87; 36.18; 1005.6165625; 19.0244140625
2026-07-11; 22:32:59; 1001; 91; 36.18; 1005.6165625; 18.990234375
2026-07-11; 22:33:59; 1029; 95; 36.2; 1005.6003515625; 19.0029296875
2026-07-11; 22:34:59; 1053; 99; 36.2; 1005.655546875; 18.9912109375
2026-07-11; 22:35:59; 1065; 101; 36.2; 1005.6202734375; 19.025390625
2026-07-11; 22:36:59; 1128; 110; 36.14; 1005.5540234375; 19.0693359375
2026-07-11; 22:37:59; 1090; 105; 36.08; 1005.5861328125; 19.0791015625
2026-07-11; 22:38:59; 1102; 106; 36.08; 1005.5585546875; 19.0673828125
2026-07-11; 22:39:59; 1113; 108; 36.17; 1005.6561328125; 18.966796875
2026-07-11; 22:40:59; 1128; 110; 36.15; 1005.5773046875; 19.0009765625
2026-07-11; 22:41:59; 1147; 113; 36.13; 1005.6012109375; 19.0693359375
2026-07-11; 22:42:59; 1153; 114; 36.16; 1005.5853125; 19.09375
2026-07-11; 22:43:59; 1215; 124; 36.15; 1005.6601171875; 19.0927734375
2026-07-11; 22:44:59; 1215; 124; 36.19; 1005.6874609375; 19.013671875
2026-07-11; 22:45:59; 1248; 129; 36.18; 1005.679453125; 19.0595703125
2026-07-11; 22:46:59; 1248; 129; 36.2; 1005.655546875; 18.9912109375
2026-07-11; 22:47:59; 1274; 133; 36.15; 1005.6800390625; 19.046875
2026-07-11; 22:48:59; 1307; 138; 36.19; 1005.6046484375; 19.048828125
2026-07-11; 22:49:59; 1307; 138; 36.14; 1005.6444921875; 19.03515625
2026-07-11; 22:50:59; 1288; 135; 36.18; 1005.699375; 19.0244140625
2026-07-11; 22:51:59; 1274; 133; 36.14; 1005.691953125; 19.046875
2026-07-11; 22:52:59; 1262; 131; 36.08; 1005.6965234375; 19.0439453125
2026-07-11; 22:53:59; 1274; 133; 36.09; 1005.648984375; 19.0673828125
2026-07-11; 22:54:59; 1288; 135; 36.16; 1005.6757421875; 19.0361328125
2026-07-11; 22:55:59; 1274; 133; 36.19; 1005.74265625; 19.001953125
2026-07-11; 22:56:59; 1321; 140; 36.18; 1005.699375; 19.0478515625
2026-07-11; 22:57:59; 1338; 142; 36.11; 1005.7630859375; 19.103515625
2026-07-11; 22:58:59; 1352; 145; 36.14; 1005.7272265625; 19.0927734375
2026-07-11; 22:59:59; 1385; 150; 36.18; 1005.7545703125; 19.10546875
2026-07-11; 23:00:59; 1474; 163; 36.14; 1005.7195703125; 19.150390625
2026-07-11; 23:01:59; 1474; 163; 36.15; 1005.735234375; 19.0927734375
2026-07-11; 23:02:59; 1501; 172; 36.19; 1005.7503125; 19.0712890625
2026-07-11; 23:03:59; 1511; 178; 36.15; 1005.735234375; 19.1162109375
2026-07-11; 23:04:59; 1511; 178; 36.06; 1005.7480078125; 19.1591796875
2026-07-11; 23:05:59; 1511; 178; 36.06; 1005.7676171875; 19.169921875
2026-07-11; 23:06:59; 1511; 178; 36.13; 1005.766796875; 19.115234375
2026-07-11; 23:07:59; 1505; 175; 36.14; 1005.857578125; 19.1044921875
2026-07-11; 23:09:00; 1511; 178; 36.16; 1005.7861328125; 19.0703125
2026-07-11; 23:10:00; 1515; 181; 36.11; 1005.8381640625; 19.1494140625
2026-07-11; 23:11:00; 1519; 184; 36.13; 1005.849609375; 19.126953125
2026-07-11; 23:12:00; 1523; 187; 36.17; 1005.9044921875; 19.1171875
2026-07-11; 23:13:00; 1528; 191; 36.14; 1005.857578125; 19.150390625
2026-07-11; 23:14:00; 1519; 184; 36.07; 1005.818828125; 19.1015625
2026-07-11; 23:15:00; 1505; 175; 36.08; 1005.8620703125; 19.13671875
2026-07-11; 23:16:00; 1511; 178; 36.04; 1005.901875; 19.1806640625
2026-07-11; 23:17:00; 1511; 178; 36.08; 1005.917265625; 19.1484375
2026-07-11; 23:18:00; 1505; 175; 35.99; 1005.9419140625; 19.2255859375
2026-07-11; 23:19:00; 1511; 178; 36.04; 1005.9098046875; 19.193359375
2026-07-11; 23:20:00; 1505; 175; 36.11; 1005.9010546875; 19.115234375
2026-07-11; 23:21:00; 1511; 178; 36.12; 1005.9090625; 19.126953125
2026-07-11; 23:22:00; 1511; 178; 36.08; 1005.8896484375; 19.13671875
2026-07-11; 23:23:00; 1515; 181; 36.1; 1005.940625; 19.16015625
2026-07-11; 23:24:00; 1511; 178; 36.17; 1005.9398046875; 19.0703125
2026-07-11; 23:25:00; 1497; 170; 36.03; 1005.8941796875; 19.0185546875
2026-07-11; 23:26:00; 1474; 163; 36.08; 1005.94484375; 19.0673828125
2026-07-11; 23:27:00; 1416; 154; 36.09; 1005.9053515625; 19.021484375
2026-07-11; 23:28:00; 1372; 148; 36.05; 1005.980703125; 19.0771484375
2026-07-11; 23:29:00; 1416; 154; 36.01; 1005.9732421875; 19.1572265625
