Datum; Uhrzeit; eCO2 (ppm); tVOC (ppb); Temperatur (°C); Luftdruck (hpPa); relative Luftfeuchte (%)
2026-09-21; 02:24:23; 400; 0; 23.79; 1016.635703125; 36.822265625
2026-09-21; 02:25:23; 405; 0; 23.83; 1016.6728515625; 36.712890625
2026-09-21; 02:26:23; 405; 0; 23.86; 1016.665625; 36.681640625
2026-09-21; 02:27:23; 403; 0; 23.9; 1016.7109375; 36.5615234375
2026-09-21; 02:28:23; 402; 0; 23.9; 1016.6550390625; 36.5498046875
2026-09-21; 02:29:23; 400; 0; 23.88; 1016.6505859375; 36.537109375
2026-09-21; 02:30:23; 403; 0; 23.9; 1016.7109375; 36.5048828125
2026-09-21; 02:31:23; 403; 0; 23.89; 1016.666796875; 36.515625
2026-09-21; 02:32:23; 400; 0; 23.89; 1016.6947265625; 36.4931640625
2026-09-21; 02:33:23; 400; 0; 23.9; 1016.6748828125; 36.470703125
2026-09-21; 02:34:23; 400; 0; 23.89; 1016.658671875; 36.470703125
2026-09-21; 02:35:23; 403; 0; 23.9; 1016.6550390625; 36.4482421875
2026-09-21; 02:36:23; 406; 0; 23.89; 1016.658671875; 36.4482421875
2026-09-21; 02:37:23; 400; 0; 23.88; 1016.6421875; 36.45703125
2026-09-21; 02:38:23; 400; 0; 23.86; 1016.609765625; 36.490234375
2026-09-21; 02:39:23; 409; 1; 23.88; 1016.6421875; 36.45703125
2026-09-21; 02:40:23; 403; 0; 23.88; 1016.678515625; 36.390625
2026-09-21; 02:41:23; 403; 0; 23.92; 1016.7433203125; 36.3486328125
2026-09-21; 02:42:23; 407; 1; 23.92; 1016.7631640625; 36.326171875
2026-09-21; 02:43:23; 403; 0; 23.87; 1016.7376953125; 36.4912109375
2026-09-21; 02:44:23; 400; 0; 23.86; 1016.721484375; 36.421875
2026-09-21; 02:45:23; 406; 0; 23.85; 1016.733203125; 36.3994140625
2026-09-21; 02:46:23; 402; 0; 23.88; 1016.781796875; 36.3447265625
2026-09-21; 02:47:23; 402; 0; 23.86; 1016.6935546875; 36.3662109375
2026-09-21; 02:48:23; 402; 0; 23.87; 1016.6818359375; 36.3671875
2026-09-21; 02:49:23; 402; 0; 23.88; 1016.762265625; 36.3115234375
2026-09-21; 02:50:23; 402; 0; 23.88; 1016.762265625; 36.2890625
2026-09-21; 02:51:23; 402; 0; 23.86; 1016.721484375; 36.33203125
2026-09-21; 02:52:24; 402; 0; 23.91; 1016.6991796875; 36.2353515625
2026-09-21; 02:53:24; 402; 0; 23.89; 1016.7145703125; 36.255859375
2026-09-21; 02:54:24; 402; 0; 23.89; 1016.6866015625; 36.22265625
2026-09-21; 02:55:24; 402; 0; 23.88; 1016.7064453125; 36.232421875
2026-09-21; 02:56:24; 400; 0; 23.88; 1016.7064453125; 36.2216796875
2026-09-21; 02:57:24; 400; 0; 23.9; 1016.5911328125; 36.189453125
2026-09-21; 02:58:24; 407; 1; 23.88; 1016.6505859375; 36.1875
2026-09-21; 02:59:24; 407; 1; 23.86; 1016.617890625; 36.2197265625
2026-09-21; 03:00:24; 407; 1; 23.87; 1016.6259765625; 36.2314453125
2026-09-21; 03:01:24; 407; 1; 23.9; 1016.6550390625; 36.1435546875
2026-09-21; 03:02:24; 407; 1; 23.86; 1016.5539453125; 36.140625
2026-09-21; 03:03:24; 407; 1; 23.83; 1016.5891015625; 36.216796875
2026-09-21; 03:04:24; 407; 1; 23.81; 1016.55640625; 36.2265625
2026-09-21; 03:05:24; 400; 0; 23.82; 1016.5170703125; 36.25
2026-09-21; 03:06:24; 407; 1; 23.82; 1016.6008203125; 36.2158203125
2026-09-21; 03:07:24; 409; 1; 23.8; 1016.6320703125; 36.2490234375
2026-09-21; 03:08:24; 407; 1; 23.8; 1016.568125; 36.2373046875
2026-09-21; 03:09:24; 409; 1; 23.82; 1016.6008203125; 36.205078125
2026-09-21; 03:10:24; 407; 1; 23.79; 1016.6437890625; 36.2587890625
2026-09-21; 03:11:24; 407; 1; 23.81; 1016.6122265625; 36.193359375
2026-09-21; 03:12:24; 407; 1; 23.76; 1016.6230859375; 36.3017578125
2026-09-21; 03:13:24; 400; 0; 23.74; 1016.62671875; 36.27734375
2026-09-21; 03:14:24; 407; 1; 23.76; 1016.6149609375; 36.234375
2026-09-21; 03:15:24; 407; 1; 23.76; 1016.651015625; 36.2568359375
2026-09-21; 03:16:24; 409; 1; 23.77; 1016.6870703125; 36.2001953125
2026-09-21; 03:17:24; 409; 1; 23.79; 1016.6996484375; 36.1796875
2026-09-21; 03:18:24; 413; 1; 23.81; 1016.696015625; 36.1142578125
2026-09-21; 03:19:24; 413; 1; 23.84; 1016.71703125; 36.0263671875
2026-09-21; 03:20:24; 409; 1; 23.82; 1016.7404296875; 36.05859375
2026-09-21; 03:21:24; 407; 1; 23.8; 1016.735625; 36.0458984375
2026-09-21; 03:22:24; 400; 0; 23.77; 1016.7149609375; 36.076171875
2026-09-21; 03:23:24; 402; 0; 23.79; 1016.7275390625; 36.033203125
2026-09-21; 03:24:24; 400; 0; 23.76; 1016.7626953125; 36.04296875
2026-09-21; 03:25:24; 403; 0; 23.73; 1016.777734375; 36.1416015625
2026-09-21; 03:26:24; 400; 0; 23.74; 1016.7020703125; 36.0849609375
2026-09-21; 03:27:24; 403; 0; 23.75; 1016.746484375; 36.09765625
2026-09-21; 03:28:24; 403; 0; 23.75; 1016.71859375; 36.052734375
2026-09-21; 03:29:24; 403; 0; 23.74; 1016.6462109375; 36.0625
2026-09-21; 03:30:24; 403; 0; 23.74; 1016.73; 36.0625
2026-09-21; 03:31:24; 403; 0; 23.7; 1016.6930859375; 36.09375
2026-09-21; 03:32:24; 400; 0; 23.7; 1016.6930859375; 36.08203125
2026-09-21; 03:33:24; 403; 0; 23.73; 1016.769609375; 36.0625
2026-09-21; 03:34:24; 400; 0; 23.71; 1016.6534375; 36.0498046875
2026-09-21; 03:35:25; 403; 0; 23.73; 1016.777734375; 36.0068359375
2026-09-21; 03:36:25; 403; 0; 23.73; 1016.769609375; 35.97265625
2026-09-21; 03:37:25; 402; 0; 23.7; 1016.75703125; 35.970703125
2026-09-21; 03:38:25; 405; 0; 23.72; 1016.7615234375; 35.9609375
2026-09-21; 03:39:25; 405; 0; 23.73; 1016.7416796875; 35.9501953125
2026-09-21; 03:40:25; 408; 1; 23.75; 1016.71859375; 35.8837890625
2026-09-21; 03:41:25; 403; 0; 23.7; 1016.67328125; 35.970703125
2026-09-21; 03:42:25; 405; 0; 23.68; 1016.6687890625; 35.9912109375
2026-09-21; 03:43:25; 403; 0; 23.67; 1016.68015625; 35.990234375
2026-09-21; 03:44:25; 403; 0; 23.64; 1016.7072265625; 36.0556640625
2026-09-21; 03:45:25; 403; 0; 23.68; 1016.660703125; 35.9677734375
2026-09-21; 03:46:25; 403; 0; 23.69; 1016.6769140625; 35.9580078125
2026-09-21; 03:47:25; 400; 0; 23.7; 1016.67328125; 35.9140625
2026-09-21; 03:48:25; 402; 0; 23.69; 1016.7048046875; 35.9580078125
2026-09-21; 03:49:25; 402; 0; 23.66; 1016.663984375; 35.978515625
2026-09-21; 03:50:25; 400; 0; 23.67; 1016.652265625; 35.9794921875
2026-09-21; 03:51:25; 403; 0; 23.66; 1016.663984375; 35.9111328125
2026-09-21; 03:52:25; 403; 0; 23.65; 1016.667578125; 35.9541015625
2026-09-21; 03:53:25; 403; 0; 23.68; 1016.60484375; 35.9228515625
2026-09-21; 03:54:25; 405; 0; 23.68; 1016.6327734375; 35.8779296875
2026-09-21; 03:55:25; 405; 0; 23.69; 1016.629140625; 35.8681640625
2026-09-21; 03:56:25; 405; 0; 23.65; 1016.591953125; 35.88671875
2026-09-21; 03:57:25; 400; 0; 23.66; 1016.600078125; 35.8310546875
2026-09-21; 03:58:25; 400; 0; 23.65; 1016.591953125; 35.853515625
2026-09-21; 03:59:25; 400; 0; 23.62; 1016.563125; 35.884765625
2026-09-21; 04:00:25; 403; 0; 23.65; 1016.5559375; 35.8642578125
2026-09-21; 04:01:25; 408; 1; 23.66; 1016.572109375; 35.8759765625
2026-09-21; 04:02:25; 400; 0; 23.67; 1016.5964453125; 35.7880859375
2026-09-21; 04:03:25; 403; 0; 23.7; 1016.6930859375; 35.7666015625
2026-09-21; 04:04:25; 403; 0; 23.7; 1016.66515625; 35.7890625
2026-09-21; 04:05:25; 400; 0; 23.64; 1016.687421875; 35.8525390625
2026-09-21; 04:06:25; 402; 0; 23.66; 1016.663984375; 35.8095703125
2026-09-21; 04:07:25; 402; 0; 23.65; 1016.6955078125; 35.751953125
2026-09-21; 04:08:25; 406; 0; 23.64; 1016.6513671875; 35.830078125
2026-09-21; 04:09:25; 406; 0; 23.64; 1016.6036328125; 35.818359375
2026-09-21; 04:10:25; 406; 0; 23.65; 1016.7036328125; 35.751953125
2026-09-21; 04:11:25; 406; 0; 23.65; 1016.675703125; 35.751953125
2026-09-21; 04:12:25; 406; 0; 23.7; 1016.7012109375; 35.6884765625
2026-09-21; 04:13:25; 406; 0; 23.67; 1016.68015625; 35.7197265625
2026-09-21; 04:14:25; 400; 0; 23.65; 1016.675703125; 35.740234375
2026-09-21; 04:15:25; 403; 0; 23.65; 1016.6396875; 35.7294921875
2026-09-21; 04:16:25; 403; 0; 23.66; 1016.6558984375; 35.6962890625
2026-09-21; 04:17:25; 406; 0; 23.62; 1016.730625; 35.783203125
2026-09-21; 04:18:26; 403; 0; 23.62; 1016.730625; 35.794921875
2026-09-21; 04:19:26; 403; 0; 23.64; 1016.7351171875; 35.7509765625
2026-09-21; 04:20:26; 406; 0; 23.63; 1016.7549609375; 35.7275390625
2026-09-21; 04:21:26; 403; 0; 23.64; 1016.743203125; 35.728515625
2026-09-21; 04:22:26; 403; 0; 23.64; 1016.7351171875; 35.6943359375
2026-09-21; 04:23:26; 403; 0; 23.62; 1016.814375; 35.73828125
2026-09-21; 04:24:26; 405; 0; 23.65; 1016.7792578125; 35.6728515625
2026-09-21; 04:25:26; 400; 0; 23.62; 1016.682890625; 35.7041015625
2026-09-21; 04:26:26; 405; 0; 23.61; 1016.7702734375; 35.658203125
2026-09-21; 04:27:26; 400; 0; 23.63; 1016.7549609375; 35.6826171875
2026-09-21; 04:28:26; 408; 1; 23.65; 1016.6955078125; 35.6162109375
2026-09-21; 04:29:26; 403; 0; 23.63; 1016.6712109375; 35.6826171875
2026-09-21; 04:30:26; 403; 0; 23.65; 1016.675703125; 35.650390625
2026-09-21; 04:31:26; 408; 1; 23.66; 1016.747734375; 35.5615234375
2026-09-21; 04:32:26; 403; 0; 23.63; 1016.7828515625; 35.6708984375
2026-09-21; 04:33:26; 403; 0; 23.63; 1016.8026953125; 35.6376953125
2026-09-21; 04:34:26; 402; 0; 23.64; 1016.771171875; 35.5927734375
2026-09-21; 04:35:26; 400; 0; 23.65; 1016.6955078125; 35.59375
2026-09-21; 04:36:26; 400; 0; 23.63; 1016.64328125; 35.5927734375
2026-09-21; 04:37:26; 403; 0; 23.6; 1016.6498828125; 35.634765625
2026-09-21; 04:38:26; 406; 0; 23.63; 1016.5793359375; 35.6484375
2026-09-21; 04:39:26; 406; 0; 23.55; 1016.504921875; 35.720703125
2026-09-21; 04:40:26; 406; 0; 23.56; 1016.5490234375; 35.6767578125
2026-09-21; 04:41:26; 405; 0; 23.59; 1016.541796875; 35.6455078125
2026-09-21; 04:42:26; 405; 0; 23.6; 1016.621953125; 35.6240234375
2026-09-21; 04:43:26; 405; 0; 23.6; 1016.6138671875; 35.58984375
2026-09-21; 04:44:26; 405; 0; 23.6; 1016.641796875; 35.623046875
2026-09-21; 04:45:26; 405; 0; 23.64; 1016.595546875; 35.5703125
2026-09-21; 04:46:26; 403; 0; 23.59; 1016.6534765625; 35.6123046875
2026-09-21; 04:47:26; 403; 0; 23.57; 1016.712890625; 35.6669921875
2026-09-21; 04:48:26; 408; 1; 23.57; 1016.5733203125; 35.6328125
2026-09-21; 04:49:26; 403; 0; 23.59; 1016.6615625; 35.5439453125
2026-09-21; 04:50:26; 403; 0; 23.59; 1016.6615625; 35.5556640625
2026-09-21; 04:51:26; 403; 0; 23.59; 1016.6255859375; 35.578125
2026-09-21; 04:52:26; 402; 0; 23.6; 1016.6696875; 35.5556640625
2026-09-21; 04:53:26; 402; 0; 23.57; 1016.6210546875; 35.62109375
2026-09-21; 04:54:26; 406; 0; 23.58; 1016.637265625; 35.6328125
2026-09-21; 04:55:26; 406; 0; 23.59; 1016.633671875; 35.6005859375
2026-09-21; 04:56:26; 410; 1; 23.54; 1016.6837890625; 35.6416015625
2026-09-21; 04:57:26; 410; 1; 23.54; 1016.7116796875; 35.6865234375
2026-09-21; 04:58:26; 410; 1; 23.56; 1016.6327734375; 35.642578125
2026-09-21; 04:59:26; 414; 2; 23.53; 1016.675703125; 35.6630859375
2026-09-21; 05:00:26; 410; 1; 23.55; 1016.7003125; 35.6416015625
2026-09-21; 05:01:27; 410; 1; 23.57; 1016.685; 35.587890625
2026-09-21; 05:02:27; 410; 1; 23.57; 1016.6210546875; 35.5537109375
2026-09-21; 05:03:27; 410; 1; 23.56; 1016.61296875; 35.576171875
2026-09-21; 05:04:27; 416; 2; 23.59; 1016.6894921875; 35.5439453125
2026-09-21; 05:05:27; 414; 2; 23.57; 1016.7408203125; 35.5654296875
2026-09-21; 05:06:27; 414; 2; 23.56; 1016.7525390625; 35.53125
2026-09-21; 05:07:27; 414; 2; 23.58; 1016.784921875; 35.5205078125
2026-09-21; 05:08:27; 414; 2; 23.56; 1016.83625; 35.53125
2026-09-21; 05:09:27; 410; 1; 23.58; 1016.784921875; 35.498046875
2026-09-21; 05:10:27; 410; 1; 23.6; 1016.7533984375; 35.4658203125
2026-09-21; 05:11:27; 406; 0; 23.59; 1016.7372265625; 35.4990234375
2026-09-21; 05:12:27; 410; 1; 23.56; 1016.7525390625; 35.5078125
2026-09-21; 05:13:27; 406; 0; 23.6; 1016.7615234375; 35.4658203125
2026-09-21; 05:14:27; 410; 1; 23.55; 1016.7084375; 35.541015625
2026-09-21; 05:15:27; 414; 2; 23.56; 1016.7525390625; 35.5419921875
2026-09-21; 05:16:27; 414; 2; 23.61; 1016.7981640625; 35.478515625
2026-09-21; 05:17:27; 414; 2; 23.57; 1016.796640625; 35.53125
2026-09-21; 05:18:27; 410; 1; 23.59; 1016.7372265625; 35.4658203125
2026-09-21; 05:19:27; 414; 2; 23.58; 1016.83265625; 35.5205078125
2026-09-21; 05:20:27; 416; 2; 23.59; 1016.793046875; 35.4765625
2026-09-21; 05:21:27; 414; 2; 23.55; 1016.736328125; 35.4951171875
2026-09-21; 05:22:27; 416; 2; 23.55; 1016.811953125; 35.5517578125
2026-09-21; 05:23:27; 420; 3; 23.53; 1016.751328125; 35.5732421875
2026-09-21; 05:24:27; 420; 3; 23.55; 1016.7840625; 35.5185546875
2026-09-21; 05:25:27; 428; 4; 23.54; 1016.8038671875; 35.5185546875
2026-09-21; 05:26:27; 428; 4; 23.56; 1016.8002734375; 35.5302734375
2026-09-21; 05:27:27; 428; 4; 23.51; 1016.746796875; 35.6044921875
2026-09-21; 05:28:27; 428; 4; 23.52; 1016.7711328125; 35.5615234375
2026-09-21; 05:29:27; 434; 5; 23.52; 1016.7711328125; 35.5615234375
2026-09-21; 05:30:27; 434; 5; 23.54; 1016.6922265625; 35.529296875
2026-09-21; 05:31:27; 434; 5; 23.55; 1016.728203125; 35.541015625
2026-09-21; 05:32:27; 436; 5; 23.56; 1016.7246484375; 35.53125
2026-09-21; 05:33:27; 436; 5; 23.56; 1016.68859375; 35.5185546875
2026-09-21; 05:34:27; 436; 5; 23.55; 1016.811953125; 35.529296875
2026-09-21; 05:35:27; 436; 5; 23.54; 1016.7480078125; 35.541015625
2026-09-21; 05:36:27; 441; 6; 23.53; 1016.7873046875; 35.5615234375
2026-09-21; 05:37:27; 441; 6; 23.53; 1016.77921875; 35.5166015625
2026-09-21; 05:38:27; 445; 6; 23.58; 1016.784921875; 35.46484375
2026-09-21; 05:39:27; 450; 7; 23.57; 1016.788515625; 35.41796875
2026-09-21; 05:40:27; 445; 6; 23.53; 1016.7234375; 35.5615234375
2026-09-21; 05:41:27; 450; 7; 23.54; 1016.7116796875; 35.5283203125
2026-09-21; 05:42:27; 450; 7; 23.5; 1016.7666015625; 35.5595703125
2026-09-21; 05:43:27; 450; 7; 23.54; 1016.7201171875; 35.529296875
2026-09-21; 05:44:28; 454; 8; 23.53; 1016.70359375; 35.5283203125
2026-09-21; 05:45:28; 454; 8; 23.54; 1016.6922265625; 35.5068359375
2026-09-21; 05:46:28; 454; 8; 23.57; 1016.788515625; 35.4296875
2026-09-21; 05:47:28; 454; 8; 23.55; 1016.736328125; 35.4619140625
2026-09-21; 05:48:28; 454; 8; 23.55; 1016.7003125; 35.4951171875
2026-09-21; 05:49:28; 454; 8; 23.53; 1016.70359375; 35.494140625
2026-09-21; 05:50:28; 456; 8; 23.53; 1016.69546875; 35.5166015625
2026-09-21; 05:51:28; 460; 9; 23.5; 1016.79453125; 35.5146484375
2026-09-21; 05:52:28; 460; 9; 23.49; 1016.8620703125; 35.5703125
2026-09-21; 05:53:28; 460; 9; 23.54; 1016.7954296875; 35.505859375
2026-09-21; 05:54:28; 460; 9; 23.52; 1016.743203125; 35.55078125
2026-09-21; 05:55:28; 464; 9; 23.53; 1016.8071484375; 35.5166015625
2026-09-21; 05:56:28; 460; 9; 23.51; 1016.7828125; 35.4921875
2026-09-21; 05:57:28; 460; 9; 23.5; 1016.822421875; 35.5146484375
2026-09-21; 05:58:28; 456; 8; 23.5; 1016.87828125; 35.5029296875
2026-09-21; 05:59:28; 456; 8; 23.54; 1016.887578125; 35.484375
2026-09-21; 06:00:28; 460; 9; 23.55; 1016.9236328125; 35.4501953125
2026-09-21; 06:01:28; 460; 9; 23.53; 1016.9466796875; 35.5048828125
2026-09-21; 06:02:28; 460; 9; 23.58; 1016.9443359375; 35.44140625
2026-09-21; 06:03:28; 464; 9; 23.54; 1016.9908203125; 35.505859375
2026-09-21; 06:04:28; 460; 9; 23.54; 1016.9992578125; 35.4619140625
2026-09-21; 06:05:28; 464; 9; 23.52; 1017.01421875; 35.267578125
2026-09-21; 06:06:28; 464; 9; 23.52; 1017.0223046875; 35.5283203125
2026-09-21; 06:07:28; 464; 9; 23.53; 1017.08625; 35.482421875
2026-09-21; 06:08:28; 464; 9; 23.55; 1017.035234375; 35.4619140625
2026-09-21; 06:09:28; 470; 10; 23.55; 1017.043359375; 35.3828125
2026-09-21; 06:10:28; 470; 10; 23.54; 1017.0745703125; 35.4833984375
2026-09-21; 06:11:28; 470; 10; 23.53; 1017.010625; 35.4599609375
2026-09-21; 06:12:28; 470; 10; 23.52; 1016.9944140625; 35.494140625
2026-09-21; 06:13:28; 476; 11; 23.52; 1017.01421875; 35.5048828125
2026-09-21; 06:14:28; 476; 11; 23.5; 1016.981796875; 35.537109375
2026-09-21; 06:15:28; 476; 11; 23.51; 1016.9980078125; 35.5029296875
2026-09-21; 06:16:28; 476; 11; 23.51; 1016.9980078125; 35.5478515625
2026-09-21; 06:17:28; 478; 11; 23.51; 1017.061953125; 35.4697265625
2026-09-21; 06:18:28; 476; 11; 23.52; 1016.9583984375; 35.458984375
2026-09-21; 06:19:28; 476; 11; 23.51; 1016.978203125; 35.4921875
2026-09-21; 06:20:28; 464; 9; 23.48; 1016.9655859375; 35.5244140625
2026-09-21; 06:21:28; 464; 9; 23.48; 1017.01328125; 35.546875
2026-09-21; 06:22:28; 470; 10; 23.54; 1016.9433984375; 35.47265625
2026-09-21; 06:23:28; 464; 9; 23.5; 1016.9898828125; 35.5029296875
2026-09-21; 06:24:28; 464; 9; 23.51; 1016.9701171875; 35.537109375
2026-09-21; 06:25:28; 470; 10; 23.48; 1016.909765625; 35.5244140625
2026-09-21; 06:26:28; 464; 9; 23.5; 1017.0096875; 35.525390625
2026-09-21; 06:27:29; 470; 10; 23.53; 1017.0025; 35.44921875
2026-09-21; 06:28:29; 464; 9; 23.53; 1017.038515625; 35.392578125
2026-09-21; 06:29:29; 460; 9; 23.48; 1017.0213671875; 35.501953125
2026-09-21; 06:30:29; 464; 9; 23.51; 1017.1456640625; 35.447265625
2026-09-21; 06:31:29; 464; 9; 23.52; 1017.15375; 35.458984375
2026-09-21; 06:32:29; 460; 9; 23.51; 1017.1456640625; 35.4697265625
2026-09-21; 06:33:29; 460; 9; 23.5; 1017.185234375; 35.4580078125
2026-09-21; 06:34:29; 456; 8; 23.48; 1017.0969921875; 35.4794921875
2026-09-21; 06:35:29; 456; 8; 23.52; 1017.2375; 35.5048828125
2026-09-21; 06:36:29; 454; 8; 23.48; 1017.1609375; 35.490234375
2026-09-21; 06:37:29; 454; 8; 23.53; 1017.23390625; 35.4267578125
2026-09-21; 06:38:29; 456; 8; 23.48; 1017.188828125; 35.501953125
2026-09-21; 06:39:29; 454; 8; 23.52; 1017.2176953125; 35.494140625
2026-09-21; 06:40:29; 450; 7; 23.52; 1017.133984375; 35.4267578125
2026-09-21; 06:41:29; 450; 7; 23.51; 1017.117734375; 35.4814453125
2026-09-21; 06:42:29; 450; 7; 23.5; 1017.121328125; 35.4921875
2026-09-21; 06:43:29; 445; 6; 23.51; 1017.109609375; 35.4697265625
2026-09-21; 06:44:29; 445; 6; 23.48; 1017.0691015625; 35.490234375
2026-09-21; 06:45:29; 445; 6; 23.48; 1017.1528515625; 35.45703125
2026-09-21; 06:46:29; 441; 6; 23.46; 1017.1002734375; 35.51171875
2026-09-21; 06:47:29; 445; 6; 23.47; 1017.16453125; 35.51171875
2026-09-21; 06:48:29; 441; 6; 23.5; 1017.0655078125; 35.525390625
2026-09-21; 06:49:29; 441; 6; 23.5; 1017.15734375; 35.4697265625
2026-09-21; 06:50:29; 436; 5; 23.48; 1017.1051171875; 35.4228515625
2026-09-21; 06:51:29; 436; 5; 23.47; 1017.16453125; 35.53515625
2026-09-21; 06:52:29; 441; 6; 23.48; 1017.1528515625; 35.490234375
2026-09-21; 06:53:29; 436; 5; 23.46; 1017.15609375; 35.5341796875
2026-09-21; 06:54:29; 441; 6; 23.48; 1017.1609375; 35.4794921875
2026-09-21; 06:55:29; 436; 5; 23.49; 1017.2248828125; 35.46875
2026-09-21; 06:56:29; 436; 5; 23.48; 1017.272578125; 35.45703125
2026-09-21; 06:57:29; 436; 5; 23.51; 1017.2770703125; 35.4462890625
2026-09-21; 06:58:29; 434; 5; 23.5; 1017.2887890625; 35.4462890625
2026-09-21; 06:59:29; 436; 5; 23.53; 1017.261796875; 35.3701171875
2026-09-21; 07:00:29; 434; 5; 23.51; 1017.2573046875; 35.4140625
2026-09-21; 07:01:29; 434; 5; 23.51; 1017.341015625; 35.458984375
2026-09-21; 07:02:29; 434; 5; 23.51; 1017.313125; 35.4697265625
2026-09-21; 07:03:29; 428; 4; 23.47; 1017.276171875; 35.478515625
2026-09-21; 07:04:29; 428; 4; 23.53; 1017.31765625; 35.380859375
2026-09-21; 07:05:29; 428; 4; 23.53; 1017.3734765625; 35.404296875
2026-09-21; 07:06:29; 436; 5; 23.55; 1017.23875; 35.4052734375
2026-09-21; 07:07:29; 436; 5; 23.54; 1017.269921875; 35.37109375
2026-09-21; 07:08:29; 434; 5; 23.51; 1017.2851953125; 35.4140625
2026-09-21; 07:09:29; 434; 5; 23.55; 1017.2864453125; 35.4052734375
2026-09-21; 07:10:30; 436; 5; 23.55; 1017.2306640625; 35.337890625
2026-09-21; 07:11:30; 436; 5; 23.54; 1017.3257421875; 35.3935546875
2026-09-21; 07:12:30; 436; 5; 23.53; 1017.30953125; 35.392578125
2026-09-21; 07:13:30; 436; 5; 23.48; 1017.3283984375; 35.501953125
2026-09-21; 07:14:30; 434; 5; 23.5; 1017.2969140625; 35.5029296875
2026-09-21; 07:15:30; 441; 6; 23.55; 1017.2026953125; 35.4169921875
2026-09-21; 07:16:30; 441; 6; 23.51; 1017.2294140625; 35.4248046875
2026-09-21; 07:17:30; 441; 6; 23.53; 1017.2537109375; 35.4267578125
2026-09-21; 07:18:30; 441; 6; 23.53; 1017.337421875; 35.380859375
2026-09-21; 07:19:30; 436; 5; 23.51; 1017.3329296875; 35.4697265625
2026-09-21; 07:20:30; 441; 6; 23.51; 1017.341015625; 35.447265625
2026-09-21; 07:21:30; 441; 6; 23.54; 1017.3815625; 35.404296875
2026-09-21; 07:22:30; 436; 5; 23.54; 1017.417890625; 35.4169921875
2026-09-21; 07:23:30; 441; 6; 23.56; 1017.39453125; 35.328125
2026-09-21; 07:24:30; 436; 5; 23.57; 1017.3828125; 35.294921875
2026-09-21; 07:25:30; 441; 6; 23.62; 1017.400625; 35.2197265625
2026-09-21; 07:26:30; 441; 6; 23.58; 1017.4548828125; 35.306640625
2026-09-21; 07:27:30; 441; 6; 23.58; 1017.4548828125; 35.2958984375
2026-09-21; 07:28:30; 441; 6; 23.59; 1017.4990234375; 35.2734375
2026-09-21; 07:29:30; 445; 6; 23.58; 1017.426953125; 35.3291015625
2026-09-21; 07:30:30; 450; 7; 23.56; 1017.39453125; 35.3388671875
2026-09-21; 07:31:30; 445; 6; 23.59; 1017.4152734375; 35.2958984375
2026-09-21; 07:32:30; 450; 7; 23.63; 1017.416796875; 35.25390625
2026-09-21; 07:33:30; 450; 7; 23.62; 1017.4924609375; 35.2529296875
2026-09-21; 07:34:30; 450; 7; 23.63; 1017.444765625; 35.220703125
2026-09-21; 07:35:30; 450; 7; 23.63; 1017.508671875; 35.220703125
2026-09-21; 07:36:30; 450; 7; 23.64; 1017.4690625; 35.1982421875
2026-09-21; 07:37:30; 454; 8; 23.65; 1017.4015234375; 35.2216796875
2026-09-21; 07:38:30; 456; 8; 23.63; 1017.416796875; 35.265625
2026-09-21; 07:39:30; 456; 8; 23.66; 1017.4096484375; 35.1435546875
2026-09-21; 07:40:30; 456; 8; 23.67; 1017.4339453125; 35.15625
2026-09-21; 07:41:30; 460; 9; 23.64; 1017.4132421875; 35.1875
2026-09-21; 07:42:30; 460; 9; 23.67; 1017.342109375; 35.1328125
2026-09-21; 07:43:30; 464; 9; 23.66; 1017.3060546875; 35.14453125
2026-09-21; 07:44:30; 470; 10; 23.64; 1017.273671875; 35.1533203125
2026-09-21; 07:45:30; 470; 10; 23.66; 1017.3060546875; 35.189453125
2026-09-21; 07:46:30; 470; 10; 23.68; 1017.3108984375; 35.123046875
2026-09-21; 07:47:30; 470; 10; 23.71; 1017.323515625; 35.03515625
2026-09-21; 07:48:30; 470; 10; 23.78; 1017.325625; 34.927734375
2026-09-21; 07:49:30; 478; 11; 23.87; 1017.36015625; 34.765625
2026-09-21; 07:50:30; 478; 11; 23.91; 1017.3694921875; 34.689453125
2026-09-21; 07:51:30; 476; 11; 23.99; 1017.387734375; 34.60546875
2026-09-21; 07:52:30; 470; 10; 24.07; 1017.286171875; 34.5322265625
2026-09-21; 07:53:31; 456; 8; 24.11; 1017.2675; 34.4677734375
2026-09-21; 07:54:31; 445; 6; 24.13; 1017.271953125; 34.4248046875
2026-09-21; 07:55:31; 434; 5; 24.17; 1017.2533203125; 34.359375
2026-09-21; 07:56:31; 420; 3; 24.26; 1017.33546875; 34.275390625
2026-09-21; 07:57:31; 406; 0; 24.25; 1017.32734375; 34.2080078125
2026-09-21; 07:58:31; 400; 0; 24.29; 1017.336640625; 34.166015625
2026-09-21; 07:59:31; 400; 0; 24.29; 1017.328203125; 34.2109375
2026-09-21; 08:00:31; 400; 0; 24.41; 1017.431640625; 34.0615234375
2026-09-21; 08:01:31; 400; 0; 24.44; 1017.4246875; 33.99609375
2026-09-21; 08:02:31; 405; 0; 24.52; 1017.4427734375; 33.85546875
2026-09-21; 08:03:31; 400; 0; 24.49; 1017.429921875; 33.865234375
2026-09-21; 08:04:31; 402; 0; 24.49; 1017.457890625; 33.8759765625
2026-09-21; 08:05:31; 400; 0; 24.51; 1017.4346875; 33.85546875
2026-09-21; 08:06:31; 405; 0; 24.63; 1017.50140625; 33.705078125
2026-09-21; 08:07:31; 402; 0; 24.69; 1017.59890625; 33.619140625
2026-09-21; 08:08:31; 400; 0; 24.68; 1017.5348828125; 33.5849609375
2026-09-21; 08:09:31; 400; 0; 24.76; 1017.54484375; 33.4892578125
2026-09-21; 08:10:31; 400; 0; 24.8; 1017.5901171875; 33.4013671875
2026-09-21; 08:11:31; 403; 0; 24.85; 1017.627265625; 33.314453125
2026-09-21; 08:12:31; 403; 0; 24.88; 1017.619921875; 33.283203125
2026-09-21; 08:13:31; 407; 1; 24.94; 1017.55765625; 33.208984375
2026-09-21; 08:14:31; 403; 0; 24.9; 1017.5404296875; 33.2392578125
2026-09-21; 08:15:31; 403; 0; 24.87; 1017.5198046875; 33.2587890625
2026-09-21; 08:16:31; 403; 0; 24.86; 1017.5396875; 33.2587890625
2026-09-21; 08:17:31; 400; 0; 24.85; 1017.4955078125; 33.26953125
2026-09-21; 08:18:31; 400; 0; 24.87; 1017.547734375; 33.236328125
2026-09-21; 08:19:31; 400; 0; 24.86; 1017.48375; 33.2021484375
2026-09-21; 08:20:31; 400; 0; 24.84; 1017.534921875; 33.2119140625
2026-09-21; 08:21:31; 400; 0; 24.9; 1017.5963671875; 33.103515625
2026-09-21; 08:22:31; 400; 0; 24.86; 1017.6994140625; 33.1005859375
2026-09-21; 08:23:31; 405; 0; 24.82; 1017.6784375; 33.1201171875
2026-09-21; 08:24:31; 400; 0; 24.9; 1017.6604296875; 33.001953125
2026-09-21; 08:25:31; 402; 0; 25.02; 1017.715546875; 32.806640625
2026-09-21; 08:26:31; 400; 0; 25.02; 1017.6875390625; 32.73828125
2026-09-21; 08:27:31; 403; 0; 25.08; 1017.721328125; 32.595703125
2026-09-21; 08:28:31; 400; 0; 25.14; 1017.6708203125; 32.498046875
2026-09-21; 08:29:31; 400; 0; 25.2; 1017.7484375; 32.37890625
2026-09-21; 08:30:31; 400; 0; 25.3; 1017.76265625; 32.2041015625
2026-09-21; 08:31:31; 401; 0; 25.4; 1017.8132421875; 32.052734375
2026-09-21; 08:32:31; 402; 0; 25.35; 1017.8240625; 32.083984375
2026-09-21; 08:33:31; 400; 0; 25.51; 1017.8237109375; 31.90234375
2026-09-21; 08:34:31; 400; 0; 25.58; 1017.8253515625; 31.7255859375
2026-09-21; 08:35:31; 402; 0; 25.67; 1017.82359375; 31.619140625
2026-09-21; 08:36:32; 400; 0; 25.7; 1017.732109375; 31.49609375
2026-09-21; 08:37:32; 400; 0; 25.76; 1017.7657421875; 31.431640625
2026-09-21; 08:38:32; 402; 0; 25.76; 1017.6617578125; 31.4326171875
2026-09-21; 08:39:32; 400; 0; 25.88; 1017.7165625; 31.259765625
2026-09-21; 08:40:32; 400; 0; 26.01; 1017.61125; 30.984375
2026-09-21; 08:41:32; 400; 0; 26.1; 1017.7490625; 30.9111328125
2026-09-21; 08:42:32; 403; 0; 26.07; 1017.7643359375; 30.955078125
2026-09-21; 08:43:32; 403; 0; 26.1; 1017.8331640625; 30.8427734375
2026-09-21; 08:44:32; 405; 0; 26.21; 1017.84328125; 30.6572265625
2026-09-21; 08:45:32; 400; 0; 26.31; 1017.8094921875; 30.5849609375
2026-09-21; 08:46:32; 400; 0; 26.12; 1017.809453125; 30.810546875
2026-09-21; 08:47:32; 400; 0; 26.22; 1017.80375; 30.71484375
2026-09-21; 08:48:32; 402; 0; 26.14; 1017.8219140625; 30.869140625
2026-09-21; 08:49:32; 402; 0; 26.3; 1017.79328125; 30.720703125
2026-09-21; 08:50:32; 400; 0; 26.34; 1017.821875; 30.7451171875
2026-09-21; 08:51:32; 410; 1; 26.38; 1017.8389453125; 30.896484375
2026-09-21; 08:52:32; 424; 3; 26.45; 1017.832578125; 30.8896484375
2026-09-21; 08:53:32; 439; 5; 26.45; 1017.8605859375; 31.037109375
2026-09-21; 08:54:32; 445; 6; 26.52; 1017.7778125; 30.8154296875
2026-09-21; 08:55:32; 451; 7; 26.63; 1017.864140625; 30.7548828125
2026-09-21; 08:56:32; 473; 11; 26.73; 1017.857890625; 30.556640625
2026-09-21; 08:57:32; 465; 9; 26.66; 1017.8284765625; 30.630859375
2026-09-21; 08:58:32; 465; 9; 26.88; 1017.792421875; 30.3056640625
2026-09-21; 08:59:32; 463; 9; 26.91; 1017.805078125; 30.330078125
2026-09-21; 09:00:32; 451; 7; 26.95; 1017.849765625; 30.2880859375
2026-09-21; 09:01:32; 448; 7; 27.11; 1017.848984375; 30.0810546875
2026-09-21; 09:02:32; 451; 7; 27.16; 1017.8455859375; 29.994140625
2026-09-21; 09:03:32; 445; 6; 27.33; 1017.852421875; 29.7880859375
2026-09-21; 09:04:32; 442; 6; 27.24; 1017.8629296875; 29.8173828125
2026-09-21; 09:05:32; 432; 4; 27.31; 1017.827890625; 29.75390625
2026-09-21; 09:06:32; 424; 3; 27.34; 1017.728203125; 29.6865234375
2026-09-21; 09:07:32; 421; 3; 27.41; 1017.73734375; 29.6455078125
2026-09-21; 09:08:32; 421; 3; 27.44; 1017.777734375; 29.568359375
2026-09-21; 09:09:32; 415; 2; 27.52; 1017.7752734375; 29.40234375
2026-09-21; 09:10:32; 400; 0; 27.52; 1017.7672265625; 29.3916015625
2026-09-21; 09:11:32; 400; 0; 27.62; 1017.7886328125; 29.169921875
2026-09-21; 09:12:32; 402; 0; 27.75; 1017.774765625; 28.939453125
2026-09-21; 09:13:32; 408; 1; 27.78; 1017.73890625; 28.986328125
2026-09-21; 09:14:32; 400; 0; 27.79; 1017.8396875; 28.759765625
2026-09-21; 09:15:32; 400; 0; 28.02; 1017.8386328125; 28.5458984375
2026-09-21; 09:16:32; 407; 1; 28.28; 1017.878046875; 28.150390625
2026-09-21; 09:17:32; 407; 1; 28.73; 1017.8670703125; 27.55078125
2026-09-21; 09:18:32; 401; 0; 29.59; 1017.882890625; 26.4462890625
2026-09-21; 09:19:32; 400; 0; 29.93; 1017.908984375; 25.8583984375
2026-09-21; 09:20:33; 402; 0; 29.61; 1017.9715234375; 26.1953125
2026-09-21; 09:21:33; 400; 0; 29.47; 1017.9622265625; 26.4384765625
2026-09-21; 09:22:33; 400; 0; 29.31; 1018.0496875; 26.5673828125
2026-09-21; 09:23:33; 401; 0; 29.67; 1018.040390625; 26.1640625
2026-09-21; 09:24:33; 402; 0; 30.07; 1018.0224609375; 25.728515625
2026-09-21; 09:25:33; 405; 0; 30.24; 1018.0354296875; 25.427734375
2026-09-21; 09:26:33; 400; 0; 30.28; 1017.9792578125; 25.3505859375
2026-09-21; 09:27:33; 403; 0; 30.43; 1017.9756640625; 25.1640625
2026-09-21; 09:28:33; 400; 0; 30.7; 1018.0855859375; 24.7998046875
2026-09-21; 09:29:33; 400; 0; 31.07; 1018.017265625; 24.359375
2026-09-21; 09:30:33; 400; 0; 31.4; 1018.0901953125; 23.986328125
2026-09-21; 09:31:33; 406; 0; 31.63; 1018.0857421875; 23.7216796875
2026-09-21; 09:32:33; 402; 0; 31.8; 1018.0857421875; 23.51171875
2026-09-21; 09:33:33; 405; 0; 32.01; 1018.0972265625; 23.26953125
2026-09-21; 09:34:33; 408; 1; 32.21; 1018.051953125; 23.048828125
2026-09-21; 09:35:33; 400; 0; 32.63; 1018.0134765625; 22.666015625
2026-09-21; 09:36:33; 400; 0; 33.07; 1018.0266796875; 22.1796875
2026-09-21; 09:37:33; 413; 1; 33.27; 1018.0290625; 22.0732421875
2026-09-21; 09:38:33; 414; 2; 32.59; 1017.9772265625; 22.826171875
2026-09-21; 09:39:33; 427; 4; 32.11; 1017.95515625; 23.5625
2026-09-21; 09:40:33; 451; 7; 31.7; 1018.03703125; 24.0830078125
2026-09-21; 09:41:33; 462; 9; 31.36; 1018.0335546875; 24.478515625
2026-09-21; 09:42:33; 478; 11; 31.11; 1018.033515625; 24.7412109375
2026-09-21; 09:43:33; 492; 14; 31.11; 1018.110234375; 24.798828125
2026-09-21; 09:44:33; 500; 15; 31.25; 1018.033828125; 24.646484375
2026-09-21; 09:45:33; 508; 16; 31.53; 1018.1021875; 24.3037109375
2026-09-21; 09:46:33; 508; 16; 31.23; 1018.163125; 24.5751953125
2026-09-21; 09:47:33; 506; 16; 30.83; 1018.061640625; 25.08203125
2026-09-21; 09:48:33; 508; 16; 30.85; 1018.093828125; 25.1865234375
2026-09-21; 09:49:33; 527; 19; 30.54; 1018.0806640625; 25.6748046875
2026-09-21; 09:50:33; 553; 23; 30.71; 1018.101640625; 25.53515625
2026-09-21; 09:51:33; 588; 28; 30.69; 1018.0775; 25.615234375
2026-09-21; 09:52:33; 643; 37; 30.76; 1018.105859375; 25.607421875
2026-09-21; 09:53:33; 717; 48; 30.77; 1018.0009375; 25.802734375
2026-09-21; 09:54:33; 791; 59; 30.76; 1017.992890625; 26.1240234375
2026-09-21; 09:55:33; 889; 74; 30.9; 1018.06171875; 26.0859375
2026-09-21; 09:56:33; 990; 89; 30.85; 1018.0171484375; 26.34765625
2026-09-21; 09:57:33; 1065; 101; 30.88; 1018.0856640625; 26.5439453125
2026-09-21; 09:58:33; 1140; 112; 31.24; 1018.017734375; 25.990234375
2026-09-21; 09:59:33; 1204; 122; 31.56; 1018.1221875; 25.60546875
2026-09-21; 10:00:33; 1195; 121; 31.57; 1018.0618359375; 25.46875
2026-09-21; 10:01:33; 1195; 121; 31.75; 1018.109765625; 25.513671875
2026-09-21; 10:02:33; 1352; 145; 32.13; 1018.12109375; 25.2119140625
2026-09-21; 10:03:34; 1295; 136; 32.29; 1018.0596484375; 24.62109375
2026-09-21; 10:04:34; 1288; 135; 32.52; 1018.0909375; 24.47265625
2026-09-21; 10:05:34; 1238; 127; 32.47; 1018.0874609375; 24.4462890625
2026-09-21; 10:06:34; 1188; 120; 32.62; 1018.0823828125; 24.2353515625
2026-09-21; 10:07:34; 1128; 110; 32.5; 1018.0587890625; 24.2744140625
2026-09-21; 10:08:34; 1041; 97; 32.32; 1018.0879296875; 24.51953125
2026-09-21; 10:09:34; 972; 87; 32.34; 1018.11234375; 24.451171875
2026-09-21; 10:10:34; 882; 73; 32.43; 1018.05921875; 24.2138671875
2026-09-21; 10:11:34; 791; 59; 32.38; 1018.01484375; 24.1533203125
2026-09-21; 10:12:34; 717; 48; 32.4; 1018.039296875; 24.1201171875
2026-09-21; 10:13:34; 643; 37; 32.16; 1018.084453125; 24.3720703125
2026-09-21; 10:14:34; 580; 27; 31.98; 1018.1618359375; 24.77734375
2026-09-21; 10:15:34; 540; 21; 31.82; 1018.1098828125; 24.9873046875
2026-09-21; 10:16:34; 500; 15; 31.82; 1018.2028125; 25.056640625
2026-09-21; 10:17:34; 475; 11; 32.49; 1018.1196484375; 24.296875
2026-09-21; 10:18:34; 432; 4; 32.61; 1018.179609375; 23.8779296875
2026-09-21; 10:19:34; 400; 0; 32.22; 1018.2015234375; 24.294921875
2026-09-21; 10:20:34; 405; 0; 31.89; 1018.186484375; 24.6455078125
2026-09-21; 10:21:34; 400; 0; 31.72; 1018.2392578125; 24.9130859375
2026-09-21; 10:22:34; 400; 0; 31.2; 1018.20703125; 25.4365234375
2026-09-21; 10:23:34; 401; 0; 31.13; 1018.1424609375; 25.6845703125
2026-09-21; 10:24:34; 401; 0; 31.1; 1018.1506640625; 25.763671875
2026-09-21; 10:25:34; 405; 0; 31.02; 1018.22703125; 25.9892578125
2026-09-21; 10:26:34; 400; 0; 30.94; 1018.1906640625; 26.099609375
2026-09-21; 10:27:34; 400; 0; 31.18; 1018.17484375; 25.6650390625
2026-09-21; 10:28:34; 400; 0; 31.59; 1018.0859375; 25.2744140625
2026-09-21; 10:29:34; 400; 0; 31.49; 1018.1505859375; 25.22265625
2026-09-21; 10:30:34; 400; 0; 31.39; 1018.1387109375; 25.4013671875
2026-09-21; 10:31:34; 400; 0; 31.1; 1018.1506640625; 25.763671875
2026-09-21; 10:32:34; 400; 0; 31.2; 1018.1141796875; 25.7001953125
2026-09-21; 10:33:34; 400; 0; 31.65; 1018.089921875; 25.2880859375
2026-09-21; 10:34:34; 405; 0; 31.56; 1018.158515625; 25.45703125
2026-09-21; 10:35:34; 403; 0; 31.26; 1018.1629296875; 25.9580078125
2026-09-21; 10:36:34; 403; 0; 31.18; 1018.110234375; 25.9755859375
2026-09-21; 10:37:34; 401; 0; 31.1; 1018.122421875; 26.166015625
2026-09-21; 10:38:34; 407; 1; 31.32; 1018.1669921875; 25.8916015625
2026-09-21; 10:39:34; 506; 16; 32.14; 1018.16546875; 25.0625
2026-09-21; 10:40:35; 529; 19; 32.38; 1018.120078125; 24.9716796875
2026-09-21; 10:41:35; 594; 29; 32.62; 1018.18765625; 24.7314453125
2026-09-21; 10:42:35; 682; 42; 32.69; 1018.1791796875; 24.7578125
2026-09-21; 10:43:35; 757; 54; 33.12; 1018.1843359375; 24.353515625
2026-09-21; 10:44:35; 793; 59; 33.28; 1018.2071875; 24.0615234375
2026-09-21; 10:45:35; 810; 62; 33.48; 1018.1610546875; 23.703125
2026-09-21; 10:46:35; 780; 57; 33.6; 1018.18421875; 23.1650390625
2026-09-21; 10:47:35; 714; 47; 33.44; 1018.1535546875; 23.1572265625
2026-09-21; 10:48:35; 757; 54; 33.82; 1018.181875; 23.037109375
2026-09-21; 10:49:35; 832; 65; 34.27; 1018.225390625; 22.6787109375
2026-09-21; 10:50:35; 857; 69; 34.26; 1018.124140625; 22.5380859375
2026-09-21; 10:51:35; 872; 71; 34.08; 1018.1183203125; 22.6923828125
2026-09-21; 10:52:35; 793; 59; 34.23; 1018.1812890625; 22.4560546875
2026-09-21; 10:53:35; 772; 56; 34.0; 1018.103125; 22.6533203125
2026-09-21; 10:54:35; 757; 54; 34.29; 1018.1723046875; 22.35546875
2026-09-21; 10:55:35; 765; 55; 34.72; 1018.0812109375; 21.9697265625
2026-09-21; 10:56:35; 730; 50; 34.1; 1018.0855859375; 22.3798828125
2026-09-21; 10:57:35; 682; 42; 34.29; 1018.14390625; 22.28515625
2026-09-21; 10:58:35; 633; 35; 33.64; 1018.1069140625; 22.9365234375
2026-09-21; 10:59:35; 580; 27; 33.52; 1018.07578125; 23.0458984375
2026-09-21; 11:00:35; 534; 20; 33.39; 1018.166015625; 23.07421875
2026-09-21; 11:01:35; 465; 9; 33.63; 1018.1392578125; 22.8427734375
2026-09-21; 11:02:35; 402; 0; 33.39; 1018.13765625; 23.02734375
2026-09-21; 11:03:35; 400; 0; 33.51; 1018.09609375; 22.87109375
2026-09-21; 11:04:35; 400; 0; 33.32; 1018.1663671875; 22.9775390625
2026-09-21; 11:05:35; 400; 0; 33.66; 1018.1390234375; 22.5673828125
2026-09-21; 11:06:35; 400; 0; 34.05; 1018.1553125; 22.3193359375
2026-09-21; 11:07:35; 444; 6; 34.07; 1018.21578125; 22.4013671875
2026-09-21; 11:08:35; 462; 9; 33.72; 1018.150546875; 23.021484375
2026-09-21; 11:09:35; 518; 17; 33.43; 1018.1374609375; 23.6884765625
2026-09-21; 11:10:36; 597; 30; 33.19; 1018.1553515625; 23.98828125
2026-09-21; 11:11:36; 666; 40; 33.04; 1018.091875; 24.1416015625
2026-09-21; 11:12:36; 742; 52; 32.89; 1018.190234375; 24.2958984375
2026-09-21; 11:13:36; 742; 52; 32.85; 1018.1253125; 24.5361328125
2026-09-21; 11:14:36; 742; 52; 32.71; 1018.049375; 24.59765625
2026-09-21; 11:15:36; 810; 62; 32.49; 1018.099375; 24.919921875
2026-09-21; 11:16:36; 877; 72; 32.27; 1018.0840625; 25.6806640625
2026-09-21; 11:17:36; 830; 65; 32.06; 1018.0930859375; 25.1044921875
2026-09-21; 11:18:36; 730; 50; 31.91; 1018.1135546875; 25.0380859375
2026-09-21; 11:19:36; 600; 30; 31.27; 1018.1144921875; 25.681640625
2026-09-21; 11:20:36; 523; 18; 31.33; 1018.1185546875; 25.5927734375
2026-09-21; 11:21:36; 454; 8; 31.26; 1018.1912109375; 25.6474609375
2026-09-21; 11:22:36; 416; 2; 30.9; 1018.182734375; 26.2705078125
2026-09-21; 11:23:36; 407; 1; 31.04; 1018.2312890625; 26.013671875
2026-09-21; 11:24:36; 402; 0; 31.17; 1018.2434765625; 25.90625
2026-09-21; 11:25:36; 415; 2; 32.35; 1018.2214453125; 24.6826171875
2026-09-21; 11:26:36; 476; 11; 33.02; 1018.193359375; 23.8291015625
2026-09-21; 11:27:36; 493; 14; 33.66; 1018.2525; 22.92578125
2026-09-21; 11:28:36; 460; 9; 33.65; 1018.1796875; 23.005859375
2026-09-21; 11:29:36; 493; 14; 33.87; 1018.2341015625; 22.6123046875
2026-09-21; 11:30:36; 421; 3; 33.8; 1018.178125; 22.5732421875
2026-09-21; 11:31:36; 400; 0; 33.92; 1018.1730859375; 22.3134765625
2026-09-21; 11:32:36; 400; 0; 34.04; 1018.0824609375; 22.3310546875
2026-09-21; 11:33:36; 400; 0; 33.92; 1018.0595703125; 22.173828125
2026-09-21; 11:34:36; 400; 0; 34.19; 1018.0683203125; 21.9560546875
2026-09-21; 11:35:36; 401; 0; 33.77; 1018.0244921875; 22.6875
2026-09-21; 11:36:36; 402; 0; 33.45; 1017.9507421875; 22.880859375
2026-09-21; 11:37:36; 400; 0; 33.53; 1018.0147265625; 22.826171875
2026-09-21; 11:38:36; 406; 0; 33.42; 1017.98765625; 22.9248046875
2026-09-21; 11:39:36; 400; 0; 32.99; 1017.8978515625; 23.376953125
2026-09-21; 11:40:37; 400; 0; 32.81; 1017.927421875; 23.2060546875
2026-09-21; 11:41:37; 403; 0; 33.1; 1017.86875; 23.1865234375
2026-09-21; 11:42:37; 408; 1; 33.13; 1017.896640625; 23.3154296875
2026-09-21; 11:43:37; 465; 9; 33.04; 1017.8651171875; 23.40234375
2026-09-21; 11:44:37; 523; 18; 33.1; 1017.86875; 23.2783203125
2026-09-21; 11:45:37; 572; 26; 33.23; 1017.993125; 23.146484375
2026-09-21; 11:46:37; 539; 21; 32.71; 1017.8997265625; 23.546875
2026-09-21; 11:47:37; 488; 13; 33.01; 1017.9302734375; 23.2861328125
2026-09-21; 11:48:37; 523; 18; 33.15; 1017.977734375; 23.2578125
2026-09-21; 11:49:37; 565; 25; 33.1; 1017.9537890625; 23.34765625
2026-09-21; 11:50:37; 553; 23; 33.09; 1018.0024609375; 23.3359375
2026-09-21; 11:51:37; 496; 14; 33.01; 1017.986953125; 23.34375
2026-09-21; 11:52:37; 439; 5; 33.08; 1017.921328125; 23.27734375
2026-09-21; 11:53:37; 417; 2; 32.98; 1017.99515625; 23.111328125
2026-09-21; 11:54:37; 403; 0; 32.67; 1017.9284375; 23.4873046875
2026-09-21; 11:55:37; 400; 0; 32.48; 1017.961953125; 23.6044921875
2026-09-21; 11:56:37; 407; 1; 32.71; 1017.964375; 23.5703125
2026-09-21; 11:57:37; 448; 7; 32.79; 1017.9719140625; 23.5283203125
2026-09-21; 11:58:37; 424; 3; 32.41; 1017.9906640625; 23.669921875
2026-09-21; 11:59:37; 421; 3; 32.9; 1017.98765625; 23.3837890625
2026-09-21; 12:00:37; 400; 0; 32.94; 1017.987265625; 23.3974609375
2026-09-21; 12:01:37; 413; 1; 32.75; 1018.0776171875; 23.548828125
2026-09-21; 12:02:37; 400; 0; 32.78; 1017.935546875; 23.447265625
2026-09-21; 12:03:37; 402; 0; 32.62; 1017.9974609375; 23.7041015625
2026-09-21; 12:04:37; 400; 0; 32.55; 1017.9615234375; 23.896484375
2026-09-21; 12:05:37; 407; 1; 32.67; 1017.9001171875; 23.6494140625
2026-09-21; 12:06:37; 409; 1; 32.75; 1017.8793359375; 23.6640625
2026-09-21; 12:07:37; 405; 0; 32.7; 1017.8269921875; 23.7197265625
2026-09-21; 12:08:37; 418; 2; 32.63; 1017.8072265625; 23.7509765625
2026-09-21; 12:09:37; 447; 7; 32.74; 1017.899609375; 23.67578125
2026-09-21; 12:10:37; 470; 10; 32.75; 1017.8509765625; 23.7109375
2026-09-21; 12:11:38; 529; 19; 32.76; 1017.875078125; 23.6650390625
2026-09-21; 12:12:38; 481; 12; 32.43; 1017.796328125; 23.8671875
2026-09-21; 12:13:38; 424; 3; 32.76; 1017.7617578125; 23.5498046875
2026-09-21; 12:14:38; 424; 3; 32.69; 1017.8108984375; 23.5693359375
2026-09-21; 12:15:38; 400; 0; 32.63; 1017.7505859375; 23.681640625
2026-09-21; 12:16:38; 401; 0; 32.68; 1017.802890625; 23.6728515625
2026-09-21; 12:17:38; 400; 0; 32.6; 1017.758984375; 23.806640625
2026-09-21; 12:18:38; 400; 0; 32.65; 1017.762421875; 23.9375
2026-09-21; 12:19:38; 402; 0; 32.62; 1017.7991796875; 23.8662109375
2026-09-21; 12:20:38; 400; 0; 32.61; 1017.698125; 23.646484375
2026-09-21; 12:21:38; 405; 0; 32.83; 1017.7045703125; 23.6572265625
2026-09-21; 12:22:38; 403; 0; 32.73; 1017.64859375; 23.6865234375
2026-09-21; 12:23:38; 401; 0; 32.9; 1017.7043359375; 23.626953125
2026-09-21; 12:24:38; 406; 0; 32.87; 1017.7327734375; 23.63671875
2026-09-21; 12:25:38; 420; 3; 32.87; 1017.684453125; 23.66015625
2026-09-21; 12:26:38; 456; 8; 32.94; 1017.7888671875; 23.6630859375
2026-09-21; 12:27:38; 463; 9; 32.92; 1017.7283984375; 23.5693359375
2026-09-21; 12:28:38; 487; 13; 32.98; 1017.675390625; 23.4453125
2026-09-21; 12:29:38; 464; 9; 33.0; 1017.7722265625; 23.3203125
2026-09-21; 12:30:38; 482; 12; 33.03; 1017.6709765625; 23.4130859375
2026-09-21; 12:31:38; 482; 12; 33.02; 1017.719609375; 23.5634765625
2026-09-21; 12:32:38; 473; 11; 33.0; 1017.7075; 23.4580078125
2026-09-21; 12:33:38; 487; 13; 32.87; 1017.67609375; 23.625
2026-09-21; 12:34:38; 428; 4; 32.7; 1017.713671875; 23.4423828125
2026-09-21; 12:35:38; 406; 0; 32.93; 1017.6878125; 23.3974609375
2026-09-21; 12:36:38; 423; 3; 32.85; 1017.6719921875; 23.578125
2026-09-21; 12:37:38; 411; 1; 32.9; 1017.639609375; 23.6494140625
2026-09-21; 12:38:38; 408; 1; 32.84; 1017.6923046875; 23.681640625
2026-09-21; 12:39:38; 408; 1; 32.81; 1017.672421875; 23.65625
2026-09-21; 12:40:38; 402; 0; 32.82; 1017.6601953125; 23.322265625
2026-09-21; 12:41:38; 423; 3; 32.88; 1017.6924609375; 23.5908203125
2026-09-21; 12:42:38; 439; 5; 32.59; 1017.6656640625; 23.6796875
2026-09-21; 12:43:38; 422; 3; 32.78; 1017.587578125; 23.7353515625
2026-09-21; 12:44:38; 400; 0; 32.83; 1017.6195703125; 23.6337890625
2026-09-21; 12:45:38; 405; 0; 32.92; 1017.615078125; 23.5693359375
2026-09-21; 12:46:38; 414; 2; 32.93; 1017.639140625; 23.466796875
2026-09-21; 12:47:38; 409; 1; 33.01; 1017.6385546875; 23.447265625
2026-09-21; 12:48:38; 433; 5; 32.97; 1017.659296875; 23.41015625
2026-09-21; 12:49:38; 454; 8; 33.02; 1017.6629296875; 23.2744140625
2026-09-21; 12:50:38; 476; 11; 32.98; 1017.62671875; 23.48046875
2026-09-21; 12:51:38; 459; 8; 32.97; 1017.6390234375; 23.3759765625
2026-09-21; 12:52:38; 401; 0; 32.91; 1017.5423046875; 23.48828125
2026-09-21; 12:53:38; 400; 0; 33.03; 1017.5576171875; 23.2861328125
2026-09-21; 12:54:39; 416; 2; 32.95; 1017.5421875; 23.4208984375
2026-09-21; 12:55:39; 402; 0; 32.96; 1017.5298828125; 23.41015625
2026-09-21; 12:56:39; 426; 3; 33.06; 1017.5774609375; 23.2998046875
2026-09-21; 12:57:39; 452; 7; 33.08; 1017.5895703125; 23.2783203125
2026-09-21; 12:58:39; 451; 7; 33.1; 1017.52859375; 23.220703125
2026-09-21; 12:59:39; 444; 6; 33.05; 1017.4276953125; 23.2412109375
2026-09-21; 13:00:39; 434; 5; 33.02; 1017.48484375; 23.2744140625
2026-09-21; 13:01:39; 454; 8; 33.01; 1017.44015625; 23.2509765625
2026-09-21; 13:02:39; 476; 11; 32.94; 1017.42046875; 23.328125
2026-09-21; 13:03:39; 443; 6; 32.82; 1017.433515625; 23.44921875
2026-09-21; 13:04:39; 414; 2; 32.87; 1017.4577734375; 23.4638671875
2026-09-21; 13:05:39; 400; 0; 32.97; 1017.4973046875; 23.2841796875
2026-09-21; 13:06:39; 400; 0; 32.97; 1017.4973046875; 23.2724609375
2026-09-21; 13:07:39; 402; 0; 32.92; 1017.4450390625; 23.3037109375
2026-09-21; 13:08:39; 400; 0; 33.03; 1017.3875390625; 23.33203125
2026-09-21; 13:09:39; 400; 0; 33.0; 1017.4524609375; 23.2265625
2026-09-21; 13:10:39; 411; 1; 32.81; 1017.3608203125; 23.4365234375
2026-09-21; 13:11:39; 427; 4; 33.05; 1017.371015625; 23.2412109375
2026-09-21; 13:12:39; 407; 1; 33.02; 1017.4281640625; 23.1357421875
2026-09-21; 13:13:39; 409; 1; 33.05; 1017.391328125; 23.1142578125
2026-09-21; 13:14:39; 401; 0; 32.99; 1017.387734375; 23.123046875
2026-09-21; 13:15:39; 402; 0; 32.97; 1017.327265625; 23.064453125
2026-09-21; 13:16:39; 401; 0; 32.84; 1017.26734375; 23.265625
2026-09-21; 13:17:39; 416; 2; 32.96; 1017.303203125; 23.09765625
2026-09-21; 13:18:39; 418; 2; 32.64; 1017.2851171875; 23.439453125
2026-09-21; 13:19:39; 432; 4; 32.85; 1017.283359375; 23.150390625
2026-09-21; 13:20:39; 441; 6; 32.88; 1017.2755078125; 23.1640625
2026-09-21; 13:21:39; 435; 5; 32.92; 1017.303359375; 23.130859375
2026-09-21; 13:22:39; 450; 7; 32.96; 1017.282890625; 23.005859375
2026-09-21; 13:23:39; 472; 10; 33.0; 1017.2540625; 22.97265625
2026-09-21; 13:24:39; 473; 11; 32.97; 1017.2705859375; 23.064453125
2026-09-21; 13:25:39; 533; 20; 33.04; 1017.2619140625; 23.0908203125
2026-09-21; 13:26:39; 455; 8; 32.71; 1017.227890625; 23.212890625
2026-09-21; 13:27:39; 451; 7; 32.94; 1017.278828125; 23.0390625
2026-09-21; 13:28:39; 435; 5; 32.89; 1017.226875; 23.0830078125
2026-09-21; 13:29:39; 411; 1; 32.85; 1017.283359375; 23.173828125
2026-09-21; 13:30:39; 434; 5; 32.85; 1017.2550390625; 23.2314453125
2026-09-21; 13:31:39; 414; 2; 32.79; 1017.263671875; 23.216796875
2026-09-21; 13:32:39; 418; 2; 32.75; 1017.2358203125; 23.1689453125
2026-09-21; 13:33:39; 401; 0; 32.78; 1017.198984375; 23.0888671875
2026-09-21; 13:34:39; 400; 0; 32.83; 1017.2432421875; 23.0107421875
2026-09-21; 13:35:39; 443; 6; 32.7; 1017.268515625; 23.189453125
2026-09-21; 13:36:39; 457; 8; 32.68; 1017.1797265625; 23.0263671875
2026-09-21; 13:37:40; 457; 8; 32.48; 1017.262109375; 23.0166015625
2026-09-21; 13:38:40; 447; 7; 32.47; 1017.1894140625; 23.0849609375
2026-09-21; 13:39:40; 443; 6; 32.46; 1017.108359375; 23.1650390625
2026-09-21; 13:40:40; 492; 14; 32.49; 1017.156875; 23.3505859375
2026-09-21; 13:41:40; 552; 23; 32.48; 1017.14078125; 23.408203125
2026-09-21; 13:42:40; 578; 27; 32.39; 1017.116875; 23.392578125
2026-09-21; 13:43:40; 589; 28; 32.33; 1017.170078125; 23.4248046875
2026-09-21; 13:44:40; 555; 23; 32.16; 1017.1221484375; 23.115234375
2026-09-21; 13:45:40; 526; 19; 32.25; 1017.01234375; 23.3505859375
2026-09-21; 13:46:40; 485; 12; 32.3; 1016.9797265625; 23.330078125
2026-09-21; 13:47:40; 444; 6; 32.24; 1017.0812109375; 23.26953125
2026-09-21; 13:48:40; 422; 3; 32.21; 1017.0330078125; 23.3828125
2026-09-21; 13:49:40; 400; 0; 32.3; 1016.9797265625; 23.4228515625
2026-09-21; 13:50:40; 400; 0; 32.25; 1016.976015625; 23.4423828125
2026-09-21; 13:51:40; 400; 0; 32.22; 1017.012734375; 23.2451171875
2026-09-21; 13:52:40; 406; 0; 32.16; 1017.0009375; 23.3916015625
2026-09-21; 13:53:40; 411; 1; 32.27; 1016.895234375; 23.3515625
2026-09-21; 13:54:40; 405; 0; 32.19; 1016.9159765625; 23.37109375
2026-09-21; 13:55:40; 400; 0; 32.2; 1016.8673828125; 23.37109375
2026-09-21; 13:56:40; 400; 0; 32.21; 1016.940078125; 23.255859375
2026-09-21; 13:57:40; 400; 0; 32.07; 1016.7872265625; 23.353515625
2026-09-21; 13:58:40; 401; 0; 32.13; 1016.8758984375; 23.251953125
2026-09-21; 13:59:40; 424; 3; 32.06; 1016.827734375; 23.3408203125
2026-09-21; 14:00:40; 444; 6; 32.07; 1016.750859375; 23.3525390625
2026-09-21; 14:01:40; 460; 9; 31.99; 1016.7716015625; 23.3603515625
2026-09-21; 14:02:40; 466; 10; 32.02; 1016.7066015625; 23.3505859375
2026-09-21; 14:03:40; 470; 10; 31.93; 1016.731484375; 23.4609375
2026-09-21; 14:04:40; 476; 11; 31.84; 1016.7360546875; 23.45703125
2026-09-21; 14:05:40; 466; 10; 31.94; 1016.682890625; 23.369140625
2026-09-21; 14:06:40; 460; 9; 31.82; 1016.7238671875; 23.466796875
2026-09-21; 14:07:40; 455; 8; 31.82; 1016.731875; 23.4443359375
2026-09-21; 14:08:40; 447; 7; 31.79; 1016.683671875; 23.5234375
2026-09-21; 14:09:40; 455; 8; 31.75; 1016.760234375; 23.509765625
2026-09-21; 14:10:40; 447; 7; 31.62; 1016.7203515625; 23.5947265625
2026-09-21; 14:11:40; 439; 5; 31.68; 1016.7525390625; 23.482421875
2026-09-21; 14:12:40; 418; 2; 31.66; 1016.7566796875; 23.4013671875
2026-09-21; 14:13:40; 401; 0; 31.66; 1016.7284375; 23.3779296875
2026-09-21; 14:14:40; 400; 0; 31.57; 1016.732890625; 23.51171875
2026-09-21; 14:15:40; 400; 0; 31.54; 1016.684375; 23.44140625
2026-09-21; 14:16:40; 400; 0; 31.51; 1016.6563671875; 23.4853515625
2026-09-21; 14:17:40; 400; 0; 31.52; 1016.6522265625; 23.462890625
2026-09-21; 14:18:40; 400; 0; 31.46; 1016.575703125; 23.4482421875
2026-09-21; 14:19:40; 400; 0; 31.5; 1016.64; 23.4384765625
2026-09-21; 14:20:41; 400; 0; 31.47; 1016.6846484375; 23.4140625
2026-09-21; 14:21:41; 400; 0; 31.38; 1016.6446875; 23.5478515625
2026-09-21; 14:22:41; 400; 0; 31.44; 1016.5798828125; 23.4365234375
2026-09-21; 14:23:41; 400; 0; 31.44; 1016.5798828125; 23.4365234375
2026-09-21; 14:24:41; 400; 0; 31.51; 1016.551328125; 23.34765625
2026-09-21; 14:25:41; 400; 0; 31.48; 1016.551328125; 23.345703125
2026-09-21; 14:26:41; 400; 0; 31.47; 1016.5998046875; 23.333984375
2026-09-21; 14:27:41; 400; 0; 31.43; 1016.55546875; 23.3310546875
2026-09-21; 14:28:41; 400; 0; 31.42; 1016.62421875; 23.376953125
2026-09-21; 14:29:41; 400; 0; 31.44; 1016.5798828125; 23.37890625
2026-09-21; 14:30:41; 400; 0; 31.38; 1016.531640625; 23.4208984375
2026-09-21; 14:31:41; 400; 0; 31.41; 1016.5798828125; 23.2958984375
2026-09-21; 14:32:41; 400; 0; 31.42; 1016.4908984375; 23.28515625
2026-09-21; 14:33:41; 400; 0; 31.41; 1016.503125; 23.2734375
2026-09-21; 14:34:41; 400; 0; 31.31; 1016.5197265625; 23.3369140625
2026-09-21; 14:35:41; 400; 0; 31.36; 1016.5072265625; 23.3515625
2026-09-21; 14:36:41; 400; 0; 31.3; 1016.531875; 23.40625
2026-09-21; 14:37:41; 400; 0; 31.31; 1016.5197265625; 23.4638671875
2026-09-21; 14:38:41; 400; 0; 31.31; 1016.5681640625; 23.4755859375
2026-09-21; 14:39:41; 400; 0; 31.31; 1016.5964453125; 23.533203125
2026-09-21; 14:40:41; 400; 0; 31.27; 1016.568125; 23.6923828125
2026-09-21; 14:41:41; 400; 0; 31.2; 1016.568046875; 23.8037109375
2026-09-21; 14:42:41; 400; 0; 31.21; 1016.5558984375; 23.953125
2026-09-21; 14:43:41; 400; 0; 31.19; 1016.5721875; 24.1474609375
2026-09-21; 14:44:41; 400; 0; 31.2; 1016.5398046875; 24.2177734375
2026-09-21; 14:45:41; 418; 2; 31.12; 1016.580390625; 24.3623046875
2026-09-21; 14:46:41; 497; 14; 31.12; 1016.5441015625; 24.431640625
2026-09-21; 14:47:41; 592; 29; 31.11; 1016.4512890625; 24.5224609375
2026-09-21; 14:48:41; 683; 43; 31.17; 1016.435078125; 24.46875
2026-09-21; 14:49:41; 810; 62; 31.16; 1016.495390625; 24.501953125
2026-09-21; 14:50:41; 930; 80; 31.17; 1016.435078125; 24.4794921875
2026-09-21; 14:51:41; 1004; 92; 31.11; 1016.5280078125; 24.4990234375
2026-09-21; 14:52:41; 1105; 107; 31.05; 1016.4675390625; 24.4853515625
2026-09-21; 14:53:41; 1181; 118; 31.13; 1016.4189453125; 24.3505859375
2026-09-21; 14:54:41; 1238; 127; 31.16; 1016.523671875; 24.2265625
2026-09-21; 14:55:41; 1204; 122; 31.14; 1016.435; 24.15625
2026-09-21; 14:56:41; 1195; 121; 31.18; 1016.4148046875; 24.06640625
2026-09-21; 14:57:41; 1178; 118; 31.15; 1016.34609375; 24.0078125
2026-09-21; 14:58:41; 1140; 112; 31.13; 1016.4471875; 23.994140625
2026-09-21; 14:59:41; 1081; 103; 31.12; 1016.346328125; 23.8564453125
2026-09-21; 15:00:41; 967; 86; 31.07; 1016.3301953125; 23.8193359375
2026-09-21; 15:01:41; 865; 70; 31.07; 1016.378671875; 23.76171875
2026-09-21; 15:02:41; 783; 58; 31.01; 1016.4674609375; 23.736328125
2026-09-21; 15:03:42; 706; 46; 30.97; 1016.39515625; 23.7451171875
2026-09-21; 15:04:42; 638; 36; 30.98; 1016.391015625; 23.6767578125
2026-09-21; 15:05:42; 567; 25; 31.0; 1016.386875; 23.6318359375
2026-09-21; 15:06:42; 491; 13; 30.96; 1016.2660546875; 23.572265625
2026-09-21; 15:07:42; 443; 6; 31.03; 1016.322421875; 23.42578125
2026-09-21; 15:08:42; 401; 0; 30.96; 1016.3508203125; 23.5029296875
2026-09-21; 15:09:42; 400; 0; 30.93; 1016.3869921875; 23.501953125
2026-09-21; 15:10:42; 400; 0; 30.98; 1016.326484375; 23.4462890625
2026-09-21; 15:11:42; 400; 0; 30.95; 1016.306171875; 23.41015625
2026-09-21; 15:12:42; 400; 0; 31.0; 1016.2819140625; 23.3212890625
2026-09-21; 15:13:42; 400; 0; 30.92; 1016.3225; 23.33984375
2026-09-21; 15:14:42; 400; 0; 30.99; 1016.3708203125; 23.3203125
2026-09-21; 15:15:42; 400; 0; 31.0; 1016.3586328125; 23.275390625
2026-09-21; 15:16:42; 400; 0; 30.99; 1016.378828125; 23.263671875
2026-09-21; 15:17:42; 400; 0; 30.9; 1016.346796875; 23.3388671875
2026-09-21; 15:18:42; 400; 0; 30.95; 1016.3427734375; 23.2724609375
2026-09-21; 15:19:42; 400; 0; 30.93; 1016.24578125; 23.259765625
2026-09-21; 15:20:42; 400; 0; 30.93; 1016.3103125; 23.2373046875
2026-09-21; 15:21:42; 400; 0; 30.93; 1016.3023046875; 23.271484375
2026-09-21; 15:22:42; 400; 0; 30.84; 1016.298515625; 23.4052734375
2026-09-21; 15:23:42; 400; 0; 30.84; 1016.2702734375; 23.439453125
2026-09-21; 15:24:42; 400; 0; 30.89; 1016.246015625; 23.4072265625
2026-09-21; 15:25:42; 400; 0; 30.94; 1016.2133984375; 23.318359375
2026-09-21; 15:26:42; 400; 0; 30.97; 1016.2256640625; 23.3427734375
2026-09-21; 15:27:42; 400; 0; 30.87; 1016.318515625; 23.3828125
2026-09-21; 15:28:42; 400; 0; 30.9; 1016.2258203125; 23.3505859375
2026-09-21; 15:29:42; 400; 0; 30.94; 1016.261875; 23.3173828125
2026-09-21; 15:30:42; 400; 0; 30.87; 1016.2337890625; 23.3486328125
2026-09-21; 15:31:42; 400; 0; 30.87; 1016.2619921875; 23.3369140625
2026-09-21; 15:32:42; 400; 0; 30.91; 1016.213671875; 23.31640625
2026-09-21; 15:33:42; 400; 0; 31.0; 1016.16890625; 23.171875
2026-09-21; 15:34:42; 400; 0; 30.91; 1016.249921875; 23.2939453125
2026-09-21; 15:35:42; 400; 0; 30.9; 1016.169296875; 23.396484375
2026-09-21; 15:36:42; 400; 0; 30.86; 1016.2257421875; 23.4638671875
2026-09-21; 15:37:42; 400; 0; 30.94; 1016.18515625; 23.43359375
2026-09-21; 15:38:42; 400; 0; 30.91; 1016.1087109375; 23.4658203125
2026-09-21; 15:39:42; 400; 0; 30.91; 1016.1006640625; 23.5234375
2026-09-21; 15:40:42; 400; 0; 30.9; 1016.1128515625; 23.5224609375
2026-09-21; 15:41:42; 400; 0; 30.89; 1016.020078125; 23.5224609375
2026-09-21; 15:42:42; 400; 0; 30.88; 1016.0319140625; 23.5224609375
2026-09-21; 15:43:42; 400; 0; 30.9; 1015.9998828125; 23.5107421875
2026-09-21; 15:44:42; 400; 0; 30.88; 1016.1651171875; 23.4990234375
2026-09-21; 15:45:42; 400; 0; 30.85; 1016.09671875; 23.54296875
2026-09-21; 15:46:43; 400; 0; 30.83; 1016.121015625; 23.51953125
2026-09-21; 15:47:43; 400; 0; 30.75; 1016.141328125; 23.619140625
2026-09-21; 15:48:43; 400; 0; 30.77; 1016.11703125; 23.5166015625
2026-09-21; 15:49:43; 400; 0; 30.78; 1016.0968359375; 23.482421875
2026-09-21; 15:50:43; 400; 0; 30.82; 1016.1049609375; 23.484375
2026-09-21; 15:51:43; 400; 0; 30.75; 1016.0768359375; 23.48046875
2026-09-21; 15:52:43; 400; 0; 30.7; 1016.080859375; 23.4892578125
2026-09-21; 15:53:43; 400; 0; 30.68; 1016.02046875; 23.5
2026-09-21; 15:54:43; 400; 0; 30.63; 1016.06046875; 23.486328125
2026-09-21; 15:55:43; 400; 0; 30.7; 1016.0041796875; 23.455078125
2026-09-21; 15:56:43; 400; 0; 30.71; 1015.99203125; 23.38671875
2026-09-21; 15:57:43; 400; 0; 30.67; 1016.03234375; 23.361328125
2026-09-21; 15:58:43; 400; 0; 30.7; 1015.9194921875; 23.33984375
2026-09-21; 15:59:43; 400; 0; 30.7; 1015.9476953125; 23.33984375
2026-09-21; 16:00:43; 400; 0; 30.72; 1016.000078125; 23.306640625
2026-09-21; 16:01:43; 400; 0; 30.64; 1015.9555859375; 23.37109375
2026-09-21; 16:02:43; 400; 0; 30.65; 1016.0280859375; 23.3837890625
2026-09-21; 16:03:43; 400; 0; 30.69; 1016.0083203125; 23.3056640625
2026-09-21; 16:04:43; 400; 0; 30.68; 1015.992265625; 23.3046875
2026-09-21; 16:05:43; 400; 0; 30.61; 1015.9718359375; 23.404296875
2026-09-21; 16:06:43; 400; 0; 30.63; 1015.9959765625; 23.3369140625
2026-09-21; 16:07:43; 400; 0; 30.58; 1015.9434765625; 23.4140625
2026-09-21; 16:08:43; 400; 0; 30.6; 1015.9756640625; 23.4267578125
2026-09-21; 16:09:43; 400; 0; 30.66; 1016.0159765625; 23.2919921875
2026-09-21; 16:10:43; 400; 0; 30.61; 1016.0481640625; 23.2783203125
2026-09-21; 16:11:43; 400; 0; 30.68; 1016.0487109375; 23.201171875
2026-09-21; 16:12:43; 400; 0; 30.64; 1015.96359375; 23.2109375
2026-09-21; 16:13:43; 400; 0; 30.67; 1015.9556640625; 23.166015625
2026-09-21; 16:14:43; 400; 0; 30.69; 1015.9033984375; 23.15625
2026-09-21; 16:15:43; 400; 0; 30.63; 1015.8628125; 23.1875
2026-09-21; 16:16:43; 400; 0; 30.62; 1015.9233984375; 23.1630859375
2026-09-21; 16:17:43; 400; 0; 30.64; 1015.8991015625; 23.1298828125
2026-09-21; 16:18:43; 400; 0; 30.65; 1015.8587109375; 23.130859375
2026-09-21; 16:19:43; 400; 0; 30.6; 1015.9191796875; 23.185546875
2026-09-21; 16:20:43; 400; 0; 30.58; 1015.9434765625; 23.1728515625
2026-09-21; 16:21:43; 400; 0; 30.54; 1015.8590234375; 23.216796875
2026-09-21; 16:22:43; 400; 0; 30.48; 1015.91140625; 23.283203125
2026-09-21; 16:23:43; 400; 0; 30.44; 1015.81859375; 23.29296875
2026-09-21; 16:24:43; 400; 0; 30.58; 1015.9434765625; 23.1611328125
2026-09-21; 16:25:43; 400; 0; 30.55; 1015.875078125; 23.13671875
2026-09-21; 16:26:43; 400; 0; 30.51; 1015.8749609375; 23.169921875
2026-09-21; 16:27:43; 400; 0; 30.56; 1015.8548828125; 23.171875
2026-09-21; 16:28:44; 400; 0; 30.59; 1015.7982421875; 23.150390625
2026-09-21; 16:29:44; 400; 0; 30.53; 1015.8708203125; 23.205078125
2026-09-21; 16:30:44; 400; 0; 30.51; 1015.8749609375; 23.134765625
2026-09-21; 16:31:44; 400; 0; 30.55; 1015.875078125; 23.1484375
2026-09-21; 16:32:44; 400; 0; 30.51; 1015.81046875; 23.2158203125
2026-09-21; 16:33:44; 400; 0; 30.58; 1015.8668359375; 23.150390625
2026-09-21; 16:34:44; 400; 0; 30.6; 1015.8344921875; 23.08203125
2026-09-21; 16:35:44; 400; 0; 30.58; 1015.80234375; 23.126953125
2026-09-21; 16:36:44; 400; 0; 30.39; 1015.81453125; 23.2900390625
2026-09-21; 16:37:44; 400; 0; 30.5; 1015.766171875; 23.21484375
2026-09-21; 16:38:44; 400; 0; 30.48; 1015.8187109375; 23.248046875
2026-09-21; 16:39:44; 400; 0; 30.59; 1015.7901953125; 23.1044921875
2026-09-21; 16:40:44; 400; 0; 30.45; 1015.778203125; 23.3623046875
2026-09-21; 16:41:44; 400; 0; 30.43; 1015.7380078125; 23.41796875
2026-09-21; 16:42:44; 400; 0; 30.53; 1015.778125; 23.2509765625
2026-09-21; 16:43:44; 400; 0; 30.45; 1015.7983984375; 23.3154296875
2026-09-21; 16:44:44; 400; 0; 30.52; 1015.770078125; 23.23828125
2026-09-21; 16:45:44; 400; 0; 30.31; 1015.77828125; 23.423828125
2026-09-21; 16:46:44; 400; 0; 30.48; 1015.8187109375; 23.3173828125
2026-09-21; 16:47:44; 400; 0; 30.35; 1015.750234375; 23.6328125
2026-09-21; 16:48:44; 400; 0; 30.29; 1015.74609375; 23.6865234375
2026-09-21; 16:49:44; 400; 0; 30.33; 1015.68953125; 23.7109375
2026-09-21; 16:50:44; 400; 0; 30.41; 1015.6212109375; 23.6005859375
2026-09-21; 16:51:44; 400; 0; 30.37; 1015.6775390625; 23.564453125
2026-09-21; 16:52:44; 400; 0; 30.51; 1015.7620703125; 23.4228515625
2026-09-21; 16:53:44; 400; 0; 30.37; 1015.7258984375; 23.5302734375
2026-09-21; 16:54:44; 400; 0; 30.44; 1015.6412109375; 23.3837890625
2026-09-21; 16:55:44; 400; 0; 30.41; 1015.6856640625; 23.4169921875
2026-09-21; 16:56:44; 400; 0; 30.29; 1015.7179296875; 23.6171875
2026-09-21; 16:57:44; 400; 0; 30.25; 1015.7097265625; 23.7080078125
2026-09-21; 16:58:44; 400; 0; 30.31; 1015.6855859375; 23.6640625
2026-09-21; 16:59:44; 400; 0; 30.18; 1015.661328125; 23.8193359375
2026-09-21; 17:00:44; 400; 0; 30.41; 1015.705859375; 23.486328125
2026-09-21; 17:01:44; 405; 0; 30.37; 1015.7057421875; 23.5419921875
2026-09-21; 17:02:44; 428; 4; 30.48; 1015.677578125; 23.466796875
2026-09-21; 17:03:44; 466; 10; 30.35; 1015.6937890625; 23.59765625
2026-09-21; 17:04:44; 508; 16; 30.44; 1015.64921875; 23.4990234375
2026-09-21; 17:05:44; 530; 19; 30.54; 1015.717890625; 23.412109375
2026-09-21; 17:06:44; 589; 28; 30.42; 1015.7017578125; 23.61328125
2026-09-21; 17:07:44; 666; 40; 30.42; 1015.6453125; 23.578125
2026-09-21; 17:08:44; 690; 44; 30.48; 1015.6493359375; 23.3857421875
2026-09-21; 17:09:44; 692; 44; 30.46; 1015.6169140625; 23.4306640625
2026-09-21; 17:10:44; 768; 56; 30.44; 1015.6130078125; 23.4296875
2026-09-21; 17:11:45; 783; 58; 30.48; 1015.572734375; 23.4326171875
2026-09-21; 17:12:45; 832; 65; 30.49; 1015.61703125; 23.4443359375
2026-09-21; 17:13:45; 954; 84; 30.41; 1015.6212109375; 23.58984375
2026-09-21; 17:14:45; 1081; 103; 30.38; 1015.60890625; 23.66796875
2026-09-21; 17:15:45; 1137; 112; 30.45; 1015.516171875; 23.4765625
2026-09-21; 17:16:45; 1270; 132; 30.39; 1015.596796875; 23.5888671875
2026-09-21; 17:17:45; 1376; 148; 30.43; 1015.57671875; 23.6025390625
2026-09-21; 17:18:45; 1487; 165; 30.39; 1015.5323046875; 23.5888671875
2026-09-21; 17:19:45; 1507; 177; 30.39; 1015.6169921875; 23.5888671875
2026-09-21; 17:20:45; 1540; 199; 30.4; 1015.6048046875; 23.56640625
2026-09-21; 17:21:45; 1540; 199; 30.44; 1015.5645703125; 23.556640625
2026-09-21; 17:22:45; 1540; 199; 30.48; 1015.6009375; 23.466796875
2026-09-21; 17:23:45; 1548; 206; 30.45; 1015.6290234375; 23.48828125
2026-09-21; 17:24:45; 1550; 207; 30.4; 1015.6131640625; 23.53125
2026-09-21; 17:25:45; 1569; 221; 30.4; 1015.55671875; 23.56640625
2026-09-21; 17:26:45; 1606; 249; 30.32; 1015.5968359375; 23.72265625
2026-09-21; 17:27:45; 1611; 256; 30.28; 1015.6171875; 23.697265625
2026-09-21; 17:28:45; 1635; 277; 30.33; 1015.5000390625; 23.7919921875
2026-09-21; 17:29:45; 1687; 326; 30.33; 1015.520234375; 23.7685546875
2026-09-21; 17:30:45; 1717; 355; 30.31; 1015.58078125; 23.802734375
2026-09-21; 17:31:45; 1723; 360; 30.36; 1015.56875; 23.689453125
2026-09-21; 17:32:45; 1756; 399; 30.27; 1015.536640625; 23.8232421875
2026-09-21; 17:33:45; 1822; 477; 30.3; 1015.500234375; 23.87109375
2026-09-21; 17:34:45; 1848; 513; 30.38; 1015.5242578125; 23.6796875
2026-09-21; 17:35:45; 1836; 497; 30.44; 1015.4718359375; 23.6708984375
2026-09-21; 17:36:45; 1867; 540; 30.38; 1015.4678125; 23.7373046875
2026-09-21; 17:37:45; 1897; 581; 30.36; 1015.4074609375; 23.7021484375
2026-09-21; 17:38:45; 1928; 626; 30.34; 1015.4237109375; 23.7236328125
2026-09-21; 17:39:45; 1935; 641; 30.3; 1015.4437890625; 23.779296875
2026-09-21; 17:40:45; 1957; 674; 30.29; 1015.43578125; 23.708984375
2026-09-21; 17:41:45; 1959; 676; 30.27; 1015.3955859375; 23.833984375
2026-09-21; 17:42:45; 1991; 730; 30.24; 1015.363125; 23.890625
2026-09-21; 17:43:45; 2025; 794; 30.24; 1015.38328125; 23.85546875
2026-09-21; 17:44:45; 2064; 849; 30.29; 1015.3793359375; 23.8818359375
2026-09-21; 17:45:45; 2076; 875; 30.3; 1015.42359375; 23.859375
2026-09-21; 17:46:45; 2100; 922; 30.3; 1015.4437890625; 23.8935546875
2026-09-21; 17:47:45; 2134; 994; 30.28; 1015.43984375; 23.8701171875
2026-09-21; 17:48:45; 2154; 1036; 30.28; 1015.4962890625; 23.9384765625
2026-09-21; 17:49:45; 2158; 1048; 30.18; 1015.4840234375; 23.9794921875
2026-09-21; 17:50:45; 2174; 1084; 30.15; 1015.443828125; 24.0234375
2026-09-21; 17:51:45; 2178; 1093; 30.1; 1015.524375; 24.0205078125
2026-09-21; 17:52:45; 2199; 1138; 30.09; 1015.4515625; 24.181640625
2026-09-21; 17:53:45; 2242; 1225; 30.12; 1015.4799609375; 24.0224609375
2026-09-21; 17:54:46; 2253; 1252; 30.1; 1015.4679296875; 24.1005859375
2026-09-21; 17:55:46; 2270; 1290; 30.12; 1015.4799609375; 24.1142578125
2026-09-21; 17:56:46; 2298; 1357; 30.1; 1015.5041796875; 24.1240234375
2026-09-21; 17:57:46; 2384; 1533; 30.15; 1015.5002734375; 24.115234375
2026-09-21; 17:58:46; 2409; 1588; 30.2; 1015.552734375; 24.083984375
2026-09-21; 17:59:46; 2405; 1583; 30.18; 1015.568671875; 23.9677734375
2026-09-21; 18:00:46; 2388; 1546; 30.13; 1015.460078125; 24.056640625
2026-09-21; 18:01:46; 2423; 1618; 30.18; 1015.57671875; 24.0712890625
2026-09-21; 18:02:46; 2471; 1713; 30.11; 1015.57671875; 24.1591796875
2026-09-21; 18:03:46; 2448; 1668; 30.04; 1015.5119140625; 24.212890625
2026-09-21; 18:04:46; 2460; 1693; 30.02; 1015.54421875; 24.189453125
2026-09-21; 18:05:46; 2507; 1799; 30.02; 1015.62078125; 24.2685546875
2026-09-21; 18:06:46; 2587; 1962; 30.09; 1015.6208203125; 24.25
2026-09-21; 18:07:46; 2667; 2138; 30.0; 1015.5321875; 24.2333984375
2026-09-21; 18:08:46; 2659; 2121; 30.04; 1015.5199609375; 24.248046875
2026-09-21; 18:09:46; 2641; 2083; 29.97; 1015.5561328125; 24.3017578125
2026-09-21; 18:10:46; 2654; 2110; 29.94; 1015.471640625; 24.3447265625
2026-09-21; 18:11:46; 2689; 2186; 29.97; 1015.5561328125; 24.3935546875
2026-09-21; 18:12:46; 2704; 2219; 29.92; 1015.58015625; 24.33203125
2026-09-21; 18:13:46; 2720; 2263; 29.92; 1015.5321484375; 24.458984375
2026-09-21; 18:14:46; 2786; 2404; 29.94; 1015.507890625; 24.4716796875
2026-09-21; 18:15:46; 2832; 2501; 29.9; 1015.584296875; 24.5263671875
2026-09-21; 18:16:46; 2859; 2564; 29.86; 1015.548125; 24.466796875
2026-09-21; 18:17:46; 2848; 2536; 29.77; 1015.592109375; 24.6572265625
2026-09-21; 18:18:46; 2867; 2581; 29.82; 1015.503671875; 24.625
2026-09-21; 18:19:46; 2912; 2661; 29.78; 1015.531640625; 24.634765625
2026-09-21; 18:20:46; 2912; 2661; 29.75; 1015.539765625; 24.6103515625
2026-09-21; 18:21:46; 2906; 2649; 29.74; 1015.57203125; 24.6435546875
2026-09-21; 18:22:46; 2912; 2661; 29.77; 1015.5075390625; 24.66796875
2026-09-21; 18:23:46; 3014; 2884; 29.77; 1015.4873828125; 24.6572265625
2026-09-21; 18:24:46; 2994; 2835; 29.73; 1015.415; 24.666015625
2026-09-21; 18:25:46; 3014; 2884; 29.76; 1015.4914453125; 24.6337890625
2026-09-21; 18:26:46; 2994; 2835; 29.67; 1015.418828125; 24.708984375
2026-09-21; 18:27:46; 2994; 2835; 29.63; 1015.49515625; 24.71875
2026-09-21; 18:28:46; 2963; 2768; 29.57; 1015.3983203125; 24.806640625
2026-09-21; 18:29:46; 2940; 2715; 29.52; 1015.507109375; 24.9755859375
2026-09-21; 18:30:46; 2957; 2750; 29.55; 1015.470859375; 24.8974609375
2026-09-21; 18:31:46; 2957; 2750; 29.45; 1015.4583203125; 24.9833984375
2026-09-21; 18:32:46; 2952; 2745; 29.4; 1015.47015625; 25.15234375
2026-09-21; 18:33:46; 2971; 2786; 29.37; 1015.4416796875; 25.0927734375
2026-09-21; 18:34:46; 2994; 2835; 29.39; 1015.4741796875; 25.1865234375
2026-09-21; 18:35:46; 3019; 2885; 29.37; 1015.50640625; 25.2314453125
2026-09-21; 18:36:46; 3045; 2940; 29.38; 1015.4661328125; 25.1630859375
2026-09-21; 18:37:47; 3045; 2940; 29.33; 1015.582578125; 25.228515625
2026-09-21; 18:38:47; 3068; 2992; 29.34; 1015.5141796875; 25.2412109375
2026-09-21; 18:39:47; 3102; 3065; 29.34; 1015.54234375; 25.2177734375
2026-09-21; 18:40:47; 3120; 3110; 29.31; 1015.4940625; 25.26171875
2026-09-21; 18:41:47; 3114; 3096; 29.27; 1015.4213671875; 25.2939453125
2026-09-21; 18:42:47; 3114; 3096; 29.27; 1015.44953125; 25.3056640625
2026-09-21; 18:43:47; 3120; 3110; 29.24; 1015.542109375; 25.349609375
2026-09-21; 18:44:47; 3114; 3096; 29.17; 1015.54984375; 25.4033203125
2026-09-21; 18:45:47; 3120; 3110; 29.18; 1015.4533203125; 25.4716796875
2026-09-21; 18:46:47; 3120; 3110; 29.14; 1015.4248046875; 25.5390625
2026-09-21; 18:47:47; 3120; 3110; 29.11; 1015.4328515625; 25.5029296875
2026-09-21; 18:48:47; 3129; 3129; 29.09; 1015.4285546875; 25.58203125
2026-09-21; 18:49:47; 3213; 3299; 29.11; 1015.4328515625; 25.60546875
2026-09-21; 18:50:47; 3235; 3360; 29.06; 1015.464765625; 25.68359375
2026-09-21; 18:51:47; 3235; 3360; 29.07; 1015.45265625; 25.591796875
2026-09-21; 18:52:47; 3247; 3381; 29.09; 1015.4566796875; 25.5703125
2026-09-21; 18:53:47; 3247; 3381; 29.05; 1015.448671875; 25.63671875
2026-09-21; 18:54:47; 3247; 3381; 28.97; 1015.3477734375; 25.7119140625
2026-09-21; 18:55:47; 3219; 3318; 28.93; 1015.38765625; 25.7666015625
2026-09-21; 18:56:47; 3219; 3318; 28.91; 1015.4761328125; 25.857421875
2026-09-21; 18:57:47; 3201; 3278; 28.89; 1015.24625; 25.822265625
2026-09-21; 18:58:47; 3247; 3381; 28.83; 1015.2984765625; 25.9677734375
2026-09-21; 18:59:47; 3226; 3340; 28.83; 1015.403046875; 25.91015625
2026-09-21; 19:00:47; 3226; 3340; 28.78; 1015.378515625; 25.9873046875
2026-09-21; 19:01:47; 3226; 3340; 28.77; 1015.37046875; 26.0322265625
2026-09-21; 19:02:47; 3256; 3394; 28.74; 1015.39828125; 26.1220703125
2026-09-21; 19:03:47; 3285; 3467; 28.73; 1015.3821484375; 26.1328125
2026-09-21; 19:04:47; 3332; 3562; 28.68; 1015.35765625; 26.1982421875
2026-09-21; 19:05:47; 3332; 3562; 28.69; 1015.4303515625; 26.1650390625
2026-09-21; 19:06:47; 3425; 3763; 28.67; 1015.4340234375; 26.2783203125
2026-09-21; 19:07:47; 3464; 3841; 28.61; 1015.4215234375; 26.2861328125
2026-09-21; 19:08:47; 3507; 3933; 28.57; 1015.4134375; 26.3408203125
2026-09-21; 19:09:47; 3550; 4019; 28.53; 1015.4049609375; 26.4296875
2026-09-21; 19:10:47; 3609; 4144; 28.47; 1015.4286328125; 26.44921875
2026-09-21; 19:11:47; 3609; 4144; 28.42; 1015.4606640625; 26.4921875
2026-09-21; 19:12:47; 3668; 4268; 28.37; 1015.49234375; 26.6484375
2026-09-21; 19:13:47; 3725; 4398; 28.3; 1015.35921875; 26.7939453125
2026-09-21; 19:14:47; 3790; 4536; 28.27; 1015.4227734375; 26.76953125
2026-09-21; 19:15:47; 3819; 4591; 28.21; 1015.5149609375; 26.8798828125
2026-09-21; 19:16:47; 3841; 4670; 28.14; 1015.4015625; 27.01171875
2026-09-21; 19:17:47; 3870; 4718; 28.11; 1015.4175390625; 27.033203125
2026-09-21; 19:18:47; 3921; 4830; 28.1; 1015.449609375; 27.021484375
2026-09-21; 19:19:47; 3963; 4919; 28.05; 1015.4691796875; 27.1669921875
2026-09-21; 19:20:48; 4005; 5015; 28.01; 1015.4609765625; 27.2333984375
2026-09-21; 19:21:48; 4005; 5015; 27.97; 1015.5005859375; 27.2646484375
2026-09-21; 19:22:48; 4077; 5181; 27.95; 1015.4683984375; 27.30859375
2026-09-21; 19:23:48; 4120; 5241; 27.96; 1015.464453125; 27.298828125
2026-09-21; 19:24:48; 4148; 5291; 27.92; 1015.4197265625; 27.330078125
2026-09-21; 19:25:48; 4192; 5392; 27.88; 1015.5038671875; 27.4189453125
2026-09-21; 19:26:48; 4240; 5504; 27.83; 1015.45109375; 27.5185546875
2026-09-21; 19:27:48; 4309; 5636; 27.83; 1015.52734375; 27.552734375
2026-09-21; 19:28:48; 4321; 5672; 27.82; 1015.51125; 27.5517578125
2026-09-21; 19:29:48; 4358; 5753; 27.8; 1015.46703125; 27.5625
2026-09-21; 19:30:48; 4358; 5753; 27.77; 1015.53078125; 27.6181640625
2026-09-21; 19:31:48; 4358; 5753; 27.77; 1015.53078125; 27.640625
2026-09-21; 19:32:48; 4371; 5785; 27.72; 1015.55421875; 27.728515625
2026-09-21; 19:33:48; 4442; 5940; 27.71; 1015.5742578125; 27.7392578125
2026-09-21; 19:34:48; 4421; 5885; 27.64; 1015.573203125; 27.8486328125
2026-09-21; 19:35:48; 4459; 5958; 27.62; 1015.5609765625; 27.8818359375
2026-09-21; 19:36:48; 4511; 6078; 27.59; 1015.5404296875; 27.970703125
2026-09-21; 19:37:48; 4498; 6041; 27.57; 1015.572421875; 27.935546875
2026-09-21; 19:38:48; 4528; 6115; 27.56; 1015.604453125; 28.0263671875
2026-09-21; 19:39:48; 4511; 6078; 27.52; 1015.4998828125; 28.0576171875
2026-09-21; 19:40:48; 4511; 6078; 27.51; 1015.503515625; 28.068359375
2026-09-21; 19:41:48; 4550; 6162; 27.46; 1015.507109375; 28.1904296875
2026-09-21; 19:42:48; 4550; 6162; 27.42; 1015.5346484375; 28.177734375
2026-09-21; 19:43:48; 4567; 6202; 27.42; 1015.478515625; 28.291015625
2026-09-21; 19:44:48; 4620; 6325; 27.36; 1015.40953125; 28.298828125
2026-09-21; 19:45:48; 4620; 6325; 27.32; 1015.42125; 28.3525390625
2026-09-21; 19:46:48; 4646; 6382; 27.29; 1015.436796875; 28.384765625
2026-09-21; 19:47:48; 4646; 6382; 27.29; 1015.4087109375; 28.4306640625
2026-09-21; 19:48:48; 4682; 6441; 27.26; 1015.396484375; 28.5205078125
2026-09-21; 19:49:48; 4704; 6498; 27.25; 1015.3803515625; 28.5771484375
2026-09-21; 19:50:48; 4746; 6576; 27.2; 1015.4117578125; 28.6650390625
2026-09-21; 19:51:48; 4760; 6620; 27.2; 1015.3475390625; 28.583984375
2026-09-21; 19:52:48; 4805; 6719; 27.19; 1015.3875390625; 28.607421875
2026-09-21; 19:53:48; 4805; 6719; 27.14; 1015.2866015625; 28.6953125
2026-09-21; 19:54:48; 4848; 6800; 27.1; 1015.3341015625; 28.7490234375
2026-09-21; 19:55:48; 4868; 6839; 27.08; 1015.349921875; 28.81640625
2026-09-21; 19:56:48; 4891; 6879; 27.04; 1015.265078125; 28.8935546875
2026-09-21; 19:57:48; 4920; 6950; 27.02; 1015.31671875; 28.9150390625
2026-09-21; 19:58:48; 4971; 7048; 27.05; 1015.2815234375; 28.939453125
2026-09-21; 19:59:48; 4971; 7048; 26.99; 1015.3044921875; 28.9365234375
2026-09-21; 20:00:48; 4986; 7099; 26.98; 1015.3083984375; 28.9462890625
2026-09-21; 20:01:48; 5029; 7191; 26.97; 1015.3844921875; 28.9921875
2026-09-21; 20:02:48; 5058; 7254; 26.92; 1015.407734375; 28.96484375
2026-09-21; 20:03:49; 5081; 7296; 26.89; 1015.41515625; 29.1572265625
2026-09-21; 20:04:49; 5099; 7337; 26.84; 1015.3626171875; 29.2216796875
2026-09-21; 20:05:49; 5145; 7423; 26.86; 1015.346796875; 29.177734375
2026-09-21; 20:06:49; 5145; 7423; 26.82; 1015.4703125; 29.3115234375
2026-09-21; 20:07:49; 5175; 7487; 26.8; 1015.361953125; 29.2763671875
2026-09-21; 20:08:49; 5195; 7545; 26.79; 1015.4219140625; 29.3427734375
2026-09-21; 20:09:49; 5225; 7609; 26.75; 1015.42125; 29.3984375
2026-09-21; 20:10:49; 5265; 7695; 26.77; 1015.481875; 29.365234375
2026-09-21; 20:11:49; 5265; 7695; 26.74; 1015.46125; 29.4658203125
2026-09-21; 20:12:49; 5320; 7806; 26.72; 1015.493125; 29.533203125
2026-09-21; 20:13:49; 5320; 7806; 26.69; 1015.5285546875; 29.462890625
2026-09-21; 20:14:49; 5320; 7806; 26.67; 1015.60046875; 29.529296875
2026-09-21; 20:15:49; 5351; 7872; 26.67; 1015.524375; 29.5634765625
2026-09-21; 20:16:49; 5366; 7905; 26.64; 1015.56015625; 29.5615234375
2026-09-21; 20:17:49; 5366; 7905; 26.63; 1015.59203125; 29.6181640625
2026-09-21; 20:18:49; 5418; 8044; 26.62; 1015.631640625; 29.71875
2026-09-21; 20:19:49; 5443; 8089; 26.6; 1015.6355078125; 29.6611328125
2026-09-21; 20:20:49; 5474; 8146; 26.62; 1015.631640625; 29.70703125
2026-09-21; 20:21:49; 5502; 8214; 26.6; 1015.6274609375; 29.728515625
2026-09-21; 20:22:49; 5502; 8214; 26.57; 1015.69125; 29.7724609375
2026-09-21; 20:23:49; 5534; 8270; 26.53; 1015.5983203125; 29.826171875
2026-09-21; 20:24:49; 5559; 8338; 26.51; 1015.5741015625; 29.927734375
2026-09-21; 20:25:49; 5586; 8396; 26.52; 1015.646328125; 29.8828125
2026-09-21; 20:26:49; 5613; 8455; 26.49; 1015.5979296875; 29.9384765625
2026-09-21; 20:27:49; 5645; 8525; 26.46; 1015.5491796875; 29.9580078125
2026-09-21; 20:28:49; 5645; 8525; 26.43; 1015.6490234375; 29.9345703125
2026-09-21; 20:29:49; 5667; 8566; 26.4; 1015.5361328125; 30.1025390625
2026-09-21; 20:30:49; 5667; 8566; 26.41; 1015.6083984375; 30.03515625
2026-09-21; 20:31:49; 5700; 8636; 26.41; 1015.6083984375; 30.080078125
2026-09-21; 20:32:49; 5721; 8694; 26.38; 1015.58765625; 30.158203125
2026-09-21; 20:33:49; 5760; 8767; 26.37; 1015.5434765625; 30.19140625
2026-09-21; 20:34:49; 5797; 8826; 26.38; 1015.5957421875; 30.1015625
2026-09-21; 20:35:49; 5797; 8826; 26.35; 1015.6314453125; 30.1904296875
2026-09-21; 20:36:49; 5797; 8826; 26.34; 1015.4948046875; 30.177734375
2026-09-21; 20:37:49; 5825; 8886; 26.28; 1015.5738671875; 30.25390625
2026-09-21; 20:38:49; 5825; 8886; 26.28; 1015.5178125; 30.2763671875
2026-09-21; 20:39:49; 5854; 8946; 26.26; 1015.5616015625; 30.3203125
2026-09-21; 20:40:49; 5854; 8946; 26.25; 1015.5815625; 30.365234375
2026-09-21; 20:41:49; 5916; 9062; 26.24; 1015.565390625; 30.3525390625
2026-09-21; 20:42:49; 5916; 9062; 26.22; 1015.5330859375; 30.3974609375
2026-09-21; 20:43:49; 5916; 9062; 26.21; 1015.6287890625; 30.3623046875
2026-09-21; 20:44:49; 5944; 9135; 26.21; 1015.59265625; 30.4072265625
2026-09-21; 20:45:49; 5978; 9197; 26.19; 1015.5484765625; 30.3837890625
2026-09-21; 20:46:50; 6007; 9271; 26.21; 1015.5646484375; 30.4189453125
2026-09-21; 20:47:50; 6007; 9271; 26.16; 1015.57609375; 30.4384765625
2026-09-21; 20:48:50; 6007; 9271; 26.14; 1015.6076171875; 30.5283203125
2026-09-21; 20:49:50; 6074; 9408; 26.13; 1015.61140625; 30.6064453125
2026-09-21; 20:50:50; 6109; 9471; 26.09; 1015.526875; 30.6044921875
2026-09-21; 20:51:50; 6109; 9471; 26.09; 1015.6109765625; 30.626953125
2026-09-21; 20:52:50; 6175; 9616; 26.08; 1015.5026953125; 30.6591796875
2026-09-21; 20:53:50; 6175; 9616; 26.06; 1015.5622265625; 30.669921875
2026-09-21; 20:54:50; 6205; 9693; 26.07; 1015.494296875; 30.6826171875
2026-09-21; 20:55:50; 6283; 9874; 26.06; 1015.5261328125; 30.7373046875
2026-09-21; 20:56:50; 6283; 9874; 26.05; 1015.481953125; 30.771484375
2026-09-21; 20:57:50; 6312; 9925; 26.02; 1015.469609375; 30.7021484375
2026-09-21; 20:58:50; 6312; 9925; 26.01; 1015.5011328125; 30.779296875
2026-09-21; 20:59:50; 6385; 10082; 26.0; 1015.493046875; 30.791015625
2026-09-21; 21:00:50; 6385; 10082; 25.98; 1015.4887890625; 30.8125
2026-09-21; 21:01:50; 6428; 10162; 25.98; 1015.50875; 30.857421875
2026-09-21; 21:02:50; 6428; 10162; 25.97; 1015.4446484375; 30.890625
2026-09-21; 21:03:50; 6453; 10244; 25.95; 1015.516328125; 30.888671875
2026-09-21; 21:04:50; 6496; 10325; 25.9; 1015.527421875; 30.9541015625
2026-09-21; 21:05:50; 6496; 10325; 25.9; 1015.53546875; 30.9658203125
2026-09-21; 21:06:50; 6528; 10392; 25.87; 1015.48703125; 31.0205078125
2026-09-21; 21:07:50; 6573; 10501; 25.9; 1015.4713671875; 30.9990234375
2026-09-21; 21:08:50; 6573; 10501; 25.9; 1015.479453125; 30.9775390625
2026-09-21; 21:09:50; 6608; 10568; 25.87; 1015.5346875; 30.9970703125
2026-09-21; 21:10:50; 6652; 10663; 25.84; 1015.48625; 31.1201171875
2026-09-21; 21:11:50; 6608; 10568; 25.83; 1015.5261328125; 31.130859375
2026-09-21; 21:12:50; 6652; 10663; 25.81; 1015.529921875; 31.1181640625
2026-09-21; 21:13:50; 6684; 10732; 25.81; 1015.501875; 31.1630859375
2026-09-21; 21:14:50; 6730; 10809; 25.79; 1015.581328125; 31.173828125
2026-09-21; 21:15:50; 6775; 10935; 25.77; 1015.5770703125; 31.1826171875
2026-09-21; 21:16:50; 6775; 10935; 25.76; 1015.5608984375; 31.2509765625
2026-09-21; 21:17:50; 6775; 10935; 25.74; 1015.5765625; 31.271484375
2026-09-21; 21:18:50; 6808; 11005; 25.76; 1015.5528515625; 31.25
2026-09-21; 21:19:50; 6808; 11005; 25.73; 1015.560078125; 31.2587890625
2026-09-21; 21:20:50; 6854; 11090; 25.72; 1015.5996484375; 31.3046875
2026-09-21; 21:21:50; 6854; 11090; 25.68; 1015.4590625; 31.34765625
2026-09-21; 21:22:50; 6896; 11160; 25.68; 1015.5430859375; 31.3583984375
2026-09-21; 21:23:50; 6929; 11245; 25.66; 1015.51046875; 31.4130859375
2026-09-21; 21:24:50; 6929; 11245; 25.68; 1015.57109375; 31.392578125
2026-09-21; 21:25:50; 6929; 11245; 25.64; 1015.542265625; 31.4013671875
2026-09-21; 21:26:50; 6969; 11317; 25.62; 1015.53796875; 31.4111328125
2026-09-21; 21:27:50; 7016; 11432; 25.64; 1015.542265625; 31.4580078125
2026-09-21; 21:28:50; 7016; 11432; 25.61; 1015.6058203125; 31.490234375
2026-09-21; 21:29:51; 7056; 11527; 25.61; 1015.51375; 31.53515625
2026-09-21; 21:30:51; 7104; 11602; 25.61; 1015.5498046875; 31.546875
2026-09-21; 21:31:51; 7104; 11602; 25.61; 1015.6058203125; 31.490234375
2026-09-21; 21:32:51; 7104; 11602; 25.62; 1015.641875; 31.53515625
2026-09-21; 21:33:51; 7104; 11602; 25.6; 1015.6456640625; 31.5458984375
2026-09-21; 21:34:51; 7152; 11733; 25.59; 1015.62921875; 31.556640625
2026-09-21; 21:35:51; 7192; 11806; 25.52; 1015.5718359375; 31.6533203125
2026-09-21; 21:36:51; 7192; 11806; 25.53; 1015.58828125; 31.6083984375
2026-09-21; 21:37:51; 7248; 11927; 25.52; 1015.5917578125; 31.720703125
2026-09-21; 21:38:51; 7248; 11927; 25.51; 1015.6396875; 31.7099609375
2026-09-21; 21:39:51; 7248; 11927; 25.5; 1015.623515625; 31.75390625
2026-09-21; 21:40:51; 7283; 12002; 25.49; 1015.599296875; 31.7646484375
2026-09-21; 21:41:51; 7283; 12002; 25.48; 1015.6191796875; 31.775390625
2026-09-21; 21:42:51; 7339; 12100; 25.47; 1015.566953125; 31.865234375
2026-09-21; 21:43:51; 7339; 12100; 25.47; 1015.6509765625; 31.8193359375
2026-09-21; 21:44:51; 7389; 12236; 25.46; 1015.6148828125; 31.853515625
2026-09-21; 21:45:51; 7431; 12314; 25.44; 1015.582265625; 31.8740234375
2026-09-21; 21:46:51; 7431; 12314; 25.44; 1015.63015625; 31.8740234375
2026-09-21; 21:47:51; 7431; 12314; 25.43; 1015.67; 31.9296875
2026-09-21; 21:48:51; 7481; 12437; 25.42; 1015.6339453125; 31.9521484375
2026-09-21; 21:49:51; 7481; 12437; 25.41; 1015.6656640625; 31.951171875
2026-09-21; 21:50:51; 7529; 12528; 25.42; 1015.689921875; 31.9296875
2026-09-21; 21:51:51; 7529; 12528; 25.36; 1015.6847265625; 31.9931640625
2026-09-21; 21:52:51; 7581; 12638; 25.38; 1015.5409765625; 31.994140625
2026-09-21; 21:53:51; 7581; 12638; 25.41; 1015.553671875; 31.951171875
2026-09-21; 21:54:51; 7581; 12638; 25.38; 1015.5690234375; 31.9599609375
2026-09-21; 21:55:51; 7581; 12638; 25.35; 1015.6965625; 32.083984375
2026-09-21; 21:56:51; 7581; 12638; 25.35; 1015.6884375; 32.09375
2026-09-21; 21:57:51; 7639; 12748; 25.32; 1015.620078125; 32.0478515625
2026-09-21; 21:58:51; 7639; 12748; 25.33; 1015.63625; 32.0478515625
2026-09-21; 21:59:51; 7639; 12748; 25.3; 1015.60734375; 32.056640625
2026-09-21; 22:00:51; 7684; 12902; 25.3; 1015.6714453125; 32.13671875
2026-09-21; 22:01:51; 7743; 12998; 25.31; 1015.595546875; 32.1142578125
2026-09-21; 22:02:51; 7684; 12902; 25.31; 1015.6316015625; 32.103515625
2026-09-21; 22:03:51; 7743; 12998; 25.28; 1015.603046875; 32.203125
2026-09-21; 22:04:51; 7796; 13143; 25.28; 1015.6590234375; 32.203125
2026-09-21; 22:05:51; 7796; 13143; 25.31; 1015.6794921875; 32.1591796875
2026-09-21; 22:06:51; 7796; 13143; 25.29; 1015.6471875; 32.21484375
2026-09-21; 22:07:51; 7796; 13143; 25.27; 1015.7827734375; 32.224609375
2026-09-21; 22:08:51; 7845; 13223; 25.24; 1015.7420703125; 32.3017578125
2026-09-21; 22:09:51; 7845; 13223; 25.24; 1015.7059765625; 32.3125
2026-09-21; 22:10:51; 7845; 13223; 25.24; 1015.7059765625; 32.3466796875
2026-09-21; 22:11:51; 7905; 13369; 25.25; 1015.702265625; 32.314453125
2026-09-21; 22:12:52; 7952; 13452; 25.28; 1015.6590234375; 32.2822265625
2026-09-21; 22:13:52; 7905; 13369; 25.26; 1015.68265625; 32.314453125
2026-09-21; 22:14:52; 7952; 13452; 25.25; 1015.6941796875; 32.314453125
2026-09-21; 22:15:52; 7952; 13452; 25.24; 1015.7141015625; 32.291015625
2026-09-21; 22:16:52; 8013; 13592; 25.21; 1015.6655859375; 32.4013671875
2026-09-21; 22:17:52; 7952; 13452; 25.19; 1015.745234375; 32.388671875
2026-09-21; 22:18:52; 8013; 13592; 25.19; 1015.773203125; 32.4111328125
2026-09-21; 22:19:52; 8013; 13592; 25.22; 1015.7937109375; 32.3798828125
2026-09-21; 22:20:52; 8074; 13741; 25.21; 1015.8055078125; 32.37890625
2026-09-21; 22:21:52; 8074; 13741; 25.2; 1015.8453515625; 32.4013671875
2026-09-21; 22:22:52; 8137; 13876; 25.19; 1015.8291796875; 32.4228515625
2026-09-21; 22:23:52; 8137; 13876; 25.16; 1015.8643359375; 32.443359375
2026-09-21; 22:24:52; 8137; 13876; 25.2; 1015.7533203125; 32.3779296875
2026-09-21; 22:25:52; 8137; 13876; 25.17; 1015.900390625; 32.431640625
2026-09-21; 22:26:52; 8208; 13960; 25.19; 1015.905078125; 32.4111328125
2026-09-21; 22:27:52; 8208; 13960; 25.18; 1015.8885546875; 32.466796875
2026-09-21; 22:28:52; 8272; 14113; 25.18; 1015.8966796875; 32.4794921875
2026-09-21; 22:29:52; 8272; 14113; 25.18; 1015.9165625; 32.421875
2026-09-21; 22:30:52; 8272; 14113; 25.17; 1015.8525; 32.4892578125
2026-09-21; 22:31:52; 8320; 14199; 25.15; 1015.960078125; 32.46484375
2026-09-21; 22:32:52; 8320; 14199; 25.16; 1015.8923046875; 32.544921875
2026-09-21; 22:33:52; 8320; 14199; 25.13; 1015.899765625; 32.5888671875
2026-09-21; 22:34:52; 8320; 14199; 25.14; 1015.851875; 32.5546875
2026-09-21; 22:35:52; 8384; 14346; 25.13; 1015.779765625; 32.587890625
2026-09-21; 22:36:52; 8384; 14346; 25.13; 1015.807734375; 32.6103515625
2026-09-21; 22:37:52; 8457; 14485; 25.13; 1015.779765625; 32.587890625
2026-09-21; 22:38:52; 8457; 14485; 25.1; 1015.8030859375; 32.6201171875
2026-09-21; 22:39:52; 8457; 14485; 25.12; 1015.81921875; 32.6328125
2026-09-21; 22:40:52; 8522; 14643; 25.12; 1015.7996484375; 32.587890625
2026-09-21; 22:41:52; 8522; 14643; 25.12; 1015.9395703125; 32.6328125
2026-09-21; 22:42:52; 8577; 14765; 25.11; 1015.8951171875; 32.609375
2026-09-21; 22:43:52; 8643; 14908; 25.1; 1015.9628515625; 32.7216796875
2026-09-21; 22:44:52; 8577; 14765; 25.08; 1015.9666015625; 32.6865234375
2026-09-21; 22:45:52; 8643; 14908; 25.09; 1015.8988671875; 32.7666015625
2026-09-21; 22:46:52; 8643; 14908; 25.06; 1015.8503515625; 32.73046875
2026-09-21; 22:47:52; 8643; 14908; 25.02; 1015.8888671875; 32.8515625
2026-09-21; 22:48:52; 8643; 14908; 25.03; 1015.8770703125; 32.7734375
2026-09-21; 22:49:52; 8718; 15070; 25.06; 1015.898203125; 32.73046875
2026-09-21; 22:50:52; 8718; 15070; 25.05; 1015.82609375; 32.751953125
2026-09-21; 22:51:52; 8777; 15187; 25.05; 1015.9380078125; 32.751953125
2026-09-21; 22:52:52; 8718; 15070; 25.04; 1015.7897265625; 32.763671875
2026-09-21; 22:53:52; 8777; 15187; 25.0; 1015.8565234375; 32.7822265625
2026-09-21; 22:54:52; 8845; 15333; 24.96; 1015.81953125; 32.9033203125
2026-09-21; 22:55:53; 8845; 15333; 25.0; 1015.94046875; 32.7822265625
2026-09-21; 22:56:53; 8845; 15333; 24.96; 1015.9034375; 32.94921875
2026-09-21; 22:57:53; 8845; 15333; 24.97; 1015.919609375; 32.927734375
2026-09-21; 22:58:53; 8922; 15478; 24.95; 1015.887265625; 32.9375
2026-09-21; 22:59:53; 8922; 15478; 24.97; 1015.863671875; 32.9052734375
2026-09-21; 23:00:53; 8922; 15478; 24.99; 1015.9044140625; 32.8837890625
2026-09-21; 23:01:53; 8922; 15478; 24.99; 1015.8764453125; 32.861328125
2026-09-21; 23:02:53; 8997; 15645; 24.97; 1015.891640625; 32.916015625
2026-09-21; 23:03:53; 8922; 15478; 24.95; 1015.8114453125; 32.9599609375
2026-09-21; 23:04:53; 8997; 15645; 24.94; 1015.843125; 32.9931640625
2026-09-21; 23:05:53; 8997; 15645; 24.9; 1015.8141796875; 33.0810546875
2026-09-21; 23:06:53; 9057; 15793; 24.93; 1015.7791015625; 33.037109375
2026-09-21; 23:07:53; 9057; 15793; 24.93; 1015.8350390625; 33.048828125
2026-09-21; 23:08:53; 8997; 15645; 24.89; 1015.742109375; 33.080078125
2026-09-21; 23:09:53; 9057; 15793; 24.88; 1015.80984375; 33.0908203125
2026-09-21; 23:10:53; 9057; 15793; 24.87; 1015.849609375; 33.1015625
2026-09-21; 23:11:53; 9057; 15793; 24.88; 1015.8297265625; 33.0791015625
2026-09-21; 23:12:53; 9057; 15793; 24.89; 1015.826015625; 33.1474609375
2026-09-21; 23:13:53; 9057; 15793; 24.87; 1015.8415234375; 33.1123046875
2026-09-21; 23:14:53; 8997; 15645; 24.89; 1015.853984375; 33.091796875
2026-09-21; 23:15:53; 9057; 15793; 24.86; 1015.8253515625; 33.1455078125
2026-09-21; 23:16:53; 9057; 15793; 24.85; 1015.817265625; 33.1455078125
2026-09-21; 23:17:53; 9057; 15793; 24.83; 1015.8766015625; 33.1435546875
2026-09-21; 23:18:53; 9057; 15793; 24.83; 1015.840546875; 33.189453125
2026-09-21; 23:19:53; 9057; 15793; 24.87; 1015.905546875; 33.1240234375
2026-09-21; 23:20:53; 8997; 15645; 24.83; 1015.8766015625; 33.22265625
2026-09-21; 23:21:53; 9057; 15793; 24.83; 1015.924453125; 33.234375
2026-09-21; 23:22:53; 8997; 15645; 24.79; 1015.8398828125; 33.265625
2026-09-21; 23:23:53; 9057; 15793; 24.79; 1015.8678515625; 33.265625
2026-09-21; 23:24:53; 9057; 15793; 24.81; 1015.8442578125; 33.19921875
2026-09-21; 23:25:53; 9057; 15793; 24.78; 1015.89953125; 33.3203125
2026-09-21; 23:26:53; 9057; 15793; 24.72; 1015.950078125; 33.4072265625
2026-09-21; 23:27:53; 9057; 15793; 24.76; 1015.866875; 33.3642578125
2026-09-21; 23:28:53; 8997; 15645; 24.72; 1015.922109375; 33.361328125
2026-09-21; 23:29:53; 8997; 15645; 24.72; 1015.9780859375; 33.373046875
2026-09-22; 02:23:38; 400; 0; 23.46; 1015.641015625; 34.80078125
2026-09-22; 02:24:38; 403; 0; 23.5; 1015.678125; 34.7587890625
2026-09-22; 02:25:38; 403; 0; 23.51; 1015.658359375; 34.703125
2026-09-22; 02:26:38; 403; 0; 23.55; 1015.7315234375; 34.6044921875
2026-09-22; 02:27:38; 400; 0; 23.56; 1015.691875; 34.572265625
2026-09-22; 02:28:38; 400; 0; 23.6; 1015.6648046875; 34.5068359375
2026-09-22; 02:29:38; 403; 0; 23.6; 1015.70078125; 34.5302734375
2026-09-22; 02:30:38; 403; 0; 23.56; 1015.6081640625; 34.572265625
2026-09-22; 02:31:38; 400; 0; 23.55; 1015.6756640625; 34.58203125
2026-09-22; 02:32:38; 400; 0; 23.58; 1015.60453125; 34.5390625
2026-09-22; 02:33:38; 405; 0; 23.58; 1015.6405078125; 34.529296875
2026-09-22; 02:34:38; 400; 0; 23.59; 1015.6486328125; 34.484375
2026-09-22; 02:35:38; 403; 0; 23.63; 1015.658125; 34.408203125
2026-09-22; 02:36:38; 400; 0; 23.61; 1015.597890625; 34.4638671875
2026-09-22; 02:37:38; 402; 0; 23.55; 1015.583828125; 34.5712890625
2026-09-22; 02:38:39; 400; 0; 23.56; 1015.6000390625; 34.5380859375
2026-09-22; 02:39:39; 402; 0; 23.59; 1015.5927734375; 34.5068359375
2026-09-22; 02:40:39; 402; 0; 23.63; 1015.5744140625; 34.375
2026-09-22; 02:41:39; 405; 0; 23.61; 1015.6059765625; 34.4404296875
2026-09-22; 02:42:39; 400; 0; 23.6; 1015.5810546875; 34.4052734375
2026-09-22; 02:43:39; 400; 0; 23.63; 1015.5825; 34.408203125
2026-09-22; 02:44:39; 403; 0; 23.6; 1015.5612109375; 34.4404296875
2026-09-22; 02:45:39; 400; 0; 23.59; 1015.536953125; 34.439453125
2026-09-22; 02:46:39; 400; 0; 23.58; 1015.556796875; 34.4501953125
2026-09-22; 02:47:39; 400; 0; 23.56; 1015.46859375; 34.482421875
2026-09-22; 02:48:39; 400; 0; 23.56; 1015.54421875; 34.4814453125
2026-09-22; 02:49:39; 403; 0; 23.55; 1015.583828125; 34.48046875
2026-09-22; 02:50:39; 408; 1; 23.56; 1015.4884375; 34.4814453125
2026-09-22; 02:51:39; 403; 0; 23.57; 1015.5604296875; 34.42578125
2026-09-22; 02:52:39; 403; 0; 23.55; 1015.53609375; 34.4248046875
2026-09-22; 02:53:39; 406; 0; 23.55; 1015.5640625; 34.48046875
2026-09-22; 02:54:39; 402; 0; 23.57; 1015.59640625; 34.4375
2026-09-22; 02:55:39; 403; 0; 23.58; 1015.60453125; 34.404296875
2026-09-22; 02:56:39; 403; 0; 23.58; 1015.612578125; 34.3935546875
2026-09-22; 02:57:39; 403; 0; 23.6; 1015.5810546875; 34.3720703125
2026-09-22; 02:58:39; 406; 0; 23.57; 1015.5405859375; 34.3818359375
2026-09-22; 02:59:39; 403; 0; 23.54; 1015.5478515625; 34.4697265625
2026-09-22; 03:00:39; 403; 0; 23.53; 1015.5592578125; 34.4453125
2026-09-22; 03:01:39; 403; 0; 23.53; 1015.5313671875; 34.400390625
2026-09-22; 03:02:39; 405; 0; 23.55; 1015.583828125; 34.435546875
2026-09-22; 03:03:39; 405; 0; 23.52; 1015.626796875; 34.4345703125
2026-09-22; 03:04:39; 405; 0; 23.53; 1015.5232421875; 34.412109375
2026-09-22; 03:05:39; 405; 0; 23.54; 1015.5478515625; 34.435546875
2026-09-22; 03:06:39; 400; 0; 23.51; 1015.5187890625; 34.455078125
2026-09-22; 03:07:39; 402; 0; 23.53; 1015.551171875; 34.3671875
2026-09-22; 03:08:39; 402; 0; 23.52; 1015.535; 34.4453125
2026-09-22; 03:09:39; 407; 1; 23.53; 1015.5592578125; 34.4453125
2026-09-22; 03:10:39; 400; 0; 23.48; 1015.5701171875; 34.46484375
2026-09-22; 03:11:39; 402; 0; 23.53; 1015.5871875; 34.400390625
2026-09-22; 03:12:39; 402; 0; 23.48; 1015.5899609375; 34.498046875
2026-09-22; 03:13:39; 407; 1; 23.49; 1015.5782421875; 34.4541015625
2026-09-22; 03:14:39; 402; 0; 23.46; 1015.5014453125; 34.5185546875
2026-09-22; 03:15:39; 403; 0; 23.44; 1015.5608984375; 34.541015625
2026-09-22; 03:16:39; 400; 0; 23.45; 1015.5770703125; 34.439453125
2026-09-22; 03:17:39; 400; 0; 23.46; 1015.529375; 34.4736328125
2026-09-22; 03:18:39; 403; 0; 23.46; 1015.5014453125; 34.451171875
2026-09-22; 03:19:39; 406; 0; 23.43; 1015.5087109375; 34.4609375
2026-09-22; 03:20:39; 400; 0; 23.44; 1015.441171875; 34.505859375
2026-09-22; 03:21:40; 400; 0; 23.44; 1015.4213671875; 34.4501953125
2026-09-22; 03:22:40; 400; 0; 23.48; 1015.478359375; 34.36328125
2026-09-22; 03:23:40; 400; 0; 23.48; 1015.430625; 34.3740234375
2026-09-22; 03:24:40; 400; 0; 23.45; 1015.5131640625; 34.439453125
2026-09-22; 03:25:40; 402; 0; 23.45; 1015.493359375; 34.40625
2026-09-22; 03:26:40; 402; 0; 23.46; 1015.5014453125; 34.451171875
2026-09-22; 03:27:40; 402; 0; 23.45; 1015.4654296875; 34.462890625
2026-09-22; 03:28:40; 400; 0; 23.48; 1015.48640625; 34.408203125
2026-09-22; 03:29:40; 403; 0; 23.46; 1015.481640625; 34.3837890625
2026-09-22; 03:30:40; 400; 0; 23.45; 1015.4852734375; 34.39453125
2026-09-22; 03:31:40; 408; 1; 23.44; 1015.4771875; 34.4052734375
2026-09-22; 03:32:40; 405; 0; 23.45; 1015.4852734375; 34.40625
2026-09-22; 03:33:40; 407; 1; 23.45; 1015.4852734375; 34.439453125
2026-09-22; 03:34:40; 402; 0; 23.41; 1015.4565234375; 34.4931640625
2026-09-22; 03:35:40; 406; 0; 23.38; 1015.4076171875; 34.4912109375
2026-09-22; 03:36:40; 403; 0; 23.41; 1015.392578125; 34.50390625
2026-09-22; 03:37:40; 403; 0; 23.45; 1015.4654296875; 34.3837890625
2026-09-22; 03:38:40; 407; 1; 23.43; 1015.377265625; 34.4609375
2026-09-22; 03:39:40; 403; 0; 23.41; 1015.400703125; 34.4033203125
2026-09-22; 03:40:40; 406; 0; 23.43; 1015.4249609375; 34.3818359375
2026-09-22; 03:41:40; 406; 0; 23.43; 1015.3970703125; 34.3486328125
2026-09-22; 03:42:40; 402; 0; 23.43; 1015.40515625; 34.3486328125
2026-09-22; 03:43:40; 402; 0; 23.41; 1015.4565234375; 34.4033203125
2026-09-22; 03:44:40; 402; 0; 23.41; 1015.4565234375; 34.380859375
2026-09-22; 03:45:40; 402; 0; 23.4; 1015.4319140625; 34.390625
2026-09-22; 03:46:40; 406; 0; 23.42; 1015.4726953125; 34.3583984375
2026-09-22; 03:47:40; 400; 0; 23.44; 1015.41328125; 34.2919921875
2026-09-22; 03:48:40; 402; 0; 23.42; 1015.4169140625; 34.3583984375
2026-09-22; 03:49:40; 405; 0; 23.42; 1015.4169140625; 34.392578125
2026-09-22; 03:50:40; 405; 0; 23.42; 1015.388984375; 34.3583984375
2026-09-22; 03:51:40; 405; 0; 23.4; 1015.412421875; 34.40234375
2026-09-22; 03:52:40; 402; 0; 23.42; 1015.4726953125; 34.3701171875
2026-09-22; 03:53:40; 402; 0; 23.42; 1015.464609375; 34.3359375
2026-09-22; 03:54:40; 405; 0; 23.39; 1015.4436328125; 34.37890625
2026-09-22; 03:55:40; 405; 0; 23.38; 1015.3518359375; 34.4013671875
2026-09-22; 03:56:40; 407; 1; 23.38; 1015.3797265625; 34.4013671875
2026-09-22; 03:57:40; 402; 0; 23.37; 1015.3635546875; 34.376953125
2026-09-22; 03:58:40; 407; 1; 23.36; 1015.3392578125; 34.3876953125
2026-09-22; 03:59:40; 402; 0; 23.38; 1015.3239453125; 34.3447265625
2026-09-22; 04:00:40; 402; 0; 23.35; 1015.3509765625; 34.3984375
2026-09-22; 04:01:40; 402; 0; 23.39; 1015.2762109375; 34.412109375
2026-09-22; 04:02:40; 402; 0; 23.39; 1015.3401171875; 34.37890625
2026-09-22; 04:03:40; 407; 1; 23.36; 1015.3392578125; 34.421875
2026-09-22; 04:04:41; 407; 1; 23.4; 1015.3203125; 34.37890625
2026-09-22; 04:05:41; 409; 1; 23.37; 1015.27984375; 34.3662109375
2026-09-22; 04:06:41; 409; 1; 23.36; 1015.263671875; 34.4326171875
2026-09-22; 04:07:41; 409; 1; 23.37; 1015.188046875; 34.3662109375
2026-09-22; 04:08:41; 409; 1; 23.36; 1015.3113671875; 34.3759765625
2026-09-22; 04:09:41; 411; 1; 23.33; 1015.214765625; 34.408203125
2026-09-22; 04:10:41; 411; 1; 23.35; 1015.2195703125; 34.4091796875
2026-09-22; 04:11:41; 411; 1; 23.31; 1015.2022265625; 34.4736328125
2026-09-22; 04:12:41; 415; 2; 23.34; 1015.203359375; 34.4091796875
2026-09-22; 04:13:41; 418; 2; 23.33; 1015.150859375; 34.408203125
2026-09-22; 04:14:41; 415; 2; 23.34; 1015.167421875; 34.4091796875
2026-09-22; 04:15:41; 415; 2; 23.33; 1015.20671875; 34.4873046875
2026-09-22; 04:16:41; 421; 3; 23.34; 1015.167421875; 34.431640625
2026-09-22; 04:17:41; 425; 3; 23.35; 1015.1556640625; 34.443359375
2026-09-22; 04:18:41; 425; 3; 23.38; 1015.176328125; 34.3212890625
2026-09-22; 04:19:41; 428; 4; 23.35; 1015.1637890625; 34.3310546875
2026-09-22; 04:20:41; 428; 4; 23.32; 1015.2462890625; 34.4521484375
2026-09-22; 04:21:41; 428; 4; 23.3; 1015.1383203125; 34.484375
2026-09-22; 04:22:41; 434; 5; 23.33; 1015.20671875; 34.44140625
2026-09-22; 04:23:41; 436; 5; 23.28; 1015.153671875; 34.4716796875
2026-09-22; 04:24:41; 436; 5; 23.33; 1015.186875; 34.3740234375
2026-09-22; 04:25:41; 436; 5; 23.33; 1015.214765625; 34.453125
2026-09-22; 04:26:41; 441; 6; 23.38; 1015.2401953125; 34.310546875
2026-09-22; 04:27:41; 448; 7; 23.35; 1015.1277734375; 34.0263671875
2026-09-22; 04:28:41; 441; 6; 23.33; 1015.150859375; 34.3857421875
2026-09-22; 04:29:41; 445; 6; 23.33; 1015.234609375; 34.3857421875
2026-09-22; 04:30:41; 441; 6; 23.35; 1015.1637890625; 34.353515625
2026-09-22; 04:31:41; 441; 6; 23.36; 1015.199765625; 34.30859375
2026-09-22; 04:32:41; 441; 6; 23.34; 1015.167421875; 34.3408203125
2026-09-22; 04:33:41; 445; 6; 23.34; 1015.147578125; 34.3408203125
2026-09-22; 04:34:41; 445; 6; 23.39; 1015.1925; 34.2880859375
2026-09-22; 04:35:41; 445; 6; 23.4; 1015.18078125; 34.2216796875
2026-09-22; 04:36:41; 445; 6; 23.37; 1015.16015625; 34.2978515625
2026-09-22; 04:37:41; 441; 6; 23.33; 1015.150859375; 34.318359375
2026-09-22; 04:38:41; 445; 6; 23.31; 1015.1185546875; 34.3603515625
2026-09-22; 04:39:41; 441; 6; 23.31; 1015.1266015625; 34.40625
2026-09-22; 04:40:41; 445; 6; 23.34; 1015.083671875; 34.2958984375
2026-09-22; 04:41:41; 445; 6; 23.33; 1015.150859375; 34.318359375
2026-09-22; 04:42:41; 445; 6; 23.32; 1015.07890625; 34.3837890625
2026-09-22; 04:43:41; 445; 6; 23.35; 1015.0242578125; 34.3193359375
2026-09-22; 04:44:41; 441; 6; 23.34; 1015.083671875; 34.2958984375
2026-09-22; 04:45:41; 434; 5; 23.35; 1015.0521484375; 34.3193359375
2026-09-22; 04:46:41; 441; 6; 23.39; 1015.164609375; 34.2998046875
2026-09-22; 04:47:42; 434; 5; 23.35; 1015.0800390625; 34.2626953125
2026-09-22; 04:48:42; 428; 4; 23.33; 1015.095078125; 34.318359375
2026-09-22; 04:49:42; 428; 4; 23.32; 1015.1347265625; 34.3388671875
2026-09-22; 04:50:42; 428; 4; 23.34; 1015.1196875; 34.2958984375
2026-09-22; 04:51:42; 428; 4; 23.38; 1015.100703125; 34.322265625
2026-09-22; 04:52:42; 428; 4; 23.36; 1015.1439453125; 34.2412109375
2026-09-22; 04:53:42; 425; 3; 23.36; 1015.1439453125; 34.275390625
2026-09-22; 04:54:42; 425; 3; 23.38; 1015.176328125; 34.2763671875
2026-09-22; 04:55:42; 421; 3; 23.36; 1015.1160546875; 34.263671875
2026-09-22; 04:56:42; 421; 3; 23.34; 1015.1115625; 34.1943359375
2026-09-22; 04:57:42; 421; 3; 23.35; 1015.1916796875; 34.240234375
2026-09-22; 04:58:42; 418; 2; 23.33; 1015.12296875; 34.2841796875
2026-09-22; 04:59:42; 411; 1; 23.32; 1015.07890625; 34.3388671875
2026-09-22; 05:00:42; 411; 1; 23.31; 1015.0987109375; 34.328125
2026-09-22; 05:01:42; 411; 1; 23.33; 1015.13109375; 34.2841796875
2026-09-22; 05:02:42; 415; 2; 23.34; 1015.1115625; 34.228515625
2026-09-22; 05:03:42; 407; 1; 23.36; 1015.15203125; 34.1845703125
2026-09-22; 05:04:42; 407; 1; 23.35; 1015.1277734375; 34.2177734375
2026-09-22; 05:05:42; 402; 0; 23.34; 1015.0917578125; 34.2392578125
2026-09-22; 05:06:42; 402; 0; 23.32; 1015.08703125; 34.3173828125
2026-09-22; 05:07:42; 406; 0; 23.34; 1015.0917578125; 34.2958984375
2026-09-22; 05:08:42; 403; 0; 23.32; 1015.1428125; 34.2607421875
2026-09-22; 05:09:42; 407; 1; 23.34; 1015.167421875; 34.28515625
2026-09-22; 05:10:42; 403; 0; 23.34; 1015.17546875; 34.216796875
2026-09-22; 05:11:42; 403; 0; 23.32; 1015.08703125; 34.25
2026-09-22; 05:12:42; 406; 0; 23.35; 1015.0998828125; 34.240234375
2026-09-22; 05:13:42; 400; 0; 23.32; 1015.114921875; 34.25
2026-09-22; 05:14:42; 403; 0; 23.33; 1015.158984375; 34.2841796875
2026-09-22; 05:15:42; 403; 0; 23.36; 1015.1799609375; 34.2412109375
2026-09-22; 05:16:42; 403; 0; 23.37; 1015.132265625; 34.1513671875
2026-09-22; 05:17:42; 400; 0; 23.37; 1015.056640625; 34.185546875
2026-09-22; 05:18:42; 403; 0; 23.4; 1015.125; 34.19921875
2026-09-22; 05:19:42; 403; 0; 23.37; 1015.056640625; 34.185546875
2026-09-22; 05:20:42; 403; 0; 23.41; 1015.169375; 34.1435546875
2026-09-22; 05:21:42; 403; 0; 23.43; 1015.1458984375; 34.06640625
2026-09-22; 05:22:42; 405; 0; 23.4; 1015.1612890625; 34.12109375
2026-09-22; 05:23:42; 403; 0; 23.38; 1015.1483984375; 34.15234375
2026-09-22; 05:24:42; 403; 0; 23.4; 1015.1612890625; 34.1318359375
2026-09-22; 05:25:42; 400; 0; 23.37; 1015.2159375; 34.173828125
2026-09-22; 05:26:42; 402; 0; 23.39; 1015.2005859375; 34.1640625
2026-09-22; 05:27:42; 402; 0; 23.35; 1015.1079296875; 34.1953125
2026-09-22; 05:28:42; 402; 0; 23.4; 1015.217109375; 34.109375
2026-09-22; 05:29:42; 405; 0; 23.39; 1015.1448046875; 34.1416015625
2026-09-22; 05:30:43; 400; 0; 23.39; 1015.1726953125; 34.1533203125
2026-09-22; 05:31:43; 402; 0; 23.4; 1015.18078125; 34.142578125
2026-09-22; 05:32:43; 402; 0; 23.38; 1015.176328125; 34.15234375
2026-09-22; 05:33:43; 400; 0; 23.38; 1015.2401953125; 34.130859375
2026-09-22; 05:34:43; 402; 0; 23.38; 1015.20421875; 34.208984375
2026-09-22; 05:35:43; 402; 0; 23.4; 1015.18078125; 34.1767578125
2026-09-22; 05:36:43; 405; 0; 23.42; 1015.1378515625; 34.087890625
2026-09-22; 05:37:43; 402; 0; 23.4; 1015.208671875; 34.1875
2026-09-22; 05:38:43; 400; 0; 23.43; 1015.20984375; 34.0888671875
2026-09-22; 05:39:43; 400; 0; 23.43; 1015.2575390625; 34.123046875
2026-09-22; 05:40:43; 405; 0; 23.42; 1015.1936328125; 34.0771484375
2026-09-22; 05:41:43; 408; 1; 23.43; 1015.1180078125; 34.06640625
2026-09-22; 05:42:43; 408; 1; 23.4; 1015.18078125; 34.130859375
2026-09-22; 05:43:43; 405; 0; 23.38; 1015.1565234375; 34.1982421875
2026-09-22; 05:44:43; 405; 0; 23.39; 1015.1366796875; 34.1865234375
2026-09-22; 05:45:43; 405; 0; 23.41; 1015.197265625; 34.09765625
2026-09-22; 05:46:43; 405; 0; 23.44; 1015.2179296875; 34.06640625
2026-09-22; 05:47:43; 400; 0; 23.45; 1015.17828125; 34.068359375
2026-09-22; 05:48:43; 408; 1; 23.43; 1015.1180078125; 34.06640625
2026-09-22; 05:49:43; 400; 0; 23.42; 1015.2134765625; 34.1103515625
2026-09-22; 05:50:43; 405; 0; 23.45; 1015.150390625; 34.0791015625
2026-09-22; 05:51:43; 405; 0; 23.4; 1015.208671875; 34.0859375
2026-09-22; 05:52:43; 405; 0; 23.43; 1015.1180078125; 34.1337890625
2026-09-22; 05:53:43; 400; 0; 23.46; 1015.1746484375; 34.080078125
2026-09-22; 05:54:43; 405; 0; 23.43; 1015.1540234375; 34.078125
2026-09-22; 05:55:43; 408; 1; 23.43; 1015.1738671875; 34.06640625
2026-09-22; 05:56:43; 410; 1; 23.44; 1015.13421875; 34.0888671875
2026-09-22; 05:57:43; 408; 1; 23.41; 1015.09375; 34.1103515625
2026-09-22; 05:58:43; 408; 1; 23.46; 1015.063046875; 34.03515625
2026-09-22; 05:59:43; 408; 1; 23.48; 1015.0677734375; 33.9912109375
2026-09-22; 06:00:43; 408; 1; 23.47; 1015.1911328125; 34.0478515625
2026-09-22; 06:01:43; 408; 1; 23.46; 1015.0909375; 34.0576171875
2026-09-22; 06:02:43; 410; 1; 23.47; 1015.015625; 34.0244140625
2026-09-22; 06:03:43; 410; 1; 23.43; 1015.0982421875; 34.078125
2026-09-22; 06:04:43; 413; 1; 23.44; 1014.9946875; 34.0888671875
2026-09-22; 06:05:43; 410; 1; 23.43; 1015.0982421875; 34.06640625
2026-09-22; 06:06:43; 410; 1; 23.44; 1015.114375; 34.1005859375
2026-09-22; 06:07:43; 410; 1; 23.44; 1015.1062890625; 34.078125
2026-09-22; 06:08:43; 410; 1; 23.47; 1015.0993359375; 34.046875
2026-09-22; 06:09:43; 415; 2; 23.45; 1015.018984375; 34.0791015625
2026-09-22; 06:10:43; 415; 2; 23.47; 1015.015625; 34.0693359375
2026-09-22; 06:11:43; 415; 2; 23.43; 1015.1180078125; 34.212890625
2026-09-22; 06:12:43; 415; 2; 23.44; 1014.9667578125; 34.06640625
2026-09-22; 06:13:44; 418; 2; 23.46; 1015.02703125; 34.068359375
2026-09-22; 06:14:44; 415; 2; 23.44; 1015.0505078125; 34.06640625
2026-09-22; 06:15:44; 415; 2; 23.43; 1015.1180078125; 34.06640625
2026-09-22; 06:16:44; 415; 2; 23.44; 1015.13421875; 34.0888671875
2026-09-22; 06:17:44; 415; 2; 23.45; 1015.046875; 34.0791015625
2026-09-22; 06:18:44; 418; 2; 23.47; 1015.0714453125; 34.03515625
2026-09-22; 06:19:44; 415; 2; 23.44; 1014.9667578125; 34.0888671875
2026-09-22; 06:20:44; 415; 2; 23.47; 1015.015625; 34.0576171875
2026-09-22; 06:21:44; 423; 3; 23.5; 1014.9525390625; 33.9697265625
2026-09-22; 06:22:44; 418; 2; 23.5; 1015.0641796875; 33.9814453125
2026-09-22; 06:23:44; 418; 2; 23.48; 1014.9759765625; 34.001953125
2026-09-22; 06:24:44; 418; 2; 23.52; 1014.956953125; 33.9833984375
2026-09-22; 06:25:44; 418; 2; 23.48; 1014.9841015625; 34.0478515625
2026-09-22; 06:26:44; 423; 3; 23.51; 1014.988515625; 34.00390625
2026-09-22; 06:27:44; 426; 3; 23.52; 1015.060546875; 34.0390625
2026-09-22; 06:28:44; 426; 3; 23.51; 1015.02453125; 33.9814453125
2026-09-22; 06:29:44; 423; 3; 23.51; 1015.02453125; 33.9814453125
2026-09-22; 06:30:44; 426; 3; 23.5; 1015.083984375; 33.9814453125
2026-09-22; 06:31:44; 423; 3; 23.47; 1015.015625; 34.0693359375
2026-09-22; 06:32:44; 423; 3; 23.49; 1014.9921484375; 34.08203125
2026-09-22; 06:33:44; 428; 4; 23.52; 1014.94890625; 33.982421875
2026-09-22; 06:34:44; 423; 3; 23.5; 1015.0281640625; 33.9921875
2026-09-22; 06:35:44; 426; 3; 23.47; 1015.015625; 34.0576171875
2026-09-22; 06:36:44; 426; 3; 23.45; 1015.046875; 34.11328125
2026-09-22; 06:37:44; 428; 4; 23.46; 1014.97125; 34.056640625
2026-09-22; 06:38:44; 434; 5; 23.5; 1015.008359375; 34.0380859375
2026-09-22; 06:39:44; 428; 4; 23.47; 1015.0714453125; 34.0810546875
2026-09-22; 06:40:44; 428; 4; 23.48; 1015.0398828125; 34.0361328125
2026-09-22; 06:41:44; 428; 4; 23.48; 1014.92828125; 34.0927734375
2026-09-22; 06:42:44; 434; 5; 23.48; 1014.92828125; 34.0927734375
2026-09-22; 06:43:44; 434; 5; 23.5; 1015.0281640625; 34.0380859375
2026-09-22; 06:44:44; 434; 5; 23.5; 1014.9723828125; 34.060546875
2026-09-22; 06:45:44; 434; 5; 23.46; 1014.9433203125; 34.044921875
2026-09-22; 06:46:44; 434; 5; 23.48; 1014.92015625; 34.0478515625
2026-09-22; 06:47:44; 441; 6; 23.5; 1014.9165234375; 34.0380859375
2026-09-22; 06:48:44; 438; 5; 23.48; 1014.92828125; 34.0927734375
2026-09-22; 06:49:44; 438; 5; 23.52; 1014.94890625; 33.9716796875
2026-09-22; 06:50:44; 438; 5; 23.52; 1014.9209765625; 34.0048828125
2026-09-22; 06:51:44; 438; 5; 23.48; 1014.892265625; 34.0703125
2026-09-22; 06:52:44; 438; 5; 23.47; 1014.85625; 34.0478515625
2026-09-22; 06:53:44; 441; 6; 23.48; 1014.836484375; 34.05859375
2026-09-22; 06:54:44; 441; 6; 23.48; 1014.8724609375; 34.103515625
2026-09-22; 06:55:44; 441; 6; 23.45; 1014.8992578125; 34.1240234375
2026-09-22; 06:56:45; 445; 6; 23.47; 1014.87609375; 34.0810546875
2026-09-22; 06:57:45; 445; 6; 23.49; 1014.9642578125; 34.0703125
2026-09-22; 06:58:45; 445; 6; 23.46; 1014.979296875; 34.068359375
2026-09-22; 06:59:45; 445; 6; 23.45; 1014.935234375; 34.1357421875
2026-09-22; 07:00:45; 447; 7; 23.45; 1014.9550390625; 34.1806640625
2026-09-22; 07:01:45; 450; 7; 23.44; 1015.0306640625; 34.146484375
2026-09-22; 07:02:45; 450; 7; 23.45; 1015.018984375; 34.158203125
2026-09-22; 07:03:45; 450; 7; 23.44; 1014.9190625; 34.1123046875
2026-09-22; 07:04:45; 450; 7; 23.43; 1014.9866015625; 34.111328125
2026-09-22; 07:05:45; 450; 7; 23.46; 1014.8875; 34.146484375
2026-09-22; 07:06:45; 450; 7; 23.44; 1014.9109765625; 34.123046875
2026-09-22; 07:07:45; 450; 7; 23.43; 1014.93078125; 34.15625
2026-09-22; 07:08:45; 454; 8; 23.43; 1014.9028515625; 34.16796875
2026-09-22; 07:09:45; 460; 9; 23.42; 1014.850703125; 34.2001953125
2026-09-22; 07:10:45; 457; 8; 23.41; 1014.8903125; 34.1767578125
2026-09-22; 07:11:45; 457; 8; 23.45; 1014.871328125; 34.146484375
2026-09-22; 07:12:45; 460; 9; 23.45; 1014.8992578125; 34.158203125
2026-09-22; 07:13:45; 464; 9; 23.47; 1014.912109375; 34.1494140625
2026-09-22; 07:14:45; 464; 9; 23.44; 1014.9109765625; 34.1796875
2026-09-22; 07:15:45; 464; 9; 23.43; 1014.9866015625; 34.1796875
2026-09-22; 07:16:45; 470; 10; 23.43; 1014.93078125; 34.26953125
2026-09-22; 07:17:45; 475; 11; 23.41; 1014.9740625; 34.2900390625
2026-09-22; 07:18:45; 475; 11; 23.42; 1014.9983203125; 34.2236328125
2026-09-22; 07:19:45; 475; 11; 23.43; 1014.93078125; 34.1904296875
2026-09-22; 07:20:45; 477; 11; 23.47; 1015.015625; 34.1708984375
2026-09-22; 07:21:45; 486; 13; 23.45; 1014.98296875; 34.146484375
2026-09-22; 07:22:45; 486; 13; 23.45; 1014.991015625; 34.146484375
2026-09-22; 07:23:45; 493; 14; 23.49; 1015.0480078125; 34.1494140625
2026-09-22; 07:24:45; 493; 14; 23.48; 1015.0398828125; 34.103515625
2026-09-22; 07:25:45; 497; 14; 23.48; 1015.0398828125; 34.1376953125
2026-09-22; 07:26:45; 501; 15; 23.51; 1015.0803125; 34.072265625
2026-09-22; 07:27:45; 503; 15; 23.5; 1015.0641796875; 34.1162109375
2026-09-22; 07:28:45; 514; 17; 23.54; 1015.1012890625; 34.0751953125
2026-09-22; 07:29:45; 518; 17; 23.53; 1015.0569140625; 34.0400390625
2026-09-22; 07:30:45; 526; 19; 23.57; 1015.113828125; 34.01953125
2026-09-22; 07:31:45; 526; 19; 23.59; 1015.0624609375; 33.9208984375
2026-09-22; 07:32:45; 530; 19; 23.6; 1015.17046875; 33.955078125
2026-09-22; 07:33:45; 530; 19; 23.54; 1015.2129296875; 34.041015625
2026-09-22; 07:34:45; 540; 21; 23.59; 1015.1542578125; 33.943359375
2026-09-22; 07:35:45; 540; 21; 23.6; 1015.1623828125; 33.9091796875
2026-09-22; 07:36:45; 543; 21; 23.59; 1015.2019921875; 33.9541015625
2026-09-22; 07:37:45; 553; 23; 23.65; 1015.2240625; 33.845703125
2026-09-22; 07:38:45; 553; 23; 23.66; 1015.2042578125; 33.857421875
2026-09-22; 07:39:46; 561; 24; 23.7; 1015.241328125; 33.8154296875
2026-09-22; 07:40:46; 569; 25; 23.74; 1015.2586328125; 33.7177734375
2026-09-22; 07:41:46; 569; 25; 23.78; 1015.231484375; 33.619140625
2026-09-22; 07:42:46; 574; 26; 23.78; 1015.2233984375; 33.619140625
2026-09-22; 07:43:46; 578; 27; 23.84; 1015.3009765625; 33.5556640625
2026-09-22; 07:44:46; 581; 27; 23.86; 1015.2414453125; 33.4775390625
2026-09-22; 07:45:46; 589; 28; 23.92; 1015.2550390625; 33.4033203125
2026-09-22; 07:46:46; 594; 29; 23.99; 1015.23703125; 33.2626953125
2026-09-22; 07:47:46; 611; 32; 24.2; 1015.2541015625; 32.9609375
2026-09-22; 07:48:46; 615; 32; 24.45; 1015.260625; 32.6181640625
2026-09-22; 07:49:46; 627; 34; 24.83; 1015.2333203125; 32.0234375
2026-09-22; 07:50:46; 631; 35; 25.16; 1015.33265625; 31.9111328125
2026-09-22; 07:51:46; 623; 33; 25.67; 1015.266484375; 31.3232421875
2026-09-22; 07:52:46; 627; 34; 26.01; 1015.24890625; 30.9150390625
2026-09-22; 07:53:46; 627; 34; 26.31; 1015.202109375; 30.5390625
2026-09-22; 07:54:46; 623; 33; 26.56; 1015.226015625; 30.294921875
2026-09-22; 07:55:46; 615; 32; 26.44; 1015.2084375; 30.5478515625
2026-09-22; 07:56:46; 602; 30; 26.09; 1015.1544921875; 31.3642578125
2026-09-22; 07:57:46; 589; 28; 25.81; 1015.24171875; 31.84375
2026-09-22; 07:58:46; 594; 29; 25.55; 1015.2205078125; 32.4375
2026-09-22; 07:59:46; 611; 32; 25.31; 1015.2397265625; 32.783203125
2026-09-22; 08:00:46; 627; 34; 25.29; 1015.311328125; 33.052734375
2026-09-22; 08:01:46; 649; 37; 25.14; 1015.2163671875; 34.0380859375
2026-09-22; 08:02:46; 683; 43; 25.11; 1015.1955859375; 34.4658203125
2026-09-22; 08:03:46; 715; 47; 25.13; 1015.248125; 33.85546875
2026-09-22; 08:04:46; 715; 47; 24.97; 1015.2283203125; 34.013671875
2026-09-22; 08:05:46; 748; 53; 25.0; 1015.2491015625; 34.5478515625
2026-09-22; 08:06:46; 765; 55; 24.89; 1015.2665625; 34.923828125
2026-09-22; 08:07:46; 783; 58; 24.87; 1015.3181640625; 34.763671875
2026-09-22; 08:08:46; 770; 56; 24.82; 1015.273125; 34.759765625
2026-09-22; 08:09:46; 795; 60; 24.78; 1015.2842578125; 35.0732421875
2026-09-22; 08:10:46; 795; 60; 24.72; 1015.2429296875; 34.9560546875
2026-09-22; 08:11:46; 813; 62; 24.69; 1015.2220703125; 35.3828125
2026-09-22; 08:12:46; 851; 68; 24.62; 1015.2484375; 36.2021484375
2026-09-22; 08:13:46; 882; 73; 24.54; 1015.246796875; 36.3427734375
2026-09-22; 08:14:46; 915; 78; 24.44; 1015.244453125; 36.71875
2026-09-22; 08:15:46; 987; 89; 24.47; 1015.3010546875; 36.923828125
2026-09-22; 08:16:46; 1029; 95; 24.4; 1015.31921875; 36.9287109375
2026-09-22; 08:17:46; 1090; 105; 24.41; 1015.287578125; 37.3251953125
2026-09-22; 08:18:46; 1144; 113; 24.39; 1015.3949609375; 37.5048828125
2026-09-22; 08:19:46; 1195; 121; 24.33; 1015.34515625; 37.7919921875
2026-09-22; 08:20:46; 1270; 132; 24.29; 1015.4; 38.30859375
2026-09-22; 08:21:46; 1345; 143; 24.27; 1015.51546875; 38.1376953125
2026-09-22; 08:22:47; 1425; 156; 24.24; 1015.375; 38.28125
2026-09-22; 08:23:47; 1495; 168; 24.26; 1015.4912109375; 38.40625
2026-09-22; 08:24:47; 1507; 177; 24.25; 1015.5110546875; 38.4970703125
2026-09-22; 08:25:47; 1519; 184; 24.24; 1015.4669140625; 38.3603515625
2026-09-22; 08:26:47; 1527; 190; 24.27; 1015.5073828125; 38.3408203125
2026-09-22; 08:27:47; 1537; 197; 24.29; 1015.5117578125; 38.3984375
2026-09-22; 08:28:47; 1546; 204; 24.27; 1015.4595703125; 38.46484375
2026-09-22; 08:29:47; 1562; 216; 24.26; 1015.519140625; 38.5986328125
2026-09-22; 08:30:47; 1571; 222; 24.25; 1015.391171875; 38.609375
2026-09-22; 08:31:47; 1594; 239; 24.27; 1015.3955859375; 38.599609375
2026-09-22; 08:32:47; 1597; 242; 24.27; 1015.4235546875; 38.611328125
2026-09-22; 08:33:47; 1610; 254; 24.28; 1015.4477734375; 38.78125
2026-09-22; 08:34:47; 1628; 271; 24.31; 1015.43265625; 38.6826171875
2026-09-22; 08:35:47; 1647; 287; 24.31; 1015.4525; 38.771484375
2026-09-22; 08:36:47; 1712; 351; 24.31; 1015.43265625; 38.6826171875
2026-09-22; 08:37:47; 1725; 363; 24.31; 1015.43265625; 38.7841796875
2026-09-22; 08:38:47; 1712; 351; 24.34; 1015.3976171875; 38.9326171875
2026-09-22; 08:39:47; 1715; 354; 24.37; 1015.578125; 38.4384765625
2026-09-22; 08:40:47; 1712; 351; 24.36; 1015.5337109375; 38.84375
2026-09-22; 08:41:47; 1715; 354; 24.34; 1015.53734375; 38.8310546875
2026-09-22; 08:42:47; 1712; 351; 24.41; 1015.5869140625; 38.8603515625
2026-09-22; 08:43:47; 1715; 354; 24.4; 1015.5428125; 38.94921875
2026-09-22; 08:44:47; 1720; 357; 24.44; 1015.58796875; 38.8515625
2026-09-22; 08:45:47; 1715; 354; 24.46; 1015.5842578125; 38.8642578125
2026-09-22; 08:46:47; 1720; 357; 24.51; 1015.5815625; 38.7666015625
2026-09-22; 08:47:47; 1707; 346; 24.58; 1015.5273046875; 37.599609375
2026-09-22; 08:48:47; 1707; 346; 24.63; 1015.5721484375; 37.7841796875
2026-09-22; 08:49:47; 1683; 322; 24.75; 1015.5151171875; 36.7548828125
2026-09-22; 08:50:47; 1668; 307; 24.82; 1015.5446875; 36.5341796875
2026-09-22; 08:51:47; 1664; 303; 24.81; 1015.5645703125; 36.81640625
2026-09-22; 08:52:47; 1654; 293; 24.79; 1015.5241796875; 35.966796875
2026-09-22; 08:53:47; 1628; 271; 24.81; 1015.620546875; 36.1162109375
2026-09-22; 08:54:47; 1628; 271; 24.79; 1015.560234375; 36.3974609375
2026-09-22; 08:55:47; 1618; 262; 24.68; 1015.60546875; 36.5908203125
2026-09-22; 08:56:47; 1604; 249; 24.63; 1015.4603125; 37.0947265625
2026-09-22; 08:57:47; 1604; 249; 24.6; 1015.5516015625; 37.1826171875
2026-09-22; 08:58:47; 1601; 246; 24.57; 1015.483203125; 37.1689453125
2026-09-22; 08:59:47; 1597; 242; 24.52; 1015.4660546875; 37.345703125
2026-09-22; 09:00:47; 1597; 242; 24.52; 1015.4660546875; 37.4482421875
2026-09-22; 09:01:47; 1601; 246; 24.52; 1015.43; 37.58203125
2026-09-22; 09:02:47; 1597; 242; 24.57; 1015.3993359375; 37.72265625
2026-09-22; 09:03:47; 1610; 254; 24.56; 1015.4748046875; 37.857421875
2026-09-22; 09:04:47; 1614; 258; 24.61; 1015.4080859375; 37.7373046875
2026-09-22; 09:05:48; 1623; 265; 24.66; 1015.425234375; 37.7294921875
2026-09-22; 09:06:48; 1628; 271; 24.66; 1015.4612890625; 37.8095703125
2026-09-22; 09:07:48; 1640; 281; 24.69; 1015.4538671875; 37.8681640625
2026-09-22; 09:08:48; 1647; 287; 24.73; 1015.4827734375; 37.9501953125
2026-09-22; 09:09:48; 1640; 281; 24.74; 1015.471015625; 37.861328125
2026-09-22; 09:10:48; 1640; 281; 24.82; 1015.4968359375; 37.26953125
2026-09-22; 09:11:48; 1640; 281; 24.85; 1015.5294921875; 37.8359375
2026-09-22; 09:12:48; 1654; 293; 24.85; 1015.4735546875; 37.8134765625
2026-09-22; 09:13:48; 1678; 318; 24.92; 1015.455234375; 37.8544921875
2026-09-22; 09:14:48; 1712; 351; 24.89; 1015.538203125; 37.5
2026-09-22; 09:15:48; 1703; 341; 24.86; 1015.5257421875; 38.0966796875
2026-09-22; 09:16:48; 1707; 346; 24.97; 1015.5640234375; 37.8017578125
2026-09-22; 09:17:48; 1712; 351; 25.15; 1015.532265625; 37.578125
2026-09-22; 09:18:48; 1687; 326; 25.3; 1015.579375; 36.44921875
2026-09-22; 09:19:48; 1610; 254; 25.43; 1015.622109375; 34.1953125
2026-09-22; 09:20:48; 1546; 204; 25.48; 1015.6472265625; 35.00390625
2026-09-22; 09:21:48; 1458; 161; 25.56; 1015.6367578125; 33.3671875
2026-09-22; 09:22:48; 1270; 132; 25.67; 1015.6305859375; 33.61328125
2026-09-22; 09:23:48; 1168; 117; 25.65; 1015.6704296875; 33.703125
2026-09-22; 09:24:48; 1102; 106; 25.71; 1015.647578125; 33.6845703125
2026-09-22; 09:25:48; 1050; 99; 25.73; 1015.708203125; 33.9013671875
2026-09-22; 09:26:48; 925; 79; 25.74; 1015.668671875; 33.5625
2026-09-22; 09:27:48; 891; 74; 25.67; 1015.714609375; 33.9072265625
2026-09-22; 09:28:48; 891; 74; 25.58; 1015.725078125; 34.275390625
2026-09-22; 09:29:48; 902; 76; 25.51; 1015.74359375; 34.5419921875
2026-09-22; 09:30:48; 882; 73; 25.45; 1015.710390625; 34.9560546875
2026-09-22; 09:31:48; 891; 74; 25.41; 1015.6737890625; 35.337890625
2026-09-22; 09:32:48; 909; 77; 25.44; 1015.686171875; 35.46484375
2026-09-22; 09:33:48; 925; 79; 25.52; 1015.7597265625; 35.2666015625
2026-09-22; 09:34:48; 945; 83; 25.65; 1015.830390625; 34.94921875
2026-09-22; 09:35:48; 970; 86; 25.73; 1015.820234375; 34.955078125
2026-09-22; 09:36:48; 956; 84; 25.84; 1015.8024609375; 34.646484375
2026-09-22; 09:37:48; 935; 81; 25.97; 1015.836875; 34.203125
2026-09-22; 09:38:48; 795; 60; 25.93; 1015.8280078125; 34.177734375
2026-09-22; 09:39:48; 813; 62; 25.94; 1015.892109375; 34.109375
2026-09-22; 09:40:48; 819; 63; 25.99; 1015.86921875; 34.0
2026-09-22; 09:41:48; 802; 61; 26.05; 1015.874296875; 33.9140625
2026-09-22; 09:42:48; 787; 58; 26.13; 1015.863671875; 33.7724609375
2026-09-22; 09:43:48; 765; 55; 26.16; 1015.9765625; 33.5712890625
2026-09-22; 09:44:48; 765; 55; 26.22; 1015.8414453125; 33.3935546875
2026-09-22; 09:45:48; 733; 50; 26.32; 1015.8350390625; 33.140625
2026-09-22; 09:46:48; 712; 47; 26.37; 1015.8519140625; 33.109375
2026-09-22; 09:47:48; 706; 46; 26.42; 1015.8208203125; 32.9091796875
2026-09-22; 09:48:49; 674; 41; 26.44; 1015.8334375; 32.7177734375
2026-09-22; 09:49:49; 637; 36; 26.67; 1015.8890625; 32.6328125
2026-09-22; 09:50:49; 643; 37; 27.87; 1015.88125; 30.9873046875
2026-09-22; 09:51:49; 612; 32; 28.41; 1015.9425390625; 30.03125
2026-09-22; 09:52:49; 578; 27; 27.95; 1015.918125; 31.2431640625
2026-09-22; 09:53:49; 594; 29; 27.73; 1015.8235546875; 31.8095703125
2026-09-22; 09:54:49; 623; 33; 27.6; 1015.90203125; 32.1982421875
2026-09-22; 09:55:49; 643; 37; 27.44; 1015.923984375; 32.3349609375
2026-09-22; 09:56:49; 666; 40; 27.5; 1015.908671875; 32.498046875
2026-09-22; 09:57:49; 666; 40; 27.49; 1015.94875; 32.4521484375
2026-09-22; 09:58:49; 666; 40; 27.44; 1015.875859375; 32.84765625
2026-09-22; 09:59:49; 649; 37; 27.39; 1015.87140625; 32.775390625
2026-09-22; 10:00:49; 599; 30; 27.34; 1015.8746875; 32.8388671875
2026-09-22; 10:01:49; 548; 22; 27.23; 1015.8170703125; 32.95703125
2026-09-22; 10:02:49; 602; 30; 27.32; 1015.8505078125; 33.5205078125
2026-09-22; 10:03:49; 649; 37; 27.35; 1015.89890625; 33.4892578125
2026-09-22; 10:04:49; 683; 43; 27.34; 1015.846640625; 33.6923828125
2026-09-22; 10:05:49; 726; 49; 27.4; 1015.859453125; 33.9130859375
2026-09-22; 10:06:49; 795; 60; 27.52; 1015.8851171875; 33.7626953125
2026-09-22; 10:07:49; 834; 66; 27.61; 1015.861953125; 33.462890625
2026-09-22; 10:08:49; 870; 71; 27.63; 1015.8661328125; 33.703125
2026-09-22; 10:09:49; 925; 79; 27.74; 1015.93203125; 33.5517578125
2026-09-22; 10:10:49; 956; 84; 27.85; 1015.9330078125; 33.4013671875
2026-09-22; 10:11:49; 1001; 91; 27.91; 1015.9457421875; 33.6552734375
2026-09-22; 10:12:49; 1001; 91; 27.98; 1015.9102734375; 33.125
2026-09-22; 10:13:49; 1029; 95; 28.02; 1015.8626171875; 33.2763671875
2026-09-22; 10:14:49; 1090; 105; 28.13; 1015.983984375; 33.3759765625
2026-09-22; 10:15:49; 1050; 99; 28.13; 1015.8433984375; 33.0908203125
2026-09-22; 10:16:49; 1012; 93; 28.05; 1015.9391015625; 33.2900390625
2026-09-22; 10:17:49; 945; 83; 27.99; 1015.9625390625; 33.3427734375
2026-09-22; 10:18:49; 956; 84; 27.98; 1015.966484375; 34.0478515625
2026-09-22; 10:19:49; 1056; 99; 27.97; 1015.9303515625; 34.1611328125
2026-09-22; 10:20:49; 1144; 113; 28.08; 1015.9315234375; 33.873046875
2026-09-22; 10:21:49; 1156; 115; 28.13; 1015.9477734375; 33.7744140625
2026-09-22; 10:22:49; 1081; 103; 28.21; 1015.9930078125; 33.416015625
2026-09-22; 10:23:49; 1144; 113; 28.24; 1015.9369140625; 33.44140625
2026-09-22; 10:24:49; 1184; 119; 28.38; 1015.95046875; 33.359375
2026-09-22; 10:25:49; 1110; 108; 28.38; 1015.958515625; 33.3828125
2026-09-22; 10:26:49; 1001; 91; 28.29; 1015.9334375; 32.9658203125
2026-09-22; 10:27:49; 935; 81; 28.29; 1015.9615625; 32.9775390625
2026-09-22; 10:28:49; 891; 74; 28.38; 1015.95046875; 32.7099609375
2026-09-22; 10:29:49; 813; 62; 28.36; 1016.0026171875; 33.689453125
2026-09-22; 10:30:49; 851; 68; 28.41; 1016.055078125; 33.509765625
2026-09-22; 10:31:50; 891; 74; 28.34; 1015.95; 33.3916015625
2026-09-22; 10:32:50; 964; 85; 28.36; 1015.9262890625; 34.0205078125
2026-09-22; 10:33:50; 1068; 101; 28.53; 1015.9395703125; 33.154296875
2026-09-22; 10:34:50; 1001; 91; 28.56; 1015.931953125; 33.212890625
2026-09-22; 10:35:50; 992; 90; 28.61; 1015.984375; 33.171875
2026-09-22; 10:36:50; 970; 86; 28.55; 1015.8957421875; 33.373046875
2026-09-22; 10:37:50; 964; 85; 28.55; 1015.9436328125; 33.634765625
2026-09-22; 10:38:50; 987; 89; 28.52; 1016.0159375; 33.5185546875
2026-09-22; 10:39:50; 1102; 106; 28.54; 1015.9637109375; 34.1015625
2026-09-22; 10:40:50; 1207; 122; 28.58; 1015.9722265625; 34.013671875
2026-09-22; 10:41:50; 1338; 142; 28.71; 1015.9973046875; 33.83984375
2026-09-22; 10:42:50; 1220; 124; 28.71; 1015.969140625; 33.6689453125
2026-09-22; 10:43:50; 1220; 124; 28.66; 1016.0571484375; 33.2666015625
2026-09-22; 10:44:50; 1029; 95; 28.48; 1016.035859375; 33.1845703125
2026-09-22; 10:45:50; 992; 90; 28.48; 1016.0275; 33.37890625
2026-09-22; 10:46:50; 1029; 95; 28.47; 1016.01140625; 34.0283203125
2026-09-22; 10:47:50; 1110; 108; 28.46; 1016.0234375; 34.107421875
2026-09-22; 10:48:50; 1270; 132; 28.41; 1016.035; 34.662109375
2026-09-22; 10:49:50; 1295; 136; 28.45; 1016.09171875; 34.4482421875
2026-09-22; 10:50:50; 1184; 119; 28.51; 1016.11234375; 33.939453125
2026-09-22; 10:51:50; 1238; 127; 28.57; 1016.116875; 33.8984375
2026-09-22; 10:52:50; 1068; 101; 28.54; 1016.1244921875; 33.4052734375
2026-09-22; 10:53:50; 1029; 95; 28.55; 1016.0843359375; 33.498046875
2026-09-22; 10:54:50; 819; 63; 28.33; 1016.15890625; 33.4248046875
2026-09-22; 10:55:50; 733; 50; 28.3; 1016.0905078125; 33.6962890625
2026-09-22; 10:56:50; 652; 38; 28.33; 1016.10265625; 34.22265625
2026-09-22; 10:57:50; 787; 58; 28.43; 1016.151953125; 34.0478515625
2026-09-22; 10:58:50; 787; 58; 28.48; 1016.1483984375; 32.6826171875
2026-09-22; 10:59:50; 765; 55; 28.51; 1016.1405078125; 32.251953125
2026-09-22; 11:00:51; 657; 39; 28.48; 1016.196328125; 32.9111328125
2026-09-22; 11:01:51; 578; 27; 28.4; 1016.1313671875; 32.9853515625
2026-09-22; 11:02:51; 493; 14; 28.48; 1016.1202734375; 30.8916015625
2026-09-22; 11:03:51; 441; 6; 28.53; 1016.1445703125; 30.9638671875
2026-09-22; 11:04:51; 400; 0; 28.49; 1016.1283203125; 31.5888671875
2026-09-22; 11:05:51; 400; 0; 28.52; 1016.1204296875; 30.7236328125
2026-09-22; 11:06:51; 403; 0; 28.5; 1016.0881640625; 30.6875
2026-09-22; 11:07:51; 400; 0; 28.47; 1016.1319921875; 30.2294921875
2026-09-22; 11:08:51; 416; 2; 28.47; 1016.1801953125; 31.7470703125
2026-09-22; 11:09:51; 400; 0; 28.25; 1016.1780078125; 31.0703125
2026-09-22; 11:10:51; 400; 0; 28.21; 1016.1698046875; 31.7177734375
2026-09-22; 11:11:51; 400; 0; 28.21; 1016.1898828125; 32.23046875
2026-09-22; 11:12:51; 400; 0; 28.18; 1016.1492578125; 31.6123046875
2026-09-22; 11:13:51; 400; 0; 28.09; 1016.144453125; 31.8798828125
2026-09-22; 11:14:51; 414; 2; 28.16; 1016.11703125; 32.318359375
2026-09-22; 11:15:51; 417; 2; 28.2; 1016.125234375; 32.126953125
2026-09-22; 11:16:51; 411; 1; 28.2; 1016.1171875; 31.7734375
2026-09-22; 11:17:51; 400; 0; 28.12; 1016.1928125; 32.1669921875
2026-09-22; 11:18:51; 421; 3; 28.13; 1016.1526953125; 32.8173828125
2026-09-22; 11:19:51; 452; 7; 28.2; 1016.181484375; 32.2294921875
2026-09-22; 11:20:51; 400; 0; 28.19; 1016.137265625; 32.6162109375
2026-09-22; 11:21:51; 402; 0; 28.22; 1016.1296875; 32.197265625
2026-09-22; 11:22:51; 462; 9; 28.33; 1016.1669921875; 32.650390625
2026-09-22; 11:23:51; 480; 12; 28.38; 1016.1273046875; 32.357421875
2026-09-22; 11:24:51; 443; 6; 28.37; 1016.13125; 32.5947265625
2026-09-22; 11:25:51; 426; 3; 28.37; 1016.215625; 32.09375
2026-09-22; 11:26:51; 482; 12; 28.4; 1016.179609375; 32.494140625
2026-09-22; 11:27:51; 534; 20; 28.51; 1016.132421875; 32.388671875
2026-09-22; 11:28:51; 493; 14; 28.6; 1016.1651953125; 31.9619140625
2026-09-22; 11:29:51; 519; 18; 28.75; 1016.069765625; 30.8876953125
2026-09-22; 11:30:52; 503; 15; 28.83; 1016.058515625; 30.390625
2026-09-22; 11:31:52; 491; 13; 28.85; 1016.138984375; 30.1181640625
2026-09-22; 11:32:52; 457; 8; 28.83; 1016.1148046875; 29.728515625
2026-09-22; 11:33:52; 420; 3; 28.88; 1016.0465625; 29.7197265625
2026-09-22; 11:34:52; 400; 0; 28.84; 1016.046484375; 29.7744140625
2026-09-22; 11:35:52; 400; 0; 28.81; 1016.026015625; 29.7490234375
2026-09-22; 11:36:52; 400; 0; 28.83; 1016.0866796875; 30.185546875
2026-09-22; 11:37:52; 402; 0; 28.8; 1016.0018359375; 30.4912109375
2026-09-22; 11:38:52; 400; 0; 28.61; 1016.0205078125; 29.9423828125
2026-09-22; 11:39:52; 400; 0; 28.29; 1016.037890625; 29.7158203125
2026-09-22; 11:40:52; 400; 0; 27.68; 1015.9393359375; 30.74609375
2026-09-22; 11:41:52; 406; 0; 27.88; 1016.02984375; 31.6708984375
2026-09-22; 11:42:52; 420; 3; 28.23; 1015.9971484375; 30.8857421875
2026-09-22; 11:43:52; 403; 0; 28.43; 1015.9187890625; 30.375
2026-09-22; 11:44:52; 400; 0; 28.7; 1015.9048046875; 29.75390625
2026-09-22; 11:45:52; 400; 0; 28.95; 1015.8501953125; 29.484375
2026-09-22; 11:46:52; 506; 16; 29.2; 1016.012578125; 29.3173828125
2026-09-22; 11:47:52; 400; 0; 29.32; 1015.848203125; 28.421875
2026-09-22; 11:48:52; 400; 0; 29.34; 1015.8240625; 27.908203125
2026-09-22; 11:49:52; 400; 0; 29.52; 1015.8171484375; 27.78125
2026-09-22; 11:50:52; 400; 0; 29.65; 1015.8376953125; 27.595703125
2026-09-22; 11:51:52; 401; 0; 29.87; 1015.89453125; 27.2529296875
2026-09-22; 11:52:52; 400; 0; 29.96; 1015.8422265625; 27.1318359375
2026-09-22; 11:53:52; 400; 0; 29.96; 1015.9268359375; 27.0517578125
2026-09-22; 11:54:52; 400; 0; 29.92; 1015.8141015625; 26.923828125
2026-09-22; 11:55:52; 400; 0; 29.89; 1015.8219921875; 26.8876953125
2026-09-22; 11:56:52; 400; 0; 29.9; 1015.86625; 26.900390625
2026-09-22; 11:57:52; 405; 0; 29.93; 1015.7737890625; 27.0732421875
2026-09-22; 11:58:52; 403; 0; 29.84; 1015.7613671875; 26.9990234375
2026-09-22; 11:59:52; 400; 0; 29.8; 1015.7896875; 26.9970703125
2026-09-22; 12:00:53; 400; 0; 29.73; 1015.8378515625; 27.3125
2026-09-22; 12:01:53; 400; 0; 29.61; 1015.8494921875; 27.283203125
2026-09-22; 12:02:53; 400; 0; 29.55; 1015.8372265625; 27.291015625
2026-09-22; 12:03:53; 400; 0; 29.5; 1015.8688671875; 27.2880859375
2026-09-22; 12:04:53; 400; 0; 29.31; 1015.8039453125; 27.72265625
2026-09-22; 12:05:53; 400; 0; 29.3; 1015.759375; 27.5849609375
2026-09-22; 12:06:53; 403; 0; 29.23; 1015.7027734375; 27.6376953125
2026-09-22; 12:07:53; 410; 1; 29.18; 1015.819453125; 27.8408203125
2026-09-22; 12:08:53; 400; 0; 28.91; 1015.7858203125; 28.224609375
2026-09-22; 12:09:53; 400; 0; 28.91; 1015.7858203125; 28.1103515625
2026-09-22; 12:10:53; 413; 1; 29.05; 1015.778515625; 28.0732421875
2026-09-22; 12:11:53; 427; 4; 29.03; 1015.858671875; 28.072265625
2026-09-22; 12:12:53; 438; 5; 29.04; 1015.7905859375; 28.1181640625
2026-09-22; 12:13:53; 422; 3; 29.13; 1015.8512890625; 27.91796875
2026-09-22; 12:14:53; 401; 0; 29.0; 1015.8746875; 27.9560546875
2026-09-22; 12:15:53; 400; 0; 28.81; 1015.77265625; 27.9892578125
2026-09-22; 12:16:53; 402; 0; 28.96; 1015.745625; 27.8154296875
2026-09-22; 12:17:53; 402; 0; 28.92; 1015.858203125; 28.0771484375
2026-09-22; 12:18:53; 402; 0; 28.97; 1015.818359375; 27.8623046875
2026-09-22; 12:19:53; 400; 0; 28.85; 1015.80921875; 27.98046875
2026-09-22; 12:20:53; 405; 0; 28.97; 1015.76203125; 27.96484375
2026-09-22; 12:21:53; 402; 0; 28.97; 1015.7901953125; 28.0673828125
2026-09-22; 12:22:53; 401; 0; 29.03; 1015.698046875; 27.80859375
2026-09-22; 12:23:53; 400; 0; 29.04; 1015.77046875; 27.751953125
2026-09-22; 12:24:53; 405; 0; 29.08; 1015.686015625; 27.6513671875
2026-09-22; 12:25:53; 432; 4; 29.0; 1015.7540625; 28.1611328125
2026-09-22; 12:26:53; 476; 11; 29.08; 1015.7222265625; 27.9033203125
2026-09-22; 12:27:53; 817; 63; 29.1; 1015.7466796875; 27.7900390625
2026-09-22; 12:28:53; 1147; 113; 29.08; 1015.7423046875; 27.7890625
2026-09-22; 12:29:53; 1288; 135; 29.02; 1015.7098046875; 27.876953125
2026-09-22; 12:30:53; 1364; 146; 29.04; 1015.6296875; 27.8779296875
2026-09-22; 12:31:53; 1228; 126; 28.98; 1015.6655078125; 27.6220703125
2026-09-22; 12:32:53; 1056; 99; 28.95; 1015.6530859375; 27.837890625
2026-09-22; 12:33:53; 1014; 93; 28.89; 1015.6205859375; 27.9951171875
2026-09-22; 12:34:53; 992; 90; 28.94; 1015.6571484375; 27.814453125
2026-09-22; 12:35:53; 925; 79; 29.05; 1015.6095703125; 27.615234375
2026-09-22; 12:36:53; 787; 58; 28.93; 1015.5847265625; 27.87109375
2026-09-22; 12:37:53; 759; 54; 28.99; 1015.5690234375; 27.7607421875
2026-09-22; 12:38:53; 675; 41; 28.91; 1015.608515625; 27.708984375
2026-09-22; 12:39:53; 715; 47; 28.91; 1015.5887109375; 28.064453125
2026-09-22; 12:40:53; 754; 53; 28.93; 1015.5847265625; 27.8486328125
2026-09-22; 12:41:54; 776; 57; 29.05; 1015.4969140625; 27.958984375
2026-09-22; 12:42:54; 851; 68; 29.12; 1015.4771484375; 28.04296875
2026-09-22; 12:43:54; 961; 85; 29.18; 1015.4533203125; 28.1044921875
2026-09-22; 12:44:54; 1131; 111; 29.11; 1015.5375; 28.3740234375
2026-09-22; 12:45:54; 1393; 151; 29.04; 1015.4888671875; 28.5986328125
2026-09-22; 12:46:54; 1530; 192; 29.12; 1015.4690625; 28.3974609375
2026-09-22; 12:47:54; 1635; 277; 29.16; 1015.5052734375; 28.8349609375
2026-09-22; 12:48:54; 1754; 395; 29.22; 1015.5458203125; 28.8046875
2026-09-22; 12:49:54; 1856; 524; 29.27; 1015.505859375; 28.8876953125
2026-09-22; 12:50:54; 1992; 732; 29.35; 1015.40953125; 28.869140625
2026-09-22; 12:51:54; 2146; 1022; 29.31; 1015.38140625; 29.0732421875
2026-09-22; 12:52:54; 2298; 1352; 29.28; 1015.41734375; 29.185546875
2026-09-22; 12:53:54; 2438; 1643; 29.23; 1015.4210546875; 29.181640625
2026-09-22; 12:54:54; 2558; 1902; 29.14; 1015.38859375; 29.359375
2026-09-22; 12:55:54; 2672; 2143; 29.07; 1015.3883203125; 29.7431640625
2026-09-22; 12:56:54; 2850; 2541; 29.1; 1015.352421875; 30.01953125
2026-09-22; 12:57:54; 3036; 2922; 29.1; 1015.38859375; 30.0546875
2026-09-22; 12:58:54; 3204; 3279; 29.12; 1015.3926171875; 30.033203125
2026-09-22; 12:59:54; 3398; 3700; 29.1; 1015.38859375; 30.2373046875
2026-09-22; 13:00:54; 3605; 4144; 29.16; 1015.3725; 30.2294921875
2026-09-22; 13:01:54; 3848; 4678; 29.21; 1015.493515625; 30.2216796875
2026-09-22; 13:02:54; 3974; 4944; 29.06; 1015.3802734375; 30.349609375
2026-09-22; 13:03:54; 4061; 5139; 28.87; 1015.391015625; 29.9365234375
2026-09-22; 13:04:54; 4300; 5618; 29.02; 1015.39203125; 30.6435546875
2026-09-22; 13:05:54; 4646; 6372; 29.06; 1015.3239453125; 30.634765625
2026-09-22; 13:06:54; 5010; 7141; 29.17; 1015.3526953125; 30.5849609375
2026-09-22; 13:07:54; 5335; 7828; 29.26; 1015.4133203125; 30.46484375
2026-09-22; 13:08:54; 5661; 8542; 29.33; 1015.433671875; 30.35546875
2026-09-22; 13:09:54; 5949; 9147; 29.35; 1015.4658984375; 30.310546875
2026-09-22; 13:10:54; 6193; 9666; 29.4; 1015.4057421875; 30.2109375
2026-09-22; 13:11:54; 6446; 10205; 29.38; 1015.2890625; 30.2099609375
2026-09-22; 13:12:54; 6672; 10692; 29.38; 1015.429921875; 30.1865234375
2026-09-22; 13:13:54; 6936; 11246; 29.41; 1015.33734375; 30.1435546875
2026-09-22; 13:14:54; 7165; 11748; 29.52; 1015.2816796875; 30.001953125
2026-09-22; 13:15:54; 7311; 12062; 29.42; 1015.2487109375; 30.1103515625
2026-09-22; 13:16:54; 7515; 12482; 29.41; 1015.33734375; 30.12109375
2026-09-22; 13:17:54; 7728; 12982; 29.43; 1015.341328125; 30.076171875
2026-09-22; 13:18:54; 7897; 13337; 29.43; 1015.2849609375; 30.076171875
2026-09-22; 13:19:54; 8066; 13708; 29.45; 1015.317421875; 30.04296875
2026-09-22; 13:20:54; 8272; 14113; 29.41; 1015.309140625; 30.109375
2026-09-22; 13:21:54; 8465; 14502; 29.39; 1015.33328125; 30.1767578125
2026-09-22; 13:22:54; 8667; 14944; 29.36; 1015.349140625; 30.1748046875
2026-09-22; 13:23:54; 8735; 15078; 29.52; 1015.3461328125; 29.9794921875
2026-09-22; 13:24:55; 8962; 15588; 29.5; 1015.341484375; 29.966796875
2026-09-22; 13:25:55; 9031; 15700; 29.51; 1015.321640625; 29.9326171875
2026-09-22; 13:26:55; 9261; 16234; 29.41; 1015.33734375; 30.0517578125
2026-09-22; 13:27:55; 9261; 16234; 29.44; 1015.3855859375; 30.0078125
2026-09-22; 13:28:55; 9347; 16405; 29.44; 1015.2728515625; 30.0078125
2026-09-22; 13:29:55; 9484; 16716; 29.49; 1015.2891796875; 29.919921875
2026-09-22; 13:30:55; 9574; 16903; 29.53; 1015.2977734375; 29.888671875
2026-09-22; 13:31:55; 9659; 17103; 29.53; 1015.3340234375; 29.8427734375
2026-09-22; 13:32:55; 9840; 17424; 29.48; 1015.329453125; 29.8388671875
2026-09-22; 13:33:55; 9925; 17627; 29.5; 1015.31328125; 29.9208984375
2026-09-22; 13:34:55; 10022; 17845; 29.46; 1015.2691015625; 29.9296875
2026-09-22; 13:35:55; 10211; 18241; 29.48; 1015.25296875; 29.908203125
2026-09-22; 13:36:55; 10211; 18241; 29.46; 1015.3053125; 29.89453125
2026-09-22; 13:37:55; 10312; 18473; 29.47; 1015.3495703125; 29.9072265625
2026-09-22; 13:38:55; 10401; 18655; 29.43; 1015.2849609375; 29.9736328125
2026-09-22; 13:39:55; 10501; 18849; 29.41; 1015.2608203125; 29.9716796875
2026-09-22; 13:40:55; 10613; 19088; 29.41; 1015.3453515625; 29.9609375
2026-09-22; 13:41:55; 10723; 19309; 29.41; 1015.309140625; 29.9375
2026-09-22; 13:42:55; 10826; 19577; 29.52; 1015.2253515625; 29.7724609375
2026-09-22; 13:43:55; 10826; 19577; 29.46; 1015.2127734375; 29.89453125
2026-09-22; 13:44:55; 10931; 19831; 29.38; 1015.2407421875; 29.9931640625
2026-09-22; 13:45:55; 11038; 20060; 29.44; 1015.1883203125; 29.8935546875
2026-09-22; 13:46:55; 11161; 20310; 29.41; 1015.2044921875; 29.9033203125
2026-09-22; 13:47:55; 11161; 20310; 29.43; 1015.22859375; 29.8701171875
2026-09-22; 13:48:55; 11161; 20310; 29.46; 1015.1845703125; 29.837890625
2026-09-22; 13:49:55; 11269; 20566; 29.38; 1015.26890625; 29.947265625
2026-09-22; 13:50:55; 11379; 20788; 29.39; 1015.1642578125; 29.958984375
2026-09-22; 13:51:55; 11379; 20788; 29.4; 1015.23671875; 29.9365234375
2026-09-22; 13:52:55; 11500; 21050; 29.4; 1015.2165625; 29.9140625
2026-09-22; 13:53:55; 11650; 21311; 29.4; 1015.1883984375; 29.833984375
2026-09-22; 13:54:55; 11775; 21578; 29.36; 1015.264609375; 29.8203125
2026-09-22; 13:55:55; 11500; 21050; 29.37; 1015.2246484375; 29.4775390625
2026-09-22; 13:56:55; 11038; 20060; 29.39; 1015.3131640625; 29.2041015625
2026-09-22; 13:57:55; 10501; 18849; 29.36; 1015.200234375; 29.0302734375
2026-09-22; 13:58:55; 10118; 18074; 29.32; 1015.2848046875; 28.9365234375
2026-09-22; 13:59:55; 9574; 16903; 29.3; 1015.224140625; 28.8662109375
2026-09-22; 14:00:55; 9180; 16081; 29.29; 1015.228203125; 28.7861328125
2026-09-22; 14:01:55; 8878; 15406; 29.27; 1015.196015625; 28.6591796875
2026-09-22; 14:02:55; 8601; 14800; 29.1; 1015.13515625; 28.728515625
2026-09-22; 14:03:55; 8400; 14397; 29.24; 1015.0994921875; 28.8740234375
2026-09-22; 14:04:55; 8400; 14397; 29.2; 1015.0911328125; 28.9296875
2026-09-22; 14:05:55; 8272; 14113; 29.24; 1015.119609375; 28.896484375
2026-09-22; 14:06:55; 8128; 13842; 29.25; 1015.115546875; 28.703125
2026-09-22; 14:07:56; 8066; 13708; 29.22; 1015.09515625; 28.8623046875
2026-09-22; 14:08:56; 8066; 13708; 29.23; 1015.1313671875; 28.9189453125
2026-09-22; 14:09:56; 8128; 13842; 29.21; 1015.0508984375; 28.90625
2026-09-22; 14:10:56; 8066; 13708; 29.3; 1015.1114453125; 28.8212890625
2026-09-22; 14:11:56; 8128; 13842; 29.29; 1015.0390625; 28.900390625
2026-09-22; 14:12:56; 8216; 13977; 29.25; 1015.0230078125; 28.8974609375
2026-09-22; 14:13:56; 8272; 14113; 29.23; 1014.9905078125; 28.96484375
2026-09-22; 14:14:56; 8400; 14397; 29.27; 1015.0269921875; 28.9677734375
2026-09-22; 14:15:56; 8465; 14502; 29.28; 1015.07125; 28.9677734375
2026-09-22; 14:16:56; 8601; 14800; 29.24; 1015.0632421875; 29.0908203125
2026-09-22; 14:17:56; 8735; 15078; 29.18; 1015.0227734375; 29.2705078125
2026-09-22; 14:18:56; 8878; 15406; 29.26; 1015.0108984375; 29.287109375
2026-09-22; 14:19:56; 9100; 15868; 29.2; 1015.006640625; 29.318359375
2026-09-22; 14:20:56; 9261; 16234; 29.23; 1015.046875; 29.3193359375
2026-09-22; 14:21:56; 9347; 16405; 29.19; 1015.010703125; 29.384765625
2026-09-22; 14:22:56; 9484; 16716; 29.2; 1014.99859375; 29.3515625
2026-09-22; 14:23:56; 9574; 16903; 29.21; 1014.9945703125; 29.294921875
2026-09-22; 14:24:56; 9659; 17103; 29.2; 1014.9503125; 29.318359375
2026-09-22; 14:25:56; 9755; 17261; 29.17; 1014.87390625; 29.3046875
2026-09-22; 14:26:56; 9840; 17424; 29.18; 1014.93828125; 29.3046875
2026-09-22; 14:27:56; 9840; 17424; 29.19; 1014.90609375; 29.248046875
2026-09-22; 14:28:56; 9840; 17424; 29.23; 1014.8496875; 29.2392578125
2026-09-22; 14:29:56; 9925; 17627; 29.2; 1014.893984375; 29.2265625
2026-09-22; 14:30:56; 10022; 17845; 29.13; 1014.9018359375; 29.3701171875
2026-09-22; 14:31:56; 10022; 17845; 29.19; 1014.813515625; 29.2822265625
2026-09-22; 14:32:56; 10118; 18074; 29.2; 1014.7451171875; 29.2607421875
2026-09-22; 14:33:56; 10211; 18241; 29.18; 1014.7974609375; 29.2822265625
2026-09-22; 14:34:56; 10312; 18473; 29.19; 1014.8216015625; 29.3173828125
2026-09-22; 14:35:56; 10312; 18473; 29.21; 1014.8819140625; 29.2265625
2026-09-22; 14:36:56; 10401; 18655; 29.17; 1014.8457421875; 29.3154296875
2026-09-22; 14:37:56; 10401; 18655; 29.21; 1014.7612109375; 29.2841796875
2026-09-22; 14:38:56; 10501; 18849; 29.15; 1014.793125; 29.2919921875
2026-09-22; 14:39:56; 10613; 19088; 29.16; 1014.8373828125; 29.3154296875
2026-09-22; 14:40:56; 10613; 19088; 29.19; 1014.7008984375; 29.212890625
2026-09-22; 14:41:56; 10613; 19088; 29.21; 1014.74109375; 29.1806640625
2026-09-22; 14:42:56; 10723; 19309; 29.18; 1014.7411328125; 29.212890625
2026-09-22; 14:43:56; 10826; 19577; 29.17; 1014.704921875; 29.2470703125
2026-09-22; 14:44:56; 10931; 19831; 29.14; 1014.68453125; 29.3134765625
2026-09-22; 14:45:56; 10931; 19831; 29.17; 1014.704921875; 29.26953125
2026-09-22; 14:46:56; 10931; 19831; 29.16; 1014.6040625; 29.2919921875
2026-09-22; 14:47:56; 11038; 20060; 29.2; 1014.6405078125; 29.25
2026-09-22; 14:48:56; 11038; 20060; 29.2; 1014.725; 29.2265625
2026-09-22; 14:49:56; 11161; 20310; 29.14; 1014.600078125; 29.3017578125
2026-09-22; 14:50:57; 11161; 20310; 29.12; 1014.6041015625; 29.2900390625
2026-09-22; 14:51:57; 11161; 20310; 29.1; 1014.620234375; 29.3564453125
2026-09-22; 14:52:57; 11269; 20566; 29.06; 1014.527421875; 29.400390625
2026-09-22; 14:53:57; 10931; 19831; 29.16; 1014.6040625; 28.7431640625
2026-09-22; 14:54:57; 10501; 18849; 29.06; 1014.5636328125; 29.0693359375
2026-09-22; 14:55:57; 10613; 19088; 29.03; 1014.4872265625; 29.3525390625
2026-09-22; 14:56:57; 10723; 19309; 29.01; 1014.559375; 29.3623046875
2026-09-22; 14:57:57; 10826; 19577; 28.99; 1014.5553515625; 29.4296875
2026-09-22; 14:58:57; 10931; 19831; 29.03; 1014.5633984375; 29.4326171875
2026-09-22; 14:59:57; 11161; 20310; 29.04; 1014.6079296875; 29.421875
2026-09-22; 15:00:57; 11269; 20566; 29.03; 1014.5633984375; 29.455078125
2026-09-22; 15:01:57; 11379; 20788; 29.06; 1014.591796875; 29.388671875
2026-09-22; 15:02:57; 11379; 20788; 29.1; 1014.5357421875; 29.3447265625
2026-09-22; 15:03:57; 11500; 21050; 29.09; 1014.5475; 29.3212890625
2026-09-22; 15:04:57; 11500; 21050; 29.09; 1014.5273828125; 29.310546875
2026-09-22; 15:05:57; 11650; 21311; 29.06; 1014.499296875; 29.376953125
2026-09-22; 15:06:57; 11650; 21311; 29.05; 1014.53953125; 29.3876953125
2026-09-22; 15:07:57; 11161; 20310; 29.09; 1014.5756640625; 28.7275390625
2026-09-22; 15:08:57; 10723; 19309; 29.06; 1014.499296875; 29.0224609375
2026-09-22; 15:09:57; 10723; 19309; 29.0; 1014.410546875; 29.2705078125
2026-09-22; 15:10:57; 10826; 19577; 29.04; 1014.5033203125; 29.2734375
2026-09-22; 15:11:57; 10931; 19831; 29.01; 1014.5030859375; 29.33984375
2026-09-22; 15:12:57; 11038; 20060; 29.03; 1014.5154296875; 29.306640625
2026-09-22; 15:13:57; 10931; 19831; 29.06; 1014.44296875; 29.1025390625
2026-09-22; 15:14:57; 10931; 19831; 29.03; 1014.5435546875; 29.21484375
2026-09-22; 15:15:57; 11038; 20060; 28.98; 1014.5191796875; 29.26953125
2026-09-22; 15:16:57; 11038; 20060; 29.06; 1014.44296875; 29.2744140625
2026-09-22; 15:17:57; 11161; 20310; 29.04; 1014.467109375; 29.318359375
2026-09-22; 15:18:57; 11269; 20566; 29.03; 1014.4591015625; 29.3408203125
2026-09-22; 15:19:57; 11500; 21050; 29.03; 1014.4507421875; 29.3408203125
2026-09-22; 15:20:57; 11500; 21050; 28.99; 1014.45078125; 29.3955078125
2026-09-22; 15:21:57; 11650; 21311; 28.98; 1014.4346875; 29.3955078125
2026-09-22; 15:22:57; 11650; 21311; 28.95; 1014.4626171875; 29.392578125
2026-09-22; 15:23:57; 11650; 21311; 28.96; 1014.4223828125; 29.2900390625
2026-09-22; 15:24:57; 11379; 20788; 28.99; 1014.3944921875; 28.9951171875
2026-09-22; 15:25:57; 11161; 20310; 28.96; 1014.4505078125; 29.1533203125
2026-09-22; 15:26:57; 11161; 20310; 28.96; 1014.3660546875; 29.255859375
2026-09-22; 15:27:57; 11161; 20310; 28.99; 1014.35828125; 29.26953125
2026-09-22; 15:28:57; 11269; 20566; 28.98; 1014.3783984375; 29.2919921875
2026-09-22; 15:29:57; 11379; 20788; 28.93; 1014.4103125; 29.3916015625
2026-09-22; 15:30:57; 11379; 20788; 28.95; 1014.32984375; 29.3466796875
2026-09-22; 15:31:57; 11500; 21050; 28.98; 1014.229609375; 29.326171875
2026-09-22; 15:32:57; 11650; 21311; 28.96; 1014.3941796875; 29.34765625
2026-09-22; 15:33:58; 11775; 21578; 28.91; 1014.3416796875; 29.4580078125
2026-09-22; 15:34:58; 11900; 21858; 28.93; 1014.325859375; 29.4033203125
2026-09-22; 15:35:58; 11650; 21311; 28.94; 1014.3620703125; 29.27734375
2026-09-22; 15:36:58; 11500; 21050; 28.98; 1014.2939453125; 29.2236328125
2026-09-22; 15:37:58; 11650; 21311; 28.94; 1014.285625; 29.2900390625
2026-09-22; 15:38:58; 11775; 21578; 28.98; 1014.26578125; 29.28125
2026-09-22; 15:39:58; 11775; 21578; 28.98; 1014.26578125; 29.2236328125
2026-09-22; 15:40:58; 11775; 21578; 28.91; 1014.2853515625; 29.3896484375
2026-09-22; 15:41:58; 11775; 21578; 28.9; 1014.2491796875; 29.4013671875
2026-09-22; 15:42:58; 11900; 21858; 28.96; 1014.2816015625; 29.3359375
2026-09-22; 15:43:58; 12040; 22182; 28.94; 1014.2212890625; 29.357421875
2026-09-22; 15:44:58; 12040; 22182; 28.87; 1014.2569140625; 29.4453125
2026-09-22; 15:45:58; 12040; 22182; 28.83; 1014.256953125; 29.48828125
2026-09-22; 15:46:58; 12040; 22182; 28.85; 1014.2248046875; 29.4775390625
2026-09-22; 15:47:58; 12040; 22182; 28.81; 1014.1963671875; 29.5205078125
2026-09-22; 15:48:58; 12174; 22455; 28.82; 1014.17625; 29.509765625
2026-09-22; 15:49:58; 12174; 22455; 28.8; 1014.200390625; 29.5205078125
2026-09-22; 15:50:58; 12174; 22455; 28.8; 1014.1802734375; 29.498046875
2026-09-22; 15:51:58; 12174; 22455; 28.82; 1014.2325390625; 29.4873046875
2026-09-22; 15:52:58; 12317; 22734; 28.81; 1014.168203125; 29.486328125
2026-09-22; 15:53:58; 12174; 22455; 28.82; 1014.1564453125; 29.4873046875
2026-09-22; 15:54:58; 12174; 22455; 28.85; 1014.148359375; 29.4208984375
2026-09-22; 15:55:58; 12317; 22734; 28.86; 1014.164453125; 29.41015625
2026-09-22; 15:56:58; 12317; 22734; 28.87; 1014.180546875; 29.3994140625
2026-09-22; 15:57:58; 12317; 22734; 28.89; 1014.2046484375; 29.3779296875
2026-09-22; 15:58:58; 12317; 22734; 28.83; 1014.1725; 29.4306640625
2026-09-22; 15:59:58; 12317; 22734; 28.9; 1014.1647265625; 29.1728515625
2026-09-22; 16:00:58; 12317; 22734; 28.89; 1014.18484375; 29.287109375
2026-09-22; 16:01:58; 12317; 22734; 28.84; 1014.16046875; 29.3857421875
2026-09-22; 16:02:58; 12317; 22734; 28.81; 1014.13203125; 29.41796875
2026-09-22; 16:03:58; 12317; 22734; 28.79; 1014.19234375; 29.4736328125
2026-09-22; 16:04:58; 12448; 23027; 28.79; 1014.079765625; 29.5078125
2026-09-22; 16:05:58; 12448; 23027; 28.8; 1014.0878125; 29.4970703125
2026-09-22; 16:06:58; 12448; 23027; 28.8; 1014.1441015625; 29.462890625
2026-09-22; 16:07:58; 12448; 23027; 28.76; 1014.1360546875; 29.4150390625
2026-09-22; 16:08:58; 12317; 22734; 28.86; 1014.071953125; 29.318359375
2026-09-22; 16:09:58; 12317; 22734; 28.8; 1014.0395703125; 29.3603515625
2026-09-22; 16:10:58; 12317; 22734; 28.79; 1014.1079296875; 29.427734375
2026-09-22; 16:11:58; 12448; 23027; 28.76; 1014.0878515625; 29.4716796875
2026-09-22; 16:12:58; 12448; 23027; 28.79; 1014.1280078125; 29.451171875
2026-09-22; 16:13:58; 12448; 23027; 28.8; 1014.0958203125; 29.40625
2026-09-22; 16:14:58; 12448; 23027; 28.81; 1014.10390625; 29.40625
2026-09-22; 16:15:58; 12448; 23027; 28.8; 1014.123984375; 29.40625
2026-09-22; 16:16:59; 12593; 23339; 28.76; 1014.023515625; 29.4951171875
2026-09-22; 16:17:59; 12593; 23339; 28.75; 1014.0634375; 29.4716796875
2026-09-22; 16:18:59; 12593; 23339; 28.71; 1013.978984375; 29.5263671875
2026-09-22; 16:19:59; 12593; 23339; 28.75; 1014.0433203125; 29.5166015625
2026-09-22; 16:20:59; 12746; 23677; 28.72; 1013.9307421875; 29.5146484375
2026-09-22; 16:21:59; 12746; 23677; 28.76; 1014.023515625; 29.4716796875
2026-09-22; 16:22:59; 12746; 23677; 28.78; 1014.035546875; 29.451171875
2026-09-22; 16:23:59; 12746; 23677; 28.8; 1014.0395703125; 29.326171875
2026-09-22; 16:24:59; 12040; 22182; 28.74; 1013.9629296875; 29.0361328125
2026-09-22; 16:25:59; 11379; 20788; 28.71; 1014.055390625; 29.091796875
2026-09-22; 16:26:59; 11269; 20566; 28.64; 1013.9787109375; 29.31640625
2026-09-22; 16:27:59; 10931; 19831; 28.62; 1014.1154296875; 29.2685546875
2026-09-22; 16:28:59; 10826; 19577; 28.63; 1013.99078125; 29.201171875
2026-09-22; 16:29:59; 10826; 19577; 28.65; 1014.0229296875; 29.3623046875
2026-09-22; 16:30:59; 10826; 19577; 28.63; 1013.99078125; 29.3837890625
2026-09-22; 16:31:59; 10931; 19831; 28.68; 1013.9787109375; 29.3408203125
2026-09-22; 16:32:59; 11038; 20060; 28.7; 1013.8986328125; 29.3076171875
2026-09-22; 16:33:59; 11038; 20060; 28.7; 1013.8986328125; 29.28515625
2026-09-22; 16:34:59; 11161; 20310; 28.66; 1013.8902734375; 29.396484375
2026-09-22; 16:35:59; 11161; 20310; 28.59; 1013.869921875; 29.4609375
2026-09-22; 16:36:59; 11269; 20566; 28.57; 1013.8658984375; 29.5166015625
2026-09-22; 16:37:59; 11269; 20566; 28.54; 1013.84546875; 29.560546875
2026-09-22; 16:38:59; 11379; 20788; 28.59; 1013.7855078125; 29.4951171875
2026-09-22; 16:39:59; 11038; 20060; 28.59; 1013.75734375; 29.1640625
2026-09-22; 16:40:59; 11038; 20060; 28.71; 1013.83828125; 29.240234375
2026-09-22; 16:41:59; 11161; 20310; 28.72; 1013.7980859375; 29.275390625
2026-09-22; 16:42:59; 11269; 20566; 28.62; 1013.721484375; 29.4169921875
2026-09-22; 16:43:59; 11379; 20788; 28.56; 1013.681015625; 29.52734375
2026-09-22; 16:44:59; 11379; 20788; 28.55; 1013.7490234375; 29.5615234375
2026-09-22; 16:45:59; 11500; 21050; 28.55; 1013.72921875; 29.5498046875
2026-09-22; 16:46:59; 11650; 21311; 28.6; 1013.781484375; 29.484375
2026-09-22; 16:47:59; 11650; 21311; 28.6; 1013.7251953125; 29.47265625
2026-09-22; 16:48:59; 11775; 21578; 28.56; 1013.6608984375; 29.52734375
2026-09-22; 16:49:59; 11775; 21578; 28.55; 1013.67296875; 29.5615234375
2026-09-22; 16:50:59; 11900; 21858; 28.51; 1013.636484375; 29.615234375
2026-09-22; 16:51:59; 11775; 21578; 28.61; 1013.620703125; 29.4619140625
2026-09-22; 16:52:59; 11775; 21578; 28.66; 1013.63703125; 29.328125
2026-09-22; 16:53:59; 11500; 21050; 28.6; 1013.64078125; 29.3134765625
2026-09-22; 16:54:59; 11269; 20566; 28.63; 1013.6249609375; 29.26953125
2026-09-22; 16:55:59; 11269; 20566; 28.68; 1013.564609375; 29.2841796875
2026-09-22; 16:56:59; 11500; 21050; 28.58; 1013.52421875; 29.4833984375
2026-09-22; 16:57:59; 11500; 21050; 28.59; 1013.5966015625; 29.3818359375
2026-09-22; 16:58:59; 11269; 20566; 28.57; 1013.5001171875; 29.345703125
2026-09-22; 17:00:00; 11379; 20788; 28.65; 1013.5365234375; 29.31640625
2026-09-22; 17:01:00; 11269; 20566; 28.6; 1013.5201953125; 29.2333984375
2026-09-22; 17:02:00; 11269; 20566; 28.6; 1013.5483203125; 29.3359375
2026-09-22; 17:03:00; 11379; 20788; 28.68; 1013.564609375; 29.23828125
2026-09-22; 17:04:00; 11269; 20566; 28.6; 1013.5563671875; 29.3134765625
2026-09-22; 17:05:00; 11379; 20788; 28.6; 1013.5483203125; 29.3583984375
2026-09-22; 17:06:00; 11379; 20788; 28.62; 1013.5244921875; 29.3369140625
2026-09-22; 17:07:00; 11500; 21050; 28.57; 1013.5644140625; 29.3115234375
2026-09-22; 17:08:00; 11038; 20060; 28.53; 1013.5842578125; 29.228515625
2026-09-22; 17:09:00; 11161; 20310; 28.57; 1013.5282421875; 29.357421875
2026-09-22; 17:10:00; 11161; 20310; 28.59; 1013.5403125; 29.2333984375
2026-09-22; 17:11:00; 11161; 20310; 28.63; 1013.540546875; 29.2119140625
2026-09-22; 17:12:00; 11161; 20310; 28.66; 1013.58875; 29.123046875
2026-09-22; 17:13:00; 11161; 20310; 28.63; 1013.540546875; 29.24609375
2026-09-22; 17:14:00; 11269; 20566; 28.6; 1013.576484375; 29.267578125
2026-09-22; 17:15:00; 11161; 20310; 28.62; 1013.4682421875; 29.2119140625
2026-09-22; 17:16:00; 11161; 20310; 28.61; 1013.516171875; 29.142578125
2026-09-22; 17:17:00; 11161; 20310; 28.61; 1013.516171875; 29.22265625
2026-09-22; 17:18:00; 11269; 20566; 28.63; 1013.512421875; 29.2578125
2026-09-22; 17:19:00; 11269; 20566; 28.52; 1013.4757421875; 29.3193359375
2026-09-22; 17:20:00; 11269; 20566; 28.51; 1013.5159375; 29.455078125
2026-09-22; 17:21:00; 11500; 21050; 28.51; 1013.523984375; 29.4443359375
2026-09-22; 17:22:00; 11379; 20788; 28.62; 1013.5244921875; 29.2802734375
2026-09-22; 17:23:00; 11379; 20788; 28.81; 1013.5409375; 29.0068359375
2026-09-22; 17:24:00; 11500; 21050; 28.92; 1013.5215234375; 28.9228515625
2026-09-22; 17:25:00; 11650; 21311; 28.92; 1013.513515625; 28.853515625
2026-09-22; 17:26:00; 11650; 21311; 28.88; 1013.5129296875; 28.919921875
2026-09-22; 17:27:00; 11775; 21578; 28.85; 1013.4727734375; 28.91796875
2026-09-22; 17:28:00; 11650; 21311; 28.93; 1013.557734375; 28.8544921875
2026-09-22; 17:29:00; 11500; 21050; 28.89; 1013.5290234375; 28.634765625
2026-09-22; 17:30:00; 11269; 20566; 28.85; 1013.54921875; 28.8037109375
2026-09-22; 17:31:00; 11161; 20310; 28.89; 1013.5655078125; 28.75
2026-09-22; 17:32:00; 10931; 19831; 28.89; 1013.5373828125; 28.73828125
2026-09-22; 17:33:00; 10931; 19831; 28.88; 1013.549140625; 28.7138671875
2026-09-22; 17:34:00; 10826; 19577; 28.86; 1013.537109375; 28.689453125
2026-09-22; 17:35:00; 10826; 19577; 28.91; 1013.4773046875; 28.7392578125
2026-09-22; 17:36:00; 11038; 20060; 28.89; 1013.5008984375; 28.771484375
2026-09-22; 17:37:00; 11038; 20060; 28.92; 1013.4853125; 28.796875
2026-09-22; 17:38:00; 11038; 20060; 28.97; 1013.5458203125; 28.400390625
2026-09-22; 17:39:00; 10613; 19088; 28.98; 1013.5538671875; 28.48046875
2026-09-22; 17:40:00; 10501; 18849; 28.89; 1013.4810546875; 28.7158203125
2026-09-22; 17:41:00; 10613; 19088; 28.88; 1013.5129296875; 28.6689453125
2026-09-22; 17:42:00; 10723; 19309; 28.83; 1013.573359375; 28.8251953125
2026-09-22; 17:43:01; 10931; 19831; 28.82; 1013.4808984375; 28.84765625
2026-09-22; 17:44:01; 10931; 19831; 28.85; 1013.5291015625; 28.8154296875
2026-09-22; 17:45:01; 10931; 19831; 28.94; 1013.49734375; 28.5927734375
2026-09-22; 17:46:01; 10826; 19577; 29.01; 1013.517578125; 28.5625
2026-09-22; 17:47:01; 10613; 19088; 28.96; 1013.5298046875; 28.421875
2026-09-22; 17:48:01; 10723; 19309; 28.96; 1013.5495703125; 28.58203125
2026-09-22; 17:49:01; 10826; 19577; 28.95; 1013.4208984375; 28.603515625
2026-09-22; 17:50:01; 10826; 19577; 28.98; 1013.4694140625; 28.548828125
2026-09-22; 17:51:01; 10931; 19831; 28.87; 1013.412421875; 28.736328125
2026-09-22; 17:52:01; 10931; 19831; 29.05; 1013.5338671875; 28.5078125
2026-09-22; 17:53:01; 11038; 20060; 29.1; 1013.4093359375; 28.46484375
2026-09-22; 17:54:01; 11038; 20060; 29.03; 1013.417265625; 28.4150390625
2026-09-22; 17:55:01; 11038; 20060; 29.06; 1013.457421875; 28.4970703125
2026-09-22; 17:56:01; 11161; 20310; 28.96; 1013.4171484375; 28.59375
2026-09-22; 17:57:01; 11161; 20310; 29.02; 1013.5135546875; 28.42578125
2026-09-22; 17:58:01; 10723; 19309; 29.01; 1013.489453125; 28.09375
2026-09-22; 17:59:01; 10401; 18655; 28.95; 1013.5053515625; 28.3408203125
2026-09-22; 18:00:01; 10211; 18241; 28.94; 1013.49734375; 28.4091796875
2026-09-22; 18:01:01; 10211; 18241; 28.94; 1013.4691796875; 28.4208984375
2026-09-22; 18:02:01; 10401; 18655; 28.89; 1013.4529296875; 28.44140625
2026-09-22; 18:03:01; 10501; 18849; 28.88; 1013.4928125; 28.611328125
2026-09-22; 18:04:01; 10501; 18849; 28.9; 1013.4890625; 28.4521484375
2026-09-22; 18:05:01; 10501; 18849; 28.92; 1013.541640625; 28.5791015625
2026-09-22; 18:06:01; 10613; 19088; 28.94; 1013.545625; 28.53515625
2026-09-22; 18:07:01; 10613; 19088; 28.97; 1013.5458203125; 28.388671875
2026-09-22; 18:08:01; 10723; 19309; 29.0; 1013.5015234375; 28.4814453125
2026-09-22; 18:09:01; 10723; 19309; 29.01; 1013.525625; 28.4599609375
2026-09-22; 18:10:01; 10826; 19577; 28.98; 1013.497578125; 28.5029296875
2026-09-22; 18:11:01; 10723; 19309; 28.98; 1013.497578125; 28.296875
2026-09-22; 18:12:01; 10613; 19088; 29.02; 1013.5899609375; 28.4033203125
2026-09-22; 18:13:01; 10723; 19309; 29.04; 1013.5660546875; 28.404296875
2026-09-22; 18:14:01; 10826; 19577; 29.02; 1013.56984375; 28.4599609375
2026-09-22; 18:15:01; 10826; 19577; 28.95; 1013.485234375; 28.478515625
2026-09-22; 18:16:01; 10931; 19831; 28.88; 1013.5973828125; 28.5771484375
2026-09-22; 18:17:01; 11038; 20060; 28.89; 1013.5008984375; 28.646484375
2026-09-22; 18:18:01; 10931; 19831; 28.89; 1013.4810546875; 28.56640625
2026-09-22; 18:19:01; 11038; 20060; 28.96; 1013.5214453125; 28.5126953125
2026-09-22; 18:20:01; 11038; 20060; 28.9; 1013.4609375; 28.56640625
2026-09-22; 18:21:01; 10931; 19831; 28.98; 1013.5619140625; 28.4921875
2026-09-22; 18:22:01; 10723; 19309; 28.89; 1013.5373828125; 28.09765625
2026-09-22; 18:23:01; 10501; 18849; 28.89; 1013.5008984375; 28.314453125
2026-09-22; 18:24:01; 10613; 19088; 28.87; 1013.5250390625; 28.4619140625
2026-09-22; 18:25:01; 10501; 18849; 28.88; 1013.549140625; 28.474609375
2026-09-22; 18:26:02; 10401; 18655; 28.9; 1013.517265625; 28.337890625
2026-09-22; 18:27:02; 10401; 18655; 28.8; 1013.532890625; 28.572265625
2026-09-22; 18:28:02; 10723; 19309; 28.84; 1013.5130078125; 28.6435546875
2026-09-22; 18:29:02; 10723; 19309; 28.86; 1013.601484375; 28.5869140625
2026-09-22; 18:30:02; 10723; 19309; 28.87; 1013.5250390625; 28.6220703125
2026-09-22; 18:31:02; 10826; 19577; 28.85; 1013.54921875; 28.609375
2026-09-22; 18:32:02; 10931; 19831; 28.81; 1013.5208203125; 28.6865234375
2026-09-22; 18:33:02; 10826; 19577; 28.85; 1013.5572265625; 28.5185546875
2026-09-22; 18:34:02; 10826; 19577; 28.84; 1013.5693359375; 28.5859375
2026-09-22; 18:35:02; 10501; 18849; 28.73; 1013.5809375; 28.3623046875
2026-09-22; 18:36:02; 10312; 18473; 28.61; 1013.572421875; 28.7666015625
2026-09-22; 18:37:02; 10312; 18473; 28.6; 1013.5844921875; 28.6962890625
2026-09-22; 18:38:02; 10118; 18074; 28.58; 1013.6086328125; 28.626953125
2026-09-22; 18:39:02; 10312; 18473; 28.57; 1013.61265625; 28.876953125
2026-09-22; 18:40:02; 10211; 18241; 28.52; 1013.56015625; 28.7822265625
2026-09-22; 18:41:02; 10401; 18655; 28.51; 1013.5440625; 29.0791015625
2026-09-22; 18:42:02; 10613; 19088; 28.49; 1013.5762109375; 29.0546875
2026-09-22; 18:43:02; 10723; 19309; 28.53; 1013.5842578125; 28.9658203125
2026-09-22; 18:44:02; 10826; 19577; 28.53; 1013.6123828125; 29.0458984375
2026-09-22; 18:45:02; 10723; 19309; 28.53; 1013.6043359375; 28.8515625
2026-09-22; 18:46:02; 10826; 19577; 28.53; 1013.5842578125; 29.0458984375
2026-09-22; 18:47:02; 10931; 19831; 28.54; 1013.6284375; 28.9443359375
2026-09-22; 18:48:02; 10931; 19831; 28.51; 1013.6003515625; 29.044921875
2026-09-22; 18:49:02; 11038; 20060; 28.49; 1013.652578125; 29.0888671875
2026-09-22; 18:50:02; 11161; 20310; 28.45; 1013.6241796875; 29.1435546875
2026-09-22; 18:51:02; 11038; 20060; 28.37; 1013.5796484375; 29.251953125
2026-09-22; 18:52:02; 11161; 20310; 28.34; 1013.623828125; 29.2958984375
2026-09-22; 18:53:02; 11161; 20310; 28.28; 1013.6875; 29.3828125
2026-09-22; 18:54:02; 11038; 20060; 28.24; 1013.6028125; 29.3134765625
2026-09-22; 18:55:02; 10931; 19831; 28.2; 1013.6707421875; 29.4921875
2026-09-22; 18:56:02; 11038; 20060; 28.14; 1013.6583203125; 29.5908203125
2026-09-22; 18:57:02; 11161; 20310; 28.11; 1013.7024609375; 29.634765625
2026-09-22; 18:58:02; 11161; 20310; 28.08; 1013.6903515625; 29.66796875
2026-09-22; 18:59:02; 11161; 20310; 28.02; 1013.7823046875; 29.765625
2026-09-22; 19:00:02; 11269; 20566; 27.97; 1013.709609375; 29.853515625
2026-09-22; 19:01:02; 11269; 20566; 27.92; 1013.7413671875; 29.7822265625
2026-09-22; 19:02:02; 11038; 20060; 27.89; 1013.7412890625; 29.9169921875
2026-09-22; 19:03:02; 11038; 20060; 27.83; 1013.7648828125; 29.9697265625
2026-09-22; 19:04:02; 11038; 20060; 27.78; 1013.804609375; 30.0810546875
2026-09-22; 19:05:02; 11161; 20310; 27.78; 1013.7965625; 30.115234375
2026-09-22; 19:06:02; 11161; 20310; 27.74; 1013.816484375; 30.123046875
2026-09-22; 19:07:02; 11161; 20310; 27.71; 1013.7198046875; 30.201171875
2026-09-22; 19:08:02; 11161; 20310; 27.67; 1013.795625; 30.2666015625
2026-09-22; 19:09:03; 11161; 20310; 27.66; 1013.7995703125; 30.3115234375
2026-09-22; 19:10:03; 11269; 20566; 27.61; 1013.7749609375; 30.3876953125
2026-09-22; 19:11:03; 11269; 20566; 27.58; 1013.7544921875; 30.4091796875
2026-09-22; 19:12:03; 11269; 20566; 27.56; 1013.8066015625; 30.4306640625
2026-09-22; 19:13:03; 11269; 20566; 27.51; 1013.7419140625; 30.484375
2026-09-22; 19:14:03; 11379; 20788; 27.48; 1013.76984375; 30.5615234375
2026-09-22; 19:15:03; 11379; 20788; 27.43; 1013.7452734375; 30.615234375
2026-09-22; 19:16:03; 11379; 20788; 27.4; 1013.761171875; 30.63671875
2026-09-22; 19:17:03; 11379; 20788; 27.38; 1013.74875; 30.6689453125
2026-09-22; 19:18:03; 11379; 20788; 27.34; 1013.7485546875; 30.72265625
2026-09-22; 19:19:03; 11269; 20566; 27.31; 1013.7480859375; 30.8115234375
2026-09-22; 19:20:03; 11269; 20566; 27.25; 1013.771875; 30.8642578125
2026-09-22; 19:21:03; 11269; 20566; 27.21; 1013.847578125; 30.953125
2026-09-22; 19:22:03; 11269; 20566; 27.15; 1013.8429296875; 31.05078125
2026-09-22; 19:23:03; 11269; 20566; 27.11; 1013.854375; 31.0830078125
2026-09-22; 19:24:03; 11379; 20788; 27.1; 1013.8463671875; 31.1279296875
2026-09-22; 19:25:03; 11379; 20788; 27.07; 1013.8261328125; 31.1708984375
2026-09-22; 19:26:03; 11379; 20788; 27.0; 1013.8812109375; 31.302734375
2026-09-22; 19:27:03; 11379; 20788; 26.96; 1013.852578125; 31.3564453125
2026-09-22; 19:28:03; 11379; 20788; 26.92; 1013.844296875; 31.3994140625
2026-09-22; 19:29:03; 11379; 20788; 26.92; 1013.864296875; 31.421875
2026-09-22; 19:30:03; 11379; 20788; 26.84; 1013.8835546875; 31.51953125
2026-09-22; 19:31:03; 11379; 20788; 26.84; 1013.87546875; 31.5302734375
2026-09-22; 19:32:03; 11379; 20788; 26.79; 1013.878828125; 31.62890625
2026-09-22; 19:33:03; 11379; 20788; 26.77; 1013.91078125; 31.662109375
2026-09-22; 19:34:03; 11379; 20788; 26.73; 1013.902109375; 31.7265625
2026-09-22; 19:35:03; 11500; 21050; 26.69; 1013.893515625; 31.8154296875
2026-09-22; 19:36:03; 11379; 20788; 26.67; 1013.8693359375; 31.814453125
2026-09-22; 19:37:03; 11500; 21050; 26.65; 1013.9412890625; 31.8583984375
2026-09-22; 19:38:03; 11500; 21050; 26.63; 1013.85296875; 31.890625
2026-09-22; 19:39:03; 11379; 20788; 26.58; 1013.884296875; 31.966796875
2026-09-22; 19:40:03; 11379; 20788; 26.55; 1013.8437109375; 31.9873046875
2026-09-22; 19:41:03; 11379; 20788; 26.54; 1013.8476171875; 32.0322265625
2026-09-22; 19:42:03; 11379; 20788; 26.5; 1013.9314453125; 32.09765625
2026-09-22; 19:43:03; 11500; 21050; 26.47; 1013.874765625; 32.1396484375
2026-09-22; 19:44:03; 11500; 21050; 26.43; 1013.9105078125; 32.171875
2026-09-22; 19:45:03; 11500; 21050; 26.42; 1013.8944140625; 32.2060546875
2026-09-22; 19:46:03; 11500; 21050; 26.4; 1013.91796875; 32.2373046875
2026-09-22; 19:47:03; 11500; 21050; 26.37; 1013.889296875; 32.2919921875
2026-09-22; 19:48:03; 11500; 21050; 26.35; 1013.9212109375; 32.34765625
2026-09-22; 19:49:03; 11500; 21050; 26.33; 1013.908671875; 32.3916015625
2026-09-22; 19:50:03; 11500; 21050; 26.3; 1013.89640625; 32.4013671875
2026-09-22; 19:51:03; 11500; 21050; 26.29; 1013.8802734375; 32.43359375
2026-09-22; 19:52:04; 11500; 21050; 26.27; 1013.9318359375; 32.4326171875
2026-09-22; 19:53:04; 11650; 21311; 26.24; 1013.9034375; 32.509765625
2026-09-22; 19:54:04; 11650; 21311; 26.24; 1013.9034375; 32.5439453125
2026-09-22; 19:55:04; 11650; 21311; 26.2; 1013.9028125; 32.609375
2026-09-22; 19:56:04; 11650; 21311; 26.16; 1013.894375; 32.6171875
2026-09-22; 19:57:04; 11650; 21311; 26.16; 1013.95046875; 32.6513671875
2026-09-22; 19:58:04; 11650; 21311; 26.15; 1013.9904296875; 32.6396484375
2026-09-22; 19:59:04; 11650; 21311; 26.15; 1013.96234375; 32.673828125
2026-09-22; 20:00:04; 11650; 21311; 26.13; 1013.9298046875; 32.68359375
2026-09-22; 20:01:04; 11650; 21311; 26.11; 1013.905625; 32.7392578125
2026-09-22; 20:02:04; 11650; 21311; 26.07; 1013.9249609375; 32.78125
2026-09-22; 20:03:04; 11650; 21311; 26.09; 1013.9494140625; 32.7490234375
2026-09-22; 20:04:04; 11650; 21311; 26.04; 1013.93265625; 32.8251953125
2026-09-22; 20:05:04; 11775; 21578; 26.04; 1013.93265625; 32.8359375
2026-09-22; 20:06:04; 11775; 21578; 26.02; 1013.948359375; 32.8564453125
2026-09-22; 20:07:04; 11650; 21311; 25.99; 1013.9637890625; 32.9228515625
2026-09-22; 20:08:04; 11775; 21578; 25.98; 1013.9956640625; 32.921875
2026-09-22; 20:09:04; 11650; 21311; 25.96; 1013.9634375; 32.8974609375
2026-09-22; 20:10:04; 11650; 21311; 25.94; 1014.0429296875; 32.9873046875
2026-09-22; 20:11:04; 11775; 21578; 25.92; 1014.1028125; 33.0537109375
2026-09-22; 20:12:04; 11775; 21578; 25.91; 1014.06671875; 33.0537109375
2026-09-22; 20:13:04; 11650; 21311; 25.89; 1014.0905078125; 33.0751953125
2026-09-22; 20:14:04; 11775; 21578; 25.87; 1014.0862890625; 33.1298828125
2026-09-22; 20:15:04; 11775; 21578; 25.87; 1014.1339453125; 33.1064453125
2026-09-22; 20:16:04; 11650; 21311; 25.85; 1014.16578125; 33.1513671875
2026-09-22; 20:17:04; 11775; 21578; 25.83; 1014.0775; 33.150390625
2026-09-22; 20:18:04; 11775; 21578; 25.79; 1014.040703125; 33.2255859375
2026-09-22; 20:19:04; 11775; 21578; 25.79; 1014.1166796875; 33.2255859375
2026-09-22; 20:20:04; 11775; 21578; 25.77; 1014.1205078125; 33.2802734375
2026-09-22; 20:21:04; 11775; 21578; 25.74; 1014.1561328125; 33.3134765625
2026-09-22; 20:22:04; 11775; 21578; 25.75; 1014.1922265625; 33.3359375
2026-09-22; 20:23:04; 11775; 21578; 25.72; 1014.1516015625; 33.3447265625
2026-09-22; 20:24:04; 11775; 21578; 25.71; 1014.1071484375; 33.37890625
2026-09-22; 20:25:04; 11900; 21858; 25.74; 1014.09203125; 33.2900390625
2026-09-22; 20:26:04; 11775; 21578; 25.72; 1014.0871875; 33.3681640625
2026-09-22; 20:27:04; 11900; 21858; 25.68; 1014.0867578125; 33.4443359375
2026-09-22; 20:28:04; 11775; 21578; 25.67; 1014.11828125; 33.443359375
2026-09-22; 20:29:04; 11900; 21858; 25.65; 1014.178125; 33.4873046875
2026-09-22; 20:30:04; 11900; 21858; 25.64; 1014.07796875; 33.486328125
2026-09-22; 20:31:04; 11900; 21858; 25.63; 1014.1258984375; 33.486328125
2026-09-22; 20:32:04; 11900; 21858; 25.63; 1014.08984375; 33.51953125
2026-09-22; 20:33:04; 11900; 21858; 25.54; 1014.0924609375; 33.6376953125
2026-09-22; 20:34:05; 11900; 21858; 25.49; 1014.087421875; 33.7578125
2026-09-22; 20:35:05; 11900; 21858; 25.44; 1014.0984765625; 33.845703125
2026-09-22; 20:36:05; 11900; 21858; 25.43; 1014.1302734375; 33.8662109375
2026-09-22; 20:37:05; 11900; 21858; 25.42; 1014.09421875; 33.8662109375
2026-09-22; 20:38:05; 12040; 22182; 25.43; 1014.18625; 33.85546875
2026-09-22; 20:39:05; 12040; 22182; 25.44; 1014.1824609375; 33.8564453125
2026-09-22; 20:40:05; 12040; 22182; 25.43; 1014.1103515625; 33.8671875
2026-09-22; 20:41:05; 12040; 22182; 25.44; 1014.1183984375; 33.8564453125
2026-09-22; 20:42:05; 12040; 22182; 25.44; 1014.21046875; 33.8232421875
2026-09-22; 20:43:05; 12040; 22182; 25.41; 1014.218046875; 33.888671875
2026-09-22; 20:44:05; 12174; 22455; 25.42; 1014.1981640625; 33.8896484375
2026-09-22; 20:45:05; 12040; 22182; 25.42; 1014.1501953125; 33.8662109375
2026-09-22; 20:46:05; 12174; 22455; 25.41; 1014.1819921875; 33.876953125
2026-09-22; 20:47:05; 12040; 22182; 25.4; 1014.10984375; 33.8984375
2026-09-22; 20:48:05; 12174; 22455; 25.37; 1014.153203125; 33.8974609375
2026-09-22; 20:49:05; 12174; 22455; 25.36; 1014.1370703125; 33.974609375
2026-09-22; 20:50:05; 12174; 22455; 25.35; 1014.176953125; 33.9853515625
2026-09-22; 20:51:05; 12174; 22455; 25.34; 1014.1328125; 33.9853515625
2026-09-22; 20:52:05; 12174; 22455; 25.33; 1014.06875; 34.0185546875
2026-09-22; 20:53:05; 12174; 22455; 25.31; 1014.148125; 34.0517578125
2026-09-22; 20:54:05; 12174; 22455; 25.32; 1014.128203125; 34.0400390625
2026-09-22; 20:55:05; 12174; 22455; 25.32; 1014.1562109375; 34.0625
2026-09-22; 20:56:05; 12174; 22455; 25.29; 1014.16375; 34.072265625
2026-09-22; 20:57:05; 12174; 22455; 25.28; 1014.155703125; 34.10546875
2026-09-22; 20:58:05; 12174; 22455; 25.29; 1014.16375; 34.10546875
2026-09-22; 20:59:05; 12317; 22734; 25.25; 1014.1269140625; 34.13671875
2026-09-22; 21:00:05; 12174; 22455; 25.23; 1014.17859375; 34.158203125
2026-09-22; 21:01:05; 12317; 22734; 25.19; 1014.19796875; 34.2451171875
2026-09-22; 21:02:05; 12174; 22455; 25.2; 1014.1382421875; 34.2470703125
2026-09-22; 21:03:05; 12317; 22734; 25.19; 1014.1140625; 34.2451171875
2026-09-22; 21:04:05; 12317; 22734; 25.18; 1014.1896484375; 34.279296875
2026-09-22; 21:05:05; 12317; 22734; 25.17; 1014.2014453125; 34.2666015625
2026-09-22; 21:06:05; 12317; 22734; 25.15; 1014.1891015625; 34.287109375
2026-09-22; 21:07:05; 12317; 22734; 25.12; 1014.2523046875; 34.341796875
2026-09-22; 21:08:05; 12174; 22455; 25.13; 1014.2127734375; 34.3642578125
2026-09-22; 21:09:05; 12317; 22734; 25.1; 1014.25609375; 34.384765625
2026-09-22; 21:10:05; 12317; 22734; 25.09; 1014.1559765625; 34.408203125
2026-09-22; 21:11:05; 12317; 22734; 25.08; 1014.2517578125; 34.4287109375
2026-09-22; 21:12:05; 12317; 22734; 25.07; 1014.2636328125; 34.4619140625
2026-09-22; 21:13:05; 12317; 22734; 25.07; 1014.2996484375; 34.4404296875
2026-09-22; 21:14:05; 12317; 22734; 25.07; 1014.3475390625; 34.4619140625
2026-09-22; 21:15:05; 12317; 22734; 25.06; 1014.3034375; 34.47265625
2026-09-22; 21:16:05; 12448; 23027; 25.04; 1014.298828125; 34.482421875
2026-09-22; 21:17:06; 12448; 23027; 25.04; 1014.298828125; 34.5166015625
2026-09-22; 21:18:06; 12448; 23027; 25.02; 1014.29421875; 34.4814453125
2026-09-22; 21:19:06; 12317; 22734; 25.01; 1014.278046875; 34.525390625
2026-09-22; 21:20:06; 12448; 23027; 24.99; 1014.309765625; 34.546875
2026-09-22; 21:21:06; 12448; 23027; 24.97; 1014.2771875; 34.6025390625
2026-09-22; 21:22:06; 12448; 23027; 24.96; 1014.3089453125; 34.6123046875
2026-09-22; 21:23:06; 12448; 23027; 24.94; 1014.332578125; 34.701171875
2026-09-22; 21:24:06; 12448; 23027; 24.91; 1014.2922265625; 34.6650390625
2026-09-22; 21:25:06; 12448; 23027; 24.93; 1014.3164453125; 34.6552734375
2026-09-22; 21:26:06; 12448; 23027; 24.93; 1014.2884765625; 34.6435546875
2026-09-22; 21:27:06; 12448; 23027; 24.89; 1014.22359375; 34.7197265625
2026-09-22; 21:28:06; 12448; 23027; 24.89; 1014.195625; 34.7197265625
2026-09-22; 21:29:06; 12448; 23027; 24.88; 1014.243515625; 34.7529296875
2026-09-22; 21:30:06; 12448; 23027; 24.87; 1014.1633203125; 34.740234375
2026-09-22; 21:31:06; 12448; 23027; 24.87; 1014.3031640625; 34.7626953125
2026-09-22; 21:32:06; 12448; 23027; 24.86; 1014.2951171875; 34.751953125
2026-09-22; 21:33:06; 12448; 23027; 24.83; 1014.2544140625; 34.7607421875
2026-09-22; 21:34:06; 12448; 23027; 24.84; 1014.2625; 34.794921875
2026-09-22; 21:35:06; 12448; 23027; 24.8; 1014.317890625; 34.8720703125
2026-09-22; 21:36:06; 12448; 23027; 24.81; 1014.3259375; 34.7822265625
2026-09-22; 21:37:06; 12448; 23027; 24.81; 1014.29796875; 34.8388671875
2026-09-22; 21:38:06; 12448; 23027; 24.78; 1014.313515625; 34.859375
2026-09-22; 21:39:06; 12448; 23027; 24.79; 1014.237734375; 34.8818359375
2026-09-22; 21:40:06; 12448; 23027; 24.8; 1014.3098046875; 34.8828125
2026-09-22; 21:41:06; 12448; 23027; 24.77; 1014.372890625; 34.9033203125
2026-09-22; 21:42:06; 12448; 23027; 24.76; 1014.4126953125; 34.890625
2026-09-22; 21:43:06; 12448; 23027; 24.78; 1014.3334375; 34.892578125
2026-09-22; 21:44:06; 12448; 23027; 24.75; 1014.36859375; 34.923828125
2026-09-22; 21:45:06; 12593; 23339; 24.73; 1014.3362890625; 34.9677734375
2026-09-22; 21:46:06; 12448; 23027; 24.74; 1014.380390625; 34.9345703125
2026-09-22; 21:47:06; 12593; 23339; 24.74; 1014.3884765625; 34.9228515625
2026-09-22; 21:48:06; 12593; 23339; 24.7; 1014.3515234375; 34.98828125
2026-09-22; 21:49:06; 12448; 23027; 24.7; 1014.42734375; 34.9990234375
2026-09-22; 21:50:06; 12448; 23027; 24.68; 1014.4030859375; 35.0205078125
2026-09-22; 21:51:06; 12448; 23027; 24.67; 1014.3869921875; 35.076171875
2026-09-22; 21:52:06; 12448; 23027; 24.7; 1014.4553125; 35.0439453125
2026-09-22; 21:53:06; 12448; 23027; 24.67; 1014.414921875; 35.03125
2026-09-22; 21:54:06; 12593; 23339; 24.65; 1014.3826171875; 35.0966796875
2026-09-22; 21:55:06; 12448; 23027; 24.63; 1014.4059375; 35.1181640625
2026-09-22; 21:56:06; 12593; 23339; 24.61; 1014.421484375; 35.171875
2026-09-22; 21:57:06; 12593; 23339; 24.62; 1014.445703125; 35.1181640625
2026-09-22; 21:58:06; 12593; 23339; 24.62; 1014.4376171875; 35.162109375
2026-09-22; 21:59:06; 12593; 23339; 24.6; 1014.5451171875; 35.18359375
2026-09-22; 22:00:07; 12448; 23027; 24.62; 1014.4655859375; 35.12890625
2026-09-22; 22:01:07; 12593; 23339; 24.62; 1014.4655859375; 35.162109375
2026-09-22; 22:02:07; 12448; 23027; 24.61; 1014.421484375; 35.171875
2026-09-22; 22:03:07; 12448; 23027; 24.59; 1014.4531640625; 35.1826171875
2026-09-22; 22:04:07; 12448; 23027; 24.59; 1014.473046875; 35.193359375
2026-09-22; 22:05:07; 12593; 23339; 24.56; 1014.4323828125; 35.248046875
2026-09-22; 22:06:07; 12593; 23339; 24.52; 1014.5155859375; 35.3017578125
2026-09-22; 22:07:07; 12593; 23339; 24.52; 1014.5155859375; 35.2568359375
2026-09-22; 22:08:07; 12448; 23027; 24.51; 1014.547265625; 35.3115234375
2026-09-22; 22:09:07; 12448; 23027; 24.52; 1014.5075; 35.2783203125
2026-09-22; 22:10:07; 12593; 23339; 24.5; 1014.5028515625; 35.322265625
2026-09-22; 22:11:07; 12593; 23339; 24.49; 1014.48671875; 35.3212890625
2026-09-22; 22:12:07; 12448; 23027; 24.49; 1014.43078125; 35.3671875
2026-09-22; 22:13:07; 12593; 23339; 24.49; 1014.45875; 35.3330078125
2026-09-22; 22:14:07; 12448; 23027; 24.48; 1014.470546875; 35.34375
2026-09-22; 22:15:07; 12593; 23339; 24.49; 1014.48671875; 35.3447265625
2026-09-22; 22:16:07; 12448; 23027; 24.45; 1014.5978515625; 35.38671875
2026-09-22; 22:17:07; 12593; 23339; 24.47; 1014.5103125; 35.376953125
2026-09-22; 22:18:07; 12593; 23339; 24.48; 1014.47859375; 35.3447265625
2026-09-22; 22:19:07; 12593; 23339; 24.45; 1014.4500390625; 35.38671875
2026-09-22; 22:20:07; 12448; 23027; 24.43; 1014.48171875; 35.4189453125
2026-09-22; 22:21:07; 12448; 23027; 24.44; 1014.489765625; 35.4306640625
2026-09-22; 22:22:07; 12593; 23339; 24.41; 1014.4491015625; 35.462890625
2026-09-22; 22:23:07; 12593; 23339; 24.39; 1014.4925390625; 35.505859375
2026-09-22; 22:24:07; 12593; 23339; 24.41; 1014.47703125; 35.462890625
2026-09-22; 22:25:07; 12593; 23339; 24.44; 1014.6096484375; 35.4306640625
2026-09-22; 22:26:07; 12593; 23339; 24.4; 1014.4807421875; 35.47265625
2026-09-22; 22:27:07; 12593; 23339; 24.41; 1014.468984375; 35.4404296875
2026-09-22; 22:28:07; 12593; 23339; 24.41; 1014.5329296875; 35.462890625
2026-09-22; 22:29:07; 12593; 23339; 24.37; 1014.412421875; 35.4814453125
2026-09-22; 22:30:07; 12448; 23027; 24.39; 1014.5205078125; 35.4951171875
2026-09-22; 22:31:07; 12448; 23027; 24.37; 1014.52421875; 35.515625
2026-09-22; 22:32:07; 12593; 23339; 24.36; 1014.507734375; 35.50390625
2026-09-22; 22:33:07; 12593; 23339; 24.39; 1014.5484375; 35.47265625
2026-09-22; 22:34:07; 12448; 23027; 24.33; 1014.4033984375; 35.5576171875
2026-09-22; 22:35:07; 12593; 23339; 24.36; 1014.507734375; 35.5380859375
2026-09-22; 22:36:07; 12593; 23339; 24.36; 1014.4437890625; 35.5263671875
2026-09-22; 22:37:07; 12593; 23339; 24.34; 1014.439375; 35.546875
2026-09-22; 22:38:07; 12593; 23339; 24.32; 1014.4428125; 35.5791015625
2026-09-22; 22:39:07; 12448; 23027; 24.31; 1014.5023828125; 35.6123046875
2026-09-22; 22:40:07; 12448; 23027; 24.31; 1014.474453125; 35.5888671875
2026-09-22; 22:41:07; 12593; 23339; 24.29; 1014.3940234375; 35.64453125
2026-09-22; 22:42:07; 12593; 23339; 24.29; 1014.45828125; 35.5888671875
2026-09-22; 22:43:08; 12593; 23339; 24.29; 1014.4303515625; 35.611328125
2026-09-22; 22:44:08; 12448; 23027; 24.28; 1014.4616796875; 35.5986328125
2026-09-22; 22:45:08; 12593; 23339; 24.27; 1014.4256640625; 35.6435546875
2026-09-22; 22:46:08; 12448; 23027; 24.29; 1014.338125; 35.5771484375
2026-09-22; 22:47:08; 12448; 23027; 24.27; 1014.397734375; 35.6318359375
2026-09-22; 22:48:08; 12593; 23339; 24.28; 1014.4058203125; 35.6318359375
2026-09-22; 22:49:08; 12593; 23339; 24.25; 1014.3852734375; 35.6416015625
2026-09-22; 22:50:08; 12448; 23027; 24.22; 1014.3445703125; 35.6845703125
2026-09-22; 22:51:08; 12448; 23027; 24.19; 1014.379921875; 35.75
2026-09-22; 22:52:08; 12448; 23027; 24.21; 1014.3762109375; 35.740234375
2026-09-22; 22:53:08; 12593; 23339; 24.18; 1014.36375; 35.759765625
2026-09-22; 22:54:08; 12448; 23027; 24.23; 1014.4088671875; 35.70703125
2026-09-22; 22:55:08; 12593; 23339; 24.21; 1014.3762109375; 35.7509765625
2026-09-22; 22:56:08; 12448; 23027; 24.2; 1014.3681640625; 35.716796875
2026-09-22; 22:57:08; 12448; 23027; 24.19; 1014.379921875; 35.75
2026-09-22; 22:58:08; 12448; 23027; 24.21; 1014.412265625; 35.68359375
2026-09-22; 22:59:08; 12448; 23027; 24.2; 1014.4240234375; 35.7275390625
2026-09-22; 23:00:08; 12593; 23339; 24.19; 1014.4078515625; 35.75
2026-09-22; 23:01:08; 12448; 23027; 24.19; 1014.34390625; 35.73828125
2026-09-22; 23:02:08; 12593; 23339; 24.2; 1014.3681640625; 35.7275390625
2026-09-22; 23:03:08; 12448; 23027; 24.2; 1014.4159765625; 35.7275390625
2026-09-22; 23:04:08; 12448; 23027; 24.18; 1014.36375; 35.71484375
2026-09-22; 23:05:08; 12448; 23027; 24.18; 1014.3277734375; 35.71484375
2026-09-22; 23:06:08; 12448; 23027; 24.16; 1014.4152734375; 35.78125
2026-09-22; 23:07:08; 12448; 23027; 24.17; 1014.4233203125; 35.748046875
2026-09-22; 23:08:08; 12448; 23027; 24.17; 1014.375546875; 35.7373046875
2026-09-22; 23:09:08; 12448; 23027; 24.16; 1014.4072265625; 35.7802734375
2026-09-22; 23:10:08; 12448; 23027; 24.14; 1014.4025; 35.779296875
2026-09-22; 23:11:08; 12448; 23027; 24.13; 1014.3583984375; 35.82421875
2026-09-22; 23:12:08; 12448; 23027; 24.13; 1014.3385546875; 35.8017578125
2026-09-22; 23:13:08; 12448; 23027; 24.11; 1014.3819921875; 35.85546875
2026-09-22; 23:14:08; 12448; 23027; 24.08; 1014.4728515625; 35.8984375
2026-09-22; 23:15:08; 12448; 23027; 24.1; 1014.401796875; 35.8779296875
2026-09-22; 23:16:08; 12448; 23027; 24.09; 1014.4610546875; 35.8994140625
2026-09-22; 23:17:08; 12448; 23027; 24.11; 1014.4738671875; 35.810546875
2026-09-22; 23:18:08; 12448; 23027; 24.11; 1014.46578125; 35.8779296875
2026-09-22; 23:19:08; 12448; 23027; 24.07; 1014.40890625; 35.8984375
2026-09-22; 23:20:08; 12448; 23027; 24.08; 1014.4530078125; 35.921875
2026-09-22; 23:21:08; 12448; 23027; 24.1; 1014.4576953125; 35.85546875
2026-09-22; 23:22:08; 12448; 23027; 24.1; 1014.449609375; 35.85546875
2026-09-22; 23:23:08; 12448; 23027; 24.09; 1014.4051953125; 35.876953125
2026-09-22; 23:24:08; 12448; 23027; 24.06; 1014.4963671875; 35.908203125
2026-09-22; 23:25:08; 12448; 23027; 24.05; 1014.4324609375; 35.908203125
2026-09-22; 23:26:09; 12448; 23027; 24.05; 1014.4883203125; 35.9306640625
2026-09-22; 23:27:09; 12448; 23027; 24.07; 1014.484609375; 35.875
2026-09-22; 23:28:09; 12448; 23027; 24.04; 1014.44421875; 35.9638671875
2026-09-22; 23:29:09; 12448; 23027; 24.06; 1014.3648046875; 35.919921875
2026-09-23; 02:24:42; 400; 0; 23.16; 1013.9628125; 37.041015625
2026-09-23; 02:25:42; 400; 0; 23.17; 1013.9312890625; 37.01953125
2026-09-23; 02:26:42; 400; 0; 23.17; 1013.847578125; 36.974609375
2026-09-23; 02:27:42; 400; 0; 23.16; 1013.83140625; 37.0078125
2026-09-23; 02:28:42; 400; 0; 23.18; 1013.8277734375; 36.986328125
2026-09-23; 02:29:42; 400; 0; 23.17; 1013.8196875; 36.9521484375
2026-09-23; 02:30:42; 403; 0; 23.18; 1013.8277734375; 36.9521484375
2026-09-23; 02:31:42; 403; 0; 23.22; 1013.8288671875; 36.876953125
2026-09-23; 02:32:42; 405; 0; 23.2; 1013.804609375; 36.8759765625
2026-09-23; 02:33:42; 400; 0; 23.18; 1013.7719921875; 36.9521484375
2026-09-23; 02:34:42; 402; 0; 23.19; 1013.7602734375; 36.931640625
2026-09-23; 02:35:42; 408; 1; 23.22; 1013.7451953125; 36.876953125
2026-09-23; 02:36:42; 403; 0; 23.21; 1013.737109375; 36.8427734375
2026-09-23; 02:37:42; 400; 0; 23.23; 1013.7334375; 36.798828125
2026-09-23; 02:38:43; 402; 0; 23.21; 1013.765; 36.8310546875
2026-09-23; 02:39:43; 402; 0; 23.23; 1013.705546875; 36.8212890625
2026-09-23; 02:40:43; 402; 0; 23.23; 1013.7334375; 36.8095703125
2026-09-23; 02:41:43; 405; 0; 23.23; 1013.7694140625; 36.7880859375
2026-09-23; 02:42:43; 405; 0; 23.23; 1013.7694140625; 36.7880859375
2026-09-23; 02:43:43; 402; 0; 23.24; 1013.7298046875; 36.7666015625
2026-09-23; 02:44:43; 403; 0; 23.22; 1013.7811328125; 36.7646484375
2026-09-23; 02:45:43; 403; 0; 23.23; 1013.7973046875; 36.765625
2026-09-23; 02:46:43; 400; 0; 23.22; 1013.7730859375; 36.75390625
2026-09-23; 02:47:43; 400; 0; 23.19; 1013.8241015625; 36.796875
2026-09-23; 02:48:43; 400; 0; 23.22; 1013.7451953125; 36.798828125
2026-09-23; 02:49:43; 400; 0; 23.19; 1013.7962109375; 36.796875
2026-09-23; 02:50:43; 400; 0; 23.17; 1013.76390625; 36.83984375
2026-09-23; 02:51:43; 405; 0; 23.22; 1013.7173046875; 36.7763671875
2026-09-23; 02:52:43; 400; 0; 23.23; 1013.8171484375; 36.7763671875
2026-09-23; 02:53:43; 402; 0; 23.21; 1013.82078125; 36.763671875
2026-09-23; 02:54:43; 400; 0; 23.2; 1013.7767578125; 36.7626953125
2026-09-23; 02:55:43; 400; 0; 23.2; 1013.840625; 36.751953125
2026-09-23; 02:56:43; 403; 0; 23.19; 1013.712578125; 36.7744140625
2026-09-23; 02:57:43; 403; 0; 23.19; 1013.7602734375; 36.8076171875
2026-09-23; 02:58:43; 403; 0; 23.17; 1013.736015625; 36.8173828125
2026-09-23; 02:59:43; 403; 0; 23.18; 1013.6883203125; 36.8056640625
2026-09-23; 03:00:43; 403; 0; 23.18; 1013.6883203125; 36.794921875
2026-09-23; 03:01:43; 406; 0; 23.2; 1013.7209375; 36.740234375
2026-09-23; 03:02:43; 406; 0; 23.15; 1013.6955859375; 36.79296875
2026-09-23; 03:03:43; 406; 0; 23.17; 1013.65234375; 36.7724609375
2026-09-23; 03:04:43; 406; 0; 23.15; 1013.647890625; 36.8271484375
2026-09-23; 03:05:43; 403; 0; 23.13; 1013.6434765625; 36.8701171875
2026-09-23; 03:06:43; 403; 0; 23.1; 1013.6144921875; 36.87890625
2026-09-23; 03:07:43; 400; 0; 23.1; 1013.6225390625; 36.9130859375
2026-09-23; 03:08:43; 402; 0; 23.14; 1013.567890625; 36.8369140625
2026-09-23; 03:09:43; 402; 0; 23.15; 1013.62; 36.8154296875
2026-09-23; 03:10:43; 402; 0; 23.14; 1013.6317578125; 36.814453125
2026-09-23; 03:11:43; 406; 0; 23.13; 1013.6075; 36.82421875
2026-09-23; 03:12:43; 403; 0; 23.15; 1013.556171875; 36.7822265625
2026-09-23; 03:13:43; 403; 0; 23.12; 1013.5991015625; 36.82421875
2026-09-23; 03:14:43; 403; 0; 23.13; 1013.559765625; 36.7802734375
2026-09-23; 03:15:43; 400; 0; 23.11; 1013.57484375; 36.845703125
2026-09-23; 03:16:43; 403; 0; 23.12; 1013.535234375; 36.8349609375
2026-09-23; 03:17:43; 400; 0; 23.09; 1013.5146875; 36.8779296875
2026-09-23; 03:18:43; 400; 0; 23.1; 1013.53890625; 36.845703125
2026-09-23; 03:19:43; 403; 0; 23.1; 1013.5029296875; 36.8447265625
2026-09-23; 03:20:43; 400; 0; 23.08; 1013.52640625; 36.865234375
2026-09-23; 03:21:44; 405; 0; 23.11; 1013.546953125; 36.845703125
2026-09-23; 03:22:44; 400; 0; 23.08; 1013.5065625; 36.83203125
2026-09-23; 03:23:44; 400; 0; 23.07; 1013.398671875; 36.91015625
2026-09-23; 03:24:44; 405; 0; 23.09; 1013.4391015625; 36.8662109375
2026-09-23; 03:25:44; 405; 0; 23.04; 1013.46140625; 36.9404296875
2026-09-23; 03:26:44; 409; 1; 23.06; 1013.4463671875; 36.8984375
2026-09-23; 03:27:44; 405; 0; 23.06; 1013.465859375; 36.875
2026-09-23; 03:28:44; 409; 1; 23.07; 1013.48234375; 36.8876953125
2026-09-23; 03:29:44; 400; 0; 23.08; 1013.478671875; 36.865234375
2026-09-23; 03:30:44; 400; 0; 23.06; 1013.4184765625; 36.9208984375
2026-09-23; 03:31:44; 402; 0; 23.04; 1013.385859375; 36.9189453125
2026-09-23; 03:32:44; 402; 0; 23.01; 1013.4768359375; 36.939453125
2026-09-23; 03:33:44; 402; 0; 22.97; 1013.4118359375; 37.0029296875
2026-09-23; 03:34:44; 400; 0; 23.02; 1013.465078125; 36.9736328125
2026-09-23; 03:35:44; 400; 0; 23.01; 1013.3373828125; 36.939453125
2026-09-23; 03:36:44; 403; 0; 23.02; 1013.429140625; 36.939453125
2026-09-23; 03:37:44; 403; 0; 23.01; 1013.385078125; 36.9716796875
2026-09-23; 03:38:44; 403; 0; 23.01; 1013.3373828125; 36.9052734375
2026-09-23; 03:39:44; 400; 0; 23.02; 1013.3814453125; 36.9287109375
2026-09-23; 03:40:44; 407; 1; 22.99; 1013.296640625; 36.970703125
2026-09-23; 03:41:44; 407; 1; 23.03; 1013.27796875; 36.9287109375
2026-09-23; 03:42:44; 403; 0; 22.97; 1013.3480078125; 37.013671875
2026-09-23; 03:43:44; 400; 0; 22.97; 1013.383984375; 36.9462890625
2026-09-23; 03:44:44; 403; 0; 22.97; 1013.3480078125; 36.9912109375
2026-09-23; 03:45:44; 403; 0; 22.98; 1013.3362890625; 36.9697265625
2026-09-23; 03:46:44; 405; 0; 22.98; 1013.3722265625; 36.958984375
2026-09-23; 03:47:44; 408; 1; 22.99; 1013.3245703125; 36.9365234375
2026-09-23; 03:48:44; 405; 0; 22.97; 1013.35609375; 36.98046875
2026-09-23; 03:49:44; 405; 0; 22.98; 1013.364140625; 36.9814453125
2026-09-23; 03:50:44; 408; 1; 22.97; 1013.35609375; 36.98046875
2026-09-23; 03:51:44; 405; 0; 22.99; 1013.3524609375; 36.9482421875
2026-09-23; 03:52:44; 400; 0; 22.97; 1013.3281640625; 36.98046875
2026-09-23; 03:53:44; 407; 1; 22.96; 1013.3120703125; 36.98046875
2026-09-23; 03:54:44; 407; 1; 22.9; 1013.306484375; 37.0537109375
2026-09-23; 03:55:44; 402; 0; 22.95; 1013.315703125; 37.0
2026-09-23; 03:56:44; 402; 0; 22.95; 1013.32375; 36.93359375
2026-09-23; 03:57:44; 402; 0; 22.93; 1013.2635546875; 37.0107421875
2026-09-23; 03:58:44; 402; 0; 22.92; 1013.283359375; 37.009765625
2026-09-23; 03:59:44; 400; 0; 22.91; 1013.3703515625; 37.04296875
2026-09-23; 04:00:44; 406; 0; 22.92; 1013.2276171875; 36.9990234375
2026-09-23; 04:01:44; 406; 0; 22.89; 1013.2903125; 37.064453125
2026-09-23; 04:02:44; 406; 0; 22.89; 1013.254375; 37.0419921875
2026-09-23; 04:03:44; 406; 0; 22.92; 1013.1439453125; 36.9990234375
2026-09-23; 04:04:45; 403; 0; 22.91; 1013.294765625; 36.9873046875
2026-09-23; 04:05:45; 403; 0; 22.89; 1013.2624609375; 37.052734375
2026-09-23; 04:06:45; 403; 0; 22.89; 1013.2624609375; 37.052734375
2026-09-23; 04:07:45; 403; 0; 22.88; 1013.2103515625; 37.0625
2026-09-23; 04:08:45; 400; 0; 22.86; 1013.241875; 37.1064453125
2026-09-23; 04:09:45; 403; 0; 22.86; 1013.23375; 37.083984375
2026-09-23; 04:10:45; 403; 0; 22.86; 1013.241875; 37.095703125
2026-09-23; 04:11:45; 403; 0; 22.83; 1013.212578125; 37.1376953125
2026-09-23; 04:12:45; 403; 0; 22.85; 1013.25328125; 37.1162109375
2026-09-23; 04:13:45; 403; 0; 22.85; 1013.2169921875; 37.09375
2026-09-23; 04:14:45; 403; 0; 22.84; 1013.2008203125; 37.08203125
2026-09-23; 04:15:45; 400; 0; 22.83; 1013.212578125; 37.1259765625
2026-09-23; 04:16:45; 400; 0; 22.81; 1013.18828125; 37.1357421875
2026-09-23; 04:17:45; 400; 0; 22.81; 1013.18828125; 37.1357421875
2026-09-23; 04:18:45; 406; 0; 22.88; 1013.16265625; 37.0068359375
2026-09-23; 04:19:45; 402; 0; 22.88; 1013.134765625; 37.0068359375
2026-09-23; 04:20:45; 402; 0; 22.84; 1013.153125; 37.060546875
2026-09-23; 04:21:45; 402; 0; 22.86; 1013.15015625; 37.02734375
2026-09-23; 04:22:45; 402; 0; 22.86; 1013.1024609375; 37.005859375
2026-09-23; 04:23:45; 402; 0; 22.81; 1013.1046875; 37.080078125
2026-09-23; 04:24:45; 402; 0; 22.82; 1013.120859375; 37.0810546875
2026-09-23; 04:25:45; 407; 1; 22.8; 1013.08046875; 37.134765625
2026-09-23; 04:26:45; 407; 1; 22.75; 1013.0353125; 37.17578125
2026-09-23; 04:27:45; 407; 1; 22.77; 1013.0676171875; 37.1435546875
2026-09-23; 04:28:45; 407; 1; 22.75; 1013.0910546875; 37.1875
2026-09-23; 04:29:45; 400; 0; 22.75; 1013.110859375; 37.1865234375
2026-09-23; 04:30:45; 407; 1; 22.76; 1013.043359375; 37.17578125
2026-09-23; 04:31:45; 402; 0; 22.76; 1013.051484375; 37.166015625
2026-09-23; 04:32:45; 402; 0; 22.73; 1013.0227734375; 37.2080078125
2026-09-23; 04:33:45; 402; 0; 22.76; 1013.0155078125; 37.17578125
2026-09-23; 04:34:45; 402; 0; 22.76; 1012.995703125; 37.1767578125
2026-09-23; 04:35:45; 409; 1; 22.77; 1012.92015625; 37.1318359375
2026-09-23; 04:36:45; 402; 0; 22.74; 1013.01109375; 37.197265625
2026-09-23; 04:37:45; 402; 0; 22.76; 1012.88421875; 37.1318359375
2026-09-23; 04:38:45; 402; 0; 22.74; 1012.9633984375; 37.1982421875
2026-09-23; 04:39:45; 400; 0; 22.69; 1012.9578125; 37.25
2026-09-23; 04:40:45; 403; 0; 22.75; 1013.007421875; 37.142578125
2026-09-23; 04:41:45; 403; 0; 22.75; 1012.9157421875; 37.130859375
2026-09-23; 04:42:45; 403; 0; 22.75; 1012.8959375; 37.142578125
2026-09-23; 04:43:45; 403; 0; 22.74; 1012.9274609375; 37.15234375
2026-09-23; 04:44:45; 400; 0; 22.74; 1012.8995703125; 37.140625
2026-09-23; 04:45:45; 403; 0; 22.74; 1012.8519140625; 37.1083984375
2026-09-23; 04:46:45; 400; 0; 22.74; 1012.8995703125; 37.1298828125
2026-09-23; 04:47:46; 400; 0; 22.71; 1012.914609375; 37.1728515625
2026-09-23; 04:48:46; 400; 0; 22.74; 1012.8159765625; 37.1298828125
2026-09-23; 04:49:46; 400; 0; 22.73; 1012.86359375; 37.1298828125
2026-09-23; 04:50:46; 403; 0; 22.7; 1012.926328125; 37.2060546875
2026-09-23; 04:51:46; 403; 0; 22.72; 1012.93109375; 37.140625
2026-09-23; 04:52:46; 403; 0; 22.7; 1012.890390625; 37.205078125
2026-09-23; 04:53:46; 403; 0; 22.74; 1012.87171875; 37.1181640625
2026-09-23; 04:54:46; 403; 0; 22.69; 1012.87421875; 37.193359375
2026-09-23; 04:55:46; 403; 0; 22.66; 1012.925546875; 37.236328125
2026-09-23; 04:56:46; 400; 0; 22.67; 1012.9057421875; 37.236328125
2026-09-23; 04:57:46; 402; 0; 22.68; 1012.8940234375; 37.193359375
2026-09-23; 04:58:46; 402; 0; 22.69; 1012.9380078125; 37.1708984375
2026-09-23; 04:59:46; 402; 0; 22.68; 1012.9219140625; 37.181640625
2026-09-23; 05:00:46; 402; 0; 22.69; 1012.9299609375; 37.181640625
2026-09-23; 05:01:46; 402; 0; 22.65; 1012.929140625; 37.2353515625
2026-09-23; 05:02:46; 402; 0; 22.66; 1012.8976171875; 37.19140625
2026-09-23; 05:03:46; 402; 0; 22.63; 1012.8965234375; 37.22265625
2026-09-23; 05:04:46; 403; 0; 22.63; 1012.8965234375; 37.22265625
2026-09-23; 05:05:46; 403; 0; 22.62; 1012.7967578125; 37.232421875
2026-09-23; 05:06:46; 403; 0; 22.6; 1012.967578125; 37.287109375
2026-09-23; 05:07:46; 403; 0; 22.65; 1012.9372265625; 37.1689453125
2026-09-23; 05:08:46; 400; 0; 22.64; 1012.940546875; 37.22265625
2026-09-23; 05:09:46; 400; 0; 22.63; 1012.9324609375; 37.2001953125
2026-09-23; 05:10:46; 408; 1; 22.65; 1012.9372265625; 37.1796875
2026-09-23; 05:11:46; 405; 0; 22.62; 1012.9082421875; 37.2099609375
2026-09-23; 05:12:46; 400; 0; 22.63; 1012.952265625; 37.2109375
2026-09-23; 05:13:46; 400; 0; 22.61; 1012.872265625; 37.2099609375
2026-09-23; 05:14:46; 405; 0; 22.59; 1012.895703125; 37.2421875
2026-09-23; 05:15:46; 405; 0; 22.56; 1012.930546875; 37.08203125
2026-09-23; 05:16:46; 405; 0; 22.56; 1012.922421875; 37.283203125
2026-09-23; 05:17:46; 403; 0; 22.56; 1012.8469140625; 37.2841796875
2026-09-23; 05:18:46; 403; 0; 22.56; 1012.874765625; 37.2841796875
2026-09-23; 05:19:46; 403; 0; 22.56; 1012.874765625; 37.2734375
2026-09-23; 05:20:46; 403; 0; 22.56; 1012.874765625; 37.26171875
2026-09-23; 05:21:46; 403; 0; 22.55; 1012.8783984375; 37.3056640625
2026-09-23; 05:22:46; 400; 0; 22.54; 1012.9180078125; 37.3046875
2026-09-23; 05:23:46; 403; 0; 22.58; 1012.9271875; 37.240234375
2026-09-23; 05:24:46; 402; 0; 22.55; 1012.9422265625; 37.283203125
2026-09-23; 05:25:46; 402; 0; 22.59; 1012.8678515625; 37.197265625
2026-09-23; 05:26:46; 402; 0; 22.58; 1012.8993359375; 37.228515625
2026-09-23; 05:27:46; 402; 0; 22.57; 1012.9664453125; 37.228515625
2026-09-23; 05:28:46; 402; 0; 22.55; 1012.9422265625; 37.2265625
2026-09-23; 05:29:46; 400; 0; 22.53; 1012.965625; 37.2587890625
2026-09-23; 05:30:47; 400; 0; 22.52; 1012.9413671875; 37.2919921875
2026-09-23; 05:31:47; 407; 1; 22.55; 1012.9422265625; 37.2490234375
2026-09-23; 05:32:47; 405; 0; 22.5; 1012.9446875; 37.3349609375
2026-09-23; 05:33:47; 405; 0; 22.52; 1012.9413671875; 37.2919921875
2026-09-23; 05:34:47; 400; 0; 22.48; 1012.940234375; 37.3447265625
2026-09-23; 05:35:47; 405; 0; 22.53; 1012.9296875; 37.29296875
2026-09-23; 05:36:47; 400; 0; 22.53; 1012.9018359375; 37.2705078125
2026-09-23; 05:37:47; 405; 0; 22.52; 1012.9216015625; 37.26953125
2026-09-23; 05:38:47; 403; 0; 22.54; 1012.945859375; 37.248046875
2026-09-23; 05:39:47; 403; 0; 22.52; 1012.9494921875; 37.2578125
2026-09-23; 05:40:47; 403; 0; 22.51; 1012.90546875; 37.279296875
2026-09-23; 05:41:47; 403; 0; 22.51; 1012.841328125; 37.2568359375
2026-09-23; 05:42:47; 405; 0; 22.48; 1012.9321484375; 37.34375
2026-09-23; 05:43:47; 408; 1; 22.47; 1012.8602734375; 37.34375
2026-09-23; 05:44:47; 408; 1; 22.46; 1012.8800390625; 37.3662109375
2026-09-23; 05:45:47; 405; 0; 22.47; 1012.888125; 37.33203125
2026-09-23; 05:46:47; 405; 0; 22.47; 1012.868359375; 37.3330078125
2026-09-23; 05:47:47; 400; 0; 22.5; 1012.853046875; 37.2783203125
2026-09-23; 05:48:47; 405; 0; 22.45; 1012.8081640625; 37.3525390625
2026-09-23; 05:49:47; 400; 0; 22.47; 1012.8405078125; 37.3212890625
2026-09-23; 05:50:47; 400; 0; 22.44; 1012.8198828125; 37.375
2026-09-23; 05:51:47; 403; 0; 22.44; 1012.8671875; 37.3857421875
2026-09-23; 05:52:47; 403; 0; 22.43; 1012.8312890625; 37.3623046875
2026-09-23; 05:53:47; 403; 0; 22.39; 1012.82234375; 37.4384765625
2026-09-23; 05:54:47; 403; 0; 22.42; 1012.84296875; 37.4072265625
2026-09-23; 05:55:47; 400; 0; 22.43; 1012.87890625; 37.3740234375
2026-09-23; 05:56:47; 403; 0; 22.43; 1012.851015625; 37.3515625
2026-09-23; 05:57:47; 403; 0; 22.44; 1012.7919921875; 37.330078125
2026-09-23; 05:58:47; 400; 0; 22.45; 1012.8001171875; 37.3193359375
2026-09-23; 05:59:47; 402; 0; 22.41; 1012.874453125; 37.3828125
2026-09-23; 06:00:47; 400; 0; 22.42; 1012.8905859375; 37.3388671875
2026-09-23; 06:01:47; 402; 0; 22.45; 1012.8558203125; 37.3076171875
2026-09-23; 06:02:47; 402; 0; 22.43; 1012.8034375; 37.306640625
2026-09-23; 06:03:47; 400; 0; 22.42; 1012.787265625; 37.3515625
2026-09-23; 06:04:47; 400; 0; 22.41; 1012.7908984375; 37.3486328125
2026-09-23; 06:05:47; 400; 0; 22.43; 1012.7476953125; 37.2841796875
2026-09-23; 06:06:47; 400; 0; 22.46; 1012.8441015625; 37.263671875
2026-09-23; 06:07:47; 403; 0; 22.44; 1012.7836328125; 37.240234375
2026-09-23; 06:08:47; 403; 0; 22.43; 1012.68390625; 37.2724609375
2026-09-23; 06:09:47; 403; 0; 22.48; 1012.7451953125; 37.1875
2026-09-23; 06:10:47; 403; 0; 22.45; 1012.6886328125; 37.2177734375
2026-09-23; 06:11:47; 400; 0; 22.42; 1012.787265625; 37.2841796875
2026-09-23; 06:12:47; 403; 0; 22.38; 1012.730703125; 37.3359375
2026-09-23; 06:13:48; 403; 0; 22.38; 1012.7585546875; 37.3583984375
2026-09-23; 06:14:48; 400; 0; 22.36; 1012.7178515625; 37.3671875
2026-09-23; 06:15:48; 403; 0; 22.39; 1012.7666015625; 37.3369140625
2026-09-23; 06:16:48; 400; 0; 22.36; 1012.7258984375; 37.357421875
2026-09-23; 06:17:48; 400; 0; 22.36; 1012.7178515625; 37.3671875
2026-09-23; 06:18:48; 400; 0; 22.38; 1012.722578125; 37.3359375
2026-09-23; 06:19:48; 400; 0; 22.33; 1012.7888671875; 37.4111328125
2026-09-23; 06:20:48; 408; 1; 22.32; 1012.800546875; 37.4443359375
2026-09-23; 06:21:48; 408; 1; 22.34; 1012.7412109375; 37.34375
2026-09-23; 06:22:48; 405; 0; 22.35; 1012.7376171875; 37.37890625
2026-09-23; 06:23:48; 400; 0; 22.31; 1012.720625; 37.4306640625
2026-09-23; 06:24:48; 405; 0; 22.32; 1012.7726953125; 37.3994140625
2026-09-23; 06:25:48; 405; 0; 22.28; 1012.735625; 37.462890625
2026-09-23; 06:26:48; 405; 0; 22.29; 1012.68796875; 37.4521484375
2026-09-23; 06:27:48; 402; 0; 22.27; 1012.6556640625; 37.4501953125
2026-09-23; 06:28:48; 402; 0; 22.28; 1012.6161328125; 37.451171875
2026-09-23; 06:29:48; 407; 1; 22.27; 1012.6278125; 37.4619140625
2026-09-23; 06:30:48; 402; 0; 22.26; 1012.66734375; 37.44921875
2026-09-23; 06:31:48; 402; 0; 22.29; 1012.743671875; 37.4296875
2026-09-23; 06:32:48; 400; 0; 22.23; 1012.71015625; 37.4921875
2026-09-23; 06:33:48; 402; 0; 22.32; 1012.6253515625; 37.341796875
2026-09-23; 06:34:48; 402; 0; 22.32; 1012.605546875; 37.3427734375
2026-09-23; 06:35:48; 402; 0; 22.31; 1012.728671875; 37.341796875
2026-09-23; 06:36:48; 402; 0; 22.31; 1012.6927734375; 37.36328125
2026-09-23; 06:37:48; 406; 0; 22.24; 1012.615234375; 37.42578125
2026-09-23; 06:38:48; 403; 0; 22.26; 1012.66734375; 37.4384765625
2026-09-23; 06:39:48; 403; 0; 22.28; 1012.6798828125; 37.4072265625
2026-09-23; 06:40:48; 406; 0; 22.28; 1012.6996484375; 37.41796875
2026-09-23; 06:41:48; 406; 0; 22.31; 1012.6451171875; 37.3642578125
2026-09-23; 06:42:48; 403; 0; 22.29; 1012.6044140625; 37.3623046875
2026-09-23; 06:43:48; 403; 0; 22.31; 1012.63703125; 37.3076171875
2026-09-23; 06:44:48; 403; 0; 22.27; 1012.635859375; 37.3828125
2026-09-23; 06:45:48; 403; 0; 22.25; 1012.63140625; 37.4150390625
2026-09-23; 06:46:48; 403; 0; 22.25; 1012.63140625; 37.4150390625
2026-09-23; 06:47:48; 403; 0; 22.26; 1012.6197265625; 37.37109375
2026-09-23; 06:48:48; 400; 0; 22.25; 1012.6592578125; 37.3701171875
2026-09-23; 06:49:48; 403; 0; 22.29; 1012.68796875; 37.328125
2026-09-23; 06:50:48; 403; 0; 22.22; 1012.666171875; 37.423828125
2026-09-23; 06:51:48; 403; 0; 22.22; 1012.6940234375; 37.4462890625
2026-09-23; 06:52:48; 403; 0; 22.25; 1012.63140625; 37.34765625
2026-09-23; 06:53:48; 403; 0; 22.2; 1012.6257421875; 37.4326171875
2026-09-23; 06:54:48; 403; 0; 22.19; 1012.609609375; 37.443359375
2026-09-23; 06:55:48; 402; 0; 22.17; 1012.5773046875; 37.498046875
2026-09-23; 06:56:48; 406; 0; 22.23; 1012.626640625; 37.3916015625
2026-09-23; 06:57:49; 402; 0; 22.25; 1012.59546875; 37.3251953125
2026-09-23; 06:58:49; 402; 0; 22.19; 1012.58984375; 37.4326171875
2026-09-23; 06:59:49; 402; 0; 22.18; 1012.649140625; 37.46484375
2026-09-23; 07:00:49; 402; 0; 22.19; 1012.6374609375; 37.455078125
2026-09-23; 07:01:49; 402; 0; 22.18; 1012.6572265625; 37.455078125
2026-09-23; 07:02:49; 400; 0; 22.2; 1012.6338671875; 37.43359375
2026-09-23; 07:03:49; 402; 0; 22.22; 1012.630234375; 37.3779296875
2026-09-23; 07:04:49; 402; 0; 22.22; 1012.666171875; 37.3564453125
2026-09-23; 07:05:49; 406; 0; 22.24; 1012.6430859375; 37.32421875
2026-09-23; 07:06:49; 409; 1; 22.25; 1012.63140625; 37.3251953125
2026-09-23; 07:07:49; 403; 0; 22.24; 1012.6430859375; 37.3017578125
2026-09-23; 07:08:49; 403; 0; 22.26; 1012.7311328125; 37.236328125
2026-09-23; 07:09:49; 403; 0; 22.26; 1012.6951953125; 37.28125
2026-09-23; 07:10:49; 406; 0; 22.26; 1012.6754296875; 37.2587890625
2026-09-23; 07:11:49; 403; 0; 22.22; 1012.6940234375; 37.2890625
2026-09-23; 07:12:49; 403; 0; 22.21; 1012.5583984375; 37.3330078125
2026-09-23; 07:13:49; 403; 0; 22.21; 1012.6500390625; 37.3330078125
2026-09-23; 07:14:49; 400; 0; 22.21; 1012.6500390625; 37.3671875
2026-09-23; 07:15:49; 400; 0; 22.21; 1012.6778515625; 37.3330078125
2026-09-23; 07:16:49; 403; 0; 22.24; 1012.6709375; 37.2568359375
2026-09-23; 07:17:49; 403; 0; 22.26; 1012.6951953125; 37.224609375
2026-09-23; 07:18:49; 400; 0; 22.24; 1012.7742578125; 37.2568359375
2026-09-23; 07:19:49; 405; 0; 22.24; 1012.6709375; 37.24609375
2026-09-23; 07:20:49; 408; 1; 22.27; 1012.66375; 37.1923828125
2026-09-23; 07:21:49; 405; 0; 22.28; 1012.6241796875; 37.1484375
2026-09-23; 07:22:49; 408; 1; 22.26; 1012.6951953125; 37.1689453125
2026-09-23; 07:23:49; 405; 0; 22.24; 1012.6709375; 37.2119140625
2026-09-23; 07:24:49; 400; 0; 22.25; 1012.6512109375; 37.2021484375
2026-09-23; 07:25:49; 400; 0; 22.22; 1012.61046875; 37.244140625
2026-09-23; 07:26:49; 405; 0; 22.29; 1012.6601171875; 37.1484375
2026-09-23; 07:27:49; 405; 0; 22.3; 1012.620546875; 37.09375
2026-09-23; 07:28:49; 405; 0; 22.32; 1012.6612890625; 37.0390625
2026-09-23; 07:29:49; 405; 0; 22.33; 1012.6415234375; 37.0517578125
2026-09-23; 07:30:49; 405; 0; 22.3; 1012.7319921875; 37.09375
2026-09-23; 07:31:49; 405; 0; 22.31; 1012.67296875; 37.0615234375
2026-09-23; 07:32:49; 405; 0; 22.32; 1012.6612890625; 37.0283203125
2026-09-23; 07:33:49; 403; 0; 22.31; 1012.728671875; 37.0390625
2026-09-23; 07:34:49; 403; 0; 22.29; 1012.6960546875; 37.0703125
2026-09-23; 07:35:49; 403; 0; 22.33; 1012.6972265625; 36.984375
2026-09-23; 07:36:49; 403; 0; 22.31; 1012.720625; 37.0263671875
2026-09-23; 07:37:49; 403; 0; 22.41; 1012.679453125; 36.8994140625
2026-09-23; 07:38:49; 408; 1; 22.41; 1012.679453125; 36.83203125
2026-09-23; 07:39:49; 400; 0; 22.43; 1012.7476953125; 36.69921875
2026-09-23; 07:40:50; 400; 0; 22.48; 1012.709296875; 36.4453125
2026-09-23; 07:41:50; 400; 0; 22.45; 1012.7803125; 36.3076171875
2026-09-23; 07:42:50; 400; 0; 22.5; 1012.7415625; 36.052734375
2026-09-23; 07:43:50; 400; 0; 22.49; 1012.733515625; 35.5244140625
2026-09-23; 07:44:50; 403; 0; 22.48; 1012.6894921875; 35.5576171875
2026-09-23; 07:45:50; 400; 0; 22.52; 1012.690625; 35.875
2026-09-23; 07:46:50; 405; 0; 22.6; 1012.8201953125; 35.3974609375
2026-09-23; 07:47:50; 403; 0; 22.73; 1012.7242578125; 34.9697265625
2026-09-23; 07:48:50; 400; 0; 22.89; 1012.66890625; 34.6669921875
2026-09-23; 07:49:50; 408; 1; 23.22; 1012.7490625; 34.0615234375
2026-09-23; 07:50:50; 408; 1; 23.63; 1012.7353125; 33.765625
2026-09-23; 07:51:50; 411; 1; 24.06; 1012.82046875; 32.9853515625
2026-09-23; 07:52:50; 408; 1; 24.45; 1012.7730078125; 31.9169921875
2026-09-23; 07:53:50; 400; 0; 24.72; 1012.76234375; 29.8203125
2026-09-23; 07:54:50; 418; 2; 25.07; 1012.732890625; 28.6318359375
2026-09-23; 07:55:50; 400; 0; 25.29; 1012.8283984375; 28.08984375
2026-09-23; 07:56:50; 400; 0; 25.46; 1012.8152734375; 27.9306640625
2026-09-23; 07:57:50; 400; 0; 25.69; 1012.814609375; 27.3876953125
2026-09-23; 07:58:50; 400; 0; 25.71; 1012.8948046875; 27.400390625
2026-09-23; 07:59:50; 400; 0; 25.76; 1012.843984375; 27.279296875
2026-09-23; 08:00:50; 400; 0; 26.02; 1012.88359375; 27.158203125
2026-09-23; 08:01:50; 400; 0; 26.24; 1012.874375; 26.580078125
2026-09-23; 08:02:50; 405; 0; 26.53; 1012.8780078125; 26.4609375
2026-09-23; 08:03:50; 400; 0; 26.14; 1012.9089453125; 26.6083984375
2026-09-23; 08:04:50; 403; 0; 25.63; 1012.8576953125; 26.328125
2026-09-23; 08:05:50; 400; 0; 25.14; 1012.8099609375; 27.09375
2026-09-23; 08:06:50; 403; 0; 24.94; 1012.8022265625; 27.4443359375
2026-09-23; 08:07:50; 400; 0; 24.74; 1012.8424609375; 27.8515625
2026-09-23; 08:08:50; 400; 0; 24.59; 1012.8236328125; 27.716796875
2026-09-23; 08:09:50; 405; 0; 24.4; 1012.811953125; 27.9326171875
2026-09-23; 08:10:50; 403; 0; 24.2; 1012.8315234375; 28.224609375
2026-09-23; 08:11:50; 400; 0; 24.05; 1012.77640625; 28.7236328125
2026-09-23; 08:12:50; 405; 0; 24.0; 1012.879140625; 28.857421875
2026-09-23; 08:13:50; 403; 0; 23.86; 1012.8400390625; 28.9375
2026-09-23; 08:14:50; 408; 1; 23.41; 1012.8056640625; 30.015625
2026-09-23; 08:15:50; 408; 1; 23.31; 1012.83890625; 30.583984375
2026-09-23; 08:16:50; 417; 2; 23.35; 1012.8678515625; 30.19140625
2026-09-23; 08:17:50; 408; 1; 23.41; 1012.8812890625; 29.7666015625
2026-09-23; 08:18:50; 411; 1; 23.44; 1012.8541015625; 29.814453125
2026-09-23; 08:19:50; 405; 0; 23.37; 1012.788515625; 29.8994140625
2026-09-23; 08:20:50; 403; 0; 23.3; 1012.8785546875; 29.9287109375
2026-09-23; 08:21:50; 402; 0; 23.32; 1012.8190625; 29.7607421875
2026-09-23; 08:22:50; 403; 0; 23.12; 1012.8181640625; 30.6162109375
2026-09-23; 08:23:51; 415; 2; 23.09; 1012.8174609375; 30.94140625
2026-09-23; 08:24:51; 424; 3; 23.27; 1012.8580078125; 30.55859375
2026-09-23; 08:25:51; 418; 2; 23.34; 1012.8597265625; 30.236328125
2026-09-23; 08:26:51; 415; 2; 23.33; 1012.7875; 30.314453125
2026-09-23; 08:27:51; 422; 3; 23.25; 1012.85328125; 30.9296875
2026-09-23; 08:28:51; 428; 4; 23.13; 1012.8346484375; 31.259765625
2026-09-23; 08:29:51; 434; 5; 23.12; 1012.8460546875; 31.3603515625
2026-09-23; 08:30:51; 441; 6; 23.11; 1012.885703125; 31.416015625
2026-09-23; 08:31:51; 448; 7; 23.15; 1012.89484375; 31.509765625
2026-09-23; 08:32:51; 459; 8; 23.09; 1012.8453515625; 31.775390625
2026-09-23; 08:33:51; 480; 12; 23.16; 1012.81921875; 31.7119140625
2026-09-23; 08:34:51; 486; 13; 23.23; 1012.896640625; 31.6494140625
2026-09-23; 08:35:51; 496; 14; 23.21; 1012.928203125; 31.75
2026-09-23; 08:36:51; 502; 15; 23.32; 1012.88296875; 31.6904296875
2026-09-23; 08:37:51; 518; 17; 23.4; 1012.9764453125; 31.60546875
2026-09-23; 08:38:51; 537; 20; 23.42; 1012.897421875; 31.482421875
2026-09-23; 08:39:51; 530; 19; 23.56; 1012.976484375; 31.0068359375
2026-09-23; 08:40:51; 526; 19; 23.54; 1012.9438671875; 31.423828125
2026-09-23; 08:41:51; 526; 19; 23.58; 1013.0168359375; 31.392578125
2026-09-23; 08:42:51; 543; 21; 23.57; 1012.9368359375; 31.73046875
2026-09-23; 08:43:51; 552; 23; 23.57; 1012.9169921875; 31.7529296875
2026-09-23; 08:44:51; 564; 24; 23.59; 1012.9691015625; 31.7431640625
2026-09-23; 08:45:51; 578; 27; 23.62; 1012.9344140625; 31.734375
2026-09-23; 08:46:51; 615; 32; 23.65; 1012.9828515625; 31.7587890625
2026-09-23; 08:47:51; 607; 31; 23.75; 1013.0053125; 31.2236328125
2026-09-23; 08:48:51; 627; 34; 23.8; 1013.002265625; 31.3515625
2026-09-23; 08:49:51; 627; 34; 23.85; 1012.99140625; 31.3662109375
2026-09-23; 08:50:51; 656; 39; 23.88; 1013.0119140625; 31.59375
2026-09-23; 08:51:51; 692; 44; 23.7; 1012.9522265625; 32.078125
2026-09-23; 08:52:51; 728; 49; 23.86; 1012.95171875; 31.8525390625
2026-09-23; 08:53:51; 733; 50; 23.81; 1012.99046875; 32.1201171875
2026-09-23; 08:54:51; 757; 54; 23.85; 1012.9436328125; 31.8857421875
2026-09-23; 08:55:51; 757; 54; 23.98; 1012.9505078125; 31.646484375
2026-09-23; 08:56:51; 719; 48; 23.8; 1012.974296875; 31.9619140625
2026-09-23; 08:57:51; 757; 54; 23.91; 1012.9489453125; 32.58984375
2026-09-23; 08:58:51; 793; 59; 25.68; 1013.0144921875; 29.623046875
2026-09-23; 08:59:51; 793; 59; 26.85; 1013.0017578125; 27.9140625
2026-09-23; 09:00:51; 785; 58; 27.87; 1012.9221875; 26.5390625
2026-09-23; 09:01:51; 838; 66; 28.56; 1012.9494921875; 25.9169921875
2026-09-23; 09:02:51; 895; 75; 29.19; 1012.9547265625; 24.865234375
2026-09-23; 09:03:51; 895; 75; 29.56; 1012.93046875; 24.5888671875
2026-09-23; 09:04:51; 895; 75; 29.96; 1012.9175; 23.7841796875
2026-09-23; 09:05:51; 889; 74; 30.5; 1012.98; 23.3759765625
2026-09-23; 09:06:52; 889; 74; 30.67; 1012.926875; 23.29296875
2026-09-23; 09:07:52; 865; 70; 30.69; 1012.9309765625; 23.3623046875
2026-09-23; 09:08:52; 853; 69; 30.84; 1012.9177734375; 23.3818359375
2026-09-23; 09:09:52; 889; 74; 31.33; 1012.869765625; 22.6826171875
2026-09-23; 09:10:52; 915; 78; 31.78; 1012.869765625; 22.2431640625
2026-09-23; 09:11:52; 909; 77; 32.01; 1012.8346875; 21.9892578125
2026-09-23; 09:12:52; 915; 78; 32.35; 1012.7780859375; 21.728515625
2026-09-23; 09:13:52; 923; 79; 32.48; 1012.7521484375; 21.666015625
2026-09-23; 09:14:52; 895; 75; 32.7; 1012.7852734375; 21.3642578125
2026-09-23; 09:15:52; 895; 75; 32.98; 1012.8094140625; 21.0771484375
2026-09-23; 09:16:52; 992; 90; 33.01; 1012.8210546875; 21.193359375
2026-09-23; 09:17:52; 1050; 99; 33.14; 1012.7743359375; 20.921875
2026-09-23; 09:18:52; 1077; 103; 33.5; 1012.796953125; 20.6494140625
2026-09-23; 09:19:52; 1032; 96; 33.52; 1012.71546875; 20.6044921875
2026-09-23; 09:20:52; 1001; 91; 33.62; 1012.790390625; 20.5625
2026-09-23; 09:21:52; 992; 90; 33.93; 1012.796875; 20.611328125
2026-09-23; 09:22:52; 1012; 93; 33.75; 1012.771640625; 20.4990234375
2026-09-23; 09:23:52; 895; 75; 33.75; 1012.75125; 20.3369140625
2026-09-23; 09:24:52; 785; 58; 33.67; 1012.7083203125; 20.47265625
2026-09-23; 09:25:52; 728; 49; 33.81; 1012.7746484375; 20.443359375
2026-09-23; 09:26:52; 674; 41; 34.25; 1012.7698828125; 20.0341796875
2026-09-23; 09:27:52; 643; 37; 34.47; 1012.8585546875; 19.8935546875
2026-09-23; 09:28:52; 588; 28; 34.54; 1012.80015625; 19.861328125
2026-09-23; 09:29:52; 534; 20; 34.66; 1012.756953125; 19.87890625
2026-09-23; 09:30:52; 492; 14; 34.74; 1012.8564453125; 19.568359375
2026-09-23; 09:31:52; 459; 8; 34.98; 1012.7776953125; 19.439453125
2026-09-23; 09:32:52; 422; 3; 35.03; 1012.857734375; 19.46484375
2026-09-23; 09:33:52; 400; 0; 35.0; 1012.753046875; 19.4404296875
2026-09-23; 09:34:52; 403; 0; 35.01; 1012.817890625; 19.6728515625
2026-09-23; 09:35:52; 414; 2; 35.32; 1012.821953125; 19.5810546875
2026-09-23; 09:36:52; 470; 10; 35.26; 1012.762421875; 18.5908203125
2026-09-23; 09:37:52; 526; 19; 35.36; 1012.865546875; 18.2119140625
2026-09-23; 09:38:52; 564; 24; 35.3; 1012.883359375; 18.3369140625
2026-09-23; 09:39:52; 597; 30; 35.2; 1012.886015625; 18.4951171875
2026-09-23; 09:40:52; 624; 34; 35.33; 1012.8663671875; 18.361328125
2026-09-23; 09:41:52; 641; 36; 35.32; 1012.821953125; 18.55859375
2026-09-23; 09:42:52; 645; 37; 35.45; 1012.8230078125; 18.5283203125
2026-09-23; 09:43:52; 624; 34; 35.42; 1012.888984375; 18.5048828125
2026-09-23; 09:44:52; 589; 28; 35.47; 1012.8548828125; 18.4365234375
2026-09-23; 09:45:52; 543; 21; 35.57; 1012.8726171875; 18.3125
2026-09-23; 09:46:52; 543; 21; 35.6; 1012.871484375; 18.1748046875
2026-09-23; 09:47:52; 539; 21; 35.74; 1012.7662109375; 18.1103515625
2026-09-23; 09:48:52; 497; 14; 35.7; 1012.852734375; 18.259765625
2026-09-23; 09:49:53; 445; 6; 35.88; 1012.8555078125; 18.162109375
2026-09-23; 09:50:53; 424; 3; 36.14; 1012.779140625; 18.009765625
2026-09-23; 09:51:53; 400; 0; 36.19; 1012.85109375; 18.01171875
2026-09-23; 09:52:53; 400; 0; 36.37; 1012.845546875; 17.9248046875
2026-09-23; 09:53:53; 405; 0; 36.68; 1012.7423828125; 17.7275390625
2026-09-23; 09:54:53; 400; 0; 36.58; 1012.8026953125; 17.7236328125
2026-09-23; 09:55:53; 400; 0; 36.7; 1012.851796875; 17.681640625
2026-09-23; 09:56:53; 415; 2; 36.95; 1012.815546875; 17.9130859375
2026-09-23; 09:57:53; 418; 2; 37.03; 1012.792578125; 17.6005859375
2026-09-23; 09:58:53; 400; 0; 37.06; 1012.811796875; 17.263671875
2026-09-23; 09:59:53; 400; 0; 37.13; 1012.8093359375; 17.5341796875
2026-09-23; 10:00:53; 400; 0; 36.97; 1012.7903125; 17.353515625
2026-09-23; 10:01:53; 414; 2; 37.39; 1012.81703125; 17.1591796875
2026-09-23; 10:02:53; 402; 0; 37.25; 1012.8091015625; 17.2001953125
2026-09-23; 10:03:53; 403; 0; 37.25; 1012.7520703125; 17.4111328125
2026-09-23; 10:04:53; 438; 5; 37.54; 1012.7628515625; 17.10546875
2026-09-23; 10:05:53; 457; 8; 37.54; 1012.819921875; 17.234375
2026-09-23; 10:06:53; 454; 8; 37.56; 1012.8314453125; 17.2822265625
2026-09-23; 10:07:53; 487; 13; 37.53; 1012.77546875; 17.3388671875
2026-09-23; 10:08:53; 543; 21; 37.88; 1012.7626953125; 17.1533203125
2026-09-23; 10:09:53; 487; 13; 37.49; 1012.841953125; 17.0107421875
2026-09-23; 10:10:53; 463; 9; 37.45; 1012.9127734375; 17.0322265625
2026-09-23; 10:11:53; 413; 1; 37.84; 1012.8339453125; 16.82421875
2026-09-23; 10:12:53; 400; 0; 37.1; 1012.826640625; 17.2646484375
2026-09-23; 10:13:53; 400; 0; 37.36; 1012.834375; 17.017578125
2026-09-23; 10:14:53; 400; 0; 38.0; 1012.860390625; 16.841796875
2026-09-23; 10:15:53; 405; 0; 37.91; 1012.924921875; 16.9208984375
2026-09-23; 10:16:53; 444; 6; 38.04; 1012.9528125; 16.73828125
2026-09-23; 10:17:53; 500; 15; 37.94; 1012.93609375; 16.5712890625
2026-09-23; 10:18:53; 551; 23; 37.92; 1012.883671875; 16.5
2026-09-23; 10:19:53; 580; 27; 37.89; 1012.856640625; 16.4521484375
2026-09-23; 10:20:53; 617; 33; 37.71; 1012.83421875; 16.6328125
2026-09-23; 10:21:53; 607; 31; 37.86; 1012.8086328125; 16.509765625
2026-09-23; 10:22:53; 629; 34; 37.6; 1012.858515625; 16.59375
2026-09-23; 10:23:53; 638; 36; 37.48; 1012.8545703125; 16.625
2026-09-23; 10:24:53; 629; 34; 37.54; 1012.8484765625; 16.615234375
2026-09-23; 10:25:53; 638; 36; 37.55; 1012.9297265625; 16.5107421875
2026-09-23; 10:26:53; 646; 37; 37.17; 1012.852734375; 16.77734375
2026-09-23; 10:27:53; 633; 35; 37.17; 1012.87328125; 16.71875
2026-09-23; 10:28:53; 617; 33; 37.19; 1012.856015625; 16.6728515625
2026-09-23; 10:29:53; 589; 28; 37.17; 1012.9303125; 16.6953125
2026-09-23; 10:30:53; 561; 24; 37.31; 1012.8969140625; 16.537109375
2026-09-23; 10:31:54; 533; 20; 37.4; 1012.869453125; 16.3876953125
2026-09-23; 10:32:54; 487; 13; 37.55; 1012.95828125; 16.2880859375
2026-09-23; 10:33:54; 446; 7; 37.46; 1012.9080859375; 16.3203125
2026-09-23; 10:34:54; 424; 3; 36.88; 1012.874921875; 16.77734375
2026-09-23; 10:35:54; 411; 1; 37.1; 1012.8757421875; 16.6220703125
2026-09-23; 10:36:54; 411; 1; 37.35; 1012.932578125; 16.5380859375
2026-09-23; 10:37:54; 411; 1; 37.41; 1012.82859375; 16.5048828125
2026-09-23; 10:38:54; 403; 0; 37.06; 1012.868828125; 16.8544921875
2026-09-23; 10:39:54; 403; 0; 37.31; 1012.811328125; 16.6884765625
2026-09-23; 10:40:54; 411; 1; 37.25; 1012.8091015625; 16.7333984375
2026-09-23; 10:41:54; 444; 6; 37.1; 1012.8757421875; 16.8330078125
2026-09-23; 10:42:54; 427; 4; 37.1; 1012.8757421875; 16.5986328125
2026-09-23; 10:43:54; 400; 0; 37.71; 1012.976953125; 16.2470703125
2026-09-23; 10:44:54; 405; 0; 37.62; 1012.8700390625; 16.162109375
2026-09-23; 10:45:54; 403; 0; 37.29; 1012.9221484375; 16.3837890625
2026-09-23; 10:46:54; 400; 0; 37.24; 1012.9073046875; 16.37109375
2026-09-23; 10:47:54; 408; 1; 37.75; 1012.8489453125; 16.1318359375
2026-09-23; 10:48:54; 454; 8; 37.96; 1012.947578125; 16.150390625
2026-09-23; 10:49:54; 508; 16; 37.68; 1012.994296875; 16.38671875
2026-09-23; 10:50:54; 445; 6; 37.74; 1012.9183984375; 16.083984375
2026-09-23; 10:51:54; 420; 3; 37.87; 1012.9673046875; 16.1357421875
2026-09-23; 10:52:54; 443; 6; 38.37; 1012.8916796875; 15.6728515625
2026-09-23; 10:53:54; 403; 0; 37.97; 1012.934921875; 15.9638671875
2026-09-23; 10:54:54; 420; 3; 37.81; 1012.965234375; 16.203125
2026-09-23; 10:55:54; 463; 9; 37.7; 1012.9895703125; 16.1650390625
2026-09-23; 10:56:54; 486; 13; 37.75; 1012.9551953125; 16.271484375
2026-09-23; 10:57:54; 466; 10; 37.69; 1012.9530859375; 16.2109375
2026-09-23; 10:58:54; 400; 0; 37.76; 1012.9425390625; 15.9912109375
2026-09-23; 10:59:54; 400; 0; 37.85; 1012.9719921875; 15.9248046875
2026-09-23; 11:00:54; 424; 3; 37.9; 1012.9010546875; 16.03125
2026-09-23; 11:01:55; 400; 0; 37.87; 1012.881640625; 15.9248046875
2026-09-23; 11:02:55; 409; 1; 37.82; 1012.8592578125; 15.9814453125
2026-09-23; 11:03:55; 402; 0; 37.82; 1012.952890625; 15.841796875
2026-09-23; 11:04:55; 402; 0; 37.66; 1012.925703125; 15.9296875
2026-09-23; 11:05:55; 402; 0; 37.57; 1012.925; 16.06640625
2026-09-23; 11:06:55; 427; 4; 37.92; 1012.96140625; 15.9267578125
2026-09-23; 11:07:55; 422; 3; 37.65; 1012.9098046875; 16.0693359375
2026-09-23; 11:08:55; 456; 8; 37.81; 1012.871640625; 16.0869140625
2026-09-23; 11:09:55; 481; 12; 37.67; 1012.827421875; 16.1640625
2026-09-23; 11:10:55; 459; 8; 37.32; 1012.884296875; 16.2216796875
2026-09-23; 11:11:55; 400; 0; 37.76; 1012.913984375; 15.9208984375
2026-09-23; 11:12:55; 409; 1; 37.61; 1012.9030078125; 16.0439453125
2026-09-23; 11:13:55; 405; 0; 37.91; 1012.9169921875; 15.7626953125
2026-09-23; 11:14:55; 403; 0; 37.83; 1012.883125; 15.748046875
2026-09-23; 11:15:55; 420; 3; 37.56; 1012.909140625; 16.1484375
2026-09-23; 11:16:55; 406; 0; 37.36; 1012.834375; 15.9658203125
2026-09-23; 11:17:55; 406; 0; 37.07; 1012.8930078125; 16.4228515625
2026-09-23; 11:18:55; 400; 0; 36.71; 1012.818671875; 16.33984375
2026-09-23; 11:19:55; 423; 3; 36.57; 1012.7947265625; 16.662109375
2026-09-23; 11:20:55; 407; 1; 36.4; 1012.8654296875; 16.59765625
2026-09-23; 11:21:55; 400; 0; 35.98; 1012.8369140625; 16.8271484375
2026-09-23; 11:22:55; 400; 0; 35.71; 1012.7753125; 16.875
2026-09-23; 11:23:55; 400; 0; 36.21; 1012.8544921875; 16.71875
2026-09-23; 11:24:55; 406; 0; 36.19; 1012.7371875; 16.7646484375
2026-09-23; 11:25:55; 410; 1; 35.76; 1012.6925; 17.0751953125
2026-09-23; 11:26:55; 400; 0; 35.67; 1012.7192578125; 17.0830078125
2026-09-23; 11:27:55; 407; 1; 35.45; 1012.7740625; 17.458984375
2026-09-23; 11:28:55; 403; 0; 35.41; 1012.7384765625; 17.3408203125
2026-09-23; 11:29:55; 400; 0; 34.81; 1012.7126171875; 17.59765625
2026-09-23; 11:30:56; 400; 0; 34.68; 1012.610390625; 17.3603515625
2026-09-23; 11:31:56; 400; 0; 34.45; 1012.54265625; 17.7578125
2026-09-23; 11:32:56; 402; 0; 33.97; 1012.5284765625; 18.294921875
2026-09-23; 11:33:56; 400; 0; 34.08; 1012.5180859375; 18.2529296875
2026-09-23; 11:34:56; 400; 0; 33.5; 1012.5417578125; 18.4267578125
2026-09-23; 11:35:56; 400; 0; 33.45; 1012.52625; 18.482421875
2026-09-23; 11:36:56; 400; 0; 33.19; 1012.4860546875; 18.78515625
2026-09-23; 11:37:56; 401; 0; 32.99; 1012.5137109375; 19.35546875
2026-09-23; 11:38:56; 400; 0; 32.59; 1012.5115625; 19.638671875
2026-09-23; 11:39:56; 400; 0; 32.19; 1012.5576171875; 20.37109375
2026-09-23; 11:40:56; 409; 1; 32.04; 1012.5148828125; 20.6298828125
2026-09-23; 11:41:56; 548; 22; 32.18; 1012.4767578125; 21.80078125
2026-09-23; 11:42:56; 708; 46; 32.16; 1012.5296484375; 21.0966796875
2026-09-23; 11:43:56; 700; 45; 32.48; 1012.420390625; 21.146484375
2026-09-23; 11:44:56; 853; 69; 32.47; 1012.368125; 21.2265625
2026-09-23; 11:45:56; 1014; 93; 32.59; 1012.4469140625; 20.9326171875
2026-09-23; 11:46:56; 1044; 98; 32.62; 1012.4465234375; 20.8291015625
2026-09-23; 11:47:56; 1081; 103; 33.0; 1012.4447265625; 20.916015625
2026-09-23; 11:48:56; 1068; 101; 32.93; 1012.38921875; 20.0224609375
2026-09-23; 11:49:56; 1288; 135; 32.98; 1012.3277734375; 20.8349609375
2026-09-23; 11:50:56; 1150; 114; 33.04; 1012.3672265625; 20.05078125
2026-09-23; 11:51:56; 1288; 135; 32.98; 1012.37640625; 21.4931640625
2026-09-23; 11:52:56; 1445; 159; 33.11; 1012.3376171875; 20.57421875
2026-09-23; 11:53:56; 1420; 155; 33.02; 1012.4202734375; 20.9638671875
2026-09-23; 11:54:56; 1429; 156; 32.98; 1012.4614453125; 20.9267578125
2026-09-23; 11:55:56; 1544; 203; 32.92; 1012.37328125; 21.5947265625
2026-09-23; 11:56:56; 1636; 278; 32.83; 1012.3705078125; 21.6708984375
2026-09-23; 11:57:56; 1721; 359; 32.85; 1012.3458203125; 21.533203125
2026-09-23; 11:58:56; 1751; 391; 32.83; 1012.3218359375; 21.8212890625
2026-09-23; 11:59:56; 1754; 395; 32.75; 1012.30703125; 21.6669921875
2026-09-23; 12:00:57; 1754; 395; 32.7; 1012.2755078125; 21.814453125
2026-09-23; 12:01:57; 1757; 398; 32.78; 1012.2903125; 21.552734375
2026-09-23; 12:02:57; 1764; 407; 32.73; 1012.218125; 21.8974609375
2026-09-23; 12:03:57; 1778; 425; 32.54; 1012.2254296875; 22.3037109375
2026-09-23; 12:04:57; 1855; 523; 32.41; 1012.1869921875; 22.2626953125
2026-09-23; 12:05:57; 1866; 538; 32.39; 1012.2559375; 21.9384765625
2026-09-23; 12:06:57; 1903; 590; 32.38; 1012.231640625; 22.4345703125
2026-09-23; 12:07:57; 1928; 626; 32.26; 1012.2939453125; 22.693359375
2026-09-23; 12:08:57; 2017; 776; 32.31; 1012.2323828125; 22.615234375
2026-09-23; 12:09:57; 2002; 750; 32.29; 1012.200390625; 22.5341796875
2026-09-23; 12:10:57; 2007; 760; 32.12; 1012.1704296875; 22.3525390625
2026-09-23; 12:11:57; 2013; 769; 32.24; 1012.2130859375; 22.78515625
2026-09-23; 12:12:57; 2072; 862; 32.32; 1012.2200390625; 23.03125
2026-09-23; 12:13:57; 2168; 1071; 32.39; 1012.2559375; 23.0234375
2026-09-23; 12:14:57; 2104; 928; 32.5; 1012.1612109375; 22.1396484375
2026-09-23; 12:15:57; 2062; 846; 32.52; 1012.14453125; 22.083984375
2026-09-23; 12:16:57; 2038; 815; 32.49; 1012.2098828125; 22.8896484375
2026-09-23; 12:17:57; 2134; 994; 32.12; 1012.1138671875; 22.755859375
2026-09-23; 12:18:57; 2238; 1215; 32.23; 1012.1041796875; 22.8876953125
2026-09-23; 12:19:57; 2342; 1443; 32.31; 1012.098828125; 22.984375
2026-09-23; 12:20:57; 2480; 1733; 32.3; 1012.131484375; 23.2607421875
2026-09-23; 12:21:57; 2599; 1992; 32.4; 1012.12234375; 23.3818359375
2026-09-23; 12:22:57; 2713; 2246; 32.34; 1012.196015625; 23.4013671875
2026-09-23; 12:23:57; 2799; 2422; 32.31; 1012.127109375; 23.3310546875
2026-09-23; 12:24:57; 2862; 2565; 32.26; 1012.132109375; 23.248046875
2026-09-23; 12:25:57; 2880; 2607; 32.15; 1012.1175390625; 23.2880859375
2026-09-23; 12:26:57; 2880; 2607; 32.26; 1012.0755078125; 22.9482421875
2026-09-23; 12:27:57; 2862; 2565; 32.12; 1012.057265625; 22.8828125
2026-09-23; 12:28:57; 2810; 2452; 32.2; 1012.149140625; 22.8056640625
2026-09-23; 12:29:57; 2834; 2506; 32.16; 1012.141484375; 22.9423828125
2026-09-23; 12:30:57; 2845; 2535; 32.18; 1012.080546875; 22.955078125
2026-09-23; 12:31:57; 2880; 2607; 32.18; 1012.116875; 22.9091796875
2026-09-23; 12:32:57; 2880; 2607; 32.15; 1012.0123046875; 22.896484375
2026-09-23; 12:33:57; 2925; 2679; 32.13; 1012.044921875; 22.9296875
2026-09-23; 12:34:57; 2982; 2810; 32.08; 1011.9930078125; 22.9267578125
2026-09-23; 12:35:57; 3002; 2854; 32.08; 1011.9930078125; 22.904296875
2026-09-23; 12:36:57; 3021; 2891; 32.02; 1012.0099609375; 22.923828125
2026-09-23; 12:37:57; 3042; 2940; 32.04; 1011.97734375; 22.8671875
2026-09-23; 12:38:57; 3030; 2909; 32.04; 1011.9853515625; 22.87890625
2026-09-23; 12:39:57; 3042; 2940; 32.01; 1011.9091015625; 22.8544921875
2026-09-23; 12:40:58; 3042; 2940; 32.05; 1011.88015625; 22.775390625
2026-09-23; 12:41:58; 3060; 2973; 32.04; 1011.8721875; 22.8671875
2026-09-23; 12:42:58; 3070; 2998; 31.99; 1011.96203125; 22.7841796875
2026-09-23; 12:43:58; 3060; 2973; 31.94; 1011.8251953125; 22.79296875
2026-09-23; 12:44:58; 3030; 2909; 31.94; 1011.910078125; 22.7587890625
2026-09-23; 12:45:58; 3060; 2973; 31.96; 1011.8288671875; 22.7255859375
2026-09-23; 12:46:58; 3042; 2940; 31.93; 1011.7163671875; 22.7578125
2026-09-23; 12:47:58; 3030; 2909; 31.96; 1011.7360546875; 22.724609375
2026-09-23; 12:48:58; 3060; 2973; 31.93; 1011.7446484375; 22.7578125
2026-09-23; 12:49:58; 3053; 2954; 31.9; 1011.7609765625; 22.791015625
2026-09-23; 12:50:58; 3011; 2872; 31.83; 1011.713359375; 22.6845703125
2026-09-23; 12:51:58; 2946; 2733; 31.83; 1011.656796875; 22.396484375
2026-09-23; 12:52:58; 2880; 2607; 31.78; 1011.68203125; 22.6005859375
2026-09-23; 12:53:58; 2845; 2535; 31.75; 1011.69; 22.6337890625
2026-09-23; 12:54:58; 2834; 2506; 31.65; 1011.67921875; 22.7783203125
2026-09-23; 12:55:58; 2853; 2552; 31.55; 1011.6398046875; 22.80859375
2026-09-23; 12:56:58; 2783; 2393; 31.56; 1011.61953125; 22.5546875
2026-09-23; 12:57:58; 2737; 2297; 31.62; 1011.6026953125; 22.6962890625
2026-09-23; 12:58:58; 2773; 2371; 31.58; 1011.6315625; 22.7177734375
2026-09-23; 12:59:58; 2730; 2285; 31.58; 1011.6315625; 22.671875
2026-09-23; 13:00:58; 2758; 2343; 31.61; 1011.6069921875; 22.70703125
2026-09-23; 13:01:58; 2750; 2326; 31.55; 1011.5550390625; 22.7509765625
2026-09-23; 13:02:58; 2758; 2343; 31.49; 1011.4790625; 22.701171875
2026-09-23; 13:03:58; 2722; 2268; 31.57; 1011.5227734375; 22.5205078125
2026-09-23; 13:04:58; 2700; 2203; 31.53; 1011.5716015625; 22.51953125
2026-09-23; 13:05:58; 2669; 2143; 31.47; 1011.539921875; 22.6083984375
2026-09-23; 13:06:58; 2669; 2143; 31.44; 1011.455703125; 22.6640625
2026-09-23; 13:07:58; 2682; 2170; 31.48; 1011.47109375; 22.689453125
2026-09-23; 13:08:58; 2707; 2230; 31.43; 1011.5325; 22.767578125
2026-09-23; 13:09:58; 2722; 2268; 31.37; 1011.46453125; 22.798828125
2026-09-23; 13:10:58; 2750; 2326; 31.31; 1011.4893359375; 22.8076171875
2026-09-23; 13:11:58; 2707; 2230; 31.34; 1011.5292578125; 22.7978515625
2026-09-23; 13:12:58; 2722; 2268; 31.29; 1011.4490625; 22.771484375
2026-09-23; 13:13:58; 2713; 2246; 31.31; 1011.4530859375; 22.7734375
2026-09-23; 13:14:58; 2713; 2246; 31.24; 1011.482109375; 22.896484375
2026-09-23; 13:15:58; 2722; 2268; 31.23; 1011.445859375; 22.8505859375
2026-09-23; 13:16:58; 2737; 2297; 31.32; 1011.3842578125; 22.7734375
2026-09-23; 13:17:58; 2758; 2343; 31.38; 1011.395703125; 22.7421875
2026-09-23; 13:18:58; 2791; 2410; 31.29; 1011.3925390625; 22.818359375
2026-09-23; 13:19:58; 2791; 2410; 31.28; 1011.3765234375; 22.748046875
2026-09-23; 13:20:58; 2791; 2410; 31.27; 1011.3685546875; 22.7255859375
2026-09-23; 13:21:58; 2791; 2410; 31.24; 1011.4053515625; 22.7578125
2026-09-23; 13:22:58; 2799; 2422; 31.25; 1011.3568359375; 22.7470703125
2026-09-23; 13:23:59; 2810; 2452; 31.21; 1011.328515625; 22.7451171875
2026-09-23; 13:24:59; 2805; 2445; 31.22; 1011.2517578125; 22.7568359375
2026-09-23; 13:25:59; 2791; 2410; 31.23; 1011.304609375; 22.7001953125
2026-09-23; 13:26:59; 2799; 2422; 31.23; 1011.276328125; 22.7119140625
2026-09-23; 13:27:59; 2810; 2452; 31.15; 1011.2808203125; 22.810546875
2026-09-23; 13:28:59; 2799; 2422; 31.13; 1011.19234375; 22.7978515625
2026-09-23; 13:29:59; 2799; 2422; 31.08; 1011.2612890625; 22.7958984375
2026-09-23; 13:30:59; 2791; 2410; 31.14; 1011.2445703125; 22.810546875
2026-09-23; 13:31:59; 2791; 2410; 31.14; 1011.2365625; 22.7294921875
2026-09-23; 13:32:59; 2783; 2393; 31.16; 1011.163828125; 22.673828125
2026-09-23; 13:33:59; 2773; 2371; 31.13; 1011.2487890625; 22.671875
2026-09-23; 13:34:59; 2750; 2326; 31.08; 1011.1403125; 22.71484375
2026-09-23; 13:35:59; 2730; 2285; 31.11; 1011.2530859375; 22.625
2026-09-23; 13:36:59; 2707; 2230; 31.1; 1011.1161328125; 22.6240234375
2026-09-23; 13:37:59; 2682; 2170; 31.09; 1011.249375; 22.669921875
2026-09-23; 13:38:59; 2650; 2099; 31.02; 1011.1933203125; 22.677734375
2026-09-23; 13:39:59; 2621; 2035; 31.02; 1011.22984375; 22.6669921875
2026-09-23; 13:40:59; 2594; 1976; 30.95; 1011.1458984375; 22.7431640625
2026-09-23; 13:41:59; 2594; 1976; 30.91; 1011.138125; 22.71875
2026-09-23; 13:42:59; 2558; 1902; 30.94; 1011.1578125; 22.7314453125
2026-09-23; 13:43:59; 2569; 1929; 30.85; 1011.259765625; 22.8759765625
2026-09-23; 13:44:59; 2569; 1929; 30.82; 1011.135078125; 22.9091796875
2026-09-23; 13:45:59; 2587; 1962; 30.83; 1011.15109375; 22.978515625
2026-09-23; 13:46:59; 2608; 2013; 30.73; 1011.1114453125; 23.134765625
2026-09-23; 13:47:59; 2659; 2115; 30.75; 1011.079296875; 23.078125
2026-09-23; 13:48:59; 2659; 2115; 30.78; 1010.9861328125; 22.94140625
2026-09-23; 13:49:59; 2599; 1992; 30.84; 1010.9896484375; 22.7841796875
2026-09-23; 13:50:59; 2587; 1962; 30.74; 1010.92984375; 22.9052734375
2026-09-23; 13:51:59; 2558; 1902; 30.75; 1010.8816796875; 22.8828125
2026-09-23; 13:52:59; 2513; 1804; 30.73; 1010.87765625; 22.640625
2026-09-23; 13:53:59; 2506; 1794; 30.74; 1010.901640625; 22.9287109375
2026-09-23; 13:54:59; 2535; 1860; 30.8; 1010.9333984375; 22.541015625
2026-09-23; 13:55:59; 2558; 1902; 30.79; 1010.8891796875; 22.5517578125
2026-09-23; 13:56:59; 2599; 1992; 30.76; 1010.8694140625; 22.5263671875
2026-09-23; 13:57:59; 2626; 2051; 30.79; 1010.8891796875; 22.4716796875
2026-09-23; 13:58:59; 2635; 2072; 30.74; 1010.901640625; 22.365234375
2026-09-23; 13:59:59; 2608; 2013; 30.71; 1010.8456640625; 22.19140625
2026-09-23; 14:00:59; 2569; 1929; 30.69; 1010.8419140625; 22.1552734375
2026-09-23; 14:01:59; 2542; 1871; 30.68; 1010.8621484375; 22.0400390625
2026-09-23; 14:02:59; 2492; 1763; 30.65; 1010.8700390625; 22.154296875
2026-09-23; 14:03:59; 2473; 1718; 30.58; 1010.9473828125; 22.2421875
2026-09-23; 14:04:59; 2411; 1593; 30.64; 1010.9024609375; 22.095703125
2026-09-23; 14:05:59; 2359; 1477; 30.58; 1010.9271484375; 22.046875
2026-09-23; 14:07:00; 2322; 1404; 30.54; 1010.85484375; 22.0908203125
2026-09-23; 14:08:00; 2304; 1362; 30.48; 1010.823359375; 22.1796875
2026-09-23; 14:09:00; 2265; 1277; 30.53; 1010.8106640625; 22.08984375
2026-09-23; 14:10:00; 2238; 1215; 30.53; 1010.83890625; 22.1015625
2026-09-23; 14:11:00; 2208; 1161; 30.48; 1010.823359375; 22.1220703125
2026-09-23; 14:12:00; 2178; 1088; 30.56; 1010.669375; 22.080078125
2026-09-23; 14:13:00; 2150; 1027; 30.5; 1010.778671875; 22.04296875
2026-09-23; 14:14:00; 2114; 948; 30.48; 1010.774921875; 22.0771484375
2026-09-23; 14:15:00; 2038; 815; 30.34; 1010.7197265625; 21.943359375
2026-09-23; 14:16:00; 1895; 579; 30.35; 1010.6430859375; 21.8173828125
2026-09-23; 14:17:00; 1793; 442; 30.38; 1010.727265625; 21.841796875
2026-09-23; 14:18:00; 1721; 359; 30.37; 1010.675078125; 21.8994140625
2026-09-23; 14:19:00; 1690; 329; 30.38; 1010.7555078125; 21.95703125
2026-09-23; 14:20:00; 1681; 320; 30.4; 1010.723046875; 22.107421875
2026-09-23; 14:21:00; 1678; 318; 30.42; 1010.5940234375; 22.1083984375
2026-09-23; 14:22:00; 1664; 302; 30.42; 1010.65046875; 22.0966796875
2026-09-23; 14:23:00; 1657; 296; 30.36; 1010.6670703125; 22.1630859375
2026-09-23; 14:24:00; 1657; 296; 30.36; 1010.6308984375; 22.162109375
2026-09-23; 14:25:00; 1636; 278; 30.29; 1010.639453125; 22.1474609375
2026-09-23; 14:26:00; 1640; 281; 30.33; 1010.554375; 22.1953125
2026-09-23; 14:27:00; 1632; 274; 30.34; 1010.5706640625; 22.1611328125
2026-09-23; 14:28:00; 1632; 274; 30.37; 1010.5701953125; 22.1171875
2026-09-23; 14:29:00; 1654; 293; 30.34; 1010.606875; 22.265625
2026-09-23; 14:30:00; 1615; 259; 30.31; 1010.473984375; 22.056640625
2026-09-23; 14:31:00; 1614; 258; 30.32; 1010.46171875; 22.2529296875
2026-09-23; 14:32:00; 1567; 220; 30.36; 1010.376953125; 21.69140625
2026-09-23; 14:33:00; 1360; 146; 30.28; 1010.4744140625; 21.6533203125
2026-09-23; 14:34:00; 1083; 104; 30.36; 1010.4413671875; 21.6806640625
2026-09-23; 14:35:00; 907; 77; 30.3; 1010.4862109375; 21.7236328125
2026-09-23; 14:36:00; 918; 78; 30.29; 1010.4137890625; 21.8486328125
2026-09-23; 14:37:00; 887; 74; 30.3; 1010.542578125; 21.76953125
2026-09-23; 14:38:00; 744; 52; 30.16; 1010.4389453125; 21.83203125
2026-09-23; 14:39:00; 671; 41; 30.19; 1010.4305078125; 21.890625
2026-09-23; 14:40:00; 710; 47; 30.26; 1010.4985546875; 22.0546875
2026-09-23; 14:41:00; 675; 41; 30.33; 1010.5059375; 21.724609375
2026-09-23; 14:42:00; 561; 24; 30.3; 1010.45796875; 21.5859375
2026-09-23; 14:43:00; 472; 10; 30.31; 1010.4095703125; 21.6201171875
2026-09-23; 14:44:00; 427; 4; 30.33; 1010.280234375; 21.6787109375
2026-09-23; 14:45:00; 405; 0; 30.17; 1010.3703515625; 21.740234375
2026-09-23; 14:46:00; 405; 0; 30.33; 1010.272265625; 21.8046875
2026-09-23; 14:47:00; 410; 1; 30.4; 1010.3362890625; 21.78515625
2026-09-23; 14:48:00; 451; 7; 30.27; 1010.2689453125; 21.962890625
2026-09-23; 14:49:00; 508; 16; 30.38; 1010.21140625; 22.0595703125
2026-09-23; 14:50:00; 580; 27; 30.35; 1010.2480859375; 22.162109375
2026-09-23; 14:51:01; 660; 39; 30.27; 1010.3173828125; 22.4453125
2026-09-23; 14:52:01; 844; 67; 30.34; 1010.26828125; 22.517578125
2026-09-23; 14:53:01; 990; 89; 30.26; 1010.280859375; 22.43359375
2026-09-23; 14:54:01; 1032; 96; 30.25; 1010.2930859375; 22.478515625
2026-09-23; 14:55:01; 1330; 141; 30.18; 1010.358125; 22.693359375
2026-09-23; 14:56:01; 1495; 166; 30.2; 1010.35421875; 22.4990234375
2026-09-23; 14:57:01; 1504; 174; 30.21; 1010.3983984375; 22.5576171875
2026-09-23; 14:58:01; 1585; 232; 30.27; 1010.41; 22.744140625
2026-09-23; 14:59:01; 1645; 286; 30.3; 1010.45; 22.72265625
2026-09-23; 15:00:01; 1703; 341; 30.21; 1010.378203125; 22.7529296875
2026-09-23; 15:01:01; 1767; 411; 30.27; 1010.3455859375; 22.7783203125
2026-09-23; 15:02:01; 1841; 503; 30.26; 1010.4421484375; 22.9267578125
2026-09-23; 15:03:01; 1908; 596; 30.2; 1010.438828125; 23.00390625
2026-09-23; 15:04:01; 1976; 705; 30.1; 1010.3629296875; 23.1025390625
2026-09-23; 15:05:01; 2058; 838; 30.12; 1010.3384765625; 23.115234375
2026-09-23; 15:06:01; 2114; 948; 30.24; 1010.3133203125; 23.029296875
2026-09-23; 15:07:01; 2086; 891; 30.18; 1010.2655078125; 22.7158203125
2026-09-23; 15:08:01; 2128; 981; 30.22; 1010.1887109375; 22.9130859375
2026-09-23; 15:09:01; 2160; 1045; 30.18; 1010.2937109375; 22.8310546875
2026-09-23; 15:10:01; 2174; 1084; 30.05; 1010.1775390625; 23.0078125
2026-09-23; 15:11:01; 2199; 1138; 30.0; 1010.23859375; 23.109375
2026-09-23; 15:12:01; 2265; 1277; 30.03; 1010.2865625; 23.1103515625
2026-09-23; 15:13:01; 2307; 1372; 29.96; 1010.18234375; 23.2451171875
2026-09-23; 15:14:01; 2363; 1490; 29.91; 1010.15046875; 23.310546875
2026-09-23; 15:15:01; 2432; 1633; 30.02; 1010.1295703125; 23.236328125
2026-09-23; 15:16:01; 2487; 1748; 30.04; 1010.125390625; 23.2490234375
2026-09-23; 15:17:01; 2542; 1871; 30.15; 1010.0844921875; 23.1279296875
2026-09-23; 15:18:01; 2594; 1976; 30.05; 1010.064765625; 23.2265625
2026-09-23; 15:19:01; 2635; 2072; 30.02; 1010.1295703125; 23.271484375
2026-09-23; 15:20:01; 2692; 2187; 30.09; 1010.0447265625; 23.16015625
2026-09-23; 15:21:01; 2722; 2268; 30.08; 1010.1050390625; 23.1474609375
2026-09-23; 15:22:01; 2766; 2354; 30.02; 1010.0651953125; 23.2021484375
2026-09-23; 15:23:01; 2791; 2410; 29.95; 1010.1099609375; 23.267578125
2026-09-23; 15:24:01; 2820; 2474; 30.05; 1010.0929296875; 23.1572265625
2026-09-23; 15:25:01; 2845; 2535; 30.08; 1010.076796875; 23.1474609375
2026-09-23; 15:26:01; 2880; 2607; 30.12; 1010.112890625; 23.103515625
2026-09-23; 15:27:01; 2925; 2679; 29.91; 1010.1020703125; 23.2880859375
2026-09-23; 15:28:01; 2946; 2733; 29.97; 1010.1057421875; 23.2802734375
2026-09-23; 15:29:01; 2982; 2810; 29.98; 1010.0653125; 23.24609375
2026-09-23; 15:30:01; 2990; 2823; 30.07; 1010.012421875; 23.1474609375
2026-09-23; 15:31:01; 3011; 2872; 30.0; 1010.1178125; 23.2119140625
2026-09-23; 15:32:01; 3030; 2909; 30.07; 1009.98421875; 23.1357421875
2026-09-23; 15:33:02; 3030; 2909; 30.0; 1009.9848046875; 23.1201171875
2026-09-23; 15:34:02; 3011; 2872; 29.95; 1010.0535546875; 23.1298828125
2026-09-23; 15:35:02; 3021; 2891; 29.95; 1010.0173828125; 23.2333984375
2026-09-23; 15:36:02; 2990; 2823; 29.92; 1009.9973046875; 22.9326171875
2026-09-23; 15:37:02; 2880; 2607; 29.97; 1010.029140625; 23.0166015625
2026-09-23; 15:38:02; 2925; 2679; 29.98; 1010.00890625; 22.8896484375
2026-09-23; 15:39:02; 2766; 2354; 29.86; 1009.873203125; 22.5625
2026-09-23; 15:40:02; 2492; 1763; 29.79; 1009.9019140625; 22.38671875
2026-09-23; 15:41:02; 2359; 1477; 29.7; 1009.9344921875; 22.634765625
2026-09-23; 15:42:02; 2251; 1243; 29.77; 1009.9259765625; 22.5126953125
2026-09-23; 15:43:02; 2138; 999; 29.72; 1009.8258984375; 22.58984375
2026-09-23; 15:44:02; 2098; 917; 29.76; 1009.82546875; 22.615234375
2026-09-23; 15:45:02; 2007; 760; 29.79; 1009.7891796875; 22.501953125
2026-09-23; 15:46:02; 1934; 637; 29.86; 1009.78859375; 22.2294921875
2026-09-23; 15:47:02; 1895; 579; 29.79; 1009.7609765625; 22.41015625
2026-09-23; 15:48:02; 1823; 479; 29.73; 1009.7775; 22.4521484375
2026-09-23; 15:49:02; 1790; 439; 29.81; 1009.7163671875; 22.4453125
2026-09-23; 15:50:02; 1770; 414; 29.86; 1009.7966015625; 22.1953125
2026-09-23; 15:51:02; 1710; 349; 29.77; 1009.7287109375; 22.259765625
2026-09-23; 15:52:02; 1683; 322; 29.87; 1009.6636328125; 22.126953125
2026-09-23; 15:53:02; 1615; 259; 29.85; 1009.6595703125; 22.0458984375
2026-09-23; 15:54:02; 1602; 247; 29.88; 1009.6796484375; 22.1162109375
2026-09-23; 15:55:02; 1601; 246; 29.88; 1009.7078125; 22.173828125
2026-09-23; 15:56:02; 1543; 201; 29.87; 1009.6636328125; 22.0810546875
2026-09-23; 15:57:02; 1496; 169; 29.8; 1009.6641796875; 22.1005859375
2026-09-23; 15:58:02; 1499; 167; 29.73; 1009.588203125; 22.2578125
2026-09-23; 15:59:02; 1507; 177; 29.77; 1009.5595703125; 22.3515625
2026-09-23; 16:00:02; 1372; 148; 29.81; 1009.60359375; 22.1357421875
2026-09-23; 16:01:02; 1245; 128; 29.75; 1009.5276171875; 22.212890625
2026-09-23; 16:02:02; 1245; 128; 29.78; 1009.4426171875; 22.318359375
2026-09-23; 16:03:02; 1288; 135; 29.65; 1009.5163671875; 22.3115234375
2026-09-23; 16:04:02; 1299; 136; 29.62; 1009.4962890625; 22.5166015625
2026-09-23; 16:05:02; 1445; 159; 29.82; 1009.414296875; 22.5263671875
2026-09-23; 16:06:02; 1496; 169; 29.8; 1009.362109375; 22.341796875
2026-09-23; 16:07:02; 1380; 149; 29.75; 1009.443046875; 22.236328125
2026-09-23; 16:08:02; 1255; 130; 29.74; 1009.3425390625; 22.2587890625
2026-09-23; 16:09:02; 1255; 130; 29.73; 1009.298359375; 22.3720703125
2026-09-23; 16:10:02; 1310; 138; 29.64; 1009.3591796875; 22.517578125
2026-09-23; 16:11:02; 1393; 151; 29.66; 1009.391484375; 22.5068359375
2026-09-23; 16:12:02; 1495; 166; 29.64; 1009.3873828125; 22.59765625
2026-09-23; 16:13:02; 1514; 181; 29.49; 1009.4284765625; 22.7392578125
2026-09-23; 16:14:02; 1559; 212; 29.47; 1009.2918359375; 22.830078125
2026-09-23; 16:15:02; 1597; 242; 29.5; 1009.3599609375; 22.95703125
2026-09-23; 16:16:03; 1659; 297; 29.67; 1009.35109375; 22.7939453125
2026-09-23; 16:17:03; 1717; 355; 29.67; 1009.2181640625; 22.9892578125
2026-09-23; 16:18:03; 1713; 351; 29.6; 1009.3798046875; 22.572265625
2026-09-23; 16:19:03; 1683; 322; 29.55; 1009.307578125; 22.6162109375
2026-09-23; 16:20:03; 1681; 320; 29.57; 1009.24703125; 22.6630859375
2026-09-23; 16:21:03; 1678; 318; 29.21; 1009.249140625; 23.0341796875
2026-09-23; 16:22:03; 1683; 322; 29.43; 1009.2919140625; 22.8515625
2026-09-23; 16:23:03; 1713; 351; 29.4; 1009.2923046875; 22.998046875
2026-09-23; 16:24:03; 1759; 402; 29.45; 1009.28; 22.9892578125
2026-09-23; 16:25:03; 1827; 483; 29.73; 1009.1936328125; 22.740234375
2026-09-23; 16:26:03; 1806; 457; 29.58; 1009.3558203125; 22.6865234375
2026-09-23; 16:27:03; 1803; 452; 29.59; 1009.371796875; 22.7900390625
2026-09-23; 16:28:03; 1860; 529; 29.5; 1009.30359375; 22.8544921875
2026-09-23; 16:29:03; 1870; 543; 29.47; 1009.3199609375; 22.8642578125
2026-09-23; 16:30:03; 1878; 552; 29.52; 1009.2878125; 22.8896484375
2026-09-23; 16:31:03; 1918; 612; 29.45; 1009.308203125; 23.01171875
2026-09-23; 16:32:03; 1954; 670; 29.59; 1009.2229296875; 22.7900390625
2026-09-23; 16:33:03; 1885; 564; 29.62; 1009.2426953125; 22.4248046875
2026-09-23; 16:34:03; 1849; 514; 29.63; 1009.1539453125; 22.4482421875
2026-09-23; 16:35:03; 1841; 503; 29.49; 1009.2030859375; 22.6240234375
2026-09-23; 16:36:03; 1836; 497; 29.34; 1009.1679296875; 22.765625
2026-09-23; 16:37:03; 1823; 479; 29.3; 1009.111640625; 22.8330078125
2026-09-23; 16:38:03; 1818; 473; 29.41; 1009.1190625; 22.7578125
2026-09-23; 16:39:03; 1818; 473; 29.41; 1009.1190625; 22.8388671875
2026-09-23; 16:40:03; 1830; 488; 29.29; 1009.095703125; 22.8896484375
2026-09-23; 16:41:03; 1849; 514; 29.25; 1009.080078125; 23.0244140625
2026-09-23; 16:42:03; 1878; 552; 29.52; 1009.03421875; 22.70703125
2026-09-23; 16:43:03; 1787; 435; 29.39; 1009.058984375; 22.287109375
2026-09-23; 16:44:03; 1672; 311; 29.25; 1009.1444140625; 22.4296875
2026-09-23; 16:45:03; 1540; 199; 29.26; 1009.1322265625; 22.0400390625
2026-09-23; 16:46:03; 1215; 124; 29.27; 1009.0637109375; 22.1552734375
2026-09-23; 16:47:03; 1107; 107; 29.21; 1009.0519921875; 22.587890625
2026-09-23; 16:48:03; 1068; 101; 29.35; 1009.0994140625; 22.43359375
2026-09-23; 16:49:03; 1014; 93; 29.34; 1008.99890625; 22.330078125
2026-09-23; 16:50:03; 967; 86; 29.27; 1009.007421875; 22.3955078125
2026-09-23; 16:51:03; 905; 76; 29.22; 1009.003671875; 22.49609375
2026-09-23; 16:52:03; 877; 72; 29.36; 1008.9825390625; 22.3203125
2026-09-23; 16:53:03; 827; 65; 29.45; 1008.9780859375; 22.2099609375
2026-09-23; 16:54:03; 806; 61; 29.5; 1009.078203125; 22.189453125
2026-09-23; 16:55:03; 825; 64; 29.53; 1008.9576953125; 22.271484375
2026-09-23; 16:56:03; 825; 64; 29.55; 1009.0178125; 21.8818359375
2026-09-23; 16:57:03; 702; 46; 29.47; 1009.1227734375; 21.8779296875
2026-09-23; 16:58:03; 626; 34; 29.37; 1009.1678125; 22.091796875
2026-09-23; 16:59:04; 561; 24; 29.29; 1009.115859375; 22.1328125
2026-09-23; 17:00:04; 545; 22; 29.27; 1009.140234375; 22.2353515625
2026-09-23; 17:01:04; 564; 24; 29.5; 1009.19890625; 22.041015625
2026-09-23; 17:02:04; 612; 32; 29.42; 1009.19140625; 22.1513671875
2026-09-23; 17:03:04; 597; 30; 29.35; 1009.2120703125; 22.021484375
2026-09-23; 17:04:04; 536; 20; 29.45; 1009.118984375; 21.9228515625
2026-09-23; 17:05:04; 435; 5; 29.34; 1009.1115625; 21.6083984375
2026-09-23; 17:06:04; 400; 0; 29.26; 1009.09609375; 21.5126953125
2026-09-23; 17:07:04; 400; 0; 29.13; 1009.0927734375; 21.873046875
2026-09-23; 17:08:04; 400; 0; 29.07; 1009.081015625; 22.0654296875
2026-09-23; 17:09:04; 400; 0; 29.12; 1009.056640625; 21.96484375
2026-09-23; 17:10:04; 402; 0; 29.06; 1009.0650390625; 22.0302734375
2026-09-23; 17:11:04; 400; 0; 29.04; 1009.0129296875; 22.0869140625
2026-09-23; 17:12:04; 408; 1; 29.17; 1009.0725390625; 21.9208984375
2026-09-23; 17:13:04; 418; 2; 29.14; 1009.080625; 21.98828125
2026-09-23; 17:14:04; 411; 1; 29.2; 1009.1768359375; 21.96875
2026-09-23; 17:15:04; 426; 3; 29.17; 1009.1288671875; 22.0009765625
2026-09-23; 17:16:04; 444; 6; 29.11; 1009.2095703125; 22.0673828125
2026-09-23; 17:17:04; 439; 5; 29.2; 1009.22515625; 22.048828125
2026-09-23; 17:18:04; 497; 14; 29.37; 1009.2440625; 21.9189453125
2026-09-23; 17:19:04; 438; 5; 29.13; 1009.2978515625; 21.884765625
2026-09-23; 17:20:04; 421; 3; 29.12; 1009.2819140625; 21.94140625
2026-09-23; 17:21:04; 400; 0; 29.1; 1009.2780859375; 21.9296875
2026-09-23; 17:22:04; 400; 0; 29.27; 1009.2247265625; 21.857421875
2026-09-23; 17:23:04; 400; 0; 29.11; 1009.2095703125; 21.505859375
2026-09-23; 17:24:04; 400; 0; 29.11; 1009.2095703125; 21.701171875
2026-09-23; 17:25:04; 400; 0; 29.15; 1009.20921875; 21.771484375
2026-09-23; 17:26:04; 400; 0; 29.21; 1009.2209765625; 21.61328125
2026-09-23; 17:27:04; 400; 0; 29.36; 1009.1797265625; 21.529296875
2026-09-23; 17:28:04; 400; 0; 29.44; 1009.130859375; 21.154296875
2026-09-23; 17:29:04; 400; 0; 29.39; 1009.079140625; 21.244140625
2026-09-23; 17:30:04; 400; 0; 29.23; 1009.0196484375; 21.248046875
2026-09-23; 17:31:04; 400; 0; 29.27; 1009.0557421875; 21.158203125
2026-09-23; 17:32:04; 400; 0; 29.22; 1009.0881640625; 21.2705078125
2026-09-23; 17:33:04; 400; 0; 29.24; 1009.1284375; 21.271484375
2026-09-23; 17:34:04; 400; 0; 29.22; 1009.0961328125; 21.3046875
2026-09-23; 17:35:04; 400; 0; 29.1; 1009.0246484375; 21.5166015625
2026-09-23; 17:36:04; 400; 0; 29.23; 1009.0196484375; 21.3740234375
2026-09-23; 17:37:04; 400; 0; 29.19; 1009.048203125; 21.314453125
2026-09-23; 17:38:04; 400; 0; 29.02; 1009.00078125; 21.4208984375
2026-09-23; 17:39:04; 400; 0; 29.03; 1008.9969140625; 21.41015625
2026-09-23; 17:40:04; 400; 0; 28.74; 1008.905390625; 21.1220703125
2026-09-23; 17:41:04; 400; 0; 28.85; 1008.9894140625; 21.4248046875
2026-09-23; 17:42:05; 400; 0; 28.87; 1008.9449609375; 21.517578125
2026-09-23; 17:43:05; 400; 0; 28.94; 1008.9570703125; 21.578125
2026-09-23; 17:44:05; 400; 0; 29.09; 1008.859609375; 21.447265625
2026-09-23; 17:45:05; 400; 0; 29.12; 1008.8515625; 21.4140625
2026-09-23; 17:46:05; 400; 0; 28.94; 1008.824296875; 21.6123046875
2026-09-23; 17:47:05; 400; 0; 29.12; 1008.803203125; 21.3916015625
2026-09-23; 17:48:05; 400; 0; 29.22; 1008.7220703125; 21.29296875
2026-09-23; 17:49:05; 400; 0; 29.19; 1008.73046875; 21.4287109375
2026-09-23; 17:50:05; 400; 0; 29.02; 1008.775546875; 21.6962890625
2026-09-23; 17:51:05; 400; 0; 29.15; 1008.7666796875; 21.611328125
2026-09-23; 17:52:05; 400; 0; 29.01; 1008.82390625; 21.890625
2026-09-23; 17:53:05; 400; 0; 29.06; 1008.763359375; 21.904296875
2026-09-23; 17:54:05; 400; 0; 29.02; 1008.747421875; 21.798828125
2026-09-23; 17:55:05; 400; 0; 29.06; 1008.763359375; 21.84765625
2026-09-23; 17:56:05; 400; 0; 29.12; 1008.823359375; 21.9296875
2026-09-23; 17:57:05; 413; 1; 29.09; 1008.6906640625; 21.89453125
2026-09-23; 17:58:05; 405; 0; 29.08; 1008.759140625; 21.7451171875
2026-09-23; 17:59:05; 493; 14; 29.21; 1008.81875; 21.9912109375
2026-09-23; 18:00:05; 549; 22; 29.18; 1008.694296875; 21.841796875
2026-09-23; 18:01:05; 629; 34; 29.1; 1008.714921875; 22.0439453125
2026-09-23; 18:02:05; 795; 60; 29.19; 1008.7384375; 22.08203125
2026-09-23; 18:03:05; 954; 84; 29.19; 1008.702265625; 22.013671875
2026-09-23; 18:04:05; 1105; 107; 28.99; 1008.651171875; 22.2451171875
2026-09-23; 18:05:05; 1270; 132; 29.09; 1008.6141796875; 22.0439453125
2026-09-23; 18:06:05; 1491; 166; 29.11; 1008.674609375; 22.296875
2026-09-23; 18:07:05; 1546; 204; 29.18; 1008.7224609375; 22.150390625
2026-09-23; 18:08:05; 1595; 242; 29.09; 1008.783125; 22.2724609375
2026-09-23; 18:09:05; 1664; 303; 29.18; 1008.827109375; 22.25390625
2026-09-23; 18:10:05; 1726; 364; 29.07; 1008.835625; 22.36328125
2026-09-23; 18:11:05; 1775; 422; 29.07; 1008.85578125; 22.4091796875
2026-09-23; 18:12:05; 1819; 474; 29.16; 1008.8309765625; 22.287109375
2026-09-23; 18:13:05; 1860; 529; 29.12; 1008.803203125; 22.3544921875
2026-09-23; 18:14:05; 1915; 609; 29.19; 1008.794765625; 22.25390625
2026-09-23; 18:15:05; 1959; 676; 29.21; 1008.7342578125; 22.244140625
2026-09-23; 18:16:05; 2001; 748; 29.12; 1008.73890625; 22.353515625
2026-09-23; 18:17:05; 2048; 823; 29.02; 1008.699140625; 22.498046875
2026-09-23; 18:18:05; 2080; 881; 29.1; 1008.6225; 22.4443359375
2026-09-23; 18:19:05; 2070; 865; 29.11; 1008.61828125; 22.2734375
2026-09-23; 18:20:05; 2074; 870; 29.15; 1008.54140625; 22.275390625
2026-09-23; 18:21:05; 2114; 948; 29.17; 1008.6219921875; 22.298828125
2026-09-23; 18:22:06; 2130; 984; 29.14; 1008.6582421875; 22.2861328125
2026-09-23; 18:23:07; 2144; 1018; 29.09; 1008.6343359375; 22.3984375
2026-09-23; 18:24:07; 2193; 1125; 29.2; 1008.6417578125; 22.3349609375
2026-09-23; 18:25:07; 2238; 1220; 29.19; 1008.682109375; 22.3115234375
2026-09-23; 18:26:07; 2270; 1290; 29.25; 1008.65765625; 22.2685546875
2026-09-23; 18:27:07; 2305; 1371; 29.23; 1008.5690625; 22.3251953125
2026-09-23; 18:28:07; 2332; 1423; 29.25; 1008.601328125; 22.314453125
2026-09-23; 18:29:07; 2351; 1466; 29.22; 1008.6094140625; 22.5302734375
2026-09-23; 18:30:07; 2384; 1533; 29.22; 1008.637578125; 22.587890625
2026-09-23; 18:31:07; 2397; 1562; 29.13; 1008.642265625; 22.82421875
2026-09-23; 18:32:07; 2402; 1577; 28.96; 1008.6032421875; 23.125
2026-09-23; 18:33:07; 2376; 1519; 29.01; 1008.590703125; 23.162109375
2026-09-23; 18:34:07; 2376; 1519; 29.01; 1008.5062109375; 23.0927734375
2026-09-23; 18:35:07; 2347; 1453; 28.99; 1008.5385546875; 23.0693359375
2026-09-23; 18:36:07; 2313; 1386; 29.02; 1008.5221875; 23.013671875
2026-09-23; 18:37:07; 2340; 1439; 29.02; 1008.47390625; 23.0244140625
2026-09-23; 18:38:07; 2347; 1453; 28.98; 1008.5788671875; 23.0576171875
2026-09-23; 18:39:07; 2355; 1472; 28.98; 1008.5708984375; 22.96484375
2026-09-23; 18:40:07; 2355; 1472; 28.93; 1008.490703125; 22.9287109375
2026-09-23; 18:41:07; 2347; 1453; 28.91; 1008.49484375; 22.99609375
2026-09-23; 18:42:07; 2365; 1492; 28.85; 1008.4908203125; 23.05078125
2026-09-23; 18:43:07; 2365; 1492; 28.83; 1008.4869921875; 23.072265625
2026-09-23; 18:44:07; 2351; 1466; 28.86; 1008.42234375; 23.0166015625
2026-09-23; 18:45:07; 2336; 1433; 28.82; 1008.3501171875; 23.1171875
2026-09-23; 18:46:07; 2351; 1466; 28.9; 1008.2815625; 22.99609375
2026-09-23; 18:47:07; 2351; 1466; 28.93; 1008.321796875; 22.89453125
2026-09-23; 18:48:07; 2347; 1453; 28.85; 1008.3782421875; 23.0048828125
2026-09-23; 18:49:07; 2336; 1433; 28.81; 1008.306015625; 23.1279296875
2026-09-23; 18:50:07; 2283; 1320; 28.75; 1008.4349609375; 23.228515625
2026-09-23; 18:51:07; 2279; 1315; 28.67; 1008.42734375; 23.384765625
2026-09-23; 18:52:07; 2283; 1320; 28.55; 1008.40375; 23.6875
2026-09-23; 18:53:07; 2274; 1300; 28.51; 1008.4241796875; 23.6845703125
2026-09-23; 18:54:07; 2274; 1300; 28.47; 1008.36796875; 23.751953125
2026-09-23; 18:55:07; 2294; 1347; 28.41; 1008.460625; 23.759765625
2026-09-23; 18:56:07; 2287; 1333; 28.39; 1008.408515625; 23.6904296875
2026-09-23; 18:57:07; 2294; 1347; 28.32; 1008.3525390625; 23.8349609375
2026-09-23; 18:58:07; 2298; 1357; 28.31; 1008.3164453125; 23.9609375
2026-09-23; 18:59:07; 2287; 1333; 28.34; 1008.4126171875; 23.8935546875
2026-09-23; 19:00:07; 2274; 1300; 28.21; 1008.465234375; 23.818359375
2026-09-23; 19:01:07; 2259; 1263; 28.17; 1008.42109375; 23.8037109375
2026-09-23; 19:02:07; 2253; 1252; 28.13; 1008.392890625; 23.8486328125
2026-09-23; 19:03:07; 2249; 1239; 28.13; 1008.4210546875; 23.8369140625
2026-09-23; 19:04:07; 2234; 1211; 28.19; 1008.453046875; 23.759765625
2026-09-23; 19:05:07; 2220; 1188; 28.17; 1008.4290625; 23.78125
2026-09-23; 19:06:08; 2214; 1174; 28.17; 1008.4773046875; 23.861328125
2026-09-23; 19:07:08; 2210; 1161; 28.18; 1008.52140625; 23.8046875
2026-09-23; 19:08:08; 2220; 1188; 28.08; 1008.517734375; 24.0859375
2026-09-23; 19:09:08; 2228; 1198; 28.08; 1008.517734375; 24.017578125
2026-09-23; 19:10:08; 2224; 1197; 28.05; 1008.6019921875; 24.0380859375
2026-09-23; 19:11:08; 2234; 1211; 28.04; 1008.5658984375; 24.1064453125
2026-09-23; 19:12:08; 2238; 1220; 28.03; 1008.4856640625; 24.10546875
2026-09-23; 19:13:08; 2242; 1225; 28.02; 1008.5258984375; 24.23046875
2026-09-23; 19:14:08; 2263; 1276; 28.03; 1008.521796875; 24.265625
2026-09-23; 19:15:08; 2287; 1333; 27.92; 1008.4857421875; 24.2939453125
2026-09-23; 19:16:08; 2305; 1371; 28.0; 1008.5862109375; 24.1611328125
2026-09-23; 19:17:08; 2313; 1386; 27.95; 1008.582265625; 24.21484375
2026-09-23; 19:18:08; 2326; 1410; 27.94; 1008.5461328125; 24.23828125
2026-09-23; 19:19:08; 2336; 1433; 27.94; 1008.518046875; 24.2607421875
2026-09-23; 19:20:08; 2359; 1477; 27.89; 1008.6545703125; 24.314453125
2026-09-23; 19:21:08; 2384; 1533; 27.89; 1008.6826953125; 24.3828125
2026-09-23; 19:22:08; 2384; 1533; 27.84; 1008.714765625; 24.44921875
2026-09-23; 19:23:08; 2397; 1562; 27.87; 1008.7630859375; 24.4052734375
2026-09-23; 19:24:08; 2416; 1603; 27.84; 1008.714765625; 24.4033203125
2026-09-23; 19:25:08; 2452; 1673; 27.8; 1008.7510546875; 24.447265625
2026-09-23; 19:26:08; 2478; 1728; 27.77; 1008.78703125; 24.48046875
2026-09-23; 19:27:08; 2497; 1774; 27.76; 1008.7991015625; 24.501953125
2026-09-23; 19:28:08; 2533; 1855; 27.69; 1008.7430078125; 24.646484375
2026-09-23; 19:29:08; 2567; 1924; 27.66; 1008.722734375; 24.65625
2026-09-23; 19:30:08; 2601; 2002; 27.63; 1008.69453125; 24.7001953125
2026-09-23; 19:31:08; 2641; 2083; 27.65; 1008.6984375; 24.6904296875
2026-09-23; 19:32:08; 2679; 2154; 27.59; 1008.6946875; 24.7783203125
2026-09-23; 19:33:08; 2730; 2291; 27.42; 1008.7024609375; 24.962890625
2026-09-23; 19:34:08; 2766; 2354; 27.3; 1008.7062890625; 25.126953125
2026-09-23; 19:35:08; 2792; 2416; 27.31; 1008.5899609375; 25.150390625
2026-09-23; 19:36:08; 2821; 2480; 27.35; 1008.702421875; 25.1181640625
2026-09-23; 19:37:08; 2859; 2564; 27.29; 1008.634140625; 25.115234375
2026-09-23; 19:38:08; 2867; 2581; 27.25; 1008.6141796875; 25.2958984375
2026-09-23; 19:39:08; 2920; 2679; 27.19; 1008.5940234375; 25.3037109375
2026-09-23; 19:40:08; 2963; 2768; 27.14; 1008.597890625; 25.3916015625
2026-09-23; 19:41:08; 3019; 2885; 27.12; 1008.565859375; 25.4130859375
2026-09-23; 19:42:08; 3060; 2973; 27.08; 1008.6698828125; 25.513671875
2026-09-23; 19:43:08; 3102; 3065; 27.01; 1008.59328125; 25.5888671875
2026-09-23; 19:44:08; 3150; 3174; 26.99; 1008.681484375; 25.6455078125
2026-09-23; 19:45:08; 3192; 3259; 26.93; 1008.725390625; 25.7109375
2026-09-23; 19:46:08; 3235; 3360; 26.87; 1008.76125; 25.7978515625
2026-09-23; 19:47:08; 3263; 3414; 26.85; 1008.813359375; 25.841796875
2026-09-23; 19:48:08; 3316; 3528; 26.87; 1008.76125; 25.8427734375
2026-09-23; 19:49:09; 3341; 3582; 26.83; 1008.73296875; 25.8291015625
2026-09-23; 19:50:09; 3395; 3707; 26.79; 1008.6688671875; 25.9521484375
2026-09-23; 19:51:09; 3435; 3777; 26.76; 1008.76078125; 26.01953125
2026-09-23; 19:52:09; 3507; 3933; 26.75; 1008.680625; 26.041015625
2026-09-23; 19:53:09; 3527; 3981; 26.7; 1008.6926953125; 26.1064453125
2026-09-23; 19:54:09; 3574; 4084; 26.66; 1008.6643359375; 26.138671875
2026-09-23; 19:55:09; 3630; 4197; 26.64; 1008.624296875; 26.228515625
2026-09-23; 19:56:09; 3668; 4268; 26.63; 1008.6443359375; 26.2509765625
2026-09-23; 19:57:09; 3715; 4375; 26.58; 1008.67609375; 26.2822265625
2026-09-23; 19:58:09; 3753; 4458; 26.53; 1008.7078515625; 26.3359375
2026-09-23; 19:59:09; 3790; 4536; 26.51; 1008.731875; 26.3798828125
2026-09-23; 20:00:09; 3830; 4630; 26.45; 1008.615390625; 26.4794921875
2026-09-23; 20:01:09; 3859; 4702; 26.43; 1008.6394140625; 26.478515625
2026-09-23; 20:02:09; 3882; 4758; 26.44; 1008.6755078125; 26.5126953125
2026-09-23; 20:03:09; 3911; 4806; 26.38; 1008.6988671875; 26.599609375
2026-09-23; 20:04:09; 3950; 4903; 26.38; 1008.6428125; 26.6337890625
2026-09-23; 20:05:09; 3974; 4944; 26.39; 1008.6788671875; 26.646484375
2026-09-23; 20:06:09; 4005; 5015; 26.37; 1008.786953125; 26.64453125
2026-09-23; 20:07:09; 4016; 5040; 26.36; 1008.722890625; 26.712890625
2026-09-23; 20:08:09; 4035; 5089; 26.31; 1008.7826171875; 26.720703125
2026-09-23; 20:09:09; 4047; 5106; 26.31; 1008.7465625; 26.732421875
2026-09-23; 20:10:09; 4066; 5155; 26.25; 1008.7341796875; 26.7734375
2026-09-23; 20:11:09; 4077; 5181; 26.26; 1008.7021484375; 26.8203125
2026-09-23; 20:12:09; 4120; 5241; 26.24; 1008.746171875; 26.8876953125
2026-09-23; 20:13:09; 4104; 5198; 26.21; 1008.70578125; 26.908203125
2026-09-23; 20:14:09; 4148; 5291; 26.21; 1008.6777734375; 26.908203125
2026-09-23; 20:15:09; 4180; 5368; 26.16; 1008.717734375; 26.9853515625
2026-09-23; 20:16:09; 4212; 5443; 26.14; 1008.685390625; 26.984375
2026-09-23; 20:17:09; 4240; 5504; 26.14; 1008.705390625; 26.9609375
2026-09-23; 20:18:09; 4260; 5539; 26.15; 1008.6096484375; 27.0185546875
2026-09-23; 20:19:09; 4272; 5557; 26.16; 1008.625625; 26.984375
2026-09-23; 20:20:09; 4309; 5636; 26.14; 1008.7333984375; 27.029296875
2026-09-23; 20:21:09; 4321; 5672; 26.13; 1008.641328125; 27.0966796875
2026-09-23; 20:22:09; 4321; 5672; 26.11; 1008.7133203125; 27.1298828125
2026-09-23; 20:23:09; 4358; 5753; 26.11; 1008.721328125; 27.1298828125
2026-09-23; 20:24:09; 4387; 5812; 26.08; 1008.729296875; 27.1845703125
2026-09-23; 20:25:09; 4387; 5812; 26.05; 1008.6808984375; 27.2275390625
2026-09-23; 20:26:09; 4421; 5885; 26.04; 1008.7208984375; 27.216796875
2026-09-23; 20:27:09; 4442; 5940; 26.05; 1008.72890625; 27.16015625
2026-09-23; 20:28:09; 4442; 5940; 26.07; 1008.704921875; 27.251953125
2026-09-23; 20:29:09; 4477; 6003; 26.06; 1008.716953125; 27.2509765625
2026-09-23; 20:30:09; 4477; 6003; 26.05; 1008.70890625; 27.2734375
2026-09-23; 20:31:09; 4477; 6003; 26.05; 1008.70890625; 27.2734375
2026-09-23; 20:32:10; 4498; 6041; 26.03; 1008.7608984375; 27.2724609375
2026-09-23; 20:33:10; 4477; 6003; 26.0; 1008.7044921875; 27.349609375
2026-09-23; 20:34:10; 4477; 6003; 25.94; 1008.75609375; 27.4716796875
2026-09-23; 20:35:10; 4477; 6003; 25.85; 1008.7315234375; 27.580078125
2026-09-23; 20:36:10; 4477; 6003; 25.8; 1008.7630859375; 27.6669921875
2026-09-23; 20:37:10; 4511; 6078; 25.76; 1008.6708984375; 27.7109375
2026-09-23; 20:38:10; 4528; 6115; 25.73; 1008.726484375; 27.73046875
2026-09-23; 20:39:10; 4511; 6078; 25.69; 1008.7460546875; 27.8193359375
2026-09-23; 20:40:10; 4511; 6078; 25.66; 1008.7056640625; 27.8515625
2026-09-23; 20:41:10; 4528; 6115; 25.64; 1008.729609375; 27.91796875
2026-09-23; 20:42:10; 4511; 6078; 25.62; 1008.6775390625; 27.9287109375
2026-09-23; 20:43:10; 4511; 6078; 25.6; 1008.6654296875; 27.984375
2026-09-23; 20:44:10; 4528; 6115; 25.58; 1008.6690625; 27.9716796875
2026-09-23; 20:45:10; 4528; 6115; 25.56; 1008.656953125; 28.02734375
2026-09-23; 20:46:10; 4550; 6162; 25.5; 1008.6524609375; 28.080078125
2026-09-23; 20:47:10; 4528; 6115; 25.49; 1008.600390625; 28.0791015625
2026-09-23; 20:48:10; 4528; 6115; 25.48; 1008.6763671875; 28.11328125
2026-09-23; 20:49:10; 4528; 6115; 25.45; 1008.56390625; 28.14453125
2026-09-23; 20:50:10; 4550; 6162; 25.46; 1008.6359375; 28.1572265625
2026-09-23; 20:51:10; 4550; 6162; 25.42; 1008.5437890625; 28.2001953125
2026-09-23; 20:52:10; 4550; 6162; 25.43; 1008.511875; 28.189453125
2026-09-23; 20:53:10; 4550; 6162; 25.42; 1008.4318359375; 28.22265625
2026-09-23; 20:54:10; 4567; 6202; 25.42; 1008.4118359375; 28.2109375
2026-09-23; 20:55:10; 4567; 6202; 25.4; 1008.4557421875; 28.208984375
2026-09-23; 20:56:10; 4550; 6162; 25.39; 1008.39140625; 28.2431640625
2026-09-23; 20:57:10; 4528; 6115; 25.37; 1008.3673828125; 28.2646484375
2026-09-23; 20:58:10; 4550; 6162; 25.38; 1008.439375; 28.208984375
2026-09-23; 20:59:10; 4528; 6115; 25.34; 1008.4231640625; 28.353515625
2026-09-23; 21:00:10; 4528; 6115; 25.32; 1008.4551171875; 28.3525390625
2026-09-23; 21:01:11; 4528; 6115; 25.33; 1008.41515625; 28.3876953125
2026-09-23; 21:02:11; 4528; 6115; 25.32; 1008.4187890625; 28.4423828125
2026-09-23; 21:03:11; 4511; 6078; 25.29; 1008.4066796875; 28.44140625
2026-09-23; 21:04:11; 4528; 6115; 25.28; 1008.3826171875; 28.4970703125
2026-09-23; 21:05:11; 4528; 6115; 25.26; 1008.3585546875; 28.5068359375
2026-09-23; 21:06:11; 4528; 6115; 25.27; 1008.374609375; 28.49609375
2026-09-23; 21:07:11; 4511; 6078; 25.24; 1008.326171875; 28.5400390625
2026-09-23; 21:08:11; 4511; 6078; 25.21; 1008.3819921875; 28.6171875
2026-09-23; 21:09:11; 4511; 6078; 25.19; 1008.329921875; 28.650390625
2026-09-23; 21:10:11; 4528; 6115; 25.19; 1008.3579296875; 28.68359375
2026-09-23; 21:11:11; 4550; 6162; 25.17; 1008.297578125; 28.705078125
2026-09-23; 21:12:11; 4550; 6162; 25.16; 1008.225546875; 28.7158203125
2026-09-23; 21:13:11; 4550; 6162; 25.15; 1008.2854296875; 28.7607421875
2026-09-23; 21:14:11; 4567; 6202; 25.12; 1008.3012890625; 28.7822265625
2026-09-23; 21:15:11; 4567; 6202; 25.09; 1008.204921875; 28.802734375
2026-09-23; 21:16:11; 4567; 6202; 25.05; 1008.1967578125; 28.8798828125
2026-09-23; 21:17:11; 4589; 6259; 25.04; 1008.180390625; 28.935546875
2026-09-23; 21:18:11; 4606; 6278; 25.04; 1008.264296875; 28.9580078125
2026-09-23; 21:19:11; 4589; 6259; 25.04; 1008.2562890625; 28.9345703125
2026-09-23; 21:20:11; 4589; 6259; 25.02; 1008.2878515625; 28.9794921875
2026-09-23; 21:21:11; 4589; 6259; 25.02; 1008.2598828125; 28.9560546875
2026-09-23; 21:22:11; 4567; 6202; 25.0; 1008.3316796875; 29.01171875
2026-09-23; 21:23:11; 4567; 6202; 24.99; 1008.239765625; 28.9775390625
2026-09-23; 21:24:11; 4567; 6202; 25.01; 1008.3277734375; 29.0234375
2026-09-23; 21:25:11; 4589; 6259; 24.99; 1008.315625; 29.0224609375
2026-09-23; 21:26:11; 4567; 6202; 24.98; 1008.3635546875; 29.044921875
2026-09-23; 21:27:11; 4589; 6259; 24.93; 1008.4428125; 29.09765625
2026-09-23; 21:28:11; 4606; 6278; 24.92; 1008.406796875; 29.142578125
2026-09-23; 21:29:11; 4606; 6278; 24.91; 1008.4746484375; 29.1416015625
2026-09-23; 21:30:11; 4606; 6278; 24.93; 1008.5067578125; 29.166015625
2026-09-23; 21:31:12; 4620; 6325; 24.91; 1008.578203125; 29.1640625
2026-09-23; 21:32:12; 4606; 6278; 24.88; 1008.5660546875; 29.2197265625
2026-09-23; 21:33:12; 4606; 6278; 24.86; 1008.5898828125; 29.20703125
2026-09-23; 21:34:12; 4606; 6278; 24.85; 1008.601796875; 29.2626953125
2026-09-23; 21:35:12; 4606; 6278; 24.87; 1008.6059375; 29.23046875
2026-09-23; 21:36:12; 4620; 6325; 24.85; 1008.573828125; 29.240234375
2026-09-23; 21:37:12; 4620; 6325; 24.86; 1008.6178515625; 29.2412109375
2026-09-23; 21:38:12; 4620; 6325; 24.85; 1008.5658203125; 29.26171875
2026-09-23; 21:39:12; 4646; 6382; 24.85; 1008.62171875; 29.2958984375
2026-09-23; 21:40:12; 4646; 6382; 24.83; 1008.54140625; 29.2958984375
2026-09-23; 21:41:12; 4664; 6411; 24.85; 1008.573828125; 29.2626953125
2026-09-23; 21:42:12; 4664; 6411; 24.81; 1008.48140625; 29.33984375
2026-09-23; 21:43:12; 4664; 6411; 24.81; 1008.4254296875; 29.3505859375
2026-09-23; 21:44:12; 4682; 6441; 24.81; 1008.4533984375; 29.3740234375
2026-09-23; 21:45:12; 4682; 6441; 24.82; 1008.4494921875; 29.3515625
2026-09-23; 21:46:12; 4682; 6441; 24.81; 1008.5093359375; 29.396484375
2026-09-23; 21:47:12; 4682; 6441; 24.78; 1008.4971875; 29.4052734375
2026-09-23; 21:48:12; 4682; 6441; 24.73; 1008.472578125; 29.4921875
2026-09-23; 21:49:12; 4704; 6498; 24.74; 1008.48859375; 29.515625
2026-09-23; 21:50:12; 4704; 6498; 24.71; 1008.4963671875; 29.525390625
2026-09-23; 21:51:12; 4719; 6518; 24.74; 1008.508515625; 29.515625
2026-09-23; 21:52:12; 4704; 6498; 24.7; 1008.45203125; 29.5244140625
2026-09-23; 21:53:12; 4704; 6498; 24.7; 1008.41609375; 29.5693359375
2026-09-23; 21:54:12; 4704; 6498; 24.68; 1008.3640234375; 29.591796875
2026-09-23; 21:55:12; 4719; 6518; 24.68; 1008.4398828125; 29.669921875
2026-09-23; 21:56:12; 4704; 6498; 24.65; 1008.44765625; 29.6337890625
2026-09-23; 21:57:12; 4719; 6518; 24.62; 1008.463125; 29.7119140625
2026-09-23; 21:58:12; 4719; 6518; 24.61; 1008.5229296875; 29.744140625
2026-09-23; 21:59:12; 4719; 6518; 24.59; 1008.434921875; 29.7880859375
2026-09-23; 22:00:12; 4746; 6576; 24.57; 1008.5505859375; 29.7763671875
2026-09-23; 22:01:13; 4760; 6620; 24.56; 1008.4783203125; 29.8427734375
2026-09-23; 22:02:13; 4760; 6620; 24.56; 1008.4783203125; 29.8203125
2026-09-23; 22:03:13; 4777; 6658; 24.56; 1008.4583984375; 29.8662109375
2026-09-23; 22:04:13; 4805; 6719; 24.53; 1008.4381640625; 29.88671875
2026-09-23; 22:05:13; 4777; 6658; 24.51; 1008.4340234375; 29.9541015625
2026-09-23; 22:06:13; 4805; 6719; 24.5; 1008.4096484375; 29.9296875
2026-09-23; 22:07:13; 4820; 6740; 24.51; 1008.4340234375; 29.9423828125
2026-09-23; 22:08:13; 4820; 6740; 24.5; 1008.5214453125; 29.9521484375
2026-09-23; 22:09:13; 4868; 6839; 24.49; 1008.4016015625; 30.0087890625
2026-09-23; 22:10:13; 4868; 6839; 24.46; 1008.4652734375; 30.0634765625
2026-09-23; 22:11:13; 4868; 6839; 24.48; 1008.3775390625; 30.052734375
2026-09-23; 22:12:13; 4891; 6879; 24.5; 1008.3900390625; 30.021484375
2026-09-23; 22:13:13; 4905; 6909; 24.54; 1008.3344140625; 29.955078125
2026-09-23; 22:14:13; 4905; 6909; 24.57; 1008.410859375; 29.9345703125
2026-09-23; 22:15:13; 4920; 6950; 24.56; 1008.3466015625; 29.9111328125
2026-09-23; 22:16:13; 4920; 6950; 24.56; 1008.290703125; 29.9345703125
2026-09-23; 22:17:13; 4971; 7048; 24.64; 1008.347421875; 29.814453125
2026-09-23; 22:18:13; 4971; 7048; 24.64; 1008.3753515625; 29.8369140625
2026-09-23; 22:19:13; 4986; 7099; 24.66; 1008.331953125; 29.7822265625
2026-09-23; 22:20:13; 4986; 7099; 24.65; 1008.3718359375; 29.826171875
2026-09-23; 22:21:13; 4986; 7099; 24.64; 1008.3278125; 29.849609375
2026-09-23; 22:22:13; 5029; 7191; 24.65; 1008.3637890625; 29.826171875
2026-09-23; 22:23:13; 5029; 7191; 24.65; 1008.2879296875; 29.8720703125
2026-09-23; 22:24:13; 5058; 7254; 24.64; 1008.3837109375; 29.8720703125
2026-09-23; 22:25:13; 5081; 7296; 24.62; 1008.295390625; 29.927734375
2026-09-23; 22:26:13; 5099; 7337; 24.59; 1008.378984375; 29.9697265625
2026-09-23; 22:27:13; 5145; 7423; 24.63; 1008.415234375; 29.9384765625
2026-09-23; 22:28:13; 5175; 7487; 24.6; 1008.458984375; 29.970703125
2026-09-23; 22:29:13; 5195; 7545; 24.6; 1008.458984375; 29.9365234375
2026-09-23; 22:30:13; 5245; 7653; 24.59; 1008.526796875; 29.9365234375
2026-09-23; 22:31:13; 5225; 7609; 24.58; 1008.502734375; 29.9921875
2026-09-23; 22:32:13; 5245; 7653; 24.55; 1008.3864453125; 30.0126953125
2026-09-23; 22:33:13; 5265; 7695; 24.56; 1008.3944921875; 30.0244140625
2026-09-23; 22:34:13; 5351; 7872; 24.55; 1008.3864453125; 30.0126953125
2026-09-23; 22:35:13; 5351; 7872; 24.54; 1008.3903125; 30.056640625
2026-09-23; 22:36:13; 5366; 7905; 24.55; 1008.35046875; 30.0693359375
2026-09-23; 22:37:13; 5397; 7971; 24.55; 1008.35046875; 30.103515625
2026-09-23; 22:38:13; 5418; 8044; 24.56; 1008.28265625; 30.046875
2026-09-23; 22:39:13; 5443; 8089; 24.6; 1008.4230078125; 30.0390625
2026-09-23; 22:40:14; 5474; 8146; 24.56; 1008.3186328125; 30.0703125
2026-09-23; 22:41:14; 5502; 8214; 24.55; 1008.3026171875; 30.103515625
2026-09-23; 22:42:14; 5534; 8270; 24.52; 1008.274375; 30.134765625
2026-09-23; 22:43:14; 5534; 8270; 24.48; 1008.30171875; 30.177734375
2026-09-23; 22:44:14; 5613; 8455; 24.46; 1008.269609375; 30.232421875
2026-09-23; 22:45:14; 5645; 8525; 24.47; 1008.257734375; 30.2216796875
2026-09-23; 22:46:14; 5667; 8566; 24.5; 1008.241953125; 30.2470703125
2026-09-23; 22:47:14; 5667; 8566; 24.47; 1008.3416015625; 30.2333984375
2026-09-23; 22:48:14; 5721; 8694; 24.47; 1008.27765625; 30.267578125
2026-09-23; 22:49:14; 5760; 8767; 24.46; 1008.28953125; 30.2783203125
2026-09-23; 22:50:14; 5797; 8826; 24.44; 1008.3493359375; 30.3330078125
2026-09-23; 22:51:14; 5797; 8826; 24.43; 1008.2969921875; 30.3330078125
2026-09-23; 22:52:14; 5854; 8946; 24.39; 1008.4084765625; 30.375
2026-09-23; 22:53:14; 5882; 8995; 24.41; 1008.376640625; 30.4111328125
2026-09-23; 22:54:14; 5916; 9062; 24.42; 1008.4486328125; 30.421875
2026-09-23; 22:55:14; 5944; 9135; 24.39; 1008.4923046875; 30.455078125
2026-09-23; 22:56:14; 5978; 9197; 24.37; 1008.488125; 30.486328125
2026-09-23; 22:57:14; 6007; 9271; 24.38; 1008.468203125; 30.4873046875
2026-09-23; 22:58:14; 6074; 9408; 24.36; 1008.4996875; 30.5205078125
2026-09-23; 22:59:14; 6109; 9471; 24.35; 1008.4277734375; 30.51953125
2026-09-23; 23:00:14; 6109; 9471; 24.32; 1008.3712890625; 30.5625
2026-09-23; 23:01:14; 6175; 9616; 24.35; 1008.455703125; 30.51953125
2026-09-23; 23:02:14; 6205; 9693; 24.31; 1008.4191015625; 30.5732421875
2026-09-23; 23:03:14; 6205; 9693; 24.27; 1008.3626171875; 30.6162109375
2026-09-23; 23:04:14; 6241; 9783; 24.28; 1008.378671875; 30.650390625
2026-09-23; 23:05:14; 6283; 9874; 24.24; 1008.3703125; 30.6708984375
2026-09-23; 23:06:14; 6312; 9925; 24.27; 1008.3825390625; 30.6611328125
2026-09-23; 23:07:14; 6354; 10016; 24.27; 1008.278828125; 30.68359375
2026-09-23; 23:08:14; 6354; 10016; 24.29; 1008.3112109375; 30.6396484375
2026-09-23; 23:09:14; 6385; 10082; 24.26; 1008.3385546875; 30.693359375
2026-09-23; 23:10:14; 6428; 10162; 24.26; 1008.310625; 30.693359375
2026-09-23; 23:11:14; 6428; 10162; 24.29; 1008.4146484375; 30.662109375
2026-09-23; 23:12:14; 6428; 10162; 24.27; 1008.29875; 30.7177734375
2026-09-23; 23:13:14; 6428; 10162; 24.23; 1008.3183203125; 30.748046875
2026-09-23; 23:14:14; 6453; 10244; 24.26; 1008.37453125; 30.716796875
2026-09-23; 23:15:14; 6496; 10325; 24.26; 1008.3466015625; 30.7509765625
2026-09-23; 23:16:14; 6496; 10325; 24.23; 1008.37421875; 30.7822265625
2026-09-23; 23:17:14; 6496; 10325; 24.19; 1008.3176953125; 30.8359375
2026-09-23; 23:18:14; 6496; 10325; 24.14; 1008.3208984375; 30.9013671875
2026-09-23; 23:19:14; 6528; 10392; 24.17; 1008.341484375; 30.857421875
2026-09-23; 23:20:14; 6528; 10392; 24.17; 1008.4172265625; 30.857421875
2026-09-23; 23:21:14; 6528; 10392; 24.18; 1008.377421875; 30.8359375
2026-09-23; 23:22:14; 6528; 10392; 24.18; 1008.3854296875; 30.869140625
2026-09-23; 23:23:15; 6573; 10501; 24.12; 1008.3446484375; 30.93359375
2026-09-23; 23:24:15; 6573; 10501; 24.1; 1008.34046875; 30.98828125
2026-09-23; 23:25:15; 6573; 10501; 24.08; 1008.3000390625; 31.04296875
2026-09-23; 23:26:15; 6573; 10501; 24.08; 1008.2522265625; 31.0439453125
2026-09-23; 23:27:15; 6573; 10501; 24.12; 1008.2887890625; 30.990234375
2026-09-23; 23:28:15; 6573; 10501; 24.06; 1008.2679296875; 31.0419921875
2026-09-23; 23:29:15; 6573; 10501; 24.03; 1008.3394921875; 31.119140625
2026-09-24; 02:24:26; 402; 0; 23.11; 1007.9416796875; 32.5087890625
2026-09-24; 02:25:26; 400; 0; 23.11; 1007.977578125; 32.486328125
2026-09-24; 02:26:26; 403; 0; 23.13; 1008.0298828125; 32.419921875
2026-09-24; 02:27:26; 400; 0; 23.15; 1008.0341015625; 32.3662109375
2026-09-24; 02:28:26; 406; 0; 23.14; 1008.0459375; 32.1845703125
2026-09-24; 02:29:26; 400; 0; 23.14; 1007.9703125; 32.3544921875
2026-09-24; 02:30:26; 400; 0; 23.16; 1007.9745703125; 32.2880859375
2026-09-24; 02:31:26; 400; 0; 23.16; 1007.9466796875; 32.25390625
2026-09-24; 02:32:26; 400; 0; 23.22; 1008.0273046875; 32.16796875
2026-09-24; 02:33:26; 400; 0; 23.23; 1007.995625; 32.123046875
2026-09-24; 02:34:26; 400; 0; 23.22; 1008.063203125; 32.111328125
2026-09-24; 02:35:26; 400; 0; 23.23; 1008.0712890625; 32.111328125
2026-09-24; 02:36:26; 400; 0; 23.22; 1008.063203125; 32.111328125
2026-09-24; 02:37:26; 400; 0; 23.25; 1008.0835546875; 32.080078125
2026-09-24; 02:38:26; 403; 0; 23.25; 1008.1114453125; 32.056640625
2026-09-24; 02:39:26; 400; 0; 23.25; 1008.0755078125; 32.056640625
2026-09-24; 02:40:26; 405; 0; 23.27; 1008.080078125; 32.0693359375
2026-09-24; 02:41:26; 400; 0; 23.24; 1008.0953515625; 32.0908203125
2026-09-24; 02:42:26; 400; 0; 23.27; 1008.0601953125; 32.013671875
2026-09-24; 02:43:26; 400; 0; 23.29; 1008.084296875; 31.9921875
2026-09-24; 02:44:26; 405; 0; 23.33; 1008.10078125; 31.939453125
2026-09-24; 02:45:27; 402; 0; 23.3; 1008.0724609375; 31.958984375
2026-09-24; 02:46:27; 400; 0; 23.3; 1007.9968359375; 31.970703125
2026-09-24; 02:47:27; 400; 0; 23.26; 1007.988046875; 32.013671875
2026-09-24; 02:48:27; 400; 0; 23.28; 1007.9566796875; 31.9912109375
2026-09-24; 02:49:27; 400; 0; 23.25; 1007.9639453125; 32.056640625
2026-09-24; 02:50:27; 403; 0; 23.27; 1007.9765234375; 31.9345703125
2026-09-24; 02:51:27; 400; 0; 23.29; 1007.972734375; 31.9580078125
2026-09-24; 02:52:27; 403; 0; 23.29; 1007.972734375; 31.9697265625
2026-09-24; 02:53:27; 400; 0; 23.26; 1007.96015625; 31.9345703125
2026-09-24; 02:54:27; 403; 0; 23.27; 1008.0044140625; 31.9228515625
2026-09-24; 02:55:27; 400; 0; 23.27; 1007.9765234375; 31.912109375
2026-09-24; 02:56:27; 400; 0; 23.27; 1007.9963671875; 31.912109375
2026-09-24; 02:57:27; 403; 0; 23.27; 1007.9684765625; 31.9228515625
2026-09-24; 02:58:27; 400; 0; 23.3; 1008.0445703125; 31.8916015625
2026-09-24; 02:59:27; 400; 0; 23.32; 1007.9173828125; 31.7802734375
2026-09-24; 03:00:27; 400; 0; 23.32; 1007.993046875; 31.8134765625
2026-09-24; 03:01:27; 400; 0; 23.32; 1007.993046875; 31.802734375
2026-09-24; 03:02:27; 402; 0; 23.3; 1007.885234375; 31.8134765625
2026-09-24; 03:03:27; 407; 1; 23.3; 1008.0166796875; 31.857421875
2026-09-24; 03:04:27; 403; 0; 23.29; 1007.8890234375; 31.833984375
2026-09-24; 03:05:27; 402; 0; 23.31; 1007.92921875; 31.791015625
2026-09-24; 03:06:27; 400; 0; 23.35; 1007.874140625; 31.7490234375
2026-09-24; 03:07:27; 403; 0; 23.32; 1007.9173828125; 31.7802734375
2026-09-24; 03:08:27; 403; 0; 23.35; 1007.9578515625; 31.7822265625
2026-09-24; 03:09:27; 406; 0; 23.29; 1007.8970703125; 31.8349609375
2026-09-24; 03:10:27; 405; 0; 23.31; 1007.9490625; 31.8466796875
2026-09-24; 03:11:27; 400; 0; 23.29; 1007.9448046875; 31.8681640625
2026-09-24; 03:12:27; 403; 0; 23.28; 1007.936796875; 31.87890625
2026-09-24; 03:13:27; 403; 0; 23.27; 1008.0323046875; 31.8779296875
2026-09-24; 03:14:27; 400; 0; 23.32; 1008.0568359375; 31.8251953125
2026-09-24; 03:15:27; 403; 0; 23.31; 1008.0128515625; 31.8359375
2026-09-24; 03:16:27; 400; 0; 23.31; 1007.92921875; 31.8583984375
2026-09-24; 03:17:27; 405; 0; 23.32; 1007.9651171875; 31.8359375
2026-09-24; 03:18:27; 405; 0; 23.31; 1008.0128515625; 31.8583984375
2026-09-24; 03:19:27; 405; 0; 23.27; 1008.0521875; 31.912109375
2026-09-24; 03:20:27; 402; 0; 23.3; 1008.1003515625; 31.869140625
2026-09-24; 03:21:27; 402; 0; 23.27; 1008.0323046875; 31.912109375
2026-09-24; 03:22:27; 402; 0; 23.25; 1008.0197265625; 31.9326171875
2026-09-24; 03:23:27; 402; 0; 23.21; 1008.0471875; 31.986328125
2026-09-24; 03:24:27; 402; 0; 23.24; 1008.003671875; 31.9775390625
2026-09-24; 03:25:27; 402; 0; 23.22; 1008.063203125; 32.009765625
2026-09-24; 03:26:27; 410; 1; 23.21; 1008.019296875; 31.986328125
2026-09-24; 03:27:27; 407; 1; 23.24; 1008.0674609375; 31.978515625
2026-09-24; 03:28:28; 414; 2; 23.24; 1008.039609375; 31.9892578125
2026-09-24; 03:29:28; 416; 2; 23.23; 1007.995625; 31.931640625
2026-09-24; 03:30:28; 414; 2; 23.24; 1007.9558984375; 31.921875
2026-09-24; 03:31:28; 414; 2; 23.25; 1007.9639453125; 31.921875
2026-09-24; 03:32:28; 416; 2; 23.24; 1007.8920703125; 31.943359375
2026-09-24; 03:33:28; 416; 2; 23.24; 1008.003671875; 31.9326171875
2026-09-24; 03:34:28; 416; 2; 23.23; 1008.0155078125; 31.9873046875
2026-09-24; 03:35:28; 420; 3; 23.26; 1007.98; 31.9677734375
2026-09-24; 03:36:28; 420; 3; 23.23; 1007.967734375; 31.943359375
2026-09-24; 03:37:28; 424; 3; 23.28; 1008.02046875; 31.90234375
2026-09-24; 03:38:28; 424; 3; 23.26; 1007.952109375; 31.9228515625
2026-09-24; 03:39:28; 424; 3; 23.26; 1008.007890625; 31.93359375
2026-09-24; 03:40:28; 432; 4; 23.25; 1008.0197265625; 31.9326171875
2026-09-24; 03:41:28; 424; 3; 23.23; 1007.93984375; 31.9990234375
2026-09-24; 03:42:28; 432; 4; 23.24; 1007.9280078125; 31.9560546875
2026-09-24; 03:43:28; 432; 4; 23.27; 1007.9486328125; 31.9228515625
2026-09-24; 03:44:28; 432; 4; 23.22; 1007.9237890625; 31.9765625
2026-09-24; 03:45:28; 427; 4; 23.25; 1007.9081640625; 31.9443359375
2026-09-24; 03:46:28; 432; 4; 23.25; 1007.9360546875; 31.9560546875
2026-09-24; 03:47:28; 432; 4; 23.24; 1007.9001171875; 31.9560546875
2026-09-24; 03:48:28; 439; 5; 23.25; 1007.8802734375; 31.9560546875
2026-09-24; 03:49:28; 442; 6; 23.19; 1008.0785546875; 32.0654296875
2026-09-24; 03:50:28; 442; 6; 23.17; 1007.990625; 32.0517578125
2026-09-24; 03:51:28; 439; 5; 23.19; 1008.0426171875; 32.0751953125
2026-09-24; 03:52:28; 446; 7; 23.18; 1008.08234375; 32.07421875
2026-09-24; 03:53:28; 454; 8; 23.15; 1008.2014453125; 32.15234375
2026-09-24; 03:54:28; 460; 9; 23.13; 1008.17734375; 32.1845703125
2026-09-24; 03:55:28; 464; 9; 23.15; 1008.1537109375; 32.1630859375
2026-09-24; 03:56:28; 470; 10; 23.17; 1008.15796875; 32.1533203125
2026-09-24; 03:57:28; 473; 11; 23.13; 1008.17734375; 32.1845703125
2026-09-24; 03:58:28; 477; 11; 23.14; 1008.1933984375; 32.162109375
2026-09-24; 03:59:28; 473; 11; 23.14; 1008.1853515625; 32.2177734375
2026-09-24; 04:00:28; 481; 12; 23.17; 1008.1021484375; 32.1875
2026-09-24; 04:01:28; 483; 12; 23.14; 1008.1574609375; 32.20703125
2026-09-24; 04:02:28; 488; 13; 23.16; 1008.058203125; 32.197265625
2026-09-24; 04:03:28; 497; 14; 23.15; 1008.1177734375; 32.2080078125
2026-09-24; 04:04:28; 497; 14; 23.17; 1008.130078125; 32.17578125
2026-09-24; 04:05:28; 500; 15; 23.19; 1008.050625; 32.1435546875
2026-09-24; 04:06:28; 514; 17; 23.18; 1008.1938671875; 32.1640625
2026-09-24; 04:07:28; 518; 17; 23.15; 1008.1258203125; 32.2080078125
2026-09-24; 04:08:28; 524; 18; 23.13; 1008.113515625; 32.2177734375
2026-09-24; 04:09:28; 527; 19; 23.16; 1008.1338671875; 32.23046875
2026-09-24; 04:10:28; 531; 19; 23.15; 1008.0979296875; 32.23046875
2026-09-24; 04:11:29; 545; 22; 23.14; 1008.13765625; 32.275390625
2026-09-24; 04:12:29; 553; 23; 23.15; 1008.089921875; 32.287109375
2026-09-24; 04:13:29; 549; 22; 23.14; 1008.0459375; 32.263671875
2026-09-24; 04:14:29; 553; 23; 23.15; 1008.0341015625; 32.2646484375
2026-09-24; 04:15:29; 556; 23; 23.11; 1008.033359375; 32.3291015625
2026-09-24; 04:16:29; 556; 23; 23.11; 1008.0531640625; 32.33984375
2026-09-24; 04:17:29; 570; 25; 23.13; 1008.085625; 32.330078125
2026-09-24; 04:18:29; 570; 25; 23.14; 1008.1097265625; 32.30859375
2026-09-24; 04:19:29; 580; 27; 23.12; 1008.0692578125; 32.3525390625
2026-09-24; 04:20:29; 584; 28; 23.11; 1008.1647265625; 32.3857421875
2026-09-24; 04:21:29; 65535; 65535; 23.12; 1008.1808203125; 32.375
2026-09-24; 04:22:29; 596; 29; 23.08; 1008.1165234375; 32.439453125
2026-09-24; 04:23:29; 596; 29; 23.11; 1008.1169921875; 32.396484375
2026-09-24; 04:24:29; 603; 30; 23.08; 1008.088671875; 32.4619140625
2026-09-24; 04:25:29; 618; 33; 23.09; 1008.1046875; 32.4404296875
2026-09-24; 04:26:29; 618; 33; 23.09; 1008.1605078125; 32.462890625
2026-09-24; 04:27:29; 629; 34; 23.07; 1008.2200390625; 32.5068359375
2026-09-24; 04:28:29; 633; 35; 23.08; 1008.291875; 32.49609375
2026-09-24; 04:29:29; 638; 36; 23.08; 1008.291875; 32.451171875
2026-09-24; 04:30:29; 638; 36; 23.09; 1008.2521875; 32.451171875
2026-09-24; 04:31:29; 652; 38; 23.11; 1008.1926171875; 32.486328125
2026-09-24; 04:32:29; 657; 39; 23.06; 1008.1760546875; 32.5849609375
2026-09-24; 04:33:29; 671; 41; 23.03; 1008.071796875; 32.5712890625
2026-09-24; 04:34:29; 671; 41; 23.05; 1008.187578125; 32.5390625
2026-09-24; 04:35:29; 678; 42; 23.04; 1008.1436328125; 32.5947265625
2026-09-24; 04:36:29; 678; 42; 23.02; 1008.111484375; 32.638671875
2026-09-24; 04:37:29; 690; 44; 23.06; 1008.06453125; 32.5400390625
2026-09-24; 04:38:29; 690; 44; 23.08; 1008.1165234375; 32.5751953125
2026-09-24; 04:39:29; 694; 44; 23.06; 1008.148203125; 32.5732421875
2026-09-24; 04:40:29; 706; 46; 23.03; 1008.1554296875; 32.6279296875
2026-09-24; 04:41:29; 702; 46; 23.03; 1008.1473828125; 32.626953125
2026-09-24; 04:42:29; 702; 46; 23.02; 1008.131328125; 32.6826171875
2026-09-24; 04:43:29; 702; 46; 23.04; 1008.171484375; 32.60546875
2026-09-24; 04:44:29; 706; 46; 23.03; 1008.091640625; 32.626953125
2026-09-24; 04:45:29; 702; 46; 23.07; 1008.1562109375; 32.57421875
2026-09-24; 04:46:29; 710; 47; 23.06; 1008.223515625; 32.6298828125
2026-09-24; 04:47:29; 710; 47; 23.06; 1008.2039453125; 32.6181640625
2026-09-24; 04:48:29; 726; 49; 23.06; 1008.2513671875; 32.607421875
2026-09-24; 04:49:29; 733; 50; 23.06; 1008.2876171875; 32.6181640625
2026-09-24; 04:50:29; 733; 50; 23.01; 1008.206953125; 32.671875
2026-09-24; 04:51:29; 737; 51; 23.01; 1008.206953125; 32.705078125
2026-09-24; 04:52:29; 733; 50; 23.01; 1008.3104296875; 32.681640625
2026-09-24; 04:53:29; 737; 51; 23.01; 1008.346328125; 32.705078125
2026-09-24; 04:54:30; 737; 51; 23.02; 1008.2707421875; 32.7275390625
2026-09-24; 04:55:30; 737; 51; 22.97; 1008.2259765625; 32.76953125
2026-09-24; 04:56:30; 737; 51; 22.98; 1008.261875; 32.8037109375
2026-09-24; 04:57:30; 737; 51; 22.95; 1008.18578125; 32.857421875
2026-09-24; 04:58:30; 737; 51; 22.92; 1008.2289453125; 32.923828125
2026-09-24; 04:59:30; 746; 52; 22.93; 1008.2453125; 32.87890625
2026-09-24; 05:00:30; 754; 53; 22.92; 1008.2094140625; 32.833984375
2026-09-24; 05:01:30; 754; 53; 22.95; 1008.1579296875; 32.80078125
2026-09-24; 05:02:30; 754; 53; 22.95; 1008.1101953125; 32.8916015625
2026-09-24; 05:03:30; 761; 54; 22.96; 1008.1182421875; 32.8359375
2026-09-24; 05:04:30; 768; 56; 22.96; 1008.0625; 32.8134765625
2026-09-24; 05:05:30; 768; 56; 22.97; 1007.994921875; 32.814453125
2026-09-24; 05:06:30; 768; 56; 22.97; 1008.0227734375; 32.8369140625
2026-09-24; 05:07:30; 772; 56; 22.95; 1008.018515625; 32.857421875
2026-09-24; 05:08:30; 768; 56; 22.98; 1008.0388671875; 32.826171875
2026-09-24; 05:09:30; 785; 58; 22.94; 1008.094140625; 32.857421875
2026-09-24; 05:10:30; 785; 58; 22.96; 1008.034609375; 32.8701171875
2026-09-24; 05:11:30; 791; 59; 22.97; 1008.0506640625; 32.8486328125
2026-09-24; 05:12:30; 798; 60; 22.92; 1008.0700390625; 32.9013671875
2026-09-24; 05:13:30; 798; 60; 22.97; 1008.0587109375; 32.8486328125
2026-09-24; 05:14:30; 791; 59; 22.97; 1008.1064453125; 32.859375
2026-09-24; 05:15:30; 798; 60; 22.97; 1008.114453125; 32.8486328125
2026-09-24; 05:16:30; 798; 60; 22.93; 1008.08609375; 32.8916015625
2026-09-24; 05:17:30; 806; 61; 22.9; 1008.121171875; 32.9677734375
2026-09-24; 05:18:30; 806; 61; 22.91; 1008.137265625; 32.9580078125
2026-09-24; 05:19:30; 806; 61; 22.89; 1008.1528515625; 32.9775390625
2026-09-24; 05:20:30; 815; 63; 22.9; 1008.2326953125; 32.9560546875
2026-09-24; 05:21:30; 815; 63; 22.86; 1008.2161328125; 33.0654296875
2026-09-24; 05:22:30; 815; 63; 22.87; 1008.2043359375; 33.06640625
2026-09-24; 05:23:30; 815; 63; 22.86; 1008.140546875; 33.0771484375
2026-09-24; 05:24:30; 821; 64; 22.86; 1008.1683984375; 33.099609375
2026-09-24; 05:25:30; 832; 65; 22.88; 1008.17265625; 33.0224609375
2026-09-24; 05:26:30; 821; 64; 22.9; 1008.1491015625; 33.0234375
2026-09-24; 05:27:30; 836; 66; 22.89; 1008.180703125; 33.0234375
2026-09-24; 05:28:30; 836; 66; 22.87; 1008.1844921875; 33.0439453125
2026-09-24; 05:29:30; 836; 66; 22.88; 1008.1448046875; 33.0556640625
2026-09-24; 05:30:30; 844; 67; 22.9; 1008.176953125; 33.0576171875
2026-09-24; 05:31:30; 844; 67; 22.86; 1008.140546875; 33.099609375
2026-09-24; 05:32:30; 844; 67; 22.87; 1008.120703125; 33.078125
2026-09-24; 05:33:30; 853; 69; 22.88; 1008.1646484375; 33.078125
2026-09-24; 05:34:30; 853; 69; 22.88; 1008.10890625; 33.0888671875
2026-09-24; 05:35:30; 844; 67; 22.89; 1008.1528515625; 33.056640625
2026-09-24; 05:36:30; 853; 69; 22.87; 1008.0451171875; 33.0556640625
2026-09-24; 05:37:31; 853; 69; 22.83; 1008.05578125; 33.1875
2026-09-24; 05:38:31; 853; 69; 22.85; 1008.0683984375; 33.154296875
2026-09-24; 05:39:31; 865; 70; 22.87; 1008.0451171875; 33.123046875
2026-09-24; 05:40:31; 865; 70; 22.86; 1007.993125; 33.1328125
2026-09-24; 05:41:31; 872; 71; 22.86; 1008.056875; 33.111328125
2026-09-24; 05:42:31; 872; 71; 22.87; 1007.93359375; 33.1005859375
2026-09-24; 05:43:31; 872; 71; 22.84; 1007.9683984375; 33.1435546875
2026-09-24; 05:44:31; 877; 72; 22.84; 1007.9325; 33.1650390625
2026-09-24; 05:45:31; 872; 71; 22.83; 1007.91640625; 33.17578125
2026-09-24; 05:46:31; 872; 71; 22.83; 1007.9721484375; 33.1875
2026-09-24; 05:47:31; 872; 71; 22.8; 1007.9796875; 33.275390625
2026-09-24; 05:48:31; 872; 71; 22.83; 1007.944296875; 33.1533203125
2026-09-24; 05:49:31; 877; 72; 22.81; 1007.967890625; 33.2421875
2026-09-24; 05:50:31; 877; 72; 22.8; 1007.9796875; 33.2978515625
2026-09-24; 05:51:31; 877; 72; 22.81; 1008.051484375; 33.275390625
2026-09-24; 05:52:31; 887; 74; 22.82; 1008.067578125; 33.2431640625
2026-09-24; 05:53:31; 897; 75; 22.83; 1008.05578125; 33.232421875
2026-09-24; 05:54:31; 897; 75; 22.82; 1008.0755859375; 33.232421875
2026-09-24; 05:55:31; 897; 75; 22.79; 1008.0273828125; 33.2744140625
2026-09-24; 05:56:31; 897; 75; 22.79; 1008.083125; 33.296875
2026-09-24; 05:57:31; 897; 75; 22.78; 1008.0587109375; 33.318359375
2026-09-24; 05:58:31; 905; 76; 22.74; 1008.05015625; 33.37109375
2026-09-24; 05:59:31; 905; 76; 22.74; 1008.0303125; 33.3720703125
2026-09-24; 06:00:31; 905; 76; 22.79; 1008.0751171875; 33.30859375
2026-09-24; 06:01:31; 915; 78; 22.77; 1008.098359375; 33.3056640625
2026-09-24; 06:02:31; 915; 78; 22.76; 1008.118203125; 33.3173828125
2026-09-24; 06:03:31; 915; 78; 22.78; 1008.0866015625; 33.318359375
2026-09-24; 06:04:31; 915; 78; 22.77; 1008.098359375; 33.3173828125
2026-09-24; 06:05:31; 905; 76; 22.75; 1008.1857421875; 33.373046875
2026-09-24; 06:06:31; 915; 78; 22.74; 1008.1139453125; 33.3837890625
2026-09-24; 06:07:31; 915; 78; 22.75; 1008.121953125; 33.3720703125
2026-09-24; 06:08:31; 905; 76; 22.74; 1008.13375; 33.3828125
2026-09-24; 06:09:31; 915; 78; 22.72; 1008.1016015625; 33.3818359375
2026-09-24; 06:10:31; 923; 79; 22.71; 1008.1130859375; 33.4599609375
2026-09-24; 06:11:31; 923; 79; 22.7; 1008.105078125; 33.42578125
2026-09-24; 06:12:31; 935; 81; 22.7; 1008.1248828125; 33.4697265625
2026-09-24; 06:13:31; 935; 81; 22.67; 1008.112578125; 33.490234375
2026-09-24; 06:14:31; 935; 81; 22.67; 1008.1404296875; 33.4794921875
2026-09-24; 06:15:31; 956; 84; 22.7; 1008.1527734375; 33.447265625
2026-09-24; 06:16:31; 945; 83; 22.68; 1008.2041796875; 33.45703125
2026-09-24; 06:17:31; 956; 84; 22.7; 1008.2165234375; 33.4140625
2026-09-24; 06:18:31; 956; 84; 22.66; 1008.188125; 33.53515625
2026-09-24; 06:19:31; 961; 85; 22.7; 1008.2084765625; 33.458984375
2026-09-24; 06:20:32; 961; 85; 22.7; 1008.180625; 33.4365234375
2026-09-24; 06:21:32; 970; 86; 22.69; 1008.276015625; 33.4697265625
2026-09-24; 06:22:32; 961; 85; 22.67; 1008.251875; 33.5126953125
2026-09-24; 06:23:32; 970; 86; 22.67; 1008.2797265625; 33.4794921875
2026-09-24; 06:24:32; 983; 88; 22.7; 1008.244375; 33.4931640625
2026-09-24; 06:25:32; 992; 90; 22.69; 1008.2562109375; 33.4580078125
2026-09-24; 06:26:32; 992; 90; 22.64; 1008.203359375; 33.5556640625
2026-09-24; 06:27:32; 1004; 92; 22.63; 1008.24296875; 33.578125
2026-09-24; 06:28:32; 1004; 92; 22.61; 1008.210859375; 33.6103515625
2026-09-24; 06:29:32; 1012; 93; 22.59; 1008.262265625; 33.630859375
2026-09-24; 06:30:32; 1029; 95; 22.59; 1008.262265625; 33.6083984375
2026-09-24; 06:31:32; 1029; 95; 22.62; 1008.28265625; 33.6103515625
2026-09-24; 06:32:32; 1012; 93; 22.61; 1008.2665625; 33.6328125
2026-09-24; 06:33:32; 1029; 95; 22.61; 1008.274609375; 33.6435546875
2026-09-24; 06:34:32; 1041; 97; 22.63; 1008.2510546875; 33.578125
2026-09-24; 06:35:32; 1041; 97; 22.6; 1008.3142578125; 33.62109375
2026-09-24; 06:36:32; 1047; 98; 22.59; 1008.2703125; 33.6875
2026-09-24; 06:37:32; 1047; 98; 22.58; 1008.3378125; 33.6640625
2026-09-24; 06:38:32; 1056; 99; 22.59; 1008.2424609375; 33.6083984375
2026-09-24; 06:39:32; 1056; 99; 22.62; 1008.3105078125; 33.5654296875
2026-09-24; 06:40:32; 1068; 101; 22.62; 1008.3185546875; 33.6103515625
2026-09-24; 06:41:32; 1068; 101; 22.61; 1008.358203125; 33.6328125
2026-09-24; 06:42:32; 1081; 103; 22.64; 1008.3785546875; 33.6005859375
2026-09-24; 06:43:32; 1081; 103; 22.61; 1008.2387109375; 33.6328125
2026-09-24; 06:44:32; 1093; 105; 22.59; 1008.2981640625; 33.6533203125
2026-09-24; 06:45:32; 1102; 106; 22.55; 1008.400703125; 33.728515625
2026-09-24; 06:46:32; 1113; 108; 22.57; 1008.42484375; 33.7412109375
2026-09-24; 06:47:32; 1113; 108; 22.51; 1008.3558984375; 33.8046875
2026-09-24; 06:48:32; 1122; 109; 22.53; 1008.39640625; 33.806640625
2026-09-24; 06:49:32; 1122; 109; 22.56; 1008.333203125; 33.7080078125
2026-09-24; 06:50:32; 1147; 113; 22.56; 1008.3251953125; 33.751953125
2026-09-24; 06:51:32; 1140; 112; 22.54; 1008.3487109375; 33.7841796875
2026-09-24; 06:52:32; 1147; 113; 22.58; 1008.413359375; 33.7421875
2026-09-24; 06:53:32; 1159; 115; 22.59; 1008.4294140625; 33.720703125
2026-09-24; 06:54:32; 1159; 115; 22.57; 1008.3691015625; 33.7412109375
2026-09-24; 06:55:32; 1174; 117; 22.56; 1008.40875; 33.7412109375
2026-09-24; 06:56:32; 1174; 117; 22.52; 1008.42796875; 33.83984375
2026-09-24; 06:57:32; 1188; 120; 22.51; 1008.439453125; 33.8720703125
2026-09-24; 06:58:32; 1188; 120; 22.5; 1008.4592578125; 33.8603515625
2026-09-24; 06:59:32; 1188; 120; 22.52; 1008.4558203125; 33.8623046875
2026-09-24; 07:00:32; 1212; 123; 22.5; 1008.506953125; 33.9609375
2026-09-24; 07:01:32; 1212; 123; 22.52; 1008.42796875; 33.873046875
2026-09-24; 07:02:32; 1228; 126; 22.51; 1008.4478125; 33.8837890625
2026-09-24; 07:03:33; 1242; 128; 22.49; 1008.4073046875; 33.9375
2026-09-24; 07:04:33; 1242; 128; 22.47; 1008.46671875; 33.9931640625
2026-09-24; 07:05:33; 1266; 131; 22.48; 1008.4549609375; 33.982421875
2026-09-24; 07:06:33; 1281; 134; 22.53; 1008.48; 33.896484375
2026-09-24; 07:07:33; 1288; 135; 22.55; 1008.5041015625; 33.875
2026-09-24; 07:08:33; 1334; 142; 22.57; 1008.4526953125; 33.8095703125
2026-09-24; 07:09:33; 1364; 146; 22.52; 1008.4917578125; 33.8955078125
2026-09-24; 07:10:33; 1364; 146; 22.5; 1008.4592578125; 33.8828125
2026-09-24; 07:11:33; 1393; 151; 22.51; 1008.523046875; 33.89453125
2026-09-24; 07:12:33; 1429; 156; 22.51; 1008.5313671875; 33.9169921875
2026-09-24; 07:13:33; 1429; 156; 22.51; 1008.523046875; 33.9287109375
2026-09-24; 07:14:33; 1441; 158; 22.55; 1008.531953125; 33.875
2026-09-24; 07:15:33; 1478; 164; 22.56; 1008.4725; 33.83203125
2026-09-24; 07:16:33; 1491; 166; 22.52; 1008.5474609375; 33.8955078125
2026-09-24; 07:17:33; 1499; 171; 22.51; 1008.5592578125; 33.9404296875
2026-09-24; 07:18:33; 1501; 172; 22.51; 1008.57875; 33.9853515625
2026-09-24; 07:19:33; 1501; 172; 22.51; 1008.5508984375; 33.962890625
2026-09-24; 07:20:33; 1512; 179; 22.52; 1008.5474609375; 33.9521484375
2026-09-24; 07:21:33; 1505; 175; 22.56; 1008.4923046875; 33.9326171875
2026-09-24; 07:22:33; 1518; 184; 22.53; 1008.4440625; 33.9189453125
2026-09-24; 07:23:33; 1522; 186; 22.52; 1008.4558203125; 33.9521484375
2026-09-24; 07:24:33; 1522; 186; 22.53; 1008.4719140625; 33.94140625
2026-09-24; 07:25:33; 1530; 192; 22.53; 1008.48; 34.0205078125
2026-09-24; 07:26:33; 1534; 195; 22.56; 1008.464453125; 33.9326171875
2026-09-24; 07:27:33; 1538; 198; 22.52; 1008.519609375; 33.9970703125
2026-09-24; 07:28:33; 1544; 203; 22.49; 1008.5267578125; 34.017578125
2026-09-24; 07:29:33; 1544; 203; 22.52; 1008.519609375; 33.9970703125
2026-09-24; 07:30:33; 1544; 203; 22.53; 1008.5276171875; 33.986328125
2026-09-24; 07:31:33; 1547; 204; 22.56; 1008.500390625; 33.9326171875
2026-09-24; 07:32:33; 1547; 204; 22.54; 1008.551796875; 33.9423828125
2026-09-24; 07:33:33; 1551; 207; 22.56; 1008.55609375; 33.955078125
2026-09-24; 07:34:33; 1556; 210; 22.53; 1008.59140625; 34.03125
2026-09-24; 07:35:33; 1560; 214; 22.54; 1008.515859375; 34.0205078125
2026-09-24; 07:36:33; 1560; 214; 22.57; 1008.460703125; 33.9326171875
2026-09-24; 07:37:33; 1563; 217; 22.63; 1008.438046875; 33.9716796875
2026-09-24; 07:38:33; 1563; 217; 22.62; 1008.44984375; 33.9248046875
2026-09-24; 07:39:33; 1563; 217; 22.61; 1008.5451953125; 33.970703125
2026-09-24; 07:40:33; 1567; 220; 22.65; 1008.52625; 33.9169921875
2026-09-24; 07:41:33; 1572; 223; 22.65; 1008.5621484375; 33.8955078125
2026-09-24; 07:42:33; 1572; 223; 22.69; 1008.4989453125; 33.830078125
2026-09-24; 07:43:33; 1572; 223; 22.71; 1008.5032421875; 33.8310546875
2026-09-24; 07:44:33; 1579; 228; 22.73; 1008.56359375; 33.8095703125
2026-09-24; 07:45:33; 1582; 230; 22.75; 1008.5121484375; 33.7548828125
2026-09-24; 07:46:34; 1582; 230; 22.76; 1008.59203125; 33.7451171875
2026-09-24; 07:47:34; 1586; 233; 22.79; 1008.437421875; 33.7138671875
2026-09-24; 07:48:34; 1586; 233; 22.83; 1008.5574609375; 33.6484375
2026-09-24; 07:49:34; 1591; 236; 22.84; 1008.5735546875; 33.6611328125
2026-09-24; 07:50:34; 1595; 242; 22.89; 1008.515234375; 33.5634765625
2026-09-24; 07:51:34; 1595; 242; 22.9; 1008.5672265625; 33.5419921875
2026-09-24; 07:52:34; 1604; 249; 22.9; 1008.595078125; 33.564453125
2026-09-24; 07:53:34; 1599; 245; 22.91; 1008.575234375; 33.5654296875
2026-09-24; 07:54:34; 1604; 249; 23.03; 1008.62140625; 33.44921875
2026-09-24; 07:55:34; 1610; 254; 23.03; 1008.593515625; 33.787109375
2026-09-24; 07:56:34; 1616; 261; 23.14; 1008.5559375; 33.931640625
2026-09-24; 07:57:34; 1627; 269; 23.18; 1008.5366015625; 34.26171875
2026-09-24; 07:58:34; 1631; 273; 23.21; 1008.7165234375; 34.4775390625
2026-09-24; 07:59:34; 1627; 269; 23.29; 1008.7059765625; 34.5625
2026-09-24; 08:00:34; 1654; 293; 23.27; 1008.693671875; 34.9892578125
2026-09-24; 08:01:34; 1659; 297; 23.32; 1008.7262890625; 34.982421875
2026-09-24; 08:02:34; 1672; 311; 23.36; 1008.7909375; 35.9423828125
2026-09-24; 08:03:34; 1692; 331; 23.5; 1008.7853515625; 35.78515625
2026-09-24; 08:04:34; 1668; 306; 23.59; 1008.762890625; 35.826171875
2026-09-24; 08:05:34; 1683; 322; 23.66; 1008.7842578125; 35.22265625
2026-09-24; 08:06:34; 1668; 306; 23.68; 1008.85265625; 35.5068359375
2026-09-24; 08:07:34; 1664; 302; 23.65; 1008.83203125; 35.6953125
2026-09-24; 08:08:34; 1664; 302; 23.7; 1008.856875; 35.158203125
2026-09-24; 08:09:34; 1650; 289; 23.73; 1008.8771875; 34.8896484375
2026-09-24; 08:10:34; 1640; 281; 23.73; 1008.905078125; 35.171875
2026-09-24; 08:11:34; 1627; 269; 23.8; 1008.898203125; 35.6962890625
2026-09-24; 08:12:34; 1635; 277; 23.84; 1008.9348828125; 35.4404296875
2026-09-24; 08:13:34; 1627; 269; 23.86; 1008.911171875; 35.1826171875
2026-09-24; 08:14:34; 1614; 258; 23.88; 1008.8878125; 34.890625
2026-09-24; 08:15:34; 1591; 236; 23.86; 1008.88328125; 34.84375
2026-09-24; 08:16:34; 1572; 223; 23.97; 1008.9130078125; 34.919921875
2026-09-24; 08:17:34; 1551; 207; 23.96; 1008.8212109375; 34.8740234375
2026-09-24; 08:18:34; 1534; 195; 23.92; 1008.7845703125; 34.84765625
2026-09-24; 08:19:34; 1505; 175; 23.88; 1008.8236328125; 34.9794921875
2026-09-24; 08:20:34; 1495; 168; 23.95; 1008.833046875; 35.0771484375
2026-09-24; 08:21:34; 1441; 158; 23.95; 1008.8246875; 35.22265625
2026-09-24; 08:22:34; 1334; 142; 24.01; 1008.7619140625; 35.046875
2026-09-24; 08:23:34; 1212; 123; 24.13; 1008.71578125; 34.8984375
2026-09-24; 08:24:34; 1068; 101; 24.19; 1008.7646484375; 35.173828125
2026-09-24; 08:25:34; 897; 75; 24.13; 1008.835546875; 35.4970703125
2026-09-24; 08:26:34; 815; 63; 24.15; 1008.8397265625; 35.6337890625
2026-09-24; 08:27:34; 733; 50; 24.14; 1008.8435546875; 35.734375
2026-09-24; 08:28:34; 646; 37; 24.18; 1008.9081640625; 35.771484375
2026-09-24; 08:29:34; 591; 29; 24.19; 1008.9043359375; 35.7724609375
2026-09-24; 08:30:35; 537; 20; 24.18; 1008.9441015625; 35.9072265625
2026-09-24; 08:31:35; 514; 17; 24.19; 1008.9601953125; 35.73828125
2026-09-24; 08:32:35; 483; 12; 24.21; 1008.9842578125; 35.638671875
2026-09-24; 08:33:35; 473; 11; 24.19; 1009.0359375; 35.75
2026-09-24; 08:34:35; 435; 5; 24.26; 1009.0369921875; 35.7099609375
2026-09-24; 08:35:35; 402; 0; 24.37; 1009.074921875; 35.6279296875
2026-09-24; 08:36:35; 403; 0; 24.44; 1009.04796875; 35.7919921875
2026-09-24; 08:37:35; 403; 0; 24.47; 1009.18; 35.8173828125
2026-09-24; 08:38:35; 400; 0; 24.56; 1009.10125; 35.62109375
2026-09-24; 08:39:35; 403; 0; 24.53; 1009.1648828125; 35.765625
2026-09-24; 08:40:35; 400; 0; 24.51; 1009.188671875; 35.9111328125
2026-09-24; 08:41:35; 400; 0; 24.52; 1009.16875; 36.36328125
2026-09-24; 08:42:35; 400; 0; 24.53; 1009.22078125; 36.5
2026-09-24; 08:43:35; 400; 0; 24.57; 1009.137578125; 36.4921875
2026-09-24; 08:44:35; 400; 0; 24.58; 1009.1536328125; 36.6171875
2026-09-24; 08:45:35; 400; 0; 24.62; 1009.1060546875; 36.7900390625
2026-09-24; 08:46:35; 408; 1; 24.59; 1009.14171875; 37.03515625
2026-09-24; 08:47:35; 448; 7; 24.68; 1009.146796875; 36.4443359375
2026-09-24; 08:48:35; 549; 22; 24.85; 1009.04921875; 35.74609375
2026-09-24; 08:49:35; 708; 46; 24.74; 1009.067734375; 35.861328125
2026-09-24; 08:50:35; 902; 76; 25.05; 1009.00796875; 35.1630859375
2026-09-24; 08:51:35; 1131; 111; 25.07; 1009.03203125; 35.208984375
2026-09-24; 08:52:35; 1367; 147; 25.17; 1008.988984375; 35.1025390625
2026-09-24; 08:53:35; 1528; 191; 25.23; 1009.0096875; 35.0185546875
2026-09-24; 08:54:35; 1587; 234; 25.28; 1009.1182421875; 35.0673828125
2026-09-24; 08:55:35; 1648; 288; 25.34; 1009.1308984375; 35.12890625
2026-09-24; 08:56:35; 1700; 338; 25.41; 1009.115546875; 34.9638671875
2026-09-24; 08:57:35; 1759; 402; 25.49; 1009.112265625; 35.060546875
2026-09-24; 08:58:35; 1798; 446; 25.61; 1009.16546875; 34.96875
2026-09-24; 08:59:35; 1834; 494; 25.62; 1009.153515625; 35.1962890625
2026-09-24; 09:00:35; 1820; 476; 25.64; 1009.1576171875; 35.37890625
2026-09-24; 09:01:35; 1784; 432; 25.59; 1009.16109375; 35.658203125
2026-09-24; 09:02:35; 1795; 444; 25.63; 1009.2735546875; 35.716796875
2026-09-24; 09:03:35; 1746; 386; 25.58; 1009.2769921875; 35.939453125
2026-09-24; 09:04:35; 1715; 354; 25.44; 1009.2276953125; 36.234375
2026-09-24; 09:05:35; 1656; 295; 25.39; 1009.2870703125; 36.5703125
2026-09-24; 09:06:35; 1604; 249; 25.34; 1009.34671875; 36.7578125
2026-09-24; 09:07:35; 1556; 211; 25.33; 1009.2747265625; 36.8583984375
2026-09-24; 09:08:35; 1498; 170; 25.28; 1009.278125; 37.26171875
2026-09-24; 09:09:35; 1356; 145; 25.29; 1009.294140625; 37.2626953125
2026-09-24; 09:10:35; 1262; 131; 25.31; 1009.2783203125; 37.1181640625
2026-09-24; 09:11:35; 1093; 105; 25.23; 1009.309453125; 37.416015625
2026-09-24; 09:12:35; 990; 89; 25.31; 1009.3623046875; 36.982421875
2026-09-24; 09:13:36; 885; 73; 25.22; 1009.329375; 37.47265625
2026-09-24; 09:14:36; 798; 60; 25.18; 1009.376796875; 37.5478515625
2026-09-24; 09:15:36; 706; 46; 25.17; 1009.4366796875; 37.5576171875
2026-09-24; 09:16:36; 652; 38; 25.17; 1009.3607421875; 37.5693359375
2026-09-24; 09:17:36; 564; 24; 25.1; 1009.471875; 37.833984375
2026-09-24; 09:18:36; 501; 15; 25.07; 1009.48765625; 38.0478515625
2026-09-24; 09:19:36; 476; 11; 25.04; 1009.4671484375; 38.169921875
2026-09-24; 09:20:36; 476; 11; 25.05; 1009.483515625; 38.0009765625
2026-09-24; 09:21:36; 464; 9; 25.22; 1009.4693359375; 37.7099609375
2026-09-24; 09:22:36; 457; 8; 25.14; 1009.416484375; 38.2568359375
2026-09-24; 09:23:36; 470; 10; 25.23; 1009.4573828125; 37.8232421875
2026-09-24; 09:24:36; 454; 8; 25.29; 1009.4341015625; 37.783203125
2026-09-24; 09:25:36; 454; 8; 25.32; 1009.434609375; 37.3115234375
2026-09-24; 09:26:36; 408; 1; 25.36; 1009.470859375; 37.15625
2026-09-24; 09:27:36; 400; 0; 25.32; 1009.462578125; 37.2880859375
2026-09-24; 09:28:36; 400; 0; 25.29; 1009.470078125; 37.2978515625
2026-09-24; 09:29:36; 400; 0; 25.26; 1009.4978515625; 37.41796875
2026-09-24; 09:30:36; 400; 0; 25.24; 1009.44546875; 37.2587890625
2026-09-24; 09:31:36; 400; 0; 25.3; 1009.478125; 37.3203125
2026-09-24; 09:32:36; 403; 0; 25.31; 1009.4182421875; 37.35546875
2026-09-24; 09:33:36; 400; 0; 25.32; 1009.406640625; 37.1416015625
2026-09-24; 09:34:36; 400; 0; 25.31; 1009.4182421875; 37.4462890625
2026-09-24; 09:35:36; 401; 0; 25.29; 1009.5180078125; 37.2626953125
2026-09-24; 09:36:36; 400; 0; 25.38; 1009.522890625; 36.884765625
2026-09-24; 09:37:36; 443; 6; 25.36; 1009.5187890625; 36.90625
2026-09-24; 09:38:36; 400; 0; 25.38; 1009.494921875; 36.6025390625
2026-09-24; 09:39:36; 403; 0; 25.41; 1009.57140625; 36.4580078125
2026-09-24; 09:40:36; 403; 0; 25.36; 1009.5187890625; 36.4541015625
2026-09-24; 09:41:36; 400; 0; 25.31; 1009.578125; 36.630859375
2026-09-24; 09:42:36; 400; 0; 25.29; 1009.65796875; 36.52734375
2026-09-24; 09:43:36; 400; 0; 25.26; 1009.6737890625; 36.68359375
2026-09-24; 09:44:36; 400; 0; 25.29; 1009.6380078125; 36.5625
2026-09-24; 09:45:36; 400; 0; 25.12; 1009.7280859375; 36.728515625
2026-09-24; 09:46:36; 400; 0; 25.14; 1009.760234375; 36.6962890625
2026-09-24; 09:47:36; 400; 0; 25.17; 1009.724453125; 36.5966796875
2026-09-24; 09:48:36; 400; 0; 25.28; 1009.7258203125; 36.6962890625
2026-09-24; 09:49:36; 433; 5; 25.1; 1009.7516015625; 37.2919921875
2026-09-24; 09:50:36; 527; 19; 25.27; 1009.653828125; 37.23828125
2026-09-24; 09:51:36; 690; 44; 25.3; 1009.7659765625; 37.2861328125
2026-09-24; 09:52:36; 913; 78; 25.39; 1009.6229296875; 37.044921875
2026-09-24; 09:53:36; 1207; 122; 25.37; 1009.6828125; 37.37109375
2026-09-24; 09:54:36; 1499; 171; 25.49; 1009.6721484375; 37.1435546875
2026-09-24; 09:55:37; 1564; 218; 25.38; 1009.6988671875; 37.51953125
2026-09-24; 09:56:37; 1625; 268; 25.67; 1009.6937109375; 36.6484375
2026-09-24; 09:57:37; 1603; 248; 25.71; 1009.7662890625; 36.30078125
2026-09-24; 09:58:37; 1579; 228; 25.76; 1009.727109375; 36.2705078125
2026-09-24; 09:59:37; 1518; 184; 25.82; 1009.7396875; 35.9921875
2026-09-24; 10:00:37; 1432; 157; 25.91; 1009.7444140625; 36.1015625
2026-09-24; 10:01:37; 1178; 118; 25.82; 1009.71171875; 35.77734375
2026-09-24; 10:02:37; 1071; 102; 25.8; 1009.7433203125; 35.98046875
2026-09-24; 10:03:37; 927; 80; 25.86; 1009.831953125; 35.724609375
2026-09-24; 10:04:37; 780; 57; 25.86; 1009.86796875; 35.474609375
2026-09-24; 10:05:37; 656; 39; 25.85; 1009.851953125; 35.44140625
2026-09-24; 10:06:37; 560; 24; 25.82; 1009.9077734375; 35.5615234375
2026-09-24; 10:07:37; 502; 15; 25.93; 1009.82453125; 35.2080078125
2026-09-24; 10:08:37; 447; 7; 25.88; 1009.900390625; 35.091796875
2026-09-24; 10:09:37; 400; 0; 25.9; 1009.8964453125; 35.0703125
2026-09-24; 10:10:37; 400; 0; 25.85; 1009.9359375; 35.078125
2026-09-24; 10:11:37; 400; 0; 25.82; 1009.8877734375; 34.927734375
2026-09-24; 10:12:37; 400; 0; 25.91; 1009.836484375; 34.923828125
2026-09-24; 10:13:37; 400; 0; 25.84; 1009.855859375; 34.9072265625
2026-09-24; 10:14:37; 401; 0; 25.78; 1009.9073046875; 35.083984375
2026-09-24; 10:15:37; 400; 0; 25.82; 1009.943828125; 34.7353515625
2026-09-24; 10:16:37; 400; 0; 25.8; 1009.91140625; 34.9716796875
2026-09-24; 10:17:37; 400; 0; 25.84; 1009.9958984375; 34.7822265625
2026-09-24; 10:18:37; 409; 1; 25.78; 1009.8992578125; 34.9013671875
2026-09-24; 10:19:37; 403; 0; 25.82; 1010.0478125; 34.7236328125
2026-09-24; 10:20:37; 423; 3; 25.81; 1010.011796875; 34.87109375
2026-09-24; 10:21:37; 426; 3; 25.76; 1009.9791796875; 35.4326171875
2026-09-24; 10:22:37; 435; 5; 25.81; 1009.9277734375; 35.255859375
2026-09-24; 10:23:37; 463; 9; 25.85; 1009.9279296875; 35.451171875
2026-09-24; 10:24:37; 508; 16; 25.86; 1009.9519921875; 35.4296875
2026-09-24; 10:25:37; 607; 31; 25.99; 1009.9491796875; 35.7001953125
2026-09-24; 10:26:37; 623; 33; 26.02; 1009.97765625; 34.5927734375
2026-09-24; 10:27:37; 650; 38; 26.05; 1009.9617578125; 35.353515625
2026-09-24; 10:28:37; 732; 50; 26.07; 1010.0498828125; 35.140625
2026-09-24; 10:29:37; 798; 60; 26.13; 1010.098515625; 35.1572265625
2026-09-24; 10:30:37; 900; 76; 26.15; 1010.0948828125; 34.896484375
2026-09-24; 10:31:37; 970; 86; 26.07; 1010.0859375; 34.947265625
2026-09-24; 10:32:37; 970; 86; 26.03; 1010.02171875; 34.8310546875
2026-09-24; 10:33:37; 1019; 94; 26.01; 1010.149375; 35.2705078125
2026-09-24; 10:34:37; 1090; 105; 26.07; 1010.057890625; 35.0947265625
2026-09-24; 10:35:37; 1125; 110; 26.01; 1010.0933203125; 34.828125
2026-09-24; 10:36:37; 1252; 129; 25.96; 1010.10515625; 35.720703125
2026-09-24; 10:37:37; 1495; 168; 26.1; 1010.0703125; 34.734375
2026-09-24; 10:38:37; 1523; 187; 26.15; 1010.122890625; 34.5791015625
2026-09-24; 10:39:38; 1495; 166; 26.18; 1010.0309375; 34.138671875
2026-09-24; 10:40:38; 1532; 193; 26.24; 1010.0994921875; 34.6201171875
2026-09-24; 10:41:38; 1578; 227; 26.29; 1010.17203125; 34.193359375
2026-09-24; 10:42:38; 1637; 279; 26.3; 1010.140078125; 34.228515625
2026-09-24; 10:43:38; 1698; 336; 26.32; 1010.088046875; 34.275390625
2026-09-24; 10:44:38; 1746; 386; 26.29; 1010.1440234375; 34.4423828125
2026-09-24; 10:45:38; 1756; 396; 26.3; 1010.1880859375; 33.6943359375
2026-09-24; 10:46:38; 1695; 334; 26.37; 1010.1405859375; 33.234375
2026-09-24; 10:47:38; 1642; 284; 26.25; 1010.171640625; 33.6005859375
2026-09-24; 10:48:38; 1568; 220; 26.22; 1010.19953125; 33.2001953125
2026-09-24; 10:49:38; 1496; 169; 26.21; 1010.15515625; 33.2900390625
2026-09-24; 10:50:38; 1356; 145; 26.19; 1010.1030078125; 33.005859375
2026-09-24; 10:51:38; 1105; 107; 26.17; 1010.135; 32.958984375
2026-09-24; 10:52:38; 882; 73; 26.2; 1010.147109375; 32.4169921875
2026-09-24; 10:53:38; 712; 47; 26.22; 1010.1154296875; 32.349609375
2026-09-24; 10:54:38; 594; 29; 26.27; 1010.08359375; 31.9892578125
2026-09-24; 10:55:38; 517; 17; 26.32; 1010.108046875; 31.8232421875
2026-09-24; 10:56:38; 476; 11; 26.45; 1010.1494140625; 31.84375
2026-09-24; 10:57:38; 452; 7; 26.41; 1010.1490234375; 32.2275390625
2026-09-24; 10:58:38; 400; 0; 26.45; 1010.0933203125; 31.537109375
2026-09-24; 10:59:38; 415; 2; 26.62; 1010.114375; 31.810546875
2026-09-24; 11:00:38; 477; 11; 26.75; 1010.1112109375; 31.8876953125
2026-09-24; 11:01:38; 529; 19; 26.78; 1010.1395703125; 31.5947265625
2026-09-24; 11:02:38; 523; 18; 26.78; 1010.1035546875; 31.46875
2026-09-24; 11:03:38; 529; 19; 26.85; 1010.168046875; 31.2353515625
2026-09-24; 11:04:38; 503; 15; 26.99; 1010.08453125; 30.654296875
2026-09-24; 11:05:38; 447; 7; 27.16; 1010.173671875; 30.3125
2026-09-24; 11:06:38; 418; 2; 27.2; 1010.161953125; 30.462890625
2026-09-24; 11:07:38; 423; 3; 27.29; 1010.122109375; 30.1611328125
2026-09-24; 11:08:38; 400; 0; 27.29; 1010.1301171875; 30.09375
2026-09-24; 11:09:38; 422; 3; 27.36; 1010.1584375; 30.201171875
2026-09-24; 11:10:38; 405; 0; 27.42; 1010.19078125; 30.0107421875
2026-09-24; 11:11:38; 401; 0; 27.36; 1010.1784765625; 29.9384765625
2026-09-24; 11:12:38; 400; 0; 27.31; 1010.24640625; 30.0947265625
2026-09-24; 11:13:38; 433; 5; 27.38; 1010.126328125; 30.16796875
2026-09-24; 11:14:38; 439; 5; 27.46; 1010.142890625; 29.7060546875
2026-09-24; 11:15:38; 422; 3; 27.46; 1010.0866796875; 29.80859375
2026-09-24; 11:16:38; 443; 6; 27.45; 1010.1629296875; 29.740234375
2026-09-24; 11:17:38; 448; 7; 27.48; 1010.126796875; 29.6845703125
2026-09-24; 11:18:38; 423; 3; 27.45; 1010.13484375; 29.7060546875
2026-09-24; 11:19:38; 423; 3; 27.37; 1010.090234375; 29.484375
2026-09-24; 11:20:38; 408; 1; 27.37; 1010.2025390625; 29.4951171875
2026-09-24; 11:21:38; 402; 0; 27.22; 1010.137890625; 29.8046875
2026-09-24; 11:22:39; 410; 1; 27.26; 1010.25046875; 30.1259765625
2026-09-24; 11:23:39; 460; 9; 27.42; 1010.1426171875; 29.7158203125
2026-09-24; 11:24:39; 455; 8; 27.56; 1010.21921875; 29.736328125
2026-09-24; 11:25:39; 465; 9; 27.67; 1010.283828125; 29.001953125
2026-09-24; 11:26:39; 436; 5; 27.64; 1010.1792578125; 29.3310546875
2026-09-24; 11:27:39; 487; 13; 27.71; 1010.1796875; 29.7568359375
2026-09-24; 11:28:39; 626; 34; 27.68; 1010.1516796875; 30.05078125
2026-09-24; 11:29:39; 800; 60; 27.64; 1010.1792578125; 30.025390625
2026-09-24; 11:30:39; 897; 75; 27.8; 1010.232265625; 29.2265625
2026-09-24; 11:31:39; 754; 53; 27.72; 1010.1876953125; 28.8681640625
2026-09-24; 11:32:39; 657; 39; 27.75; 1010.23609375; 28.916015625
2026-09-24; 11:33:39; 580; 27; 27.86; 1010.2923046875; 28.021484375
2026-09-24; 11:34:39; 482; 12; 27.83; 1010.364609375; 27.974609375
2026-09-24; 11:35:39; 425; 3; 27.87; 1010.2042578125; 28.1708984375
2026-09-24; 11:36:39; 400; 0; 27.92; 1010.24828125; 27.84375
2026-09-24; 11:37:39; 400; 0; 27.98; 1010.2683984375; 27.82421875
2026-09-24; 11:38:39; 421; 3; 27.92; 1010.24828125; 28.7783203125
2026-09-24; 11:39:39; 530; 19; 28.07; 1010.2646875; 29.0048828125
2026-09-24; 11:40:39; 708; 46; 28.08; 1010.1963671875; 29.4619140625
2026-09-24; 11:41:39; 925; 79; 28.12; 1010.168125; 29.4638671875
2026-09-24; 11:42:39; 1231; 126; 28.23; 1010.1561328125; 29.197265625
2026-09-24; 11:43:39; 1542; 200; 28.28; 1010.172265625; 29.5546875
2026-09-24; 11:44:39; 1628; 270; 28.4; 1010.1119921875; 29.57421875
2026-09-24; 11:45:39; 1672; 311; 28.34; 1010.13640625; 29.58203125
2026-09-24; 11:46:39; 1710; 349; 28.31; 1010.0800390625; 29.3056640625
2026-09-24; 11:47:39; 1726; 364; 28.16; 1010.128046875; 29.2392578125
2026-09-24; 11:48:39; 1747; 387; 28.28; 1010.1441796875; 29.24609375
2026-09-24; 11:49:39; 1698; 336; 28.37; 1010.1483203125; 28.453125
2026-09-24; 11:50:39; 1618; 262; 28.36; 1010.068046875; 28.0869140625
2026-09-24; 11:51:39; 1546; 204; 28.4; 1010.075859375; 28.1806640625
2026-09-24; 11:52:39; 1360; 146; 28.41; 1010.148125; 28.1015625
2026-09-24; 11:53:39; 1174; 117; 28.33; 1010.1120703125; 28.017578125
2026-09-24; 11:54:39; 995; 90; 28.31; 1010.088046875; 27.5712890625
2026-09-24; 11:55:39; 791; 59; 28.34; 1010.1843359375; 28.2119140625
2026-09-24; 11:56:39; 744; 52; 28.36; 1010.0760546875; 28.31640625
2026-09-24; 11:57:39; 714; 47; 28.47; 1010.16015625; 27.7626953125
2026-09-24; 11:58:39; 660; 39; 28.55; 1010.1280859375; 28.3046875
2026-09-24; 11:59:39; 650; 38; 28.48; 1010.1844921875; 27.83203125
2026-09-24; 12:00:39; 660; 39; 28.39; 1010.0959765625; 28.3857421875
2026-09-24; 12:01:39; 657; 39; 28.36; 1010.0760546875; 28.91015625
2026-09-24; 12:02:39; 717; 48; 28.44; 1010.1482421875; 28.8916015625
2026-09-24; 12:03:39; 768; 56; 28.4; 1010.0838671875; 28.6044921875
2026-09-24; 12:04:39; 735; 51; 28.48; 1010.0636328125; 27.98046875
2026-09-24; 12:05:40; 692; 44; 28.26; 1010.09171875; 29.005859375
2026-09-24; 12:06:40; 715; 47; 28.25; 1010.0676953125; 28.9931640625
2026-09-24; 12:07:40; 761; 54; 28.34; 1009.9874609375; 28.24609375
2026-09-24; 12:08:40; 730; 50; 28.37; 1010.0840625; 28.5556640625
2026-09-24; 12:09:40; 708; 46; 28.44; 1010.083984375; 27.8974609375
2026-09-24; 12:10:40; 629; 34; 28.44; 1010.091953125; 28.1494140625
2026-09-24; 12:11:40; 675; 41; 28.35; 1010.0037890625; 28.337890625
2026-09-24; 12:12:40; 752; 53; 28.4; 1010.075859375; 29.0146484375
2026-09-24; 12:13:40; 804; 61; 28.29; 1010.0195703125; 29.0537109375
2026-09-24; 12:14:40; 951; 83; 28.32; 1010.0759375; 28.6904296875
2026-09-24; 12:15:40; 983; 88; 28.34; 1010.05203125; 28.462890625
2026-09-24; 12:16:40; 1083; 104; 28.27; 1010.0716015625; 28.8359375
2026-09-24; 12:17:40; 1102; 106; 28.23; 1010.099921875; 29.3798828125
2026-09-24; 12:18:40; 1071; 102; 28.12; 1009.9712890625; 29.31640625
2026-09-24; 12:19:40; 1017; 93; 28.04; 1009.99140625; 28.900390625
2026-09-24; 12:20:40; 983; 88; 28.12; 1010.0275390625; 28.44921875
2026-09-24; 12:21:40; 1140; 112; 28.21; 1010.011640625; 29.1162109375
2026-09-24; 12:22:40; 1105; 107; 28.17; 1010.07984375; 28.6005859375
2026-09-24; 12:23:40; 1068; 101; 28.2; 1010.127890625; 28.796875
2026-09-24; 12:24:40; 1044; 98; 28.1; 1010.07984375; 28.904296875
2026-09-24; 12:25:40; 970; 86; 27.98; 1010.099765625; 29.125
2026-09-24; 12:26:40; 959; 85; 27.96; 1010.0597265625; 29.3740234375
2026-09-24; 12:27:40; 923; 79; 27.83; 1010.0555078125; 29.103515625
2026-09-24; 12:28:40; 1004; 92; 27.93; 1010.075859375; 29.3271484375
2026-09-24; 12:29:40; 1156; 115; 27.89; 1010.0596875; 29.00390625
2026-09-24; 12:30:40; 1071; 102; 27.83; 1010.0555078125; 29.3544921875
2026-09-24; 12:31:40; 1056; 99; 27.86; 1010.0394140625; 29.23046875
2026-09-24; 12:32:40; 992; 90; 27.76; 1010.111640625; 29.0869140625
2026-09-24; 12:33:40; 1122; 109; 27.72; 1010.1033984375; 30.0302734375
2026-09-24; 12:34:40; 1274; 133; 27.71; 1010.1516015625; 29.69921875
2026-09-24; 12:35:40; 1341; 143; 27.68; 1010.1596875; 29.7666015625
2026-09-24; 12:36:40; 1393; 151; 27.58; 1010.1590234375; 29.4970703125
2026-09-24; 12:37:40; 1474; 163; 27.55; 1010.0908203125; 29.7578125
2026-09-24; 12:38:40; 1505; 175; 27.57; 1010.086796875; 29.8955078125
2026-09-24; 12:39:40; 1522; 186; 27.54; 1010.04671875; 29.9619140625
2026-09-24; 12:40:40; 1555; 209; 27.51; 1010.02640625; 29.8125
2026-09-24; 12:41:40; 1551; 207; 27.48; 1010.062578125; 29.8662109375
2026-09-24; 12:42:40; 1564; 218; 27.4; 1010.074453125; 30.0439453125
2026-09-24; 12:43:40; 1575; 226; 27.41; 1010.04234375; 29.953125
2026-09-24; 12:44:40; 1597; 242; 27.47; 1010.0746484375; 30.0146484375
2026-09-24; 12:45:40; 1614; 258; 27.5; 1010.1508203125; 29.7998046875
2026-09-24; 12:46:40; 1628; 270; 27.49; 1010.1428125; 29.8115234375
2026-09-24; 12:47:40; 1636; 278; 27.49; 1010.1909765625; 29.7080078125
2026-09-24; 12:48:41; 1640; 281; 27.55; 1010.1751171875; 29.5869140625
2026-09-24; 12:49:41; 1657; 296; 27.64; 1010.227421875; 29.5927734375
2026-09-24; 12:50:41; 1676; 314; 27.67; 1010.1714453125; 29.412109375
2026-09-24; 12:51:41; 1655; 294; 27.62; 1010.279609375; 29.3515625
2026-09-24; 12:52:41; 1665; 304; 27.65; 1010.2514453125; 29.4453125
2026-09-24; 12:53:41; 1665; 304; 27.61; 1010.1592578125; 29.294921875
2026-09-24; 12:54:41; 1672; 311; 27.68; 1010.243984375; 29.3447265625
2026-09-24; 12:55:41; 1677; 315; 27.65; 1010.2514453125; 29.251953125
2026-09-24; 12:56:41; 1657; 296; 27.65; 1010.30765625; 29.103515625
2026-09-24; 12:57:41; 1628; 270; 27.58; 1010.279375; 29.2470703125
2026-09-24; 12:58:41; 1623; 265; 27.51; 1010.259140625; 29.3916015625
2026-09-24; 12:59:41; 1636; 278; 27.5; 1010.2631640625; 29.50390625
2026-09-24; 13:00:41; 1664; 302; 27.52; 1010.2473828125; 29.42578125
2026-09-24; 13:01:41; 1665; 304; 27.54; 1010.22328125; 29.2451171875
2026-09-24; 13:02:41; 1668; 306; 27.55; 1010.259375; 29.3359375
2026-09-24; 13:03:41; 1677; 315; 27.49; 1010.30328125; 29.1162109375
2026-09-24; 13:04:41; 1655; 294; 27.4; 1010.2228515625; 29.3037109375
2026-09-24; 13:05:41; 1660; 298; 27.46; 1010.2351171875; 29.341796875
2026-09-24; 13:06:41; 1660; 298; 27.42; 1010.1626953125; 29.2822265625
2026-09-24; 13:07:41; 1627; 269; 27.32; 1010.142421875; 29.34375
2026-09-24; 13:08:41; 1636; 278; 27.38; 1010.2105859375; 29.3251953125
2026-09-24; 13:09:41; 1642; 284; 27.44; 1010.0904296875; 29.158203125
2026-09-24; 13:10:41; 1642; 284; 27.42; 1010.1426171875; 29.123046875
2026-09-24; 13:11:41; 1632; 274; 27.4; 1010.130625; 29.2470703125
2026-09-24; 13:12:41; 1632; 274; 27.39; 1010.2269140625; 29.166015625
2026-09-24; 13:13:41; 1652; 292; 27.49; 1010.1147265625; 29.173828125
2026-09-24; 13:14:41; 1655; 294; 27.5; 1010.2069921875; 29.025390625
2026-09-24; 13:15:41; 1665; 304; 27.53; 1010.2072265625; 29.05078125
2026-09-24; 13:16:41; 1686; 324; 27.63; 1010.2194140625; 28.86328125
2026-09-24; 13:17:41; 1686; 324; 27.56; 1010.2112109375; 28.9033203125
2026-09-24; 13:18:41; 1676; 314; 27.56; 1010.183125; 28.8125
2026-09-24; 13:19:41; 1685; 323; 27.6; 1010.143203125; 28.79296875
2026-09-24; 13:20:41; 1672; 311; 27.57; 1010.14296875; 28.767578125
2026-09-24; 13:21:41; 1657; 296; 27.48; 1010.23109375; 28.76171875
2026-09-24; 13:22:41; 1642; 284; 27.45; 1010.1826953125; 28.7490234375
2026-09-24; 13:23:41; 1642; 284; 27.55; 1010.203203125; 28.857421875
2026-09-24; 13:24:41; 1628; 270; 27.53; 1010.1992578125; 28.5029296875
2026-09-24; 13:25:41; 1632; 274; 27.58; 1010.16703125; 28.677734375
2026-09-24; 13:26:41; 1642; 284; 27.72; 1010.195703125; 28.4921875
2026-09-24; 13:27:41; 1644; 285; 27.69; 1010.14765625; 28.421875
2026-09-24; 13:28:41; 1669; 308; 27.82; 1010.1519140625; 28.4189453125
2026-09-24; 13:29:41; 1717; 355; 27.88; 1010.1359375; 28.3203125
2026-09-24; 13:30:41; 1751; 391; 28.05; 1010.127890625; 28.1376953125
2026-09-24; 13:31:42; 1757; 400; 28.15; 1010.0758984375; 27.765625
2026-09-24; 13:32:42; 1731; 369; 28.15; 1010.14015625; 27.572265625
2026-09-24; 13:33:42; 1717; 355; 28.13; 1010.1078125; 27.697265625
2026-09-24; 13:34:42; 1739; 379; 28.19; 1010.1198828125; 27.7001953125
2026-09-24; 13:35:42; 1765; 409; 28.23; 1010.091875; 27.54296875
2026-09-24; 13:36:42; 1746; 386; 28.34; 1010.0999609375; 27.3779296875
2026-09-24; 13:37:42; 1762; 405; 28.42; 1010.192578125; 27.291015625
2026-09-24; 13:38:42; 1751; 391; 28.33; 1010.1120703125; 26.943359375
2026-09-24; 13:39:42; 1676; 314; 28.34; 1010.1562109375; 27.0126953125
2026-09-24; 13:40:42; 1664; 302; 28.44; 1010.140234375; 27.029296875
2026-09-24; 13:41:42; 1668; 306; 28.47; 1010.10390625; 26.8837890625
2026-09-24; 13:42:42; 1664; 302; 28.48; 1010.100078125; 26.873046875
2026-09-24; 13:43:42; 1672; 311; 28.58; 1010.14; 26.7529296875
2026-09-24; 13:44:42; 1657; 296; 28.59; 1010.240390625; 26.4560546875
2026-09-24; 13:45:42; 1632; 274; 28.59; 1010.1559765625; 26.75390625
2026-09-24; 13:46:42; 1628; 270; 28.66; 1010.1478515625; 26.3916015625
2026-09-24; 13:47:42; 1623; 265; 28.81; 1010.191640625; 26.46875
2026-09-24; 13:48:42; 1636; 278; 28.83; 1010.09125; 26.3447265625
2026-09-24; 13:49:42; 1628; 270; 28.82; 1010.123203125; 26.34375
2026-09-24; 13:50:42; 1635; 277; 28.96; 1010.1796484375; 26.1240234375
2026-09-24; 13:51:42; 1648; 288; 29.02; 1010.1269140625; 26.0927734375
2026-09-24; 13:52:42; 1668; 306; 29.08; 1010.1387890625; 25.9814453125
2026-09-24; 13:53:42; 1713; 351; 29.04; 1010.1029296875; 26.1962890625
2026-09-24; 13:54:42; 1775; 420; 29.23; 1010.2306640625; 26.126953125
2026-09-24; 13:55:42; 1828; 485; 29.22; 1010.22265625; 26.287109375
2026-09-24; 13:56:42; 1888; 568; 29.33; 1010.194140625; 26.2822265625
2026-09-24; 13:57:42; 1914; 605; 29.34; 1010.2462890625; 25.8251953125
2026-09-24; 13:58:42; 1834; 494; 29.28; 1010.1781640625; 25.294921875
2026-09-24; 13:59:42; 1787; 435; 29.23; 1010.286953125; 25.658203125
2026-09-24; 14:00:42; 1775; 420; 29.25; 1010.1864453125; 25.7509765625
2026-09-24; 14:01:42; 1762; 405; 29.07; 1010.13078125; 25.8896484375
2026-09-24; 14:02:42; 1775; 422; 29.22; 1010.166328125; 25.978515625
2026-09-24; 14:03:42; 1804; 454; 29.19; 1010.279296875; 26.1015625
2026-09-24; 14:04:42; 1817; 471; 29.16; 1010.1624609375; 25.998046875
2026-09-24; 14:05:42; 1804; 454; 29.23; 1010.2025; 25.8984375
2026-09-24; 14:06:42; 1804; 454; 29.32; 1010.2344921875; 25.7666015625
2026-09-24; 14:07:42; 1782; 429; 29.23; 1010.1180078125; 25.806640625
2026-09-24; 14:08:42; 1742; 382; 29.28; 1010.1983203125; 25.603515625
2026-09-24; 14:09:42; 1699; 337; 29.32; 1010.1499609375; 25.4345703125
2026-09-24; 14:10:42; 1648; 288; 29.23; 1010.1461328125; 25.462890625
2026-09-24; 14:11:42; 1632; 274; 29.31; 1010.133984375; 25.58203125
2026-09-24; 14:12:42; 1627; 269; 29.2; 1010.1343359375; 25.7255859375
2026-09-24; 14:13:42; 1581; 229; 29.35; 1010.149609375; 25.2177734375
2026-09-24; 14:14:42; 1522; 186; 29.37; 1010.0891015625; 25.333984375
2026-09-24; 14:15:43; 1528; 191; 29.31; 1010.162109375; 25.4677734375
2026-09-24; 14:16:43; 1522; 186; 29.29; 1010.1096484375; 25.55859375
2026-09-24; 14:17:43; 1526; 189; 29.29; 1010.1861328125; 25.5810546875
2026-09-24; 14:18:43; 1526; 189; 29.35; 1010.2341015625; 25.1611328125
2026-09-24; 14:19:43; 1441; 158; 29.39; 1010.10125; 25.2666015625
2026-09-24; 14:20:43; 1408; 153; 29.39; 1010.12140625; 25.3466796875
2026-09-24; 14:21:43; 1376; 148; 29.37; 1010.210078125; 25.2998046875
2026-09-24; 14:22:43; 1313; 139; 29.39; 1010.12140625; 25.232421875
2026-09-24; 14:23:43; 1316; 139; 29.33; 1010.1378125; 25.296875
2026-09-24; 14:24:43; 1270; 132; 29.37; 1010.2299609375; 25.310546875
2026-09-24; 14:25:43; 1201; 122; 29.36; 1010.18578125; 25.1044921875
2026-09-24; 14:26:43; 1144; 113; 29.38; 1010.2542578125; 25.185546875
2026-09-24; 14:27:43; 1014; 93; 29.51; 1010.25796875; 24.90625
2026-09-24; 14:28:43; 959; 85; 29.48; 1010.2295703125; 25.1455078125
2026-09-24; 14:29:43; 983; 88; 29.47; 1010.24171875; 25.0869140625
2026-09-24; 14:30:43; 995; 90; 29.42; 1010.2901171875; 25.0966796875
2026-09-24; 14:31:43; 1068; 101; 29.27; 1010.2748046875; 25.328125
2026-09-24; 14:32:43; 1131; 111; 29.34; 1010.2664453125; 25.400390625
2026-09-24; 14:33:43; 1093; 105; 29.35; 1010.2824609375; 25.1494140625
2026-09-24; 14:34:43; 1105; 107; 29.27; 1010.30296875; 25.259765625
2026-09-24; 14:35:43; 1107; 107; 29.24; 1010.30328125; 25.3955078125
2026-09-24; 14:36:43; 1105; 107; 29.35; 1010.2824609375; 25.20703125
2026-09-24; 14:37:43; 1053; 99; 29.46; 1010.28203125; 25.064453125
2026-09-24; 14:38:43; 925; 79; 29.52; 1010.2458203125; 24.8271484375
2026-09-24; 14:39:43; 821; 64; 29.4; 1010.2501171875; 24.9228515625
2026-09-24; 14:40:43; 787; 58; 29.32; 1010.214296875; 25.0908203125
2026-09-24; 14:41:43; 761; 54; 29.23; 1010.2105078125; 25.1767578125
2026-09-24; 14:42:43; 742; 52; 29.25; 1010.2428125; 25.1103515625
2026-09-24; 14:43:43; 735; 51; 29.24; 1010.1986328125; 25.2353515625
2026-09-24; 14:44:43; 768; 56; 29.3; 1010.1537890625; 25.181640625
2026-09-24; 14:45:43; 744; 52; 29.32; 1010.129765625; 25.13671875
2026-09-24; 14:46:43; 749; 53; 29.27; 1010.133984375; 25.2021484375
2026-09-24; 14:47:43; 735; 51; 29.29; 1010.073515625; 25.134765625
2026-09-24; 14:48:43; 728; 49; 29.28; 1010.06546875; 25.1455078125
2026-09-24; 14:49:43; 735; 51; 29.14; 1010.046015625; 25.2978515625
2026-09-24; 14:50:43; 749; 53; 29.17; 1009.973671875; 25.162109375
2026-09-24; 14:51:43; 770; 56; 29.08; 1010.054296875; 25.4091796875
2026-09-24; 14:52:43; 825; 64; 29.05; 1009.9861328125; 25.4072265625
2026-09-24; 14:53:43; 897; 75; 29.07; 1010.0181640625; 25.431640625
2026-09-24; 14:54:43; 1001; 91; 28.99; 1009.9662890625; 25.5986328125
2026-09-24; 14:55:43; 1201; 122; 29.02; 1010.0504296875; 25.56640625
2026-09-24; 14:56:43; 1313; 139; 29.06; 1010.0584765625; 25.4658203125
2026-09-24; 14:57:43; 1299; 136; 29.03; 1010.0584765625; 25.3837890625
2026-09-24; 14:58:44; 1274; 133; 28.99; 1010.10703125; 25.3818359375
2026-09-24; 14:59:44; 1242; 128; 28.99; 1010.10703125; 25.3125
2026-09-24; 15:00:44; 1093; 105; 29.07; 1010.1026171875; 25.271484375
2026-09-24; 15:01:44; 1068; 101; 28.86; 1009.990546875; 25.4306640625
2026-09-24; 15:02:44; 1014; 93; 28.88; 1010.1351171875; 25.478515625
2026-09-24; 15:03:44; 981; 88; 28.95; 1010.0708984375; 25.3671875
2026-09-24; 15:04:44; 1071; 102; 28.91; 1010.0430078125; 25.6171875
2026-09-24; 15:05:44; 1274; 133; 28.73; 1010.0149609375; 25.9267578125
2026-09-24; 15:06:44; 1334; 142; 28.95; 1010.0788671875; 25.5048828125
2026-09-24; 15:07:44; 1349; 144; 29.0; 1010.03859375; 25.427734375
2026-09-24; 15:08:44; 1478; 164; 28.85; 1009.9825; 25.728515625
2026-09-24; 15:09:44; 1503; 174; 28.88; 1010.030546875; 25.5810546875
2026-09-24; 15:10:44; 1496; 169; 28.91; 1009.9585546875; 25.3310546875
2026-09-24; 15:11:44; 1313; 139; 28.92; 1009.9745703125; 25.435546875
2026-09-24; 15:12:44; 1259; 130; 28.97; 1009.962421875; 25.2998046875
2026-09-24; 15:13:44; 1195; 121; 28.87; 1009.978359375; 25.4208984375
2026-09-24; 15:14:44; 1140; 112; 29.0; 1009.933984375; 25.2216796875
2026-09-24; 15:15:44; 1014; 93; 28.95; 1009.98640625; 25.21875
2026-09-24; 15:16:44; 951; 83; 28.91; 1009.8741015625; 25.3193359375
2026-09-24; 15:17:44; 877; 72; 29.05; 1009.9016796875; 25.1669921875
2026-09-24; 15:18:44; 821; 64; 28.99; 1009.853671875; 25.2099609375
2026-09-24; 15:19:44; 785; 58; 29.07; 1009.869375; 25.0654296875
2026-09-24; 15:20:44; 759; 54; 29.05; 1009.7810546875; 25.1103515625
2026-09-24; 15:21:44; 744; 52; 28.94; 1009.773359375; 25.20703125
2026-09-24; 15:22:44; 752; 53; 28.92; 1009.8539453125; 25.296875
2026-09-24; 15:23:44; 752; 53; 28.88; 1009.833515625; 25.3291015625
2026-09-24; 15:24:44; 759; 54; 28.91; 1009.80953125; 25.25
2026-09-24; 15:25:44; 800; 60; 28.75; 1009.785703125; 25.4365234375
2026-09-24; 15:26:44; 787; 58; 28.76; 1009.7457421875; 25.494140625
2026-09-24; 15:27:44; 770; 56; 28.77; 1009.7134765625; 25.369140625
2026-09-24; 15:28:44; 733; 50; 28.81; 1009.7493359375; 25.3486328125
2026-09-24; 15:29:44; 752; 53; 28.73; 1009.6411328125; 25.4130859375
2026-09-24; 15:30:44; 742; 52; 28.71; 1009.7015625; 25.4228515625
2026-09-24; 15:31:44; 749; 53; 28.64; 1009.758046875; 25.556640625
2026-09-24; 15:32:44; 717; 48; 28.54; 1009.633515625; 25.619140625
2026-09-24; 15:33:44; 714; 47; 28.58; 1009.68984375; 25.59765625
2026-09-24; 15:34:44; 682; 42; 28.66; 1009.6775; 25.419921875
2026-09-24; 15:35:44; 650; 38; 28.61; 1009.6614453125; 25.4404296875
2026-09-24; 15:36:44; 602; 30; 28.51; 1009.6900390625; 25.4345703125
2026-09-24; 15:37:44; 580; 27; 28.52; 1009.7341796875; 25.6181640625
2026-09-24; 15:38:44; 569; 25; 28.57; 1009.71; 25.552734375
2026-09-24; 15:39:44; 553; 23; 28.56; 1009.722109375; 25.4716796875
2026-09-24; 15:40:44; 549; 22; 28.54; 1009.709921875; 25.5390625
2026-09-24; 15:41:45; 548; 22; 28.59; 1009.77015625; 25.51953125
2026-09-24; 15:42:45; 500; 15; 28.65; 1009.7458984375; 25.3046875
2026-09-24; 15:43:45; 473; 11; 28.61; 1009.7740234375; 25.326171875
2026-09-24; 15:44:45; 402; 0; 28.42; 1009.7224609375; 25.5322265625
2026-09-24; 15:45:45; 400; 0; 28.42; 1009.778671875; 25.3955078125
2026-09-24; 15:46:45; 403; 0; 28.33; 1009.69828125; 25.619140625
2026-09-24; 15:47:45; 400; 0; 28.29; 1009.7182421875; 25.501953125
2026-09-24; 15:48:45; 400; 0; 28.39; 1009.72234375; 25.49609375
2026-09-24; 15:49:45; 400; 0; 28.36; 1009.68234375; 25.6318359375
2026-09-24; 15:50:45; 400; 0; 28.41; 1009.67796875; 25.5087890625
2026-09-24; 15:51:45; 400; 0; 28.38; 1009.6782421875; 25.552734375
2026-09-24; 15:52:45; 400; 0; 28.45; 1009.74234375; 25.48828125
2026-09-24; 15:53:45; 400; 0; 28.34; 1009.678125; 25.5849609375
2026-09-24; 15:54:45; 400; 0; 28.33; 1009.69828125; 25.6533203125
2026-09-24; 15:55:45; 400; 0; 28.34; 1009.65; 25.619140625
2026-09-24; 15:56:45; 400; 0; 28.36; 1009.68234375; 25.4951171875
2026-09-24; 15:57:45; 400; 0; 28.37; 1009.6341015625; 25.517578125
2026-09-24; 15:58:45; 400; 0; 28.48; 1009.66984375; 25.330078125
2026-09-24; 15:59:45; 400; 0; 28.4; 1009.653984375; 25.4619140625
2026-09-24; 16:00:45; 400; 0; 28.32; 1009.64609375; 25.5263671875
2026-09-24; 16:01:45; 400; 0; 28.44; 1009.7745703125; 25.3046875
2026-09-24; 16:02:45; 400; 0; 28.39; 1009.75046875; 25.2451171875
2026-09-24; 16:03:45; 400; 0; 28.33; 1009.690234375; 25.2412109375
2026-09-24; 16:04:45; 400; 0; 28.33; 1009.7263671875; 25.4248046875
2026-09-24; 16:05:45; 400; 0; 28.34; 1009.7426953125; 25.2080078125
2026-09-24; 16:06:45; 400; 0; 28.32; 1009.70234375; 25.34375
2026-09-24; 16:07:45; 400; 0; 28.34; 1009.6583203125; 25.298828125
2026-09-24; 16:08:45; 400; 0; 28.31; 1009.638125; 25.1611328125
2026-09-24; 16:09:45; 400; 0; 28.22; 1009.7103515625; 25.2236328125
2026-09-24; 16:10:45; 400; 0; 28.17; 1009.6380078125; 25.5986328125
2026-09-24; 16:11:45; 400; 0; 28.17; 1009.6299609375; 25.357421875
2026-09-24; 16:12:45; 400; 0; 28.07; 1009.5619140625; 25.455078125
2026-09-24; 16:13:45; 400; 0; 28.1; 1009.601953125; 25.662109375
2026-09-24; 16:14:45; 400; 0; 28.13; 1009.5455078125; 25.5615234375
2026-09-24; 16:15:45; 400; 0; 28.19; 1009.6338671875; 25.4736328125
2026-09-24; 16:16:45; 400; 0; 28.16; 1009.5296484375; 25.505859375
2026-09-24; 16:17:45; 400; 0; 28.18; 1009.561640625; 25.3818359375
2026-09-24; 16:18:45; 400; 0; 28.22; 1009.633984375; 25.3955078125
2026-09-24; 16:19:45; 400; 0; 28.18; 1009.589765625; 25.404296875
2026-09-24; 16:20:45; 400; 0; 28.23; 1009.55765625; 25.44140625
2026-09-24; 16:21:45; 400; 0; 28.3; 1009.5294140625; 25.2734375
2026-09-24; 16:22:45; 400; 0; 28.34; 1009.5176953125; 25.025390625
2026-09-24; 16:23:45; 400; 0; 28.29; 1009.4852734375; 24.9423828125
2026-09-24; 16:24:46; 400; 0; 28.35; 1009.497578125; 24.96875
2026-09-24; 16:25:46; 400; 0; 28.26; 1009.521328125; 25.134765625
2026-09-24; 16:26:46; 400; 0; 28.37; 1009.4934765625; 24.8662109375
2026-09-24; 16:27:46; 400; 0; 28.38; 1009.621953125; 24.8330078125
2026-09-24; 16:28:46; 400; 0; 28.32; 1009.5617578125; 24.794921875
2026-09-24; 16:29:46; 400; 0; 28.25; 1009.5615625; 24.8251953125
2026-09-24; 16:30:46; 400; 0; 28.33; 1009.605859375; 24.6591796875
2026-09-24; 16:31:46; 400; 0; 28.36; 1009.68234375; 24.6611328125
2026-09-24; 16:32:46; 400; 0; 28.24; 1009.6861328125; 24.951171875
2026-09-24; 16:33:46; 400; 0; 28.17; 1009.553671875; 25.1181640625
2026-09-24; 16:34:46; 400; 0; 28.26; 1009.549453125; 24.974609375
2026-09-24; 16:35:46; 400; 0; 28.25; 1009.4771875; 24.939453125
2026-09-24; 16:36:46; 400; 0; 28.31; 1009.5457421875; 24.794921875
2026-09-24; 16:37:46; 400; 0; 28.38; 1009.565703125; 24.6044921875
2026-09-24; 16:38:46; 400; 0; 28.34; 1009.5176953125; 24.5673828125
2026-09-24; 16:39:46; 400; 0; 28.33; 1009.5013671875; 24.533203125
2026-09-24; 16:40:46; 400; 0; 28.3; 1009.5294140625; 24.5537109375
2026-09-24; 16:41:46; 400; 0; 28.29; 1009.57765625; 24.6455078125
2026-09-24; 16:42:46; 400; 0; 28.27; 1009.4891015625; 24.8046875
2026-09-24; 16:43:46; 400; 0; 28.17; 1009.4894140625; 24.9013671875
2026-09-24; 16:44:46; 400; 0; 28.17; 1009.5255078125; 24.798828125
2026-09-24; 16:45:46; 400; 0; 28.24; 1009.545546875; 24.7568359375
2026-09-24; 16:46:46; 400; 0; 28.31; 1009.4975; 24.6123046875
2026-09-24; 16:47:46; 400; 0; 28.37; 1009.5014453125; 24.615234375
2026-09-24; 16:48:46; 400; 0; 28.28; 1009.5817578125; 24.6669921875
2026-09-24; 16:49:46; 400; 0; 28.24; 1009.517421875; 24.8017578125
2026-09-24; 16:50:46; 400; 0; 28.25; 1009.6178125; 24.5859375
2026-09-24; 16:51:46; 400; 0; 28.23; 1009.64203125; 24.52734375
2026-09-24; 16:52:46; 400; 0; 28.24; 1009.5254296875; 24.6201171875
2026-09-24; 16:53:46; 400; 0; 28.21; 1009.58984375; 24.708984375
2026-09-24; 16:54:46; 400; 0; 28.25; 1009.5053125; 24.7109375
2026-09-24; 16:55:46; 400; 0; 28.22; 1009.569765625; 24.6181640625
2026-09-24; 16:56:46; 400; 0; 28.3; 1009.565859375; 24.5087890625
2026-09-24; 16:57:46; 400; 0; 28.21; 1009.5055078125; 24.62890625
2026-09-24; 16:58:46; 400; 0; 28.25; 1009.5976953125; 24.505859375
2026-09-24; 16:59:46; 400; 0; 28.27; 1009.5453515625; 24.416015625
2026-09-24; 17:00:46; 400; 0; 28.27; 1009.50921875; 24.541015625
2026-09-24; 17:01:46; 400; 0; 28.16; 1009.5657421875; 24.6953125
2026-09-24; 17:02:46; 400; 0; 28.15; 1009.5698828125; 24.716796875
2026-09-24; 17:03:46; 400; 0; 28.13; 1009.5375390625; 24.5673828125
2026-09-24; 17:04:46; 400; 0; 28.15; 1009.54171875; 24.6484375
2026-09-24; 17:05:46; 400; 0; 28.2; 1009.593671875; 24.5947265625
2026-09-24; 17:06:46; 400; 0; 28.26; 1009.5293359375; 24.541015625
2026-09-24; 17:07:47; 400; 0; 28.11; 1009.5416015625; 24.7490234375
2026-09-24; 17:08:47; 400; 0; 28.17; 1009.5737890625; 24.7294921875
2026-09-24; 17:09:47; 400; 0; 28.26; 1009.5574609375; 24.4833984375
2026-09-24; 17:10:47; 400; 0; 28.32; 1009.67421875; 24.3837890625
2026-09-24; 17:11:47; 400; 0; 28.21; 1009.6180078125; 24.4462890625
2026-09-24; 17:12:47; 400; 0; 28.12; 1009.577734375; 24.681640625
2026-09-24; 17:13:47; 400; 0; 28.06; 1009.6098046875; 24.689453125
2026-09-24; 17:14:47; 400; 0; 28.07; 1009.618125; 24.5185546875
2026-09-24; 17:15:47; 400; 0; 28.07; 1009.5619140625; 24.2900390625
2026-09-24; 17:16:47; 400; 0; 28.08; 1009.5859375; 24.3828125
2026-09-24; 17:17:47; 400; 0; 28.05; 1009.565703125; 24.32421875
2026-09-24; 17:18:47; 400; 0; 28.02; 1009.51765625; 24.458984375
2026-09-24; 17:19:47; 400; 0; 28.02; 1009.57390625; 24.5849609375
2026-09-24; 17:20:47; 400; 0; 28.0; 1009.5335546875; 24.560546875
2026-09-24; 17:21:47; 400; 0; 27.89; 1009.5618359375; 24.3955078125
2026-09-24; 17:22:47; 400; 0; 27.9; 1009.5136328125; 24.7607421875
2026-09-24; 17:23:47; 400; 0; 27.95; 1009.489609375; 24.7978515625
2026-09-24; 17:24:47; 400; 0; 28.0; 1009.47734375; 24.720703125
2026-09-24; 17:25:47; 400; 0; 28.02; 1009.4895703125; 24.390625
2026-09-24; 17:26:47; 400; 0; 27.92; 1009.5175390625; 24.453125
2026-09-24; 17:27:47; 400; 0; 27.93; 1009.485703125; 24.6943359375
2026-09-24; 17:28:47; 400; 0; 28.0; 1009.5054296875; 24.3544921875
2026-09-24; 17:29:47; 400; 0; 28.03; 1009.5537890625; 24.3916015625
2026-09-24; 17:30:47; 400; 0; 28.03; 1009.561796875; 24.3798828125
2026-09-24; 17:31:47; 400; 0; 28.08; 1009.5297265625; 24.2685546875
2026-09-24; 17:32:47; 400; 0; 27.99; 1009.57375; 24.46875
2026-09-24; 17:33:47; 400; 0; 27.95; 1009.6019921875; 24.546875
2026-09-24; 17:34:47; 400; 0; 27.92; 1009.601875; 24.5107421875
2026-09-24; 17:35:47; 400; 0; 27.96; 1009.6662109375; 24.3076171875
2026-09-24; 17:36:47; 400; 0; 27.92; 1009.6299609375; 24.5224609375
2026-09-24; 17:37:47; 400; 0; 27.95; 1009.6501953125; 24.3525390625
2026-09-24; 17:38:47; 400; 0; 27.87; 1009.6141015625; 24.2001953125
2026-09-24; 17:39:47; 400; 0; 27.82; 1009.6741796875; 24.505859375
2026-09-24; 17:40:47; 400; 0; 27.86; 1009.625859375; 24.4052734375
2026-09-24; 17:41:47; 400; 0; 27.86; 1009.682109375; 24.484375
2026-09-24; 17:42:47; 400; 0; 27.78; 1009.6459375; 24.4912109375
2026-09-24; 17:43:47; 400; 0; 27.79; 1009.5696484375; 24.2978515625
2026-09-24; 17:44:47; 400; 0; 27.79; 1009.6539453125; 24.423828125
2026-09-24; 17:45:47; 400; 0; 27.71; 1009.6178125; 24.7158203125
2026-09-24; 17:46:47; 400; 0; 27.71; 1009.5896875; 24.6357421875
2026-09-24; 17:47:47; 400; 0; 27.72; 1009.5776171875; 24.48828125
2026-09-24; 17:48:47; 65535; 65535; 27.78; 1009.5817578125; 24.5712890625
2026-09-24; 17:49:47; 400; 0; 27.72; 1009.5214453125; 24.6484375
2026-09-24; 17:50:48; 400; 0; 27.76; 1009.5858203125; 24.421875
2026-09-24; 17:51:48; 400; 0; 27.67; 1009.51734375; 24.5654296875
2026-09-24; 17:52:48; 400; 0; 27.63; 1009.60140625; 24.7001953125
2026-09-24; 17:53:48; 400; 0; 27.66; 1009.537421875; 24.4619140625
2026-09-24; 17:54:48; 400; 0; 27.63; 1009.621484375; 24.6767578125
2026-09-24; 17:55:48; 400; 0; 27.64; 1009.6375; 24.6552734375
2026-09-24; 17:56:48; 400; 0; 27.66; 1009.6216796875; 24.6220703125
2026-09-24; 17:57:48; 400; 0; 27.67; 1009.6376953125; 24.69140625
2026-09-24; 17:58:48; 400; 0; 27.68; 1009.646015625; 24.4287109375
2026-09-24; 17:59:48; 400; 0; 27.76; 1009.6901953125; 24.5244140625
2026-09-24; 18:00:48; 400; 0; 27.67; 1009.7139453125; 24.5771484375
2026-09-24; 18:01:48; 400; 0; 27.66; 1009.66984375; 24.5419921875
2026-09-24; 18:02:48; 400; 0; 27.63; 1009.6294921875; 24.5751953125
2026-09-24; 18:03:48; 400; 0; 27.69; 1009.718203125; 24.634765625
2026-09-24; 18:04:48; 400; 0; 27.73; 1009.7826171875; 24.51171875
2026-09-24; 18:05:48; 400; 0; 27.77; 1009.762421875; 24.3994140625
2026-09-24; 18:06:48; 400; 0; 27.72; 1009.710078125; 24.4658203125
2026-09-24; 18:07:48; 400; 0; 27.65; 1009.653515625; 24.6787109375
2026-09-24; 18:08:48; 400; 0; 27.63; 1009.8261328125; 24.5751953125
2026-09-24; 18:09:48; 400; 0; 27.61; 1009.8221875; 24.5625
2026-09-24; 18:10:48; 400; 0; 27.55; 1009.866171875; 24.71875
2026-09-24; 18:11:48; 400; 0; 27.54; 1009.793984375; 24.68359375
2026-09-24; 18:12:48; 400; 0; 27.52; 1009.7418359375; 24.6142578125
2026-09-24; 18:13:48; 400; 0; 27.54; 1009.8019921875; 24.650390625
2026-09-24; 18:14:48; 400; 0; 27.46; 1009.7778125; 24.748046875
2026-09-24; 18:15:48; 400; 0; 27.44; 1009.7815234375; 24.8388671875
2026-09-24; 18:16:48; 400; 0; 27.4; 1009.8859375; 24.927734375
2026-09-24; 18:17:48; 400; 0; 27.52; 1009.90234375; 24.7509765625
2026-09-24; 18:18:48; 400; 0; 27.5; 1009.87796875; 24.63671875
2026-09-24; 18:19:48; 400; 0; 27.43; 1009.933984375; 24.7578125
2026-09-24; 18:20:48; 400; 0; 27.4; 1009.8859375; 24.69921875
2026-09-24; 18:21:48; 400; 0; 27.4; 1009.9420703125; 24.8251953125
2026-09-24; 18:22:48; 400; 0; 27.41; 1009.8738671875; 24.791015625
2026-09-24; 18:23:48; 400; 0; 27.37; 1009.9217578125; 24.7431640625
2026-09-24; 18:24:48; 400; 0; 27.32; 1009.9539453125; 24.8544921875
2026-09-24; 18:25:48; 400; 0; 27.33; 1009.9619140625; 24.6953125
2026-09-24; 18:26:48; 400; 0; 27.25; 1009.9336328125; 24.98828125
2026-09-24; 18:27:48; 400; 0; 27.21; 1009.945390625; 24.939453125
2026-09-24; 18:28:48; 400; 0; 27.35; 1009.9658984375; 24.8896484375
2026-09-24; 18:29:48; 400; 0; 27.36; 1009.961875; 24.77734375
2026-09-24; 18:30:48; 400; 0; 27.33; 1010.02609375; 24.8212890625
2026-09-24; 18:31:48; 400; 0; 27.3; 1009.9776953125; 24.8759765625
2026-09-24; 18:32:48; 400; 0; 27.26; 1009.977734375; 24.7607421875
2026-09-24; 18:33:49; 400; 0; 27.22; 1009.969453125; 24.9404296875
2026-09-24; 18:34:49; 400; 0; 27.12; 1009.9491796875; 24.96875
2026-09-24; 18:35:49; 400; 0; 27.11; 1010.008984375; 25.0703125
2026-09-24; 18:36:49; 400; 0; 27.11; 1010.008984375; 25.0361328125
2026-09-24; 18:37:49; 400; 0; 27.06; 1010.0771875; 25.1025390625
2026-09-24; 18:38:49; 400; 0; 26.98; 1010.0605078125; 25.1884765625
2026-09-24; 18:39:49; 400; 0; 26.96; 1010.0641796875; 25.119140625
2026-09-24; 18:40:49; 400; 0; 26.77; 1010.0875; 25.279296875
2026-09-24; 18:41:49; 400; 0; 26.85; 1010.0477734375; 25.23828125
2026-09-24; 18:42:49; 400; 0; 26.95; 1010.020078125; 25.1875
2026-09-24; 18:43:49; 400; 0; 27.01; 1010.0525; 24.9287109375
2026-09-24; 18:44:49; 400; 0; 27.03; 1010.0845703125; 24.9873046875
2026-09-24; 18:45:49; 400; 0; 26.95; 1010.0762109375; 25.0849609375
2026-09-24; 18:46:49; 400; 0; 26.86; 1010.1199609375; 25.2275390625
2026-09-24; 18:47:49; 400; 0; 26.9; 1010.0999609375; 25.20703125
2026-09-24; 18:48:49; 400; 0; 26.9; 1010.1560546875; 25.1953125
2026-09-24; 18:49:49; 400; 0; 26.92; 1010.1683984375; 25.1630859375
2026-09-24; 18:50:49; 400; 0; 26.85; 1010.168046875; 25.2158203125
2026-09-24; 18:51:49; 400; 0; 26.78; 1010.1395703125; 25.326171875
2026-09-24; 18:52:49; 400; 0; 26.77; 1010.115546875; 25.3359375
2026-09-24; 18:53:49; 400; 0; 26.75; 1010.1392578125; 25.3916015625
2026-09-24; 18:54:49; 400; 0; 26.71; 1010.0911328125; 25.37890625
2026-09-24; 18:55:49; 400; 0; 26.67; 1010.158828125; 25.4443359375
2026-09-24; 18:56:49; 400; 0; 26.62; 1010.1063671875; 25.509765625
2026-09-24; 18:57:49; 400; 0; 26.59; 1010.150390625; 25.576171875
2026-09-24; 18:58:49; 400; 0; 26.49; 1010.121484375; 25.6845703125
2026-09-24; 18:59:49; 400; 0; 26.47; 1010.2095703125; 25.70703125
2026-09-24; 19:00:49; 400; 0; 26.41; 1010.1970703125; 25.7939453125
2026-09-24; 19:01:49; 400; 0; 26.35; 1010.1562109375; 25.8818359375
2026-09-24; 19:02:49; 400; 0; 26.27; 1010.2037109375; 25.9677734375
2026-09-24; 19:03:49; 400; 0; 26.24; 1010.20359375; 26.0458984375
2026-09-24; 19:04:49; 400; 0; 26.21; 1010.2191796875; 26.0439453125
2026-09-24; 19:05:49; 400; 0; 26.12; 1010.250546875; 26.1865234375
2026-09-24; 19:06:49; 400; 0; 26.09; 1010.2584765625; 26.23046875
2026-09-24; 19:07:49; 400; 0; 25.99; 1010.313359375; 26.39453125
2026-09-24; 19:08:50; 400; 0; 25.97; 1010.3173046875; 26.4619140625
2026-09-24; 19:09:50; 400; 0; 25.98; 1010.3053515625; 26.451171875
2026-09-24; 19:10:50; 400; 0; 25.94; 1010.2968359375; 26.4833984375
2026-09-24; 19:11:50; 400; 0; 25.92; 1010.23671875; 26.4814453125
2026-09-24; 19:12:50; 400; 0; 25.87; 1010.164453125; 26.55859375
2026-09-24; 19:13:50; 400; 0; 25.85; 1010.2440625; 26.591796875
2026-09-24; 19:14:50; 400; 0; 25.87; 1010.2681640625; 26.5927734375
2026-09-24; 19:15:50; 400; 0; 25.84; 1010.2; 26.63671875
2026-09-24; 19:16:50; 400; 0; 25.76; 1010.2312109375; 26.767578125
2026-09-24; 19:17:50; 400; 0; 25.73; 1010.35078125; 26.7998046875
2026-09-24; 19:18:50; 400; 0; 25.68; 1010.3821484375; 26.8876953125
2026-09-24; 19:19:50; 400; 0; 25.64; 1010.3816015625; 26.9189453125
2026-09-24; 19:20:50; 400; 0; 25.53; 1010.45625; 27.0830078125
2026-09-24; 19:21:50; 400; 0; 25.49; 1010.4199609375; 27.1484375
2026-09-24; 19:22:50; 400; 0; 25.47; 1010.443828125; 27.125
2026-09-24; 19:23:50; 400; 0; 25.51; 1010.4241015625; 27.1162109375
2026-09-24; 19:24:50; 400; 0; 25.45; 1010.4393359375; 27.2021484375
2026-09-24; 19:25:50; 400; 0; 25.45; 1010.5233203125; 27.259765625
2026-09-24; 19:26:50; 400; 0; 25.38; 1010.4545703125; 27.3466796875
2026-09-24; 19:27:50; 400; 0; 25.41; 1010.4030859375; 27.3369140625
2026-09-24; 19:28:50; 400; 0; 25.37; 1010.5224609375; 27.3916015625
2026-09-24; 19:29:50; 400; 0; 25.28; 1010.489453125; 27.4990234375
2026-09-24; 19:30:50; 400; 0; 25.27; 1010.5493359375; 27.509765625
2026-09-24; 19:31:50; 400; 0; 25.21; 1010.54453125; 27.619140625
2026-09-24; 19:32:50; 400; 0; 25.22; 1010.5805859375; 27.5859375
2026-09-24; 19:33:50; 400; 0; 25.17; 1010.5837890625; 27.6962890625
2026-09-24; 19:34:50; 400; 0; 25.15; 1010.58765625; 27.70703125
2026-09-24; 19:35:50; 400; 0; 25.14; 1010.5995703125; 27.728515625
2026-09-24; 19:36:50; 400; 0; 25.12; 1010.698984375; 27.75
2026-09-24; 19:37:50; 400; 0; 25.07; 1010.6545703125; 27.826171875
2026-09-24; 19:38:51; 400; 0; 25.05; 1010.68640625; 27.8486328125
2026-09-24; 19:39:51; 400; 0; 24.97; 1010.6606640625; 28.001953125
2026-09-24; 19:40:51; 400; 0; 24.97; 1010.69671875; 28.0126953125
2026-09-24; 19:41:51; 400; 0; 24.94; 1010.704375; 28.044921875
2026-09-24; 19:42:51; 400; 0; 24.89; 1010.7554296875; 28.1318359375
2026-09-24; 19:43:51; 400; 0; 24.8; 1010.738359375; 28.2744140625
2026-09-24; 19:44:51; 400; 0; 24.79; 1010.68625; 28.2392578125
2026-09-24; 19:45:51; 400; 0; 24.79; 1010.71421875; 28.2841796875
2026-09-24; 19:46:51; 400; 0; 24.78; 1010.762109375; 28.2734375
2026-09-24; 19:47:51; 401; 0; 24.76; 1010.74953125; 28.3623046875
2026-09-24; 19:48:51; 414; 2; 24.7; 1010.744609375; 28.4375
2026-09-24; 19:49:51; 428; 4; 24.7; 1010.7365625; 28.4482421875
2026-09-24; 19:50:51; 439; 5; 24.69; 1010.756484375; 28.470703125
2026-09-24; 19:51:51; 445; 6; 24.65; 1010.6641796875; 28.5244140625
2026-09-24; 19:52:51; 459; 8; 24.64; 1010.72359375; 28.5244140625
2026-09-24; 19:53:51; 470; 10; 24.62; 1010.74734375; 28.61328125
2026-09-24; 19:54:51; 485; 12; 24.61; 1010.7591796875; 28.5673828125
2026-09-24; 19:55:51; 491; 13; 24.59; 1010.707109375; 28.66796875
2026-09-24; 19:56:51; 506; 16; 24.58; 1010.6630859375; 28.6904296875
2026-09-24; 19:57:51; 523; 18; 24.53; 1010.67421875; 28.732421875
2026-09-24; 19:58:51; 531; 19; 24.53; 1010.7021875; 28.7216796875
2026-09-24; 19:59:51; 543; 21; 24.51; 1010.6060546875; 28.7763671875
2026-09-24; 20:00:51; 561; 24; 24.5; 1010.6539453125; 28.7646484375
2026-09-24; 20:01:51; 588; 28; 24.49; 1010.6015234375; 28.8203125
2026-09-24; 20:02:51; 599; 30; 24.49; 1010.657421875; 28.80859375
2026-09-24; 20:03:51; 614; 32; 24.49; 1010.6375390625; 28.900390625
2026-09-24; 20:04:51; 633; 35; 24.41; 1010.6401953125; 29.052734375
2026-09-24; 20:05:51; 659; 39; 24.38; 1010.6558203125; 29.0283203125
2026-09-24; 20:06:51; 690; 44; 24.37; 1010.7794921875; 29.0166015625
2026-09-24; 20:07:51; 712; 47; 24.31; 1010.6543359375; 29.091796875
2026-09-24; 20:08:52; 735; 51; 24.27; 1010.7014453125; 29.2021484375
2026-09-24; 20:09:52; 774; 56; 24.25; 1010.641328125; 29.189453125
2026-09-24; 20:10:52; 819; 63; 24.22; 1010.592734375; 29.30078125
2026-09-24; 20:11:52; 863; 70; 24.19; 1010.6642578125; 29.3212890625
2026-09-24; 20:12:52; 905; 76; 24.22; 1010.7125; 29.3125
2026-09-24; 20:13:52; 954; 84; 24.24; 1010.7090625; 29.2568359375
2026-09-24; 20:14:52; 997; 90; 24.25; 1010.7251171875; 29.234375
2026-09-24; 20:15:52; 1050; 99; 24.29; 1010.705703125; 29.169921875
2026-09-24; 20:16:52; 1118; 109; 24.31; 1010.7301171875; 29.2041015625
2026-09-24; 20:17:52; 1195; 121; 24.29; 1010.705703125; 29.2265625
2026-09-24; 20:18:52; 1262; 131; 24.33; 1010.65890625; 29.2060546875
2026-09-24; 20:19:52; 1330; 141; 24.35; 1010.73890625; 29.1728515625
2026-09-24; 20:20:52; 1416; 154; 24.4; 1010.7079296875; 29.0859375
2026-09-24; 20:21:52; 1496; 169; 24.36; 1010.7071875; 29.197265625
2026-09-24; 20:22:52; 1513; 180; 24.4; 1010.74390625; 29.0869140625
2026-09-24; 20:23:52; 1533; 194; 24.32; 1010.6903515625; 29.2509765625
2026-09-24; 20:24:52; 1556; 211; 24.35; 1010.7190625; 29.20703125
2026-09-24; 20:25:52; 1578; 227; 24.32; 1010.67046875; 29.2392578125
2026-09-24; 20:26:52; 1597; 242; 24.37; 1010.7714453125; 29.208984375
2026-09-24; 20:27:52; 1615; 260; 24.33; 1010.742734375; 29.240234375
2026-09-24; 20:28:52; 1635; 277; 24.34; 1010.8147265625; 29.263671875
2026-09-24; 20:29:52; 1657; 296; 24.32; 1010.7462109375; 29.216796875
2026-09-24; 20:30:52; 1676; 314; 24.32; 1010.7741796875; 29.3076171875
2026-09-24; 20:31:52; 1683; 322; 24.35; 1010.8308203125; 29.1279296875
2026-09-24; 20:32:52; 1701; 340; 24.35; 1010.79484375; 29.2177734375
2026-09-24; 20:33:52; 1726; 364; 24.29; 1010.7978515625; 29.2373046875
2026-09-24; 20:34:52; 1738; 377; 24.24; 1010.745; 29.4267578125
2026-09-24; 20:35:52; 1759; 402; 24.18; 1010.8635546875; 29.4560546875
2026-09-24; 20:36:52; 1775; 422; 24.15; 1010.815; 29.5341796875
2026-09-24; 20:37:52; 1796; 445; 24.16; 1010.747578125; 29.48828125
2026-09-24; 20:38:52; 1810; 461; 24.15; 1010.795078125; 29.5
2026-09-24; 20:39:52; 1829; 487; 24.23; 1010.83265625; 29.369140625
2026-09-24; 20:40:52; 1848; 513; 24.26; 1010.7412109375; 29.314453125
2026-09-24; 20:41:52; 1857; 526; 24.2; 1010.764140625; 29.4462890625
2026-09-24; 20:42:52; 1880; 555; 24.19; 1010.8796875; 29.4794921875
2026-09-24; 20:43:52; 1899; 584; 24.13; 1010.89453125; 29.5439453125
2026-09-24; 20:44:52; 1922; 619; 24.12; 1010.8783984375; 29.599609375
2026-09-24; 20:45:52; 1939; 647; 24.05; 1010.8851953125; 29.7080078125
2026-09-24; 20:46:52; 1959; 676; 24.01; 1010.940234375; 29.7841796875
2026-09-24; 20:47:52; 1983; 718; 23.99; 1010.8999609375; 29.8056640625
2026-09-24; 20:48:52; 2015; 773; 23.95; 1010.9273828125; 29.8935546875
2026-09-24; 20:49:52; 2048; 823; 23.94; 1010.9587890625; 29.880859375
2026-09-24; 20:50:52; 2070; 865; 23.95; 1010.8994921875; 29.8828125
2026-09-24; 20:51:53; 2092; 909; 23.91; 1010.9383984375; 29.935546875
2026-09-24; 20:52:53; 2130; 984; 23.94; 1010.9587890625; 29.892578125
2026-09-24; 20:53:53; 2154; 1036; 23.94; 1010.9587890625; 29.9150390625
2026-09-24; 20:54:53; 2185; 1111; 23.9; 1010.902421875; 29.87890625
2026-09-24; 20:55:53; 2210; 1161; 23.87; 1011.01328125; 30.0234375
2026-09-24; 20:56:53; 2238; 1220; 23.84; 1010.9730078125; 30.033203125
2026-09-24; 20:57:53; 2263; 1276; 23.86; 1010.9971875; 30.0
2026-09-24; 20:58:53; 2302; 1358; 23.85; 1010.925234375; 30.0224609375
2026-09-24; 20:59:53; 2336; 1433; 23.82; 1010.8849609375; 30.04296875
2026-09-24; 21:00:53; 2372; 1506; 23.84; 1010.9730078125; 30.021484375
2026-09-24; 21:01:53; 2397; 1562; 23.83; 1010.9488671875; 30.1669921875
2026-09-24; 21:02:53; 2434; 1638; 23.84; 1010.8333984375; 29.9990234375
2026-09-24; 21:03:53; 2457; 1688; 23.81; 1010.9442578125; 30.0869140625
2026-09-24; 21:04:53; 2493; 1768; 23.88; 1010.889765625; 29.8994140625
2026-09-24; 21:05:53; 2528; 1845; 23.95; 1010.9273828125; 29.8603515625
2026-09-24; 21:06:53; 2567; 1924; 23.89; 1010.9142578125; 29.9794921875
2026-09-24; 21:07:53; 2596; 1991; 23.85; 1011.008984375; 30.0107421875
2026-09-24; 21:08:53; 2626; 2051; 23.85; 1010.9612109375; 30.0341796875
2026-09-24; 21:09:53; 2654; 2110; 23.79; 1010.99578125; 30.1416015625
2026-09-24; 21:10:53; 2682; 2170; 23.8; 1011.0398046875; 30.09765625
2026-09-24; 21:11:53; 2720; 2263; 23.79; 1010.9120703125; 30.17578125
2026-09-24; 21:12:53; 2758; 2343; 23.77; 1010.971640625; 30.1748046875
2026-09-24; 21:13:53; 2778; 2387; 23.71; 1010.9944140625; 30.2275390625
2026-09-24; 21:14:53; 2805; 2445; 23.69; 1010.954140625; 30.3271484375
2026-09-24; 21:15:53; 2837; 2517; 23.66; 1010.9892578125; 30.3369140625
2026-09-24; 21:16:53; 2859; 2564; 23.63; 1010.99671875; 30.4365234375
2026-09-24; 21:17:53; 2898; 2631; 23.6; 1010.955859375; 30.4345703125
2026-09-24; 21:18:53; 2932; 2697; 23.59; 1010.959609375; 30.5126953125
2026-09-24; 21:19:53; 2963; 2768; 23.55; 1010.9230859375; 30.5439453125
2026-09-24; 21:20:53; 3002; 2854; 23.55; 1011.0346875; 30.56640625
2026-09-24; 21:21:53; 3036; 2922; 23.51; 1010.950078125; 30.6201171875
2026-09-24; 21:22:53; 3060; 2973; 23.51; 1011.06171875; 30.6083984375
2026-09-24; 21:23:53; 3093; 3046; 23.55; 1010.9509765625; 30.5771484375
2026-09-24; 21:24:53; 3141; 3155; 23.5; 1010.98171875; 30.6533203125
2026-09-24; 21:25:53; 3165; 3200; 23.55; 1010.9788671875; 30.521484375
2026-09-24; 21:26:53; 3201; 3278; 23.5; 1010.9259375; 30.6650390625
2026-09-24; 21:27:53; 3247; 3381; 23.5; 1010.9619140625; 30.6533203125
2026-09-24; 21:28:53; 3263; 3414; 23.48; 1011.013359375; 30.6630859375
2026-09-24; 21:29:53; 3303; 3501; 23.45; 1010.9727734375; 30.7294921875
2026-09-24; 21:30:53; 3332; 3562; 23.45; 1011.0006640625; 30.6953125
2026-09-24; 21:31:53; 3363; 3623; 23.39; 1011.0153125; 30.8037109375
2026-09-24; 21:32:53; 3412; 3742; 23.39; 1010.8677734375; 30.8154296875
2026-09-24; 21:33:53; 3447; 3798; 23.36; 1010.9669921875; 30.869140625
2026-09-24; 21:34:54; 3464; 3841; 23.38; 1010.9632421875; 30.814453125
2026-09-24; 21:35:54; 3507; 3933; 23.39; 1010.9514453125; 30.78125
2026-09-24; 21:36:54; 3527; 3981; 23.36; 1010.9948828125; 30.92578125
2026-09-24; 21:37:54; 3561; 4055; 23.34; 1010.990546875; 30.8564453125
2026-09-24; 21:38:54; 3609; 4144; 23.32; 1010.9859375; 30.912109375
2026-09-24; 21:39:54; 3640; 4219; 23.34; 1010.990546875; 30.9248046875
2026-09-24; 21:40:54; 3668; 4268; 23.28; 1010.8935546875; 30.98828125
2026-09-24; 21:41:54; 3715; 4375; 23.31; 1010.96171875; 30.921875
2026-09-24; 21:42:54; 3739; 4436; 23.25; 1010.976328125; 31.03125
2026-09-24; 21:43:54; 3778; 4505; 23.26; 1011.00046875; 31.0546875
2026-09-24; 21:44:54; 3830; 4630; 23.23; 1010.9521484375; 31.09765625
2026-09-24; 21:45:54; 3870; 4718; 23.23; 1011.0277734375; 31.119140625
2026-09-24; 21:46:54; 3896; 4790; 23.19; 1011.0268359375; 31.162109375
2026-09-24; 21:47:54; 3950; 4903; 23.18; 1010.9908984375; 31.1728515625
2026-09-24; 21:48:54; 4005; 5015; 23.17; 1010.9666796875; 31.1953125
2026-09-24; 21:49:54; 4035; 5089; 23.22; 1011.011640625; 31.029296875
2026-09-24; 21:50:54; 4066; 5155; 23.19; 1011.0069921875; 31.1181640625
2026-09-24; 21:51:54; 4120; 5241; 23.16; 1010.93078125; 31.171875
2026-09-24; 21:52:54; 4160; 5317; 23.14; 1010.974140625; 31.1923828125
2026-09-24; 21:53:54; 4212; 5443; 23.11; 1010.953359375; 31.26953125
2026-09-24; 21:54:54; 4240; 5504; 23.11; 1011.07296875; 31.2919921875
2026-09-24; 21:55:54; 4272; 5557; 23.06; 1011.0202734375; 31.322265625
2026-09-24; 21:56:54; 4321; 5672; 23.06; 1011.039765625; 31.3564453125
2026-09-24; 21:57:54; 4358; 5753; 23.06; 1011.011875; 31.37890625
2026-09-24; 21:58:54; 4387; 5812; 23.01; 1010.9870703125; 31.4541015625
2026-09-24; 21:59:54; 4459; 5958; 23.03; 1010.9356640625; 31.3984375
2026-09-24; 22:00:54; 4459; 5958; 23.03; 1010.9437109375; 31.376953125
2026-09-24; 22:01:54; 4498; 6041; 23.05; 1010.9957421875; 31.3671875
2026-09-24; 22:02:54; 4528; 6115; 23.01; 1010.967265625; 31.3984375
2026-09-24; 22:03:54; 4550; 6162; 22.98; 1010.9185546875; 31.4638671875
2026-09-24; 22:04:54; 4606; 6278; 22.98; 1010.9383984375; 31.4853515625
2026-09-24; 22:05:54; 4606; 6278; 22.98; 1010.890703125; 31.4638671875
2026-09-24; 22:06:54; 4646; 6382; 22.96; 1010.906171875; 31.47265625
2026-09-24; 22:07:54; 4682; 6441; 22.97; 1010.978046875; 31.4736328125
2026-09-24; 22:08:54; 4704; 6498; 22.95; 1010.9179296875; 31.5166015625
2026-09-24; 22:09:54; 4746; 6576; 22.93; 1010.901796875; 31.5390625
2026-09-24; 22:10:54; 4746; 6576; 22.91; 1010.8971484375; 31.560546875
2026-09-24; 22:11:54; 4760; 6620; 22.92; 1010.9135546875; 31.515625
2026-09-24; 22:12:54; 4805; 6719; 22.9; 1010.9646484375; 31.5595703125
2026-09-24; 22:13:54; 4848; 6800; 22.89; 1010.8927734375; 31.55859375
2026-09-24; 22:14:54; 4820; 6740; 22.87; 1010.9162890625; 31.5576171875
2026-09-24; 22:15:54; 4868; 6839; 22.86; 1010.928046875; 31.5791015625
2026-09-24; 22:16:54; 4905; 6909; 22.84; 1010.9986328125; 31.64453125
2026-09-24; 22:17:55; 4905; 6909; 22.85; 1010.995234375; 31.611328125
2026-09-24; 22:18:55; 4920; 6950; 22.85; 1010.986875; 31.611328125
2026-09-24; 22:19:55; 4943; 6991; 22.79; 1010.8703515625; 31.6640625
2026-09-24; 22:20:55; 4986; 7099; 22.8; 1010.9421875; 31.6416015625
2026-09-24; 22:21:55; 4986; 7099; 22.77; 1010.9492578125; 31.7080078125
2026-09-24; 22:22:55; 5015; 7161; 22.78; 1010.929453125; 31.7197265625
2026-09-24; 22:23:55; 5058; 7254; 22.76; 1010.9052734375; 31.70703125
2026-09-24; 22:24:55; 5058; 7254; 22.75; 1010.88109375; 31.7060546875
2026-09-24; 22:25:55; 5058; 7254; 22.74; 1010.920703125; 31.7158203125
2026-09-24; 22:26:55; 5099; 7337; 22.71; 1010.9556640625; 31.759765625
2026-09-24; 22:27:55; 5145; 7423; 22.7; 1010.9197265625; 31.7705078125
2026-09-24; 22:28:55; 5145; 7423; 22.66; 1010.9666796875; 31.8232421875
2026-09-24; 22:29:55; 5175; 7487; 22.71; 1011.0194140625; 31.7373046875
2026-09-24; 22:30:55; 5195; 7545; 22.7; 1011.00328125; 31.7373046875
2026-09-24; 22:31:55; 5225; 7609; 22.68; 1010.9153515625; 31.7919921875
2026-09-24; 22:32:55; 5245; 7653; 22.66; 1010.9469140625; 31.80078125
2026-09-24; 22:33:55; 5245; 7653; 22.66; 1010.974765625; 31.7900390625
2026-09-24; 22:34:55; 5295; 7762; 22.66; 1011.022421875; 31.80078125
2026-09-24; 22:35:55; 5320; 7806; 22.63; 1010.95390625; 31.7880859375
2026-09-24; 22:36:55; 5320; 7806; 22.61; 1011.025078125; 31.865234375
2026-09-24; 22:37:55; 5351; 7872; 22.61; 1010.941484375; 31.7978515625
2026-09-24; 22:38:55; 5366; 7905; 22.59; 1010.9649609375; 31.86328125
2026-09-24; 22:39:55; 5397; 7971; 22.56; 1010.980078125; 31.9072265625
2026-09-24; 22:40:55; 5397; 7971; 22.58; 1010.948828125; 31.8623046875
2026-09-24; 22:41:55; 5397; 7971; 22.58; 1010.948828125; 31.8173828125
2026-09-24; 22:42:55; 5397; 7971; 22.57; 1010.968359375; 31.783203125
2026-09-24; 22:43:55; 5418; 8044; 22.53; 1010.93171875; 31.8818359375
2026-09-24; 22:44:55; 5418; 8044; 22.52; 1010.9353515625; 31.8701171875
2026-09-24; 22:45:55; 5397; 7971; 22.5; 1010.9028125; 31.8681640625
2026-09-24; 22:46:55; 5397; 7971; 22.49; 1010.8947265625; 31.9130859375
2026-09-24; 22:47:55; 5397; 7971; 22.49; 1010.866875; 31.9130859375
2026-09-24; 22:48:55; 5397; 7971; 22.49; 1010.858828125; 31.923828125
2026-09-24; 22:49:55; 5366; 7905; 22.46; 1010.921875; 31.9326171875
2026-09-24; 22:50:55; 5366; 7905; 22.48; 1010.9343359375; 31.8671875
2026-09-24; 22:51:55; 5351; 7872; 22.46; 1010.9497265625; 31.91015625
2026-09-24; 22:52:55; 5320; 7806; 22.45; 1010.9137890625; 31.8642578125
2026-09-24; 22:53:55; 5320; 7806; 22.47; 1010.9380078125; 31.8544921875
2026-09-24; 22:54:55; 5265; 7695; 22.44; 1010.925546875; 31.9091796875
2026-09-24; 22:55:55; 5245; 7653; 22.42; 1010.996328125; 31.896484375
2026-09-24; 22:56:55; 5245; 7653; 22.43; 1010.936953125; 31.86328125
2026-09-24; 22:57:55; 5225; 7609; 22.41; 1011.008046875; 31.8837890625
2026-09-24; 22:58:55; 5175; 7487; 22.42; 1010.9684765625; 31.896484375
2026-09-24; 22:59:55; 5145; 7423; 22.39; 1010.9640625; 31.8046875
2026-09-24; 23:00:56; 5099; 7337; 22.41; 1011.008046875; 31.89453125
2026-09-24; 23:01:56; 5081; 7296; 22.41; 1011.0358984375; 31.7822265625
2026-09-24; 23:02:56; 5058; 7254; 22.38; 1010.967734375; 31.8486328125
2026-09-24; 23:03:56; 5015; 7161; 22.39; 1011.019765625; 31.7939453125
2026-09-24; 23:04:56; 4971; 7048; 22.37; 1011.0069921875; 31.859375
2026-09-24; 23:05:56; 4943; 6991; 22.34; 1010.9864453125; 31.87890625
2026-09-24; 23:06:56; 4920; 6950; 22.34; 1011.0421484375; 31.7548828125
2026-09-24; 23:07:56; 4868; 6839; 22.32; 1011.0377734375; 31.84375
2026-09-24; 23:08:56; 4848; 6800; 22.3; 1011.0051953125; 31.865234375
2026-09-24; 23:09:56; 4805; 6719; 22.26; 1011.08796875; 31.884765625
2026-09-24; 23:10:56; 4760; 6620; 22.3; 1011.0051953125; 31.8427734375
2026-09-24; 23:11:56; 4719; 6518; 22.32; 1011.0458203125; 31.822265625
2026-09-24; 23:12:56; 4682; 6441; 22.32; 1011.1015234375; 31.7099609375
2026-09-24; 23:13:56; 4646; 6382; 22.36; 1011.074453125; 31.677734375
2026-09-24; 23:14:56; 4620; 6325; 22.28; 1011.0366796875; 31.70703125
2026-09-24; 23:15:56; 4567; 6202; 22.35; 1011.05828125; 31.6552734375
2026-09-24; 23:16:56; 4528; 6115; 22.29; 1011.025; 31.7861328125
2026-09-24; 23:17:56; 4498; 6041; 22.23; 1011.0590625; 31.7705078125
2026-09-24; 23:18:56; 4477; 6003; 22.24; 1011.103359375; 31.7939453125
2026-09-24; 23:19:56; 4442; 5940; 22.26; 1011.0798828125; 31.615234375
2026-09-24; 23:20:56; 4408; 5866; 22.17; 1011.1373828125; 31.8330078125
2026-09-24; 23:21:56; 4371; 5785; 22.13; 1011.15609375; 31.8759765625
2026-09-24; 23:22:56; 4358; 5753; 22.1; 1011.1912109375; 32.03125
2026-09-24; 23:23:56; 4337; 5708; 22.07; 1011.150234375; 32.07421875
2026-09-24; 23:24:56; 4321; 5672; 22.11; 1011.1237890625; 31.818359375
2026-09-24; 23:25:56; 4260; 5539; 22.09; 1011.174765625; 31.873046875
2026-09-24; 23:26:56; 4228; 5461; 22.06; 1011.098203125; 31.9267578125
2026-09-24; 23:27:56; 4212; 5443; 22.05; 1011.0263671875; 31.8369140625
2026-09-24; 23:28:56; 4180; 5368; 22.08; 1011.0831640625; 31.8720703125
2026-09-24; 23:29:56; 4148; 5291; 22.13; 1011.036640625; 31.740234375
