Datum; Uhrzeit; eCO2 (ppm); tVOC (ppb); Temperatur (°C); Luftdruck (hpPa); relative Luftfeuchte (%)
2026-08-17; 02:23:37; 400; 0; 32.63; 1000.5705078125; 29.6904296875
2026-08-17; 02:24:37; 403; 0; 32.65; 1000.537578125; 29.7021484375
2026-08-17; 02:25:37; 400; 0; 32.66; 1000.5250390625; 29.7255859375
2026-08-17; 02:26:37; 400; 0; 32.67; 1000.48453125; 29.6455078125
2026-08-17; 02:27:37; 400; 0; 32.69; 1000.4515625; 29.6123046875
2026-08-17; 02:28:37; 401; 0; 32.69; 1000.3949609375; 29.6005859375
2026-08-17; 02:29:37; 403; 0; 32.68; 1000.43578125; 29.611328125
2026-08-17; 02:30:37; 402; 0; 32.68; 1000.4153515625; 29.6123046875
2026-08-17; 02:31:37; 403; 0; 32.69; 1000.4877734375; 29.578125
2026-08-17; 02:32:37; 403; 0; 32.69; 1000.536484375; 29.6240234375
2026-08-17; 02:33:37; 403; 0; 32.69; 1000.4877734375; 29.6123046875
2026-08-17; 02:34:37; 400; 0; 32.7; 1000.4469140625; 29.533203125
2026-08-17; 02:35:37; 400; 0; 32.7; 1000.5035546875; 29.521484375
2026-08-17; 02:36:37; 403; 0; 32.72; 1000.4218359375; 29.5224609375
2026-08-17; 02:37:37; 403; 0; 32.74; 1000.48203125; 29.5234375
2026-08-17; 02:38:37; 400; 0; 32.74; 1000.5024609375; 29.5
2026-08-17; 02:39:37; 400; 0; 32.72; 1000.3935546875; 29.5458984375
2026-08-17; 02:40:37; 400; 0; 32.75; 1000.4616015625; 29.431640625
2026-08-17; 02:41:37; 400; 0; 32.73; 1000.5146875; 29.5107421875
2026-08-17; 02:42:37; 400; 0; 32.7; 1000.4469140625; 29.5556640625
2026-08-17; 02:43:37; 401; 0; 32.68; 1000.5207421875; 29.5771484375
2026-08-17; 02:44:37; 402; 0; 32.68; 1000.6056640625; 29.5654296875
2026-08-17; 02:45:37; 400; 0; 32.67; 1000.5128515625; 29.5537109375
2026-08-17; 02:46:37; 407; 1; 32.65; 1000.5171875; 29.6337890625
2026-08-17; 02:47:37; 400; 0; 32.66; 1000.4967578125; 29.6220703125
2026-08-17; 02:48:37; 401; 0; 32.66; 1000.5816796875; 29.6103515625
2026-08-17; 02:49:37; 405; 0; 32.66; 1000.5250390625; 29.576171875
2026-08-17; 02:50:37; 400; 0; 32.64; 1000.5580078125; 29.5859375
2026-08-17; 02:51:37; 401; 0; 32.62; 1000.5264453125; 29.6083984375
2026-08-17; 02:52:37; 403; 0; 32.64; 1000.5296875; 29.62109375
2026-08-17; 02:53:37; 403; 0; 32.63; 1000.5422265625; 29.62109375
2026-08-17; 02:54:37; 401; 0; 32.62; 1000.6113671875; 29.6201171875
2026-08-17; 02:55:37; 400; 0; 32.62; 1000.546875; 29.6201171875
2026-08-17; 02:56:37; 400; 0; 32.6; 1000.4869921875; 29.6982421875
2026-08-17; 02:57:37; 403; 0; 32.59; 1000.4708984375; 29.6640625
2026-08-17; 02:58:37; 401; 0; 32.57; 1000.4472265625; 29.6396484375
2026-08-17; 02:59:37; 403; 0; 32.58; 1000.4834375; 29.673828125
2026-08-17; 03:00:37; 407; 1; 32.57; 1000.3623046875; 29.708984375
2026-08-17; 03:01:38; 405; 0; 32.56; 1000.3465234375; 29.673828125
2026-08-17; 03:02:38; 405; 0; 32.55; 1000.3873828125; 29.71875
2026-08-17; 03:03:38; 400; 0; 32.54; 1000.3149609375; 29.6953125
2026-08-17; 03:04:38; 401; 0; 32.55; 1000.322890625; 29.7412109375
2026-08-17; 03:05:38; 405; 0; 32.53; 1000.319296875; 29.7978515625
2026-08-17; 03:06:38; 403; 0; 32.53; 1000.319296875; 29.8212890625
2026-08-17; 03:07:38; 403; 0; 32.51; 1000.2877734375; 29.78515625
2026-08-17; 03:08:38; 401; 0; 32.52; 1000.2469140625; 29.7509765625
2026-08-17; 03:09:38; 401; 0; 32.51; 1000.2877734375; 29.8193359375
2026-08-17; 03:10:38; 400; 0; 32.48; 1000.333203125; 29.794921875
2026-08-17; 03:11:38; 405; 0; 32.47; 1000.289140625; 29.8291015625
2026-08-17; 03:12:38; 402; 0; 32.48; 1000.2687109375; 29.8525390625
2026-08-17; 03:13:38; 402; 0; 32.45; 1000.2572265625; 29.8623046875
2026-08-17; 03:14:38; 402; 0; 32.47; 1000.2812109375; 29.9091796875
2026-08-17; 03:15:38; 402; 0; 32.44; 1000.261875; 29.861328125
2026-08-17; 03:16:38; 401; 0; 32.43; 1000.302734375; 29.9638671875
2026-08-17; 03:17:38; 401; 0; 32.42; 1000.2869140625; 29.962890625
2026-08-17; 03:18:38; 401; 0; 32.44; 1000.346796875; 29.8955078125
2026-08-17; 03:19:38; 400; 0; 32.43; 1000.2744140625; 29.9404296875
2026-08-17; 03:20:38; 406; 0; 32.42; 1000.2586328125; 29.89453125
2026-08-17; 03:21:38; 407; 1; 32.4; 1000.2632421875; 29.9052734375
2026-08-17; 03:22:38; 400; 0; 32.39; 1000.311953125; 29.9853515625
2026-08-17; 03:23:38; 405; 0; 32.37; 1000.223515625; 29.9609375
2026-08-17; 03:24:38; 400; 0; 32.38; 1000.2109765625; 29.97265625
2026-08-17; 03:25:38; 405; 0; 32.35; 1000.1353515625; 29.9140625
2026-08-17; 03:26:38; 405; 0; 32.34; 1000.1195703125; 30.0390625
2026-08-17; 03:27:38; 408; 1; 32.34; 1000.083359375; 30.0390625
2026-08-17; 03:28:38; 405; 0; 32.34; 1000.1116796875; 30.0625
2026-08-17; 03:29:38; 408; 1; 32.33; 1000.039296875; 30.0615234375
2026-08-17; 03:30:38; 405; 0; 32.35; 999.9859765625; 30.0166015625
2026-08-17; 03:31:38; 409; 1; 32.32; 1000.03109375; 30.060546875
2026-08-17; 03:32:38; 414; 2; 32.31; 999.9301171875; 30.048828125
2026-08-17; 03:33:38; 415; 2; 32.31; 1000.0071484375; 30.0712890625
2026-08-17; 03:34:38; 405; 0; 32.31; 1000.0150390625; 30.0712890625
2026-08-17; 03:35:38; 402; 0; 32.29; 1000.0321875; 30.05859375
2026-08-17; 03:36:38; 407; 1; 32.27; 1000.0571484375; 30.1611328125
2026-08-17; 03:37:38; 403; 0; 32.27; 1000.0571484375; 30.1376953125
2026-08-17; 03:38:38; 405; 0; 32.25; 1000.1180859375; 30.1591796875
2026-08-17; 03:39:38; 411; 1; 32.26; 1000.04140625; 30.1484375
2026-08-17; 03:40:38; 409; 1; 32.24; 1000.1792578125; 30.1591796875
2026-08-17; 03:41:38; 416; 2; 32.22; 1000.0990234375; 30.1806640625
2026-08-17; 03:42:38; 409; 1; 32.25; 1000.1101953125; 30.1591796875
2026-08-17; 03:43:39; 403; 0; 32.22; 1000.0707421875; 30.1689453125
2026-08-17; 03:44:39; 405; 0; 32.22; 1000.0990234375; 30.1923828125
2026-08-17; 03:45:39; 405; 0; 32.21; 1000.1036328125; 30.2255859375
2026-08-17; 03:46:39; 411; 1; 32.2; 1000.0595703125; 30.2255859375
2026-08-17; 03:47:39; 413; 1; 32.2; 1000.20890625; 30.2021484375
2026-08-17; 03:48:39; 411; 1; 32.19; 1000.128359375; 30.2705078125
2026-08-17; 03:49:39; 416; 2; 32.17; 1000.1046875; 30.3037109375
2026-08-17; 03:50:39; 417; 2; 32.17; 1000.096796875; 30.2802734375
2026-08-17; 03:51:39; 421; 3; 32.16; 1000.08890625; 30.2919921875
2026-08-17; 03:52:39; 422; 3; 32.14; 1000.085625; 30.302734375
2026-08-17; 03:53:39; 417; 2; 32.12; 1000.0540625; 30.404296875
2026-08-17; 03:54:39; 426; 3; 32.11; 1000.102421875; 30.404296875
2026-08-17; 03:55:39; 434; 5; 32.11; 1000.130703125; 30.3466796875
2026-08-17; 03:56:39; 439; 5; 32.1; 1000.1353515625; 30.4140625
2026-08-17; 03:57:39; 439; 5; 32.08; 1000.1603125; 30.4365234375
2026-08-17; 03:58:39; 447; 7; 32.08; 1000.10375; 30.4013671875
2026-08-17; 03:59:39; 452; 7; 32.06; 1000.221484375; 30.4580078125
2026-08-17; 04:00:39; 457; 8; 32.04; 1000.1896484375; 30.4677734375
2026-08-17; 04:01:39; 462; 9; 32.04; 1000.161328125; 30.4560546875
2026-08-17; 04:02:39; 463; 9; 32.01; 1000.1909375; 30.5009765625
2026-08-17; 04:03:39; 463; 9; 31.99; 1000.159375; 30.544921875
2026-08-17; 04:04:39; 470; 10; 31.96; 1000.1965234375; 30.658203125
2026-08-17; 04:05:39; 475; 11; 31.93; 1000.2136328125; 30.6787109375
2026-08-17; 04:06:39; 480; 12; 31.93; 1000.233984375; 30.6904296875
2026-08-17; 04:07:39; 485; 12; 31.93; 1000.2136328125; 30.6787109375
2026-08-17; 04:08:39; 501; 15; 31.92; 1000.161640625; 30.6328125
2026-08-17; 04:09:39; 508; 16; 31.92; 1000.1978125; 30.6552734375
2026-08-17; 04:10:39; 524; 18; 31.92; 1000.218203125; 30.6552734375
2026-08-17; 04:11:39; 533; 20; 31.91; 1000.173828125; 30.7119140625
2026-08-17; 04:12:39; 546; 22; 31.91; 1000.258671875; 30.666015625
2026-08-17; 04:13:39; 556; 23; 31.88; 1000.1909375; 30.7451171875
2026-08-17; 04:14:39; 574; 26; 31.86; 1000.244140625; 30.7548828125
2026-08-17; 04:15:39; 586; 28; 31.82; 1000.237265625; 30.83203125
2026-08-17; 04:16:39; 586; 28; 31.79; 1000.282578125; 30.8193359375
2026-08-17; 04:17:39; 600; 30; 31.74; 1000.2878125; 30.9189453125
2026-08-17; 04:18:39; 614; 32; 31.72; 1000.36140625; 30.998046875
2026-08-17; 04:19:39; 620; 33; 31.7; 1000.45046875; 31.0322265625
2026-08-17; 04:20:39; 634; 35; 31.72; 1000.36140625; 30.974609375
2026-08-17; 04:21:39; 649; 37; 31.73; 1000.34890625; 30.96484375
2026-08-17; 04:22:39; 660; 39; 31.74; 1000.429140625; 30.9658203125
2026-08-17; 04:23:40; 674; 41; 31.72; 1000.333125; 30.998046875
2026-08-17; 04:24:40; 690; 44; 31.71; 1000.3817578125; 30.9970703125
2026-08-17; 04:25:40; 704; 46; 31.67; 1000.3465234375; 31.12109375
2026-08-17; 04:26:40; 726; 49; 31.63; 1000.33171875; 31.1298828125
2026-08-17; 04:27:40; 740; 51; 31.58; 1000.3533203125; 31.23046875
2026-08-17; 04:28:40; 765; 55; 31.57; 1000.3092578125; 31.2177734375
2026-08-17; 04:29:40; 791; 59; 31.56; 1000.293125; 31.2177734375
2026-08-17; 04:30:40; 813; 62; 31.57; 1000.3375; 31.20703125
2026-08-17; 04:31:40; 838; 66; 31.6; 1000.2921875; 31.1630859375
2026-08-17; 04:32:40; 877; 72; 31.61; 1000.300078125; 31.1513671875
2026-08-17; 04:33:40; 902; 76; 31.63; 1000.254765625; 31.1416015625
2026-08-17; 04:34:40; 930; 80; 31.62; 1000.210703125; 31.15234375
2026-08-17; 04:35:40; 967; 86; 31.63; 1000.283046875; 31.1533203125
2026-08-17; 04:36:40; 1001; 91; 31.63; 1000.3034375; 31.0947265625
2026-08-17; 04:37:40; 1029; 95; 31.61; 1000.24359375; 31.1279296875
2026-08-17; 04:38:40; 1062; 100; 31.61; 1000.2797265625; 31.1513671875
2026-08-17; 04:39:40; 1074; 102; 31.59; 1000.284296875; 31.1845703125
2026-08-17; 04:40:40; 1125; 110; 31.62; 1000.3441796875; 31.1513671875
2026-08-17; 04:41:40; 1168; 117; 31.61; 1000.328359375; 31.1630859375
2026-08-17; 04:42:40; 1204; 122; 31.61; 1000.328359375; 31.173828125
2026-08-17; 04:43:40; 1238; 127; 31.61; 1000.3080078125; 31.1748046875
2026-08-17; 04:44:40; 1274; 133; 31.58; 1000.240234375; 31.1845703125
2026-08-17; 04:45:40; 1316; 139; 31.61; 1000.300078125; 31.197265625
2026-08-17; 04:46:40; 1341; 143; 31.57; 1000.2809765625; 31.18359375
2026-08-17; 04:47:40; 1397; 151; 31.57; 1000.2730859375; 31.2177734375
2026-08-17; 04:48:40; 1436; 157; 31.55; 1000.22078125; 31.240234375
2026-08-17; 04:49:40; 1474; 163; 31.55; 1000.2773046875; 31.205078125
2026-08-17; 04:50:40; 1497; 170; 31.54; 1000.225390625; 31.2734375
2026-08-17; 04:51:40; 1507; 177; 31.53; 1000.2740234375; 31.23828125
2026-08-17; 04:52:40; 1522; 186; 31.53; 1000.18921875; 31.26171875
2026-08-17; 04:53:40; 1534; 195; 31.52; 1000.258203125; 31.283203125
2026-08-17; 04:54:40; 1547; 204; 31.51; 1000.2627734375; 31.271484375
2026-08-17; 04:55:40; 1552; 208; 31.51; 1000.2627734375; 31.2822265625
2026-08-17; 04:56:40; 1563; 217; 31.51; 1000.214140625; 31.283203125
2026-08-17; 04:57:40; 1572; 224; 31.48; 1000.1585546875; 31.326171875
2026-08-17; 04:58:40; 1582; 230; 31.47; 1000.2840625; 31.3486328125
2026-08-17; 04:59:40; 1595; 242; 31.48; 1000.2794921875; 31.2919921875
2026-08-17; 05:00:40; 1604; 249; 31.47; 1000.1992578125; 31.3837890625
2026-08-17; 05:01:40; 1615; 259; 31.46; 1000.1913671875; 31.3134765625
2026-08-17; 05:02:40; 1624; 267; 31.45; 1000.139453125; 31.3818359375
2026-08-17; 05:03:40; 1637; 279; 31.44; 1000.188046875; 31.416015625
2026-08-17; 05:04:40; 1651; 290; 31.42; 1000.1561328125; 31.4033203125
2026-08-17; 05:05:41; 1660; 298; 31.41; 1000.112109375; 31.4365234375
2026-08-17; 05:06:41; 1672; 311; 31.41; 1000.1889453125; 31.37890625
2026-08-17; 05:07:41; 1686; 325; 31.4; 1000.1810546875; 31.470703125
2026-08-17; 05:08:41; 1701; 340; 31.4; 1000.1527734375; 31.4130859375
2026-08-17; 05:09:41; 1715; 354; 31.4; 1000.1527734375; 31.4248046875
2026-08-17; 05:10:41; 1729; 366; 31.38; 1000.1212109375; 31.4345703125
2026-08-17; 05:11:41; 1739; 376; 31.38; 1000.1698046875; 31.4345703125
2026-08-17; 05:12:41; 1747; 387; 31.37; 1000.182265625; 31.501953125
2026-08-17; 05:13:41; 1754; 395; 31.38; 1000.1698046875; 31.5029296875
2026-08-17; 05:14:41; 1766; 410; 31.37; 1000.12578125; 31.4560546875
2026-08-17; 05:15:41; 1772; 417; 31.36; 1000.1175390625; 31.490234375
2026-08-17; 05:16:41; 1780; 428; 31.35; 1000.065625; 31.5234375
2026-08-17; 05:17:41; 1795; 444; 31.34; 1000.1345703125; 31.4775390625
2026-08-17; 05:18:41; 1804; 454; 31.33; 1000.062265625; 31.556640625
2026-08-17; 05:19:41; 1814; 468; 31.32; 1000.110859375; 31.533203125
2026-08-17; 05:20:41; 1823; 479; 31.3; 1000.0589453125; 31.5673828125
2026-08-17; 05:21:41; 1830; 488; 31.32; 999.997890625; 31.544921875
2026-08-17; 05:22:41; 1838; 499; 31.3; 1000.0510546875; 31.5322265625
2026-08-17; 05:23:41; 1852; 519; 31.28; 999.9987890625; 31.6005859375
2026-08-17; 05:24:41; 1861; 531; 31.27; 999.975078125; 31.587890625
2026-08-17; 05:25:41; 1867; 540; 31.27; 1000.003359375; 31.552734375
2026-08-17; 05:26:41; 1884; 561; 31.27; 999.946875; 31.576171875
2026-08-17; 05:27:41; 1888; 568; 31.26; 999.9954296875; 31.576171875
2026-08-17; 05:28:41; 1900; 586; 31.27; 999.98296875; 31.576171875
2026-08-17; 05:29:41; 1905; 592; 31.27; 1000.01125; 31.5537109375
2026-08-17; 05:30:41; 1914; 607; 31.26; 999.9671875; 31.576171875
2026-08-17; 05:31:41; 1919; 614; 31.26; 999.9875390625; 31.5869140625
2026-08-17; 05:32:41; 1929; 629; 31.26; 1000.0158203125; 31.5986328125
2026-08-17; 05:33:41; 1931; 633; 31.24; 999.963828125; 31.5859375
2026-08-17; 05:34:41; 1940; 649; 31.22; 1000.03671875; 31.6650390625
2026-08-17; 05:35:41; 1946; 657; 31.22; 1000.0163671875; 31.6533203125
2026-08-17; 05:36:41; 1957; 674; 31.23; 1000.0045703125; 31.6318359375
2026-08-17; 05:37:41; 1967; 689; 31.21; 999.964453125; 31.640625
2026-08-17; 05:38:41; 1972; 698; 31.21; 999.915859375; 31.6181640625
2026-08-17; 05:39:41; 1977; 707; 31.21; 999.936171875; 31.6064453125
2026-08-17; 05:40:41; 1981; 714; 31.2; 999.900078125; 31.6171875
2026-08-17; 05:41:41; 1986; 723; 31.21; 999.964453125; 31.640625
2026-08-17; 05:42:41; 1992; 732; 31.18; 999.953203125; 31.662109375
2026-08-17; 05:43:41; 1994; 736; 31.18; 999.953203125; 31.638671875
2026-08-17; 05:44:41; 2002; 750; 31.18; 999.924921875; 31.58203125
2026-08-17; 05:45:41; 2002; 750; 31.18; 999.89671875; 31.638671875
2026-08-17; 05:46:41; 2010; 765; 31.17; 999.9012890625; 31.6494140625
2026-08-17; 05:47:41; 2010; 765; 31.16; 999.893359375; 31.603515625
2026-08-17; 05:48:42; 2010; 765; 31.16; 999.9216015625; 31.591796875
2026-08-17; 05:49:42; 2004; 756; 31.16; 999.9133984375; 31.6259765625
2026-08-17; 05:50:42; 2004; 756; 31.15; 999.925859375; 31.625
2026-08-17; 05:51:42; 2020; 784; 31.14; 999.881796875; 31.6591796875
2026-08-17; 05:52:42; 2014; 771; 31.12; 999.934921875; 31.6572265625
2026-08-17; 05:53:42; 2020; 784; 31.13; 999.9224609375; 31.6689453125
2026-08-17; 05:54:42; 2020; 784; 31.13; 999.9507421875; 31.634765625
2026-08-17; 05:55:42; 2020; 784; 31.11; 999.8908984375; 31.6904296875
2026-08-17; 05:56:42; 2020; 784; 31.1; 999.9394921875; 31.6787109375
2026-08-17; 05:57:42; 2025; 794; 31.1; 999.9033203125; 31.6787109375
2026-08-17; 05:58:42; 2030; 801; 31.08; 999.9640234375; 31.7119140625
2026-08-17; 05:59:42; 2035; 810; 31.08; 999.9358203125; 31.701171875
2026-08-17; 06:00:42; 2050; 825; 31.07; 1000.0047265625; 31.7685546875
2026-08-17; 06:01:42; 2060; 843; 31.08; 1000.0126171875; 31.7119140625
2026-08-17; 06:02:42; 2060; 843; 31.08; 999.9358203125; 31.7470703125
2026-08-17; 06:03:42; 2066; 854; 31.08; 999.9640234375; 31.689453125
2026-08-17; 06:04:42; 2072; 862; 31.07; 999.96859375; 31.7109375
2026-08-17; 06:05:42; 2076; 872; 31.06; 999.90421875; 31.69921875
2026-08-17; 06:06:42; 2084; 890; 31.05; 999.9166796875; 31.7099609375
2026-08-17; 06:07:42; 2098; 917; 31.05; 999.981015625; 31.7216796875
2026-08-17; 06:08:42; 2098; 917; 31.05; 999.9166796875; 31.779296875
2026-08-17; 06:09:42; 2112; 946; 31.03; 999.89296875; 31.720703125
2026-08-17; 06:10:42; 2120; 963; 31.03; 999.8646875; 31.7548828125
2026-08-17; 06:11:42; 2122; 969; 31.03; 999.97765625; 31.7890625
2026-08-17; 06:12:42; 2134; 994; 31.03; 999.949453125; 31.7548828125
2026-08-17; 06:13:42; 2146; 1022; 31.02; 999.8771484375; 31.7998046875
2026-08-17; 06:14:42; 2152; 1035; 31.02; 999.9336328125; 31.765625
2026-08-17; 06:15:42; 2158; 1048; 31.02; 999.8689453125; 31.7421875
2026-08-17; 06:16:42; 2168; 1071; 31.01; 999.88140625; 31.798828125
2026-08-17; 06:17:42; 2180; 1097; 31.01; 999.909609375; 31.775390625
2026-08-17; 06:18:42; 2197; 1138; 31.0; 999.90171875; 31.775390625
2026-08-17; 06:19:42; 2197; 1138; 31.02; 999.9819140625; 31.73046875
2026-08-17; 06:20:42; 2203; 1151; 31.02; 999.961875; 31.7314453125
2026-08-17; 06:21:42; 2224; 1192; 31.02; 999.8689453125; 31.75390625
2026-08-17; 06:22:42; 2224; 1192; 31.0; 999.8734765625; 31.70703125
2026-08-17; 06:23:42; 2238; 1220; 31.01; 999.889296875; 31.73046875
2026-08-17; 06:24:42; 2244; 1229; 31.01; 999.889296875; 31.71875
2026-08-17; 06:25:42; 2261; 1272; 31.0; 999.8734765625; 31.71875
2026-08-17; 06:26:42; 2268; 1286; 31.01; 999.909609375; 31.7412109375
2026-08-17; 06:27:42; 2274; 1300; 31.02; 999.8689453125; 31.7080078125
2026-08-17; 06:28:42; 2292; 1343; 31.02; 999.9819140625; 31.71875
2026-08-17; 06:29:42; 2292; 1343; 31.0; 999.9299609375; 31.71875
2026-08-17; 06:30:42; 2305; 1371; 31.01; 1000.022578125; 31.7412109375
2026-08-17; 06:31:43; 2318; 1399; 31.0; 999.8734765625; 31.71875
2026-08-17; 06:32:43; 2336; 1428; 31.01; 999.937890625; 31.70703125
2026-08-17; 06:33:43; 2336; 1428; 31.0; 999.9299609375; 31.6728515625
2026-08-17; 06:34:43; 2355; 1472; 31.01; 999.973984375; 31.638671875
2026-08-17; 06:35:43; 2361; 1486; 31.0; 999.9299609375; 31.6728515625
2026-08-17; 06:36:43; 2368; 1501; 31.0; 1000.042890625; 31.6953125
2026-08-17; 06:37:43; 2374; 1515; 31.01; 999.94578125; 31.662109375
2026-08-17; 06:38:43; 2382; 1532; 31.01; 999.94578125; 31.6728515625
2026-08-17; 06:39:43; 2395; 1561; 31.01; 999.9175; 31.6845703125
2026-08-17; 06:40:43; 2405; 1583; 31.02; 999.8689453125; 31.6162109375
2026-08-17; 06:41:43; 2419; 1613; 31.02; 999.905390625; 31.6513671875
2026-08-17; 06:42:43; 2419; 1613; 31.02; 999.8689453125; 31.6162109375
2026-08-17; 06:43:43; 2426; 1628; 31.01; 999.889296875; 31.6162109375
2026-08-17; 06:44:43; 2436; 1643; 31.03; 999.9415625; 31.59375
2026-08-17; 06:45:43; 2450; 1673; 31.02; 999.905390625; 31.60546875
2026-08-17; 06:46:43; 2460; 1693; 31.01; 999.889296875; 31.626953125
2026-08-17; 06:47:43; 2469; 1713; 31.01; 999.973984375; 31.626953125
2026-08-17; 06:48:43; 2476; 1728; 31.02; 999.905390625; 31.60546875
2026-08-17; 06:49:43; 2483; 1743; 31.03; 999.885078125; 31.6162109375
2026-08-17; 06:50:43; 2499; 1779; 31.03; 999.91328125; 31.5703125
2026-08-17; 06:51:43; 2514; 1814; 31.05; 999.92453125; 31.5498046875
2026-08-17; 06:52:43; 2532; 1850; 31.07; 999.996796875; 31.52734375
2026-08-17; 06:53:43; 2540; 1866; 31.05; 999.9527734375; 31.5263671875
2026-08-17; 06:54:43; 2547; 1881; 31.07; 999.976484375; 31.5625
2026-08-17; 06:55:43; 2574; 1935; 31.09; 999.9437109375; 31.517578125
2026-08-17; 06:56:43; 2581; 1951; 31.09; 999.9519140625; 31.505859375
2026-08-17; 06:57:43; 2596; 1991; 31.1; 999.9676953125; 31.4267578125
2026-08-17; 06:58:43; 2603; 2007; 31.11; 999.870546875; 31.427734375
2026-08-17; 06:59:43; 2628; 2061; 31.12; 999.9428515625; 31.439453125
2026-08-17; 07:00:43; 2638; 2082; 31.13; 999.9586328125; 31.359375
2026-08-17; 07:01:43; 2659; 2115; 31.15; 999.9541015625; 31.3720703125
2026-08-17; 07:02:43; 2682; 2170; 31.15; 999.925859375; 31.326171875
2026-08-17; 07:03:43; 2694; 2192; 31.18; 999.89671875; 31.3173828125
2026-08-17; 07:04:43; 2694; 2192; 31.19; 999.9407421875; 31.2607421875
2026-08-17; 07:05:43; 2710; 2246; 31.22; 999.9033984375; 31.228515625
2026-08-17; 07:06:43; 2730; 2285; 31.21; 999.9441015625; 31.181640625
2026-08-17; 07:07:43; 2739; 2308; 31.22; 999.9881640625; 31.1591796875
2026-08-17; 07:08:43; 2747; 2325; 31.22; 999.9316796875; 31.216796875
2026-08-17; 07:09:43; 2768; 2365; 31.23; 999.9198046875; 31.1611328125
2026-08-17; 07:10:43; 2778; 2387; 31.23; 999.9198046875; 31.18359375
2026-08-17; 07:11:43; 2778; 2387; 31.23; 999.9762890625; 31.20703125
2026-08-17; 07:12:43; 2786; 2404; 31.22; 999.92375; 31.205078125
2026-08-17; 07:13:44; 2805; 2445; 31.22; 999.9033984375; 31.1708984375
2026-08-17; 07:14:44; 2805; 2445; 31.21; 999.8311328125; 31.181640625
2026-08-17; 07:15:44; 2805; 2445; 31.2; 999.84359375; 31.158203125
2026-08-17; 07:16:44; 2815; 2468; 31.21; 999.8876171875; 31.181640625
2026-08-17; 07:17:44; 2823; 2485; 31.2; 999.84359375; 31.1923828125
2026-08-17; 07:18:44; 2823; 2485; 31.22; 999.81078125; 31.1591796875
2026-08-17; 07:19:44; 2835; 2512; 31.22; 999.7621875; 31.1708984375
2026-08-17; 07:20:44; 2835; 2512; 31.23; 999.835078125; 31.1494140625
2026-08-17; 07:21:44; 2835; 2512; 31.25; 999.8305078125; 31.0693359375
2026-08-17; 07:22:44; 2845; 2535; 31.26; 999.818046875; 31.1044921875
2026-08-17; 07:23:44; 2845; 2535; 31.27; 999.87; 31.0595703125
2026-08-17; 07:24:44; 2845; 2535; 31.27; 999.813515625; 31.0830078125
2026-08-17; 07:25:44; 2835; 2512; 31.29; 999.8654296875; 31.0380859375
2026-08-17; 07:26:44; 2835; 2512; 31.28; 999.9344140625; 31.037109375
2026-08-17; 07:27:44; 2835; 2512; 31.29; 999.921953125; 31.0146484375
2026-08-17; 07:28:44; 2823; 2485; 31.3; 999.909765625; 30.9921875
2026-08-17; 07:29:44; 2805; 2445; 31.28; 999.9423046875; 31.0146484375
2026-08-17; 07:30:44; 2805; 2445; 31.3; 999.9662890625; 31.015625
2026-08-17; 07:31:44; 2786; 2404; 31.31; 999.953828125; 30.982421875
2026-08-17; 07:32:44; 2760; 2348; 31.32; 1000.0261328125; 30.970703125
2026-08-17; 07:33:44; 2730; 2285; 31.35; 999.960546875; 30.916015625
2026-08-17; 07:34:44; 2702; 2208; 31.36; 999.94015625; 30.939453125
2026-08-17; 07:35:44; 2674; 2154; 31.39; 999.9957421875; 30.8154296875
2026-08-17; 07:36:44; 2659; 2115; 31.42; 999.9222265625; 30.8056640625
2026-08-17; 07:37:44; 2628; 2061; 31.46; 999.985703125; 30.76171875
2026-08-17; 07:38:44; 2596; 1991; 31.46; 999.9653125; 30.7744140625
2026-08-17; 07:39:44; 2554; 1897; 31.48; 999.9121484375; 30.7294921875
2026-08-17; 07:40:44; 2540; 1866; 31.52; 1000.0525; 30.7666015625
2026-08-17; 07:41:44; 2499; 1779; 31.53; 1000.0400390625; 30.720703125
2026-08-17; 07:42:44; 2469; 1713; 31.55; 1000.071640625; 30.72265625
2026-08-17; 07:43:44; 2436; 1643; 31.58; 1000.042421875; 30.6328125
2026-08-17; 07:44:44; 2395; 1561; 31.62; 999.9767578125; 30.6689453125
2026-08-17; 07:45:44; 2368; 1501; 31.59; 1000.0220703125; 30.69140625
2026-08-17; 07:46:44; 2349; 1457; 31.6; 1000.0661328125; 30.7255859375
2026-08-17; 07:47:44; 2311; 1385; 31.62; 1000.089765625; 30.6806640625
2026-08-17; 07:48:44; 2298; 1357; 31.65; 1000.1657421875; 30.7060546875
2026-08-17; 07:49:44; 2281; 1319; 31.66; 1000.1815234375; 30.7294921875
2026-08-17; 07:50:44; 2255; 1258; 31.64; 1000.1578125; 30.728515625
2026-08-17; 07:51:44; 2238; 1220; 31.67; 1000.2538671875; 30.7529296875
2026-08-17; 07:52:44; 2224; 1192; 31.69; 1000.22890625; 30.77734375
2026-08-17; 07:53:44; 2218; 1179; 31.68; 1000.326171875; 30.8115234375
2026-08-17; 07:54:44; 2212; 1165; 31.7; 1000.2446875; 30.80078125
2026-08-17; 07:55:44; 2203; 1151; 31.74; 1000.3160546875; 30.8046875
2026-08-17; 07:56:45; 2218; 1179; 31.82; 1000.3503125; 30.7978515625
2026-08-17; 07:57:45; 2224; 1192; 31.84; 1000.24875; 30.8798828125
2026-08-17; 07:58:45; 2238; 1220; 31.87; 1000.3165234375; 30.974609375
2026-08-17; 07:59:45; 2261; 1272; 31.93; 1000.32671875; 30.966796875
2026-08-17; 08:00:45; 2281; 1319; 31.93; 1000.347109375; 31.0234375
2026-08-17; 08:01:45; 2298; 1357; 31.92; 1000.39578125; 31.126953125
2026-08-17; 08:02:45; 2336; 1428; 31.92; 1000.3109375; 31.1962890625
2026-08-17; 08:03:45; 2361; 1486; 31.93; 1000.4115625; 31.2080078125
2026-08-17; 08:04:45; 2388; 1546; 31.95; 1000.3865625; 31.2900390625
2026-08-17; 08:05:45; 2419; 1613; 31.9; 1000.476953125; 31.3896484375
2026-08-17; 08:06:45; 2459; 1683; 31.91; 1000.4566015625; 31.35546875
2026-08-17; 08:07:45; 2483; 1743; 31.91; 1000.5697265625; 31.4248046875
2026-08-17; 08:08:45; 2521; 1829; 31.93; 1000.4680859375; 31.3232421875
2026-08-17; 08:09:45; 2563; 1917; 31.89; 1000.432890625; 31.34375
2026-08-17; 08:10:45; 2611; 2023; 31.91; 1000.54140625; 31.3330078125
2026-08-17; 08:11:45; 2638; 2082; 31.93; 1000.5529296875; 31.2998046875
2026-08-17; 08:12:45; 2682; 2170; 31.93; 1000.5529296875; 31.2314453125
2026-08-17; 08:13:45; 2710; 2246; 31.96; 1000.648984375; 31.17578125
2026-08-17; 08:14:45; 2739; 2308; 31.94; 1000.617421875; 31.185546875
2026-08-17; 08:15:45; 2747; 2325; 31.95; 1000.6897265625; 31.185546875
2026-08-17; 08:16:45; 2747; 2325; 31.98; 1000.6805859375; 31.1650390625
2026-08-17; 08:17:45; 2747; 2325; 31.97; 1000.6161328125; 31.0615234375
2026-08-17; 08:18:45; 2730; 2285; 32.01; 1000.5302734375; 31.052734375
2026-08-17; 08:19:45; 2710; 2246; 32.06; 1000.5812890625; 31.009765625
2026-08-17; 08:20:45; 2702; 2208; 32.06; 1000.55296875; 30.9638671875
2026-08-17; 08:21:45; 2674; 2154; 32.08; 1000.641171875; 30.9306640625
2026-08-17; 08:22:45; 2667; 2138; 32.12; 1000.648046875; 30.921875
2026-08-17; 08:23:45; 2638; 2082; 32.06; 1000.60953125; 30.9755859375
2026-08-17; 08:24:45; 2621; 2045; 32.05; 1000.7148046875; 30.9755859375
2026-08-17; 08:25:45; 2603; 2007; 32.06; 1000.730625; 30.9873046875
2026-08-17; 08:26:45; 2574; 1935; 32.07; 1000.6898046875; 30.96484375
2026-08-17; 08:27:45; 2547; 1881; 32.09; 1000.7496875; 30.8857421875
2026-08-17; 08:28:45; 2532; 1850; 32.16; 1000.7316015625; 30.7978515625
2026-08-17; 08:29:45; 2507; 1799; 32.22; 1000.8062890625; 30.7099609375
2026-08-17; 08:30:45; 2499; 1779; 32.28; 1000.7316015625; 30.587890625
2026-08-17; 08:31:45; 2469; 1713; 32.34; 1000.7907421875; 30.5107421875
2026-08-17; 08:32:45; 2460; 1693; 32.38; 1000.833515625; 30.41015625
2026-08-17; 08:33:45; 2443; 1658; 32.39; 1000.73640625; 30.353515625
2026-08-17; 08:34:45; 2436; 1643; 32.42; 1000.796328125; 30.296875
2026-08-17; 08:35:45; 2412; 1598; 32.45; 1000.7100390625; 30.2080078125
2026-08-17; 08:36:45; 2388; 1546; 32.48; 1000.7860546875; 30.12890625
2026-08-17; 08:37:45; 2368; 1501; 32.54; 1000.7395703125; 30.064453125
2026-08-17; 08:38:45; 2355; 1472; 32.57; 1000.7869140625; 29.927734375
2026-08-17; 08:39:46; 2336; 1428; 32.6; 1000.68515625; 29.8369140625
2026-08-17; 08:40:46; 2318; 1399; 32.63; 1000.70421875; 29.79296875
2026-08-17; 08:41:46; 2292; 1343; 32.66; 1000.7232421875; 29.703125
2026-08-17; 08:42:46; 2285; 1329; 32.71; 1000.7175; 29.6142578125
2026-08-17; 08:43:46; 2274; 1300; 32.78; 1000.8283203125; 29.5029296875
2026-08-17; 08:44:46; 2261; 1272; 32.82; 1000.75015625; 29.4365234375
2026-08-17; 08:45:46; 2238; 1220; 32.87; 1000.7931640625; 29.3134765625
2026-08-17; 08:46:46; 2224; 1192; 32.93; 1000.7465625; 29.224609375
2026-08-17; 08:47:46; 2224; 1192; 32.97; 1000.781640625; 29.1240234375
2026-08-17; 08:48:46; 2218; 1179; 33.02; 1000.7192578125; 29.0693359375
2026-08-17; 08:49:46; 2224; 1192; 33.08; 1000.749375; 29.0029296875
2026-08-17; 08:50:46; 2224; 1192; 33.12; 1000.7277734375; 28.9599609375
2026-08-17; 08:51:46; 2251; 1243; 33.14; 1000.8159765625; 28.9609375
2026-08-17; 08:52:46; 2244; 1229; 33.16; 1000.64953125; 29.0322265625
2026-08-17; 08:53:46; 2281; 1319; 33.24; 1000.5698046875; 28.9208984375
2026-08-17; 08:54:46; 2292; 1343; 33.35; 1000.468046875; 28.7900390625
2026-08-17; 08:55:46; 2324; 1413; 33.51; 1000.4506640625; 28.615234375
2026-08-17; 08:56:46; 2349; 1457; 33.68; 1000.471953125; 28.314453125
2026-08-17; 08:57:46; 2361; 1486; 33.85; 1000.4698046875; 28.08203125
2026-08-17; 08:58:46; 2368; 1501; 34.11; 1000.45546875; 27.705078125
2026-08-17; 08:59:46; 2382; 1532; 34.27; 1000.44484375; 27.4248046875
2026-08-17; 09:00:46; 2388; 1546; 34.47; 1000.420390625; 27.11328125
2026-08-17; 09:01:46; 2388; 1546; 34.57; 1000.399921875; 26.921875
2026-08-17; 09:02:46; 2368; 1501; 34.59; 1000.39515625; 26.830078125
2026-08-17; 09:03:46; 2349; 1457; 34.58; 1000.4724609375; 26.783203125
2026-08-17; 09:04:46; 2342; 1443; 34.59; 1000.5371484375; 26.794921875
2026-08-17; 09:05:46; 2336; 1428; 34.55; 1000.5104296875; 26.83984375
2026-08-17; 09:06:46; 2342; 1443; 34.52; 1000.499453125; 26.8037109375
2026-08-17; 09:07:46; 2342; 1443; 34.67; 1000.4728125; 26.5576171875
2026-08-17; 09:08:46; 2336; 1428; 34.64; 1000.5877734375; 26.5087890625
2026-08-17; 09:09:46; 2311; 1385; 34.61; 1000.540546875; 26.5068359375
2026-08-17; 09:10:46; 2298; 1357; 34.59; 1000.5371484375; 26.494140625
2026-08-17; 09:11:46; 2281; 1319; 34.59; 1000.5453125; 26.4482421875
2026-08-17; 09:12:46; 2255; 1258; 34.62; 1000.4994921875; 26.2529296875
2026-08-17; 09:13:46; 2232; 1207; 34.68; 1000.5942578125; 26.1171875
2026-08-17; 09:14:46; 2197; 1138; 34.66; 1000.5340625; 26.03515625
2026-08-17; 09:15:46; 2180; 1097; 34.59; 1000.6021484375; 26.1591796875
2026-08-17; 09:16:46; 2152; 1035; 34.58; 1000.500859375; 26.0419921875
2026-08-17; 09:17:46; 2120; 963; 34.54; 1000.474140625; 26.0634765625
2026-08-17; 09:18:46; 2082; 883; 34.58; 1000.5213671875; 26.0078125
2026-08-17; 09:19:46; 2072; 862; 34.55; 1000.538828125; 26.005859375
2026-08-17; 09:20:46; 2030; 801; 34.6; 1000.5248046875; 25.892578125
2026-08-17; 09:21:46; 2010; 765; 34.62; 1000.6698828125; 25.80078125
2026-08-17; 09:22:47; 1992; 732; 34.73; 1000.709609375; 25.505859375
2026-08-17; 09:23:47; 1957; 674; 34.8; 1000.678125; 25.4873046875
2026-08-17; 09:24:47; 1929; 629; 34.91; 1000.758828125; 25.26171875
2026-08-17; 09:25:47; 1910; 599; 35.07; 1000.80453125; 24.9921875
2026-08-17; 09:26:47; 1888; 568; 35.22; 1000.7494921875; 24.791015625
2026-08-17; 09:27:47; 1861; 531; 35.61; 1000.873828125; 24.2080078125
2026-08-17; 09:28:47; 1834; 494; 36.06; 1000.7716796875; 23.5576171875
2026-08-17; 09:29:47; 1795; 444; 36.19; 1000.798046875; 23.3427734375
2026-08-17; 09:30:47; 1743; 384; 36.28; 1000.854453125; 23.2197265625
2026-08-17; 09:31:47; 1715; 354; 36.37; 1000.7684375; 23.0263671875
2026-08-17; 09:32:47; 1672; 311; 36.37; 1000.8901953125; 22.96875
2026-08-17; 09:33:47; 1632; 274; 36.3; 1000.914375; 23.0107421875
2026-08-17; 09:34:47; 1591; 236; 36.22; 1000.873671875; 22.984375
2026-08-17; 09:35:47; 1536; 196; 36.1; 1000.8427734375; 23.0595703125
2026-08-17; 09:36:47; 1487; 165; 36.04; 1000.8825390625; 23.0908203125
2026-08-17; 09:37:47; 1321; 140; 36.0; 1000.9047265625; 23.0546875
2026-08-17; 09:38:47; 1215; 124; 36.04; 1000.9394921875; 23.021484375
2026-08-17; 09:39:47; 1159; 115; 36.03; 1000.9316015625; 23.044921875
2026-08-17; 09:40:47; 1113; 108; 36.01; 1000.89984375; 23.0078125
2026-08-17; 09:41:47; 1095; 105; 36.09; 1000.82671875; 22.955078125
2026-08-17; 09:42:47; 1074; 102; 36.29; 1000.906484375; 22.6962890625
2026-08-17; 09:43:47; 1071; 102; 36.36; 1000.8744921875; 22.6884765625
2026-08-17; 09:44:47; 1071; 102; 36.51; 1000.89609375; 22.4853515625
2026-08-17; 09:45:47; 1062; 100; 36.46; 1000.9314453125; 22.42578125
2026-08-17; 09:46:47; 1047; 98; 36.29; 1001.041015625; 22.568359375
2026-08-17; 09:47:47; 997; 90; 36.18; 1000.953125; 22.8193359375
2026-08-17; 09:48:47; 887; 74; 35.85; 1000.9602734375; 23.1865234375
2026-08-17; 09:49:47; 868; 71; 35.59; 1001.041484375; 23.80078125
2026-08-17; 09:50:47; 868; 71; 35.38; 1000.965625; 23.859375
2026-08-17; 09:51:47; 765; 55; 35.34; 1001.0321484375; 24.322265625
2026-08-17; 09:52:47; 832; 65; 35.16; 1001.117421875; 24.7763671875
2026-08-17; 09:53:47; 827; 65; 35.08; 1001.1048046875; 24.4580078125
2026-08-17; 09:54:47; 748; 53; 34.88; 1001.101171875; 24.541015625
2026-08-17; 09:55:47; 682; 42; 34.74; 1001.1230078125; 25.2294921875
2026-08-17; 09:56:47; 620; 33; 34.73; 1001.107265625; 24.4169921875
2026-08-17; 09:57:47; 508; 16; 34.66; 1001.167109375; 24.30859375
2026-08-17; 09:58:47; 400; 0; 34.6; 1001.1495703125; 24.4912109375
2026-08-17; 09:59:47; 400; 0; 34.47; 1001.1586328125; 24.51953125
2026-08-17; 10:00:47; 400; 0; 34.42; 1001.1646875; 24.26171875
2026-08-17; 10:01:47; 405; 0; 34.28; 1001.1780859375; 25.423828125
2026-08-17; 10:02:47; 422; 3; 34.28; 1001.2837109375; 25.5625
2026-08-17; 10:03:47; 421; 3; 34.24; 1001.3133984375; 24.71484375
2026-08-17; 10:04:47; 400; 0; 34.18; 1001.324453125; 25.0244140625
2026-08-17; 10:05:47; 402; 0; 34.17; 1001.40140625; 25.05859375
2026-08-17; 10:06:48; 403; 0; 34.17; 1001.421875; 25.208984375
2026-08-17; 10:07:48; 415; 2; 34.24; 1001.4553125; 25.0966796875
2026-08-17; 10:08:48; 427; 4; 34.13; 1001.50859375; 25.322265625
2026-08-17; 10:09:48; 447; 7; 34.11; 1001.5621484375; 25.3212890625
2026-08-17; 10:10:48; 476; 11; 34.09; 1001.5791796875; 25.0419921875
2026-08-17; 10:11:48; 448; 7; 34.01; 1001.6875390625; 25.3388671875
2026-08-17; 10:12:48; 460; 9; 34.03; 1001.6544921875; 25.31640625
2026-08-17; 10:13:48; 486; 13; 33.97; 1001.7659765625; 25.5224609375
2026-08-17; 10:14:48; 502; 15; 33.95; 1001.770703125; 25.4169921875
2026-08-17; 10:15:48; 485; 12; 33.93; 1001.78796875; 25.484375
2026-08-17; 10:16:48; 470; 10; 33.83; 1001.80734375; 25.6298828125
2026-08-17; 10:17:48; 464; 9; 33.84; 1001.8234375; 25.6650390625
2026-08-17; 10:18:48; 439; 5; 33.83; 1001.799453125; 25.6982421875
2026-08-17; 10:19:48; 420; 3; 33.81; 1001.8325; 25.8828125
2026-08-17; 10:20:48; 420; 3; 33.71; 1001.702734375; 26.2353515625
2026-08-17; 10:21:48; 403; 0; 33.69; 1001.69921875; 26.3037109375
2026-08-17; 10:22:48; 409; 1; 33.67; 1001.6755859375; 26.349609375
2026-08-17; 10:23:48; 400; 0; 33.64; 1001.6565625; 26.37109375
2026-08-17; 10:24:48; 403; 0; 33.6; 1001.6135546875; 26.7607421875
2026-08-17; 10:25:48; 400; 0; 33.57; 1001.6796484375; 26.5048828125
2026-08-17; 10:26:48; 400; 0; 33.52; 1001.6366796875; 26.513671875
2026-08-17; 10:27:48; 400; 0; 33.48; 1001.69453125; 26.48828125
2026-08-17; 10:28:48; 400; 0; 33.39; 1001.6859765625; 26.576171875
2026-08-17; 10:29:48; 401; 0; 33.32; 1001.7448828125; 26.9873046875
2026-08-17; 10:30:48; 400; 0; 33.31; 1001.736953125; 27.0791015625
2026-08-17; 10:31:48; 400; 0; 33.29; 1001.81875; 26.939453125
2026-08-17; 10:32:48; 400; 0; 33.25; 1001.917421875; 26.8330078125
2026-08-17; 10:33:48; 400; 0; 33.23; 1001.97875; 27.1318359375
2026-08-17; 10:34:48; 400; 0; 33.1; 1001.9427734375; 27.4697265625
2026-08-17; 10:35:48; 400; 0; 33.12; 1001.974375; 27.609375
2026-08-17; 10:36:48; 400; 0; 33.14; 1002.0059765625; 27.96875
2026-08-17; 10:37:48; 400; 0; 33.14; 1001.9288671875; 28.095703125
2026-08-17; 10:38:48; 400; 0; 33.15; 1002.001640625; 28.224609375
2026-08-17; 10:39:48; 400; 0; 33.12; 1001.8894140625; 28.3369140625
2026-08-17; 10:40:48; 400; 0; 33.09; 1001.9065625; 28.4501953125
2026-08-17; 10:41:48; 400; 0; 33.11; 1001.881484375; 28.5791015625
2026-08-17; 10:42:48; 400; 0; 33.18; 1001.9278125; 28.90625
2026-08-17; 10:43:48; 400; 0; 33.17; 1001.8269921875; 28.5595703125
2026-08-17; 10:44:48; 400; 0; 33.13; 1001.9901953125; 28.060546875
2026-08-17; 10:45:48; 400; 0; 33.11; 1001.95859375; 28.9365234375
2026-08-17; 10:46:48; 400; 0; 33.03; 1001.953125; 28.28515625
2026-08-17; 10:47:48; 400; 0; 32.99; 1001.995; 28.375
2026-08-17; 10:48:49; 400; 0; 33.0; 1002.0391796875; 28.65234375
2026-08-17; 10:49:49; 400; 0; 32.93; 1002.0856640625; 28.1416015625
2026-08-17; 10:50:49; 400; 0; 32.95; 1002.1867578125; 28.822265625
2026-08-17; 10:51:49; 400; 0; 32.97; 1002.19; 28.80078125
2026-08-17; 10:52:49; 400; 0; 32.9; 1002.2003125; 28.7041015625
2026-08-17; 10:53:49; 400; 0; 32.86; 1002.1367578125; 28.666015625
2026-08-17; 10:54:49; 400; 0; 32.81; 1002.142421875; 29.1708984375
2026-08-17; 10:55:49; 400; 0; 32.84; 1002.0278125; 29.115234375
2026-08-17; 10:56:49; 400; 0; 32.84; 1001.9632421875; 28.7578125
2026-08-17; 10:57:49; 400; 0; 32.38; 1001.96546875; 29.09765625
2026-08-17; 10:58:49; 400; 0; 32.36; 1002.010859375; 29.0380859375
2026-08-17; 10:59:49; 400; 0; 32.49; 1002.0109765625; 28.78125
2026-08-17; 11:00:49; 400; 0; 32.29; 1001.879140625; 28.8271484375
2026-08-17; 11:01:49; 400; 0; 32.11; 1001.933125; 29.0458984375
2026-08-17; 11:02:49; 400; 0; 32.22; 1001.8813671875; 28.8798828125
2026-08-17; 11:03:49; 400; 0; 32.43; 1001.92375; 28.5244140625
2026-08-17; 11:04:49; 400; 0; 32.44; 1001.91125; 28.4677734375
2026-08-17; 11:05:49; 400; 0; 32.3; 1001.8666796875; 28.6435546875
2026-08-17; 11:06:49; 400; 0; 32.43; 1001.8671484375; 28.5478515625
2026-08-17; 11:07:49; 400; 0; 32.34; 1001.7607421875; 28.7841796875
2026-08-17; 11:08:49; 400; 0; 32.18; 1001.76125; 29.02734375
2026-08-17; 11:09:49; 400; 0; 32.07; 1001.75671875; 29.28515625
2026-08-17; 11:10:49; 400; 0; 32.03; 1001.749765625; 29.3515625
2026-08-17; 11:11:49; 400; 0; 32.0; 1001.7667578125; 29.44140625
2026-08-17; 11:12:49; 400; 0; 31.97; 1001.7755859375; 29.4853515625
2026-08-17; 11:13:49; 400; 0; 31.99; 1001.6944140625; 29.37109375
2026-08-17; 11:14:49; 400; 0; 32.04; 1001.822109375; 29.31640625
2026-08-17; 11:15:49; 400; 0; 32.14; 1001.7262890625; 29.09375
2026-08-17; 11:16:49; 400; 0; 32.21; 1001.837265625; 28.9140625
2026-08-17; 11:17:49; 400; 0; 32.35; 1001.8331640625; 28.7509765625
2026-08-17; 11:18:49; 400; 0; 32.47; 1001.78125; 28.5498046875
2026-08-17; 11:19:49; 400; 0; 32.48; 1001.79703125; 28.5390625
2026-08-17; 11:20:49; 400; 0; 32.47; 1001.80953125; 28.46875
2026-08-17; 11:21:49; 400; 0; 32.37; 1001.8002734375; 28.6015625
2026-08-17; 11:22:49; 400; 0; 32.29; 1001.78640625; 28.76953125
2026-08-17; 11:23:49; 400; 0; 32.36; 1001.7640625; 28.7275390625
2026-08-17; 11:24:49; 400; 0; 32.48; 1001.8332421875; 28.5849609375
2026-08-17; 11:25:49; 400; 0; 32.35; 1001.768671875; 28.7958984375
2026-08-17; 11:26:49; 400; 0; 32.43; 1001.810546875; 28.7900390625
2026-08-17; 11:27:49; 400; 0; 32.19; 1001.7490625; 29.4541015625
2026-08-17; 11:28:49; 400; 0; 31.91; 1001.75734375; 29.9755859375
2026-08-17; 11:29:49; 400; 0; 31.64; 1001.7324609375; 30.2685546875
2026-08-17; 11:30:49; 400; 0; 31.38; 1001.69546875; 30.4931640625
2026-08-17; 11:31:49; 400; 0; 31.23; 1001.6710546875; 30.5751953125
2026-08-17; 11:32:50; 400; 0; 31.28; 1001.6575390625; 30.5322265625
2026-08-17; 11:33:50; 400; 0; 31.28; 1001.6371875; 30.4287109375
2026-08-17; 11:34:50; 400; 0; 31.17; 1001.6805859375; 30.55859375
2026-08-17; 11:35:50; 400; 0; 31.38; 1001.69546875; 30.3203125
2026-08-17; 11:36:50; 400; 0; 31.29; 1001.673359375; 30.41796875
2026-08-17; 11:37:50; 400; 0; 31.41; 1001.694375; 30.310546875
2026-08-17; 11:38:50; 400; 0; 31.5; 1001.6960546875; 30.259765625
2026-08-17; 11:39:50; 400; 0; 31.28; 1001.7784375; 30.7158203125
2026-08-17; 11:40:50; 400; 0; 31.52; 1001.8124609375; 30.501953125
2026-08-17; 11:41:50; 400; 0; 31.64; 1001.8737890625; 30.7626953125
2026-08-17; 11:42:50; 400; 0; 31.82; 1001.771875; 30.7294921875
2026-08-17; 11:43:50; 423; 3; 31.99; 1001.8640625; 30.4873046875
2026-08-17; 11:44:50; 466; 10; 32.21; 1001.8859375; 30.0068359375
2026-08-17; 11:45:50; 519; 18; 32.34; 1001.902265625; 29.8544921875
2026-08-17; 11:46:50; 589; 28; 32.42; 1001.9566015625; 29.5947265625
2026-08-17; 11:47:50; 623; 33; 32.46; 1001.999453125; 29.470703125
2026-08-17; 11:48:50; 656; 39; 32.53; 1001.96921875; 29.291015625
2026-08-17; 11:49:50; 656; 39; 32.54; 1002.0133203125; 29.1884765625
2026-08-17; 11:50:50; 634; 35; 32.56; 1001.9804296875; 28.6474609375
2026-08-17; 11:51:50; 466; 10; 32.6; 1001.9386328125; 28.07421875
2026-08-17; 11:52:50; 400; 0; 32.66; 1001.9768359375; 28.0322265625
2026-08-17; 11:53:50; 400; 0; 32.65; 1001.9814453125; 28.388671875
2026-08-17; 11:54:50; 400; 0; 32.66; 1001.940625; 28.1357421875
2026-08-17; 11:55:50; 400; 0; 32.67; 1001.9284375; 27.7900390625
2026-08-17; 11:56:50; 400; 0; 32.71; 1001.9633203125; 28.138671875
2026-08-17; 11:57:50; 400; 0; 32.69; 1001.8671875; 27.6533203125
2026-08-17; 11:58:50; 400; 0; 32.69; 1001.9033984375; 27.1806640625
2026-08-17; 11:59:50; 400; 0; 32.75; 1001.9056640625; 27.40234375
2026-08-17; 12:00:50; 400; 0; 32.74; 1001.9181640625; 26.8603515625
2026-08-17; 12:01:50; 400; 0; 32.55; 1001.9725390625; 26.814453125
2026-08-17; 12:02:50; 400; 0; 32.66; 1002.0334375; 26.63671875
2026-08-17; 12:03:50; 400; 0; 32.77; 1001.9655859375; 26.8388671875
2026-08-17; 12:04:50; 400; 0; 32.71; 1002.01203125; 27.06640625
2026-08-17; 12:05:50; 400; 0; 32.82; 1001.98828125; 27.1767578125
2026-08-17; 12:06:50; 400; 0; 32.91; 1002.0257421875; 27.6787109375
2026-08-17; 12:07:50; 400; 0; 32.99; 1001.995; 27.3828125
2026-08-17; 12:08:50; 400; 0; 32.99; 1002.023359375; 27.3369140625
2026-08-17; 12:09:50; 400; 0; 33.12; 1002.0389453125; 27.1142578125
2026-08-17; 12:10:50; 400; 0; 33.13; 1002.054765625; 27.18359375
2026-08-17; 12:11:50; 400; 0; 33.03; 1002.001875; 27.0390625
2026-08-17; 12:12:50; 400; 0; 33.09; 1001.9836328125; 26.984375
2026-08-17; 12:13:50; 400; 0; 33.11; 1001.938125; 26.9638671875
2026-08-17; 12:14:50; 400; 0; 33.12; 1002.0310546875; 26.58203125
2026-08-17; 12:15:51; 400; 0; 33.11; 1001.9869140625; 26.501953125
2026-08-17; 12:16:51; 400; 0; 33.09; 1001.9915625; 26.8232421875
2026-08-17; 12:17:51; 400; 0; 33.13; 1002.018515625; 26.9873046875
2026-08-17; 12:18:51; 400; 0; 33.1; 1001.97109375; 27.1005859375
2026-08-17; 12:19:51; 400; 0; 33.03; 1002.009765625; 27.28125
2026-08-17; 12:20:51; 400; 0; 33.07; 1002.0446484375; 27.3994140625
2026-08-17; 12:21:51; 400; 0; 32.89; 1002.0791015625; 26.951171875
2026-08-17; 12:22:51; 400; 0; 32.82; 1002.0166015625; 27.22265625
2026-08-17; 12:23:51; 400; 0; 32.75; 1001.933984375; 27.333984375
2026-08-17; 12:24:51; 400; 0; 32.79; 1001.9484765625; 27.474609375
2026-08-17; 12:25:51; 400; 0; 32.84; 1001.9428515625; 27.720703125
2026-08-17; 12:26:51; 400; 0; 32.84; 1001.9349609375; 27.650390625
2026-08-17; 12:27:51; 400; 0; 32.88; 1001.9216796875; 27.69921875
2026-08-17; 12:28:51; 400; 0; 32.97; 1001.9067578125; 27.78515625
2026-08-17; 12:29:51; 400; 0; 33.01; 1001.9215234375; 28.076171875
2026-08-17; 12:30:51; 400; 0; 33.02; 1001.908984375; 27.984375
2026-08-17; 12:31:51; 400; 0; 32.98; 1001.873828125; 28.0634765625
2026-08-17; 12:32:51; 400; 0; 33.02; 1001.9294140625; 28.123046875
2026-08-17; 12:33:51; 400; 0; 33.02; 1001.908984375; 28.353515625
2026-08-17; 12:34:51; 400; 0; 33.0; 1001.877109375; 28.283203125
2026-08-17; 12:35:51; 400; 0; 33.04; 1001.88390625; 28.11328125
2026-08-17; 12:36:51; 400; 0; 33.0; 1001.905390625; 28.041015625
2026-08-17; 12:37:51; 400; 0; 33.05; 1001.8997265625; 28.009765625
2026-08-17; 12:38:51; 400; 0; 33.09; 1001.9269921875; 27.9775390625
2026-08-17; 12:39:51; 400; 0; 33.14; 1001.9209765625; 28.0263671875
2026-08-17; 12:40:51; 400; 0; 32.56; 1001.9237890625; 28.279296875
2026-08-17; 12:41:51; 400; 0; 32.31; 1001.8258984375; 28.6328125
2026-08-17; 12:42:51; 400; 0; 32.35; 1001.8252734375; 28.611328125
2026-08-17; 12:43:51; 400; 0; 32.62; 1001.800390625; 28.259765625
2026-08-17; 12:44:51; 400; 0; 32.78; 1001.8681640625; 28.28125
2026-08-17; 12:45:51; 400; 0; 33.01; 1001.941640625; 28.0986328125
2026-08-17; 12:46:51; 400; 0; 33.18; 1001.8994921875; 28.14453125
2026-08-17; 12:47:51; 400; 0; 33.36; 1001.8729296875; 28.0517578125
2026-08-17; 12:48:51; 400; 0; 33.47; 1001.9338671875; 28.0009765625
2026-08-17; 12:49:51; 400; 0; 33.59; 1001.9096875; 27.869140625
2026-08-17; 12:50:51; 400; 0; 33.68; 1001.9465625; 28.0595703125
2026-08-17; 12:51:51; 400; 0; 33.78; 1001.9553515625; 27.951171875
2026-08-17; 12:52:51; 400; 0; 33.72; 1001.868203125; 27.9580078125
2026-08-17; 12:53:51; 400; 0; 33.86; 1001.9322265625; 27.9208984375
2026-08-17; 12:54:51; 519; 18; 33.87; 1001.9763671875; 28.291015625
2026-08-17; 12:55:51; 719; 48; 33.83; 1001.9980078125; 28.4384765625
2026-08-17; 12:56:51; 1041; 97; 33.85; 1002.0582421875; 28.474609375
2026-08-17; 12:57:51; 1491; 166; 33.91; 1001.962890625; 28.59375
2026-08-17; 12:58:52; 1615; 260; 33.97; 1002.02953125; 29.2451171875
2026-08-17; 12:59:52; 1575; 226; 34.02; 1001.9587109375; 27.0634765625
2026-08-17; 13:00:52; 1393; 151; 33.95; 1001.9408984375; 26.78125
2026-08-17; 13:01:52; 1081; 103; 33.99; 1001.9397265625; 26.6220703125
2026-08-17; 13:02:52; 870; 71; 34.03; 1001.8609765625; 26.439453125
2026-08-17; 13:03:52; 675; 41; 33.9; 1001.8903515625; 26.5361328125
2026-08-17; 13:04:52; 526; 19; 33.79; 1001.9427734375; 26.8876953125
2026-08-17; 13:05:52; 443; 6; 33.88; 1001.9637890625; 26.4765625
2026-08-17; 13:06:52; 400; 0; 33.85; 1001.9731640625; 26.509765625
2026-08-17; 13:07:52; 400; 0; 33.8; 1002.0152734375; 26.6923828125
2026-08-17; 13:08:52; 400; 0; 33.82; 1001.9822265625; 26.8779296875
2026-08-17; 13:09:52; 400; 0; 33.93; 1001.958203125; 26.8837890625
2026-08-17; 13:10:52; 400; 0; 33.95; 1001.9330078125; 26.943359375
2026-08-17; 13:11:52; 400; 0; 33.97; 1001.8794921875; 26.93359375
2026-08-17; 13:12:52; 400; 0; 33.96; 1001.8920703125; 27.0126953125
2026-08-17; 13:13:52; 400; 0; 33.94; 1001.8888671875; 27.03515625
2026-08-17; 13:14:52; 423; 3; 33.9; 1001.8619921875; 27.080078125
2026-08-17; 13:15:52; 486; 13; 33.95; 1001.8558203125; 27.0595703125
2026-08-17; 13:16:52; 560; 24; 33.95; 1001.791171875; 27.0361328125
2026-08-17; 13:17:52; 634; 35; 33.8; 1001.78046875; 27.24609375
2026-08-17; 13:18:52; 708; 46; 33.83; 1001.742734375; 27.212890625
2026-08-17; 13:19:52; 783; 58; 33.78; 1001.74890625; 27.326171875
2026-08-17; 13:20:52; 872; 71; 33.74; 1001.75796875; 27.3466796875
2026-08-17; 13:21:52; 975; 87; 33.75; 1001.79421875; 27.37109375
2026-08-17; 13:22:52; 1093; 105; 33.71; 1001.738984375; 27.23046875
2026-08-17; 13:23:52; 1224; 125; 33.88; 1001.7651953125; 27.228515625
2026-08-17; 13:24:52; 1345; 143; 33.95; 1001.7060546875; 27.10546875
2026-08-17; 13:25:52; 1495; 168; 34.01; 1001.6670703125; 26.994140625
2026-08-17; 13:26:52; 1540; 199; 34.1; 1001.65171875; 26.8828125
2026-08-17; 13:27:52; 1585; 232; 34.12; 1001.71984375; 26.826171875
2026-08-17; 13:28:52; 1627; 269; 34.17; 1001.7703125; 26.771484375
2026-08-17; 13:29:52; 1674; 313; 34.21; 1001.6918359375; 26.7392578125
2026-08-17; 13:30:52; 1717; 355; 34.26; 1001.706328125; 26.66015625
2026-08-17; 13:31:52; 1764; 407; 34.22; 1001.7927734375; 26.728515625
2026-08-17; 13:32:52; 1811; 463; 34.31; 1001.7489453125; 26.6279296875
2026-08-17; 13:33:52; 1867; 540; 34.34; 1001.7681640625; 26.560546875
2026-08-17; 13:34:52; 1919; 614; 34.33; 1001.752421875; 26.583984375
2026-08-17; 13:35:52; 1973; 700; 34.42; 1001.7530078125; 26.484375
2026-08-17; 13:36:52; 2031; 803; 34.45; 1001.723359375; 26.4287109375
2026-08-17; 13:37:52; 2092; 909; 34.51; 1001.8384765625; 26.31640625
2026-08-17; 13:38:52; 2148; 1023; 34.52; 1001.7406640625; 26.3515625
2026-08-17; 13:39:52; 2206; 1157; 34.51; 1001.7816796875; 26.3515625
2026-08-17; 13:40:53; 2270; 1290; 34.54; 1001.6951953125; 26.294921875
2026-08-17; 13:41:53; 2340; 1439; 34.49; 1001.6728125; 26.361328125
2026-08-17; 13:42:53; 2409; 1588; 34.6; 1001.7459765625; 26.228515625
2026-08-17; 13:43:53; 2485; 1743; 34.66; 1001.7553515625; 26.1396484375
2026-08-17; 13:44:53; 2563; 1917; 34.73; 1001.7037890625; 26.05078125
2026-08-17; 13:45:53; 2630; 2066; 34.86; 1001.6659765625; 25.873046875
2026-08-17; 13:46:53; 2720; 2263; 34.97; 1001.6208203125; 25.728515625
2026-08-17; 13:47:53; 2805; 2445; 35.06; 1001.6776953125; 25.5947265625
2026-08-17; 13:48:53; 2898; 2631; 35.29; 1001.66390625; 25.3291015625
2026-08-17; 13:49:53; 2988; 2817; 35.26; 1001.6163671875; 25.3271484375
2026-08-17; 13:50:53; 3060; 2973; 35.26; 1001.6653125; 25.3271484375
2026-08-17; 13:51:53; 3129; 3129; 35.24; 1001.58484375; 25.337890625
2026-08-17; 13:52:53; 3186; 3245; 35.22; 1001.6101953125; 25.3828125
2026-08-17; 13:53:53; 3263; 3414; 35.44; 1001.66578125; 25.1279296875
2026-08-17; 13:54:53; 3303; 3501; 35.57; 1001.61515625; 24.9267578125
2026-08-17; 13:55:53; 3186; 3245; 35.66; 1001.6276953125; 24.7451171875
2026-08-17; 13:56:53; 2963; 2768; 35.76; 1001.6229296875; 24.4833984375
2026-08-17; 13:57:53; 2735; 2292; 35.83; 1001.58328125; 24.3935546875
2026-08-17; 13:58:53; 2521; 1829; 35.86; 1001.6020703125; 24.302734375
2026-08-17; 13:59:53; 2351; 1466; 35.89; 1001.6859375; 24.234375
2026-08-17; 14:00:53; 2174; 1084; 36.05; 1001.6668359375; 24.0224609375
2026-08-17; 14:01:53; 2012; 767; 36.11; 1001.6476953125; 23.9326171875
2026-08-17; 14:02:53; 1879; 554; 36.06; 1001.6050390625; 23.94140625
2026-08-17; 14:03:53; 1759; 402; 36.13; 1001.5083984375; 23.875
2026-08-17; 14:04:53; 1661; 300; 36.13; 1001.5937890625; 23.828125
2026-08-17; 14:05:53; 1569; 221; 36.08; 1001.6365234375; 23.9306640625
2026-08-17; 14:06:53; 1487; 165; 36.07; 1001.584453125; 23.94140625
2026-08-17; 14:07:53; 1207; 122; 36.01; 1001.6114453125; 23.9736328125
2026-08-17; 14:08:53; 1090; 105; 35.84; 1001.55; 24.453125
2026-08-17; 14:09:53; 967; 86; 35.77; 1001.52484375; 24.484375
2026-08-17; 14:10:53; 902; 76; 35.79; 1001.6337890625; 24.4619140625
2026-08-17; 14:11:53; 909; 77; 35.83; 1001.5263671875; 24.4287109375
2026-08-17; 14:12:53; 902; 76; 35.95; 1001.6020703125; 24.2958984375
2026-08-17; 14:13:53; 930; 80; 35.86; 1001.5166796875; 24.4072265625
2026-08-17; 14:14:53; 987; 89; 36.04; 1001.594140625; 24.265625
2026-08-17; 14:15:53; 1093; 105; 35.98; 1001.6132421875; 24.2744140625
2026-08-17; 14:16:53; 1207; 122; 36.04; 1001.6226171875; 24.20703125
2026-08-17; 14:17:53; 1367; 147; 36.06; 1001.5196484375; 24.138671875
2026-08-17; 14:18:53; 1525; 188; 36.0; 1001.502421875; 24.181640625
2026-08-17; 14:19:53; 1590; 236; 35.95; 1001.565703125; 24.2490234375
2026-08-17; 14:20:53; 1650; 289; 36.08; 1001.57171875; 24.1171875
2026-08-17; 14:21:53; 1715; 354; 36.08; 1001.5511328125; 24.1396484375
2026-08-17; 14:22:53; 1787; 435; 36.14; 1001.58890625; 24.015625
2026-08-17; 14:23:54; 1865; 536; 36.22; 1001.6218359375; 23.9375
2026-08-17; 14:24:54; 1939; 647; 36.23; 1001.48734375; 23.9033203125
2026-08-17; 14:25:54; 2022; 787; 36.24; 1001.4461328125; 23.916015625
2026-08-17; 14:26:54; 2114; 948; 36.28; 1001.3748828125; 23.8369140625
2026-08-17; 14:27:54; 2189; 1120; 36.21; 1001.4922265625; 23.9375
2026-08-17; 14:28:54; 2270; 1290; 36.28; 1001.4239453125; 23.87109375
2026-08-17; 14:29:54; 2355; 1472; 36.33; 1001.4175; 23.8271484375
2026-08-17; 14:30:54; 2445; 1658; 36.07; 1001.4784375; 24.01171875
2026-08-17; 14:31:54; 2521; 1829; 36.17; 1001.40078125; 24.0048828125
2026-08-17; 14:32:54; 2616; 2034; 36.27; 1001.3227734375; 23.859375
2026-08-17; 14:33:54; 2708; 2241; 36.35; 1001.363515625; 23.7353515625
2026-08-17; 14:34:54; 2792; 2416; 36.41; 1001.3808984375; 23.6806640625
2026-08-17; 14:35:54; 2878; 2601; 36.36; 1001.407734375; 23.712890625
2026-08-17; 14:36:54; 2994; 2835; 36.29; 1001.4112109375; 23.7666015625
2026-08-17; 14:37:54; 3087; 3027; 36.3; 1001.349375; 23.849609375
2026-08-17; 14:38:54; 3186; 3245; 36.21; 1001.3989453125; 23.9365234375
2026-08-17; 14:39:54; 3272; 3434; 36.06; 1001.3488671875; 24.0693359375
2026-08-17; 14:40:54; 3386; 3686; 36.1; 1001.35515625; 24.0244140625
2026-08-17; 14:41:54; 3483; 3876; 35.86; 1001.3744140625; 24.3369140625
2026-08-17; 14:42:54; 3561; 4055; 35.95; 1001.395; 24.2490234375
2026-08-17; 14:43:54; 3668; 4268; 35.87; 1001.276328125; 24.361328125
2026-08-17; 14:44:54; 3763; 4481; 35.86; 1001.3459765625; 24.3369140625
2026-08-17; 14:45:54; 3841; 4670; 35.84; 1001.3792578125; 24.3837890625
2026-08-17; 14:46:54; 3950; 4903; 35.8; 1001.308125; 24.4501953125
2026-08-17; 14:47:54; 4077; 5181; 35.8; 1001.316015625; 24.416015625
2026-08-17; 14:48:54; 4180; 5368; 35.83; 1001.391953125; 24.3828125
2026-08-17; 14:49:54; 4288; 5600; 35.82; 1001.368046875; 24.4169921875
2026-08-17; 14:50:54; 4421; 5885; 35.68; 1001.382578125; 24.572265625
2026-08-17; 14:51:54; 4550; 6162; 35.75; 1001.4361328125; 24.494140625
2026-08-17; 14:52:54; 4620; 6325; 35.82; 1001.404375; 24.4169921875
2026-08-17; 14:53:54; 4719; 6518; 35.78; 1001.426796875; 24.47265625
2026-08-17; 14:54:54; 4805; 6719; 35.76; 1001.3953125; 24.4833984375
2026-08-17; 14:55:54; 4943; 6991; 35.87; 1001.4833984375; 24.349609375
2026-08-17; 14:56:54; 5029; 7191; 35.84; 1001.42828125; 24.3828125
2026-08-17; 14:57:54; 5129; 7400; 35.85; 1001.4234375; 24.3955078125
2026-08-17; 14:58:54; 5195; 7545; 35.89; 1001.3444140625; 24.33984375
2026-08-17; 14:59:54; 5265; 7695; 35.89; 1001.4013671875; 24.3046875
2026-08-17; 15:00:54; 5397; 7971; 35.96; 1001.4391796875; 24.26171875
2026-08-17; 15:01:54; 5443; 8089; 35.97; 1001.434609375; 24.25
2026-08-17; 15:02:54; 5559; 8338; 36.0; 1001.38859375; 24.193359375
2026-08-17; 15:03:54; 5586; 8396; 36.12; 1001.3787890625; 24.083984375
2026-08-17; 15:04:54; 5700; 8636; 36.14; 1001.4180859375; 24.02734375
2026-08-17; 15:05:54; 5797; 8826; 36.17; 1001.40078125; 24.0400390625
2026-08-17; 15:06:55; 5882; 8995; 36.12; 1001.4151171875; 24.0029296875
2026-08-17; 15:07:55; 5916; 9062; 36.28; 1001.3463671875; 23.8603515625
2026-08-17; 15:08:55; 5978; 9197; 36.26; 1001.4573046875; 23.8818359375
2026-08-17; 15:09:55; 6109; 9471; 36.15; 1001.3690234375; 24.02734375
2026-08-17; 15:10:55; 6175; 9616; 36.27; 1001.3021875; 23.8818359375
2026-08-17; 15:11:55; 6241; 9783; 36.34; 1001.355625; 23.79296875
2026-08-17; 15:12:55; 6354; 10016; 36.28; 1001.289453125; 23.8251953125
2026-08-17; 15:13:55; 6385; 10082; 36.34; 1001.26234375; 23.828125
2026-08-17; 15:14:55; 6453; 10244; 36.15; 1001.340546875; 23.96875
2026-08-17; 15:15:55; 6528; 10392; 36.3; 1001.2560546875; 23.8369140625
2026-08-17; 15:16:55; 6573; 10501; 36.39; 1001.2846484375; 23.7373046875
2026-08-17; 15:17:55; 6652; 10663; 36.36; 1001.301640625; 23.7470703125
2026-08-17; 15:18:55; 6730; 10809; 36.44; 1001.306328125; 23.705078125
2026-08-17; 15:19:55; 6775; 10935; 36.51; 1001.209453125; 23.603515625
2026-08-17; 15:20:55; 6808; 11005; 36.52; 1001.2618359375; 23.5810546875
2026-08-17; 15:21:55; 6896; 11160; 36.45; 1001.265390625; 23.6474609375
2026-08-17; 15:22:55; 6896; 11160; 36.51; 1001.209453125; 23.603515625
2026-08-17; 15:23:55; 6929; 11245; 36.5; 1001.230078125; 23.638671875
2026-08-17; 15:24:55; 7056; 11527; 36.6; 1001.273984375; 23.50390625
2026-08-17; 15:25:55; 7056; 11527; 36.59; 1001.25828125; 23.4921875
2026-08-17; 15:26:55; 7104; 11602; 36.61; 1001.2042578125; 23.50390625
2026-08-17; 15:27:55; 7104; 11602; 36.53; 1001.2412109375; 23.55859375
2026-08-17; 15:28:55; 7104; 11602; 36.6; 1001.2661328125; 23.48046875
2026-08-17; 15:29:55; 7192; 11806; 36.59; 1001.3073828125; 23.4921875
2026-08-17; 15:30:55; 7192; 11806; 36.61; 1001.2897265625; 23.50390625
2026-08-17; 15:31:55; 7248; 11927; 36.59; 1001.2788671875; 23.5146484375
2026-08-17; 15:32:55; 7283; 12002; 36.61; 1001.232734375; 23.4931640625
2026-08-17; 15:33:55; 7339; 12100; 36.61; 1001.281875; 23.4814453125
2026-08-17; 15:34:55; 7339; 12100; 36.5; 1001.27921875; 23.591796875
2026-08-17; 15:35:55; 7431; 12314; 36.54; 1001.236328125; 23.58203125
2026-08-17; 15:36:55; 7481; 12437; 36.22; 1001.243828125; 23.8798828125
2026-08-17; 15:37:55; 7529; 12528; 36.34; 1001.24171875; 23.8046875
2026-08-17; 15:38:55; 7529; 12528; 35.92; 1001.2987109375; 24.2939453125
2026-08-17; 15:39:55; 7529; 12528; 36.23; 1001.2026171875; 23.9609375
2026-08-17; 15:40:55; 7581; 12638; 36.21; 1001.1790234375; 23.984375
2026-08-17; 15:41:55; 7639; 12748; 36.27; 1001.20890625; 23.859375
2026-08-17; 15:42:55; 7639; 12748; 36.3; 1001.0930859375; 23.837890625
2026-08-17; 15:43:55; 7743; 12998; 36.24; 1001.1898828125; 23.916015625
2026-08-17; 15:44:55; 7796; 13143; 36.19; 1001.1475390625; 23.9599609375
2026-08-17; 15:45:55; 7845; 13223; 36.27; 1001.0665234375; 23.9052734375
2026-08-17; 15:46:55; 7845; 13223; 36.23; 1001.174140625; 23.9267578125
2026-08-17; 15:47:55; 7952; 13452; 36.12; 1001.1873828125; 24.072265625
2026-08-17; 15:48:55; 8013; 13592; 36.24; 1001.2468359375; 23.9501953125
2026-08-17; 15:49:56; 8074; 13741; 36.16; 1001.221796875; 23.9931640625
2026-08-17; 15:50:56; 8137; 13876; 36.16; 1001.221796875; 24.0283203125
2026-08-17; 15:51:56; 8208; 13960; 36.16; 1001.1933203125; 24.0400390625
2026-08-17; 15:52:56; 8320; 14199; 36.19; 1001.2251171875; 24.005859375
2026-08-17; 15:53:56; 8320; 14199; 35.99; 1001.1166796875; 24.216796875
2026-08-17; 15:54:56; 8384; 14346; 36.02; 1001.1717578125; 24.20703125
2026-08-17; 15:55:56; 8457; 14485; 36.03; 1001.21625; 24.1728515625
2026-08-17; 15:56:56; 8457; 14485; 36.01; 1001.2129296875; 24.1826171875
2026-08-17; 15:57:56; 8577; 14765; 35.97; 1001.1990625; 24.26171875
2026-08-17; 15:58:56; 8577; 14765; 35.91; 1001.2260546875; 24.3173828125
2026-08-17; 15:59:56; 8577; 14765; 35.91; 1001.2260546875; 24.3291015625
2026-08-17; 16:00:56; 8577; 14765; 35.83; 1001.22125; 24.4638671875
2026-08-17; 16:01:56; 8643; 14908; 35.91; 1001.2260546875; 24.3291015625
2026-08-17; 16:02:56; 8643; 14908; 35.89; 1001.2508984375; 24.3623046875
2026-08-17; 16:03:56; 8718; 15070; 35.83; 1001.1564453125; 24.4287109375
2026-08-17; 16:04:56; 8777; 15187; 35.85; 1001.2242578125; 24.4189453125
2026-08-17; 16:05:56; 8845; 15333; 35.87; 1001.247890625; 24.384765625
2026-08-17; 16:06:56; 8845; 15333; 35.88; 1001.2066796875; 24.361328125
2026-08-17; 16:07:56; 8922; 15478; 35.83; 1001.1927734375; 24.4638671875
2026-08-17; 16:08:56; 8997; 15645; 35.86; 1001.1830859375; 24.4072265625
2026-08-17; 16:09:56; 9057; 15793; 35.87; 1001.2557421875; 24.373046875
2026-08-17; 16:10:56; 9057; 15793; 35.88; 1001.23515625; 24.384765625
2026-08-17; 16:11:56; 9215; 16119; 35.78; 1001.170703125; 24.49609375
2026-08-17; 16:12:56; 9215; 16119; 35.89; 1001.2021484375; 24.3740234375
2026-08-17; 16:13:56; 9297; 16329; 35.96; 1001.211484375; 24.2958984375
2026-08-17; 16:14:56; 9297; 16329; 35.9; 1001.1818359375; 24.33984375
2026-08-17; 16:15:56; 9438; 16599; 35.91; 1001.28296875; 24.36328125
2026-08-17; 16:16:56; 9438; 16599; 35.97; 1001.1990625; 24.2958984375
2026-08-17; 16:17:56; 9438; 16599; 35.92; 1001.1848828125; 24.3291015625
2026-08-17; 16:18:56; 9520; 16804; 35.98; 1001.165703125; 24.2626953125
2026-08-17; 16:19:56; 9612; 17003; 35.98; 1001.214765625; 24.2626953125
2026-08-17; 16:20:56; 9696; 17163; 36.06; 1001.2349609375; 24.162109375
2026-08-17; 16:21:56; 9696; 17163; 36.11; 1001.16375; 24.1181640625
2026-08-17; 16:22:56; 9696; 17163; 36.19; 1001.2251171875; 24.017578125
2026-08-17; 16:23:56; 9783; 17322; 36.2; 1001.220234375; 23.9951171875
2026-08-17; 16:24:56; 9783; 17322; 36.19; 1001.1396875; 24.017578125
2026-08-17; 16:25:56; 9840; 17464; 36.19; 1001.1681640625; 24.017578125
2026-08-17; 16:26:56; 9840; 17464; 36.16; 1001.1000390625; 24.07421875
2026-08-17; 16:27:56; 9944; 17659; 36.21; 1001.2075; 23.94921875
2026-08-17; 16:28:56; 9944; 17659; 36.32; 1001.181796875; 23.8623046875
2026-08-17; 16:29:56; 9944; 17659; 36.25; 1001.2137890625; 23.916015625
2026-08-17; 16:30:56; 10032; 17886; 36.27; 1001.1804296875; 23.9052734375
2026-08-17; 16:31:56; 10032; 17886; 36.21; 1001.2850390625; 23.9951171875
2026-08-17; 16:32:57; 10032; 17886; 36.15; 1001.1776171875; 24.05078125
2026-08-17; 16:33:57; 10032; 17886; 36.15; 1001.169765625; 24.0390625
2026-08-17; 16:34:57; 10118; 18074; 36.21; 1001.2075; 23.984375
2026-08-17; 16:35:57; 10118; 18074; 36.23; 1001.174140625; 23.94921875
2026-08-17; 16:36:57; 10118; 18074; 36.27; 1001.1598046875; 23.9052734375
2026-08-17; 16:37:57; 10201; 18240; 36.24; 1001.16140625; 23.9501953125
2026-08-17; 16:38:57; 10201; 18240; 36.32; 1001.1454296875; 23.873046875
2026-08-17; 16:39:57; 10201; 18240; 36.32; 1001.1454296875; 23.873046875
2026-08-17; 16:40:57; 10201; 18240; 36.31; 1001.2436328125; 23.884765625
2026-08-17; 16:41:57; 10292; 18410; 36.27; 1001.20890625; 23.9287109375
2026-08-17; 16:42:57; 10292; 18410; 36.25; 1001.2137890625; 23.939453125
2026-08-17; 16:43:57; 10292; 18410; 36.23; 1001.1456640625; 23.9609375
2026-08-17; 16:44:57; 10292; 18410; 36.18; 1001.1603125; 24.005859375
2026-08-17; 16:45:57; 10292; 18410; 36.18; 1001.0748828125; 24.041015625
2026-08-17; 16:46:57; 10391; 18655; 36.21; 1001.1426953125; 24.0068359375
2026-08-17; 16:47:57; 10391; 18655; 36.18; 1001.152421875; 24.0048828125
2026-08-17; 16:48:57; 10492; 18871; 36.21; 1001.2850390625; 23.9951171875
2026-08-17; 16:49:57; 10391; 18655; 36.2; 1001.2771875; 24.0185546875
2026-08-17; 16:50:57; 10391; 18655; 36.14; 1001.296328125; 24.0966796875
2026-08-17; 16:51:57; 10492; 18871; 36.14; 1001.1540234375; 24.0849609375
2026-08-17; 16:52:57; 10492; 18871; 36.16; 1001.2139453125; 24.0625
2026-08-17; 16:53:57; 10492; 18871; 36.07; 1001.1937890625; 24.1748046875
2026-08-17; 16:54:57; 10492; 18871; 36.11; 1001.1068359375; 24.1416015625
2026-08-17; 16:55:57; 10492; 18871; 36.1; 1001.2616015625; 24.1181640625
2026-08-17; 16:56:57; 10593; 19090; 36.07; 1001.1858984375; 24.185546875
2026-08-17; 16:57:57; 10593; 19090; 36.03; 1001.159296875; 24.20703125
2026-08-17; 16:58:57; 10703; 19308; 36.06; 1001.0848046875; 24.2080078125
2026-08-17; 16:59:57; 10703; 19308; 36.08; 1001.0671875; 24.1748046875
2026-08-17; 17:00:57; 10703; 19308; 36.04; 1001.1465625; 24.2197265625
2026-08-17; 17:01:57; 10703; 19308; 36.04; 1001.175078125; 24.2080078125
2026-08-17; 17:02:57; 10703; 19308; 36.08; 1001.1810546875; 24.1630859375
2026-08-17; 17:03:57; 10795; 19509; 36.06; 1001.1701953125; 24.1962890625
2026-08-17; 17:04:57; 10795; 19509; 36.05; 1001.154453125; 24.2197265625
2026-08-17; 17:05:57; 10795; 19509; 36.0; 1001.132421875; 24.251953125
2026-08-17; 17:06:57; 10889; 19741; 36.06; 1001.198671875; 24.2080078125
2026-08-17; 17:07:57; 10889; 19741; 35.99; 1001.181484375; 24.2626953125
2026-08-17; 17:08:57; 10889; 19741; 36.0; 1001.1608984375; 24.275390625
2026-08-17; 17:09:57; 10889; 19741; 36.07; 1001.214375; 24.197265625
2026-08-17; 17:10:57; 10889; 19741; 36.04; 1001.2319921875; 24.2080078125
2026-08-17; 17:11:57; 11006; 19991; 36.0; 1001.1608984375; 24.251953125
2026-08-17; 17:12:57; 11118; 20241; 36.05; 1001.16234375; 24.2197265625
2026-08-17; 17:13:58; 11118; 20241; 35.99; 1001.1736328125; 24.2744140625
2026-08-17; 17:14:58; 11118; 20241; 35.92; 1001.270234375; 24.3759765625
2026-08-17; 17:15:58; 11118; 20241; 35.92; 1001.20546875; 24.375
2026-08-17; 17:16:58; 11118; 20241; 35.87; 1001.1419140625; 24.419921875
2026-08-17; 17:17:58; 11118; 20241; 35.82; 1001.1688671875; 24.474609375
2026-08-17; 17:18:58; 11226; 20473; 35.81; 1001.1816015625; 24.5322265625
2026-08-17; 17:19:58; 11226; 20473; 35.9; 1001.1533984375; 24.3984375
2026-08-17; 17:20:58; 11226; 20473; 35.88; 1001.121328125; 24.419921875
2026-08-17; 17:21:58; 11226; 20473; 35.91; 1001.2260546875; 24.3984375
2026-08-17; 17:22:58; 11226; 20473; 35.86; 1001.175234375; 24.4306640625
2026-08-17; 17:23:58; 11226; 20473; 35.84; 1001.1722265625; 24.4755859375
2026-08-17; 17:24:58; 11226; 20473; 35.81; 1001.2179296875; 24.5205078125
2026-08-17; 17:25:58; 11335; 20694; 35.78; 1001.170703125; 24.5654296875
2026-08-17; 17:26:58; 11335; 20694; 35.75; 1001.1722265625; 24.587890625
2026-08-17; 17:27:58; 11335; 20694; 35.72; 1001.161328125; 24.6328125
2026-08-17; 17:28:58; 11335; 20694; 35.66; 1001.1440625; 24.7216796875
2026-08-17; 17:29:58; 11335; 20694; 35.65; 1001.1362109375; 24.7099609375
2026-08-17; 17:30:58; 11445; 20953; 35.71; 1001.1171484375; 24.6435546875
2026-08-17; 17:31:58; 11118; 20241; 35.75; 1001.1153125; 24.6220703125
2026-08-17; 17:32:58; 11118; 20241; 35.78; 1001.0205859375; 24.5537109375
2026-08-17; 17:33:58; 11226; 20473; 35.75; 1001.0662890625; 24.576171875
2026-08-17; 17:34:58; 11335; 20694; 35.69; 1001.0856640625; 24.6650390625
2026-08-17; 17:35:58; 11445; 20953; 35.83; 1001.0789453125; 24.4873046875
2026-08-17; 17:36:58; 11445; 20953; 35.78; 1001.1344140625; 24.5654296875
2026-08-17; 17:37:58; 11445; 20953; 35.86; 1001.1467578125; 24.4765625
2026-08-17; 17:38:58; 11445; 20953; 35.83; 1001.1564453125; 24.4873046875
2026-08-17; 17:39:58; 11445; 20953; 35.77; 1001.1549609375; 24.5654296875
2026-08-17; 17:40:58; 11595; 21215; 35.78; 1001.142265625; 24.5654296875
2026-08-17; 17:41:58; 11595; 21215; 35.8; 1001.194296875; 24.5439453125
2026-08-17; 17:42:58; 11595; 21215; 35.81; 1001.161015625; 24.5087890625
2026-08-17; 17:43:58; 11708; 21456; 35.84; 1001.1231640625; 24.453125
2026-08-17; 17:44:58; 11708; 21456; 35.75; 1001.2006640625; 24.576171875
2026-08-17; 17:45:58; 11708; 21456; 35.84; 1001.180078125; 24.4765625
2026-08-17; 17:46:58; 11708; 21456; 35.87; 1001.1909375; 24.4306640625
2026-08-17; 17:47:58; 11708; 21456; 35.89; 1001.1737109375; 24.3974609375
2026-08-17; 17:48:58; 11833; 21687; 35.93; 1001.143671875; 24.3525390625
2026-08-17; 17:49:58; 11708; 21456; 35.87; 1001.2194140625; 24.4423828125
2026-08-17; 17:50:58; 11445; 20953; 35.84; 1001.180078125; 24.4765625
2026-08-17; 17:51:58; 11595; 21215; 35.88; 1001.2066796875; 24.419921875
2026-08-17; 17:52:58; 11708; 21456; 35.89; 1001.2021484375; 24.4208984375
2026-08-17; 17:53:58; 11708; 21456; 35.86; 1001.2115625; 24.4541015625
2026-08-17; 17:54:59; 11595; 21215; 35.82; 1001.1767578125; 24.509765625
2026-08-17; 17:55:59; 11595; 21215; 35.81; 1001.1816015625; 24.5322265625
2026-08-17; 17:56:59; 11708; 21456; 35.86; 1001.1830859375; 24.4541015625
2026-08-17; 17:57:59; 11708; 21456; 35.82; 1001.262109375; 24.498046875
2026-08-17; 17:58:59; 11708; 21456; 35.83; 1001.2418359375; 24.509765625
2026-08-17; 17:59:59; 11833; 21687; 35.78; 1001.2197265625; 24.5654296875
2026-08-17; 18:00:59; 11708; 21456; 35.79; 1001.23546875; 24.5546875
2026-08-17; 18:01:59; 11833; 21687; 35.8; 1001.308125; 24.5439453125
2026-08-17; 18:02:59; 11833; 21687; 35.8; 1001.2875390625; 24.5205078125
2026-08-17; 18:03:59; 11708; 21456; 35.78; 1001.2766796875; 24.5537109375
2026-08-17; 18:04:59; 11708; 21456; 35.77; 1001.3178125; 24.5654296875
2026-08-17; 18:05:59; 11708; 21456; 35.78; 1001.31296875; 24.5537109375
2026-08-17; 18:06:59; 11708; 21456; 35.79; 1001.320859375; 24.56640625
2026-08-17; 18:07:59; 11833; 21687; 35.76; 1001.21671875; 24.576171875
2026-08-17; 18:08:59; 11833; 21687; 35.78; 1001.31296875; 24.5537109375
2026-08-17; 18:09:59; 11708; 21456; 35.73; 1001.25453125; 24.62109375
2026-08-17; 18:10:59; 11833; 21687; 35.72; 1001.295703125; 24.6201171875
2026-08-17; 18:11:59; 11833; 21687; 35.71; 1001.2025; 24.6435546875
2026-08-17; 18:12:59; 11833; 21687; 35.72; 1001.295703125; 24.6318359375
2026-08-17; 18:13:59; 11708; 21456; 35.7; 1001.328984375; 24.666015625
2026-08-17; 18:14:59; 11708; 21456; 35.69; 1001.31328125; 24.6767578125
2026-08-17; 18:15:59; 11833; 21687; 35.7; 1001.3780078125; 24.654296875
2026-08-17; 18:16:59; 11833; 21687; 35.67; 1001.27359375; 24.69921875
2026-08-17; 18:17:59; 11708; 21456; 35.65; 1001.306875; 24.7216796875
2026-08-17; 18:18:59; 11595; 21215; 35.68; 1001.26875; 24.7001953125
2026-08-17; 18:19:59; 11595; 21215; 35.63; 1001.246953125; 24.732421875
2026-08-17; 18:20:59; 11708; 21456; 35.65; 1001.3353125; 24.7216796875
2026-08-17; 18:21:59; 11595; 21215; 35.59; 1001.2484375; 24.7763671875
2026-08-17; 18:22:59; 11595; 21215; 35.62; 1001.2959765625; 24.7431640625
2026-08-17; 18:23:59; 11595; 21215; 35.61; 1001.2720703125; 24.75390625
2026-08-17; 18:24:59; 11708; 21456; 35.59; 1001.2405859375; 24.787109375
2026-08-17; 18:25:59; 11708; 21456; 35.59; 1001.1915625; 24.7763671875
2026-08-17; 18:26:59; 11708; 21456; 35.56; 1001.2012109375; 24.7978515625
2026-08-17; 18:27:59; 11595; 21215; 35.54; 1001.2184375; 24.8427734375
2026-08-17; 18:28:59; 11708; 21456; 35.55; 1001.120390625; 24.83203125
2026-08-17; 18:29:59; 11595; 21215; 35.52; 1001.158515625; 24.876953125
2026-08-17; 18:30:59; 11595; 21215; 35.51; 1001.1712109375; 24.8994140625
2026-08-17; 18:31:59; 11708; 21456; 35.47; 1001.14421875; 24.9326171875
2026-08-17; 18:32:59; 11708; 21456; 35.46; 1001.1775; 24.943359375
2026-08-17; 18:33:59; 11708; 21456; 35.41; 1001.240390625; 25.021484375
2026-08-17; 18:34:59; 11833; 21687; 35.44; 1001.259765625; 24.98828125
2026-08-17; 18:35:59; 11833; 21687; 35.43; 1001.2519140625; 24.9765625
2026-08-17; 18:36:59; 11833; 21687; 35.36; 1001.22640625; 25.0537109375
2026-08-17; 18:38:00; 11833; 21687; 35.4; 1001.175625; 25.021484375
2026-08-17; 18:39:00; 11833; 21687; 35.34; 1001.1458984375; 25.087890625
2026-08-17; 18:40:00; 11958; 21958; 35.33; 1001.178828125; 25.0986328125
2026-08-17; 18:41:00; 11958; 21958; 35.3; 1001.1600390625; 25.1669921875
2026-08-17; 18:42:00; 11958; 21958; 35.3; 1001.1394921875; 25.1318359375
2026-08-17; 18:43:00; 11833; 21687; 35.23; 1001.220078125; 25.232421875
2026-08-17; 18:44:00; 11833; 21687; 35.19; 1001.1930859375; 25.27734375
2026-08-17; 18:45:00; 11833; 21687; 35.22; 1001.1837890625; 25.2431640625
2026-08-17; 18:46:00; 11958; 21958; 35.13; 1001.2041015625; 25.3427734375
2026-08-17; 18:47:00; 11958; 21958; 35.05; 1001.2277734375; 25.466796875
2026-08-17; 18:48:00; 11833; 21687; 35.05; 1001.178828125; 25.419921875
2026-08-17; 18:49:00; 11958; 21958; 35.06; 1001.137734375; 25.443359375
2026-08-17; 18:50:00; 11833; 21687; 35.09; 1001.1205859375; 25.41015625
2026-08-17; 18:51:00; 11958; 21958; 35.16; 1001.1948046875; 25.3212890625
2026-08-17; 18:52:00; 11958; 21958; 35.16; 1001.2232421875; 25.3212890625
2026-08-17; 18:53:00; 11958; 21958; 35.19; 1001.099921875; 25.2763671875
2026-08-17; 18:54:00; 11958; 21958; 35.25; 1001.1457421875; 25.1875
2026-08-17; 18:55:00; 11958; 21958; 35.23; 1001.1063671875; 25.208984375
2026-08-17; 18:56:00; 11958; 21958; 35.26; 1001.12515625; 25.1875
2026-08-17; 18:57:00; 11958; 21958; 35.24; 1001.13; 25.1982421875
2026-08-17; 18:58:00; 11958; 21958; 35.18; 1001.14890625; 25.2529296875
2026-08-17; 18:59:00; 11958; 21958; 35.17; 1001.1615625; 25.287109375
2026-08-17; 19:00:00; 11958; 21958; 35.13; 1001.1835546875; 25.3427734375
2026-08-17; 19:01:00; 11958; 21958; 35.09; 1001.1284375; 25.3876953125
2026-08-17; 19:02:00; 11958; 21958; 35.05; 1001.178828125; 25.443359375
2026-08-17; 19:03:00; 11958; 21958; 35.06; 1001.0808984375; 25.431640625
2026-08-17; 19:04:00; 11958; 21958; 35.03; 1001.139453125; 25.4765625
2026-08-17; 19:05:00; 11958; 21958; 34.99; 1001.13296875; 25.5322265625
2026-08-17; 19:06:00; 11958; 21958; 34.93; 1001.151796875; 25.5869140625
2026-08-17; 19:07:00; 11958; 21958; 34.9; 1001.217890625; 25.642578125
2026-08-17; 19:08:00; 11958; 21958; 34.85; 1001.1466796875; 25.6865234375
2026-08-17; 19:09:00; 11958; 21958; 34.83; 1001.179921875; 25.708984375
2026-08-17; 19:10:00; 11958; 21958; 34.78; 1001.2428515625; 25.7529296875
2026-08-17; 19:11:00; 11958; 21958; 34.74; 1001.1230078125; 25.83203125
2026-08-17; 19:12:01; 11958; 21958; 34.7; 1001.13703125; 25.88671875
2026-08-17; 19:13:01; 12087; 22229; 34.7; 1001.13703125; 25.875
2026-08-17; 19:14:01; 12087; 22229; 34.68; 1001.13390625; 25.9208984375
2026-08-17; 19:15:01; 12087; 22229; 34.68; 1001.141796875; 25.8515625
2026-08-17; 19:16:01; 12087; 22229; 34.65; 1001.1999609375; 25.9072265625
2026-08-17; 19:17:01; 12087; 22229; 34.67; 1001.1260546875; 25.8740234375
2026-08-17; 19:18:01; 12087; 22229; 34.65; 1001.2078515625; 25.873046875
2026-08-17; 19:19:01; 12087; 22229; 34.62; 1001.1321484375; 25.9287109375
2026-08-17; 19:20:01; 12087; 22229; 34.61; 1001.2016015625; 25.974609375
2026-08-17; 19:21:01; 12087; 22229; 34.59; 1001.161875; 25.984375
2026-08-17; 19:22:01; 12221; 22506; 34.52; 1001.2093359375; 26.05078125
2026-08-17; 19:23:01; 12087; 22229; 34.42; 1001.1851953125; 26.20703125
2026-08-17; 19:24:01; 12221; 22506; 34.38; 1001.1862109375; 26.2744140625
2026-08-17; 19:25:01; 12221; 22506; 34.26; 1001.16703125; 26.4404296875
2026-08-17; 19:26:01; 12221; 22506; 34.3; 1001.20171875; 26.396484375
2026-08-17; 19:27:01; 12221; 22506; 34.23; 1001.2330078125; 26.4853515625
2026-08-17; 19:28:01; 12221; 22506; 34.12; 1001.152265625; 26.6064453125
2026-08-17; 19:29:01; 12221; 22506; 34.14; 1001.183828125; 26.595703125
2026-08-17; 19:30:01; 12221; 22506; 34.03; 1001.151640625; 26.740234375
2026-08-17; 19:31:01; 12221; 22506; 33.92; 1001.1843359375; 26.9072265625
2026-08-17; 19:32:01; 12221; 22506; 33.92; 1001.1480859375; 26.9296875
2026-08-17; 19:33:01; 12221; 22506; 33.92; 1001.233203125; 26.9296875
2026-08-17; 19:34:01; 12353; 22796; 33.84; 1001.1915234375; 27.017578125
2026-08-17; 19:35:01; 12353; 22796; 33.83; 1001.1833203125; 27.017578125
2026-08-17; 19:36:01; 12353; 22796; 33.84; 1001.1915234375; 27.029296875
2026-08-17; 19:37:01; 12353; 22796; 33.78; 1001.2383984375; 27.1064453125
2026-08-17; 19:38:01; 12353; 22796; 33.75; 1001.11359375; 27.1396484375
2026-08-17; 19:39:01; 12353; 22796; 33.69; 1001.1887890625; 27.240234375
2026-08-17; 19:40:01; 12353; 22796; 33.7; 1001.2048828125; 27.1943359375
2026-08-17; 19:41:01; 12353; 22796; 33.63; 1001.17890625; 27.3173828125
2026-08-17; 19:42:02; 12353; 22796; 33.66; 1001.1414453125; 27.2841796875
2026-08-17; 19:43:02; 12353; 22796; 33.63; 1001.17890625; 27.3173828125
2026-08-17; 19:44:02; 12353; 22796; 33.61; 1001.118984375; 27.3505859375
2026-08-17; 19:45:02; 12484; 23131; 33.55; 1001.230390625; 27.4169921875
2026-08-17; 19:46:02; 12484; 23131; 33.54; 1001.1295703125; 27.439453125
2026-08-17; 19:47:02; 12484; 23131; 33.52; 1001.260234375; 27.4833984375
2026-08-17; 19:48:02; 12484; 23131; 33.49; 1001.135390625; 27.494140625
2026-08-17; 19:49:02; 12484; 23131; 33.44; 1001.1494921875; 27.537109375
2026-08-17; 19:50:02; 12484; 23131; 33.52; 1001.0901171875; 27.47265625
2026-08-17; 19:51:02; 12484; 23131; 33.51; 1001.187734375; 27.4716796875
2026-08-17; 19:52:02; 12484; 23131; 33.37; 1001.1517578125; 27.625
2026-08-17; 19:53:02; 12484; 23131; 33.37; 1001.172265625; 27.6708984375
2026-08-17; 19:54:02; 12484; 23131; 33.38; 1001.1596875; 27.671875
2026-08-17; 19:55:02; 12484; 23131; 33.35; 1001.1403515625; 27.681640625
2026-08-17; 19:56:02; 12484; 23131; 33.29; 1001.13859375; 27.7587890625
2026-08-17; 19:57:02; 12624; 23414; 33.28; 1001.1146484375; 27.78125
2026-08-17; 19:58:02; 12484; 23131; 33.27; 1001.1838671875; 27.8037109375
2026-08-17; 19:59:02; 12624; 23414; 33.18; 1001.113984375; 27.92578125
2026-08-17; 20:00:02; 12624; 23414; 33.14; 1001.04265625; 28.0029296875
2026-08-17; 20:01:02; 12624; 23414; 33.16; 1001.082421875; 27.947265625
2026-08-17; 20:02:02; 12624; 23414; 33.14; 1001.1072265625; 27.98046875
2026-08-17; 20:03:02; 12624; 23414; 33.11; 1001.1731640625; 28.037109375
2026-08-17; 20:04:02; 12624; 23414; 33.09; 1001.0770703125; 28.0927734375
2026-08-17; 20:05:02; 12624; 23414; 33.03; 1001.010390625; 28.134765625
2026-08-17; 20:06:02; 12624; 23414; 33.06; 1001.0939453125; 28.1142578125
2026-08-17; 20:07:02; 12624; 23414; 33.01; 1001.0150390625; 28.1806640625
2026-08-17; 20:08:02; 12771; 23730; 33.03; 1001.03875; 28.0888671875
2026-08-17; 20:09:02; 12771; 23730; 33.01; 1001.0918359375; 28.15625
2026-08-17; 20:10:02; 12771; 23730; 33.0; 1001.027265625; 28.16796875
2026-08-17; 20:11:02; 12771; 23730; 33.02; 1001.0874609375; 28.158203125
2026-08-17; 20:12:02; 12771; 23730; 33.01; 1001.0351953125; 28.16796875
2026-08-17; 20:13:02; 12771; 23730; 32.99; 1001.096484375; 28.1796875
2026-08-17; 20:14:03; 12771; 23730; 33.03; 1001.10328125; 28.1123046875
2026-08-17; 20:15:03; 12771; 23730; 33.01; 1001.0150390625; 28.1572265625
2026-08-17; 20:16:03; 12771; 23730; 33.01; 1001.1000390625; 28.1689453125
2026-08-17; 20:17:03; 12771; 23730; 32.93; 1001.114765625; 28.279296875
2026-08-17; 20:18:03; 12771; 23730; 32.92; 1001.1273046875; 28.3017578125
2026-08-17; 20:19:03; 12907; 24051; 32.94; 1001.1022265625; 28.2568359375
2026-08-17; 20:20:03; 12771; 23730; 32.92; 1001.0785546875; 28.3017578125
2026-08-17; 20:21:03; 12771; 23730; 32.89; 1001.10828125; 28.333984375
2026-08-17; 20:22:03; 12907; 24051; 32.83; 1001.10578125; 28.3876953125
2026-08-17; 20:23:03; 12907; 24051; 32.82; 1001.1183203125; 28.4111328125
2026-08-17; 20:24:03; 12907; 24051; 32.84; 1001.1215625; 28.400390625
2026-08-17; 20:25:03; 12907; 24051; 32.84; 1001.1419921875; 28.4345703125
2026-08-17; 20:26:03; 12907; 24051; 32.81; 1001.130859375; 28.41015625
2026-08-17; 20:27:03; 12907; 24051; 32.78; 1001.1964453125; 28.4423828125
2026-08-17; 20:28:03; 12907; 24051; 32.81; 1001.1875; 28.4443359375
2026-08-17; 20:29:03; 12907; 24051; 32.7; 1001.2113671875; 28.576171875
2026-08-17; 20:30:03; 12907; 24051; 32.75; 1001.1773828125; 28.4873046875
2026-08-17; 20:31:03; 12907; 24051; 32.69; 1001.22390625; 28.5986328125
2026-08-17; 20:32:03; 12907; 24051; 32.72; 1001.2067578125; 28.599609375
2026-08-17; 20:33:03; 12907; 24051; 32.7; 1001.183046875; 28.5537109375
2026-08-17; 20:34:03; 12907; 24051; 32.67; 1001.163984375; 28.5966796875
2026-08-17; 20:35:03; 12907; 24051; 32.64; 1001.1525390625; 28.6533203125
2026-08-17; 20:36:03; 12907; 24051; 32.61; 1001.1334765625; 28.720703125
2026-08-17; 20:37:03; 12907; 24051; 32.63; 1001.128828125; 28.640625
2026-08-17; 20:38:03; 12907; 24051; 32.61; 1001.218359375; 28.732421875
2026-08-17; 20:39:03; 12907; 24051; 32.56; 1001.2161328125; 28.740234375
2026-08-17; 20:40:03; 13058; 24348; 32.52; 1001.1039453125; 28.818359375
2026-08-17; 20:41:03; 12907; 24051; 32.55; 1001.1437109375; 28.80859375
2026-08-17; 20:42:03; 12907; 24051; 32.54; 1001.18453125; 28.7958984375
2026-08-17; 20:43:03; 13058; 24348; 32.51; 1001.173046875; 28.8173828125
2026-08-17; 20:44:03; 12907; 24051; 32.48; 1001.153984375; 28.873046875
2026-08-17; 20:45:03; 13058; 24348; 32.47; 1001.1948046875; 28.837890625
2026-08-17; 20:46:03; 13058; 24348; 32.46; 1001.1425; 28.9404296875
2026-08-17; 20:47:03; 13058; 24348; 32.4; 1001.168828125; 29.0185546875
2026-08-17; 20:48:03; 13058; 24348; 32.43; 1001.1516796875; 28.939453125
2026-08-17; 20:49:03; 13058; 24348; 32.42; 1001.1437890625; 28.9501953125
2026-08-17; 20:50:03; 13058; 24348; 32.41; 1001.1201171875; 28.9833984375
2026-08-17; 20:51:03; 13058; 24348; 32.35; 1001.1540234375; 29.0615234375
2026-08-17; 20:52:03; 13058; 24348; 32.33; 1001.122421875; 29.0830078125
2026-08-17; 20:53:03; 13058; 24348; 32.34; 1001.1382421875; 29.0830078125
2026-08-17; 20:54:03; 13058; 24348; 32.31; 1001.0823046875; 29.1044921875
2026-08-17; 20:55:03; 13058; 24348; 32.33; 1001.094140625; 29.072265625
2026-08-17; 20:56:03; 13058; 24348; 32.33; 1001.122421875; 29.060546875
2026-08-17; 20:57:04; 13058; 24348; 32.29; 1001.171796875; 29.1494140625
2026-08-17; 20:58:04; 13058; 24348; 32.25; 1001.1366015625; 29.2041015625
2026-08-17; 20:59:04; 13058; 24348; 32.24; 1001.1208203125; 29.23828125
2026-08-17; 21:00:04; 13058; 24348; 32.18; 1001.1671875; 29.3037109375
2026-08-17; 21:01:04; 13058; 24348; 32.19; 1001.175078125; 29.2802734375
2026-08-17; 21:02:04; 13058; 24348; 32.21; 1001.178671875; 29.2705078125
2026-08-17; 21:03:04; 13058; 24348; 32.2; 1001.1628515625; 29.3046875
2026-08-17; 21:04:04; 13058; 24348; 32.2; 1001.1990625; 29.3046875
2026-08-17; 21:05:04; 13058; 24348; 32.18; 1001.1954296875; 29.326171875
2026-08-17; 21:06:04; 13058; 24348; 32.17; 1001.179609375; 29.326171875
2026-08-17; 21:07:04; 13058; 24348; 32.13; 1001.2940625; 29.3466796875
2026-08-17; 21:08:04; 13058; 24348; 32.12; 1001.2137890625; 29.4033203125
2026-08-17; 21:09:04; 13058; 24348; 32.09; 1001.2509375; 29.3896484375
2026-08-17; 21:10:04; 13058; 24348; 32.08; 1001.29171875; 29.4462890625
2026-08-17; 21:11:04; 13058; 24348; 32.05; 1001.272265625; 29.43359375
2026-08-17; 21:12:04; 13058; 24348; 32.05; 1001.30875; 29.4794921875
2026-08-17; 21:13:04; 13058; 24348; 32.03; 1001.2768359375; 29.5126953125
2026-08-17; 21:14:04; 13058; 24348; 32.02; 1001.3096875; 29.5224609375
2026-08-17; 21:15:04; 13216; 24700; 32.0; 1001.3063671875; 29.544921875
2026-08-17; 21:16:04; 13058; 24348; 31.98; 1001.3109375; 29.5673828125
2026-08-17; 21:17:04; 13216; 24700; 31.97; 1001.286953125; 29.634765625
2026-08-17; 21:18:04; 13216; 24700; 31.95; 1001.3684375; 29.6328125
2026-08-17; 21:19:04; 13058; 24348; 31.95; 1001.39671875; 29.66796875
2026-08-17; 21:20:04; 13058; 24348; 31.92; 1001.38546875; 29.7119140625
2026-08-17; 21:21:04; 13216; 24700; 31.93; 1001.3085546875; 29.6318359375
2026-08-17; 21:22:04; 13058; 24348; 31.91; 1001.4180078125; 29.6884765625
2026-08-17; 21:23:04; 13216; 24700; 31.9; 1001.3252734375; 29.7109375
2026-08-17; 21:24:04; 13216; 24700; 31.89; 1001.38640625; 29.755859375
2026-08-17; 21:25:04; 13058; 24348; 31.88; 1001.378515625; 29.7099609375
2026-08-17; 21:26:04; 13216; 24700; 31.85; 1001.3389453125; 29.75390625
2026-08-17; 21:27:04; 13216; 24700; 31.84; 1001.399765625; 29.7646484375
2026-08-17; 21:28:04; 13216; 24700; 31.83; 1001.3556640625; 29.8212890625
2026-08-17; 21:29:04; 13216; 24700; 31.84; 1001.3796875; 29.822265625
2026-08-17; 21:30:04; 13216; 24700; 31.82; 1001.39640625; 29.84375
2026-08-17; 21:31:04; 13216; 24700; 31.8; 1001.4292578125; 29.900390625
2026-08-17; 21:32:04; 13216; 24700; 31.79; 1001.4134375; 29.888671875
2026-08-17; 21:33:04; 13216; 24700; 31.78; 1001.47453125; 29.8759765625
2026-08-17; 21:34:04; 13216; 24700; 31.78; 1001.47453125; 29.8759765625
2026-08-17; 21:35:04; 13216; 24700; 31.76; 1001.498828125; 29.919921875
2026-08-17; 21:36:04; 13216; 24700; 31.75; 1001.5395703125; 29.931640625
2026-08-17; 21:37:04; 13216; 24700; 31.73; 1001.5441015625; 29.9765625
2026-08-17; 21:38:04; 13216; 24700; 31.72; 1001.4717578125; 29.9873046875
2026-08-17; 21:39:05; 13216; 24700; 31.71; 1001.5045703125; 30.0322265625
2026-08-17; 21:40:05; 13216; 24700; 31.7; 1001.5246484375; 29.9970703125
2026-08-17; 21:41:05; 13216; 24700; 31.71; 1001.597265625; 30.0087890625
2026-08-17; 21:42:05; 13216; 24700; 31.7; 1001.4601953125; 29.9970703125
2026-08-17; 21:43:05; 13216; 24700; 31.68; 1001.541640625; 30.052734375
2026-08-17; 21:44:05; 13216; 24700; 31.68; 1001.6264453125; 30.0068359375
2026-08-17; 21:45:05; 13216; 24700; 31.66; 1001.6592578125; 30.09765625
2026-08-17; 21:46:05; 13216; 24700; 31.65; 1001.586875; 30.07421875
2026-08-17; 21:47:05; 13216; 24700; 31.66; 1001.6230859375; 30.109375
2026-08-17; 21:48:05; 13216; 24700; 31.64; 1001.619375; 30.1650390625
2026-08-17; 21:49:05; 13216; 24700; 31.64; 1001.619375; 30.142578125
2026-08-17; 21:50:05; 13216; 24700; 31.59; 1001.6047265625; 30.1396484375
2026-08-17; 21:51:05; 13216; 24700; 31.58; 1001.5041015625; 30.1728515625
2026-08-17; 21:52:05; 13216; 24700; 31.57; 1001.609296875; 30.1953125
2026-08-17; 21:53:05; 13216; 24700; 31.59; 1001.584375; 30.2431640625
2026-08-17; 21:54:05; 13216; 24700; 31.57; 1001.5244921875; 30.1611328125
2026-08-17; 21:55:05; 13216; 24700; 31.56; 1001.556953125; 30.2177734375
2026-08-17; 21:56:05; 13216; 24700; 31.55; 1001.5490625; 30.240234375
2026-08-17; 21:57:05; 13216; 24700; 31.54; 1001.61015625; 30.2392578125
2026-08-17; 21:58:05; 13216; 24700; 31.53; 1001.5377734375; 30.25
2026-08-17; 21:59:05; 13216; 24700; 31.52; 1001.550234375; 30.2841796875
2026-08-17; 22:00:05; 13216; 24700; 31.52; 1001.550234375; 30.2373046875
2026-08-17; 22:01:05; 13216; 24700; 31.5; 1001.4982421875; 30.33984375
2026-08-17; 22:02:05; 13216; 24700; 31.49; 1001.4459375; 30.3046875
2026-08-17; 22:03:05; 13216; 24700; 31.47; 1001.5352734375; 30.349609375
2026-08-17; 22:04:05; 13216; 24700; 31.47; 1001.50703125; 30.337890625
2026-08-17; 22:05:05; 13216; 24700; 31.45; 1001.58046875; 30.37109375
2026-08-17; 22:06:05; 13216; 24700; 31.46; 1001.5398046875; 30.3486328125
2026-08-17; 22:07:05; 13216; 24700; 31.43; 1001.500234375; 30.380859375
2026-08-17; 22:08:05; 13216; 24700; 31.43; 1001.5567578125; 30.392578125
2026-08-17; 22:09:05; 13216; 24700; 31.43; 1001.500234375; 30.404296875
2026-08-17; 22:10:05; 13371; 25030; 31.43; 1001.500234375; 30.380859375
2026-08-17; 22:11:05; 13216; 24700; 31.43; 1001.5485546875; 30.404296875
2026-08-17; 22:12:05; 13216; 24700; 31.42; 1001.5044921875; 30.3798828125
2026-08-17; 22:13:05; 13216; 24700; 31.39; 1001.52140625; 30.4013671875
2026-08-17; 22:14:05; 13216; 24700; 31.42; 1001.540625; 30.380859375
2026-08-17; 22:15:05; 13216; 24700; 31.4; 1001.508984375; 30.4482421875
2026-08-17; 22:16:05; 13216; 24700; 31.4; 1001.59375; 30.42578125
2026-08-17; 22:17:05; 13216; 24700; 31.4; 1001.5293359375; 30.4482421875
2026-08-17; 22:18:05; 13371; 25030; 31.38; 1001.562109375; 30.4697265625
2026-08-17; 22:19:05; 13371; 25030; 31.37; 1001.4898046875; 30.48046875
2026-08-17; 22:20:05; 13216; 24700; 31.37; 1001.5180078125; 30.4921875
2026-08-17; 22:21:05; 13371; 25030; 31.36; 1001.5019140625; 30.46875
2026-08-17; 22:22:06; 13371; 25030; 31.34; 1001.498515625; 30.501953125
2026-08-17; 22:23:06; 13216; 24700; 31.35; 1001.4216796875; 30.513671875
2026-08-17; 22:24:06; 13371; 25030; 31.34; 1001.4137890625; 30.501953125
2026-08-17; 22:25:06; 13371; 25030; 31.34; 1001.490625; 30.53515625
2026-08-17; 22:26:06; 13371; 25030; 31.32; 1001.410390625; 30.5576171875
2026-08-17; 22:27:06; 13371; 25030; 31.32; 1001.4386328125; 30.568359375
2026-08-17; 22:28:06; 13371; 25030; 31.33; 1001.454453125; 30.5244140625
2026-08-17; 22:29:06; 13216; 24700; 31.31; 1001.366328125; 30.568359375
2026-08-17; 22:30:06; 13371; 25030; 31.31; 1001.430703125; 30.5224609375
2026-08-17; 22:31:06; 13216; 24700; 31.31; 1001.4025; 30.5224609375
2026-08-17; 22:32:06; 13216; 24700; 31.3; 1001.37875; 30.5556640625
2026-08-17; 22:33:06; 13371; 25030; 31.3; 1001.4069921875; 30.5556640625
2026-08-17; 22:34:06; 13371; 25030; 31.29; 1001.419140625; 30.578125
2026-08-17; 22:35:06; 13371; 25030; 31.29; 1001.390859375; 30.578125
2026-08-17; 22:36:06; 13371; 25030; 31.29; 1001.483828125; 30.533203125
2026-08-17; 22:37:06; 13371; 25030; 31.27; 1001.4157421875; 30.5771484375
2026-08-17; 22:38:06; 13371; 25030; 31.27; 1001.35921875; 30.599609375
2026-08-17; 22:39:06; 13371; 25030; 31.26; 1001.371640625; 30.587890625
2026-08-17; 22:40:06; 13371; 25030; 31.25; 1001.355859375; 30.576171875
2026-08-17; 22:41:06; 13216; 24700; 31.23; 1001.4168359375; 30.62109375
2026-08-17; 22:42:06; 13371; 25030; 31.23; 1001.4168359375; 30.6328125
2026-08-17; 22:43:06; 13371; 25030; 31.23; 1001.4371875; 30.609375
2026-08-17; 22:44:06; 13371; 25030; 31.21; 1001.517890625; 30.6767578125
2026-08-17; 22:45:06; 13216; 24700; 31.21; 1001.4693359375; 30.6884765625
2026-08-17; 22:46:06; 13216; 24700; 31.22; 1001.5133984375; 30.6884765625
2026-08-17; 22:47:06; 13371; 25030; 31.21; 1001.46140625; 30.6533203125
2026-08-17; 22:48:06; 13371; 25030; 31.21; 1001.4693359375; 30.630859375
2026-08-17; 22:49:06; 13371; 25030; 31.2; 1001.473828125; 30.67578125
2026-08-17; 22:50:06; 13216; 24700; 31.17; 1001.434296875; 30.73046875
2026-08-17; 22:51:06; 13371; 25030; 31.18; 1001.5066015625; 30.6865234375
2026-08-17; 22:52:06; 13216; 24700; 31.19; 1001.5427734375; 30.67578125
2026-08-17; 22:53:06; 13371; 25030; 31.18; 1001.47046875; 30.7197265625
2026-08-17; 22:54:06; 13371; 25030; 31.18; 1001.5066015625; 30.708984375
2026-08-17; 22:55:06; 13371; 25030; 31.17; 1001.4625390625; 30.6845703125
2026-08-17; 22:56:06; 13371; 25030; 31.17; 1001.454609375; 30.7080078125
2026-08-17; 22:57:06; 13371; 25030; 31.17; 1001.454609375; 30.73046875
2026-08-17; 22:58:06; 13371; 25030; 31.15; 1001.4791796875; 30.7294921875
2026-08-17; 22:59:06; 13371; 25030; 31.14; 1001.4994921875; 30.763671875
2026-08-17; 23:00:06; 13371; 25030; 31.15; 1001.535625; 30.7294921875
2026-08-17; 23:01:06; 13216; 24700; 31.14; 1001.4915625; 30.763671875
2026-08-17; 23:02:06; 13371; 25030; 31.14; 1001.4430078125; 30.7412109375
2026-08-17; 23:03:06; 13371; 25030; 31.13; 1001.47578125; 30.76171875
2026-08-17; 23:04:06; 13371; 25030; 31.13; 1001.56046875; 30.76171875
2026-08-17; 23:05:07; 13371; 25030; 31.12; 1001.49609375; 30.78515625
2026-08-17; 23:06:07; 13371; 25030; 31.13; 1001.56046875; 30.8076171875
2026-08-17; 23:07:07; 13371; 25030; 31.11; 1001.47234375; 30.794921875
2026-08-17; 23:08:07; 13371; 25030; 31.11; 1001.528828125; 30.818359375
2026-08-17; 23:09:07; 13371; 25030; 31.1; 1001.4565625; 30.7841796875
2026-08-17; 23:10:07; 13371; 25030; 31.1; 1001.484765625; 30.818359375
2026-08-17; 23:11:07; 13371; 25030; 31.1; 1001.577421875; 30.794921875
2026-08-17; 23:12:07; 13371; 25030; 31.08; 1001.4607421875; 30.8173828125
2026-08-17; 23:13:07; 13371; 25030; 31.09; 1001.533359375; 30.794921875
2026-08-17; 23:14:07; 13371; 25030; 31.08; 1001.4245703125; 30.828125
2026-08-17; 23:15:07; 13371; 25030; 31.09; 1001.505078125; 30.8291015625
2026-08-17; 23:16:07; 13371; 25030; 31.07; 1001.4448828125; 30.828125
2026-08-17; 23:17:07; 13371; 25030; 31.07; 1001.5216796875; 30.861328125
2026-08-17; 23:18:07; 13371; 25030; 31.07; 1001.5013671875; 30.828125
2026-08-17; 23:19:07; 13371; 25030; 31.04; 1001.4900390625; 30.8837890625
2026-08-17; 23:20:07; 13371; 25030; 31.04; 1001.4821484375; 30.8486328125
2026-08-17; 23:21:07; 13371; 25030; 31.05; 1001.5262109375; 30.837890625
2026-08-17; 23:22:07; 13371; 25030; 31.04; 1001.4618359375; 30.8837890625
2026-08-17; 23:23:07; 13371; 25030; 31.03; 1001.4742578125; 30.859375
2026-08-17; 23:24:07; 13371; 25030; 31.04; 1001.5386328125; 30.859375
2026-08-17; 23:25:07; 13371; 25030; 31.05; 1001.5341015625; 30.849609375
2026-08-17; 23:26:07; 13371; 25030; 31.03; 1001.5589453125; 30.89453125
2026-08-17; 23:27:07; 13371; 25030; 31.03; 1001.5024609375; 30.87109375
2026-08-17; 23:28:07; 13371; 25030; 31.02; 1001.563125; 30.8818359375
2026-08-17; 23:29:07; 13371; 25030; 31.01; 1001.555234375; 30.8818359375
2026-08-18; 02:24:35; 400; 0; 30.34; 1001.03578125; 31.83203125
2026-08-18; 02:25:35; 400; 0; 30.34; 1001.0155078125; 31.775390625
2026-08-18; 02:26:35; 402; 0; 30.36; 1001.0110546875; 31.7763671875
2026-08-18; 02:27:35; 400; 0; 30.37; 1001.08328125; 31.7431640625
2026-08-18; 02:28:35; 400; 0; 30.37; 1001.034765625; 31.708984375
2026-08-18; 02:29:35; 400; 0; 30.38; 1000.9862890625; 31.7197265625
2026-08-18; 02:30:35; 400; 0; 30.39; 1000.9175; 31.7216796875
2026-08-18; 02:31:35; 400; 0; 30.41; 1000.8648046875; 31.6884765625
2026-08-18; 02:32:35; 405; 0; 30.4; 1000.9415234375; 31.6533203125
2026-08-18; 02:33:35; 405; 0; 30.41; 1000.893046875; 31.642578125
2026-08-18; 02:34:35; 400; 0; 30.41; 1000.893046875; 31.6650390625
2026-08-18; 02:35:35; 405; 0; 30.4; 1000.9415234375; 31.67578125
2026-08-18; 02:36:35; 400; 0; 30.4; 1000.969765625; 31.6533203125
2026-08-18; 02:37:35; 400; 0; 30.4; 1000.8769140625; 31.6533203125
2026-08-18; 02:38:35; 400; 0; 30.38; 1000.9377734375; 31.6748046875
2026-08-18; 02:39:35; 402; 0; 30.39; 1000.868984375; 31.67578125
2026-08-18; 02:40:35; 407; 1; 30.39; 1000.925390625; 31.67578125
2026-08-18; 02:41:35; 405; 0; 30.4; 1000.848671875; 31.6533203125
2026-08-18; 02:42:35; 400; 0; 30.41; 1000.97765625; 31.654296875
2026-08-18; 02:43:35; 400; 0; 30.41; 1000.92125; 31.6650390625
2026-08-18; 02:44:35; 405; 0; 30.4; 1000.848671875; 31.619140625
2026-08-18; 02:45:35; 403; 0; 30.4; 1000.9333203125; 31.6416015625
2026-08-18; 02:46:35; 403; 0; 30.41; 1000.8648046875; 31.642578125
2026-08-18; 02:47:35; 403; 0; 30.39; 1000.7843359375; 31.65234375
2026-08-18; 02:48:35; 400; 0; 30.39; 1000.7843359375; 31.6416015625
2026-08-18; 02:49:35; 400; 0; 30.4; 1000.7923046875; 31.6533203125
2026-08-18; 02:50:35; 405; 0; 30.41; 1000.7801953125; 31.642578125
2026-08-18; 02:51:36; 400; 0; 30.39; 1000.925390625; 31.6298828125
2026-08-18; 02:52:36; 400; 0; 30.4; 1000.8569140625; 31.6533203125
2026-08-18; 02:53:36; 403; 0; 30.38; 1000.8452734375; 31.6396484375
2026-08-18; 02:54:36; 403; 0; 30.39; 1000.812578125; 31.6298828125
2026-08-18; 02:55:36; 400; 0; 30.39; 1000.7843359375; 31.65234375
2026-08-18; 02:56:36; 400; 0; 30.39; 1000.756171875; 31.6181640625
2026-08-18; 02:57:36; 406; 0; 30.38; 1000.7685546875; 31.6630859375
2026-08-18; 02:58:36; 406; 0; 30.37; 1000.7526953125; 31.6748046875
2026-08-18; 02:59:36; 406; 0; 30.39; 1000.812578125; 31.65234375
2026-08-18; 03:00:36; 400; 0; 30.38; 1000.7685546875; 31.640625
2026-08-18; 03:01:36; 403; 0; 30.39; 1000.7482421875; 31.6181640625
2026-08-18; 03:02:36; 403; 0; 30.39; 1000.7764453125; 31.6298828125
2026-08-18; 03:03:36; 403; 0; 30.37; 1000.7526953125; 31.6748046875
2026-08-18; 03:04:36; 403; 0; 30.37; 1000.6962890625; 31.6513671875
2026-08-18; 03:05:36; 403; 0; 30.37; 1000.6962890625; 31.6630859375
2026-08-18; 03:06:36; 402; 0; 30.37; 1000.7448046875; 31.62890625
2026-08-18; 03:07:36; 402; 0; 30.37; 1000.6962890625; 31.6513671875
2026-08-18; 03:08:36; 406; 0; 30.37; 1000.72453125; 31.6396484375
2026-08-18; 03:09:36; 402; 0; 30.37; 1000.6398828125; 31.6396484375
2026-08-18; 03:10:36; 402; 0; 30.37; 1000.6883984375; 31.6630859375
2026-08-18; 03:11:36; 402; 0; 30.35; 1000.5800390625; 31.6728515625
2026-08-18; 03:12:36; 402; 0; 30.36; 1000.616171875; 31.70703125
2026-08-18; 03:13:36; 400; 0; 30.36; 1000.6443359375; 31.650390625
2026-08-18; 03:14:36; 400; 0; 30.36; 1000.652265625; 31.673828125
2026-08-18; 03:15:36; 400; 0; 30.37; 1000.6398828125; 31.6513671875
2026-08-18; 03:16:36; 407; 1; 30.35; 1000.6003125; 31.6845703125
2026-08-18; 03:17:36; 405; 0; 30.35; 1000.7131640625; 31.6611328125
2026-08-18; 03:18:36; 405; 0; 30.35; 1000.6646484375; 31.6611328125
2026-08-18; 03:19:36; 400; 0; 30.34; 1000.620625; 31.68359375
2026-08-18; 03:20:36; 400; 0; 30.34; 1000.6126953125; 31.6484375
2026-08-18; 03:21:36; 405; 0; 30.34; 1000.5641796875; 31.7177734375
2026-08-18; 03:22:36; 400; 0; 30.33; 1000.54015625; 31.705078125
2026-08-18; 03:23:36; 408; 1; 30.34; 1000.592421875; 31.68359375
2026-08-18; 03:24:36; 403; 0; 30.33; 1000.54015625; 31.716796875
2026-08-18; 03:25:36; 403; 0; 30.32; 1000.701484375; 31.6708984375
2026-08-18; 03:26:36; 403; 0; 30.32; 1000.67328125; 31.6943359375
2026-08-18; 03:27:36; 403; 0; 30.32; 1000.721796875; 31.7158203125
2026-08-18; 03:28:36; 403; 0; 30.33; 1000.6326953125; 31.6708984375
2026-08-18; 03:29:36; 403; 0; 30.31; 1000.564921875; 31.7158203125
2026-08-18; 03:30:36; 400; 0; 30.32; 1000.58078125; 31.705078125
2026-08-18; 03:31:36; 403; 0; 30.31; 1000.5728515625; 31.7265625
2026-08-18; 03:32:36; 400; 0; 30.32; 1000.608984375; 31.693359375
2026-08-18; 03:33:36; 403; 0; 30.32; 1000.616875; 31.716796875
2026-08-18; 03:34:37; 403; 0; 30.3; 1000.4723828125; 31.75
2026-08-18; 03:35:37; 403; 0; 30.31; 1000.6292578125; 31.6923828125
2026-08-18; 03:36:37; 400; 0; 30.31; 1000.5164453125; 31.681640625
2026-08-18; 03:37:37; 406; 0; 30.32; 1000.524375; 31.7158203125
2026-08-18; 03:38:37; 406; 0; 30.3; 1000.528828125; 31.7041015625
2026-08-18; 03:39:37; 406; 0; 30.31; 1000.4318359375; 31.7158203125
2026-08-18; 03:40:37; 406; 0; 30.3; 1000.500625; 31.7158203125
2026-08-18; 03:41:37; 406; 0; 30.29; 1000.476875; 31.736328125
2026-08-18; 03:42:37; 406; 0; 30.29; 1000.4566015625; 31.7373046875
2026-08-18; 03:43:37; 406; 0; 30.29; 1000.335859375; 31.736328125
2026-08-18; 03:44:37; 406; 0; 30.32; 1000.39125; 31.705078125
2026-08-18; 03:45:37; 406; 0; 30.3; 1000.3313671875; 31.7158203125
2026-08-18; 03:46:37; 406; 0; 30.3; 1000.35171875; 31.7265625
2026-08-18; 03:47:37; 406; 0; 30.29; 1000.3155859375; 31.7373046875
2026-08-18; 03:48:37; 406; 0; 30.26; 1000.296015625; 31.76953125
2026-08-18; 03:49:37; 400; 0; 30.24; 1000.3005078125; 31.802734375
2026-08-18; 03:50:37; 403; 0; 30.2; 1000.2372265625; 31.833984375
2026-08-18; 03:51:37; 403; 0; 30.17; 1000.2740625; 31.8671875
2026-08-18; 03:52:37; 405; 0; 30.12; 1000.271328125; 31.9658203125
2026-08-18; 03:53:37; 408; 1; 30.09; 1000.26; 32.021484375
2026-08-18; 03:54:37; 405; 0; 30.1; 1000.2396484375; 32.021484375
2026-08-18; 03:55:37; 405; 0; 30.1; 1000.1912109375; 32.0107421875
2026-08-18; 03:56:37; 408; 1; 30.11; 1000.1709375; 31.9765625
2026-08-18; 03:57:37; 408; 1; 30.13; 1000.1746875; 31.943359375
2026-08-18; 03:58:37; 405; 0; 30.16; 1000.1172265625; 31.912109375
2026-08-18; 03:59:37; 405; 0; 30.18; 1000.1488671875; 31.890625
2026-08-18; 04:00:37; 408; 1; 30.18; 1000.1973828125; 31.8896484375
2026-08-18; 04:01:37; 408; 1; 30.19; 1000.1646875; 31.8564453125
2026-08-18; 04:02:37; 408; 1; 30.2; 1000.2372265625; 31.8232421875
2026-08-18; 04:03:37; 408; 1; 30.21; 1000.2451171875; 31.8232421875
2026-08-18; 04:04:37; 408; 1; 30.19; 1000.22109375; 31.8447265625
2026-08-18; 04:05:37; 405; 0; 30.21; 1000.28125; 31.80078125
2026-08-18; 04:06:37; 408; 1; 30.21; 1000.2733203125; 31.8349609375
2026-08-18; 04:07:37; 408; 1; 30.2; 1000.342109375; 31.810546875
2026-08-18; 04:08:37; 408; 1; 30.2; 1000.3218359375; 31.833984375
2026-08-18; 04:09:37; 405; 0; 30.17; 1000.33046875; 31.84375
2026-08-18; 04:10:37; 405; 0; 30.17; 1000.3225390625; 31.912109375
2026-08-18; 04:11:37; 400; 0; 30.11; 1000.396484375; 32.0
2026-08-18; 04:12:37; 400; 0; 30.06; 1000.3249609375; 32.0537109375
2026-08-18; 04:13:38; 403; 0; 30.01; 1000.3222265625; 32.1171875
2026-08-18; 04:14:38; 403; 0; 30.01; 1000.350390625; 32.1630859375
2026-08-18; 04:15:38; 403; 0; 30.03; 1000.3899609375; 32.142578125
2026-08-18; 04:16:38; 403; 0; 30.06; 1000.296796875; 32.0537109375
2026-08-18; 04:17:38; 408; 1; 30.08; 1000.264140625; 32.01953125
2026-08-18; 04:18:38; 408; 1; 30.08; 1000.300234375; 32.0322265625
2026-08-18; 04:19:38; 408; 1; 30.12; 1000.271328125; 31.9541015625
2026-08-18; 04:20:38; 408; 1; 30.14; 1000.246875; 31.9326171875
2026-08-18; 04:21:38; 408; 1; 30.14; 1000.275078125; 31.9326171875
2026-08-18; 04:22:38; 408; 1; 30.15; 1000.242421875; 31.921875
2026-08-18; 04:23:38; 403; 0; 30.13; 1000.238984375; 31.9208984375
2026-08-18; 04:24:38; 408; 1; 30.17; 1000.2379296875; 31.8779296875
2026-08-18; 04:25:38; 403; 0; 30.17; 1000.245859375; 31.85546875
2026-08-18; 04:26:38; 403; 0; 30.17; 1000.1815234375; 31.8427734375
2026-08-18; 04:27:38; 408; 1; 30.17; 1000.153359375; 31.8544921875
2026-08-18; 04:28:38; 408; 1; 30.17; 1000.12515625; 31.8662109375
2026-08-18; 04:29:38; 408; 1; 30.18; 1000.0924609375; 31.8564453125
2026-08-18; 04:30:38; 408; 1; 30.17; 1000.0766796875; 31.85546875
2026-08-18; 04:31:38; 403; 0; 30.17; 1000.040546875; 31.8779296875
2026-08-18; 04:32:38; 403; 0; 30.16; 999.968359375; 31.876953125
2026-08-18; 04:33:38; 403; 0; 30.15; 999.9886328125; 31.8876953125
2026-08-18; 04:34:38; 403; 0; 30.13; 999.892734375; 31.88671875
2026-08-18; 04:35:38; 403; 0; 30.14; 999.852109375; 31.921875
2026-08-18; 04:36:38; 408; 1; 30.15; 999.8679296875; 31.853515625
2026-08-18; 04:37:38; 408; 1; 30.15; 999.84765625; 31.8876953125
2026-08-18; 04:38:38; 403; 0; 30.13; 999.8160546875; 31.8974609375
2026-08-18; 04:39:38; 403; 0; 30.15; 999.7630859375; 31.8994140625
2026-08-18; 04:40:38; 408; 1; 30.13; 999.7314453125; 31.8974609375
2026-08-18; 04:41:38; 403; 0; 30.13; 999.8160546875; 31.9208984375
2026-08-18; 04:42:38; 403; 0; 30.13; 999.7878125; 31.8974609375
2026-08-18; 04:43:38; 403; 0; 30.13; 999.8644921875; 31.9091796875
2026-08-18; 04:44:38; 403; 0; 30.12; 999.8766015625; 31.8857421875
2026-08-18; 04:45:38; 400; 0; 30.13; 999.892734375; 31.9326171875
2026-08-18; 04:46:38; 403; 0; 30.11; 999.86078125; 31.9423828125
2026-08-18; 04:47:38; 400; 0; 30.11; 999.888984375; 31.9306640625
2026-08-18; 04:48:38; 403; 0; 30.1; 999.92953125; 31.94140625
2026-08-18; 04:49:38; 403; 0; 30.1; 999.9092578125; 31.9189453125
2026-08-18; 04:50:38; 408; 1; 30.11; 999.9171484375; 31.896484375
2026-08-18; 04:51:38; 408; 1; 30.09; 999.8652734375; 31.9638671875
2026-08-18; 04:52:38; 405; 0; 30.08; 999.8694140625; 31.9736328125
2026-08-18; 04:53:38; 408; 1; 30.08; 999.8976171875; 31.9970703125
2026-08-18; 04:54:38; 408; 1; 30.06; 999.9302734375; 31.99609375
2026-08-18; 04:55:38; 408; 1; 30.06; 999.9302734375; 32.0078125
2026-08-18; 04:56:39; 408; 1; 30.05; 999.8216796875; 32.0068359375
2026-08-18; 04:57:39; 405; 0; 30.05; 999.829609375; 32.0068359375
2026-08-18; 04:58:39; 405; 0; 30.06; 999.8375; 31.99609375
2026-08-18; 04:59:39; 405; 0; 30.05; 999.8577734375; 32.017578125
2026-08-18; 05:00:39; 408; 1; 30.04; 999.81375; 31.9833984375
2026-08-18; 05:01:39; 405; 0; 30.04; 999.841953125; 32.029296875
2026-08-18; 05:02:39; 405; 0; 30.04; 999.7494921875; 31.9716796875
2026-08-18; 05:03:39; 405; 0; 30.04; 999.91859375; 31.982421875
2026-08-18; 05:04:39; 405; 0; 30.03; 999.9309765625; 32.05078125
2026-08-18; 05:05:39; 405; 0; 30.03; 999.8182421875; 32.05078125
2026-08-18; 05:06:39; 400; 0; 30.03; 999.8182421875; 32.0625
2026-08-18; 05:07:39; 405; 0; 30.03; 999.8464453125; 32.07421875
2026-08-18; 05:08:39; 405; 0; 30.03; 999.7900390625; 32.05078125
2026-08-18; 05:09:39; 409; 1; 30.02; 999.746015625; 32.0498046875
2026-08-18; 05:10:39; 405; 0; 30.0; 999.7787109375; 32.0830078125
2026-08-18; 05:11:39; 409; 1; 30.0; 999.8069140625; 32.037109375
2026-08-18; 05:12:39; 409; 1; 30.01; 999.738125; 32.072265625
2026-08-18; 05:13:39; 405; 0; 30.02; 999.7742578125; 32.0615234375
2026-08-18; 05:14:39; 409; 1; 30.01; 999.7866015625; 32.048828125
2026-08-18; 05:15:39; 409; 1; 30.02; 999.7821484375; 32.0625
2026-08-18; 05:16:39; 405; 0; 30.01; 999.79453125; 32.095703125
2026-08-18; 05:17:39; 409; 1; 30.0; 999.68625; 32.072265625
2026-08-18; 05:18:39; 409; 1; 30.0; 999.7787109375; 32.0947265625
2026-08-18; 05:19:39; 409; 1; 29.99; 999.6501171875; 32.0595703125
2026-08-18; 05:20:39; 409; 1; 30.0; 999.68625; 32.072265625
2026-08-18; 05:21:39; 405; 0; 29.98; 999.6340234375; 32.09375
2026-08-18; 05:22:39; 405; 0; 29.99; 999.7065234375; 32.10546875
2026-08-18; 05:23:39; 405; 0; 29.97; 999.759140625; 32.126953125
2026-08-18; 05:24:39; 409; 1; 29.99; 999.7346875; 32.10546875
2026-08-18; 05:25:39; 409; 1; 29.98; 999.726484375; 32.1044921875
2026-08-18; 05:26:39; 405; 0; 29.98; 999.69828125; 32.1044921875
2026-08-18; 05:27:39; 405; 0; 29.97; 999.7309375; 32.115234375
2026-08-18; 05:28:39; 405; 0; 29.97; 999.7106640625; 32.05859375
2026-08-18; 05:29:39; 405; 0; 29.97; 999.738828125; 32.1044921875
2026-08-18; 05:30:39; 405; 0; 29.97; 999.78734375; 32.1611328125
2026-08-18; 05:31:39; 405; 0; 29.97; 999.738828125; 32.1162109375
2026-08-18; 05:32:39; 409; 1; 29.97; 999.6745703125; 32.126953125
2026-08-18; 05:33:39; 405; 0; 29.95; 999.7072265625; 32.16015625
2026-08-18; 05:34:39; 405; 0; 29.97; 999.597890625; 32.1279296875
2026-08-18; 05:35:39; 405; 0; 29.95; 999.5583984375; 32.1376953125
2026-08-18; 05:36:39; 409; 1; 29.95; 999.5865625; 32.1376953125
2026-08-18; 05:37:39; 409; 1; 29.93; 999.562890625; 32.1240234375
2026-08-18; 05:38:39; 409; 1; 29.93; 999.5346484375; 32.181640625
2026-08-18; 05:39:40; 405; 0; 29.94; 999.437734375; 32.1591796875
2026-08-18; 05:40:40; 405; 0; 29.95; 999.4174609375; 32.1826171875
2026-08-18; 05:41:40; 405; 0; 29.95; 999.389296875; 32.1484375
2026-08-18; 05:42:40; 409; 1; 29.96; 999.348671875; 32.171875
2026-08-18; 05:43:40; 409; 1; 29.96; 999.3205078125; 32.1025390625
2026-08-18; 05:44:40; 405; 0; 29.94; 999.2404296875; 32.1591796875
2026-08-18; 05:45:40; 405; 0; 29.94; 999.28890625; 32.169921875
2026-08-18; 05:46:40; 405; 0; 29.93; 999.329453125; 32.1357421875
2026-08-18; 05:47:40; 405; 0; 29.95; 999.34078125; 32.16015625
2026-08-18; 05:48:40; 409; 1; 29.94; 999.3452734375; 32.1240234375
2026-08-18; 05:49:40; 405; 0; 29.93; 999.3576171875; 32.193359375
2026-08-18; 05:50:40; 405; 0; 29.94; 999.2686328125; 32.1591796875
2026-08-18; 05:51:40; 405; 0; 29.92; 999.3497265625; 32.169921875
2026-08-18; 05:52:40; 405; 0; 29.91; 999.2693359375; 32.2021484375
2026-08-18; 05:53:40; 405; 0; 29.92; 999.4061328125; 32.1923828125
2026-08-18; 05:54:40; 405; 0; 29.93; 999.3858203125; 32.181640625
2026-08-18; 05:55:40; 405; 0; 29.92; 999.3133203125; 32.203125
2026-08-18; 05:56:40; 405; 0; 29.91; 999.277265625; 32.1806640625
2026-08-18; 05:57:40; 405; 0; 29.9; 999.28171875; 32.224609375
2026-08-18; 05:58:40; 405; 0; 29.91; 999.277265625; 32.1806640625
2026-08-18; 05:59:40; 405; 0; 29.9; 999.309921875; 32.1787109375
2026-08-18; 06:00:40; 405; 0; 29.89; 999.3019921875; 32.224609375
2026-08-18; 06:01:40; 405; 0; 29.89; 999.273828125; 32.224609375
2026-08-18; 06:02:40; 405; 0; 29.86; 999.254609375; 32.279296875
2026-08-18; 06:03:40; 405; 0; 29.88; 999.3346484375; 32.2353515625
2026-08-18; 06:04:40; 409; 1; 29.9; 999.3380859375; 32.212890625
2026-08-18; 06:05:40; 405; 0; 29.88; 999.314375; 32.2353515625
2026-08-18; 06:06:40; 405; 0; 29.89; 999.3583984375; 32.236328125
2026-08-18; 06:07:40; 405; 0; 29.89; 999.3301953125; 32.224609375
2026-08-18; 06:08:40; 405; 0; 29.88; 999.391015625; 32.2236328125
2026-08-18; 06:09:40; 405; 0; 29.87; 999.354921875; 32.2568359375
2026-08-18; 06:10:40; 405; 0; 29.86; 999.3673046875; 32.2568359375
2026-08-18; 06:11:40; 405; 0; 29.86; 999.3955078125; 32.2216796875
2026-08-18; 06:12:40; 405; 0; 29.85; 999.3151171875; 32.3017578125
2026-08-18; 06:13:40; 405; 0; 29.85; 999.3794140625; 32.2900390625
2026-08-18; 06:14:40; 405; 0; 29.85; 999.266640625; 32.2900390625
2026-08-18; 06:15:40; 405; 0; 29.86; 999.3673046875; 32.267578125
2026-08-18; 06:16:40; 405; 0; 29.85; 999.2869140625; 32.2900390625
2026-08-18; 06:17:40; 405; 0; 29.85; 999.29484375; 32.2783203125
2026-08-18; 06:18:40; 400; 0; 29.85; 999.230546875; 32.2783203125
2026-08-18; 06:19:40; 405; 0; 29.86; 999.2748828125; 32.267578125
2026-08-18; 06:20:40; 400; 0; 29.86; 999.218515625; 32.279296875
2026-08-18; 06:21:40; 405; 0; 29.83; 999.263203125; 32.3115234375
2026-08-18; 06:22:41; 405; 0; 29.84; 999.250859375; 32.2783203125
2026-08-18; 06:23:41; 400; 0; 29.84; 999.1866015625; 32.2666015625
2026-08-18; 06:24:41; 405; 0; 29.84; 999.2790234375; 32.2890625
2026-08-18; 06:25:41; 405; 0; 29.84; 999.1944921875; 32.2666015625
2026-08-18; 06:26:41; 405; 0; 29.87; 999.2061328125; 32.2568359375
2026-08-18; 06:27:41; 405; 0; 29.86; 999.141875; 32.2451171875
2026-08-18; 06:28:41; 405; 0; 29.85; 999.146015625; 32.2900390625
2026-08-18; 06:29:41; 405; 0; 29.86; 999.1621484375; 32.2568359375
2026-08-18; 06:30:41; 405; 0; 29.86; 999.141875; 32.2451171875
2026-08-18; 06:31:41; 405; 0; 29.85; 999.2102734375; 32.267578125
2026-08-18; 06:32:41; 405; 0; 29.87; 999.2140234375; 32.24609375
2026-08-18; 06:33:41; 405; 0; 29.87; 999.185859375; 32.24609375
2026-08-18; 06:34:41; 405; 0; 29.88; 999.2016796875; 32.212890625
2026-08-18; 06:35:41; 400; 0; 29.88; 999.1655859375; 32.2236328125
2026-08-18; 06:36:41; 405; 0; 29.88; 999.19375; 32.2119140625
2026-08-18; 06:37:41; 405; 0; 29.88; 999.2016796875; 32.201171875
2026-08-18; 06:38:41; 405; 0; 29.89; 999.237734375; 32.212890625
2026-08-18; 06:39:41; 405; 0; 29.89; 999.2095703125; 32.212890625
2026-08-18; 06:40:41; 400; 0; 29.89; 999.153203125; 32.212890625
2026-08-18; 06:41:41; 405; 0; 29.9; 999.1690234375; 32.16796875
2026-08-18; 06:42:41; 405; 0; 29.9; 999.1769140625; 32.1796875
2026-08-18; 06:43:41; 405; 0; 29.88; 999.1453125; 32.201171875
2026-08-18; 06:44:41; 405; 0; 29.9; 999.09234375; 32.1572265625
2026-08-18; 06:45:41; 405; 0; 29.9; 999.09234375; 32.16796875
2026-08-18; 06:46:41; 405; 0; 29.9; 999.0844140625; 32.1904296875
2026-08-18; 06:47:41; 405; 0; 29.9; 999.064140625; 32.16796875
2026-08-18; 06:48:41; 409; 1; 29.89; 999.1046875; 32.212890625
2026-08-18; 06:49:41; 405; 0; 29.88; 999.0607421875; 32.1787109375
2026-08-18; 06:50:41; 407; 1; 29.9; 999.0359765625; 32.16796875
2026-08-18; 06:51:41; 402; 0; 29.87; 999.03703125; 32.22265625
2026-08-18; 06:52:41; 402; 0; 29.83; 999.0659765625; 32.265625
2026-08-18; 06:53:41; 402; 0; 29.81; 998.9780078125; 32.310546875
2026-08-18; 06:54:41; 402; 0; 29.8; 998.954296875; 32.34375
2026-08-18; 06:55:41; 407; 1; 29.83; 998.9250390625; 32.2998046875
2026-08-18; 06:56:41; 402; 0; 29.84; 998.9611328125; 32.2783203125
2026-08-18; 06:57:41; 402; 0; 29.86; 998.9727734375; 32.2451171875
2026-08-18; 06:58:41; 402; 0; 29.88; 998.96828125; 32.2119140625
2026-08-18; 06:59:41; 407; 1; 29.91; 999.015703125; 32.1455078125
2026-08-18; 07:00:41; 402; 0; 29.92; 999.0397265625; 32.1240234375
2026-08-18; 07:01:41; 402; 0; 29.92; 999.031484375; 32.134765625
2026-08-18; 07:02:41; 407; 1; 29.94; 999.0916015625; 32.1015625
2026-08-18; 07:03:42; 407; 1; 29.94; 999.071328125; 32.1025390625
2026-08-18; 07:04:42; 407; 1; 29.94; 999.14796875; 32.08984375
2026-08-18; 07:05:42; 407; 1; 29.93; 999.0837109375; 32.0556640625
2026-08-18; 07:06:42; 407; 1; 29.93; 999.103984375; 32.1015625
2026-08-18; 07:07:42; 402; 0; 29.95; 999.1153125; 32.080078125
2026-08-18; 07:08:42; 402; 0; 29.94; 999.119765625; 32.1015625
2026-08-18; 07:09:42; 402; 0; 29.95; 999.0307421875; 32.080078125
2026-08-18; 07:10:42; 400; 0; 29.92; 999.011484375; 32.078125
2026-08-18; 07:11:42; 402; 0; 29.94; 999.0916015625; 32.0791015625
2026-08-18; 07:12:42; 402; 0; 29.95; 999.05890625; 32.080078125
2026-08-18; 07:13:42; 402; 0; 29.95; 999.0307421875; 32.056640625
2026-08-18; 07:14:42; 402; 0; 29.93; 999.0194140625; 32.0673828125
2026-08-18; 07:15:42; 407; 1; 29.93; 998.999140625; 32.0791015625
2026-08-18; 07:16:42; 402; 0; 29.94; 999.0351953125; 32.0791015625
2026-08-18; 07:17:42; 402; 0; 29.94; 999.0916015625; 32.08984375
2026-08-18; 07:18:42; 402; 0; 29.93; 998.963046875; 32.0791015625
2026-08-18; 07:19:42; 402; 0; 29.96; 999.0950390625; 32.0341796875
2026-08-18; 07:20:42; 402; 0; 29.95; 999.07921875; 32.056640625
2026-08-18; 07:21:42; 402; 0; 29.95; 999.051015625; 32.056640625
2026-08-18; 07:22:42; 402; 0; 29.95; 999.087109375; 32.056640625
2026-08-18; 07:23:42; 402; 0; 29.96; 999.123203125; 32.0224609375
2026-08-18; 07:24:42; 400; 0; 29.96; 999.066796875; 32.0224609375
2026-08-18; 07:25:42; 402; 0; 29.95; 999.05890625; 32.056640625
2026-08-18; 07:26:42; 407; 1; 29.95; 999.0228125; 32.0458984375
2026-08-18; 07:27:42; 402; 0; 29.94; 999.0916015625; 32.0556640625
2026-08-18; 07:28:42; 402; 0; 29.94; 999.14796875; 32.0556640625
2026-08-18; 07:29:42; 400; 0; 29.94; 999.0351953125; 32.0556640625
2026-08-18; 07:30:42; 400; 0; 29.93; 999.07578125; 32.0673828125
2026-08-18; 07:31:42; 400; 0; 29.93; 999.103984375; 32.0673828125
2026-08-18; 07:32:42; 402; 0; 29.91; 999.108125; 32.0771484375
2026-08-18; 07:33:42; 402; 0; 29.95; 999.051015625; 32.0458984375
2026-08-18; 07:34:42; 400; 0; 29.94; 999.071328125; 32.056640625
2026-08-18; 07:35:42; 400; 0; 29.93; 999.140078125; 33.2001953125
2026-08-18; 07:36:42; 400; 0; 29.91; 999.0438671875; 33.4609375
2026-08-18; 07:37:42; 400; 0; 29.91; 999.100234375; 33.529296875
2026-08-18; 07:38:42; 400; 0; 30.02; 999.0491796875; 33.447265625
2026-08-18; 07:39:42; 414; 2; 30.2; 999.0731640625; 33.0478515625
2026-08-18; 07:40:42; 400; 0; 30.27; 999.0069921875; 33.2470703125
2026-08-18; 07:41:42; 403; 0; 30.38; 998.98359375; 33.0263671875
2026-08-18; 07:42:42; 400; 0; 30.39; 999.0637109375; 33.1416015625
2026-08-18; 07:43:42; 405; 0; 30.45; 999.1226953125; 33.111328125
2026-08-18; 07:44:42; 400; 0; 30.44; 999.022265625; 33.2138671875
2026-08-18; 07:45:42; 400; 0; 30.39; 998.971171875; 33.34765625
2026-08-18; 07:46:43; 400; 0; 30.32; 998.973125; 33.6630859375
2026-08-18; 07:47:43; 400; 0; 30.42; 998.885703125; 33.361328125
2026-08-18; 07:48:43; 400; 0; 30.34; 998.9283203125; 33.5849609375
2026-08-18; 07:49:43; 400; 0; 30.15; 998.7762109375; 34.0400390625
2026-08-18; 07:50:43; 400; 0; 30.15; 998.888984375; 34.0283203125
2026-08-18; 07:51:43; 400; 0; 29.98; 998.8447265625; 34.34765625
2026-08-18; 07:52:43; 400; 0; 29.77; 998.8862890625; 34.77734375
2026-08-18; 07:53:43; 400; 0; 29.74; 998.9516015625; 34.923828125
2026-08-18; 07:54:43; 400; 0; 29.67; 998.9533203125; 35.0673828125
2026-08-18; 07:55:43; 407; 1; 29.69; 998.9646875; 34.9091796875
2026-08-18; 07:56:43; 418; 2; 29.84; 998.91265625; 35.388671875
2026-08-18; 07:57:43; 424; 3; 29.99; 999.0581640625; 34.943359375
2026-08-18; 07:58:43; 434; 5; 30.16; 998.981484375; 34.73828125
2026-08-18; 07:59:43; 450; 7; 30.38; 999.04; 34.48046875
2026-08-18; 08:00:43; 456; 8; 30.49; 999.1094140625; 34.3291015625
2026-08-18; 08:01:43; 460; 9; 30.6; 999.1266015625; 34.0966796875
2026-08-18; 08:02:43; 472; 10; 30.64; 999.1336328125; 34.0185546875
2026-08-18; 08:03:43; 476; 11; 30.7; 999.144375; 34.05859375
2026-08-18; 08:04:43; 497; 14; 30.69; 999.185; 34.080078125
2026-08-18; 08:05:43; 527; 19; 30.76; 999.18296875; 34.1650390625
2026-08-18; 08:06:43; 607; 31; 30.74; 999.158984375; 34.095703125
2026-08-18; 08:07:43; 631; 35; 30.7; 999.0597265625; 34.046875
2026-08-18; 08:08:43; 643; 37; 30.75; 999.0339453125; 33.775390625
2026-08-18; 08:09:43; 657; 39; 30.81; 999.0564453125; 33.7451171875
2026-08-18; 08:10:43; 668; 40; 30.69; 998.9874609375; 33.98828125
2026-08-18; 08:11:43; 675; 41; 30.62; 999.0738671875; 33.9833984375
2026-08-18; 08:12:43; 699; 45; 30.69; 998.995390625; 33.9892578125
2026-08-18; 08:13:43; 702; 46; 30.75; 999.110703125; 33.8896484375
2026-08-18; 08:14:43; 717; 48; 30.69; 999.0721484375; 33.908203125
2026-08-18; 08:15:43; 728; 49; 30.71; 999.05515625; 33.990234375
2026-08-18; 08:16:43; 742; 52; 30.76; 999.07796875; 33.8798828125
2026-08-18; 08:17:43; 746; 52; 30.82; 999.136875; 33.826171875
2026-08-18; 08:18:43; 759; 54; 30.82; 999.1651171875; 33.849609375
2026-08-18; 08:19:43; 763; 55; 30.86; 999.135703125; 33.71484375
2026-08-18; 08:20:43; 772; 56; 30.82; 999.1007421875; 33.666015625
2026-08-18; 08:21:43; 778; 57; 30.77; 999.1141015625; 33.77734375
2026-08-18; 08:22:43; 791; 59; 30.74; 999.038203125; 33.8427734375
2026-08-18; 08:23:43; 791; 59; 30.7; 999.0879296875; 34.103515625
2026-08-18; 08:24:43; 778; 57; 30.72; 999.1194921875; 33.853515625
2026-08-18; 08:25:43; 778; 57; 30.66; 999.0805859375; 33.9287109375
2026-08-18; 08:26:43; 772; 56; 30.69; 999.1082421875; 33.931640625
2026-08-18; 08:27:43; 763; 55; 30.71; 999.026953125; 33.841796875
2026-08-18; 08:28:43; 763; 55; 30.76; 999.049765625; 33.810546875
2026-08-18; 08:29:44; 763; 55; 30.78; 999.0734375; 33.765625
2026-08-18; 08:30:44; 772; 56; 30.78; 999.0248828125; 33.99609375
2026-08-18; 08:31:44; 772; 56; 30.78; 998.9966796875; 33.984375
2026-08-18; 08:32:44; 772; 56; 30.87; 998.99; 33.75
2026-08-18; 08:33:44; 772; 56; 30.87; 999.0103515625; 33.7158203125
2026-08-18; 08:34:44; 772; 56; 30.89; 999.013984375; 33.6484375
2026-08-18; 08:35:44; 778; 57; 30.82; 999.044296875; 33.6318359375
2026-08-18; 08:36:44; 772; 56; 30.74; 999.0099609375; 33.83203125
2026-08-18; 08:37:44; 778; 57; 30.81; 999.0643359375; 33.6884765625
2026-08-18; 08:38:44; 778; 57; 30.87; 998.982109375; 33.5546875
2026-08-18; 08:39:44; 778; 57; 30.9; 999.0580078125; 33.5224609375
2026-08-18; 08:40:44; 778; 57; 30.9; 999.0659375; 33.5576171875
2026-08-18; 08:41:44; 772; 56; 31.0; 998.9903515625; 33.380859375
2026-08-18; 08:42:44; 772; 56; 30.93; 999.02859375; 33.59375
2026-08-18; 08:43:44; 778; 57; 30.94; 998.9879296875; 33.65234375
2026-08-18; 08:44:44; 772; 56; 30.93; 998.972109375; 33.7314453125
2026-08-18; 08:45:44; 759; 54; 30.94; 998.951796875; 33.7314453125
2026-08-18; 08:46:44; 778; 57; 30.88; 998.9696875; 33.78515625
2026-08-18; 08:47:44; 806; 61; 30.87; 999.0182421875; 33.8984375
2026-08-18; 08:48:44; 806; 61; 30.89; 999.1066015625; 33.9228515625
2026-08-18; 08:49:44; 791; 59; 30.91; 999.025234375; 33.8681640625
2026-08-18; 08:50:44; 759; 54; 30.93; 999.1697265625; 33.7314453125
2026-08-18; 08:51:44; 717; 48; 30.92; 999.1178125; 33.6728515625
2026-08-18; 08:52:44; 668; 40; 30.94; 999.157265625; 33.6171875
2026-08-18; 08:53:44; 618; 33; 30.97; 999.1405859375; 33.5625
2026-08-18; 08:54:44; 584; 28; 31.0; 999.1597265625; 33.4267578125
2026-08-18; 08:55:44; 589; 28; 30.83; 999.2294921875; 33.8720703125
2026-08-18; 08:56:44; 602; 30; 30.52; 999.120703125; 34.6513671875
2026-08-18; 08:57:44; 631; 35; 30.38; 999.1607421875; 35.396484375
2026-08-18; 08:58:44; 660; 39; 30.31; 999.1265625; 35.7568359375
2026-08-18; 08:59:44; 692; 44; 30.27; 999.0915625; 35.9248046875
2026-08-18; 09:00:44; 728; 49; 30.27; 999.1276953125; 35.9716796875
2026-08-18; 09:01:44; 759; 54; 30.26; 999.131875; 35.947265625
2026-08-18; 09:02:44; 763; 55; 30.37; 999.221640625; 35.6474609375
2026-08-18; 09:03:44; 772; 56; 30.5; 999.17375; 35.5771484375
2026-08-18; 09:04:44; 759; 54; 30.54; 999.1726171875; 35.455078125
2026-08-18; 09:05:44; 791; 59; 30.59; 999.1672265625; 35.115234375
2026-08-18; 09:06:44; 772; 56; 30.73; 999.163515625; 34.79296875
2026-08-18; 09:07:44; 772; 56; 30.81; 999.2619140625; 34.94921875
2026-08-18; 09:08:44; 798; 60; 30.69; 999.2132421875; 35.294921875
2026-08-18; 09:09:44; 846; 67; 30.56; 999.20453125; 36.0517578125
2026-08-18; 09:10:44; 913; 78; 30.58; 999.1796875; 36.0185546875
2026-08-18; 09:11:44; 970; 86; 30.67; 999.2174609375; 35.6591796875
2026-08-18; 09:12:45; 970; 86; 30.79; 999.2303515625; 35.19921875
2026-08-18; 09:13:45; 1044; 98; 30.75; 999.2236328125; 35.9404296875
2026-08-18; 09:14:45; 1102; 106; 30.7; 999.144375; 36.1767578125
2026-08-18; 09:15:45; 1113; 108; 30.83; 999.1165625; 35.63671875
2026-08-18; 09:16:45; 1188; 120; 30.69; 999.051796875; 36.3369140625
2026-08-18; 09:17:45; 1231; 126; 30.79; 999.061015625; 35.990234375
2026-08-18; 09:18:45; 1274; 133; 30.72; 999.042734375; 36.1904296875
2026-08-18; 09:19:45; 1288; 135; 30.74; 998.9896484375; 36.375
2026-08-18; 09:20:45; 1316; 139; 30.73; 999.1070703125; 36.5
2026-08-18; 09:21:45; 1334; 142; 30.74; 999.1025390625; 36.2265625
2026-08-18; 09:22:45; 1360; 146; 30.77; 999.085859375; 36.4345703125
2026-08-18; 09:23:45; 1429; 156; 30.79; 999.08921875; 36.5625
2026-08-18; 09:24:45; 1499; 171; 30.77; 999.1423046875; 36.412109375
2026-08-18; 09:25:45; 1509; 178; 30.81; 999.112890625; 36.3798828125
2026-08-18; 09:26:45; 1524; 187; 30.78; 999.1942578125; 36.4130859375
2026-08-18; 09:27:45; 1520; 185; 30.94; 999.1776171875; 35.7490234375
2026-08-18; 09:28:45; 1509; 178; 31.0; 999.195859375; 35.2275390625
2026-08-18; 09:29:45; 1501; 172; 31.04; 999.23109375; 35.390625
2026-08-18; 09:30:45; 1524; 187; 31.01; 999.09078125; 35.341796875
2026-08-18; 09:31:45; 1516; 182; 31.05; 999.1542578125; 34.9443359375
2026-08-18; 09:32:45; 1499; 167; 31.15; 999.1351171875; 34.90625
2026-08-18; 09:33:45; 1458; 161; 31.19; 999.20640625; 35.1044921875
2026-08-18; 09:34:45; 1316; 139; 31.08; 999.1169140625; 34.5908203125
2026-08-18; 09:35:45; 1153; 114; 31.1; 999.140859375; 34.076171875
2026-08-18; 09:36:45; 897; 75; 31.23; 999.1210546875; 33.55859375
2026-08-18; 09:37:45; 735; 51; 31.33; 999.0814453125; 33.279296875
2026-08-18; 09:38:45; 596; 29; 31.47; 999.1051953125; 32.8076171875
2026-08-18; 09:39:45; 464; 9; 31.59; 999.0894140625; 32.529296875
2026-08-18; 09:40:45; 400; 0; 31.66; 999.07921875; 32.4189453125
2026-08-18; 09:41:45; 400; 0; 31.68; 999.0338671875; 32.3291015625
2026-08-18; 09:42:45; 400; 0; 31.66; 999.0305859375; 32.1435546875
2026-08-18; 09:43:45; 400; 0; 31.73; 999.0203125; 31.9990234375
2026-08-18; 09:44:45; 405; 0; 31.75; 999.051875; 32.103515625
2026-08-18; 09:45:45; 400; 0; 31.71; 999.0453125; 31.939453125
2026-08-18; 09:46:45; 400; 0; 31.64; 999.0273046875; 32.1533203125
2026-08-18; 09:47:45; 421; 3; 31.71; 998.9887890625; 31.9970703125
2026-08-18; 09:48:45; 407; 1; 31.64; 999.055546875; 32.9462890625
2026-08-18; 09:49:45; 457; 8; 31.38; 999.104140625; 33.8798828125
2026-08-18; 09:50:45; 524; 18; 31.17; 999.11046875; 34.884765625
2026-08-18; 09:51:45; 653; 38; 31.02; 999.030078125; 35.583984375
2026-08-18; 09:52:45; 780; 57; 30.96; 999.1248046875; 35.4189453125
2026-08-18; 09:53:45; 863; 70; 30.98; 999.051328125; 35.51171875
2026-08-18; 09:54:45; 1012; 93; 31.02; 999.0583203125; 35.3095703125
2026-08-18; 09:55:46; 1062; 100; 30.91; 998.989140625; 35.6669921875
2026-08-18; 09:56:46; 1137; 112; 30.99; 998.982421875; 35.2841796875
2026-08-18; 09:57:46; 1137; 112; 31.12; 998.9544140625; 35.1103515625
2026-08-18; 09:58:46; 1125; 110; 31.24; 998.9752734375; 34.7177734375
2026-08-18; 09:59:46; 1137; 112; 31.33; 998.8554296875; 34.724609375
2026-08-18; 10:00:46; 1137; 112; 31.39; 998.7730078125; 34.44140625
2026-08-18; 10:01:46; 1090; 105; 31.44; 998.8318359375; 34.4814453125
2026-08-18; 10:02:46; 1047; 98; 31.49; 999.0237109375; 34.3701171875
2026-08-18; 10:03:46; 970; 86; 31.53; 998.9662109375; 34.1318359375
2026-08-18; 10:04:46; 920; 79; 31.58; 999.045390625; 34.1005859375
2026-08-18; 10:05:46; 872; 71; 31.58; 999.1662890625; 34.1357421875
2026-08-18; 10:06:46; 819; 63; 31.56; 999.21921875; 34.1689453125
2026-08-18; 10:07:46; 791; 59; 31.61; 999.1413671875; 34.080078125
2026-08-18; 10:08:46; 768; 56; 31.59; 999.2386328125; 34.3427734375
2026-08-18; 10:09:46; 712; 47; 31.7; 999.150234375; 34.0419921875
2026-08-18; 10:10:46; 712; 47; 31.67; 999.1515234375; 34.3251953125
2026-08-18; 10:11:46; 706; 46; 31.65; 999.204765625; 34.392578125
2026-08-18; 10:12:46; 712; 47; 31.62; 999.07234375; 34.59765625
2026-08-18; 10:13:46; 719; 48; 31.58; 998.9684765625; 34.5947265625
2026-08-18; 10:14:46; 712; 47; 31.63; 998.946796875; 34.5517578125
2026-08-18; 10:15:46; 706; 46; 31.69; 998.7591015625; 34.7294921875
2026-08-18; 10:16:46; 653; 38; 31.77; 998.6673046875; 34.2763671875
2026-08-18; 10:17:46; 580; 27; 31.83; 998.7624609375; 34.0859375
2026-08-18; 10:18:46; 530; 19; 31.82; 998.710546875; 34.22265625
2026-08-18; 10:19:46; 433; 5; 31.83; 998.7624609375; 33.970703125
2026-08-18; 10:20:46; 400; 0; 31.92; 998.7840234375; 34.0234375
2026-08-18; 10:21:46; 400; 0; 31.9; 998.695625; 34.216796875
2026-08-18; 10:22:46; 400; 0; 31.9; 998.7725390625; 33.9755859375
2026-08-18; 10:23:46; 424; 3; 31.91; 998.703515625; 34.1484375
2026-08-18; 10:24:46; 417; 2; 31.88; 998.769296875; 33.8701171875
2026-08-18; 10:25:46; 400; 0; 31.82; 998.7388671875; 34.015625
2026-08-18; 10:26:46; 400; 0; 31.75; 998.6923046875; 34.13671875
2026-08-18; 10:27:46; 400; 0; 31.79; 998.8125; 34.32421875
2026-08-18; 10:28:46; 400; 0; 31.83; 998.9038671875; 34.2578125
2026-08-18; 10:29:46; 403; 0; 31.84; 998.948203125; 34.48828125
2026-08-18; 10:30:46; 402; 0; 31.83; 999.016953125; 34.177734375
2026-08-18; 10:31:46; 400; 0; 31.85; 999.0126171875; 34.2470703125
2026-08-18; 10:32:46; 403; 0; 31.83; 998.960390625; 34.29296875
2026-08-18; 10:33:46; 402; 0; 31.84; 998.94; 34.4189453125
2026-08-18; 10:34:46; 424; 3; 31.87; 998.87453125; 34.7890625
2026-08-18; 10:35:46; 406; 0; 31.84; 998.8551953125; 34.0283203125
2026-08-18; 10:36:46; 407; 1; 31.85; 998.9560546875; 34.1904296875
2026-08-18; 10:37:46; 415; 2; 31.82; 998.8801953125; 33.900390625
2026-08-18; 10:38:47; 422; 3; 31.94; 998.8925; 33.8408203125
2026-08-18; 10:39:47; 438; 5; 31.92; 998.88921875; 34.1494140625
2026-08-18; 10:40:47; 457; 8; 31.87; 998.838359375; 34.1455078125
2026-08-18; 10:41:47; 472; 10; 31.77; 998.885546875; 34.3564453125
2026-08-18; 10:42:47; 450; 7; 31.77; 998.885546875; 34.3564453125
2026-08-18; 10:43:47; 405; 0; 31.7; 998.7827734375; 34.4892578125
2026-08-18; 10:44:47; 403; 0; 31.79; 998.8690234375; 34.5654296875
2026-08-18; 10:45:47; 400; 0; 31.81; 998.8644140625; 34.3017578125
2026-08-18; 10:46:47; 403; 0; 31.83; 998.7624609375; 34.6259765625
2026-08-18; 10:47:47; 400; 0; 31.82; 998.80328125; 34.728515625
2026-08-18; 10:48:47; 403; 0; 31.84; 998.7502734375; 34.8330078125
2026-08-18; 10:49:47; 400; 0; 31.84; 998.7502734375; 34.763671875
2026-08-18; 10:50:47; 400; 0; 31.9; 998.687734375; 34.2275390625
2026-08-18; 10:51:47; 400; 0; 31.97; 998.6287109375; 33.9580078125
2026-08-18; 10:52:47; 400; 0; 31.93; 998.6018359375; 33.484375
2026-08-18; 10:53:47; 400; 0; 31.99; 998.4626171875; 33.6142578125
2026-08-18; 10:54:47; 403; 0; 31.82; 998.520546875; 33.3955078125
2026-08-18; 10:55:47; 400; 0; 31.97; 998.523515625; 33.2685546875
2026-08-18; 10:56:47; 454; 8; 31.93; 998.6018359375; 33.1279296875
2026-08-18; 10:57:47; 400; 0; 31.94; 998.5893359375; 33.2314453125
2026-08-18; 10:58:47; 400; 0; 31.91; 998.59828125; 33.666015625
2026-08-18; 10:59:47; 413; 1; 31.97; 998.6366015625; 34.072265625
2026-08-18; 11:00:47; 438; 5; 31.99; 998.575703125; 34.3955078125
2026-08-18; 11:01:47; 456; 8; 31.98; 998.70921875; 34.166015625
2026-08-18; 11:02:47; 465; 9; 32.12; 998.526640625; 33.8310546875
2026-08-18; 11:03:47; 456; 8; 32.16; 998.4765234375; 33.9375
2026-08-18; 11:04:47; 416; 2; 32.22; 998.4865234375; 33.666015625
2026-08-18; 11:05:47; 405; 0; 32.31; 998.42265625; 33.626953125
2026-08-18; 11:06:47; 410; 1; 32.44; 998.4790234375; 33.888671875
2026-08-18; 11:07:47; 435; 5; 32.45; 998.50265625; 33.8671875
2026-08-18; 11:08:47; 428; 4; 32.5; 998.496796875; 33.62890625
2026-08-18; 11:09:47; 418; 2; 32.52; 998.54875; 33.515625
2026-08-18; 11:10:47; 410; 1; 32.59; 998.49734375; 33.3369140625
2026-08-18; 11:11:47; 415; 2; 32.61; 998.577890625; 33.2578125
2026-08-18; 11:12:47; 405; 0; 32.63; 998.524453125; 33.224609375
2026-08-18; 11:13:47; 407; 1; 32.72; 998.6019921875; 33.25390625
2026-08-18; 11:14:47; 400; 0; 32.61; 998.577890625; 33.0732421875
2026-08-18; 11:15:47; 411; 1; 32.62; 998.650234375; 33.419921875
2026-08-18; 11:16:47; 411; 1; 32.62; 998.6015234375; 33.2587890625
2026-08-18; 11:17:47; 433; 5; 32.62; 998.5653125; 33.4658203125
2026-08-18; 11:18:47; 427; 4; 32.54; 998.495625; 33.482421875
2026-08-18; 11:19:47; 448; 7; 32.57; 998.4375; 33.5537109375
2026-08-18; 11:20:47; 480; 12; 32.58; 998.4737109375; 33.5078125
2026-08-18; 11:21:48; 502; 15; 32.42; 998.4837109375; 33.865234375
2026-08-18; 11:22:48; 495; 14; 32.52; 998.4716796875; 33.4814453125
2026-08-18; 11:23:48; 448; 7; 32.54; 998.5601171875; 33.4140625
2026-08-18; 11:24:48; 457; 8; 32.68; 998.6601171875; 33.7236328125
2026-08-18; 11:25:48; 502; 15; 32.61; 998.6140625; 33.92578125
2026-08-18; 11:26:48; 577; 26; 32.63; 998.6738671875; 34.0419921875
2026-08-18; 11:27:48; 682; 42; 32.33; 998.6245703125; 34.6171875
2026-08-18; 11:28:48; 872; 71; 32.43; 998.6896484375; 34.4287109375
2026-08-18; 11:29:48; 1090; 105; 32.34; 998.5916015625; 34.3076171875
2026-08-18; 11:30:48; 1235; 127; 32.56; 998.56328125; 33.783203125
2026-08-18; 11:31:48; 1389; 150; 32.61; 998.4929296875; 33.671875
2026-08-18; 11:32:48; 1512; 179; 32.61; 998.4929296875; 33.556640625
2026-08-18; 11:33:48; 1564; 218; 32.57; 998.465859375; 33.73828125
2026-08-18; 11:34:48; 1621; 265; 32.51; 998.4559375; 33.8486328125
2026-08-18; 11:35:48; 1681; 320; 32.55; 998.2928125; 33.8515625
2026-08-18; 11:36:48; 1739; 379; 32.59; 998.15765625; 33.728515625
2026-08-18; 11:37:48; 1774; 421; 32.66; 998.033828125; 33.7099609375
2026-08-18; 11:38:48; 1814; 468; 32.69; 997.8753125; 33.5849609375
2026-08-18; 11:39:48; 1858; 527; 32.68; 997.7825390625; 33.6201171875
2026-08-18; 11:40:48; 1895; 579; 32.71; 997.80140625; 33.552734375
2026-08-18; 11:41:48; 1938; 645; 32.74; 997.8410546875; 33.4853515625
2026-08-18; 11:42:48; 1983; 718; 32.79; 997.8143359375; 33.845703125
2026-08-18; 11:43:48; 2007; 760; 32.64; 997.8120703125; 34.330078125
2026-08-18; 11:44:48; 2007; 760; 32.55; 997.811640625; 34.748046875
2026-08-18; 11:45:48; 2007; 760; 32.47; 997.79078125; 35.1328125
2026-08-18; 11:46:48; 2015; 773; 32.3; 997.8128125; 35.4072265625
2026-08-18; 11:47:48; 2007; 760; 32.22; 997.9207421875; 35.57421875
2026-08-18; 11:48:48; 2007; 760; 32.07; 998.0516015625; 35.8955078125
2026-08-18; 11:49:48; 1993; 734; 32.0; 998.167265625; 35.9814453125
2026-08-18; 11:50:48; 1999; 746; 31.99; 998.2159765625; 36.0263671875
2026-08-18; 11:51:48; 1983; 718; 31.89; 998.3123046875; 36.19140625
2026-08-18; 11:52:48; 1968; 692; 31.88; 998.288671875; 36.212890625
2026-08-18; 11:53:48; 1923; 621; 31.69; 998.3068359375; 36.4970703125
2026-08-18; 11:54:48; 1889; 570; 31.54; 998.339921875; 36.703125
2026-08-18; 11:55:48; 1863; 535; 31.58; 998.2823828125; 36.453125
2026-08-18; 11:56:48; 1858; 527; 31.75; 998.3734375; 36.3984375
2026-08-18; 11:57:48; 1847; 511; 31.91; 998.400390625; 35.986328125
2026-08-18; 11:58:48; 1839; 501; 32.02; 998.3119140625; 35.638671875
2026-08-18; 11:59:48; 1847; 511; 32.07; 998.34234375; 35.62109375
2026-08-18; 12:00:48; 1820; 476; 32.25; 998.356171875; 35.47265625
2026-08-18; 12:01:48; 1820; 476; 32.29; 998.306328125; 35.4189453125
2026-08-18; 12:02:48; 1806; 457; 32.35; 998.3244140625; 35.1484375
2026-08-18; 12:03:48; 1785; 434; 32.37; 998.319765625; 35.1953125
2026-08-18; 12:04:49; 1774; 421; 32.4; 998.310703125; 35.140625
2026-08-18; 12:05:49; 1762; 405; 32.41; 998.2619921875; 35.1513671875
2026-08-18; 12:06:49; 1747; 387; 32.43; 998.2085546875; 35.2333984375
2026-08-18; 12:07:49; 1721; 359; 32.27; 998.22609375; 35.578125
2026-08-18; 12:08:49; 1686; 325; 32.29; 998.201015625; 35.6484375
2026-08-18; 12:09:49; 1696; 335; 32.45; 998.1913671875; 35.4541015625
2026-08-18; 12:10:49; 1708; 347; 32.61; 998.238203125; 34.9951171875
2026-08-18; 12:11:49; 1708; 347; 32.8; 998.1903125; 34.779296875
2026-08-18; 12:12:49; 1686; 325; 32.88; 998.175546875; 34.681640625
2026-08-18; 12:13:49; 1691; 330; 32.91; 998.173984375; 34.546875
2026-08-18; 12:14:49; 1686; 325; 33.07; 998.0502734375; 34.3505859375
2026-08-18; 12:15:49; 1664; 303; 32.97; 998.0547265625; 34.5390625
2026-08-18; 12:16:49; 1681; 320; 32.97; 998.0342578125; 34.677734375
2026-08-18; 12:17:49; 1715; 354; 33.05; 998.0187890625; 34.5908203125
2026-08-18; 12:18:49; 1736; 374; 33.11; 998.028515625; 34.4345703125
2026-08-18; 12:19:49; 1771; 415; 33.26; 998.05890625; 34.2158203125
2026-08-18; 12:20:49; 1795; 444; 33.32; 998.0685546875; 34.0703125
2026-08-18; 12:21:49; 1814; 468; 33.39; 998.0942578125; 33.822265625
2026-08-18; 12:22:49; 1820; 476; 33.38; 998.0987109375; 33.7978515625
2026-08-18; 12:23:49; 1814; 468; 33.43; 998.129140625; 33.8251953125
2026-08-18; 12:24:49; 1829; 487; 33.43; 998.072421875; 33.8603515625
2026-08-18; 12:25:49; 1847; 511; 33.49; 998.0455859375; 33.8515625
2026-08-18; 12:26:49; 1858; 527; 33.52; 998.036328125; 33.7392578125
2026-08-18; 12:27:49; 1863; 535; 33.52; 998.00015625; 33.6923828125
2026-08-18; 12:28:49; 1880; 555; 33.62; 998.0159375; 33.5390625
2026-08-18; 12:29:49; 1895; 579; 33.81; 997.9752734375; 33.2412109375
2026-08-18; 12:30:49; 1915; 609; 33.99; 997.9962109375; 32.9541015625
2026-08-18; 12:31:49; 1923; 621; 34.05; 998.08296875; 32.8544921875
2026-08-18; 12:32:49; 1945; 655; 34.15; 998.0418359375; 32.6767578125
2026-08-18; 12:33:49; 1938; 645; 34.09; 997.975625; 32.7294921875
2026-08-18; 12:34:49; 1945; 655; 34.19; 997.9709375; 32.505859375
2026-08-18; 12:35:49; 1945; 655; 34.26; 997.9109765625; 32.373046875
2026-08-18; 12:36:49; 1945; 655; 34.25; 997.980390625; 32.3603515625
2026-08-18; 12:37:49; 1954; 670; 34.27; 997.9550390625; 32.29296875
2026-08-18; 12:38:49; 1938; 645; 34.31; 998.0100390625; 32.21484375
2026-08-18; 12:39:49; 1938; 645; 34.47; 997.9219140625; 31.9716796875
2026-08-18; 12:40:49; 1938; 645; 34.54; 997.939140625; 31.8720703125
2026-08-18; 12:41:49; 1945; 655; 34.57; 997.86484375; 31.8623046875
2026-08-18; 12:42:49; 1954; 670; 34.47; 997.836796875; 31.9833984375
2026-08-18; 12:43:49; 1954; 670; 34.41; 997.912578125; 32.0830078125
2026-08-18; 12:44:49; 1968; 692; 34.34; 997.8871875; 32.1826171875
2026-08-18; 12:45:49; 1977; 707; 34.37; 997.934296875; 32.1494140625
2026-08-18; 12:46:49; 1983; 718; 34.33; 997.9566015625; 32.111328125
2026-08-18; 12:47:50; 1999; 746; 34.34; 997.9076953125; 32.1005859375
2026-08-18; 12:48:50; 1999; 746; 34.24; 997.814609375; 32.220703125
2026-08-18; 12:49:50; 1993; 734; 34.25; 997.8384765625; 32.17578125
2026-08-18; 12:50:50; 1983; 718; 34.22; 997.89671875; 32.1728515625
2026-08-18; 12:51:50; 1983; 718; 34.25; 997.7533203125; 32.1064453125
2026-08-18; 12:52:50; 1977; 707; 34.23; 997.778359375; 32.1279296875
2026-08-18; 12:53:50; 1954; 670; 34.23; 997.778359375; 32.09375
2026-08-18; 12:54:50; 1954; 670; 34.24; 997.78625; 32.09375
2026-08-18; 12:55:50; 1938; 645; 34.16; 997.781640625; 32.134765625
2026-08-18; 12:56:50; 1923; 621; 34.2; 997.759609375; 32.068359375
2026-08-18; 12:57:50; 1945; 655; 34.2; 997.7880078125; 32.0458984375
2026-08-18; 12:58:50; 1961; 680; 34.21; 997.8605078125; 32.0
2026-08-18; 12:59:50; 1945; 655; 34.23; 997.9202734375; 31.966796875
2026-08-18; 13:00:50; 1938; 645; 34.16; 997.8873046875; 32.0419921875
2026-08-18; 13:01:50; 1923; 621; 34.02; 997.8164453125; 32.251953125
2026-08-18; 13:02:50; 1911; 601; 33.98; 997.8670703125; 32.306640625
2026-08-18; 13:03:50; 1903; 590; 33.98; 997.8103125; 32.294921875
2026-08-18; 13:04:50; 1895; 579; 33.96; 997.8148046875; 32.3291015625
2026-08-18; 13:05:50; 1874; 547; 33.93; 997.75984375; 32.337890625
2026-08-18; 13:06:50; 1874; 547; 33.84; 997.7028515625; 32.5390625
2026-08-18; 13:07:50; 1858; 527; 33.81; 997.7405078125; 32.5712890625
2026-08-18; 13:08:50; 1847; 511; 33.76; 997.7829296875; 32.7177734375
2026-08-18; 13:09:50; 1833; 493; 33.69; 997.7371875; 32.748046875
2026-08-18; 13:10:50; 1829; 487; 33.69; 997.729296875; 32.8056640625
2026-08-18; 13:11:50; 1814; 468; 33.66; 997.74671875; 32.9072265625
2026-08-18; 13:12:50; 1820; 476; 33.73; 997.707421875; 32.8427734375
2026-08-18; 13:13:50; 1806; 457; 33.79; 997.76578125; 32.7890625
2026-08-18; 13:14:50; 1801; 451; 33.81; 997.72; 32.826171875
2026-08-18; 13:15:50; 1814; 468; 33.77; 997.7705859375; 32.9267578125
2026-08-18; 13:16:50; 1820; 476; 33.59; 997.7781640625; 33.16796875
2026-08-18; 13:17:50; 1852; 519; 33.53; 997.76859375; 33.232421875
2026-08-18; 13:18:50; 1889; 570; 33.52; 997.6599609375; 33.265625
2026-08-18; 13:19:50; 1923; 621; 33.54; 997.719765625; 33.244140625
2026-08-18; 13:20:50; 1961; 680; 33.5; 997.71359375; 33.287109375
2026-08-18; 13:21:50; 1983; 718; 33.5; 997.6647265625; 33.2421875
2026-08-18; 13:22:50; 2007; 760; 33.42; 997.6233984375; 33.419921875
2026-08-18; 13:23:50; 2030; 801; 33.53; 997.64734375; 33.185546875
2026-08-18; 13:24:50; 2056; 836; 33.51; 997.729296875; 33.2080078125
2026-08-18; 13:25:50; 2066; 854; 33.43; 997.5905859375; 33.294921875
2026-08-18; 13:26:50; 2094; 906; 33.2; 997.53921875; 33.7041015625
2026-08-18; 13:27:50; 2106; 933; 33.31; 997.6482421875; 33.4697265625
2026-08-18; 13:28:50; 2134; 994; 33.24; 997.71578125; 33.603515625
2026-08-18; 13:29:50; 2150; 1031; 33.21; 997.6194921875; 33.578125
2026-08-18; 13:30:51; 2189; 1115; 33.17; 997.6416015625; 33.6328125
2026-08-18; 13:31:51; 2212; 1165; 33.13; 997.663359375; 33.6875
2026-08-18; 13:32:51; 2234; 1211; 33.14; 997.65078125; 33.6650390625
2026-08-18; 13:33:51; 2261; 1272; 33.13; 997.6916796875; 33.69921875
2026-08-18; 13:34:51; 2303; 1367; 33.19; 997.693515625; 33.5537109375
2026-08-18; 13:35:51; 2336; 1433; 33.15; 997.65890625; 33.5966796875
2026-08-18; 13:36:51; 2368; 1501; 33.17; 997.6337109375; 33.5751953125
2026-08-18; 13:37:51; 2426; 1628; 33.3; 997.6325; 33.365234375
2026-08-18; 13:38:51; 2488; 1758; 33.37; 997.6862109375; 33.208984375
2026-08-18; 13:39:51; 2539; 1861; 33.45; 997.7354296875; 33.0654296875
2026-08-18; 13:40:51; 2591; 1977; 33.55; 997.73546875; 32.921875
2026-08-18; 13:41:51; 2628; 2056; 33.64; 997.6790625; 32.720703125
2026-08-18; 13:42:51; 2682; 2170; 33.67; 997.7341015625; 32.6318359375
2026-08-18; 13:43:51; 2697; 2203; 33.68; 997.693125; 32.59765625
2026-08-18; 13:44:51; 2739; 2308; 33.78; 997.72171875; 32.4423828125
2026-08-18; 13:45:51; 2804; 2439; 33.76; 997.6694921875; 32.4755859375
2026-08-18; 13:46:51; 2834; 2506; 33.69; 997.68046875; 32.5751953125
2026-08-18; 13:47:51; 2883; 2619; 33.73; 997.7357421875; 32.4619140625
2026-08-18; 13:48:51; 2922; 2685; 33.77; 997.7057421875; 32.453125
2026-08-18; 13:49:51; 2959; 2756; 33.76; 997.6694921875; 32.41796875
2026-08-18; 13:50:51; 3006; 2866; 33.85; 997.6697265625; 32.3896484375
2026-08-18; 13:51:51; 3132; 3135; 33.95; 997.6777734375; 32.60546875
2026-08-18; 13:52:51; 3232; 3354; 33.99; 997.7125390625; 32.353515625
2026-08-18; 13:53:51; 3232; 3354; 33.9; 997.6269921875; 32.56640625
2026-08-18; 13:54:51; 3156; 3174; 33.86; 997.5719921875; 32.7021484375
2026-08-18; 13:55:51; 3132; 3135; 33.71; 997.6271484375; 32.888671875
2026-08-18; 13:56:51; 3099; 3064; 33.68; 997.628515625; 32.896484375
2026-08-18; 13:57:51; 3006; 2866; 33.62; 997.6551953125; 33.169921875
2026-08-18; 13:58:51; 2804; 2439; 33.68; 997.5796875; 33.208984375
2026-08-18; 13:59:51; 2601; 2002; 33.64; 997.7074609375; 33.205078125
2026-08-18; 14:00:51; 2440; 1648; 33.59; 997.6569140625; 33.259765625
2026-08-18; 14:01:51; 2292; 1343; 33.53; 997.675703125; 33.3583984375
2026-08-18; 14:02:51; 2168; 1071; 33.44; 997.626796875; 33.4912109375
2026-08-18; 14:03:51; 2094; 906; 33.44; 997.5984375; 33.537109375
2026-08-18; 14:04:51; 2007; 760; 33.39; 997.5841015625; 33.671875
2026-08-18; 14:05:51; 1938; 645; 33.33; 997.7363671875; 33.771484375
2026-08-18; 14:06:51; 1889; 570; 33.33; 997.6230078125; 33.828125
2026-08-18; 14:07:51; 1847; 511; 33.33; 997.651328125; 33.83984375
2026-08-18; 14:08:51; 1806; 457; 33.27; 997.6983984375; 33.9853515625
2026-08-18; 14:09:51; 1753; 394; 33.33; 997.6796875; 33.9091796875
2026-08-18; 14:10:51; 1708; 347; 33.37; 997.6373828125; 33.7734375
2026-08-18; 14:11:51; 1686; 325; 33.37; 997.62953125; 33.8662109375
2026-08-18; 14:12:52; 1652; 292; 33.4; 997.733671875; 33.8564453125
2026-08-18; 14:13:52; 1595; 242; 33.4; 997.733671875; 33.8330078125
2026-08-18; 14:14:52; 1564; 218; 33.43; 997.73234375; 33.7451171875
2026-08-18; 14:15:52; 1540; 199; 33.47; 997.6739453125; 33.7119140625
2026-08-18; 14:16:52; 1502; 173; 33.47; 997.6818359375; 33.6669921875
2026-08-18; 14:17:52; 1429; 156; 33.45; 997.62203125; 33.6884765625
2026-08-18; 14:18:52; 1295; 136; 33.51; 997.6442578125; 33.484375
2026-08-18; 14:19:52; 1201; 122; 33.54; 997.6709375; 33.3251953125
2026-08-18; 14:20:52; 1134; 111; 33.5; 997.656875; 33.298828125
2026-08-18; 14:21:52; 1083; 104; 33.55; 997.7433203125; 33.22265625
2026-08-18; 14:22:52; 1083; 104; 33.65; 997.6948046875; 33.1142578125
2026-08-18; 14:23:52; 1134; 111; 33.58; 997.72625; 33.1552734375
2026-08-18; 14:24:52; 1090; 105; 33.6; 997.6726171875; 33.041015625
2026-08-18; 14:25:52; 1134; 111; 33.63; 997.642890625; 32.9970703125
2026-08-18; 14:26:52; 1134; 111; 33.62; 997.57015625; 32.974609375
2026-08-18; 14:27:52; 1147; 113; 33.65; 997.6097265625; 32.9404296875
2026-08-18; 14:28:52; 1134; 111; 33.64; 997.5940234375; 32.89453125
2026-08-18; 14:29:52; 1147; 113; 33.59; 997.6285546875; 33.017578125
2026-08-18; 14:30:52; 1147; 113; 33.51; 997.6804296875; 33.138671875
2026-08-18; 14:31:52; 1113; 108; 33.55; 997.6504296875; 33.1181640625
2026-08-18; 14:32:52; 1113; 108; 33.53; 997.64734375; 33.1162109375
2026-08-18; 14:33:52; 1083; 104; 33.47; 997.71015625; 33.1826171875
2026-08-18; 14:34:52; 1012; 93; 33.47; 997.71015625; 33.13671875
2026-08-18; 14:35:52; 1041; 97; 33.51; 997.7009375; 33.0810546875
2026-08-18; 14:36:52; 1001; 91; 33.42; 997.680078125; 33.201171875
2026-08-18; 14:37:52; 990; 89; 33.41; 997.664375; 33.1083984375
2026-08-18; 14:38:52; 990; 89; 33.52; 997.6599609375; 32.9775390625
2026-08-18; 14:39:52; 956; 84; 33.47; 997.645625; 33.0205078125
2026-08-18; 14:40:52; 967; 86; 33.5; 997.5718359375; 32.94140625
2026-08-18; 14:41:52; 945; 83; 33.49; 997.6770703125; 32.90625
2026-08-18; 14:42:52; 983; 88; 33.46; 997.6377734375; 32.916015625
2026-08-18; 14:43:52; 1001; 91; 33.52; 997.631640625; 32.76953125
2026-08-18; 14:44:52; 1041; 97; 33.58; 997.620703125; 32.625
2026-08-18; 14:45:52; 1083; 104; 33.52; 997.631640625; 32.7119140625
2026-08-18; 14:46:52; 1113; 108; 33.51; 997.5954296875; 32.666015625
2026-08-18; 14:47:52; 1201; 122; 33.48; 997.5274609375; 32.6875
2026-08-18; 14:48:52; 1248; 129; 33.46; 997.488203125; 32.685546875
2026-08-18; 14:49:52; 1321; 140; 33.53; 997.5134765625; 32.5986328125
2026-08-18; 14:50:52; 1389; 150; 33.54; 997.5496875; 32.5751953125
2026-08-18; 14:51:52; 1445; 159; 33.45; 997.5369921875; 32.662109375
2026-08-18; 14:52:52; 1502; 173; 33.51; 997.62375; 32.607421875
2026-08-18; 14:53:52; 1507; 177; 33.57; 997.5120703125; 32.4853515625
2026-08-18; 14:54:52; 1523; 187; 33.54; 997.5496875; 32.4482421875
2026-08-18; 14:55:53; 1531; 193; 33.57; 997.5687890625; 32.392578125
2026-08-18; 14:56:53; 1540; 199; 33.64; 997.5451953125; 32.283203125
2026-08-18; 14:57:53; 1548; 206; 33.72; 997.57828125; 32.1728515625
2026-08-18; 14:58:53; 1556; 211; 33.73; 997.62234375; 32.0703125
2026-08-18; 14:59:53; 1540; 199; 33.7; 997.5547265625; 32.068359375
2026-08-18; 15:00:53; 1548; 206; 33.67; 997.6128515625; 32.1123046875
2026-08-18; 15:01:53; 1535; 196; 33.67; 997.6128515625; 32.0546875
2026-08-18; 15:02:53; 1527; 190; 33.7; 997.696484375; 31.9990234375
2026-08-18; 15:03:53; 1516; 182; 33.64; 997.686953125; 32.052734375
2026-08-18; 15:04:53; 1512; 179; 33.58; 997.66953125; 32.1513671875
2026-08-18; 15:05:53; 1507; 177; 33.6; 997.708828125; 32.107421875
2026-08-18; 15:06:53; 1523; 187; 33.64; 997.53734375; 32.0869140625
2026-08-18; 15:07:53; 1512; 179; 33.63; 997.6347265625; 32.05078125
2026-08-18; 15:08:53; 1516; 182; 33.6; 997.7576953125; 32.1298828125
2026-08-18; 15:09:53; 1535; 196; 33.62; 997.6551953125; 32.0400390625
2026-08-18; 15:10:53; 1564; 218; 33.65; 997.6743359375; 32.052734375
2026-08-18; 15:11:53; 1576; 226; 33.75; 997.5765625; 31.8291015625
2026-08-18; 15:12:53; 1607; 253; 33.71; 997.5704296875; 31.861328125
2026-08-18; 15:13:53; 1642; 284; 33.72; 997.444375; 31.9189453125
2026-08-18; 15:14:53; 1669; 308; 33.74; 997.5530078125; 31.86328125
2026-08-18; 15:15:53; 1691; 330; 33.78; 997.6161328125; 31.8427734375
2026-08-18; 15:16:53; 1715; 354; 33.74; 997.617578125; 31.9091796875
2026-08-18; 15:17:53; 1736; 374; 33.66; 997.5120703125; 31.9951171875
2026-08-18; 15:18:53; 1762; 405; 33.58; 997.5561328125; 32.10546875
2026-08-18; 15:19:53; 1785; 434; 33.58; 997.5277734375; 32.1630859375
2026-08-18; 15:20:53; 1814; 468; 33.65; 997.5041796875; 32.029296875
2026-08-18; 15:21:53; 1847; 511; 33.68; 997.5151171875; 31.9736328125
2026-08-18; 15:22:53; 1847; 511; 33.65; 997.5041796875; 32.017578125
2026-08-18; 15:23:53; 1858; 527; 33.62; 997.5339453125; 32.0732421875
2026-08-18; 15:24:53; 1903; 590; 33.6; 997.5103515625; 32.107421875
2026-08-18; 15:25:53; 1915; 609; 33.59; 997.4584375; 32.1181640625
2026-08-18; 15:26:53; 1945; 655; 33.57; 997.4632421875; 32.09375
2026-08-18; 15:27:53; 1954; 670; 33.56; 997.524375; 32.138671875
2026-08-18; 15:28:53; 1993; 734; 33.68; 997.5151171875; 31.939453125
2026-08-18; 15:29:53; 2015; 773; 33.67; 997.5923046875; 31.9501953125
2026-08-18; 15:30:53; 2023; 789; 33.66; 997.5766015625; 31.9619140625
2026-08-18; 15:31:53; 2072; 868; 33.71; 997.5420703125; 31.861328125
2026-08-18; 15:32:53; 2098; 920; 33.77; 997.5072265625; 31.7841796875
2026-08-18; 15:33:53; 2144; 1014; 33.82; 997.4805078125; 31.6611328125
2026-08-18; 15:34:53; 2168; 1071; 33.82; 997.5576953125; 31.671875
2026-08-18; 15:35:53; 2203; 1151; 33.83; 997.488359375; 31.6259765625
2026-08-18; 15:36:53; 2220; 1188; 33.9; 997.48515625; 31.515625
2026-08-18; 15:37:53; 2244; 1229; 33.86; 997.5152734375; 31.5595703125
2026-08-18; 15:38:54; 2274; 1300; 33.85; 997.5200390625; 31.55859375
2026-08-18; 15:39:54; 2292; 1343; 33.87; 997.5593359375; 31.513671875
2026-08-18; 15:40:54; 2311; 1385; 33.82; 997.5293359375; 31.5673828125
2026-08-18; 15:41:54; 2361; 1481; 33.79; 997.490078125; 31.634765625
2026-08-18; 15:42:54; 2368; 1501; 33.85; 997.471171875; 31.546875
2026-08-18; 15:43:54; 2392; 1552; 33.8; 997.4412109375; 31.58984375
2026-08-18; 15:44:54; 2426; 1628; 33.77; 997.5072265625; 31.611328125
2026-08-18; 15:45:54; 2450; 1673; 33.74; 997.4112109375; 31.6669921875
2026-08-18; 15:46:54; 2476; 1728; 33.77; 997.422109375; 31.6572265625
2026-08-18; 15:47:54; 2500; 1784; 33.74; 997.333984375; 31.6669921875
2026-08-18; 15:48:54; 2539; 1861; 33.71; 997.3073828125; 31.69921875
2026-08-18; 15:49:54; 2549; 1886; 33.72; 997.3309375; 31.6767578125
2026-08-18; 15:50:54; 2574; 1940; 33.83; 997.2898046875; 31.5341796875
2026-08-18; 15:51:54; 2591; 1977; 33.77; 997.2519921875; 31.564453125
2026-08-18; 15:52:54; 2616; 2029; 33.77; 997.2519921875; 31.552734375
2026-08-18; 15:53:54; 2669; 2143; 33.75; 997.200078125; 31.5751953125
2026-08-18; 15:54:54; 2682; 2170; 33.71; 997.2223046875; 31.6416015625
2026-08-18; 15:55:54; 2710; 2246; 33.69; 997.283515625; 31.6630859375
2026-08-18; 15:56:54; 2755; 2342; 33.69; 997.303984375; 31.6630859375
2026-08-18; 15:57:54; 2786; 2404; 33.73; 997.2253515625; 31.5849609375
2026-08-18; 15:58:54; 2821; 2480; 33.74; 997.2489453125; 31.5859375
2026-08-18; 15:59:54; 2834; 2506; 33.78; 997.2474609375; 31.5078125
2026-08-18; 16:00:54; 2865; 2576; 33.79; 997.1986328125; 31.4853515625
2026-08-18; 16:01:54; 2865; 2576; 33.8; 997.2143359375; 31.451171875
2026-08-18; 16:02:54; 2904; 2643; 33.81; 997.2016796875; 31.4052734375
2026-08-18; 16:03:54; 2937; 2715; 33.8; 997.2426953125; 31.427734375
2026-08-18; 16:04:54; 2973; 2792; 33.82; 997.1323046875; 31.39453125
2026-08-18; 16:05:54; 3006; 2866; 33.83; 997.18421875; 31.337890625
2026-08-18; 16:06:54; 3025; 2903; 33.85; 997.12296875; 31.33984375
2026-08-18; 16:07:54; 3063; 2985; 33.87; 997.13390625; 31.259765625
2026-08-18; 16:08:54; 3084; 3029; 33.92; 997.120078125; 31.205078125
2026-08-18; 16:09:54; 3114; 3096; 33.92; 997.1484375; 31.1943359375
2026-08-18; 16:10:54; 3156; 3174; 33.97; 997.1134765625; 31.0703125
2026-08-18; 16:11:54; 3192; 3259; 33.92; 997.120078125; 31.1591796875
2026-08-18; 16:12:54; 3192; 3259; 33.91; 997.083828125; 31.158203125
2026-08-18; 16:13:54; 3232; 3354; 33.95; 997.195546875; 31.150390625
2026-08-18; 16:14:54; 3259; 3400; 33.88; 997.206328125; 31.21484375
2026-08-18; 16:15:54; 3297; 3487; 33.89; 997.18578125; 31.203125
2026-08-18; 16:16:54; 3322; 3542; 33.89; 997.1290625; 31.1572265625
2026-08-18; 16:17:54; 3366; 3630; 33.85; 997.12296875; 31.2470703125
2026-08-18; 16:18:54; 3383; 3679; 33.84; 997.171875; 31.2236328125
2026-08-18; 16:19:54; 3409; 3728; 33.79; 997.1135546875; 31.3349609375
2026-08-18; 16:20:54; 3432; 3784; 33.77; 997.118359375; 31.345703125
2026-08-18; 16:21:55; 3460; 3827; 33.82; 997.1890234375; 31.279296875
2026-08-18; 16:22:55; 3480; 3876; 33.86; 997.1103125; 31.201171875
2026-08-18; 16:23:55; 3480; 3876; 33.85; 997.12296875; 31.2236328125
2026-08-18; 16:24:55; 3507; 3933; 33.89; 997.1290625; 31.1689453125
2026-08-18; 16:25:55; 3551; 4033; 33.94; 997.1593359375; 31.068359375
2026-08-18; 16:26:55; 3574; 4084; 33.92; 997.1279296875; 31.0556640625
2026-08-18; 16:27:55; 3630; 4197; 33.92; 997.2130078125; 31.033203125
2026-08-18; 16:28:55; 3630; 4197; 33.88; 997.2268359375; 31.1103515625
2026-08-18; 16:29:55; 3661; 4264; 33.84; 997.200234375; 31.154296875
2026-08-18; 16:30:55; 3682; 4312; 33.84; 997.1073046875; 31.1416015625
2026-08-18; 16:31:55; 3682; 4312; 33.88; 997.1701171875; 31.0869140625
2026-08-18; 16:32:55; 3732; 4420; 33.84; 997.143515625; 31.142578125
2026-08-18; 16:33:55; 3732; 4420; 33.83; 997.155859375; 31.1650390625
2026-08-18; 16:34:55; 3763; 4481; 33.83; 997.212578125; 31.130859375
2026-08-18; 16:35:55; 3763; 4481; 33.86; 997.08984375; 31.09765625
2026-08-18; 16:36:55; 3793; 4543; 33.84; 997.1640234375; 31.1416015625
2026-08-18; 16:37:55; 3763; 4481; 33.83; 997.1196484375; 31.1416015625
2026-08-18; 16:38:55; 3793; 4543; 33.8; 997.16546875; 31.232421875
2026-08-18; 16:39:55; 3826; 4613; 33.85; 997.1513671875; 31.0859375
2026-08-18; 16:40:55; 3826; 4613; 33.79; 997.1986328125; 31.162109375
2026-08-18; 16:41:55; 3826; 4613; 33.72; 997.1324609375; 31.25
2026-08-18; 16:42:55; 3826; 4613; 33.75; 997.086640625; 31.2744140625
2026-08-18; 16:43:55; 3826; 4613; 33.72; 997.1040625; 31.26171875
2026-08-18; 16:44:55; 3826; 4613; 33.69; 997.0283203125; 31.3515625
2026-08-18; 16:45:55; 3826; 4613; 33.67; 997.0457421875; 31.3623046875
2026-08-18; 16:46:55; 3851; 4686; 33.68; 997.061484375; 31.3154296875
2026-08-18; 16:47:55; 3851; 4686; 33.72; 997.124609375; 31.2841796875
2026-08-18; 16:48:55; 3851; 4686; 33.65; 997.0788671875; 31.3603515625
2026-08-18; 16:49:55; 3851; 4686; 33.6; 997.0851171875; 31.44921875
2026-08-18; 16:50:55; 3881; 4750; 33.66; 997.0867578125; 31.3603515625
2026-08-18; 16:51:55; 3881; 4750; 33.57; 997.0380078125; 31.458984375
2026-08-18; 16:52:55; 3881; 4750; 33.55; 997.0267578125; 31.5263671875
2026-08-18; 16:53:55; 3914; 4814; 33.56; 997.099140625; 31.50390625
2026-08-18; 16:54:55; 3914; 4814; 33.57; 997.0946875; 31.4814453125
2026-08-18; 16:55:55; 3939; 4879; 33.54; 997.09609375; 31.525390625
2026-08-18; 16:56:55; 3914; 4814; 33.56; 997.1275390625; 31.46875
2026-08-18; 16:57:55; 3939; 4879; 33.54; 997.1039453125; 31.4912109375
2026-08-18; 16:58:55; 3939; 4879; 33.56; 997.1640234375; 31.423828125
2026-08-18; 16:59:55; 3939; 4879; 33.56; 997.1640234375; 31.50390625
2026-08-18; 17:00:55; 3939; 4879; 33.53; 997.1654296875; 31.513671875
2026-08-18; 17:01:55; 3939; 4879; 33.58; 997.110390625; 31.470703125
2026-08-18; 17:02:55; 3939; 4879; 33.65; 997.0788671875; 31.3486328125
2026-08-18; 17:03:55; 3939; 4879; 33.58; 997.07421875; 31.4482421875
2026-08-18; 17:04:56; 3970; 4943; 33.64; 997.0269921875; 31.3359375
2026-08-18; 17:05:56; 3970; 4943; 33.66; 997.037890625; 31.26953125
2026-08-18; 17:06:56; 3970; 4943; 33.66; 997.06625; 31.2802734375
2026-08-18; 17:07:56; 4035; 5089; 33.61; 997.1008203125; 31.3232421875
2026-08-18; 17:08:56; 4035; 5089; 33.57; 997.1230078125; 31.423828125
2026-08-18; 17:09:56; 4063; 5147; 33.62; 997.108671875; 31.3466796875
2026-08-18; 17:10:56; 4063; 5147; 33.58; 997.053671875; 31.4013671875
2026-08-18; 17:11:56; 4063; 5147; 33.58; 997.0175; 31.37890625
2026-08-18; 17:12:56; 4112; 5223; 33.57; 996.9812890625; 31.4130859375
2026-08-18; 17:13:56; 4112; 5223; 33.6; 997.020546875; 31.3798828125
2026-08-18; 17:14:56; 4112; 5223; 33.59; 997.012734375; 31.3564453125
2026-08-18; 17:15:56; 4112; 5223; 33.62; 997.1165234375; 31.3359375
2026-08-18; 17:16:56; 4112; 5223; 33.61; 997.121328125; 31.345703125
2026-08-18; 17:17:56; 4112; 5223; 33.6; 997.1134765625; 31.345703125
2026-08-18; 17:18:56; 4112; 5223; 33.56; 997.1275390625; 31.4228515625
2026-08-18; 17:19:56; 4063; 5147; 33.56; 997.1558984375; 31.4228515625
2026-08-18; 17:20:56; 4063; 5147; 33.5; 997.04109375; 31.51171875
2026-08-18; 17:21:56; 4063; 5147; 33.58; 997.13875; 31.390625
2026-08-18; 17:22:56; 4063; 5147; 33.54; 997.1039453125; 31.43359375
2026-08-18; 17:23:56; 4063; 5147; 33.59; 997.0615625; 31.37890625
2026-08-18; 17:24:56; 4063; 5147; 33.58; 997.045859375; 31.37890625
2026-08-18; 17:25:56; 4063; 5147; 33.61; 996.9795703125; 31.333984375
2026-08-18; 17:26:56; 4112; 5223; 33.59; 996.9198046875; 31.3447265625
2026-08-18; 17:27:56; 4112; 5223; 33.63; 996.9259375; 31.2900390625
2026-08-18; 17:28:56; 4144; 5291; 33.64; 996.9498046875; 31.302734375
2026-08-18; 17:29:56; 4144; 5291; 33.63; 996.9057421875; 31.2666015625
2026-08-18; 17:30:56; 4144; 5291; 33.65; 996.9576171875; 31.255859375
2026-08-18; 17:31:56; 4144; 5291; 33.58; 997.0175; 31.35546875
2026-08-18; 17:32:56; 4144; 5291; 33.63; 997.0109765625; 31.2783203125
2026-08-18; 17:33:56; 4144; 5291; 33.56; 996.9939453125; 31.3662109375
2026-08-18; 17:34:56; 4144; 5291; 33.56; 997.0424609375; 31.3994140625
2026-08-18; 17:35:56; 4144; 5291; 33.56; 997.0424609375; 31.388671875
2026-08-18; 17:36:56; 4144; 5291; 33.54; 996.990546875; 31.421875
2026-08-18; 17:37:56; 4144; 5291; 33.51; 996.9923046875; 31.4658203125
2026-08-18; 17:38:56; 4144; 5291; 33.42; 996.9715234375; 31.59765625
2026-08-18; 17:39:56; 4144; 5291; 33.44; 996.9544140625; 31.5537109375
2026-08-18; 17:40:56; 4144; 5291; 33.44; 996.92609375; 31.5654296875
2026-08-18; 17:41:56; 4144; 5291; 33.42; 996.9715234375; 31.609375
2026-08-18; 17:42:56; 4144; 5291; 33.46; 996.9858203125; 31.5087890625
2026-08-18; 17:43:56; 4144; 5291; 33.48; 997.1306640625; 31.4990234375
2026-08-18; 17:44:56; 4144; 5291; 33.5; 997.0127734375; 31.4541015625
2026-08-18; 17:45:56; 4144; 5291; 33.54; 997.0110546875; 31.41015625
2026-08-18; 17:46:57; 4144; 5291; 33.55; 996.970078125; 31.341796875
2026-08-18; 17:47:57; 4188; 5374; 33.49; 997.0251171875; 31.44140625
2026-08-18; 17:48:57; 4144; 5291; 33.52; 996.9512890625; 31.4091796875
2026-08-18; 17:49:57; 4188; 5374; 33.52; 996.9796484375; 31.419921875
2026-08-18; 17:50:57; 4188; 5374; 33.48; 997.0377734375; 31.4404296875
2026-08-18; 17:51:57; 4188; 5374; 33.49; 996.9967578125; 31.44140625
2026-08-18; 17:52:57; 4188; 5374; 33.54; 996.990546875; 31.3759765625
2026-08-18; 17:53:57; 4188; 5374; 33.53; 996.9103125; 31.38671875
2026-08-18; 17:54:57; 4188; 5374; 33.52; 996.84578125; 31.4091796875
2026-08-18; 17:55:57; 4188; 5374; 33.55; 996.9133984375; 31.353515625
2026-08-18; 17:56:57; 4188; 5374; 33.59; 996.956015625; 31.287109375
2026-08-18; 17:57:57; 4212; 5443; 33.5; 997.04109375; 31.419921875
2026-08-18; 17:58:57; 4212; 5443; 33.55; 996.9212109375; 31.376953125
2026-08-18; 17:59:57; 4212; 5443; 33.51; 996.9639453125; 31.431640625
2026-08-18; 18:00:57; 4188; 5374; 33.49; 996.9117578125; 31.4189453125
2026-08-18; 18:01:57; 4212; 5443; 33.47; 996.8598046875; 31.4873046875
2026-08-18; 18:02:57; 4212; 5443; 33.45; 996.8772265625; 31.4853515625
2026-08-18; 18:03:57; 4212; 5443; 33.48; 996.8109765625; 31.4638671875
2026-08-18; 18:04:57; 4244; 5512; 33.55; 996.8078515625; 31.341796875
2026-08-18; 18:05:57; 4244; 5512; 33.53; 996.8252734375; 31.36328125
2026-08-18; 18:06:57; 4244; 5512; 33.55; 996.8850390625; 31.353515625
2026-08-18; 18:07:57; 4244; 5512; 33.5; 996.9765625; 31.396484375
2026-08-18; 18:08:57; 4244; 5512; 33.48; 996.924375; 31.4296875
2026-08-18; 18:09:57; 4244; 5512; 33.5; 997.004921875; 31.4072265625
2026-08-18; 18:10:57; 4244; 5512; 33.51; 996.907265625; 31.396484375
2026-08-18; 18:11:57; 4244; 5512; 33.48; 996.875546875; 31.4296875
2026-08-18; 18:12:57; 4244; 5512; 33.47; 996.8803515625; 31.486328125
2026-08-18; 18:13:57; 4288; 5591; 33.44; 996.8694140625; 31.47265625
2026-08-18; 18:14:57; 4244; 5512; 33.44; 996.8615625; 31.484375
2026-08-18; 18:15:57; 4288; 5591; 33.41; 996.8786328125; 31.5283203125
2026-08-18; 18:16:57; 4288; 5591; 33.34; 996.8814453125; 31.6044921875
2026-08-18; 18:17:57; 4288; 5591; 33.43; 996.96703125; 31.5078125
2026-08-18; 18:18:57; 4288; 5591; 33.42; 996.91484375; 31.5400390625
2026-08-18; 18:19:57; 4288; 5591; 33.39; 996.9244140625; 31.5615234375
2026-08-18; 18:20:57; 4288; 5591; 33.31; 996.93984375; 31.6943359375
2026-08-18; 18:21:57; 4288; 5591; 33.32; 996.8500390625; 31.68359375
2026-08-18; 18:22:57; 4288; 5591; 33.27; 996.9616796875; 31.71484375
2026-08-18; 18:23:57; 4288; 5591; 33.27; 996.9616796875; 31.7490234375
2026-08-18; 18:24:57; 4362; 5762; 33.24; 997.0562109375; 32.6806640625
2026-08-18; 18:25:57; 4321; 5672; 33.16; 997.05140625; 32.43359375
2026-08-18; 18:26:57; 4321; 5672; 33.2; 997.142578125; 32.2060546875
2026-08-18; 18:27:57; 4362; 5762; 33.18; 997.06234375; 32.2158203125
2026-08-18; 18:28:57; 4321; 5672; 33.19; 996.9851953125; 32.193359375
2026-08-18; 18:29:58; 4288; 5591; 33.13; 997.096796875; 32.2587890625
2026-08-18; 18:30:58; 4244; 5512; 33.18; 997.0340234375; 32.1923828125
2026-08-18; 18:31:58; 4188; 5374; 33.16; 997.0797265625; 32.203125
2026-08-18; 18:32:58; 4144; 5291; 33.12; 997.0810546875; 32.2353515625
2026-08-18; 18:33:58; 4112; 5223; 33.13; 997.08890625; 32.2470703125
2026-08-18; 18:34:58; 4063; 5147; 33.13; 997.0605859375; 32.189453125
2026-08-18; 18:35:58; 4063; 5147; 33.09; 996.977265625; 32.2783203125
2026-08-18; 18:36:58; 4035; 5089; 33.03; 996.96765625; 32.3662109375
2026-08-18; 18:37:58; 4035; 5089; 33.12; 997.0527734375; 32.166015625
2026-08-18; 18:38:58; 4035; 5089; 32.99; 996.95328125; 32.4091796875
2026-08-18; 18:39:58; 4035; 5089; 33.05; 996.9141015625; 32.310546875
2026-08-18; 18:40:58; 4035; 5089; 33.04; 996.9471875; 32.275390625
2026-08-18; 18:41:58; 4063; 5147; 32.85; 996.995078125; 32.595703125
2026-08-18; 18:42:58; 4063; 5147; 32.79; 996.9932421875; 32.671875
2026-08-18; 18:43:58; 4063; 5147; 32.91; 996.9483984375; 32.51953125
2026-08-18; 18:44:58; 4063; 5147; 32.77; 996.925625; 32.681640625
2026-08-18; 18:45:58; 4063; 5147; 32.63; 996.9392578125; 32.9716796875
2026-08-18; 18:46:58; 4063; 5147; 32.72; 996.931640625; 32.8388671875
2026-08-18; 18:47:58; 4063; 5147; 32.87; 997.026796875; 32.5400390625
2026-08-18; 18:48:58; 4112; 5223; 32.7; 996.9930078125; 32.8037109375
2026-08-18; 18:49:58; 4112; 5223; 32.77; 996.961796875; 32.6708984375
2026-08-18; 18:50:58; 4112; 5223; 32.83; 996.9636328125; 32.59375
2026-08-18; 18:51:58; 4144; 5291; 32.82; 996.927421875; 32.58203125
2026-08-18; 18:52:58; 4144; 5291; 32.66; 996.8527734375; 32.8701171875
2026-08-18; 18:53:58; 4144; 5291; 32.63; 996.918828125; 32.8681640625
2026-08-18; 18:54:58; 4144; 5291; 32.64; 996.849609375; 32.8916015625
2026-08-18; 18:55:58; 4144; 5291; 32.75; 996.9225; 32.71484375
2026-08-18; 18:56:58; 4144; 5291; 32.81; 996.91171875; 32.6044921875
2026-08-18; 18:57:58; 4144; 5291; 32.81; 996.91171875; 32.6044921875
2026-08-18; 18:58:58; 4144; 5291; 32.73; 996.8703125; 32.6904296875
2026-08-18; 18:59:58; 4188; 5374; 32.69; 996.948984375; 32.779296875
2026-08-18; 19:00:58; 4188; 5374; 32.56; 996.97828125; 33.0126953125
2026-08-18; 19:01:58; 4212; 5443; 32.52; 996.87890625; 33.08984375
2026-08-18; 19:02:58; 4212; 5443; 32.45; 996.9462109375; 33.1884765625
2026-08-18; 19:03:58; 4212; 5443; 32.45; 996.8330078125; 33.22265625
2026-08-18; 19:04:58; 4212; 5443; 32.34; 996.8656640625; 33.3876953125
2026-08-18; 19:05:58; 4188; 5374; 32.42; 996.92734375; 33.3017578125
2026-08-18; 19:06:58; 4212; 5443; 32.36; 996.9537109375; 33.30859375
2026-08-18; 19:07:58; 4212; 5443; 32.42; 997.03265625; 33.2783203125
2026-08-18; 19:08:58; 4212; 5443; 32.48; 996.9937109375; 33.15625
2026-08-18; 19:09:58; 4212; 5443; 32.37; 996.9898828125; 33.3203125
2026-08-18; 19:10:58; 4244; 5512; 32.31; 996.9593359375; 33.3857421875
2026-08-18; 19:11:58; 4244; 5512; 32.37; 997.046484375; 33.33203125
2026-08-18; 19:12:59; 4244; 5512; 32.33; 997.0196875; 33.3525390625
2026-08-18; 19:13:59; 4244; 5512; 32.34; 997.055859375; 33.3876953125
2026-08-18; 19:14:59; 4288; 5591; 32.26; 997.07875; 33.4736328125
2026-08-18; 19:15:59; 4288; 5591; 32.28; 996.9891796875; 33.474609375
2026-08-18; 19:16:59; 4288; 5591; 32.17; 997.1062890625; 33.6396484375
2026-08-18; 19:17:59; 4288; 5591; 32.17; 997.2115625; 33.662109375
2026-08-18; 19:18:59; 4321; 5672; 32.09; 997.0162890625; 33.7490234375
2026-08-18; 19:19:59; 4321; 5672; 32.18; 997.114140625; 33.6162109375
2026-08-18; 19:20:59; 4321; 5672; 32.19; 997.138046875; 33.6064453125
2026-08-18; 19:21:59; 4362; 5762; 32.28; 997.0253515625; 33.39453125
2026-08-18; 19:22:59; 4362; 5762; 32.34; 997.027578125; 33.2490234375
2026-08-18; 19:23:59; 4396; 5839; 32.34; 997.0071484375; 33.330078125
2026-08-18; 19:24:59; 4396; 5839; 32.3; 996.99234375; 33.4072265625
2026-08-18; 19:25:59; 4396; 5839; 32.19; 996.9966015625; 33.537109375
2026-08-18; 19:26:59; 4425; 5894; 32.11; 996.98328125; 33.71484375
2026-08-18; 19:27:59; 4425; 5894; 32.01; 997.0315234375; 33.857421875
2026-08-18; 19:28:59; 4425; 5894; 32.01; 997.0519140625; 33.9150390625
2026-08-18; 19:29:59; 4425; 5894; 32.08; 997.000546875; 33.7822265625
2026-08-18; 19:30:59; 4468; 5985; 31.99; 996.9921484375; 33.890625
2026-08-18; 19:31:59; 4468; 5985; 31.94; 996.9980078125; 33.9208984375
2026-08-18; 19:32:59; 4468; 5985; 32.02; 996.9828125; 33.8349609375
2026-08-18; 19:33:59; 4515; 6069; 32.04; 996.986015625; 33.859375
2026-08-18; 19:34:59; 4515; 6069; 32.09; 996.9518359375; 33.748046875
2026-08-18; 19:35:59; 4515; 6069; 31.99; 997.0000390625; 33.9013671875
2026-08-18; 19:36:59; 4515; 6069; 31.91; 997.014921875; 34.0224609375
2026-08-18; 19:37:59; 4550; 6162; 31.94; 997.005859375; 33.978515625
2026-08-18; 19:38:59; 4550; 6162; 31.93; 996.961875; 33.9892578125
2026-08-18; 19:39:59; 4550; 6162; 31.96; 996.9729296875; 33.95703125
2026-08-18; 19:40:59; 4550; 6162; 31.9; 996.9709375; 34.044921875
2026-08-18; 19:41:59; 4550; 6162; 31.95; 996.9572265625; 34.001953125
2026-08-18; 19:42:59; 4585; 6250; 31.88; 996.939453125; 34.1357421875
2026-08-18; 19:43:59; 4585; 6250; 31.85; 996.984921875; 34.0986328125
2026-08-18; 19:44:59; 4585; 6250; 31.82; 996.9295703125; 34.2109375
2026-08-18; 19:45:59; 4585; 6250; 31.83; 996.98140625; 34.154296875
2026-08-18; 19:46:59; 4624; 6334; 31.9; 996.9991796875; 34.0673828125
2026-08-18; 19:47:59; 4624; 6334; 31.8; 997.0190234375; 34.1865234375
2026-08-18; 19:48:59; 4624; 6334; 31.79; 997.023671875; 34.2666015625
2026-08-18; 19:49:59; 4624; 6334; 31.81; 996.978203125; 34.2333984375
2026-08-18; 19:50:59; 4624; 6334; 31.79; 996.9671484375; 34.2314453125
2026-08-18; 19:51:59; 4624; 6334; 31.71; 996.98984375; 34.375
2026-08-18; 19:52:59; 4624; 6334; 31.74; 996.9805078125; 34.30859375
2026-08-18; 19:53:59; 4673; 6431; 31.67; 997.0317578125; 34.4287109375
2026-08-18; 19:54:59; 4624; 6334; 31.61; 997.021796875; 34.5732421875
2026-08-18; 19:56:00; 4673; 6431; 31.57; 996.9666796875; 34.60546875
2026-08-18; 19:57:00; 4673; 6431; 31.58; 996.9620703125; 34.572265625
2026-08-18; 19:58:00; 4673; 6431; 31.54; 997.0321875; 34.671875
2026-08-18; 19:59:00; 4673; 6431; 31.57; 997.0593359375; 34.62890625
2026-08-18; 20:00:00; 4723; 6527; 31.51; 996.95671875; 34.7041015625
2026-08-18; 20:01:00; 4723; 6527; 31.47; 997.06296875; 34.7470703125
2026-08-18; 20:02:00; 4723; 6527; 31.46; 997.1398828125; 34.8037109375
2026-08-18; 20:03:00; 4723; 6527; 31.45; 997.14453125; 34.7919921875
2026-08-18; 20:04:00; 4723; 6527; 31.44; 997.0801171875; 34.8251953125
2026-08-18; 20:05:00; 4760; 6620; 31.44; 997.1648828125; 34.791015625
2026-08-18; 20:06:00; 4760; 6620; 31.43; 997.1691796875; 34.82421875
2026-08-18; 20:07:00; 4760; 6620; 31.37; 997.159453125; 34.93359375
2026-08-18; 20:08:00; 4814; 6720; 31.27; 997.15046875; 35.029296875
2026-08-18; 20:09:00; 4853; 6820; 31.26; 997.16296875; 35.0859375
2026-08-18; 20:10:00; 4853; 6820; 31.28; 997.1458984375; 35.0888671875
2026-08-18; 20:11:00; 4853; 6820; 31.25; 997.09078125; 35.0966796875
2026-08-18; 20:12:00; 4853; 6820; 31.17; 997.085; 35.216796875
2026-08-18; 20:13:00; 4853; 6820; 31.26; 997.00140625; 35.1103515625
2026-08-18; 20:14:00; 4853; 6820; 31.31; 997.0725390625; 35.033203125
2026-08-18; 20:15:00; 4853; 6820; 31.31; 997.08046875; 35.021484375
2026-08-18; 20:16:00; 4853; 6820; 31.23; 997.0592578125; 35.1181640625
2026-08-18; 20:17:00; 4900; 6909; 31.16; 997.0328515625; 35.28515625
2026-08-18; 20:18:00; 4900; 6909; 31.12; 997.062421875; 35.31640625
2026-08-18; 20:19:00; 4952; 7021; 31.21; 997.055390625; 35.208984375
2026-08-18; 20:20:00; 4952; 7021; 31.15; 997.053203125; 35.2158203125
2026-08-18; 20:21:00; 4952; 7021; 31.13; 997.02171875; 35.2822265625
2026-08-18; 20:22:00; 4952; 7021; 31.11; 997.0466796875; 35.3388671875
2026-08-18; 20:23:00; 4952; 7021; 31.2; 997.0475; 35.1962890625
2026-08-18; 20:24:00; 4952; 7021; 31.14; 997.065703125; 35.2841796875
2026-08-18; 20:25:00; 4952; 7021; 31.1; 996.99484375; 35.3603515625
2026-08-18; 20:26:00; 4952; 7021; 31.08; 997.0759375; 35.416015625
2026-08-18; 20:27:00; 5001; 7130; 31.05; 996.951875; 35.4599609375
2026-08-18; 20:28:00; 5001; 7130; 31.03; 996.92828125; 35.447265625
2026-08-18; 20:29:00; 5001; 7130; 31.03; 996.92828125; 35.470703125
2026-08-18; 20:30:00; 5001; 7130; 31.0; 997.0422265625; 35.490234375
2026-08-18; 20:31:00; 5052; 7233; 31.0; 997.126953125; 35.5244140625
2026-08-18; 20:32:00; 5052; 7233; 31.0; 997.23984375; 35.5361328125
2026-08-18; 20:33:00; 5099; 7337; 30.96; 997.1282421875; 35.6015625
2026-08-18; 20:34:00; 5099; 7337; 30.93; 997.1010546875; 35.6796875
2026-08-18; 20:35:00; 5099; 7337; 30.94; 997.09640625; 35.634765625
2026-08-18; 20:36:00; 5099; 7337; 30.97; 997.1643359375; 35.5908203125
2026-08-18; 20:37:00; 5099; 7337; 31.01; 997.065859375; 35.46875
2026-08-18; 20:38:01; 5099; 7337; 31.0; 997.126953125; 35.5478515625
2026-08-18; 20:39:01; 5099; 7337; 30.99; 997.195859375; 35.5693359375
2026-08-18; 20:40:01; 5099; 7337; 30.93; 997.1292578125; 35.599609375
2026-08-18; 20:41:01; 5150; 7444; 30.9; 997.110234375; 35.666015625
2026-08-18; 20:42:01; 5150; 7444; 30.9; 997.146328125; 35.6435546875
2026-08-18; 20:43:01; 5150; 7444; 30.87; 997.1191015625; 35.708984375
2026-08-18; 20:44:01; 5150; 7444; 30.87; 997.06265625; 35.720703125
2026-08-18; 20:45:01; 5150; 7444; 30.84; 997.100078125; 35.775390625
2026-08-18; 20:46:01; 5150; 7444; 30.83; 997.027890625; 35.8427734375
2026-08-18; 20:47:01; 5205; 7567; 30.82; 996.98390625; 35.8427734375
2026-08-18; 20:48:01; 5205; 7567; 30.79; 997.02890625; 35.8525390625
2026-08-18; 20:49:01; 5205; 7567; 30.78; 997.013125; 35.908203125
2026-08-18; 20:50:01; 5205; 7567; 30.77; 997.08203125; 35.9306640625
2026-08-18; 20:51:01; 5205; 7567; 30.74; 997.155234375; 35.986328125
2026-08-18; 20:52:01; 5260; 7674; 30.76; 997.1226953125; 35.9521484375
2026-08-18; 20:53:01; 5260; 7674; 30.73; 997.103359375; 36.0302734375
2026-08-18; 20:54:01; 5260; 7674; 30.73; 997.0548046875; 35.9970703125
2026-08-18; 20:55:01; 5260; 7674; 30.71; 997.164375; 35.9609375
2026-08-18; 20:56:01; 5260; 7674; 30.7; 997.168984375; 36.07421875
2026-08-18; 20:57:01; 5260; 7674; 30.72; 997.2648046875; 36.0537109375
2026-08-18; 20:58:01; 5310; 7784; 30.71; 997.1926171875; 36.0185546875
2026-08-18; 20:59:01; 5310; 7784; 30.69; 997.16109375; 36.0400390625
2026-08-18; 21:00:01; 5310; 7784; 30.69; 997.26609375; 36.0849609375
2026-08-18; 21:01:01; 5310; 7784; 30.68; 997.258203125; 36.0498046875
2026-08-18; 21:02:01; 5310; 7784; 30.69; 997.3225390625; 36.015625
2026-08-18; 21:03:01; 5310; 7784; 30.69; 997.330390625; 36.05078125
2026-08-18; 21:04:01; 5310; 7784; 30.68; 997.2503515625; 36.0615234375
2026-08-18; 21:05:01; 5310; 7784; 30.66; 997.2825; 36.10546875
2026-08-18; 21:06:01; 5310; 7784; 30.65; 997.3152734375; 36.08203125
2026-08-18; 21:07:01; 5310; 7784; 30.66; 997.3107421875; 36.0712890625
2026-08-18; 21:08:01; 5310; 7784; 30.66; 997.3107421875; 36.0595703125
2026-08-18; 21:09:01; 5310; 7784; 30.67; 997.3471484375; 36.0947265625
2026-08-18; 21:10:01; 5310; 7784; 30.66; 997.3310546875; 36.08203125
2026-08-18; 21:11:01; 5310; 7784; 30.64; 997.4203125; 36.05859375
2026-08-18; 21:12:01; 5310; 7784; 30.63; 997.4327734375; 36.080078125
2026-08-18; 21:13:01; 5310; 7784; 30.62; 997.5219921875; 36.1474609375
2026-08-18; 21:14:01; 5310; 7784; 30.6; 997.5262109375; 36.158203125
2026-08-18; 21:15:01; 5310; 7784; 30.61; 997.47765625; 36.1240234375
2026-08-18; 21:16:01; 5366; 7905; 30.6; 997.518359375; 36.21484375
2026-08-18; 21:17:01; 5310; 7784; 30.61; 997.5058984375; 36.158203125
2026-08-18; 21:18:01; 5366; 7905; 30.61; 997.4576171875; 36.146484375
2026-08-18; 21:19:01; 5366; 7905; 30.6; 997.433671875; 36.19140625
2026-08-18; 21:20:01; 5366; 7905; 30.59; 997.4258203125; 36.2021484375
2026-08-18; 21:21:02; 5366; 7905; 30.56; 997.378515625; 36.234375
2026-08-18; 21:22:02; 5366; 7905; 30.56; 997.4270703125; 36.2119140625
2026-08-18; 21:23:02; 5366; 7905; 30.56; 997.4913671875; 36.2685546875
2026-08-18; 21:24:02; 5366; 7905; 30.56; 997.5116796875; 36.2802734375
2026-08-18; 21:25:02; 5366; 7905; 30.58; 997.515; 36.1904296875
2026-08-18; 21:26:02; 5366; 7905; 30.56; 997.632421875; 36.2802734375
2026-08-18; 21:27:02; 5366; 7905; 30.54; 997.488046875; 36.2900390625
2026-08-18; 21:28:02; 5366; 7905; 30.55; 997.4959375; 36.279296875
2026-08-18; 21:29:02; 5366; 7905; 30.55; 997.4959375; 36.244140625
2026-08-18; 21:30:02; 5423; 8055; 30.53; 997.415546875; 36.2783203125
2026-08-18; 21:31:02; 5366; 7905; 30.54; 997.431640625; 36.267578125
2026-08-18; 21:32:02; 5423; 8055; 30.52; 997.343359375; 36.310546875
2026-08-18; 21:33:02; 5423; 8055; 30.51; 997.3637109375; 36.2880859375
2026-08-18; 21:34:02; 5423; 8055; 30.51; 997.44046875; 36.265625
2026-08-18; 21:35:02; 5423; 8055; 30.5; 997.3682421875; 36.3212890625
2026-08-18; 21:36:02; 5423; 8055; 30.51; 997.44046875; 36.333984375
2026-08-18; 21:37:02; 5423; 8055; 30.5; 997.3400390625; 36.34375
2026-08-18; 21:38:02; 5423; 8055; 30.51; 997.3840234375; 36.2880859375
2026-08-18; 21:39:02; 5423; 8055; 30.49; 997.437109375; 36.3896484375
2026-08-18; 21:40:02; 5423; 8055; 30.46; 997.3409765625; 36.41015625
2026-08-18; 21:41:02; 5423; 8055; 30.47; 997.3488671875; 36.43359375
2026-08-18; 21:42:02; 5423; 8055; 30.47; 997.328828125; 36.3876953125
2026-08-18; 21:43:02; 5423; 8055; 30.49; 997.2960546875; 36.3896484375
2026-08-18; 21:44:02; 5481; 8179; 30.47; 997.3006640625; 36.3994140625
2026-08-18; 21:45:02; 5481; 8179; 30.46; 997.2845703125; 36.3984375
2026-08-18; 21:46:02; 5481; 8179; 30.45; 997.232734375; 36.4658203125
2026-08-18; 21:47:02; 5481; 8179; 30.46; 997.2845703125; 36.3759765625
2026-08-18; 21:48:02; 5481; 8179; 30.46; 997.2202734375; 36.4091796875
2026-08-18; 21:49:02; 5481; 8179; 30.43; 997.2012109375; 36.4306640625
2026-08-18; 21:50:02; 5481; 8179; 30.43; 997.2012109375; 36.4306640625
2026-08-18; 21:51:02; 5481; 8179; 30.42; 997.165078125; 36.40625
2026-08-18; 21:52:02; 5481; 8179; 30.41; 997.2824609375; 36.486328125
2026-08-18; 21:53:02; 5481; 8179; 30.42; 997.3061328125; 36.4755859375
2026-08-18; 21:54:02; 5543; 8304; 30.42; 997.2982421875; 36.4521484375
2026-08-18; 21:55:02; 5543; 8304; 30.42; 997.3343359375; 36.4638671875
2026-08-18; 21:56:02; 5481; 8179; 30.41; 997.2621484375; 36.462890625
2026-08-18; 21:57:02; 5481; 8179; 30.42; 997.2982421875; 36.41796875
2026-08-18; 21:58:02; 5481; 8179; 30.4; 997.3228125; 36.49609375
2026-08-18; 21:59:02; 5543; 8304; 30.4; 997.2463671875; 36.49609375
2026-08-18; 22:00:02; 5543; 8304; 30.39; 997.3713671875; 36.4501953125
2026-08-18; 22:01:02; 5543; 8304; 30.39; 997.343125; 36.484375
2026-08-18; 22:02:02; 5543; 8304; 30.38; 997.3758984375; 36.4716796875
2026-08-18; 22:03:02; 5543; 8304; 30.37; 997.3883203125; 36.5634765625
2026-08-18; 22:04:03; 5543; 8304; 30.36; 997.352265625; 36.55078125
2026-08-18; 22:05:03; 5543; 8304; 30.38; 997.4041015625; 36.5400390625
2026-08-18; 22:06:03; 5543; 8304; 30.35; 997.2721875; 36.583984375
2026-08-18; 22:07:03; 5543; 8304; 30.35; 997.392890625; 36.5615234375
2026-08-18; 22:08:03; 5543; 8304; 30.36; 997.372578125; 36.5390625
2026-08-18; 22:09:03; 5543; 8304; 30.37; 997.3883203125; 36.5283203125
2026-08-18; 22:10:03; 5543; 8304; 30.35; 997.392890625; 36.52734375
2026-08-18; 22:11:03; 5543; 8304; 30.33; 997.473828125; 36.525390625
2026-08-18; 22:12:03; 5543; 8304; 30.34; 997.4617578125; 36.5263671875
2026-08-18; 22:13:03; 5543; 8304; 30.34; 997.489921875; 36.50390625
2026-08-18; 22:14:03; 5612; 8443; 30.33; 997.5223828125; 36.5703125
2026-08-18; 22:15:03; 5612; 8443; 30.34; 997.489921875; 36.5146484375
2026-08-18; 22:16:03; 5612; 8443; 30.32; 997.5708984375; 36.5478515625
2026-08-18; 22:17:03; 5543; 8304; 30.32; 997.4783984375; 36.5703125
2026-08-18; 22:18:03; 5543; 8304; 30.32; 997.5630078125; 36.55859375
2026-08-18; 22:19:03; 5543; 8304; 30.31; 997.6318359375; 36.591796875
2026-08-18; 22:20:03; 5543; 8304; 30.31; 997.6318359375; 36.5693359375
2026-08-18; 22:21:03; 5543; 8304; 30.29; 997.7209765625; 36.6474609375
2026-08-18; 22:22:03; 5612; 8443; 30.31; 997.5754296875; 36.615234375
2026-08-18; 22:23:03; 5612; 8443; 30.3; 997.5957421875; 36.603515625
2026-08-18; 22:24:03; 5543; 8304; 30.3; 997.623984375; 36.5576171875
2026-08-18; 22:25:03; 5612; 8443; 30.3; 997.5878515625; 36.6259765625
2026-08-18; 22:26:03; 5612; 8443; 30.27; 997.62515625; 36.6572265625
2026-08-18; 22:27:03; 5612; 8443; 30.27; 997.6048046875; 36.6689453125
2026-08-18; 22:28:03; 5612; 8443; 30.25; 997.57296875; 36.7021484375
2026-08-18; 22:29:03; 5612; 8443; 30.24; 997.5651171875; 36.7236328125
2026-08-18; 22:30:03; 5612; 8443; 30.24; 997.5854296875; 36.734375
2026-08-18; 22:31:03; 5612; 8443; 30.27; 997.56875; 36.66796875
2026-08-18; 22:32:03; 5612; 8443; 30.24; 997.61359375; 36.6318359375
2026-08-18; 22:33:03; 5612; 8443; 30.26; 997.6090625; 36.7255859375
2026-08-18; 22:34:03; 5672; 8577; 30.23; 997.5978515625; 36.7001953125
2026-08-18; 22:35:03; 5672; 8577; 30.24; 997.536875; 36.689453125
2026-08-18; 22:36:03; 5672; 8577; 30.24; 997.5008203125; 36.7001953125
2026-08-18; 22:37:03; 5672; 8577; 30.24; 997.536875; 36.689453125
2026-08-18; 22:38:03; 5672; 8577; 30.25; 997.5448046875; 36.6787109375
2026-08-18; 22:39:03; 5672; 8577; 30.23; 997.605703125; 36.654296875
2026-08-18; 22:40:03; 5672; 8577; 30.23; 997.5978515625; 36.734375
2026-08-18; 22:41:03; 5672; 8577; 30.22; 997.5538671875; 36.755859375
2026-08-18; 22:42:03; 5672; 8577; 30.21; 997.5741796875; 36.7099609375
2026-08-18; 22:43:03; 5672; 8577; 30.21; 997.5177734375; 36.8017578125
2026-08-18; 22:44:03; 5672; 8577; 30.2; 997.5505078125; 36.80078125
2026-08-18; 22:45:03; 5672; 8577; 30.2; 997.5505078125; 36.77734375
2026-08-18; 22:46:03; 5672; 8577; 30.21; 997.5177734375; 36.7216796875
2026-08-18; 22:47:04; 5672; 8577; 30.22; 997.5335546875; 36.734375
2026-08-18; 22:48:04; 5672; 8577; 30.21; 997.5177734375; 36.755859375
2026-08-18; 22:49:04; 5672; 8577; 30.19; 997.5141015625; 36.7431640625
2026-08-18; 22:50:04; 5672; 8577; 30.2; 997.5301953125; 36.82421875
2026-08-18; 22:51:04; 5672; 8577; 30.2; 997.4659375; 36.845703125
2026-08-18; 22:52:04; 5672; 8577; 30.18; 997.4904296875; 36.798828125
2026-08-18; 22:53:04; 5672; 8577; 30.18; 997.498359375; 36.8115234375
2026-08-18; 22:54:04; 5672; 8577; 30.18; 997.4904296875; 36.8564453125
2026-08-18; 22:55:04; 65535; 65535; 30.18; 997.441953125; 36.822265625
2026-08-18; 22:56:04; 5672; 8577; 30.16; 997.43859375; 36.8896484375
2026-08-18; 22:57:04; 5672; 8577; 30.18; 997.5468359375; 36.8330078125
2026-08-18; 22:58:04; 5732; 8718; 30.19; 997.478046875; 36.822265625
2026-08-18; 22:59:04; 5732; 8718; 30.18; 997.498359375; 36.7880859375
2026-08-18; 23:00:04; 5672; 8577; 30.17; 997.4465234375; 36.83203125
2026-08-18; 23:01:04; 5732; 8718; 30.15; 997.3946484375; 36.8994140625
2026-08-18; 23:02:04; 5672; 8577; 30.15; 997.451015625; 36.9111328125
2026-08-18; 23:03:04; 5672; 8577; 30.16; 997.43859375; 36.8779296875
2026-08-18; 23:04:04; 5732; 8718; 30.13; 997.3630859375; 36.8974609375
2026-08-18; 23:05:04; 5732; 8718; 30.15; 997.3867578125; 36.9453125
2026-08-18; 23:06:04; 5732; 8718; 30.11; 997.2669921875; 36.9765625
2026-08-18; 23:07:04; 5732; 8718; 30.12; 997.318828125; 36.9658203125
2026-08-18; 23:08:04; 5732; 8718; 30.13; 997.3066796875; 36.9208984375
2026-08-18; 23:09:04; 5732; 8718; 30.12; 997.3469921875; 36.98828125
2026-08-18; 23:10:04; 5732; 8718; 30.13; 997.3833984375; 36.955078125
2026-08-18; 23:11:04; 5732; 8718; 30.11; 997.33125; 36.98828125
2026-08-18; 23:12:04; 5732; 8718; 30.12; 997.4237109375; 36.9658203125
2026-08-18; 23:13:04; 5732; 8718; 30.14; 997.314609375; 36.9560546875
2026-08-18; 23:14:04; 5732; 8718; 30.11; 997.2748828125; 36.96484375
2026-08-18; 23:15:04; 5732; 8718; 30.11; 997.40796875; 37.0224609375
2026-08-18; 23:16:04; 5732; 8718; 30.11; 997.3233984375; 37.033203125
2026-08-18; 23:17:04; 5732; 8718; 30.09; 997.3197265625; 37.0546875
2026-08-18; 23:18:04; 5732; 8718; 30.09; 997.35609375; 37.0439453125
2026-08-18; 23:19:04; 5732; 8718; 30.1; 997.2873046875; 37.0673828125
2026-08-18; 23:20:04; 5732; 8718; 30.11; 997.3797265625; 37.0107421875
2026-08-18; 23:21:04; 5732; 8718; 30.08; 997.3603125; 37.1103515625
2026-08-18; 23:22:04; 5732; 8718; 30.09; 997.35609375; 37.0546875
2026-08-18; 23:23:04; 5732; 8718; 30.09; 997.3197265625; 37.06640625
2026-08-18; 23:24:04; 5732; 8718; 30.07; 997.372734375; 37.0751953125
2026-08-18; 23:25:04; 5732; 8718; 30.06; 997.336640625; 37.0986328125
2026-08-18; 23:26:04; 5732; 8718; 30.08; 997.3039453125; 37.064453125
2026-08-18; 23:27:04; 5732; 8718; 30.06; 997.3284765625; 37.1435546875
2026-08-18; 23:28:04; 5732; 8718; 30.08; 997.3603125; 37.1337890625
2026-08-18; 23:29:04; 5732; 8718; 30.06; 997.336640625; 37.0869140625
