Datum; Uhrzeit; eCO2 (ppm); tVOC (ppb); Temperatur (°C); Luftdruck (hpPa); relative Luftfeuchte (%)
2026-09-14; 02:24:32; 405; 0; 26.88; 1009.7672265625; 35.7490234375
2026-09-14; 02:25:32; 405; 0; 26.89; 1009.7752734375; 35.7265625
2026-09-14; 02:26:32; 400; 0; 26.89; 1009.811328125; 35.7265625
2026-09-14; 02:27:32; 407; 1; 26.92; 1009.85171875; 35.6484375
2026-09-14; 02:28:32; 400; 0; 26.93; 1009.8196875; 35.6171875
2026-09-14; 02:29:32; 405; 0; 26.95; 1009.823671875; 35.607421875
2026-09-14; 02:30:32; 403; 0; 26.97; 1009.771875; 35.5400390625
2026-09-14; 02:31:32; 400; 0; 26.95; 1009.795625; 35.5732421875
2026-09-14; 02:32:32; 400; 0; 26.98; 1009.731796875; 35.552734375
2026-09-14; 02:33:32; 400; 0; 26.99; 1009.823984375; 35.5185546875
2026-09-14; 02:34:32; 403; 0; 26.99; 1009.823984375; 35.529296875
2026-09-14; 02:35:32; 402; 0; 26.96; 1009.755546875; 35.5390625
2026-09-14; 02:36:32; 407; 1; 26.97; 1009.8280078125; 35.517578125
2026-09-14; 02:37:32; 400; 0; 26.97; 1009.7635546875; 35.5283203125
2026-09-14; 02:38:32; 405; 0; 26.99; 1009.860078125; 35.4736328125
2026-09-14; 02:39:32; 403; 0; 26.97; 1009.7635546875; 35.5400390625
2026-09-14; 02:40:32; 403; 0; 26.99; 1009.8520703125; 35.49609375
2026-09-14; 02:41:32; 405; 0; 26.99; 1009.9081640625; 35.5068359375
2026-09-14; 02:42:32; 400; 0; 27.02; 1009.8640625; 35.44140625
2026-09-14; 02:43:32; 403; 0; 27.01; 1009.8560546875; 35.462890625
2026-09-14; 02:44:32; 400; 0; 27.0; 1009.92421875; 35.4619140625
2026-09-14; 02:45:32; 406; 0; 27.0; 1009.87609375; 35.474609375
2026-09-14; 02:46:32; 406; 0; 26.98; 1009.8440234375; 35.49609375
2026-09-14; 02:47:32; 403; 0; 27.02; 1009.90015625; 35.453125
2026-09-14; 02:48:32; 403; 0; 27.01; 1009.9121875; 35.4521484375
2026-09-14; 02:49:32; 400; 0; 26.99; 1010.0284375; 35.4619140625
2026-09-14; 02:50:32; 402; 0; 27.0; 1009.9803515625; 35.4619140625
2026-09-14; 02:51:32; 402; 0; 27.03; 1009.9723046875; 35.408203125
2026-09-14; 02:52:32; 405; 0; 27.03; 1009.9162109375; 35.408203125
2026-09-14; 02:53:32; 405; 0; 27.0; 1009.9322265625; 35.4521484375
2026-09-14; 02:54:32; 405; 0; 27.02; 1009.9843359375; 35.4306640625
2026-09-14; 02:55:32; 405; 0; 27.01; 1009.9121875; 35.4521484375
2026-09-14; 02:56:32; 400; 0; 27.02; 1009.9482421875; 35.4296875
2026-09-14; 02:57:32; 400; 0; 27.03; 1009.888125; 35.3974609375
2026-09-14; 02:58:32; 400; 0; 27.01; 1009.8560546875; 35.41796875
2026-09-14; 02:59:32; 400; 0; 27.04; 1009.868046875; 35.3740234375
2026-09-14; 03:00:32; 400; 0; 27.02; 1009.8921484375; 35.41796875
2026-09-14; 03:01:33; 406; 0; 27.01; 1009.799921875; 35.4287109375
2026-09-14; 03:02:33; 400; 0; 27.02; 1009.8921484375; 35.44140625
2026-09-14; 03:03:33; 400; 0; 27.02; 1009.872109375; 35.44140625
2026-09-14; 03:04:33; 403; 0; 27.03; 1009.9442578125; 35.419921875
2026-09-14; 03:05:33; 403; 0; 27.0; 1009.811953125; 35.4169921875
2026-09-14; 03:06:33; 403; 0; 27.02; 1009.8159765625; 35.44140625
2026-09-14; 03:07:33; 408; 1; 27.02; 1009.8640625; 35.4296875
2026-09-14; 03:08:33; 405; 0; 27.02; 1009.872109375; 35.396484375
2026-09-14; 03:09:33; 405; 0; 27.01; 1009.799921875; 35.41796875
2026-09-14; 03:10:33; 405; 0; 27.03; 1009.860078125; 35.36328125
2026-09-14; 03:11:33; 405; 0; 27.02; 1009.8440234375; 35.384765625
2026-09-14; 03:12:33; 405; 0; 27.04; 1009.848359375; 35.3642578125
2026-09-14; 03:13:33; 400; 0; 27.03; 1009.8319921875; 35.3857421875
2026-09-14; 03:14:33; 400; 0; 27.0; 1009.7638671875; 35.4287109375
2026-09-14; 03:15:33; 403; 0; 27.01; 1009.8280078125; 35.41796875
2026-09-14; 03:16:33; 403; 0; 27.02; 1009.8440234375; 35.3623046875
2026-09-14; 03:17:33; 403; 0; 27.03; 1009.775859375; 35.36328125
2026-09-14; 03:18:33; 400; 0; 27.02; 1009.8440234375; 35.384765625
2026-09-14; 03:19:33; 403; 0; 27.03; 1009.7478125; 35.3515625
2026-09-14; 03:20:33; 403; 0; 27.04; 1009.904453125; 35.318359375
2026-09-14; 03:21:33; 405; 0; 27.02; 1009.8640625; 35.384765625
2026-09-14; 03:22:33; 405; 0; 27.02; 1009.80796875; 35.3955078125
2026-09-14; 03:23:33; 400; 0; 27.02; 1009.9482421875; 35.373046875
2026-09-14; 03:24:33; 400; 0; 27.04; 1009.92421875; 35.3408203125
2026-09-14; 03:25:33; 400; 0; 27.02; 1009.8440234375; 35.3623046875
2026-09-14; 03:26:33; 400; 0; 27.02; 1009.872109375; 35.33984375
2026-09-14; 03:27:33; 400; 0; 27.04; 1009.8961328125; 35.3515625
2026-09-14; 03:28:33; 405; 0; 27.02; 1009.90015625; 35.384765625
2026-09-14; 03:29:33; 405; 0; 27.05; 1009.892734375; 35.341796875
2026-09-14; 03:30:33; 405; 0; 27.03; 1009.9081640625; 35.3505859375
2026-09-14; 03:31:33; 405; 0; 27.02; 1009.9201953125; 35.3955078125
2026-09-14; 03:32:33; 65535; 65535; 27.04; 1009.8961328125; 35.3408203125
2026-09-14; 03:33:33; 400; 0; 27.06; 1009.8726953125; 35.3076171875
2026-09-14; 03:34:33; 400; 0; 27.05; 1009.856640625; 35.306640625
2026-09-14; 03:35:33; 402; 0; 27.03; 1009.8801171875; 35.3623046875
2026-09-14; 03:36:33; 402; 0; 27.03; 1009.9442578125; 35.3408203125
2026-09-14; 03:37:33; 402; 0; 27.0; 1009.87609375; 35.39453125
2026-09-14; 03:38:33; 402; 0; 27.02; 1009.9562890625; 35.3623046875
2026-09-14; 03:39:33; 402; 0; 26.99; 1009.9162109375; 35.39453125
2026-09-14; 03:40:33; 400; 0; 27.01; 1009.9683203125; 35.3837890625
2026-09-14; 03:41:33; 400; 0; 27.03; 1009.9442578125; 35.3515625
2026-09-14; 03:42:33; 402; 0; 27.0; 1009.9322265625; 35.361328125
2026-09-14; 03:43:33; 400; 0; 27.02; 1009.9201953125; 35.3955078125
2026-09-14; 03:44:34; 403; 0; 27.03; 1010.048515625; 35.384765625
2026-09-14; 03:45:34; 400; 0; 27.02; 1009.928203125; 35.33984375
2026-09-14; 03:46:34; 406; 0; 27.03; 1009.8801171875; 35.3740234375
2026-09-14; 03:47:34; 403; 0; 27.02; 1009.928203125; 35.3740234375
2026-09-14; 03:48:34; 400; 0; 27.0; 1009.9322265625; 35.39453125
2026-09-14; 03:49:34; 400; 0; 27.0; 1010.01640625; 35.361328125
2026-09-14; 03:50:34; 403; 0; 27.02; 1009.9482421875; 35.361328125
2026-09-14; 03:51:34; 403; 0; 27.02; 1009.9843359375; 35.3623046875
2026-09-14; 03:52:34; 403; 0; 27.04; 1010.0167578125; 35.3408203125
2026-09-14; 03:53:34; 403; 0; 27.03; 1009.99234375; 35.33984375
2026-09-14; 03:54:34; 400; 0; 27.0; 1010.01640625; 35.361328125
2026-09-14; 03:55:34; 400; 0; 27.0; 1010.092578125; 35.3828125
2026-09-14; 03:56:34; 400; 0; 27.0; 1010.0725390625; 35.361328125
2026-09-14; 03:57:34; 405; 0; 27.04; 1010.0728515625; 35.3525390625
2026-09-14; 03:58:34; 408; 1; 27.02; 1010.0324609375; 35.373046875
2026-09-14; 03:59:34; 405; 0; 27.04; 1010.0364453125; 35.3173828125
2026-09-14; 04:00:34; 405; 0; 27.03; 1009.9723046875; 35.3291015625
2026-09-14; 04:01:34; 400; 0; 27.03; 1009.964296875; 35.3505859375
2026-09-14; 04:02:34; 400; 0; 27.02; 1010.0685546875; 35.328125
2026-09-14; 04:03:34; 405; 0; 27.01; 1009.9683203125; 35.361328125
2026-09-14; 04:04:34; 400; 0; 27.02; 1010.0605078125; 35.361328125
2026-09-14; 04:05:34; 400; 0; 27.03; 1010.0284375; 35.3515625
2026-09-14; 04:06:34; 400; 0; 27.03; 1009.964296875; 35.3505859375
2026-09-14; 04:07:34; 409; 1; 27.03; 1010.000390625; 35.3291015625
2026-09-14; 04:08:34; 405; 0; 27.01; 1010.0525; 35.3720703125
2026-09-14; 04:09:34; 409; 1; 27.0; 1010.0444921875; 35.3837890625
2026-09-14; 04:10:34; 405; 0; 27.04; 1010.0167578125; 35.2841796875
2026-09-14; 04:11:34; 409; 1; 27.03; 1009.99234375; 35.3623046875
2026-09-14; 04:12:34; 405; 0; 26.99; 1010.000390625; 35.3828125
2026-09-14; 04:13:34; 405; 0; 27.03; 1010.048515625; 35.33984375
2026-09-14; 04:14:34; 405; 0; 27.04; 1010.1008984375; 35.318359375
2026-09-14; 04:15:34; 405; 0; 27.03; 1010.056484375; 35.3408203125
2026-09-14; 04:16:34; 405; 0; 27.04; 1010.0728515625; 35.306640625
2026-09-14; 04:17:34; 400; 0; 27.03; 1010.0845703125; 35.3173828125
2026-09-14; 04:18:34; 405; 0; 27.01; 1010.2208984375; 35.361328125
2026-09-14; 04:19:34; 403; 0; 26.99; 1010.1968359375; 35.37109375
2026-09-14; 04:20:34; 408; 1; 27.01; 1010.1086328125; 35.3720703125
2026-09-14; 04:21:34; 408; 1; 27.04; 1010.1206640625; 35.3291015625
2026-09-14; 04:22:34; 408; 1; 27.01; 1010.0525; 35.3720703125
2026-09-14; 04:23:34; 403; 0; 27.04; 1010.1206640625; 35.3291015625
2026-09-14; 04:24:34; 403; 0; 27.05; 1010.1453515625; 35.3076171875
2026-09-14; 04:25:34; 403; 0; 27.03; 1010.0765625; 35.3505859375
2026-09-14; 04:26:34; 403; 0; 27.02; 1010.0685546875; 35.33984375
2026-09-14; 04:27:35; 403; 0; 27.04; 1010.1008984375; 35.306640625
2026-09-14; 04:28:35; 403; 0; 27.04; 1010.0083984375; 35.306640625
2026-09-14; 04:29:35; 403; 0; 27.03; 1010.0284375; 35.3291015625
2026-09-14; 04:30:35; 403; 0; 27.03; 1010.048515625; 35.328125
2026-09-14; 04:31:35; 400; 0; 27.04; 1010.0364453125; 35.306640625
2026-09-14; 04:32:35; 400; 0; 27.04; 1010.0083984375; 35.3291015625
2026-09-14; 04:33:35; 402; 0; 27.03; 1009.99234375; 35.33984375
2026-09-14; 04:34:35; 406; 0; 27.01; 1009.940234375; 35.361328125
2026-09-14; 04:35:35; 406; 0; 27.02; 1009.872109375; 35.3173828125
2026-09-14; 04:36:35; 402; 0; 27.02; 1009.9482421875; 35.361328125
2026-09-14; 04:37:35; 406; 0; 27.02; 1009.9201953125; 35.3505859375
2026-09-14; 04:38:35; 406; 0; 27.01; 1009.9683203125; 35.361328125
2026-09-14; 04:39:35; 402; 0; 27.04; 1009.8961328125; 35.294921875
2026-09-14; 04:40:35; 402; 0; 27.03; 1009.888125; 35.306640625
2026-09-14; 04:41:35; 402; 0; 27.03; 1009.9723046875; 35.3291015625
2026-09-14; 04:42:35; 402; 0; 27.02; 1009.9201953125; 35.3505859375
2026-09-14; 04:43:35; 402; 0; 27.01; 1009.940234375; 35.349609375
2026-09-14; 04:44:35; 402; 0; 27.02; 1009.928203125; 35.33984375
2026-09-14; 04:45:35; 402; 0; 27.03; 1010.048515625; 35.328125
2026-09-14; 04:46:35; 402; 0; 27.03; 1009.8801171875; 35.328125
2026-09-14; 04:47:35; 400; 0; 27.02; 1009.836015625; 35.3271484375
2026-09-14; 04:48:35; 402; 0; 27.03; 1009.860078125; 35.3291015625
2026-09-14; 04:49:35; 402; 0; 27.02; 1009.872109375; 35.3173828125
2026-09-14; 04:50:35; 402; 0; 27.04; 1009.8961328125; 35.294921875
2026-09-14; 04:51:35; 400; 0; 27.03; 1009.888125; 35.294921875
2026-09-14; 04:52:35; 405; 0; 27.02; 1009.8921484375; 35.3505859375
2026-09-14; 04:53:35; 405; 0; 27.0; 1009.896171875; 35.3486328125
2026-09-14; 04:54:35; 405; 0; 27.0; 1009.87609375; 35.337890625
2026-09-14; 04:55:35; 407; 1; 27.02; 1009.8440234375; 35.3173828125
2026-09-14; 04:56:35; 405; 0; 27.02; 1009.9843359375; 35.3173828125
2026-09-14; 04:57:35; 405; 0; 27.02; 1009.9843359375; 35.3505859375
2026-09-14; 04:58:35; 405; 0; 27.02; 1009.9482421875; 35.3388671875
2026-09-14; 04:59:35; 405; 0; 27.0; 1009.9041796875; 35.361328125
2026-09-14; 05:00:35; 405; 0; 27.03; 1009.9442578125; 35.3173828125
2026-09-14; 05:01:35; 407; 1; 27.04; 1009.952265625; 35.2607421875
2026-09-14; 05:02:35; 400; 0; 27.01; 1009.9121875; 35.3271484375
2026-09-14; 05:03:35; 405; 0; 27.01; 1009.9683203125; 35.3271484375
2026-09-14; 05:04:35; 400; 0; 27.01; 1009.940234375; 35.349609375
2026-09-14; 05:05:35; 405; 0; 27.03; 1009.93625; 35.328125
2026-09-14; 05:06:35; 405; 0; 27.02; 1009.9762890625; 35.3505859375
2026-09-14; 05:07:35; 400; 0; 27.01; 1009.940234375; 35.349609375
2026-09-14; 05:08:35; 400; 0; 27.05; 1009.9128125; 35.318359375
2026-09-14; 05:09:35; 405; 0; 27.02; 1009.90015625; 35.2939453125
2026-09-14; 05:10:36; 405; 0; 27.05; 1009.8366015625; 35.2734375
2026-09-14; 05:11:36; 400; 0; 27.02; 1009.928203125; 35.2939453125
2026-09-14; 05:12:36; 400; 0; 27.0; 1009.9603125; 35.337890625
2026-09-14; 05:13:36; 400; 0; 27.02; 1009.9482421875; 35.3271484375
2026-09-14; 05:14:36; 400; 0; 27.03; 1009.964296875; 35.3173828125
2026-09-14; 05:15:36; 408; 1; 27.0; 1009.8199609375; 35.3720703125
2026-09-14; 05:16:36; 403; 0; 27.03; 1009.888125; 35.3173828125
2026-09-14; 05:17:36; 403; 0; 26.99; 1009.9162109375; 35.326171875
2026-09-14; 05:18:36; 403; 0; 27.01; 1009.9121875; 35.337890625
2026-09-14; 05:19:36; 403; 0; 26.98; 1009.928203125; 35.4052734375
2026-09-14; 05:20:36; 403; 0; 26.99; 1009.9442578125; 35.3486328125
2026-09-14; 05:21:36; 400; 0; 27.0; 1009.9603125; 35.337890625
2026-09-14; 05:22:36; 403; 0; 27.02; 1009.9562890625; 35.3173828125
2026-09-14; 05:23:36; 403; 0; 26.98; 1009.928203125; 35.359375
2026-09-14; 05:24:36; 403; 0; 26.99; 1009.9442578125; 35.3603515625
2026-09-14; 05:25:36; 403; 0; 27.01; 1009.940234375; 35.337890625
2026-09-14; 05:26:36; 400; 0; 26.99; 1009.964296875; 35.34765625
2026-09-14; 05:27:36; 400; 0; 26.99; 1009.93625; 35.4052734375
2026-09-14; 05:28:36; 400; 0; 26.99; 1009.9442578125; 35.3486328125
2026-09-14; 05:29:36; 403; 0; 26.99; 1010.0284375; 35.37109375
2026-09-14; 05:30:36; 400; 0; 26.98; 1010.08859375; 35.4267578125
2026-09-14; 05:31:36; 400; 0; 26.98; 1009.9482421875; 35.392578125
2026-09-14; 05:32:36; 400; 0; 26.98; 1010.04046875; 35.3818359375
2026-09-14; 05:33:36; 405; 0; 26.97; 1010.0525; 35.4150390625
2026-09-14; 05:34:36; 405; 0; 26.98; 1010.004375; 35.4150390625
2026-09-14; 05:35:36; 405; 0; 26.99; 1010.056484375; 35.37109375
2026-09-14; 05:36:36; 405; 0; 26.97; 1010.01609375; 35.42578125
2026-09-14; 05:37:36; 405; 0; 26.99; 1010.0204296875; 35.4052734375
2026-09-14; 05:38:36; 405; 0; 26.99; 1010.0204296875; 35.3935546875
2026-09-14; 05:39:36; 405; 0; 26.99; 1010.0204296875; 35.37109375
2026-09-14; 05:40:36; 405; 0; 26.97; 1010.044140625; 35.42578125
2026-09-14; 05:41:36; 405; 0; 26.95; 1010.068203125; 35.458984375
2026-09-14; 05:42:36; 405; 0; 26.97; 1009.9963671875; 35.4150390625
2026-09-14; 05:43:36; 405; 0; 26.97; 1009.988046875; 35.42578125
2026-09-14; 05:44:36; 400; 0; 26.97; 1010.080546875; 35.4267578125
2026-09-14; 05:45:36; 405; 0; 26.96; 1010.0361328125; 35.458984375
2026-09-14; 05:46:36; 400; 0; 26.94; 1010.0321484375; 35.4697265625
2026-09-14; 05:47:36; 400; 0; 26.96; 1010.0641796875; 35.4482421875
2026-09-14; 05:48:36; 400; 0; 26.97; 1010.024453125; 35.4267578125
2026-09-14; 05:49:36; 400; 0; 26.95; 1009.9840234375; 35.4931640625
2026-09-14; 05:50:36; 400; 0; 26.96; 1010.056171875; 35.4482421875
2026-09-14; 05:51:36; 400; 0; 26.95; 1010.012109375; 35.458984375
2026-09-14; 05:52:36; 405; 0; 26.93; 1010.01609375; 35.5146484375
2026-09-14; 05:53:37; 405; 0; 26.94; 1009.911875; 35.4697265625
2026-09-14; 05:54:37; 405; 0; 26.97; 1009.9121875; 35.44921875
2026-09-14; 05:55:37; 400; 0; 26.96; 1009.98; 35.4365234375
2026-09-14; 05:56:37; 405; 0; 26.97; 1009.8758203125; 35.42578125
2026-09-14; 05:57:37; 405; 0; 26.94; 1009.9680078125; 35.4921875
2026-09-14; 05:58:37; 405; 0; 26.96; 1009.8878125; 35.470703125
2026-09-14; 05:59:37; 400; 0; 26.95; 1009.927890625; 35.4697265625
2026-09-14; 06:00:37; 400; 0; 26.94; 1009.835703125; 35.48046875
2026-09-14; 06:01:37; 405; 0; 26.94; 1009.86375; 35.4921875
2026-09-14; 06:02:37; 405; 0; 26.93; 1009.92390625; 35.4912109375
2026-09-14; 06:03:37; 405; 0; 26.94; 1009.9680078125; 35.4921875
2026-09-14; 06:04:37; 400; 0; 26.95; 1009.9559375; 35.4697265625
2026-09-14; 06:05:37; 405; 0; 26.94; 1009.9399609375; 35.4921875
2026-09-14; 06:06:37; 400; 0; 26.93; 1009.951953125; 35.5029296875
2026-09-14; 06:07:37; 405; 0; 26.92; 1009.9439453125; 35.501953125
2026-09-14; 06:08:37; 400; 0; 26.92; 1009.963984375; 35.5009765625
2026-09-14; 06:09:37; 403; 0; 26.92; 1009.9439453125; 35.490234375
2026-09-14; 06:10:37; 403; 0; 26.91; 1009.9479296875; 35.5009765625
2026-09-14; 06:11:37; 403; 0; 26.93; 1009.8758203125; 35.4921875
2026-09-14; 06:12:37; 408; 1; 26.95; 1009.99203125; 35.470703125
2026-09-14; 06:13:37; 408; 1; 26.93; 1009.9319140625; 35.50390625
2026-09-14; 06:14:37; 408; 1; 26.91; 1010.0120703125; 35.53515625
2026-09-14; 06:15:37; 403; 0; 26.89; 1009.92359375; 35.5673828125
2026-09-14; 06:16:37; 403; 0; 26.91; 1009.9840234375; 35.5576171875
2026-09-14; 06:17:37; 403; 0; 26.91; 1009.9840234375; 35.53515625
2026-09-14; 06:18:37; 403; 0; 26.9; 1009.996015625; 35.5341796875
2026-09-14; 06:19:37; 403; 0; 26.92; 1010.020078125; 35.53515625
2026-09-14; 06:20:37; 403; 0; 26.9; 1010.0240625; 35.568359375
2026-09-14; 06:21:37; 403; 0; 26.91; 1010.0040234375; 35.5234375
2026-09-14; 06:22:37; 403; 0; 26.91; 1010.06015625; 35.546875
2026-09-14; 06:23:37; 403; 0; 26.91; 1010.032109375; 35.5693359375
2026-09-14; 06:24:37; 400; 0; 26.89; 1010.0277734375; 35.61328125
2026-09-14; 06:25:37; 400; 0; 26.89; 1010.0638671875; 35.5908203125
2026-09-14; 06:26:37; 400; 0; 26.87; 1009.995703125; 35.611328125
2026-09-14; 06:27:37; 400; 0; 26.88; 1010.0758984375; 35.5556640625
2026-09-14; 06:28:37; 402; 0; 26.9; 1009.987734375; 35.5908203125
2026-09-14; 06:29:37; 406; 0; 26.89; 1010.1400390625; 35.5908203125
2026-09-14; 06:30:37; 406; 0; 26.89; 1010.0919140625; 35.5908203125
2026-09-14; 06:31:37; 406; 0; 26.88; 1010.0117578125; 35.6123046875
2026-09-14; 06:32:37; 402; 0; 26.89; 1010.0919140625; 35.5908203125
2026-09-14; 06:33:37; 406; 0; 26.9; 1010.1560546875; 35.5673828125
2026-09-14; 06:34:37; 406; 0; 26.89; 1010.08390625; 35.6015625
2026-09-14; 06:35:37; 406; 0; 26.88; 1010.0758984375; 35.6240234375
2026-09-14; 06:36:38; 406; 0; 26.86; 1010.1199609375; 35.6103515625
2026-09-14; 06:37:38; 406; 0; 26.89; 1010.17609375; 35.5673828125
2026-09-14; 06:38:38; 402; 0; 26.89; 1010.1400390625; 35.61328125
2026-09-14; 06:39:38; 402; 0; 26.87; 1010.1159375; 35.5888671875
2026-09-14; 06:40:38; 402; 0; 26.89; 1010.1680859375; 35.625
2026-09-14; 06:41:38; 402; 0; 26.89; 1010.1961328125; 35.61328125
2026-09-14; 06:42:38; 402; 0; 26.87; 1010.1640625; 35.5888671875
2026-09-14; 06:43:38; 402; 0; 26.87; 1010.1440234375; 35.599609375
2026-09-14; 06:44:38; 402; 0; 26.86; 1010.1841015625; 35.6455078125
2026-09-14; 06:45:38; 402; 0; 26.87; 1010.192109375; 35.6337890625
2026-09-14; 06:46:38; 400; 0; 26.88; 1010.188125; 35.6015625
2026-09-14; 06:47:38; 402; 0; 26.87; 1010.228203125; 35.6220703125
2026-09-14; 06:48:38; 402; 0; 26.9; 1010.240234375; 35.5791015625
2026-09-14; 06:49:38; 402; 0; 26.88; 1010.188125; 35.6123046875
2026-09-14; 06:50:38; 402; 0; 26.87; 1010.1440234375; 35.611328125
2026-09-14; 06:51:38; 400; 0; 26.88; 1010.24421875; 35.6240234375
2026-09-14; 06:52:38; 402; 0; 26.9; 1010.240234375; 35.6015625
2026-09-14; 06:53:38; 402; 0; 26.86; 1010.2682421875; 35.6220703125
2026-09-14; 06:54:38; 402; 0; 26.87; 1010.22015625; 35.6220703125
2026-09-14; 06:55:38; 402; 0; 26.88; 1010.24421875; 35.6240234375
2026-09-14; 06:56:38; 402; 0; 26.89; 1010.2322265625; 35.5791015625
2026-09-14; 06:57:38; 402; 0; 26.88; 1010.24421875; 35.6015625
2026-09-14; 06:58:38; 402; 0; 26.89; 1010.1680859375; 35.6015625
2026-09-14; 06:59:38; 400; 0; 26.9; 1010.26828125; 35.5908203125
2026-09-14; 07:00:38; 402; 0; 26.9; 1010.184140625; 35.5791015625
2026-09-14; 07:01:38; 400; 0; 26.9; 1010.1280078125; 35.5673828125
2026-09-14; 07:02:38; 402; 0; 26.9; 1010.136328125; 35.5908203125
2026-09-14; 07:03:38; 400; 0; 26.9; 1010.136328125; 35.5576171875
2026-09-14; 07:04:38; 402; 0; 26.92; 1010.112265625; 35.513671875
2026-09-14; 07:05:38; 402; 0; 26.9; 1010.1280078125; 35.5673828125
2026-09-14; 07:06:38; 400; 0; 26.9; 1010.136328125; 35.5908203125
2026-09-14; 07:07:38; 402; 0; 26.9; 1010.0999609375; 35.5908203125
2026-09-14; 07:08:38; 400; 0; 26.91; 1010.1162890625; 35.5576171875
2026-09-14; 07:09:38; 400; 0; 26.91; 1010.15234375; 35.5576171875
2026-09-14; 07:10:38; 407; 1; 26.92; 1010.160390625; 35.5126953125
2026-09-14; 07:11:38; 409; 1; 26.94; 1010.1924609375; 35.5146484375
2026-09-14; 07:12:38; 409; 1; 26.92; 1010.1884375; 35.53515625
2026-09-14; 07:13:38; 407; 1; 26.91; 1010.1162890625; 35.5576171875
2026-09-14; 07:14:38; 407; 1; 26.93; 1010.2044921875; 35.537109375
2026-09-14; 07:15:38; 407; 1; 26.94; 1010.1644140625; 35.50390625
2026-09-14; 07:16:38; 407; 1; 26.91; 1010.1162890625; 35.5810546875
2026-09-14; 07:17:38; 409; 1; 26.92; 1010.056171875; 35.5361328125
2026-09-14; 07:18:38; 407; 1; 26.93; 1010.1283203125; 35.4921875
2026-09-14; 07:19:39; 407; 1; 26.97; 1010.1002734375; 35.4716796875
2026-09-14; 07:20:39; 407; 1; 26.98; 1010.0605078125; 35.4384765625
2026-09-14; 07:21:39; 409; 1; 26.98; 1010.0685546875; 35.4501953125
2026-09-14; 07:22:39; 409; 1; 27.02; 1010.1246484375; 35.3505859375
2026-09-14; 07:23:39; 407; 1; 27.03; 1010.11265625; 35.36328125
2026-09-14; 07:24:39; 407; 1; 27.03; 1010.11265625; 35.3515625
2026-09-14; 07:25:39; 407; 1; 27.04; 1010.1008984375; 35.330078125
2026-09-14; 07:26:39; 409; 1; 27.0; 1010.128671875; 35.3837890625
2026-09-14; 07:27:39; 409; 1; 27.04; 1010.176796875; 35.3173828125
2026-09-14; 07:28:39; 409; 1; 27.01; 1010.1928125; 35.361328125
2026-09-14; 07:29:39; 407; 1; 27.0; 1010.15671875; 35.349609375
2026-09-14; 07:30:39; 407; 1; 27.03; 1010.216875; 35.33984375
2026-09-14; 07:31:39; 407; 1; 27.06; 1010.18140625; 35.2734375
2026-09-14; 07:32:39; 407; 1; 27.06; 1010.189453125; 35.2626953125
2026-09-14; 07:33:39; 407; 1; 27.08; 1010.1854296875; 35.2646484375
2026-09-14; 07:34:39; 407; 1; 27.09; 1010.2014453125; 35.2421875
2026-09-14; 07:35:39; 407; 1; 27.11; 1010.1857421875; 35.2099609375
2026-09-14; 07:36:39; 400; 0; 27.13; 1010.105546875; 35.1435546875
2026-09-14; 07:37:39; 409; 1; 27.18; 1010.0937890625; 35.078125
2026-09-14; 07:38:39; 417; 2; 27.63; 1010.1912890625; 34.3974609375
2026-09-14; 07:39:39; 413; 1; 27.61; 1010.18734375; 34.31640625
2026-09-14; 07:40:39; 409; 1; 27.53; 1010.2353125; 34.4580078125
2026-09-14; 07:41:39; 413; 1; 27.51; 1010.2511328125; 34.4794921875
2026-09-14; 07:42:39; 413; 1; 27.55; 1010.2874609375; 34.4365234375
2026-09-14; 07:43:39; 413; 1; 27.61; 1010.215390625; 34.361328125
2026-09-14; 07:44:39; 413; 1; 27.71; 1010.2840625; 34.4716796875
2026-09-14; 07:45:39; 409; 1; 27.82; 1010.34859375; 34.697265625
2026-09-14; 07:46:39; 400; 0; 27.94; 1010.3729296875; 34.9228515625
2026-09-14; 07:47:39; 407; 1; 28.05; 1010.316640625; 35.2265625
2026-09-14; 07:48:39; 405; 0; 28.12; 1010.401015625; 35.15234375
2026-09-14; 07:49:39; 403; 0; 28.2; 1010.3528125; 35.36328125
2026-09-14; 07:50:39; 400; 0; 28.22; 1010.4212890625; 35.2626953125
2026-09-14; 07:51:39; 400; 0; 28.28; 1010.3771484375; 35.8486328125
2026-09-14; 07:52:39; 403; 0; 28.27; 1010.44515625; 35.84765625
2026-09-14; 07:53:39; 400; 0; 28.32; 1010.461640625; 35.919921875
2026-09-14; 07:54:39; 400; 0; 28.29; 1010.49765625; 36.099609375
2026-09-14; 07:55:39; 400; 0; 28.34; 1010.4937109375; 36.5927734375
2026-09-14; 07:56:39; 400; 0; 28.43; 1010.497890625; 36.6806640625
2026-09-14; 07:57:39; 400; 0; 28.48; 1010.43765625; 36.2060546875
2026-09-14; 07:58:39; 403; 0; 28.57; 1010.4334375; 36.3271484375
2026-09-14; 07:59:39; 405; 0; 28.56; 1010.48171875; 36.884765625
2026-09-14; 08:00:39; 400; 0; 28.59; 1010.43734375; 37.3310546875
2026-09-14; 08:01:39; 403; 0; 28.6; 1010.51765625; 36.990234375
2026-09-14; 08:02:40; 405; 0; 28.64; 1010.4534765625; 37.654296875
2026-09-14; 08:03:40; 402; 0; 28.67; 1010.5296484375; 37.474609375
2026-09-14; 08:04:40; 400; 0; 28.71; 1010.509609375; 37.4658203125
2026-09-14; 08:05:40; 402; 0; 28.85; 1010.5655859375; 37.4208984375
2026-09-14; 08:06:40; 407; 1; 28.99; 1010.6137890625; 37.1591796875
2026-09-14; 08:07:40; 414; 2; 29.89; 1010.577578125; 36.1357421875
2026-09-14; 08:08:40; 416; 2; 30.65; 1010.551484375; 35.0048828125
2026-09-14; 08:09:40; 428; 4; 31.28; 1010.565078125; 34.044921875
2026-09-14; 08:10:40; 436; 5; 31.82; 1010.64296875; 33.41796875
2026-09-14; 08:11:40; 446; 7; 32.16; 1010.5771875; 32.890625
2026-09-14; 08:12:40; 454; 8; 32.46; 1010.5965625; 32.3603515625
2026-09-14; 08:13:40; 454; 8; 32.51; 1010.6483203125; 32.19140625
2026-09-14; 08:14:40; 454; 8; 32.37; 1010.6384765625; 32.4013671875
2026-09-14; 08:15:40; 461; 9; 32.78; 1010.6475; 31.865234375
2026-09-14; 08:16:40; 456; 8; 32.42; 1010.6256640625; 32.404296875
2026-09-14; 08:17:40; 454; 8; 32.33; 1010.6595703125; 32.5712890625
2026-09-14; 08:18:40; 456; 8; 32.29; 1010.67203125; 32.705078125
2026-09-14; 08:19:40; 454; 8; 32.19; 1010.6816796875; 32.892578125
2026-09-14; 08:20:40; 450; 7; 31.71; 1010.6646484375; 33.6279296875
2026-09-14; 08:21:40; 450; 7; 31.42; 1010.6603125; 34.1806640625
2026-09-14; 08:22:40; 441; 6; 31.25; 1010.6787109375; 34.5126953125
2026-09-14; 08:23:40; 441; 6; 31.16; 1010.6835546875; 34.7578125
2026-09-14; 08:24:40; 436; 5; 30.98; 1010.68546875; 35.064453125
2026-09-14; 08:25:40; 434; 5; 30.8; 1010.6510546875; 35.474609375
2026-09-14; 08:26:40; 428; 4; 30.82; 1010.6470703125; 35.408203125
2026-09-14; 08:27:40; 421; 3; 30.71; 1010.6842578125; 35.62890625
2026-09-14; 08:28:40; 425; 3; 30.57; 1010.600703125; 35.9716796875
2026-09-14; 08:29:40; 416; 2; 30.53; 1010.7259765625; 36.0712890625
2026-09-14; 08:30:40; 414; 2; 30.4; 1010.6666015625; 36.3017578125
2026-09-14; 08:31:40; 410; 1; 30.36; 1010.75171875; 36.390625
2026-09-14; 08:32:40; 407; 1; 30.34; 1010.7117578125; 36.4794921875
2026-09-14; 08:33:40; 400; 0; 30.33; 1010.6672265625; 36.4453125
2026-09-14; 08:34:40; 400; 0; 30.2; 1010.6442578125; 36.732421875
2026-09-14; 08:35:40; 403; 0; 30.16; 1010.713046875; 36.8427734375
2026-09-14; 08:36:40; 403; 0; 30.09; 1010.7215625; 36.9638671875
2026-09-14; 08:37:40; 400; 0; 30.03; 1010.7016015625; 37.17578125
2026-09-14; 08:38:40; 402; 0; 29.99; 1010.7019921875; 37.1953125
2026-09-14; 08:39:40; 407; 1; 30.01; 1010.7259765625; 37.1728515625
2026-09-14; 08:40:40; 402; 0; 29.95; 1010.67390625; 37.21484375
2026-09-14; 08:41:40; 400; 0; 29.92; 1010.71046875; 37.3955078125
2026-09-14; 08:42:40; 403; 0; 29.91; 1010.714375; 37.3369140625
2026-09-14; 08:43:40; 402; 0; 29.85; 1010.6542578125; 37.5380859375
2026-09-14; 08:44:40; 403; 0; 29.98; 1010.7702734375; 37.296875
2026-09-14; 08:45:41; 400; 0; 29.92; 1010.5976953125; 37.453125
2026-09-14; 08:46:41; 400; 0; 29.9; 1010.706328125; 37.5654296875
2026-09-14; 08:47:41; 400; 0; 29.91; 1010.714375; 37.53125
2026-09-14; 08:48:41; 403; 0; 29.95; 1010.6376953125; 37.6259765625
2026-09-14; 08:49:41; 402; 0; 29.91; 1010.6659375; 37.8515625
2026-09-14; 08:50:41; 400; 0; 29.91; 1010.72234375; 37.8515625
2026-09-14; 08:51:41; 406; 0; 29.87; 1010.6503515625; 38.224609375
2026-09-14; 08:52:41; 406; 0; 29.97; 1010.6696484375; 38.0625
2026-09-14; 08:53:41; 403; 0; 29.97; 1010.697890625; 38.107421875
2026-09-14; 08:54:41; 403; 0; 29.98; 1010.6292578125; 38.1767578125
2026-09-14; 08:55:41; 405; 0; 29.97; 1010.61328125; 38.1650390625
2026-09-14; 08:56:41; 400; 0; 30.04; 1010.604765625; 37.9873046875
2026-09-14; 08:57:41; 406; 0; 30.1; 1010.5965234375; 37.958984375
2026-09-14; 08:58:41; 406; 0; 30.09; 1010.628671875; 38.0263671875
2026-09-14; 08:59:41; 407; 1; 30.06; 1010.6367578125; 38.080078125
2026-09-14; 09:00:41; 407; 1; 30.13; 1010.5884375; 37.904296875
2026-09-14; 09:01:41; 407; 1; 30.11; 1010.6125390625; 37.9248046875
2026-09-14; 09:02:41; 403; 0; 30.17; 1010.6726171875; 37.8037109375
2026-09-14; 09:03:41; 400; 0; 30.17; 1010.7087890625; 37.8505859375
2026-09-14; 09:04:41; 400; 0; 30.15; 1010.725234375; 37.8828125
2026-09-14; 09:05:41; 403; 0; 30.18; 1010.753046875; 37.83984375
2026-09-14; 09:06:41; 402; 0; 30.29; 1010.800703125; 37.55078125
2026-09-14; 09:07:41; 403; 0; 30.35; 1010.7639453125; 37.4423828125
2026-09-14; 09:08:41; 400; 0; 30.44; 1010.7388671875; 37.220703125
2026-09-14; 09:09:41; 400; 0; 30.53; 1010.782421875; 37.1357421875
2026-09-14; 09:10:41; 400; 0; 30.61; 1010.7412890625; 36.9140625
2026-09-14; 09:11:41; 405; 0; 30.61; 1010.826015625; 36.9140625
2026-09-14; 09:12:41; 400; 0; 30.57; 1010.9111328125; 37.025390625
2026-09-14; 09:13:41; 400; 0; 30.58; 1010.786015625; 37.015625
2026-09-14; 09:14:41; 403; 0; 30.61; 1010.85421875; 36.970703125
2026-09-14; 09:15:41; 400; 0; 30.58; 1010.8626953125; 37.0712890625
2026-09-14; 09:16:41; 400; 0; 30.68; 1010.83390625; 36.8505859375
2026-09-14; 09:17:41; 401; 0; 30.7; 1010.7812109375; 36.7724609375
2026-09-14; 09:18:41; 400; 0; 30.67; 1010.8378515625; 36.861328125
2026-09-14; 09:19:41; 403; 0; 30.64; 1010.9307421875; 36.9384765625
2026-09-14; 09:20:41; 403; 0; 30.58; 1010.81421875; 37.060546875
2026-09-14; 09:21:41; 443; 6; 30.65; 1010.81359375; 36.8828125
2026-09-14; 09:22:41; 423; 3; 30.64; 1010.9589453125; 36.927734375
2026-09-14; 09:23:41; 414; 2; 30.64; 1010.8742578125; 36.9501953125
2026-09-14; 09:24:41; 400; 0; 30.63; 1010.9147265625; 37.0302734375
2026-09-14; 09:25:41; 403; 0; 30.61; 1010.8625390625; 37.0400390625
2026-09-14; 09:26:41; 400; 0; 30.64; 1010.882265625; 36.962890625
2026-09-14; 09:27:41; 405; 0; 30.74; 1010.865390625; 36.8095703125
2026-09-14; 09:28:42; 400; 0; 30.75; 1010.8896875; 36.7880859375
2026-09-14; 09:29:42; 400; 0; 30.84; 1010.8846875; 36.6689453125
2026-09-14; 09:30:42; 402; 0; 30.86; 1010.9166796875; 36.6025390625
2026-09-14; 09:31:42; 402; 0; 31.01; 1010.902890625; 36.31640625
2026-09-14; 09:32:42; 400; 0; 31.03; 1010.9069140625; 36.318359375
2026-09-14; 09:33:42; 405; 0; 31.19; 1010.864765625; 36.0673828125
2026-09-14; 09:34:42; 400; 0; 31.43; 1010.874140625; 35.615234375
2026-09-14; 09:35:42; 403; 0; 31.56; 1010.9208203125; 35.4541015625
2026-09-14; 09:36:42; 400; 0; 31.84; 1010.9011328125; 34.9814453125
2026-09-14; 09:37:42; 405; 0; 32.04; 1010.9102734375; 34.6640625
2026-09-14; 09:38:42; 408; 1; 32.44; 1010.9406640625; 34.02734375
2026-09-14; 09:39:42; 420; 3; 32.77; 1010.914765625; 33.521484375
2026-09-14; 09:40:42; 433; 5; 32.85; 1011.042734375; 33.3671875
2026-09-14; 09:41:42; 433; 5; 32.83; 1010.954140625; 33.4111328125
2026-09-14; 09:42:42; 445; 6; 32.91; 1011.005390625; 33.302734375
2026-09-14; 09:43:42; 454; 8; 33.04; 1010.9503515625; 33.150390625
2026-09-14; 09:44:42; 470; 10; 32.96; 1011.02078125; 33.271484375
2026-09-14; 09:45:42; 475; 11; 33.13; 1010.9525; 33.0419921875
2026-09-14; 09:46:42; 498; 14; 33.78; 1010.9677734375; 32.00390625
2026-09-14; 09:47:42; 498; 14; 33.98; 1010.9835546875; 31.6953125
2026-09-14; 09:48:42; 491; 13; 33.75; 1010.984375; 32.3134765625
2026-09-14; 09:49:42; 491; 13; 33.4; 1010.9434375; 33.083984375
2026-09-14; 09:50:42; 574; 26; 33.61; 1010.9671875; 33.4345703125
2026-09-14; 09:51:42; 627; 34; 33.77; 1010.9881640625; 33.9306640625
2026-09-14; 09:52:42; 683; 43; 34.43; 1011.0541015625; 32.5
2026-09-14; 09:53:42; 708; 46; 34.99; 1011.05171875; 31.3828125
2026-09-14; 09:54:42; 770; 56; 35.77; 1011.0497265625; 30.20703125
2026-09-14; 09:55:42; 806; 61; 36.44; 1011.0201953125; 29.1005859375
2026-09-14; 09:56:42; 848; 68; 37.16; 1011.0033203125; 28.12109375
2026-09-14; 09:57:42; 848; 68; 37.45; 1011.057890625; 27.8720703125
2026-09-14; 09:58:42; 865; 70; 37.72; 1011.0880078125; 27.771484375
2026-09-14; 09:59:42; 848; 68; 38.32; 1011.1338671875; 27.2470703125
2026-09-14; 10:00:42; 787; 58; 37.29; 1011.059765625; 28.4208984375
2026-09-14; 10:01:42; 795; 60; 37.6; 1011.1173828125; 28.23046875
2026-09-14; 10:02:42; 815; 63; 38.2; 1011.0934375; 27.4619140625
2026-09-14; 10:03:42; 853; 69; 38.45; 1011.140546875; 27.033203125
2026-09-14; 10:04:42; 848; 68; 37.87; 1011.0619921875; 28.025390625
2026-09-14; 10:05:42; 874; 72; 37.6; 1011.182421875; 28.544921875
2026-09-14; 10:06:42; 874; 72; 37.45; 1011.1434765625; 28.6640625
2026-09-14; 10:07:42; 834; 66; 37.44; 1011.0990625; 28.5458984375
2026-09-14; 10:08:42; 795; 60; 37.1; 1011.1153515625; 28.9794921875
2026-09-14; 10:09:42; 787; 58; 37.81; 1011.194921875; 28.1494140625
2026-09-14; 10:10:42; 735; 51; 37.32; 1011.1153125; 28.841796875
2026-09-14; 10:11:43; 715; 47; 37.04; 1011.2194140625; 29.2666015625
2026-09-14; 10:12:43; 675; 41; 36.94; 1011.2598828125; 29.3994140625
2026-09-14; 10:13:43; 672; 41; 37.6; 1011.2030078125; 28.4521484375
2026-09-14; 10:14:43; 659; 39; 38.36; 1011.3116015625; 27.3779296875
2026-09-14; 10:15:43; 607; 31; 38.11; 1011.25671875; 27.689453125
2026-09-14; 10:16:43; 567; 25; 37.4; 1011.1779296875; 28.671875
2026-09-14; 10:17:43; 523; 18; 36.5; 1011.193359375; 30.115234375
2026-09-14; 10:18:43; 523; 18; 35.75; 1011.2168359375; 31.4580078125
2026-09-14; 10:19:43; 537; 20; 35.43; 1011.177734375; 31.8408203125
2026-09-14; 10:20:43; 549; 22; 35.81; 1011.178203125; 31.357421875
2026-09-14; 10:21:43; 517; 17; 35.3; 1011.23390625; 31.9375
2026-09-14; 10:22:43; 485; 12; 34.95; 1011.21546875; 32.4794921875
2026-09-14; 10:23:43; 463; 9; 34.76; 1011.2686328125; 32.89453125
2026-09-14; 10:24:43; 445; 6; 34.86; 1011.1849609375; 32.7275390625
2026-09-14; 10:25:43; 420; 3; 34.92; 1011.2037890625; 32.6630859375
2026-09-14; 10:26:43; 400; 0; 34.68; 1011.169375; 32.8994140625
2026-09-14; 10:27:43; 400; 0; 34.44; 1011.248359375; 33.3212890625
2026-09-14; 10:28:43; 413; 1; 34.27; 1011.2605859375; 34.0595703125
2026-09-14; 10:29:43; 420; 3; 33.96; 1011.198828125; 34.39453125
2026-09-14; 10:30:43; 450; 7; 34.04; 1011.1850390625; 34.30859375
2026-09-14; 10:31:43; 482; 12; 34.08; 1011.212421875; 34.6337890625
2026-09-14; 10:32:43; 530; 19; 33.97; 1011.243125; 34.9609375
2026-09-14; 10:33:43; 588; 28; 33.97; 1011.1946484375; 35.1455078125
2026-09-14; 10:34:43; 666; 40; 33.96; 1011.2271875; 35.1552734375
2026-09-14; 10:35:43; 770; 56; 34.0; 1011.2424609375; 35.458984375
2026-09-14; 10:36:43; 874; 72; 34.16; 1011.2266796875; 35.2978515625
2026-09-14; 10:37:43; 970; 86; 34.18; 1011.173671875; 35.2646484375
2026-09-14; 10:38:43; 1110; 108; 34.01; 1011.2300390625; 35.794921875
2026-09-14; 10:39:43; 1238; 127; 34.05; 1011.257734375; 35.6591796875
2026-09-14; 10:40:43; 1367; 147; 33.98; 1011.26734375; 36.103515625
2026-09-14; 10:41:43; 1500; 172; 34.04; 1011.2133984375; 36.2705078125
2026-09-14; 10:42:43; 1535; 196; 33.93; 1011.2361328125; 36.4453125
2026-09-14; 10:43:43; 1581; 229; 33.92; 1011.276953125; 36.60546875
2026-09-14; 10:44:43; 1621; 265; 33.74; 1011.195390625; 37.041015625
2026-09-14; 10:45:43; 1654; 293; 33.6; 1011.263203125; 37.3642578125
2026-09-14; 10:46:43; 1694; 332; 34.16; 1011.3118359375; 36.41796875
2026-09-14; 10:47:43; 1730; 367; 34.34; 1011.250859375; 35.7041015625
2026-09-14; 10:48:43; 1741; 381; 34.4; 1011.26953125; 35.5244140625
2026-09-14; 10:49:43; 1723; 360; 34.53; 1011.185546875; 35.1767578125
2026-09-14; 10:50:43; 1704; 344; 35.19; 1011.1924609375; 34.2431640625
2026-09-14; 10:51:43; 1704; 344; 35.69; 1011.243203125; 32.9599609375
2026-09-14; 10:52:43; 1648; 288; 35.49; 1011.2086328125; 33.1435546875
2026-09-14; 10:53:43; 1615; 260; 35.95; 1011.158125; 32.283203125
2026-09-14; 10:54:44; 1606; 249; 36.88; 1011.2212890625; 31.197265625
2026-09-14; 10:55:44; 1611; 256; 37.4; 1011.1494140625; 30.51171875
2026-09-14; 10:56:44; 1611; 256; 37.77; 1011.1311328125; 29.9072265625
2026-09-14; 10:57:44; 1611; 256; 37.83; 1011.2190234375; 29.583984375
2026-09-14; 10:58:44; 1615; 260; 37.17; 1011.21890625; 30.54296875
2026-09-14; 10:59:44; 1621; 265; 36.95; 1011.21875; 30.947265625
2026-09-14; 11:00:44; 1611; 256; 36.87; 1011.1483984375; 30.98828125
2026-09-14; 11:01:44; 1585; 232; 36.81; 1011.195; 30.9140625
2026-09-14; 11:02:44; 1581; 229; 37.33; 1011.0950390625; 30.1923828125
2026-09-14; 11:03:44; 1611; 256; 37.54; 1011.0583203125; 30.16015625
2026-09-14; 11:04:44; 1627; 269; 37.58; 1011.150625; 30.0234375
2026-09-14; 11:05:44; 1621; 265; 37.43; 1011.17671875; 30.0595703125
2026-09-14; 11:06:44; 1568; 220; 36.66; 1011.1350390625; 30.7412109375
2026-09-14; 11:07:44; 1496; 169; 36.6; 1011.075859375; 30.9931640625
2026-09-14; 11:08:44; 1248; 129; 36.43; 1011.089765625; 31.0517578125
2026-09-14; 11:09:44; 949; 83; 36.08; 1011.052265625; 30.5634765625
2026-09-14; 11:10:44; 682; 42; 35.96; 1010.9542578125; 31.47265625
2026-09-14; 11:11:44; 620; 33; 36.08; 1011.0317578125; 31.9912109375
2026-09-14; 11:12:44; 697; 45; 35.99; 1011.0227734375; 32.0654296875
2026-09-14; 11:13:44; 732; 50; 35.77; 1011.00078125; 32.4677734375
2026-09-14; 11:14:44; 798; 60; 35.4; 1011.0360546875; 33.1015625
2026-09-14; 11:15:44; 882; 73; 35.21; 1011.0050390625; 33.3544921875
2026-09-14; 11:16:44; 882; 73; 35.13; 1011.125078125; 33.6142578125
2026-09-14; 11:17:44; 819; 63; 35.11; 1011.0932421875; 33.265625
2026-09-14; 11:18:44; 735; 51; 35.02; 1011.0793359375; 33.5380859375
2026-09-14; 11:19:44; 757; 54; 35.01; 1011.0633984375; 33.802734375
2026-09-14; 11:20:44; 798; 60; 35.06; 1011.1350390625; 33.8984375
2026-09-14; 11:21:44; 915; 78; 34.96; 1011.0972265625; 34.2041015625
2026-09-14; 11:22:44; 1004; 92; 35.11; 1011.121640625; 33.994140625
2026-09-14; 11:23:44; 1110; 108; 35.12; 1011.1091796875; 34.1806640625
2026-09-14; 11:24:44; 1228; 126; 35.08; 1011.0534375; 34.189453125
2026-09-14; 11:25:44; 1330; 141; 34.79; 1011.0891015625; 35.0234375
2026-09-14; 11:26:44; 1458; 161; 34.46; 1011.1385546875; 35.3681640625
2026-09-14; 11:27:44; 1507; 177; 34.39; 1011.103671875; 35.408203125
2026-09-14; 11:28:44; 1516; 182; 34.14; 1011.0608203125; 35.447265625
2026-09-14; 11:29:44; 1474; 163; 34.01; 1011.0233984375; 35.748046875
2026-09-14; 11:30:44; 1458; 161; 33.91; 1011.0623828125; 35.9248046875
2026-09-14; 11:31:44; 1495; 166; 33.93; 1011.0942578125; 35.8798828125
2026-09-14; 11:32:44; 1496; 169; 33.96; 1011.0648828125; 35.8251953125
2026-09-14; 11:33:44; 1458; 161; 33.88; 1011.1354296875; 35.8759765625
2026-09-14; 11:34:44; 1495; 166; 33.82; 1011.0394921875; 36.287109375
2026-09-14; 11:35:44; 1500; 172; 33.71; 1011.0341015625; 36.208984375
2026-09-14; 11:36:44; 1516; 182; 33.59; 1011.012421875; 36.7060546875
2026-09-14; 11:37:45; 1535; 196; 33.53; 1011.0378515625; 36.5869140625
2026-09-14; 11:38:45; 1535; 196; 33.48; 1010.9658203125; 36.65234375
2026-09-14; 11:39:45; 1544; 203; 33.44; 1010.95875; 36.5791015625
2026-09-14; 11:40:45; 1581; 229; 33.44; 1010.930390625; 36.7294921875
2026-09-14; 11:41:45; 1555; 209; 33.49; 1011.002109375; 36.5712890625
2026-09-14; 11:42:45; 1535; 196; 33.73; 1011.0092578125; 36.3720703125
2026-09-14; 11:43:45; 1507; 177; 33.7; 1010.9898046875; 36.6796875
2026-09-14; 11:44:45; 1474; 163; 33.91; 1011.005625; 35.625
2026-09-14; 11:45:45; 65535; 65535; 34.18; 1010.9465625; 35.1728515625
2026-09-14; 11:46:45; 1299; 136; 34.43; 1011.0256640625; 34.3955078125
2026-09-14; 11:47:45; 1184; 119; 34.61; 1011.02921875; 34.119140625
2026-09-14; 11:48:45; 1086; 104; 34.63; 1011.0246484375; 34.1787109375
2026-09-14; 11:49:45; 905; 76; 34.67; 1011.01140625; 33.8466796875
2026-09-14; 11:50:45; 783; 58; 34.44; 1011.021171875; 33.7607421875
2026-09-14; 11:51:45; 682; 42; 34.26; 1011.0175390625; 34.0234375
2026-09-14; 11:52:45; 611; 32; 34.19; 1010.9704296875; 33.97265625
2026-09-14; 11:53:45; 537; 20; 34.13; 1011.0653125; 33.98046875
2026-09-14; 11:54:45; 470; 10; 34.05; 1011.0023046875; 33.9853515625
2026-09-14; 11:55:45; 415; 2; 33.99; 1010.9915234375; 34.0966796875
2026-09-14; 11:56:45; 400; 0; 33.84; 1011.006953125; 34.3046875
2026-09-14; 11:57:45; 403; 0; 33.78; 1010.996171875; 34.1845703125
2026-09-14; 11:58:45; 400; 0; 33.62; 1010.9751171875; 34.2880859375
2026-09-14; 11:59:45; 400; 0; 33.59; 1010.9919921875; 34.240234375
2026-09-14; 12:00:45; 400; 0; 33.56; 1010.9075390625; 34.0869140625
2026-09-14; 12:01:45; 400; 0; 33.4; 1010.9434375; 34.4208984375
2026-09-14; 12:02:45; 402; 0; 33.33; 1010.9809375; 34.5087890625
2026-09-14; 12:03:45; 408; 1; 33.31; 1010.89234375; 34.9453125
2026-09-14; 12:04:45; 410; 1; 33.24; 1010.91421875; 34.9736328125
2026-09-14; 12:05:45; 433; 5; 33.23; 1010.9062109375; 35.6875
2026-09-14; 12:06:45; 450; 7; 33.25; 1010.9584765625; 35.9765625
2026-09-14; 12:07:45; 476; 11; 33.23; 1010.9265625; 35.353515625
2026-09-14; 12:08:45; 480; 12; 33.26; 1010.9540234375; 35.6435546875
2026-09-14; 12:09:45; 472; 10; 33.25; 1010.8451171875; 35.884765625
2026-09-14; 12:10:45; 487; 13; 33.23; 1010.9062109375; 35.8828125
2026-09-14; 12:11:45; 523; 18; 33.26; 1010.861015625; 35.9423828125
2026-09-14; 12:12:45; 553; 23; 33.3; 1010.8197265625; 36.142578125
2026-09-14; 12:13:45; 574; 26; 33.32; 1010.879921875; 36.0625
2026-09-14; 12:14:45; 629; 34; 33.31; 1010.884375; 36.44140625
2026-09-14; 12:15:45; 679; 42; 33.38; 1010.9112109375; 36.55078125
2026-09-14; 12:16:45; 733; 50; 33.38; 1010.826171875; 36.7119140625
2026-09-14; 12:17:45; 795; 60; 33.49; 1010.9454296875; 36.5595703125
2026-09-14; 12:18:45; 863; 70; 33.53; 1010.9164453125; 36.0556640625
2026-09-14; 12:19:45; 925; 79; 33.6; 1010.9148828125; 36.2236328125
2026-09-14; 12:20:46; 1038; 97; 33.68; 1010.9008984375; 36.35546875
2026-09-14; 12:21:46; 1110; 108; 33.59; 1010.898984375; 36.6376953125
2026-09-14; 12:22:46; 1077; 103; 33.48; 1010.9658203125; 35.5576171875
2026-09-14; 12:23:46; 1029; 95; 33.47; 1010.978203125; 35.4765625
2026-09-14; 12:24:46; 1001; 91; 33.4; 1010.923046875; 35.7236328125
2026-09-14; 12:25:46; 1009; 92; 33.28; 1010.872578125; 36.013671875
2026-09-14; 12:26:46; 990; 89; 33.25; 1010.9301171875; 36.322265625
2026-09-14; 12:27:46; 1009; 92; 33.38; 1010.8628125; 36.0908203125
2026-09-14; 12:28:46; 1068; 101; 33.46; 1010.897578125; 36.189453125
2026-09-14; 12:29:46; 1137; 112; 33.5; 1010.8766015625; 36.158203125
2026-09-14; 12:30:46; 1207; 122; 33.51; 1010.8925390625; 36.4921875
2026-09-14; 12:31:46; 1137; 112; 33.36; 1010.9156640625; 35.501953125
2026-09-14; 12:32:46; 967; 86; 33.15; 1010.9200390625; 35.427734375
2026-09-14; 12:33:46; 863; 70; 33.11; 1010.892265625; 35.517578125
2026-09-14; 12:34:46; 806; 61; 33.08; 1010.8928515625; 35.767578125
2026-09-14; 12:35:46; 785; 58; 33.02; 1010.9184765625; 35.7978515625
2026-09-14; 12:36:46; 785; 58; 32.96; 1010.9358203125; 35.908203125
2026-09-14; 12:37:46; 770; 56; 32.96; 1010.9358203125; 35.9658203125
2026-09-14; 12:38:46; 712; 47; 32.87; 1010.9049609375; 35.9931640625
2026-09-14; 12:39:46; 712; 47; 32.77; 1010.922734375; 36.1806640625
2026-09-14; 12:40:46; 665; 40; 32.81; 1010.9505859375; 36.068359375
2026-09-14; 12:41:46; 652; 38; 32.81; 1010.9505859375; 36.171875
2026-09-14; 12:42:46; 634; 35; 32.7; 1010.972734375; 36.140625
2026-09-14; 12:43:46; 607; 31; 32.68; 1011.0054296875; 36.1162109375
2026-09-14; 12:44:46; 569; 25; 32.71; 1011.0169921875; 36.0146484375
2026-09-14; 12:45:46; 548; 22; 32.71; 1011.025; 35.9345703125
2026-09-14; 12:46:46; 523; 18; 32.62; 1010.966015625; 36.0537109375
2026-09-14; 12:47:46; 480; 12; 32.58; 1011.0514453125; 36.1083984375
2026-09-14; 12:48:46; 447; 7; 32.56; 1010.983203125; 36.5087890625
2026-09-14; 12:49:46; 439; 5; 32.55; 1011.00359375; 36.404296875
2026-09-14; 12:50:46; 435; 5; 32.57; 1011.0558203125; 36.3486328125
2026-09-14; 12:51:46; 447; 7; 32.56; 1011.03984375; 36.34765625
2026-09-14; 12:52:46; 472; 10; 32.59; 1010.9824609375; 36.4658203125
2026-09-14; 12:53:46; 498; 14; 32.61; 1010.9863671875; 36.501953125
2026-09-14; 12:54:46; 530; 19; 32.53; 1010.9916796875; 36.7705078125
2026-09-14; 12:55:46; 566; 25; 32.55; 1010.9673046875; 36.6689453125
2026-09-14; 12:56:46; 620; 33; 32.56; 1010.954921875; 36.623046875
2026-09-14; 12:57:46; 657; 39; 32.59; 1010.946171875; 36.92578125
2026-09-14; 12:58:46; 712; 47; 32.62; 1010.966015625; 36.7666015625
2026-09-14; 12:59:46; 770; 56; 32.64; 1010.9412890625; 36.7451171875
2026-09-14; 13:00:46; 806; 61; 32.67; 1010.90453125; 36.6669921875
2026-09-14; 13:01:46; 895; 75; 32.72; 1010.94796875; 36.61328125
2026-09-14; 13:02:46; 959; 85; 32.73; 1010.935625; 36.453125
2026-09-14; 13:03:47; 1009; 92; 32.73; 1011.000234375; 36.603515625
2026-09-14; 13:04:47; 1090; 105; 32.7; 1010.980703125; 36.6240234375
2026-09-14; 13:05:47; 1144; 113; 32.72; 1010.94796875; 36.728515625
2026-09-14; 13:06:47; 1198; 121; 32.73; 1010.935625; 36.6826171875
2026-09-14; 13:07:47; 1307; 138; 32.66; 1011.0015234375; 36.8505859375
2026-09-14; 13:08:47; 1432; 157; 32.74; 1010.9235546875; 36.396484375
2026-09-14; 13:09:47; 1432; 157; 32.76; 1010.906796875; 36.421875
2026-09-14; 13:10:47; 1432; 157; 32.76; 1010.9351171875; 36.099609375
2026-09-14; 13:11:47; 1432; 157; 32.83; 1010.848828125; 36.046875
2026-09-14; 13:12:47; 1441; 158; 32.87; 1010.791640625; 36.0849609375
2026-09-14; 13:13:47; 1432; 157; 32.94; 1010.90359375; 35.9521484375
2026-09-14; 13:14:47; 1393; 151; 33.0; 1010.821640625; 35.7265625
2026-09-14; 13:15:47; 1393; 151; 32.92; 1010.9080078125; 35.8134765625
2026-09-14; 13:16:47; 1432; 157; 33.06; 1010.889296875; 35.685546875
2026-09-14; 13:17:47; 1441; 158; 33.14; 1010.87546875; 35.5302734375
2026-09-14; 13:18:47; 1494; 168; 33.09; 1010.852421875; 35.595703125
2026-09-14; 13:19:47; 1504; 174; 33.15; 1010.8713671875; 35.5439453125
2026-09-14; 13:20:47; 1529; 191; 33.15; 1010.863359375; 35.4970703125
2026-09-14; 13:21:47; 1536; 196; 33.19; 1010.7854296875; 35.4765625
2026-09-14; 13:22:47; 1562; 216; 33.21; 1010.8456640625; 35.5244140625
2026-09-14; 13:23:47; 1581; 229; 33.24; 1010.8937890625; 35.4697265625
2026-09-14; 13:24:47; 1598; 244; 33.27; 1010.7919140625; 35.275390625
2026-09-14; 13:25:47; 1621; 265; 33.27; 1010.8769921875; 35.3330078125
2026-09-14; 13:26:47; 1640; 281; 33.24; 1010.7441015625; 35.365234375
2026-09-14; 13:27:47; 1642; 284; 33.23; 1010.8212109375; 35.3759765625
2026-09-14; 13:28:47; 1656; 295; 33.21; 1010.7686328125; 35.3984375
2026-09-14; 13:29:47; 1667; 305; 33.25; 1010.7884375; 35.3662109375
2026-09-14; 13:30:47; 1686; 325; 33.26; 1010.8406640625; 35.263671875
2026-09-14; 13:31:47; 1696; 335; 33.26; 1010.8406640625; 35.287109375
2026-09-14; 13:32:47; 1705; 345; 33.24; 1010.8087890625; 35.3203125
2026-09-14; 13:33:47; 1710; 349; 33.26; 1010.8043359375; 35.2861328125
2026-09-14; 13:34:47; 1723; 360; 33.3; 1010.87640625; 35.208984375
2026-09-14; 13:35:47; 1723; 360; 33.33; 1010.77453125; 35.107421875
2026-09-14; 13:36:47; 1728; 365; 33.31; 1010.7789453125; 35.140625
2026-09-14; 13:37:47; 1739; 379; 33.31; 1010.884375; 35.197265625
2026-09-14; 13:38:47; 1739; 379; 33.32; 1010.7585546875; 35.1533203125
2026-09-14; 13:39:47; 1749; 390; 33.27; 1010.76359375; 35.2177734375
2026-09-14; 13:40:47; 1772; 417; 33.29; 1010.7674609375; 35.150390625
2026-09-14; 13:41:47; 1772; 417; 33.27; 1010.6581640625; 35.1611328125
2026-09-14; 13:42:47; 1775; 422; 33.26; 1010.74765625; 35.1591796875
2026-09-14; 13:43:47; 1780; 428; 33.23; 1010.679453125; 35.21484375
2026-09-14; 13:44:47; 1780; 428; 33.25; 1010.711328125; 35.1826171875
2026-09-14; 13:45:47; 1795; 444; 33.2; 1010.75265625; 35.224609375
2026-09-14; 13:46:48; 1800; 450; 33.2; 1010.6880078125; 35.212890625
2026-09-14; 13:47:48; 1817; 471; 33.2; 1010.6959765625; 35.1904296875
2026-09-14; 13:48:48; 1811; 463; 33.14; 1010.7133984375; 35.3466796875
2026-09-14; 13:49:48; 1822; 477; 33.15; 1010.6933203125; 35.3125
2026-09-14; 13:50:48; 1827; 483; 33.12; 1010.70984375; 35.322265625
2026-09-14; 13:51:48; 1827; 483; 33.07; 1010.7351953125; 35.4443359375
2026-09-14; 13:52:48; 1834; 494; 33.01; 1010.667578125; 35.5546875
2026-09-14; 13:53:48; 1839; 501; 33.0; 1010.6799609375; 35.4736328125
2026-09-14; 13:54:48; 1852; 519; 32.95; 1010.6365234375; 35.5966796875
2026-09-14; 13:55:48; 1846; 509; 32.99; 1010.7286328125; 35.5078125
2026-09-14; 13:56:48; 1852; 519; 33.05; 1010.675; 35.3974609375
2026-09-14; 13:57:48; 1863; 535; 33.05; 1010.7033203125; 35.408203125
2026-09-14; 13:58:48; 1877; 550; 33.01; 1010.590859375; 35.4169921875
2026-09-14; 13:59:48; 1890; 571; 33.01; 1010.5542578125; 35.4052734375
2026-09-14; 14:00:48; 1884; 561; 33.02; 1010.598828125; 35.40625
2026-09-14; 14:01:48; 1884; 561; 32.98; 1010.6197265625; 35.4716796875
2026-09-14; 14:02:48; 1895; 579; 32.98; 1010.5993359375; 35.47265625
2026-09-14; 14:03:48; 1895; 579; 32.96; 1010.6728515625; 35.5166015625
2026-09-14; 14:04:48; 1915; 609; 32.89; 1010.625546875; 35.396484375
2026-09-14; 14:05:48; 1915; 609; 32.85; 1010.5974609375; 35.34765625
2026-09-14; 14:06:48; 1863; 535; 32.85; 1010.5974609375; 35.244140625
2026-09-14; 14:07:48; 1795; 444; 32.84; 1010.581484375; 35.173828125
2026-09-14; 14:08:48; 1739; 379; 32.82; 1010.5699609375; 35.171875
2026-09-14; 14:09:48; 1691; 330; 32.79; 1010.6351171875; 35.1923828125
2026-09-14; 14:10:48; 65535; 65535; 32.81; 1010.646953125; 35.0791015625
2026-09-14; 14:11:48; 1585; 232; 32.71; 1010.628515625; 35.1865234375
2026-09-14; 14:12:48; 1533; 194; 32.69; 1010.5965625; 35.138671875
2026-09-14; 14:13:48; 1441; 158; 32.72; 1010.5798046875; 35.072265625
2026-09-14; 14:14:48; 1307; 138; 32.65; 1010.5121484375; 35.11328125
2026-09-14; 14:15:48; 1156; 115; 32.64; 1010.601484375; 35.1005859375
2026-09-14; 14:16:48; 1038; 97; 32.63; 1010.5651953125; 35.0087890625
2026-09-14; 14:17:48; 920; 79; 32.63; 1010.5651953125; 34.974609375
2026-09-14; 14:18:48; 832; 65; 32.68; 1010.516015625; 34.8505859375
2026-09-14; 14:19:48; 778; 57; 32.65; 1010.5041796875; 35.1240234375
2026-09-14; 14:20:48; 742; 52; 32.63; 1010.480234375; 34.951171875
2026-09-14; 14:21:48; 749; 53; 32.61; 1010.4766796875; 35.1337890625
2026-09-14; 14:22:48; 728; 49; 32.72; 1010.438203125; 34.830078125
2026-09-14; 14:23:48; 712; 47; 32.76; 1010.4253125; 34.8681640625
2026-09-14; 14:24:48; 683; 43; 32.83; 1010.4726171875; 34.7119140625
2026-09-14; 14:25:48; 699; 45; 32.77; 1010.43328125; 34.833984375
2026-09-14; 14:26:48; 712; 47; 32.8; 1010.37578125; 34.802734375
2026-09-14; 14:27:48; 742; 52; 32.85; 1010.399140625; 34.7490234375
2026-09-14; 14:28:48; 785; 58; 32.85; 1010.399140625; 34.8408203125
2026-09-14; 14:29:49; 832; 65; 32.87; 1010.4883203125; 34.7275390625
2026-09-14; 14:30:49; 902; 76; 32.86; 1010.415390625; 34.73828125
2026-09-14; 14:31:49; 981; 88; 32.89; 1010.39890625; 34.6943359375
2026-09-14; 14:32:49; 1029; 95; 32.87; 1010.3466796875; 34.7158203125
2026-09-14; 14:33:49; 1077; 103; 32.91; 1010.4308203125; 34.71875
2026-09-14; 14:34:49; 1156; 115; 32.84; 1010.3469140625; 34.83984375
2026-09-14; 14:35:49; 1252; 129; 32.87; 1010.3950390625; 34.7734375
2026-09-14; 14:36:49; 1385; 150; 32.83; 1010.310625; 34.8154296875
2026-09-14; 14:37:49; 1462; 161; 32.84; 1010.3548828125; 34.8056640625
2026-09-14; 14:38:49; 1508; 177; 32.88; 1010.38296875; 34.76171875
2026-09-14; 14:39:49; 1529; 191; 32.84; 1010.269921875; 34.7939453125
2026-09-14; 14:40:49; 1546; 204; 32.85; 1010.2858203125; 34.806640625
2026-09-14; 14:41:49; 1566; 219; 32.83; 1010.274296875; 34.8505859375
2026-09-14; 14:42:49; 1585; 232; 32.87; 1010.2900390625; 34.76171875
2026-09-14; 14:43:49; 1608; 254; 32.85; 1010.2858203125; 34.806640625
2026-09-14; 14:44:49; 1621; 265; 32.88; 1010.29796875; 34.7275390625
2026-09-14; 14:45:49; 1635; 277; 32.92; 1010.2847265625; 34.662109375
2026-09-14; 14:46:49; 1647; 287; 32.89; 1010.3139453125; 34.728515625
2026-09-14; 14:47:49; 1663; 301; 32.9; 1010.2448828125; 34.68359375
2026-09-14; 14:48:49; 1667; 305; 32.89; 1010.257265625; 34.716796875
2026-09-14; 14:49:49; 1682; 321; 32.87; 1010.233359375; 34.7158203125
2026-09-14; 14:50:49; 1691; 330; 32.87; 1010.1967578125; 34.7392578125
2026-09-14; 14:51:49; 1701; 340; 32.85; 1010.2291796875; 34.7255859375
2026-09-14; 14:52:49; 1705; 345; 32.88; 1010.3059375; 34.705078125
2026-09-14; 14:53:49; 1717; 355; 32.88; 1010.2696875; 34.6923828125
2026-09-14; 14:54:49; 1728; 365; 32.84; 1010.2052734375; 34.712890625
2026-09-14; 14:55:49; 1728; 365; 32.88; 1010.2776171875; 34.681640625
2026-09-14; 14:56:49; 1744; 385; 32.88; 1010.2776171875; 34.6591796875
2026-09-14; 14:57:49; 1744; 385; 32.88; 1010.326328125; 34.646484375
2026-09-14; 14:58:49; 1756; 396; 32.84; 1010.269921875; 34.6904296875
2026-09-14; 14:59:49; 1761; 404; 32.84; 1010.2619140625; 34.701171875
2026-09-14; 15:00:49; 1772; 417; 32.86; 1010.2737890625; 34.6572265625
2026-09-14; 15:01:49; 1775; 422; 32.82; 1010.351328125; 34.677734375
2026-09-14; 15:02:49; 1775; 422; 32.79; 1010.2465234375; 34.744140625
2026-09-14; 15:03:49; 1775; 422; 32.72; 1010.26828125; 34.8876953125
2026-09-14; 15:04:49; 1780; 428; 32.73; 1010.2559375; 34.8193359375
2026-09-14; 15:05:49; 1787; 435; 32.69; 1010.2284375; 34.8974609375
2026-09-14; 15:06:49; 1787; 435; 32.69; 1010.1355078125; 34.8857421875
2026-09-14; 15:07:49; 1800; 450; 32.71; 1010.2886328125; 34.853515625
2026-09-14; 15:08:49; 1805; 456; 32.68; 1010.1841796875; 34.8857421875
2026-09-14; 15:09:49; 1811; 463; 32.65; 1010.249296875; 34.9169921875
2026-09-14; 15:10:49; 1811; 463; 32.68; 1010.261171875; 34.908203125
2026-09-14; 15:11:49; 1817; 471; 32.7; 1010.1876953125; 34.818359375
2026-09-14; 15:12:50; 1822; 477; 32.72; 1010.219609375; 34.8310546875
2026-09-14; 15:13:50; 1827; 483; 32.76; 1010.3119921875; 34.73046875
2026-09-14; 15:14:50; 1834; 494; 32.79; 1010.266875; 34.640625
2026-09-14; 15:15:50; 1834; 494; 32.78; 1010.2589453125; 34.673828125
2026-09-14; 15:16:50; 1839; 501; 32.76; 1010.162421875; 34.70703125
2026-09-14; 15:17:50; 1834; 494; 32.71; 1010.203671875; 34.7958984375
2026-09-14; 15:18:50; 1834; 494; 32.71; 1010.195703125; 34.7724609375
2026-09-14; 15:19:50; 1839; 501; 32.7; 1010.179765625; 34.771484375
2026-09-14; 15:20:50; 1846; 509; 32.69; 1010.1637890625; 34.7822265625
2026-09-14; 15:21:50; 1846; 509; 32.66; 1010.18828125; 34.8154296875
2026-09-14; 15:22:50; 1852; 519; 32.62; 1010.1165234375; 34.880859375
2026-09-14; 15:23:50; 1852; 519; 32.6; 1010.1775390625; 34.9248046875
2026-09-14; 15:24:50; 1852; 519; 32.59; 1010.1330078125; 34.9013671875
2026-09-14; 15:25:50; 1857; 526; 32.58; 1010.08875; 34.9013671875
2026-09-14; 15:26:50; 1863; 535; 32.57; 1010.1294140625; 34.900390625
2026-09-14; 15:27:50; 1870; 543; 32.54; 1010.138203125; 34.978515625
2026-09-14; 15:28:50; 1863; 535; 32.53; 1010.113984375; 34.98828125
2026-09-14; 15:29:50; 1863; 535; 32.47; 1010.13953125; 35.0537109375
2026-09-14; 15:30:50; 1877; 550; 32.47; 1010.11125; 35.064453125
2026-09-14; 15:31:50; 1877; 550; 32.45; 1010.10734375; 35.0859375
2026-09-14; 15:32:50; 1884; 561; 32.51; 1010.0537890625; 35.021484375
2026-09-14; 15:33:50; 1884; 561; 32.46; 1010.1153125; 35.0751953125
2026-09-14; 15:34:50; 1884; 561; 32.45; 1010.099375; 35.07421875
2026-09-14; 15:35:50; 1890; 571; 32.45; 1010.1559765625; 35.0400390625
2026-09-14; 15:36:50; 1890; 571; 32.43; 1010.1320703125; 35.0966796875
2026-09-14; 15:37:50; 1884; 561; 32.47; 1010.1315625; 34.9833984375
2026-09-14; 15:38:50; 1890; 571; 32.44; 1010.1196875; 35.07421875
2026-09-14; 15:39:50; 1890; 571; 32.45; 1010.0710546875; 35.05078125
2026-09-14; 15:40:50; 1895; 579; 32.51; 1010.1104296875; 34.9296875
2026-09-14; 15:41:50; 1895; 579; 32.5; 1010.0378515625; 34.90625
2026-09-14; 15:42:50; 1895; 579; 32.51; 1009.9971484375; 34.8955078125
2026-09-14; 15:43:50; 1902; 588; 32.49; 1010.0785546875; 34.939453125
2026-09-14; 15:44:50; 1902; 588; 32.47; 1009.9980078125; 34.97265625
2026-09-14; 15:45:50; 1902; 588; 32.47; 1009.9980078125; 34.9267578125
2026-09-14; 15:46:50; 1908; 596; 32.5; 1009.9608984375; 34.8828125
2026-09-14; 15:47:50; 1908; 596; 32.5; 1009.98921875; 34.87109375
2026-09-14; 15:48:50; 1908; 596; 32.49; 1009.9449609375; 34.84765625
2026-09-14; 15:49:50; 1902; 588; 32.44; 1009.9701953125; 34.9580078125
2026-09-14; 15:50:50; 1902; 588; 32.43; 1009.93390625; 34.9814453125
2026-09-14; 15:51:50; 1908; 596; 32.4; 1009.914375; 35.025390625
2026-09-14; 15:52:50; 1908; 596; 32.36; 1009.85828125; 35.0791015625
2026-09-14; 15:53:50; 1915; 609; 32.29; 1009.96453125; 35.177734375
2026-09-14; 15:54:50; 1915; 609; 32.32; 1009.9640234375; 35.1337890625
2026-09-14; 15:55:51; 1908; 596; 32.33; 1009.9803125; 35.1005859375
2026-09-14; 15:56:51; 1908; 596; 32.31; 1010.004375; 35.1220703125
2026-09-14; 15:57:51; 1915; 609; 32.28; 1009.9202734375; 35.17578125
2026-09-14; 15:58:51; 1915; 609; 32.25; 1009.9004296875; 35.2197265625
2026-09-14; 15:59:51; 1915; 609; 32.24; 1009.8924609375; 35.2197265625
2026-09-14; 16:00:51; 1915; 609; 32.2; 1009.941875; 35.296875
2026-09-14; 16:01:51; 1915; 609; 32.21; 1009.9498046875; 35.2734375
2026-09-14; 16:02:51; 1920; 617; 32.2; 1009.9984765625; 35.2626953125
2026-09-14; 16:03:51; 1908; 596; 32.2; 1009.9055859375; 35.2734375
2026-09-14; 16:04:51; 1915; 609; 32.19; 1009.9459375; 35.2490234375
2026-09-14; 16:05:51; 1920; 617; 32.2; 1009.8773046875; 35.2509765625
2026-09-14; 16:06:51; 1920; 617; 32.18; 1009.93; 35.294921875
2026-09-14; 16:07:51; 1915; 609; 32.18; 1009.9096875; 35.2490234375
2026-09-14; 16:08:51; 65535; 65535; 32.15; 1009.8821484375; 35.3154296875
2026-09-14; 16:09:51; 1915; 609; 32.15; 1009.833515625; 35.29296875
2026-09-14; 16:10:51; 1915; 609; 32.2; 1009.8773046875; 35.2275390625
2026-09-14; 16:11:51; 1915; 609; 32.21; 1009.8649609375; 35.205078125
2026-09-14; 16:12:51; 1920; 617; 32.18; 1009.8733984375; 35.2255859375
2026-09-14; 16:13:51; 1920; 617; 32.16; 1009.821171875; 35.2021484375
2026-09-14; 16:14:51; 1920; 617; 32.2; 1009.820703125; 35.1474609375
2026-09-14; 16:15:51; 1920; 617; 32.18; 1009.8530859375; 35.146484375
2026-09-14; 16:16:51; 1920; 617; 32.14; 1009.7609765625; 35.2236328125
2026-09-14; 16:17:51; 1920; 617; 32.13; 1009.801640625; 35.2333984375
2026-09-14; 16:18:51; 1920; 617; 32.16; 1009.7848828125; 35.1669921875
2026-09-14; 16:19:51; 1920; 617; 32.15; 1009.8255859375; 35.2119140625
2026-09-14; 16:20:51; 1920; 617; 32.08; 1009.757890625; 35.2763671875
2026-09-14; 16:21:51; 1920; 617; 32.07; 1009.798515625; 35.2763671875
2026-09-14; 16:22:51; 1920; 617; 32.02; 1009.8236328125; 35.3740234375
2026-09-14; 16:23:51; 1915; 609; 32.03; 1009.7344140625; 35.318359375
2026-09-14; 16:24:51; 34683; 609; 32.03; 1009.819296875; 35.3525390625
2026-09-14; 16:25:51; 1915; 609; 31.97; 1009.7436328125; 35.4169921875
2026-09-14; 16:26:51; 1915; 609; 32.02; 1009.8033203125; 35.3291015625
2026-09-14; 16:27:51; 1920; 617; 32.01; 1009.7228515625; 35.328125
2026-09-14; 16:28:51; 1915; 609; 32.01; 1009.7025390625; 35.3056640625
2026-09-14; 16:29:51; 1915; 609; 32.06; 1009.7542578125; 35.228515625
2026-09-14; 16:30:51; 1920; 617; 32.04; 1009.7220703125; 35.2275390625
2026-09-14; 16:31:51; 1920; 617; 31.97; 1009.7153125; 35.3818359375
2026-09-14; 16:32:51; 1920; 617; 31.95; 1009.74; 35.3681640625
2026-09-14; 16:33:51; 1915; 609; 31.94; 1009.69578125; 35.4140625
2026-09-14; 16:34:51; 1915; 609; 32.0; 1009.706875; 35.26953125
2026-09-14; 16:35:51; 1915; 609; 31.97; 1009.77984375; 35.2900390625
2026-09-14; 16:36:51; 1895; 579; 32.02; 1009.71046875; 35.15625
2026-09-14; 16:37:51; 1884; 561; 31.97; 1009.72328125; 35.232421875
2026-09-14; 16:38:52; 1877; 550; 32.03; 1009.6698828125; 35.1572265625
2026-09-14; 16:39:52; 1895; 579; 32.03; 1009.6698828125; 35.1923828125
2026-09-14; 16:40:52; 1902; 588; 32.02; 1009.6619140625; 35.16796875
2026-09-14; 16:41:52; 1915; 609; 31.94; 1009.6108984375; 35.3798828125
2026-09-14; 16:42:52; 1915; 609; 31.89; 1009.6802734375; 35.3994140625
2026-09-14; 16:43:52; 1908; 596; 31.99; 1009.66265625; 35.2919921875
2026-09-14; 16:44:52; 1908; 596; 31.94; 1009.5905859375; 35.322265625
2026-09-14; 16:45:52; 1920; 617; 31.94; 1009.63921875; 35.3681640625
2026-09-14; 16:46:52; 1915; 609; 31.96; 1009.58625; 35.30078125
2026-09-14; 16:47:52; 1915; 609; 31.96; 1009.61453125; 35.3359375
2026-09-14; 16:48:52; 1915; 609; 31.97; 1009.581875; 35.2900390625
2026-09-14; 16:49:52; 1920; 617; 31.92; 1009.5790234375; 35.3671875
2026-09-14; 16:50:52; 1915; 609; 31.94; 1009.5340234375; 35.357421875
2026-09-14; 16:51:52; 1920; 617; 31.82; 1009.5400390625; 35.5771484375
2026-09-14; 16:52:52; 1908; 596; 31.75; 1009.5974609375; 35.560546875
2026-09-14; 16:53:52; 1908; 596; 31.81; 1009.475546875; 35.53125
2026-09-14; 16:54:52; 1920; 617; 31.77; 1009.51625; 35.5849609375
2026-09-14; 16:55:52; 1895; 579; 31.82; 1009.576328125; 35.39453125
2026-09-14; 16:56:52; 1908; 596; 31.92; 1009.5224609375; 35.275390625
2026-09-14; 16:57:52; 1915; 609; 31.84; 1009.487109375; 35.40625
2026-09-14; 16:58:52; 1920; 617; 31.78; 1009.48421875; 35.4599609375
2026-09-14; 16:59:52; 1928; 626; 31.87; 1009.498984375; 35.3056640625
2026-09-14; 17:00:52; 1920; 617; 31.91; 1009.457578125; 35.251953125
2026-09-14; 17:01:52; 1920; 617; 31.92; 1009.409296875; 35.2177734375
2026-09-14; 17:02:52; 1920; 617; 31.87; 1009.442421875; 35.419921875
2026-09-14; 17:03:52; 1920; 617; 31.79; 1009.3791015625; 35.4140625
2026-09-14; 17:04:52; 1915; 609; 31.81; 1009.418984375; 35.427734375
2026-09-14; 17:05:52; 1928; 626; 31.74; 1009.3553125; 35.5595703125
2026-09-14; 17:06:52; 1928; 626; 31.76; 1009.4234375; 35.5732421875
2026-09-14; 17:07:52; 1928; 626; 31.7; 1009.3477734375; 35.6484375
2026-09-14; 17:08:52; 1920; 617; 31.68; 1009.344140625; 35.6806640625
2026-09-14; 17:09:52; 1928; 626; 31.75; 1009.28640625; 35.5263671875
2026-09-14; 17:10:52; 1928; 626; 31.73; 1009.3190625; 35.5595703125
2026-09-14; 17:11:52; 1928; 626; 31.67; 1009.3847265625; 35.69140625
2026-09-14; 17:12:52; 1928; 626; 31.8; 1009.3747265625; 35.4150390625
2026-09-14; 17:13:52; 1934; 639; 31.73; 1009.375625; 35.5703125
2026-09-14; 17:14:52; 1948; 659; 31.73; 1009.3958984375; 35.5361328125
2026-09-14; 17:15:52; 1948; 659; 31.77; 1009.3748828125; 35.458984375
2026-09-14; 17:16:52; 1915; 609; 31.75; 1009.34296875; 35.4462890625
2026-09-14; 17:17:52; 1920; 617; 31.78; 1009.3348828125; 35.4248046875
2026-09-14; 17:18:52; 1928; 626; 31.81; 1009.2775390625; 35.3017578125
2026-09-14; 17:19:52; 1934; 639; 31.79; 1009.2739453125; 35.369140625
2026-09-14; 17:20:53; 1928; 626; 31.94; 1009.279453125; 35.126953125
2026-09-14; 17:21:53; 1940; 649; 31.91; 1009.251640625; 35.1591796875
2026-09-14; 17:22:53; 1948; 659; 31.95; 1009.3157421875; 35.05859375
2026-09-14; 17:23:53; 1948; 659; 31.98; 1009.230390625; 34.9931640625
2026-09-14; 17:24:53; 1948; 659; 32.0; 1009.233984375; 34.9716796875
2026-09-14; 17:25:53; 1948; 659; 31.99; 1009.2462890625; 34.958984375
2026-09-14; 17:26:53; 1940; 649; 32.13; 1009.2075; 34.7509765625
2026-09-14; 17:27:53; 1920; 617; 32.16; 1009.1987109375; 34.5927734375
2026-09-14; 17:28:53; 1908; 596; 32.2; 1009.206171875; 34.583984375
2026-09-14; 17:29:53; 1920; 617; 32.14; 1009.2233984375; 34.66015625
2026-09-14; 17:30:53; 1928; 626; 32.12; 1009.1994921875; 34.705078125
2026-09-14; 17:31:53; 1928; 626; 32.04; 1009.1845703125; 34.8134765625
2026-09-14; 17:32:53; 1928; 626; 32.06; 1009.18046875; 34.7802734375
2026-09-14; 17:33:53; 1940; 649; 32.01; 1009.1367578125; 34.845703125
2026-09-14; 17:34:53; 1934; 639; 32.0; 1009.1128515625; 34.8671875
2026-09-14; 17:35:53; 1934; 639; 32.03; 1009.1040625; 34.755859375
2026-09-14; 17:36:53; 1934; 639; 32.06; 1009.095625; 34.7578125
2026-09-14; 17:37:53; 1948; 659; 31.99; 1009.0686328125; 34.8779296875
2026-09-14; 17:38:53; 1928; 626; 31.94; 1009.0734765625; 34.978515625
2026-09-14; 17:39:53; 1928; 626; 31.99; 1009.1251953125; 34.8779296875
2026-09-14; 17:40:53; 1934; 639; 32.02; 1009.05984375; 34.857421875
2026-09-14; 17:41:53; 1928; 626; 31.93; 1009.0575390625; 34.96484375
2026-09-14; 17:42:53; 1928; 626; 31.94; 1009.101796875; 34.978515625
2026-09-14; 17:43:53; 1920; 617; 31.96; 1008.9922265625; 34.8994140625
2026-09-14; 17:44:53; 1915; 609; 31.88; 1009.070390625; 35.01953125
2026-09-14; 17:45:53; 1920; 617; 31.92; 1009.0698828125; 34.96484375
2026-09-14; 17:46:53; 1920; 617; 31.92; 1009.021328125; 34.896484375
2026-09-14; 17:47:53; 1920; 617; 31.84; 1009.014609375; 35.0048828125
2026-09-14; 17:48:53; 1920; 617; 31.92; 1008.9930078125; 34.9072265625
2026-09-14; 17:49:53; 1915; 609; 32.02; 1009.0678515625; 34.7314453125
2026-09-14; 17:50:53; 1915; 609; 32.04; 1008.9219921875; 34.65234375
2026-09-14; 17:51:53; 1908; 596; 32.05; 1008.9944921875; 34.595703125
2026-09-14; 17:52:53; 1908; 596; 31.96; 1008.9922265625; 34.7724609375
2026-09-14; 17:53:53; 1915; 609; 31.93; 1009.001015625; 34.8271484375
2026-09-14; 17:54:53; 1915; 609; 31.93; 1008.9806640625; 34.83984375
2026-09-14; 17:55:53; 1915; 609; 31.81; 1008.958515625; 35.0830078125
2026-09-14; 17:56:53; 1920; 617; 31.77; 1009.007265625; 35.16015625
2026-09-14; 17:57:53; 1915; 609; 31.79; 1008.926640625; 35.126953125
2026-09-14; 17:58:53; 1915; 609; 31.79; 1008.954921875; 35.1162109375
2026-09-14; 17:59:53; 1908; 596; 31.82; 1008.925859375; 35.095703125
2026-09-14; 18:00:53; 1902; 588; 31.84; 1008.978046875; 35.0048828125
2026-09-14; 18:01:53; 1908; 596; 31.89; 1008.916640625; 34.8935546875
2026-09-14; 18:02:53; 1902; 588; 31.84; 1008.949765625; 34.9931640625
2026-09-14; 18:03:54; 1908; 596; 31.92; 1008.8719140625; 34.8271484375
2026-09-14; 18:04:54; 1908; 596; 31.95; 1008.9559765625; 34.783203125
2026-09-14; 18:05:54; 1908; 596; 31.9; 1008.8759765625; 34.8720703125
2026-09-14; 18:06:54; 1908; 596; 31.9; 1008.981171875; 34.9052734375
2026-09-14; 18:07:54; 1908; 596; 31.94; 1008.9683203125; 34.8173828125
2026-09-14; 18:08:54; 1902; 588; 31.83; 1008.9418359375; 34.9697265625
2026-09-14; 18:09:54; 1902; 588; 31.82; 1008.946171875; 35.0263671875
2026-09-14; 18:10:54; 1895; 579; 31.84; 1008.978046875; 34.958984375
2026-09-14; 18:11:54; 1902; 588; 31.79; 1008.954921875; 35.03515625
2026-09-14; 18:12:54; 1915; 609; 31.77; 1009.015234375; 35.0341796875
2026-09-14; 18:13:54; 1915; 609; 31.79; 1008.991171875; 35.0478515625
2026-09-14; 18:14:54; 1908; 596; 31.7; 1008.9881640625; 35.1669921875
2026-09-14; 18:15:54; 1915; 609; 31.76; 1008.934765625; 35.08984375
2026-09-14; 18:16:54; 1908; 596; 31.7; 1009.0084765625; 35.177734375
2026-09-14; 18:17:54; 1915; 609; 31.7; 1008.9881640625; 35.1435546875
2026-09-14; 18:18:54; 1915; 609; 31.72; 1009.012421875; 35.0986328125
2026-09-14; 18:19:54; 1908; 596; 31.76; 1008.934765625; 35.009765625
2026-09-14; 18:20:54; 1895; 579; 31.73; 1009.0283203125; 35.0537109375
2026-09-14; 18:21:54; 1884; 561; 31.68; 1008.9845703125; 35.0966796875
2026-09-14; 18:22:54; 1877; 550; 31.64; 1009.03390625; 35.1845703125
2026-09-14; 18:23:54; 1890; 571; 31.53; 1008.9144921875; 35.4052734375
2026-09-14; 18:24:54; 1895; 579; 31.62; 1008.96546875; 35.2744140625
2026-09-14; 18:25:54; 1890; 571; 31.58; 1008.9459375; 35.306640625
2026-09-14; 18:26:54; 1895; 579; 31.52; 1008.934765625; 35.416015625
2026-09-14; 18:27:54; 1908; 596; 31.53; 1008.8658984375; 35.40625
2026-09-14; 18:28:54; 1915; 609; 31.56; 1008.9340234375; 35.3623046875
2026-09-14; 18:29:54; 1908; 596; 31.49; 1008.9431640625; 35.4375
2026-09-14; 18:30:54; 1915; 609; 31.47; 1008.9033203125; 35.5390625
2026-09-14; 18:31:54; 1915; 609; 31.46; 1008.88734375; 35.5263671875
2026-09-14; 18:32:54; 1920; 617; 31.42; 1008.9443359375; 35.626953125
2026-09-14; 18:33:54; 1920; 617; 31.37; 1008.9131640625; 35.7021484375
2026-09-14; 18:34:54; 1920; 617; 31.36; 1008.981640625; 35.7138671875
2026-09-14; 18:35:54; 1915; 609; 31.39; 1008.98125; 35.6357421875
2026-09-14; 18:36:54; 1915; 609; 31.41; 1008.9848828125; 35.6025390625
2026-09-14; 18:37:54; 1915; 609; 31.43; 1008.980546875; 35.5693359375
2026-09-14; 18:38:54; 1920; 617; 31.33; 1008.9418359375; 35.7802734375
2026-09-14; 18:39:54; 1920; 617; 31.28; 1008.92625; 35.822265625
2026-09-14; 18:40:54; 1915; 609; 31.36; 1008.9896484375; 35.64453125
2026-09-14; 18:41:54; 1915; 609; 31.45; 1008.9562109375; 35.5029296875
2026-09-14; 18:42:54; 1915; 609; 31.39; 1008.98125; 35.56640625
2026-09-14; 18:43:54; 1902; 588; 31.38; 1008.9653125; 35.5771484375
2026-09-14; 18:44:54; 1902; 588; 31.34; 1008.949765625; 35.666015625
2026-09-14; 18:45:54; 1895; 579; 31.33; 1008.9055859375; 35.6533203125
2026-09-14; 18:46:55; 1884; 561; 31.42; 1008.8515625; 35.5
2026-09-14; 18:47:55; 1884; 561; 31.34; 1008.921484375; 35.654296875
2026-09-14; 18:48:55; 1890; 571; 31.29; 1008.849453125; 35.7421875
2026-09-14; 18:49:55; 1895; 579; 31.23; 1008.8950390625; 35.8408203125
2026-09-14; 18:50:55; 1884; 561; 31.32; 1008.925859375; 35.6875
2026-09-14; 18:51:55; 1884; 561; 31.34; 1008.986015625; 35.6201171875
2026-09-14; 18:52:55; 1870; 543; 31.43; 1008.87578125; 35.4208984375
2026-09-14; 18:53:55; 1852; 519; 31.42; 1008.8798046875; 35.4775390625
2026-09-14; 18:54:55; 1852; 519; 31.45; 1008.92796875; 35.3994140625
2026-09-14; 18:55:55; 1846; 509; 31.46; 1008.94390625; 35.3994140625
2026-09-14; 18:56:55; 1839; 501; 31.45; 1008.9562109375; 35.4111328125
2026-09-14; 18:57:55; 1846; 509; 31.4; 1008.876171875; 35.4755859375
2026-09-14; 18:58:55; 1839; 501; 31.39; 1008.95296875; 35.486328125
2026-09-14; 18:59:55; 1839; 501; 31.4; 1008.9326953125; 35.4638671875
2026-09-14; 19:00:55; 1846; 509; 31.39; 1008.9733203125; 35.4853515625
2026-09-14; 19:01:55; 1852; 519; 31.4; 1008.9972265625; 35.4765625
2026-09-14; 19:02:55; 1846; 509; 31.4; 1008.9689453125; 35.46484375
2026-09-14; 19:03:55; 1852; 519; 31.38; 1009.0501171875; 35.462890625
2026-09-14; 19:04:55; 1852; 519; 31.37; 1009.005859375; 35.5419921875
2026-09-14; 19:05:55; 1857; 526; 31.34; 1009.0142578125; 35.59765625
2026-09-14; 19:06:55; 1863; 535; 31.27; 1009.07984375; 35.6494140625
2026-09-14; 19:07:55; 1863; 535; 31.27; 1009.0516015625; 35.6611328125
2026-09-14; 19:08:55; 1857; 526; 31.25; 1009.0479296875; 35.6826171875
2026-09-14; 19:09:55; 1863; 535; 31.18; 1008.98421875; 35.8369140625
2026-09-14; 19:10:55; 1863; 535; 31.18; 1009.068984375; 35.87109375
2026-09-14; 19:11:55; 1863; 535; 31.19; 1009.0566796875; 35.849609375
2026-09-14; 19:12:55; 1870; 543; 31.2; 1009.1291015625; 35.8154296875
2026-09-14; 19:13:55; 1877; 550; 31.15; 1009.0490625; 35.8916015625
2026-09-14; 19:14:55; 1884; 561; 31.16; 1009.1298046875; 35.8583984375
2026-09-14; 19:15:55; 1884; 561; 31.13; 1009.02515625; 35.8447265625
2026-09-14; 19:16:55; 1890; 571; 31.16; 1009.09328125; 35.8583984375
2026-09-14; 19:17:55; 1895; 579; 31.13; 1009.0736328125; 35.923828125
2026-09-14; 19:18:55; 1902; 588; 31.07; 1009.0703515625; 36.01171875
2026-09-14; 19:19:55; 1902; 588; 31.1; 1009.0823046875; 36.0029296875
2026-09-14; 19:20:55; 1902; 588; 31.03; 1009.11953125; 36.099609375
2026-09-14; 19:21:55; 1915; 609; 31.07; 1009.09859375; 35.9658203125
2026-09-14; 19:22:55; 1908; 596; 31.13; 1009.02515625; 35.87890625
2026-09-14; 19:23:55; 1902; 588; 31.06; 1009.0544140625; 35.9755859375
2026-09-14; 19:24:55; 1915; 609; 31.05; 1009.0746875; 36.021484375
2026-09-14; 19:25:55; 1915; 609; 31.0; 1009.1358203125; 36.0986328125
2026-09-14; 19:26:55; 1920; 617; 31.06; 1009.139140625; 35.9189453125
2026-09-14; 19:27:55; 1920; 617; 31.15; 1009.1700390625; 35.845703125
2026-09-14; 19:28:55; 1920; 617; 31.16; 1009.149765625; 35.7890625
2026-09-14; 19:29:56; 1928; 626; 31.07; 1009.090625; 35.9541015625
2026-09-14; 19:30:56; 1928; 626; 30.96; 1009.1769921875; 36.1630859375
2026-09-14; 19:31:56; 1928; 626; 30.96; 1009.14875; 36.0830078125
2026-09-14; 19:32:56; 1934; 639; 30.96; 1009.120546875; 36.12890625
2026-09-14; 19:33:56; 1934; 639; 30.94; 1009.1730078125; 36.103515625
2026-09-14; 19:34:56; 1934; 639; 30.86; 1009.1580078125; 36.28125
2026-09-14; 19:35:56; 1940; 649; 30.79; 1009.19515625; 36.40234375
2026-09-14; 19:36:56; 1940; 649; 30.74; 1009.1794921875; 36.5009765625
2026-09-14; 19:37:56; 1948; 659; 30.67; 1009.172421875; 36.64453125
2026-09-14; 19:38:56; 1948; 659; 30.63; 1009.144453125; 36.6640625
2026-09-14; 19:39:56; 1948; 659; 30.58; 1009.1975; 36.8310546875
2026-09-14; 19:40:56; 1948; 659; 30.47; 1009.093984375; 36.9951171875
2026-09-14; 19:41:56; 1948; 659; 30.44; 1009.186875; 37.072265625
2026-09-14; 19:42:56; 1948; 659; 30.36; 1009.1355078125; 37.2705078125
2026-09-14; 19:43:56; 1948; 659; 30.3; 1009.152265625; 37.369140625
2026-09-14; 19:44:56; 1953; 667; 30.3; 1009.2448828125; 37.3583984375
2026-09-14; 19:45:56; 1948; 659; 30.23; 1009.104609375; 37.4892578125
2026-09-14; 19:46:56; 1948; 659; 30.18; 1009.16546875; 37.5537109375
2026-09-14; 19:47:56; 1948; 659; 30.18; 1009.2298828125; 37.611328125
2026-09-14; 19:48:56; 1953; 667; 30.18; 1009.2298828125; 37.5771484375
2026-09-14; 19:49:56; 1953; 667; 30.12; 1009.153984375; 37.6748046875
2026-09-14; 19:50:56; 1953; 667; 30.08; 1009.1541796875; 37.7861328125
2026-09-14; 19:51:56; 1953; 667; 30.05; 1009.2187890625; 37.8623046875
2026-09-14; 19:52:56; 1961; 680; 30.05; 1009.134140625; 37.83984375
2026-09-14; 19:53:56; 1961; 680; 29.97; 1009.1188671875; 37.9931640625
2026-09-14; 19:54:56; 1967; 689; 29.98; 1009.19921875; 37.9599609375
2026-09-14; 19:55:56; 1961; 680; 29.97; 1009.2114453125; 37.9833984375
2026-09-14; 19:56:56; 1961; 680; 29.94; 1009.155546875; 38.0361328125
2026-09-14; 19:57:56; 1961; 680; 29.94; 1009.2119140625; 38.0478515625
2026-09-14; 19:58:56; 1961; 680; 29.92; 1009.151484375; 38.080078125
2026-09-14; 19:59:56; 1967; 689; 29.91; 1009.143515625; 38.080078125
2026-09-14; 20:00:56; 1967; 689; 29.89; 1009.1599609375; 38.134765625
2026-09-14; 20:01:56; 1967; 689; 29.86; 1009.1401953125; 38.1787109375
2026-09-14; 20:02:56; 1975; 703; 29.85; 1009.1239453125; 38.189453125
2026-09-14; 20:03:56; 1967; 689; 29.85; 1009.1601171875; 38.2119140625
2026-09-14; 20:04:56; 1975; 703; 29.84; 1009.17234375; 38.2451171875
2026-09-14; 20:05:56; 1975; 703; 29.83; 1009.2047265625; 38.255859375
2026-09-14; 20:06:56; 1975; 703; 29.82; 1009.1967578125; 38.2548828125
2026-09-14; 20:07:56; 1975; 703; 29.79; 1009.205234375; 38.3095703125
2026-09-14; 20:08:56; 1980; 711; 29.76; 1009.2335546875; 38.330078125
2026-09-14; 20:09:56; 1980; 711; 29.72; 1009.1975390625; 38.4404296875
2026-09-14; 20:10:56; 1980; 711; 29.69; 1009.2219140625; 38.4736328125
2026-09-14; 20:11:56; 1980; 711; 29.7; 1009.1735546875; 38.4501953125
2026-09-14; 20:12:57; 1980; 711; 29.68; 1009.2543359375; 38.5048828125
2026-09-14; 20:13:57; 1980; 711; 29.67; 1009.181953125; 38.5283203125
2026-09-14; 20:14:57; 1980; 711; 29.68; 1009.2261328125; 38.5166015625
2026-09-14; 20:15:57; 1980; 711; 29.65; 1009.327109375; 38.572265625
2026-09-14; 20:16:57; 1980; 711; 29.64; 1009.3028125; 38.59375
2026-09-14; 20:17:57; 1988; 725; 29.63; 1009.2384765625; 38.58203125
2026-09-14; 20:18:57; 1988; 725; 29.66; 1009.2585546875; 38.5498046875
2026-09-14; 20:19:57; 1980; 711; 29.6; 1009.351640625; 38.6357421875
2026-09-14; 20:20:57; 1988; 725; 29.61; 1009.39578125; 38.6484375
2026-09-14; 20:21:57; 1988; 725; 29.64; 1009.3591796875; 38.5703125
2026-09-14; 20:22:57; 1988; 725; 29.6; 1009.351640625; 38.6474609375
2026-09-14; 20:23:57; 1988; 725; 29.58; 1009.3193359375; 38.69140625
2026-09-14; 20:24:57; 1988; 725; 29.57; 1009.3033984375; 38.7021484375
2026-09-14; 20:25:57; 1988; 725; 29.59; 1009.335625; 38.658203125
2026-09-14; 20:26:57; 1988; 725; 29.58; 1009.291171875; 38.6796875
2026-09-14; 20:27:57; 1988; 725; 29.58; 1009.3475390625; 38.69140625
2026-09-14; 20:28:57; 1988; 725; 29.6; 1009.359609375; 38.6025390625
2026-09-14; 20:29:57; 1988; 725; 29.57; 1009.3033984375; 38.7021484375
2026-09-14; 20:30:57; 1988; 725; 29.52; 1009.3643359375; 38.7880859375
2026-09-14; 20:31:57; 1988; 725; 29.54; 1009.3117578125; 38.744140625
2026-09-14; 20:32:57; 1988; 725; 29.5; 1009.3317578125; 38.8212890625
2026-09-14; 20:33:57; 1996; 738; 29.51; 1009.4044140625; 38.798828125
2026-09-14; 20:34:57; 1996; 738; 29.5; 1009.339765625; 38.7880859375
2026-09-14; 20:35:57; 1996; 738; 29.5; 1009.3115625; 38.798828125
2026-09-14; 20:36:57; 1996; 738; 29.53; 1009.2676171875; 38.744140625
2026-09-14; 20:37:57; 1996; 738; 29.48; 1009.3359765625; 38.8203125
2026-09-14; 20:38:57; 1988; 725; 29.51; 1009.263515625; 38.73046875
2026-09-14; 20:39:57; 1996; 738; 29.47; 1009.2918359375; 38.7841796875
2026-09-14; 20:40:57; 1996; 738; 29.44; 1009.2998828125; 38.828125
2026-09-14; 20:41:57; 1996; 738; 29.44; 1009.27171875; 38.8505859375
2026-09-14; 20:42:57; 1996; 738; 29.42; 1009.2759375; 38.9169921875
2026-09-14; 20:43:57; 1996; 738; 29.42; 1009.3040625; 38.837890625
2026-09-14; 20:44:57; 2001; 748; 29.44; 1009.35625; 38.884765625
2026-09-14; 20:45:57; 1996; 738; 29.39; 1009.3124609375; 38.9716796875
2026-09-14; 20:46:57; 1996; 738; 29.39; 1009.368828125; 38.9375
2026-09-14; 20:47:57; 2001; 748; 29.4; 1009.3284765625; 38.8818359375
2026-09-14; 20:48:57; 1996; 738; 29.39; 1009.3969921875; 38.94921875
2026-09-14; 20:49:57; 1996; 738; 29.37; 1009.2722265625; 38.9814453125
2026-09-14; 20:50:57; 1996; 738; 29.33; 1009.30078125; 39.0693359375
2026-09-14; 20:51:57; 1996; 738; 29.33; 1009.272578125; 39.080078125
2026-09-14; 20:52:57; 1996; 738; 29.33; 1009.30078125; 39.0693359375
2026-09-14; 20:53:57; 1996; 738; 29.27; 1009.232734375; 39.1552734375
2026-09-14; 20:54:57; 1996; 738; 29.28; 1009.220546875; 39.16796875
2026-09-14; 20:55:58; 2001; 748; 29.27; 1009.252890625; 39.1787109375
2026-09-14; 20:56:58; 2001; 748; 29.31; 1009.2608203125; 38.953125
2026-09-14; 20:57:58; 2001; 748; 29.31; 1009.240625; 39.0908203125
2026-09-14; 20:58:58; 2001; 748; 29.3; 1009.2525; 39.1123046875
2026-09-14; 20:59:58; 2001; 748; 29.28; 1009.248671875; 39.1220703125
2026-09-14; 21:00:58; 2001; 748; 29.3; 1009.2163671875; 39.078125
2026-09-14; 21:01:58; 2001; 748; 29.28; 1009.184375; 39.1328125
2026-09-14; 21:02:58; 2001; 748; 29.25; 1009.1927734375; 39.1533203125
2026-09-14; 21:03:58; 2001; 748; 29.28; 1009.2125390625; 39.1103515625
2026-09-14; 21:04:58; 2001; 748; 29.25; 1009.172578125; 39.142578125
2026-09-14; 21:05:58; 2001; 748; 29.22; 1009.236953125; 39.2314453125
2026-09-14; 21:06:58; 2001; 748; 29.17; 1009.1570703125; 39.1240234375
2026-09-14; 21:07:58; 2001; 748; 29.21; 1009.2209765625; 39.21875
2026-09-14; 21:08:58; 2001; 748; 29.23; 1009.28109375; 39.1396484375
2026-09-14; 21:09:58; 2001; 748; 29.17; 1009.213359375; 39.294921875
2026-09-14; 21:10:58; 2001; 748; 29.17; 1009.2415234375; 39.283203125
2026-09-14; 21:11:58; 2001; 748; 29.17; 1009.2415234375; 39.306640625
2026-09-14; 21:12:58; 2001; 748; 29.14; 1009.2575390625; 39.2470703125
2026-09-14; 21:13:58; 2001; 748; 29.14; 1009.22140625; 39.3369140625
2026-09-14; 21:14:58; 2001; 748; 29.13; 1009.2335546875; 39.3828125
2026-09-14; 21:15:58; 2001; 748; 29.1; 1009.2780859375; 39.4033203125
2026-09-14; 21:16:58; 2001; 748; 29.08; 1009.21765625; 39.3330078125
2026-09-14; 21:17:58; 2001; 748; 29.09; 1009.20546875; 39.345703125
2026-09-14; 21:18:58; 2001; 748; 29.05; 1009.1978125; 39.41015625
2026-09-14; 21:19:58; 1996; 738; 29.04; 1009.23015625; 39.5458984375
2026-09-14; 21:20:58; 2001; 748; 29.04; 1009.21; 39.5341796875
2026-09-14; 21:21:58; 1996; 738; 29.05; 1009.2461328125; 39.41015625
2026-09-14; 21:22:58; 2001; 748; 29.06; 1009.262109375; 39.4677734375
2026-09-14; 21:23:58; 1996; 738; 29.01; 1009.1537109375; 39.5546875
2026-09-14; 21:24:58; 2009; 763; 29.01; 1009.2100390625; 39.486328125
2026-09-14; 21:25:58; 1996; 738; 29.01; 1009.1335546875; 39.5322265625
2026-09-14; 21:26:58; 2009; 763; 29.02; 1009.226015625; 39.4873046875
2026-09-14; 21:27:58; 2001; 748; 28.99; 1009.149921875; 39.576171875
2026-09-14; 21:28:58; 2009; 763; 28.99; 1009.129765625; 39.564453125
2026-09-14; 21:29:58; 1996; 738; 28.97; 1009.17421875; 39.5966796875
2026-09-14; 21:30:58; 2009; 763; 28.94; 1009.190234375; 39.6748046875
2026-09-14; 21:31:58; 2009; 763; 28.93; 1009.16625; 39.71875
2026-09-14; 21:32:58; 2009; 763; 28.9; 1009.182265625; 39.75
2026-09-14; 21:33:58; 2009; 763; 28.91; 1009.1704296875; 39.6826171875
2026-09-14; 21:34:58; 2001; 748; 28.91; 1009.22671875; 39.728515625
2026-09-14; 21:35:58; 2001; 748; 28.87; 1009.19828125; 39.81640625
2026-09-14; 21:36:58; 2001; 748; 28.83; 1009.1826171875; 39.8583984375
2026-09-14; 21:37:58; 2001; 748; 28.87; 1009.1701171875; 39.7822265625
2026-09-14; 21:38:59; 2009; 763; 28.87; 1009.19828125; 39.771484375
2026-09-14; 21:39:59; 2009; 763; 28.88; 1009.1218359375; 39.703125
2026-09-14; 21:40:59; 2009; 763; 28.88; 1009.1218359375; 39.759765625
2026-09-14; 21:41:59; 2009; 763; 28.82; 1009.1464453125; 39.845703125
2026-09-14; 21:42:59; 2001; 748; 28.8; 1009.106171875; 39.912109375
2026-09-14; 21:43:59; 2009; 763; 28.8; 1009.134296875; 39.912109375
2026-09-14; 21:44:59; 2009; 763; 28.76; 1009.106484375; 39.9765625
2026-09-14; 21:45:59; 2017; 776; 28.8; 1009.17046875; 39.85546875
2026-09-14; 21:46:59; 2017; 776; 28.8; 1009.17046875; 39.8330078125
2026-09-14; 21:47:59; 2009; 763; 28.8; 1009.17046875; 39.87890625
2026-09-14; 21:48:59; 2017; 776; 28.8; 1009.0498828125; 39.83203125
2026-09-14; 21:49:59; 2001; 748; 28.77; 1009.1426171875; 39.943359375
2026-09-14; 21:50:59; 2009; 763; 28.76; 1009.2110546875; 39.98828125
2026-09-14; 21:51:59; 2001; 748; 28.73; 1009.19890625; 40.03125
2026-09-14; 21:52:59; 2009; 763; 28.69; 1009.163046875; 40.0849609375
2026-09-14; 21:53:59; 2001; 748; 28.72; 1009.2110546875; 40.0078125
2026-09-14; 21:54:59; 2017; 776; 28.7; 1009.19921875; 40.0390625
2026-09-14; 21:55:59; 2009; 763; 28.71; 1009.18703125; 40.0634765625
2026-09-14; 21:56:59; 2017; 776; 28.71; 1009.15890625; 40.07421875
2026-09-14; 21:57:59; 2017; 776; 28.69; 1009.126953125; 40.0732421875
2026-09-14; 21:58:59; 2017; 776; 28.67; 1009.1509375; 40.10546875
2026-09-14; 21:59:59; 2017; 776; 28.69; 1009.126953125; 40.0048828125
2026-09-14; 22:00:59; 2017; 776; 28.69; 1009.134921875; 40.0283203125
2026-09-14; 22:01:59; 2017; 776; 28.7; 1009.0866796875; 40.0166015625
2026-09-14; 22:02:59; 2017; 776; 28.69; 1009.126953125; 40.0390625
2026-09-14; 22:03:59; 2017; 776; 28.67; 1009.0744921875; 40.0712890625
2026-09-14; 22:04:59; 2017; 776; 28.66; 1009.114765625; 40.09375
2026-09-14; 22:05:59; 2009; 763; 28.64; 1009.1310546875; 40.1259765625
2026-09-14; 22:06:59; 2017; 776; 28.66; 1009.134921875; 40.013671875
2026-09-14; 22:07:59; 2017; 776; 28.66; 1009.1710546875; 40.10546875
2026-09-14; 22:08:59; 2017; 776; 28.66; 1009.163046875; 40.0361328125
2026-09-14; 22:09:59; 2017; 776; 28.65; 1009.1470703125; 40.0009765625
2026-09-14; 22:10:59; 2017; 776; 28.65; 1009.2033203125; 40.103515625
2026-09-14; 22:11:59; 2009; 763; 28.65; 1009.239453125; 40.0927734375
2026-09-14; 22:12:59; 2017; 776; 28.62; 1009.163359375; 40.146484375
2026-09-14; 22:13:59; 2017; 776; 28.63; 1009.2838671875; 40.1123046875
2026-09-14; 22:14:59; 2017; 776; 28.6; 1009.21546875; 40.16796875
2026-09-14; 22:15:59; 2009; 763; 28.62; 1009.163359375; 40.1240234375
2026-09-14; 22:16:59; 2009; 763; 28.61; 1009.2314453125; 40.111328125
2026-09-14; 22:17:59; 2009; 763; 28.59; 1009.179296875; 40.0654296875
2026-09-14; 22:18:59; 2017; 776; 28.57; 1009.20359375; 40.19921875
2026-09-14; 22:19:59; 2017; 776; 28.58; 1009.1553125; 40.2109375
2026-09-14; 22:20:59; 2017; 776; 28.58; 1009.2397265625; 40.19921875
2026-09-14; 22:22:00; 2017; 776; 28.6; 1009.27171875; 40.15625
2026-09-14; 22:23:00; 2017; 776; 28.6; 1009.2435546875; 40.0771484375
2026-09-14; 22:24:00; 2009; 763; 28.57; 1009.17546875; 40.1767578125
2026-09-14; 22:25:00; 2017; 776; 28.59; 1009.255703125; 40.14453125
2026-09-14; 22:26:00; 2017; 776; 28.54; 1009.2316796875; 40.2763671875
2026-09-14; 22:27:00; 2017; 776; 28.54; 1009.1552734375; 40.2197265625
2026-09-14; 22:28:00; 2017; 776; 28.54; 1009.2115625; 40.265625
2026-09-14; 22:29:00; 2017; 776; 28.53; 1009.111171875; 40.263671875
2026-09-14; 22:30:00; 2009; 763; 28.54; 1009.1552734375; 40.265625
2026-09-14; 22:31:00; 2017; 776; 28.53; 1009.139296875; 40.2412109375
2026-09-14; 22:32:00; 2017; 776; 28.54; 1009.0427734375; 40.12890625
2026-09-14; 22:33:00; 2009; 763; 28.56; 1009.1514453125; 40.15234375
2026-09-14; 22:34:00; 2009; 763; 28.55; 1009.16328125; 40.1865234375
2026-09-14; 22:35:00; 2009; 763; 28.54; 1009.0990234375; 40.2080078125
2026-09-14; 22:36:00; 2009; 763; 28.52; 1009.09515625; 40.251953125
2026-09-14; 22:37:00; 2017; 776; 28.52; 1009.06703125; 40.20703125
2026-09-14; 22:38:00; 2001; 748; 28.51; 1009.071171875; 40.2734375
2026-09-14; 22:39:00; 2017; 776; 28.52; 1009.06703125; 40.2294921875
2026-09-14; 22:40:00; 2009; 763; 28.51; 1009.0791796875; 40.2392578125
2026-09-14; 22:41:00; 2009; 763; 28.51; 1008.9948046875; 40.2509765625
2026-09-14; 22:42:00; 2017; 776; 28.49; 1009.0391796875; 40.271484375
2026-09-14; 22:43:00; 2001; 748; 28.51; 1009.0229296875; 40.2392578125
2026-09-14; 22:44:00; 2001; 748; 28.49; 1008.9548046875; 40.283203125
2026-09-14; 22:45:00; 2001; 748; 28.49; 1009.0110546875; 40.283203125
2026-09-14; 22:46:00; 2001; 748; 28.48; 1009.051015625; 40.2822265625
2026-09-14; 22:47:00; 2001; 748; 28.47; 1009.0631640625; 40.3037109375
2026-09-14; 22:48:00; 2009; 763; 28.45; 1009.067265625; 40.3369140625
2026-09-14; 22:49:00; 2009; 763; 28.46; 1009.1033984375; 40.326171875
2026-09-14; 22:50:00; 2017; 776; 28.48; 1009.0593359375; 40.2255859375
2026-09-14; 22:51:00; 2001; 748; 28.46; 1009.08328125; 40.3037109375
2026-09-14; 22:52:00; 2001; 748; 28.45; 1009.039140625; 40.302734375
2026-09-14; 22:53:00; 2001; 748; 28.44; 1009.0231640625; 40.3134765625
2026-09-14; 22:54:00; 2009; 763; 28.45; 1009.0954296875; 40.3134765625
2026-09-14; 22:55:00; 2009; 763; 28.41; 1009.03109375; 40.390625
2026-09-14; 22:56:00; 2009; 763; 28.4; 1009.007109375; 40.388671875
2026-09-14; 22:57:00; 2009; 763; 28.43; 1008.9790234375; 40.357421875
2026-09-14; 22:58:00; 2009; 763; 28.43; 1008.999140625; 40.2998046875
2026-09-14; 22:59:00; 2009; 763; 28.4; 1008.986953125; 40.35546875
2026-09-14; 23:00:00; 2009; 763; 28.39; 1008.971015625; 40.3994140625
2026-09-14; 23:01:00; 2001; 748; 28.39; 1008.9147265625; 40.421875
2026-09-14; 23:02:00; 2009; 763; 28.39; 1008.9911328125; 40.3994140625
2026-09-14; 23:03:00; 2009; 763; 28.38; 1008.983125; 40.41015625
2026-09-14; 23:04:00; 2001; 748; 28.37; 1008.9671484375; 40.3974609375
2026-09-14; 23:05:01; 2009; 763; 28.39; 1008.886640625; 40.3876953125
2026-09-14; 23:06:01; 2009; 763; 28.38; 1008.9469921875; 40.341796875
2026-09-14; 23:07:01; 2001; 748; 28.37; 1008.987265625; 40.419921875
2026-09-14; 23:08:01; 2009; 763; 28.34; 1008.946953125; 40.4521484375
2026-09-14; 23:09:01; 2009; 763; 28.31; 1009.019453125; 40.484375
2026-09-14; 23:10:01; 1996; 738; 28.3; 1009.0596875; 40.5625
2026-09-14; 23:11:01; 2009; 763; 28.3; 1009.0232421875; 40.52734375
2026-09-14; 23:12:01; 2009; 763; 28.3; 1008.93890625; 40.5390625
2026-09-14; 23:13:01; 2001; 748; 28.31; 1008.8989453125; 40.5517578125
2026-09-14; 23:14:01; 1996; 738; 28.28; 1009.0273828125; 40.6064453125
2026-09-14; 23:15:01; 2009; 763; 28.27; 1008.9749609375; 40.59375
2026-09-14; 23:16:01; 2009; 763; 28.26; 1008.9589453125; 40.603515625
2026-09-14; 23:17:01; 1996; 738; 28.28; 1008.9711328125; 40.572265625
2026-09-14; 23:18:01; 1996; 738; 28.26; 1008.930859375; 40.6259765625
2026-09-14; 23:19:01; 2001; 748; 28.28; 1008.9148828125; 40.5263671875
2026-09-14; 23:20:01; 2009; 763; 28.23; 1008.890859375; 40.6123046875
2026-09-14; 23:21:01; 1996; 738; 28.25; 1008.9228125; 40.6259765625
2026-09-14; 23:22:01; 2001; 748; 28.24; 1008.898828125; 40.6015625
2026-09-14; 23:23:01; 2001; 748; 28.21; 1008.915078125; 40.6787109375
2026-09-14; 23:24:01; 1996; 738; 28.21; 1008.8588671875; 40.65625
2026-09-14; 23:25:01; 1996; 738; 28.22; 1008.8949609375; 40.6689453125
2026-09-14; 23:26:01; 2009; 763; 28.2; 1008.94703125; 40.7119140625
2026-09-14; 23:27:01; 2001; 748; 28.2; 1008.89078125; 40.62109375
2026-09-14; 23:28:01; 2001; 748; 28.16; 1008.8830078125; 40.73046875
2026-09-14; 23:29:01; 1996; 738; 28.16; 1008.826796875; 40.798828125
2026-09-15; 02:24:12; 405; 0; 27.09; 1008.349140625; 42.4267578125
2026-09-15; 02:25:12; 403; 0; 27.12; 1008.3773828125; 42.3740234375
2026-09-15; 02:26:12; 405; 0; 27.12; 1008.293203125; 42.33984375
2026-09-15; 02:27:12; 402; 0; 27.12; 1008.40546875; 42.33984375
2026-09-15; 02:28:12; 400; 0; 27.14; 1008.381328125; 42.3193359375
2026-09-15; 02:29:12; 400; 0; 27.15; 1008.333203125; 42.2509765625
2026-09-15; 02:30:12; 400; 0; 27.16; 1008.3773046875; 42.251953125
2026-09-15; 02:31:12; 400; 0; 27.14; 1008.381328125; 42.2392578125
2026-09-15; 02:32:12; 403; 0; 27.14; 1008.3453125; 42.2275390625
2026-09-15; 02:33:12; 405; 0; 27.14; 1008.2971484375; 42.2392578125
2026-09-15; 02:34:12; 405; 0; 27.16; 1008.2930859375; 42.2294921875
2026-09-15; 02:35:12; 403; 0; 27.13; 1008.2530859375; 42.2490234375
2026-09-15; 02:36:12; 402; 0; 27.16; 1008.3773046875; 42.18359375
2026-09-15; 02:37:12; 403; 0; 27.16; 1008.30109375; 42.1845703125
2026-09-15; 02:38:12; 400; 0; 27.15; 1008.3412109375; 42.16015625
2026-09-15; 02:39:12; 400; 0; 27.16; 1008.3572265625; 42.1728515625
2026-09-15; 02:40:12; 400; 0; 27.15; 1008.3131640625; 42.16015625
2026-09-15; 02:41:12; 400; 0; 27.18; 1008.409609375; 42.140625
2026-09-15; 02:42:12; 405; 0; 27.13; 1008.329296875; 42.158203125
2026-09-15; 02:43:12; 402; 0; 27.13; 1008.385390625; 42.2041015625
2026-09-15; 02:44:12; 403; 0; 27.12; 1008.341328125; 42.1806640625
2026-09-15; 02:45:12; 400; 0; 27.13; 1008.245078125; 42.1806640625
2026-09-15; 02:46:12; 408; 1; 27.11; 1008.3052734375; 42.2138671875
2026-09-15; 02:47:13; 400; 0; 27.14; 1008.325234375; 42.0810546875
2026-09-15; 02:48:13; 403; 0; 27.12; 1008.32125; 42.1806640625
2026-09-15; 02:49:13; 400; 0; 27.12; 1008.26515625; 42.158203125
2026-09-15; 02:50:13; 400; 0; 27.11; 1008.249140625; 42.16796875
2026-09-15; 02:51:13; 400; 0; 27.12; 1008.2851953125; 42.1572265625
2026-09-15; 02:52:13; 402; 0; 27.1; 1008.2328125; 42.1669921875
2026-09-15; 02:53:13; 400; 0; 27.11; 1008.2210546875; 42.15625
2026-09-15; 02:54:13; 403; 0; 27.1; 1008.2248046875; 42.1787109375
2026-09-15; 02:55:13; 403; 0; 27.11; 1008.3052734375; 42.1455078125
2026-09-15; 02:56:13; 405; 0; 27.09; 1008.208828125; 42.1884765625
2026-09-15; 02:57:13; 400; 0; 27.09; 1008.2729296875; 42.2001953125
2026-09-15; 02:58:13; 403; 0; 27.09; 1008.2729296875; 42.177734375
2026-09-15; 02:59:13; 403; 0; 27.07; 1008.261015625; 42.2548828125
2026-09-15; 03:00:13; 400; 0; 27.08; 1008.2769921875; 42.19921875
2026-09-15; 03:01:13; 405; 0; 27.07; 1008.32515625; 42.2099609375
2026-09-15; 03:02:13; 400; 0; 27.07; 1008.317109375; 42.220703125
2026-09-15; 03:03:13; 405; 0; 27.06; 1008.245; 42.2197265625
2026-09-15; 03:04:13; 400; 0; 27.06; 1008.196875; 42.220703125
2026-09-15; 03:05:13; 402; 0; 27.05; 1008.180859375; 42.185546875
2026-09-15; 03:06:13; 402; 0; 27.06; 1008.25296875; 42.220703125
2026-09-15; 03:07:13; 400; 0; 27.04; 1008.184296875; 42.2294921875
2026-09-15; 03:08:13; 403; 0; 27.03; 1008.16828125; 42.228515625
2026-09-15; 03:09:13; 400; 0; 27.05; 1008.2650390625; 42.23046875
2026-09-15; 03:10:13; 405; 0; 27.05; 1008.172890625; 42.1845703125
2026-09-15; 03:11:13; 405; 0; 27.03; 1008.1201953125; 42.251953125
2026-09-15; 03:12:13; 400; 0; 27.03; 1008.16828125; 42.228515625
2026-09-15; 03:13:13; 408; 1; 27.02; 1008.2083984375; 42.26171875
2026-09-15; 03:14:13; 403; 0; 27.02; 1008.1803515625; 42.25
2026-09-15; 03:15:13; 403; 0; 27.02; 1008.21640625; 42.228515625
2026-09-15; 03:16:13; 400; 0; 27.01; 1008.2284765625; 42.271484375
2026-09-15; 03:17:13; 402; 0; 27.0; 1008.1844140625; 42.259765625
2026-09-15; 03:18:13; 400; 0; 27.01; 1008.17234375; 42.23828125
2026-09-15; 03:19:13; 400; 0; 26.99; 1008.22453125; 42.29296875
2026-09-15; 03:20:13; 403; 0; 26.98; 1008.2365625; 42.2470703125
2026-09-15; 03:21:13; 403; 0; 26.98; 1008.208515625; 42.314453125
2026-09-15; 03:22:13; 400; 0; 27.0; 1008.12828125; 42.2373046875
2026-09-15; 03:23:13; 405; 0; 26.98; 1008.1523828125; 42.2802734375
2026-09-15; 03:24:13; 405; 0; 26.96; 1008.148125; 42.3125
2026-09-15; 03:25:13; 405; 0; 26.94; 1008.2083203125; 42.333984375
2026-09-15; 03:26:13; 400; 0; 26.94; 1008.2363671875; 42.333984375
2026-09-15; 03:27:13; 403; 0; 26.93; 1008.1923046875; 42.3447265625
2026-09-15; 03:28:13; 403; 0; 26.95; 1008.1882421875; 42.2666015625
2026-09-15; 03:29:13; 403; 0; 26.96; 1008.18421875; 42.279296875
2026-09-15; 03:30:14; 403; 0; 26.97; 1008.220234375; 42.2685546875
2026-09-15; 03:31:14; 406; 0; 26.94; 1008.2083203125; 42.333984375
2026-09-15; 03:32:14; 402; 0; 26.93; 1008.240390625; 42.35546875
2026-09-15; 03:33:14; 402; 0; 26.97; 1008.1921875; 42.291015625
2026-09-15; 03:34:14; 406; 0; 26.93; 1008.184296875; 42.3212890625
2026-09-15; 03:35:14; 403; 0; 26.9; 1008.2003515625; 42.3642578125
2026-09-15; 03:36:14; 403; 0; 26.91; 1008.1803125; 42.365234375
2026-09-15; 03:37:14; 400; 0; 26.92; 1008.1762890625; 42.34375
2026-09-15; 03:38:14; 403; 0; 26.91; 1008.2083984375; 42.353515625
2026-09-15; 03:39:14; 403; 0; 26.9; 1008.1442578125; 42.3642578125
2026-09-15; 03:40:14; 403; 0; 26.91; 1008.1883203125; 42.3193359375
2026-09-15; 03:41:14; 403; 0; 26.88; 1008.111953125; 42.408203125
2026-09-15; 03:42:14; 400; 0; 26.87; 1008.15203125; 42.40625
2026-09-15; 03:43:14; 406; 0; 26.85; 1008.11203125; 42.34765625
2026-09-15; 03:44:14; 402; 0; 26.87; 1008.2081640625; 42.41796875
2026-09-15; 03:45:14; 402; 0; 26.85; 1008.11203125; 42.44921875
2026-09-15; 03:46:14; 402; 0; 26.85; 1008.1761328125; 42.4609375
2026-09-15; 03:47:14; 402; 0; 26.83; 1008.171875; 42.4365234375
2026-09-15; 03:48:14; 403; 0; 26.85; 1008.168125; 42.44921875
2026-09-15; 03:49:14; 403; 0; 26.84; 1008.1240625; 42.4716796875
2026-09-15; 03:50:14; 403; 0; 26.84; 1008.152109375; 42.494140625
2026-09-15; 03:51:14; 403; 0; 26.84; 1008.1601171875; 42.4384765625
2026-09-15; 03:52:14; 400; 0; 26.84; 1008.188203125; 42.44921875
2026-09-15; 03:53:14; 405; 0; 26.82; 1008.1758984375; 42.4814453125
2026-09-15; 03:54:14; 405; 0; 26.78; 1008.2040234375; 42.556640625
2026-09-15; 03:55:14; 400; 0; 26.8; 1008.14390625; 42.5361328125
2026-09-15; 03:56:14; 405; 0; 26.78; 1008.11984375; 42.568359375
2026-09-15; 03:57:14; 405; 0; 26.77; 1008.188046875; 42.5673828125
2026-09-15; 03:58:14; 400; 0; 26.79; 1008.127890625; 42.51171875
2026-09-15; 03:59:14; 400; 0; 26.78; 1008.11984375; 42.4658203125
2026-09-15; 04:00:14; 400; 0; 26.78; 1008.0276953125; 42.533203125
2026-09-15; 04:01:14; 400; 0; 26.78; 1008.16796875; 42.4990234375
2026-09-15; 04:02:14; 400; 0; 26.76; 1008.0594921875; 42.5439453125
2026-09-15; 04:03:14; 403; 0; 26.76; 1008.1436328125; 42.578125
2026-09-15; 04:04:14; 400; 0; 26.73; 1008.1316796875; 42.5302734375
2026-09-15; 04:05:14; 400; 0; 26.73; 1008.1597265625; 42.552734375
2026-09-15; 04:06:14; 400; 0; 26.74; 1008.1676953125; 42.5986328125
2026-09-15; 04:07:14; 400; 0; 26.76; 1008.1356640625; 42.4970703125
2026-09-15; 04:08:14; 402; 0; 26.72; 1008.135703125; 42.5732421875
2026-09-15; 04:09:14; 400; 0; 26.72; 1008.16375; 42.607421875
2026-09-15; 04:10:14; 403; 0; 26.69; 1008.1233984375; 42.6279296875
2026-09-15; 04:11:14; 403; 0; 26.71; 1008.1557421875; 42.6298828125
2026-09-15; 04:12:14; 400; 0; 26.71; 1008.0996484375; 42.6416015625
2026-09-15; 04:13:15; 403; 0; 26.71; 1007.9874609375; 42.5849609375
2026-09-15; 04:14:15; 403; 0; 26.67; 1008.0273046875; 42.5693359375
2026-09-15; 04:15:15; 403; 0; 26.67; 1008.0833984375; 42.693359375
2026-09-15; 04:16:15; 403; 0; 26.65; 1008.0794140625; 42.7373046875
2026-09-15; 04:17:15; 403; 0; 26.66; 1008.04734375; 42.71484375
2026-09-15; 04:18:15; 405; 0; 26.66; 1008.075390625; 42.6474609375
2026-09-15; 04:19:15; 405; 0; 26.65; 1008.0513671875; 42.6240234375
2026-09-15; 04:20:15; 400; 0; 26.66; 1008.0954296875; 42.658203125
2026-09-15; 04:21:15; 400; 0; 26.68; 1008.079375; 42.626953125
2026-09-15; 04:22:15; 400; 0; 26.66; 1008.0112890625; 42.6357421875
2026-09-15; 04:23:15; 403; 0; 26.67; 1008.0273046875; 42.6591796875
2026-09-15; 04:24:15; 403; 0; 26.62; 1008.0671484375; 42.74609375
2026-09-15; 04:25:15; 400; 0; 26.64; 1008.0433984375; 42.736328125
2026-09-15; 04:26:15; 400; 0; 26.64; 1008.0353515625; 42.7236328125
2026-09-15; 04:27:15; 400; 0; 26.64; 1008.091484375; 42.7236328125
2026-09-15; 04:28:15; 402; 0; 26.64; 1008.0353515625; 42.6787109375
2026-09-15; 04:29:15; 402; 0; 26.61; 1007.9669921875; 42.6884765625
2026-09-15; 04:30:15; 402; 0; 26.61; 1008.0230859375; 42.7451171875
2026-09-15; 04:31:15; 411; 1; 26.62; 1008.03109375; 42.7109375
2026-09-15; 04:32:15; 411; 1; 26.62; 1008.03109375; 42.72265625
2026-09-15; 04:33:15; 416; 2; 26.65; 1008.023359375; 42.6806640625
2026-09-15; 04:34:15; 411; 1; 26.64; 1007.987265625; 42.6455078125
2026-09-15; 04:35:15; 406; 0; 26.62; 1007.9549609375; 42.666015625
2026-09-15; 04:36:15; 411; 1; 26.64; 1007.9512109375; 42.6904296875
2026-09-15; 04:37:15; 416; 2; 26.62; 1007.975; 42.7333984375
2026-09-15; 04:38:15; 420; 3; 26.64; 1008.0153125; 42.6455078125
2026-09-15; 04:39:15; 420; 3; 26.64; 1007.979296875; 42.64453125
2026-09-15; 04:40:15; 420; 3; 26.63; 1007.9071875; 42.65625
2026-09-15; 04:41:15; 411; 1; 26.6; 1007.971015625; 42.6982421875
2026-09-15; 04:42:15; 411; 1; 26.6; 1007.9990625; 42.65234375
2026-09-15; 04:43:15; 416; 2; 26.59; 1007.935; 42.673828125
2026-09-15; 04:44:15; 418; 2; 26.58; 1007.8829296875; 42.6962890625
2026-09-15; 04:45:15; 405; 0; 26.58; 1007.826875; 42.7412109375
2026-09-15; 04:46:15; 405; 0; 26.55; 1007.8626171875; 42.771484375
2026-09-15; 04:47:15; 414; 2; 26.53; 1007.8866796875; 42.78125
2026-09-15; 04:48:15; 408; 1; 26.51; 1007.8346484375; 42.8486328125
2026-09-15; 04:49:15; 405; 0; 26.54; 1007.8746875; 42.7607421875
2026-09-15; 04:50:15; 408; 1; 26.52; 1007.84265625; 42.79296875
2026-09-15; 04:51:15; 405; 0; 26.53; 1007.858671875; 42.78125
2026-09-15; 04:52:15; 402; 0; 26.54; 1007.910703125; 42.7265625
2026-09-15; 04:53:15; 407; 1; 26.52; 1007.89875; 42.8154296875
2026-09-15; 04:54:15; 410; 1; 26.51; 1007.8826953125; 42.8134765625
2026-09-15; 04:55:15; 407; 1; 26.49; 1007.9344921875; 42.8115234375
2026-09-15; 04:56:16; 402; 0; 26.5; 1008.0069140625; 42.8349609375
2026-09-15; 04:57:16; 402; 0; 26.44; 1007.9545703125; 42.8193359375
2026-09-15; 04:58:16; 402; 0; 26.45; 1007.99859375; 42.8662109375
2026-09-15; 04:59:16; 402; 0; 26.48; 1007.9825390625; 42.8681640625
2026-09-15; 05:00:16; 402; 0; 26.46; 1007.8664453125; 42.876953125
2026-09-15; 05:01:16; 402; 0; 26.49; 1007.9344921875; 42.845703125
2026-09-15; 05:02:16; 402; 0; 26.5; 1007.846640625; 42.802734375
2026-09-15; 05:03:16; 402; 0; 26.51; 1007.8346484375; 42.7578125
2026-09-15; 05:04:16; 407; 1; 26.52; 1007.8706640625; 42.736328125
2026-09-15; 05:05:16; 407; 1; 26.51; 1007.8546875; 42.7451171875
2026-09-15; 05:06:16; 407; 1; 26.51; 1007.806640625; 42.7578125
2026-09-15; 05:07:16; 407; 1; 26.51; 1007.8346484375; 42.7353515625
2026-09-15; 05:08:16; 407; 1; 26.51; 1007.770546875; 42.7001953125
2026-09-15; 05:09:16; 400; 0; 26.45; 1007.7462890625; 42.7978515625
2026-09-15; 05:10:16; 400; 0; 26.49; 1007.6821875; 42.7890625
2026-09-15; 05:11:16; 400; 0; 26.47; 1007.70625; 42.8095703125
2026-09-15; 05:12:16; 402; 0; 26.43; 1007.76234375; 42.8408203125
2026-09-15; 05:13:16; 402; 0; 26.43; 1007.6782421875; 42.8740234375
2026-09-15; 05:14:16; 400; 0; 26.43; 1007.6782421875; 42.8408203125
2026-09-15; 05:15:16; 405; 0; 26.43; 1007.7062890625; 42.8408203125
2026-09-15; 05:16:16; 405; 0; 26.42; 1007.71796875; 42.896484375
2026-09-15; 05:17:16; 405; 0; 26.42; 1007.670234375; 42.8408203125
2026-09-15; 05:18:16; 405; 0; 26.41; 1007.65390625; 42.8623046875
2026-09-15; 05:19:16; 405; 0; 26.41; 1007.6459375; 42.81640625
2026-09-15; 05:20:16; 400; 0; 26.41; 1007.6459375; 42.873046875
2026-09-15; 05:21:16; 409; 1; 26.38; 1007.625625; 42.8583984375
2026-09-15; 05:22:16; 405; 0; 26.38; 1007.625625; 42.94921875
2026-09-15; 05:23:16; 405; 0; 26.39; 1007.59390625; 42.9287109375
2026-09-15; 05:24:16; 409; 1; 26.4; 1007.629921875; 42.9169921875
2026-09-15; 05:25:16; 405; 0; 26.39; 1007.6219140625; 42.8720703125
2026-09-15; 05:26:16; 405; 0; 26.4; 1007.6859765625; 42.9052734375
2026-09-15; 05:27:16; 405; 0; 26.41; 1007.65390625; 42.7607421875
2026-09-15; 05:28:16; 400; 0; 26.36; 1007.5735546875; 42.90234375
2026-09-15; 05:29:16; 400; 0; 26.39; 1007.649921875; 42.8603515625
2026-09-15; 05:30:16; 400; 0; 26.39; 1007.6416015625; 42.7919921875
2026-09-15; 05:31:16; 400; 0; 26.37; 1007.6176171875; 42.880859375
2026-09-15; 05:32:16; 408; 1; 26.38; 1007.56953125; 42.8583984375
2026-09-15; 05:33:16; 403; 0; 26.36; 1007.5175390625; 42.9248046875
2026-09-15; 05:34:16; 403; 0; 26.35; 1007.557578125; 42.87890625
2026-09-15; 05:35:16; 400; 0; 26.38; 1007.521484375; 42.8583984375
2026-09-15; 05:36:16; 400; 0; 26.38; 1007.5415234375; 42.8701171875
2026-09-15; 05:37:16; 403; 0; 26.32; 1007.453203125; 42.9326171875
2026-09-15; 05:38:16; 403; 0; 26.36; 1007.545546875; 42.8681640625
2026-09-15; 05:39:17; 400; 0; 26.4; 1007.489765625; 42.8037109375
2026-09-15; 05:40:17; 400; 0; 26.38; 1007.513515625; 42.8134765625
2026-09-15; 05:41:17; 403; 0; 26.37; 1007.4975; 42.857421875
2026-09-15; 05:42:17; 400; 0; 26.37; 1007.50546875; 42.8349609375
2026-09-15; 05:43:17; 405; 0; 26.36; 1007.4894921875; 42.8564453125
2026-09-15; 05:44:17; 405; 0; 26.39; 1007.4734375; 42.802734375
2026-09-15; 05:45:17; 405; 0; 26.37; 1007.4133984375; 42.8349609375
2026-09-15; 05:46:17; 405; 0; 26.34; 1007.505234375; 42.876953125
2026-09-15; 05:47:17; 405; 0; 26.33; 1007.3570703125; 42.80859375
2026-09-15; 05:48:17; 400; 0; 26.36; 1007.481484375; 42.765625
2026-09-15; 05:49:17; 400; 0; 26.34; 1007.4771875; 42.8544921875
2026-09-15; 05:50:17; 400; 0; 26.32; 1007.397109375; 42.8876953125
2026-09-15; 05:51:17; 400; 0; 26.33; 1007.3490625; 42.8544921875
2026-09-15; 05:52:17; 405; 0; 26.32; 1007.397109375; 42.853515625
2026-09-15; 05:53:17; 405; 0; 26.33; 1007.4691796875; 42.8203125
2026-09-15; 05:54:17; 405; 0; 26.29; 1007.48125; 42.91796875
2026-09-15; 05:55:17; 400; 0; 26.3; 1007.4131640625; 42.8388671875
2026-09-15; 05:56:17; 400; 0; 26.29; 1007.433203125; 42.861328125
2026-09-15; 05:57:17; 400; 0; 26.31; 1007.4011328125; 42.83984375
2026-09-15; 05:58:17; 408; 1; 26.3; 1007.4131640625; 42.9296875
2026-09-15; 05:59:17; 403; 0; 26.3; 1007.4131640625; 42.8955078125
2026-09-15; 06:00:17; 400; 0; 26.28; 1007.3888671875; 42.8720703125
2026-09-15; 06:01:17; 403; 0; 26.28; 1007.40890625; 42.951171875
2026-09-15; 06:02:17; 400; 0; 26.19; 1007.3366015625; 43.021484375
2026-09-15; 06:03:17; 403; 0; 26.22; 1007.3769140625; 43.013671875
2026-09-15; 06:04:17; 408; 1; 26.21; 1007.3526171875; 43.01171875
2026-09-15; 06:05:17; 405; 0; 26.23; 1007.3368359375; 42.9580078125
2026-09-15; 06:06:17; 405; 0; 26.18; 1007.3205859375; 43.0439453125
2026-09-15; 06:07:17; 405; 0; 26.22; 1007.28484375; 43.0126953125
2026-09-15; 06:08:17; 400; 0; 26.18; 1007.2365234375; 43.009765625
2026-09-15; 06:09:17; 405; 0; 26.21; 1007.3045703125; 42.9892578125
2026-09-15; 06:10:17; 400; 0; 26.23; 1007.308828125; 42.98046875
2026-09-15; 06:11:17; 400; 0; 26.23; 1007.2728125; 42.84375
2026-09-15; 06:12:17; 400; 0; 26.17; 1007.2765234375; 43.04296875
2026-09-15; 06:13:17; 405; 0; 26.11; 1007.3403515625; 43.1611328125
2026-09-15; 06:14:17; 405; 0; 26.16; 1007.2885546875; 43.064453125
2026-09-15; 06:15:17; 405; 0; 26.14; 1007.284296875; 43.005859375
2026-09-15; 06:16:17; 405; 0; 26.17; 1007.43671875; 43.0419921875
2026-09-15; 06:17:17; 400; 0; 26.17; 1007.3045703125; 42.9296875
2026-09-15; 06:18:17; 400; 0; 26.2; 1007.3165625; 42.9892578125
2026-09-15; 06:19:17; 400; 0; 26.15; 1007.2645703125; 43.0283203125
2026-09-15; 06:20:17; 409; 1; 26.18; 1007.2925390625; 42.9873046875
2026-09-15; 06:21:17; 405; 0; 26.17; 1007.2765234375; 43.0087890625
2026-09-15; 06:22:18; 405; 0; 26.16; 1007.2805859375; 42.9169921875
2026-09-15; 06:23:18; 405; 0; 26.17; 1007.3326171875; 42.9970703125
2026-09-15; 06:24:18; 405; 0; 26.18; 1007.2845703125; 42.986328125
2026-09-15; 06:25:18; 405; 0; 26.17; 1007.2965625; 42.9970703125
2026-09-15; 06:26:18; 400; 0; 26.13; 1007.2402734375; 43.0048828125
2026-09-15; 06:27:18; 400; 0; 26.11; 1007.3483203125; 43.1162109375
2026-09-15; 06:28:18; 400; 0; 26.13; 1007.28828125; 43.083984375
2026-09-15; 06:29:18; 402; 0; 26.16; 1007.30859375; 42.9619140625
2026-09-15; 06:30:18; 402; 0; 26.14; 1007.27625; 42.9375
2026-09-15; 06:31:18; 402; 0; 26.13; 1007.3803515625; 43.0615234375
2026-09-15; 06:32:18; 400; 0; 26.17; 1007.3326171875; 42.9638671875
2026-09-15; 06:33:18; 400; 0; 26.18; 1007.376640625; 42.908203125
2026-09-15; 06:34:18; 400; 0; 26.15; 1007.4126953125; 42.984375
2026-09-15; 06:35:18; 402; 0; 26.14; 1007.3683203125; 42.9951171875
2026-09-15; 06:36:18; 402; 0; 26.17; 1007.3045703125; 42.94140625
2026-09-15; 06:37:18; 405; 0; 26.12; 1007.39234375; 42.935546875
2026-09-15; 06:38:18; 405; 0; 26.14; 1007.3403125; 42.9384765625
2026-09-15; 06:39:18; 405; 0; 26.11; 1007.264296875; 43.0263671875
2026-09-15; 06:40:18; 405; 0; 26.11; 1007.2923046875; 43.00390625
2026-09-15; 06:41:18; 405; 0; 26.14; 1007.3123046875; 42.9833984375
2026-09-15; 06:42:18; 405; 0; 26.11; 1007.3403515625; 43.025390625
2026-09-15; 06:43:18; 400; 0; 26.12; 1007.3643359375; 43.0146484375
2026-09-15; 06:44:18; 400; 0; 26.13; 1007.4283984375; 42.9931640625
2026-09-15; 06:45:18; 405; 0; 26.14; 1007.424375; 42.94921875
2026-09-15; 06:46:18; 400; 0; 26.14; 1007.3963671875; 42.9267578125
2026-09-15; 06:47:18; 400; 0; 26.15; 1007.4326953125; 42.9267578125
2026-09-15; 06:48:18; 400; 0; 26.16; 1007.37265625; 42.861328125
2026-09-15; 06:49:18; 407; 1; 26.13; 1007.2962890625; 42.92578125
2026-09-15; 06:50:18; 407; 1; 26.1; 1007.388359375; 42.9228515625
2026-09-15; 06:51:18; 407; 1; 26.1; 1007.388359375; 42.7978515625
2026-09-15; 06:52:18; 400; 0; 26.1; 1007.43640625; 42.9794921875
2026-09-15; 06:53:18; 400; 0; 26.11; 1007.404375; 42.9580078125
2026-09-15; 06:54:18; 402; 0; 26.1; 1007.43640625; 42.9111328125
2026-09-15; 06:55:18; 402; 0; 26.11; 1007.460390625; 42.9013671875
2026-09-15; 06:56:18; 400; 0; 26.11; 1007.4804296875; 42.923828125
2026-09-15; 06:57:18; 402; 0; 26.09; 1007.4204296875; 42.9326171875
2026-09-15; 06:58:18; 402; 0; 26.08; 1007.4404296875; 42.8984375
2026-09-15; 06:59:18; 400; 0; 26.07; 1007.444140625; 43.0107421875
2026-09-15; 07:00:18; 400; 0; 26.07; 1007.4241015625; 42.8974609375
2026-09-15; 07:01:18; 405; 0; 26.08; 1007.4323828125; 42.9541015625
2026-09-15; 07:02:18; 405; 0; 26.1; 1007.4924609375; 42.9228515625
2026-09-15; 07:03:18; 405; 0; 26.08; 1007.4684375; 42.9208984375
2026-09-15; 07:04:18; 405; 0; 26.1; 1007.5004296875; 42.8662109375
2026-09-15; 07:05:19; 400; 0; 26.06; 1007.4080859375; 42.9638671875
2026-09-15; 07:06:19; 400; 0; 26.06; 1007.4921484375; 42.9873046875
2026-09-15; 07:07:19; 403; 0; 26.08; 1007.4404296875; 42.88671875
2026-09-15; 07:08:19; 408; 1; 26.11; 1007.5164453125; 42.8681640625
2026-09-15; 07:09:19; 403; 0; 26.14; 1007.4444140625; 42.7900390625
2026-09-15; 07:10:19; 403; 0; 26.15; 1007.49671875; 42.701171875
2026-09-15; 07:11:19; 403; 0; 26.15; 1007.48875; 42.7119140625
2026-09-15; 07:12:19; 403; 0; 26.13; 1007.4283984375; 42.6767578125
2026-09-15; 07:13:19; 403; 0; 26.14; 1007.4163671875; 42.72265625
2026-09-15; 07:14:19; 400; 0; 26.15; 1007.4326953125; 42.701171875
2026-09-15; 07:15:19; 400; 0; 26.16; 1007.4206640625; 42.6904296875
2026-09-15; 07:16:19; 400; 0; 26.14; 1007.5004296875; 42.72265625
2026-09-15; 07:17:19; 400; 0; 26.17; 1007.4166796875; 42.658203125
2026-09-15; 07:18:19; 400; 0; 26.17; 1007.5207421875; 42.6796875
2026-09-15; 07:19:19; 400; 0; 26.17; 1007.4446875; 42.6015625
2026-09-15; 07:20:19; 403; 0; 26.21; 1007.500703125; 42.5146484375
2026-09-15; 07:21:19; 400; 0; 26.23; 1007.4769921875; 42.482421875
2026-09-15; 07:22:19; 405; 0; 26.19; 1007.5327734375; 42.5576171875
2026-09-15; 07:23:19; 405; 0; 26.24; 1007.4008984375; 42.4833984375
2026-09-15; 07:24:19; 405; 0; 26.24; 1007.4089453125; 42.4267578125
2026-09-15; 07:25:19; 405; 0; 26.28; 1007.464921875; 42.3505859375
2026-09-15; 07:26:19; 405; 0; 26.27; 1007.34484375; 42.361328125
2026-09-15; 07:27:19; 409; 1; 26.26; 1007.4609765625; 42.3603515625
2026-09-15; 07:28:19; 405; 0; 26.26; 1007.3568359375; 42.349609375
2026-09-15; 07:29:19; 405; 0; 26.27; 1007.316796875; 42.31640625
2026-09-15; 07:30:19; 405; 0; 26.31; 1007.3451171875; 42.2744140625
2026-09-15; 07:31:19; 405; 0; 26.34; 1007.3090234375; 42.140625
2026-09-15; 07:32:19; 405; 0; 26.38; 1007.35328125; 42.0771484375
2026-09-15; 07:33:19; 413; 1; 26.53; 1007.39; 41.7060546875
2026-09-15; 07:34:19; 400; 0; 26.79; 1007.3705078125; 40.6640625
2026-09-15; 07:35:19; 400; 0; 27.08; 1007.350859375; 39.0908203125
2026-09-15; 07:36:19; 405; 0; 27.26; 1007.415078125; 38.0390625
2026-09-15; 07:37:19; 400; 0; 27.43; 1007.31453125; 37.4287109375
2026-09-15; 07:38:19; 400; 0; 27.7; 1007.3262890625; 36.6787109375
2026-09-15; 07:39:19; 400; 0; 27.88; 1007.3459765625; 36.2939453125
2026-09-15; 07:40:19; 400; 0; 28.05; 1007.3371484375; 35.9775390625
2026-09-15; 07:41:19; 400; 0; 28.22; 1007.37671875; 35.5244140625
2026-09-15; 07:42:19; 400; 0; 28.24; 1007.2760546875; 35.4462890625
2026-09-15; 07:43:19; 400; 0; 28.34; 1007.29609375; 35.271484375
2026-09-15; 07:44:19; 403; 0; 28.52; 1007.25875; 34.9208984375
2026-09-15; 07:45:19; 400; 0; 28.63; 1007.266171875; 34.712890625
2026-09-15; 07:46:19; 433; 5; 28.79; 1007.2046875; 34.39453125
2026-09-15; 07:47:19; 407; 1; 28.95; 1007.292109375; 34.26953125
2026-09-15; 07:48:20; 400; 0; 29.09; 1007.2908984375; 34.4404296875
2026-09-15; 07:49:20; 400; 0; 29.19; 1007.266171875; 33.91015625
2026-09-15; 07:50:20; 403; 0; 29.3; 1007.2528125; 33.564453125
2026-09-15; 07:51:20; 402; 0; 29.43; 1007.255625; 33.4033203125
2026-09-15; 07:52:20; 400; 0; 29.49; 1007.2028125; 33.2587890625
2026-09-15; 07:53:20; 400; 0; 29.43; 1007.1711328125; 33.357421875
2026-09-15; 07:54:20; 400; 0; 29.47; 1007.2272265625; 33.3828125
2026-09-15; 07:55:20; 402; 0; 29.19; 1007.294296875; 34.05859375
2026-09-15; 07:56:20; 402; 0; 29.17; 1007.270390625; 34.4345703125
2026-09-15; 07:57:20; 425; 3; 29.11; 1007.2306640625; 34.6474609375
2026-09-15; 07:58:20; 451; 7; 29.01; 1007.2755859375; 34.75390625
2026-09-15; 07:59:20; 478; 11; 28.7; 1007.2295703125; 35.8583984375
2026-09-15; 08:00:20; 492; 14; 28.78; 1007.245; 35.7509765625
2026-09-15; 08:01:20; 498; 14; 29.01; 1007.267578125; 35.47265625
2026-09-15; 08:02:20; 502; 15; 29.01; 1007.2755859375; 35.4833984375
2026-09-15; 08:03:20; 502; 15; 28.89; 1007.2040234375; 35.623046875
2026-09-15; 08:04:20; 515; 17; 28.81; 1007.244609375; 35.9921875
2026-09-15; 08:05:20; 536; 20; 28.87; 1007.284375; 36.3173828125
2026-09-15; 08:06:20; 556; 23; 28.71; 1007.273671875; 36.96484375
2026-09-15; 08:07:20; 589; 28; 28.69; 1007.2497265625; 37.009765625
2026-09-15; 08:08:20; 596; 29; 28.71; 1007.281640625; 36.896484375
2026-09-15; 08:09:20; 603; 30; 28.7; 1007.2094140625; 36.884765625
2026-09-15; 08:10:20; 623; 33; 28.69; 1007.2497265625; 37.1123046875
2026-09-15; 08:11:20; 631; 35; 28.82; 1007.232734375; 36.9169921875
2026-09-15; 08:12:20; 650; 38; 28.92; 1007.2723828125; 36.869140625
2026-09-15; 08:13:20; 653; 38; 28.93; 1007.2803515625; 36.92578125
2026-09-15; 08:14:20; 666; 40; 28.89; 1007.1957421875; 36.8310546875
2026-09-15; 08:15:20; 666; 40; 28.64; 1007.2258984375; 37.689453125
2026-09-15; 08:16:20; 686; 43; 28.34; 1007.32421875; 38.32421875
2026-09-15; 08:17:20; 710; 47; 28.51; 1007.2428125; 38.337890625
2026-09-15; 08:18:20; 737; 51; 28.63; 1007.2380859375; 38.1318359375
2026-09-15; 08:19:20; 717; 48; 28.69; 1007.2980078125; 37.8515625
2026-09-15; 08:20:20; 733; 50; 28.65; 1007.2901171875; 37.951171875
2026-09-15; 08:21:20; 717; 48; 28.68; 1007.289765625; 38.0341796875
2026-09-15; 08:22:20; 717; 48; 28.85; 1007.1962109375; 37.68359375
2026-09-15; 08:23:20; 710; 47; 28.95; 1007.320234375; 37.53125
2026-09-15; 08:24:20; 710; 47; 28.73; 1007.31359375; 37.8212890625
2026-09-15; 08:25:20; 686; 43; 28.76; 1007.27734375; 37.9375
2026-09-15; 08:26:20; 678; 42; 28.85; 1007.35703125; 37.7861328125
2026-09-15; 08:27:20; 686; 43; 29.13; 1007.34703125; 37.353515625
2026-09-15; 08:28:20; 674; 41; 29.59; 1007.3068359375; 36.6484375
2026-09-15; 08:29:20; 678; 42; 29.91; 1007.395546875; 36.1376953125
2026-09-15; 08:30:20; 710; 47; 30.66; 1007.3214453125; 34.982421875
2026-09-15; 08:31:21; 746; 52; 30.89; 1007.2940625; 34.7021484375
2026-09-15; 08:32:21; 800; 60; 31.1; 1007.3390234375; 34.6962890625
2026-09-15; 08:33:21; 825; 64; 31.19; 1007.30515625; 34.4052734375
2026-09-15; 08:34:21; 846; 67; 31.19; 1007.2486328125; 34.4853515625
2026-09-15; 08:35:21; 882; 73; 31.43; 1007.2848828125; 34.158203125
2026-09-15; 08:36:21; 907; 77; 32.02; 1007.3988671875; 33.23828125
2026-09-15; 08:37:21; 887; 74; 31.9; 1007.34078125; 33.4697265625
2026-09-15; 08:38:21; 897; 75; 32.34; 1007.279140625; 32.58203125
2026-09-15; 08:39:21; 887; 74; 32.37; 1007.270234375; 32.72265625
2026-09-15; 08:40:21; 868; 71; 32.19; 1007.379296875; 33.169921875
2026-09-15; 08:41:21; 907; 77; 32.41; 1007.3465625; 32.966796875
2026-09-15; 08:42:21; 923; 79; 32.55; 1007.286640625; 32.8271484375
2026-09-15; 08:43:21; 907; 77; 32.62; 1007.285; 32.7978515625
2026-09-15; 08:44:21; 940; 82; 32.72; 1007.2380859375; 32.701171875
2026-09-15; 08:45:21; 940; 82; 32.73; 1007.3185546875; 32.6103515625
2026-09-15; 08:46:21; 940; 82; 33.03; 1007.2430078125; 32.04296875
2026-09-15; 08:47:21; 927; 80; 32.86; 1007.2348828125; 32.4228515625
2026-09-15; 08:48:21; 923; 79; 32.81; 1007.2684375; 32.3388671875
2026-09-15; 08:49:21; 923; 79; 32.77; 1007.3178515625; 32.5888671875
2026-09-15; 08:50:21; 923; 79; 33.07; 1007.3065625; 31.8505859375
2026-09-15; 08:51:21; 897; 75; 33.38; 1007.2541015625; 31.3759765625
2026-09-15; 08:52:21; 836; 66; 33.47; 1007.312578125; 31.0595703125
2026-09-15; 08:53:21; 780; 57; 33.43; 1007.2853125; 31.115234375
2026-09-15; 08:54:21; 737; 51; 33.33; 1007.287734375; 31.154296875
2026-09-15; 08:55:21; 674; 41; 33.4; 1007.2861328125; 31.1123046875
2026-09-15; 08:56:21; 666; 40; 33.23; 1007.2216015625; 31.435546875
2026-09-15; 08:57:21; 666; 40; 33.77; 1007.26375; 30.6640625
2026-09-15; 08:58:21; 637; 36; 34.06; 1007.271953125; 30.2099609375
2026-09-15; 08:59:21; 611; 32; 34.31; 1007.25625; 29.9599609375
2026-09-15; 09:00:21; 623; 33; 34.51; 1007.205625; 29.77734375
2026-09-15; 09:01:21; 643; 37; 34.73; 1007.2921875; 29.525390625
2026-09-15; 09:02:21; 631; 35; 34.85; 1007.2759375; 29.30078125
2026-09-15; 09:03:21; 623; 33; 34.78; 1007.322578125; 29.435546875
2026-09-15; 09:04:21; 623; 33; 34.85; 1007.2475; 29.58984375
2026-09-15; 09:05:21; 637; 36; 34.8; 1007.2693359375; 29.6220703125
2026-09-15; 09:06:21; 653; 38; 35.14; 1007.1892578125; 29.23828125
2026-09-15; 09:07:21; 674; 41; 35.38; 1007.2501171875; 28.91796875
2026-09-15; 09:08:21; 686; 43; 35.51; 1007.265859375; 28.8564453125
2026-09-15; 09:09:21; 686; 43; 35.7; 1007.238984375; 28.5205078125
2026-09-15; 09:10:21; 702; 46; 35.6; 1007.266484375; 28.955078125
2026-09-15; 09:11:21; 717; 48; 35.88; 1007.2764453125; 28.5546875
2026-09-15; 09:12:21; 754; 53; 35.97; 1007.2981640625; 28.3857421875
2026-09-15; 09:13:22; 737; 51; 36.08; 1007.3223828125; 28.0556640625
2026-09-15; 09:14:22; 733; 50; 36.23; 1007.2962890625; 27.9248046875
2026-09-15; 09:15:22; 686; 43; 36.27; 1007.282421875; 27.8349609375
2026-09-15; 09:16:22; 686; 43; 36.45; 1007.27578125; 27.671875
2026-09-15; 09:17:22; 710; 47; 36.47; 1007.29953125; 27.8583984375
2026-09-15; 09:18:22; 746; 52; 36.64; 1007.312734375; 27.63671875
2026-09-15; 09:19:22; 754; 53; 36.77; 1007.34015625; 27.7138671875
2026-09-15; 09:20:22; 717; 48; 36.86; 1007.263359375; 27.3125
2026-09-15; 09:21:22; 717; 48; 36.93; 1007.2239453125; 27.2470703125
2026-09-15; 09:22:22; 787; 58; 37.0; 1007.192421875; 27.2392578125
2026-09-15; 09:23:22; 808; 62; 36.91; 1007.1998828125; 27.3046875
2026-09-15; 09:24:22; 825; 64; 36.91; 1007.17140625; 27.3505859375
2026-09-15; 09:25:22; 772; 56; 37.13; 1007.2478125; 26.9326171875
2026-09-15; 09:26:22; 787; 58; 37.36; 1007.2421875; 26.783203125
2026-09-15; 09:27:22; 808; 62; 37.62; 1007.2184765625; 26.634765625
2026-09-15; 09:28:22; 825; 64; 37.51; 1007.2231640625; 26.67578125
2026-09-15; 09:29:22; 800; 60; 37.46; 1007.2294140625; 26.6259765625
2026-09-15; 09:30:22; 817; 63; 37.88; 1007.1865625; 26.3349609375
2026-09-15; 09:31:22; 787; 58; 38.15; 1007.26375; 26.1396484375
2026-09-15; 09:32:22; 825; 64; 38.19; 1007.192265625; 26.001953125
2026-09-15; 09:33:22; 825; 64; 38.12; 1007.1385546875; 26.115234375
2026-09-15; 09:34:22; 825; 64; 38.31; 1007.1255859375; 25.951171875
2026-09-15; 09:35:22; 733; 50; 37.92; 1007.07875; 25.9638671875
2026-09-15; 09:36:22; 617; 33; 38.01; 1007.1926953125; 25.96875
2026-09-15; 09:37:22; 520; 18; 37.91; 1007.120078125; 25.8583984375
2026-09-15; 09:38:22; 445; 6; 38.09; 1007.119765625; 25.6240234375
2026-09-15; 09:39:22; 406; 0; 38.15; 1007.100234375; 25.615234375
2026-09-15; 09:40:22; 400; 0; 38.33; 1007.1207421875; 25.3447265625
2026-09-15; 09:41:22; 400; 0; 38.44; 1007.14421875; 25.2333984375
2026-09-15; 09:42:22; 402; 0; 38.57; 1007.1211328125; 24.9951171875
2026-09-15; 09:43:22; 400; 0; 38.62; 1007.10671875; 24.880859375
2026-09-15; 09:44:22; 406; 0; 38.41; 1007.0758984375; 25.021484375
2026-09-15; 09:45:22; 402; 0; 38.48; 1007.0437890625; 24.8974609375
2026-09-15; 09:46:22; 400; 0; 38.4; 1007.02359375; 24.962890625
2026-09-15; 09:47:22; 400; 0; 38.55; 1007.003828125; 24.7021484375
2026-09-15; 09:48:22; 400; 0; 38.45; 1007.045703125; 24.7666015625
2026-09-15; 09:49:22; 400; 0; 38.42; 1007.026640625; 24.84765625
2026-09-15; 09:50:22; 405; 0; 38.33; 1006.998515625; 25.2744140625
2026-09-15; 09:51:22; 405; 0; 38.57; 1007.006796875; 24.9951171875
2026-09-15; 09:52:22; 420; 3; 38.71; 1007.0778515625; 25.1318359375
2026-09-15; 09:53:22; 432; 4; 38.7; 1007.033203125; 25.294921875
2026-09-15; 09:54:22; 448; 7; 38.92; 1007.0387109375; 25.0263671875
2026-09-15; 09:55:23; 465; 9; 39.27; 1006.976171875; 24.716796875
2026-09-15; 09:56:23; 452; 7; 39.33; 1007.02171875; 24.626953125
2026-09-15; 09:57:23; 443; 6; 39.46; 1007.0108984375; 24.5400390625
2026-09-15; 09:58:23; 446; 7; 39.58; 1007.057578125; 24.4404296875
2026-09-15; 09:59:23; 443; 6; 39.64; 1007.0748046875; 24.4208984375
2026-09-15; 10:00:23; 448; 7; 39.61; 1006.9623828125; 24.4072265625
2026-09-15; 10:01:23; 465; 9; 39.64; 1006.98890625; 24.4794921875
2026-09-15; 10:02:23; 492; 14; 39.54; 1006.9659375; 24.5673828125
2026-09-15; 10:03:23; 527; 19; 39.68; 1006.958515625; 24.5751953125
2026-09-15; 10:04:23; 560; 24; 39.65; 1006.9760546875; 24.5380859375
2026-09-15; 10:05:23; 574; 26; 39.83; 1006.9871875; 24.4072265625
2026-09-15; 10:06:23; 597; 30; 39.87; 1007.050234375; 24.3623046875
2026-09-15; 10:07:23; 586; 28; 39.98; 1006.96640625; 24.2392578125
2026-09-15; 10:08:23; 578; 27; 40.1; 1006.86984375; 24.1396484375
2026-09-15; 10:09:23; 574; 26; 40.15; 1006.9202734375; 24.037109375
2026-09-15; 10:10:23; 567; 25; 40.22; 1006.93703125; 23.947265625
2026-09-15; 10:11:23; 565; 25; 40.3; 1006.8913671875; 23.833984375
2026-09-15; 10:12:23; 527; 19; 40.09; 1006.9035546875; 23.8818359375
2026-09-15; 10:13:23; 539; 21; 39.91; 1006.949609375; 24.365234375
2026-09-15; 10:14:23; 546; 22; 40.14; 1006.925; 24.341796875
2026-09-15; 10:15:23; 567; 25; 40.04; 1006.9469140625; 24.078125
2026-09-15; 10:16:23; 614; 32; 40.2; 1006.9051953125; 23.828125
2026-09-15; 10:17:23; 626; 34; 40.2; 1006.9130859375; 24.1220703125
2026-09-15; 10:18:23; 643; 37; 40.16; 1006.9647265625; 24.0029296875
2026-09-15; 10:19:23; 666; 40; 40.08; 1006.838359375; 24.279296875
2026-09-15; 10:20:23; 656; 39; 40.08; 1006.8301953125; 24.197265625
2026-09-15; 10:21:23; 643; 37; 39.99; 1006.8675390625; 24.474609375
2026-09-15; 10:22:23; 656; 39; 39.82; 1006.856875; 24.5361328125
2026-09-15; 10:23:23; 666; 40; 39.87; 1006.828984375; 24.5390625
2026-09-15; 10:24:23; 666; 40; 39.81; 1006.848984375; 24.72265625
2026-09-15; 10:25:23; 678; 42; 39.57; 1006.9065625; 25.0146484375
2026-09-15; 10:26:23; 697; 45; 39.37; 1006.8844921875; 25.3544921875
2026-09-15; 10:27:23; 688; 43; 39.11; 1006.816328125; 25.66796875
2026-09-15; 10:28:23; 697; 45; 38.62; 1006.8287890625; 26.2255859375
2026-09-15; 10:29:23; 712; 47; 38.05; 1006.7785546875; 26.9521484375
2026-09-15; 10:30:23; 704; 46; 37.65; 1006.715703125; 27.34765625
2026-09-15; 10:31:23; 678; 42; 37.15; 1006.709375; 28.21484375
2026-09-15; 10:32:23; 660; 39; 36.7; 1006.7889453125; 28.8271484375
2026-09-15; 10:33:23; 666; 40; 36.32; 1006.76375; 29.48828125
2026-09-15; 10:34:23; 660; 39; 36.08; 1006.7893359375; 29.9482421875
2026-09-15; 10:35:24; 656; 39; 35.87; 1006.7688671875; 30.2939453125
2026-09-15; 10:36:24; 637; 36; 35.5; 1006.730078125; 30.4091796875
2026-09-15; 10:37:24; 530; 19; 35.35; 1006.7839453125; 30.1796875
2026-09-15; 10:38:24; 422; 3; 35.17; 1006.6401171875; 30.3642578125
2026-09-15; 10:39:24; 400; 0; 34.84; 1006.6997265625; 30.5048828125
2026-09-15; 10:40:24; 400; 0; 34.69; 1006.688671875; 30.517578125
2026-09-15; 10:41:24; 400; 0; 34.46; 1006.6230859375; 30.861328125
2026-09-15; 10:42:24; 400; 0; 34.42; 1006.636640625; 30.7197265625
2026-09-15; 10:43:24; 405; 0; 34.25; 1006.6091796875; 30.8466796875
2026-09-15; 10:44:24; 400; 0; 34.13; 1006.6090625; 31.2666015625
2026-09-15; 10:45:24; 400; 0; 34.03; 1006.6769140625; 31.60546875
2026-09-15; 10:46:24; 400; 0; 33.93; 1006.6678125; 31.7490234375
2026-09-15; 10:47:24; 400; 0; 33.98; 1006.670234375; 31.7177734375
2026-09-15; 10:48:24; 400; 0; 33.96; 1006.6586328125; 31.8779296875
2026-09-15; 10:49:24; 400; 0; 33.96; 1006.6869921875; 31.900390625
2026-09-15; 10:50:24; 403; 0; 33.9; 1006.628125; 32.0703125
2026-09-15; 10:51:24; 414; 2; 33.91; 1006.615625; 32.3828125
2026-09-15; 10:52:24; 426; 3; 33.82; 1006.6421484375; 32.4462890625
2026-09-15; 10:53:24; 400; 0; 33.88; 1006.55953125; 31.9306640625
2026-09-15; 10:54:24; 400; 0; 33.77; 1006.5546484375; 32.4306640625
2026-09-15; 10:55:24; 413; 1; 33.79; 1006.55828125; 32.3388671875
2026-09-15; 10:56:24; 414; 2; 33.73; 1006.4991015625; 32.578125
2026-09-15; 10:57:24; 413; 1; 33.82; 1006.52078125; 32.5029296875
2026-09-15; 10:58:24; 403; 0; 33.85; 1006.463125; 32.35546875
2026-09-15; 10:59:24; 407; 1; 33.89; 1006.5186328125; 32.5888671875
2026-09-15; 11:00:24; 407; 1; 33.9; 1006.50609375; 32.6123046875
2026-09-15; 11:01:24; 406; 0; 33.85; 1006.5119140625; 32.736328125
2026-09-15; 11:02:24; 413; 1; 33.82; 1006.4436328125; 32.74609375
2026-09-15; 11:03:24; 420; 3; 33.83; 1006.459453125; 32.8154296875
2026-09-15; 11:04:24; 447; 7; 33.88; 1006.4539453125; 32.75
2026-09-15; 11:05:25; 448; 7; 33.86; 1006.471015625; 32.5634765625
2026-09-15; 11:06:25; 403; 0; 33.9; 1006.401171875; 32.498046875
2026-09-15; 11:07:25; 403; 0; 33.89; 1006.356328125; 32.7158203125
2026-09-15; 11:08:25; 413; 1; 33.84; 1006.41890625; 32.689453125
2026-09-15; 11:09:25; 403; 0; 33.85; 1006.4347265625; 32.6435546875
2026-09-15; 11:10:25; 406; 0; 33.77; 1006.449375; 32.7998046875
2026-09-15; 11:11:25; 400; 0; 33.87; 1006.43015625; 32.69140625
2026-09-15; 11:12:25; 400; 0; 33.88; 1006.4255859375; 32.47265625
2026-09-15; 11:13:25; 403; 0; 33.89; 1006.3847265625; 32.5654296875
2026-09-15; 11:14:25; 400; 0; 33.83; 1006.402734375; 32.4814453125
2026-09-15; 11:15:25; 408; 1; 33.85; 1006.3496484375; 32.5751953125
2026-09-15; 11:16:25; 470; 10; 33.91; 1006.4091015625; 32.8330078125
2026-09-15; 11:17:25; 486; 13; 33.85; 1006.3780078125; 32.5751953125
2026-09-15; 11:18:25; 519; 18; 33.74; 1006.3731640625; 33.1435546875
2026-09-15; 11:19:25; 553; 23; 33.91; 1006.4374609375; 32.625
2026-09-15; 11:20:25; 526; 19; 33.8; 1006.29046875; 32.6865234375
2026-09-15; 11:21:25; 517; 17; 33.93; 1006.2989453125; 32.46484375
2026-09-15; 11:22:25; 470; 10; 33.94; 1006.2376171875; 32.2353515625
2026-09-15; 11:23:25; 459; 8; 34.0; 1006.21953125; 32.1005859375
2026-09-15; 11:24:25; 410; 1; 34.04; 1006.2670703125; 31.9755859375
2026-09-15; 11:25:25; 400; 0; 34.08; 1006.225234375; 31.7939453125
2026-09-15; 11:26:25; 400; 0; 34.13; 1006.2196484375; 31.705078125
2026-09-15; 11:27:25; 400; 0; 34.03; 1006.202421875; 31.2705078125
2026-09-15; 11:28:25; 400; 0; 34.1; 1006.1638671875; 31.40234375
2026-09-15; 11:29:25; 400; 0; 34.13; 1006.19125; 31.3935546875
2026-09-15; 11:30:25; 400; 0; 34.13; 1006.1628515625; 31.197265625
2026-09-15; 11:31:25; 400; 0; 34.12; 1006.175390625; 30.9765625
2026-09-15; 11:32:25; 400; 0; 34.24; 1006.1955859375; 30.916015625
2026-09-15; 11:33:25; 405; 0; 34.33; 1006.15265625; 30.759765625
2026-09-15; 11:34:25; 400; 0; 34.36; 1006.22859375; 30.7841796875
2026-09-15; 11:35:26; 425; 3; 34.42; 1006.1334375; 30.5458984375
2026-09-15; 11:36:26; 506; 16; 34.37; 1006.195546875; 30.6357421875
2026-09-15; 11:37:26; 567; 25; 34.16; 1006.1820703125; 30.8291015625
2026-09-15; 11:38:26; 591; 29; 34.26; 1006.142421875; 30.685546875
2026-09-15; 11:39:26; 605; 31; 34.15; 1006.1378515625; 30.7939453125
2026-09-15; 11:40:26; 637; 36; 34.24; 1006.1308984375; 30.6611328125
2026-09-15; 11:41:26; 666; 40; 34.21; 1006.062890625; 30.740234375
2026-09-15; 11:42:26; 594; 29; 33.95; 1006.0548828125; 30.572265625
2026-09-15; 11:43:26; 442; 6; 34.01; 1006.0367578125; 30.2421875
2026-09-15; 11:44:26; 415; 2; 33.96; 1006.0139453125; 30.5498046875
2026-09-15; 11:45:26; 400; 0; 33.98; 1006.0380078125; 30.6318359375
2026-09-15; 11:46:26; 400; 0; 33.93; 1006.04359375; 31.033203125
2026-09-15; 11:47:26; 400; 0; 33.78; 1005.983046875; 31.5078125
2026-09-15; 11:48:26; 400; 0; 33.8; 1005.950078125; 31.8203125
2026-09-15; 11:49:26; 461; 9; 33.87; 1006.004609375; 31.91796875
2026-09-15; 11:50:26; 546; 22; 33.82; 1006.01015625; 32.0068359375
2026-09-15; 11:51:26; 599; 30; 33.84; 1005.9854296875; 32.01953125
2026-09-15; 11:52:26; 643; 37; 33.84; 1005.936640625; 32.04296875
2026-09-15; 11:53:26; 674; 41; 33.87; 1005.984140625; 32.1376953125
2026-09-15; 11:54:26; 717; 48; 33.87; 1005.8990625; 32.4833984375
2026-09-15; 11:55:26; 846; 67; 33.86; 1005.93203125; 32.759765625
2026-09-15; 11:56:26; 977; 87; 33.85; 1005.94453125; 32.9091796875
2026-09-15; 11:57:26; 1134; 111; 33.85; 1005.8957421875; 32.6787109375
2026-09-15; 11:58:26; 1356; 145; 33.79; 1005.8854296875; 32.8818359375
2026-09-15; 11:59:26; 1523; 187; 33.81; 1005.8887890625; 32.837890625
2026-09-15; 12:00:26; 1576; 226; 33.83; 1005.86375; 32.931640625
2026-09-15; 12:01:26; 1628; 270; 33.81; 1005.8808203125; 32.87109375
2026-09-15; 12:02:26; 1677; 315; 33.82; 1005.7627734375; 32.873046875
2026-09-15; 12:03:26; 1724; 361; 33.66; 1005.84890625; 33.1376953125
2026-09-15; 12:04:27; 1780; 428; 33.72; 1005.8104296875; 33.00390625
2026-09-15; 12:05:27; 1834; 494; 33.76; 1005.780859375; 32.787109375
2026-09-15; 12:06:27; 1829; 487; 33.63; 1005.8010546875; 32.546875
2026-09-15; 12:07:27; 1757; 400; 33.63; 1005.7159765625; 32.1435546875
2026-09-15; 12:08:27; 1536; 196; 33.37; 1005.7924609375; 31.4560546875
2026-09-15; 12:09:27; 1523; 187; 33.46; 1005.765703125; 31.56640625
2026-09-15; 12:10:27; 902; 76; 33.49; 1005.7565625; 31.2685546875
2026-09-15; 12:11:27; 643; 37; 33.31; 1005.725390625; 31.5322265625
2026-09-15; 12:12:27; 570; 25; 33.3; 1005.6891015625; 31.37109375
2026-09-15; 12:13:27; 529; 19; 33.29; 1005.644921875; 31.8544921875
2026-09-15; 12:14:27; 546; 22; 33.3; 1005.7094921875; 31.7626953125
2026-09-15; 12:15:27; 517; 17; 33.31; 1005.6687109375; 31.9130859375
2026-09-15; 12:16:27; 447; 7; 33.27; 1005.6128515625; 31.4033203125
2026-09-15; 12:17:27; 400; 0; 33.31; 1005.6687109375; 31.61328125
2026-09-15; 12:18:27; 400; 0; 33.24; 1005.6503125; 31.5634765625
2026-09-15; 12:19:27; 400; 0; 33.25; 1005.581171875; 31.541015625
2026-09-15; 12:20:27; 402; 0; 33.3; 1005.5961328125; 31.2900390625
2026-09-15; 12:21:27; 400; 0; 33.28; 1005.62875; 30.689453125
2026-09-15; 12:22:27; 400; 0; 33.18; 1005.591171875; 30.244140625
2026-09-15; 12:23:27; 400; 0; 33.13; 1005.5682421875; 30.564453125
2026-09-15; 12:24:27; 402; 0; 33.19; 1005.627421875; 30.4873046875
2026-09-15; 12:25:27; 400; 0; 33.17; 1005.5186328125; 30.39453125
2026-09-15; 12:26:27; 400; 0; 33.18; 1005.5628515625; 30.462890625
2026-09-15; 12:27:27; 400; 0; 33.24; 1005.500703125; 30.720703125
2026-09-15; 12:28:27; 400; 0; 33.28; 1005.5153515625; 30.4814453125
2026-09-15; 12:29:27; 400; 0; 33.35; 1005.56203125; 30.5205078125
2026-09-15; 12:30:27; 400; 0; 33.21; 1005.4891015625; 30.9609375
2026-09-15; 12:31:27; 400; 0; 33.36; 1005.6065234375; 31.029296875
2026-09-15; 12:32:27; 400; 0; 33.38; 1005.4965234375; 31.052734375
2026-09-15; 12:33:27; 400; 0; 33.34; 1005.5541015625; 31.109375
2026-09-15; 12:34:27; 400; 0; 33.44; 1005.478828125; 31.126953125
2026-09-15; 12:35:27; 400; 0; 33.54; 1005.4675390625; 31.2490234375
2026-09-15; 12:36:27; 400; 0; 33.53; 1005.472109375; 31.4208984375
2026-09-15; 12:37:27; 400; 0; 33.56; 1005.38609375; 31.689453125
2026-09-15; 12:38:27; 400; 0; 33.6; 1005.4211328125; 31.7265625
2026-09-15; 12:39:27; 400; 0; 33.59; 1005.4336328125; 32.2451171875
2026-09-15; 12:40:27; 523; 18; 33.62; 1005.4528125; 31.982421875
2026-09-15; 12:41:28; 634; 35; 33.7; 1005.43046875; 31.8369140625
2026-09-15; 12:42:28; 785; 58; 33.77; 1005.36328125; 31.830078125
2026-09-15; 12:43:28; 977; 87; 33.74; 1005.2465234375; 32.0478515625
2026-09-15; 12:44:28; 1252; 129; 33.75; 1005.311171875; 32.0478515625
2026-09-15; 12:45:28; 1528; 191; 33.73; 1005.344140625; 32.3935546875
2026-09-15; 12:46:28; 1625; 268; 33.56; 1005.2928125; 32.6455078125
2026-09-15; 12:47:28; 1721; 359; 33.73; 1005.230703125; 32.3818359375
2026-09-15; 12:48:28; 1785; 434; 33.77; 1005.2214453125; 32.0029296875
2026-09-15; 12:49:28; 1735; 372; 33.64; 1005.229609375; 30.609375
2026-09-15; 12:50:28; 1195; 121; 33.57; 1005.2805859375; 30.26953125
2026-09-15; 12:51:28; 592; 29; 33.5; 1005.290703125; 30.0927734375
2026-09-15; 12:52:28; 400; 0; 33.43; 1005.1873828125; 30.26171875
2026-09-15; 12:53:28; 400; 0; 33.37; 1005.225546875; 30.19921875
2026-09-15; 12:54:28; 400; 0; 33.37; 1005.120078125; 30.1298828125
2026-09-15; 12:55:28; 400; 0; 33.35; 1005.250234375; 30.09375
2026-09-15; 12:56:28; 400; 0; 33.33; 1005.1618359375; 30.2080078125
2026-09-15; 12:57:28; 400; 0; 33.31; 1005.1584765625; 30.65625
2026-09-15; 12:58:28; 400; 0; 33.34; 1005.157265625; 30.474609375
2026-09-15; 12:59:28; 400; 0; 33.38; 1005.0712890625; 30.2919921875
2026-09-15; 13:00:28; 400; 0; 33.45; 1005.069453125; 30.01953125
2026-09-15; 13:01:28; 400; 0; 33.44; 1005.025234375; 30.3193359375
2026-09-15; 13:02:28; 400; 0; 33.51; 1005.023046875; 30.2314453125
2026-09-15; 13:03:28; 400; 0; 33.43; 1005.0094140625; 30.5029296875
2026-09-15; 13:04:28; 400; 0; 33.43; 1005.0094140625; 30.2958984375
2026-09-15; 13:05:28; 400; 0; 33.5; 1004.95046875; 30.27734375
2026-09-15; 13:06:28; 400; 0; 33.53; 1004.9050390625; 30.3251953125
2026-09-15; 13:07:28; 400; 0; 33.53; 1004.9050390625; 30.244140625
2026-09-15; 13:08:28; 400; 0; 33.61; 1004.9265625; 30.4111328125
2026-09-15; 13:09:28; 400; 0; 33.58; 1004.850703125; 30.4443359375
2026-09-15; 13:10:28; 400; 0; 33.57; 1004.7985546875; 30.6962890625
2026-09-15; 13:11:28; 400; 0; 33.6; 1004.7689453125; 30.72265625
2026-09-15; 13:12:28; 400; 0; 33.58; 1004.8144140625; 30.58203125
2026-09-15; 13:13:28; 400; 0; 33.59; 1004.7530859375; 30.640625
2026-09-15; 13:14:28; 400; 0; 33.55; 1004.82328125; 30.671875
2026-09-15; 13:15:28; 400; 0; 33.53; 1004.85625; 30.763671875
2026-09-15; 13:16:28; 400; 0; 33.54; 1004.78703125; 30.7646484375
2026-09-15; 13:17:28; 400; 0; 33.51; 1004.7394921875; 30.7734375
2026-09-15; 13:18:28; 400; 0; 33.45; 1004.6725390625; 30.8740234375
2026-09-15; 13:19:28; 400; 0; 33.46; 1004.745078125; 30.8740234375
2026-09-15; 13:20:28; 400; 0; 33.46; 1004.75296875; 30.8623046875
2026-09-15; 13:21:28; 400; 0; 33.46; 1004.6883984375; 30.8623046875
2026-09-15; 13:22:28; 400; 0; 33.46; 1004.71671875; 30.8623046875
2026-09-15; 13:23:28; 400; 0; 33.43; 1004.6204296875; 30.9072265625
2026-09-15; 13:24:29; 400; 0; 33.45; 1004.6158203125; 30.8623046875
2026-09-15; 13:25:29; 400; 0; 33.45; 1004.559140625; 30.896484375
2026-09-15; 13:26:29; 400; 0; 33.43; 1004.56375; 30.9072265625
2026-09-15; 13:27:29; 400; 0; 33.45; 1004.5103515625; 30.8974609375
2026-09-15; 13:28:29; 400; 0; 33.45; 1004.5103515625; 30.8857421875
2026-09-15; 13:29:29; 400; 0; 33.43; 1004.4991015625; 30.9189453125
2026-09-15; 13:30:29; 400; 0; 33.44; 1004.4582421875; 30.9189453125
2026-09-15; 13:31:29; 400; 0; 33.44; 1004.4582421875; 30.896484375
2026-09-15; 13:32:29; 400; 0; 33.44; 1004.466171875; 30.896484375
2026-09-15; 13:33:29; 426; 3; 33.45; 1004.4173828125; 30.8505859375
2026-09-15; 13:34:29; 506; 16; 33.42; 1004.3979296875; 30.9287109375
2026-09-15; 13:35:29; 592; 29; 33.41; 1004.3900390625; 30.9404296875
2026-09-15; 13:36:29; 679; 42; 33.4; 1004.3741796875; 30.951171875
2026-09-15; 13:37:29; 813; 62; 33.42; 1004.3979296875; 30.9169921875
2026-09-15; 13:38:29; 956; 84; 33.42; 1004.4546484375; 30.9404296875
2026-09-15; 13:39:29; 1105; 107; 33.39; 1004.3787890625; 30.939453125
2026-09-15; 13:40:29; 1266; 131; 33.33; 1004.3965625; 31.02734375
2026-09-15; 13:41:29; 1491; 166; 33.32; 1004.380703125; 31.0498046875
2026-09-15; 13:42:29; 1548; 206; 33.29; 1004.3332421875; 31.0810546875
2026-09-15; 13:43:29; 1612; 257; 33.29; 1004.3332421875; 31.0810546875
2026-09-15; 13:44:29; 1685; 323; 33.3; 1004.3002734375; 31.0947265625
2026-09-15; 13:45:29; 1759; 402; 33.3; 1004.320703125; 31.0595703125
2026-09-15; 13:46:29; 1832; 490; 33.33; 1004.3115234375; 31.00390625
2026-09-15; 13:47:29; 1899; 584; 33.3; 1004.271953125; 31.0595703125
2026-09-15; 13:48:29; 1977; 707; 33.3; 1004.2152734375; 31.0361328125
2026-09-15; 13:49:29; 2060; 843; 33.34; 1004.2423046875; 30.9697265625
2026-09-15; 13:50:29; 2134; 994; 33.35; 1004.2298046875; 30.982421875
2026-09-15; 13:51:29; 2210; 1161; 33.32; 1004.2390234375; 31.0146484375
2026-09-15; 13:52:29; 2305; 1371; 33.32; 1004.2469140625; 30.98046875
2026-09-15; 13:53:29; 2485; 1743; 33.29; 1004.1994140625; 31.10546875
2026-09-15; 13:54:29; 2621; 2045; 33.26; 1004.17203125; 31.1376953125
2026-09-15; 13:55:29; 2715; 2257; 33.26; 1004.1437109375; 31.171875
2026-09-15; 13:56:29; 2810; 2452; 33.21; 1004.165078125; 31.2265625
2026-09-15; 13:57:29; 2906; 2649; 33.24; 1004.1687109375; 31.216796875
2026-09-15; 13:58:29; 2994; 2835; 33.19; 1004.1901171875; 31.271484375
2026-09-15; 13:59:29; 3060; 2973; 33.24; 1004.091640625; 31.2060546875
2026-09-15; 14:00:29; 3141; 3155; 33.2; 1004.0358984375; 31.2607421875
2026-09-15; 14:01:29; 3213; 3299; 33.13; 1004.0098046875; 31.3017578125
2026-09-15; 14:02:29; 3285; 3467; 33.23; 1004.067890625; 31.181640625
2026-09-15; 14:03:29; 3464; 3841; 33.18; 1004.081328125; 31.224609375
2026-09-15; 14:04:29; 3668; 4268; 33.21; 1004.0721484375; 31.23828125
2026-09-15; 14:05:29; 3763; 4481; 33.21; 1003.9871484375; 31.23828125
2026-09-15; 14:06:29; 3882; 4758; 33.16; 1003.972578125; 31.9150390625
2026-09-15; 14:07:30; 4704; 6498; 33.08; 1003.9873046875; 33.384765625
2026-09-15; 14:08:30; 4704; 6498; 33.01; 1003.9812890625; 32.45703125
2026-09-15; 14:09:30; 4746; 6576; 33.0; 1003.973359375; 33.8623046875
2026-09-15; 14:10:30; 4777; 6658; 33.0; 1003.9937890625; 34.759765625
2026-09-15; 14:11:30; 4920; 6950; 33.04; 1003.9803125; 33.611328125
2026-09-15; 14:12:30; 5015; 7161; 33.03; 1003.984921875; 34.2431640625
2026-09-15; 14:13:30; 5058; 7254; 33.08; 1003.922421875; 35.6982421875
2026-09-15; 14:14:30; 5175; 7487; 33.1; 1003.905625; 34.2041015625
2026-09-15; 14:15:30; 5195; 7545; 33.13; 1003.896484375; 33.2958984375
2026-09-15; 14:16:30; 5225; 7609; 33.12; 1003.8160546875; 34.814453125
2026-09-15; 14:17:30; 5320; 7806; 33.12; 1003.7876953125; 34.7109375
2026-09-15; 14:18:30; 5397; 7971; 33.11; 1003.7514453125; 35.2294921875
2026-09-15; 14:19:30; 5534; 8270; 33.09; 1003.7481640625; 34.84765625
2026-09-15; 14:20:30; 5613; 8455; 33.1; 1003.784375; 36.1376953125
2026-09-15; 14:21:30; 5760; 8767; 33.11; 1003.7798046875; 37.001953125
2026-09-15; 14:22:30; 5882; 8995; 33.12; 1003.674375; 35.7470703125
2026-09-15; 14:23:30; 6007; 9271; 33.08; 1003.7606640625; 35.134765625
2026-09-15; 14:24:30; 6074; 9408; 33.1; 1003.699375; 35.8955078125
2026-09-15; 14:25:30; 6241; 9783; 33.08; 1003.590625; 34.9853515625
2026-09-15; 14:26:30; 6385; 10082; 33.04; 1003.6403515625; 36.1328125
2026-09-15; 14:27:30; 6496; 10325; 33.07; 1003.6312109375; 35.1103515625
2026-09-15; 14:28:30; 6608; 10568; 33.09; 1003.663125; 34.697265625
2026-09-15; 14:29:30; 6730; 10809; 33.11; 1003.666484375; 34.5849609375
2026-09-15; 14:30:30; 6854; 11090; 33.04; 1003.6687109375; 34.947265625
2026-09-15; 14:31:30; 7016; 11432; 33.07; 1003.6232421875; 34.07421875
2026-09-15; 14:32:30; 7192; 11806; 33.08; 1003.5541015625; 34.36328125
2026-09-15; 14:33:30; 7283; 12002; 33.05; 1003.5916015625; 34.107421875
2026-09-15; 14:34:30; 7431; 12314; 33.04; 1003.66078125; 34.1298828125
2026-09-15; 14:35:30; 7639; 12748; 33.09; 1003.521484375; 33.8798828125
2026-09-15; 14:36:30; 7743; 12998; 33.05; 1003.6278515625; 33.5546875
2026-09-15; 14:37:30; 7845; 13223; 33.01; 1003.507890625; 33.5400390625
2026-09-15; 14:38:30; 7952; 13452; 32.99; 1003.504296875; 33.515625
2026-09-15; 14:39:30; 8013; 13592; 32.99; 1003.553046875; 33.4111328125
2026-09-15; 14:40:30; 8272; 14113; 32.98; 1003.4884375; 33.48046875
2026-09-15; 14:41:30; 8384; 14346; 32.93; 1003.4656640625; 33.28125
2026-09-15; 14:42:30; 8522; 14643; 32.98; 1003.395546875; 33.134765625
2026-09-15; 14:43:30; 8643; 14908; 32.9; 1003.4181640625; 33.3828125
2026-09-15; 14:44:30; 8777; 15187; 32.92; 1003.393203125; 33.302734375
2026-09-15; 14:45:30; 8845; 15333; 32.94; 1003.33984375; 33.0048828125
2026-09-15; 14:46:30; 8922; 15478; 32.99; 1003.3547265625; 33.01953125
2026-09-15; 14:47:30; 9057; 15793; 32.97; 1003.408046875; 32.9375
2026-09-15; 14:48:30; 9136; 15967; 32.98; 1003.431796875; 32.916015625
2026-09-15; 14:49:31; 9215; 16119; 32.9; 1003.3898828125; 33.12890625
2026-09-15; 14:50:31; 9365; 16444; 32.91; 1003.3852734375; 33.119140625
2026-09-15; 14:51:31; 9438; 16599; 32.9; 1003.3332421875; 33.0830078125
2026-09-15; 14:52:31; 9438; 16599; 32.9; 1003.3332421875; 32.9443359375
2026-09-15; 14:53:31; 9612; 17003; 32.91; 1003.41359375; 33.095703125
2026-09-15; 14:54:31; 9696; 17163; 32.87; 1003.2936328125; 33.0458984375
2026-09-15; 14:55:31; 9840; 17464; 32.87; 1003.257109375; 33.2421875
2026-09-15; 14:56:31; 9944; 17659; 32.86; 1003.305859375; 32.98828125
2026-09-15; 14:57:31; 9944; 17659; 32.88; 1003.244921875; 32.9541015625
2026-09-15; 14:58:31; 10032; 17886; 32.85; 1003.2897265625; 33.0107421875
2026-09-15; 14:59:31; 10201; 18240; 32.82; 1003.1776953125; 32.99609375
2026-09-15; 15:00:31; 10201; 18240; 32.85; 1003.26140625; 32.96484375
2026-09-15; 15:01:31; 10292; 18410; 32.82; 1003.2139453125; 33.06640625
2026-09-15; 15:02:31; 10492; 18871; 32.76; 1003.118671875; 33.302734375
2026-09-15; 15:03:31; 10593; 19090; 32.75; 1003.12328125; 33.232421875
2026-09-15; 15:04:31; 10703; 19308; 32.75; 1003.131171875; 33.2099609375
2026-09-15; 15:05:31; 10795; 19509; 32.78; 1003.0937109375; 33.1435546875
2026-09-15; 15:06:31; 10795; 19509; 32.75; 1003.0949609375; 33.140625
2026-09-15; 15:07:31; 10889; 19741; 32.78; 1003.0574609375; 33.201171875
2026-09-15; 15:08:31; 11118; 20241; 32.82; 1003.07234375; 33.1005859375
2026-09-15; 15:09:31; 11118; 20241; 32.82; 1003.1573046875; 32.939453125
2026-09-15; 15:10:31; 11118; 20241; 32.79; 1003.0245703125; 33.029296875
2026-09-15; 15:11:31; 11226; 20473; 32.81; 1003.105234375; 32.99609375
2026-09-15; 15:12:31; 11335; 20694; 32.81; 1003.0769140625; 32.9033203125
2026-09-15; 15:13:31; 11335; 20694; 32.79; 1003.1016015625; 32.9482421875
2026-09-15; 15:14:31; 11335; 20694; 32.78; 1003.00875; 32.9248046875
2026-09-15; 15:15:31; 11335; 20694; 32.83; 1003.02359375; 32.7783203125
2026-09-15; 15:16:31; 11335; 20694; 32.82; 1002.9590625; 32.80078125
2026-09-15; 15:17:31; 11445; 20953; 32.84; 1002.9827734375; 32.7900390625
2026-09-15; 15:18:31; 11335; 20694; 32.85; 1002.94984375; 32.7568359375
2026-09-15; 15:19:31; 11445; 20953; 32.85; 1002.9215625; 32.734375
2026-09-15; 15:20:31; 11445; 20953; 32.87; 1002.9738671875; 32.701171875
2026-09-15; 15:21:31; 11595; 21215; 32.89; 1002.94921875; 32.64453125
2026-09-15; 15:22:31; 11595; 21215; 32.91; 1002.9604296875; 32.634765625
2026-09-15; 15:23:31; 11708; 21456; 32.92; 1002.8912890625; 32.58984375
2026-09-15; 15:24:31; 11833; 21687; 32.91; 1002.9241796875; 32.587890625
2026-09-15; 15:25:31; 11833; 21687; 32.94; 1002.915; 32.5908203125
2026-09-15; 15:26:31; 11958; 21958; 32.91; 1002.895859375; 32.5078125
2026-09-15; 15:27:31; 11958; 21958; 32.87; 1002.868828125; 32.6083984375
2026-09-15; 15:28:31; 12087; 22229; 32.82; 1002.8378515625; 32.7314453125
2026-09-15; 15:29:31; 12087; 22229; 32.86; 1002.7960546875; 32.630859375
2026-09-15; 15:30:31; 12221; 22506; 32.89; 1002.81546875; 32.576171875
2026-09-15; 15:31:31; 12221; 22506; 32.86; 1002.8244140625; 32.55078125
2026-09-15; 15:32:32; 12353; 22796; 32.84; 1002.8128515625; 32.6171875
2026-09-15; 15:33:32; 12353; 22796; 32.85; 1002.80828125; 32.5615234375
2026-09-15; 15:34:32; 12353; 22796; 32.85; 1002.715390625; 32.515625
2026-09-15; 15:35:32; 12353; 22796; 32.83; 1002.7483203125; 32.5361328125
2026-09-15; 15:36:32; 12353; 22796; 32.81; 1002.7449609375; 32.5693359375
2026-09-15; 15:37:32; 12484; 23131; 32.78; 1002.75390625; 32.61328125
2026-09-15; 15:38:32; 12484; 23131; 32.8; 1002.6643359375; 32.5224609375
2026-09-15; 15:39:32; 12484; 23131; 32.79; 1002.6768359375; 32.580078125
2026-09-15; 15:40:32; 12484; 23131; 32.82; 1002.6396484375; 32.53515625
2026-09-15; 15:41:32; 12484; 23131; 32.8; 1002.700546875; 32.5234375
2026-09-15; 15:42:32; 12484; 23131; 32.8; 1002.69265625; 32.5224609375
2026-09-15; 15:43:32; 12484; 23131; 32.75; 1002.6419140625; 32.611328125
2026-09-15; 15:44:32; 12624; 23414; 32.75; 1002.56484375; 32.6005859375
2026-09-15; 15:45:32; 12624; 23414; 32.72; 1002.6020703125; 32.609375
2026-09-15; 15:46:32; 12624; 23414; 32.72; 1002.5091796875; 32.6201171875
2026-09-15; 15:47:32; 12624; 23414; 32.73; 1002.5250390625; 32.5869140625
2026-09-15; 15:48:32; 12624; 23414; 32.76; 1002.495703125; 32.53125
2026-09-15; 15:49:32; 12771; 23730; 32.71; 1002.47296875; 32.5283203125
2026-09-15; 15:50:32; 12771; 23730; 32.76; 1002.5161328125; 32.4736328125
2026-09-15; 15:51:32; 12771; 23730; 32.74; 1002.492421875; 32.484375
2026-09-15; 15:52:32; 12771; 23730; 32.73; 1002.4683984375; 32.505859375
2026-09-15; 15:53:32; 12907; 24051; 32.75; 1002.38703125; 32.4384765625
2026-09-15; 15:54:32; 12771; 23730; 32.73; 1002.4196484375; 32.44921875
2026-09-15; 15:55:32; 12771; 23730; 32.72; 1002.403828125; 32.4599609375
2026-09-15; 15:56:32; 12907; 24051; 32.73; 1002.4196484375; 32.4609375
2026-09-15; 15:57:32; 12907; 24051; 32.77; 1002.418671875; 32.427734375
2026-09-15; 15:58:32; 12907; 24051; 32.72; 1002.517109375; 32.4482421875
2026-09-15; 15:59:32; 13058; 24348; 32.75; 1002.3949609375; 32.427734375
2026-09-15; 16:00:32; 13058; 24348; 32.7; 1002.428828125; 32.458984375
2026-09-15; 16:01:32; 13058; 24348; 32.7; 1002.3643359375; 32.4697265625
2026-09-15; 16:02:32; 13058; 24348; 32.74; 1002.379140625; 32.392578125
2026-09-15; 16:03:32; 13058; 24348; 32.73; 1002.30640625; 32.4033203125
2026-09-15; 16:04:32; 13058; 24348; 32.73; 1002.278046875; 32.3916015625
2026-09-15; 16:05:32; 13216; 24700; 32.72; 1002.2260546875; 32.4130859375
2026-09-15; 16:06:32; 13216; 24700; 32.7; 1002.3359765625; 32.4345703125
2026-09-15; 16:07:32; 13216; 24700; 32.68; 1002.247734375; 32.4453125
2026-09-15; 16:08:32; 13216; 24700; 32.68; 1002.283984375; 32.45703125
2026-09-15; 16:09:32; 13216; 24700; 32.68; 1002.22734375; 32.4345703125
2026-09-15; 16:10:32; 13216; 24700; 32.68; 1002.22734375; 32.4111328125
2026-09-15; 16:11:32; 13216; 24700; 32.65; 1002.2724609375; 32.455078125
2026-09-15; 16:12:32; 13216; 24700; 32.7; 1002.20234375; 32.4013671875
2026-09-15; 16:13:32; 13371; 25030; 32.66; 1002.2599609375; 32.4326171875
2026-09-15; 16:14:32; 13371; 25030; 32.71; 1002.1819140625; 32.3662109375
2026-09-15; 16:15:33; 13371; 25030; 32.7; 1002.3076953125; 32.400390625
2026-09-15; 16:16:33; 13552; 25433; 32.67; 1002.2681640625; 32.4326171875
2026-09-15; 16:17:33; 13552; 25433; 32.66; 1002.2237109375; 32.4326171875
2026-09-15; 16:18:33; 13371; 25030; 32.71; 1002.2385546875; 32.34375
2026-09-15; 16:19:33; 13552; 25433; 32.71; 1002.1898046875; 32.2978515625
2026-09-15; 16:20:33; 13552; 25433; 32.69; 1002.1219921875; 32.3310546875
2026-09-15; 16:21:33; 13552; 25433; 32.7; 1002.1740234375; 32.33203125
2026-09-15; 16:22:33; 13710; 25744; 32.68; 1002.1990625; 32.341796875
2026-09-15; 16:23:33; 13710; 25744; 32.69; 1002.1865234375; 32.3076171875
2026-09-15; 16:24:33; 13710; 25744; 32.7; 1002.145703125; 32.2861328125
2026-09-15; 16:25:33; 13710; 25744; 32.7; 1002.1094921875; 32.28515625
2026-09-15; 16:26:33; 13552; 25433; 32.65; 1002.1308984375; 32.36328125
2026-09-15; 16:27:33; 13710; 25744; 32.71; 1002.1615234375; 32.240234375
2026-09-15; 16:28:33; 13710; 25744; 32.67; 1002.1266015625; 32.294921875
2026-09-15; 16:29:33; 13710; 25744; 32.69; 1002.0449609375; 32.2958984375
2026-09-15; 16:30:33; 13710; 25744; 32.72; 1002.0357421875; 32.2294921875
2026-09-15; 16:31:33; 13710; 25744; 32.68; 1002.08578125; 32.2734375
2026-09-15; 16:32:33; 13710; 25744; 32.69; 1002.0449609375; 32.26171875
2026-09-15; 16:33:33; 13860; 26055; 32.72; 1002.0357421875; 32.2412109375
2026-09-15; 16:34:33; 13860; 26055; 32.71; 1002.04828125; 32.240234375
2026-09-15; 16:35:33; 13710; 25744; 32.7; 1001.9679296875; 32.2626953125
2026-09-15; 16:36:33; 13860; 26055; 32.65; 1001.961015625; 32.3056640625
2026-09-15; 16:37:33; 13710; 25744; 32.62; 1001.970234375; 32.3720703125
2026-09-15; 16:38:33; 13860; 26055; 32.64; 1002.022265625; 32.3505859375
2026-09-15; 16:39:33; 13860; 26055; 32.64; 1001.945234375; 32.3271484375
2026-09-15; 16:40:33; 13860; 26055; 32.65; 1001.932734375; 32.3173828125
2026-09-15; 16:41:33; 13860; 26055; 32.64; 1001.88859375; 32.3154296875
2026-09-15; 16:42:33; 14036; 26431; 32.64; 1001.945234375; 32.3271484375
2026-09-15; 16:43:33; 14036; 26431; 32.6; 1001.9590234375; 32.404296875
2026-09-15; 16:44:33; 14036; 26431; 32.6; 1001.9386328125; 32.37109375
2026-09-15; 16:45:33; 14036; 26431; 32.59; 1001.914609375; 32.3818359375
2026-09-15; 16:46:33; 14036; 26431; 32.61; 1001.812890625; 32.337890625
2026-09-15; 16:47:33; 14036; 26431; 32.61; 1001.8694921875; 32.326171875
2026-09-15; 16:48:33; 14036; 26431; 32.63; 1001.8648828125; 32.2919921875
2026-09-15; 16:49:33; 14036; 26431; 32.6; 1001.825390625; 32.3134765625
2026-09-15; 16:50:33; 14036; 26431; 32.59; 1001.8013671875; 32.3818359375
2026-09-15; 16:51:33; 14212; 26767; 32.6; 1001.853671875; 32.359375
2026-09-15; 16:52:33; 14212; 26767; 32.62; 1001.828671875; 32.291015625
2026-09-15; 16:53:33; 14212; 26767; 32.63; 1001.75953125; 32.2470703125
2026-09-15; 16:54:33; 14212; 26767; 32.65; 1001.7062109375; 32.2138671875
2026-09-15; 16:55:33; 14212; 26767; 32.62; 1001.7925; 32.234375
2026-09-15; 16:56:33; 14036; 26431; 32.59; 1001.7164453125; 32.2666015625
2026-09-15; 16:57:33; 14036; 26431; 32.57; 1001.7493359375; 32.265625
2026-09-15; 16:58:34; 14212; 26767; 32.59; 1001.7164453125; 32.2666015625
2026-09-15; 16:59:34; 14212; 26767; 32.6; 1001.655546875; 32.244140625
2026-09-15; 17:00:34; 14212; 26767; 32.59; 1001.744765625; 32.2431640625
2026-09-15; 17:01:34; 14212; 26767; 32.62; 1001.6792578125; 32.19921875
2026-09-15; 17:02:34; 14212; 26767; 32.61; 1001.7200390625; 32.2099609375
2026-09-15; 17:03:34; 14212; 26767; 32.63; 1001.6950390625; 32.1767578125
2026-09-15; 17:04:34; 14212; 26767; 32.65; 1001.6133984375; 32.1435546875
2026-09-15; 17:05:34; 14212; 26767; 32.65; 1001.64171875; 32.1318359375
2026-09-15; 17:06:34; 14212; 26767; 32.62; 1001.6305078125; 32.119140625
2026-09-15; 17:07:34; 14212; 26767; 32.63; 1001.6383984375; 32.119140625
2026-09-15; 17:08:34; 14212; 26767; 32.61; 1001.6634375; 32.1640625
2026-09-15; 17:09:34; 14212; 26767; 32.58; 1001.615703125; 32.23046875
2026-09-15; 17:10:34; 14212; 26767; 32.56; 1001.5637109375; 32.2529296875
2026-09-15; 17:11:34; 14212; 26767; 32.53; 1001.5647265625; 32.28515625
2026-09-15; 17:12:34; 14212; 26767; 32.58; 1001.5591015625; 32.21875
2026-09-15; 17:13:34; 14212; 26767; 32.56; 1001.4991796875; 32.251953125
2026-09-15; 17:14:34; 14212; 26767; 32.57; 1001.522890625; 32.23046875
2026-09-15; 17:15:34; 14212; 26767; 32.62; 1001.5376953125; 32.119140625
2026-09-15; 17:16:34; 14212; 26767; 32.59; 1001.4695703125; 32.1513671875
2026-09-15; 17:17:34; 14212; 26767; 32.57; 1001.4662890625; 32.1845703125
2026-09-15; 17:18:34; 14212; 26767; 32.53; 1001.3748046875; 32.2275390625
2026-09-15; 17:19:34; 14212; 26767; 32.52; 1001.44359375; 32.2734375
2026-09-15; 17:20:34; 14212; 26767; 32.56; 1001.365546875; 32.1953125
2026-09-15; 17:21:34; 14212; 26767; 32.59; 1001.3846484375; 32.1513671875
2026-09-15; 17:22:34; 14212; 26767; 32.63; 1001.3836328125; 32.0615234375
2026-09-15; 17:23:34; 14212; 26767; 32.65; 1001.2815234375; 32.017578125
2026-09-15; 17:24:34; 14212; 26767; 32.71; 1001.3608203125; 31.974609375
2026-09-15; 17:25:34; 14212; 26767; 32.73; 1001.3153515625; 31.884765625
2026-09-15; 17:26:34; 14212; 26767; 32.75; 1001.2906640625; 31.828125
2026-09-15; 17:27:34; 14212; 26767; 32.73; 1001.3153515625; 31.861328125
2026-09-15; 17:28:34; 14212; 26767; 32.76; 1001.3268359375; 31.8173828125
2026-09-15; 17:29:34; 14212; 26767; 32.76; 1001.2135546875; 31.794921875
2026-09-15; 17:30:34; 14212; 26767; 32.82; 1001.2882421875; 31.7412109375
2026-09-15; 17:31:34; 14212; 26767; 32.84; 1001.178203125; 31.650390625
2026-09-15; 17:32:34; 14385; 27177; 32.85; 1001.242734375; 31.685546875
2026-09-15; 17:33:34; 14212; 26767; 32.8; 1001.2484375; 31.7392578125
2026-09-15; 17:34:34; 14212; 26767; 32.88; 1001.2907421875; 31.6416015625
2026-09-15; 17:35:34; 14385; 27177; 32.84; 1001.1703125; 31.626953125
2026-09-15; 17:36:34; 14385; 27177; 32.84; 1001.1986328125; 31.650390625
2026-09-15; 17:37:34; 14385; 27177; 32.81; 1001.1795703125; 31.7060546875
2026-09-15; 17:38:34; 14385; 27177; 32.84; 1001.178203125; 31.662109375
2026-09-15; 17:39:34; 14385; 27177; 32.83; 1001.211171875; 31.70703125
2026-09-15; 17:40:34; 14385; 27177; 32.78; 1001.2813671875; 31.73828125
2026-09-15; 17:41:35; 14385; 27177; 32.83; 1001.275703125; 31.6611328125
2026-09-15; 17:42:35; 14385; 27177; 32.82; 1001.2803515625; 31.66015625
2026-09-15; 17:43:35; 14385; 27177; 32.86; 1001.2021875; 31.6279296875
2026-09-15; 17:44:35; 14385; 27177; 32.87; 1001.274609375; 31.6064453125
2026-09-15; 17:45:35; 14385; 27177; 32.86; 1001.2871484375; 31.6171875
2026-09-15; 17:46:35; 14385; 27177; 32.88; 1001.2907421875; 31.560546875
2026-09-15; 17:47:35; 14385; 27177; 32.87; 1001.2544921875; 31.6064453125
2026-09-15; 17:48:35; 14385; 27177; 32.86; 1001.2021875; 31.60546875
2026-09-15; 17:49:35; 14385; 27177; 32.9; 1001.2735546875; 31.5625
2026-09-15; 17:50:35; 14567; 27568; 32.92; 1001.1839453125; 31.541015625
2026-09-15; 17:51:35; 14385; 27177; 32.91; 1001.1760546875; 31.541015625
2026-09-15; 17:52:35; 14567; 27568; 32.91; 1001.13984375; 31.5283203125
2026-09-15; 17:53:35; 14567; 27568; 32.93; 1001.1430859375; 31.5302734375
2026-09-15; 17:54:35; 14567; 27568; 32.93; 1001.179296875; 31.5302734375
2026-09-15; 17:55:35; 14567; 27568; 32.93; 1001.08640625; 31.5068359375
2026-09-15; 17:56:35; 14567; 27568; 32.94; 1001.130546875; 31.484375
2026-09-15; 17:57:35; 14567; 27568; 32.97; 1001.1215625; 31.4755859375
2026-09-15; 17:58:35; 14567; 27568; 32.94; 1001.130546875; 31.484375
2026-09-15; 17:59:35; 14567; 27568; 32.88; 1001.128671875; 31.69921875
2026-09-15; 18:00:35; 14779; 28037; 32.95; 1001.1183203125; 31.5771484375
2026-09-15; 18:01:35; 14779; 28037; 32.92; 1001.106875; 31.564453125
2026-09-15; 18:02:35; 14779; 28037; 32.92; 1001.0989453125; 31.5634765625
2026-09-15; 18:03:35; 14567; 27568; 32.91; 1001.0627734375; 31.541015625
2026-09-15; 18:04:35; 14567; 27568; 32.92; 1001.0423046875; 31.494140625
2026-09-15; 18:05:35; 14567; 27568; 32.92; 1001.0785546875; 31.541015625
2026-09-15; 18:06:35; 14567; 27568; 32.92; 1001.021875; 31.541015625
2026-09-15; 18:07:35; 14385; 27177; 32.95; 1001.0333203125; 31.4619140625
2026-09-15; 18:08:35; 14567; 27568; 32.94; 1001.0172265625; 31.4501953125
2026-09-15; 18:09:35; 14385; 27177; 32.94; 1001.0455859375; 31.4609375
2026-09-15; 18:10:35; 14385; 27177; 32.89; 1000.97453125; 31.4931640625
2026-09-15; 18:11:35; 14567; 27568; 32.89; 1000.995; 31.515625
2026-09-15; 18:12:35; 14567; 27568; 32.87; 1001.0279296875; 31.572265625
2026-09-15; 18:13:35; 14567; 27568; 32.84; 1001.1215625; 31.6044921875
2026-09-15; 18:14:35; 14567; 27568; 32.86; 1001.0039453125; 31.6171875
2026-09-15; 18:15:35; 14567; 27568; 32.86; 1001.0401953125; 31.5947265625
2026-09-15; 18:16:35; 14567; 27568; 32.81; 1000.9530078125; 31.6943359375
2026-09-15; 18:17:35; 14567; 27568; 32.84; 1001.05703125; 31.638671875
2026-09-15; 18:18:35; 14779; 28037; 32.81; 1000.9813671875; 31.6708984375
2026-09-15; 18:19:35; 14779; 28037; 32.78; 1000.9415625; 31.71484375
2026-09-15; 18:20:35; 14567; 27568; 32.77; 1000.9462109375; 31.7490234375
2026-09-15; 18:21:35; 14779; 28037; 32.73; 1000.854453125; 31.7802734375
2026-09-15; 18:22:35; 14779; 28037; 32.71; 1000.97234375; 31.826171875
2026-09-15; 18:23:35; 14779; 28037; 32.68; 1001.0382421875; 31.8701171875
2026-09-15; 18:24:36; 14779; 28037; 32.73; 1000.9960546875; 31.8037109375
2026-09-15; 18:25:36; 14779; 28037; 32.75; 1000.9146484375; 31.7470703125
2026-09-15; 18:26:36; 14965; 28439; 32.74; 1000.9271875; 31.7578125
2026-09-15; 18:27:36; 14965; 28439; 32.71; 1000.9361328125; 31.802734375
2026-09-15; 18:28:36; 14965; 28439; 32.71; 1000.83078125; 31.7802734375
2026-09-15; 18:29:36; 14965; 28439; 32.7; 1000.899921875; 31.8369140625
2026-09-15; 18:30:36; 14965; 28439; 32.67; 1000.8808984375; 31.869140625
2026-09-15; 18:31:36; 14965; 28439; 32.63; 1000.910234375; 31.9248046875
2026-09-15; 18:32:36; 14965; 28439; 32.61; 1000.9273828125; 31.96875
2026-09-15; 18:33:36; 14965; 28439; 32.61; 1000.9352734375; 31.9462890625
2026-09-15; 18:34:36; 14965; 28439; 32.62; 1000.8299609375; 31.9345703125
2026-09-15; 18:35:36; 14965; 28439; 32.62; 1000.8866015625; 31.9345703125
2026-09-15; 18:36:36; 14965; 28439; 32.6; 1000.862890625; 31.9560546875
2026-09-15; 18:37:36; 14965; 28439; 32.57; 1000.7869140625; 32.01171875
2026-09-15; 18:38:36; 14965; 28439; 32.61; 1000.79375; 31.9345703125
2026-09-15; 18:39:36; 14965; 28439; 32.62; 1000.71671875; 31.9345703125
2026-09-15; 18:40:36; 14965; 28439; 32.62; 1000.78125; 31.9228515625
2026-09-15; 18:41:36; 14965; 28439; 32.59; 1000.8105859375; 31.990234375
2026-09-15; 18:42:36; 14965; 28439; 32.59; 1000.705234375; 31.9560546875
2026-09-15; 18:43:36; 15164; 28841; 32.61; 1000.7575390625; 31.9453125
2026-09-15; 18:44:36; 14965; 28439; 32.6; 1000.6568359375; 31.966796875
2026-09-15; 18:45:36; 15164; 28841; 32.59; 1000.6486328125; 31.966796875
2026-09-15; 18:46:36; 15164; 28841; 32.59; 1000.6690625; 31.9560546875
2026-09-15; 18:47:36; 15164; 28841; 32.61; 1000.6805078125; 31.9345703125
2026-09-15; 18:48:36; 15164; 28841; 32.65; 1000.679140625; 31.890625
2026-09-15; 18:49:36; 15164; 28841; 32.6; 1000.6568359375; 31.9443359375
2026-09-15; 18:50:36; 15164; 28841; 32.59; 1000.676953125; 31.966796875
2026-09-15; 18:51:36; 15164; 28841; 32.59; 1000.6486328125; 31.966796875
2026-09-15; 18:52:36; 15164; 28841; 32.55; 1000.6704296875; 32.009765625
2026-09-15; 18:53:36; 15164; 28841; 32.57; 1000.75859375; 31.9892578125
2026-09-15; 18:54:36; 15164; 28841; 32.58; 1000.6249609375; 31.9775390625
2026-09-15; 18:55:36; 15164; 28841; 32.56; 1000.6295703125; 32.0224609375
2026-09-15; 18:56:36; 15164; 28841; 32.56; 1000.6216796875; 32.0107421875
2026-09-15; 18:57:36; 15164; 28841; 32.53; 1000.6388671875; 32.0546875
2026-09-15; 18:58:36; 15164; 28841; 32.5; 1000.6194921875; 32.0986328125
2026-09-15; 18:59:36; 15164; 28841; 32.51; 1000.6352734375; 32.076171875
2026-09-15; 19:00:36; 15164; 28841; 32.52; 1000.55828125; 32.1005859375
2026-09-15; 19:01:36; 15164; 28841; 32.48; 1000.61625; 32.1552734375
2026-09-15; 19:02:36; 15164; 28841; 32.47; 1000.62875; 32.142578125
2026-09-15; 19:03:36; 15369; 29206; 32.49; 1000.6241015625; 32.09765625
2026-09-15; 19:04:36; 15369; 29206; 32.48; 1000.6083203125; 32.177734375
2026-09-15; 19:05:36; 15369; 29206; 32.52; 1000.6431640625; 32.0654296875
2026-09-15; 19:06:37; 15164; 28841; 32.49; 1000.6037109375; 32.0869140625
2026-09-15; 19:07:37; 15164; 28841; 32.46; 1000.5481640625; 32.1640625
2026-09-15; 19:08:37; 15369; 29206; 32.48; 1000.5596484375; 32.1201171875
2026-09-15; 19:09:37; 15369; 29206; 32.45; 1000.4553515625; 32.1640625
2026-09-15; 19:10:37; 15369; 29206; 32.45; 1000.560703125; 32.17578125
2026-09-15; 19:11:37; 15164; 28841; 32.44; 1000.601484375; 32.208984375
2026-09-15; 19:12:37; 15164; 28841; 32.4; 1000.6311328125; 32.2529296875
2026-09-15; 19:13:37; 15164; 28841; 32.4; 1000.6028125; 32.23046875
2026-09-15; 19:14:37; 15164; 28841; 32.47; 1000.5721484375; 32.1318359375
2026-09-15; 19:15:37; 15369; 29206; 32.43; 1000.508671875; 32.197265625
2026-09-15; 19:16:37; 15369; 29206; 32.41; 1000.4408984375; 32.2529296875
2026-09-15; 19:17:37; 15369; 29206; 32.37; 1000.506484375; 32.2861328125
2026-09-15; 19:18:37; 15369; 29206; 32.35; 1000.4953125; 32.318359375
2026-09-15; 19:19:37; 15164; 28841; 32.34; 1000.4794921875; 32.3408203125
2026-09-15; 19:20:37; 15369; 29206; 32.33; 1000.4433203125; 32.3408203125
2026-09-15; 19:21:37; 15369; 29206; 32.36; 1000.5189453125; 32.2958984375
2026-09-15; 19:22:37; 15164; 28841; 32.34; 1000.4794921875; 32.306640625
2026-09-15; 19:23:37; 15164; 28841; 32.39; 1000.473515625; 32.251953125
2026-09-15; 19:24:37; 15164; 28841; 32.32; 1000.50390625; 32.3388671875
2026-09-15; 19:25:37; 15164; 28841; 32.28; 1000.5052734375; 32.3828125
2026-09-15; 19:26:37; 15164; 28841; 32.29; 1000.4565625; 32.39453125
2026-09-15; 19:27:37; 15164; 28841; 32.29; 1000.4565625; 32.40625
2026-09-15; 19:28:37; 15164; 28841; 32.31; 1000.4315625; 32.384765625
2026-09-15; 19:29:37; 15369; 29206; 32.25; 1000.4576171875; 32.4609375
2026-09-15; 19:30:37; 15164; 28841; 32.24; 1000.4905078125; 32.4833984375
2026-09-15; 19:31:37; 15164; 28841; 32.24; 1000.441796875; 32.4833984375
2026-09-15; 19:32:37; 15164; 28841; 32.27; 1000.5460546875; 32.4501953125
2026-09-15; 19:33:37; 15164; 28841; 32.26; 1000.46578125; 32.4384765625
2026-09-15; 19:34:37; 15369; 29206; 32.19; 1000.447734375; 32.537109375
2026-09-15; 19:35:37; 15164; 28841; 32.21; 1000.41484375; 32.5498046875
2026-09-15; 19:36:37; 15164; 28841; 32.15; 1000.43296875; 32.6142578125
2026-09-15; 19:37:37; 15164; 28841; 32.19; 1000.4678125; 32.59375
2026-09-15; 19:38:37; 15164; 28841; 32.2; 1000.4839453125; 32.5263671875
2026-09-15; 19:39:37; 15164; 28841; 32.22; 1000.466796875; 32.4931640625
2026-09-15; 19:40:37; 15164; 28841; 32.21; 1000.4996875; 32.5146484375
2026-09-15; 19:41:37; 15164; 28841; 32.2; 1000.435234375; 32.5380859375
2026-09-15; 19:42:37; 15164; 28841; 32.17; 1000.444140625; 32.55859375
2026-09-15; 19:43:37; 15164; 28841; 32.2; 1000.3990234375; 32.5498046875
2026-09-15; 19:44:37; 15164; 28841; 32.18; 1000.4599609375; 32.5712890625
2026-09-15; 19:45:37; 15164; 28841; 32.16; 1000.47703125; 32.5234375
2026-09-15; 19:46:37; 15369; 29206; 32.2; 1000.3990234375; 32.5380859375
2026-09-15; 19:47:37; 15164; 28841; 32.15; 1000.46125; 32.6025390625
2026-09-15; 19:48:37; 15164; 28841; 32.16; 1000.513203125; 32.546875
2026-09-15; 19:49:38; 15164; 28841; 32.15; 1000.497421875; 32.603515625
2026-09-15; 19:50:38; 15164; 28841; 32.08; 1000.4510546875; 32.6787109375
2026-09-15; 19:51:38; 15164; 28841; 32.05; 1000.50859375; 32.7109375
2026-09-15; 19:52:38; 15164; 28841; 32.02; 1000.43296875; 32.77734375
2026-09-15; 19:53:38; 15164; 28841; 32.05; 1000.45203125; 32.734375
2026-09-15; 19:54:38; 15164; 28841; 32.02; 1000.469140625; 32.7783203125
2026-09-15; 19:55:38; 15164; 28841; 31.98; 1000.4260546875; 32.8203125
2026-09-15; 19:56:38; 15164; 28841; 31.98; 1000.3776953125; 32.8212890625
2026-09-15; 19:57:38; 15164; 28841; 31.97; 1000.4102734375; 32.8427734375
2026-09-15; 19:58:38; 15164; 28841; 31.97; 1000.3819921875; 32.8779296875
2026-09-15; 19:59:38; 15164; 28841; 31.94; 1000.391171875; 32.8984375
2026-09-15; 20:00:38; 15164; 28841; 31.93; 1000.355; 32.9326171875
2026-09-15; 20:01:38; 15164; 28841; 31.92; 1000.39578125; 32.943359375
2026-09-15; 20:02:38; 15164; 28841; 31.89; 1000.3684765625; 32.998046875
2026-09-15; 20:03:38; 15164; 28841; 31.89; 1000.3763671875; 32.94140625
2026-09-15; 20:04:38; 15164; 28841; 31.81; 1000.39109375; 33.0732421875
2026-09-15; 20:05:38; 15164; 28841; 31.78; 1000.343671875; 33.1396484375
2026-09-15; 20:06:38; 15164; 28841; 31.76; 1000.3680078125; 33.1611328125
2026-09-15; 20:07:38; 15164; 28841; 31.75; 1000.3601171875; 33.171875
2026-09-15; 20:08:38; 15164; 28841; 31.77; 1000.2990234375; 33.0927734375
2026-09-15; 20:09:38; 15164; 28841; 31.72; 1000.341015625; 33.1591796875
2026-09-15; 20:10:38; 15164; 28841; 31.69; 1000.398515625; 33.259765625
2026-09-15; 20:11:38; 15164; 28841; 31.65; 1000.3353125; 33.3017578125
2026-09-15; 20:12:38; 15164; 28841; 31.65; 1000.3149609375; 33.2568359375
2026-09-15; 20:13:38; 15164; 28841; 31.64; 1000.31921875; 33.2900390625
2026-09-15; 20:14:38; 15164; 28841; 31.66; 1000.3794140625; 33.24609375
2026-09-15; 20:15:38; 14965; 28439; 31.57; 1000.2809765625; 33.3544921875
2026-09-15; 20:16:38; 14965; 28439; 31.56; 1000.3134765625; 33.3759765625
2026-09-15; 20:17:38; 14965; 28439; 31.55; 1000.362109375; 33.3876953125
2026-09-15; 20:18:38; 14965; 28439; 31.5; 1000.367890625; 33.4755859375
2026-09-15; 20:19:38; 14965; 28439; 31.42; 1000.28953125; 33.583984375
2026-09-15; 20:20:38; 14965; 28439; 31.39; 1000.3065234375; 33.650390625
2026-09-15; 20:21:38; 14965; 28439; 31.37; 1000.26703125; 33.6943359375
2026-09-15; 20:22:38; 14965; 28439; 31.35; 1000.3198828125; 33.7734375
2026-09-15; 20:23:38; 14965; 28439; 31.26; 1000.2700390625; 33.927734375
2026-09-15; 20:24:38; 14965; 28439; 31.16; 1000.2523046875; 34.126953125
2026-09-15; 20:25:38; 14965; 28439; 31.07; 1000.2588671875; 34.26953125
2026-09-15; 20:26:38; 15164; 28841; 31.02; 1000.24421875; 34.369140625
2026-09-15; 20:27:38; 15164; 28841; 30.94; 1000.2583203125; 34.51171875
2026-09-15; 20:28:38; 15164; 28841; 30.9; 1000.2516015625; 34.578125
2026-09-15; 20:29:38; 15164; 28841; 30.84; 1000.3258203125; 34.6640625
2026-09-15; 20:30:38; 15164; 28841; 30.8; 1000.3108203125; 34.7529296875
2026-09-15; 20:31:38; 15164; 28841; 30.75; 1000.247578125; 34.841796875
2026-09-15; 20:32:39; 15164; 28841; 30.69; 1000.285625; 34.927734375
2026-09-15; 20:33:39; 15164; 28841; 30.65; 1000.3064453125; 35.0400390625
2026-09-15; 20:34:39; 15164; 28841; 30.59; 1000.3037890625; 35.115234375
2026-09-15; 20:35:39; 15369; 29206; 30.56; 1000.2845703125; 35.1923828125
2026-09-15; 20:36:39; 15369; 29206; 30.5; 1000.2458203125; 35.267578125
2026-09-15; 20:37:39; 15369; 29206; 30.43; 1000.2837890625; 35.3896484375
2026-09-15; 20:38:39; 15369; 29206; 30.41; 1000.1957421875; 35.4677734375
2026-09-15; 20:39:39; 15369; 29206; 30.4; 1000.2280859375; 35.466796875
2026-09-15; 20:40:39; 15369; 29206; 30.38; 1000.176171875; 35.5
2026-09-15; 20:41:39; 15369; 29206; 30.33; 1000.322421875; 35.6328125
2026-09-15; 20:42:39; 15369; 29206; 30.3; 1000.2670703125; 35.7099609375
2026-09-15; 20:43:39; 15369; 29206; 30.24; 1000.2362109375; 35.7744140625
2026-09-15; 20:44:39; 15369; 29206; 30.22; 1000.289140625; 35.806640625
2026-09-15; 20:45:39; 15369; 29206; 30.18; 1000.281953125; 35.8955078125
2026-09-15; 20:46:39; 15369; 29206; 30.15; 1000.186015625; 35.9501953125
2026-09-15; 20:47:39; 15369; 29206; 30.12; 1000.2510546875; 36.0048828125
2026-09-15; 20:48:39; 15369; 29206; 30.08; 1000.27203125; 36.0712890625
2026-09-15; 20:49:39; 15369; 29206; 30.07; 1000.2765234375; 36.126953125
2026-09-15; 20:50:39; 15369; 29206; 30.04; 1000.2851171875; 36.169921875
2026-09-15; 20:51:39; 15369; 29206; 30.03; 1000.212890625; 36.1923828125
2026-09-15; 20:52:39; 15369; 29206; 30.01; 1000.2940234375; 36.212890625
2026-09-15; 20:53:39; 15369; 29206; 30.0; 1000.3063671875; 36.2470703125
2026-09-15; 20:54:39; 15369; 29206; 29.97; 1000.2665234375; 36.3134765625
2026-09-15; 20:55:39; 15369; 29206; 29.96; 1000.250703125; 36.3232421875
2026-09-15; 20:56:39; 15369; 29206; 29.93; 1000.259609375; 36.37890625
2026-09-15; 20:57:39; 15369; 29206; 29.92; 1000.2798828125; 36.3671875
2026-09-15; 20:58:39; 15369; 29206; 29.93; 1000.2675390625; 36.3447265625
2026-09-15; 20:59:39; 15369; 29206; 29.9; 1000.27609375; 36.388671875
2026-09-15; 21:00:39; 15369; 29206; 29.87; 1000.277109375; 36.46484375
2026-09-15; 21:01:39; 15369; 29206; 29.86; 1000.3176171875; 36.5107421875
2026-09-15; 21:02:39; 15369; 29206; 29.84; 1000.285703125; 36.54296875
2026-09-15; 21:03:39; 15369; 29206; 29.86; 1000.289453125; 36.4990234375
2026-09-15; 21:04:39; 15369; 29206; 29.8; 1000.2584765625; 36.59765625
2026-09-15; 21:05:39; 15369; 29206; 29.8; 1000.2866796875; 36.6083984375
2026-09-15; 21:06:39; 15369; 29206; 29.78; 1000.3031640625; 36.65234375
2026-09-15; 21:07:39; 15369; 29206; 29.75; 1000.235390625; 36.6953125
2026-09-15; 21:08:39; 15369; 29206; 29.73; 1000.2601171875; 36.728515625
2026-09-15; 21:09:39; 15369; 29206; 29.7; 1000.2766015625; 36.7607421875
2026-09-15; 21:10:39; 15369; 29206; 29.7; 1000.2483984375; 36.783203125
2026-09-15; 21:11:39; 15369; 29206; 29.7; 1000.2766015625; 36.771484375
2026-09-15; 21:12:39; 15369; 29206; 29.7; 1000.220234375; 36.7607421875
2026-09-15; 21:13:39; 15369; 29206; 29.68; 1000.273125; 36.78125
2026-09-15; 21:14:39; 15369; 29206; 29.65; 1000.281953125; 36.8818359375
2026-09-15; 21:15:40; 15369; 29206; 29.62; 1000.2826171875; 36.958984375
2026-09-15; 21:16:40; 15369; 29206; 29.62; 1000.3389453125; 36.970703125
2026-09-15; 21:17:40; 15369; 29206; 29.61; 1000.2949609375; 36.9921875
2026-09-15; 21:18:40; 15369; 29206; 29.58; 1000.2753515625; 37.0478515625
2026-09-15; 21:19:40; 15369; 29206; 29.59; 1000.2712109375; 37.013671875
2026-09-15; 21:20:40; 15369; 29206; 29.57; 1000.2955859375; 37.0234375
2026-09-15; 21:21:40; 15369; 29206; 29.56; 1000.2718359375; 37.068359375
2026-09-15; 21:22:40; 15369; 29206; 29.53; 1000.2041015625; 37.1005859375
2026-09-15; 21:23:40; 15369; 29206; 29.53; 1000.28859375; 37.1005859375
2026-09-15; 21:24:40; 15369; 29206; 29.52; 1000.2366796875; 37.1337890625
2026-09-15; 21:25:40; 15369; 29206; 29.52; 1000.2164453125; 37.1455078125
2026-09-15; 21:26:40; 15369; 29206; 29.51; 1000.1923828125; 37.1787109375
2026-09-15; 21:27:40; 15369; 29206; 29.49; 1000.18859375; 37.19921875
2026-09-15; 21:28:40; 15369; 29206; 29.49; 1000.18859375; 37.19921875
2026-09-15; 21:29:40; 15369; 29206; 29.45; 1000.2458203125; 37.25390625
2026-09-15; 21:30:40; 15369; 29206; 29.42; 1000.121484375; 37.30859375
2026-09-15; 21:31:40; 15369; 29206; 29.4; 1000.11796875; 37.3642578125
2026-09-15; 21:32:40; 15369; 29206; 29.45; 1000.1534375; 37.2646484375
2026-09-15; 21:33:40; 15369; 29206; 29.42; 1000.14171875; 37.3076171875
2026-09-15; 21:34:40; 15369; 29206; 29.41; 1000.1619921875; 37.3076171875
2026-09-15; 21:35:40; 15369; 29206; 29.38; 1000.1065625; 37.373046875
2026-09-15; 21:36:40; 15369; 29206; 29.36; 1000.1308984375; 37.4169921875
2026-09-15; 21:37:40; 15369; 29206; 29.35; 1000.151171875; 37.427734375
2026-09-15; 21:38:40; 15369; 29206; 29.34; 1000.18375; 37.4609375
2026-09-15; 21:39:40; 15369; 29206; 29.34; 1000.18375; 37.4384765625
2026-09-15; 21:40:40; 15369; 29206; 29.3; 1000.09984375; 37.5263671875
2026-09-15; 21:41:40; 15369; 29206; 29.28; 1000.172890625; 37.546875
2026-09-15; 21:42:40; 15594; 29206; 29.28; 1000.0884375; 37.6044921875
2026-09-15; 21:43:40; 15369; 29206; 29.27; 1000.1007421875; 37.6044921875
2026-09-15; 21:44:40; 15369; 29206; 29.27; 1000.1368359375; 37.5703125
2026-09-15; 21:45:40; 15369; 29206; 29.25; 1000.1254296875; 37.6474609375
2026-09-15; 21:46:40; 15369; 29206; 29.23; 1000.008984375; 37.6806640625
2026-09-15; 21:47:40; 15594; 29206; 29.22; 1000.113671875; 37.6806640625
2026-09-15; 21:48:40; 15369; 29206; 29.25; 1000.0769921875; 37.6142578125
2026-09-15; 21:49:40; 15369; 29206; 29.22; 1000.0573828125; 37.6572265625
2026-09-15; 21:50:40; 15369; 29206; 29.21; 1000.089921875; 37.712890625
2026-09-15; 21:51:40; 15369; 29206; 29.19; 1000.1145703125; 37.7216796875
2026-09-15; 21:52:40; 15369; 29206; 29.16; 1000.1951953125; 37.765625
2026-09-15; 21:53:40; 15369; 29206; 29.18; 1000.0987109375; 37.755859375
2026-09-15; 21:54:40; 15369; 29206; 29.17; 1000.06265625; 37.744140625
2026-09-15; 21:55:40; 15369; 29206; 29.16; 1000.1107421875; 37.765625
2026-09-15; 21:56:40; 15594; 29206; 29.14; 1000.155625; 37.7861328125
2026-09-15; 21:57:41; 15594; 29206; 29.1; 1000.1204296875; 37.9091796875
2026-09-15; 21:58:41; 15369; 29206; 29.06; 1000.149140625; 37.9521484375
2026-09-15; 21:59:41; 15594; 29206; 29.09; 1000.104296875; 37.908203125
2026-09-15; 22:00:41; 15369; 29206; 29.09; 1000.1403515625; 37.8515625
2026-09-15; 22:01:41; 15594; 29206; 29.12; 1000.06765625; 37.841796875
2026-09-15; 22:02:41; 15369; 29206; 29.06; 1000.1130859375; 37.962890625
2026-09-15; 22:03:41; 15369; 29206; 29.07; 1000.080546875; 37.9296875
2026-09-15; 22:04:41; 15594; 29206; 29.07; 1000.1007421875; 37.9404296875
2026-09-15; 22:05:41; 15594; 29206; 29.08; 1000.12453125; 37.9306640625
2026-09-15; 22:06:41; 15594; 29206; 29.06; 1000.0928515625; 37.986328125
2026-09-15; 22:07:41; 15594; 29206; 29.04; 1000.0251171875; 37.97265625
2026-09-15; 22:08:41; 15594; 29206; 29.01; 1000.0978125; 38.0390625
2026-09-15; 22:09:41; 15594; 29206; 28.99; 1000.030078125; 38.09375
2026-09-15; 22:10:41; 15594; 29206; 28.99; 1000.03796875; 38.09375
2026-09-15; 22:11:41; 15594; 29206; 28.98; 1000.0705078125; 38.103515625
2026-09-15; 22:12:41; 15594; 29206; 28.98; 1000.0784375; 38.1044921875
2026-09-15; 22:13:41; 15594; 29206; 28.96; 1000.0186328125; 38.1376953125
2026-09-15; 22:14:41; 15369; 29206; 28.95; 1000.078984375; 38.1357421875
2026-09-15; 22:15:41; 15594; 29206; 28.94; 1000.0710546875; 38.158203125
2026-09-15; 22:16:41; 15594; 29206; 28.91; 1000.0153125; 38.2001953125
2026-09-15; 22:17:41; 15369; 29206; 28.93; 1000.10359375; 38.1796875
2026-09-15; 22:18:41; 15594; 29206; 28.91; 1000.0798046875; 38.2236328125
2026-09-15; 22:19:41; 15594; 29206; 28.91; 999.995390625; 38.2236328125
2026-09-15; 22:20:41; 15594; 29206; 28.94; 1000.063125; 38.1689453125
2026-09-15; 22:21:41; 15594; 29206; 28.91; 1000.0235546875; 38.212890625
2026-09-15; 22:22:41; 15594; 29206; 28.89; 999.971328125; 38.24609375
2026-09-15; 22:23:41; 15594; 29206; 28.89; 999.99125; 38.2568359375
2026-09-15; 22:24:41; 15594; 29206; 28.83; 1000.01671875; 38.3544921875
2026-09-15; 22:25:41; 15594; 29206; 28.83; 999.9806640625; 38.365234375
2026-09-15; 22:26:41; 15594; 29206; 28.86; 1000.0281640625; 38.3330078125
2026-09-15; 22:27:41; 15594; 29206; 28.84; 1000.004453125; 38.3095703125
2026-09-15; 22:28:41; 15594; 29206; 28.82; 999.972734375; 38.365234375
2026-09-15; 22:29:41; 15594; 29206; 28.8; 1000.05328125; 38.375
2026-09-15; 22:30:41; 15594; 29206; 28.8; 999.99703125; 38.4091796875
2026-09-15; 22:31:41; 15594; 29206; 28.8; 999.94078125; 38.3974609375
2026-09-15; 22:32:41; 15594; 29206; 28.8; 999.9328515625; 38.396484375
2026-09-15; 22:33:41; 15594; 29206; 28.79; 999.9451171875; 38.4072265625
2026-09-15; 22:34:41; 15594; 29206; 28.8; 1000.017265625; 38.408203125
2026-09-15; 22:35:41; 15594; 29206; 28.76; 999.9538671875; 38.49609375
2026-09-15; 22:36:41; 15594; 29206; 28.74; 999.98609375; 38.505859375
2026-09-15; 22:37:41; 15594; 29206; 28.76; 999.9538671875; 38.5078125
2026-09-15; 22:38:41; 15594; 29206; 28.73; 1000.0265234375; 38.5283203125
2026-09-15; 22:39:41; 15594; 29206; 28.75; 999.9940234375; 38.5185546875
2026-09-15; 22:40:42; 15594; 29206; 28.74; 999.90171875; 38.5283203125
2026-09-15; 22:41:42; 15594; 29206; 28.73; 999.970234375; 38.55078125
2026-09-15; 22:42:42; 15594; 29206; 28.71; 999.986953125; 38.5712890625
2026-09-15; 22:43:42; 15369; 29206; 28.71; 999.9025390625; 38.5712890625
2026-09-15; 22:44:42; 15594; 29206; 28.71; 999.8823046875; 38.548828125
2026-09-15; 22:45:42; 15369; 29206; 28.71; 999.8541796875; 38.5830078125
2026-09-15; 22:46:42; 15594; 29206; 28.68; 999.8907421875; 38.626953125
2026-09-15; 22:47:42; 15594; 29206; 28.67; 999.846796875; 38.61328125
2026-09-15; 22:48:42; 15369; 29206; 28.66; 999.8871875; 38.6357421875
2026-09-15; 22:49:42; 15594; 29206; 28.66; 999.851171875; 38.658203125
2026-09-15; 22:50:42; 15369; 29206; 28.68; 999.8265625; 38.6259765625
2026-09-15; 22:51:42; 15594; 29206; 28.67; 999.846796875; 38.568359375
2026-09-15; 22:52:42; 15369; 29206; 28.66; 999.8591015625; 38.6357421875
2026-09-15; 22:53:42; 15594; 29206; 28.66; 999.879296875; 38.6240234375
2026-09-15; 22:54:42; 15594; 29206; 28.61; 999.7875; 38.734375
2026-09-15; 22:55:42; 15594; 29206; 28.61; 999.8076953125; 38.7685546875
2026-09-15; 22:56:42; 15594; 29206; 28.62; 999.8238671875; 38.7119140625
2026-09-15; 22:57:42; 15369; 29206; 28.62; 999.767578125; 38.734375
2026-09-15; 22:58:42; 15594; 29206; 28.59; 999.812109375; 38.767578125
2026-09-15; 22:59:42; 15594; 29206; 28.61; 999.835859375; 38.734375
2026-09-15; 23:00:42; 15594; 29206; 28.6; 999.7435546875; 38.7216796875
2026-09-15; 23:01:42; 15369; 29206; 28.59; 999.7558203125; 38.7333984375
2026-09-15; 23:02:42; 15594; 29206; 28.59; 999.719765625; 38.7783203125
2026-09-15; 23:03:42; 15594; 29206; 28.57; 999.752265625; 38.7880859375
2026-09-15; 23:04:42; 15369; 29206; 28.57; 999.7725; 38.7880859375
2026-09-15; 23:05:42; 15594; 29206; 28.54; 999.6965625; 38.8525390625
2026-09-15; 23:06:42; 15594; 29206; 28.53; 999.7730078125; 38.8408203125
2026-09-15; 23:07:42; 15594; 29206; 28.55; 999.7123828125; 38.8427734375
2026-09-15; 23:08:42; 15594; 29206; 28.51; 999.761484375; 38.9072265625
2026-09-15; 23:09:42; 15594; 29206; 28.51; 999.685078125; 38.8388671875
2026-09-15; 23:10:42; 15369; 29206; 28.53; 999.7167578125; 38.806640625
2026-09-15; 23:11:42; 15369; 29206; 28.49; 999.72984375; 38.9052734375
2026-09-15; 23:12:42; 15594; 29206; 28.49; 999.72984375; 38.9052734375
2026-09-15; 23:13:42; 15594; 29206; 28.48; 999.6574609375; 38.9736328125
2026-09-15; 23:14:42; 15594; 29206; 28.46; 999.6899609375; 38.994140625
2026-09-15; 23:15:42; 15594; 29206; 28.47; 999.669765625; 39.0068359375
2026-09-15; 23:16:42; 15594; 29206; 28.45; 999.7022265625; 39.0048828125
2026-09-15; 23:17:42; 15594; 29206; 28.43; 999.7469921875; 39.0712890625
2026-09-15; 23:18:42; 15594; 29206; 28.44; 999.7346875; 39.00390625
2026-09-15; 23:19:42; 15369; 29206; 28.43; 999.7469921875; 39.0712890625
2026-09-15; 23:20:42; 15594; 29206; 28.43; 999.698671875; 39.0263671875
2026-09-15; 23:21:42; 15594; 29206; 28.42; 999.7030078125; 39.0927734375
2026-09-15; 23:22:42; 15369; 29206; 28.4; 999.6508203125; 39.1259765625
2026-09-15; 23:23:43; 15369; 29206; 28.4; 999.6710546875; 39.193359375
2026-09-15; 23:24:43; 15594; 29206; 28.39; 999.6069140625; 39.125
2026-09-15; 23:25:43; 15369; 29206; 28.38; 999.675390625; 39.1474609375
2026-09-15; 23:26:43; 15369; 29206; 28.38; 999.6955859375; 39.1689453125
2026-09-15; 23:27:43; 15594; 29206; 28.34; 999.704296875; 39.2001953125
2026-09-15; 23:28:43; 15369; 29206; 28.35; 999.7121875; 39.1787109375
2026-09-15; 23:29:43; 15594; 29206; 28.34; 999.7323828125; 39.22265625
2026-09-16; 02:23:32; 400; 0; 27.02; 998.360234375; 41.603515625
2026-09-16; 02:24:32; 400; 0; 27.02; 998.3681640625; 41.58203125
2026-09-16; 02:25:32; 400; 0; 27.04; 998.3720703125; 41.5498046875
2026-09-16; 02:26:32; 405; 0; 27.08; 998.343671875; 41.4619140625
2026-09-16; 02:27:32; 403; 0; 27.07; 998.355859375; 41.4716796875
2026-09-16; 02:28:32; 402; 0; 27.04; 998.307734375; 41.50390625
2026-09-16; 02:29:32; 403; 0; 27.1; 998.3753515625; 41.373046875
2026-09-16; 02:30:32; 405; 0; 27.07; 998.391875; 41.4501953125
2026-09-16; 02:31:32; 400; 0; 27.06; 998.311953125; 41.4375
2026-09-16; 02:32:33; 400; 0; 27.08; 998.37171875; 41.4052734375
2026-09-16; 02:33:33; 400; 0; 27.06; 998.311953125; 41.4375
2026-09-16; 02:34:33; 400; 0; 27.07; 998.363828125; 41.4052734375
2026-09-16; 02:35:33; 402; 0; 27.06; 998.2558984375; 41.4599609375
2026-09-16; 02:36:33; 403; 0; 27.04; 998.4001171875; 41.4365234375
2026-09-16; 02:37:33; 403; 0; 27.08; 998.3235546875; 41.39453125
2026-09-16; 02:38:33; 402; 0; 27.07; 998.2716796875; 41.404296875
2026-09-16; 02:39:33; 402; 0; 27.04; 998.3159765625; 41.4140625
2026-09-16; 02:40:33; 403; 0; 27.06; 998.3400390625; 41.4482421875
2026-09-16; 02:41:33; 405; 0; 27.06; 998.2918359375; 41.392578125
2026-09-16; 02:42:33; 405; 0; 27.05; 998.3601953125; 41.4375
2026-09-16; 02:43:33; 400; 0; 27.08; 998.3235546875; 41.3720703125
2026-09-16; 02:44:33; 403; 0; 27.08; 998.3155859375; 41.3603515625
2026-09-16; 02:45:33; 402; 0; 27.08; 998.2594921875; 41.3603515625
2026-09-16; 02:46:33; 400; 0; 27.07; 998.215625; 41.380859375
2026-09-16; 02:47:33; 400; 0; 27.08; 998.2594921875; 41.337890625
2026-09-16; 02:48:33; 400; 0; 27.07; 998.223515625; 41.359375
2026-09-16; 02:49:33; 405; 0; 27.06; 998.2076953125; 41.3583984375
2026-09-16; 02:50:33; 400; 0; 27.03; 998.1876171875; 41.423828125
2026-09-16; 02:51:33; 403; 0; 27.02; 998.248046875; 41.4560546875
2026-09-16; 02:52:33; 400; 0; 27.03; 998.2156640625; 41.4013671875
2026-09-16; 02:53:33; 402; 0; 27.02; 998.248046875; 41.376953125
2026-09-16; 02:54:33; 411; 1; 27.01; 998.1840234375; 41.4326171875
2026-09-16; 02:55:33; 411; 1; 27.03; 998.291875; 41.4228515625
2026-09-16; 02:56:33; 416; 2; 27.04; 998.195546875; 41.37890625
2026-09-16; 02:57:33; 416; 2; 27.03; 998.2717578125; 41.4013671875
2026-09-16; 02:58:33; 420; 3; 27.04; 998.2598828125; 41.3232421875
2026-09-16; 02:59:33; 402; 0; 27.04; 998.1675; 41.37890625
2026-09-16; 03:00:33; 406; 0; 27.0; 998.204140625; 41.4326171875
2026-09-16; 03:01:33; 406; 0; 27.02; 998.283984375; 41.298828125
2026-09-16; 03:02:33; 405; 0; 27.03; 998.2077734375; 41.3896484375
2026-09-16; 03:03:33; 408; 1; 26.99; 998.2084375; 41.4423828125
2026-09-16; 03:04:33; 400; 0; 26.99; 998.18828125; 41.4208984375
2026-09-16; 03:05:33; 400; 0; 26.99; 998.2724609375; 41.431640625
2026-09-16; 03:06:33; 402; 0; 27.03; 998.2077734375; 41.3779296875
2026-09-16; 03:07:33; 402; 0; 27.0; 998.1681640625; 41.4208984375
2026-09-16; 03:08:33; 407; 1; 27.0; 998.1760546875; 41.3759765625
2026-09-16; 03:09:33; 400; 0; 26.97; 998.2968359375; 41.453125
2026-09-16; 03:10:33; 407; 1; 26.96; 998.25265625; 41.4853515625
2026-09-16; 03:11:33; 400; 0; 26.97; 998.268828125; 41.453125
2026-09-16; 03:12:33; 402; 0; 26.97; 998.212734375; 41.453125
2026-09-16; 03:13:33; 402; 0; 26.96; 998.21671875; 41.4970703125
2026-09-16; 03:14:33; 400; 0; 26.95; 998.20875; 41.4853515625
2026-09-16; 03:15:34; 405; 0; 26.96; 998.21671875; 41.4736328125
2026-09-16; 03:16:34; 405; 0; 26.96; 998.1605859375; 41.451171875
2026-09-16; 03:17:34; 400; 0; 26.94; 998.2490234375; 41.47265625
2026-09-16; 03:18:34; 400; 0; 26.92; 998.21734375; 41.52734375
2026-09-16; 03:19:34; 405; 0; 26.92; 998.1533203125; 41.560546875
2026-09-16; 03:20:34; 405; 0; 26.93; 998.177109375; 41.4609375
2026-09-16; 03:21:34; 400; 0; 26.95; 998.200859375; 41.484375
2026-09-16; 03:22:34; 405; 0; 26.93; 998.121015625; 41.505859375
2026-09-16; 03:23:34; 408; 1; 26.93; 998.121015625; 41.47265625
2026-09-16; 03:24:34; 403; 0; 26.94; 998.0728125; 41.44921875
2026-09-16; 03:25:34; 400; 0; 26.91; 998.0612890625; 41.4921875
2026-09-16; 03:26:34; 400; 0; 26.92; 998.0490625; 41.4931640625
2026-09-16; 03:27:34; 400; 0; 26.93; 998.0569921875; 41.4716796875
2026-09-16; 03:28:34; 405; 0; 26.91; 998.08140625; 41.4921875
2026-09-16; 03:29:34; 400; 0; 26.92; 998.0691796875; 41.4580078125
2026-09-16; 03:30:34; 405; 0; 26.93; 998.121015625; 41.47265625
2026-09-16; 03:31:34; 400; 0; 26.93; 998.1411328125; 41.4375
2026-09-16; 03:32:34; 400; 0; 26.91; 998.109453125; 41.4814453125
2026-09-16; 03:33:34; 405; 0; 26.9; 998.1213671875; 41.513671875
2026-09-16; 03:34:34; 400; 0; 26.9; 998.0652734375; 41.513671875
2026-09-16; 03:35:34; 400; 0; 26.87; 998.0817578125; 41.544921875
2026-09-16; 03:36:34; 403; 0; 26.88; 998.0695703125; 41.5126953125
2026-09-16; 03:37:34; 408; 1; 26.89; 998.085390625; 41.490234375
2026-09-16; 03:38:34; 400; 0; 26.87; 998.0817578125; 41.533203125
2026-09-16; 03:39:34; 403; 0; 26.87; 998.0458203125; 41.544921875
2026-09-16; 03:40:34; 403; 0; 26.89; 998.05734375; 41.5244140625
2026-09-16; 03:41:34; 405; 0; 26.85; 998.13421875; 41.5771484375
2026-09-16; 03:42:34; 408; 1; 26.88; 998.0695703125; 41.5234375
2026-09-16; 03:43:34; 400; 0; 26.84; 998.11046875; 41.5986328125
2026-09-16; 03:44:34; 400; 0; 26.85; 998.09828125; 41.5771484375
2026-09-16; 03:45:34; 400; 0; 26.85; 998.1903515625; 41.54296875
2026-09-16; 03:46:34; 405; 0; 26.82; 998.1626171875; 41.5859375
2026-09-16; 03:47:34; 400; 0; 26.86; 998.1982421875; 41.56640625
2026-09-16; 03:48:34; 405; 0; 26.83; 998.1302734375; 41.5869140625
2026-09-16; 03:49:34; 400; 0; 26.83; 998.2144140625; 41.59765625
2026-09-16; 03:50:34; 405; 0; 26.85; 998.330546875; 41.53125
2026-09-16; 03:51:34; 400; 0; 26.84; 998.33484375; 41.576171875
2026-09-16; 03:52:34; 400; 0; 26.83; 998.374765625; 41.5517578125
2026-09-16; 03:53:34; 405; 0; 26.82; 998.330859375; 41.630859375
2026-09-16; 03:54:34; 400; 0; 26.81; 998.3790625; 41.6640625
2026-09-16; 03:55:34; 405; 0; 26.82; 998.4430859375; 41.57421875
2026-09-16; 03:56:34; 400; 0; 26.82; 998.4430859375; 41.6083984375
2026-09-16; 03:57:34; 405; 0; 26.82; 998.4430859375; 41.5966796875
2026-09-16; 03:58:35; 402; 0; 26.82; 998.4711328125; 41.5859375
2026-09-16; 03:59:35; 402; 0; 26.82; 998.42296875; 41.57421875
2026-09-16; 04:00:35; 400; 0; 26.79; 998.3675; 41.60546875
2026-09-16; 04:01:35; 402; 0; 26.81; 998.3430859375; 41.583984375
2026-09-16; 04:02:35; 405; 0; 26.8; 998.327265625; 41.5390625
2026-09-16; 04:03:35; 405; 0; 26.79; 998.339453125; 41.6162109375
2026-09-16; 04:04:35; 405; 0; 26.76; 998.3757421875; 41.669921875
2026-09-16; 04:05:35; 400; 0; 26.78; 998.295546875; 41.6044921875
2026-09-16; 04:06:35; 400; 0; 26.77; 998.391875; 41.6708984375
2026-09-16; 04:07:35; 407; 1; 26.78; 998.2675; 41.671875
2026-09-16; 04:08:35; 407; 1; 26.77; 998.3077734375; 41.66015625
2026-09-16; 04:09:35; 407; 1; 26.78; 998.3315234375; 41.59375
2026-09-16; 04:10:35; 407; 1; 26.78; 998.2675; 41.626953125
2026-09-16; 04:11:35; 400; 0; 26.78; 998.2754296875; 41.59375
2026-09-16; 04:12:35; 400; 0; 26.78; 998.295546875; 41.6376953125
2026-09-16; 04:13:35; 407; 1; 26.79; 998.2351953125; 41.5830078125
2026-09-16; 04:14:35; 400; 0; 26.78; 998.3236328125; 41.615234375
2026-09-16; 04:15:35; 400; 0; 26.77; 998.259609375; 41.6376953125
2026-09-16; 04:16:35; 402; 0; 26.77; 998.2797265625; 41.66015625
2026-09-16; 04:17:35; 402; 0; 26.77; 998.2797265625; 41.66015625
2026-09-16; 04:18:35; 65535; 65535; 26.78; 998.219375; 41.59375
2026-09-16; 04:19:35; 402; 0; 26.76; 998.2154296875; 41.6142578125
2026-09-16; 04:20:35; 400; 0; 26.77; 998.259609375; 41.5927734375
2026-09-16; 04:21:35; 400; 0; 26.76; 998.15140625; 41.6142578125
2026-09-16; 04:22:35; 400; 0; 26.77; 998.147421875; 41.5927734375
2026-09-16; 04:23:35; 405; 0; 26.77; 998.17546875; 41.5927734375
2026-09-16; 04:24:35; 405; 0; 26.79; 998.19921875; 41.5478515625
2026-09-16; 04:25:35; 405; 0; 26.76; 998.179453125; 41.6142578125
2026-09-16; 04:26:35; 400; 0; 26.76; 998.271484375; 41.603515625
2026-09-16; 04:27:35; 400; 0; 26.76; 998.2074609375; 41.6142578125
2026-09-16; 04:28:35; 403; 0; 26.77; 998.2236328125; 41.5810546875
2026-09-16; 04:29:35; 408; 1; 26.74; 998.2398046875; 41.6357421875
2026-09-16; 04:30:35; 400; 0; 26.72; 998.208125; 41.6669921875
2026-09-16; 04:31:35; 403; 0; 26.72; 998.180078125; 41.6552734375
2026-09-16; 04:32:35; 403; 0; 26.72; 998.2440625; 41.6787109375
2026-09-16; 04:33:35; 403; 0; 26.73; 998.17578125; 41.634765625
2026-09-16; 04:34:35; 403; 0; 26.72; 998.216015625; 41.6337890625
2026-09-16; 04:35:35; 405; 0; 26.73; 998.1197265625; 41.634765625
2026-09-16; 04:36:35; 405; 0; 26.73; 998.111796875; 41.611328125
2026-09-16; 04:37:35; 405; 0; 26.74; 998.12765625; 41.61328125
2026-09-16; 04:38:35; 405; 0; 26.73; 998.111796875; 41.599609375
2026-09-16; 04:39:35; 400; 0; 26.72; 998.180078125; 41.6328125
2026-09-16; 04:40:35; 400; 0; 26.71; 998.192265625; 41.6435546875
2026-09-16; 04:41:36; 400; 0; 26.72; 998.123984375; 41.587890625
2026-09-16; 04:42:36; 400; 0; 26.71; 998.1362109375; 41.666015625
2026-09-16; 04:43:36; 405; 0; 26.71; 998.16421875; 41.5869140625
2026-09-16; 04:44:36; 405; 0; 26.71; 998.1362109375; 41.6318359375
2026-09-16; 04:45:36; 400; 0; 26.73; 998.13984375; 41.599609375
2026-09-16; 04:46:36; 405; 0; 26.73; 998.167890625; 41.5654296875
2026-09-16; 04:47:36; 400; 0; 26.72; 998.15203125; 41.5537109375
2026-09-16; 04:48:36; 405; 0; 26.7; 998.148359375; 41.6083984375
2026-09-16; 04:49:36; 405; 0; 26.69; 998.1602734375; 41.6416015625
2026-09-16; 04:50:36; 405; 0; 26.68; 998.1523828125; 41.6630859375
2026-09-16; 04:51:36; 405; 0; 26.68; 998.2364453125; 41.6865234375
2026-09-16; 04:52:36; 400; 0; 26.66; 998.168828125; 41.6396484375
2026-09-16; 04:53:36; 400; 0; 26.69; 998.14015625; 41.642578125
2026-09-16; 04:54:36; 405; 0; 26.69; 998.1962109375; 41.59765625
2026-09-16; 04:55:36; 400; 0; 26.69; 998.2523046875; 41.630859375
2026-09-16; 04:56:36; 400; 0; 26.69; 998.224296875; 41.6201171875
2026-09-16; 04:57:36; 400; 0; 26.72; 998.208125; 41.587890625
2026-09-16; 04:58:36; 403; 0; 26.69; 998.224296875; 41.59765625
2026-09-16; 04:59:36; 403; 0; 26.7; 998.148359375; 41.6083984375
2026-09-16; 05:00:36; 403; 0; 26.68; 998.1725; 41.640625
2026-09-16; 05:01:36; 400; 0; 26.7; 998.2123828125; 41.59765625
2026-09-16; 05:02:36; 403; 0; 26.68; 998.2565625; 41.583984375
2026-09-16; 05:03:36; 402; 0; 26.67; 998.1926171875; 41.595703125
2026-09-16; 05:04:36; 402; 0; 26.67; 998.3248828125; 41.6396484375
2026-09-16; 05:05:36; 402; 0; 26.66; 998.28890625; 41.6728515625
2026-09-16; 05:06:36; 400; 0; 26.68; 998.3486328125; 41.6064453125
2026-09-16; 05:07:36; 402; 0; 26.64; 998.3053515625; 41.681640625
2026-09-16; 05:08:36; 400; 0; 26.66; 998.2809765625; 41.662109375
2026-09-16; 05:09:36; 400; 0; 26.67; 998.1846484375; 41.5947265625
2026-09-16; 05:10:36; 402; 0; 26.68; 998.2005078125; 41.583984375
2026-09-16; 05:11:36; 407; 1; 26.68; 998.2084375; 41.595703125
2026-09-16; 05:12:36; 405; 0; 26.68; 998.2285546875; 41.583984375
2026-09-16; 05:13:36; 400; 0; 26.67; 998.2407421875; 41.5947265625
2026-09-16; 05:14:36; 405; 0; 26.67; 998.352890625; 41.572265625
2026-09-16; 05:15:36; 400; 0; 26.68; 998.340703125; 41.5498046875
2026-09-16; 05:16:36; 405; 0; 26.64; 998.389453125; 41.6591796875
2026-09-16; 05:17:36; 405; 0; 26.66; 998.4010546875; 41.59375
2026-09-16; 05:18:36; 400; 0; 26.65; 998.4613671875; 41.6044921875
2026-09-16; 05:19:36; 400; 0; 26.62; 998.4214453125; 41.669921875
2026-09-16; 05:20:36; 409; 1; 26.62; 998.505546875; 41.6923828125
2026-09-16; 05:21:36; 405; 0; 26.62; 998.469609375; 41.703125
2026-09-16; 05:22:36; 400; 0; 26.65; 998.4613671875; 41.615234375
2026-09-16; 05:23:36; 405; 0; 26.62; 998.4494921875; 41.71484375
2026-09-16; 05:24:37; 400; 0; 26.65; 998.525390625; 41.58203125
2026-09-16; 05:25:37; 400; 0; 26.63; 998.52171875; 41.63671875
2026-09-16; 05:26:37; 400; 0; 26.64; 998.5857421875; 41.6142578125
2026-09-16; 05:27:37; 400; 0; 26.63; 998.457734375; 41.6591796875
2026-09-16; 05:28:37; 400; 0; 26.63; 998.457734375; 41.6591796875
2026-09-16; 05:29:37; 403; 0; 26.63; 998.4376171875; 41.63671875
2026-09-16; 05:30:37; 403; 0; 26.63; 998.4095703125; 41.63671875
2026-09-16; 05:31:37; 403; 0; 26.62; 998.3934375; 41.6240234375
2026-09-16; 05:32:37; 400; 0; 26.62; 998.49765625; 41.6240234375
2026-09-16; 05:33:37; 400; 0; 26.64; 998.47359375; 41.6142578125
2026-09-16; 05:34:37; 400; 0; 26.64; 998.445546875; 41.568359375
2026-09-16; 05:35:37; 400; 0; 26.61; 998.45375; 41.646484375
2026-09-16; 05:36:37; 400; 0; 26.62; 998.4775390625; 41.61328125
2026-09-16; 05:37:37; 400; 0; 26.6; 998.493984375; 41.689453125
2026-09-16; 05:38:37; 405; 0; 26.63; 998.4296875; 41.625
2026-09-16; 05:39:37; 405; 0; 26.63; 998.457734375; 41.6142578125
2026-09-16; 05:40:37; 405; 0; 26.61; 998.405625; 41.6572265625
2026-09-16; 05:41:37; 405; 0; 26.6; 998.4178125; 41.6796875
2026-09-16; 05:42:37; 405; 0; 26.6; 998.4178125; 41.66796875
2026-09-16; 05:43:37; 400; 0; 26.63; 998.37359375; 41.6142578125
2026-09-16; 05:44:37; 400; 0; 26.63; 998.37359375; 41.6025390625
2026-09-16; 05:45:37; 400; 0; 26.61; 998.3696484375; 41.6005859375
2026-09-16; 05:46:37; 400; 0; 26.6; 998.4098828125; 41.689453125
2026-09-16; 05:47:37; 403; 0; 26.58; 998.38609375; 41.7001953125
2026-09-16; 05:48:37; 403; 0; 26.61; 998.3976953125; 41.6240234375
2026-09-16; 05:49:37; 403; 0; 26.61; 998.31359375; 41.6123046875
2026-09-16; 05:50:37; 400; 0; 26.62; 998.3934375; 41.61328125
2026-09-16; 05:51:37; 403; 0; 26.62; 998.3575; 41.58984375
2026-09-16; 05:52:37; 403; 0; 26.62; 998.4415625; 41.6005859375
2026-09-16; 05:53:37; 400; 0; 26.63; 998.3175390625; 41.568359375
2026-09-16; 05:54:37; 403; 0; 26.61; 998.481796875; 41.5439453125
2026-09-16; 05:55:37; 400; 0; 26.63; 998.4656640625; 41.580078125
2026-09-16; 05:56:37; 406; 0; 26.6; 998.5219921875; 41.6220703125
2026-09-16; 05:57:37; 406; 0; 26.63; 998.513828125; 41.5458984375
2026-09-16; 05:58:37; 406; 0; 26.6; 998.4379296875; 41.599609375
2026-09-16; 05:59:37; 406; 0; 26.63; 998.5418359375; 41.5576171875
2026-09-16; 06:00:37; 406; 0; 26.61; 998.54578125; 41.58984375
2026-09-16; 06:01:37; 406; 0; 26.62; 998.49765625; 41.5556640625
2026-09-16; 06:02:37; 400; 0; 26.62; 998.55375; 41.5556640625
2026-09-16; 06:03:37; 400; 0; 26.61; 998.573828125; 41.578125
2026-09-16; 06:04:37; 400; 0; 26.6; 998.5299609375; 41.599609375
2026-09-16; 06:05:37; 400; 0; 26.6; 998.5019140625; 41.599609375
2026-09-16; 06:06:37; 403; 0; 26.61; 998.481796875; 41.56640625
2026-09-16; 06:07:38; 403; 0; 26.61; 998.45375; 41.533203125
2026-09-16; 06:08:38; 403; 0; 26.63; 998.4296875; 41.5458984375
2026-09-16; 06:09:38; 403; 0; 26.61; 998.481796875; 41.5556640625
2026-09-16; 06:10:38; 403; 0; 26.61; 998.45375; 41.56640625
2026-09-16; 06:11:38; 403; 0; 26.61; 998.481796875; 41.578125
2026-09-16; 06:12:38; 403; 0; 26.6; 998.445859375; 41.56640625
2026-09-16; 06:13:38; 400; 0; 26.6; 998.4098828125; 41.54296875
2026-09-16; 06:14:38; 403; 0; 26.59; 998.450078125; 41.5869140625
2026-09-16; 06:15:38; 403; 0; 26.61; 998.481796875; 41.56640625
2026-09-16; 06:16:38; 400; 0; 26.61; 998.45375; 41.5556640625
2026-09-16; 06:17:38; 402; 0; 26.59; 998.5141015625; 41.5751953125
2026-09-16; 06:18:38; 402; 0; 26.61; 998.481796875; 41.521484375
2026-09-16; 06:19:38; 400; 0; 26.61; 998.5177734375; 41.533203125
2026-09-16; 06:20:38; 402; 0; 26.6; 998.6061328125; 41.5537109375
2026-09-16; 06:21:38; 402; 0; 26.63; 998.5778125; 41.466796875
2026-09-16; 06:22:38; 402; 0; 26.63; 998.513828125; 41.51171875
2026-09-16; 06:23:38; 402; 0; 26.63; 998.513828125; 41.51171875
2026-09-16; 06:24:38; 400; 0; 26.61; 998.50984375; 41.521484375
2026-09-16; 06:25:38; 405; 0; 26.64; 998.5296484375; 41.4775390625
2026-09-16; 06:26:38; 405; 0; 26.63; 998.4656640625; 41.455078125
2026-09-16; 06:27:38; 407; 1; 26.61; 998.405625; 41.4990234375
2026-09-16; 06:28:38; 405; 0; 26.61; 998.537890625; 41.521484375
2026-09-16; 06:29:38; 405; 0; 26.6; 998.493984375; 41.5087890625
2026-09-16; 06:30:38; 405; 0; 26.59; 998.506171875; 41.5419921875
2026-09-16; 06:31:38; 400; 0; 26.63; 998.5979296875; 41.51171875
2026-09-16; 06:32:38; 400; 0; 26.62; 998.5256640625; 41.521484375
2026-09-16; 06:33:38; 405; 0; 26.63; 998.4656640625; 41.4443359375
2026-09-16; 06:34:38; 405; 0; 26.62; 998.5256640625; 41.509765625
2026-09-16; 06:35:38; 405; 0; 26.62; 998.5256640625; 41.4873046875
2026-09-16; 06:36:38; 405; 0; 26.61; 998.537890625; 41.533203125
2026-09-16; 06:37:38; 405; 0; 26.63; 998.4937109375; 41.4326171875
2026-09-16; 06:38:38; 405; 0; 26.64; 998.537578125; 41.43359375
2026-09-16; 06:39:38; 400; 0; 26.63; 998.549765625; 41.4208984375
2026-09-16; 06:40:38; 403; 0; 26.64; 998.5857421875; 41.455078125
2026-09-16; 06:41:38; 403; 0; 26.62; 998.64578125; 41.4541015625
2026-09-16; 06:42:38; 403; 0; 26.62; 998.7219140625; 41.4765625
2026-09-16; 06:43:38; 400; 0; 26.65; 998.6375390625; 41.412109375
2026-09-16; 06:44:38; 403; 0; 26.65; 998.6094921875; 41.37890625
2026-09-16; 06:45:38; 403; 0; 26.65; 998.6936328125; 41.412109375
2026-09-16; 06:46:38; 400; 0; 26.64; 998.6777734375; 41.376953125
2026-09-16; 06:47:38; 403; 0; 26.65; 998.80578125; 41.4013671875
2026-09-16; 06:48:38; 403; 0; 26.64; 998.81796875; 41.376953125
2026-09-16; 06:49:38; 400; 0; 26.64; 998.8380859375; 41.4326171875
2026-09-16; 06:50:39; 400; 0; 26.65; 998.85390625; 41.4228515625
2026-09-16; 06:51:39; 403; 0; 26.66; 998.905703125; 41.3896484375
2026-09-16; 06:52:39; 406; 0; 26.67; 998.8374609375; 41.357421875
2026-09-16; 06:53:39; 406; 0; 26.64; 998.950234375; 41.41015625
2026-09-16; 06:54:39; 406; 0; 26.64; 998.90203125; 41.3994140625
2026-09-16; 06:55:39; 406; 0; 26.66; 998.95390625; 41.3896484375
2026-09-16; 06:56:39; 406; 0; 26.65; 998.9740234375; 41.37890625
2026-09-16; 06:57:39; 406; 0; 26.66; 998.95390625; 41.3447265625
2026-09-16; 06:58:39; 400; 0; 26.66; 998.9819140625; 41.3447265625
2026-09-16; 06:59:39; 406; 0; 26.65; 998.9941015625; 41.3779296875
2026-09-16; 07:00:39; 406; 0; 26.68; 999.041640625; 41.3232421875
2026-09-16; 07:01:39; 406; 0; 26.7; 999.0816015625; 41.26953125
2026-09-16; 07:02:39; 406; 0; 26.67; 999.08984375; 41.3232421875
2026-09-16; 07:03:39; 400; 0; 26.67; 999.1099609375; 41.3115234375
2026-09-16; 07:04:39; 406; 0; 26.68; 999.07765625; 41.2900390625
2026-09-16; 07:05:39; 400; 0; 26.68; 999.13375; 41.2900390625
2026-09-16; 07:06:39; 400; 0; 26.7; 999.1578125; 41.2568359375
2026-09-16; 07:07:39; 400; 0; 26.68; 999.1056640625; 41.2666015625
2026-09-16; 07:08:39; 400; 0; 26.67; 999.1099609375; 41.333984375
2026-09-16; 07:09:39; 400; 0; 26.69; 999.1136328125; 41.2568359375
2026-09-16; 07:10:39; 403; 0; 26.71; 999.229765625; 41.2470703125
2026-09-16; 07:11:39; 403; 0; 26.71; 999.1255078125; 41.236328125
2026-09-16; 07:12:39; 403; 0; 26.7; 999.1937890625; 41.2470703125
2026-09-16; 07:13:39; 403; 0; 26.7; 999.1937890625; 41.26953125
2026-09-16; 07:14:39; 403; 0; 26.7; 999.2498828125; 41.212890625
2026-09-16; 07:15:39; 400; 0; 26.72; 999.1615234375; 41.16796875
2026-09-16; 07:16:39; 400; 0; 26.74; 999.137109375; 41.1591796875
2026-09-16; 07:17:39; 400; 0; 26.75; 999.1730859375; 41.13671875
2026-09-16; 07:18:39; 403; 0; 26.73; 999.2133203125; 41.1591796875
2026-09-16; 07:19:39; 400; 0; 26.76; 999.1969140625; 41.08203125
2026-09-16; 07:20:39; 400; 0; 26.79; 999.2368359375; 41.060546875
2026-09-16; 07:21:39; 400; 0; 26.76; 999.3291796875; 41.103515625
2026-09-16; 07:22:39; 405; 0; 26.77; 999.269140625; 41.060546875
2026-09-16; 07:23:39; 405; 0; 26.78; 999.200859375; 41.02734375
2026-09-16; 07:24:39; 405; 0; 26.8; 999.344765625; 41.017578125
2026-09-16; 07:25:39; 405; 0; 26.81; 999.30453125; 40.984375
2026-09-16; 07:26:39; 405; 0; 26.79; 999.2728125; 41.0390625
2026-09-16; 07:27:39; 405; 0; 26.8; 999.288671875; 40.9609375
2026-09-16; 07:28:39; 405; 0; 26.82; 999.2844140625; 40.9736328125
2026-09-16; 07:29:39; 405; 0; 26.81; 999.276484375; 40.984375
2026-09-16; 07:30:39; 400; 0; 26.8; 999.3087890625; 41.017578125
2026-09-16; 07:31:39; 405; 0; 26.8; 999.31671875; 40.9951171875
2026-09-16; 07:32:39; 400; 0; 26.81; 999.30453125; 40.9619140625
2026-09-16; 07:33:40; 400; 0; 26.83; 999.33625; 40.90625
2026-09-16; 07:34:40; 400; 0; 26.83; 999.3563671875; 40.939453125
2026-09-16; 07:35:40; 408; 1; 26.87; 999.34390625; 40.841796875
2026-09-16; 07:36:40; 403; 0; 26.87; 999.2798828125; 40.841796875
2026-09-16; 07:37:40; 403; 0; 26.9; 999.3637109375; 40.7998046875
2026-09-16; 07:38:40; 408; 1; 26.89; 999.403671875; 40.7880859375
2026-09-16; 07:39:40; 403; 0; 26.9; 999.327421875; 40.7880859375
2026-09-16; 07:40:40; 403; 0; 26.87; 999.371953125; 40.78515625
2026-09-16; 07:41:40; 408; 1; 26.91; 999.4277734375; 40.7783203125
2026-09-16; 07:42:40; 408; 1; 26.91; 999.3997265625; 40.744140625
2026-09-16; 07:43:40; 403; 0; 26.91; 999.4558203125; 40.7216796875
2026-09-16; 07:44:40; 408; 1; 26.96; 999.3747265625; 40.623046875
2026-09-16; 07:45:40; 408; 1; 26.98; 999.4348046875; 40.5693359375
2026-09-16; 07:46:40; 408; 1; 27.08; 999.5019140625; 40.4189453125
2026-09-16; 07:47:40; 411; 1; 27.15; 999.5009765625; 40.2548828125
2026-09-16; 07:48:40; 408; 1; 27.23; 999.543984375; 40.1376953125
2026-09-16; 07:49:40; 403; 0; 27.3; 999.58328125; 40.0068359375
2026-09-16; 07:50:40; 400; 0; 27.35; 999.53046875; 39.875
2026-09-16; 07:51:40; 405; 0; 27.39; 999.622265625; 39.8447265625
2026-09-16; 07:52:40; 400; 0; 27.42; 999.585625; 39.859375
2026-09-16; 07:53:40; 403; 0; 27.44; 999.6094140625; 39.9169921875
2026-09-16; 07:54:40; 400; 0; 27.53; 999.6123046875; 39.8232421875
2026-09-16; 07:55:40; 400; 0; 27.58; 999.6915625; 39.7822265625
2026-09-16; 07:56:40; 400; 0; 27.63; 999.658828125; 39.7861328125
2026-09-16; 07:57:40; 405; 0; 27.66; 999.642578125; 39.8232421875
2026-09-16; 07:58:40; 400; 0; 27.66; 999.734765625; 39.8681640625
2026-09-16; 07:59:40; 400; 0; 27.75; 999.61734375; 39.7744140625
2026-09-16; 08:00:40; 403; 0; 27.74; 999.693671875; 40.080078125
2026-09-16; 08:01:40; 400; 0; 27.74; 999.6655859375; 39.966796875
2026-09-16; 08:02:40; 400; 0; 27.75; 999.7094921875; 40.3994140625
2026-09-16; 08:03:40; 403; 0; 27.77; 999.7894921875; 40.23046875
2026-09-16; 08:04:40; 400; 0; 27.82; 999.7206640625; 40.3935546875
2026-09-16; 08:05:40; 400; 0; 27.84; 999.75234375; 40.2587890625
2026-09-16; 08:06:40; 405; 0; 27.83; 999.6882421875; 40.451171875
2026-09-16; 08:07:40; 400; 0; 27.83; 999.744453125; 40.5419921875
2026-09-16; 08:08:40; 400; 0; 27.86; 999.840234375; 40.544921875
2026-09-16; 08:09:40; 403; 0; 27.87; 999.8283203125; 40.4775390625
2026-09-16; 08:10:40; 403; 0; 27.88; 999.8722265625; 40.5576171875
2026-09-16; 08:11:40; 402; 0; 27.91; 999.787265625; 40.6181640625
2026-09-16; 08:12:40; 400; 0; 27.92; 999.8513671875; 40.5849609375
2026-09-16; 08:13:40; 400; 0; 27.95; 999.843046875; 40.5537109375
2026-09-16; 08:14:40; 400; 0; 27.96; 999.866796875; 40.5322265625
2026-09-16; 08:15:40; 403; 0; 27.99; 999.850234375; 40.4775390625
2026-09-16; 08:16:41; 400; 0; 27.98; 999.8625; 40.58984375
2026-09-16; 08:17:41; 400; 0; 28.01; 999.91828125; 40.513671875
2026-09-16; 08:18:41; 400; 0; 27.99; 999.914375; 40.53515625
2026-09-16; 08:19:41; 402; 0; 28.03; 999.9499609375; 40.458984375
2026-09-16; 08:20:41; 400; 0; 28.06; 999.9333984375; 40.44921875
2026-09-16; 08:21:41; 403; 0; 28.07; 1000.0338671875; 40.484375
2026-09-16; 08:22:41; 405; 0; 28.1; 999.989140625; 40.4189453125
2026-09-16; 08:23:41; 406; 0; 28.12; 1000.000703125; 40.3984375
2026-09-16; 08:24:41; 402; 0; 28.15; 999.9642578125; 40.310546875
2026-09-16; 08:25:41; 400; 0; 28.19; 1000.0276171875; 40.3701171875
2026-09-16; 08:26:41; 451; 7; 28.28; 999.9380859375; 40.3212890625
2026-09-16; 08:27:41; 409; 1; 28.32; 999.9253515625; 40.3701171875
2026-09-16; 08:28:41; 405; 0; 28.43; 999.9517578125; 40.244140625
2026-09-16; 08:29:41; 400; 0; 28.38; 999.9284375; 40.6953125
2026-09-16; 08:30:41; 400; 0; 28.41; 999.939921875; 40.46875
2026-09-16; 08:31:41; 400; 0; 28.4; 999.9521875; 40.4912109375
2026-09-16; 08:32:41; 400; 0; 28.65; 1000.0322265625; 40.0009765625
2026-09-16; 08:33:41; 400; 0; 28.67; 999.9513671875; 39.83203125
2026-09-16; 08:34:41; 400; 0; 28.64; 1000.0163671875; 39.9775390625
2026-09-16; 08:35:41; 400; 0; 28.64; 1000.0163671875; 39.9658203125
2026-09-16; 08:36:41; 405; 0; 28.6; 999.98875; 40.087890625
2026-09-16; 08:37:41; 400; 0; 28.72; 1000.038828125; 39.791015625
2026-09-16; 08:38:41; 400; 0; 28.83; 1000.1011328125; 39.5849609375
2026-09-16; 08:39:41; 405; 0; 28.96; 1000.0948046875; 39.515625
2026-09-16; 08:40:41; 403; 0; 29.01; 1000.03359375; 39.3955078125
2026-09-16; 08:41:41; 403; 0; 29.03; 1000.129765625; 39.4990234375
2026-09-16; 08:42:41; 400; 0; 29.18; 1000.1911328125; 39.2958984375
2026-09-16; 08:43:41; 410; 1; 29.14; 1000.21984375; 39.2353515625
2026-09-16; 08:44:41; 402; 0; 29.21; 1000.2386328125; 39.2294921875
2026-09-16; 08:45:41; 400; 0; 29.22; 1000.2826171875; 39.1630859375
2026-09-16; 08:46:41; 400; 0; 29.16; 1000.2998828125; 39.5673828125
2026-09-16; 08:47:41; 400; 0; 28.95; 1000.332265625; 39.958984375
2026-09-16; 08:48:41; 400; 0; 28.67; 1000.296875; 40.7998046875
2026-09-16; 08:49:41; 409; 1; 28.76; 1000.3196484375; 41.046875
2026-09-16; 08:50:41; 411; 1; 28.75; 1000.33953125; 41.2626953125
2026-09-16; 08:51:41; 420; 3; 28.54; 1000.3996484375; 41.8798828125
2026-09-16; 08:52:41; 420; 3; 28.49; 1000.3564453125; 41.8984375
2026-09-16; 08:53:41; 428; 4; 28.57; 1000.3429296875; 41.8037109375
2026-09-16; 08:54:41; 423; 3; 28.57; 1000.4475; 41.736328125
2026-09-16; 08:55:41; 425; 3; 28.67; 1000.4375390625; 41.6083984375
2026-09-16; 08:56:41; 416; 2; 28.67; 1000.4295703125; 41.5966796875
2026-09-16; 08:57:41; 400; 0; 28.66; 1000.5623046875; 41.6533203125
2026-09-16; 08:58:41; 403; 0; 28.61; 1000.6233984375; 42.0576171875
2026-09-16; 08:59:41; 406; 0; 28.54; 1000.491953125; 42.3251953125
2026-09-16; 09:00:42; 414; 2; 28.49; 1000.6016015625; 42.796875
2026-09-16; 09:01:42; 423; 3; 28.48; 1000.55734375; 42.7392578125
2026-09-16; 09:02:42; 406; 0; 28.52; 1000.572734375; 42.595703125
2026-09-16; 09:03:42; 400; 0; 28.57; 1000.644375; 42.361328125
2026-09-16; 09:04:42; 403; 0; 28.59; 1000.6840234375; 42.5234375
2026-09-16; 09:05:42; 400; 0; 28.63; 1000.6554296875; 42.287109375
2026-09-16; 09:06:42; 403; 0; 28.62; 1000.63953125; 42.3662109375
2026-09-16; 09:07:42; 405; 0; 28.66; 1000.64671875; 42.1884765625
2026-09-16; 09:08:42; 402; 0; 28.69; 1000.5741015625; 42.2578125
2026-09-16; 09:09:42; 403; 0; 28.69; 1000.63828125; 42.4521484375
2026-09-16; 09:10:42; 405; 0; 28.66; 1000.7231640625; 42.3349609375
2026-09-16; 09:11:42; 400; 0; 28.58; 1000.575859375; 42.6005859375
2026-09-16; 09:12:42; 426; 3; 28.58; 1000.5556640625; 42.3515625
2026-09-16; 09:13:42; 423; 3; 28.59; 1000.61984375; 42.7724609375
2026-09-16; 09:14:42; 457; 8; 28.54; 1000.680859375; 43.1318359375
2026-09-16; 09:15:42; 470; 10; 28.54; 1000.680859375; 42.767578125
2026-09-16; 09:16:42; 470; 10; 28.61; 1000.7077734375; 42.3427734375
2026-09-16; 09:17:42; 501; 15; 28.6; 1000.69984375; 42.8759765625
2026-09-16; 09:18:42; 497; 14; 28.56; 1000.797265625; 43.14453125
2026-09-16; 09:19:42; 536; 20; 28.59; 1000.81671875; 42.9326171875
2026-09-16; 09:20:42; 540; 21; 28.59; 1000.824609375; 42.8984375
2026-09-16; 09:21:42; 540; 21; 28.56; 1000.8333203125; 42.6337890625
2026-09-16; 09:22:42; 540; 21; 28.57; 1000.84125; 42.828125
2026-09-16; 09:23:42; 561; 24; 28.58; 1000.8931640625; 43.033203125
2026-09-16; 09:24:42; 589; 28; 28.56; 1000.881640625; 42.89453125
2026-09-16; 09:25:42; 594; 29; 28.55; 1000.8737109375; 42.8037109375
2026-09-16; 09:26:42; 589; 28; 28.57; 1000.8491796875; 42.9306640625
2026-09-16; 09:27:42; 594; 29; 28.45; 1000.8269921875; 43.533203125
2026-09-16; 09:28:42; 612; 32; 28.42; 1000.8637890625; 43.6435546875
2026-09-16; 09:29:42; 643; 37; 28.42; 1000.8637890625; 43.6435546875
2026-09-16; 09:30:42; 666; 40; 28.42; 1000.807578125; 43.6328125
2026-09-16; 09:31:42; 706; 46; 28.47; 1000.8789453125; 43.3642578125
2026-09-16; 09:32:42; 699; 45; 28.41; 1000.8194921875; 43.8134765625
2026-09-16; 09:33:42; 715; 47; 28.44; 1000.8673828125; 43.361328125
2026-09-16; 09:34:42; 683; 43; 28.44; 1000.895546875; 43.3388671875
2026-09-16; 09:35:42; 715; 47; 28.42; 1000.968359375; 43.541015625
2026-09-16; 09:36:42; 715; 47; 28.44; 1000.859453125; 43.1669921875
2026-09-16; 09:37:42; 699; 45; 28.43; 1000.98421875; 42.939453125
2026-09-16; 09:38:42; 578; 27; 28.51; 1001.02703125; 42.2421875
2026-09-16; 09:39:42; 491; 13; 28.47; 1001.0555859375; 42.2607421875
2026-09-16; 09:40:42; 450; 7; 28.46; 1001.0678515625; 42.158203125
2026-09-16; 09:41:42; 434; 5; 28.43; 1001.09671875; 42.2001953125
2026-09-16; 09:42:42; 415; 2; 28.4; 1001.1129296875; 42.5732421875
2026-09-16; 09:43:43; 413; 1; 28.41; 1001.2131640625; 42.392578125
2026-09-16; 09:44:43; 400; 0; 28.36; 1001.1540234375; 42.2275390625
2026-09-16; 09:45:43; 400; 0; 28.3; 1001.1306640625; 41.984375
2026-09-16; 09:46:43; 400; 0; 28.29; 1001.1144921875; 42.119140625
2026-09-16; 09:47:43; 400; 0; 28.38; 1001.1655859375; 41.537109375
2026-09-16; 09:48:43; 400; 0; 28.39; 1001.201640625; 41.388671875
2026-09-16; 09:49:43; 400; 0; 28.37; 1001.2340625; 41.4892578125
2026-09-16; 09:50:43; 400; 0; 28.29; 1001.2831640625; 40.9365234375
2026-09-16; 09:51:43; 403; 0; 28.27; 1001.355625; 41.3330078125
2026-09-16; 09:52:43; 400; 0; 28.23; 1001.320234375; 41.1240234375
2026-09-16; 09:53:43; 403; 0; 28.22; 1001.4168359375; 40.9873046875
2026-09-16; 09:54:43; 406; 0; 28.29; 1001.38765625; 41.2666015625
2026-09-16; 09:55:43; 436; 5; 28.27; 1001.3275; 42.2431640625
2026-09-16; 09:56:43; 446; 7; 28.23; 1001.348359375; 42.3525390625
2026-09-16; 09:57:43; 460; 9; 28.28; 1001.343671875; 41.9931640625
2026-09-16; 09:58:43; 492; 14; 28.3; 1001.3754296875; 42.4033203125
2026-09-16; 09:59:43; 580; 27; 28.29; 1001.38765625; 42.7216796875
2026-09-16; 10:00:43; 623; 33; 28.26; 1001.37578125; 41.6962890625
2026-09-16; 10:01:43; 514; 17; 28.24; 1001.42046875; 41.2841796875
2026-09-16; 10:02:43; 446; 7; 28.3; 1001.3191796875; 40.708984375
2026-09-16; 10:03:43; 406; 0; 28.33; 1001.451484375; 40.9287109375
2026-09-16; 10:04:43; 405; 0; 28.31; 1001.45578125; 41.0078125
2026-09-16; 10:05:43; 403; 0; 28.3; 1001.459765625; 40.90234375
2026-09-16; 10:06:43; 402; 0; 28.29; 1001.5282421875; 40.5732421875
2026-09-16; 10:07:43; 400; 0; 28.23; 1001.5249609375; 40.9541015625
2026-09-16; 10:08:43; 400; 0; 28.28; 1001.6248046875; 40.4228515625
2026-09-16; 10:09:43; 400; 0; 28.25; 1001.6129296875; 40.4658203125
2026-09-16; 10:10:43; 400; 0; 28.23; 1001.609296875; 40.58984375
2026-09-16; 10:11:43; 400; 0; 28.24; 1001.7015625; 40.2490234375
2026-09-16; 10:12:43; 403; 0; 28.24; 1001.7296875; 40.8408203125
2026-09-16; 10:13:43; 400; 0; 28.24; 1001.70953125; 40.2158203125
2026-09-16; 10:14:43; 403; 0; 28.22; 1001.5933984375; 40.3056640625
2026-09-16; 10:15:43; 400; 0; 28.25; 1001.55671875; 39.33984375
2026-09-16; 10:16:43; 400; 0; 28.18; 1001.5216796875; 39.3681640625
2026-09-16; 10:17:43; 403; 0; 28.18; 1001.577890625; 39.6875
2026-09-16; 10:18:43; 400; 0; 28.08; 1001.623515625; 39.552734375
2026-09-16; 10:19:43; 400; 0; 28.05; 1001.6678125; 39.6083984375
2026-09-16; 10:20:43; 400; 0; 28.08; 1001.71578125; 39.5419921875
2026-09-16; 10:21:43; 405; 0; 28.14; 1001.710859375; 39.5810546875
2026-09-16; 10:22:43; 400; 0; 28.12; 1001.7151171875; 39.2841796875
2026-09-16; 10:23:43; 410; 1; 28.08; 1001.7359375; 39.9052734375
2026-09-16; 10:24:43; 401; 0; 28.1; 1001.7676953125; 39.634765625
2026-09-16; 10:25:43; 401; 0; 28.04; 1001.7844921875; 39.9814453125
2026-09-16; 10:26:43; 409; 1; 28.04; 1001.75640625; 40.072265625
2026-09-16; 10:27:44; 410; 1; 28.1; 1001.8440625; 40.009765625
2026-09-16; 10:28:44; 427; 4; 28.16; 1001.8272265625; 39.60546875
2026-09-16; 10:29:44; 405; 0; 28.14; 1001.7753125; 39.6728515625
2026-09-16; 10:30:44; 410; 1; 28.19; 1001.8546875; 39.6083984375
2026-09-16; 10:31:44; 422; 3; 28.12; 1001.7151171875; 40.080078125
2026-09-16; 10:32:44; 434; 5; 28.16; 1001.7709765625; 39.73046875
2026-09-16; 10:33:44; 454; 8; 28.13; 1001.7872265625; 39.91015625
2026-09-16; 10:34:44; 466; 10; 28.16; 1001.83515625; 39.62890625
2026-09-16; 10:35:44; 464; 9; 28.16; 1001.7789453125; 39.7080078125
2026-09-16; 10:36:44; 460; 9; 28.15; 1001.87546875; 40.048828125
2026-09-16; 10:37:44; 502; 15; 28.14; 1001.8513671875; 40.4111328125
2026-09-16; 10:38:44; 602; 30; 27.98; 1001.8092578125; 41.6474609375
2026-09-16; 10:39:44; 768; 56; 28.01; 1001.8853125; 41.34375
2026-09-16; 10:40:44; 915; 78; 28.13; 1001.86359375; 41.216796875
2026-09-16; 10:41:44; 1044; 98; 28.13; 1001.8996484375; 40.95703125
2026-09-16; 10:42:44; 1102; 106; 28.22; 1001.8665625; 40.7138671875
2026-09-16; 10:43:44; 1118; 109; 28.14; 1001.8513671875; 40.95703125
2026-09-16; 10:44:44; 1128; 110; 28.2; 1001.8705859375; 40.4853515625
2026-09-16; 10:45:44; 1038; 97; 28.12; 1001.8556640625; 40.671875
2026-09-16; 10:46:44; 1029; 95; 28.16; 1001.8834375; 40.23046875
2026-09-16; 10:47:44; 975; 87; 28.19; 1001.8828125; 40.142578125
2026-09-16; 10:48:44; 954; 84; 28.21; 1001.9069140625; 40.0419921875
2026-09-16; 10:49:44; 902; 76; 28.14; 1001.8794921875; 40.115234375
2026-09-16; 10:50:44; 870; 71; 28.11; 1001.9442578125; 40.7490234375
2026-09-16; 10:51:44; 865; 70; 28.06; 1001.880390625; 40.4384765625
2026-09-16; 10:52:44; 830; 65; 28.04; 1001.953125; 40.607421875
2026-09-16; 10:53:44; 851; 68; 28.09; 1002.0047265625; 40.40625
2026-09-16; 10:54:44; 783; 58; 28.04; 1001.9610546875; 40.2548828125
2026-09-16; 10:55:44; 728; 49; 28.04; 1001.98125; 40.140625
2026-09-16; 10:56:44; 715; 47; 28.08; 1001.9607421875; 40.2236328125
2026-09-16; 10:57:44; 704; 46; 28.15; 1001.9237890625; 40.1162109375
2026-09-16; 10:58:44; 706; 46; 28.18; 1002.0355859375; 40.2099609375
2026-09-16; 10:59:44; 759; 54; 28.36; 1001.941328125; 39.759765625
2026-09-16; 11:00:44; 749; 53; 28.54; 1001.898203125; 39.2412109375
2026-09-16; 11:01:44; 783; 58; 29.14; 1001.9370703125; 38.3115234375
2026-09-16; 11:02:44; 806; 61; 29.6; 1001.8647265625; 37.3349609375
2026-09-16; 11:03:44; 821; 64; 30.36; 1001.8933984375; 35.58984375
2026-09-16; 11:04:44; 787; 58; 31.74; 1001.9194921875; 33.3779296875
2026-09-16; 11:05:44; 776; 57; 33.01; 1001.941640625; 31.0048828125
2026-09-16; 11:06:44; 728; 49; 32.83; 1001.92703125; 30.9580078125
2026-09-16; 11:07:44; 704; 46; 32.07; 1001.9060546875; 32.517578125
2026-09-16; 11:08:44; 692; 44; 31.43; 1001.859375; 33.2978515625
2026-09-16; 11:09:44; 643; 37; 30.91; 1001.92515625; 33.9365234375
2026-09-16; 11:10:45; 574; 26; 30.57; 1001.8805078125; 34.6435546875
2026-09-16; 11:11:45; 611; 32; 30.47; 1001.918984375; 35.1630859375
2026-09-16; 11:12:45; 564; 24; 30.31; 1001.9830859375; 35.08203125
2026-09-16; 11:13:45; 567; 25; 30.19; 1001.94125; 35.7255859375
2026-09-16; 11:14:45; 592; 29; 30.1; 1001.8265234375; 36.0263671875
2026-09-16; 11:15:45; 631; 35; 30.01; 1001.84453125; 36.0302734375
2026-09-16; 11:16:45; 629; 34; 29.93; 1001.8662890625; 36.013671875
2026-09-16; 11:17:45; 666; 40; 29.98; 1001.804609375; 35.6513671875
2026-09-16; 11:18:45; 668; 40; 30.03; 1001.8277734375; 35.5400390625
2026-09-16; 11:19:45; 668; 40; 29.97; 1001.7684765625; 35.4912109375
2026-09-16; 11:20:45; 578; 27; 29.91; 1001.7779296875; 35.6455078125
2026-09-16; 11:21:45; 542; 21; 29.86; 1001.76296875; 35.5849609375
2026-09-16; 11:22:45; 561; 24; 29.92; 1001.7937890625; 35.4521484375
2026-09-16; 11:23:45; 531; 19; 29.91; 1001.8624609375; 35.4736328125
2026-09-16; 11:24:45; 492; 14; 29.95; 1001.821328125; 35.5693359375
2026-09-16; 11:25:45; 492; 14; 30.03; 1001.7995703125; 35.42578125
2026-09-16; 11:26:45; 466; 10; 29.94; 1001.769375; 34.99609375
2026-09-16; 11:27:45; 415; 2; 30.07; 1001.8350390625; 34.560546875
2026-09-16; 11:28:45; 400; 0; 30.21; 1001.832265625; 34.044921875
2026-09-16; 11:29:45; 401; 0; 30.31; 1001.74953125; 34.189453125
2026-09-16; 11:30:45; 400; 0; 30.24; 1001.81546875; 33.7138671875
2026-09-16; 11:31:45; 405; 0; 30.2; 1001.8366796875; 33.4482421875
2026-09-16; 11:32:45; 400; 0; 30.23; 1001.8639453125; 33.015625
2026-09-16; 11:33:45; 401; 0; 30.41; 1001.831875; 32.7880859375
2026-09-16; 11:34:45; 500; 15; 30.58; 1001.80375; 32.41015625
2026-09-16; 11:35:45; 463; 9; 30.59; 1001.79140625; 32.4912109375
2026-09-16; 11:36:45; 455; 8; 30.6; 1001.843359375; 32.6650390625
2026-09-16; 11:37:45; 445; 6; 30.36; 1001.8854296875; 33.150390625
2026-09-16; 11:38:45; 470; 10; 30.07; 1001.8350390625; 34.068359375
2026-09-16; 11:39:45; 531; 19; 30.17; 1001.8531640625; 34.0185546875
2026-09-16; 11:40:45; 637; 36; 30.24; 1001.90796875; 34.05859375
2026-09-16; 11:41:45; 646; 37; 30.14; 1001.91046875; 33.787109375
2026-09-16; 11:42:45; 742; 52; 30.18; 1001.8972265625; 34.2490234375
2026-09-16; 11:43:45; 785; 58; 30.28; 1001.899453125; 33.751953125
2026-09-16; 11:44:45; 853; 69; 30.46; 1001.8828515625; 33.3994140625
2026-09-16; 11:45:45; 923; 79; 30.51; 1001.8980078125; 33.3798828125
2026-09-16; 11:46:45; 970; 86; 30.61; 1001.8312890625; 33.2607421875
2026-09-16; 11:47:45; 1017; 93; 30.74; 1001.88875; 32.7998046875
2026-09-16; 11:48:45; 1035; 96; 30.75; 1001.9128125; 32.927734375
2026-09-16; 11:49:45; 1093; 105; 30.76; 1001.9004296875; 32.9169921875
2026-09-16; 11:50:45; 1238; 127; 30.82; 1001.9234765625; 32.8525390625
2026-09-16; 11:51:45; 1436; 157; 30.9; 1001.888984375; 32.365234375
2026-09-16; 11:52:45; 1404; 152; 30.88; 1001.849140625; 32.0078125
2026-09-16; 11:53:46; 1122; 109; 30.88; 1001.905546875; 31.9736328125
2026-09-16; 11:54:46; 945; 83; 30.88; 1001.85703125; 32.0078125
2026-09-16; 11:55:46; 945; 83; 30.82; 1001.84671875; 31.9462890625
2026-09-16; 11:56:46; 933; 81; 30.77; 1001.8801171875; 31.6337890625
2026-09-16; 11:57:46; 749; 53; 30.68; 1001.906640625; 31.283203125
2026-09-16; 11:58:46; 653; 38; 30.64; 1001.92734375; 31.4404296875
2026-09-16; 11:59:46; 626; 34; 30.62; 1001.931796875; 31.4052734375
2026-09-16; 12:00:46; 565; 25; 30.71; 1001.9338671875; 31.1708984375
2026-09-16; 12:01:46; 561; 24; 30.71; 1001.8694921875; 31.2275390625
2026-09-16; 12:02:46; 570; 25; 30.73; 1001.929375; 31.0908203125
2026-09-16; 12:03:46; 561; 24; 30.64; 1001.99171875; 30.9248046875
2026-09-16; 12:04:46; 519; 18; 30.64; 1001.90703125; 30.970703125
2026-09-16; 12:05:46; 483; 12; 30.5; 1001.9668359375; 30.845703125
2026-09-16; 12:06:46; 473; 11; 30.62; 1001.931796875; 30.728515625
2026-09-16; 12:07:46; 473; 11; 30.63; 1001.88328125; 30.5693359375
2026-09-16; 12:08:46; 463; 9; 30.7; 1001.8898046875; 30.52734375
2026-09-16; 12:09:46; 411; 1; 30.74; 1002.0016796875; 30.08203125
2026-09-16; 12:10:46; 400; 0; 30.9; 1001.9940234375; 30.0009765625
2026-09-16; 12:11:46; 400; 0; 30.8; 1001.92765625; 30.029296875
2026-09-16; 12:12:46; 400; 0; 30.88; 1002.02640625; 29.86328125
2026-09-16; 12:13:46; 400; 0; 30.91; 1001.98953125; 29.8642578125
2026-09-16; 12:14:46; 413; 1; 30.98; 1001.9312890625; 29.845703125
2026-09-16; 12:15:46; 405; 0; 30.93; 1001.99296875; 29.7626953125
2026-09-16; 12:16:46; 400; 0; 31.0; 1001.8985546875; 29.26171875
2026-09-16; 12:17:46; 408; 1; 31.03; 1001.8695703125; 29.37890625
2026-09-16; 12:18:46; 400; 0; 31.04; 1001.7927734375; 28.9423828125
2026-09-16; 12:19:46; 400; 0; 31.02; 1001.8455078125; 28.7001953125
2026-09-16; 12:20:46; 407; 1; 31.06; 1001.8244140625; 29.05859375
2026-09-16; 12:21:46; 446; 7; 31.07; 1001.868515625; 29.3125
2026-09-16; 12:22:46; 491; 13; 31.04; 1001.82890625; 29.4599609375
2026-09-16; 12:23:46; 560; 24; 30.9; 1001.917265625; 30.1162109375
2026-09-16; 12:24:46; 674; 41; 30.85; 1001.9427734375; 30.8583984375
2026-09-16; 12:25:46; 810; 62; 31.0; 1001.793515625; 30.59375
2026-09-16; 12:26:46; 954; 84; 31.15; 1001.8824609375; 30.0751953125
2026-09-16; 12:27:46; 927; 80; 31.16; 1001.842109375; 29.41015625
2026-09-16; 12:28:46; 810; 62; 31.2; 1001.9337109375; 29.458984375
2026-09-16; 12:29:46; 572; 26; 31.22; 1001.880625; 28.4609375
2026-09-16; 12:30:46; 465; 9; 31.05; 1001.8933203125; 30.0
2026-09-16; 12:31:46; 542; 21; 31.23; 1001.9252734375; 30.0810546875
2026-09-16; 12:32:46; 517; 17; 31.28; 1001.8835546875; 29.3720703125
2026-09-16; 12:33:46; 400; 0; 31.28; 1001.96828125; 28.2919921875
2026-09-16; 12:34:46; 403; 0; 31.22; 1001.9291796875; 29.322265625
2026-09-16; 12:35:46; 400; 0; 31.38; 1001.921484375; 29.1142578125
2026-09-16; 12:36:47; 406; 0; 31.41; 1001.940703125; 29.541015625
2026-09-16; 12:37:47; 410; 1; 31.46; 1001.9071484375; 29.5439453125
2026-09-16; 12:38:47; 436; 5; 31.51; 1001.95828125; 29.36328125
2026-09-16; 12:39:47; 465; 9; 31.46; 1001.963671875; 29.521484375
2026-09-16; 12:40:47; 531; 19; 31.42; 1001.992734375; 29.7724609375
2026-09-16; 12:41:47; 612; 32; 31.43; 1001.9240625; 29.9443359375
2026-09-16; 12:42:47; 617; 33; 31.43; 1002.008828125; 29.32421875
2026-09-16; 12:43:47; 626; 34; 31.49; 1002.0190625; 29.431640625
2026-09-16; 12:44:47; 666; 40; 31.36; 1001.925703125; 29.2275390625
2026-09-16; 12:45:47; 728; 49; 31.42; 1001.9848046875; 29.5185546875
2026-09-16; 12:46:47; 715; 47; 31.43; 1002.037109375; 29.3466796875
2026-09-16; 12:47:47; 652; 38; 31.41; 1001.940703125; 28.86328125
2026-09-16; 12:48:47; 617; 33; 31.44; 1001.939921875; 28.58984375
2026-09-16; 12:49:47; 603; 30; 31.46; 1001.9998046875; 28.84375
2026-09-16; 12:50:47; 611; 32; 31.5; 1001.9421484375; 29.1220703125
2026-09-16; 12:51:47; 611; 32; 31.42; 1001.992734375; 28.51953125
2026-09-16; 12:52:47; 594; 29; 31.5; 1001.950390625; 28.6044921875
2026-09-16; 12:53:47; 536; 20; 31.46; 1001.935390625; 28.521484375
2026-09-16; 12:54:47; 524; 18; 31.48; 1001.9466796875; 28.373046875
2026-09-16; 12:55:47; 450; 7; 31.52; 1001.974140625; 28.2490234375
2026-09-16; 12:56:47; 425; 3; 31.52; 1001.9537890625; 28.0537109375
2026-09-16; 12:57:47; 403; 0; 31.47; 1001.959140625; 28.0048828125
2026-09-16; 12:58:47; 400; 0; 31.49; 1001.86984375; 28.212890625
2026-09-16; 12:59:47; 406; 0; 31.53; 1001.88484375; 28.2734375
2026-09-16; 13:00:47; 400; 0; 31.56; 1001.839609375; 27.642578125
2026-09-16; 13:01:47; 407; 1; 31.54; 1001.892734375; 28.0322265625
2026-09-16; 13:02:47; 414; 2; 31.51; 1001.853203125; 28.2265625
2026-09-16; 13:03:47; 403; 0; 31.53; 1001.9616796875; 28.134765625
2026-09-16; 13:04:47; 400; 0; 31.52; 1001.8124609375; 27.685546875
2026-09-16; 13:05:47; 400; 0; 31.54; 1001.8362109375; 27.341796875
2026-09-16; 13:06:47; 400; 0; 31.46; 1001.82234375; 27.3251953125
2026-09-16; 13:07:47; 400; 0; 31.49; 1001.86984375; 26.4306640625
2026-09-16; 13:08:47; 402; 0; 31.46; 1001.737578125; 27.37109375
2026-09-16; 13:09:47; 421; 3; 31.44; 1001.8472265625; 27.7958984375
2026-09-16; 13:10:47; 421; 3; 31.52; 1001.78421875; 27.6396484375
2026-09-16; 13:11:47; 447; 7; 31.54; 1001.8362109375; 27.951171875
2026-09-16; 13:12:47; 492; 14; 31.46; 1001.7658203125; 28.00390625
2026-09-16; 13:13:47; 567; 25; 31.54; 1001.7514453125; 27.859375
2026-09-16; 13:14:47; 650; 38; 31.57; 1001.79921875; 28.0341796875
2026-09-16; 13:15:47; 733; 50; 31.62; 1001.81390625; 27.9443359375
2026-09-16; 13:16:47; 821; 64; 31.57; 1001.7505859375; 28.103515625
2026-09-16; 13:17:47; 933; 81; 31.58; 1001.7019921875; 28.01171875
2026-09-16; 13:18:47; 1056; 99; 31.62; 1001.7855859375; 28.09375
2026-09-16; 13:19:48; 1178; 118; 31.61; 1001.7494140625; 28.0478515625
2026-09-16; 13:20:48; 1324; 140; 31.63; 1001.7528125; 27.98046875
2026-09-16; 13:21:48; 1503; 174; 31.64; 1001.7971875; 28.119140625
2026-09-16; 13:22:48; 1560; 215; 31.67; 1001.81640625; 28.0400390625
2026-09-16; 13:23:48; 1612; 257; 31.68; 1001.7677734375; 27.994140625
2026-09-16; 13:24:48; 1668; 307; 31.69; 1001.6987890625; 28.1103515625
2026-09-16; 13:25:48; 1730; 367; 31.73; 1001.7341015625; 28.009765625
2026-09-16; 13:26:48; 1785; 434; 31.71; 1001.730703125; 27.99609375
2026-09-16; 13:27:48; 1847; 511; 31.72; 1001.754453125; 28.08984375
2026-09-16; 13:28:48; 1910; 599; 31.71; 1001.730703125; 28.0654296875
2026-09-16; 13:29:48; 1973; 700; 31.73; 1001.7058203125; 28.1015625
2026-09-16; 13:30:48; 2035; 810; 31.69; 1001.7349609375; 28.1328125
2026-09-16; 13:31:48; 2106; 933; 31.72; 1001.6051953125; 28.134765625
2026-09-16; 13:32:48; 2166; 1062; 31.74; 1001.6368359375; 28.1591796875
2026-09-16; 13:33:48; 2230; 1202; 31.73; 1001.621015625; 28.1357421875
2026-09-16; 13:34:48; 2279; 1315; 31.69; 1001.6422265625; 28.1787109375
2026-09-16; 13:35:48; 2351; 1466; 31.71; 1001.6458984375; 28.19140625
2026-09-16; 13:36:48; 2421; 1618; 31.73; 1001.6289453125; 28.1474609375
2026-09-16; 13:37:48; 2507; 1799; 31.73; 1001.7623828125; 28.1474609375
2026-09-16; 13:38:48; 2584; 1961; 31.74; 1001.7295703125; 28.125
2026-09-16; 13:39:48; 2676; 2159; 31.73; 1001.71375; 28.1708984375
2026-09-16; 13:40:48; 2770; 2370; 31.74; 1001.7781640625; 28.1357421875
2026-09-16; 13:41:48; 2857; 2559; 31.72; 1001.69; 28.2041015625
2026-09-16; 13:42:48; 2968; 2786; 31.73; 1001.6854296875; 28.181640625
2026-09-16; 13:43:48; 3075; 3010; 31.67; 1001.7598828125; 28.3046875
2026-09-16; 13:44:48; 3168; 3206; 31.68; 1001.6908984375; 28.2939453125
2026-09-16; 13:45:48; 3285; 3467; 31.68; 1001.71125; 28.2705078125
2026-09-16; 13:46:48; 3386; 3686; 31.72; 1001.726171875; 28.2734375
2026-09-16; 13:47:48; 3517; 3960; 31.67; 1001.7033203125; 28.31640625
2026-09-16; 13:48:48; 3623; 4173; 31.73; 1001.790625; 28.3203125
2026-09-16; 13:49:48; 3721; 4397; 31.71; 1001.7669140625; 28.294921875
2026-09-16; 13:50:48; 3833; 4654; 31.73; 1001.7623828125; 28.3203125
2026-09-16; 13:51:48; 3966; 4927; 31.71; 1001.815546875; 28.306640625
2026-09-16; 13:52:48; 4074; 5173; 31.69; 1001.7915234375; 28.3291015625
2026-09-16; 13:53:48; 4240; 5495; 31.7; 1001.771171875; 28.478515625
2026-09-16; 13:54:48; 4408; 5866; 31.66; 1001.6875; 28.0966796875
2026-09-16; 13:55:48; 4124; 5249; 31.48; 1001.664140625; 27.4306640625
2026-09-16; 13:56:48; 3753; 4458; 31.43; 1001.6615625; 27.1396484375
2026-09-16; 13:57:48; 3306; 3507; 31.38; 1001.7033984375; 26.7578125
2026-09-16; 13:58:48; 2952; 2745; 31.34; 1001.6883984375; 26.6396484375
2026-09-16; 13:59:48; 2603; 2007; 31.26; 1001.767109375; 26.4404296875
2026-09-16; 14:00:48; 2349; 1457; 31.21; 1001.74390625; 26.40234375
2026-09-16; 14:01:48; 2126; 976; 31.2; 1001.78453125; 26.2177734375
2026-09-16; 14:02:49; 1935; 641; 31.16; 1001.777421875; 26.2958984375
2026-09-16; 14:03:49; 1778; 425; 31.13; 1001.7864453125; 26.328125
2026-09-16; 14:04:49; 1641; 283; 31.15; 1001.8745703125; 26.1806640625
2026-09-16; 14:05:49; 1514; 181; 31.13; 1001.899375; 26.224609375
2026-09-16; 14:06:49; 1201; 122; 31.13; 1001.8429296875; 26.2822265625
2026-09-16; 14:07:49; 1095; 105; 30.98; 1001.9312890625; 27.6533203125
2026-09-16; 14:08:49; 977; 87; 31.03; 1001.8130859375; 26.7490234375
2026-09-16; 14:09:49; 907; 77; 31.08; 1001.799609375; 26.6591796875
2026-09-16; 14:10:49; 900; 76; 31.12; 1001.8553125; 26.55859375
2026-09-16; 14:11:49; 920; 79; 31.13; 1001.8146484375; 26.546875
2026-09-16; 14:12:49; 942; 82; 31.17; 1001.745; 26.4921875
2026-09-16; 14:13:49; 954; 84; 31.23; 1001.7840625; 26.611328125
2026-09-16; 14:14:49; 990; 89; 31.23; 1001.7196484375; 26.4501953125
2026-09-16; 14:15:49; 1019; 94; 31.23; 1001.727578125; 26.5419921875
2026-09-16; 14:16:49; 1134; 111; 31.28; 1001.7140234375; 26.44140625
2026-09-16; 14:17:49; 1191; 120; 31.25; 1001.75921875; 26.5439453125
2026-09-16; 14:18:49; 1310; 138; 31.26; 1001.7185546875; 26.486328125
2026-09-16; 14:19:49; 1458; 161; 31.25; 1001.7309765625; 26.56640625
2026-09-16; 14:20:49; 1527; 190; 31.25; 1001.7309765625; 26.669921875
2026-09-16; 14:21:49; 1595; 242; 31.23; 1001.6145703125; 26.703125
2026-09-16; 14:22:49; 1641; 283; 31.25; 1001.702734375; 26.6240234375
2026-09-16; 14:23:49; 1682; 321; 31.24; 1001.6507421875; 26.73828125
2026-09-16; 14:24:49; 1744; 385; 31.25; 1001.6744921875; 26.7158203125
2026-09-16; 14:25:49; 1805; 456; 31.27; 1001.64171875; 26.7275390625
2026-09-16; 14:26:49; 1867; 540; 31.26; 1001.541171875; 26.7392578125
2026-09-16; 14:27:49; 1935; 641; 31.27; 1001.6778515625; 26.8203125
2026-09-16; 14:28:49; 2003; 753; 31.28; 1001.6371875; 26.8095703125
2026-09-16; 14:29:49; 2076; 872; 31.28; 1001.601015625; 26.740234375
2026-09-16; 14:30:49; 2138; 1005; 31.27; 1001.585234375; 26.900390625
2026-09-16; 14:31:49; 2218; 1184; 31.29; 1001.616875; 26.9248046875
2026-09-16; 14:32:49; 2315; 1390; 31.3; 1001.6047265625; 26.9248046875
2026-09-16; 14:33:49; 2407; 1588; 31.28; 1001.5728125; 27.0615234375
2026-09-16; 14:34:49; 2513; 1804; 31.27; 1001.6134765625; 27.107421875
2026-09-16; 14:35:49; 2603; 2007; 31.25; 1001.5897265625; 27.095703125
2026-09-16; 14:36:49; 2715; 2257; 31.24; 1001.6224609375; 27.2431640625
2026-09-16; 14:37:49; 2851; 2547; 31.24; 1001.678984375; 27.2900390625
2026-09-16; 14:38:49; 2989; 2829; 31.23; 1001.6348828125; 27.369140625
2026-09-16; 14:39:49; 3123; 3116; 31.26; 1001.6258984375; 27.4404296875
2026-09-16; 14:40:49; 3250; 3394; 31.27; 1001.593125; 27.3603515625
2026-09-16; 14:41:49; 3373; 3651; 31.28; 1001.6371875; 27.384765625
2026-09-16; 14:42:49; 3490; 3897; 31.29; 1001.5403125; 27.4423828125
2026-09-16; 14:43:49; 3602; 4137; 31.31; 1001.5640625; 27.4892578125
2026-09-16; 14:44:49; 3708; 4367; 31.28; 1001.4959765625; 27.44140625
2026-09-16; 14:45:50; 3823; 4606; 31.28; 1001.54453125; 27.44140625
2026-09-16; 14:46:50; 3914; 4814; 31.27; 1001.585234375; 27.509765625
2026-09-16; 14:47:50; 4051; 5122; 31.27; 1001.5648828125; 27.4990234375
2026-09-16; 14:48:50; 4188; 5374; 31.28; 1001.5162890625; 27.509765625
2026-09-16; 14:49:50; 4325; 5663; 31.3; 1001.527890625; 27.4541015625
2026-09-16; 14:50:50; 4408; 5866; 31.3; 1001.6047265625; 27.4541015625
2026-09-16; 14:51:50; 4515; 6087; 31.27; 1001.593125; 27.5673828125
2026-09-16; 14:52:50; 4607; 6297; 31.26; 1001.512890625; 27.5205078125
2026-09-16; 14:53:50; 4754; 6604; 31.25; 1001.5897265625; 27.6474609375
2026-09-16; 14:54:50; 4829; 6770; 31.24; 1001.6021484375; 27.611328125
2026-09-16; 14:55:50; 4975; 7058; 31.22; 1001.569921875; 27.65625
2026-09-16; 14:56:50; 5081; 7296; 31.22; 1001.6184765625; 27.7138671875
2026-09-16; 14:57:50; 5170; 7486; 31.22; 1001.590234375; 27.759765625
2026-09-16; 14:58:50; 5260; 7674; 31.24; 1001.566015625; 27.7265625
2026-09-16; 14:59:50; 5392; 7960; 31.22; 1001.590234375; 27.759765625
2026-09-16; 15:00:50; 5481; 8179; 31.21; 1001.5744140625; 27.748046875
2026-09-16; 15:01:50; 5585; 8384; 31.2; 1001.55859375; 27.8154296875
2026-09-16; 15:02:50; 5689; 8624; 31.2; 1001.473828125; 27.7919921875
2026-09-16; 15:03:50; 5765; 8779; 31.16; 1001.5796875; 27.859375
2026-09-16; 15:04:50; 5888; 9019; 31.15; 1001.4870703125; 27.8818359375
2026-09-16; 15:05:50; 5996; 9258; 31.15; 1001.571796875; 27.892578125
2026-09-16; 15:06:50; 6047; 9345; 31.15; 1001.507421875; 27.9501953125
2026-09-16; 15:07:50; 6126; 9521; 31.13; 1001.56046875; 27.9833984375
2026-09-16; 15:08:50; 6247; 9796; 31.1; 1001.5209375; 27.982421875
2026-09-16; 15:09:50; 6385; 10082; 31.08; 1001.509296875; 28.0263671875
2026-09-16; 15:10:50; 6484; 10312; 31.08; 1001.4810546875; 28.0263671875
2026-09-16; 15:11:50; 6573; 10501; 31.09; 1001.4686328125; 28.0615234375
2026-09-16; 15:12:50; 6614; 10581; 31.06; 1001.4573046875; 28.10546875
2026-09-16; 15:13:50; 6665; 10691; 31.05; 1001.5058984375; 28.1396484375
2026-09-16; 15:14:50; 6775; 10935; 31.05; 1001.5262109375; 28.1396484375
2026-09-16; 15:15:50; 6821; 11019; 31.04; 1001.5465234375; 28.1396484375
2026-09-16; 15:16:50; 6942; 11260; 31.06; 1001.54203125; 28.10546875
2026-09-16; 15:17:50; 7036; 11484; 31.04; 1001.6030078125; 28.162109375
2026-09-16; 15:18:50; 7097; 11615; 31.05; 1001.554453125; 28.185546875
2026-09-16; 15:19:50; 7152; 11733; 31.03; 1001.5589453125; 28.1962890625
2026-09-16; 15:20:50; 7269; 11972; 31.01; 1001.555234375; 28.171875
2026-09-16; 15:21:50; 7332; 12107; 30.99; 1001.5156640625; 28.2626953125
2026-09-16; 15:22:50; 7403; 12252; 31.01; 1001.49875; 28.2177734375
2026-09-16; 15:23:50; 7508; 12482; 31.02; 1001.543125; 28.1953125
2026-09-16; 15:24:50; 7587; 12622; 31.02; 1001.506640625; 28.275390625
2026-09-16; 15:25:50; 7647; 12779; 31.0; 1001.4829296875; 28.3095703125
2026-09-16; 15:26:50; 7647; 12779; 30.99; 1001.551796875; 28.30859375
2026-09-16; 15:27:50; 7713; 12966; 30.99; 1001.572109375; 28.296875
2026-09-16; 15:28:51; 7833; 13190; 30.97; 1001.5122265625; 28.3525390625
2026-09-16; 15:29:51; 7833; 13190; 30.99; 1001.54390625; 28.3544921875
2026-09-16; 15:30:51; 7905; 13369; 31.0; 1001.5032421875; 28.388671875
2026-09-16; 15:31:51; 7982; 13517; 31.0; 1001.531484375; 28.30859375
2026-09-16; 15:32:51; 8044; 13675; 30.99; 1001.4953125; 28.3779296875
2026-09-16; 15:33:51; 8106; 13808; 31.0; 1001.5597265625; 28.33203125
2026-09-16; 15:34:51; 8200; 13960; 31.0; 1001.644453125; 28.400390625
2026-09-16; 15:35:51; 8280; 14130; 30.99; 1001.551796875; 28.4462890625
2026-09-16; 15:36:51; 8280; 14130; 31.01; 1001.7246484375; 28.4013671875
2026-09-16; 15:37:51; 8376; 14311; 31.04; 1001.7362890625; 28.3798828125
2026-09-16; 15:38:51; 8376; 14311; 31.03; 1001.7204296875; 28.40234375
2026-09-16; 15:39:51; 8441; 14485; 31.0; 1001.7573828125; 28.4462890625
2026-09-16; 15:40:51; 8530; 14660; 30.99; 1001.7980078125; 28.46875
2026-09-16; 15:41:51; 8602; 14818; 31.0; 1001.926796875; 28.4814453125
2026-09-16; 15:42:51; 8602; 14818; 30.99; 1001.9391796875; 28.5146484375
2026-09-16; 15:43:51; 8676; 14980; 30.96; 1001.97640625; 28.5478515625
2026-09-16; 15:44:51; 8676; 14980; 30.97; 1001.9640234375; 28.513671875
2026-09-16; 15:45:51; 8768; 15186; 30.96; 1001.95609375; 28.59375
2026-09-16; 15:46:51; 8768; 15186; 30.98; 1002.0080859375; 28.5830078125
2026-09-16; 15:47:51; 8768; 15186; 30.97; 1001.9640234375; 28.60546875
2026-09-16; 15:48:51; 8853; 15369; 30.97; 1001.9437109375; 28.5712890625
2026-09-16; 15:49:51; 8953; 15551; 31.0; 1002.0758984375; 28.5966796875
2026-09-16; 15:50:51; 8953; 15551; 30.95; 1001.99671875; 28.6162109375
2026-09-16; 15:51:51; 8953; 15551; 30.92; 1002.005390625; 28.7060546875
2026-09-16; 15:52:51; 9031; 15737; 30.98; 1002.0362890625; 28.640625
2026-09-16; 15:53:51; 9031; 15737; 30.96; 1002.117578125; 28.697265625
2026-09-16; 15:54:51; 9119; 15948; 30.96; 1002.06109375; 28.7080078125
2026-09-16; 15:55:51; 9119; 15948; 30.89; 1002.127265625; 28.7724609375
2026-09-16; 15:56:51; 9119; 15948; 30.92; 1002.1465234375; 28.728515625
2026-09-16; 15:57:51; 9119; 15948; 30.89; 1002.15546875; 28.7958984375
2026-09-16; 15:58:51; 9119; 15948; 30.89; 1002.15546875; 28.7724609375
2026-09-16; 15:59:51; 9119; 15948; 30.85; 1002.120078125; 28.8623046875
2026-09-16; 16:00:51; 9216; 16157; 30.89; 1002.147578125; 28.830078125
2026-09-16; 16:01:51; 9216; 16157; 30.9; 1002.171328125; 28.8193359375
2026-09-16; 16:02:51; 9216; 16157; 30.86; 1002.1562109375; 28.8740234375
2026-09-16; 16:03:51; 9216; 16157; 30.91; 1002.130703125; 28.8203125
2026-09-16; 16:04:51; 9216; 16157; 30.86; 1002.12796875; 28.8857421875
2026-09-16; 16:05:52; 9324; 16347; 30.95; 1002.073203125; 28.7998046875
2026-09-16; 16:06:52; 9324; 16347; 30.92; 1002.1386328125; 28.8544921875
2026-09-16; 16:07:52; 9324; 16347; 30.94; 1002.15; 28.822265625
2026-09-16; 16:08:52; 9324; 16347; 30.89; 1002.17578125; 28.8984375
2026-09-16; 16:09:53; 9324; 16347; 30.86; 1002.1562109375; 28.9541015625
2026-09-16; 16:10:53; 9324; 16347; 30.9; 1002.171328125; 28.9228515625
2026-09-16; 16:11:53; 9410; 16560; 30.83; 1002.22953125; 29.033203125
2026-09-16; 16:12:53; 9410; 16560; 30.81; 1002.16140625; 29.0771484375
2026-09-16; 16:13:53; 9410; 16560; 30.88; 1002.244375; 28.978515625
2026-09-16; 16:14:53; 9410; 16560; 30.87; 1002.228515625; 29.0126953125
2026-09-16; 16:15:53; 9511; 16775; 30.88; 1002.2240234375; 28.9794921875
2026-09-16; 16:16:53; 9511; 16775; 30.89; 1002.232265625; 28.9794921875
2026-09-16; 16:17:53; 9511; 16775; 30.85; 1002.1968359375; 29.044921875
2026-09-16; 16:18:53; 9511; 16775; 30.83; 1002.2859765625; 29.033203125
2026-09-16; 16:19:53; 9511; 16775; 30.79; 1002.250546875; 29.099609375
2026-09-16; 16:20:53; 9511; 16775; 30.79; 1002.250546875; 29.111328125
2026-09-16; 16:21:53; 9410; 16560; 30.81; 1002.3025390625; 29.123046875
2026-09-16; 16:22:53; 9410; 16560; 30.82; 1002.2983984375; 29.078125
2026-09-16; 16:23:53; 9511; 16775; 30.81; 1002.2822265625; 29.1240234375
2026-09-16; 16:24:53; 9410; 16560; 30.85; 1002.31765625; 29.068359375
2026-09-16; 16:25:53; 9511; 16775; 30.83; 1002.2216015625; 29.08984375
2026-09-16; 16:26:53; 9511; 16775; 30.81; 1002.274296875; 29.1455078125
2026-09-16; 16:27:53; 9511; 16775; 30.8; 1002.2301953125; 29.111328125
2026-09-16; 16:28:53; 9410; 16560; 30.75; 1002.2436328125; 29.22265625
2026-09-16; 16:29:53; 9410; 16560; 30.78; 1002.3273046875; 29.16796875
2026-09-16; 16:30:53; 9511; 16775; 30.77; 1002.3317578125; 29.1787109375
2026-09-16; 16:31:53; 9511; 16775; 30.82; 1002.3469140625; 29.1357421875
2026-09-16; 16:32:53; 9511; 16775; 30.82; 1002.383046875; 29.1357421875
2026-09-16; 16:33:53; 9511; 16775; 30.83; 1002.3909765625; 29.1357421875
2026-09-16; 16:34:53; 9511; 16775; 30.82; 1002.383046875; 29.1357421875
2026-09-16; 16:35:53; 9511; 16775; 30.83; 1002.4553515625; 29.1015625
2026-09-16; 16:36:53; 9410; 16560; 30.82; 1002.4112890625; 29.1357421875
2026-09-16; 16:37:53; 9511; 16775; 30.85; 1002.4791015625; 29.1025390625
2026-09-16; 16:38:53; 9511; 16775; 30.88; 1002.4216796875; 29.0712890625
2026-09-16; 16:39:53; 9410; 16560; 30.78; 1002.3758203125; 29.14453125
2026-09-16; 16:40:53; 9410; 16560; 30.8; 1002.5125; 29.1220703125
2026-09-16; 16:41:53; 9410; 16560; 30.8; 1002.399609375; 29.087890625
2026-09-16; 16:42:53; 9410; 16560; 30.77; 1002.3961328125; 29.1669921875
2026-09-16; 16:43:53; 9410; 16560; 30.8; 1002.463984375; 29.1572265625
2026-09-16; 16:44:53; 9410; 16560; 30.76; 1002.4287890625; 29.2236328125
2026-09-16; 16:45:53; 9410; 16560; 30.75; 1002.364453125; 29.2236328125
2026-09-16; 16:46:53; 9410; 16560; 30.81; 1002.358984375; 29.1455078125
2026-09-16; 16:47:53; 9410; 16560; 30.73; 1002.3244921875; 29.2333984375
2026-09-16; 16:48:53; 9324; 16347; 30.71; 1002.328984375; 29.2666015625
2026-09-16; 16:49:53; 9324; 16347; 30.77; 1002.3035546875; 29.1787109375
2026-09-16; 16:50:53; 9324; 16347; 30.7; 1002.3413671875; 29.27734375
2026-09-16; 16:51:53; 9324; 16347; 30.76; 1002.2876953125; 29.177734375
2026-09-16; 16:52:54; 9324; 16347; 30.74; 1002.312109375; 29.2109375
2026-09-16; 16:53:54; 9216; 16157; 30.73; 1002.2477734375; 29.1533203125
2026-09-16; 16:54:54; 9119; 15948; 30.66; 1002.29765625; 29.3310546875
2026-09-16; 16:55:54; 9216; 16157; 30.65; 1002.281796875; 29.3544921875
2026-09-16; 16:56:54; 9216; 16157; 30.68; 1002.2814453125; 29.310546875
2026-09-16; 16:57:54; 9216; 16157; 30.65; 1002.31796875; 29.3203125
2026-09-16; 16:58:54; 9216; 16157; 30.67; 1002.293515625; 29.35546875
2026-09-16; 16:59:54; 9216; 16157; 30.66; 1002.29765625; 29.3310546875
2026-09-16; 17:00:54; 9216; 16157; 30.67; 1002.2855859375; 29.34375
2026-09-16; 17:01:54; 9216; 16157; 30.65; 1002.2615234375; 29.3662109375
2026-09-16; 17:02:54; 9216; 16157; 30.62; 1002.290703125; 29.375
2026-09-16; 17:03:54; 9216; 16157; 30.62; 1002.3189453125; 29.38671875
2026-09-16; 17:04:54; 9216; 16157; 30.66; 1002.29765625; 29.3544921875
2026-09-16; 17:05:54; 9216; 16157; 30.67; 1002.3702734375; 29.3212890625
2026-09-16; 17:06:54; 9216; 16157; 30.61; 1002.2828125; 29.3974609375
2026-09-16; 17:07:54; 9216; 16157; 30.63; 1002.2580859375; 29.3876953125
2026-09-16; 17:08:54; 9216; 16157; 30.62; 1002.18578125; 29.2607421875
2026-09-16; 17:09:54; 9119; 15948; 30.6; 1002.2384375; 29.443359375
2026-09-16; 17:10:54; 9216; 16157; 30.58; 1002.263203125; 29.46484375
2026-09-16; 17:11:54; 9216; 16157; 30.58; 1002.1987890625; 29.44140625
2026-09-16; 17:12:54; 9216; 16157; 30.63; 1002.2501171875; 29.3642578125
2026-09-16; 17:13:54; 9216; 16157; 30.64; 1002.1248828125; 29.3642578125
2026-09-16; 17:14:54; 9119; 15948; 30.66; 1002.192734375; 29.34375
2026-09-16; 17:15:54; 9216; 16157; 30.68; 1002.196796875; 29.298828125
2026-09-16; 17:16:54; 9119; 15948; 30.68; 1002.1685546875; 29.287109375
2026-09-16; 17:17:54; 9119; 15948; 30.64; 1002.2174609375; 29.365234375
2026-09-16; 17:18:54; 9119; 15948; 30.63; 1002.16546875; 29.3642578125
2026-09-16; 17:19:54; 9119; 15948; 30.61; 1002.0770703125; 29.419921875
2026-09-16; 17:20:54; 9216; 16157; 30.64; 1002.20953125; 29.341796875
2026-09-16; 17:21:54; 9216; 16157; 30.84; 1002.1809765625; 29.1142578125
2026-09-16; 17:22:54; 9216; 16157; 30.86; 1002.21265625; 29.0693359375
2026-09-16; 17:23:54; 9216; 16157; 30.97; 1002.1898828125; 28.892578125
2026-09-16; 17:24:54; 9119; 15948; 30.98; 1002.2136328125; 28.8818359375
2026-09-16; 17:25:54; 9119; 15948; 31.01; 1002.1764453125; 28.861328125
2026-09-16; 17:26:54; 9216; 16157; 31.05; 1002.240078125; 28.8291015625
2026-09-16; 17:27:54; 9216; 16157; 31.09; 1002.259375; 28.78515625
2026-09-16; 17:28:54; 9216; 16157; 31.16; 1002.1810546875; 28.6982421875
2026-09-16; 17:29:54; 9324; 16347; 31.16; 1002.209296875; 28.7099609375
2026-09-16; 17:30:54; 9324; 16347; 31.13; 1002.2665234375; 28.70703125
2026-09-16; 17:31:54; 9324; 16347; 31.1; 1002.247265625; 28.740234375
2026-09-16; 17:32:54; 9324; 16347; 31.12; 1002.250703125; 28.775390625
2026-09-16; 17:33:54; 9324; 16347; 31.14; 1002.2620703125; 28.7314453125
2026-09-16; 17:34:55; 9324; 16347; 31.13; 1002.1897265625; 28.70703125
2026-09-16; 17:35:55; 9410; 16560; 31.17; 1002.2816015625; 28.67578125
2026-09-16; 17:36:55; 9410; 16560; 31.26; 1002.22703125; 28.5556640625
2026-09-16; 17:37:55; 9410; 16560; 31.26; 1002.2755859375; 28.578125
2026-09-16; 17:38:55; 9511; 16775; 31.28; 1002.258671875; 28.6259765625
2026-09-16; 17:39:55; 9324; 16347; 31.3; 1002.17765625; 28.4892578125
2026-09-16; 17:40:55; 9324; 16347; 31.26; 1002.3117578125; 28.58984375
2026-09-16; 17:41:55; 9410; 16560; 31.26; 1002.2191015625; 28.6240234375
2026-09-16; 17:42:55; 9511; 16775; 31.23; 1002.1716015625; 28.65625
2026-09-16; 17:43:55; 9511; 16775; 31.28; 1002.194296875; 28.63671875
2026-09-16; 17:44:55; 9511; 16775; 31.17; 1002.2533984375; 28.8017578125
2026-09-16; 17:45:55; 9612; 17003; 31.18; 1002.2612890625; 28.8017578125
2026-09-16; 17:46:55; 9612; 17003; 31.14; 1002.2055859375; 28.892578125
2026-09-16; 17:47:55; 9715; 17223; 31.15; 1002.2699609375; 28.880859375
2026-09-16; 17:48:55; 9715; 17223; 31.16; 1002.257578125; 28.892578125
2026-09-16; 17:49:55; 9715; 17223; 31.15; 1002.1931640625; 28.869140625
2026-09-16; 17:50:55; 9715; 17223; 31.13; 1002.2744921875; 28.9140625
2026-09-16; 17:51:55; 9830; 17443; 31.12; 1002.19421875; 28.9130859375
2026-09-16; 17:52:55; 9830; 17443; 31.13; 1002.2383203125; 28.9130859375
2026-09-16; 17:53:55; 9830; 17443; 31.05; 1002.240078125; 29.0126953125
2026-09-16; 17:54:55; 9830; 17443; 31.05; 1002.240078125; 28.9326171875
2026-09-16; 17:55:55; 9830; 17443; 31.07; 1002.1508984375; 28.9912109375
2026-09-16; 17:56:55; 9830; 17443; 31.07; 1002.2073828125; 29.0029296875
2026-09-16; 17:57:55; 9830; 17443; 31.07; 1002.235625; 28.8876953125
2026-09-16; 17:58:55; 9953; 17679; 31.08; 1002.18703125; 28.9794921875
2026-09-16; 17:59:55; 9953; 17679; 31.1; 1002.2190234375; 28.935546875
2026-09-16; 18:00:55; 9953; 17679; 31.07; 1002.199453125; 28.9677734375
2026-09-16; 18:01:55; 9953; 17679; 31.08; 1002.1384765625; 28.888671875
2026-09-16; 18:02:55; 9953; 17679; 31.0; 1002.1323828125; 29.0439453125
2026-09-16; 18:03:55; 9953; 17679; 31.02; 1002.184375; 29.021484375
2026-09-16; 18:04:55; 10060; 17906; 31.01; 1002.1764453125; 29.021484375
2026-09-16; 18:05:55; 10060; 17906; 31.03; 1002.172265625; 28.98828125
2026-09-16; 18:06:55; 10060; 17906; 31.03; 1002.172265625; 28.9990234375
2026-09-16; 18:07:55; 10060; 17906; 31.11; 1002.15015625; 28.912109375
2026-09-16; 18:08:55; 9953; 17679; 31.13; 1002.181796875; 28.8564453125
2026-09-16; 18:09:55; 9953; 17679; 31.1; 1002.17046875; 28.923828125
2026-09-16; 18:10:55; 9953; 17679; 31.09; 1002.21109375; 28.912109375
2026-09-16; 18:11:55; 9953; 17679; 31.13; 1002.1897265625; 28.845703125
2026-09-16; 18:12:55; 9953; 17679; 31.1; 1002.19078125; 28.84375
2026-09-16; 18:13:55; 9953; 17679; 31.08; 1002.1949609375; 28.876953125
2026-09-16; 18:14:55; 9953; 17679; 31.1; 1002.1421875; 28.8896484375
2026-09-16; 18:15:55; 9830; 17443; 31.05; 1002.18359375; 28.8974609375
2026-09-16; 18:16:55; 9830; 17443; 31.04; 1002.216328125; 28.9423828125
2026-09-16; 18:17:56; 9953; 17679; 31.02; 1002.2208203125; 28.884765625
2026-09-16; 18:18:56; 9830; 17443; 31.07; 1002.179140625; 28.8759765625
2026-09-16; 18:19:56; 9953; 17679; 31.08; 1002.2514453125; 28.888671875
2026-09-16; 18:20:56; 9830; 17443; 31.1; 1002.1421875; 28.8203125
2026-09-16; 18:21:56; 9830; 17443; 31.15; 1002.1569921875; 28.8115234375
2026-09-16; 18:22:56; 9953; 17679; 31.15; 1002.1569921875; 28.77734375
2026-09-16; 18:23:56; 9830; 17443; 31.08; 1002.130546875; 28.8876953125
2026-09-16; 18:24:56; 9953; 17679; 31.1; 1002.2551953125; 28.80859375
2026-09-16; 18:25:56; 9830; 17443; 31.07; 1002.114765625; 28.978515625
2026-09-16; 18:26:56; 9953; 17679; 31.1; 1002.19078125; 28.8896484375
2026-09-16; 18:27:56; 9830; 17443; 31.09; 1002.1746484375; 28.853515625
2026-09-16; 18:28:56; 9953; 17679; 31.09; 1002.2311328125; 28.876953125
2026-09-16; 18:29:56; 9953; 17679; 31.07; 1002.199453125; 28.8984375
2026-09-16; 18:30:56; 9953; 17679; 31.07; 1002.235625; 28.91015625
2026-09-16; 18:31:56; 9953; 17679; 31.03; 1002.2851953125; 28.96484375
2026-09-16; 18:32:56; 9953; 17679; 30.99; 1002.2294921875; 28.9521484375
2026-09-16; 18:33:56; 9953; 17679; 31.04; 1002.3371875; 28.955078125
2026-09-16; 18:34:56; 9953; 17679; 31.07; 1002.3203515625; 28.95703125
2026-09-16; 18:35:56; 9953; 17679; 31.07; 1002.2638671875; 28.91015625
2026-09-16; 18:36:56; 9953; 17679; 31.04; 1002.2807421875; 28.9658203125
2026-09-16; 18:37:56; 9953; 17679; 31.0; 1002.301796875; 28.9521484375
2026-09-16; 18:38:56; 9953; 17679; 31.01; 1002.3176171875; 29.0107421875
2026-09-16; 18:39:56; 9953; 17679; 30.98; 1002.346875; 28.99609375
2026-09-16; 18:40:56; 9953; 17679; 30.91; 1002.3848046875; 29.0732421875
2026-09-16; 18:41:56; 9953; 17679; 30.94; 1002.311484375; 29.05078125
2026-09-16; 18:42:56; 9953; 17679; 30.9; 1002.276328125; 29.0947265625
2026-09-16; 18:43:56; 9953; 17679; 30.91; 1002.320390625; 29.1533203125
2026-09-16; 18:44:56; 9953; 17679; 30.87; 1002.2849609375; 29.20703125
2026-09-16; 18:45:56; 9953; 17679; 30.87; 1002.377578125; 29.150390625
2026-09-16; 18:46:56; 9953; 17679; 30.82; 1002.3266015625; 29.2041015625
2026-09-16; 18:47:56; 9953; 17679; 30.75; 1002.30796875; 29.3037109375
2026-09-16; 18:48:56; 9953; 17679; 30.72; 1002.26015625; 29.4052734375
2026-09-16; 18:49:56; 9953; 17679; 30.74; 1002.2918359375; 29.39453125
2026-09-16; 18:50:56; 9953; 17679; 30.77; 1002.36; 29.396484375
2026-09-16; 18:51:56; 9953; 17679; 30.65; 1002.3100390625; 29.572265625
2026-09-16; 18:52:56; 9953; 17679; 30.62; 1002.298671875; 29.673828125
2026-09-16; 18:53:56; 9953; 17679; 30.58; 1002.319609375; 29.728515625
2026-09-16; 18:54:56; 9953; 17679; 30.53; 1002.28859375; 29.81640625
2026-09-16; 18:55:56; 10060; 17906; 30.55; 1002.2923828125; 29.7939453125
2026-09-16; 18:56:56; 10060; 17906; 30.5; 1002.2569140625; 29.849609375
2026-09-16; 18:57:56; 10060; 17906; 30.5; 1002.2851171875; 29.849609375
2026-09-16; 18:58:56; 10060; 17906; 30.49; 1002.261328125; 29.89453125
2026-09-16; 18:59:56; 10060; 17906; 30.44; 1002.21; 29.9482421875
2026-09-16; 19:00:57; 10060; 17906; 30.41; 1002.2832421875; 30.00390625
2026-09-16; 19:01:57; 10060; 17906; 30.39; 1002.215078125; 30.025390625
2026-09-16; 19:02:57; 10060; 17906; 30.36; 1002.231875; 30.0576171875
2026-09-16; 19:03:57; 9953; 17679; 30.32; 1002.281015625; 30.158203125
2026-09-16; 19:04:57; 10060; 17906; 30.26; 1002.2137890625; 30.234375
2026-09-16; 19:05:57; 10060; 17906; 30.21; 1002.24734375; 30.2890625
2026-09-16; 19:06:57; 10060; 17906; 30.19; 1002.27171875; 30.34375
2026-09-16; 19:07:57; 10060; 17906; 30.15; 1002.2647265625; 30.3876953125
2026-09-16; 19:08:57; 10060; 17906; 30.11; 1002.2573828125; 30.453125
2026-09-16; 19:09:57; 10060; 17906; 30.07; 1002.25796875; 30.5087890625
2026-09-16; 19:10:57; 10060; 17906; 30.04; 1002.266484375; 30.541015625
2026-09-16; 19:11:57; 10060; 17906; 29.99; 1002.35640625; 30.6396484375
2026-09-16; 19:12:57; 10060; 17906; 29.97; 1002.296171875; 30.6728515625
2026-09-16; 19:13:57; 10060; 17906; 29.94; 1002.2767578125; 30.7392578125
2026-09-16; 19:14:57; 10060; 17906; 29.86; 1002.2702734375; 30.8369140625
2026-09-16; 19:15:57; 10163; 18156; 29.86; 1002.31875; 30.8603515625
2026-09-16; 19:16:57; 10060; 17906; 29.82; 1002.3475; 30.9033203125
2026-09-16; 19:17:57; 10163; 18156; 29.77; 1002.436953125; 31.013671875
2026-09-16; 19:18:57; 10163; 18156; 29.76; 1002.4131640625; 31.0595703125
2026-09-16; 19:19:57; 10163; 18156; 29.7; 1002.381953125; 31.1357421875
2026-09-16; 19:20:58; 10272; 18388; 29.64; 1002.286484375; 31.22265625
2026-09-16; 19:21:58; 10163; 18156; 29.61; 1002.387734375; 31.2783203125
2026-09-16; 19:22:58; 10163; 18156; 29.59; 1002.3559765625; 31.322265625
2026-09-16; 19:23:58; 10163; 18156; 29.53; 1002.345; 31.38671875
2026-09-16; 19:24:58; 10163; 18156; 29.5; 1002.3812890625; 31.48828125
2026-09-16; 19:25:58; 10163; 18156; 29.43; 1002.3544140625; 31.57421875
2026-09-16; 19:26:58; 10163; 18156; 29.4; 1002.3912890625; 31.6513671875
2026-09-16; 19:27:58; 10163; 18156; 29.34; 1002.4445703125; 31.728515625
2026-09-16; 19:28:58; 10163; 18156; 29.33; 1002.37234375; 31.7724609375
2026-09-16; 19:29:58; 10163; 18156; 29.26; 1002.4017578125; 31.859375
2026-09-16; 19:30:58; 10163; 18156; 29.24; 1002.3981640625; 31.9267578125
2026-09-16; 19:31:58; 10163; 18156; 29.2; 1002.3827734375; 31.9921875
2026-09-16; 19:32:58; 10163; 18156; 29.14; 1002.33125; 32.0224609375
2026-09-16; 19:33:58; 10163; 18156; 29.1; 1002.380390625; 32.1455078125
2026-09-16; 19:34:58; 10163; 18156; 29.06; 1002.429140625; 32.2119140625
2026-09-16; 19:35:58; 10272; 18388; 29.02; 1002.4216796875; 32.2880859375
2026-09-16; 19:36:58; 10163; 18156; 28.98; 1002.414453125; 32.3544921875
2026-09-16; 19:37:58; 10163; 18156; 28.93; 1002.47546875; 32.3955078125
2026-09-16; 19:38:58; 10163; 18156; 28.9; 1002.511953125; 32.4736328125
2026-09-16; 19:39:58; 10163; 18156; 28.85; 1002.460390625; 32.5498046875
2026-09-16; 19:40:58; 10163; 18156; 28.82; 1002.46875; 32.58203125
2026-09-16; 19:41:58; 10163; 18156; 28.78; 1002.497578125; 32.6591796875
2026-09-16; 19:42:59; 10163; 18156; 28.76; 1002.514140625; 32.71484375
2026-09-16; 19:43:59; 10163; 18156; 28.74; 1002.5101953125; 32.724609375
2026-09-16; 19:44:59; 10163; 18156; 28.73; 1002.5224609375; 32.7587890625
2026-09-16; 19:45:59; 10272; 18388; 28.69; 1002.5433203125; 32.8466796875
2026-09-16; 19:46:59; 10272; 18388; 28.64; 1002.5278125; 32.8896484375
2026-09-16; 19:47:59; 10272; 18388; 28.63; 1002.5602734375; 32.9560546875
2026-09-16; 19:48:59; 10272; 18388; 28.59; 1002.5605859375; 33.0107421875
2026-09-16; 19:49:59; 10272; 18388; 28.57; 1002.621171875; 33.0439453125
2026-09-16; 19:50:59; 10272; 18388; 28.57; 1002.669453125; 33.0439453125
2026-09-16; 19:51:59; 10272; 18388; 28.52; 1002.59765625; 33.1201171875
2026-09-16; 19:52:59; 10272; 18388; 28.5; 1002.7065234375; 33.1865234375
2026-09-16; 19:53:59; 10272; 18388; 28.44; 1002.695234375; 33.2392578125
2026-09-16; 19:54:59; 10272; 18388; 28.42; 1002.7680078125; 33.3056640625
2026-09-16; 19:55:59; 10272; 18388; 28.41; 1002.695546875; 33.328125
2026-09-16; 19:56:59; 10272; 18388; 28.38; 1002.7120703125; 33.3720703125
2026-09-16; 19:57:59; 10272; 18388; 28.34; 1002.76890625; 33.4365234375
2026-09-16; 19:58:59; 10272; 18388; 28.31; 1002.7209375; 33.4814453125
2026-09-16; 19:59:59; 10272; 18388; 28.31; 1002.7771875; 33.4921875
2026-09-16; 20:00:59; 10272; 18388; 28.29; 1002.7652734375; 33.5361328125
2026-09-16; 20:01:59; 10272; 18388; 28.28; 1002.7774609375; 33.568359375
2026-09-16; 20:02:59; 10272; 18388; 28.27; 1002.8254296875; 33.568359375
2026-09-16; 20:03:59; 10272; 18388; 28.24; 1002.8260546875; 33.623046875
2026-09-16; 20:04:59; 10272; 18388; 28.23; 1002.8462109375; 33.66796875
2026-09-16; 20:05:59; 10272; 18388; 28.23; 1002.81015625; 33.7138671875
2026-09-16; 20:06:59; 10272; 18388; 28.2; 1002.8183984375; 33.7451171875
2026-09-16; 20:07:59; 10272; 18388; 28.17; 1002.86296875; 33.7890625
2026-09-16; 20:08:59; 10272; 18388; 28.16; 1002.8953515625; 33.8330078125
2026-09-16; 20:09:59; 10391; 18655; 28.15; 1002.907578125; 33.798828125
2026-09-16; 20:10:59; 10272; 18388; 28.12; 1002.94390625; 33.8759765625
2026-09-16; 20:11:59; 10391; 18655; 28.1; 1002.9200390625; 33.9208984375
2026-09-16; 20:12:59; 10391; 18655; 28.11; 1002.98421875; 33.9091796875
2026-09-16; 20:13:59; 10391; 18655; 28.08; 1002.9523828125; 33.9423828125
2026-09-16; 20:14:59; 10391; 18655; 28.08; 1003.00859375; 33.96484375
2026-09-16; 20:15:59; 10391; 18655; 28.03; 1003.013125; 34.041015625
2026-09-16; 20:16:59; 10391; 18655; 28.04; 1003.077265625; 34.0302734375
2026-09-16; 20:17:59; 10391; 18655; 28.02; 1003.0815234375; 34.07421875
2026-09-16; 20:18:59; 10391; 18655; 28.01; 1003.22625; 34.095703125
2026-09-16; 20:19:59; 10391; 18655; 28.0; 1003.09765625; 34.1064453125
2026-09-16; 20:20:59; 10391; 18655; 27.99; 1003.202109375; 34.0830078125
2026-09-16; 20:21:59; 10391; 18655; 27.98; 1003.1782421875; 34.1279296875
2026-09-16; 20:22:59; 10391; 18655; 27.95; 1003.250859375; 34.1591796875
2026-09-16; 20:23:59; 10391; 18655; 27.96; 1003.2667578125; 34.1611328125
2026-09-16; 20:24:59; 10391; 18655; 27.93; 1003.2108203125; 34.21484375
2026-09-16; 20:26:00; 10391; 18655; 27.92; 1003.2791796875; 34.2373046875
2026-09-16; 20:27:00; 10391; 18655; 27.9; 1003.2272265625; 34.2353515625
2026-09-16; 20:28:00; 10391; 18655; 27.9; 1003.339609375; 34.2470703125
2026-09-16; 20:29:00; 10391; 18655; 27.9; 1003.3035546875; 34.2587890625
2026-09-16; 20:30:00; 10391; 18655; 27.86; 1003.2958203125; 34.3115234375
2026-09-16; 20:31:00; 10272; 18388; 27.88; 1003.3841015625; 34.291015625
2026-09-16; 20:32:00; 10391; 18655; 27.84; 1003.34828125; 34.3671875
2026-09-16; 20:33:00; 10391; 18655; 27.82; 1003.316484375; 34.376953125
2026-09-16; 20:34:00; 10391; 18655; 27.82; 1003.3445703125; 34.4111328125
2026-09-16; 20:35:00; 10391; 18655; 27.79; 1003.3606640625; 34.443359375
2026-09-16; 20:36:00; 10391; 18655; 27.79; 1003.36890625; 34.41015625
2026-09-16; 20:37:00; 10391; 18655; 27.79; 1003.4251171875; 34.421875
2026-09-16; 20:38:00; 10391; 18655; 27.76; 1003.3971875; 34.498046875
2026-09-16; 20:39:00; 10391; 18655; 27.77; 1003.4210546875; 34.4765625
2026-09-16; 20:40:00; 10391; 18655; 27.74; 1003.40140625; 34.4970703125
2026-09-16; 20:41:00; 10272; 18388; 27.74; 1003.4294921875; 34.4970703125
2026-09-16; 20:42:00; 10272; 18388; 27.69; 1003.4058203125; 34.5947265625
2026-09-16; 20:43:00; 10272; 18388; 27.68; 1003.381953125; 34.60546875
2026-09-16; 20:44:00; 10272; 18388; 27.69; 1003.43390625; 34.62890625
2026-09-16; 20:45:00; 10272; 18388; 27.67; 1003.3455859375; 34.59375
2026-09-16; 20:46:00; 10272; 18388; 27.67; 1003.4579296875; 34.6044921875
2026-09-16; 20:47:00; 10272; 18388; 27.66; 1003.4701171875; 34.638671875
2026-09-16; 20:48:00; 10272; 18388; 27.64; 1003.4660546875; 34.6708984375
2026-09-16; 20:49:00; 10272; 18388; 27.62; 1003.482421875; 34.6806640625
2026-09-16; 20:50:00; 10272; 18388; 27.62; 1003.46234375; 34.6923828125
2026-09-16; 20:51:00; 10272; 18388; 27.61; 1003.494609375; 34.7138671875
2026-09-16; 20:52:00; 10272; 18388; 27.62; 1003.490390625; 34.71484375
2026-09-16; 20:53:00; 10272; 18388; 27.62; 1003.5184765625; 34.6923828125
2026-09-16; 20:54:00; 10272; 18388; 27.58; 1003.53875; 34.76953125
2026-09-16; 20:55:00; 10272; 18388; 27.57; 1003.5710546875; 34.7333984375
2026-09-16; 20:56:00; 10272; 18388; 27.57; 1003.54296875; 34.7900390625
2026-09-16; 20:57:00; 10272; 18388; 27.54; 1003.587421875; 34.8115234375
2026-09-16; 20:58:00; 10272; 18388; 27.54; 1003.53125; 34.833984375
2026-09-16; 20:59:00; 10272; 18388; 27.52; 1003.6196875; 34.84375
2026-09-16; 21:00:00; 10272; 18388; 27.51; 1003.5473046875; 34.8779296875
2026-09-16; 21:01:00; 10272; 18388; 27.49; 1003.59171875; 34.91015625
2026-09-16; 21:02:00; 10272; 18388; 27.49; 1003.647890625; 34.9208984375
2026-09-16; 21:03:00; 10272; 18388; 27.46; 1003.636171875; 34.96484375
2026-09-16; 21:04:00; 10272; 18388; 27.47; 1003.6801953125; 34.9423828125
2026-09-16; 21:05:00; 10272; 18388; 27.47; 1003.6160546875; 34.919921875
2026-09-16; 21:06:00; 10272; 18388; 27.46; 1003.628203125; 34.9296875
2026-09-16; 21:07:00; 10272; 18388; 27.46; 1003.6562890625; 34.9755859375
2026-09-16; 21:08:00; 10272; 18388; 27.45; 1003.6483203125; 34.9755859375
2026-09-16; 21:09:01; 10272; 18388; 27.45; 1003.640078125; 34.9755859375
2026-09-16; 21:10:01; 10272; 18388; 27.45; 1003.6962109375; 34.94140625
2026-09-16; 21:11:01; 10272; 18388; 27.43; 1003.720546875; 34.99609375
2026-09-16; 21:12:01; 10272; 18388; 27.44; 1003.6521875; 34.9736328125
2026-09-16; 21:13:01; 10272; 18388; 27.42; 1003.76078125; 35.041015625
2026-09-16; 21:14:01; 10272; 18388; 27.39; 1003.7410546875; 35.072265625
2026-09-16; 21:15:01; 10272; 18388; 27.41; 1003.7527734375; 34.994140625
2026-09-16; 21:16:01; 10272; 18388; 27.41; 1003.74484375; 35.05078125
2026-09-16; 21:17:01; 10272; 18388; 27.39; 1003.7691015625; 35.0615234375
2026-09-16; 21:18:01; 10272; 18388; 27.39; 1003.7972265625; 35.072265625
2026-09-16; 21:19:01; 10272; 18388; 27.38; 1003.8090234375; 35.12890625
2026-09-16; 21:20:01; 10272; 18388; 27.38; 1003.7248046875; 35.12890625
2026-09-16; 21:21:01; 10272; 18388; 27.36; 1003.7210546875; 35.138671875
2026-09-16; 21:22:01; 10272; 18388; 27.38; 1003.761171875; 35.0830078125
2026-09-16; 21:23:01; 10272; 18388; 27.37; 1003.7930859375; 35.1044921875
2026-09-16; 21:24:01; 10272; 18388; 27.37; 1003.829140625; 35.1279296875
2026-09-16; 21:25:01; 10272; 18388; 27.35; 1003.825390625; 35.1494140625
2026-09-16; 21:26:01; 10272; 18388; 27.34; 1003.82953125; 35.1474609375
2026-09-16; 21:27:01; 10272; 18388; 27.36; 1003.86140625; 35.1494140625
2026-09-16; 21:28:01; 10272; 18388; 27.35; 1003.8815234375; 35.1259765625
2026-09-16; 21:29:01; 10272; 18388; 27.34; 1003.85765625; 35.1474609375
2026-09-16; 21:30:01; 10272; 18388; 27.32; 1003.8056640625; 35.1923828125
2026-09-16; 21:31:01; 10272; 18388; 27.34; 1003.885703125; 35.1591796875
2026-09-16; 21:32:01; 10272; 18388; 27.33; 1003.8496484375; 35.181640625
2026-09-16; 21:33:01; 10272; 18388; 27.32; 1003.9099609375; 35.21484375
2026-09-16; 21:34:01; 10272; 18388; 27.31; 1003.8175; 35.21484375
2026-09-16; 21:35:01; 10272; 18388; 27.32; 1003.8538671875; 35.21484375
2026-09-16; 21:36:01; 10272; 18388; 27.27; 1003.8099609375; 35.267578125
2026-09-16; 21:37:01; 10272; 18388; 27.26; 1003.85015625; 35.2783203125
2026-09-16; 21:38:01; 10272; 18388; 27.26; 1003.878203125; 35.2900390625
2026-09-16; 21:39:01; 10272; 18388; 27.29; 1003.8979296875; 35.2353515625
2026-09-16; 21:40:01; 10272; 18388; 27.28; 1003.910078125; 35.24609375
2026-09-16; 21:41:01; 10272; 18388; 27.29; 1003.8619140625; 35.24609375
2026-09-16; 21:42:01; 10272; 18388; 27.29; 1003.8619140625; 35.2578125
2026-09-16; 21:43:01; 10272; 18388; 27.26; 1003.886171875; 35.279296875
2026-09-16; 21:44:01; 10272; 18388; 27.26; 1003.9142578125; 35.267578125
2026-09-16; 21:45:01; 10272; 18388; 27.24; 1003.9382421875; 35.2998046875
2026-09-16; 21:46:01; 10272; 18388; 27.25; 1004.0026171875; 35.2666015625
2026-09-16; 21:47:01; 10272; 18388; 27.25; 1003.946484375; 35.30078125
2026-09-16; 21:48:01; 10272; 18388; 27.23; 1003.922265625; 35.322265625
2026-09-16; 21:49:01; 10272; 18388; 27.23; 1003.9503515625; 35.333984375
2026-09-16; 21:50:01; 10272; 18388; 27.23; 1003.922265625; 35.322265625
2026-09-16; 21:51:01; 10272; 18388; 27.21; 1003.9465625; 35.3662109375
2026-09-16; 21:52:02; 10272; 18388; 27.23; 1003.9503515625; 35.2998046875
2026-09-16; 21:53:02; 10272; 18388; 27.23; 1003.9503515625; 35.333984375
2026-09-16; 21:54:02; 10272; 18388; 27.23; 1003.9784375; 35.333984375
2026-09-16; 21:55:02; 10272; 18388; 27.2; 1003.92265625; 35.4091796875
2026-09-16; 21:56:02; 10272; 18388; 27.22; 1003.95453125; 35.34375
2026-09-16; 21:57:02; 10272; 18388; 27.18; 1003.98296875; 35.375
2026-09-16; 21:58:02; 10272; 18388; 27.19; 1003.970859375; 35.3984375
2026-09-16; 21:59:02; 10272; 18388; 27.16; 1003.9788671875; 35.4296875
2026-09-16; 22:00:02; 10272; 18388; 27.19; 1003.9909375; 35.3984375
2026-09-16; 22:01:02; 10272; 18388; 27.17; 1003.9948046875; 35.396484375
2026-09-16; 22:02:02; 10272; 18388; 27.17; 1003.95875; 35.419921875
2026-09-16; 22:03:02; 10272; 18388; 27.18; 1004.003046875; 35.408203125
2026-09-16; 22:04:02; 10272; 18388; 27.18; 1004.003046875; 35.396484375
2026-09-16; 22:05:02; 10272; 18388; 27.15; 1003.9830078125; 35.4287109375
2026-09-16; 22:06:02; 10272; 18388; 27.16; 1004.0551171875; 35.4521484375
2026-09-16; 22:07:02; 10272; 18388; 27.14; 1004.0873046875; 35.4404296875
2026-09-16; 22:08:02; 10272; 18388; 27.15; 1004.123359375; 35.451171875
2026-09-16; 22:09:02; 10272; 18388; 27.13; 1004.1275; 35.4609375
2026-09-16; 22:10:02; 10272; 18388; 27.12; 1004.1115625; 35.4951171875
2026-09-16; 22:11:02; 10272; 18388; 27.12; 1004.1957421875; 35.4951171875
2026-09-16; 22:12:02; 10272; 18388; 27.12; 1004.1676953125; 35.4951171875
2026-09-16; 22:13:02; 10272; 18388; 27.14; 1004.1916015625; 35.484375
2026-09-16; 22:14:02; 10272; 18388; 27.14; 1004.1153515625; 35.462890625
2026-09-16; 22:15:02; 10272; 18388; 27.13; 1004.147578125; 35.484375
2026-09-16; 22:16:02; 10272; 18388; 27.1; 1004.191640625; 35.515625
2026-09-16; 22:17:02; 10272; 18388; 27.11; 1004.1715234375; 35.5048828125
2026-09-16; 22:18:02; 10272; 18388; 27.12; 1004.1676953125; 35.484375
2026-09-16; 22:19:02; 10272; 18388; 27.1; 1004.16359375; 35.5048828125
2026-09-16; 22:20:02; 10272; 18388; 27.11; 1004.1434765625; 35.5390625
2026-09-16; 22:21:02; 10272; 18388; 27.08; 1004.12375; 35.5712890625
2026-09-16; 22:22:02; 10272; 18388; 27.09; 1004.1476171875; 35.548828125
2026-09-16; 22:23:02; 10272; 18388; 27.11; 1004.1434765625; 35.5048828125
2026-09-16; 22:24:02; 10272; 18388; 27.11; 1004.1434765625; 35.5166015625
2026-09-16; 22:25:02; 10272; 18388; 27.11; 1004.1715234375; 35.5283203125
2026-09-16; 22:26:02; 10272; 18388; 27.09; 1004.1476171875; 35.515625
2026-09-16; 22:27:02; 10272; 18388; 27.07; 1004.143828125; 35.5703125
2026-09-16; 22:28:02; 10272; 18388; 27.04; 1004.151796875; 35.625
2026-09-16; 22:29:02; 10272; 18388; 27.07; 1004.191953125; 35.5927734375
2026-09-16; 22:30:02; 10272; 18388; 27.06; 1004.24015625; 35.626953125
2026-09-16; 22:31:02; 10272; 18388; 27.03; 1004.219765625; 35.6357421875
2026-09-16; 22:32:02; 10272; 18388; 27.04; 1004.292109375; 35.625
2026-09-16; 22:33:02; 10272; 18388; 27.05; 1004.2241796875; 35.6142578125
2026-09-16; 22:34:02; 10272; 18388; 27.03; 1004.2959765625; 35.646484375
2026-09-16; 22:35:03; 10272; 18388; 27.03; 1004.23984375; 35.6572265625
2026-09-16; 22:36:03; 10272; 18388; 27.02; 1004.251953125; 35.69140625
2026-09-16; 22:37:03; 10272; 18388; 27.0; 1004.228046875; 35.689453125
2026-09-16; 22:38:03; 10272; 18388; 27.0; 1004.2641015625; 35.701171875
2026-09-16; 22:39:03; 10272; 18388; 26.99; 1004.2401953125; 35.7119140625
2026-09-16; 22:40:03; 10272; 18388; 26.99; 1004.2682421875; 35.72265625
2026-09-16; 22:41:03; 10272; 18388; 26.98; 1004.3083984375; 35.7451171875
2026-09-16; 22:42:03; 10272; 18388; 26.97; 1004.2723828125; 35.7451171875
2026-09-16; 22:43:03; 10272; 18388; 26.96; 1004.28421875; 35.7548828125
2026-09-16; 22:44:03; 10272; 18388; 26.96; 1004.3683203125; 35.7666015625
2026-09-16; 22:45:03; 10272; 18388; 26.95; 1004.324375; 35.7998046875
2026-09-16; 22:46:03; 10272; 18388; 26.94; 1004.392578125; 35.798828125
2026-09-16; 22:47:03; 10391; 18655; 26.92; 1004.408828125; 35.830078125
2026-09-16; 22:48:03; 10272; 18388; 26.92; 1004.3606640625; 35.8427734375
2026-09-16; 22:49:03; 10391; 18655; 26.91; 1004.392890625; 35.8759765625
2026-09-16; 22:50:03; 10272; 18388; 26.91; 1004.392890625; 35.8759765625
2026-09-16; 22:51:03; 10272; 18388; 26.88; 1004.38078125; 35.9189453125
2026-09-16; 22:52:03; 10272; 18388; 26.87; 1004.41296875; 35.91796875
2026-09-16; 22:53:03; 10391; 18655; 26.88; 1004.408828125; 35.896484375
2026-09-16; 22:54:03; 10272; 18388; 26.86; 1004.425078125; 35.9169921875
2026-09-16; 22:55:03; 10391; 18655; 26.84; 1004.42921875; 35.97265625
2026-09-16; 22:56:03; 10272; 18388; 26.87; 1004.4691015625; 35.9404296875
2026-09-16; 22:57:03; 10391; 18655; 26.87; 1004.505078125; 35.91796875
2026-09-16; 22:58:03; 10391; 18655; 26.85; 1004.49328125; 35.9501953125
2026-09-16; 22:59:03; 10391; 18655; 26.82; 1004.4170703125; 36.0048828125
2026-09-16; 23:00:03; 10391; 18655; 26.8; 1004.4492578125; 35.98046875
2026-09-16; 23:01:03; 10391; 18655; 26.8; 1004.4773046875; 36.0263671875
2026-09-16; 23:02:03; 10391; 18655; 26.79; 1004.4533984375; 36.05859375
2026-09-16; 23:03:03; 10272; 18388; 26.82; 1004.44515625; 36.015625
2026-09-16; 23:04:03; 10391; 18655; 26.78; 1004.4454296875; 36.0361328125
2026-09-16; 23:05:03; 10391; 18655; 26.77; 1004.4575; 36.0576171875
2026-09-16; 23:06:03; 10391; 18655; 26.78; 1004.409375; 36.091796875
2026-09-16; 23:07:03; 10391; 18655; 26.78; 1004.437421875; 36.0693359375
2026-09-16; 23:08:03; 10391; 18655; 26.77; 1004.477578125; 36.0458984375
2026-09-16; 23:09:03; 10391; 18655; 26.77; 1004.4014453125; 36.080078125
2026-09-16; 23:10:03; 10391; 18655; 26.75; 1004.41734375; 36.08984375
2026-09-16; 23:11:03; 10391; 18655; 26.76; 1004.405234375; 36.0908203125
2026-09-16; 23:12:03; 10391; 18655; 26.74; 1004.46546875; 36.1123046875
2026-09-16; 23:13:03; 10391; 18655; 26.73; 1004.429453125; 36.123046875
2026-09-16; 23:14:03; 10391; 18655; 26.69; 1004.4214453125; 36.1884765625
2026-09-16; 23:15:03; 10391; 18655; 26.68; 1004.4616015625; 36.1865234375
2026-09-16; 23:16:03; 10391; 18655; 26.69; 1004.4775; 36.19921875
2026-09-16; 23:17:03; 10272; 18388; 26.67; 1004.473671875; 36.1982421875
2026-09-16; 23:18:04; 10391; 18655; 26.68; 1004.433515625; 36.2314453125
2026-09-16; 23:19:04; 10272; 18388; 26.66; 1004.42171875; 36.162109375
2026-09-16; 23:20:04; 10391; 18655; 26.65; 1004.4618359375; 36.251953125
2026-09-16; 23:21:04; 10391; 18655; 26.67; 1004.3815625; 36.25390625
2026-09-16; 23:22:04; 10272; 18388; 26.64; 1004.369765625; 36.2861328125
2026-09-16; 23:23:04; 10391; 18655; 26.65; 1004.4337890625; 36.251953125
2026-09-16; 23:24:04; 10272; 18388; 26.64; 1004.4258203125; 36.2861328125
2026-09-16; 23:25:04; 10391; 18655; 26.63; 1004.3818359375; 36.2734375
2026-09-16; 23:26:04; 10391; 18655; 26.65; 1004.4337890625; 36.2412109375
2026-09-16; 23:27:04; 10391; 18655; 26.62; 1004.3576171875; 36.294921875
2026-09-16; 23:28:04; 10272; 18388; 26.63; 1004.401875; 36.3076171875
2026-09-16; 23:29:04; 10272; 18388; 26.6; 1004.4098046875; 36.3271484375
2026-09-17; 02:24:43; 405; 0; 25.18; 1004.6485546875; 38.611328125
2026-09-17; 02:25:43; 400; 0; 25.17; 1004.652578125; 38.5859375
2026-09-17; 02:26:43; 402; 0; 25.13; 1004.588671875; 38.6396484375
2026-09-17; 02:27:43; 405; 0; 25.11; 1004.6483203125; 38.6494140625
2026-09-17; 02:28:43; 400; 0; 25.15; 1004.62859375; 38.5849609375
2026-09-17; 02:29:43; 400; 0; 25.15; 1004.57265625; 38.5849609375
2026-09-17; 02:30:43; 400; 0; 25.15; 1004.620625; 38.5615234375
2026-09-17; 02:31:43; 400; 0; 25.15; 1004.620625; 38.5732421875
2026-09-17; 02:32:43; 400; 0; 25.17; 1004.604609375; 38.5302734375
2026-09-17; 02:33:43; 400; 0; 25.17; 1004.604609375; 38.49609375
2026-09-17; 02:34:43; 403; 0; 25.23; 1004.6088671875; 38.4228515625
2026-09-17; 02:35:43; 405; 0; 25.19; 1004.60890625; 38.498046875
2026-09-17; 02:36:43; 405; 0; 25.2; 1004.6248828125; 38.4658203125
2026-09-17; 02:37:43; 400; 0; 25.16; 1004.616640625; 38.484375
2026-09-17; 02:38:43; 403; 0; 25.14; 1004.5766796875; 38.5166015625
2026-09-17; 02:39:43; 402; 0; 25.16; 1004.588671875; 38.484375
2026-09-17; 02:40:43; 400; 0; 25.16; 1004.5526953125; 38.484375
2026-09-17; 02:41:43; 405; 0; 25.17; 1004.4926953125; 38.4287109375
2026-09-17; 02:42:43; 400; 0; 25.19; 1004.5729296875; 38.4072265625
2026-09-17; 02:43:43; 405; 0; 25.17; 1004.568671875; 38.427734375
2026-09-17; 02:44:43; 400; 0; 25.18; 1004.584609375; 38.3955078125
2026-09-17; 02:45:43; 405; 0; 25.18; 1004.564609375; 38.396484375
2026-09-17; 02:46:43; 403; 0; 25.17; 1004.596640625; 38.416015625
2026-09-17; 02:47:43; 403; 0; 25.15; 1004.5447265625; 38.4384765625
2026-09-17; 02:48:43; 402; 0; 25.18; 1004.5087109375; 38.396484375
2026-09-17; 02:49:43; 400; 0; 25.19; 1004.5729296875; 38.3623046875
2026-09-17; 02:50:43; 400; 0; 25.14; 1004.5766796875; 38.4375
2026-09-17; 02:51:43; 400; 0; 25.17; 1004.548671875; 38.3828125
2026-09-17; 02:52:43; 402; 0; 25.14; 1004.5766796875; 38.4482421875
2026-09-17; 02:53:43; 402; 0; 25.14; 1004.5487109375; 38.4482421875
2026-09-17; 02:54:43; 402; 0; 25.16; 1004.5247265625; 38.4052734375
2026-09-17; 02:55:43; 403; 0; 25.12; 1004.524765625; 38.4697265625
2026-09-17; 02:56:43; 403; 0; 25.15; 1004.620625; 38.4375
2026-09-17; 02:57:43; 400; 0; 25.14; 1004.5487109375; 38.4482421875
2026-09-17; 02:58:43; 400; 0; 25.1; 1004.44453125; 38.4677734375
2026-09-17; 02:59:43; 403; 0; 25.1; 1004.50046875; 38.4677734375
2026-09-17; 03:00:43; 403; 0; 25.12; 1004.524765625; 38.4248046875
2026-09-17; 03:01:44; 400; 0; 25.13; 1004.484765625; 38.4140625
2026-09-17; 03:02:44; 405; 0; 25.12; 1004.572421875; 38.423828125
2026-09-17; 03:03:44; 405; 0; 25.09; 1004.5683984375; 38.4443359375
2026-09-17; 03:04:44; 405; 0; 25.12; 1004.5444140625; 38.3896484375
2026-09-17; 03:05:44; 405; 0; 25.12; 1004.6283203125; 38.3671875
2026-09-17; 03:06:44; 400; 0; 25.05; 1004.5804296875; 38.4970703125
2026-09-17; 03:07:44; 402; 0; 25.09; 1004.59640625; 38.43359375
2026-09-17; 03:08:44; 400; 0; 25.09; 1004.5683984375; 38.43359375
2026-09-17; 03:09:44; 400; 0; 25.12; 1004.6562890625; 38.3671875
2026-09-17; 03:10:44; 400; 0; 25.06; 1004.65234375; 38.498046875
2026-09-17; 03:11:44; 405; 0; 25.06; 1004.73625; 38.4638671875
2026-09-17; 03:12:44; 405; 0; 25.05; 1004.644375; 38.486328125
2026-09-17; 03:13:44; 400; 0; 25.08; 1004.636328125; 38.4208984375
2026-09-17; 03:14:44; 405; 0; 25.1; 1004.7721875; 38.4111328125
2026-09-17; 03:15:44; 403; 0; 25.05; 1004.7282421875; 38.453125
2026-09-17; 03:16:44; 400; 0; 25.08; 1004.636328125; 38.3984375
2026-09-17; 03:17:44; 400; 0; 25.06; 1004.65234375; 38.44140625
2026-09-17; 03:18:44; 400; 0; 25.03; 1004.6876953125; 38.49609375
2026-09-17; 03:19:44; 403; 0; 25.02; 1004.6996875; 38.517578125
2026-09-17; 03:20:44; 406; 0; 25.05; 1004.6923046875; 38.462890625
2026-09-17; 03:21:44; 402; 0; 25.01; 1004.6916796875; 38.482421875
2026-09-17; 03:22:44; 402; 0; 25.0; 1004.619765625; 38.5048828125
2026-09-17; 03:23:44; 402; 0; 25.04; 1004.683984375; 38.41796875
2026-09-17; 03:24:44; 400; 0; 25.01; 1004.63578125; 38.482421875
2026-09-17; 03:25:44; 402; 0; 25.02; 1004.62375; 38.4384765625
2026-09-17; 03:26:44; 400; 0; 25.01; 1004.6637109375; 38.4375
2026-09-17; 03:27:44; 400; 0; 24.96; 1004.555546875; 38.5009765625
2026-09-17; 03:28:44; 405; 0; 25.01; 1004.5718359375; 38.4599609375
2026-09-17; 03:29:44; 405; 0; 25.01; 1004.5998046875; 38.4599609375
2026-09-17; 03:30:44; 405; 0; 24.96; 1004.575546875; 38.5341796875
2026-09-17; 03:31:44; 405; 0; 24.96; 1004.555546875; 38.5126953125
2026-09-17; 03:32:44; 405; 0; 24.95; 1004.5875390625; 38.5458984375
2026-09-17; 03:33:44; 405; 0; 24.95; 1004.5316015625; 38.5458984375
2026-09-17; 03:34:44; 400; 0; 24.96; 1004.611484375; 38.490234375
2026-09-17; 03:35:44; 400; 0; 24.96; 1004.4996484375; 38.478515625
2026-09-17; 03:36:44; 402; 0; 24.93; 1004.5635546875; 38.54296875
2026-09-17; 03:37:44; 402; 0; 24.95; 1004.55953125; 38.5458984375
2026-09-17; 03:38:44; 403; 0; 24.93; 1004.45171875; 38.54296875
2026-09-17; 03:39:44; 403; 0; 24.94; 1004.52359375; 38.544921875
2026-09-17; 03:40:44; 403; 0; 24.96; 1004.547578125; 38.4775390625
2026-09-17; 03:41:44; 403; 0; 24.94; 1004.5715625; 38.509765625
2026-09-17; 03:42:44; 403; 0; 24.91; 1004.57921875; 38.51953125
2026-09-17; 03:43:44; 403; 0; 24.93; 1004.5915234375; 38.498046875
2026-09-17; 03:44:45; 400; 0; 24.95; 1004.5875390625; 38.455078125
2026-09-17; 03:45:45; 403; 0; 24.9; 1004.6191796875; 38.5634765625
2026-09-17; 03:46:45; 403; 0; 24.88; 1004.643125; 38.55078125
2026-09-17; 03:47:45; 403; 0; 24.9; 1004.5991796875; 38.51953125
2026-09-17; 03:48:45; 403; 0; 24.88; 1004.567265625; 38.5390625
2026-09-17; 03:49:45; 405; 0; 24.89; 1004.611171875; 38.5517578125
2026-09-17; 03:50:45; 405; 0; 24.9; 1004.6830859375; 38.49609375
2026-09-17; 03:51:45; 405; 0; 24.87; 1004.57125; 38.5380859375
2026-09-17; 03:52:45; 405; 0; 24.88; 1004.5592578125; 38.5732421875
2026-09-17; 03:53:45; 405; 0; 24.88; 1004.6151953125; 38.5283203125
2026-09-17; 03:54:45; 400; 0; 24.85; 1004.5672265625; 38.5703125
2026-09-17; 03:55:45; 405; 0; 24.86; 1004.583203125; 38.560546875
2026-09-17; 03:56:45; 400; 0; 24.88; 1004.5033203125; 38.494140625
2026-09-17; 03:57:45; 400; 0; 24.88; 1004.6151953125; 38.5390625
2026-09-17; 03:58:45; 405; 0; 24.87; 1004.5432421875; 38.5380859375
2026-09-17; 03:59:45; 400; 0; 24.88; 1004.5392578125; 38.5283203125
2026-09-17; 04:00:45; 405; 0; 24.85; 1004.5392578125; 38.5703125
2026-09-17; 04:01:45; 402; 0; 24.82; 1004.5069921875; 38.5908203125
2026-09-17; 04:02:45; 402; 0; 24.83; 1004.4670703125; 38.5576171875
2026-09-17; 04:03:45; 402; 0; 24.77; 1004.483046875; 38.654296875
2026-09-17; 04:04:45; 402; 0; 24.82; 1004.4790234375; 38.5458984375
2026-09-17; 04:05:45; 402; 0; 24.84; 1004.5030078125; 38.53515625
2026-09-17; 04:06:45; 400; 0; 24.83; 1004.495; 38.5244140625
2026-09-17; 04:07:45; 406; 0; 24.81; 1004.4550390625; 38.5673828125
2026-09-17; 04:08:45; 403; 0; 24.81; 1004.5109765625; 38.58984375
2026-09-17; 04:09:45; 403; 0; 24.84; 1004.4750390625; 38.5126953125
2026-09-17; 04:10:45; 403; 0; 24.84; 1004.4750390625; 38.4677734375
2026-09-17; 04:11:45; 403; 0; 24.81; 1004.407109375; 38.5341796875
2026-09-17; 04:12:45; 400; 0; 24.78; 1004.471015625; 38.5654296875
2026-09-17; 04:13:45; 400; 0; 24.76; 1004.43078125; 38.6416015625
2026-09-17; 04:14:45; 403; 0; 24.77; 1004.362890625; 38.6201171875
2026-09-17; 04:15:45; 400; 0; 24.79; 1004.43109375; 38.5322265625
2026-09-17; 04:16:45; 400; 0; 24.8; 1004.4391015625; 38.5546875
2026-09-17; 04:17:45; 403; 0; 24.74; 1004.406796875; 38.583984375
2026-09-17; 04:18:45; 403; 0; 24.79; 1004.3672265625; 38.5986328125
2026-09-17; 04:19:45; 403; 0; 24.8; 1004.4111328125; 38.5205078125
2026-09-17; 04:20:45; 400; 0; 24.79; 1004.39515625; 38.54296875
2026-09-17; 04:21:45; 406; 0; 24.8; 1004.4470703125; 38.5107421875
2026-09-17; 04:22:45; 406; 0; 24.8; 1004.363203125; 38.4990234375
2026-09-17; 04:23:45; 400; 0; 24.73; 1004.3628515625; 38.60546875
2026-09-17; 04:24:45; 403; 0; 24.71; 1004.442734375; 38.626953125
2026-09-17; 04:25:45; 403; 0; 24.77; 1004.399140625; 38.4736328125
2026-09-17; 04:26:45; 400; 0; 24.74; 1004.3788671875; 38.5615234375
2026-09-17; 04:27:46; 400; 0; 24.73; 1004.46671875; 38.5712890625
2026-09-17; 04:28:46; 400; 0; 24.75; 1004.470703125; 38.5615234375
2026-09-17; 04:29:46; 400; 0; 24.72; 1004.4227734375; 38.6162109375
2026-09-17; 04:30:46; 400; 0; 24.7; 1004.4264453125; 38.6142578125
2026-09-17; 04:31:46; 402; 0; 24.72; 1004.4307421875; 38.6162109375
2026-09-17; 04:32:46; 402; 0; 24.75; 1004.4787109375; 38.5166015625
2026-09-17; 04:33:46; 402; 0; 24.74; 1004.4267578125; 38.5380859375
2026-09-17; 04:34:46; 400; 0; 24.73; 1004.3828515625; 38.560546875
2026-09-17; 04:35:46; 400; 0; 24.69; 1004.486328125; 38.61328125
2026-09-17; 04:36:46; 400; 0; 24.7; 1004.474375; 38.580078125
2026-09-17; 04:37:46; 403; 0; 24.7; 1004.5023046875; 38.625
2026-09-17; 04:38:46; 403; 0; 24.71; 1004.4986328125; 38.55859375
2026-09-17; 04:39:46; 403; 0; 24.74; 1004.53859375; 38.52734375
2026-09-17; 04:40:46; 403; 0; 24.72; 1004.5146484375; 38.5146484375
2026-09-17; 04:41:46; 403; 0; 24.69; 1004.4583984375; 38.5458984375
2026-09-17; 04:42:46; 403; 0; 24.71; 1004.5266015625; 38.5361328125
2026-09-17; 04:43:46; 403; 0; 24.66; 1004.522265625; 38.5986328125
2026-09-17; 04:44:46; 403; 0; 24.7; 1004.5302734375; 38.5458984375
2026-09-17; 04:45:46; 403; 0; 24.72; 1004.4866796875; 38.525390625
2026-09-17; 04:46:46; 403; 0; 24.68; 1004.4983203125; 38.5556640625
2026-09-17; 04:47:46; 403; 0; 24.68; 1004.422421875; 38.544921875
2026-09-17; 04:48:46; 403; 0; 24.64; 1004.386484375; 38.609375
2026-09-17; 04:49:46; 403; 0; 24.69; 1004.4304296875; 38.5341796875
2026-09-17; 04:50:46; 400; 0; 24.68; 1004.3944921875; 38.5341796875
2026-09-17; 04:51:46; 400; 0; 24.64; 1004.3501953125; 38.6201171875
2026-09-17; 04:52:46; 400; 0; 24.63; 1004.3062890625; 38.5966796875
2026-09-17; 04:53:46; 405; 0; 24.63; 1004.3701953125; 38.5966796875
2026-09-17; 04:54:46; 405; 0; 24.62; 1004.31828125; 38.6181640625
2026-09-17; 04:55:46; 400; 0; 24.62; 1004.2344140625; 38.6181640625
2026-09-17; 04:56:46; 405; 0; 24.63; 1004.3062890625; 38.5966796875
2026-09-17; 04:57:46; 405; 0; 24.61; 1004.2743359375; 38.6171875
2026-09-17; 04:58:46; 405; 0; 24.6; 1004.258359375; 38.650390625
2026-09-17; 04:59:46; 405; 0; 24.56; 1004.2101171875; 38.6591796875
2026-09-17; 05:00:46; 405; 0; 24.6; 1004.230390625; 38.6279296875
2026-09-17; 05:01:46; 405; 0; 24.59; 1004.194453125; 38.6162109375
2026-09-17; 05:02:46; 407; 1; 24.58; 1004.1784765625; 38.615234375
2026-09-17; 05:03:46; 402; 0; 24.56; 1004.2101171875; 38.6474609375
2026-09-17; 05:04:46; 400; 0; 24.58; 1004.17046875; 38.626953125
2026-09-17; 05:05:46; 402; 0; 24.6; 1004.11859375; 38.60546875
2026-09-17; 05:06:46; 406; 0; 24.6; 1004.1744921875; 38.6171875
2026-09-17; 05:07:46; 403; 0; 24.61; 1004.1625390625; 38.548828125
2026-09-17; 05:08:46; 403; 0; 24.57; 1004.2183984375; 38.5810546875
2026-09-17; 05:09:46; 403; 0; 24.62; 1004.1585546875; 38.529296875
2026-09-17; 05:10:47; 403; 0; 24.61; 1004.1984375; 38.5048828125
2026-09-17; 05:11:47; 400; 0; 24.56; 1004.11828125; 38.58984375
2026-09-17; 05:12:47; 403; 0; 24.62; 1004.178515625; 38.5166015625
2026-09-17; 05:13:47; 403; 0; 24.55; 1004.1861328125; 38.61328125
2026-09-17; 05:14:47; 403; 0; 24.61; 1004.1625390625; 38.548828125
2026-09-17; 05:15:47; 403; 0; 24.56; 1004.2101171875; 38.580078125
2026-09-17; 05:16:47; 65535; 65535; 24.55; 1004.1941015625; 38.61328125
2026-09-17; 05:17:47; 400; 0; 24.55; 1004.1941015625; 38.6015625
2026-09-17; 05:18:47; 400; 0; 24.54; 1004.226015625; 38.5546875
2026-09-17; 05:19:47; 400; 0; 24.6; 1004.1825; 38.4814453125
2026-09-17; 05:20:47; 400; 0; 24.54; 1004.178125; 38.5556640625
2026-09-17; 05:21:47; 403; 0; 24.53; 1004.218046875; 38.56640625
2026-09-17; 05:22:47; 405; 0; 24.54; 1004.226015625; 38.56640625
2026-09-17; 05:23:47; 405; 0; 24.54; 1004.178125; 38.533203125
2026-09-17; 05:24:47; 405; 0; 24.53; 1004.2739453125; 38.5888671875
2026-09-17; 05:25:47; 405; 0; 24.52; 1004.22203125; 38.5986328125
2026-09-17; 05:26:47; 400; 0; 24.48; 1004.249609375; 38.65234375
2026-09-17; 05:27:47; 400; 0; 24.51; 1004.2978515625; 38.4853515625
2026-09-17; 05:28:47; 402; 0; 24.51; 1004.269921875; 38.576171875
2026-09-17; 05:29:47; 402; 0; 24.5; 1004.2819140625; 38.5751953125
2026-09-17; 05:30:47; 400; 0; 24.48; 1004.2695703125; 38.5947265625
2026-09-17; 05:31:47; 402; 0; 24.48; 1004.1578125; 38.6513671875
2026-09-17; 05:32:47; 402; 0; 24.47; 1004.2616015625; 38.6171875
2026-09-17; 05:33:47; 402; 0; 24.51; 1004.3178125; 38.5751953125
2026-09-17; 05:34:47; 400; 0; 24.46; 1004.2735546875; 38.6162109375
2026-09-17; 05:35:47; 400; 0; 24.45; 1004.221640625; 38.6943359375
2026-09-17; 05:36:47; 403; 0; 24.49; 1004.2296484375; 38.5732421875
2026-09-17; 05:37:47; 403; 0; 24.5; 1004.2176953125; 38.5625
2026-09-17; 05:38:47; 403; 0; 24.46; 1004.2455859375; 38.5712890625
2026-09-17; 05:39:47; 403; 0; 24.44; 1004.23359375; 38.63671875
2026-09-17; 05:40:47; 403; 0; 24.47; 1004.1976953125; 38.5947265625
2026-09-17; 05:41:47; 403; 0; 24.46; 1004.1617578125; 38.5712890625
2026-09-17; 05:42:47; 403; 0; 24.44; 1004.157734375; 38.5810546875
2026-09-17; 05:43:47; 403; 0; 24.42; 1004.1255078125; 38.6240234375
2026-09-17; 05:44:47; 400; 0; 24.39; 1004.1055078125; 38.689453125
2026-09-17; 05:45:47; 403; 0; 24.43; 1004.1417578125; 38.6025390625
2026-09-17; 05:46:47; 403; 0; 24.41; 1004.045625; 38.6572265625
2026-09-17; 05:47:47; 400; 0; 24.45; 1004.0819140625; 38.5703125
2026-09-17; 05:48:47; 403; 0; 24.44; 1004.0380078125; 38.5810546875
2026-09-17; 05:49:47; 403; 0; 24.43; 1004.0496484375; 38.580078125
2026-09-17; 05:50:47; 400; 0; 24.46; 1003.9941015625; 38.5146484375
2026-09-17; 05:51:47; 400; 0; 24.43; 1004.0496484375; 38.568359375
2026-09-17; 05:52:47; 400; 0; 24.44; 1004.0459765625; 38.53515625
2026-09-17; 05:53:48; 400; 0; 24.46; 1004.05; 38.5146484375
2026-09-17; 05:54:48; 402; 0; 24.46; 1004.0979296875; 38.5146484375
2026-09-17; 05:55:48; 402; 0; 24.43; 1004.1417578125; 38.5576171875
2026-09-17; 05:56:48; 407; 1; 24.42; 1004.033671875; 38.5107421875
2026-09-17; 05:57:48; 407; 1; 24.44; 1004.018046875; 38.4794921875
2026-09-17; 05:58:48; 407; 1; 24.45; 1004.053984375; 38.5029296875
2026-09-17; 05:59:48; 407; 1; 24.4; 1004.1134765625; 38.53125
2026-09-17; 06:00:48; 400; 0; 24.42; 1004.0895703125; 38.521484375
2026-09-17; 06:01:48; 400; 0; 24.41; 1004.1374609375; 38.533203125
2026-09-17; 06:02:48; 400; 0; 24.41; 1004.101484375; 38.5439453125
2026-09-17; 06:03:48; 402; 0; 24.42; 1004.0895703125; 38.521484375
2026-09-17; 06:04:48; 402; 0; 24.38; 1004.0894921875; 38.576171875
2026-09-17; 06:05:48; 402; 0; 24.37; 1004.065546875; 38.6083984375
2026-09-17; 06:06:48; 402; 0; 24.4; 1004.0655859375; 38.521484375
2026-09-17; 06:07:48; 402; 0; 24.4; 1004.1134765625; 38.5205078125
2026-09-17; 06:08:48; 400; 0; 24.36; 1004.021328125; 38.55078125
2026-09-17; 06:09:48; 403; 0; 24.39; 1004.0695703125; 38.5205078125
2026-09-17; 06:10:48; 403; 0; 24.38; 1004.0535546875; 38.5185546875
2026-09-17; 06:11:48; 403; 0; 24.36; 1004.029296875; 38.517578125
2026-09-17; 06:12:48; 400; 0; 24.4; 1004.0655859375; 38.509765625
2026-09-17; 06:13:48; 400; 0; 24.4; 1004.0096875; 38.453125
2026-09-17; 06:14:48; 400; 0; 24.39; 1003.99375; 38.486328125
2026-09-17; 06:15:48; 403; 0; 24.39; 1003.9378515625; 38.44140625
2026-09-17; 06:16:48; 403; 0; 24.36; 1003.94546875; 38.5068359375
2026-09-17; 06:17:48; 403; 0; 24.37; 1004.01765625; 38.4951171875
2026-09-17; 06:18:48; 403; 0; 24.39; 1003.9098828125; 38.4521484375
2026-09-17; 06:19:48; 403; 0; 24.36; 1004.0013671875; 38.5068359375
2026-09-17; 06:20:48; 403; 0; 24.32; 1003.929140625; 38.55859375
2026-09-17; 06:21:48; 403; 0; 24.37; 1003.933828125; 38.4619140625
2026-09-17; 06:22:48; 400; 0; 24.34; 1003.8496484375; 38.50390625
2026-09-17; 06:23:48; 403; 0; 24.35; 1003.9016015625; 38.482421875
2026-09-17; 06:24:48; 403; 0; 24.35; 1003.8935546875; 38.4814453125
2026-09-17; 06:25:48; 402; 0; 24.34; 1003.8496484375; 38.515625
2026-09-17; 06:26:48; 400; 0; 24.37; 1003.925859375; 38.4384765625
2026-09-17; 06:27:48; 406; 0; 24.39; 1003.8180859375; 38.396484375
2026-09-17; 06:28:48; 406; 0; 24.32; 1003.9012109375; 38.46875
2026-09-17; 06:29:48; 406; 0; 24.32; 1003.88125; 38.5029296875
2026-09-17; 06:30:48; 403; 0; 24.33; 1003.861328125; 38.5029296875
2026-09-17; 06:31:48; 406; 0; 24.38; 1003.8859375; 38.39453125
2026-09-17; 06:32:48; 400; 0; 24.3; 1003.7934375; 38.51171875
2026-09-17; 06:33:48; 403; 0; 24.34; 1003.8855859375; 38.4365234375
2026-09-17; 06:34:48; 400; 0; 24.36; 1003.881640625; 38.404296875
2026-09-17; 06:35:48; 403; 0; 24.39; 1003.79015625; 38.328125
2026-09-17; 06:36:49; 403; 0; 24.34; 1003.8296875; 38.40234375
2026-09-17; 06:37:49; 403; 0; 24.35; 1003.845703125; 38.392578125
2026-09-17; 06:38:49; 405; 0; 24.35; 1003.78984375; 38.3583984375
2026-09-17; 06:39:49; 405; 0; 24.33; 1003.7858203125; 38.4013671875
2026-09-17; 06:40:49; 405; 0; 24.34; 1003.82171875; 38.3798828125
2026-09-17; 06:41:49; 405; 0; 24.38; 1003.8101171875; 38.2939453125
2026-09-17; 06:42:49; 400; 0; 24.33; 1003.833359375; 38.35546875
2026-09-17; 06:43:49; 403; 0; 24.38; 1003.8021484375; 38.29296875
2026-09-17; 06:44:49; 400; 0; 24.27; 1003.856953125; 38.4423828125
2026-09-17; 06:45:49; 403; 0; 24.35; 1003.8935546875; 38.357421875
2026-09-17; 06:46:49; 403; 0; 24.33; 1003.7775; 38.4013671875
2026-09-17; 06:47:49; 403; 0; 24.28; 1003.81703125; 38.4306640625
2026-09-17; 06:48:49; 400; 0; 24.31; 1003.7535546875; 38.388671875
2026-09-17; 06:49:49; 402; 0; 24.31; 1003.8094140625; 38.388671875
2026-09-17; 06:50:49; 402; 0; 24.32; 1003.7415625; 38.3671875
2026-09-17; 06:51:49; 402; 0; 24.32; 1003.7974609375; 38.3671875
2026-09-17; 06:52:49; 402; 0; 24.35; 1003.809765625; 38.30078125
2026-09-17; 06:53:49; 402; 0; 24.32; 1003.73359375; 38.3896484375
2026-09-17; 06:54:49; 402; 0; 24.31; 1003.7535546875; 38.3330078125
2026-09-17; 06:55:49; 400; 0; 24.32; 1003.7615234375; 38.35546875
2026-09-17; 06:56:49; 400; 0; 24.36; 1003.7219921875; 38.2470703125
2026-09-17; 06:57:49; 405; 0; 24.27; 1003.753203125; 38.3857421875
2026-09-17; 06:58:49; 405; 0; 24.29; 1003.813359375; 38.3642578125
2026-09-17; 06:59:49; 407; 1; 24.33; 1003.693671875; 38.2880859375
2026-09-17; 07:00:49; 405; 0; 24.36; 1003.7140234375; 38.2353515625
2026-09-17; 07:01:49; 405; 0; 24.36; 1003.741953125; 38.189453125
2026-09-17; 07:02:49; 405; 0; 24.35; 1003.7339453125; 38.166015625
2026-09-17; 07:03:49; 405; 0; 24.37; 1003.7662109375; 38.16796875
2026-09-17; 07:04:49; 405; 0; 24.33; 1003.8054296875; 38.1982421875
2026-09-17; 07:05:49; 400; 0; 24.35; 1003.78984375; 38.166015625
2026-09-17; 07:06:49; 400; 0; 24.39; 1003.7701953125; 38.125
2026-09-17; 07:07:49; 403; 0; 24.38; 1003.75421875; 38.11328125
2026-09-17; 07:08:49; 403; 0; 24.37; 1003.7662109375; 38.0888671875
2026-09-17; 07:09:49; 403; 0; 24.4; 1003.778203125; 38.0458984375
2026-09-17; 07:10:49; 400; 0; 24.38; 1003.75421875; 38.0791015625
2026-09-17; 07:11:49; 405; 0; 24.35; 1003.7339453125; 38.12109375
2026-09-17; 07:12:49; 408; 1; 24.38; 1003.7262890625; 38.0458984375
2026-09-17; 07:13:49; 405; 0; 24.42; 1003.754296875; 37.9912109375
2026-09-17; 07:14:49; 405; 0; 24.4; 1003.750234375; 38.0234375
2026-09-17; 07:15:49; 405; 0; 24.38; 1003.74625; 37.98828125
2026-09-17; 07:16:49; 405; 0; 24.42; 1003.762265625; 37.935546875
2026-09-17; 07:17:49; 400; 0; 24.42; 1003.6704296875; 37.9462890625
2026-09-17; 07:18:49; 405; 0; 24.43; 1003.72265625; 37.90234375
2026-09-17; 07:19:50; 400; 0; 24.45; 1003.81046875; 37.8818359375
2026-09-17; 07:20:50; 403; 0; 24.45; 1003.7266796875; 37.8701171875
2026-09-17; 07:21:50; 403; 0; 24.47; 1003.6947265625; 37.8046875
2026-09-17; 07:22:50; 403; 0; 24.42; 1003.7343359375; 37.890625
2026-09-17; 07:23:50; 400; 0; 24.44; 1003.710703125; 37.8359375
2026-09-17; 07:24:50; 402; 0; 24.47; 1003.750625; 37.7822265625
2026-09-17; 07:25:50; 402; 0; 24.48; 1003.7665625; 37.771484375
2026-09-17; 07:26:50; 402; 0; 24.5; 1003.7146875; 37.705078125
2026-09-17; 07:27:50; 400; 0; 24.51; 1003.75890625; 37.6494140625
2026-09-17; 07:28:50; 402; 0; 24.53; 1003.7349609375; 37.6064453125
2026-09-17; 07:29:50; 402; 0; 24.52; 1003.782890625; 37.6171875
2026-09-17; 07:30:50; 406; 0; 24.55; 1003.766953125; 37.5517578125
2026-09-17; 07:31:50; 406; 0; 24.6; 1003.811171875; 37.4765625
2026-09-17; 07:32:50; 403; 0; 24.64; 1003.819140625; 37.412109375
2026-09-17; 07:33:50; 403; 0; 24.63; 1003.775234375; 37.3994140625
2026-09-17; 07:34:50; 403; 0; 24.63; 1003.8311328125; 37.3544921875
2026-09-17; 07:35:50; 400; 0; 24.66; 1003.859375; 37.3017578125
2026-09-17; 07:36:50; 403; 0; 24.69; 1003.8234375; 37.212890625
2026-09-17; 07:37:50; 403; 0; 24.7; 1003.783515625; 37.1806640625
2026-09-17; 07:38:50; 403; 0; 24.65; 1003.8075; 37.27734375
2026-09-17; 07:39:50; 403; 0; 24.68; 1003.7994921875; 37.189453125
2026-09-17; 07:40:50; 403; 0; 24.74; 1003.763828125; 37.115234375
2026-09-17; 07:41:50; 403; 0; 24.77; 1003.86796875; 37.0390625
2026-09-17; 07:42:50; 400; 0; 24.8; 1003.7960546875; 36.9501953125
2026-09-17; 07:43:50; 405; 0; 24.81; 1003.84796875; 36.9296875
2026-09-17; 07:44:50; 405; 0; 24.81; 1003.84; 36.94140625
2026-09-17; 07:45:50; 405; 0; 24.81; 1003.7840625; 36.9296875
2026-09-17; 07:46:50; 400; 0; 24.87; 1003.8522265625; 36.8212890625
2026-09-17; 07:47:50; 408; 1; 25.03; 1003.848671875; 36.201171875
2026-09-17; 07:48:50; 400; 0; 25.17; 1003.897265625; 34.8544921875
2026-09-17; 07:49:50; 400; 0; 25.29; 1003.865625; 33.505859375
2026-09-17; 07:50:50; 403; 0; 25.32; 1003.8855078125; 33.2021484375
2026-09-17; 07:51:50; 400; 0; 25.4; 1003.89390625; 32.392578125
2026-09-17; 07:52:50; 413; 1; 25.46; 1003.8217578125; 32.1025390625
2026-09-17; 07:53:50; 400; 0; 25.47; 1003.8459765625; 31.9326171875
2026-09-17; 07:54:50; 447; 7; 25.48; 1003.9179296875; 32.001953125
2026-09-17; 07:55:50; 418; 2; 25.5; 1003.9138671875; 31.8212890625
2026-09-17; 07:56:50; 400; 0; 25.6; 1003.8301171875; 31.478515625
2026-09-17; 07:57:50; 403; 0; 25.64; 1003.85796875; 31.751953125
2026-09-17; 07:58:50; 403; 0; 25.73; 1003.8621875; 31.486328125
2026-09-17; 07:59:50; 400; 0; 25.79; 1003.8662109375; 31.1396484375
2026-09-17; 08:00:50; 400; 0; 25.94; 1003.910078125; 30.9912109375
2026-09-17; 08:01:50; 400; 0; 26.03; 1003.8782421875; 31.3486328125
2026-09-17; 08:02:51; 400; 0; 25.95; 1003.974375; 31.20703125
2026-09-17; 08:03:51; 400; 0; 25.7; 1003.87; 30.90625
2026-09-17; 08:04:51; 403; 0; 25.48; 1003.909921875; 30.7099609375
2026-09-17; 08:05:51; 400; 0; 25.16; 1003.909296875; 31.197265625
2026-09-17; 08:06:51; 400; 0; 24.93; 1003.9403515625; 31.6005859375
2026-09-17; 08:07:51; 400; 0; 24.74; 1003.8676953125; 32.0166015625
2026-09-17; 08:08:51; 403; 0; 24.4; 1003.87; 32.4228515625
2026-09-17; 08:09:51; 400; 0; 24.28; 1003.8808984375; 32.8203125
2026-09-17; 08:10:51; 400; 0; 24.18; 1003.86046875; 33.3212890625
2026-09-17; 08:11:51; 410; 1; 24.24; 1003.8728515625; 33.7333984375
2026-09-17; 08:12:51; 417; 2; 24.3; 1003.90515625; 33.658203125
2026-09-17; 08:13:51; 420; 3; 24.27; 1003.864921875; 33.6220703125
2026-09-17; 08:14:51; 417; 2; 24.31; 1003.773515625; 33.703125
2026-09-17; 08:15:51; 420; 3; 24.29; 1003.8330078125; 33.79296875
2026-09-17; 08:16:51; 433; 5; 24.37; 1003.87796875; 33.685546875
2026-09-17; 08:17:51; 435; 5; 24.4; 1003.8340625; 33.630859375
2026-09-17; 08:18:51; 435; 5; 24.39; 1003.82609375; 33.5859375
2026-09-17; 08:19:51; 433; 5; 24.41; 1003.8301171875; 33.51953125
2026-09-17; 08:20:51; 433; 5; 24.4; 1003.9179296875; 33.80078125
2026-09-17; 08:21:51; 435; 5; 24.47; 1003.870390625; 33.490234375
2026-09-17; 08:22:51; 420; 3; 24.67; 1003.8394140625; 32.939453125
2026-09-17; 08:23:51; 408; 1; 24.67; 1003.93125; 33.0419921875
2026-09-17; 08:24:51; 405; 0; 24.61; 1003.883046875; 33.1826171875
2026-09-17; 08:25:51; 400; 0; 24.53; 1003.90265625; 33.2802734375
2026-09-17; 08:26:51; 400; 0; 24.5; 1003.9103515625; 33.4921875
2026-09-17; 08:27:51; 400; 0; 24.48; 1003.9342578125; 33.4228515625
2026-09-17; 08:28:51; 403; 0; 24.46; 1003.88234375; 33.4892578125
2026-09-17; 08:29:51; 406; 0; 24.54; 1003.9186328125; 33.4384765625
2026-09-17; 08:30:51; 403; 0; 24.71; 1003.7998046875; 32.96484375
2026-09-17; 08:31:51; 400; 0; 24.7; 1003.9152734375; 32.9189453125
2026-09-17; 08:32:51; 400; 0; 24.71; 1003.847734375; 32.818359375
2026-09-17; 08:33:51; 405; 0; 24.72; 1003.919609375; 32.8076171875
2026-09-17; 08:34:51; 403; 0; 24.65; 1003.863359375; 32.8701171875
2026-09-17; 08:35:51; 400; 0; 24.56; 1003.8387890625; 33.0888671875
2026-09-17; 08:36:51; 402; 0; 24.45; 1003.8025; 33.443359375
2026-09-17; 08:37:51; 407; 1; 24.43; 1003.8344140625; 33.4755859375
2026-09-17; 08:38:51; 400; 0; 24.5; 1003.862734375; 33.357421875
2026-09-17; 08:39:51; 400; 0; 24.61; 1003.827109375; 33.2060546875
2026-09-17; 08:40:51; 400; 0; 24.63; 1003.775234375; 33.23046875
2026-09-17; 08:41:51; 403; 0; 24.64; 1003.7715234375; 33.1748046875
2026-09-17; 08:42:51; 402; 0; 24.55; 1003.8228125; 33.4287109375
2026-09-17; 08:43:51; 407; 1; 24.54; 1003.786875; 33.5634765625
2026-09-17; 08:44:51; 403; 0; 24.52; 1003.8028515625; 33.673828125
2026-09-17; 08:45:51; 406; 0; 24.48; 1003.774609375; 33.9091796875
2026-09-17; 08:46:52; 415; 2; 24.43; 1003.806484375; 34.2666015625
2026-09-17; 08:47:52; 435; 5; 24.45; 1003.8304296875; 34.32421875
2026-09-17; 08:48:52; 464; 9; 24.44; 1003.814453125; 34.2451171875
2026-09-17; 08:49:52; 497; 14; 24.39; 1003.742265625; 34.4560546875
2026-09-17; 08:50:52; 529; 19; 24.47; 1003.72265625; 34.28125
2026-09-17; 08:51:52; 531; 19; 24.48; 1003.6827734375; 34.2705078125
2026-09-17; 08:52:52; 542; 21; 24.61; 1003.7233203125; 34.03125
2026-09-17; 08:53:52; 519; 18; 24.71; 1003.7159375; 33.779296875
2026-09-17; 08:54:52; 487; 13; 24.75; 1003.7238671875; 33.58984375
2026-09-17; 08:55:52; 455; 8; 24.78; 1003.7641015625; 33.5810546875
2026-09-17; 08:56:52; 422; 3; 24.76; 1003.7678125; 33.5234375
2026-09-17; 08:57:52; 400; 0; 24.72; 1003.751875; 33.6669921875
2026-09-17; 08:58:52; 400; 0; 24.66; 1003.8314453125; 33.8095703125
2026-09-17; 08:59:52; 400; 0; 24.62; 1003.7592578125; 34.0205078125
2026-09-17; 09:00:52; 400; 0; 24.59; 1003.7951953125; 34.1650390625
2026-09-17; 09:01:52; 400; 0; 24.59; 1003.775234375; 34.2333984375
2026-09-17; 09:02:52; 410; 1; 24.56; 1003.7549609375; 34.34375
2026-09-17; 09:03:52; 413; 1; 24.59; 1003.7193359375; 34.4140625
2026-09-17; 09:04:52; 418; 2; 24.62; 1003.739296875; 34.451171875
2026-09-17; 09:05:52; 424; 3; 24.68; 1003.77953125; 34.421875
2026-09-17; 09:06:52; 424; 3; 24.68; 1003.7515625; 34.4443359375
2026-09-17; 09:07:52; 426; 3; 24.73; 1003.7198828125; 34.4482421875
2026-09-17; 09:08:52; 426; 3; 24.69; 1003.647734375; 34.5810546875
2026-09-17; 09:09:52; 428; 4; 24.7; 1003.6716796875; 34.55859375
2026-09-17; 09:10:52; 438; 5; 24.8; 1003.6642578125; 34.4873046875
2026-09-17; 09:11:52; 439; 5; 24.85; 1003.6725; 34.43359375
2026-09-17; 09:12:52; 438; 5; 24.85; 1003.7084375; 34.45703125
2026-09-17; 09:13:52; 426; 3; 24.87; 1003.712421875; 34.4697265625
2026-09-17; 09:14:52; 424; 3; 24.88; 1003.692421875; 34.4365234375
2026-09-17; 09:15:52; 424; 3; 24.9; 1003.81625; 34.4609375
2026-09-17; 09:16:52; 422; 3; 24.96; 1003.82046875; 34.419921875
2026-09-17; 09:17:52; 426; 3; 25.0; 1003.8366796875; 34.34375
2026-09-17; 09:18:52; 426; 3; 25.06; 1003.8691796875; 34.302734375
2026-09-17; 09:19:52; 424; 3; 25.02; 1003.86859375; 34.4130859375
2026-09-17; 09:20:52; 428; 4; 24.98; 1003.9642578125; 34.5341796875
2026-09-17; 09:21:52; 439; 5; 25.06; 1003.933125; 34.439453125
2026-09-17; 09:22:52; 454; 8; 25.05; 1003.853203125; 34.517578125
2026-09-17; 09:23:52; 464; 9; 25.09; 1003.8331640625; 34.4755859375
2026-09-17; 09:24:52; 481; 12; 25.07; 1003.8651953125; 34.5986328125
2026-09-17; 09:25:52; 502; 15; 25.11; 1003.725234375; 34.5
2026-09-17; 09:26:52; 514; 17; 25.09; 1003.8051953125; 34.56640625
2026-09-17; 09:27:52; 537; 20; 25.08; 1003.78921875; 34.5869140625
2026-09-17; 09:28:52; 549; 22; 25.08; 1003.74125; 34.587890625
2026-09-17; 09:29:53; 569; 25; 25.12; 1003.741484375; 34.556640625
2026-09-17; 09:30:53; 581; 27; 25.1; 1003.717265625; 34.5673828125
2026-09-17; 09:31:53; 611; 32; 25.15; 1003.76140625; 34.4912109375
2026-09-17; 09:32:53; 641; 36; 25.18; 1003.781328125; 34.482421875
2026-09-17; 09:33:53; 666; 40; 25.25; 1003.8014453125; 34.3857421875
2026-09-17; 09:34:53; 690; 44; 25.26; 1003.7617578125; 34.4423828125
2026-09-17; 09:35:53; 706; 46; 25.23; 1003.65765625; 34.498046875
2026-09-17; 09:36:53; 733; 50; 25.23; 1003.7695703125; 34.4189453125
2026-09-17; 09:37:53; 770; 56; 25.2; 1003.665703125; 34.4267578125
2026-09-17; 09:38:53; 759; 54; 25.29; 1003.6697265625; 34.072265625
2026-09-17; 09:39:53; 733; 50; 25.4; 1003.558125; 33.68359375
2026-09-17; 09:40:53; 700; 45; 25.42; 1003.61796875; 33.6630859375
2026-09-17; 09:41:53; 675; 41; 25.34; 1003.6658984375; 33.7587890625
2026-09-17; 09:42:53; 656; 39; 25.29; 1003.677734375; 33.8232421875
2026-09-17; 09:43:53; 637; 36; 25.22; 1003.67765625; 33.8974609375
2026-09-17; 09:44:53; 623; 33; 25.23; 1003.5737109375; 33.9091796875
2026-09-17; 09:45:53; 611; 32; 25.22; 1003.6416796875; 33.9306640625
2026-09-17; 09:46:53; 588; 28; 25.2; 1003.645703125; 33.9072265625
2026-09-17; 09:47:53; 564; 24; 25.23; 1003.5737109375; 33.9091796875
2026-09-17; 09:48:53; 537; 20; 25.25; 1003.5576171875; 33.8310546875
2026-09-17; 09:49:53; 523; 18; 25.26; 1003.53796875; 33.763671875
2026-09-17; 09:50:53; 487; 13; 25.19; 1003.6497265625; 33.8486328125
2026-09-17; 09:51:53; 497; 14; 26.47; 1003.58515625; 32.4130859375
2026-09-17; 09:52:53; 487; 13; 27.88; 1003.5526953125; 30.474609375
2026-09-17; 09:53:53; 518; 17; 28.89; 1003.5171484375; 29.2412109375
2026-09-17; 09:54:53; 560; 24; 29.58; 1003.6278125; 28.64453125
2026-09-17; 09:55:53; 615; 32; 30.19; 1003.5769140625; 28.0068359375
2026-09-17; 09:56:53; 659; 39; 30.61; 1003.5244921875; 27.125
2026-09-17; 09:57:53; 672; 41; 30.85; 1003.551875; 26.759765625
2026-09-17; 09:58:53; 683; 43; 30.99; 1003.548671875; 26.5048828125
2026-09-17; 09:59:53; 700; 45; 31.48; 1003.5574609375; 25.9697265625
2026-09-17; 10:00:53; 690; 44; 31.88; 1003.5761328125; 25.3818359375
2026-09-17; 10:01:53; 666; 40; 32.23; 1003.501953125; 24.962890625
2026-09-17; 10:02:53; 645; 37; 32.62; 1003.4990234375; 24.6162109375
2026-09-17; 10:03:53; 611; 32; 32.55; 1003.493203125; 24.658203125
2026-09-17; 10:04:53; 605; 31; 32.66; 1003.52609375; 24.6064453125
2026-09-17; 10:05:53; 602; 30; 32.88; 1003.5564453125; 24.3291015625
2026-09-17; 10:06:53; 599; 30; 33.18; 1003.514609375; 23.9990234375
2026-09-17; 10:07:53; 581; 27; 33.54; 1003.5678125; 23.5322265625
2026-09-17; 10:08:53; 574; 26; 33.7; 1003.5665625; 23.34375
2026-09-17; 10:09:53; 548; 22; 33.68; 1003.5834765625; 23.435546875
2026-09-17; 10:10:53; 518; 17; 33.9; 1003.583984375; 22.9951171875
2026-09-17; 10:11:53; 514; 17; 34.13; 1003.6369921875; 22.9375
2026-09-17; 10:12:54; 485; 12; 34.4; 1003.6517578125; 22.68359375
2026-09-17; 10:13:54; 434; 5; 34.5; 1003.6400390625; 22.3994140625
2026-09-17; 10:14:54; 415; 2; 34.78; 1003.657578125; 22.146484375
2026-09-17; 10:15:54; 413; 1; 35.05; 1003.6434765625; 21.7646484375
2026-09-17; 10:16:54; 422; 3; 35.14; 1003.6927734375; 21.490234375
2026-09-17; 10:17:54; 438; 5; 35.38; 1003.6101171875; 21.3271484375
2026-09-17; 10:18:54; 428; 4; 35.77; 1003.6225; 20.9853515625
2026-09-17; 10:19:54; 410; 1; 35.82; 1003.62390625; 20.8125
2026-09-17; 10:20:54; 400; 0; 35.64; 1003.5953515625; 20.79296875
2026-09-17; 10:21:54; 405; 0; 35.58; 1003.59359375; 20.9072265625
2026-09-17; 10:22:54; 400; 0; 35.99; 1003.5929296875; 20.576171875
2026-09-17; 10:23:54; 407; 1; 35.94; 1003.57859375; 20.50390625
2026-09-17; 10:24:54; 400; 0; 36.14; 1003.54546875; 20.419921875
2026-09-17; 10:25:54; 403; 0; 36.32; 1003.5945703125; 20.345703125
2026-09-17; 10:26:54; 406; 0; 36.42; 1003.61828125; 20.0947265625
2026-09-17; 10:27:54; 406; 0; 36.56; 1003.5959765625; 19.97265625
2026-09-17; 10:28:54; 406; 0; 36.52; 1003.5898828125; 20.041015625
2026-09-17; 10:29:54; 415; 2; 36.39; 1003.5916015625; 20.1865234375
2026-09-17; 10:30:54; 400; 0; 36.2; 1003.547109375; 20.107421875
2026-09-17; 10:31:54; 400; 0; 36.23; 1003.5453125; 20.3193359375
2026-09-17; 10:32:54; 405; 0; 36.08; 1003.486875; 20.4638671875
2026-09-17; 10:33:54; 406; 0; 36.01; 1003.518515625; 20.5302734375
2026-09-17; 10:34:54; 405; 0; 35.99; 1003.450625; 20.541015625
2026-09-17; 10:35:54; 415; 2; 36.15; 1003.532734375; 20.455078125
2026-09-17; 10:36:54; 420; 3; 36.45; 1003.5931640625; 20.119140625
2026-09-17; 10:37:54; 441; 6; 36.56; 1003.5753515625; 20.322265625
2026-09-17; 10:38:54; 445; 6; 36.5; 1003.5374609375; 20.2724609375
2026-09-17; 10:39:54; 482; 12; 35.93; 1003.4489453125; 20.9462890625
2026-09-17; 10:40:54; 497; 14; 36.07; 1003.4632421875; 20.87109375
2026-09-17; 10:41:54; 514; 17; 36.47; 1003.482265625; 20.4462890625
2026-09-17; 10:42:54; 497; 14; 36.21; 1003.542265625; 20.609375
2026-09-17; 10:43:54; 505; 15; 36.42; 1003.4680078125; 20.3388671875
2026-09-17; 10:44:54; 505; 15; 36.55; 1003.559609375; 20.228515625
2026-09-17; 10:45:54; 472; 10; 36.46; 1003.4665234375; 20.201171875
2026-09-17; 10:46:54; 455; 8; 36.52; 1003.5898828125; 20.1220703125
2026-09-17; 10:47:54; 420; 3; 36.36; 1003.466171875; 20.5341796875
2026-09-17; 10:48:54; 403; 0; 36.21; 1003.4774609375; 20.50390625
2026-09-17; 10:49:54; 400; 0; 36.07; 1003.4711328125; 20.6494140625
2026-09-17; 10:50:54; 400; 0; 35.86; 1003.4596484375; 20.60546875
2026-09-17; 10:51:54; 400; 0; 35.82; 1003.510078125; 20.626953125
2026-09-17; 10:52:54; 400; 0; 35.78; 1003.4469921875; 20.6484375
2026-09-17; 10:53:54; 403; 0; 35.77; 1003.4517578125; 20.7412109375
2026-09-17; 10:54:54; 400; 0; 35.55; 1003.4811328125; 20.8125
2026-09-17; 10:55:55; 400; 0; 35.24; 1003.42484375; 20.97265625
2026-09-17; 10:56:55; 403; 0; 35.38; 1003.4758203125; 20.8505859375
2026-09-17; 10:57:55; 403; 0; 35.25; 1003.448515625; 20.9150390625
2026-09-17; 10:58:55; 400; 0; 35.18; 1003.500390625; 20.9931640625
2026-09-17; 10:59:55; 400; 0; 35.27; 1003.500625; 20.9853515625
2026-09-17; 11:00:55; 400; 0; 35.08; 1003.463828125; 21.138671875
2026-09-17; 11:01:55; 406; 0; 34.83; 1003.5663671875; 21.3955078125
2026-09-17; 11:02:55; 400; 0; 34.48; 1003.438046875; 21.7373046875
2026-09-17; 11:03:55; 400; 0; 33.96; 1003.48875; 22.19921875
2026-09-17; 11:04:55; 400; 0; 33.45; 1003.4535546875; 22.7294921875
2026-09-17; 11:05:55; 400; 0; 33.21; 1003.3920703125; 22.8447265625
2026-09-17; 11:06:55; 400; 0; 33.1; 1003.472734375; 23.0126953125
2026-09-17; 11:07:55; 403; 0; 32.88; 1003.3298828125; 23.34765625
2026-09-17; 11:08:55; 400; 0; 32.82; 1003.3272265625; 23.4375
2026-09-17; 11:09:55; 402; 0; 32.63; 1003.3370703125; 23.54296875
2026-09-17; 11:10:55; 400; 0; 32.43; 1003.35921875; 23.7060546875
2026-09-17; 11:11:55; 403; 0; 32.26; 1003.3596484375; 23.7783203125
2026-09-17; 11:12:55; 402; 0; 32.13; 1003.3873828125; 23.86328125
2026-09-17; 11:13:55; 481; 12; 32.08; 1003.3644921875; 24.0107421875
2026-09-17; 11:14:55; 436; 5; 31.96; 1003.307265625; 24.2802734375
2026-09-17; 11:15:55; 418; 2; 31.93; 1003.3525390625; 24.4169921875
2026-09-17; 11:16:55; 418; 2; 31.84; 1003.3224609375; 24.3896484375
2026-09-17; 11:17:55; 421; 3; 31.94; 1003.24734375; 24.41796875
2026-09-17; 11:18:55; 411; 1; 31.82; 1003.375625; 24.583984375
2026-09-17; 11:19:55; 409; 1; 31.79; 1003.2432421875; 24.84765625
2026-09-17; 11:20:55; 432; 4; 31.69; 1003.2614453125; 25.1181640625
2026-09-17; 11:21:55; 450; 7; 31.56; 1003.2041015625; 24.9501953125
2026-09-17; 11:22:55; 455; 8; 31.56; 1003.2041015625; 25.23828125
2026-09-17; 11:23:55; 450; 7; 31.55; 1003.1317578125; 25.0419921875
2026-09-17; 11:24:55; 442; 6; 31.5; 1003.193828125; 25.1083984375
2026-09-17; 11:25:55; 425; 3; 31.41; 1003.22015625; 25.263671875
2026-09-17; 11:26:55; 409; 1; 31.39; 1003.2166796875; 25.1474609375
2026-09-17; 11:27:55; 411; 1; 31.5; 1003.193828125; 25.2001953125
2026-09-17; 11:28:55; 463; 9; 31.44; 1003.1187890625; 25.5302734375
2026-09-17; 11:29:55; 537; 20; 31.4; 1003.1116015625; 25.5166015625
2026-09-17; 11:30:55; 514; 17; 31.5; 1003.15734375; 24.9931640625
2026-09-17; 11:31:55; 455; 8; 31.51; 1003.1531640625; 24.958984375
2026-09-17; 11:32:55; 432; 4; 31.6; 1003.2316015625; 24.826171875
2026-09-17; 11:33:55; 405; 0; 31.7; 1003.16421875; 24.7392578125
2026-09-17; 11:34:55; 400; 0; 31.77; 1003.1544140625; 24.466796875
2026-09-17; 11:35:55; 400; 0; 31.89; 1003.1474609375; 24.126953125
2026-09-17; 11:36:55; 400; 0; 31.97; 1003.1330859375; 23.9013671875
2026-09-17; 11:37:55; 400; 0; 32.13; 1003.0479296875; 23.6787109375
2026-09-17; 11:38:56; 400; 0; 32.13; 1003.06828125; 23.6328125
2026-09-17; 11:39:56; 405; 0; 32.2; 1003.030078125; 23.6015625
2026-09-17; 11:40:56; 403; 0; 32.2; 1003.03796875; 23.509765625
2026-09-17; 11:41:56; 401; 0; 32.24; 1003.01640625; 23.4658203125
2026-09-17; 11:42:56; 403; 0; 32.21; 1003.0820703125; 23.3828125
2026-09-17; 11:43:56; 400; 0; 32.06; 1002.9571484375; 23.5947265625
2026-09-17; 11:44:56; 402; 0; 31.97; 1002.89890625; 23.83203125
2026-09-17; 11:45:56; 403; 0; 31.86; 1002.9585546875; 23.8603515625
2026-09-17; 11:46:56; 400; 0; 31.73; 1002.9496875; 24.00390625
2026-09-17; 11:47:56; 405; 0; 31.62; 1002.9162109375; 24.0546875
2026-09-17; 11:48:56; 400; 0; 31.61; 1002.9930859375; 24.0322265625
2026-09-17; 11:49:56; 400; 0; 31.51; 1003.0321875; 24.1298828125
2026-09-17; 11:50:56; 405; 0; 31.42; 1002.8969140625; 24.2060546875
2026-09-17; 11:51:56; 402; 0; 31.29; 1002.8598828125; 24.3603515625
2026-09-17; 11:52:56; 401; 0; 31.16; 1002.79421875; 24.2958984375
2026-09-17; 11:53:56; 400; 0; 31.03; 1002.8296875; 24.4150390625
2026-09-17; 11:54:56; 400; 0; 30.79; 1002.815078125; 24.59765625
2026-09-17; 11:55:56; 400; 0; 30.74; 1002.76375; 24.6748046875
2026-09-17; 11:56:56; 400; 0; 30.43; 1002.8148046875; 24.865234375
2026-09-17; 11:57:56; 400; 0; 30.4; 1002.8315625; 24.9208984375
2026-09-17; 11:58:56; 400; 0; 30.26; 1002.777890625; 25.0390625
2026-09-17; 11:59:56; 400; 0; 30.13; 1002.8330859375; 25.26171875
2026-09-17; 12:00:56; 400; 0; 30.15; 1002.723828125; 25.2509765625
2026-09-17; 12:01:56; 400; 0; 30.15; 1002.723828125; 25.2509765625
2026-09-17; 12:02:56; 400; 0; 30.03; 1002.8426953125; 25.3818359375
2026-09-17; 12:03:56; 400; 0; 29.98; 1002.79921875; 25.4599609375
2026-09-17; 12:04:56; 400; 0; 29.91; 1002.8287890625; 25.525390625
2026-09-17; 12:05:56; 400; 0; 29.77; 1002.7390234375; 25.5048828125
2026-09-17; 12:06:56; 400; 0; 29.67; 1002.6725; 25.66015625
2026-09-17; 12:07:56; 400; 0; 29.6; 1002.73015625; 25.64453125
2026-09-17; 12:08:56; 400; 0; 29.52; 1002.7155859375; 25.708984375
2026-09-17; 12:09:56; 400; 0; 29.44; 1002.651953125; 25.91015625
2026-09-17; 12:10:56; 400; 0; 29.46; 1002.62765625; 25.796875
2026-09-17; 12:11:56; 400; 0; 29.52; 1002.638984375; 25.732421875
2026-09-17; 12:12:56; 400; 0; 29.47; 1002.5871875; 25.83203125
2026-09-17; 12:13:56; 400; 0; 29.37; 1002.6895703125; 25.849609375
2026-09-17; 12:14:56; 400; 0; 29.29; 1002.646484375; 25.970703125
2026-09-17; 12:15:56; 400; 0; 29.29; 1002.646484375; 26.0166015625
2026-09-17; 12:16:56; 400; 0; 29.2; 1002.6080078125; 26.0458984375
2026-09-17; 12:17:56; 400; 0; 29.23; 1002.5430078125; 26.0009765625
2026-09-17; 12:18:56; 400; 0; 29.2; 1002.5878125; 26.0
2026-09-17; 12:19:56; 400; 0; 29.1; 1002.577421875; 26.0400390625
2026-09-17; 12:20:56; 400; 0; 29.06; 1002.5136328125; 26.0263671875
2026-09-17; 12:21:56; 400; 0; 29.08; 1002.4811328125; 25.9580078125
2026-09-17; 12:22:57; 400; 0; 28.89; 1002.5040234375; 26.24609375
2026-09-17; 12:23:57; 400; 0; 29.04; 1002.4818359375; 26.0478515625
2026-09-17; 12:24:57; 400; 0; 28.96; 1002.4952734375; 26.0322265625
2026-09-17; 12:25:57; 400; 0; 28.94; 1002.4632421875; 27.0146484375
2026-09-17; 12:26:57; 400; 0; 29.12; 1002.4684375; 27.4716796875
2026-09-17; 12:27:57; 400; 0; 29.38; 1002.45203125; 27.1328125
2026-09-17; 12:28:57; 400; 0; 29.76; 1002.3929296875; 26.673828125
2026-09-17; 12:29:57; 400; 0; 29.77; 1002.436953125; 26.6171875
2026-09-17; 12:30:57; 400; 0; 30.1; 1002.2979296875; 26.3603515625
2026-09-17; 12:31:57; 400; 0; 30.41; 1002.3960546875; 25.931640625
2026-09-17; 12:32:57; 400; 0; 30.34; 1002.33328125; 26.3291015625
2026-09-17; 12:33:57; 400; 0; 30.69; 1002.3255078125; 25.591796875
2026-09-17; 12:34:57; 400; 0; 30.95; 1002.270859375; 25.1806640625
2026-09-17; 12:35:57; 400; 0; 31.09; 1002.239375; 24.9130859375
2026-09-17; 12:36:57; 400; 0; 31.14; 1002.2541015625; 24.765625
2026-09-17; 12:37:57; 400; 0; 31.34; 1002.1686328125; 24.546875
2026-09-17; 12:38:57; 400; 0; 31.18; 1002.1844921875; 24.6650390625
2026-09-17; 12:39:57; 400; 0; 31.34; 1002.1686328125; 24.615234375
2026-09-17; 12:40:57; 400; 0; 31.38; 1002.183671875; 24.6982421875
2026-09-17; 12:41:57; 400; 0; 31.39; 1002.2277734375; 24.791015625
2026-09-17; 12:42:57; 400; 0; 31.44; 1002.1376953125; 24.7138671875
2026-09-17; 12:43:57; 400; 0; 31.43; 1002.1701953125; 24.6669921875
2026-09-17; 12:44:57; 400; 0; 31.49; 1002.1603515625; 24.37109375
2026-09-17; 12:45:57; 400; 0; 31.33; 1002.188984375; 24.7080078125
2026-09-17; 12:46:57; 400; 0; 31.27; 1002.158125; 24.681640625
2026-09-17; 12:47:57; 400; 0; 31.26; 1002.1626171875; 24.7490234375
2026-09-17; 12:48:57; 400; 0; 31.09; 1002.202890625; 25.015625
2026-09-17; 12:49:57; 400; 0; 31.3; 1002.092890625; 24.66015625
2026-09-17; 12:50:57; 400; 0; 31.37; 1001.9983203125; 24.525390625
2026-09-17; 12:51:57; 400; 0; 31.28; 1002.0326953125; 24.7626953125
2026-09-17; 12:52:57; 400; 0; 31.32; 1002.06015625; 24.8330078125
2026-09-17; 12:53:57; 400; 0; 31.38; 1002.00625; 24.791015625
2026-09-17; 12:54:57; 428; 4; 31.41; 1002.00515625; 24.74609375
2026-09-17; 12:55:57; 455; 8; 31.43; 1002.0288671875; 24.5517578125
2026-09-17; 12:56:57; 542; 21; 31.49; 1001.99078125; 25.083984375
2026-09-17; 12:57:57; 656; 39; 31.61; 1001.9958984375; 24.6298828125
2026-09-17; 12:58:57; 719; 48; 31.62; 1001.93484375; 24.55078125
2026-09-17; 12:59:57; 795; 60; 31.62; 1001.9913671875; 24.5625
2026-09-17; 13:00:57; 891; 74; 31.69; 1001.9328125; 24.4736328125
2026-09-17; 13:01:57; 902; 76; 31.75; 1001.9353515625; 24.189453125
2026-09-17; 13:02:57; 870; 71; 31.77; 1001.946640625; 24.0400390625
2026-09-17; 13:03:57; 830; 65; 31.71; 1002.0212890625; 23.9677734375
2026-09-17; 13:04:57; 785; 58; 31.74; 1001.899140625; 23.83203125
2026-09-17; 13:05:58; 752; 53; 31.66; 1002.0753125; 24.0224609375
2026-09-17; 13:06:58; 752; 53; 31.48; 1001.9466796875; 24.634765625
2026-09-17; 13:07:58; 733; 50; 31.46; 1001.963671875; 24.2080078125
2026-09-17; 13:08:58; 708; 46; 31.57; 1001.92015625; 24.052734375
2026-09-17; 13:09:58; 719; 48; 31.54; 1001.892734375; 24.1435546875
2026-09-17; 13:10:58; 795; 60; 31.47; 1001.9026171875; 24.73828125
2026-09-17; 13:11:58; 956; 84; 31.51; 1001.8814453125; 24.994140625
2026-09-17; 13:12:58; 1204; 122; 31.65; 1001.9464453125; 24.9658203125
2026-09-17; 13:13:58; 1453; 160; 31.64; 1001.8737890625; 24.9541015625
2026-09-17; 13:14:58; 1544; 203; 31.66; 1001.9136328125; 24.8515625
2026-09-17; 13:15:58; 1608; 254; 31.71; 1001.9365234375; 25.119140625
2026-09-17; 13:16:58; 1726; 364; 31.72; 1002.0088671875; 25.0283203125
2026-09-17; 13:17:58; 1810; 461; 31.72; 1001.8392578125; 24.994140625
2026-09-17; 13:18:58; 1860; 529; 31.72; 1001.8392578125; 24.5673828125
2026-09-17; 13:19:58; 1887; 567; 31.7; 1001.8841796875; 24.7734375
2026-09-17; 13:20:58; 1991; 730; 31.65; 1001.8130078125; 25.046875
2026-09-17; 13:21:58; 2076; 875; 31.65; 1001.7847265625; 25.0009765625
2026-09-17; 13:22:58; 2124; 972; 31.67; 1001.8446484375; 24.6220703125
2026-09-17; 13:23:58; 2110; 943; 31.72; 1001.916171875; 24.6591796875
2026-09-17; 13:24:58; 2203; 1151; 31.75; 1001.83015625; 24.73046875
2026-09-17; 13:25:58; 2228; 1198; 31.77; 1001.8335546875; 24.6396484375
2026-09-17; 13:26:58; 2234; 1211; 31.84; 1001.76734375; 24.52734375
2026-09-17; 13:27:58; 2298; 1357; 31.72; 1001.782734375; 24.5791015625
2026-09-17; 13:28:58; 2372; 1506; 31.78; 1001.757265625; 24.6279296875
2026-09-17; 13:29:58; 2423; 1618; 31.8; 1001.78890625; 24.5947265625
2026-09-17; 13:30:58; 2460; 1693; 31.81; 1001.7764453125; 24.560546875
2026-09-17; 13:31:58; 2478; 1728; 31.75; 1001.7736328125; 24.603515625
2026-09-17; 13:32:58; 2521; 1829; 31.75; 1001.765703125; 24.591796875
2026-09-17; 13:33:58; 2533; 1855; 31.62; 1001.821796875; 24.6767578125
2026-09-17; 13:34:58; 2533; 1855; 31.65; 1001.7203125; 24.62109375
2026-09-17; 13:35:58; 2572; 1930; 31.54; 1001.7876171875; 24.845703125
2026-09-17; 13:36:58; 2587; 1962; 31.56; 1001.8475; 24.8466796875
2026-09-17; 13:37:58; 2621; 2045; 31.55; 1001.6903515625; 24.7080078125
2026-09-17; 13:38:58; 2611; 2023; 31.5; 1001.7443359375; 24.6591796875
2026-09-17; 13:39:58; 2621; 2045; 31.59; 1001.725703125; 24.537109375
2026-09-17; 13:40:58; 2689; 2186; 31.66; 1001.6592578125; 24.65625
2026-09-17; 13:41:58; 2697; 2203; 31.63; 1001.611484375; 24.5400390625
2026-09-17; 13:42:58; 2758; 2343; 31.65; 1001.6355078125; 24.6318359375
2026-09-17; 13:43:58; 2821; 2480; 31.68; 1001.4930078125; 24.646484375
2026-09-17; 13:44:58; 2797; 2428; 31.66; 1001.602734375; 24.4375
2026-09-17; 13:45:58; 2786; 2404; 31.59; 1001.61265625; 24.4453125
2026-09-17; 13:46:58; 2778; 2387; 31.52; 1001.6146484375; 24.544921875
2026-09-17; 13:47:58; 2792; 2416; 31.43; 1001.6415234375; 24.81640625
2026-09-17; 13:48:59; 2805; 2445; 31.41; 1001.54515625; 24.76953125
2026-09-17; 13:49:59; 2848; 2536; 31.42; 1001.56890625; 24.8388671875
2026-09-17; 13:50:59; 2848; 2536; 31.39; 1001.513515625; 24.755859375
2026-09-17; 13:51:59; 2826; 2484; 31.33; 1001.595703125; 24.7421875
2026-09-17; 13:52:59; 2832; 2501; 31.34; 1001.5471484375; 24.7998046875
2026-09-17; 13:53:59; 2810; 2452; 31.33; 1001.6522265625; 24.7998046875
2026-09-17; 13:54:59; 2826; 2484; 31.35; 1001.619453125; 24.7197265625
2026-09-17; 13:55:59; 2837; 2517; 31.44; 1001.5646484375; 24.5751953125
2026-09-17; 13:56:59; 2878; 2601; 31.43; 1001.6333203125; 24.81640625
2026-09-17; 13:57:59; 3087; 3027; 31.47; 1001.5838671875; 24.7041015625
2026-09-17; 13:58:59; 3053; 2954; 31.49; 1001.67203125; 24.1181640625
2026-09-17; 13:59:59; 2859; 2564; 31.43; 1001.6415234375; 24.1142578125
2026-09-17; 14:00:59; 2730; 2291; 31.34; 1001.5753515625; 24.0751953125
2026-09-17; 14:01:59; 2596; 1991; 31.3; 1001.576484375; 24.1533203125
2026-09-17; 14:02:59; 2467; 1708; 31.36; 1001.6069921875; 23.94921875
2026-09-17; 14:03:59; 2347; 1453; 31.31; 1001.5923046875; 24.02734375
2026-09-17; 14:04:59; 2270; 1290; 31.3; 1001.61265625; 24.0615234375
2026-09-17; 14:05:59; 2189; 1120; 31.3; 1001.576484375; 23.98046875
2026-09-17; 14:06:59; 2116; 957; 31.28; 1001.608984375; 24.0380859375
2026-09-17; 14:07:59; 2056; 836; 31.35; 1001.5426171875; 23.94921875
2026-09-17; 14:08:59; 1991; 730; 31.35; 1001.48609375; 23.9150390625
2026-09-17; 14:09:59; 1939; 647; 31.35; 1001.48609375; 23.8798828125
2026-09-17; 14:10:59; 1885; 564; 31.26; 1001.4360546875; 23.93359375
2026-09-17; 14:11:59; 1832; 490; 31.3; 1001.4917578125; 23.865234375
2026-09-17; 14:12:59; 1780; 428; 31.24; 1001.4326953125; 23.9658203125
2026-09-17; 14:13:59; 1785; 434; 31.32; 1001.4386328125; 24.02734375
2026-09-17; 14:14:59; 1787; 435; 31.27; 1001.4801171875; 24.025390625
2026-09-17; 14:15:59; 1774; 418; 31.29; 1001.483828125; 24.1650390625
2026-09-17; 14:16:59; 1806; 457; 31.31; 1001.3945703125; 24.177734375
2026-09-17; 14:17:59; 1810; 461; 31.3; 1001.3584375; 24.0498046875
2026-09-17; 14:18:59; 1803; 452; 31.36; 1001.5019140625; 24.087890625
2026-09-17; 14:19:59; 1827; 483; 31.42; 1001.3914453125; 24.044921875
2026-09-17; 14:20:59; 1848; 513; 31.43; 1001.3307421875; 23.96484375
2026-09-17; 14:21:59; 1839; 501; 31.39; 1001.2874609375; 24.146484375
2026-09-17; 14:22:59; 1908; 596; 31.33; 1001.3414453125; 24.33984375
2026-09-17; 14:23:59; 1928; 626; 31.31; 1001.2815625; 24.3154296875
2026-09-17; 14:24:59; 1973; 700; 31.2; 1001.25578125; 24.3896484375
2026-09-17; 14:25:59; 1985; 720; 31.31; 1001.16859375; 24.2353515625
2026-09-17; 14:26:59; 2004; 756; 31.25; 1001.166015625; 24.2666015625
2026-09-17; 14:27:59; 2006; 757; 31.31; 1001.196796875; 24.177734375
2026-09-17; 14:28:59; 2060; 843; 31.23; 1001.21125; 24.4599609375
2026-09-17; 14:29:59; 2134; 994; 31.19; 1001.14734375; 24.3779296875
2026-09-17; 14:30:59; 2148; 1023; 31.25; 1001.2225390625; 24.3701171875
2026-09-17; 14:32:00; 2206; 1157; 31.25; 1001.1580859375; 24.4150390625
2026-09-17; 14:33:00; 2234; 1211; 31.19; 1001.203828125; 24.447265625
2026-09-17; 14:34:00; 2255; 1258; 31.22; 1001.0818359375; 24.4599609375
2026-09-17; 14:35:00; 2336; 1433; 31.16; 1001.071328125; 24.537109375
2026-09-17; 14:36:00; 2326; 1410; 31.2; 1001.086328125; 24.3779296875
2026-09-17; 14:37:00; 2460; 1693; 31.2; 1001.086328125; 24.5283203125
2026-09-17; 14:38:00; 2457; 1688; 31.16; 1001.023046875; 24.23828125
2026-09-17; 14:39:00; 2365; 1492; 31.14; 1000.983203125; 24.1796875
2026-09-17; 14:40:00; 2384; 1533; 31.09; 1000.903828125; 24.3837890625
2026-09-17; 14:41:00; 2423; 1618; 31.07; 1000.9569140625; 24.439453125
2026-09-17; 14:42:00; 2488; 1758; 31.08; 1000.8315625; 24.5673828125
2026-09-17; 14:43:00; 2567; 1924; 31.08; 1000.8676953125; 24.5556640625
2026-09-17; 14:44:00; 2497; 1774; 31.04; 1000.8608984375; 24.2890625
2026-09-17; 14:45:00; 2507; 1799; 31.09; 1000.8837890625; 24.361328125
2026-09-17; 14:46:00; 2485; 1743; 30.96; 1000.854921875; 24.2734375
2026-09-17; 14:47:00; 2448; 1668; 31.03; 1000.824765625; 24.2890625
2026-09-17; 14:48:00; 2457; 1688; 31.02; 1000.893671875; 24.3232421875
2026-09-17; 14:49:00; 2488; 1758; 31.03; 1000.7683203125; 24.5078125
2026-09-17; 14:50:00; 2567; 1924; 31.02; 1000.7242578125; 24.4150390625
2026-09-17; 14:51:00; 2611; 2023; 31.05; 1000.7637890625; 24.4853515625
2026-09-17; 14:52:00; 2626; 2051; 31.09; 1000.8555859375; 24.2802734375
2026-09-17; 14:53:00; 2667; 2138; 31.04; 1000.7841015625; 24.3701171875
2026-09-17; 14:54:00; 2689; 2186; 31.13; 1000.6646484375; 24.224609375
2026-09-17; 14:55:00; 2679; 2154; 31.13; 1000.8341015625; 24.328125
2026-09-17; 14:56:00; 2758; 2343; 31.04; 1000.6915234375; 24.30078125
2026-09-17; 14:57:00; 2837; 2517; 31.05; 1000.686953125; 24.416015625
2026-09-17; 14:58:00; 2878; 2601; 31.04; 1000.6915234375; 24.265625
2026-09-17; 14:59:00; 2856; 2548; 31.09; 1000.6296484375; 24.130859375
2026-09-17; 15:00:00; 2792; 2416; 31.0; 1000.579375; 24.1611328125
2026-09-17; 15:01:00; 2715; 2257; 31.04; 1000.6429296875; 24.1513671875
2026-09-17; 15:02:00; 2674; 2154; 31.04; 1000.6632421875; 24.09375
2026-09-17; 15:03:00; 2611; 2023; 31.02; 1000.5265625; 24.0810546875
2026-09-17; 15:04:00; 2591; 1977; 30.96; 1000.572578125; 24.1357421875
2026-09-17; 15:05:00; 2591; 1977; 31.08; 1000.6338671875; 24.1416015625
2026-09-17; 15:06:00; 2682; 2170; 31.07; 1000.618046875; 24.2333984375
2026-09-17; 15:07:00; 2674; 2154; 31.1; 1000.6737109375; 24.0048828125
2026-09-17; 15:08:00; 2601; 2002; 31.16; 1000.5994140625; 23.9052734375
2026-09-17; 15:09:00; 2630; 2066; 31.21; 1000.670546875; 23.8837890625
2026-09-17; 15:10:00; 2616; 2034; 31.25; 1000.6779296875; 23.86328125
2026-09-17; 15:11:00; 2667; 2138; 31.22; 1000.553046875; 23.8505859375
2026-09-17; 15:12:00; 2579; 1946; 31.28; 1000.5841015625; 23.646484375
2026-09-17; 15:13:00; 2528; 1845; 31.26; 1000.5807421875; 23.7490234375
2026-09-17; 15:14:00; 2563; 1917; 31.29; 1000.5516015625; 23.7275390625
2026-09-17; 15:15:01; 2521; 1829; 31.27; 1000.5400390625; 23.6689453125
2026-09-17; 15:16:01; 2497; 1774; 31.22; 1000.553046875; 23.7119140625
2026-09-17; 15:17:01; 2452; 1673; 31.23; 1000.5050390625; 23.724609375
2026-09-17; 15:18:01; 2497; 1774; 31.17; 1000.550859375; 23.8359375
2026-09-17; 15:19:01; 2485; 1743; 31.21; 1000.50109375; 23.7119140625
2026-09-17; 15:20:01; 2467; 1708; 31.18; 1000.405078125; 23.7333984375
2026-09-17; 15:21:01; 2497; 1774; 31.1; 1000.476015625; 23.9130859375
2026-09-17; 15:22:01; 2514; 1814; 31.11; 1000.4918359375; 23.9013671875
2026-09-17; 15:23:01; 2507; 1799; 31.15; 1000.51890625; 23.8232421875
2026-09-17; 15:24:01; 2471; 1713; 31.07; 1000.400078125; 23.876953125
2026-09-17; 15:25:01; 2448; 1668; 31.09; 1000.431953125; 23.8896484375
2026-09-17; 15:26:01; 2467; 1708; 31.09; 1000.37546875; 23.912109375
2026-09-17; 15:27:01; 2438; 1643; 31.09; 1000.3673046875; 23.8427734375
2026-09-17; 15:28:01; 2416; 1603; 31.13; 1000.353984375; 23.7421875
2026-09-17; 15:29:01; 2380; 1528; 31.12; 1000.3664453125; 23.7646484375
2026-09-17; 15:30:01; 2355; 1472; 31.18; 1000.340703125; 23.7216796875
2026-09-17; 15:31:01; 2351; 1466; 31.15; 1000.2930078125; 23.7431640625
2026-09-17; 15:32:01; 2347; 1453; 31.1; 1000.278359375; 23.8212890625
2026-09-17; 15:33:01; 2359; 1477; 31.12; 1000.3020703125; 23.8564453125
2026-09-17; 15:34:01; 2397; 1562; 31.05; 1000.291640625; 24.0029296875
2026-09-17; 15:35:01; 2402; 1577; 31.03; 1000.28828125; 23.990234375
2026-09-17; 15:36:01; 2452; 1673; 31.02; 1000.32890625; 24.0244140625
2026-09-17; 15:37:01; 2460; 1693; 31.01; 1000.304921875; 23.9658203125
2026-09-17; 15:38:01; 2428; 1633; 30.99; 1000.3659375; 23.98828125
2026-09-17; 15:39:01; 2452; 1673; 30.97; 1000.3546484375; 23.89453125
2026-09-17; 15:40:01; 2428; 1633; 30.99; 1000.309453125; 23.9990234375
2026-09-17; 15:41:01; 2493; 1768; 30.99; 1000.309453125; 24.091796875
2026-09-17; 15:42:01; 2533; 1855; 30.97; 1000.2981640625; 24.08984375
2026-09-17; 15:43:01; 2563; 1917; 31.01; 1000.16375; 24.080078125
2026-09-17; 15:44:01; 2572; 1930; 31.0; 1000.240546875; 23.9423828125
2026-09-17; 15:45:01; 2497; 1774; 30.92; 1000.1623828125; 23.9951171875
2026-09-17; 15:46:01; 2563; 1917; 31.01; 1000.2563671875; 24.0
2026-09-17; 15:47:01; 2621; 2045; 30.97; 1000.1569921875; 24.08984375
2026-09-17; 15:48:01; 2591; 1977; 30.95; 1000.1815234375; 23.9052734375
2026-09-17; 15:49:01; 2616; 2034; 30.9; 1000.074296875; 24.09765625
2026-09-17; 15:50:01; 2645; 2099; 30.91; 1000.2030078125; 24.1328125
2026-09-17; 15:51:01; 2641; 2083; 30.91; 1000.1826953125; 24.14453125
2026-09-17; 15:52:01; 2591; 1977; 30.84; 1000.2693359375; 24.025390625
2026-09-17; 15:53:01; 2567; 1924; 30.81; 1000.072578125; 24.115234375
2026-09-17; 15:54:01; 2572; 1930; 30.77; 1000.1380859375; 24.171875
2026-09-17; 15:55:01; 2626; 2051; 30.78; 1000.1459765625; 24.2060546875
2026-09-17; 15:56:01; 2679; 2154; 30.78; 1000.0691796875; 24.16015625
2026-09-17; 15:57:01; 2572; 1930; 30.75; 1000.0703125; 23.986328125
2026-09-17; 15:58:02; 2511; 1799; 30.75; 999.957421875; 23.998046875
2026-09-17; 15:59:02; 2533; 1855; 30.85; 999.9949609375; 24.0947265625
2026-09-17; 16:00:02; 2511; 1799; 30.82; 1000.032265625; 24.0244140625
2026-09-17; 16:01:02; 2467; 1708; 30.91; 1000.0980078125; 23.8681640625
2026-09-17; 16:02:02; 2471; 1713; 30.88; 1000.0423828125; 24.0625
2026-09-17; 16:03:02; 2511; 1799; 30.89; 1000.06640625; 23.958984375
2026-09-17; 16:04:02; 2457; 1688; 30.81; 999.9958203125; 23.8974609375
2026-09-17; 16:05:02; 2402; 1577; 30.83; 999.9351171875; 23.8408203125
2026-09-17; 16:06:02; 2340; 1439; 30.88; 999.8730078125; 23.7744140625
2026-09-17; 16:07:02; 2279; 1315; 30.82; 999.842578125; 23.759765625
2026-09-17; 16:08:02; 2224; 1197; 30.9; 999.8766796875; 23.7529296875
2026-09-17; 16:09:02; 2164; 1058; 30.95; 999.8427734375; 23.640625
2026-09-17; 16:10:02; 2114; 948; 30.91; 999.8642578125; 23.6845703125
2026-09-17; 16:11:02; 2114; 948; 30.85; 999.853828125; 23.6923828125
2026-09-17; 16:12:02; 2080; 881; 30.86; 999.849296875; 23.716796875
2026-09-17; 16:13:02; 2086; 891; 30.83; 999.9069140625; 23.8408203125
2026-09-17; 16:14:02; 2074; 870; 30.75; 999.90890625; 23.7568359375
2026-09-17; 16:15:02; 2035; 810; 30.83; 999.8866015625; 23.69140625
2026-09-17; 16:16:02; 2019; 781; 30.81; 999.875; 23.7021484375
2026-09-17; 16:17:02; 1994; 736; 30.73; 999.8690625; 23.7900390625
2026-09-17; 16:18:02; 1980; 711; 30.72; 999.8329296875; 23.7783203125
2026-09-17; 16:19:02; 1977; 707; 30.76; 999.8321484375; 23.814453125
2026-09-17; 16:20:02; 1962; 683; 30.69; 999.7573046875; 23.8115234375
2026-09-17; 16:21:02; 1959; 676; 30.67; 999.7739453125; 23.8447265625
2026-09-17; 16:22:02; 1950; 664; 30.72; 999.8250390625; 23.8701171875
2026-09-17; 16:23:02; 1973; 700; 30.73; 999.8205078125; 23.8017578125
2026-09-17; 16:24:02; 1977; 707; 30.77; 999.799375; 23.7001953125
2026-09-17; 16:25:02; 1970; 694; 30.71; 999.8374609375; 23.75390625
2026-09-17; 16:26:02; 1953; 667; 30.71; 999.760703125; 23.697265625
2026-09-17; 16:27:02; 1950; 664; 30.75; 999.73953125; 23.7109375
2026-09-17; 16:28:02; 1953; 667; 30.75; 999.7880859375; 23.7216796875
2026-09-17; 16:29:02; 1980; 711; 30.7; 999.7651953125; 23.75390625
2026-09-17; 16:30:02; 1973; 700; 30.68; 999.7618359375; 23.7529296875
2026-09-17; 16:31:02; 1968; 692; 30.73; 999.6794140625; 23.65234375
2026-09-17; 16:32:02; 1959; 676; 30.8; 999.6694921875; 23.65625
2026-09-17; 16:33:02; 1957; 674; 30.69; 999.5880078125; 23.7197265625
2026-09-17; 16:34:02; 1953; 667; 30.7; 999.6241015625; 23.6962890625
2026-09-17; 16:35:02; 1939; 647; 30.65; 999.5523828125; 23.6943359375
2026-09-17; 16:36:02; 1935; 641; 30.71; 999.498828125; 23.673828125
2026-09-17; 16:37:02; 1940; 649; 30.72; 999.5507421875; 23.6865234375
2026-09-17; 16:38:02; 1977; 707; 30.76; 999.4933984375; 23.6650390625
2026-09-17; 16:39:02; 2015; 773; 30.8; 999.4640234375; 23.609375
2026-09-17; 16:40:02; 2036; 813; 30.89; 999.49390625; 23.5107421875
2026-09-17; 16:41:03; 2068; 857; 30.93; 999.500625; 23.501953125
2026-09-17; 16:42:03; 2074; 870; 30.79; 999.3996875; 23.505859375
2026-09-17; 16:43:03; 2056; 836; 30.85; 999.410078125; 23.4287109375
2026-09-17; 16:44:03; 2035; 810; 30.84; 999.4428515625; 23.4619140625
2026-09-17; 16:45:03; 2031; 803; 30.89; 999.417109375; 23.4765625
2026-09-17; 16:46:03; 2116; 957; 30.89; 999.4453125; 23.4990234375
2026-09-17; 16:47:03; 2168; 1071; 30.84; 999.3863671875; 23.623046875
2026-09-17; 16:48:03; 2206; 1157; 30.9; 999.4046875; 23.626953125
2026-09-17; 16:49:03; 2302; 1358; 30.87; 999.3491015625; 23.6826171875
2026-09-17; 16:50:03; 2397; 1562; 30.86; 999.3694140625; 23.6591796875
2026-09-17; 16:51:03; 2380; 1528; 30.92; 999.3154296875; 23.408203125
2026-09-17; 16:52:03; 2326; 1410; 30.97; 999.31; 23.2734375
2026-09-17; 16:53:03; 2274; 1300; 30.95; 999.3910546875; 23.25
2026-09-17; 16:54:03; 2214; 1174; 30.93; 999.4520703125; 23.2138671875
2026-09-17; 16:55:03; 2168; 1071; 31.0; 999.413828125; 23.1826171875
2026-09-17; 16:56:03; 2116; 957; 30.93; 999.359453125; 23.19140625
2026-09-17; 16:57:03; 2090; 901; 30.98; 999.3619140625; 23.205078125
2026-09-17; 16:58:03; 2070; 865; 31.02; 999.36890625; 23.0927734375
2026-09-17; 16:59:03; 2036; 813; 31.0; 999.280546875; 23.1142578125
2026-09-17; 17:00:03; 2012; 767; 31.02; 999.1912890625; 23.103515625
2026-09-17; 17:01:03; 1985; 720; 30.99; 999.2365234375; 23.0791015625
2026-09-17; 17:02:03; 1968; 692; 30.95; 999.1733984375; 23.111328125
2026-09-17; 17:03:03; 1957; 674; 30.95; 999.22984375; 23.146484375
2026-09-17; 17:04:03; 1953; 667; 30.97; 999.26140625; 23.0673828125
2026-09-17; 17:05:03; 1953; 667; 30.97; 999.2049609375; 23.1015625
2026-09-17; 17:06:03; 1970; 694; 30.87; 999.2440625; 23.1650390625
2026-09-17; 17:07:03; 1968; 692; 30.9; 999.2273828125; 23.189453125
2026-09-17; 17:08:03; 1962; 683; 30.95; 999.2780859375; 23.111328125
2026-09-17; 17:09:03; 1953; 667; 30.86; 999.2000390625; 23.1875
2026-09-17; 17:10:03; 1950; 664; 30.88; 999.251953125; 23.1767578125
2026-09-17; 17:11:03; 1930; 631; 30.81; 999.1411328125; 23.23046875
2026-09-17; 17:12:03; 1911; 601; 30.91; 999.1381640625; 23.0751953125
2026-09-17; 17:13:03; 1890; 571; 30.84; 999.1402734375; 23.12890625
2026-09-17; 17:14:03; 1894; 576; 30.94; 999.157265625; 23.1455078125
2026-09-17; 17:15:03; 1940; 649; 30.87; 999.1029296875; 23.22265625
2026-09-17; 17:16:03; 1970; 694; 30.92; 999.0895703125; 23.1552734375
2026-09-17; 17:17:03; 1970; 694; 30.91; 999.109921875; 23.0869140625
2026-09-17; 17:18:03; 1959; 676; 30.87; 999.0950390625; 23.083984375
2026-09-17; 17:19:03; 1953; 667; 30.89; 999.0219140625; 23.1083984375
2026-09-17; 17:20:03; 1939; 647; 30.84; 998.9912109375; 23.0595703125
2026-09-17; 17:21:03; 1919; 614; 30.89; 999.013984375; 23.0390625
2026-09-17; 17:22:03; 1902; 588; 30.94; 999.0647265625; 23.0185546875
2026-09-17; 17:23:03; 1899; 584; 30.9; 999.0015234375; 23.05078125
2026-09-17; 17:24:04; 1870; 543; 30.89; 998.9371875; 22.958984375
2026-09-17; 17:25:04; 1855; 523; 30.96; 998.9271875; 22.9970703125
2026-09-17; 17:26:04; 1836; 497; 30.92; 998.86375; 22.9375
2026-09-17; 17:27:04; 1822; 477; 30.81; 998.9514453125; 23.0703125
2026-09-17; 17:28:04; 1811; 463; 30.78; 998.98875; 23.0224609375
2026-09-17; 17:29:04; 1795; 444; 30.82; 998.9675390625; 23.0361328125
2026-09-17; 17:30:04; 1774; 418; 30.92; 998.891953125; 22.9375
2026-09-17; 17:31:04; 1762; 405; 30.89; 998.90109375; 22.958984375
2026-09-17; 17:32:04; 1756; 399; 30.84; 998.85796875; 23.025390625
2026-09-17; 17:33:04; 1762; 405; 30.92; 998.891953125; 22.9716796875
2026-09-17; 17:34:04; 1753; 394; 30.86; 998.776640625; 23.00390625
2026-09-17; 17:35:04; 1756; 396; 30.89; 998.824296875; 22.923828125
2026-09-17; 17:36:04; 1743; 384; 30.82; 998.82640625; 23.0009765625
2026-09-17; 17:37:04; 1738; 377; 30.89; 998.7881640625; 22.923828125
2026-09-17; 17:38:04; 1729; 366; 30.86; 998.7687109375; 22.95703125
2026-09-17; 17:39:04; 1729; 366; 30.84; 998.77328125; 22.9912109375
2026-09-17; 17:40:04; 1726; 364; 30.81; 998.782109375; 23.0244140625
2026-09-17; 17:41:04; 1735; 372; 30.85; 998.75296875; 22.9912109375
2026-09-17; 17:42:04; 1738; 374; 30.89; 998.759921875; 22.9814453125
2026-09-17; 17:43:04; 1738; 377; 30.83; 998.7575390625; 22.978515625
2026-09-17; 17:44:04; 1738; 374; 30.84; 998.8015234375; 22.9560546875
2026-09-17; 17:45:04; 1735; 372; 30.89; 998.73171875; 22.970703125
2026-09-17; 17:46:04; 1738; 377; 30.89; 998.824296875; 22.958984375
2026-09-17; 17:47:04; 1735; 372; 30.86; 998.7201953125; 22.9697265625
2026-09-17; 17:48:04; 1735; 372; 30.87; 998.756328125; 22.98046875
2026-09-17; 17:49:04; 1729; 366; 30.85; 998.75296875; 22.9912109375
2026-09-17; 17:50:04; 1703; 341; 30.73; 998.691640625; 23.04296875
2026-09-17; 17:51:04; 1712; 351; 30.79; 998.6940625; 23.0341796875
2026-09-17; 17:52:04; 1717; 355; 30.74; 998.735625; 23.0087890625
2026-09-17; 17:53:04; 1712; 351; 30.8; 998.67375; 23.01171875
2026-09-17; 17:54:04; 1710; 349; 30.81; 998.717734375; 23.0234375
2026-09-17; 17:55:04; 1712; 351; 30.77; 998.7754296875; 22.9873046875
2026-09-17; 17:56:04; 1710; 349; 30.77; 998.6986328125; 22.96484375
2026-09-17; 17:57:04; 1715; 354; 30.76; 998.7675; 23.021484375
2026-09-17; 17:58:04; 1726; 364; 30.68; 998.78203125; 23.017578125
2026-09-17; 17:59:04; 1726; 364; 30.73; 998.7683984375; 23.0654296875
2026-09-17; 18:00:04; 1738; 377; 30.74; 998.727734375; 22.974609375
2026-09-17; 18:01:04; 1738; 374; 30.75; 998.6873828125; 22.9169921875
2026-09-17; 18:02:04; 1741; 381; 30.74; 998.735625; 22.986328125
2026-09-17; 18:03:04; 1753; 394; 30.79; 998.7505078125; 22.98828125
2026-09-17; 18:04:04; 1756; 399; 30.75; 998.7155859375; 22.9287109375
2026-09-17; 18:05:04; 1762; 405; 30.75; 998.7720703125; 22.9404296875
2026-09-17; 18:06:04; 1762; 405; 30.72; 998.7605078125; 22.9970703125
2026-09-17; 18:07:05; 1764; 407; 30.67; 998.737734375; 23.0283203125
2026-09-17; 18:08:05; 1762; 405; 30.7; 998.7571484375; 23.0068359375
2026-09-17; 18:09:05; 1764; 407; 30.63; 998.6178515625; 23.060546875
2026-09-17; 18:10:05; 1756; 396; 30.59; 998.6390234375; 23.1962890625
2026-09-17; 18:11:05; 1759; 402; 30.55; 998.7090625; 23.2060546875
2026-09-17; 18:12:05; 1775; 422; 30.59; 998.7519140625; 23.150390625
2026-09-17; 18:13:05; 1806; 457; 30.57; 998.68421875; 23.18359375
2026-09-17; 18:14:05; 1817; 471; 30.64; 998.73859375; 23.0498046875
2026-09-17; 18:15:05; 1836; 497; 30.5; 998.7584765625; 23.23828125
2026-09-17; 18:16:05; 1829; 487; 30.41; 998.6725; 23.2216796875
2026-09-17; 18:17:05; 1829; 487; 30.44; 998.655546875; 23.26953125
2026-09-17; 18:18:05; 1827; 483; 30.51; 998.68171875; 23.2841796875
2026-09-17; 18:19:05; 1848; 513; 30.43; 998.66796875; 23.2802734375
2026-09-17; 18:20:05; 1836; 497; 30.39; 998.689140625; 23.2783203125
2026-09-17; 18:21:05; 1855; 523; 30.36; 998.70609375; 23.4150390625
2026-09-17; 18:22:05; 1819; 474; 30.32; 998.7475390625; 23.3779296875
2026-09-17; 18:23:05; 1839; 501; 30.37; 998.629375; 23.369140625
2026-09-17; 18:24:05; 1887; 567; 30.34; 998.6744921875; 23.4365234375
2026-09-17; 18:25:05; 1890; 571; 30.35; 998.6823828125; 23.40234375
2026-09-17; 18:26:05; 1897; 581; 30.31; 998.71140625; 23.412109375
2026-09-17; 18:27:05; 1908; 596; 30.3; 998.6392578125; 23.48046875
2026-09-17; 18:28:05; 1911; 601; 30.16; 998.643125; 23.49609375
2026-09-17; 18:29:05; 1875; 548; 30.13; 998.57546875; 23.5751953125
2026-09-17; 18:30:05; 1875; 548; 30.04; 998.5936328125; 23.6044921875
2026-09-17; 18:31:05; 1836; 497; 29.97; 998.5831640625; 23.7275390625
2026-09-17; 18:32:05; 1822; 477; 29.97; 998.555; 23.705078125
2026-09-17; 18:33:05; 1814; 468; 29.96; 998.58765625; 23.830078125
2026-09-17; 18:34:05; 1814; 468; 29.93; 998.5684375; 23.8056640625
2026-09-17; 18:35:05; 1819; 474; 29.98; 998.5910546875; 23.7734375
2026-09-17; 18:36:05; 1806; 457; 30.01; 998.526015625; 23.7294921875
2026-09-17; 18:37:05; 1800; 450; 29.92; 998.580546875; 23.7705078125
2026-09-17; 18:38:05; 1811; 463; 29.89; 998.541015625; 23.8955078125
2026-09-17; 18:39:05; 1817; 471; 29.92; 998.55234375; 23.8505859375
2026-09-17; 18:40:05; 1822; 477; 29.9; 998.50046875; 23.861328125
2026-09-17; 18:41:05; 1827; 483; 29.89; 998.533125; 23.91796875
2026-09-17; 18:42:05; 1839; 501; 29.92; 998.4677734375; 23.9189453125
2026-09-17; 18:43:05; 1857; 526; 29.89; 998.44859375; 23.837890625
2026-09-17; 18:44:05; 1836; 497; 29.83; 998.474140625; 23.845703125
2026-09-17; 18:45:05; 1834; 494; 29.79; 998.459453125; 23.8095703125
2026-09-17; 18:46:05; 1817; 471; 29.78; 998.4433203125; 23.9345703125
2026-09-17; 18:47:05; 1811; 463; 29.67; 998.3977734375; 24.08984375
2026-09-17; 18:48:05; 1790; 439; 29.6; 998.4480078125; 24.2236328125
2026-09-17; 18:49:06; 1817; 471; 29.61; 998.4074609375; 24.212890625
2026-09-17; 18:50:06; 1819; 474; 29.59; 998.4040625; 24.2685546875
2026-09-17; 18:51:06; 1844; 507; 29.57; 998.4284765625; 24.279296875
2026-09-17; 18:52:06; 1836; 497; 29.49; 998.3578125; 24.2861328125
2026-09-17; 18:53:06; 1870; 543; 29.5; 998.4096875; 24.4130859375
2026-09-17; 18:54:06; 1870; 543; 29.47; 998.41859375; 24.388671875
2026-09-17; 18:55:06; 1887; 567; 29.48; 998.3780859375; 24.3896484375
2026-09-17; 18:56:06; 1890; 571; 29.47; 998.354375; 24.376953125
2026-09-17; 18:57:06; 1890; 571; 29.4; 998.34375; 24.4423828125
2026-09-17; 18:58:06; 1908; 596; 29.37; 998.457109375; 24.5205078125
2026-09-17; 18:59:06; 1928; 626; 29.31; 998.362265625; 24.6552734375
2026-09-17; 19:00:06; 1922; 619; 29.3; 998.3541015625; 24.57421875
2026-09-17; 19:01:06; 1922; 619; 29.27; 998.3832421875; 24.6298828125
2026-09-17; 19:02:06; 1933; 634; 29.22; 998.4165625; 24.7412109375
2026-09-17; 19:03:06; 1940; 649; 29.22; 998.424453125; 24.6962890625
2026-09-17; 19:04:06; 1959; 676; 29.2; 998.384921875; 24.7744140625
2026-09-17; 19:05:06; 1968; 692; 29.1; 998.3470703125; 24.7919921875
2026-09-17; 19:06:06; 1977; 707; 29.11; 998.334765625; 24.81640625
2026-09-17; 19:07:06; 1980; 711; 29.05; 998.3240234375; 24.880859375
2026-09-17; 19:08:06; 1973; 700; 29.06; 998.347734375; 24.859375
2026-09-17; 19:09:06; 1973; 700; 29.04; 998.3926953125; 24.8916015625
2026-09-17; 19:10:06; 1985; 720; 28.98; 998.4382421875; 25.0029296875
2026-09-17; 19:11:06; 1998; 742; 28.94; 998.3826171875; 25.03515625
2026-09-17; 19:12:06; 2006; 757; 28.88; 998.3231640625; 25.1240234375
2026-09-17; 19:13:06; 2022; 787; 28.83; 998.320625; 25.1552734375
2026-09-17; 19:14:06; 2035; 810; 28.78; 998.36171875; 25.232421875
2026-09-17; 19:15:06; 2070; 865; 28.78; 998.33359375; 25.3017578125
2026-09-17; 19:16:06; 2090; 901; 28.76; 998.4144921875; 25.27734375
2026-09-17; 19:17:06; 2100; 922; 28.72; 998.4071875; 25.2978515625
2026-09-17; 19:18:06; 2086; 891; 28.67; 998.4684765625; 25.3173828125
2026-09-17; 19:19:06; 2086; 891; 28.66; 998.360390625; 25.3974609375
2026-09-17; 19:20:06; 2086; 891; 28.63; 998.405234375; 25.3955078125
2026-09-17; 19:21:06; 2086; 891; 28.6; 998.421640625; 25.439453125
2026-09-17; 19:22:06; 2090; 901; 28.59; 998.3135546875; 25.4736328125
2026-09-17; 19:23:06; 2092; 909; 28.52; 998.407265625; 25.5498046875
2026-09-17; 19:24:06; 2110; 943; 28.46; 998.4245703125; 25.6142578125
2026-09-17; 19:25:06; 2114; 948; 28.43; 998.433359375; 25.7041015625
2026-09-17; 19:26:06; 2116; 957; 28.39; 998.369765625; 25.7470703125
2026-09-17; 19:27:06; 2134; 994; 28.34; 998.3266796875; 25.779296875
2026-09-17; 19:28:06; 2154; 1036; 28.36; 998.370625; 25.8486328125
2026-09-17; 19:29:06; 2174; 1084; 28.31; 998.355390625; 25.92578125
2026-09-17; 19:30:06; 2199; 1138; 28.28; 998.3717578125; 25.9697265625
2026-09-17; 19:31:06; 2214; 1174; 28.24; 998.3081640625; 25.9677734375
2026-09-17; 19:32:07; 2228; 1198; 28.24; 998.356484375; 25.990234375
2026-09-17; 19:33:07; 2238; 1220; 28.2; 998.264765625; 26.11328125
2026-09-17; 19:34:07; 2253; 1252; 28.16; 998.2858203125; 26.111328125
2026-09-17; 19:35:07; 2283; 1320; 28.15; 998.3262109375; 26.16796875
2026-09-17; 19:36:07; 2309; 1381; 28.12; 998.390859375; 26.154296875
2026-09-17; 19:37:07; 2336; 1433; 28.07; 998.2915234375; 26.220703125
2026-09-17; 19:38:07; 2365; 1492; 28.03; 998.3965625; 26.263671875
2026-09-17; 19:39:07; 2384; 1533; 27.99; 998.361015625; 26.3759765625
2026-09-17; 19:40:07; 2416; 1603; 27.98; 998.3171484375; 26.4208984375
2026-09-17; 19:41:07; 2452; 1673; 27.98; 998.3812109375; 26.4091796875
2026-09-17; 19:42:07; 2485; 1743; 27.96; 998.4338671875; 26.4765625
2026-09-17; 19:43:07; 2521; 1829; 27.96; 998.369765625; 26.4990234375
2026-09-17; 19:44:07; 2556; 1902; 27.95; 998.418046875; 26.4755859375
2026-09-17; 19:45:07; 2591; 1977; 27.92; 998.3904296875; 26.53125
2026-09-17; 19:46:07; 2621; 2045; 27.89; 998.3710546875; 26.5517578125
2026-09-17; 19:47:07; 2659; 2121; 27.88; 998.3833203125; 26.630859375
2026-09-17; 19:48:07; 2689; 2186; 27.86; 998.41546875; 26.6650390625
2026-09-17; 19:49:07; 2730; 2291; 27.84; 998.355703125; 26.6640625
2026-09-17; 19:50:07; 2778; 2387; 27.82; 998.4004296875; 26.7646484375
2026-09-17; 19:51:07; 2832; 2501; 27.79; 998.3406640625; 26.7978515625
2026-09-17; 19:52:07; 2883; 2619; 27.82; 998.4004296875; 26.73046875
2026-09-17; 19:53:07; 2898; 2631; 27.79; 998.3043359375; 26.751953125
2026-09-17; 19:54:07; 2927; 2691; 27.77; 998.385078125; 26.8076171875
2026-09-17; 19:55:07; 2983; 2816; 27.78; 998.32453125; 26.8427734375
2026-09-17; 19:56:07; 3019; 2885; 27.76; 998.3771484375; 26.8642578125
2026-09-17; 19:57:07; 3068; 2992; 27.74; 998.39375; 26.8857421875
2026-09-17; 19:58:07; 3093; 3046; 27.72; 998.361796875; 26.861328125
2026-09-17; 19:59:07; 3129; 3129; 27.72; 998.38984375; 26.8837890625
2026-09-17; 20:00:07; 3156; 3181; 27.7; 998.3862890625; 26.962890625
2026-09-17; 20:01:07; 3186; 3245; 27.69; 998.426640625; 26.951171875
2026-09-17; 20:02:07; 3235; 3360; 27.67; 998.4306640625; 27.0068359375
2026-09-17; 20:03:07; 3272; 3434; 27.64; 998.403046875; 27.119140625
2026-09-17; 20:04:07; 3332; 3562; 27.63; 998.3871875; 27.083984375
2026-09-17; 20:05:07; 3354; 3604; 27.61; 998.355546875; 27.09375
2026-09-17; 20:06:07; 3386; 3686; 27.57; 998.3559765625; 27.1494140625
2026-09-17; 20:07:07; 3447; 3798; 27.58; 998.4481640625; 27.2294921875
2026-09-17; 20:08:07; 3483; 3876; 27.57; 998.3761328125; 27.2177734375
2026-09-17; 20:09:07; 3514; 3953; 27.58; 998.3998828125; 27.21875
2026-09-17; 20:10:07; 3574; 4084; 27.58; 998.3919921875; 27.2177734375
2026-09-17; 20:11:07; 3609; 4144; 27.57; 998.4323046875; 27.251953125
2026-09-17; 20:12:07; 3658; 4249; 27.56; 998.312109375; 27.228515625
2026-09-17; 20:13:07; 3693; 4335; 27.56; 998.3962890625; 27.2177734375
2026-09-17; 20:14:07; 3715; 4375; 27.51; 998.324765625; 27.2939453125
2026-09-17; 20:15:07; 3739; 4436; 27.51; 998.4370703125; 27.328125
2026-09-17; 20:16:08; 3778; 4505; 27.52; 998.389140625; 27.2939453125
2026-09-17; 20:17:08; 3801; 4559; 27.5; 998.4493359375; 27.361328125
2026-09-17; 20:18:08; 3841; 4670; 27.47; 998.4860546875; 27.37109375
2026-09-17; 20:19:08; 3882; 4758; 27.49; 998.4615625; 27.3955078125
2026-09-17; 20:20:08; 3921; 4830; 27.47; 998.4500390625; 27.4169921875
2026-09-17; 20:21:08; 3950; 4903; 27.43; 998.4785546875; 27.470703125
2026-09-17; 20:22:08; 3974; 4944; 27.41; 998.446875; 27.4814453125
2026-09-17; 20:23:08; 4016; 5040; 27.4; 998.57140625; 27.4921875
2026-09-17; 20:24:08; 4047; 5106; 27.44; 998.5426171875; 27.4375
2026-09-17; 20:25:08; 4066; 5155; 27.43; 998.5267578125; 27.494140625
2026-09-17; 20:26:08; 4120; 5241; 27.42; 998.5469140625; 27.4599609375
2026-09-17; 20:27:08; 4120; 5241; 27.42; 998.623203125; 27.4814453125
2026-09-17; 20:28:08; 4148; 5291; 27.4; 998.619609375; 27.5830078125
2026-09-17; 20:29:08; 4180; 5368; 27.38; 998.5677734375; 27.5595703125
2026-09-17; 20:30:08; 4212; 5443; 27.37; 998.635859375; 27.513671875
2026-09-17; 20:31:08; 4212; 5443; 27.35; 998.6883984375; 27.5576171875
2026-09-17; 20:32:08; 4240; 5504; 27.36; 998.6682421875; 27.55859375
2026-09-17; 20:33:08; 4240; 5504; 27.36; 998.732265625; 27.53515625
2026-09-17; 20:34:08; 4272; 5557; 27.36; 998.6962890625; 27.615234375
2026-09-17; 20:35:08; 4288; 5600; 27.35; 998.7646484375; 27.63671875
2026-09-17; 20:36:08; 4288; 5600; 27.36; 998.752421875; 27.603515625
2026-09-17; 20:37:08; 4321; 5672; 27.32; 998.8092578125; 27.6474609375
2026-09-17; 20:38:08; 4337; 5708; 27.31; 998.793125; 27.6806640625
2026-09-17; 20:39:08; 4371; 5785; 27.3; 998.8053515625; 27.6689453125
2026-09-17; 20:40:08; 4371; 5785; 27.31; 998.8132421875; 27.7138671875
2026-09-17; 20:41:08; 4371; 5785; 27.28; 998.7455859375; 27.712890625
2026-09-17; 20:42:08; 4387; 5812; 27.28; 998.821875; 27.7236328125
2026-09-17; 20:43:08; 4408; 5866; 27.27; 998.81390625; 27.666015625
2026-09-17; 20:44:08; 4442; 5940; 27.28; 998.829765625; 27.7705078125
2026-09-17; 20:45:08; 4421; 5885; 27.3; 998.8816015625; 27.6455078125
2026-09-17; 20:46:08; 4421; 5885; 27.29; 998.8737109375; 27.64453125
2026-09-17; 20:47:08; 4408; 5866; 27.25; 998.79015625; 27.74609375
2026-09-17; 20:48:08; 4442; 5940; 27.24; 998.8582421875; 27.744140625
2026-09-17; 20:49:08; 4442; 5940; 27.23; 998.8423828125; 27.7783203125
2026-09-17; 20:50:08; 4442; 5940; 27.23; 998.890546875; 27.7890625
2026-09-17; 20:51:08; 4459; 5958; 27.2; 998.8509765625; 27.7880859375
2026-09-17; 20:52:08; 4477; 6003; 27.2; 998.87109375; 27.85546875
2026-09-17; 20:53:08; 4528; 6115; 27.18; 998.9315234375; 27.9345703125
2026-09-17; 20:54:08; 4528; 6115; 27.17; 998.85921875; 27.8994140625
2026-09-17; 20:55:08; 4550; 6162; 27.19; 998.8833203125; 27.9013671875
2026-09-17; 20:56:08; 4550; 6162; 27.22; 998.9027734375; 27.857421875
2026-09-17; 20:57:08; 4589; 6259; 27.2; 998.963203125; 27.9248046875
2026-09-17; 20:58:08; 4589; 6259; 27.18; 998.9595703125; 27.912109375
2026-09-17; 20:59:09; 4589; 6259; 27.16; 998.8916015625; 27.978515625
2026-09-17; 21:00:09; 4606; 6278; 27.15; 998.931875; 28.01171875
2026-09-17; 21:01:09; 4620; 6325; 27.15; 998.819609375; 28.0009765625
2026-09-17; 21:02:09; 4646; 6382; 27.13; 998.8800390625; 27.98828125
2026-09-17; 21:03:09; 4646; 6382; 27.14; 998.839765625; 28.01171875
2026-09-17; 21:04:09; 4646; 6382; 27.13; 998.9361328125; 27.9765625
2026-09-17; 21:05:09; 4646; 6382; 27.1; 998.88828125; 28.111328125
2026-09-17; 21:06:09; 4664; 6411; 27.12; 998.85625; 28.021484375
2026-09-17; 21:07:09; 4682; 6441; 27.09; 998.86453125; 28.1328125
2026-09-17; 21:08:09; 4704; 6498; 27.08; 998.912734375; 28.087890625
2026-09-17; 21:09:09; 4704; 6498; 27.05; 998.913359375; 28.1533203125
2026-09-17; 21:10:09; 4719; 6518; 27.08; 998.8285546875; 28.1669921875
2026-09-17; 21:11:09; 4719; 6518; 27.06; 998.901171875; 28.1318359375
2026-09-17; 21:12:09; 4746; 6576; 27.06; 998.9090625; 28.12109375
2026-09-17; 21:13:09; 4746; 6576; 27.05; 998.857265625; 28.1533203125
2026-09-17; 21:14:09; 4746; 6576; 26.99; 998.7773828125; 28.23046875
2026-09-17; 21:15:09; 4746; 6576; 26.98; 998.89390625; 28.3203125
2026-09-17; 21:16:09; 4760; 6620; 27.02; 998.8091015625; 28.2431640625
2026-09-17; 21:17:09; 4760; 6620; 26.98; 998.8097265625; 28.2978515625
2026-09-17; 21:18:09; 4760; 6620; 26.96; 998.91796875; 28.2734375
2026-09-17; 21:19:09; 4760; 6620; 26.97; 998.8496875; 28.3427734375
2026-09-17; 21:20:09; 4777; 6658; 26.94; 998.9503125; 28.443359375
2026-09-17; 21:21:09; 4820; 6740; 26.92; 998.8625; 28.3740234375
2026-09-17; 21:22:09; 4848; 6800; 26.95; 998.902109375; 28.3759765625
2026-09-17; 21:23:09; 4848; 6800; 26.89; 998.8426953125; 28.451171875
2026-09-17; 21:24:09; 4805; 6719; 26.92; 998.9466796875; 28.46484375
2026-09-17; 21:25:09; 4820; 6740; 26.86; 998.85125; 28.4501953125
2026-09-17; 21:26:09; 4805; 6719; 26.85; 998.8634375; 28.57421875
2026-09-17; 21:27:09; 4805; 6719; 26.85; 998.835390625; 28.55078125
2026-09-17; 21:28:09; 4805; 6719; 26.81; 998.960078125; 28.6845703125
2026-09-17; 21:29:09; 4848; 6800; 26.81; 998.8838671875; 28.6513671875
2026-09-17; 21:30:09; 4848; 6800; 26.82; 998.8997265625; 28.6171875
2026-09-17; 21:31:09; 4848; 6800; 26.82; 998.835703125; 28.6064453125
2026-09-17; 21:32:09; 4848; 6800; 26.76; 998.916484375; 28.5908203125
2026-09-17; 21:33:09; 4848; 6800; 26.73; 998.86890625; 28.7021484375
2026-09-17; 21:34:09; 4848; 6800; 26.72; 998.9451171875; 28.759765625
2026-09-17; 21:35:09; 4820; 6740; 26.73; 998.86890625; 28.748046875
2026-09-17; 21:36:09; 4820; 6740; 26.76; 998.9365625; 28.7158203125
2026-09-17; 21:37:09; 4848; 6800; 26.75; 998.9566796875; 28.73828125
2026-09-17; 21:38:09; 4848; 6800; 26.72; 998.8609765625; 28.7255859375
2026-09-17; 21:39:09; 4868; 6839; 26.71; 998.8932421875; 28.837890625
2026-09-17; 21:40:09; 4868; 6839; 26.68; 998.9374609375; 28.8251953125
2026-09-17; 21:41:10; 4848; 6800; 26.69; 998.95328125; 28.7578125
2026-09-17; 21:42:10; 4820; 6740; 26.69; 998.981328125; 28.7578125
2026-09-17; 21:43:10; 4805; 6719; 26.66; 998.9337890625; 28.880859375
2026-09-17; 21:44:10; 4820; 6740; 26.62; 998.8980859375; 28.912109375
2026-09-17; 21:45:10; 4868; 6839; 26.63; 998.9623828125; 28.9697265625
2026-09-17; 21:46:10; 4891; 6879; 26.61; 998.9303515625; 29.025390625
2026-09-17; 21:47:10; 4891; 6879; 26.58; 998.9669140625; 29.1474609375
2026-09-17; 21:48:10; 4905; 6909; 26.61; 998.9303515625; 29.025390625
2026-09-17; 21:49:10; 4905; 6909; 26.6; 998.9425390625; 29.0126953125
2026-09-17; 21:50:10; 4920; 6950; 26.6; 998.9425390625; 29.0009765625
2026-09-17; 21:51:10; 4905; 6909; 26.58; 998.854765625; 29.0341796875
2026-09-17; 21:52:10; 4920; 6950; 26.62; 998.9742578125; 29.0029296875
2026-09-17; 21:53:10; 4920; 6950; 26.59; 998.9266796875; 29.03515625
2026-09-17; 21:54:10; 4943; 6991; 26.58; 999.002890625; 29.080078125
2026-09-17; 21:55:10; 4943; 6991; 26.58; 998.9388671875; 29.1142578125
2026-09-17; 21:56:10; 4971; 7048; 26.59; 998.96265625; 29.1484375
2026-09-17; 21:57:10; 4971; 7048; 26.59; 998.898671875; 29.091796875
2026-09-17; 21:58:10; 4986; 7099; 26.54; 998.9312109375; 29.0888671875
2026-09-17; 21:59:10; 4971; 7048; 26.52; 998.907421875; 29.0986328125
2026-09-17; 22:00:10; 4986; 7099; 26.55; 998.9830078125; 29.134765625
2026-09-17; 22:01:10; 4986; 7099; 26.53; 998.999453125; 29.14453125
2026-09-17; 22:02:10; 4986; 7099; 26.53; 998.999453125; 29.189453125
2026-09-17; 22:03:10; 4986; 7099; 26.49; 998.9439453125; 29.255859375
2026-09-17; 22:04:10; 5015; 7161; 26.49; 998.9637109375; 29.2216796875
2026-09-17; 22:05:10; 4986; 7099; 26.5; 998.9878125; 29.2685546875
2026-09-17; 22:06:10; 5015; 7161; 26.46; 999.0081640625; 29.3330078125
2026-09-17; 22:07:10; 5015; 7161; 26.47; 998.96; 29.2431640625
2026-09-17; 22:08:10; 4986; 7099; 26.49; 998.9917578125; 29.1416015625
2026-09-17; 22:09:10; 4986; 7099; 26.48; 998.9758984375; 29.1982421875
2026-09-17; 22:10:10; 4986; 7099; 26.44; 999.004453125; 29.34375
2026-09-17; 22:11:10; 4971; 7048; 26.41; 999.0205859375; 29.3310546875
2026-09-17; 22:12:10; 4971; 7048; 26.41; 998.984609375; 29.330078125
2026-09-17; 22:13:10; 4986; 7099; 26.39; 998.988828125; 29.375
2026-09-17; 22:14:10; 4986; 7099; 26.42; 999.00046875; 29.353515625
2026-09-17; 22:15:10; 4986; 7099; 26.4; 998.9486328125; 29.3525390625
2026-09-17; 22:16:10; 4986; 7099; 26.42; 998.95265625; 29.4111328125
2026-09-17; 22:17:10; 4986; 7099; 26.4; 998.9766796875; 29.4091796875
2026-09-17; 22:18:10; 5015; 7161; 26.38; 998.9647265625; 29.4189453125
2026-09-17; 22:19:10; 5015; 7161; 26.4; 998.9687109375; 29.431640625
2026-09-17; 22:20:10; 5015; 7161; 26.38; 998.992734375; 29.453125
2026-09-17; 22:21:10; 5015; 7161; 26.39; 998.9327734375; 29.455078125
2026-09-17; 22:22:10; 5029; 7191; 26.37; 998.9769140625; 29.5439453125
2026-09-17; 22:23:10; 5015; 7161; 26.39; 998.952578125; 29.4541015625
2026-09-17; 22:24:11; 5058; 7254; 26.37; 998.9287890625; 29.498046875
2026-09-17; 22:25:11; 5058; 7254; 26.36; 998.9330078125; 29.599609375
2026-09-17; 22:26:11; 5081; 7296; 26.35; 998.9168359375; 29.4970703125
2026-09-17; 22:27:11; 5081; 7296; 26.36; 998.905; 29.4853515625
2026-09-17; 22:28:11; 5081; 7296; 26.3; 998.9015234375; 29.6533203125
2026-09-17; 22:29:11; 5081; 7296; 26.33; 998.9491015625; 29.62109375
2026-09-17; 22:30:11; 5099; 7337; 26.29; 998.8856640625; 29.5947265625
2026-09-17; 22:31:11; 5099; 7337; 26.27; 998.90171875; 29.650390625
2026-09-17; 22:32:11; 5129; 7400; 26.3; 998.9216015625; 29.640625
2026-09-17; 22:33:11; 5129; 7400; 26.28; 998.945625; 29.60546875
2026-09-17; 22:34:11; 5129; 7400; 26.27; 998.90171875; 29.6845703125
2026-09-17; 22:35:11; 5129; 7400; 26.25; 998.9541015625; 29.6484375
2026-09-17; 22:36:11; 5145; 7423; 26.22; 998.9144140625; 29.7041015625
2026-09-17; 22:37:11; 5145; 7423; 26.2; 998.910390625; 29.8056640625
2026-09-17; 22:38:11; 5195; 7545; 26.22; 998.9625; 29.7265625
2026-09-17; 22:39:11; 5175; 7487; 26.19; 998.93046875; 29.7705078125
2026-09-17; 22:40:11; 5195; 7545; 26.2; 998.910390625; 29.828125
2026-09-17; 22:41:11; 5245; 7653; 26.21; 998.954296875; 29.7265625
2026-09-17; 22:42:11; 5245; 7653; 26.21; 998.974375; 29.69140625
2026-09-17; 22:43:11; 5265; 7695; 26.21; 999.0023828125; 29.759765625
2026-09-17; 22:44:11; 5245; 7653; 26.16; 998.90296875; 29.8251953125
2026-09-17; 22:45:11; 5265; 7695; 26.16; 998.9590234375; 29.8134765625
2026-09-17; 22:46:11; 5265; 7695; 26.12; 998.895234375; 29.8447265625
2026-09-17; 22:47:11; 5265; 7695; 26.12; 998.95921875; 29.90234375
2026-09-17; 22:48:11; 5295; 7762; 26.13; 998.9750390625; 29.880859375
2026-09-17; 22:49:11; 5320; 7806; 26.11; 998.9433203125; 29.9814453125
2026-09-17; 22:50:11; 5295; 7762; 26.1; 998.983515625; 29.9345703125
2026-09-17; 22:51:11; 5320; 7806; 26.06; 998.9678515625; 30.0791015625
2026-09-17; 22:52:11; 5366; 7905; 26.06; 998.9398046875; 30.0
2026-09-17; 22:53:11; 5351; 7872; 26.06; 998.9197265625; 30.0234375
2026-09-17; 22:54:11; 5366; 7905; 26.08; 999.0358203125; 29.9111328125
2026-09-17; 22:55:11; 5366; 7905; 26.05; 998.9879296875; 30.1015625
2026-09-17; 22:56:11; 5397; 7971; 26.06; 998.9757421875; 30.0908203125
2026-09-17; 22:57:11; 5418; 8044; 26.03; 998.9561328125; 30.1005859375
2026-09-17; 22:58:11; 5474; 8146; 26.02; 998.9962890625; 30.1572265625
2026-09-17; 22:59:11; 5474; 8146; 26.02; 998.9683203125; 30.1455078125
2026-09-17; 23:00:11; 5502; 8214; 26.01; 999.0001953125; 30.166015625
2026-09-17; 23:01:11; 5534; 8270; 26.01; 998.94421875; 30.166015625
2026-09-17; 23:02:11; 5534; 8270; 26.01; 998.94421875; 30.109375
2026-09-17; 23:03:11; 5534; 8270; 26.03; 999.0042578125; 30.0771484375
2026-09-17; 23:04:11; 5534; 8270; 26.0; 999.0483203125; 30.0986328125
2026-09-17; 23:05:11; 5534; 8270; 25.98; 998.9885546875; 30.1650390625
2026-09-17; 23:06:11; 5559; 8338; 25.97; 998.992734375; 30.15234375
2026-09-17; 23:07:12; 5586; 8396; 25.96; 998.9848046875; 30.1865234375
2026-09-17; 23:08:12; 5559; 8338; 25.96; 999.0048828125; 30.185546875
2026-09-17; 23:09:12; 5586; 8396; 25.94; 999.0087890625; 30.2197265625
2026-09-17; 23:10:12; 5613; 8455; 25.88; 998.893515625; 30.3173828125
2026-09-17; 23:11:12; 5613; 8455; 25.9; 998.9733203125; 30.2841796875
2026-09-17; 23:12:12; 5613; 8455; 25.91; 998.8851171875; 30.3193359375
2026-09-17; 23:13:12; 5645; 8525; 25.95; 998.9129296875; 30.1748046875
2026-09-17; 23:14:12; 5667; 8566; 25.91; 998.94109375; 30.240234375
2026-09-17; 23:15:12; 5700; 8636; 25.9; 998.98125; 30.2626953125
2026-09-17; 23:16:12; 5667; 8566; 25.9; 998.9733203125; 30.38671875
2026-09-17; 23:17:12; 5721; 8694; 25.89; 998.9014453125; 30.3740234375
2026-09-17; 23:18:12; 5760; 8767; 25.86; 998.8815234375; 30.3154296875
2026-09-17; 23:19:12; 5760; 8767; 25.88; 998.91359375; 30.396484375
2026-09-17; 23:20:12; 5797; 8826; 25.88; 998.893515625; 30.408203125
2026-09-17; 23:21:12; 5797; 8826; 25.86; 998.889453125; 30.373046875
2026-09-17; 23:22:12; 5825; 8886; 25.86; 998.9175; 30.4404296875
2026-09-17; 23:23:12; 5854; 8946; 25.86; 998.94546875; 30.4404296875
2026-09-17; 23:24:12; 5854; 8946; 25.85; 998.929609375; 30.462890625
2026-09-17; 23:25:12; 5854; 8946; 25.83; 998.8978515625; 30.451171875
2026-09-17; 23:26:12; 5882; 8995; 25.85; 998.8656640625; 30.451171875
2026-09-17; 23:27:12; 5916; 9062; 25.83; 998.861953125; 30.4609375
2026-09-17; 23:28:12; 5882; 8995; 25.84; 998.885703125; 30.439453125
2026-09-17; 23:29:12; 5882; 8995; 25.85; 998.87359375; 30.4296875
