Datum; Uhrzeit; eCO2 (ppm); tVOC (ppb); Temperatur (°C); Luftdruck (hpPa); relative Luftfeuchte (%)
2026-08-03; 02:24:44; 403; 0; 33.39; 999.7948046875; 23.478515625
2026-08-03; 02:25:44; 400; 0; 33.4; 999.7822265625; 23.4677734375
2026-08-03; 02:26:44; 405; 0; 33.38; 999.835703125; 23.443359375
2026-08-03; 02:27:44; 403; 0; 33.42; 999.7775; 23.4453125
2026-08-03; 02:28:44; 400; 0; 33.45; 999.825078125; 23.388671875
2026-08-03; 02:29:44; 406; 0; 33.42; 999.870703125; 23.421875
2026-08-03; 02:30:44; 402; 0; 33.46; 999.784140625; 23.3779296875
2026-08-03; 02:31:44; 402; 0; 33.51; 999.8553515625; 23.322265625
2026-08-03; 02:32:44; 405; 0; 33.51; 999.741953125; 23.2998046875
2026-08-03; 02:33:44; 402; 0; 33.51; 999.8065234375; 23.2998046875
2026-08-03; 02:34:44; 408; 1; 33.49; 999.859765625; 23.3095703125
2026-08-03; 02:35:44; 408; 1; 33.47; 999.722734375; 23.34375
2026-08-03; 02:36:44; 413; 1; 33.46; 999.727421875; 23.3544921875
2026-08-03; 02:37:44; 416; 2; 33.48; 999.7951953125; 23.3095703125
2026-08-03; 02:38:44; 417; 2; 33.5; 999.726171875; 23.322265625
2026-08-03; 02:39:44; 421; 3; 33.48; 999.7384765625; 23.3330078125
2026-08-03; 02:40:44; 417; 2; 33.5; 999.6773828125; 23.310546875
2026-08-03; 02:41:44; 416; 2; 33.51; 999.6648046875; 23.2998046875
2026-08-03; 02:42:44; 411; 1; 33.54; 999.6837109375; 23.2431640625
2026-08-03; 02:43:44; 416; 2; 33.53; 999.745078125; 23.265625
2026-08-03; 02:44:44; 421; 3; 33.52; 999.67265625; 23.2998046875
2026-08-03; 02:45:44; 417; 2; 33.5; 999.6773828125; 23.2763671875
2026-08-03; 02:46:45; 421; 3; 33.48; 999.71015625; 23.3330078125
2026-08-03; 02:47:45; 421; 3; 33.53; 999.63171875; 23.25390625
2026-08-03; 02:48:45; 421; 3; 33.51; 999.6648046875; 23.2763671875
2026-08-03; 02:49:45; 421; 3; 33.5; 999.620703125; 23.2880859375
2026-08-03; 02:50:45; 426; 3; 33.52; 999.67265625; 23.2763671875
2026-08-03; 02:51:45; 426; 3; 33.52; 999.6521875; 23.265625
2026-08-03; 02:52:45; 421; 3; 33.52; 999.644296875; 23.265625
2026-08-03; 02:53:45; 425; 3; 33.49; 999.63296875; 23.287109375
2026-08-03; 02:54:45; 420; 3; 33.53; 999.639609375; 23.2431640625
2026-08-03; 02:55:45; 421; 3; 33.52; 999.6521875; 23.25390625
2026-08-03; 02:56:45; 416; 2; 33.53; 999.6679296875; 23.2080078125
2026-08-03; 02:57:45; 425; 3; 33.51; 999.6569140625; 23.2529296875
2026-08-03; 02:58:45; 426; 3; 33.51; 999.693125; 23.2646484375
2026-08-03; 02:59:45; 426; 3; 33.52; 999.680546875; 23.25390625
2026-08-03; 03:00:45; 432; 4; 33.52; 999.623828125; 23.25390625
2026-08-03; 03:01:45; 436; 5; 33.47; 999.609375; 23.2744140625
2026-08-03; 03:02:45; 435; 5; 33.47; 999.6376953125; 23.3212890625
2026-08-03; 03:03:45; 435; 5; 33.46; 999.5573828125; 23.296875
2026-08-03; 03:04:45; 445; 6; 33.46; 999.621953125; 23.296875
2026-08-03; 03:05:45; 444; 6; 33.49; 999.5762890625; 23.263671875
2026-08-03; 03:06:45; 445; 6; 33.47; 999.609375; 23.2978515625
2026-08-03; 03:07:45; 448; 7; 33.49; 999.5762890625; 23.275390625
2026-08-03; 03:08:45; 445; 6; 33.48; 999.5683984375; 23.275390625
2026-08-03; 03:09:45; 448; 7; 33.48; 999.645546875; 23.2861328125
2026-08-03; 03:10:45; 450; 7; 33.5; 999.641171875; 23.287109375
2026-08-03; 03:11:45; 450; 7; 33.51; 999.6001953125; 23.2763671875
2026-08-03; 03:12:45; 463; 9; 33.49; 999.5762890625; 23.287109375
2026-08-03; 03:13:45; 464; 9; 33.44; 999.5825390625; 23.3193359375
2026-08-03; 03:14:45; 470; 10; 33.45; 999.541640625; 23.3310546875
2026-08-03; 03:15:45; 476; 11; 33.44; 999.55421875; 23.3310546875
2026-08-03; 03:16:45; 476; 11; 33.44; 999.55421875; 23.3427734375
2026-08-03; 03:17:45; 477; 11; 33.45; 999.5211328125; 23.33203125
2026-08-03; 03:18:45; 481; 12; 33.43; 999.5101171875; 23.353515625
2026-08-03; 03:19:45; 486; 13; 33.42; 999.465703125; 23.3642578125
2026-08-03; 03:20:45; 483; 12; 33.45; 999.51328125; 23.30859375
2026-08-03; 03:21:45; 485; 12; 33.44; 999.440859375; 23.3076171875
2026-08-03; 03:22:45; 483; 12; 33.46; 999.4518359375; 23.28515625
2026-08-03; 03:23:45; 485; 12; 33.4; 999.41375; 23.3408203125
2026-08-03; 03:24:45; 485; 12; 33.4; 999.3854296875; 23.3515625
2026-08-03; 03:25:45; 65535; 65535; 33.42; 999.4090234375; 23.3173828125
2026-08-03; 03:26:45; 481; 12; 33.42; 999.3240234375; 23.3173828125
2026-08-03; 03:27:45; 477; 11; 33.45; 999.3998828125; 23.28515625
2026-08-03; 03:28:45; 472; 10; 33.44; 999.4125; 23.2841796875
2026-08-03; 03:29:46; 464; 9; 33.44; 999.39203125; 23.2958984375
2026-08-03; 03:30:46; 459; 8; 33.44; 999.363671875; 23.2734375
2026-08-03; 03:31:46; 450; 7; 33.42; 999.380703125; 23.3173828125
2026-08-03; 03:32:46; 450; 7; 33.38; 999.3173828125; 23.3271484375
2026-08-03; 03:33:46; 454; 8; 33.37; 999.3378515625; 23.3271484375
2026-08-03; 03:34:46; 445; 6; 33.38; 999.3539453125; 23.29296875
2026-08-03; 03:35:46; 439; 5; 33.39; 999.31296875; 23.3056640625
2026-08-03; 03:36:46; 434; 5; 33.4; 999.264140625; 23.2939453125
2026-08-03; 03:37:46; 427; 4; 33.39; 999.31296875; 23.2822265625
2026-08-03; 03:38:46; 418; 2; 33.36; 999.2654296875; 23.3271484375
2026-08-03; 03:39:46; 417; 2; 33.38; 999.2688671875; 23.29296875
2026-08-03; 03:40:46; 409; 1; 33.38; 999.260703125; 23.2578125
2026-08-03; 03:41:46; 400; 0; 33.4; 999.320859375; 23.2587890625
2026-08-03; 03:42:46; 402; 0; 33.39; 999.199609375; 23.2705078125
2026-08-03; 03:43:46; 402; 0; 33.38; 999.2323828125; 23.26953125
2026-08-03; 03:44:46; 405; 0; 33.39; 999.2279296875; 23.2705078125
2026-08-03; 03:45:46; 405; 0; 33.43; 999.2550390625; 23.203125
2026-08-03; 03:46:46; 403; 0; 33.39; 999.2279296875; 23.224609375
2026-08-03; 03:47:46; 400; 0; 33.41; 999.2877734375; 23.259765625
2026-08-03; 03:48:46; 403; 0; 33.37; 999.27328125; 23.2802734375
2026-08-03; 03:49:46; 401; 0; 33.37; 999.27328125; 23.26953125
2026-08-03; 03:50:46; 406; 0; 33.33; 999.18953125; 23.3017578125
2026-08-03; 03:51:46; 401; 0; 33.32; 999.23046875; 23.3134765625
2026-08-03; 03:52:46; 401; 0; 33.34; 999.2541015625; 23.291015625
2026-08-03; 03:53:46; 405; 0; 33.36; 999.237109375; 23.2802734375
2026-08-03; 03:54:46; 400; 0; 33.35; 999.241484375; 23.2685546875
2026-08-03; 03:55:46; 401; 0; 33.35; 999.241484375; 23.2685546875
2026-08-03; 03:56:46; 403; 0; 33.34; 999.2541015625; 23.267578125
2026-08-03; 03:57:46; 400; 0; 33.33; 999.21; 23.2900390625
2026-08-03; 03:58:46; 400; 0; 33.36; 999.1158203125; 23.22265625
2026-08-03; 03:59:46; 401; 0; 33.34; 999.1691015625; 23.244140625
2026-08-03; 04:00:46; 400; 0; 33.35; 999.128125; 23.2333984375
2026-08-03; 04:01:46; 403; 0; 33.35; 999.0714453125; 23.2099609375
2026-08-03; 04:02:46; 400; 0; 33.34; 999.1691015625; 23.1982421875
2026-08-03; 04:03:46; 405; 0; 33.32; 999.1737890625; 23.232421875
2026-08-03; 04:04:46; 410; 1; 33.31; 999.1218359375; 23.2431640625
2026-08-03; 04:05:46; 401; 0; 33.31; 999.178515625; 23.1962890625
2026-08-03; 04:06:46; 403; 0; 33.31; 999.1013671875; 23.2197265625
2026-08-03; 04:07:46; 400; 0; 33.31; 999.2147265625; 23.2197265625
2026-08-03; 04:08:46; 405; 0; 33.33; 999.18953125; 23.1748046875
2026-08-03; 04:09:46; 408; 1; 33.33; 999.1328515625; 23.12890625
2026-08-03; 04:10:46; 400; 0; 33.35; 999.1926953125; 23.1298828125
2026-08-03; 04:11:47; 400; 0; 33.34; 999.176953125; 23.140625
2026-08-03; 04:12:47; 400; 0; 33.32; 999.14546875; 23.1630859375
2026-08-03; 04:13:47; 403; 0; 33.31; 999.1296875; 23.173828125
2026-08-03; 04:14:47; 400; 0; 33.3; 999.10609375; 23.1845703125
2026-08-03; 04:15:47; 405; 0; 33.3; 999.10609375; 23.1728515625
2026-08-03; 04:16:47; 403; 0; 33.28; 999.074296875; 23.20703125
2026-08-03; 04:17:47; 400; 0; 33.3; 999.0573046875; 23.1728515625
2026-08-03; 04:18:47; 405; 0; 33.28; 999.0459765625; 23.18359375
2026-08-03; 04:19:47; 406; 0; 33.28; 999.053828125; 23.18359375
2026-08-03; 04:20:47; 402; 0; 33.28; 999.0176171875; 23.1953125
2026-08-03; 04:21:47; 400; 0; 33.25; 999.0270703125; 23.228515625
2026-08-03; 04:22:47; 403; 0; 33.26; 999.099453125; 23.2060546875
2026-08-03; 04:23:47; 405; 0; 33.2; 999.077109375; 23.2724609375
2026-08-03; 04:24:47; 405; 0; 33.25; 999.0916015625; 23.228515625
2026-08-03; 04:25:47; 400; 0; 33.26; 999.099453125; 23.228515625
2026-08-03; 04:26:47; 409; 1; 33.24; 999.075859375; 23.240234375
2026-08-03; 04:27:47; 405; 0; 33.21; 999.0928515625; 23.26171875
2026-08-03; 04:28:47; 405; 0; 33.2; 999.1054296875; 23.25
2026-08-03; 04:29:47; 414; 2; 33.27; 999.1435546875; 23.1943359375
2026-08-03; 04:30:47; 403; 0; 33.28; 999.1309375; 23.1484375
2026-08-03; 04:31:47; 401; 0; 33.27; 999.0585546875; 23.1484375
2026-08-03; 04:32:47; 400; 0; 33.27; 999.086875; 23.171875
2026-08-03; 04:33:47; 402; 0; 33.23; 999.10890625; 23.1923828125
2026-08-03; 04:34:47; 401; 0; 33.22; 999.1010546875; 23.2041015625
2026-08-03; 04:35:47; 400; 0; 33.25; 999.11203125; 23.181640625
2026-08-03; 04:36:47; 402; 0; 33.23; 999.0884375; 23.169921875
2026-08-03; 04:37:47; 408; 1; 33.25; 999.0837109375; 23.1591796875
2026-08-03; 04:38:47; 400; 0; 33.24; 999.1246484375; 23.169921875
2026-08-03; 04:39:47; 400; 0; 33.21; 999.11328125; 23.203125
2026-08-03; 04:40:47; 400; 0; 33.23; 999.1451171875; 23.1806640625
2026-08-03; 04:41:47; 400; 0; 33.24; 999.1246484375; 23.169921875
2026-08-03; 04:42:47; 409; 1; 33.22; 999.1010546875; 23.169921875
2026-08-03; 04:43:47; 407; 1; 33.24; 999.096328125; 23.169921875
2026-08-03; 04:44:47; 401; 0; 33.24; 999.15296875; 23.1357421875
2026-08-03; 04:45:47; 408; 1; 33.25; 999.11203125; 23.1240234375
2026-08-03; 04:46:47; 400; 0; 33.22; 999.1010546875; 23.134765625
2026-08-03; 04:47:47; 405; 0; 33.26; 999.1844921875; 23.1015625
2026-08-03; 04:48:47; 402; 0; 33.25; 999.11203125; 23.1357421875
2026-08-03; 04:49:47; 400; 0; 33.27; 999.1230859375; 23.1025390625
2026-08-03; 04:50:47; 402; 0; 33.26; 999.078984375; 23.125
2026-08-03; 04:51:47; 400; 0; 33.23; 999.10890625; 23.146484375
2026-08-03; 04:52:47; 400; 0; 33.22; 999.0726953125; 23.146484375
2026-08-03; 04:53:47; 407; 1; 33.18; 999.1023046875; 23.2021484375
2026-08-03; 04:54:48; 407; 1; 33.14; 999.1523046875; 23.26953125
2026-08-03; 04:55:48; 411; 1; 33.19; 999.11015625; 23.2138671875
2026-08-03; 04:56:48; 409; 1; 33.15; 999.1116796875; 23.2587890625
2026-08-03; 04:57:48; 409; 1; 33.18; 999.1589453125; 23.224609375
2026-08-03; 04:58:48; 410; 1; 33.16; 999.0991015625; 23.2470703125
2026-08-03; 04:59:48; 402; 0; 33.15; 999.1321484375; 23.26953125
2026-08-03; 05:00:48; 400; 0; 33.15; 999.07546875; 23.2578125
2026-08-03; 05:01:48; 519; 18; 33.18; 999.122734375; 23.236328125
2026-08-03; 05:02:48; 514; 17; 33.16; 999.042421875; 23.2353515625
2026-08-03; 05:03:48; 527; 19; 33.16; 999.15578125; 23.2587890625
2026-08-03; 05:04:48; 514; 17; 33.09; 999.093984375; 23.34765625
2026-08-03; 05:05:48; 514; 17; 33.09; 999.0451953125; 23.32421875
2026-08-03; 05:06:48; 514; 17; 33.08; 999.0577734375; 23.3583984375
2026-08-03; 05:07:48; 531; 19; 33.13; 999.0798828125; 23.3154296875
2026-08-03; 05:08:48; 531; 19; 33.1; 999.08140625; 23.3359375
2026-08-03; 05:09:48; 543; 21; 33.13; 999.0798828125; 23.3037109375
2026-08-03; 05:10:48; 543; 21; 33.13; 999.043671875; 23.3037109375
2026-08-03; 05:11:48; 548; 22; 33.13; 999.043671875; 23.349609375
2026-08-03; 05:12:48; 570; 25; 33.12; 999.0358203125; 23.326171875
2026-08-03; 05:13:48; 553; 23; 33.11; 999.0200390625; 23.3251953125
2026-08-03; 05:14:48; 561; 24; 33.11; 999.0200390625; 23.3251953125
2026-08-03; 05:15:48; 543; 21; 33.17; 999.0865234375; 23.283203125
2026-08-03; 05:16:48; 543; 21; 33.09; 999.101875; 23.3583984375
2026-08-03; 05:17:48; 531; 19; 33.09; 998.980703125; 23.34765625
2026-08-03; 05:18:48; 527; 19; 33.06; 999.018125; 23.392578125
2026-08-03; 05:19:48; 527; 19; 33.04; 999.0228125; 23.42578125
2026-08-03; 05:20:48; 531; 19; 33.05; 999.066875; 23.3916015625
2026-08-03; 05:21:48; 537; 20; 33.09; 999.101875; 23.34765625
2026-08-03; 05:22:48; 537; 20; 33.11; 999.068828125; 23.3369140625
2026-08-03; 05:23:48; 527; 19; 33.1; 999.0530859375; 23.359375
2026-08-03; 05:24:48; 531; 19; 33.12; 999.05625; 23.302734375
2026-08-03; 05:25:48; 500; 15; 33.09; 999.093984375; 23.3701171875
2026-08-03; 05:26:48; 470; 10; 33.11; 999.068828125; 23.3369140625
2026-08-03; 05:27:48; 455; 8; 33.06; 999.054296875; 23.392578125
2026-08-03; 05:28:48; 455; 8; 33.05; 999.010234375; 23.3916015625
2026-08-03; 05:29:48; 450; 7; 33.08; 999.0779296875; 23.3818359375
2026-08-03; 05:30:48; 445; 6; 33.06; 999.026015625; 23.392578125
2026-08-03; 05:31:48; 436; 5; 33.03; 998.99921875; 23.4248046875
2026-08-03; 05:32:48; 442; 6; 33.03; 999.0275; 23.4365234375
2026-08-03; 05:33:48; 436; 5; 32.98; 999.0051171875; 23.5146484375
2026-08-03; 05:34:48; 425; 3; 32.99; 999.020859375; 23.4921875
2026-08-03; 05:35:48; 421; 3; 32.99; 998.9437890625; 23.4814453125
2026-08-03; 05:36:48; 418; 2; 33.0; 998.95953125; 23.4931640625
2026-08-03; 05:37:49; 418; 2; 32.98; 999.0130078125; 23.515625
2026-08-03; 05:38:49; 425; 3; 32.96; 998.9815234375; 23.537109375
2026-08-03; 05:39:49; 425; 3; 32.95; 998.986171875; 23.5595703125
2026-08-03; 05:40:49; 436; 5; 32.95; 998.90125; 23.5947265625
2026-08-03; 05:41:49; 442; 6; 32.95; 998.937421875; 23.6171875
2026-08-03; 05:42:49; 445; 6; 32.93; 998.8773046875; 23.59375
2026-08-03; 05:43:49; 450; 7; 32.96; 998.9453125; 23.5830078125
2026-08-03; 05:44:49; 459; 8; 32.94; 998.893046875; 23.62890625
2026-08-03; 05:45:49; 473; 11; 32.97; 998.9123046875; 23.5615234375
2026-08-03; 05:46:49; 483; 12; 32.93; 998.97015625; 23.6171875
2026-08-03; 05:47:49; 481; 12; 32.95; 998.9091015625; 23.6171875
2026-08-03; 05:48:49; 483; 12; 32.95; 998.9657421875; 23.60546875
2026-08-03; 05:49:49; 500; 15; 32.95; 998.92953125; 23.62890625
2026-08-03; 05:50:49; 531; 19; 32.96; 998.9531640625; 23.6181640625
2026-08-03; 05:51:49; 537; 20; 32.93; 998.9339453125; 23.6396484375
2026-08-03; 05:52:49; 531; 19; 32.97; 998.8273046875; 23.619140625
2026-08-03; 05:53:49; 543; 21; 32.89; 998.85046875; 23.6953125
2026-08-03; 05:54:49; 543; 21; 32.92; 998.8332421875; 23.662109375
2026-08-03; 05:55:49; 537; 20; 32.97; 998.904375; 23.6298828125
2026-08-03; 05:56:49; 548; 22; 32.96; 998.9248828125; 23.6181640625
2026-08-03; 05:57:49; 553; 23; 32.98; 998.92015625; 23.619140625
2026-08-03; 05:58:49; 553; 23; 32.96; 998.868203125; 23.6181640625
2026-08-03; 05:59:49; 543; 21; 32.97; 998.904375; 23.6181640625
2026-08-03; 06:00:49; 561; 24; 32.99; 998.8792578125; 23.5849609375
2026-08-03; 06:01:49; 548; 22; 33.0; 998.895; 23.6083984375
2026-08-03; 06:02:49; 537; 20; 32.98; 998.9563671875; 23.619140625
2026-08-03; 06:03:49; 531; 19; 32.98; 998.8430859375; 23.619140625
2026-08-03; 06:04:49; 531; 19; 32.99; 998.8509375; 23.607421875
2026-08-03; 06:05:49; 519; 18; 33.01; 998.9472265625; 23.59765625
2026-08-03; 06:06:49; 514; 17; 33.01; 998.8905859375; 23.609375
2026-08-03; 06:07:49; 505; 15; 33.01; 998.8905859375; 23.609375
2026-08-03; 06:08:49; 481; 12; 33.01; 998.882421875; 23.6083984375
2026-08-03; 06:09:49; 473; 11; 33.03; 998.9504296875; 23.5986328125
2026-08-03; 06:10:49; 473; 11; 33.02; 998.9346484375; 23.62109375
2026-08-03; 06:11:49; 463; 9; 32.99; 998.9154296875; 23.642578125
2026-08-03; 06:12:49; 450; 7; 32.99; 998.8587890625; 23.654296875
2026-08-03; 06:13:49; 450; 7; 32.98; 998.8997265625; 23.6767578125
2026-08-03; 06:14:49; 445; 6; 32.98; 998.8430859375; 23.6650390625
2026-08-03; 06:15:49; 459; 8; 32.97; 998.8273046875; 23.6884765625
2026-08-03; 06:16:49; 459; 8; 32.98; 998.8430859375; 23.6884765625
2026-08-03; 06:17:49; 459; 8; 32.99; 998.8871484375; 23.7001953125
2026-08-03; 06:18:49; 450; 7; 33.02; 998.7851953125; 23.65625
2026-08-03; 06:19:49; 459; 8; 33.01; 998.882421875; 23.701171875
2026-08-03; 06:20:50; 455; 8; 33.0; 998.8666796875; 23.666015625
2026-08-03; 06:21:50; 459; 8; 32.97; 998.819453125; 23.72265625
2026-08-03; 06:22:50; 463; 9; 32.93; 998.79234375; 23.7900390625
2026-08-03; 06:23:50; 470; 10; 32.94; 998.8080859375; 23.7900390625
2026-08-03; 06:24:50; 473; 11; 32.93; 998.828515625; 23.7900390625
2026-08-03; 06:25:50; 483; 12; 32.97; 998.8273046875; 23.7578125
2026-08-03; 06:26:50; 473; 11; 32.97; 998.79109375; 23.7919921875
2026-08-03; 06:27:50; 459; 8; 33.01; 998.769140625; 23.7470703125
2026-08-03; 06:28:50; 436; 5; 33.01; 998.74078125; 23.7705078125
2026-08-03; 06:29:50; 421; 3; 33.02; 998.7851953125; 23.759765625
2026-08-03; 06:30:50; 400; 0; 33.03; 998.78046875; 23.806640625
2026-08-03; 06:31:50; 400; 0; 33.04; 998.71125; 23.7958984375
2026-08-03; 06:32:50; 400; 0; 33.08; 998.8028515625; 23.763671875
2026-08-03; 06:33:50; 400; 0; 33.1; 998.721015625; 23.787109375
2026-08-03; 06:34:50; 402; 0; 33.13; 998.7887109375; 23.80078125
2026-08-03; 06:35:50; 403; 0; 33.1; 998.806015625; 23.798828125
2026-08-03; 06:36:50; 400; 0; 33.12; 998.77296875; 23.7998046875
2026-08-03; 06:37:50; 400; 0; 33.08; 998.8028515625; 23.84375
2026-08-03; 06:38:50; 400; 0; 33.13; 998.8737109375; 23.8466796875
2026-08-03; 06:39:50; 400; 0; 33.09; 998.8673828125; 23.9599609375
2026-08-03; 06:40:50; 400; 0; 33.12; 998.8658203125; 23.904296875
2026-08-03; 06:41:50; 400; 0; 33.12; 998.9429296875; 23.9033203125
2026-08-03; 06:42:50; 402; 0; 33.1; 998.8548046875; 23.9599609375
2026-08-03; 06:43:50; 400; 0; 33.09; 998.8390234375; 23.9716796875
2026-08-03; 06:44:50; 400; 0; 33.1; 998.9759765625; 23.9951171875
2026-08-03; 06:45:50; 400; 0; 33.17; 998.908671875; 23.9638671875
2026-08-03; 06:46:50; 400; 0; 33.14; 998.925625; 23.9736328125
2026-08-03; 06:47:50; 401; 0; 33.15; 998.9905078125; 23.986328125
2026-08-03; 06:48:50; 400; 0; 33.14; 998.953984375; 24.0205078125
2026-08-03; 06:49:50; 400; 0; 33.12; 998.9429296875; 24.0654296875
2026-08-03; 06:50:50; 400; 0; 33.12; 998.9508203125; 24.0654296875
2026-08-03; 06:51:50; 401; 0; 33.12; 998.979140625; 24.0888671875
2026-08-03; 06:52:50; 403; 0; 33.12; 999.064140625; 24.123046875
2026-08-03; 06:53:50; 400; 0; 33.17; 998.973203125; 24.1142578125
2026-08-03; 06:54:50; 400; 0; 33.11; 998.9633984375; 24.1689453125
2026-08-03; 06:55:50; 400; 0; 33.12; 999.064140625; 24.169921875
2026-08-03; 06:56:50; 401; 0; 33.14; 998.9823046875; 24.181640625
2026-08-03; 06:57:50; 400; 0; 33.2; 999.1337890625; 24.1396484375
2026-08-03; 06:58:50; 400; 0; 33.23; 999.080546875; 24.140625
2026-08-03; 06:59:50; 403; 0; 33.21; 999.0928515625; 24.1630859375
2026-08-03; 07:00:50; 400; 0; 33.18; 999.1589453125; 24.21875
2026-08-03; 07:01:50; 403; 0; 33.18; 999.1510546875; 24.23046875
2026-08-03; 07:02:51; 401; 0; 33.19; 999.1384765625; 24.265625
2026-08-03; 07:03:51; 400; 0; 33.19; 999.166796875; 24.27734375
2026-08-03; 07:04:51; 400; 0; 33.21; 999.1699609375; 24.2666015625
2026-08-03; 07:05:51; 400; 0; 33.17; 999.19984375; 24.322265625
2026-08-03; 07:06:51; 401; 0; 33.21; 999.206171875; 24.3017578125
2026-08-03; 07:07:51; 400; 0; 33.22; 999.1010546875; 24.3134765625
2026-08-03; 07:08:51; 401; 0; 33.21; 999.1983203125; 24.3359375
2026-08-03; 07:09:51; 400; 0; 33.26; 999.1640234375; 24.3037109375
2026-08-03; 07:10:51; 400; 0; 33.26; 999.269453125; 24.337890625
2026-08-03; 07:11:51; 400; 0; 33.27; 999.115234375; 24.3388671875
2026-08-03; 07:12:51; 401; 0; 33.32; 999.23046875; 24.2841796875
2026-08-03; 07:13:51; 400; 0; 33.3; 999.19109375; 24.3408203125
2026-08-03; 07:14:51; 400; 0; 33.33; 999.1533203125; 24.3193359375
2026-08-03; 07:15:51; 402; 0; 33.33; 999.1044921875; 24.353515625
2026-08-03; 07:16:51; 400; 0; 33.32; 999.14546875; 24.353515625
2026-08-03; 07:17:51; 401; 0; 33.34; 999.176953125; 24.3544921875
2026-08-03; 07:18:51; 403; 0; 33.34; 999.14859375; 24.3779296875
2026-08-03; 07:19:51; 400; 0; 33.35; 999.164375; 24.3779296875
2026-08-03; 07:20:51; 400; 0; 33.34; 999.2336328125; 24.3896484375
2026-08-03; 07:21:51; 400; 0; 33.29; 999.1832421875; 24.4208984375
2026-08-03; 07:22:51; 400; 0; 33.3; 999.2273046875; 24.4677734375
2026-08-03; 07:23:51; 400; 0; 33.34; 999.22578125; 24.435546875
2026-08-03; 07:24:51; 400; 0; 33.31; 999.2147265625; 24.4912109375
2026-08-03; 07:25:51; 400; 0; 33.34; 999.2903125; 24.458984375
2026-08-03; 07:26:51; 400; 0; 33.34; 999.22578125; 24.4462890625
2026-08-03; 07:27:51; 400; 0; 33.36; 999.285859375; 24.482421875
2026-08-03; 07:28:51; 400; 0; 33.36; 999.2937890625; 24.4482421875
2026-08-03; 07:29:51; 400; 0; 33.39; 999.2767578125; 24.47265625
2026-08-03; 07:30:51; 400; 0; 33.39; 999.2767578125; 24.49609375
2026-08-03; 07:31:51; 400; 0; 33.43; 999.3683984375; 24.486328125
2026-08-03; 07:32:51; 400; 0; 33.44; 999.3841796875; 24.4638671875
2026-08-03; 07:33:51; 400; 0; 33.44; 999.39203125; 24.509765625
2026-08-03; 07:34:51; 400; 0; 33.44; 999.35578125; 24.4755859375
2026-08-03; 07:35:51; 400; 0; 33.47; 999.459765625; 24.5
2026-08-03; 07:36:51; 400; 0; 33.49; 999.3211328125; 24.5126953125
2026-08-03; 07:37:51; 400; 0; 33.5; 999.365546875; 24.525390625
2026-08-03; 07:38:51; 400; 0; 33.51; 999.401796875; 24.525390625
2026-08-03; 07:39:51; 400; 0; 33.51; 999.4096484375; 24.513671875
2026-08-03; 07:40:51; 400; 0; 33.55; 999.4080859375; 24.50390625
2026-08-03; 07:41:51; 400; 0; 33.59; 999.4146484375; 24.541015625
2026-08-03; 07:42:51; 400; 0; 33.61; 999.4823828125; 24.49609375
2026-08-03; 07:43:51; 400; 0; 33.61; 999.4744921875; 24.5302734375
2026-08-03; 07:44:51; 400; 0; 33.58; 999.427265625; 24.5634765625
2026-08-03; 07:45:52; 400; 0; 33.58; 999.483984375; 24.5751953125
2026-08-03; 07:46:52; 400; 0; 33.57; 999.447734375; 24.5859375
2026-08-03; 07:47:52; 400; 0; 33.57; 999.4398828125; 24.609375
2026-08-03; 07:48:52; 400; 0; 33.6; 999.43828125; 24.611328125
2026-08-03; 07:49:52; 400; 0; 33.64; 999.4937109375; 24.578125
2026-08-03; 07:50:52; 400; 0; 33.7; 999.475078125; 24.51171875
2026-08-03; 07:51:52; 400; 0; 33.68; 999.44328125; 24.568359375
2026-08-03; 07:52:52; 400; 0; 33.71; 999.49078125; 24.5595703125
2026-08-03; 07:53:52; 400; 0; 33.74; 999.481328125; 24.5263671875
2026-08-03; 07:54:52; 400; 0; 33.76; 999.399375; 24.50390625
2026-08-03; 07:55:52; 400; 0; 33.76; 999.45609375; 24.5615234375
2026-08-03; 07:56:52; 400; 0; 33.77; 999.472109375; 24.52734375
2026-08-03; 07:57:52; 400; 0; 33.79; 999.4752734375; 24.5283203125
2026-08-03; 07:58:52; 400; 0; 33.8; 999.491015625; 24.529296875
2026-08-03; 07:59:52; 400; 0; 33.83; 999.4248046875; 24.5078125
2026-08-03; 08:00:52; 400; 0; 33.89; 999.5479296875; 24.4765625
2026-08-03; 08:01:52; 400; 0; 33.94; 999.45703125; 24.4326171875
2026-08-03; 08:02:52; 400; 0; 33.92; 999.5106640625; 24.478515625
2026-08-03; 08:03:52; 400; 0; 33.96; 999.4806640625; 24.43359375
2026-08-03; 08:04:52; 400; 0; 33.99; 999.5565625; 24.412109375
2026-08-03; 08:05:52; 400; 0; 34.01; 999.51078125; 24.40234375
2026-08-03; 08:06:52; 400; 0; 34.02; 999.54703125; 24.37890625
2026-08-03; 08:07:52; 400; 0; 34.0; 999.5439453125; 24.423828125
2026-08-03; 08:08:52; 400; 0; 34.03; 999.5548828125; 24.4140625
2026-08-03; 08:09:52; 400; 0; 34.06; 999.581953125; 24.416015625
2026-08-03; 08:10:52; 400; 0; 34.05; 999.58671875; 24.4150390625
2026-08-03; 08:11:52; 400; 0; 34.04; 999.578828125; 24.3916015625
2026-08-03; 08:12:52; 400; 0; 34.01; 999.61640625; 24.494140625
2026-08-03; 08:13:52; 400; 0; 34.01; 999.5958984375; 24.4833984375
2026-08-03; 08:14:52; 400; 0; 34.06; 999.581953125; 24.451171875
2026-08-03; 08:15:52; 400; 0; 34.09; 999.592890625; 24.474609375
2026-08-03; 08:16:52; 400; 0; 34.1; 999.608671875; 24.4296875
2026-08-03; 08:17:52; 400; 0; 34.13; 999.599453125; 24.4423828125
2026-08-03; 08:18:52; 400; 0; 34.16; 999.5898828125; 24.38671875
2026-08-03; 08:19:52; 400; 0; 34.14; 999.5662890625; 24.3857421875
2026-08-03; 08:20:52; 400; 0; 34.16; 999.5615234375; 24.4560546875
2026-08-03; 08:21:52; 400; 0; 34.16; 999.5694140625; 24.4326171875
2026-08-03; 08:22:52; 400; 0; 34.17; 999.6056640625; 24.41015625
2026-08-03; 08:23:52; 400; 0; 34.15; 999.6025390625; 24.466796875
2026-08-03; 08:24:52; 400; 0; 34.19; 999.5806640625; 24.4111328125
2026-08-03; 08:25:52; 400; 0; 34.23; 999.566328125; 24.390625
2026-08-03; 08:26:52; 400; 0; 34.23; 999.5584765625; 24.4130859375
2026-08-03; 08:27:52; 400; 0; 34.25; 999.598125; 24.4140625
2026-08-03; 08:28:53; 400; 0; 34.28; 999.580703125; 24.3701171875
2026-08-03; 08:29:53; 400; 0; 34.29; 999.5759375; 24.3818359375
2026-08-03; 08:30:53; 400; 0; 34.31; 999.56328125; 24.4521484375
2026-08-03; 08:31:53; 400; 0; 34.34; 999.5902734375; 24.396484375
2026-08-03; 08:32:53; 400; 0; 34.35; 999.5981640625; 24.361328125
2026-08-03; 08:33:53; 400; 0; 34.27; 999.5649609375; 24.4970703125
2026-08-03; 08:34:53; 400; 0; 34.36; 999.5287109375; 24.396484375
2026-08-03; 08:35:53; 400; 0; 34.33; 999.57453125; 24.453125
2026-08-03; 08:36:53; 400; 0; 34.36; 999.5003515625; 24.431640625
2026-08-03; 08:37:53; 400; 0; 34.38; 999.5112890625; 24.38671875
2026-08-03; 08:38:53; 400; 0; 34.44; 999.5984375; 24.33203125
2026-08-03; 08:39:53; 400; 0; 34.45; 999.62234375; 24.34375
2026-08-03; 08:40:53; 400; 0; 34.49; 999.656875; 24.3232421875
2026-08-03; 08:41:53; 400; 0; 34.48; 999.584375; 24.333984375
2026-08-03; 08:42:53; 400; 0; 34.4; 999.5351953125; 24.45703125
2026-08-03; 08:43:53; 400; 0; 34.43; 999.5826953125; 24.423828125
2026-08-03; 08:44:53; 400; 0; 34.4; 999.5351953125; 24.5146484375
2026-08-03; 08:45:53; 400; 0; 34.32; 999.5304296875; 24.603515625
2026-08-03; 08:46:53; 400; 0; 34.38; 999.5680859375; 24.572265625
2026-08-03; 08:47:53; 400; 0; 34.43; 999.639453125; 24.5166015625
2026-08-03; 08:48:53; 400; 0; 34.35; 999.5776171875; 24.6162109375
2026-08-03; 08:49:53; 400; 0; 34.38; 999.62484375; 24.595703125
2026-08-03; 08:50:53; 400; 0; 34.42; 999.62375; 24.55078125
2026-08-03; 08:51:53; 400; 0; 34.42; 999.6521484375; 24.5625
2026-08-03; 08:52:53; 400; 0; 34.58; 999.64109375; 24.4091796875
2026-08-03; 08:53:53; 400; 0; 34.54; 999.6223046875; 24.46484375
2026-08-03; 08:54:53; 400; 0; 34.52; 999.562421875; 24.533203125
2026-08-03; 08:55:53; 400; 0; 34.47; 999.625390625; 24.5302734375
2026-08-03; 08:56:53; 400; 0; 34.53; 999.72015625; 24.5224609375
2026-08-03; 08:57:53; 400; 0; 34.54; 999.6223046875; 24.4990234375
2026-08-03; 08:58:53; 400; 0; 34.56; 999.7026953125; 24.51171875
2026-08-03; 08:59:53; 400; 0; 34.51; 999.68046875; 24.6142578125
2026-08-03; 09:00:53; 400; 0; 34.6; 999.6728515625; 24.513671875
2026-08-03; 09:01:53; 400; 0; 34.6; 999.6239453125; 24.5146484375
2026-08-03; 09:02:53; 400; 0; 34.55; 999.686953125; 24.5810546875
2026-08-03; 09:03:53; 400; 0; 34.57; 999.57640625; 24.5703125
2026-08-03; 09:04:53; 400; 0; 34.58; 999.64109375; 24.59375
2026-08-03; 09:05:53; 400; 0; 34.59; 999.571640625; 24.59375
2026-08-03; 09:06:53; 400; 0; 34.59; 999.5798046875; 24.5712890625
2026-08-03; 09:07:53; 400; 0; 34.52; 999.5542578125; 24.70703125
2026-08-03; 09:08:53; 400; 0; 34.61; 999.5260546875; 24.619140625
2026-08-03; 09:09:53; 400; 0; 34.62; 999.62703125; 24.701171875
2026-08-03; 09:10:53; 400; 0; 34.61; 999.5260546875; 24.7001953125
2026-08-03; 09:11:54; 400; 0; 34.55; 999.5812109375; 24.7783203125
2026-08-03; 09:12:54; 400; 0; 34.47; 999.5402734375; 24.8896484375
2026-08-03; 09:13:54; 400; 0; 34.6; 999.6239453125; 24.7119140625
2026-08-03; 09:14:54; 400; 0; 34.48; 999.548125; 24.9248046875
2026-08-03; 09:15:54; 400; 0; 34.62; 999.5907421875; 24.7470703125
2026-08-03; 09:16:54; 400; 0; 34.66; 999.576640625; 24.69140625
2026-08-03; 09:17:54; 400; 0; 34.7; 999.6395703125; 24.669921875
2026-08-03; 09:18:54; 400; 0; 34.65; 999.6173828125; 24.7373046875
2026-08-03; 09:19:54; 400; 0; 34.63; 999.7484375; 24.7822265625
2026-08-03; 09:20:54; 400; 0; 34.59; 999.75015625; 24.884765625
2026-08-03; 09:21:54; 400; 0; 34.69; 999.7011328125; 24.7392578125
2026-08-03; 09:22:54; 400; 0; 34.65; 999.723125; 24.8525390625
2026-08-03; 09:23:54; 400; 0; 34.53; 999.7406640625; 25.06640625
2026-08-03; 09:24:54; 400; 0; 34.67; 999.677578125; 24.947265625
2026-08-03; 09:25:54; 400; 0; 34.68; 999.69328125; 24.912109375
2026-08-03; 09:26:54; 400; 0; 34.65; 999.5811328125; 24.9453125
2026-08-03; 09:27:54; 400; 0; 34.65; 999.5811328125; 24.95703125
2026-08-03; 09:28:54; 400; 0; 34.65; 999.6741796875; 24.9462890625
2026-08-03; 09:29:54; 400; 0; 34.64; 999.57328125; 24.98046875
2026-08-03; 09:30:54; 400; 0; 34.58; 999.56375; 25.0693359375
2026-08-03; 09:31:54; 400; 0; 34.68; 999.5796875; 24.947265625
2026-08-03; 09:32:54; 400; 0; 34.72; 999.6141796875; 24.9150390625
2026-08-03; 09:33:54; 400; 0; 34.74; 999.56078125; 24.927734375
2026-08-03; 09:34:54; 400; 0; 34.66; 999.6334375; 25.0390625
2026-08-03; 09:35:54; 400; 0; 34.77; 999.6079296875; 24.90625
2026-08-03; 09:36:54; 400; 0; 34.81; 999.6427734375; 24.8623046875
2026-08-03; 09:37:54; 400; 0; 34.78; 999.587421875; 24.9755859375
2026-08-03; 09:38:54; 400; 0; 34.78; 999.623671875; 24.9873046875
2026-08-03; 09:39:54; 400; 0; 34.76; 999.6490234375; 25.021484375
2026-08-03; 09:40:54; 400; 0; 34.75; 999.6822265625; 25.0556640625
2026-08-03; 09:41:54; 400; 0; 34.82; 999.6790234375; 25.0244140625
2026-08-03; 09:42:54; 400; 0; 34.81; 999.671171875; 25.0595703125
2026-08-03; 09:43:54; 400; 0; 34.83; 999.70265625; 25.072265625
2026-08-03; 09:44:54; 400; 0; 34.86; 999.68515625; 25.02734375
2026-08-03; 09:45:54; 400; 0; 34.8; 999.6838671875; 25.1279296875
2026-08-03; 09:46:54; 400; 0; 34.83; 999.759453125; 25.1064453125
2026-08-03; 09:47:54; 400; 0; 34.74; 999.759609375; 25.240234375
2026-08-03; 09:48:54; 400; 0; 34.85; 999.633125; 24.9677734375
2026-08-03; 09:49:54; 400; 0; 34.89; 999.67578125; 25.0625
2026-08-03; 09:50:54; 400; 0; 34.92; 999.6948828125; 25.087890625
2026-08-03; 09:51:54; 400; 0; 34.88; 999.6884765625; 25.1552734375
2026-08-03; 09:52:54; 400; 0; 34.86; 999.7056640625; 25.2001953125
2026-08-03; 09:53:54; 400; 0; 34.88; 999.82265625; 25.212890625
2026-08-03; 09:54:55; 400; 0; 34.88; 999.765859375; 25.248046875
2026-08-03; 09:55:55; 400; 0; 34.82; 999.772109375; 25.5576171875
2026-08-03; 09:56:55; 400; 0; 34.85; 999.860390625; 25.396484375
2026-08-03; 09:57:55; 400; 0; 34.66; 999.8322265625; 25.6875
2026-08-03; 09:58:55; 400; 0; 34.78; 999.843046875; 25.6015625
2026-08-03; 09:59:55; 400; 0; 34.78; 999.8509375; 25.5673828125
2026-08-03; 10:00:55; 400; 0; 34.88; 999.8305078125; 25.48046875
2026-08-03; 10:01:55; 400; 0; 34.87; 999.8921484375; 25.537109375
2026-08-03; 10:02:55; 400; 0; 34.89; 999.8178515625; 25.5263671875
2026-08-03; 10:03:55; 400; 0; 34.92; 999.8006640625; 25.400390625
2026-08-03; 10:04:55; 400; 0; 34.98; 999.810078125; 25.3232421875
2026-08-03; 10:05:55; 400; 0; 34.87; 999.806953125; 25.6416015625
2026-08-03; 10:06:55; 400; 0; 35.07; 999.704375; 25.3515625
2026-08-03; 10:07:55; 400; 0; 34.77; 999.713671875; 25.787109375
2026-08-03; 10:08:55; 400; 0; 34.98; 999.6680078125; 25.54296875
2026-08-03; 10:09:55; 400; 0; 35.01; 999.658671875; 25.509765625
2026-08-03; 10:10:55; 400; 0; 35.0; 999.67109375; 25.544921875
2026-08-03; 10:11:55; 400; 0; 34.98; 999.639609375; 25.4736328125
2026-08-03; 10:12:55; 400; 0; 35.08; 999.6916796875; 25.41015625
2026-08-03; 10:13:55; 400; 0; 35.08; 999.683828125; 25.375
2026-08-03; 10:14:55; 400; 0; 35.0; 999.622421875; 25.4404296875
2026-08-03; 10:15:55; 400; 0; 35.07; 999.562265625; 25.33984375
2026-08-03; 10:16:55; 400; 0; 35.05; 999.607890625; 25.431640625
2026-08-03; 10:17:55; 400; 0; 35.09; 999.536875; 25.3994140625
2026-08-03; 10:18:55; 400; 0; 35.0; 999.451875; 25.4755859375
2026-08-03; 10:19:55; 400; 0; 34.96; 999.551328125; 25.6005859375
2026-08-03; 10:20:55; 400; 0; 35.05; 999.5305078125; 25.5361328125
2026-08-03; 10:21:55; 400; 0; 35.1; 999.5447265625; 25.4921875
2026-08-03; 10:22:55; 400; 0; 35.05; 999.5794921875; 25.58203125
2026-08-03; 10:23:55; 400; 0; 35.09; 999.5005859375; 25.5029296875
2026-08-03; 10:24:55; 400; 0; 35.04; 999.4295703125; 25.6162109375
2026-08-03; 10:25:55; 400; 0; 35.01; 999.524453125; 25.6845703125
2026-08-03; 10:26:55; 400; 0; 35.08; 999.464296875; 25.560546875
2026-08-03; 10:27:55; 400; 0; 35.05; 999.5794921875; 25.62890625
2026-08-03; 10:28:55; 400; 0; 35.07; 999.5338671875; 25.5830078125
2026-08-03; 10:29:55; 400; 0; 35.08; 999.492734375; 25.607421875
2026-08-03; 10:30:55; 400; 0; 35.07; 999.5054296875; 25.537109375
2026-08-03; 10:31:55; 400; 0; 35.03; 999.4990625; 25.662109375
2026-08-03; 10:32:55; 400; 0; 35.02; 999.418671875; 25.7197265625
2026-08-03; 10:33:55; 400; 0; 34.95; 999.458203125; 25.80859375
2026-08-03; 10:34:56; 400; 0; 35.02; 999.4470703125; 25.7421875
2026-08-03; 10:35:56; 400; 0; 34.99; 999.399609375; 25.7646484375
2026-08-03; 10:36:56; 400; 0; 34.93; 999.4548828125; 25.888671875
2026-08-03; 10:37:56; 400; 0; 34.94; 999.4993359375; 25.900390625
2026-08-03; 10:38:56; 400; 0; 34.89; 999.448515625; 25.978515625
2026-08-03; 10:39:56; 400; 0; 34.95; 999.4298046875; 25.970703125
2026-08-03; 10:40:56; 400; 0; 34.99; 999.399609375; 25.94921875
2026-08-03; 10:41:56; 400; 0; 35.0; 999.3382421875; 26.0322265625
2026-08-03; 10:42:56; 400; 0; 34.97; 999.3476171875; 26.0302734375
2026-08-03; 10:43:56; 400; 0; 34.92; 999.41078125; 26.05078125
2026-08-03; 10:44:56; 400; 0; 35.06; 999.339453125; 25.9306640625
2026-08-03; 10:45:56; 400; 0; 35.12; 999.3409375; 25.8642578125
2026-08-03; 10:46:56; 400; 0; 35.06; 999.339453125; 25.98828125
2026-08-03; 10:47:56; 400; 0; 35.08; 999.3427734375; 25.9658203125
2026-08-03; 10:48:56; 400; 0; 35.01; 999.3176953125; 26.0546875
2026-08-03; 10:49:56; 400; 0; 34.94; 999.4062109375; 26.236328125
2026-08-03; 10:50:56; 400; 0; 35.05; 999.36; 26.0693359375
2026-08-03; 10:51:56; 400; 0; 35.05; 999.3884375; 26.173828125
2026-08-03; 10:52:56; 400; 0; 34.98; 999.3838671875; 26.2509765625
2026-08-03; 10:53:56; 400; 0; 34.99; 999.4358984375; 26.193359375
2026-08-03; 10:54:56; 400; 0; 35.03; 999.349140625; 26.171875
2026-08-03; 10:55:56; 400; 0; 35.15; 999.3883984375; 25.970703125
2026-08-03; 10:56:56; 400; 0; 35.16; 999.4325390625; 26.0400390625
2026-08-03; 10:57:56; 400; 0; 35.28; 999.4022265625; 25.8037109375
2026-08-03; 10:58:56; 400; 0; 35.25; 999.440078125; 25.89453125
2026-08-03; 10:59:56; 400; 0; 35.28; 999.3737890625; 25.8388671875
2026-08-03; 11:00:56; 400; 0; 35.28; 999.2885546875; 25.8271484375
2026-08-03; 11:01:56; 400; 0; 35.39; 999.368515625; 25.716796875
2026-08-03; 11:02:56; 400; 0; 35.32; 999.26609375; 25.8876953125
2026-08-03; 11:03:56; 400; 0; 35.27; 999.293046875; 26.0
2026-08-03; 11:04:57; 400; 0; 35.4; 999.2989453125; 25.822265625
2026-08-03; 11:05:57; 400; 0; 35.25; 999.290078125; 26.0224609375
2026-08-03; 11:06:57; 400; 0; 35.31; 999.2503515625; 25.93359375
2026-08-03; 11:07:57; 400; 0; 35.39; 999.3401171875; 25.984375
2026-08-03; 11:08:57; 400; 0; 35.45; 999.264375; 25.8251953125
2026-08-03; 11:09:57; 400; 0; 35.41; 999.2580859375; 25.9267578125
2026-08-03; 11:10:57; 400; 0; 35.51; 999.2736328125; 25.7939453125
2026-08-03; 11:11:57; 400; 0; 35.5; 999.2294921875; 25.828125
2026-08-03; 11:12:57; 400; 0; 35.56; 999.2387109375; 25.796875
2026-08-03; 11:13:57; 400; 0; 35.53; 999.2766015625; 25.771484375
2026-08-03; 11:14:57; 400; 0; 35.53; 999.2481640625; 25.794921875
2026-08-03; 11:15:57; 400; 0; 35.52; 999.338359375; 25.8291015625
2026-08-03; 11:16:57; 400; 0; 35.54; 999.2638671875; 25.783203125
2026-08-03; 11:17:57; 400; 0; 35.55; 999.3855078125; 25.841796875
2026-08-03; 11:18:57; 400; 0; 35.53; 999.3334765625; 25.8642578125
2026-08-03; 11:19:57; 400; 0; 35.45; 999.264375; 26.1259765625
2026-08-03; 11:20:57; 400; 0; 35.47; 999.2310546875; 26.0703125
2026-08-03; 11:21:57; 400; 0; 35.52; 999.3177734375; 26.0146484375
2026-08-03; 11:22:57; 400; 0; 35.45; 999.2849609375; 26.080078125
2026-08-03; 11:23:57; 400; 0; 35.56; 999.3162109375; 25.947265625
2026-08-03; 11:24:57; 400; 0; 35.75; 999.3308203125; 25.818359375
2026-08-03; 11:25:57; 400; 0; 35.74; 999.37203125; 25.7373046875
2026-08-03; 11:26:57; 400; 0; 35.63; 999.3411328125; 25.8935546875
2026-08-03; 11:27:57; 400; 0; 35.95; 999.3174609375; 25.48046875
2026-08-03; 11:28:57; 400; 0; 35.96; 999.3125390625; 25.5751953125
2026-08-03; 11:29:57; 400; 0; 36.14; 999.3114453125; 25.3408203125
2026-08-03; 11:30:57; 400; 0; 36.09; 999.3465234375; 25.431640625
2026-08-03; 11:31:57; 400; 0; 36.02; 999.342265625; 25.6943359375
2026-08-03; 11:32:57; 400; 0; 35.9; 999.3037109375; 25.5830078125
2026-08-03; 11:33:57; 400; 0; 35.82; 999.2625; 25.787109375
2026-08-03; 11:34:58; 400; 0; 35.79; 999.28015625; 25.7978515625
2026-08-03; 11:35:58; 400; 0; 35.83; 999.2863671875; 25.71875
2026-08-03; 11:36:58; 400; 0; 35.81; 999.218359375; 25.763671875
2026-08-03; 11:37:58; 400; 0; 35.81; 999.3115625; 26.01953125
2026-08-03; 11:38:58; 400; 0; 35.75; 999.26609375; 25.9228515625
2026-08-03; 11:39:58; 400; 0; 35.74; 999.286640625; 26.271484375
2026-08-03; 11:40:58; 400; 0; 35.71; 999.26796875; 26.025390625
2026-08-03; 11:41:58; 400; 0; 35.77; 999.305625; 25.8779296875
2026-08-03; 11:42:58; 400; 0; 35.78; 999.2359765625; 25.9716796875
2026-08-03; 11:43:58; 400; 0; 35.79; 999.2723046875; 26.0185546875
2026-08-03; 11:44:58; 400; 0; 35.89; 999.18171875; 26.1865234375
2026-08-03; 11:45:58; 400; 0; 35.85; 999.1676171875; 26.3349609375
2026-08-03; 11:46:58; 400; 0; 35.85; 999.14703125; 26.033203125
2026-08-03; 11:47:58; 400; 0; 36.03; 999.195390625; 25.8349609375
2026-08-03; 11:48:58; 400; 0; 36.12; 999.166171875; 25.537109375
2026-08-03; 11:49:58; 400; 0; 36.14; 999.218203125; 25.5615234375
2026-08-03; 11:50:58; 400; 0; 36.17; 999.15171875; 25.5634765625
2026-08-03; 11:51:58; 400; 0; 36.1; 999.1835546875; 25.60546875
2026-08-03; 11:52:58; 400; 0; 35.98; 999.1941015625; 25.78515625
2026-08-03; 11:53:58; 400; 0; 36.04; 999.146328125; 25.7412109375
2026-08-03; 11:54:58; 400; 0; 35.96; 999.2477734375; 25.9111328125
2026-08-03; 11:55:58; 400; 0; 35.89; 999.21015625; 26.5
2026-08-03; 11:56:58; 400; 0; 35.85; 999.13921875; 26.6025390625
2026-08-03; 11:57:58; 400; 0; 35.69; 999.1512109375; 26.2099609375
2026-08-03; 11:58:58; 400; 0; 35.81; 999.112421875; 26.169921875
2026-08-03; 11:59:58; 400; 0; 35.72; 999.1698828125; 26.28125
2026-08-03; 12:00:58; 400; 0; 35.8; 999.17421875; 26.3212890625
2026-08-03; 12:01:58; 400; 0; 35.8; 999.12515625; 26.4833984375
2026-08-03; 12:02:58; 400; 0; 35.66; 999.1891796875; 26.359375
2026-08-03; 12:03:59; 400; 0; 35.75; 999.123828125; 26.318359375
2026-08-03; 12:04:59; 400; 0; 35.74; 999.1365625; 26.43359375
2026-08-03; 12:05:59; 400; 0; 35.68; 999.192109375; 26.4072265625
2026-08-03; 12:06:59; 400; 0; 35.66; 999.160703125; 26.509765625
2026-08-03; 12:07:59; 400; 0; 35.65; 999.1655859375; 26.625
2026-08-03; 12:08:59; 400; 0; 35.71; 999.15421875; 26.62890625
2026-08-03; 12:09:59; 400; 0; 35.61; 999.1750390625; 26.5771484375
2026-08-03; 12:10:59; 400; 0; 35.67; 999.17640625; 26.9169921875
2026-08-03; 12:11:59; 400; 0; 35.72; 999.198359375; 26.583984375
2026-08-03; 12:12:59; 400; 0; 35.75; 999.24546875; 26.8291015625
2026-08-03; 12:13:59; 400; 0; 35.75; 999.1316796875; 26.921875
2026-08-03; 12:14:59; 400; 0; 35.78; 999.1712109375; 26.458984375
2026-08-03; 12:15:59; 400; 0; 35.76; 999.1398046875; 26.8984375
2026-08-03; 12:16:59; 400; 0; 35.82; 999.2340625; 26.8447265625
2026-08-03; 12:17:59; 400; 0; 35.7; 999.166953125; 26.6865234375
2026-08-03; 12:18:59; 400; 0; 35.75; 999.103203125; 26.6552734375
2026-08-03; 12:19:59; 400; 0; 35.86; 999.134296875; 26.8935546875
2026-08-03; 12:20:59; 400; 0; 35.81; 999.1614453125; 26.9482421875
2026-08-03; 12:21:59; 400; 0; 35.85; 999.1107421875; 27.0546875
2026-08-03; 12:22:59; 400; 0; 35.87; 999.085234375; 26.998046875
2026-08-03; 12:23:59; 400; 0; 35.81; 999.112421875; 26.646484375
2026-08-03; 12:24:59; 400; 0; 35.87; 999.1421484375; 26.6845703125
2026-08-03; 12:25:59; 400; 0; 35.91; 999.14078125; 26.9541015625
2026-08-03; 12:26:59; 400; 0; 35.89; 999.1451171875; 26.779296875
2026-08-03; 12:27:59; 400; 0; 35.92; 999.164375; 26.5830078125
2026-08-03; 12:28:59; 400; 0; 35.93; 999.1153125; 27.0830078125
2026-08-03; 12:29:59; 400; 0; 35.94; 999.1025390625; 27.048828125
2026-08-03; 12:30:59; 400; 0; 35.97; 999.0930078125; 26.794921875
2026-08-03; 12:31:59; 400; 0; 35.96; 999.1133203125; 26.9111328125
2026-08-03; 12:32:59; 400; 0; 35.81; 999.10453125; 26.8203125
2026-08-03; 12:33:59; 400; 0; 35.88; 999.0725; 26.8125
2026-08-03; 12:34:59; 400; 0; 36.05; 999.105078125; 26.8583984375
2026-08-03; 12:35:59; 400; 0; 36.04; 999.0972265625; 26.9619140625
2026-08-03; 12:36:59; 400; 0; 35.87; 999.0930859375; 26.7314453125
2026-08-03; 12:37:59; 400; 0; 35.84; 999.0744140625; 26.7880859375
2026-08-03; 12:38:59; 400; 0; 36.0; 999.0262890625; 26.564453125
2026-08-03; 12:39:59; 400; 0; 35.92; 999.04265625; 26.9892578125
2026-08-03; 12:40:59; 400; 0; 35.94; 999.0740625; 26.630859375
2026-08-03; 12:41:59; 400; 0; 35.99; 998.933046875; 26.69140625
2026-08-03; 12:42:59; 400; 0; 36.08; 999.0176953125; 26.7314453125
2026-08-03; 12:43:59; 400; 0; 36.09; 998.9970703125; 26.755859375
2026-08-03; 12:44:59; 400; 0; 35.97; 999.0645703125; 26.5849609375
2026-08-03; 12:46:00; 400; 0; 36.1; 999.0209375; 26.59375
2026-08-03; 12:47:00; 400; 0; 36.02; 998.943828125; 26.8095703125
2026-08-03; 12:48:00; 400; 0; 36.08; 999.046171875; 27.091796875
2026-08-03; 12:49:00; 400; 0; 36.05; 998.9991015625; 27.0556640625
2026-08-03; 12:50:00; 400; 0; 36.01; 998.8790625; 27.052734375
2026-08-03; 12:51:00; 400; 0; 35.99; 998.9536328125; 27.0634765625
2026-08-03; 12:52:00; 400; 0; 36.07; 998.8596875; 26.7890625
2026-08-03; 12:53:00; 400; 0; 36.09; 998.96859375; 26.94140625
2026-08-03; 12:54:00; 400; 0; 36.05; 998.9421484375; 26.8349609375
2026-08-03; 12:55:00; 400; 0; 36.15; 998.92859375; 26.8173828125
2026-08-03; 12:56:00; 400; 0; 36.21; 998.9298046875; 26.693359375
2026-08-03; 12:57:00; 400; 0; 36.1; 998.9924609375; 26.7099609375
2026-08-03; 12:58:00; 400; 0; 36.14; 999.026796875; 26.8173828125
2026-08-03; 12:59:00; 400; 0; 36.2; 999.084921875; 26.994140625
2026-08-03; 13:00:00; 400; 0; 36.08; 999.00984375; 27.2080078125
2026-08-03; 13:01:00; 400; 0; 36.13; 999.01109375; 27.1767578125
2026-08-03; 13:02:00; 400; 0; 36.17; 999.009375; 27.1435546875
2026-08-03; 13:03:00; 400; 0; 36.16; 999.0581640625; 27.1435546875
2026-08-03; 13:04:00; 400; 0; 36.17; 999.066328125; 26.9580078125
2026-08-03; 13:05:00; 400; 0; 36.15; 998.8923046875; 27.060546875
2026-08-03; 13:06:00; 400; 0; 36.19; 998.926875; 27.1220703125
2026-08-03; 13:07:00; 400; 0; 36.15; 998.9570703125; 27.1083984375
2026-08-03; 13:08:00; 400; 0; 36.06; 998.9862890625; 27.1953125
2026-08-03; 13:09:00; 400; 0; 36.07; 998.9941796875; 27.3125
2026-08-03; 13:10:00; 400; 0; 36.0; 998.9408984375; 27.26171875
2026-08-03; 13:11:00; 400; 0; 36.06; 998.9215234375; 27.2294921875
2026-08-03; 13:12:00; 400; 0; 36.07; 998.90875; 27.1845703125
2026-08-03; 13:13:00; 400; 0; 36.08; 998.932265625; 27.103515625
2026-08-03; 13:14:00; 400; 0; 36.07; 999.0226171875; 27.27734375
2026-08-03; 13:15:00; 400; 0; 36.09; 998.976484375; 27.1865234375
2026-08-03; 13:16:00; 400; 0; 36.02; 998.9153515625; 26.9951171875
2026-08-03; 13:17:00; 400; 0; 36.12; 998.8815234375; 27.1640625
2026-08-03; 13:18:00; 400; 0; 36.2; 998.8778125; 26.970703125
2026-08-03; 13:19:00; 400; 0; 36.19; 998.9553515625; 27.15625
2026-08-03; 13:20:00; 400; 0; 36.31; 998.908671875; 27.0009765625
2026-08-03; 13:21:00; 400; 0; 36.26; 998.837734375; 27.21875
2026-08-03; 13:22:00; 400; 0; 36.23; 998.8394921875; 27.0068359375
2026-08-03; 13:23:00; 400; 0; 36.28; 998.8612890625; 27.126953125
2026-08-03; 13:24:00; 400; 0; 36.32; 998.83890625; 27.1640625
2026-08-03; 13:25:00; 400; 0; 36.29; 998.8278515625; 26.9765625
2026-08-03; 13:26:00; 400; 0; 36.27; 998.8249609375; 27.044921875
2026-08-03; 13:27:01; 400; 0; 36.29; 998.8278515625; 27.0341796875
2026-08-03; 13:28:01; 400; 0; 36.28; 998.8691015625; 27.2431640625
2026-08-03; 13:29:01; 400; 0; 36.29; 998.8278515625; 27.0341796875
2026-08-03; 13:30:01; 400; 0; 36.34; 998.8496875; 27.0146484375
2026-08-03; 13:31:01; 400; 0; 36.29; 998.7915625; 26.98828125
2026-08-03; 13:32:01; 400; 0; 36.26; 998.809296875; 27.2080078125
2026-08-03; 13:33:01; 400; 0; 36.33; 998.8055078125; 26.990234375
2026-08-03; 13:34:01; 400; 0; 36.34; 998.7926953125; 27.0263671875
2026-08-03; 13:35:01; 400; 0; 36.33; 998.883046875; 27.072265625
2026-08-03; 13:36:01; 400; 0; 36.32; 998.7898046875; 27.408203125
2026-08-03; 13:37:01; 400; 0; 36.33; 998.8261328125; 27.4326171875
2026-08-03; 13:38:01; 400; 0; 36.31; 998.774140625; 27.2919921875
2026-08-03; 13:39:01; 400; 0; 36.31; 998.802578125; 27.2919921875
2026-08-03; 13:40:01; 400; 0; 36.22; 998.7668359375; 27.4375
2026-08-03; 13:41:01; 400; 0; 36.16; 998.7941015625; 27.4912109375
2026-08-03; 13:42:01; 400; 0; 36.27; 998.8249609375; 27.3583984375
2026-08-03; 13:43:01; 400; 0; 36.36; 998.738671875; 27.3408203125
2026-08-03; 13:44:01; 400; 0; 36.31; 998.7378125; 27.1875
2026-08-03; 13:45:01; 400; 0; 36.36; 998.738671875; 27.212890625
2026-08-03; 13:46:01; 400; 0; 36.36; 998.73078125; 27.3056640625
2026-08-03; 13:47:01; 400; 0; 36.38; 998.734296875; 27.4580078125
2026-08-03; 13:48:01; 400; 0; 36.34; 998.6994140625; 27.5146484375
2026-08-03; 13:49:01; 400; 0; 36.33; 998.77703125; 27.525390625
2026-08-03; 13:50:01; 400; 0; 36.29; 998.7424609375; 27.4755859375
2026-08-03; 13:51:01; 400; 0; 36.35; 998.72296875; 27.607421875
2026-08-03; 13:52:01; 400; 0; 36.38; 998.770625; 27.6103515625
2026-08-03; 13:53:01; 400; 0; 36.32; 998.647421875; 27.7451171875
2026-08-03; 13:54:01; 400; 0; 36.3; 998.6363671875; 27.720703125
2026-08-03; 13:55:01; 400; 0; 36.31; 998.6523828125; 27.6640625
2026-08-03; 13:56:01; 400; 0; 36.4; 998.6517578125; 27.5986328125
2026-08-03; 13:57:01; 400; 0; 36.38; 998.6282421875; 27.6103515625
2026-08-03; 13:58:01; 400; 0; 36.41; 998.58203125; 27.587890625
2026-08-03; 13:59:01; 400; 0; 36.39; 998.5584765625; 27.458984375
2026-08-03; 14:00:01; 400; 0; 36.43; 998.6212109375; 27.49609375
2026-08-03; 14:01:01; 400; 0; 36.4; 998.5948046875; 27.6572265625
2026-08-03; 14:02:01; 400; 0; 36.43; 998.641875; 27.6357421875
2026-08-03; 14:03:01; 400; 0; 36.42; 998.5201171875; 27.5419921875
2026-08-03; 14:04:01; 400; 0; 36.37; 998.575625; 27.6083984375
2026-08-03; 14:05:01; 400; 0; 36.42; 998.512265625; 27.5302734375
2026-08-03; 14:06:01; 400; 0; 36.45; 998.5311328125; 27.5791015625
2026-08-03; 14:07:01; 400; 0; 36.44; 998.51515625; 27.51953125
2026-08-03; 14:08:01; 400; 0; 36.47; 998.611640625; 27.6025390625
2026-08-03; 14:09:01; 400; 0; 36.51; 998.5034765625; 27.4423828125
2026-08-03; 14:10:02; 400; 0; 36.42; 998.4631640625; 27.6357421875
2026-08-03; 14:11:02; 400; 0; 36.42; 998.4916015625; 27.5654296875
2026-08-03; 14:12:02; 400; 0; 36.45; 998.5311328125; 27.73046875
2026-08-03; 14:13:02; 400; 0; 36.47; 998.4485546875; 27.7080078125
2026-08-03; 14:14:02; 400; 0; 36.43; 998.499453125; 27.7177734375
2026-08-03; 14:15:02; 400; 0; 36.37; 998.4695703125; 27.830078125
2026-08-03; 14:16:02; 400; 0; 36.39; 998.4651953125; 27.8544921875
2026-08-03; 14:17:02; 400; 0; 36.44; 998.458203125; 27.775390625
2026-08-03; 14:18:02; 400; 0; 36.44; 998.486640625; 27.798828125
2026-08-03; 14:19:02; 400; 0; 36.49; 998.3659765625; 27.6162109375
2026-08-03; 14:20:02; 400; 0; 36.4; 998.460234375; 27.7626953125
2026-08-03; 14:21:02; 400; 0; 36.4; 998.3178515625; 27.7734375
2026-08-03; 14:22:02; 400; 0; 36.37; 998.2623828125; 27.8408203125
2026-08-03; 14:23:02; 400; 0; 36.36; 998.3684375; 27.8642578125
2026-08-03; 14:24:02; 400; 0; 36.37; 998.3478125; 27.8525390625
2026-08-03; 14:25:02; 400; 0; 36.35; 998.3164453125; 27.86328125
2026-08-03; 14:26:02; 400; 0; 36.37; 998.376328125; 27.8876953125
2026-08-03; 14:27:02; 400; 0; 36.4; 998.2815625; 27.8896484375
2026-08-03; 14:28:02; 400; 0; 36.33; 998.32140625; 27.919921875
2026-08-03; 14:29:02; 400; 0; 36.34; 998.3086328125; 27.9443359375
2026-08-03; 14:30:02; 400; 0; 36.32; 998.3263671875; 27.9189453125
2026-08-03; 14:31:02; 400; 0; 36.45; 998.2669921875; 27.845703125
2026-08-03; 14:32:02; 400; 0; 36.43; 998.2716015625; 27.787109375
2026-08-03; 14:33:02; 400; 0; 36.37; 998.2417578125; 27.830078125
2026-08-03; 14:34:02; 400; 0; 36.43; 998.3079296875; 27.822265625
2026-08-03; 14:35:02; 400; 0; 36.39; 998.2167578125; 27.8896484375
2026-08-03; 14:36:02; 400; 0; 36.42; 998.2274609375; 27.90234375
2026-08-03; 14:37:02; 400; 0; 36.43; 998.2431640625; 27.8916015625
2026-08-03; 14:38:02; 400; 0; 36.39; 998.18828125; 27.8662109375
2026-08-03; 14:39:02; 400; 0; 36.42; 998.1990234375; 27.8212890625
2026-08-03; 14:40:02; 400; 0; 36.48; 998.1430859375; 27.7431640625
2026-08-03; 14:41:02; 400; 0; 36.44; 998.201875; 27.751953125
2026-08-03; 14:42:02; 400; 0; 36.38; 998.1078125; 27.865234375
2026-08-03; 14:43:02; 400; 0; 36.42; 998.1498828125; 27.8447265625
2026-08-03; 14:44:02; 400; 0; 36.43; 998.10859375; 27.8798828125
2026-08-03; 14:45:02; 400; 0; 36.5; 998.060546875; 27.6865234375
2026-08-03; 14:46:02; 400; 0; 36.52; 998.0715234375; 27.6416015625
2026-08-03; 14:47:02; 400; 0; 36.54; 998.0095703125; 27.630859375
2026-08-03; 14:48:02; 400; 0; 36.51; 998.19828125; 27.6865234375
2026-08-03; 14:49:02; 400; 0; 36.51; 998.0273828125; 27.640625
2026-08-03; 14:50:02; 400; 0; 36.44; 998.0879296875; 27.775390625
2026-08-03; 14:51:02; 400; 0; 36.47; 998.0419921875; 27.75390625
2026-08-03; 14:52:02; 400; 0; 36.47; 997.992890625; 27.7197265625
2026-08-03; 14:53:03; 400; 0; 36.51; 997.9907421875; 27.6513671875
2026-08-03; 14:54:03; 400; 0; 36.52; 998.00671875; 27.6181640625
2026-08-03; 14:55:03; 400; 0; 36.5; 997.9466015625; 27.58203125
2026-08-03; 14:56:03; 400; 0; 36.47; 998.013515625; 27.6142578125
2026-08-03; 14:57:03; 400; 0; 36.45; 997.9900390625; 27.70703125
2026-08-03; 14:58:03; 400; 0; 36.47; 998.013515625; 27.6494140625
2026-08-03; 14:59:03; 400; 0; 36.47; 998.04984375; 27.615234375
2026-08-03; 15:00:03; 400; 0; 36.48; 997.9515625; 27.603515625
2026-08-03; 15:01:03; 400; 0; 36.47; 997.9359375; 27.568359375
2026-08-03; 15:02:03; 400; 0; 36.45; 997.9045703125; 27.6142578125
2026-08-03; 15:03:03; 400; 0; 36.39; 998.038046875; 27.65625
2026-08-03; 15:04:03; 400; 0; 36.48; 997.9152734375; 27.5107421875
2026-08-03; 15:05:03; 400; 0; 36.45; 997.9537109375; 27.5322265625
2026-08-03; 15:06:03; 400; 0; 36.49; 997.9672265625; 27.4296875
2026-08-03; 15:07:03; 400; 0; 36.46; 997.912421875; 27.439453125
2026-08-03; 15:08:03; 400; 0; 36.55; 997.8828125; 27.3173828125
2026-08-03; 15:09:03; 400; 0; 36.57; 997.885703125; 27.3076171875
2026-08-03; 15:10:03; 400; 0; 36.57; 997.885703125; 27.2958984375
2026-08-03; 15:11:03; 400; 0; 36.55; 997.8828125; 27.2822265625
2026-08-03; 15:12:03; 400; 0; 36.54; 997.8956640625; 27.2705078125
2026-08-03; 15:13:03; 400; 0; 36.55; 997.8337109375; 27.201171875
2026-08-03; 15:14:03; 400; 0; 36.5; 997.868984375; 27.279296875
2026-08-03; 15:15:03; 400; 0; 36.54; 997.875; 27.224609375
2026-08-03; 15:16:03; 400; 0; 36.55; 997.919140625; 27.166015625
2026-08-03; 15:17:03; 400; 0; 36.53; 997.88; 27.2119140625
2026-08-03; 15:18:03; 400; 0; 36.51; 997.8768359375; 27.2099609375
2026-08-03; 15:19:03; 400; 0; 36.46; 997.920234375; 27.21875
2026-08-03; 15:20:03; 400; 0; 36.53; 997.8878125; 27.1298828125
2026-08-03; 15:21:03; 400; 0; 36.54; 997.818046875; 27.0732421875
2026-08-03; 15:22:03; 400; 0; 36.51; 997.848359375; 27.05859375
2026-08-03; 15:23:03; 400; 0; 36.6; 997.876015625; 26.9248046875
2026-08-03; 15:24:03; 400; 0; 36.5; 997.8041796875; 27.046875
2026-08-03; 15:25:03; 400; 0; 36.47; 997.7934765625; 26.90625
2026-08-03; 15:26:03; 400; 0; 36.45; 997.7621484375; 26.916015625
2026-08-03; 15:27:03; 400; 0; 36.5; 997.698125; 26.849609375
2026-08-03; 15:28:03; 400; 0; 36.51; 997.7059375; 26.779296875
2026-08-03; 15:29:03; 400; 0; 36.53; 997.7090625; 26.6767578125
2026-08-03; 15:30:03; 400; 0; 36.58; 997.7589453125; 26.4931640625
2026-08-03; 15:31:03; 400; 0; 36.55; 997.719765625; 26.4794921875
2026-08-03; 15:32:03; 400; 0; 36.59; 997.6609375; 26.458984375
2026-08-03; 15:33:03; 400; 0; 36.56; 997.6991015625; 26.45703125
2026-08-03; 15:34:03; 400; 0; 36.58; 997.6246484375; 26.3310546875
2026-08-03; 15:35:04; 400; 0; 36.51; 997.62859375; 26.4541015625
2026-08-03; 15:36:04; 400; 0; 36.48; 997.6098046875; 26.39453125
2026-08-03; 15:37:04; 400; 0; 36.56; 997.5851953125; 26.201171875
2026-08-03; 15:38:04; 400; 0; 36.56; 997.5566796875; 26.177734375
2026-08-03; 15:39:04; 400; 0; 36.56; 997.5644921875; 26.1787109375
2026-08-03; 15:40:04; 400; 0; 36.55; 997.5488671875; 26.166015625
2026-08-03; 15:41:04; 400; 0; 36.55; 997.5203515625; 26.142578125
2026-08-03; 15:42:04; 400; 0; 36.55; 997.57734375; 26.177734375
2026-08-03; 15:43:04; 400; 0; 36.59; 997.603984375; 26.0400390625
2026-08-03; 15:44:04; 400; 0; 36.55; 997.6058203125; 26.154296875
2026-08-03; 15:45:04; 400; 0; 36.62; 997.5163671875; 26.0185546875
2026-08-03; 15:46:04; 400; 0; 36.53; 997.5381640625; 26.2109375
2026-08-03; 15:47:04; 400; 0; 36.54; 997.59015625; 26.142578125
2026-08-03; 15:48:04; 400; 0; 36.55; 997.57734375; 26.130859375
2026-08-03; 15:49:04; 400; 0; 36.57; 997.5801953125; 26.0859375
2026-08-03; 15:50:04; 400; 0; 36.54; 997.58234375; 26.119140625
2026-08-03; 15:51:04; 400; 0; 36.55; 997.4633984375; 26.130859375
2026-08-03; 15:52:04; 400; 0; 36.53; 997.4605859375; 26.0595703125
2026-08-03; 15:53:04; 400; 0; 36.57; 997.515390625; 26.0048828125
2026-08-03; 15:54:04; 400; 0; 36.56; 997.4997265625; 25.96875
2026-08-03; 15:55:04; 400; 0; 36.56; 997.5075390625; 25.95703125
2026-08-03; 15:56:04; 400; 0; 36.55; 997.5125390625; 25.8984375
2026-08-03; 15:57:04; 400; 0; 36.59; 997.5263671875; 25.8193359375
2026-08-03; 15:58:04; 400; 0; 36.57; 997.46625; 25.6552734375
2026-08-03; 15:59:04; 400; 0; 36.59; 997.4123828125; 25.6796875
2026-08-03; 16:00:04; 400; 0; 36.63; 997.4466015625; 25.6240234375
2026-08-03; 16:01:04; 400; 0; 36.59; 997.4123828125; 25.7265625
2026-08-03; 16:02:04; 400; 0; 36.52; 997.465546875; 25.7802734375
2026-08-03; 16:03:04; 400; 0; 36.51; 997.5146875; 25.7802734375
2026-08-03; 16:04:04; 400; 0; 36.6; 997.420234375; 25.71484375
2026-08-03; 16:05:04; 400; 0; 36.51; 997.4495703125; 25.802734375
2026-08-03; 16:06:04; 400; 0; 36.57; 997.4092578125; 25.7373046875
2026-08-03; 16:07:04; 400; 0; 36.57; 997.3523046875; 25.7373046875
2026-08-03; 16:08:04; 400; 0; 36.6; 997.3348046875; 25.703125
2026-08-03; 16:09:04; 400; 0; 36.6; 997.3995703125; 25.703125
2026-08-03; 16:10:04; 400; 0; 36.55; 997.2846875; 25.7470703125
2026-08-03; 16:11:04; 400; 0; 36.58; 997.3398046875; 25.69140625
2026-08-03; 16:12:04; 400; 0; 36.59; 997.2984765625; 25.69140625
2026-08-03; 16:13:04; 400; 0; 36.54; 997.3623046875; 25.7587890625
2026-08-03; 16:14:04; 400; 0; 36.56; 997.2718359375; 25.7470703125
2026-08-03; 16:15:04; 400; 0; 36.53; 997.2896484375; 25.79296875
2026-08-03; 16:16:04; 400; 0; 36.53; 997.2818359375; 25.76953125
2026-08-03; 16:17:04; 400; 0; 36.58; 997.2746875; 25.6904296875
2026-08-03; 16:18:05; 400; 0; 36.54; 997.248359375; 25.7587890625
2026-08-03; 16:19:05; 400; 0; 36.57; 997.2590234375; 25.7138671875
2026-08-03; 16:20:05; 400; 0; 36.54; 997.268984375; 25.74609375
2026-08-03; 16:21:05; 400; 0; 36.61; 997.2080078125; 25.6455078125
2026-08-03; 16:22:05; 400; 0; 36.55; 997.20703125; 25.36328125
2026-08-03; 16:23:05; 400; 0; 36.61; 997.1873828125; 25.23828125
2026-08-03; 16:24:05; 400; 0; 36.65; 997.1648046875; 25.1826171875
2026-08-03; 16:25:05; 400; 0; 36.64; 997.1410546875; 25.1591796875
2026-08-03; 16:26:05; 400; 0; 36.65; 997.213984375; 25.06640625
2026-08-03; 16:27:05; 400; 0; 36.63; 997.1047265625; 25.0771484375
2026-08-03; 16:28:05; 400; 0; 36.63; 997.133203125; 24.94921875
2026-08-03; 16:29:05; 400; 0; 36.63; 997.1253515625; 24.890625
2026-08-03; 16:30:05; 400; 0; 36.67; 997.0821484375; 24.7421875
2026-08-03; 16:31:05; 400; 0; 36.58; 997.046796875; 24.8759765625
2026-08-03; 16:32:05; 400; 0; 36.57; 997.059609375; 24.8056640625
2026-08-03; 16:33:05; 400; 0; 36.54; 997.01265625; 24.943359375
2026-08-03; 16:34:05; 400; 0; 36.53; 996.9969921875; 24.873046875
2026-08-03; 16:35:05; 400; 0; 36.53; 996.9478515625; 24.7919921875
2026-08-03; 16:36:05; 400; 0; 36.54; 996.9841796875; 24.76953125
2026-08-03; 16:37:05; 400; 0; 36.58; 996.98984375; 24.724609375
2026-08-03; 16:38:05; 400; 0; 36.57; 996.9741796875; 24.759765625
2026-08-03; 16:39:05; 400; 0; 36.56; 996.9015234375; 24.7470703125
2026-08-03; 16:40:05; 400; 0; 36.64; 997.0633984375; 24.646484375
2026-08-03; 16:41:05; 400; 0; 36.59; 996.9773046875; 24.7490234375
2026-08-03; 16:42:05; 400; 0; 36.6; 996.964453125; 24.7373046875
2026-08-03; 16:43:05; 400; 0; 36.59; 996.9773046875; 24.7607421875
2026-08-03; 16:44:05; 400; 0; 36.64; 996.9416015625; 24.658203125
2026-08-03; 16:45:05; 400; 0; 36.62; 996.9466015625; 24.6572265625
2026-08-03; 16:46:05; 400; 0; 36.69; 996.9631640625; 24.5322265625
2026-08-03; 16:47:05; 400; 0; 36.66; 996.9810546875; 24.53125
2026-08-03; 16:48:05; 400; 0; 36.7; 996.921875; 24.521484375
2026-08-03; 16:49:05; 400; 0; 36.67; 996.8257421875; 24.4970703125
2026-08-03; 16:50:05; 400; 0; 36.74; 996.9484765625; 24.3955078125
2026-08-03; 16:51:05; 400; 0; 36.69; 996.8492578125; 24.451171875
2026-08-03; 16:52:05; 400; 0; 36.72; 996.8680078125; 24.3603515625
2026-08-03; 16:53:05; 400; 0; 36.68; 996.8051171875; 24.4619140625
2026-08-03; 16:54:05; 400; 0; 36.62; 996.8326953125; 24.517578125
2026-08-03; 16:55:05; 400; 0; 36.66; 996.8023046875; 24.4501953125
2026-08-03; 16:56:05; 400; 0; 36.66; 996.8023046875; 24.4501953125
2026-08-03; 16:57:05; 400; 0; 36.67; 996.7609765625; 24.4033203125
2026-08-03; 16:58:05; 400; 0; 36.56; 996.766953125; 24.5380859375
2026-08-03; 16:59:05; 400; 0; 36.62; 996.7394140625; 24.4482421875
2026-08-03; 17:00:05; 400; 0; 36.62; 996.7187109375; 24.458984375
2026-08-03; 17:01:06; 400; 0; 36.66; 996.8023046875; 24.3798828125
2026-08-03; 17:02:06; 400; 0; 36.74; 996.69203125; 24.3251953125
2026-08-03; 17:03:06; 400; 0; 36.64; 996.7215234375; 24.4140625
2026-08-03; 17:04:06; 400; 0; 36.66; 996.7737890625; 24.4033203125
2026-08-03; 17:05:06; 400; 0; 36.66; 996.7453125; 24.3798828125
2026-08-03; 17:06:06; 400; 0; 36.71; 996.8235546875; 24.3359375
2026-08-03; 17:07:06; 400; 0; 36.65; 996.7375; 24.4150390625
2026-08-03; 17:08:06; 400; 0; 36.64; 996.7421875; 24.37890625
2026-08-03; 17:09:06; 400; 0; 36.7; 996.67328125; 24.3125
2026-08-03; 17:10:06; 400; 0; 36.63; 996.5634765625; 24.3671875
2026-08-03; 17:11:06; 400; 0; 36.64; 996.6360546875; 24.40234375
2026-08-03; 17:12:06; 400; 0; 36.66; 996.6313671875; 24.4033203125
2026-08-03; 17:13:06; 400; 0; 36.71; 996.6526171875; 24.3359375
2026-08-03; 17:14:06; 400; 0; 36.75; 996.6869921875; 24.2919921875
2026-08-03; 17:15:06; 400; 0; 36.74; 996.720546875; 24.314453125
2026-08-03; 17:16:06; 400; 0; 36.73; 996.70484375; 24.3369140625
2026-08-03; 17:17:06; 400; 0; 36.76; 996.666328125; 24.2802734375
2026-08-03; 17:18:06; 400; 0; 36.66; 996.6883203125; 24.3798828125
2026-08-03; 17:19:06; 400; 0; 36.74; 996.6350390625; 24.3251953125
2026-08-03; 17:20:06; 400; 0; 36.77; 996.596484375; 24.2919921875
2026-08-03; 17:21:06; 400; 0; 36.79; 996.550390625; 24.2353515625
2026-08-03; 17:22:06; 400; 0; 36.8; 996.5660546875; 24.248046875
2026-08-03; 17:23:06; 65535; 65535; 36.88; 996.598515625; 24.181640625
2026-08-03; 17:24:06; 400; 0; 36.91; 996.6169140625; 24.13671875
2026-08-03; 17:25:06; 400; 0; 36.91; 996.567734375; 24.1259765625
2026-08-03; 17:26:06; 400; 0; 36.95; 996.6228125; 24.0693359375
2026-08-03; 17:27:06; 400; 0; 37.0; 996.5873046875; 24.048828125
2026-08-03; 17:28:06; 400; 0; 36.94; 996.5294921875; 24.103515625
2026-08-03; 17:29:06; 400; 0; 36.96; 996.50375; 24.0703125
2026-08-03; 17:30:06; 400; 0; 37.0; 996.5302734375; 24.060546875
2026-08-03; 17:31:06; 400; 0; 37.01; 996.48890625; 24.048828125
2026-08-03; 17:32:06; 400; 0; 36.93; 996.4853515625; 24.126953125
2026-08-03; 17:33:06; 400; 0; 36.93; 996.4853515625; 24.115234375
2026-08-03; 17:34:06; 400; 0; 37.02; 996.50453125; 24.0380859375
2026-08-03; 17:35:06; 400; 0; 37.06; 996.4452734375; 24.0166015625
2026-08-03; 17:36:06; 400; 0; 37.02; 996.4190234375; 24.0498046875
2026-08-03; 17:37:06; 400; 0; 37.04; 996.4787890625; 24.0625
2026-08-03; 17:38:06; 400; 0; 37.1; 996.4510546875; 24.0068359375
2026-08-03; 17:39:06; 400; 0; 37.02; 996.3541796875; 24.072265625
2026-08-03; 17:40:06; 400; 0; 37.14; 996.4076953125; 23.939453125
2026-08-03; 17:41:06; 400; 0; 37.07; 996.3549609375; 24.005859375
2026-08-03; 17:42:06; 400; 0; 37.11; 996.3812109375; 23.9609375
2026-08-03; 17:43:06; 400; 0; 37.09; 996.4432421875; 23.9951171875
2026-08-03; 17:44:07; 400; 0; 37.13; 996.3554296875; 23.9853515625
2026-08-03; 17:45:07; 400; 0; 37.07; 996.4119921875; 24.0517578125
2026-08-03; 17:46:07; 400; 0; 37.13; 996.326953125; 23.9501953125
2026-08-03; 17:47:07; 400; 0; 37.15; 996.33; 23.939453125
2026-08-03; 17:48:07; 400; 0; 37.17; 996.3405859375; 23.87109375
2026-08-03; 17:49:07; 400; 0; 37.17; 996.332734375; 23.91796875
2026-08-03; 17:50:07; 400; 0; 37.29; 996.2928125; 23.7958984375
2026-08-03; 17:51:07; 400; 0; 37.22; 996.3541796875; 23.8037109375
2026-08-03; 17:52:07; 400; 0; 37.21; 996.2815234375; 23.873046875
2026-08-03; 17:53:07; 400; 0; 37.25; 996.372578125; 23.8515625
2026-08-03; 17:54:07; 400; 0; 37.27; 996.338984375; 23.8291015625
2026-08-03; 17:55:07; 400; 0; 37.18; 996.32765625; 23.94140625
2026-08-03; 17:56:07; 400; 0; 37.31; 996.287734375; 23.7958984375
2026-08-03; 17:57:07; 400; 0; 37.32; 996.3396875; 23.75
2026-08-03; 17:58:07; 400; 0; 37.25; 996.2948046875; 23.8291015625
2026-08-03; 17:59:07; 400; 0; 37.25; 996.23; 23.8046875
2026-08-03; 18:00:07; 400; 0; 37.26; 996.3596875; 23.83984375
2026-08-03; 18:01:07; 400; 0; 37.33; 996.29078125; 23.76171875
2026-08-03; 18:02:07; 400; 0; 37.31; 996.287734375; 23.7724609375
2026-08-03; 18:03:07; 400; 0; 37.2; 996.2658984375; 23.8486328125
2026-08-03; 18:04:07; 400; 0; 37.23; 996.2557421875; 23.8388671875
2026-08-03; 18:05:07; 400; 0; 37.29; 996.256484375; 23.830078125
2026-08-03; 18:06:07; 400; 0; 37.24; 996.27921875; 23.86328125
2026-08-03; 18:07:07; 400; 0; 37.22; 996.3049609375; 23.8857421875
2026-08-03; 18:08:07; 400; 0; 37.3; 996.2435546875; 23.7490234375
2026-08-03; 18:09:07; 400; 0; 37.21; 996.2608203125; 23.861328125
2026-08-03; 18:10:07; 400; 0; 37.37; 996.2965625; 23.6708984375
2026-08-03; 18:11:07; 400; 0; 37.35; 996.2367578125; 23.669921875
2026-08-03; 18:12:07; 400; 0; 37.35; 996.2445703125; 23.681640625
2026-08-03; 18:13:07; 400; 0; 37.34; 996.278203125; 23.681640625
2026-08-03; 18:14:07; 400; 0; 37.34; 996.1641015625; 23.716796875
2026-08-03; 18:15:07; 400; 0; 37.37; 996.218828125; 23.6826171875
2026-08-03; 18:16:07; 400; 0; 37.32; 996.16859375; 23.7275390625
2026-08-03; 18:17:07; 400; 0; 37.29; 996.207265625; 23.7373046875
2026-08-03; 18:18:07; 400; 0; 37.3; 996.1943359375; 23.69140625
2026-08-03; 18:19:07; 400; 0; 37.16; 996.0968359375; 23.8583984375
2026-08-03; 18:20:07; 400; 0; 37.34; 996.086328125; 23.681640625
2026-08-03; 18:21:07; 400; 0; 37.41; 996.074140625; 23.650390625
2026-08-03; 18:22:07; 400; 0; 37.32; 996.075234375; 23.76171875
2026-08-03; 18:23:07; 400; 0; 37.27; 996.053828125; 23.7822265625
2026-08-03; 18:24:07; 400; 0; 37.34; 996.0215234375; 23.716796875
2026-08-03; 18:25:07; 400; 0; 37.39; 996.1644921875; 23.63671875
2026-08-03; 18:26:08; 400; 0; 37.35; 996.1305078125; 23.658203125
2026-08-03; 18:27:08; 400; 0; 37.31; 996.0595703125; 23.71484375
2026-08-03; 18:28:08; 400; 0; 37.37; 996.0969140625; 23.63671875
2026-08-03; 18:29:08; 400; 0; 37.38; 996.0840234375; 23.61328125
2026-08-03; 18:30:08; 400; 0; 37.34; 996.1148828125; 23.623046875
2026-08-03; 18:31:08; 400; 0; 37.3; 996.0232421875; 23.64453125
2026-08-03; 18:32:08; 400; 0; 37.32; 996.1037109375; 23.6689453125
2026-08-03; 18:33:08; 400; 0; 37.4; 996.0375390625; 23.580078125
2026-08-03; 18:34:08; 400; 0; 37.31; 996.03109375; 23.6796875
2026-08-03; 18:35:08; 400; 0; 37.25; 996.06671875; 23.7236328125
2026-08-03; 18:36:08; 400; 0; 37.32; 995.9974609375; 23.6689453125
2026-08-03; 18:37:08; 400; 0; 37.22; 996.0483203125; 23.7919921875
2026-08-03; 18:38:08; 400; 0; 37.29; 996.0283203125; 23.7021484375
2026-08-03; 18:39:08; 400; 0; 37.2; 996.0092578125; 23.8486328125
2026-08-03; 18:40:08; 400; 0; 37.19; 996.08671875; 23.8603515625
2026-08-03; 18:41:08; 400; 0; 37.31; 996.03109375; 23.73828125
2026-08-03; 18:42:08; 400; 0; 37.24; 996.0510546875; 23.78125
2026-08-03; 18:43:08; 400; 0; 37.19; 996.001171875; 23.8486328125
2026-08-03; 18:44:08; 400; 0; 37.29; 996.0283203125; 23.759765625
2026-08-03; 18:45:08; 400; 0; 37.22; 996.0119921875; 23.849609375
2026-08-03; 18:46:08; 400; 0; 37.12; 996.0055078125; 23.9853515625
2026-08-03; 18:47:08; 400; 0; 37.29; 996.0283203125; 23.806640625
2026-08-03; 18:48:08; 400; 0; 37.26; 995.988984375; 23.86328125
2026-08-03; 18:49:08; 400; 0; 37.2; 996.0092578125; 23.9423828125
2026-08-03; 18:50:08; 400; 0; 37.22; 996.0405078125; 23.931640625
2026-08-03; 18:51:08; 400; 0; 37.17; 995.9984375; 23.98828125
2026-08-03; 18:52:08; 400; 0; 37.22; 995.955; 23.919921875
2026-08-03; 18:53:08; 400; 0; 37.25; 995.973359375; 23.9326171875
2026-08-03; 18:54:08; 400; 0; 37.19; 995.9441015625; 23.9541015625
2026-08-03; 18:55:08; 400; 0; 37.18; 995.95703125; 24.0
2026-08-03; 18:56:08; 400; 0; 37.11; 995.9613671875; 24.0888671875
2026-08-03; 18:57:08; 400; 0; 37.14; 995.9722265625; 24.0556640625
2026-08-03; 18:58:08; 400; 0; 37.1; 995.8808984375; 24.158203125
2026-08-03; 18:59:08; 400; 0; 37.08; 995.9066796875; 24.1689453125
2026-08-03; 19:00:08; 400; 0; 37.08; 995.9637109375; 24.1806640625
2026-08-03; 19:01:08; 400; 0; 37.01; 995.9187890625; 24.2705078125
2026-08-03; 19:02:08; 400; 0; 37.13; 995.9277734375; 24.13671875
2026-08-03; 19:03:08; 400; 0; 37.07; 995.862578125; 24.19140625
2026-08-03; 19:04:08; 400; 0; 37.05; 995.781796875; 24.2373046875
2026-08-03; 19:05:08; 400; 0; 37.03; 995.8282421875; 24.2822265625
2026-08-03; 19:06:08; 400; 0; 37.03; 995.8645703125; 24.248046875
2026-08-03; 19:07:08; 400; 0; 36.96; 995.840390625; 24.337890625
2026-08-03; 19:08:08; 400; 0; 36.99; 995.8587890625; 24.328125
2026-08-03; 19:09:09; 400; 0; 36.96; 995.840390625; 24.3955078125
2026-08-03; 19:10:09; 400; 0; 36.92; 995.8915625; 24.4638671875
2026-08-03; 19:11:09; 400; 0; 37.0; 995.7891796875; 24.38671875
2026-08-03; 19:12:09; 400; 0; 37.0; 995.7891796875; 24.421875
2026-08-03; 19:13:09; 400; 0; 37.01; 995.7684765625; 24.4912109375
2026-08-03; 19:14:09; 400; 0; 36.96; 995.7548828125; 24.58203125
2026-08-03; 19:15:09; 400; 0; 37.01; 995.8048046875; 24.6318359375
2026-08-03; 19:16:09; 400; 0; 36.94; 995.7236328125; 24.6513671875
2026-08-03; 19:17:09; 400; 0; 36.94; 995.752109375; 24.662109375
2026-08-03; 19:18:09; 400; 0; 36.94; 995.8454296875; 24.7099609375
2026-08-03; 19:19:09; 400; 0; 36.93; 995.736484375; 24.720703125
2026-08-03; 19:20:09; 400; 0; 36.96; 995.7626953125; 24.62890625
2026-08-03; 19:21:09; 400; 0; 36.93; 995.7443359375; 24.708984375
2026-08-03; 19:22:09; 400; 0; 36.86; 995.74859375; 24.8564453125
2026-08-03; 19:23:09; 400; 0; 36.89; 995.6451953125; 24.68359375
2026-08-03; 19:24:09; 400; 0; 36.87; 995.6787109375; 24.763671875
2026-08-03; 19:25:09; 400; 0; 36.91; 995.704921875; 24.80078125
2026-08-03; 19:26:09; 400; 0; 36.87; 995.6709375; 24.740234375
2026-08-03; 19:27:09; 400; 0; 36.88; 995.6865625; 24.798828125
2026-08-03; 19:28:09; 400; 0; 36.88; 995.658046875; 24.798828125
2026-08-03; 19:29:09; 400; 0; 36.9; 995.5831640625; 24.8232421875
2026-08-03; 19:30:09; 400; 0; 36.86; 995.6553125; 24.890625
2026-08-03; 19:31:09; 400; 0; 36.86; 995.626796875; 24.97265625
2026-08-03; 19:32:09; 400; 0; 36.79; 995.5816015625; 25.0390625
2026-08-03; 19:33:09; 400; 0; 36.88; 995.62953125; 24.9384765625
2026-08-03; 19:34:09; 400; 0; 36.89; 995.6451953125; 24.927734375
2026-08-03; 19:35:09; 400; 0; 36.9; 995.611640625; 24.9052734375
2026-08-03; 19:36:09; 400; 0; 36.87; 995.7072265625; 24.9384765625
2026-08-03; 19:37:09; 400; 0; 36.81; 995.66984375; 25.0517578125
2026-08-03; 19:38:09; 400; 0; 36.9; 995.6401171875; 24.9404296875
2026-08-03; 19:39:09; 400; 0; 36.86; 995.74859375; 25.03125
2026-08-03; 19:40:09; 400; 0; 36.81; 995.690546875; 25.12109375
2026-08-03; 19:41:09; 400; 0; 36.85; 995.667578125; 25.0771484375
2026-08-03; 19:42:09; 400; 0; 36.82; 995.6569921875; 25.1220703125
2026-08-03; 19:43:09; 400; 0; 36.81; 995.6335546875; 25.1328125
2026-08-03; 19:44:09; 400; 0; 36.78; 995.6796484375; 25.177734375
2026-08-03; 19:45:09; 400; 0; 36.73; 995.6869921875; 25.2919921875
2026-08-03; 19:46:09; 400; 0; 36.73; 995.70765625; 25.291015625
2026-08-03; 19:47:09; 400; 0; 36.71; 995.6839453125; 25.291015625
2026-08-03; 19:48:09; 400; 0; 36.67; 995.678359375; 25.3701171875
2026-08-03; 19:49:09; 400; 0; 36.66; 995.6420703125; 25.392578125
2026-08-03; 19:50:09; 400; 0; 36.65; 995.647109375; 25.369140625
2026-08-03; 19:51:09; 400; 0; 36.61; 995.677578125; 25.3662109375
2026-08-03; 19:52:10; 400; 0; 36.64; 995.6596875; 25.3916015625
2026-08-03; 19:53:10; 400; 0; 36.6; 995.6904296875; 25.435546875
2026-08-03; 19:54:10; 400; 0; 36.64; 995.7451171875; 25.4384765625
2026-08-03; 19:55:10; 400; 0; 36.69; 995.7459375; 25.359375
2026-08-03; 19:56:10; 400; 0; 36.67; 995.79234375; 25.3818359375
2026-08-03; 19:57:10; 400; 0; 36.66; 995.7766796875; 25.357421875
2026-08-03; 19:58:10; 400; 0; 36.7; 995.782265625; 25.3251953125
2026-08-03; 19:59:10; 400; 0; 36.71; 995.797890625; 25.279296875
2026-08-03; 20:00:10; 400; 0; 36.74; 995.7311328125; 25.24609375
2026-08-03; 20:01:10; 400; 0; 36.66; 995.7482421875; 25.322265625
2026-08-03; 20:02:10; 400; 0; 36.57; 995.785625; 25.4921875
2026-08-03; 20:03:10; 400; 0; 36.62; 995.8071484375; 25.390625
2026-08-03; 20:04:10; 400; 0; 36.49; 995.7172265625; 25.5458984375
2026-08-03; 20:05:10; 400; 0; 36.61; 995.7915234375; 25.4130859375
2026-08-03; 20:06:10; 400; 0; 36.57; 995.785625; 25.4228515625
2026-08-03; 20:07:10; 400; 0; 36.59; 995.760234375; 25.412109375
2026-08-03; 20:08:10; 400; 0; 36.55; 995.7465625; 25.4677734375
2026-08-03; 20:09:10; 400; 0; 36.54; 995.7672265625; 25.4794921875
2026-08-03; 20:10:10; 400; 0; 36.56; 995.798515625; 25.4453125
2026-08-03; 20:11:10; 400; 0; 36.59; 995.89484375; 25.400390625
2026-08-03; 20:12:10; 400; 0; 36.56; 995.8191796875; 25.4453125
2026-08-03; 20:13:10; 400; 0; 36.51; 995.8057421875; 25.4892578125
2026-08-03; 20:14:10; 400; 0; 36.48; 995.7870703125; 25.5107421875
2026-08-03; 20:15:10; 400; 0; 36.5; 995.952890625; 25.51171875
2026-08-03; 20:16:10; 400; 0; 36.48; 995.8646484375; 25.5224609375
2026-08-03; 20:17:10; 400; 0; 36.52; 995.9353125; 25.431640625
2026-08-03; 20:18:10; 400; 0; 36.42; 995.9776953125; 25.5654296875
2026-08-03; 20:19:10; 400; 0; 36.42; 995.9207421875; 25.5654296875
2026-08-03; 20:20:10; 400; 0; 36.46; 995.9266796875; 25.509765625
2026-08-03; 20:21:10; 400; 0; 36.46; 995.8903515625; 25.5087890625
2026-08-03; 20:22:10; 400; 0; 36.48; 995.97859375; 25.4873046875
2026-08-03; 20:23:10; 400; 0; 36.49; 995.99421875; 25.4873046875
2026-08-03; 20:24:10; 400; 0; 36.47; 996.019921875; 25.509765625
2026-08-03; 20:25:10; 400; 0; 36.46; 995.98359375; 25.521484375
2026-08-03; 20:26:10; 400; 0; 36.48; 996.0718359375; 25.5107421875
2026-08-03; 20:27:10; 400; 0; 36.52; 996.0492578125; 25.455078125
2026-08-03; 20:28:10; 400; 0; 36.49; 996.0796484375; 25.5341796875
2026-08-03; 20:29:10; 400; 0; 36.47; 996.019921875; 25.509765625
2026-08-03; 20:30:10; 400; 0; 36.47; 996.0562109375; 25.626953125
2026-08-03; 20:31:10; 400; 0; 36.39; 996.0525390625; 25.6455078125
2026-08-03; 20:32:10; 400; 0; 36.43; 996.0503125; 25.6474609375
2026-08-03; 20:33:10; 400; 0; 36.44; 996.0374609375; 25.6591796875
2026-08-03; 20:34:11; 400; 0; 36.42; 996.1485546875; 25.9140625
2026-08-03; 20:35:11; 400; 0; 36.38; 996.0575390625; 25.9697265625
2026-08-03; 20:36:11; 400; 0; 36.29; 996.12296875; 26.0693359375
2026-08-03; 20:37:11; 400; 0; 36.24; 996.1016796875; 26.2763671875
2026-08-03; 20:38:11; 400; 0; 36.2; 996.14484375; 26.1806640625
2026-08-03; 20:39:11; 400; 0; 36.13; 996.1360546875; 26.4443359375
2026-08-03; 20:40:11; 400; 0; 36.15; 996.1388671875; 26.48046875
2026-08-03; 20:41:11; 400; 0; 36.14; 996.094765625; 26.666015625
2026-08-03; 20:42:11; 400; 0; 36.04; 996.1372265625; 26.9736328125
2026-08-03; 20:43:11; 400; 0; 36.13; 996.18515625; 26.8046875
2026-08-03; 20:44:11; 400; 0; 36.29; 996.14359375; 26.8251953125
2026-08-03; 20:45:11; 400; 0; 36.28; 996.0994921875; 26.84765625
2026-08-03; 20:46:11; 400; 0; 36.3; 996.053203125; 26.802734375
2026-08-03; 20:47:11; 400; 0; 36.21; 996.1113671875; 26.87890625
2026-08-03; 20:48:11; 400; 0; 36.19; 996.023125; 26.8193359375
2026-08-03; 20:49:11; 400; 0; 36.28; 996.071015625; 26.626953125
2026-08-03; 20:50:11; 400; 0; 36.25; 996.052578125; 26.66015625
2026-08-03; 20:51:11; 400; 0; 36.01; 996.025234375; 27.064453125
2026-08-03; 20:52:11; 400; 0; 36.1; 996.00375; 27.0927734375
2026-08-03; 20:53:11; 400; 0; 36.2; 996.0309765625; 26.8896484375
2026-08-03; 20:54:11; 400; 0; 36.12; 996.0271875; 26.9892578125
2026-08-03; 20:55:11; 400; 0; 36.14; 996.0584765625; 27.025390625
2026-08-03; 20:56:11; 400; 0; 36.12; 996.0350390625; 27.2109375
2026-08-03; 20:57:11; 400; 0; 36.11; 996.0762890625; 27.373046875
2026-08-03; 20:58:11; 400; 0; 36.15; 996.1104296875; 27.2705078125
2026-08-03; 20:59:11; 400; 0; 36.12; 996.0065625; 27.396484375
2026-08-03; 21:00:11; 400; 0; 36.26; 996.1044921875; 27.27734375
2026-08-03; 21:01:11; 400; 0; 36.17; 996.1057421875; 27.4921875
2026-08-03; 21:02:11; 400; 0; 36.27; 996.0347265625; 27.32421875
2026-08-03; 21:03:11; 400; 0; 36.25; 996.052578125; 27.4619140625
2026-08-03; 21:04:12; 400; 0; 36.23; 996.0779296875; 27.84375
2026-08-03; 21:05:12; 400; 0; 36.21; 996.0829296875; 27.80859375
2026-08-03; 21:06:12; 400; 0; 36.31; 996.12609375; 27.826171875
2026-08-03; 21:07:12; 400; 0; 36.26; 996.182109375; 27.7646484375
2026-08-03; 21:08:12; 400; 0; 36.25; 996.1173046875; 27.798828125
2026-08-03; 21:09:12; 400; 0; 36.2; 996.1733203125; 28.1787109375
2026-08-03; 21:10:12; 400; 0; 36.21; 996.16046875; 28.0751953125
2026-08-03; 21:11:12; 400; 0; 36.19; 996.1939453125; 28.2021484375
2026-08-03; 21:12:12; 400; 0; 36.28; 996.1564453125; 28.0908203125
2026-08-03; 21:13:12; 400; 0; 36.16; 996.232109375; 28.466796875
2026-08-03; 21:14:12; 400; 0; 36.15; 996.1388671875; 28.3857421875
2026-08-03; 21:15:12; 400; 0; 36.12; 996.1204296875; 28.5703125
2026-08-03; 21:16:12; 400; 0; 36.08; 996.19984375; 28.7294921875
2026-08-03; 21:17:12; 400; 0; 36.1; 996.19484375; 28.7890625
2026-08-03; 21:18:12; 400; 0; 36.02; 996.1547265625; 28.865234375
2026-08-03; 21:19:12; 410; 1; 35.79; 996.2644140625; 29.2802734375
2026-08-03; 21:20:12; 459; 8; 35.88; 996.234921875; 29.0419921875
2026-08-03; 21:21:12; 517; 17; 35.89; 996.185859375; 29.0546875
2026-08-03; 21:22:12; 581; 27; 35.98; 996.1490234375; 28.955078125
2026-08-03; 21:23:12; 617; 33; 35.91; 996.2952734375; 29.11328125
2026-08-03; 21:24:12; 700; 45; 35.86; 996.20359375; 29.052734375
2026-08-03; 21:25:12; 798; 60; 35.91; 996.3315234375; 28.974609375
2026-08-03; 21:26:12; 882; 73; 35.91; 996.2952734375; 29.0205078125
2026-08-03; 21:27:12; 959; 85; 35.86; 996.317421875; 29.23828125
2026-08-03; 21:28:12; 1090; 105; 35.91; 996.2952734375; 29.125
2026-08-03; 21:29:12; 1228; 126; 35.91; 996.3315234375; 29.4384765625
2026-08-03; 21:30:12; 1291; 135; 35.9; 996.287421875; 29.5078125
2026-08-03; 21:31:12; 1441; 158; 35.87; 996.247734375; 29.3896484375
2026-08-03; 21:32:12; 1507; 177; 35.92; 996.2824609375; 29.53125
2026-08-03; 21:33:13; 1544; 203; 35.93; 996.2775; 29.486328125
2026-08-03; 21:34:13; 1581; 229; 35.94; 996.2853515625; 29.533203125
2026-08-03; 21:35:13; 1611; 256; 35.96; 996.324453125; 29.46484375
2026-08-03; 21:36:13; 1651; 291; 35.91; 996.2952734375; 29.6357421875
2026-08-03; 21:37:13; 1676; 314; 35.97; 996.332578125; 29.708984375
2026-08-03; 21:38:13; 1710; 349; 35.91; 996.2668359375; 29.728515625
2026-08-03; 21:39:13; 1738; 377; 35.88; 996.3978125; 29.7958984375
2026-08-03; 21:40:13; 1772; 417; 35.87; 996.3330859375; 29.9814453125
2026-08-03; 21:41:13; 1810; 461; 35.89; 996.3362109375; 29.9248046875
2026-08-03; 21:42:13; 1848; 513; 35.87; 996.3330859375; 30.0625
2026-08-03; 21:43:13; 1894; 576; 35.9; 996.40125; 30.099609375
2026-08-03; 21:44:13; 1940; 649; 35.88; 996.4341015625; 29.982421875
2026-08-03; 21:45:13; 1985; 720; 35.89; 996.4134375; 30.1220703125
2026-08-03; 21:46:13; 2015; 773; 35.81; 996.6655859375; 30.255859375
2026-08-03; 21:47:13; 2035; 810; 35.8; 996.621484375; 30.41796875
2026-08-03; 21:48:13; 2048; 823; 35.84; 996.6559765625; 30.3974609375
2026-08-03; 21:49:13; 2012; 767; 35.89; 996.6410546875; 30.25
2026-08-03; 21:50:13; 1994; 736; 35.77; 996.6519921875; 30.4384765625
2026-08-03; 21:51:13; 1959; 676; 35.8; 996.613671875; 30.3134765625
2026-08-03; 21:52:13; 1933; 634; 35.8; 996.613671875; 30.2431640625
2026-08-03; 21:53:13; 1885; 564; 35.78; 996.6186328125; 30.1494140625
2026-08-03; 21:54:13; 1832; 490; 35.73; 996.7106640625; 30.123046875
2026-08-03; 21:55:13; 1795; 444; 35.71; 996.6999609375; 30.0869140625
2026-08-03; 21:56:13; 1762; 405; 35.61; 996.643671875; 30.0224609375
2026-08-03; 21:57:13; 1723; 360; 35.67; 996.75078125; 30.025390625
2026-08-03; 21:58:13; 1696; 335; 35.67; 996.67328125; 29.8408203125
2026-08-03; 21:59:13; 1606; 249; 35.61; 996.643671875; 29.94140625
2026-08-03; 22:00:13; 1585; 232; 35.78; 996.6186328125; 29.6162109375
2026-08-03; 22:01:13; 1571; 222; 35.77; 996.63140625; 29.603515625
2026-08-03; 22:02:13; 1539; 198; 35.69; 996.676484375; 29.65625
2026-08-03; 22:03:14; 1508; 177; 35.69; 996.7251953125; 29.5859375
2026-08-03; 22:04:14; 1495; 168; 35.72; 996.7234375; 29.369140625
2026-08-03; 22:05:14; 1198; 121; 35.66; 996.735078125; 29.294921875
2026-08-03; 22:06:14; 1093; 105; 35.68; 996.7742578125; 29.2734375
2026-08-03; 22:07:14; 977; 87; 35.7; 996.7696484375; 29.0419921875
2026-08-03; 22:08:14; 870; 71; 35.65; 996.784140625; 29.02734375
2026-08-03; 22:09:14; 752; 53; 35.68; 996.8311328125; 28.9013671875
2026-08-03; 22:10:14; 641; 36; 35.61; 996.8633984375; 28.9677734375
2026-08-03; 22:11:14; 580; 27; 35.62; 996.85875; 28.88671875
2026-08-03; 22:12:14; 534; 20; 35.68; 996.8233203125; 28.7861328125
2026-08-03; 22:13:14; 487; 13; 35.61; 996.928125; 28.8515625
2026-08-03; 22:14:14; 459; 8; 35.68; 996.9086328125; 28.7392578125
2026-08-03; 22:15:14; 450; 7; 35.73; 996.845078125; 28.6962890625
2026-08-03; 22:16:14; 427; 4; 35.7; 996.8549609375; 28.6826171875
2026-08-03; 22:17:14; 414; 2; 35.74; 996.9176171875; 28.615234375
2026-08-03; 22:18:14; 405; 0; 35.75; 996.8194921875; 28.5703125
2026-08-03; 22:19:14; 400; 0; 35.72; 996.865703125; 28.580078125
2026-08-03; 22:20:14; 400; 0; 35.81; 996.8647265625; 28.4345703125
2026-08-03; 22:21:14; 400; 0; 35.75; 996.8194921875; 28.4892578125
2026-08-03; 22:22:14; 400; 0; 35.76; 996.8639453125; 28.4306640625
2026-08-03; 22:23:14; 400; 0; 35.79; 996.861875; 28.33984375
2026-08-03; 22:24:14; 400; 0; 35.77; 996.887421875; 28.3154296875
2026-08-03; 22:25:14; 400; 0; 35.81; 996.8362890625; 28.2138671875
2026-08-03; 22:26:14; 400; 0; 35.83; 996.8679296875; 28.1806640625
2026-08-03; 22:27:14; 400; 0; 35.78; 996.8746484375; 28.2001953125
2026-08-03; 22:28:14; 400; 0; 35.75; 996.8842578125; 28.2333984375
2026-08-03; 22:29:14; 400; 0; 35.77; 996.858984375; 28.1767578125
2026-08-03; 22:30:14; 400; 0; 35.79; 996.861875; 28.130859375
2026-08-03; 22:31:14; 400; 0; 35.78; 996.866796875; 28.1181640625
2026-08-03; 22:32:14; 400; 0; 35.76; 996.8717578125; 28.1064453125
2026-08-03; 22:33:14; 400; 0; 35.78; 996.8746484375; 28.072265625
2026-08-03; 22:34:14; 400; 0; 35.77; 996.8795703125; 28.083984375
2026-08-03; 22:35:14; 400; 0; 35.75; 996.85578125; 28.0830078125
2026-08-03; 22:36:14; 400; 0; 35.8; 996.8490625; 27.9814453125
2026-08-03; 22:37:14; 400; 0; 35.81; 996.8569140625; 27.9814453125
2026-08-03; 22:38:14; 400; 0; 35.78; 996.866796875; 27.9912109375
2026-08-03; 22:39:14; 400; 0; 35.79; 996.8902734375; 27.98046875
2026-08-03; 22:40:14; 400; 0; 35.77; 996.858984375; 27.9794921875
2026-08-03; 22:41:14; 400; 0; 35.8; 996.9550390625; 27.9462890625
2026-08-03; 22:42:15; 400; 0; 35.81; 996.950078125; 27.935546875
2026-08-03; 22:43:15; 400; 0; 35.79; 996.9393359375; 27.93359375
2026-08-03; 22:44:15; 400; 0; 35.83; 996.9454296875; 27.8662109375
2026-08-03; 22:45:15; 400; 0; 35.84; 996.85515625; 27.7978515625
2026-08-03; 22:46:15; 400; 0; 35.8; 996.9265625; 27.8876953125
2026-08-03; 22:47:15; 400; 0; 35.75; 996.9411328125; 27.955078125
2026-08-03; 22:48:15; 400; 0; 35.71; 996.9559765625; 28.009765625
2026-08-03; 22:49:15; 400; 0; 35.72; 997.028515625; 27.9873046875
2026-08-03; 22:50:15; 400; 0; 35.77; 996.993359375; 27.8984375
2026-08-03; 22:51:15; 400; 0; 35.66; 996.9989453125; 28.0419921875
2026-08-03; 22:52:15; 400; 0; 35.6; 996.969296875; 28.1201171875
2026-08-03; 22:53:15; 400; 0; 35.6; 996.961484375; 28.107421875
2026-08-03; 22:54:15; 400; 0; 35.67; 996.986171875; 28.04296875
2026-08-03; 22:55:15; 400; 0; 35.65; 996.9754296875; 28.041015625
2026-08-03; 22:56:15; 400; 0; 35.61; 997.0055859375; 28.09765625
2026-08-03; 22:57:15; 400; 0; 35.63; 997.045078125; 28.0986328125
2026-08-03; 22:58:15; 400; 0; 35.66; 997.02734375; 28.0654296875
2026-08-03; 22:59:15; 400; 0; 35.59; 997.010546875; 28.2119140625
2026-08-03; 23:00:15; 400; 0; 35.66; 996.9341796875; 28.111328125
2026-08-03; 23:01:15; 400; 0; 35.62; 997.0215625; 28.1435546875
2026-08-03; 23:02:15; 400; 0; 35.61; 996.9487109375; 28.1201171875
2026-08-03; 23:03:15; 400; 0; 35.6; 996.912421875; 28.177734375
2026-08-03; 23:04:15; 400; 0; 35.59; 996.9173828125; 28.1767578125
2026-08-03; 23:05:15; 400; 0; 35.56; 996.9556640625; 28.279296875
2026-08-03; 23:06:15; 400; 0; 35.61; 996.9202734375; 28.1552734375
2026-08-03; 23:07:15; 400; 0; 35.66; 996.88515625; 28.146484375
2026-08-03; 23:08:15; 400; 0; 35.61; 996.8633984375; 28.2021484375
2026-08-03; 23:09:15; 400; 0; 35.58; 996.81640625; 28.2919921875
2026-08-03; 23:10:15; 400; 0; 35.52; 996.7867578125; 28.3349609375
2026-08-03; 23:11:15; 400; 0; 35.55; 996.7487890625; 28.314453125
2026-08-03; 23:12:15; 400; 0; 35.6; 996.6486328125; 28.2236328125
2026-08-03; 23:13:15; 400; 0; 35.53; 996.6602734375; 28.359375
2026-08-03; 23:14:15; 400; 0; 35.5; 996.6701171875; 28.369140625
2026-08-03; 23:15:15; 400; 0; 35.48; 996.6875390625; 28.37890625
2026-08-03; 23:16:15; 400; 0; 35.43; 996.6738671875; 28.4453125
2026-08-03; 23:17:15; 400; 0; 35.41; 996.7194140625; 28.5478515625
2026-08-03; 23:18:15; 400; 0; 35.4; 996.6753125; 28.5595703125
2026-08-03; 23:19:15; 400; 0; 35.46; 996.7130859375; 28.4931640625
2026-08-03; 23:20:15; 400; 0; 35.47; 996.7002734375; 28.505859375
2026-08-03; 23:21:15; 400; 0; 35.48; 996.638828125; 28.552734375
2026-08-03; 23:22:15; 400; 0; 35.45; 996.668984375; 28.55078125
2026-08-03; 23:23:15; 400; 0; 35.54; 996.704375; 28.4990234375
2026-08-03; 23:24:15; 400; 0; 35.49; 996.731953125; 28.623046875
2026-08-03; 23:25:16; 400; 0; 35.46; 996.6924609375; 28.64453125
2026-08-03; 23:26:16; 400; 0; 35.49; 996.703515625; 28.646484375
2026-08-03; 23:27:16; 400; 0; 35.49; 996.654453125; 28.611328125
2026-08-03; 23:28:16; 400; 0; 35.52; 996.6651953125; 28.625
2026-08-03; 23:29:16; 400; 0; 35.55; 996.6553515625; 28.638671875
2026-08-04; 02:24:26; 402; 0; 33.67; 997.620703125; 30.404296875
2026-08-04; 02:25:26; 400; 0; 33.75; 997.604921875; 30.3291015625
2026-08-04; 02:26:26; 400; 0; 33.74; 997.6380859375; 30.3388671875
2026-08-04; 02:27:26; 409; 1; 33.74; 997.66640625; 30.3271484375
2026-08-04; 02:28:26; 400; 0; 33.76; 997.8396484375; 30.33984375
2026-08-04; 02:29:26; 407; 1; 33.75; 997.8239453125; 30.33984375
2026-08-04; 02:30:26; 400; 0; 33.79; 997.964296875; 30.3076171875
2026-08-04; 02:31:26; 400; 0; 33.87; 997.94859375; 30.2431640625
2026-08-04; 02:32:26; 400; 0; 33.91; 997.9553125; 30.1884765625
2026-08-04; 02:33:26; 405; 0; 33.86; 997.8272265625; 30.2431640625
2026-08-04; 02:34:26; 400; 0; 33.87; 997.7500390625; 30.2431640625
2026-08-04; 02:35:26; 402; 0; 33.86; 997.53578125; 30.2431640625
2026-08-04; 02:36:26; 400; 0; 33.89; 997.4978125; 30.1982421875
2026-08-04; 02:37:26; 413; 1; 33.81; 997.4364453125; 30.3203125
2026-08-04; 02:38:26; 409; 1; 33.81; 997.4852734375; 30.3203125
2026-08-04; 02:39:26; 401; 0; 33.83; 997.488359375; 30.3212890625
2026-08-04; 02:40:26; 400; 0; 33.82; 997.7073828125; 30.3671875
2026-08-04; 02:41:26; 403; 0; 33.83; 997.828671875; 30.3671875
2026-08-04; 02:42:26; 400; 0; 33.79; 997.964296875; 30.4345703125
2026-08-04; 02:43:26; 408; 1; 33.88; 998.134453125; 30.39453125
2026-08-04; 02:44:26; 409; 1; 33.9; 998.2226171875; 30.4189453125
2026-08-04; 02:45:26; 401; 0; 33.94; 998.3995703125; 30.41015625
2026-08-04; 02:46:26; 400; 0; 33.97; 998.531875; 30.4580078125
2026-08-04; 02:47:26; 405; 0; 34.03; 998.54140625; 30.4736328125
2026-08-04; 02:48:26; 408; 1; 33.94; 998.57765625; 30.572265625
2026-08-04; 02:49:26; 400; 0; 33.92; 998.6029296875; 30.720703125
2026-08-04; 02:50:26; 403; 0; 33.87; 998.5804296875; 30.7861328125
2026-08-04; 02:51:26; 406; 0; 33.9; 998.5346484375; 30.77734375
2026-08-04; 02:52:26; 402; 0; 33.87; 998.43859375; 30.8671875
2026-08-04; 02:53:26; 402; 0; 33.85; 998.4071484375; 30.9697265625
2026-08-04; 02:54:26; 405; 0; 33.85; 998.229140625; 30.9931640625
2026-08-04; 02:55:26; 403; 0; 33.88; 998.2479296875; 31.0986328125
2026-08-04; 02:56:26; 406; 0; 33.88; 998.3330078125; 31.0986328125
2026-08-04; 02:57:26; 400; 0; 33.92; 998.31140625; 31.1015625
2026-08-04; 02:58:26; 409; 1; 33.88; 998.340859375; 31.1103515625
2026-08-04; 02:59:26; 413; 1; 33.88; 998.47484375; 31.21484375
2026-08-04; 03:00:26; 416; 2; 33.92; 998.5178515625; 31.1943359375
2026-08-04; 03:01:26; 405; 0; 33.96; 998.4877734375; 31.1728515625
2026-08-04; 03:02:26; 402; 0; 34.0; 998.4737109375; 31.19921875
2026-08-04; 03:03:27; 409; 1; 33.96; 998.3821484375; 31.2548828125
2026-08-04; 03:04:27; 401; 0; 33.98; 998.3776953125; 31.2783203125
2026-08-04; 03:05:27; 400; 0; 33.95; 998.2530078125; 31.380859375
2026-08-04; 03:06:27; 400; 0; 33.97; 998.1630859375; 31.37109375
2026-08-04; 03:07:27; 418; 2; 33.95; 998.0544140625; 31.3701171875
2026-08-04; 03:08:27; 423; 3; 33.93; 997.9378515625; 31.4609375
2026-08-04; 03:09:27; 424; 3; 33.89; 997.8381640625; 31.4580078125
2026-08-04; 03:10:27; 427; 4; 33.88; 997.688515625; 31.4912109375
2026-08-04; 03:11:27; 444; 6; 33.87; 997.608203125; 31.4794921875
2026-08-04; 03:12:27; 447; 7; 33.84; 997.483828125; 31.5927734375
2026-08-04; 03:13:27; 454; 8; 33.92; 997.439921875; 31.4716796875
2026-08-04; 03:14:27; 460; 9; 33.92; 997.3186328125; 31.494140625
2026-08-04; 03:15:27; 463; 9; 33.95; 997.2317578125; 31.4384765625
2026-08-04; 03:16:27; 480; 12; 34.0; 997.21765625; 31.4306640625
2026-08-04; 03:17:27; 497; 14; 34.04; 997.2523828125; 31.3642578125
2026-08-04; 03:18:27; 487; 13; 33.98; 997.2791796875; 31.521484375
2026-08-04; 03:19:27; 480; 12; 33.98; 997.3848046875; 31.486328125
2026-08-04; 03:20:27; 450; 7; 33.95; 997.458671875; 31.5888671875
2026-08-04; 03:21:27; 455; 8; 33.95; 997.621015625; 31.5888671875
2026-08-04; 03:22:27; 443; 6; 33.92; 997.82921875; 31.62109375
2026-08-04; 03:23:27; 417; 2; 33.89; 997.9232421875; 31.619140625
2026-08-04; 03:24:27; 400; 0; 33.87; 998.17546875; 31.6982421875
2026-08-04; 03:25:27; 402; 0; 33.79; 998.397578125; 31.78515625
2026-08-04; 03:26:27; 400; 0; 33.77; 998.8198828125; 31.8994140625
2026-08-04; 03:27:27; 400; 0; 33.79; 999.1837890625; 31.8662109375
2026-08-04; 03:28:27; 400; 0; 33.79; 999.4185546875; 31.8896484375
2026-08-04; 03:29:27; 400; 0; 34.01; 999.7015234375; 31.7431640625
2026-08-04; 03:30:27; 400; 0; 34.05; 999.84203125; 31.7802734375
2026-08-04; 03:31:27; 400; 0; 34.04; 1000.14625; 31.9765625
2026-08-04; 03:32:27; 400; 0; 33.99; 1000.2374609375; 32.2724609375
2026-08-04; 03:33:27; 400; 0; 34.04; 1000.401640625; 32.634765625
2026-08-04; 03:34:27; 400; 0; 34.0; 1000.3383203125; 32.78125
2026-08-04; 03:35:27; 400; 0; 34.0; 1000.3178125; 32.8974609375
2026-08-04; 03:36:27; 400; 0; 33.95; 1000.3159765625; 33.2626953125
2026-08-04; 03:37:27; 400; 0; 33.93; 1000.1142578125; 33.203125
2026-08-04; 03:38:27; 400; 0; 33.93; 999.9156640625; 33.3076171875
2026-08-04; 03:39:27; 400; 0; 33.9; 999.7259765625; 33.3515625
2026-08-04; 03:40:27; 400; 0; 33.93; 999.5469140625; 33.2958984375
2026-08-04; 03:41:27; 400; 0; 33.9; 999.4508203125; 33.4560546875
2026-08-04; 03:42:27; 400; 0; 33.91; 999.2601171875; 33.501953125
2026-08-04; 03:43:27; 400; 0; 33.92; 999.2475; 33.6640625
2026-08-04; 03:44:27; 400; 0; 33.87; 999.0909765625; 33.70703125
2026-08-04; 03:45:28; 400; 0; 33.78; 999.00578125; 33.9658203125
2026-08-04; 03:46:28; 400; 0; 33.79; 998.9569140625; 33.8505859375
2026-08-04; 03:47:28; 400; 0; 33.74; 998.92203125; 34.0322265625
2026-08-04; 03:48:28; 400; 0; 33.77; 998.8400390625; 33.96484375
2026-08-04; 03:49:28; 400; 0; 33.77; 998.7631640625; 34.0576171875
2026-08-04; 03:50:28; 400; 0; 33.74; 998.6873046875; 34.228515625
2026-08-04; 03:51:28; 400; 0; 33.75; 998.710859375; 34.2529296875
2026-08-04; 03:52:28; 400; 0; 33.75; 998.6258203125; 34.298828125
2026-08-04; 03:53:28; 400; 0; 33.79; 998.539375; 34.2197265625
2026-08-04; 03:54:28; 400; 0; 33.74; 998.383203125; 34.3203125
2026-08-04; 03:55:28; 400; 0; 33.76; 998.4068359375; 34.310546875
2026-08-04; 03:56:28; 400; 0; 33.7; 998.43375; 34.3984375
2026-08-04; 03:57:28; 400; 0; 33.68; 998.458671875; 34.419921875
2026-08-04; 03:58:28; 400; 0; 33.69; 998.551640625; 34.5126953125
2026-08-04; 03:59:28; 400; 0; 33.67; 998.414609375; 34.626953125
2026-08-04; 04:00:28; 400; 0; 33.82; 998.4163671875; 34.4423828125
2026-08-04; 04:01:28; 400; 0; 33.86; 998.47171875; 34.4794921875
2026-08-04; 04:02:28; 400; 0; 33.89; 998.433828125; 34.5390625
2026-08-04; 04:03:28; 400; 0; 33.88; 998.3330078125; 34.5380859375
2026-08-04; 04:04:28; 400; 0; 33.79; 998.340859375; 34.7158203125
2026-08-04; 04:05:28; 400; 0; 33.68; 998.2885546875; 34.9501953125
2026-08-04; 04:06:28; 400; 0; 33.66; 998.22875; 34.9609375
2026-08-04; 04:07:28; 400; 0; 33.67; 998.236640625; 35.123046875
2026-08-04; 04:08:28; 400; 0; 33.59; 998.22390625; 35.2314453125
2026-08-04; 04:09:28; 400; 0; 33.63; 998.1816015625; 35.22265625
2026-08-04; 04:10:28; 400; 0; 33.6; 998.12625; 35.1865234375
2026-08-04; 04:11:28; 400; 0; 33.56; 998.21296875; 35.4482421875
2026-08-04; 04:12:28; 400; 0; 33.59; 998.2034375; 35.416015625
2026-08-04; 04:13:28; 400; 0; 33.55; 998.2252734375; 35.4931640625
2026-08-04; 04:14:28; 400; 0; 33.51; 998.0773046875; 35.5361328125
2026-08-04; 04:15:28; 400; 0; 33.48; 998.094375; 35.6728515625
2026-08-04; 04:16:28; 400; 0; 33.47; 998.0141015625; 35.6943359375
2026-08-04; 04:17:28; 400; 0; 33.45; 998.018828125; 35.7861328125
2026-08-04; 04:18:28; 426; 3; 33.45; 998.0393359375; 35.8310546875
2026-08-04; 04:19:28; 448; 7; 33.43; 998.072421875; 35.9453125
2026-08-04; 04:20:28; 493; 14; 33.47; 998.078671875; 35.833984375
2026-08-04; 04:21:28; 531; 19; 33.5; 998.0615625; 36.0087890625
2026-08-04; 04:22:28; 560; 24; 33.53; 998.193828125; 35.8955078125
2026-08-04; 04:23:28; 611; 32; 33.56; 998.127890625; 35.9326171875
2026-08-04; 04:24:28; 645; 37; 33.54; 998.145; 36.068359375
2026-08-04; 04:25:28; 683; 43; 33.54; 998.0677734375; 36.126953125
2026-08-04; 04:26:28; 706; 46; 33.45; 998.0676953125; 36.2578125
2026-08-04; 04:27:28; 778; 57; 33.47; 998.0141015625; 36.2822265625
2026-08-04; 04:28:29; 844; 67; 33.47; 997.90859375; 36.3515625
2026-08-04; 04:29:29; 895; 75; 33.45; 997.98265625; 36.373046875
2026-08-04; 04:30:29; 956; 84; 33.44; 997.889765625; 36.41796875
2026-08-04; 04:31:29; 1001; 91; 33.48; 997.859765625; 36.466796875
2026-08-04; 04:32:29; 1118; 109; 33.43; 997.7528125; 36.5556640625
2026-08-04; 04:33:29; 1178; 118; 33.47; 997.795234375; 36.5712890625
2026-08-04; 04:34:29; 1270; 132; 33.43; 997.8094921875; 36.6474609375
2026-08-04; 04:35:29; 1367; 147; 33.45; 997.7842578125; 36.6142578125
2026-08-04; 04:36:29; 1495; 166; 33.38; 997.7384375; 36.8056640625
2026-08-04; 04:37:29; 1513; 180; 33.39; 997.754140625; 36.8173828125
2026-08-04; 04:38:29; 1531; 193; 33.39; 997.7179296875; 36.771484375
2026-08-04; 04:39:29; 1556; 211; 33.42; 997.7084375; 36.7265625
2026-08-04; 04:40:29; 1571; 222; 33.52; 997.6883203125; 36.5849609375
2026-08-04; 04:41:29; 1594; 239; 33.49; 997.6770703125; 36.6640625
2026-08-04; 04:42:29; 1615; 260; 33.49; 997.73375; 36.732421875
2026-08-04; 04:43:29; 1627; 269; 33.49; 997.6487109375; 36.767578125
2026-08-04; 04:44:29; 1641; 283; 33.53; 997.590625; 36.701171875
2026-08-04; 04:45:29; 1635; 277; 33.64; 997.6507421875; 36.65234375
2026-08-04; 04:46:29; 1633; 276; 33.63; 997.586171875; 36.720703125
2026-08-04; 04:47:29; 1625; 268; 33.67; 997.5561328125; 36.712890625
2026-08-04; 04:48:29; 1631; 273; 33.64; 997.6302734375; 36.7919921875
2026-08-04; 04:49:29; 1640; 281; 33.6; 997.5954296875; 36.857421875
2026-08-04; 04:50:29; 1661; 300; 33.57; 997.597109375; 37.00390625
2026-08-04; 04:51:29; 1669; 308; 33.54; 997.5496875; 37.10546875
2026-08-04; 04:52:29; 1692; 331; 33.53; 997.6551953125; 37.1279296875
2026-08-04; 04:53:29; 1698; 336; 33.57; 997.5404296875; 37.02734375
2026-08-04; 04:54:29; 1701; 340; 33.54; 997.521328125; 37.1513671875
2026-08-04; 04:55:29; 65535; 65535; 33.53; 997.44890625; 37.2890625
2026-08-04; 04:56:29; 1717; 355; 33.52; 997.5544140625; 37.3115234375
2026-08-04; 04:57:29; 1741; 381; 33.56; 997.4191796875; 37.22265625
2026-08-04; 04:58:29; 1743; 384; 33.53; 997.5134765625; 37.416015625
2026-08-04; 04:59:29; 1738; 377; 33.59; 997.51515625; 37.3515625
2026-08-04; 05:00:29; 1743; 384; 33.54; 997.6063671875; 37.51953125
2026-08-04; 05:01:29; 1753; 394; 33.47; 997.596796875; 37.6416015625
2026-08-04; 05:02:29; 1756; 396; 33.44; 997.5984375; 37.650390625
2026-08-04; 05:03:29; 1769; 413; 33.5; 997.628515625; 37.57421875
2026-08-04; 05:04:29; 1756; 396; 33.51; 997.6442578125; 37.6904296875
2026-08-04; 05:05:29; 1756; 399; 33.5; 997.6363671875; 37.6904296875
2026-08-04; 05:06:29; 1756; 396; 33.54; 997.69140625; 37.56640625
2026-08-04; 05:07:29; 1756; 396; 33.49; 997.73375; 37.642578125
2026-08-04; 05:08:29; 1769; 413; 33.51; 997.729296875; 37.5751953125
2026-08-04; 05:09:29; 1762; 405; 33.48; 997.782578125; 37.7578125
2026-08-04; 05:10:29; 1785; 434; 33.42; 997.77328125; 37.9248046875
2026-08-04; 05:11:30; 1774; 418; 33.43; 997.6756640625; 37.9150390625
2026-08-04; 05:12:30; 1790; 439; 33.43; 997.6756640625; 37.880859375
2026-08-04; 05:13:30; 1787; 435; 33.39; 997.66125; 38.00390625
2026-08-04; 05:14:30; 1803; 452; 33.41; 997.6722265625; 37.958984375
2026-08-04; 05:15:30; 1829; 487; 33.46; 997.8078515625; 37.859375
2026-08-04; 05:16:30; 1844; 507; 33.48; 997.8030859375; 37.837890625
2026-08-04; 05:17:30; 1875; 548; 33.31; 997.769453125; 38.1005859375
2026-08-04; 05:18:30; 1915; 609; 33.31; 997.7978125; 38.2041015625
2026-08-04; 05:19:30; 1928; 626; 33.32; 997.7568359375; 38.1357421875
2026-08-04; 05:20:30; 1946; 657; 33.3; 997.7820703125; 38.318359375
2026-08-04; 05:21:30; 1970; 694; 33.31; 997.8544921875; 38.3076171875
2026-08-04; 05:22:30; 1985; 720; 33.36; 997.79171875; 37.978515625
2026-08-04; 05:23:30; 2025; 794; 33.44; 997.8819140625; 37.9609375
2026-08-04; 05:24:30; 2064; 849; 33.34; 997.7599609375; 38.2412109375
2026-08-04; 05:25:30; 2074; 870; 33.35; 997.739453125; 38.20703125
2026-08-04; 05:26:30; 2096; 913; 33.43; 997.639453125; 38.017578125
2026-08-04; 05:27:30; 2134; 994; 33.4; 997.7619921875; 38.083984375
2026-08-04; 05:28:30; 2158; 1048; 33.32; 997.6434765625; 38.25
2026-08-04; 05:29:30; 2168; 1071; 33.26; 997.6543359375; 38.4287109375
2026-08-04; 05:30:30; 2164; 1058; 33.31; 997.6482421875; 38.38671875
2026-08-04; 05:31:30; 2168; 1071; 33.24; 997.6591015625; 38.5322265625
2026-08-04; 05:32:30; 2185; 1111; 33.29; 997.701796875; 38.31640625
2026-08-04; 05:33:30; 2220; 1188; 33.28; 997.77078125; 38.3271484375
2026-08-04; 05:34:30; 2259; 1263; 33.25; 997.7881640625; 38.3251953125
2026-08-04; 05:35:30; 2283; 1320; 33.21; 997.781640625; 38.3681640625
2026-08-04; 05:36:30; 2322; 1409; 33.19; 997.8713671875; 38.4130859375
2026-08-04; 05:37:30; 2332; 1423; 33.19; 997.843046875; 38.5166015625
2026-08-04; 05:38:30; 2355; 1472; 33.22; 997.88265625; 38.47265625
2026-08-04; 05:39:30; 2380; 1528; 33.21; 997.8461328125; 38.4140625
2026-08-04; 05:40:30; 2428; 1633; 33.2; 997.887109375; 38.4716796875
2026-08-04; 05:41:30; 2471; 1713; 33.17; 997.953203125; 38.595703125
2026-08-04; 05:42:30; 2485; 1743; 33.16; 998.0225; 38.6171875
2026-08-04; 05:43:30; 2507; 1799; 33.2; 998.1058984375; 38.5166015625
2026-08-04; 05:44:30; 2514; 1814; 33.2; 998.11375; 38.5283203125
2026-08-04; 05:45:30; 2567; 1924; 33.29; 998.0780859375; 38.4091796875
2026-08-04; 05:46:30; 2591; 1977; 33.33; 998.1614453125; 38.3779296875
2026-08-04; 05:47:30; 2616; 2034; 33.3; 998.263828125; 38.41015625
2026-08-04; 05:48:30; 2630; 2066; 33.31; 998.3566796875; 38.421875
2026-08-04; 05:49:30; 2667; 2138; 33.25; 998.3469921875; 38.5546875
2026-08-04; 05:50:30; 2704; 2219; 33.24; 998.3675; 38.58984375
2026-08-04; 05:51:30; 2730; 2291; 33.29; 998.418125; 38.5361328125
2026-08-04; 05:52:30; 2750; 2326; 33.3; 998.5471875; 38.4677734375
2026-08-04; 05:53:30; 2805; 2445; 33.25; 998.6098828125; 38.486328125
2026-08-04; 05:54:31; 2848; 2536; 33.26; 998.617734375; 38.509765625
2026-08-04; 05:55:31; 2848; 2536; 33.21; 998.60328125; 38.5859375
2026-08-04; 05:56:31; 2878; 2601; 33.25; 998.60203125; 38.5205078125
2026-08-04; 05:57:31; 2898; 2631; 33.2; 998.6158984375; 38.5166015625
2026-08-04; 05:58:31; 2920; 2679; 33.16; 998.637890625; 38.6513671875
2026-08-04; 05:59:31; 2932; 2697; 33.16; 998.75125; 38.6171875
2026-08-04; 06:00:31; 2988; 2817; 33.16; 998.759140625; 38.6513671875
2026-08-04; 06:01:31; 3019; 2885; 33.17; 998.77484375; 38.595703125
2026-08-04; 06:02:31; 3068; 2992; 33.14; 998.804453125; 38.5458984375
2026-08-04; 06:03:31; 3102; 3065; 33.12; 998.77296875; 38.6708984375
2026-08-04; 06:04:31; 3120; 3110; 33.16; 998.75125; 38.5595703125
2026-08-04; 06:05:31; 3120; 3110; 33.1; 998.7698046875; 38.7490234375
2026-08-04; 06:06:31; 3129; 3129; 33.09; 998.8469140625; 38.7490234375
2026-08-04; 06:07:31; 3165; 3200; 33.08; 998.831171875; 38.69140625
2026-08-04; 06:08:31; 3201; 3278; 33.09; 998.895703125; 38.564453125
2026-08-04; 06:09:31; 3213; 3299; 33.08; 998.936328125; 38.64453125
2026-08-04; 06:10:31; 3247; 3381; 33.11; 998.9271875; 38.58984375
2026-08-04; 06:11:31; 3285; 3467; 33.08; 999.0011328125; 38.564453125
2026-08-04; 06:12:31; 3303; 3501; 33.05; 998.945703125; 38.630859375
2026-08-04; 06:13:31; 3332; 3562; 33.08; 998.9728125; 38.5068359375
2026-08-04; 06:14:31; 3332; 3562; 33.08; 998.831171875; 38.5419921875
2026-08-04; 06:15:31; 3303; 3501; 33.02; 998.8213671875; 38.7431640625
2026-08-04; 06:16:31; 3332; 3562; 33.0; 998.8179296875; 38.70703125
2026-08-04; 06:17:31; 3341; 3582; 33.01; 998.7773046875; 38.546875
2026-08-04; 06:18:31; 3341; 3582; 32.95; 998.759609375; 38.6796875
2026-08-04; 06:19:31; 3363; 3623; 32.99; 998.773828125; 38.5908203125
2026-08-04; 06:20:31; 3363; 3623; 33.01; 998.74078125; 38.615234375
2026-08-04; 06:21:31; 3354; 3604; 32.99; 998.8305078125; 38.5908203125
2026-08-04; 06:22:31; 3341; 3582; 33.01; 998.82578125; 38.51171875
2026-08-04; 06:23:31; 3316; 3528; 32.95; 998.7958203125; 38.65625
2026-08-04; 06:24:31; 3316; 3528; 32.93; 998.828515625; 38.609375
2026-08-04; 06:25:31; 3332; 3562; 32.86; 998.8800390625; 38.6826171875
2026-08-04; 06:26:31; 3325; 3548; 32.79; 998.9469140625; 38.9072265625
2026-08-04; 06:27:31; 3303; 3501; 32.71; 998.9259765625; 38.98046875
2026-08-04; 06:28:31; 3285; 3467; 32.69; 998.9227734375; 39.0478515625
2026-08-04; 06:29:31; 3303; 3501; 32.7; 998.910234375; 39.048828125
2026-08-04; 06:30:31; 65535; 65535; 32.71; 998.9338671875; 38.9814453125
2026-08-04; 06:31:31; 3370; 3644; 32.75; 998.9043359375; 38.9951171875
2026-08-04; 06:32:31; 3386; 3686; 32.77; 998.8226171875; 38.939453125
2026-08-04; 06:33:31; 3435; 3777; 32.78; 998.7251171875; 38.9521484375
2026-08-04; 06:34:31; 3464; 3841; 32.77; 998.745546875; 38.9521484375
2026-08-04; 06:35:31; 3483; 3876; 32.78; 998.7817578125; 38.8837890625
2026-08-04; 06:36:32; 3507; 3933; 32.79; 998.833671875; 38.94140625
2026-08-04; 06:37:32; 3507; 3933; 32.8; 998.934375; 38.931640625
2026-08-04; 06:38:32; 3527; 3981; 32.78; 998.979921875; 38.9755859375
2026-08-04; 06:39:32; 3540; 4004; 32.78; 998.979921875; 38.9521484375
2026-08-04; 06:40:32; 3550; 4019; 32.84; 998.9898046875; 38.8310546875
2026-08-04; 06:41:32; 3540; 4004; 32.76; 999.04125; 39.0888671875
2026-08-04; 06:42:32; 3527; 3981; 32.84; 998.969375; 38.888671875
2026-08-04; 06:43:32; 3527; 3981; 32.85; 999.04171875; 38.7978515625
2026-08-04; 06:44:32; 3514; 3953; 32.8; 999.068046875; 38.9541015625
2026-08-04; 06:45:32; 3527; 3981; 32.79; 999.0523046875; 38.837890625
2026-08-04; 06:46:32; 3527; 3981; 32.83; 999.08734375; 38.7841796875
2026-08-04; 06:47:32; 3561; 4055; 32.84; 999.026015625; 38.78515625
2026-08-04; 06:48:32; 3561; 4055; 32.81; 999.084140625; 38.919921875
2026-08-04; 06:49:32; 3561; 4055; 32.8; 999.0114453125; 38.908203125
2026-08-04; 06:50:32; 3561; 4055; 32.79; 999.080625; 38.9765625
2026-08-04; 06:51:32; 3574; 4084; 32.79; 999.1168359375; 38.9189453125
2026-08-04; 06:52:32; 3561; 4055; 32.79; 999.0523046875; 39.0341796875
2026-08-04; 06:53:32; 3561; 4055; 32.84; 999.1030859375; 38.95703125
2026-08-04; 06:54:32; 3574; 4084; 32.83; 999.058984375; 38.9794921875
2026-08-04; 06:55:32; 3561; 4055; 32.76; 999.04125; 39.146484375
2026-08-04; 06:56:32; 3540; 4004; 32.73; 999.0786328125; 39.224609375
2026-08-04; 06:57:32; 3561; 4055; 32.74; 999.038046875; 39.0869140625
2026-08-04; 06:58:32; 3527; 3981; 32.77; 999.0774609375; 39.1806640625
2026-08-04; 06:59:32; 3561; 4055; 32.75; 999.1104296875; 39.1572265625
2026-08-04; 07:00:32; 3561; 4055; 32.69; 999.09265625; 39.3466796875
2026-08-04; 07:01:32; 3584; 4106; 32.71; 999.124140625; 39.279296875
2026-08-04; 07:02:32; 3574; 4084; 32.71; 999.124140625; 39.267578125
2026-08-04; 07:03:32; 3561; 4055; 32.69; 999.0722265625; 39.2890625
2026-08-04; 07:04:32; 3561; 4055; 32.73; 999.1069140625; 39.1787109375
2026-08-04; 07:05:32; 3584; 4106; 32.73; 999.1069140625; 39.12109375
2026-08-04; 07:06:32; 3584; 4106; 32.74; 999.1717578125; 39.224609375
2026-08-04; 07:07:32; 3584; 4106; 32.78; 999.178125; 39.1708984375
2026-08-04; 07:08:32; 3574; 4084; 32.81; 999.176953125; 39.03515625
2026-08-04; 07:09:32; 3561; 4055; 32.82; 999.2414453125; 39.0703125
2026-08-04; 07:10:32; 3550; 4019; 32.8; 999.068046875; 39.0693359375
2026-08-04; 07:11:32; 3561; 4055; 32.76; 999.0129296875; 39.1005859375
2026-08-04; 07:12:32; 3514; 3953; 32.78; 999.0365625; 39.021484375
2026-08-04; 07:13:32; 3514; 3953; 32.74; 999.038046875; 39.0751953125
2026-08-04; 07:14:32; 3507; 3933; 32.77; 999.0853125; 39.06640625
2026-08-04; 07:15:32; 3493; 3898; 32.78; 999.0082421875; 39.1015625
2026-08-04; 07:16:32; 3507; 3933; 32.71; 999.0187890625; 39.1650390625
2026-08-04; 07:17:32; 3460; 3827; 32.68; 999.04859375; 39.265625
2026-08-04; 07:18:32; 3435; 3777; 32.82; 999.0715625; 39.001953125
2026-08-04; 07:19:33; 3447; 3798; 32.76; 998.92796875; 39.134765625
2026-08-04; 07:20:33; 3447; 3798; 32.79; 998.9390625; 39.068359375
2026-08-04; 07:21:33; 3464; 3841; 32.76; 998.956328125; 39.134765625
2026-08-04; 07:22:33; 3483; 3876; 32.77; 998.9641796875; 39.0546875
2026-08-04; 07:23:33; 3483; 3876; 32.75; 998.9971875; 39.0185546875
2026-08-04; 07:24:33; 3464; 3841; 32.82; 998.9378515625; 39.001953125
2026-08-04; 07:25:33; 3412; 3742; 32.82; 998.9378515625; 38.9560546875
2026-08-04; 07:26:33; 3363; 3623; 32.81; 998.8859375; 38.943359375
2026-08-04; 07:27:33; 3303; 3501; 32.8; 998.8415234375; 39.0
2026-08-04; 07:28:33; 3285; 3467; 32.82; 998.852890625; 38.93359375
2026-08-04; 07:29:33; 3263; 3414; 32.81; 998.808828125; 38.9892578125
2026-08-04; 07:30:33; 3235; 3360; 32.79; 998.833671875; 39.080078125
2026-08-04; 07:31:33; 3219; 3318; 32.77; 998.8226171875; 39.111328125
2026-08-04; 07:32:33; 3219; 3318; 32.77; 998.8509375; 39.23828125
2026-08-04; 07:33:33; 3235; 3360; 32.77; 998.9075390625; 39.23828125
2026-08-04; 07:34:33; 3226; 3340; 32.79; 999.031875; 39.1142578125
2026-08-04; 07:35:33; 3235; 3360; 32.76; 999.0978515625; 39.146484375
2026-08-04; 07:36:33; 3247; 3381; 32.78; 999.10109375; 39.125
2026-08-04; 07:37:33; 3235; 3360; 32.82; 999.0794140625; 39.12890625
2026-08-04; 07:38:33; 3226; 3340; 32.87; 999.0940234375; 39.0986328125
2026-08-04; 07:39:33; 3226; 3340; 32.87; 999.0172265625; 39.052734375
2026-08-04; 07:40:33; 3226; 3340; 32.88; 998.996796875; 39.1328125
2026-08-04; 07:41:33; 3219; 3318; 32.92; 998.9748046875; 39.0908203125
2026-08-04; 07:42:33; 3213; 3299; 32.93; 998.97015625; 39.0576171875
2026-08-04; 07:43:33; 3177; 3226; 32.9; 998.8300390625; 39.0546875
2026-08-04; 07:44:33; 3192; 3259; 32.86; 998.9366796875; 39.166015625
2026-08-04; 07:45:33; 3156; 3181; 32.88; 999.0046484375; 39.16796875
2026-08-04; 07:46:33; 3165; 3200; 32.87; 998.98890625; 39.2705078125
2026-08-04; 07:47:33; 3165; 3200; 32.88; 998.996796875; 39.2705078125
2026-08-04; 07:48:33; 3120; 3110; 32.89; 999.0691796875; 39.3642578125
2026-08-04; 07:49:33; 3093; 3046; 32.9; 999.084921875; 39.3310546875
2026-08-04; 07:50:33; 3120; 3110; 32.86; 999.0216015625; 39.3837890625
2026-08-04; 07:51:33; 3120; 3110; 32.88; 999.08171875; 39.3857421875
2026-08-04; 07:52:33; 3120; 3110; 32.88; 998.996796875; 39.3740234375
2026-08-04; 07:53:33; 3129; 3129; 32.9; 999.064453125; 39.376953125
2026-08-04; 07:54:33; 3150; 3174; 32.94; 999.0346484375; 39.333984375
2026-08-04; 07:55:33; 3165; 3200; 32.97; 999.05390625; 39.1875
2026-08-04; 07:56:33; 3177; 3226; 32.96; 999.1514453125; 39.3359375
2026-08-04; 07:57:33; 3129; 3129; 32.99; 999.1341796875; 39.1884765625
2026-08-04; 07:58:33; 3093; 3046; 32.98; 999.1183984375; 39.2333984375
2026-08-04; 07:59:33; 3087; 3027; 32.99; 999.198671875; 39.2470703125
2026-08-04; 08:00:33; 3081; 3023; 33.04; 999.1282421875; 39.1123046875
2026-08-04; 08:01:33; 3120; 3110; 33.13; 999.1853515625; 38.9140625
2026-08-04; 08:02:34; 3141; 3155; 33.18; 999.094375; 38.8720703125
2026-08-04; 08:03:34; 3114; 3096; 33.25; 999.1766015625; 38.5791015625
2026-08-04; 08:04:34; 3081; 3023; 33.23; 999.3151171875; 38.8408203125
2026-08-04; 08:05:34; 3053; 2954; 33.2; 999.3808984375; 38.9541015625
2026-08-04; 08:06:34; 3036; 2922; 33.19; 999.4863671875; 38.9765625
2026-08-04; 08:07:34; 3053; 2954; 33.25; 999.5449609375; 38.84375
2026-08-04; 08:08:34; 3053; 2954; 33.25; 999.5654296875; 38.8310546875
2026-08-04; 08:09:34; 3081; 3023; 33.27; 999.6252734375; 38.8330078125
2026-08-04; 08:10:34; 3068; 2992; 33.28; 999.56390625; 38.869140625
2026-08-04; 08:11:34; 3087; 3027; 33.28; 999.584375; 38.9365234375
2026-08-04; 08:12:34; 3093; 3046; 33.29; 999.636640625; 38.904296875
2026-08-04; 08:13:34; 3120; 3110; 33.31; 999.6602734375; 38.916015625
2026-08-04; 08:14:34; 3141; 3155; 33.32; 999.7610546875; 38.91796875
2026-08-04; 08:15:34; 3156; 3181; 33.45; 999.71171875; 38.67578125
2026-08-04; 08:16:34; 3192; 3259; 33.44; 999.7526171875; 38.6982421875
2026-08-04; 08:17:34; 3213; 3299; 33.46; 999.79203125; 38.6767578125
2026-08-04; 08:18:34; 3226; 3340; 33.5; 999.8474609375; 38.7265625
2026-08-04; 08:19:34; 3213; 3299; 33.46; 999.8125; 38.7919921875
2026-08-04; 08:20:34; 3213; 3299; 33.53; 999.781328125; 38.66015625
2026-08-04; 08:21:34; 3213; 3299; 33.6; 999.742265625; 38.4462890625
2026-08-04; 08:22:34; 3186; 3245; 33.56; 999.8207421875; 38.5458984375
2026-08-04; 08:23:34; 3177; 3226; 33.53; 999.83015625; 38.578125
2026-08-04; 08:24:34; 3165; 3200; 33.52; 999.7860546875; 38.6240234375
2026-08-04; 08:25:34; 3165; 3200; 33.5; 999.8191015625; 38.71484375
2026-08-04; 08:26:34; 3150; 3174; 33.46; 999.8487109375; 38.849609375
2026-08-04; 08:27:34; 3165; 3200; 33.51; 999.8348828125; 38.7607421875
2026-08-04; 08:28:34; 3177; 3226; 33.48; 999.900703125; 38.8623046875
2026-08-04; 08:29:34; 3201; 3278; 33.5; 999.8679296875; 38.8642578125
2026-08-04; 08:30:34; 3235; 3360; 33.52; 999.842734375; 38.8310546875
2026-08-04; 08:31:34; 3226; 3340; 33.51; 999.8065234375; 38.8076171875
2026-08-04; 08:32:34; 3247; 3381; 33.51; 999.8348828125; 38.841796875
2026-08-04; 08:33:34; 3226; 3340; 33.53; 999.83015625; 38.935546875
2026-08-04; 08:34:34; 3226; 3340; 33.47; 999.864453125; 38.943359375
2026-08-04; 08:35:34; 3247; 3381; 33.48; 999.8235546875; 38.955078125
2026-08-04; 08:36:34; 3263; 3414; 33.5; 999.79078125; 38.9453125
2026-08-04; 08:37:34; 3303; 3501; 33.47; 999.8361328125; 38.9775390625
2026-08-04; 08:38:34; 3294; 3481; 33.48; 999.7873046875; 38.9658203125
2026-08-04; 08:39:34; 3272; 3434; 33.56; 999.7640234375; 38.869140625
2026-08-04; 08:40:34; 3263; 3414; 33.59; 999.762734375; 38.7802734375
2026-08-04; 08:41:34; 3272; 3434; 33.58; 999.7674609375; 38.65234375
2026-08-04; 08:42:34; 3272; 3434; 33.6; 999.63671875; 38.607421875
2026-08-04; 08:43:34; 3263; 3414; 33.67; 999.662265625; 38.521484375
2026-08-04; 08:44:34; 3263; 3414; 33.67; 999.6543359375; 38.521484375
2026-08-04; 08:45:35; 3272; 3434; 33.73; 999.635703125; 38.376953125
2026-08-04; 08:46:35; 3285; 3467; 33.71; 999.689296875; 38.4443359375
2026-08-04; 08:47:35; 3285; 3467; 33.67; 999.7394140625; 38.5107421875
2026-08-04; 08:48:35; 3263; 3414; 33.68; 999.7063671875; 38.4765625
2026-08-04; 08:49:35; 3272; 3434; 33.7; 999.7019140625; 38.4658203125
2026-08-04; 08:50:35; 3272; 3434; 33.67; 999.6905859375; 38.4990234375
2026-08-04; 08:51:35; 3263; 3414; 33.68; 999.6984375; 38.4873046875
2026-08-04; 08:52:35; 3247; 3381; 33.71; 999.746015625; 38.375
2026-08-04; 08:53:35; 3219; 3318; 33.7; 999.7019140625; 38.3857421875
2026-08-04; 08:54:35; 3201; 3278; 33.7; 999.5963671875; 38.2939453125
2026-08-04; 08:55:35; 3186; 3245; 33.7; 999.6168359375; 38.2587890625
2026-08-04; 08:56:35; 3186; 3245; 33.78; 999.7069140625; 38.0693359375
2026-08-04; 08:57:35; 3102; 3065; 33.68; 999.7346875; 38.2119140625
2026-08-04; 08:58:35; 3028; 2903; 33.71; 999.7176953125; 38.2490234375
2026-08-04; 08:59:35; 3014; 2884; 33.62; 999.724921875; 38.4951171875
2026-08-04; 09:00:35; 2963; 2768; 33.6; 999.721796875; 38.4931640625
2026-08-04; 09:01:35; 2932; 2697; 33.6; 999.6934375; 38.515625
2026-08-04; 09:02:35; 2912; 2661; 33.66; 999.703203125; 38.3828125
2026-08-04; 09:03:35; 2859; 2564; 33.67; 999.7473046875; 38.3720703125
2026-08-04; 09:04:35; 2805; 2445; 33.68; 999.6984375; 38.3720703125
2026-08-04; 09:05:35; 2792; 2416; 33.67; 999.6905859375; 38.349609375
2026-08-04; 09:06:35; 2742; 2309; 33.68; 999.763046875; 38.384765625
2026-08-04; 09:07:35; 2715; 2257; 33.71; 999.782265625; 38.2841796875
2026-08-04; 09:08:35; 2667; 2138; 33.74; 999.7365625; 38.181640625
2026-08-04; 09:09:35; 2641; 2083; 33.77; 999.71921875; 38.21875
2026-08-04; 09:10:35; 2611; 2023; 33.77; 999.6625; 38.2421875
2026-08-04; 09:11:35; 2591; 1977; 33.81; 999.697421875; 38.19921875
2026-08-04; 09:12:35; 2528; 1845; 33.83; 999.7084375; 38.1552734375
2026-08-04; 09:13:35; 2511; 1799; 33.87; 999.686640625; 38.0771484375
2026-08-04; 09:14:35; 2448; 1668; 33.77; 999.7475390625; 38.333984375
2026-08-04; 09:15:35; 2428; 1633; 33.87; 999.743359375; 38.1005859375
2026-08-04; 09:16:35; 2409; 1588; 33.88; 999.722890625; 38.08984375
2026-08-04; 09:17:35; 2405; 1583; 33.86; 999.748125; 38.1806640625
2026-08-04; 09:18:35; 2397; 1562; 33.83; 999.736796875; 38.1669921875
2026-08-04; 09:19:35; 2359; 1477; 33.86; 999.7276171875; 38.203125
2026-08-04; 09:20:35; 2336; 1433; 33.86; 999.7559765625; 38.1455078125
2026-08-04; 09:21:35; 2355; 1472; 33.92; 999.7580859375; 38.046875
2026-08-04; 09:22:35; 2355; 1472; 33.96; 999.743828125; 37.923828125
2026-08-04; 09:23:35; 2309; 1381; 33.95; 999.728125; 37.7275390625
2026-08-04; 09:24:35; 2283; 1320; 33.97; 999.78828125; 37.728515625
2026-08-04; 09:25:35; 2270; 1290; 33.99; 999.7913671875; 37.662109375
2026-08-04; 09:26:35; 2259; 1263; 33.99; 999.811875; 37.626953125
2026-08-04; 09:27:35; 2203; 1151; 34.0; 999.8638671875; 37.638671875
2026-08-04; 09:28:36; 2193; 1125; 34.0; 999.856015625; 37.5927734375
2026-08-04; 09:29:36; 2160; 1053; 34.0; 999.884375; 37.6962890625
2026-08-04; 09:30:36; 2134; 994; 34.05; 999.898828125; 37.5849609375
2026-08-04; 09:31:36; 2070; 865; 33.99; 999.90484375; 37.615234375
2026-08-04; 09:32:36; 2068; 857; 34.01; 999.9363671875; 37.60546875
2026-08-04; 09:33:36; 2060; 843; 34.09; 999.9696484375; 37.427734375
2026-08-04; 09:34:36; 2019; 781; 34.12; 999.952578125; 37.3828125
2026-08-04; 09:35:36; 1985; 720; 34.14; 999.9840625; 37.3623046875
2026-08-04; 09:36:36; 1911; 601; 34.09; 999.9696484375; 37.51953125
2026-08-04; 09:37:36; 1870; 543; 34.18; 999.990625; 37.3876953125
2026-08-04; 09:38:36; 1870; 543; 34.17; 999.982421875; 37.4453125
2026-08-04; 09:39:36; 1836; 497; 34.12; 999.952578125; 37.58984375
2026-08-04; 09:40:36; 1806; 457; 34.16; 999.9666796875; 37.525390625
2026-08-04; 09:41:36; 1775; 422; 34.08; 999.9176953125; 37.759765625
2026-08-04; 09:42:36; 1743; 384; 34.19; 1000.0063671875; 37.4814453125
2026-08-04; 09:43:36; 1738; 374; 34.16; 999.9383203125; 37.62890625
2026-08-04; 09:44:36; 1726; 364; 34.23; 999.963671875; 37.4736328125
2026-08-04; 09:45:36; 1726; 364; 34.31; 999.932265625; 37.33984375
2026-08-04; 09:46:36; 1726; 364; 34.21; 1000.01734375; 37.552734375
2026-08-04; 09:47:36; 1743; 384; 34.26; 999.9828125; 37.40625
2026-08-04; 09:48:36; 1710; 349; 34.21; 1000.06625; 37.5634765625
2026-08-04; 09:49:36; 1680; 319; 34.26; 1000.0395703125; 37.4990234375
2026-08-04; 09:50:36; 1644; 285; 34.18; 1000.0757421875; 37.6650390625
2026-08-04; 09:51:36; 1612; 257; 34.31; 1000.07421875; 37.4091796875
2026-08-04; 09:52:36; 1612; 257; 34.35; 1000.05234375; 37.3671875
2026-08-04; 09:53:36; 1597; 242; 34.32; 1000.0413671875; 37.4462890625
2026-08-04; 09:54:36; 1581; 229; 34.24; 1000.0283203125; 37.634765625
2026-08-04; 09:55:36; 1521; 186; 34.33; 1000.0570703125; 37.4228515625
2026-08-04; 09:56:36; 1495; 166; 34.36; 1000.0396875; 37.3798828125
2026-08-04; 09:57:36; 1491; 166; 34.39; 1000.0951171875; 37.4287109375
2026-08-04; 09:58:36; 1487; 165; 34.35; 1000.0034375; 37.494140625
2026-08-04; 09:59:36; 1389; 150; 34.28; 1000.03484375; 37.6962890625
2026-08-04; 10:00:36; 1291; 135; 34.32; 1000.061875; 37.607421875
2026-08-04; 10:01:36; 1153; 114; 34.34; 1000.0728515625; 37.609375
2026-08-04; 10:02:36; 1198; 121; 34.44; 1000.0889453125; 37.33984375
2026-08-04; 10:03:36; 1156; 115; 34.41; 1000.0984765625; 37.4072265625
2026-08-04; 10:04:36; 1081; 103; 34.47; 1000.0718359375; 37.2265625
2026-08-04; 10:05:36; 1090; 105; 34.39; 1000.0951171875; 37.4521484375
2026-08-04; 10:06:36; 1153; 114; 34.46; 1000.084453125; 37.203125
2026-08-04; 10:07:36; 1125; 110; 34.39; 1000.0951171875; 37.4052734375
2026-08-04; 10:08:36; 1118; 109; 34.48; 1000.06703125; 37.240234375
2026-08-04; 10:09:36; 1056; 99; 34.45; 1000.15359375; 37.294921875
2026-08-04; 10:10:37; 1032; 96; 34.5; 1000.1269140625; 37.091796875
2026-08-04; 10:11:37; 909; 77; 34.32; 1000.005078125; 37.5029296875
2026-08-04; 10:12:37; 848; 68; 34.5; 1000.0906640625; 37.0908203125
2026-08-04; 10:13:37; 778; 57; 34.34; 1000.0728515625; 37.4130859375
2026-08-04; 10:14:37; 668; 40; 34.45; 1000.0683984375; 37.2373046875
2026-08-04; 10:15:37; 672; 41; 34.53; 1000.0530078125; 37.09375
2026-08-04; 10:16:37; 706; 46; 34.58; 1000.06703125; 36.947265625
2026-08-04; 10:17:37; 657; 39; 34.48; 1000.087578125; 37.146484375
2026-08-04; 10:18:37; 617; 33; 34.39; 1000.0872265625; 37.3251953125
2026-08-04; 10:19:37; 614; 32; 34.5; 1000.013359375; 37.1259765625
2026-08-04; 10:20:37; 560; 24; 34.48; 999.981875; 37.078125
2026-08-04; 10:21:37; 492; 14; 34.44; 1000.060546875; 37.224609375
2026-08-04; 10:22:37; 454; 8; 34.39; 1000.06671875; 37.3251953125
2026-08-04; 10:23:37; 406; 0; 34.46; 1000.035546875; 37.123046875
2026-08-04; 10:24:37; 400; 0; 34.39; 1000.009921875; 37.359375
2026-08-04; 10:25:37; 400; 0; 34.48; 999.9171875; 37.158203125
2026-08-04; 10:26:37; 400; 0; 34.52; 999.8747265625; 37.0927734375
2026-08-04; 10:27:37; 400; 0; 34.42; 999.936015625; 37.361328125
2026-08-04; 10:28:37; 400; 0; 34.54; 999.95515625; 37.1396484375
2026-08-04; 10:29:37; 400; 0; 34.52; 999.9315625; 37.2080078125
2026-08-04; 10:30:37; 400; 0; 34.55; 999.9141015625; 37.1416015625
2026-08-04; 10:31:37; 400; 0; 34.48; 999.9171875; 37.33203125
2026-08-04; 10:32:37; 400; 0; 34.49; 999.8477734375; 37.2978515625
2026-08-04; 10:33:37; 400; 0; 34.37; 999.949765625; 37.5078125
2026-08-04; 10:34:37; 400; 0; 34.44; 999.9675; 37.38671875
2026-08-04; 10:35:37; 400; 0; 34.47; 999.92984375; 37.2841796875
2026-08-04; 10:36:37; 400; 0; 34.41; 999.984921875; 37.3955078125
2026-08-04; 10:37:37; 400; 0; 34.43; 999.9596484375; 37.5244140625
2026-08-04; 10:38:37; 400; 0; 34.42; 999.9644140625; 37.373046875
2026-08-04; 10:39:37; 400; 0; 34.33; 999.9640625; 37.50390625
2026-08-04; 10:40:37; 400; 0; 34.45; 1000.011640625; 37.306640625
2026-08-04; 10:41:37; 400; 0; 34.36; 999.9340234375; 37.3916015625
2026-08-04; 10:42:37; 400; 0; 34.4; 999.9688671875; 37.3486328125
2026-08-04; 10:43:37; 400; 0; 34.45; 999.9832421875; 37.248046875
2026-08-04; 10:44:37; 400; 0; 34.49; 999.96921875; 37.1943359375
2026-08-04; 10:45:37; 400; 0; 34.52; 999.959921875; 37.138671875
2026-08-04; 10:46:38; 400; 0; 34.5; 1000.0622265625; 37.171875
2026-08-04; 10:47:38; 400; 0; 34.51; 999.936015625; 37.1611328125
2026-08-04; 10:48:38; 400; 0; 34.5; 1000.04171875; 37.21875
2026-08-04; 10:49:38; 400; 0; 34.48; 1000.038671875; 37.251953125
2026-08-04; 10:50:38; 400; 0; 34.49; 999.9897265625; 37.2861328125
2026-08-04; 10:51:38; 400; 0; 34.55; 1000.0276953125; 37.1875
2026-08-04; 10:52:38; 400; 0; 34.49; 999.961328125; 37.3212890625
2026-08-04; 10:53:38; 400; 0; 34.57; 1000.087578125; 37.177734375
2026-08-04; 10:54:38; 400; 0; 34.59; 999.997578125; 37.109375
2026-08-04; 10:55:38; 400; 0; 34.53; 1000.024609375; 37.208984375
2026-08-04; 10:56:38; 400; 0; 34.64; 999.9992578125; 36.9296875
2026-08-04; 10:57:38; 400; 0; 34.55; 999.950390625; 37.142578125
2026-08-04; 10:58:38; 400; 0; 34.67; 999.9615625; 36.8740234375
2026-08-04; 10:59:38; 400; 0; 34.68; 999.941015625; 36.875
2026-08-04; 11:00:38; 400; 0; 34.75; 999.9457421875; 36.6728515625
2026-08-04; 11:01:38; 400; 0; 34.72; 999.9834765625; 36.740234375
2026-08-04; 11:02:38; 400; 0; 34.7; 999.9519921875; 36.7841796875
2026-08-04; 11:03:38; 400; 0; 34.75; 999.9457421875; 36.6611328125
2026-08-04; 11:04:38; 400; 0; 34.73; 999.94265625; 36.693359375
2026-08-04; 11:05:38; 400; 0; 34.7; 999.9725; 36.7724609375
2026-08-04; 11:06:38; 400; 0; 34.78; 999.9645703125; 36.5947265625
2026-08-04; 11:07:38; 400; 0; 34.76; 1000.038828125; 36.638671875
2026-08-04; 11:08:38; 400; 0; 34.73; 999.9994921875; 36.6240234375
2026-08-04; 11:09:38; 400; 0; 34.74; 1000.015234375; 36.568359375
2026-08-04; 11:10:38; 400; 0; 34.76; 1000.0466796875; 36.546875
2026-08-04; 11:11:38; 400; 0; 34.82; 999.9915234375; 36.423828125
2026-08-04; 11:12:38; 400; 0; 34.88; 1000.0578125; 36.279296875
2026-08-04; 11:13:38; 400; 0; 34.81; 1000.0041796875; 36.353515625
2026-08-04; 11:14:38; 400; 0; 34.73; 1000.105234375; 36.5087890625
2026-08-04; 11:15:39; 400; 0; 34.8; 1000.0247265625; 36.318359375
2026-08-04; 11:16:39; 400; 0; 34.78; 1000.041875; 36.31640625
2026-08-04; 11:17:39; 400; 0; 34.61; 1000.037265625; 36.568359375
2026-08-04; 11:18:39; 400; 0; 34.78; 999.9929296875; 36.224609375
2026-08-04; 11:19:39; 400; 0; 34.78; 1000.013515625; 36.166015625
2026-08-04; 11:20:39; 400; 0; 34.83; 999.978828125; 36.04296875
2026-08-04; 11:21:39; 400; 0; 34.88; 999.9441796875; 35.8857421875
2026-08-04; 11:22:39; 400; 0; 34.79; 999.951875; 36.017578125
2026-08-04; 11:23:39; 400; 0; 34.83; 999.9866796875; 35.8935546875
2026-08-04; 11:24:39; 400; 0; 34.92; 1000.02796875; 35.703125
2026-08-04; 11:25:39; 400; 0; 34.92; 999.9505859375; 35.6806640625
2026-08-04; 11:26:39; 400; 0; 35.01; 999.950703125; 35.4794921875
2026-08-04; 11:27:39; 400; 0; 35.11; 1000.0151953125; 35.279296875
2026-08-04; 11:28:39; 400; 0; 35.26; 999.9880078125; 34.955078125
2026-08-04; 11:29:39; 400; 0; 35.11; 999.9505078125; 35.173828125
2026-08-04; 11:30:39; 400; 0; 35.2; 1000.0149609375; 35.0205078125
2026-08-04; 11:31:39; 400; 0; 35.01; 999.922265625; 35.283203125
2026-08-04; 11:32:39; 400; 0; 35.12; 999.9740625; 35.12890625
2026-08-04; 11:33:39; 400; 0; 35.04; 999.904765625; 35.146484375
2026-08-04; 11:34:39; 400; 0; 35.03; 1000.0105859375; 35.099609375
2026-08-04; 11:35:39; 400; 0; 35.07; 1000.0372265625; 35.044921875
2026-08-04; 11:36:39; 400; 0; 34.91; 999.96328125; 35.1943359375
2026-08-04; 11:37:39; 400; 0; 34.84; 1000.02296875; 35.29296875
2026-08-04; 11:38:39; 400; 0; 34.83; 999.9866796875; 35.2470703125
2026-08-04; 11:39:39; 400; 0; 34.79; 999.951875; 35.32421875
2026-08-04; 11:40:39; 400; 0; 34.87; 1000.0420703125; 35.15625
2026-08-04; 11:41:39; 400; 0; 34.76; 1000.0466796875; 35.275390625
2026-08-04; 11:42:39; 400; 0; 34.92; 1000.02796875; 35.0439453125
2026-08-04; 11:43:39; 400; 0; 34.95; 999.9980859375; 34.943359375
2026-08-04; 11:44:39; 400; 0; 35.04; 1000.046875; 34.7763671875
2026-08-04; 11:45:40; 400; 0; 35.07; 1000.045390625; 34.6513671875
2026-08-04; 11:46:40; 400; 0; 35.14; 1000.0829296875; 34.505859375
2026-08-04; 11:47:40; 400; 0; 35.2; 1000.0639453125; 34.37109375
2026-08-04; 11:48:40; 400; 0; 35.35; 1000.0527734375; 34.0361328125
2026-08-04; 11:49:40; 400; 0; 35.29; 1000.0718359375; 34.1015625
2026-08-04; 11:50:40; 400; 0; 35.41; 1000.01765625; 33.900390625
2026-08-04; 11:51:40; 400; 0; 35.33; 1000.1347265625; 34.01171875
2026-08-04; 11:52:40; 400; 0; 35.31; 1000.123828125; 34.009765625
2026-08-04; 11:53:40; 400; 0; 35.15; 1000.0137109375; 34.2294921875
2026-08-04; 11:54:40; 400; 0; 35.14; 999.9123828125; 34.251953125
2026-08-04; 11:55:40; 400; 0; 35.12; 999.9740625; 34.26171875
2026-08-04; 11:56:40; 400; 0; 35.13; 999.981953125; 34.23828125
2026-08-04; 11:57:40; 400; 0; 35.05; 999.9851953125; 34.373046875
2026-08-04; 11:58:40; 400; 0; 35.01; 999.922265625; 34.3818359375
2026-08-04; 11:59:40; 400; 0; 35.04; 999.9694921875; 34.3837890625
2026-08-04; 12:00:40; 400; 0; 34.95; 999.9618359375; 34.46875
2026-08-04; 12:01:40; 400; 0; 34.92; 999.9505859375; 34.501953125
2026-08-04; 12:02:40; 400; 0; 34.98; 1000.016875; 34.4130859375
2026-08-04; 12:03:40; 400; 0; 34.94; 999.9460546875; 34.4794921875
2026-08-04; 12:04:40; 400; 0; 34.92; 999.978984375; 34.478515625
2026-08-04; 12:05:40; 400; 0; 34.88; 999.9362890625; 34.5791015625
2026-08-04; 12:06:40; 400; 0; 34.93; 999.986875; 34.501953125
2026-08-04; 12:07:40; 400; 0; 34.96; 1000.034375; 34.4814453125
2026-08-04; 12:08:40; 400; 0; 34.93; 999.986875; 34.41015625
2026-08-04; 12:09:40; 400; 0; 34.86; 999.9976171875; 34.5439453125
2026-08-04; 12:10:40; 400; 0; 34.87; 999.9284375; 34.5087890625
2026-08-04; 12:11:40; 400; 0; 34.85; 999.9534765625; 34.49609375
2026-08-04; 12:12:40; 400; 0; 34.93; 999.986875; 34.38671875
2026-08-04; 12:13:40; 400; 0; 34.94; 999.98234375; 34.3759765625
2026-08-04; 12:14:40; 400; 0; 34.95; 999.9980859375; 34.353515625
2026-08-04; 12:15:40; 400; 0; 34.89; 999.9883203125; 34.44140625
2026-08-04; 12:16:41; 400; 0; 34.84; 1000.02296875; 34.5302734375
2026-08-04; 12:17:41; 400; 0; 34.95; 999.9618359375; 34.4111328125
2026-08-04; 12:18:41; 400; 0; 34.89; 999.8746484375; 34.4873046875
2026-08-04; 12:19:41; 400; 0; 34.84; 999.9377734375; 34.5419921875
2026-08-04; 12:20:41; 400; 0; 34.88; 999.91578125; 34.521484375
2026-08-04; 12:21:41; 400; 0; 34.97; 999.9726953125; 34.3662109375
2026-08-04; 12:22:41; 400; 0; 35.01; 999.8859765625; 34.2646484375
2026-08-04; 12:23:41; 400; 0; 34.89; 999.8462890625; 34.4521484375
2026-08-04; 12:24:41; 400; 0; 34.98; 999.8953515625; 34.3095703125
2026-08-04; 12:25:41; 400; 0; 35.02; 999.8812109375; 34.2431640625
2026-08-04; 12:26:41; 400; 0; 35.02; 999.909609375; 34.208984375
2026-08-04; 12:27:41; 400; 0; 35.13; 999.8476953125; 34.03125
2026-08-04; 12:28:41; 400; 0; 35.1; 999.8573828125; 34.0517578125
2026-08-04; 12:29:41; 400; 0; 35.06; 999.822578125; 34.1298828125
2026-08-04; 12:30:41; 400; 0; 35.13; 999.8761328125; 33.9736328125
2026-08-04; 12:31:41; 400; 0; 35.08; 999.854296875; 34.0498046875
2026-08-04; 12:32:41; 400; 0; 35.13; 999.8192578125; 33.9736328125
2026-08-04; 12:33:41; 400; 0; 35.13; 999.790859375; 33.99609375
2026-08-04; 12:34:41; 400; 0; 35.13; 999.8192578125; 33.99609375
2026-08-04; 12:35:41; 400; 0; 35.17; 999.7972265625; 33.91796875
2026-08-04; 12:36:41; 400; 0; 35.18; 999.776640625; 33.9189453125
2026-08-04; 12:37:41; 400; 0; 35.17; 999.7609375; 33.8955078125
2026-08-04; 12:38:41; 400; 0; 35.21; 999.852578125; 33.8642578125
2026-08-04; 12:39:41; 400; 0; 35.15; 999.8510546875; 33.962890625
2026-08-04; 12:40:41; 400; 0; 35.22; 999.86828125; 33.8525390625
2026-08-04; 12:41:41; 400; 0; 35.15; 999.8431640625; 34.009765625
2026-08-04; 12:42:41; 400; 0; 35.09; 999.8494921875; 34.0986328125
2026-08-04; 12:43:41; 400; 0; 35.23; 999.7987109375; 33.7841796875
2026-08-04; 12:44:41; 400; 0; 35.23; 999.7497265625; 33.7958984375
2026-08-04; 12:45:41; 400; 0; 35.26; 999.9027734375; 33.7744140625
2026-08-04; 12:46:41; 400; 0; 35.26; 999.711640625; 33.705078125
2026-08-04; 12:47:41; 400; 0; 35.28; 999.7639453125; 33.66015625
2026-08-04; 12:48:41; 400; 0; 35.28; 999.7923828125; 33.6953125
2026-08-04; 12:49:41; 400; 0; 35.32; 999.7209765625; 33.5947265625
2026-08-04; 12:50:41; 400; 0; 35.3; 999.6532421875; 33.626953125
2026-08-04; 12:51:41; 400; 0; 35.36; 999.6909765625; 33.515625
2026-08-04; 12:52:41; 400; 0; 35.34; 999.724296875; 33.5029296875
2026-08-04; 12:53:41; 400; 0; 35.3; 999.71796875; 33.4423828125
2026-08-04; 12:54:41; 400; 0; 35.35; 999.70375; 32.796875
2026-08-04; 12:55:41; 400; 0; 35.35; 999.74; 33.0634765625
2026-08-04; 12:56:41; 400; 0; 35.43; 999.7084765625; 32.8720703125
2026-08-04; 12:57:41; 400; 0; 35.4; 999.660703125; 32.591796875
2026-08-04; 12:58:41; 400; 0; 35.31; 999.668984375; 33.349609375
2026-08-04; 12:59:42; 400; 0; 35.29; 999.7022265625; 33.2216796875
2026-08-04; 13:00:42; 400; 0; 35.43; 999.659453125; 33.103515625
2026-08-04; 13:01:42; 400; 0; 35.27; 999.5851953125; 33.01171875
2026-08-04; 13:02:42; 400; 0; 35.33; 999.58671875; 33.2587890625
2026-08-04; 13:03:42; 400; 0; 35.36; 999.6419921875; 32.8671875
2026-08-04; 13:04:42; 400; 0; 35.28; 999.6012109375; 33.0244140625
2026-08-04; 13:05:42; 400; 0; 35.47; 999.66546875; 32.712890625
2026-08-04; 13:06:42; 400; 0; 35.42; 999.6358984375; 32.90625
2026-08-04; 13:07:42; 400; 0; 35.45; 999.6340234375; 32.8388671875
2026-08-04; 13:08:42; 400; 0; 35.48; 999.644921875; 32.712890625
2026-08-04; 13:09:42; 400; 0; 35.52; 999.537421875; 32.56640625
2026-08-04; 13:10:42; 400; 0; 35.52; 999.6021875; 32.54296875
2026-08-04; 13:11:42; 400; 0; 35.55; 999.535859375; 32.46484375
2026-08-04; 13:12:42; 400; 0; 35.46; 999.479140625; 32.5732421875
2026-08-04; 13:13:42; 400; 0; 35.52; 999.480546875; 32.4853515625
2026-08-04; 13:14:42; 400; 0; 35.54; 999.49140625; 32.451171875
2026-08-04; 13:15:42; 400; 0; 35.54; 999.46296875; 32.509765625
2026-08-04; 13:16:42; 400; 0; 35.55; 999.527734375; 32.41796875
2026-08-04; 13:17:42; 400; 0; 35.49; 999.5471484375; 32.34375
2026-08-04; 13:18:42; 400; 0; 35.45; 999.4840234375; 32.6650390625
2026-08-04; 13:19:42; 400; 0; 35.5; 999.5059765625; 32.564453125
2026-08-04; 13:20:42; 400; 0; 35.57; 999.5104296875; 32.408203125
2026-08-04; 13:21:42; 400; 0; 35.55; 999.527734375; 32.40625
2026-08-04; 13:22:42; 400; 0; 35.59; 999.4565234375; 32.29296875
2026-08-04; 13:23:42; 400; 0; 35.47; 999.5154296875; 32.5283203125
2026-08-04; 13:24:42; 400; 0; 35.54; 999.426640625; 32.4052734375
2026-08-04; 13:25:42; 400; 0; 35.55; 999.478984375; 32.3837890625
2026-08-04; 13:26:42; 400; 0; 35.47; 999.45859375; 32.5166015625
2026-08-04; 13:27:42; 400; 0; 35.52; 999.480546875; 32.4736328125
2026-08-04; 13:28:42; 400; 0; 35.52; 999.395234375; 32.4267578125
2026-08-04; 13:29:42; 400; 0; 35.56; 999.46625; 32.3720703125
2026-08-04; 13:30:42; 400; 0; 35.54; 999.3982421875; 32.32421875
2026-08-04; 13:31:42; 400; 0; 35.56; 999.46625; 32.349609375
2026-08-04; 13:32:42; 400; 0; 35.48; 999.3889453125; 32.435546875
2026-08-04; 13:33:42; 400; 0; 35.5; 999.477578125; 32.40234375
2026-08-04; 13:34:42; 400; 0; 35.59; 999.4201953125; 32.28125
2026-08-04; 13:35:42; 400; 0; 35.51; 999.358984375; 32.4033203125
2026-08-04; 13:36:42; 400; 0; 35.5; 999.4569921875; 32.390625
2026-08-04; 13:37:42; 400; 0; 35.48; 999.3889453125; 32.435546875
2026-08-04; 13:38:42; 400; 0; 35.54; 999.426640625; 32.4052734375
2026-08-04; 13:39:42; 400; 0; 35.52; 999.3462109375; 32.4267578125
2026-08-04; 13:40:42; 400; 0; 35.6; 999.4153125; 32.2822265625
2026-08-04; 13:41:42; 400; 0; 35.55; 999.3570703125; 32.40625
2026-08-04; 13:42:43; 400; 0; 35.51; 999.3020703125; 32.44921875
2026-08-04; 13:43:43; 400; 0; 35.63; 999.377421875; 32.2607421875
2026-08-04; 13:44:43; 400; 0; 35.63; 999.320546875; 32.3076171875
2026-08-04; 13:45:43; 400; 0; 35.69; 999.3421875; 32.1953125
2026-08-04; 13:46:43; 400; 0; 35.63; 999.292109375; 32.2958984375
2026-08-04; 13:47:43; 400; 0; 35.58; 999.32703125; 32.3623046875
2026-08-04; 13:48:43; 400; 0; 35.62; 999.2969921875; 32.236328125
2026-08-04; 13:49:43; 400; 0; 35.52; 999.3099609375; 32.4619140625
2026-08-04; 13:50:43; 400; 0; 35.6; 999.3584375; 32.2939453125
2026-08-04; 13:51:43; 400; 0; 35.66; 999.2744921875; 32.181640625
2026-08-04; 13:52:43; 400; 0; 35.67; 999.31078125; 32.205078125
2026-08-04; 13:53:43; 400; 0; 35.67; 999.2617578125; 32.1591796875
2026-08-04; 13:54:43; 400; 0; 35.68; 999.2774609375; 32.18359375
2026-08-04; 13:55:43; 400; 0; 35.61; 999.288828125; 32.259765625
2026-08-04; 13:56:43; 400; 0; 35.66; 999.295078125; 32.193359375
2026-08-04; 13:57:43; 400; 0; 35.59; 999.3064453125; 32.234375
2026-08-04; 13:58:43; 400; 0; 35.72; 999.2837109375; 32.0703125
2026-08-04; 13:59:43; 400; 0; 35.73; 999.2994140625; 32.0009765625
2026-08-04; 14:00:43; 445; 6; 35.5; 999.278515625; 32.3212890625
2026-08-04; 14:01:43; 493; 14; 35.6; 999.273125; 32.2587890625
2026-08-04; 14:02:43; 503; 15; 35.63; 999.292109375; 32.21484375
2026-08-04; 14:03:43; 463; 9; 35.66; 999.238203125; 32.181640625
2026-08-04; 14:04:43; 427; 4; 35.74; 999.278828125; 32.0830078125
2026-08-04; 14:05:43; 455; 8; 35.5; 999.2294921875; 32.37890625
2026-08-04; 14:06:43; 445; 6; 35.63; 999.2273828125; 32.2724609375
2026-08-04; 14:07:43; 466; 10; 35.57; 999.1975390625; 32.396484375
2026-08-04; 14:08:43; 414; 2; 35.47; 999.23890625; 32.55078125
2026-08-04; 14:09:43; 408; 1; 35.58; 999.21328125; 32.3154296875
2026-08-04; 14:10:43; 420; 3; 35.54; 999.1991796875; 32.3701171875
2026-08-04; 14:11:43; 420; 3; 35.58; 999.2623046875; 32.349609375
2026-08-04; 14:12:43; 439; 5; 35.63; 999.19890625; 32.203125
2026-08-04; 14:13:43; 444; 6; 35.59; 999.1720703125; 32.2353515625
2026-08-04; 14:14:43; 447; 7; 35.59; 999.10734375; 32.2578125
2026-08-04; 14:15:43; 454; 8; 35.55; 999.18640625; 32.2548828125
2026-08-04; 14:16:43; 439; 5; 35.65; 999.2224609375; 32.111328125
2026-08-04; 14:17:43; 445; 6; 35.64; 999.157734375; 32.0419921875
2026-08-04; 14:18:43; 420; 3; 35.6; 999.1515234375; 32.0849609375
2026-08-04; 14:19:43; 414; 2; 35.57; 999.1328125; 32.1640625
2026-08-04; 14:20:43; 448; 7; 35.42; 999.1241015625; 32.431640625
2026-08-04; 14:21:43; 487; 13; 35.67; 999.09109375; 31.9970703125
2026-08-04; 14:22:43; 518; 17; 35.7; 999.1021875; 31.91796875
2026-08-04; 14:23:43; 534; 20; 35.56; 999.088671875; 32.1513671875
2026-08-04; 14:24:44; 549; 22; 35.62; 999.126328125; 32.0625
2026-08-04; 14:25:44; 589; 28; 35.62; 999.154765625; 32.0283203125
2026-08-04; 14:26:44; 588; 28; 35.65; 999.1165625; 31.984375
2026-08-04; 14:27:44; 594; 29; 35.62; 999.126328125; 31.947265625
2026-08-04; 14:28:44; 672; 41; 35.66; 999.0390625; 31.9501953125
2026-08-04; 14:29:44; 683; 43; 35.73; 999.092421875; 31.8623046875
2026-08-04; 14:30:44; 668; 40; 35.71; 999.117890625; 31.8955078125
2026-08-04; 14:31:44; 700; 45; 35.71; 999.117890625; 31.8955078125
2026-08-04; 14:32:44; 657; 39; 35.7; 999.053125; 31.9072265625
2026-08-04; 14:33:44; 668; 40; 35.7; 999.0452734375; 31.8828125
2026-08-04; 14:34:44; 675; 41; 35.73; 999.0355078125; 31.8623046875
2026-08-04; 14:35:44; 641; 36; 35.79; 999.0446875; 31.7275390625
2026-08-04; 14:36:44; 586; 28; 35.83; 999.0508984375; 31.6142578125
2026-08-04; 14:37:44; 491; 13; 35.85; 999.053828125; 31.5693359375
2026-08-04; 14:38:44; 485; 12; 35.86; 998.9635546875; 31.4541015625
2026-08-04; 14:39:44; 400; 0; 35.88; 998.958671875; 31.2109375
2026-08-04; 14:40:44; 400; 0; 35.86; 998.99203125; 31.0712890625
2026-08-04; 14:41:44; 400; 0; 35.84; 998.9321484375; 31.1513671875
2026-08-04; 14:42:44; 400; 0; 35.88; 998.958671875; 31.095703125
2026-08-04; 14:43:44; 400; 0; 35.89; 998.9255859375; 30.9462890625
2026-08-04; 14:44:44; 400; 0; 35.92; 998.99359375; 30.796875
2026-08-04; 14:45:44; 400; 0; 35.89; 999.0109765625; 30.806640625
2026-08-04; 14:46:44; 400; 0; 35.86; 998.927265625; 30.955078125
2026-08-04; 14:47:44; 400; 0; 35.82; 998.9573828125; 31.1259765625
2026-08-04; 14:48:44; 400; 0; 35.8; 998.9466015625; 31.0556640625
2026-08-04; 14:49:44; 400; 0; 35.8; 998.9259765625; 31.0791015625
2026-08-04; 14:50:44; 400; 0; 35.78; 998.9230078125; 31.1474609375
2026-08-04; 14:51:44; 400; 0; 35.72; 998.934453125; 31.3046875
2026-08-04; 14:52:44; 400; 0; 35.71; 998.983515625; 31.3154296875
2026-08-04; 14:53:44; 400; 0; 35.79; 999.0446875; 31.1474609375
2026-08-04; 14:54:44; 400; 0; 35.77; 998.93578125; 31.169921875
2026-08-04; 14:55:44; 400; 0; 35.76; 998.948515625; 31.076171875
2026-08-04; 14:56:44; 400; 0; 35.78; 998.9720703125; 31.099609375
2026-08-04; 14:57:44; 400; 0; 35.81; 998.8769140625; 31.0908203125
2026-08-04; 14:58:44; 400; 0; 35.81; 998.933828125; 31.1142578125
2026-08-04; 14:59:44; 400; 0; 35.76; 998.891640625; 31.1689453125
2026-08-04; 15:00:44; 400; 0; 35.75; 998.9894140625; 31.203125
2026-08-04; 15:01:44; 400; 0; 35.83; 998.9370703125; 31.091796875
2026-08-04; 15:02:44; 400; 0; 35.83; 998.916484375; 31.0927734375
2026-08-04; 15:03:44; 400; 0; 35.83; 998.916484375; 31.0810546875
2026-08-04; 15:04:44; 400; 0; 35.91; 998.913125; 30.9814453125
2026-08-04; 15:05:44; 400; 0; 35.84; 998.9037109375; 31.0703125
2026-08-04; 15:06:44; 400; 0; 35.86; 998.9066796875; 31.0712890625
2026-08-04; 15:07:45; 400; 0; 35.8; 998.8043359375; 31.16015625
2026-08-04; 15:08:45; 400; 0; 35.72; 998.8569921875; 31.2822265625
2026-08-04; 15:09:45; 400; 0; 35.79; 998.873984375; 31.2060546875
2026-08-04; 15:10:45; 400; 0; 35.84; 998.9037109375; 31.09375
2026-08-04; 15:11:45; 400; 0; 35.76; 998.891640625; 31.1572265625
2026-08-04; 15:12:45; 400; 0; 35.73; 998.86484375; 31.236328125
2026-08-04; 15:13:45; 400; 0; 35.79; 998.8533984375; 31.251953125
2026-08-04; 15:14:45; 400; 0; 35.83; 998.88015625; 31.150390625
2026-08-04; 15:15:45; 400; 0; 35.82; 998.87203125; 31.21875
2026-08-04; 15:16:45; 400; 0; 35.78; 998.85828125; 31.30859375
2026-08-04; 15:17:45; 400; 0; 35.81; 998.8769140625; 31.16015625
2026-08-04; 15:18:45; 400; 0; 35.88; 998.8526953125; 31.0498046875
2026-08-04; 15:19:45; 400; 0; 35.87; 998.89390625; 31.072265625
2026-08-04; 15:20:45; 400; 0; 35.83; 998.8311328125; 31.1279296875
2026-08-04; 15:21:45; 400; 0; 35.91; 998.8640625; 30.9931640625
2026-08-04; 15:22:45; 400; 0; 35.87; 998.800703125; 31.025390625
2026-08-04; 15:23:45; 400; 0; 35.94; 998.8258203125; 30.90234375
2026-08-04; 15:24:45; 400; 0; 35.9; 998.7630078125; 30.9580078125
2026-08-04; 15:25:45; 400; 0; 35.91; 998.7787109375; 30.947265625
2026-08-04; 15:26:45; 400; 0; 35.85; 998.7771484375; 31.0361328125
2026-08-04; 15:27:45; 400; 0; 35.88; 998.7594921875; 30.9443359375
2026-08-04; 15:28:45; 400; 0; 35.85; 998.712421875; 30.9892578125
2026-08-04; 15:29:45; 400; 0; 35.93; 998.7453515625; 30.8779296875
2026-08-04; 15:30:45; 400; 0; 35.89; 998.75484375; 30.8876953125
2026-08-04; 15:31:45; 400; 0; 35.94; 998.761015625; 30.763671875
2026-08-04; 15:32:45; 400; 0; 35.99; 998.782890625; 30.662109375
2026-08-04; 15:33:45; 400; 0; 35.96; 998.6864453125; 30.7177734375
2026-08-04; 15:34:45; 400; 0; 35.94; 998.79734375; 30.751953125
2026-08-04; 15:35:45; 400; 0; 36.0; 998.684765625; 30.3955078125
2026-08-04; 15:36:45; 400; 0; 36.04; 998.6908984375; 30.36328125
2026-08-04; 15:37:45; 400; 0; 36.05; 998.6290234375; 30.1669921875
2026-08-04; 15:38:45; 400; 0; 36.01; 998.643515625; 30.384765625
2026-08-04; 15:39:45; 400; 0; 36.03; 998.6261328125; 30.212890625
2026-08-04; 15:40:45; 400; 0; 36.0; 998.6072265625; 30.2568359375
2026-08-04; 15:41:45; 400; 0; 35.98; 998.624921875; 30.2666015625
2026-08-04; 15:42:45; 400; 0; 35.94; 998.683515625; 30.322265625
2026-08-04; 15:43:45; 400; 0; 35.94; 998.6756640625; 30.2177734375
2026-08-04; 15:44:45; 400; 0; 35.97; 998.552265625; 30.265625
2026-08-04; 15:45:45; 400; 0; 35.92; 998.55890625; 30.2509765625
2026-08-04; 15:46:45; 400; 0; 35.98; 998.5758203125; 30.1162109375
2026-08-04; 15:47:45; 400; 0; 35.96; 998.5156640625; 30.25390625
2026-08-04; 15:48:45; 400; 0; 35.99; 998.555234375; 30.1396484375
2026-08-04; 15:49:45; 400; 0; 35.95; 998.662890625; 30.1484375
2026-08-04; 15:50:46; 400; 0; 35.93; 998.546171875; 29.8798828125
2026-08-04; 15:51:46; 400; 0; 36.0; 998.57875; 29.8046875
2026-08-04; 15:52:46; 400; 0; 36.04; 998.463203125; 29.6552734375
2026-08-04; 15:53:46; 400; 0; 36.04; 998.5201171875; 29.6669921875
2026-08-04; 15:54:46; 400; 0; 35.97; 998.474765625; 29.8251953125
2026-08-04; 15:55:46; 400; 0; 36.0; 998.5503125; 29.7236328125
2026-08-04; 15:56:46; 400; 0; 36.03; 998.5407421875; 29.759765625
2026-08-04; 15:57:46; 400; 0; 36.01; 998.5659765625; 29.76953125
2026-08-04; 15:58:46; 400; 0; 35.94; 998.4195703125; 29.8583984375
2026-08-04; 15:59:46; 400; 0; 35.98; 998.53953125; 29.779296875
2026-08-04; 16:00:46; 400; 0; 35.92; 998.53828125; 29.857421875
2026-08-04; 16:01:46; 400; 0; 35.95; 998.4715234375; 29.8818359375
2026-08-04; 16:02:46; 400; 0; 35.95; 998.4715234375; 29.8701171875
2026-08-04; 16:03:46; 400; 0; 35.93; 998.4686328125; 29.916015625
2026-08-04; 16:04:46; 400; 0; 35.93; 998.4686328125; 29.904296875
2026-08-04; 16:05:46; 400; 0; 35.97; 998.466953125; 29.87109375
2026-08-04; 16:06:46; 400; 0; 35.99; 998.384453125; 29.826171875
2026-08-04; 16:07:46; 400; 0; 35.99; 998.4413671875; 29.837890625
2026-08-04; 16:08:46; 400; 0; 36.02; 998.4108984375; 29.7939453125
2026-08-04; 16:09:46; 400; 0; 35.97; 998.389375; 29.8837890625
2026-08-04; 16:10:46; 400; 0; 35.94; 998.3989453125; 29.8818359375
2026-08-04; 16:11:46; 400; 0; 35.96; 998.316484375; 29.859375
2026-08-04; 16:12:46; 400; 0; 35.98; 998.3972265625; 29.814453125
2026-08-04; 16:13:46; 400; 0; 35.98; 998.433515625; 29.849609375
2026-08-04; 16:14:46; 400; 0; 36.01; 998.3667578125; 29.81640625
2026-08-04; 16:15:46; 400; 0; 36.0; 998.286328125; 29.8154296875
2026-08-04; 16:16:46; 400; 0; 36.02; 998.346171875; 29.81640625
2026-08-04; 16:17:46; 400; 0; 36.04; 998.271796875; 29.7373046875
2026-08-04; 16:18:46; 400; 0; 35.99; 998.1852734375; 29.826171875
2026-08-04; 16:19:46; 400; 0; 35.95; 998.2929296875; 29.8818359375
2026-08-04; 16:20:46; 400; 0; 35.94; 998.256640625; 29.8818359375
2026-08-04; 16:21:46; 400; 0; 35.97; 998.2676953125; 29.8359375
2026-08-04; 16:22:46; 400; 0; 35.98; 998.2833984375; 29.791015625
2026-08-04; 16:23:46; 400; 0; 36.0; 998.314765625; 29.74609375
2026-08-04; 16:24:46; 400; 0; 35.96; 998.3086328125; 29.7900390625
2026-08-04; 16:25:46; 400; 0; 36.0; 998.286328125; 29.76953125
2026-08-04; 16:26:46; 400; 0; 35.98; 998.2264453125; 29.8486328125
2026-08-04; 16:27:46; 400; 0; 35.98; 998.254921875; 29.8837890625
2026-08-04; 16:28:46; 400; 0; 35.96; 998.1948046875; 29.9287109375
2026-08-04; 16:29:46; 400; 0; 35.98; 998.2627734375; 29.9306640625
2026-08-04; 16:30:46; 400; 0; 35.98; 998.254921875; 29.9765625
2026-08-04; 16:31:46; 400; 0; 35.98; 998.2264453125; 29.9765625
2026-08-04; 16:32:46; 400; 0; 35.96; 998.1741796875; 29.9990234375
2026-08-04; 16:33:47; 400; 0; 35.99; 998.1852734375; 29.9658203125
2026-08-04; 16:34:47; 400; 0; 35.99; 998.156796875; 29.9658203125
2026-08-04; 16:35:47; 400; 0; 35.96; 998.137890625; 30.033203125
2026-08-04; 16:36:47; 400; 0; 35.93; 998.1555859375; 30.08984375
2026-08-04; 16:37:47; 400; 0; 35.98; 998.12046875; 30.03515625
2026-08-04; 16:38:47; 400; 0; 35.97; 998.1254296875; 30.056640625
2026-08-04; 16:39:47; 400; 0; 35.96; 998.1663671875; 30.056640625
2026-08-04; 16:40:47; 400; 0; 36.0; 998.1233984375; 30.013671875
2026-08-04; 16:41:47; 400; 0; 36.0; 998.094921875; 30.013671875
2026-08-04; 16:42:47; 400; 0; 35.99; 998.1076953125; 30.0009765625
2026-08-04; 16:43:47; 400; 0; 35.97; 998.047890625; 30.0693359375
2026-08-04; 16:44:47; 400; 0; 36.02; 998.0978125; 30.0146484375
2026-08-04; 16:45:47; 400; 0; 36.04; 998.1294921875; 30.0390625
2026-08-04; 16:46:47; 400; 0; 36.06; 998.0676171875; 30.0166015625
2026-08-04; 16:47:47; 400; 0; 35.99; 998.0998828125; 30.08203125
2026-08-04; 16:48:47; 400; 0; 36.05; 998.031328125; 30.0283203125
2026-08-04; 16:49:47; 400; 0; 35.99; 998.07921875; 30.09375
2026-08-04; 16:50:47; 454; 8; 35.98; 997.941875; 30.1279296875
2026-08-04; 16:51:47; 519; 18; 36.02; 998.0330859375; 30.072265625
2026-08-04; 16:52:47; 574; 26; 36.0; 998.00953125; 30.0947265625
2026-08-04; 16:53:47; 641; 36; 35.99; 997.99390625; 30.1162109375
2026-08-04; 16:54:47; 712; 47; 35.99; 997.936953125; 30.10546875
2026-08-04; 16:55:47; 798; 60; 36.0; 997.98109375; 30.0595703125
2026-08-04; 16:56:47; 891; 74; 36.01; 998.025234375; 30.0712890625
2026-08-04; 16:57:47; 1001; 91; 35.96; 997.9671484375; 30.1376953125
2026-08-04; 16:58:47; 1113; 108; 35.98; 997.949765625; 30.1162109375
2026-08-04; 16:59:47; 1224; 125; 35.97; 997.9340625; 30.126953125
2026-08-04; 17:00:47; 1313; 139; 35.91; 997.945625; 30.25
2026-08-04; 17:01:47; 1416; 154; 35.88; 997.905859375; 30.271484375
2026-08-04; 17:02:47; 1499; 171; 35.88; 997.905859375; 30.2490234375
2026-08-04; 17:03:47; 1529; 191; 35.87; 997.9755078125; 30.2939453125
2026-08-04; 17:04:47; 1563; 217; 35.91; 997.953515625; 30.2158203125
2026-08-04; 17:05:47; 1590; 236; 35.92; 997.8759765625; 30.2158203125
2026-08-04; 17:06:47; 1608; 254; 35.88; 997.856796875; 30.2607421875
2026-08-04; 17:07:47; 1640; 281; 35.92; 997.8837890625; 30.181640625
2026-08-04; 17:08:47; 1674; 313; 36.01; 997.875078125; 30.0595703125
2026-08-04; 17:09:47; 1692; 331; 36.11; 997.8126171875; 29.927734375
2026-08-04; 17:10:47; 1726; 364; 36.16; 997.8625; 29.849609375
2026-08-04; 17:11:47; 1746; 386; 36.19; 997.8166015625; 29.7705078125
2026-08-04; 17:12:47; 1764; 407; 36.22; 997.80671875; 29.7255859375
2026-08-04; 17:13:47; 1785; 434; 36.3; 997.8469921875; 29.603515625
2026-08-04; 17:14:48; 1810; 461; 36.31; 997.7775390625; 29.580078125
2026-08-04; 17:15:48; 1832; 490; 36.4; 997.74828125; 29.447265625
2026-08-04; 17:16:48; 1834; 494; 36.39; 997.8387109375; 29.4345703125
2026-08-04; 17:17:48; 1849; 514; 36.46; 997.66390625; 29.2880859375
2026-08-04; 17:18:48; 1852; 519; 36.5; 997.7265625; 29.255859375
2026-08-04; 17:19:48; 1870; 543; 36.58; 997.7304296875; 29.14453125
2026-08-04; 17:20:48; 1885; 564; 36.55; 997.719765625; 29.166015625
2026-08-04; 17:21:48; 1911; 601; 36.63; 997.7029296875; 29.06640625
2026-08-04; 17:22:48; 1933; 634; 36.65; 997.7630859375; 29.033203125
2026-08-04; 17:23:48; 1962; 683; 36.69; 997.7972265625; 28.9775390625
2026-08-04; 17:24:48; 1991; 730; 36.71; 997.7637890625; 28.943359375
2026-08-04; 17:25:48; 2031; 803; 36.75; 997.7619140625; 28.921875
2026-08-04; 17:26:48; 2070; 865; 36.75; 997.7334375; 28.8984375
2026-08-04; 17:27:48; 2096; 913; 36.82; 997.6801953125; 28.7998046875
2026-08-04; 17:28:48; 2130; 984; 36.86; 997.6864453125; 28.720703125
2026-08-04; 17:29:48; 2148; 1023; 36.82; 997.586875; 28.787109375
2026-08-04; 17:30:48; 2164; 1058; 36.84; 997.64671875; 28.7421875
2026-08-04; 17:31:48; 2174; 1084; 36.91; 997.6429296875; 28.6416015625
2026-08-04; 17:32:48; 2182; 1098; 36.97; 997.573984375; 28.4013671875
2026-08-04; 17:33:48; 2148; 1023; 36.89; 997.5909375; 28.431640625
2026-08-04; 17:34:48; 2140; 1009; 36.88; 997.632265625; 28.5234375
2026-08-04; 17:35:48; 2130; 984; 36.92; 997.6382421875; 28.375
2026-08-04; 17:36:48; 2064; 849; 36.87; 997.588125; 28.1630859375
2026-08-04; 17:37:48; 1962; 683; 36.93; 997.568359375; 27.95703125
2026-08-04; 17:38:48; 1875; 548; 37.03; 997.574921875; 27.8583984375
2026-08-04; 17:39:48; 1806; 457; 36.95; 997.591875; 27.8994140625
2026-08-04; 17:40:48; 1779; 427; 36.94; 997.5840234375; 28.00390625
2026-08-04; 17:41:48; 1780; 428; 36.93; 997.5890625; 28.119140625
2026-08-04; 17:42:48; 1787; 435; 37.02; 997.61625; 28.0791015625
2026-08-04; 17:43:48; 1790; 439; 36.95; 997.5426953125; 28.109375
2026-08-04; 17:44:48; 1795; 444; 37.01; 997.5927734375; 28.04296875
2026-08-04; 17:45:48; 1803; 452; 36.98; 997.6466796875; 28.052734375
2026-08-04; 17:46:48; 1811; 463; 37.0; 997.5486328125; 27.94921875
2026-08-04; 17:47:48; 1795; 444; 36.98; 997.53265625; 27.9951171875
2026-08-04; 17:48:48; 1796; 445; 36.97; 997.4806640625; 27.947265625
2026-08-04; 17:49:48; 1762; 405; 36.95; 997.5141796875; 27.7490234375
2026-08-04; 17:50:48; 1721; 359; 36.99; 997.4834765625; 27.681640625
2026-08-04; 17:51:48; 1683; 322; 37.0; 997.5564453125; 27.669921875
2026-08-04; 17:52:48; 1647; 287; 37.0; 997.4915625; 27.587890625
2026-08-04; 17:53:48; 1633; 276; 37.02; 997.4944140625; 27.6591796875
2026-08-04; 17:54:48; 1635; 277; 37.03; 997.43234375; 27.671875
2026-08-04; 17:55:48; 1651; 291; 36.91; 997.5004296875; 27.79296875
2026-08-04; 17:56:49; 1664; 303; 37.01; 997.4865625; 27.716796875
2026-08-04; 17:57:49; 1674; 313; 37.03; 997.460859375; 27.671875
2026-08-04; 17:58:49; 1683; 322; 36.93; 997.4750390625; 27.7353515625
2026-08-04; 17:59:49; 1692; 331; 37.0; 997.520078125; 27.634765625
2026-08-04; 18:00:49; 1712; 351; 37.07; 997.4952734375; 27.5576171875
2026-08-04; 18:01:49; 1721; 359; 37.05; 997.484375; 27.486328125
2026-08-04; 18:02:49; 1721; 359; 37.02; 997.530703125; 27.322265625
2026-08-04; 18:03:49; 1705; 345; 37.05; 997.5128515625; 27.2646484375
2026-08-04; 18:04:49; 1696; 335; 37.0; 997.499453125; 27.3447265625
2026-08-04; 18:05:49; 1705; 345; 37.02; 997.530703125; 27.2060546875
2026-08-04; 18:06:49; 1683; 322; 37.02; 997.4658984375; 27.181640625
2026-08-04; 18:07:49; 1687; 326; 37.02; 997.522890625; 27.158203125
2026-08-04; 18:08:49; 1694; 332; 37.04; 997.468671875; 27.0908203125
2026-08-04; 18:09:49; 1678; 318; 37.1; 997.428203125; 26.919921875
2026-08-04; 18:10:49; 1657; 296; 37.07; 997.4304296875; 26.8125
2026-08-04; 18:11:49; 1640; 281; 37.08; 997.44609375; 26.87109375
2026-08-04; 18:12:49; 1640; 281; 37.1; 997.3712109375; 26.814453125
2026-08-04; 18:13:49; 1629; 272; 37.06; 997.3574609375; 26.70703125
2026-08-04; 18:14:49; 1616; 261; 37.04; 997.3831640625; 26.916015625
2026-08-04; 18:15:49; 1611; 256; 37.1; 997.391875; 26.6748046875
2026-08-04; 18:16:49; 1575; 226; 37.09; 997.3840625; 26.37109375
2026-08-04; 18:17:49; 1544; 203; 37.08; 997.360546875; 26.4990234375
2026-08-04; 18:18:49; 1521; 186; 37.1; 997.33484375; 26.3486328125
2026-08-04; 18:19:49; 1503; 174; 37.11; 997.3298046875; 26.232421875
2026-08-04; 18:20:49; 1495; 166; 37.1; 997.34265625; 26.314453125
2026-08-04; 18:21:49; 1453; 160; 37.02; 997.29484375; 26.26171875
2026-08-04; 18:22:49; 1376; 148; 37.07; 997.2957421875; 26.20703125
2026-08-04; 18:23:49; 1307; 138; 37.07; 997.32421875; 26.0673828125
2026-08-04; 18:24:49; 1204; 122; 37.12; 997.316953125; 25.9892578125
2026-08-04; 18:25:49; 1140; 112; 37.09; 997.3555078125; 25.9638671875
2026-08-04; 18:26:49; 1093; 105; 37.03; 997.3675390625; 26.181640625
2026-08-04; 18:27:49; 1056; 99; 37.09; 997.298515625; 26.044921875
2026-08-04; 18:28:49; 1029; 95; 36.99; 997.28390625; 26.1328125
2026-08-04; 18:29:49; 1032; 96; 37.05; 997.2926171875; 26.08984375
2026-08-04; 18:30:49; 1041; 97; 37.13; 997.36140625; 25.955078125
2026-08-04; 18:31:49; 1065; 101; 37.07; 997.4019140625; 26.0322265625
2026-08-04; 18:32:49; 1050; 99; 37.07; 997.4019140625; 25.9150390625
2026-08-04; 18:33:49; 1074; 102; 37.08; 997.396875; 25.9521484375
2026-08-04; 18:34:49; 1074; 102; 37.09; 997.32703125; 25.9404296875
2026-08-04; 18:35:49; 1093; 105; 37.11; 997.3790234375; 25.87109375
2026-08-04; 18:36:49; 1081; 103; 37.04; 997.3831640625; 25.90234375
2026-08-04; 18:37:49; 1105; 107; 37.07; 997.4874609375; 26.0087890625
2026-08-04; 18:38:49; 1125; 110; 37.04; 997.4971875; 25.8681640625
2026-08-04; 18:39:50; 1150; 114; 37.07; 997.4304296875; 25.9267578125
2026-08-04; 18:40:50; 1184; 119; 37.04; 997.4971875; 25.99609375
2026-08-04; 18:41:50; 1242; 128; 37.08; 997.5109375; 25.7890625
2026-08-04; 18:42:50; 1266; 131; 37.12; 997.4594921875; 25.744140625
2026-08-04; 18:43:50; 1295; 136; 37.13; 997.495859375; 25.7099609375
2026-08-04; 18:44:50; 1313; 139; 37.06; 997.45109375; 25.775390625
2026-08-04; 18:45:50; 1352; 145; 37.08; 997.45390625; 25.7421875
2026-08-04; 18:46:50; 1338; 142; 37.07; 997.4589453125; 25.7060546875
2026-08-04; 18:47:50; 1338; 142; 37.06; 997.528515625; 25.6943359375
2026-08-04; 18:48:50; 1324; 140; 37.01; 997.507265625; 25.69140625
2026-08-04; 18:49:50; 1295; 136; 36.98; 997.439296875; 25.642578125
2026-08-04; 18:50:50; 1291; 135; 36.98; 997.504140625; 25.712890625
2026-08-04; 18:51:50; 1291; 135; 36.94; 997.5191796875; 25.7109375
2026-08-04; 18:52:50; 1285; 134; 36.94; 997.6125390625; 25.69921875
2026-08-04; 18:53:50; 1285; 134; 36.97; 997.509140625; 25.642578125
2026-08-04; 18:54:50; 1295; 136; 37.0; 997.520078125; 25.6435546875
2026-08-04; 18:55:50; 1313; 139; 36.91; 997.4434375; 25.6513671875
2026-08-04; 18:56:50; 1324; 140; 36.93; 997.4828515625; 25.5830078125
2026-08-04; 18:57:50; 1313; 139; 36.95; 997.4001953125; 25.6650390625
2026-08-04; 18:58:50; 1295; 136; 36.93; 997.4750390625; 25.6171875
2026-08-04; 18:59:50; 1285; 134; 36.95; 997.428671875; 25.548828125
2026-08-04; 19:00:50; 1252; 129; 36.97; 997.40296875; 25.5380859375
2026-08-04; 19:01:50; 1270; 132; 36.95; 997.428671875; 25.525390625
2026-08-04; 19:02:50; 1266; 131; 36.92; 997.4305859375; 25.55859375
2026-08-04; 19:03:50; 1262; 131; 36.92; 997.4387109375; 25.546875
2026-08-04; 19:04:50; 1252; 129; 36.88; 997.404296875; 25.6259765625
2026-08-04; 19:05:50; 1270; 132; 36.9; 997.484765625; 25.5341796875
2026-08-04; 19:06:50; 1248; 129; 36.83; 997.4600390625; 25.623046875
2026-08-04; 19:07:50; 1224; 125; 36.83; 997.382421875; 25.552734375
2026-08-04; 19:08:50; 1198; 121; 36.85; 997.4422265625; 25.6357421875
2026-08-04; 19:09:50; 1181; 118; 36.84; 997.36171875; 25.5537109375
2026-08-04; 19:10:50; 1153; 114; 36.8; 997.4130859375; 25.62109375
2026-08-04; 19:11:50; 1168; 117; 36.86; 997.393671875; 25.58984375
2026-08-04; 19:12:50; 1168; 117; 36.81; 997.4857421875; 25.6103515625
2026-08-04; 19:13:50; 1195; 121; 36.82; 997.4729296875; 25.6337890625
2026-08-04; 19:14:50; 1195; 121; 36.84; 997.4757421875; 25.623046875
2026-08-04; 19:15:50; 1248; 129; 36.78; 997.50328125; 25.6904296875
2026-08-04; 19:16:50; 1307; 138; 36.79; 997.43375; 25.64453125
2026-08-04; 19:17:50; 1367; 147; 36.74; 997.5183203125; 25.6875
2026-08-04; 19:18:50; 1416; 154; 36.75; 997.4562890625; 25.6884765625
2026-08-04; 19:19:50; 1487; 165; 36.83; 997.4394140625; 25.634765625
2026-08-04; 19:20:50; 1506; 176; 36.85; 997.470703125; 25.6015625
2026-08-04; 19:21:50; 1525; 188; 36.81; 997.4080859375; 25.6455078125
2026-08-04; 19:22:51; 1540; 199; 36.81; 997.457265625; 25.6796875
2026-08-04; 19:23:51; 1569; 221; 36.88; 997.481953125; 25.6259765625
2026-08-04; 19:24:51; 1588; 235; 36.75; 997.4484765625; 25.7109375
2026-08-04; 19:25:51; 1588; 235; 36.78; 997.4748046875; 25.7138671875
2026-08-04; 19:26:51; 1616; 261; 36.85; 997.4913671875; 25.6591796875
2026-08-04; 19:27:51; 1641; 283; 36.8; 997.4416015625; 25.703125
2026-08-04; 19:28:51; 1668; 307; 36.79; 997.454453125; 25.7255859375
2026-08-04; 19:29:51; 1696; 335; 36.81; 997.49359375; 25.76171875
2026-08-04; 19:30:51; 1735; 372; 36.82; 997.50921875; 25.7744140625
2026-08-04; 19:31:51; 1759; 402; 36.77; 997.5367578125; 25.7822265625
2026-08-04; 19:32:51; 1795; 444; 36.78; 997.4954296875; 25.806640625
2026-08-04; 19:33:51; 1836; 497; 36.75; 997.5339453125; 25.9091796875
2026-08-04; 19:34:51; 1885; 564; 36.77; 997.5083203125; 25.8642578125
2026-08-04; 19:35:51; 1922; 619; 36.77; 997.5367578125; 25.8642578125
2026-08-04; 19:36:51; 1959; 676; 36.77; 997.5161328125; 25.9228515625
2026-08-04; 19:37:51; 1998; 742; 36.82; 997.50140625; 25.84375
2026-08-04; 19:38:51; 2036; 813; 36.79; 997.5683984375; 25.841796875
2026-08-04; 19:39:51; 2086; 891; 36.79; 997.57625; 25.888671875
2026-08-04; 19:40:51; 2136; 998; 36.85; 997.576875; 25.833984375
2026-08-04; 19:41:51; 2168; 1071; 36.86; 997.51546875; 25.8115234375
2026-08-04; 19:42:51; 2210; 1161; 36.83; 997.5248828125; 25.85546875
2026-08-04; 19:43:51; 2263; 1276; 36.86; 997.479140625; 25.857421875
2026-08-04; 19:44:51; 2326; 1410; 36.87; 997.5803125; 25.9052734375
2026-08-04; 19:45:51; 2384; 1533; 36.88; 997.5674609375; 25.9169921875
2026-08-04; 19:46:51; 2428; 1633; 36.75; 997.541796875; 26.0380859375
2026-08-04; 19:47:51; 2460; 1693; 36.81; 997.6645703125; 26.041015625
2026-08-04; 19:48:51; 2497; 1774; 36.77; 997.5083203125; 26.1083984375
2026-08-04; 19:49:51; 2528; 1845; 36.79; 997.6538671875; 26.109375
2026-08-04; 19:50:51; 2533; 1855; 36.8; 997.5840625; 26.1455078125
2026-08-04; 19:51:51; 2549; 1886; 36.79; 997.625390625; 26.1787109375
2026-08-04; 19:52:51; 2587; 1962; 36.75; 997.5624609375; 26.2587890625
2026-08-04; 19:53:51; 2616; 2034; 36.72; 997.6087890625; 26.24609375
2026-08-04; 19:54:51; 2654; 2110; 36.71; 997.5928125; 26.3037109375
2026-08-04; 19:55:51; 2689; 2186; 36.73; 997.6166015625; 26.2685546875
2026-08-04; 19:56:51; 2720; 2263; 36.7; 997.6134765625; 26.291015625
2026-08-04; 19:57:51; 2758; 2343; 36.74; 997.632265625; 26.26953125
2026-08-04; 19:58:51; 2786; 2404; 36.72; 997.722734375; 26.3154296875
2026-08-04; 19:59:51; 2826; 2484; 36.72; 997.6942578125; 26.3505859375
2026-08-04; 20:00:51; 2867; 2581; 36.67; 997.70109375; 26.4287109375
2026-08-04; 20:01:51; 2920; 2679; 36.74; 997.640078125; 26.36328125
2026-08-04; 20:02:51; 2957; 2750; 36.72; 997.6942578125; 26.396484375
2026-08-04; 20:03:51; 3014; 2884; 36.75; 997.790390625; 26.375
2026-08-04; 20:04:51; 3060; 2973; 36.77; 997.7647265625; 26.3759765625
2026-08-04; 20:05:52; 3087; 3027; 36.74; 997.8601953125; 26.4208984375
2026-08-04; 20:06:52; 3120; 3110; 36.68; 997.724609375; 26.5
2026-08-04; 20:07:52; 3150; 3174; 36.71; 997.7637890625; 26.5009765625
2026-08-04; 20:08:52; 3165; 3200; 36.7; 997.8129296875; 26.5126953125
2026-08-04; 20:09:52; 3201; 3278; 36.73; 997.7669140625; 26.478515625
2026-08-04; 20:10:52; 3226; 3340; 36.68; 997.810078125; 26.5458984375
2026-08-04; 20:11:52; 3285; 3467; 36.71; 997.8001171875; 26.5244140625
2026-08-04; 20:12:52; 3332; 3562; 36.69; 997.7687890625; 26.546875
2026-08-04; 20:13:52; 3370; 3644; 36.67; 997.7866015625; 26.580078125
2026-08-04; 20:14:52; 3435; 3777; 36.68; 997.7816015625; 26.5693359375
2026-08-04; 20:15:52; 3464; 3841; 36.6; 997.7983984375; 26.6806640625
2026-08-04; 20:16:52; 3514; 3953; 36.65; 997.734609375; 26.6259765625
2026-08-04; 20:17:52; 3561; 4055; 36.63; 997.7599609375; 26.66015625
2026-08-04; 20:18:52; 3623; 4181; 36.63; 997.7883984375; 26.66015625
2026-08-04; 20:19:52; 3668; 4268; 36.59; 997.774921875; 26.71484375
2026-08-04; 20:20:52; 3715; 4375; 36.62; 997.7364453125; 26.705078125
2026-08-04; 20:21:52; 3753; 4458; 36.58; 997.7304296875; 26.7607421875
2026-08-04; 20:22:52; 3830; 4630; 36.62; 997.8219140625; 26.716796875
2026-08-04; 20:23:52; 3896; 4790; 36.61; 997.7492578125; 26.7158203125
2026-08-04; 20:24:52; 3974; 4944; 36.58; 997.7670703125; 26.7490234375
2026-08-04; 20:25:52; 4066; 5155; 36.52; 997.721875; 26.8623046875
2026-08-04; 20:26:52; 4120; 5241; 36.56; 997.8415625; 26.8173828125
2026-08-04; 20:27:52; 4180; 5368; 36.55; 997.7404296875; 26.8291015625
2026-08-04; 20:28:52; 4228; 5461; 36.47; 997.708046875; 26.9404296875
2026-08-04; 20:29:52; 4288; 5600; 36.46; 997.77; 26.974609375
2026-08-04; 20:30:52; 4337; 5708; 36.5; 997.783515625; 26.9423828125
2026-08-04; 20:31:52; 4387; 5812; 36.48; 997.7728515625; 27.0107421875
2026-08-04; 20:32:52; 4442; 5940; 36.52; 997.78671875; 26.966796875
2026-08-04; 20:33:52; 4477; 6003; 36.47; 997.7934765625; 27.0341796875
2026-08-04; 20:34:52; 4498; 6041; 36.48; 997.8661328125; 27.0458984375
2026-08-04; 20:35:52; 4550; 6162; 36.43; 997.844453125; 27.1015625
2026-08-04; 20:36:52; 4606; 6278; 36.4; 997.8622265625; 27.146484375
2026-08-04; 20:37:52; 4620; 6325; 36.41; 997.8700390625; 27.158203125
2026-08-04; 20:38:52; 4664; 6411; 36.37; 997.8715234375; 27.2138671875
2026-08-04; 20:39:52; 4682; 6441; 36.39; 997.8387109375; 27.19140625
2026-08-04; 20:40:52; 4704; 6498; 36.41; 997.8130859375; 27.2041015625
2026-08-04; 20:41:52; 4682; 6441; 36.38; 997.8023828125; 27.203125
2026-08-04; 20:42:52; 4719; 6518; 36.32; 997.8501171875; 27.2919921875
2026-08-04; 20:43:52; 4746; 6576; 36.3; 997.90390625; 27.337890625
2026-08-04; 20:44:52; 4719; 6518; 36.26; 997.8903125; 27.416015625
2026-08-04; 20:45:52; 4682; 6441; 36.28; 997.9216796875; 27.39453125
2026-08-04; 20:46:52; 4704; 6498; 36.3; 997.89609375; 27.3720703125
2026-08-04; 20:47:53; 4682; 6441; 36.28; 997.9010546875; 27.3828125
2026-08-04; 20:48:53; 4704; 6626; 36.25; 997.853984375; 27.427734375
2026-08-04; 20:49:53; 4746; 6576; 36.3; 997.89609375; 27.3720703125
2026-08-04; 20:50:53; 4777; 6658; 36.26; 997.8903125; 27.439453125
2026-08-04; 20:51:53; 4868; 6839; 36.26; 997.9187890625; 27.439453125
2026-08-04; 20:52:53; 4891; 6879; 36.29; 997.9451953125; 27.39453125
2026-08-04; 20:53:53; 4943; 6991; 36.26; 997.9551171875; 27.451171875
2026-08-04; 20:54:53; 4986; 7099; 36.22; 997.912734375; 27.4951171875
2026-08-04; 20:55:53; 5015; 7161; 36.21; 997.87640625; 27.5068359375
2026-08-04; 20:56:53; 5081; 7296; 36.21; 997.9255078125; 27.541015625
2026-08-04; 20:57:53; 5129; 7400; 36.2; 997.8813671875; 27.5517578125
2026-08-04; 20:58:53; 5175; 7487; 36.15; 997.9813671875; 27.6298828125
2026-08-04; 20:59:53; 5195; 7545; 36.13; 997.9008984375; 27.6298828125
2026-08-04; 21:00:53; 5265; 7695; 36.12; 997.970625; 27.6640625
2026-08-04; 21:01:53; 5295; 7762; 36.09; 997.94390625; 27.7197265625
2026-08-04; 21:02:53; 5351; 7872; 36.12; 997.913671875; 27.6640625
2026-08-04; 21:03:53; 5397; 7971; 36.09; 997.9154296875; 27.7314453125
2026-08-04; 21:04:53; 5443; 8089; 36.14; 997.90875; 27.67578125
2026-08-04; 21:05:53; 5502; 8214; 36.12; 997.8773828125; 27.7099609375
2026-08-04; 21:06:53; 5559; 8338; 36.15; 997.952890625; 27.6767578125
2026-08-04; 21:07:53; 5613; 8455; 36.08; 998.021484375; 27.75390625
2026-08-04; 21:08:53; 5667; 8566; 36.1; 997.9311328125; 27.7431640625
2026-08-04; 21:09:53; 5721; 8694; 36.1; 997.996171875; 27.7431640625
2026-08-04; 21:10:53; 5797; 8826; 36.07; 998.0342578125; 27.7880859375
2026-08-04; 21:11:53; 5854; 8946; 36.06; 997.9901171875; 27.7998046875
2026-08-04; 21:12:53; 5882; 8995; 36.04; 998.03625; 27.84375
2026-08-04; 21:13:53; 5978; 9197; 36.06; 998.0391796875; 27.822265625
2026-08-04; 21:14:53; 5978; 9197; 36.04; 998.0156640625; 27.8447265625
2026-08-04; 21:15:53; 5978; 9197; 36.04; 998.03625; 27.8330078125
2026-08-04; 21:16:53; 6042; 9333; 36.01; 998.1027734375; 27.876953125
2026-08-04; 21:17:53; 6042; 9333; 36.01; 998.0743359375; 27.876953125
2026-08-04; 21:18:53; 6074; 9408; 35.97; 997.9909765625; 27.93359375
2026-08-04; 21:19:53; 6074; 9408; 36.0; 998.0586328125; 27.853515625
2026-08-04; 21:20:53; 6109; 9471; 36.04; 998.0078125; 27.84375
2026-08-04; 21:21:53; 6175; 9616; 36.06; 998.09609375; 27.787109375
2026-08-04; 21:22:53; 6241; 9783; 36.05; 998.1088671875; 27.822265625
2026-08-04; 21:23:53; 6205; 9693; 36.02; 998.1184765625; 27.8779296875
2026-08-04; 21:24:53; 6283; 9874; 36.02; 998.1469140625; 27.8896484375
2026-08-04; 21:25:53; 6354; 10016; 35.99; 998.1283203125; 27.9228515625
2026-08-04; 21:26:53; 6385; 10082; 36.0; 998.1725; 27.9345703125
2026-08-04; 21:27:53; 6453; 10244; 35.99; 998.1930859375; 27.9345703125
2026-08-04; 21:28:53; 6528; 10392; 35.97; 998.16171875; 27.9677734375
2026-08-04; 21:29:53; 6573; 10501; 35.97; 998.1538671875; 27.9794921875
2026-08-04; 21:30:54; 6652; 10663; 35.99; 998.2421484375; 27.95703125
2026-08-04; 21:31:54; 6775; 10935; 36.02; 998.2116796875; 27.9248046875
2026-08-04; 21:32:54; 6808; 11005; 36.0; 998.2578515625; 27.9814453125
2026-08-04; 21:33:54; 6896; 11160; 36.01; 998.252890625; 27.958984375
2026-08-04; 21:34:54; 6929; 11245; 36.03; 998.22765625; 27.94921875
2026-08-04; 21:35:54; 7016; 11432; 36.0; 998.286328125; 27.9931640625
2026-08-04; 21:36:54; 7104; 11602; 36.0; 998.1725; 28.0166015625
2026-08-04; 21:37:54; 7152; 11733; 36.02; 998.3255078125; 28.005859375
2026-08-04; 21:38:54; 7192; 11806; 36.02; 998.374609375; 28.029296875
2026-08-04; 21:39:54; 7248; 11927; 36.07; 998.4042578125; 27.974609375
2026-08-04; 21:40:54; 7339; 12100; 36.09; 998.3217578125; 27.9296875
2026-08-04; 21:41:54; 7339; 12100; 36.06; 998.331640625; 27.9501953125
2026-08-04; 21:42:54; 7431; 12314; 36.12; 998.3043359375; 27.8837890625
2026-08-04; 21:43:54; 7481; 12437; 36.08; 998.3630078125; 27.951171875
2026-08-04; 21:44:54; 7481; 12437; 36.05; 998.393515625; 27.9619140625
2026-08-04; 21:45:54; 7481; 12437; 36.02; 998.374609375; 28.017578125
2026-08-04; 21:46:54; 7481; 12437; 36.04; 998.4347265625; 27.9833984375
2026-08-04; 21:47:54; 7529; 12528; 36.04; 998.40625; 27.9951171875
2026-08-04; 21:48:54; 7529; 12528; 36.06; 998.4739453125; 27.9619140625
2026-08-04; 21:49:54; 7529; 12528; 36.0; 998.4080078125; 28.0400390625
2026-08-04; 21:50:54; 7481; 12437; 35.98; 998.3687890625; 28.0849609375
2026-08-04; 21:51:54; 7431; 12314; 35.96; 998.3940234375; 28.0947265625
2026-08-04; 21:52:54; 7389; 12236; 35.98; 998.425703125; 28.119140625
2026-08-04; 21:53:54; 7389; 12236; 35.98; 998.4826171875; 28.0966796875
2026-08-04; 21:54:54; 7339; 12100; 35.97; 998.4178515625; 28.072265625
2026-08-04; 21:55:54; 7389; 12236; 35.99; 998.4983203125; 28.0966796875
2026-08-04; 21:56:54; 7481; 12437; 35.99; 998.46984375; 28.0849609375
2026-08-04; 21:57:54; 7481; 12437; 36.02; 998.4678125; 28.064453125
2026-08-04; 21:58:54; 7581; 12638; 36.0; 998.5218359375; 28.0859375
2026-08-04; 21:59:54; 7581; 12638; 35.99; 998.4492578125; 28.1083984375
2026-08-04; 22:00:54; 7639; 12748; 36.0; 998.3716796875; 28.109375
2026-08-04; 22:01:54; 7639; 12748; 35.97; 998.466953125; 28.1416015625
2026-08-04; 22:02:54; 7639; 12748; 35.91; 998.4578515625; 28.2197265625
2026-08-04; 22:03:54; 7581; 12638; 35.94; 998.39109375; 28.1748046875
2026-08-04; 22:04:54; 7639; 12748; 35.92; 998.396015625; 28.232421875
2026-08-04; 22:05:54; 7743; 12998; 35.98; 998.433515625; 28.1552734375
2026-08-04; 22:06:54; 7743; 12998; 35.96; 998.4587890625; 28.1533203125
2026-08-04; 22:07:54; 7743; 12998; 35.92; 998.5019921875; 28.2666015625
2026-08-04; 22:08:54; 7796; 13143; 35.87; 998.43078125; 28.3330078125
2026-08-04; 22:09:54; 7796; 13143; 35.87; 998.45921875; 28.3095703125
2026-08-04; 22:10:54; 7845; 13223; 35.87; 998.495546875; 28.310546875
2026-08-04; 22:11:54; 7796; 13143; 35.85; 998.60640625; 28.3447265625
2026-08-04; 22:12:54; 7845; 13223; 35.83; 998.5466015625; 28.3779296875
2026-08-04; 22:13:55; 7796; 13143; 35.79; 998.5041015625; 28.4560546875
2026-08-04; 22:14:55; 7743; 12998; 35.81; 998.47859375; 28.4228515625
2026-08-04; 22:15:55; 7796; 13143; 35.77; 998.5375; 28.466796875
2026-08-04; 22:16:55; 7796; 13143; 35.74; 998.5754296875; 28.5341796875
2026-08-04; 22:17:55; 7796; 13143; 35.76; 998.578671875; 28.4892578125
2026-08-04; 22:18:55; 7796; 13143; 35.74; 998.5754296875; 28.5234375
2026-08-04; 22:19:55; 7796; 13143; 35.7; 998.5411328125; 28.625
2026-08-04; 22:20:55; 7796; 13143; 35.67; 998.5790625; 28.634765625
2026-08-04; 22:21:55; 7796; 13143; 35.63; 998.6869140625; 28.701171875
2026-08-04; 22:22:55; 7796; 13143; 35.66; 998.620234375; 28.6806640625
2026-08-04; 22:23:55; 7796; 13143; 35.67; 998.5790625; 28.634765625
2026-08-04; 22:24:55; 7796; 13143; 35.65; 998.5682421875; 28.6904296875
2026-08-04; 22:25:55; 7796; 13143; 35.61; 998.6915234375; 28.7353515625
2026-08-04; 22:26:55; 7796; 13143; 35.65; 998.6820703125; 28.6904296875
2026-08-04; 22:27:55; 7796; 13143; 35.64; 998.588828125; 28.7021484375
2026-08-04; 22:28:55; 7796; 13143; 35.64; 998.6741796875; 28.6904296875
2026-08-04; 22:29:55; 65535; 65535; 35.6; 998.69640625; 28.7685546875
2026-08-04; 22:30:55; 7845; 13223; 35.63; 998.7516796875; 28.701171875
2026-08-04; 22:31:55; 7796; 13143; 35.65; 998.65359375; 28.7255859375
2026-08-04; 22:32:55; 7796; 13143; 35.61; 998.6915234375; 28.7470703125
2026-08-04; 22:33:55; 7743; 12998; 35.6; 998.69640625; 28.8154296875
2026-08-04; 22:34:55; 7743; 12998; 35.58; 998.721875; 28.8369140625
2026-08-04; 22:35:55; 7684; 12902; 35.57; 998.677734375; 28.8603515625
2026-08-04; 22:36:55; 7684; 12902; 35.56; 998.755234375; 28.89453125
2026-08-04; 22:37:55; 7639; 12748; 35.51; 998.81859375; 28.9140625
2026-08-04; 22:38:55; 7639; 12748; 35.5; 998.766640625; 28.982421875
2026-08-04; 22:39:55; 7581; 12638; 35.51; 998.7823046875; 28.9375
2026-08-04; 22:40:55; 7581; 12638; 35.47; 998.77609375; 29.05078125
2026-08-04; 22:41:55; 7581; 12638; 35.45; 998.8094140625; 29.095703125
2026-08-04; 22:42:55; 7529; 12528; 35.46; 998.7887890625; 29.0732421875
2026-08-04; 22:43:55; 7481; 12437; 35.43; 998.7780078125; 29.1064453125
2026-08-04; 22:44:55; 7481; 12437; 35.44; 998.8426953125; 29.1181640625
2026-08-04; 22:45:55; 7431; 12314; 35.44; 998.8221484375; 29.119140625
2026-08-04; 22:46:55; 7431; 12314; 35.41; 998.8315625; 29.1630859375
2026-08-04; 22:47:55; 7431; 12314; 35.35; 998.801796875; 29.2060546875
2026-08-04; 22:48:55; 7389; 12236; 35.38; 998.897890625; 29.2080078125
2026-08-04; 22:49:55; 7339; 12100; 35.34; 998.891640625; 29.2509765625
2026-08-04; 22:50:55; 7339; 12100; 35.35; 998.90765625; 29.263671875
2026-08-04; 22:51:55; 7339; 12100; 35.36; 998.8743359375; 29.2646484375
2026-08-04; 22:52:55; 7339; 12100; 35.32; 998.8601953125; 29.2841796875
2026-08-04; 22:53:55; 7248; 11927; 35.34; 998.956640625; 29.3212890625
2026-08-04; 22:54:55; 7248; 11927; 35.3; 998.8572265625; 29.330078125
2026-08-04; 22:55:55; 7248; 11927; 35.3; 998.836640625; 29.341796875
2026-08-04; 22:56:56; 7248; 11927; 35.28; 998.88265625; 29.38671875
2026-08-04; 22:57:56; 7192; 11806; 35.25; 998.7578125; 29.4658203125
2026-08-04; 22:58:56; 7152; 11733; 35.23; 998.8685546875; 29.4990234375
2026-08-04; 22:59:56; 7104; 11602; 35.24; 998.88421875; 29.46484375
2026-08-04; 23:00:56; 7056; 11527; 35.21; 998.8939453125; 29.509765625
2026-08-04; 23:01:56; 7016; 11432; 35.23; 998.832265625; 29.4990234375
2026-08-04; 23:02:56; 7016; 11432; 35.18; 998.8955078125; 29.5654296875
2026-08-04; 23:03:56; 7016; 11432; 35.17; 998.91609375; 29.587890625
2026-08-04; 23:04:56; 7016; 11432; 35.16; 998.871953125; 29.6337890625
2026-08-04; 23:05:56; 7016; 11432; 35.15; 998.8483984375; 29.64453125
2026-08-04; 23:06:56; 6969; 11317; 35.13; 998.8813671875; 29.689453125
2026-08-04; 23:07:56; 6929; 11245; 35.12; 998.9225; 29.689453125
2026-08-04; 23:08:56; 6929; 11245; 35.14; 998.775546875; 29.6787109375
2026-08-04; 23:09:56; 6929; 11245; 35.12; 998.971484375; 29.7119140625
2026-08-04; 23:10:56; 6929; 11245; 35.11; 998.95578125; 29.69921875
2026-08-04; 23:11:56; 6896; 11160; 35.14; 998.8973828125; 29.7255859375
2026-08-04; 23:12:56; 6896; 11160; 35.16; 998.8925390625; 29.6796875
2026-08-04; 23:13:56; 6896; 11160; 35.12; 998.9225; 29.7822265625
2026-08-04; 23:14:56; 6854; 11090; 35.11; 998.9273828125; 29.8037109375
2026-08-04; 23:15:56; 6808; 11005; 35.09; 998.9890625; 29.802734375
2026-08-04; 23:16:56; 6854; 11090; 35.07; 999.014140625; 29.8369140625
2026-08-04; 23:17:56; 6775; 10935; 35.07; 998.9573046875; 29.8603515625
2026-08-04; 23:18:56; 6775; 10935; 35.05; 999.018984375; 29.8935546875
2026-08-04; 23:19:56; 6730; 10809; 35.05; 999.0395703125; 29.9052734375
2026-08-04; 23:20:56; 6684; 10732; 35.04; 999.023828125; 29.9150390625
2026-08-04; 23:21:56; 6684; 10732; 35.01; 999.0051171875; 29.9599609375
2026-08-04; 23:22:56; 6652; 10663; 35.0; 999.0256640625; 30.005859375
2026-08-04; 23:23:56; 6608; 10568; 35.01; 998.9561328125; 29.9951171875
2026-08-04; 23:24:56; 6608; 10568; 34.98; 999.0144921875; 30.015625
2026-08-04; 23:25:56; 6608; 10568; 35.0; 999.0540625; 30.017578125
2026-08-04; 23:26:56; 6573; 10501; 34.99; 999.11546875; 30.07421875
2026-08-04; 23:27:56; 6528; 10392; 34.97; 999.1124609375; 30.0732421875
2026-08-04; 23:28:56; 6496; 10325; 34.95; 999.1094140625; 30.1416015625
2026-08-04; 23:29:56; 6496; 10325; 34.96; 999.153515625; 30.1416015625
