Datum; Uhrzeit; eCO2 (ppm); tVOC (ppb); Temperatur (°C); Luftdruck (hpPa); relative Luftfeuchte (%)
2026-06-29; 02:24:33; 400; 0; 37.6; 1004.381875; 27.49609375
2026-06-29; 02:25:33; 400; 0; 37.65; 1004.432421875; 27.4404296875
2026-06-29; 02:26:33; 400; 0; 37.63; 1004.4658984375; 27.544921875
2026-06-29; 02:27:33; 400; 0; 37.64; 1004.3596484375; 27.533203125
2026-06-29; 02:28:33; 403; 0; 37.68; 1004.365546875; 27.4541015625
2026-06-29; 02:29:33; 400; 0; 37.7; 1004.3402734375; 27.455078125
2026-06-29; 02:30:33; 400; 0; 37.7; 1004.37671875; 27.501953125
2026-06-29; 02:31:33; 400; 0; 37.7; 1004.37671875; 27.3974609375
2026-06-29; 02:32:33; 400; 0; 37.73; 1004.3954296875; 27.4111328125
2026-06-29; 02:33:33; 400; 0; 37.69; 1004.503671875; 27.466796875
2026-06-29; 02:34:33; 407; 1; 37.69; 1004.5528515625; 27.455078125
2026-06-29; 02:35:33; 402; 0; 37.69; 1004.589296875; 27.490234375
2026-06-29; 02:36:33; 406; 0; 37.71; 1004.67; 27.4677734375
2026-06-29; 02:37:33; 402; 0; 37.67; 1004.749375; 27.55859375
2026-06-29; 02:38:33; 400; 0; 37.66; 1004.8841796875; 27.6279296875
2026-06-29; 02:39:33; 400; 0; 37.67; 1004.835; 27.58203125
2026-06-29; 02:40:33; 402; 0; 37.68; 1004.93640625; 27.5703125
2026-06-29; 02:41:33; 402; 0; 37.71; 1004.90625; 27.5146484375
2026-06-29; 02:42:33; 400; 0; 37.74; 1005.0391796875; 27.4814453125
2026-06-29; 02:43:33; 401; 0; 37.71; 1004.991875; 27.4794921875
2026-06-29; 02:44:34; 400; 0; 37.72; 1005.056875; 27.5146484375
2026-06-29; 02:45:34; 403; 0; 37.71; 1005.163125; 27.4443359375
2026-06-29; 02:46:34; 400; 0; 37.72; 1005.171015625; 27.4208984375
2026-06-29; 02:47:34; 400; 0; 37.7; 1005.1758984375; 27.572265625
2026-06-29; 02:48:34; 400; 0; 37.7; 1005.2330078125; 27.607421875
2026-06-29; 02:49:34; 400; 0; 37.69; 1005.274296875; 27.6298828125
2026-06-29; 02:50:34; 400; 0; 37.69; 1005.3028515625; 27.548828125
2026-06-29; 02:51:34; 400; 0; 37.69; 1005.3028515625; 27.5947265625
2026-06-29; 02:52:34; 402; 0; 37.69; 1005.2949609375; 27.6767578125
2026-06-29; 02:53:34; 402; 0; 37.69; 1005.2172265625; 27.6884765625
2026-06-29; 02:54:34; 400; 0; 37.7; 1005.253671875; 27.6298828125
2026-06-29; 02:55:34; 400; 0; 37.7; 1005.1966015625; 27.5947265625
2026-06-29; 02:56:34; 403; 0; 37.7; 1005.168046875; 27.6416015625
2026-06-29; 02:57:34; 400; 0; 37.66; 1005.1125390625; 27.6748046875
2026-06-29; 02:58:34; 401; 0; 37.65; 1005.1538671875; 27.8369140625
2026-06-29; 02:59:34; 403; 0; 37.67; 1005.04265625; 27.6982421875
2026-06-29; 03:00:34; 415; 2; 37.67; 1005.099765625; 27.7802734375
2026-06-29; 03:01:34; 409; 1; 37.66; 1005.1046484375; 27.802734375
2026-06-29; 03:02:34; 416; 2; 37.62; 1005.0986328125; 27.9287109375
2026-06-29; 03:03:34; 410; 1; 37.64; 1005.2158203125; 27.89453125
2026-06-29; 03:04:34; 409; 1; 37.64; 1005.101640625; 27.859375
2026-06-29; 03:05:34; 415; 2; 37.61; 1005.1396484375; 28.0322265625
2026-06-29; 03:06:34; 416; 2; 37.62; 1005.155703125; 27.998046875
2026-06-29; 03:07:34; 428; 4; 37.64; 1005.15875; 28.0224609375
2026-06-29; 03:08:34; 425; 3; 37.65; 1005.2109375; 27.9423828125
2026-06-29; 03:09:34; 416; 2; 37.59; 1005.2508203125; 28.1826171875
2026-06-29; 03:10:34; 410; 1; 37.6; 1005.2094921875; 28.16015625
2026-06-29; 03:11:34; 410; 1; 37.58; 1005.292109375; 28.263671875
2026-06-29; 03:12:34; 406; 0; 37.6; 1005.238046875; 28.171875
2026-06-29; 03:13:34; 405; 0; 37.58; 1005.3; 28.2646484375
2026-06-29; 03:14:34; 409; 1; 37.58; 1005.242890625; 28.310546875
2026-06-29; 03:15:34; 406; 0; 37.57; 1005.190703125; 28.4375
2026-06-29; 03:16:34; 401; 0; 37.58; 1005.1494140625; 28.4970703125
2026-06-29; 03:17:34; 403; 0; 37.57; 1005.0765625; 28.51953125
2026-06-29; 03:18:34; 416; 2; 37.56; 1004.95453125; 28.53125
2026-06-29; 03:19:34; 422; 3; 37.54; 1004.894140625; 28.611328125
2026-06-29; 03:20:34; 417; 2; 37.51; 1004.8547265625; 28.8076171875
2026-06-29; 03:21:34; 422; 3; 37.5; 1004.8389453125; 28.830078125
2026-06-29; 03:22:34; 417; 2; 37.51; 1004.8547265625; 28.970703125
2026-06-29; 03:23:34; 421; 3; 37.49; 1004.786796875; 28.9453125
2026-06-29; 03:24:34; 422; 3; 37.46; 1004.804140625; 28.990234375
2026-06-29; 03:25:34; 421; 3; 37.48; 1004.8644921875; 29.0966796875
2026-06-29; 03:26:35; 413; 1; 37.48; 1004.8566015625; 29.0849609375
2026-06-29; 03:27:35; 400; 0; 37.47; 1004.877265625; 29.283203125
2026-06-29; 03:28:35; 402; 0; 37.44; 1004.935859375; 29.373046875
2026-06-29; 03:29:35; 400; 0; 37.44; 1005.0864453125; 29.2919921875
2026-06-29; 03:30:35; 400; 0; 37.44; 1005.17203125; 29.396484375
2026-06-29; 03:31:35; 414; 2; 37.42; 1005.1896484375; 29.3720703125
2026-06-29; 03:32:35; 420; 3; 37.44; 1005.2497265625; 29.337890625
2026-06-29; 03:33:35; 445; 6; 37.44; 1005.3638671875; 29.326171875
2026-06-29; 03:34:35; 470; 10; 37.41; 1005.3735546875; 29.3486328125
2026-06-29; 03:35:35; 498; 14; 37.38; 1005.4479296875; 29.3935546875
2026-06-29; 03:36:35; 536; 20; 37.38; 1005.4400390625; 29.498046875
2026-06-29; 03:37:35; 569; 25; 37.38; 1005.6191015625; 29.439453125
2026-06-29; 03:38:35; 602; 30; 37.38; 1005.676171875; 29.3701171875
2026-06-29; 03:39:35; 615; 32; 37.35; 1005.7635546875; 29.5888671875
2026-06-29; 03:40:35; 638; 36; 37.34; 1005.78421875; 29.5419921875
2026-06-29; 03:41:35; 659; 39; 37.31; 1005.8709765625; 29.62109375
2026-06-29; 03:42:35; 690; 44; 37.3; 1005.9771875; 29.6904296875
2026-06-29; 03:43:35; 704; 46; 37.29; 1006.07546875; 29.6787109375
2026-06-29; 03:44:35; 726; 49; 37.29; 1006.1531640625; 29.7822265625
2026-06-29; 03:45:35; 733; 50; 37.28; 1006.308515625; 29.83984375
2026-06-29; 03:46:35; 732; 50; 37.3; 1006.3971875; 29.841796875
2026-06-29; 03:47:35; 757; 54; 37.25; 1006.4969140625; 29.908203125
2026-06-29; 03:48:35; 770; 56; 37.27; 1006.520625; 29.8974609375
2026-06-29; 03:49:35; 798; 60; 37.28; 1006.565234375; 29.83984375
2026-06-29; 03:50:35; 844; 67; 37.26; 1006.59828125; 29.990234375
2026-06-29; 03:51:35; 865; 70; 37.28; 1006.7728125; 29.91015625
2026-06-29; 03:52:35; 905; 76; 37.3; 1006.7394921875; 29.830078125
2026-06-29; 03:53:35; 902; 76; 37.29; 1006.5525; 29.91015625
2026-06-29; 03:54:35; 935; 81; 37.28; 1006.53671875; 29.8984375
2026-06-29; 03:55:35; 959; 85; 37.25; 1006.533359375; 30.060546875
2026-06-29; 03:56:35; 956; 84; 37.25; 1006.52546875; 30.0830078125
2026-06-29; 03:57:35; 1019; 94; 37.25; 1006.4969140625; 30.0712890625
2026-06-29; 03:58:35; 1065; 101; 37.23; 1006.330625; 30.09375
2026-06-29; 03:59:35; 1065; 101; 37.24; 1006.2893359375; 30.0361328125
2026-06-29; 04:00:35; 1077; 103; 37.27; 1006.1865234375; 30.095703125
2026-06-29; 04:01:35; 1093; 105; 37.28; 1006.194453125; 30.0380859375
2026-06-29; 04:02:35; 1093; 105; 37.26; 1006.08484375; 30.1416015625
2026-06-29; 04:03:35; 1090; 105; 37.24; 1005.9106640625; 30.2333984375
2026-06-29; 04:04:35; 1056; 99; 37.22; 1005.736484375; 30.3017578125
2026-06-29; 04:05:35; 1019; 94; 37.23; 1005.6745703125; 30.373046875
2026-06-29; 04:06:35; 1029; 95; 37.21; 1005.406953125; 30.359375
2026-06-29; 04:07:35; 967; 86; 37.2; 1005.1994140625; 30.603515625
2026-06-29; 04:08:35; 925; 79; 37.17; 1005.0376953125; 30.63671875
2026-06-29; 04:09:36; 913; 78; 37.21; 1005.0076953125; 30.673828125
2026-06-29; 04:10:36; 891; 74; 37.2; 1005.0853125; 30.7197265625
2026-06-29; 04:11:36; 874; 72; 37.2; 1005.1423828125; 30.7080078125
2026-06-29; 04:12:36; 889; 74; 37.22; 1005.2801171875; 30.6279296875
2026-06-29; 04:13:36; 889; 74; 37.19; 1005.297421875; 30.6611328125
2026-06-29; 04:14:36; 865; 70; 37.19; 1005.38296875; 30.82421875
2026-06-29; 04:15:36; 832; 65; 37.13; 1005.40234375; 30.9482421875
2026-06-29; 04:16:36; 806; 61; 37.16; 1005.441796875; 30.87890625
2026-06-29; 04:17:36; 821; 64; 37.11; 1005.39109375; 31.07421875
2026-06-29; 04:18:36; 838; 66; 37.08; 1005.38015625; 31.0498046875
2026-06-29; 04:19:36; 830; 65; 37.08; 1005.40078125; 31.072265625
2026-06-29; 04:20:36; 844; 67; 37.04; 1005.231171875; 31.1279296875
2026-06-29; 04:21:36; 853; 69; 37.05; 1005.18203125; 31.197265625
2026-06-29; 04:22:36; 853; 69; 37.04; 1005.0522265625; 31.255859375
2026-06-29; 04:23:36; 853; 69; 37.03; 1005.0079296875; 31.2197265625
2026-06-29; 04:24:36; 853; 69; 37.03; 1004.8653515625; 31.2314453125
2026-06-29; 04:25:36; 848; 68; 37.01; 1004.8623046875; 31.3115234375
2026-06-29; 04:26:36; 865; 70; 37.0; 1004.76890625; 31.416015625
2026-06-29; 04:27:36; 838; 66; 37.0; 1004.761015625; 31.333984375
2026-06-29; 04:28:36; 870; 71; 36.98; 1004.765546875; 31.4833984375
2026-06-29; 04:29:36; 891; 74; 36.98; 1004.73703125; 31.5185546875
2026-06-29; 04:30:36; 925; 79; 36.95; 1004.775234375; 31.59765625
2026-06-29; 04:31:36; 959; 85; 36.94; 1004.824375; 31.57421875
2026-06-29; 04:32:36; 997; 90; 36.95; 1004.974765625; 31.609375
2026-06-29; 04:33:36; 1019; 94; 36.91; 1004.9762890625; 31.666015625
2026-06-29; 04:34:36; 1056; 99; 36.95; 1005.0682421875; 31.458984375
2026-06-29; 04:35:36; 1093; 105; 36.89; 1005.250390625; 31.7919921875
2026-06-29; 04:36:36; 1163; 116; 36.89; 1005.343828125; 31.6298828125
2026-06-29; 04:37:36; 1184; 119; 36.87; 1005.454765625; 31.8369140625
2026-06-29; 04:38:36; 1198; 121; 36.87; 1005.5894140625; 31.89453125
2026-06-29; 04:39:36; 1262; 131; 36.81; 1005.6159375; 31.87890625
2026-06-29; 04:40:36; 1313; 139; 36.83; 1005.696640625; 31.8916015625
2026-06-29; 04:41:36; 1376; 148; 36.81; 1005.8154296875; 31.8203125
2026-06-29; 04:42:36; 1487; 165; 36.82; 1005.8803515625; 31.97265625
2026-06-29; 04:43:36; 1503; 174; 36.82; 1005.83125; 31.9501953125
2026-06-29; 04:44:36; 1531; 193; 36.82; 1005.9088671875; 31.99609375
2026-06-29; 04:45:36; 1552; 208; 36.81; 1005.986484375; 32.0302734375
2026-06-29; 04:46:36; 1569; 221; 36.8; 1005.934296875; 32.1220703125
2026-06-29; 04:47:36; 1587; 234; 36.78; 1005.79625; 32.109375
2026-06-29; 04:48:36; 1590; 236; 36.76; 1005.95625; 32.2587890625
2026-06-29; 04:49:36; 1608; 254; 36.78; 1005.967265625; 32.109375
2026-06-29; 04:50:36; 1621; 265; 36.77; 1005.9799609375; 32.1083984375
2026-06-29; 04:51:36; 1638; 280; 36.78; 1005.8532421875; 32.283203125
2026-06-29; 04:52:37; 1656; 295; 36.75; 1005.968984375; 32.2578125
2026-06-29; 04:53:37; 1678; 318; 36.73; 1005.916796875; 32.419921875
2026-06-29; 04:54:37; 1705; 345; 36.73; 1005.9373828125; 32.361328125
2026-06-29; 04:55:37; 1717; 355; 36.7; 1005.9830859375; 32.568359375
2026-06-29; 04:56:37; 1723; 360; 36.68; 1006.0163671875; 32.63671875
2026-06-29; 04:57:37; 1735; 372; 36.66; 1006.0908203125; 32.646484375
2026-06-29; 04:58:37; 1735; 372; 36.7; 1006.161953125; 32.6728515625
2026-06-29; 04:59:37; 1746; 386; 36.68; 1006.158828125; 32.5908203125
2026-06-29; 05:00:37; 1761; 404; 36.66; 1006.18421875; 32.693359375
2026-06-29; 05:01:37; 1787; 435; 36.68; 1006.2364453125; 32.58984375
2026-06-29; 05:02:37; 1805; 456; 36.67; 1006.25703125; 32.61328125
2026-06-29; 05:03:37; 1805; 456; 36.64; 1006.229921875; 32.7265625
2026-06-29; 05:04:37; 1801; 451; 36.62; 1006.2552734375; 32.794921875
2026-06-29; 05:05:37; 1808; 458; 36.63; 1006.278984375; 32.8193359375
2026-06-29; 05:06:37; 1825; 481; 36.68; 1006.358359375; 32.7529296875
2026-06-29; 05:07:37; 1846; 509; 36.62; 1006.46265625; 32.853515625
2026-06-29; 05:08:37; 1874; 547; 36.66; 1006.51828125; 32.7275390625
2026-06-29; 05:09:37; 1885; 564; 36.64; 1006.6288671875; 32.71484375
2026-06-29; 05:10:37; 1879; 554; 36.65; 1006.701953125; 32.7392578125
2026-06-29; 05:11:37; 1885; 564; 36.61; 1006.817265625; 32.95703125
2026-06-29; 05:12:37; 1905; 592; 36.6; 1006.972421875; 32.875
2026-06-29; 05:13:37; 1928; 626; 36.6; 1007.0499609375; 33.001953125
2026-06-29; 05:14:37; 1933; 634; 36.61; 1007.236796875; 32.98046875
2026-06-29; 05:15:37; 1933; 634; 36.59; 1007.3476171875; 32.978515625
2026-06-29; 05:16:37; 1946; 657; 36.55; 1007.341015625; 33.1728515625
2026-06-29; 05:17:37; 1961; 680; 36.56; 1007.4501953125; 33.162109375
2026-06-29; 05:18:37; 1975; 703; 36.56; 1007.670234375; 33.0693359375
2026-06-29; 05:19:37; 1991; 730; 36.56; 1007.73515625; 33.162109375
2026-06-29; 05:20:37; 2006; 757; 36.56; 1007.8126953125; 33.173828125
2026-06-29; 05:21:37; 2022; 787; 36.56; 1007.8491015625; 33.0810546875
2026-06-29; 05:22:37; 2060; 843; 36.53; 1008.0010546875; 33.1943359375
2026-06-29; 05:23:37; 2076; 875; 36.55; 1007.9108203125; 33.1259765625
2026-06-29; 05:24:37; 2114; 948; 36.53; 1008.02953125; 33.2646484375
2026-06-29; 05:25:37; 2136; 998; 36.52; 1008.09125; 33.275390625
2026-06-29; 05:26:37; 2154; 1036; 36.5; 1008.1526953125; 33.2275390625
2026-06-29; 05:27:37; 2195; 1134; 36.5; 1008.1732421875; 33.2158203125
2026-06-29; 05:28:37; 2218; 1184; 36.48; 1008.113046875; 33.400390625
2026-06-29; 05:29:37; 2234; 1211; 36.5; 1008.1447265625; 33.3203125
2026-06-29; 05:30:37; 2253; 1252; 36.5; 1008.1526953125; 33.30859375
2026-06-29; 05:31:37; 2247; 1238; 36.45; 1008.0734765625; 33.38671875
2026-06-29; 05:32:37; 2263; 1276; 36.47; 1008.0481640625; 33.46875
2026-06-29; 05:33:37; 2283; 1320; 36.46; 1008.089296875; 33.4453125
2026-06-29; 05:34:37; 2302; 1358; 36.46; 1008.052890625; 33.4794921875
2026-06-29; 05:35:38; 2322; 1409; 36.44; 1008.114296875; 33.5595703125
2026-06-29; 05:36:38; 2351; 1466; 36.45; 1008.151015625; 33.501953125
2026-06-29; 05:37:38; 2372; 1506; 36.46; 1008.174765625; 33.45703125
2026-06-29; 05:38:38; 2372; 1506; 36.46; 1008.0813671875; 33.548828125
2026-06-29; 05:39:38; 2388; 1546; 36.43; 1008.2123828125; 33.59375
2026-06-29; 05:40:38; 2388; 1546; 36.43; 1008.163359375; 33.5712890625
2026-06-29; 05:41:38; 2382; 1532; 36.38; 1008.133203125; 33.763671875
2026-06-29; 05:42:38; 2395; 1561; 36.39; 1008.1284375; 33.7421875
2026-06-29; 05:43:38; 2409; 1588; 36.39; 1008.120546875; 33.7412109375
2026-06-29; 05:44:38; 2423; 1618; 36.41; 1008.12375; 33.6962890625
2026-06-29; 05:45:38; 2432; 1633; 36.42; 1008.1680859375; 33.708984375
2026-06-29; 05:46:38; 2445; 1658; 36.42; 1008.1395703125; 33.7783203125
2026-06-29; 05:47:38; 2459; 1683; 36.46; 1008.1098828125; 33.525390625
2026-06-29; 05:48:38; 2483; 1743; 36.42; 1008.11109375; 33.7431640625
2026-06-29; 05:49:38; 2490; 1758; 36.41; 1008.0746875; 33.732421875
2026-06-29; 05:50:38; 2514; 1814; 36.4; 1007.9733984375; 33.7080078125
2026-06-29; 05:51:38; 2528; 1845; 36.39; 1008.01453125; 33.8818359375
2026-06-29; 05:52:38; 2554; 1897; 36.4; 1007.9369921875; 33.7421875
2026-06-29; 05:53:38; 2572; 1930; 36.4; 1007.9084765625; 33.8818359375
2026-06-29; 05:54:38; 2572; 1930; 36.38; 1007.94171875; 33.880859375
2026-06-29; 05:55:38; 2587; 1962; 36.4; 1007.9084765625; 33.7890625
2026-06-29; 05:56:38; 2621; 2035; 36.41; 1007.9243359375; 33.7197265625
2026-06-29; 05:57:38; 2621; 2035; 36.39; 1007.949609375; 33.916015625
2026-06-29; 05:58:38; 2614; 2024; 36.38; 1007.998671875; 33.892578125
2026-06-29; 05:59:38; 2614; 2024; 36.37; 1007.9822265625; 33.9609375
2026-06-29; 06:00:38; 2628; 2061; 36.39; 1007.9005859375; 33.8349609375
2026-06-29; 06:01:38; 2645; 2099; 36.42; 1007.9401953125; 33.8828125
2026-06-29; 06:02:38; 2638; 2082; 36.39; 1007.84359375; 33.951171875
2026-06-29; 06:03:38; 2645; 2099; 36.38; 1007.827734375; 33.9736328125
2026-06-29; 06:04:38; 2638; 2082; 36.37; 1007.8398046875; 33.99609375
2026-06-29; 06:05:38; 2657; 2110; 36.38; 1007.94171875; 33.9736328125
2026-06-29; 06:06:38; 2685; 2170; 36.37; 1007.9458203125; 34.0302734375
2026-06-29; 06:07:38; 2702; 2214; 36.39; 1007.9290625; 33.904296875
2026-06-29; 06:08:38; 2730; 2291; 36.34; 1007.9346875; 34.14453125
2026-06-29; 06:09:38; 2730; 2291; 36.35; 1007.865078125; 34.029296875
2026-06-29; 06:10:38; 2730; 2291; 36.36; 1007.9584765625; 34.1572265625
2026-06-29; 06:11:38; 2739; 2308; 36.34; 1007.89828125; 34.2021484375
2026-06-29; 06:12:38; 2758; 2343; 36.33; 1007.9758203125; 34.0966796875
2026-06-29; 06:13:38; 2778; 2387; 36.34; 1007.926796875; 34.0166015625
2026-06-29; 06:14:38; 2789; 2405; 36.32; 1007.9520703125; 34.107421875
2026-06-29; 06:15:38; 2818; 2469; 36.32; 1007.8666015625; 34.119140625
2026-06-29; 06:16:38; 2818; 2469; 36.34; 1007.926796875; 34.109375
2026-06-29; 06:17:39; 2818; 2469; 36.31; 1007.8301953125; 34.26953125
2026-06-29; 06:18:39; 2818; 2469; 36.31; 1007.8223046875; 34.26953125
2026-06-29; 06:19:39; 2837; 2517; 36.3; 1007.956484375; 34.2578125
2026-06-29; 06:20:39; 2837; 2517; 36.3; 1007.9770703125; 34.2685546875
2026-06-29; 06:21:39; 2859; 2564; 36.29; 1007.9612109375; 34.291015625
2026-06-29; 06:22:39; 2878; 2601; 36.31; 1007.8871875; 34.328125
2026-06-29; 06:23:39; 2906; 2649; 36.27; 1007.908984375; 34.34765625
2026-06-29; 06:24:39; 2917; 2667; 36.29; 1007.932734375; 34.232421875
2026-06-29; 06:25:39; 2937; 2715; 36.26; 1007.9216015625; 34.2890625
2026-06-29; 06:26:39; 2983; 2816; 36.28; 1007.9248046875; 34.220703125
2026-06-29; 06:27:39; 3002; 2854; 36.27; 1007.85203125; 34.2080078125
2026-06-29; 06:28:39; 3002; 2854; 36.24; 1007.9101953125; 34.333984375
2026-06-29; 06:29:39; 3028; 2903; 36.27; 1007.7380859375; 34.2314453125
2026-06-29; 06:30:39; 3028; 2903; 36.28; 1007.64; 34.255859375
2026-06-29; 06:31:39; 3014; 2884; 36.31; 1007.594453125; 34.1767578125
2026-06-29; 06:32:39; 3014; 2884; 36.29; 1007.67640625; 34.2099609375
2026-06-29; 06:33:39; 3014; 2884; 36.29; 1007.7048828125; 34.279296875
2026-06-29; 06:34:39; 3002; 2854; 36.26; 1007.6004296875; 34.1845703125
2026-06-29; 06:35:39; 3002; 2854; 36.32; 1007.703671875; 34.0263671875
2026-06-29; 06:36:39; 2994; 2835; 36.38; 1007.7059375; 34.04296875
2026-06-29; 06:37:39; 3002; 2854; 36.36; 1007.6530859375; 33.9951171875
2026-06-29; 06:38:39; 2983; 2816; 36.36; 1007.7669921875; 34.052734375
2026-06-29; 06:39:39; 2949; 2733; 36.38; 1007.81984375; 33.97265625
2026-06-29; 06:40:39; 2949; 2733; 36.38; 1007.848359375; 33.8681640625
2026-06-29; 06:41:39; 2960; 2768; 36.39; 1007.8151171875; 33.8466796875
2026-06-29; 06:42:39; 35728; 2768; 36.37; 1007.8683203125; 33.857421875
2026-06-29; 06:43:39; 2949; 2733; 36.37; 1007.8319140625; 33.890625
2026-06-29; 06:44:39; 2925; 2679; 36.34; 1007.841328125; 33.923828125
2026-06-29; 06:45:39; 2917; 2667; 36.36; 1007.84453125; 33.83203125
2026-06-29; 06:46:39; 2906; 2649; 36.34; 1007.90625; 33.8193359375
2026-06-29; 06:47:39; 2848; 2536; 36.34; 1007.926796875; 33.8427734375
2026-06-29; 06:48:39; 2818; 2469; 36.33; 1008.0327734375; 33.7958984375
2026-06-29; 06:49:39; 2797; 2417; 36.34; 1008.0407421875; 33.75
2026-06-29; 06:50:39; 2770; 2370; 36.32; 1008.07390625; 33.7021484375
2026-06-29; 06:51:39; 2739; 2308; 36.29; 1008.1969921875; 33.734375
2026-06-29; 06:52:39; 2713; 2246; 36.28; 1008.315625; 33.7216796875
2026-06-29; 06:53:39; 2685; 2170; 36.27; 1008.5070703125; 33.6748046875
2026-06-29; 06:54:39; 2621; 2035; 36.29; 1008.53875; 33.5830078125
2026-06-29; 06:55:39; 2572; 1930; 36.28; 1008.4944140625; 33.490234375
2026-06-29; 06:56:39; 2507; 1799; 36.25; 1008.5608203125; 33.5107421875
2026-06-29; 06:57:39; 2445; 1658; 36.26; 1008.540234375; 33.4765625
2026-06-29; 06:58:39; 2416; 1603; 36.21; 1008.5825; 33.6123046875
2026-06-29; 06:59:39; 2382; 1532; 36.2; 1008.5302734375; 33.5302734375
2026-06-29; 07:00:40; 2322; 1409; 36.19; 1008.465390625; 33.5537109375
2026-06-29; 07:01:40; 2289; 1334; 36.19; 1008.4084375; 33.4951171875
2026-06-29; 07:02:40; 2263; 1276; 36.21; 1008.4037109375; 33.4267578125
2026-06-29; 07:03:40; 2247; 1238; 36.2; 1008.3594140625; 33.4951171875
2026-06-29; 07:04:40; 2240; 1224; 36.16; 1008.1976171875; 33.4814453125
2026-06-29; 07:05:40; 2234; 1211; 36.17; 1008.1773828125; 33.447265625
2026-06-29; 07:06:40; 2208; 1161; 36.19; 1008.0666796875; 33.3212890625
2026-06-29; 07:07:40; 2176; 1084; 36.21; 1008.069921875; 33.2412109375
2026-06-29; 07:08:40; 2120; 966; 36.19; 1007.9528125; 33.251953125
2026-06-29; 07:09:40; 2092; 903; 36.2; 1007.9116796875; 33.125
2026-06-29; 07:10:40; 2036; 813; 36.22; 1007.878515625; 33.080078125
2026-06-29; 07:11:40; 1982; 716; 36.24; 1007.8816796875; 32.96484375
2026-06-29; 07:12:40; 1910; 599; 36.22; 1007.906953125; 32.9521484375
2026-06-29; 07:13:40; 1849; 514; 36.23; 1007.9228125; 32.859375
2026-06-29; 07:14:40; 1796; 445; 36.23; 1007.9307421875; 32.8486328125
2026-06-29; 07:15:40; 1741; 381; 36.23; 1007.979765625; 32.8359375
2026-06-29; 07:16:40; 1705; 345; 36.22; 1008.0493359375; 32.82421875
2026-06-29; 07:17:40; 1659; 297; 36.2; 1008.0461328125; 32.7880859375
2026-06-29; 07:18:40; 1618; 262; 36.22; 1008.0778515625; 32.697265625
2026-06-29; 07:19:40; 1583; 231; 36.24; 1008.0608203125; 32.6630859375
2026-06-29; 07:20:40; 1555; 209; 36.26; 1008.1209375; 32.572265625
2026-06-29; 07:21:40; 1533; 194; 36.27; 1008.12890625; 32.595703125
2026-06-29; 07:22:40; 1500; 172; 36.25; 1008.076640625; 32.5595703125
2026-06-29; 07:23:40; 1453; 160; 36.21; 1008.0619921875; 32.6142578125
2026-06-29; 07:24:40; 1352; 145; 36.24; 1008.0240625; 32.59375
2026-06-29; 07:25:40; 1313; 139; 36.18; 1008.0429296875; 32.681640625
2026-06-29; 07:26:40; 1262; 131; 36.2; 1008.0540625; 32.6494140625
2026-06-29; 07:27:40; 1207; 122; 36.17; 1008.063515625; 32.669921875
2026-06-29; 07:28:40; 1163; 116; 36.2; 1007.997109375; 32.5791015625
2026-06-29; 07:29:40; 1144; 113; 36.18; 1008.014453125; 32.5771484375
2026-06-29; 07:30:40; 1118; 109; 36.14; 1007.9871875; 32.6796875
2026-06-29; 07:31:40; 1093; 105; 36.15; 1008.0394140625; 32.7041015625
2026-06-29; 07:32:40; 1056; 99; 36.11; 1008.0535546875; 32.79296875
2026-06-29; 07:33:40; 1029; 95; 36.11; 1008.0614453125; 32.7822265625
2026-06-29; 07:34:40; 1029; 95; 36.11; 1008.1389453125; 32.828125
2026-06-29; 07:35:40; 1019; 94; 36.11; 1008.146875; 32.7822265625
2026-06-29; 07:36:40; 1056; 99; 36.1; 1008.1594921875; 32.7578125
2026-06-29; 07:37:40; 1068; 101; 36.14; 1008.2434375; 32.7490234375
2026-06-29; 07:38:40; 1090; 105; 36.14; 1008.186484375; 32.783203125
2026-06-29; 07:39:40; 1077; 103; 36.15; 1008.181796875; 32.73828125
2026-06-29; 07:40:40; 1093; 105; 36.18; 1008.1932421875; 32.7177734375
2026-06-29; 07:41:40; 1118; 109; 36.22; 1008.134765625; 32.6044921875
2026-06-29; 07:42:40; 1131; 111; 36.21; 1008.1758984375; 32.73046875
2026-06-29; 07:43:41; 1163; 116; 36.22; 1008.0857421875; 32.7314453125
2026-06-29; 07:44:41; 1184; 119; 36.25; 1008.1051171875; 32.67578125
2026-06-29; 07:45:41; 1220; 124; 36.26; 1008.149453125; 32.6767578125
2026-06-29; 07:46:41; 1266; 131; 36.35; 1008.1214453125; 32.5205078125
2026-06-29; 07:47:41; 1313; 139; 36.37; 1008.2101171875; 32.5224609375
2026-06-29; 07:48:41; 1352; 145; 36.37; 1008.1246484375; 32.5576171875
2026-06-29; 07:49:41; 1408; 153; 36.38; 1008.133203125; 32.5458984375
2026-06-29; 07:50:41; 1495; 166; 36.4; 1008.193359375; 32.5009765625
2026-06-29; 07:51:41; 1513; 180; 36.5; 1008.238125; 32.3916015625
2026-06-29; 07:52:41; 1533; 194; 36.55; 1008.31765625; 32.267578125
2026-06-29; 07:53:41; 1555; 209; 36.55; 1008.3461328125; 32.2900390625
2026-06-29; 07:54:41; 1572; 224; 36.58; 1008.3655078125; 32.26953125
2026-06-29; 07:55:41; 1592; 238; 36.62; 1008.392421875; 32.19140625
2026-06-29; 07:56:41; 1612; 257; 36.65; 1008.554296875; 32.205078125
2026-06-29; 07:57:41; 1627; 269; 36.7; 1008.5558984375; 32.173828125
2026-06-29; 07:58:41; 1656; 295; 36.78; 1008.5895703125; 32.07421875
2026-06-29; 07:59:41; 1685; 323; 36.91; 1008.6459375; 31.8623046875
2026-06-29; 08:00:41; 1703; 341; 36.98; 1008.7856640625; 31.7626953125
2026-06-29; 08:01:41; 1730; 367; 37.1; 1008.854375; 31.6201171875
2026-06-29; 08:02:41; 1756; 396; 37.29; 1008.813984375; 31.3193359375
2026-06-29; 08:03:41; 1784; 432; 37.37; 1008.9127734375; 31.2431640625
2026-06-29; 08:04:41; 1813; 465; 37.46; 1008.84796875; 31.1328125
2026-06-29; 08:05:41; 1846; 509; 37.59; 1008.8181640625; 30.908203125
2026-06-29; 08:06:41; 1874; 547; 37.77; 1008.8471484375; 30.6875
2026-06-29; 08:07:41; 1913; 603; 37.91; 1008.6698828125; 30.4638671875
2026-06-29; 08:08:41; 1946; 657; 38.07; 1008.70796875; 30.2529296875
2026-06-29; 08:09:41; 1975; 703; 38.13; 1008.6968359375; 30.15234375
2026-06-29; 08:10:41; 2006; 757; 38.19; 1008.6778125; 30.07421875
2026-06-29; 08:11:41; 2031; 803; 38.26; 1008.638359375; 29.9970703125
2026-06-29; 08:12:41; 2080; 881; 38.33; 1008.5700390625; 29.943359375
2026-06-29; 08:13:41; 2120; 966; 38.43; 1008.5363671875; 29.8212890625
2026-06-29; 08:14:41; 2154; 1036; 38.45; 1008.588984375; 29.7998046875
2026-06-29; 08:15:41; 2189; 1120; 38.56; 1008.5996484375; 29.712890625
2026-06-29; 08:16:41; 2234; 1211; 38.84; 1008.656328125; 29.345703125
2026-06-29; 08:17:41; 2302; 1358; 39.08; 1008.7143359375; 29.009765625
2026-06-29; 08:18:41; 2332; 1423; 39.32; 1008.7227734375; 28.6865234375
2026-06-29; 08:19:41; 2365; 1492; 39.45; 1008.827109375; 28.5419921875
2026-06-29; 08:20:41; 2402; 1577; 39.64; 1008.8214453125; 28.25
2026-06-29; 08:21:41; 2459; 1683; 40.06; 1008.8902734375; 27.783203125
2026-06-29; 08:22:41; 2507; 1799; 40.48; 1008.851640625; 27.2333984375
2026-06-29; 08:23:41; 2537; 1856; 40.89; 1008.8409375; 26.6943359375
2026-06-29; 08:24:41; 2554; 1897; 41.16; 1008.8295703125; 26.380859375
2026-06-29; 08:25:41; 2561; 1912; 41.24; 1008.8046484375; 26.232421875
2026-06-29; 08:26:42; 2561; 1912; 41.53; 1008.825; 25.943359375
2026-06-29; 08:27:42; 2561; 1912; 41.56; 1008.8356640625; 25.8271484375
2026-06-29; 08:28:42; 2561; 1912; 41.72; 1008.866484375; 25.671875
2026-06-29; 08:29:42; 2572; 1930; 41.95; 1008.90640625; 25.4130859375
2026-06-29; 08:30:42; 2561; 1912; 41.91; 1008.9293359375; 25.3876953125
2026-06-29; 08:31:42; 2547; 1881; 41.72; 1008.88734375; 25.6474609375
2026-06-29; 08:32:42; 2490; 1758; 41.45; 1008.9358984375; 26.009765625
2026-06-29; 08:33:42; 2445; 1658; 41.21; 1008.9661328125; 26.337890625
2026-06-29; 08:34:42; 2416; 1603; 40.97; 1008.930859375; 26.65234375
2026-06-29; 08:35:42; 2372; 1506; 40.74; 1008.976328125; 26.966796875
2026-06-29; 08:36:42; 2338; 1437; 40.53; 1008.99609375; 27.2724609375
2026-06-29; 08:37:42; 2296; 1348; 40.31; 1008.9709375; 27.599609375
2026-06-29; 08:38:42; 2283; 1320; 40.25; 1009.0686328125; 27.6767578125
2026-06-29; 08:39:42; 2253; 1252; 40.15; 1009.0121875; 27.8359375
2026-06-29; 08:40:42; 2234; 1211; 40.07; 1009.0572265625; 27.9599609375
2026-06-29; 08:41:42; 2234; 1211; 39.98; 1009.0784765625; 28.0712890625
2026-06-29; 08:42:42; 2208; 1161; 39.89; 1009.1444921875; 28.25390625
2026-06-29; 08:43:42; 2201; 1147; 39.79; 1009.0431640625; 28.3994140625
2026-06-29; 08:44:42; 2182; 1098; 39.68; 1009.126875; 28.568359375
2026-06-29; 08:45:42; 2176; 1084; 39.68; 1009.1633984375; 28.591796875
2026-06-29; 08:46:42; 2160; 1045; 39.64; 1009.128515625; 28.6943359375
2026-06-29; 08:47:42; 2160; 1045; 39.56; 1009.12390625; 28.783203125
2026-06-29; 08:48:42; 2160; 1045; 39.62; 1009.1334375; 28.775390625
2026-06-29; 08:49:42; 2154; 1036; 39.7; 1009.1090625; 28.7099609375
2026-06-29; 08:50:42; 2148; 1023; 39.68; 1009.1633984375; 28.755859375
2026-06-29; 08:51:42; 2154; 1036; 39.75; 1009.2169921875; 28.6435546875
2026-06-29; 08:52:42; 2166; 1067; 39.77; 1009.1833984375; 28.6328125
2026-06-29; 08:53:42; 2166; 1067; 39.8; 1009.2387109375; 28.658203125
2026-06-29; 08:54:42; 2160; 1045; 39.81; 1009.1896484375; 28.658203125
2026-06-29; 08:55:42; 2160; 1045; 39.84; 1009.18765625; 28.6142578125
2026-06-29; 08:56:42; 2154; 1036; 39.79; 1009.2150390625; 28.7392578125
2026-06-29; 08:57:42; 2124; 972; 39.66; 1009.1680078125; 28.89453125
2026-06-29; 08:58:42; 2098; 920; 39.41; 1009.1932421875; 29.1474609375
2026-06-29; 08:59:42; 2070; 859; 39.33; 1009.2175390625; 29.341796875
2026-06-29; 09:00:42; 2001; 748; 39.0; 1009.1596875; 29.8232421875
2026-06-29; 09:01:42; 1961; 680; 38.78; 1009.190546875; 30.1123046875
2026-06-29; 09:02:42; 1951; 665; 38.73; 1009.1969140625; 30.2265625
2026-06-29; 09:03:42; 1937; 643; 38.8; 1009.2221875; 30.21875
2026-06-29; 09:04:42; 1905; 592; 38.72; 1009.2096875; 30.376953125
2026-06-29; 09:05:42; 1863; 535; 39.05; 1009.095703125; 30.025390625
2026-06-29; 09:06:42; 1849; 514; 39.13; 1009.108359375; 29.85546875
2026-06-29; 09:07:42; 1838; 499; 39.03; 1009.0641015625; 29.9189453125
2026-06-29; 09:08:42; 1843; 505; 39.25; 1009.1269921875; 29.546875
2026-06-29; 09:09:43; 1846; 509; 39.31; 1009.13625; 29.46875
2026-06-29; 09:10:43; 1867; 540; 39.45; 1009.12125; 29.291015625
2026-06-29; 09:11:43; 1879; 554; 39.69; 1009.14265625; 29.0009765625
2026-06-29; 09:12:43; 1879; 554; 39.83; 1009.1353125; 28.7763671875
2026-06-29; 09:13:43; 1874; 547; 40.13; 1009.1809375; 28.4091796875
2026-06-29; 09:14:43; 1879; 554; 40.23; 1009.1803515625; 28.47265625
2026-06-29; 09:15:43; 1863; 535; 40.31; 1009.163671875; 28.115234375
2026-06-29; 09:16:43; 1874; 547; 40.28; 1009.238515625; 28.04296875
2026-06-29; 09:17:43; 1882; 556; 40.4; 1009.11328125; 27.8984375
2026-06-29; 09:18:43; 1885; 564; 40.45; 1009.163828125; 27.912109375
2026-06-29; 09:19:43; 1910; 599; 40.34; 1009.247578125; 27.953125
2026-06-29; 09:20:43; 1913; 603; 40.25; 1009.1546484375; 28.0986328125
2026-06-29; 09:21:43; 1900; 586; 40.05; 1009.16890625; 28.345703125
2026-06-29; 09:22:43; 1867; 540; 39.85; 1009.2034375; 28.6025390625
2026-06-29; 09:23:43; 1879; 554; 39.88; 1009.128671875; 28.697265625
2026-06-29; 09:24:43; 1838; 499; 39.64; 1009.13640625; 29.0107421875
2026-06-29; 09:25:43; 1808; 458; 39.65; 1009.08703125; 28.98828125
2026-06-29; 09:26:43; 1801; 451; 39.44; 1009.0689453125; 29.3017578125
2026-06-29; 09:27:43; 1746; 386; 39.48; 1009.1117578125; 29.1181640625
2026-06-29; 09:28:43; 1712; 351; 39.45; 1009.0275; 29.232421875
2026-06-29; 09:29:43; 1691; 330; 39.28; 1009.0030078125; 29.4091796875
2026-06-29; 09:30:43; 1663; 301; 39.35; 1009.11390625; 29.30859375
2026-06-29; 09:31:43; 1656; 295; 39.24; 1009.046015625; 29.4755859375
2026-06-29; 09:32:43; 1644; 285; 39.28; 1009.0523046875; 29.3974609375
2026-06-29; 09:33:43; 1627; 269; 39.3; 1009.1125390625; 29.3515625
2026-06-29; 09:34:43; 1621; 265; 39.16; 1009.1847265625; 29.4716796875
2026-06-29; 09:35:43; 1618; 262; 39.1; 1009.1464453125; 29.548828125
2026-06-29; 09:36:43; 1621; 265; 39.19; 1009.11796875; 29.4140625
2026-06-29; 09:37:43; 1627; 269; 39.32; 1009.144140625; 29.2470703125
2026-06-29; 09:38:43; 1624; 267; 39.44; 1009.1626953125; 29.044921875
2026-06-29; 09:39:43; 1635; 277; 39.44; 1009.1548046875; 29.009765625
2026-06-29; 09:40:43; 1615; 260; 39.34; 1009.26984375; 29.0625
2026-06-29; 09:41:43; 1615; 260; 39.1; 1009.232265625; 29.419921875
2026-06-29; 09:42:43; 1618; 262; 39.08; 1009.151328125; 29.396484375
2026-06-29; 09:43:43; 1595; 242; 38.9; 1009.286953125; 29.6767578125
2026-06-29; 09:44:43; 1612; 257; 39.06; 1009.19765625; 29.34765625
2026-06-29; 09:45:43; 1615; 260; 39.23; 1009.230546875; 29.1484375
2026-06-29; 09:46:43; 1612; 257; 39.22; 1009.2433203125; 29.0888671875
2026-06-29; 09:47:43; 1595; 242; 39.05; 1009.304140625; 29.359375
2026-06-29; 09:48:43; 1592; 238; 39.14; 1009.324453125; 29.224609375
2026-06-29; 09:49:43; 1575; 226; 39.07; 1009.3358203125; 29.232421875
2026-06-29; 09:50:43; 1548; 206; 39.22; 1009.337109375; 28.9609375
2026-06-29; 09:51:43; 1536; 196; 39.26; 1009.3355078125; 28.9287109375
2026-06-29; 09:52:44; 1508; 177; 39.21; 1009.3705859375; 28.8896484375
2026-06-29; 09:53:44; 1499; 171; 39.18; 1009.3880078125; 29.017578125
2026-06-29; 09:54:44; 1453; 160; 39.34; 1009.3843359375; 28.79296875
2026-06-29; 09:55:44; 1389; 150; 39.19; 1009.346875; 28.818359375
2026-06-29; 09:56:44; 1338; 142; 39.31; 1009.30796875; 28.638671875
2026-06-29; 09:57:44; 1266; 131; 39.45; 1009.293046875; 28.5302734375
2026-06-29; 09:58:44; 1277; 133; 39.61; 1009.338828125; 28.388671875
2026-06-29; 09:59:44; 1324; 140; 39.73; 1009.291796875; 28.1142578125
2026-06-29; 10:00:44; 1277; 133; 39.82; 1009.2419921875; 27.9208984375
2026-06-29; 10:01:44; 1238; 127; 39.76; 1009.2328125; 27.953125
2026-06-29; 10:02:44; 1266; 131; 40.0; 1009.2819921875; 27.685546875
2026-06-29; 10:03:44; 1238; 127; 39.87; 1009.1412109375; 27.677734375
2026-06-29; 10:04:44; 1163; 116; 40.04; 1009.1530859375; 27.4306640625
2026-06-29; 10:05:44; 1144; 113; 39.95; 1009.2108984375; 27.51953125
2026-06-29; 10:06:44; 1093; 105; 39.97; 1009.127890625; 27.5087890625
2026-06-29; 10:07:44; 1068; 101; 39.94; 1009.1375; 27.5771484375
2026-06-29; 10:08:44; 1102; 106; 39.9; 1009.18890625; 27.57421875
2026-06-29; 10:09:44; 1090; 105; 39.84; 1009.179765625; 27.6533203125
2026-06-29; 10:10:44; 1068; 101; 39.82; 1009.1847265625; 27.6640625
2026-06-29; 10:11:44; 1093; 105; 40.03; 1009.2232421875; 27.2431640625
2026-06-29; 10:12:44; 1077; 103; 39.89; 1009.266953125; 27.41015625
2026-06-29; 10:13:44; 1068; 101; 39.96; 1009.3047265625; 27.33203125
2026-06-29; 10:14:44; 1090; 105; 39.97; 1009.2424609375; 27.3095703125
2026-06-29; 10:15:44; 1041; 97; 39.93; 1009.2728515625; 27.3193359375
2026-06-29; 10:16:44; 1050; 99; 40.11; 1009.2847265625; 27.0947265625
2026-06-29; 10:17:44; 959; 85; 40.27; 1009.30875; 26.8818359375
2026-06-29; 10:18:44; 975; 87; 40.26; 1009.264296875; 26.9521484375
2026-06-29; 10:19:44; 925; 79; 40.35; 1009.3207421875; 26.828125
2026-06-29; 10:20:44; 925; 79; 40.35; 1009.37015625; 26.8046875
2026-06-29; 10:21:44; 902; 76; 40.58; 1009.2760546875; 26.3720703125
2026-06-29; 10:22:44; 848; 68; 40.59; 1009.2344921875; 26.4423828125
2026-06-29; 10:23:44; 889; 74; 40.5; 1009.2276171875; 26.484375
2026-06-29; 10:24:44; 832; 65; 40.45; 1009.221171875; 26.5048828125
2026-06-29; 10:25:44; 865; 70; 40.56; 1009.3223046875; 26.4521484375
2026-06-29; 10:26:44; 956; 84; 40.61; 1009.2581640625; 26.361328125
2026-06-29; 10:27:44; 967; 86; 40.67; 1009.2384375; 26.283203125
2026-06-29; 10:28:44; 925; 79; 40.59; 1009.119765625; 26.501953125
2026-06-29; 10:29:44; 889; 74; 40.9; 1009.2009765625; 26.1083984375
2026-06-29; 10:30:44; 925; 79; 40.71; 1009.22375; 26.3203125
2026-06-29; 10:31:44; 935; 81; 40.62; 1009.19578125; 26.4794921875
2026-06-29; 10:32:44; 949; 83; 40.76; 1009.18; 26.3115234375
2026-06-29; 10:33:44; 920; 79; 40.9; 1009.17234375; 26.2138671875
2026-06-29; 10:34:45; 891; 74; 40.83; 1009.168125; 26.2685546875
2026-06-29; 10:35:45; 930; 80; 41.18; 1009.205859375; 25.841796875
2026-06-29; 10:36:45; 967; 86; 41.24; 1009.120390625; 25.57421875
2026-06-29; 10:37:45; 1050; 99; 41.4; 1009.2225; 25.3955078125
2026-06-29; 10:38:45; 1029; 95; 41.64; 1009.2205859375; 25.1494140625
2026-06-29; 10:39:45; 1029; 95; 41.98; 1009.290703125; 24.685546875
2026-06-29; 10:40:45; 1090; 105; 42.29; 1009.321015625; 24.513671875
2026-06-29; 10:41:45; 1093; 105; 42.98; 1009.25765625; 23.62890625
2026-06-29; 10:42:45; 1090; 105; 43.22; 1009.28296875; 23.380859375
2026-06-29; 10:43:45; 1077; 103; 43.89; 1009.258671875; 22.5634765625
2026-06-29; 10:44:45; 1041; 97; 44.26; 1009.2785546875; 22.1904296875
2026-06-29; 10:45:45; 997; 90; 44.48; 1009.2871484375; 21.904296875
2026-06-29; 10:46:45; 975; 87; 44.44; 1009.310546875; 21.9150390625
2026-06-29; 10:47:45; 981; 88; 44.44; 1009.310546875; 21.84375
2026-06-29; 10:48:45; 1065; 101; 44.27; 1009.3312890625; 21.9775390625
2026-06-29; 10:49:45; 1068; 101; 44.83; 1009.3534375; 21.3271484375
2026-06-29; 10:50:45; 1110; 108; 45.23; 1009.4268359375; 20.978515625
2026-06-29; 10:51:45; 1171; 117; 44.86; 1009.400546875; 21.3408203125
2026-06-29; 10:52:45; 1345; 143; 45.03; 1009.4377734375; 21.1357421875
2026-06-29; 10:53:45; 1487; 165; 45.68; 1009.4262890625; 20.4990234375
2026-06-29; 10:54:45; 1474; 163; 45.68; 1009.4630859375; 20.546875
2026-06-29; 10:55:45; 1462; 161; 45.65; 1009.4081640625; 20.65234375
2026-06-29; 10:56:45; 1338; 142; 45.26; 1009.5109765625; 20.896484375
2026-06-29; 10:57:45; 1352; 145; 45.43; 1009.4452734375; 20.76171875
2026-06-29; 10:58:45; 1420; 155; 45.81; 1009.55234375; 20.375
2026-06-29; 10:59:45; 1462; 161; 46.55; 1009.5571484375; 19.751953125
2026-06-29; 11:00:45; 1500; 172; 46.82; 1009.5394140625; 19.4052734375
2026-06-29; 11:01:45; 1539; 198; 47.26; 1009.578203125; 19.11328125
2026-06-29; 11:02:45; 1563; 217; 47.25; 1009.599375; 18.9580078125
2026-06-29; 11:03:45; 1598; 244; 47.67; 1009.6716015625; 18.6171875
2026-06-29; 11:04:45; 1638; 280; 47.69; 1009.5869140625; 18.6298828125
2026-06-29; 11:05:45; 1659; 297; 47.85; 1009.5983984375; 18.45703125
2026-06-29; 11:06:45; 1644; 285; 48.11; 1009.5634765625; 18.2998046875
2026-06-29; 11:07:45; 1615; 260; 47.78; 1009.517578125; 18.3701171875
2026-06-29; 11:08:45; 1583; 231; 46.41; 1009.4604296875; 19.5791015625
2026-06-29; 11:09:45; 1560; 215; 46.08; 1009.5065234375; 20.0537109375
2026-06-29; 11:10:45; 1531; 193; 46.41; 1009.539375; 19.78125
2026-06-29; 11:11:45; 1569; 221; 47.31; 1009.569921875; 19.0322265625
2026-06-29; 11:12:45; 1581; 229; 47.79; 1009.620234375; 18.5498046875
2026-06-29; 11:13:45; 1566; 219; 47.95; 1009.515625; 18.376953125
2026-06-29; 11:14:45; 1590; 236; 48.37; 1009.557578125; 17.986328125
2026-06-29; 11:15:45; 1587; 234; 48.38; 1009.573203125; 17.9755859375
2026-06-29; 11:16:45; 1618; 262; 48.75; 1009.594375; 17.5107421875
2026-06-29; 11:17:46; 1615; 260; 48.88; 1009.6160546875; 17.3720703125
2026-06-29; 11:18:46; 1635; 277; 48.95; 1009.551484375; 17.326171875
2026-06-29; 11:19:46; 1635; 277; 48.92; 1009.6205078125; 17.2412109375
2026-06-29; 11:20:46; 1621; 265; 48.95; 1009.6889453125; 17.2900390625
2026-06-29; 11:21:46; 1606; 249; 49.01; 1009.6165234375; 17.31640625
2026-06-29; 11:22:46; 1612; 257; 49.28; 1009.704296875; 17.1103515625
2026-06-29; 11:23:46; 1650; 289; 49.1; 1009.691796875; 17.17578125
2026-06-29; 11:24:46; 1669; 308; 49.39; 1009.586328125; 16.9345703125
2026-06-29; 11:25:46; 1676; 314; 50.33; 1009.659921875; 16.115234375
2026-06-29; 11:26:46; 1685; 323; 50.81; 1009.6462109375; 15.662109375
2026-06-29; 11:27:46; 1667; 305; 50.85; 1009.671640625; 15.6396484375
2026-06-29; 11:28:46; 1673; 312; 51.15; 1009.6748046875; 15.3369140625
2026-06-29; 11:29:46; 1663; 301; 51.47; 1009.663671875; 15.0458984375
2026-06-29; 11:30:46; 1644; 285; 51.54; 1009.5609765625; 14.939453125
2026-06-29; 11:31:46; 1632; 275; 51.72; 1009.667265625; 14.7880859375
2026-06-29; 11:32:46; 1603; 248; 51.66; 1009.5734765625; 14.798828125
2026-06-29; 11:33:46; 1592; 238; 51.69; 1009.5699609375; 14.775390625
2026-06-29; 11:34:46; 1560; 215; 51.37; 1009.5150390625; 14.994140625
2026-06-29; 11:35:46; 1533; 194; 51.64; 1009.6298828125; 14.75
2026-06-29; 11:36:46; 1516; 182; 51.58; 1009.594453125; 14.7724609375
2026-06-29; 11:37:46; 1508; 177; 51.72; 1009.5719140625; 14.66796875
2026-06-29; 11:38:46; 1503; 174; 51.75; 1009.62640625; 14.6328125
2026-06-29; 11:39:46; 1400; 152; 50.97; 1009.5309765625; 15.173828125
2026-06-29; 11:40:46; 1207; 122; 49.15; 1009.529921875; 16.578125
2026-06-29; 11:41:46; 1012; 93; 47.83; 1009.5087890625; 17.6796875
2026-06-29; 11:42:46; 905; 76; 48.19; 1009.660234375; 17.4658203125
2026-06-29; 11:43:46; 870; 71; 49.41; 1009.7048046875; 16.3837890625
2026-06-29; 11:44:46; 902; 76; 50.55; 1009.61796875; 15.509765625
2026-06-29; 11:45:46; 905; 76; 50.67; 1009.68921875; 15.3447265625
2026-06-29; 11:46:46; 920; 79; 51.01; 1009.6888671875; 15.1396484375
2026-06-29; 11:47:46; 975; 87; 51.37; 1009.6530859375; 14.8740234375
2026-06-29; 11:48:46; 1029; 95; 51.14; 1009.6300390625; 15.03515625
2026-06-29; 11:49:46; 975; 87; 49.63; 1009.539609375; 16.1396484375
2026-06-29; 11:50:46; 920; 79; 48.42; 1009.5701953125; 17.1630859375
2026-06-29; 11:51:46; 853; 69; 47.47; 1009.676171875; 18.0
2026-06-29; 11:52:46; 813; 62; 46.82; 1009.59734375; 18.642578125
2026-06-29; 11:53:46; 774; 56; 46.38; 1009.5499609375; 19.0537109375
2026-06-29; 11:54:46; 765; 55; 46.11; 1009.5460546875; 19.31640625
2026-06-29; 11:55:46; 757; 54; 46.91; 1009.6153515625; 18.5986328125
2026-06-29; 11:56:46; 774; 56; 48.55; 1009.7082421875; 17.107421875
2026-06-29; 11:57:46; 778; 57; 49.87; 1009.65375; 16.0517578125
2026-06-29; 11:58:46; 774; 56; 49.54; 1009.6467578125; 16.1962890625
2026-06-29; 11:59:46; 757; 54; 49.5; 1009.634609375; 16.20703125
2026-06-29; 12:00:47; 740; 51; 49.55; 1009.63359375; 16.208984375
2026-06-29; 12:01:47; 749; 53; 49.49; 1009.6190234375; 16.2666015625
2026-06-29; 12:02:47; 770; 56; 49.99; 1009.7252734375; 15.83984375
2026-06-29; 12:03:47; 787; 58; 50.01; 1009.69046875; 15.828125
2026-06-29; 12:04:47; 787; 58; 50.09; 1009.736484375; 15.806640625
2026-06-29; 12:05:47; 793; 59; 49.83; 1009.765859375; 15.9423828125
2026-06-29; 12:06:47; 765; 55; 49.75; 1009.76453125; 16.0234375
2026-06-29; 12:07:47; 749; 53; 49.78; 1009.7456640625; 15.96484375
2026-06-29; 12:08:47; 683; 43; 49.27; 1009.696484375; 16.3916015625
2026-06-29; 12:09:47; 641; 36; 48.35; 1009.7797265625; 17.1484375
2026-06-29; 12:10:47; 615; 32; 47.54; 1009.7570703125; 17.8359375
2026-06-29; 12:11:47; 581; 27; 46.96; 1009.72296875; 18.3857421875
2026-06-29; 12:12:47; 534; 20; 46.32; 1009.78171875; 18.9677734375
2026-06-29; 12:13:47; 501; 15; 45.94; 1009.8069140625; 19.345703125
2026-06-29; 12:14:47; 462; 9; 45.71; 1009.73359375; 19.62109375
2026-06-29; 12:15:47; 434; 5; 45.33; 1009.8366015625; 19.97265625
2026-06-29; 12:16:47; 400; 0; 45.18; 1009.781640625; 20.09765625
2026-06-29; 12:17:47; 403; 0; 44.91; 1009.768125; 20.359375
2026-06-29; 12:18:47; 402; 0; 44.9; 1009.789140625; 20.3583984375
2026-06-29; 12:19:47; 401; 0; 44.77; 1009.7784765625; 20.5302734375
2026-06-29; 12:20:47; 402; 0; 44.69; 1009.77578125; 20.6220703125
2026-06-29; 12:21:47; 406; 0; 44.43; 1009.7853515625; 20.8720703125
2026-06-29; 12:22:47; 403; 0; 44.42; 1009.8273046875; 20.89453125
2026-06-29; 12:23:47; 401; 0; 44.43; 1009.83515625; 20.87109375
2026-06-29; 12:24:47; 405; 0; 44.29; 1009.8530859375; 20.9833984375
2026-06-29; 12:25:47; 401; 0; 44.17; 1009.8368359375; 21.16796875
2026-06-29; 12:26:47; 401; 0; 44.04; 1009.87; 21.2802734375
2026-06-29; 12:27:47; 405; 0; 44.03; 1009.9329296875; 21.3271484375
2026-06-29; 12:28:47; 405; 0; 43.98; 1009.8330078125; 21.3603515625
2026-06-29; 12:29:47; 410; 1; 44.04; 1009.9774609375; 21.2802734375
2026-06-29; 12:30:47; 414; 2; 43.98; 1009.8827734375; 21.3837890625
2026-06-29; 12:31:47; 420; 3; 43.92; 1010.005625; 21.4052734375
2026-06-29; 12:32:47; 420; 3; 43.87; 1009.984609375; 21.4736328125
2026-06-29; 12:33:47; 410; 1; 43.83; 1009.9423046875; 21.5078125
2026-06-29; 12:34:47; 402; 0; 43.69; 1009.95953125; 21.630859375
2026-06-29; 12:35:47; 400; 0; 43.62; 1009.9145703125; 21.734375
2026-06-29; 12:36:47; 402; 0; 43.54; 1009.895703125; 21.8017578125
2026-06-29; 12:37:47; 400; 0; 43.47; 1009.821953125; 21.880859375
2026-06-29; 12:38:47; 401; 0; 43.43; 1009.9026953125; 21.9267578125
2026-06-29; 12:39:47; 400; 0; 43.36; 1009.8573828125; 22.005859375
2026-06-29; 12:40:47; 401; 0; 43.28; 1009.8960546875; 22.0849609375
2026-06-29; 12:41:47; 401; 0; 43.22; 1009.9243359375; 22.1533203125
2026-06-29; 12:42:47; 402; 0; 43.05; 1009.8366796875; 22.2978515625
2026-06-29; 12:43:48; 403; 0; 43.05; 1009.923046875; 22.2978515625
2026-06-29; 12:44:48; 405; 0; 42.97; 1009.911875; 22.412109375
2026-06-29; 12:45:48; 402; 0; 42.82; 1009.847109375; 22.58203125
2026-06-29; 12:46:48; 402; 0; 42.79; 1009.886171875; 22.5693359375
2026-06-29; 12:47:48; 405; 0; 42.75; 1009.88828125; 22.6494140625
2026-06-29; 12:48:48; 400; 0; 42.59; 1009.8944921875; 22.8310546875
2026-06-29; 12:49:48; 401; 0; 42.47; 1009.8562109375; 22.9541015625
2026-06-29; 12:50:48; 403; 0; 42.43; 1009.850703125; 23.01171875
2026-06-29; 12:51:48; 405; 0; 42.37; 1009.7845703125; 23.0908203125
2026-06-29; 12:52:48; 403; 0; 42.19; 1009.845; 23.2939453125
2026-06-29; 12:53:48; 403; 0; 42.19; 1009.81625; 23.318359375
2026-06-29; 12:54:48; 400; 0; 42.16; 1009.8839453125; 23.328125
2026-06-29; 12:55:48; 400; 0; 42.14; 1009.880546875; 23.3505859375
2026-06-29; 12:56:48; 401; 0; 42.14; 1009.88875; 23.3623046875
2026-06-29; 12:57:48; 402; 0; 42.12; 1009.8202734375; 23.384765625
2026-06-29; 12:58:48; 403; 0; 42.07; 1009.8065625; 23.40625
2026-06-29; 12:59:48; 400; 0; 42.1; 1009.84625; 23.3251953125
2026-06-29; 13:00:48; 400; 0; 42.05; 1009.8899609375; 23.287109375
2026-06-29; 13:01:48; 402; 0; 42.05; 1009.8899609375; 23.333984375
2026-06-29; 13:02:48; 406; 0; 42.01; 1009.8269140625; 23.4033203125
2026-06-29; 13:03:48; 401; 0; 41.94; 1009.859921875; 23.4697265625
2026-06-29; 13:04:48; 402; 0; 41.98; 1009.8655078125; 23.4599609375
2026-06-29; 13:05:48; 400; 0; 41.86; 1009.8559765625; 23.572265625
2026-06-29; 13:06:48; 400; 0; 41.84; 1009.853203125; 23.6181640625
2026-06-29; 13:07:48; 403; 0; 41.78; 1009.8810546875; 23.533203125
2026-06-29; 13:08:48; 400; 0; 41.68; 1009.923828125; 23.845703125
2026-06-29; 13:09:48; 402; 0; 41.76; 1009.79203125; 23.720703125
2026-06-29; 13:10:48; 405; 0; 41.77; 1009.8652734375; 23.7333984375
2026-06-29; 13:11:48; 416; 2; 41.74; 1009.810078125; 23.7666015625
2026-06-29; 13:12:48; 422; 3; 41.72; 1009.8641015625; 23.8125
2026-06-29; 13:13:48; 421; 3; 41.72; 1009.9215625; 23.8125
2026-06-29; 13:14:48; 433; 5; 41.69; 1009.8246875; 23.751953125
2026-06-29; 13:15:48; 438; 5; 41.8; 1009.8841796875; 23.6162109375
2026-06-29; 13:16:48; 423; 3; 41.77; 1009.9148828125; 23.5908203125
2026-06-29; 13:17:48; 408; 1; 41.78; 1009.8810546875; 23.6630859375
2026-06-29; 13:18:48; 408; 1; 41.77; 1009.8365234375; 23.615234375
2026-06-29; 13:19:48; 408; 1; 41.87; 1009.8433203125; 23.455078125
2026-06-29; 13:20:48; 402; 0; 41.76; 1009.7841796875; 23.5908203125
2026-06-29; 13:21:48; 408; 1; 41.76; 1009.7633203125; 23.5908203125
2026-06-29; 13:22:48; 408; 1; 41.7; 1009.803828125; 23.681640625
2026-06-29; 13:23:48; 413; 1; 41.72; 1009.81453125; 23.71875
2026-06-29; 13:24:48; 413; 1; 41.69; 1009.8246875; 23.751953125
2026-06-29; 13:25:48; 418; 2; 41.67; 1009.87140625; 23.7626953125
2026-06-29; 13:26:49; 413; 1; 41.71; 1009.848359375; 23.7060546875
2026-06-29; 13:27:49; 417; 2; 41.75; 1009.825859375; 23.6376953125
2026-06-29; 13:28:49; 418; 2; 41.76; 1009.9278125; 23.6259765625
2026-06-29; 13:29:49; 427; 4; 41.75; 1009.8912109375; 23.6259765625
2026-06-29; 13:30:49; 444; 6; 41.75; 1009.8912109375; 23.390625
2026-06-29; 13:31:49; 466; 10; 41.8; 1009.8554296875; 23.2041015625
2026-06-29; 13:32:49; 472; 10; 41.86; 1009.876796875; 23.0068359375
2026-06-29; 13:33:49; 482; 12; 41.92; 1009.8568359375; 22.7861328125
2026-06-29; 13:34:49; 501; 15; 41.94; 1009.859921875; 22.52734375
2026-06-29; 13:35:49; 518; 17; 41.9; 1009.7965625; 22.5146484375
2026-06-29; 13:36:49; 517; 17; 41.93; 1009.8230078125; 22.3623046875
2026-06-29; 13:37:49; 498; 14; 41.98; 1009.808046875; 22.2470703125
2026-06-29; 13:38:49; 497; 14; 42.04; 1009.8741796875; 22.0146484375
2026-06-29; 13:39:49; 497; 14; 41.96; 1009.8626953125; 22.1279296875
2026-06-29; 13:40:49; 496; 14; 41.95; 1009.846953125; 22.0927734375
2026-06-29; 13:41:49; 501; 15; 42.04; 1009.8741796875; 22.0615234375
2026-06-29; 13:42:49; 514; 17; 42.17; 1009.8997265625; 21.9609375
2026-06-29; 13:43:49; 536; 20; 42.23; 1009.793359375; 21.693359375
2026-06-29; 13:44:49; 537; 20; 42.41; 1009.897265625; 21.4296875
2026-06-29; 13:45:49; 548; 22; 42.49; 1009.8513671875; 21.2802734375
2026-06-29; 13:46:49; 561; 24; 42.56; 1009.826328125; 21.224609375
2026-06-29; 13:47:49; 572; 26; 42.66; 1009.824609375; 21.111328125
2026-06-29; 13:48:49; 567; 25; 42.69; 1009.8225; 21.0185546875
2026-06-29; 13:49:49; 596; 29; 42.77; 1009.8625390625; 21.009765625
2026-06-29; 13:50:49; 617; 33; 42.72; 1009.8619140625; 21.04296875
2026-06-29; 13:51:49; 645; 37; 42.77; 1009.825859375; 20.998046875
2026-06-29; 13:52:49; 674; 41; 42.79; 1009.8573828125; 20.916015625
2026-06-29; 13:53:49; 706; 46; 42.74; 1009.8725; 20.90234375
2026-06-29; 13:54:49; 735; 51; 42.78; 1009.8991796875; 20.8798828125
2026-06-29; 13:55:49; 778; 57; 42.72; 1009.8985546875; 20.9248046875
2026-06-29; 13:56:49; 834; 66; 42.7; 1009.9742578125; 20.876953125
2026-06-29; 13:57:49; 880; 73; 42.7; 1009.9455078125; 20.7939453125
2026-06-29; 13:58:49; 925; 79; 42.73; 1009.9064453125; 20.666015625
2026-06-29; 13:59:49; 970; 86; 42.7; 1009.9245703125; 20.6640625
2026-06-29; 14:00:49; 997; 90; 42.62; 1009.9130078125; 20.6728515625
2026-06-29; 14:01:49; 1032; 96; 42.55; 1009.9253515625; 20.658203125
2026-06-29; 14:02:49; 1044; 98; 42.51; 1009.89078125; 20.69140625
2026-06-29; 14:03:49; 1062; 100; 42.5; 1009.9037890625; 20.66796875
2026-06-29; 14:04:49; 1090; 105; 42.53; 1009.8569140625; 20.62109375
2026-06-29; 14:05:49; 1140; 112; 42.51; 1009.86203125; 20.6083984375
2026-06-29; 14:06:49; 1171; 117; 42.52; 1009.8411328125; 20.5263671875
2026-06-29; 14:07:49; 1224; 125; 42.51; 1009.825390625; 20.501953125
2026-06-29; 14:08:49; 1228; 126; 42.48; 1009.843203125; 20.4541015625
2026-06-29; 14:09:50; 1242; 128; 42.47; 1009.8849609375; 20.39453125
2026-06-29; 14:10:50; 1266; 131; 42.39; 1009.8944921875; 20.4619140625
2026-06-29; 14:11:50; 1270; 132; 42.43; 1009.8715625; 20.380859375
2026-06-29; 14:12:50; 1313; 139; 42.44; 1009.91609375; 20.4287109375
2026-06-29; 14:13:50; 1313; 139; 42.42; 1009.8558203125; 20.451171875
2026-06-29; 14:14:50; 1313; 139; 42.34; 1009.859921875; 20.5068359375
2026-06-29; 14:15:50; 1252; 129; 42.32; 1009.849296875; 20.4228515625
2026-06-29; 14:16:50; 1204; 122; 42.3; 1009.768125; 20.38671875
2026-06-29; 14:17:50; 1140; 112; 42.23; 1009.7725; 20.4423828125
2026-06-29; 14:18:50; 1110; 108; 42.16; 1009.7768359375; 20.4521484375
2026-06-29; 14:19:50; 1105; 107; 42.21; 1009.7615234375; 20.3828125
2026-06-29; 14:20:50; 1110; 108; 42.16; 1009.740234375; 20.392578125
2026-06-29; 14:21:50; 1128; 110; 42.14; 1009.6875; 20.439453125
2026-06-29; 14:22:50; 1131; 111; 42.19; 1009.709140625; 20.3349609375
2026-06-29; 14:23:50; 1105; 107; 42.21; 1009.6465234375; 20.34765625
2026-06-29; 14:24:50; 1077; 103; 42.21; 1009.7040234375; 20.359375
2026-06-29; 14:25:50; 1062; 100; 42.18; 1009.635859375; 20.4287109375
2026-06-29; 14:26:50; 977; 87; 42.24; 1009.6941015625; 20.3251953125
2026-06-29; 14:27:50; 935; 81; 42.17; 1009.7272265625; 20.369140625
2026-06-29; 14:28:50; 945; 83; 42.24; 1009.780390625; 20.3486328125
2026-06-29; 14:29:50; 920; 79; 42.18; 1009.722109375; 20.4404296875
2026-06-29; 14:30:50; 905; 76; 42.12; 1009.6765234375; 20.4853515625
2026-06-29; 14:31:50; 857; 69; 42.11; 1009.63203125; 20.4375
2026-06-29; 14:32:50; 802; 61; 42.07; 1009.5847265625; 20.376953125
2026-06-29; 14:33:50; 798; 60; 42.1; 1009.5379296875; 20.390625
2026-06-29; 14:34:50; 761; 54; 41.99; 1009.50765625; 20.4560546875
2026-06-29; 14:35:50; 749; 53; 42.02; 1009.497734375; 20.4453125
2026-06-29; 14:36:50; 757; 54; 42.06; 1009.56078125; 20.388671875
2026-06-29; 14:37:50; 759; 54; 41.97; 1009.512734375; 20.5146484375
2026-06-29; 14:38:50; 735; 51; 41.93; 1009.470234375; 20.5947265625
2026-06-29; 14:39:50; 726; 49; 41.91; 1009.5040625; 20.640625
2026-06-29; 14:40:50; 712; 47; 41.96; 1009.583203125; 20.5849609375
2026-06-29; 14:41:50; 690; 44; 42.02; 1009.505625; 20.4931640625
2026-06-29; 14:42:50; 657; 39; 41.98; 1009.442265625; 20.5380859375
2026-06-29; 14:43:50; 657; 39; 41.93; 1009.449375; 20.5947265625
2026-06-29; 14:44:50; 649; 37; 41.92; 1009.51984375; 20.6416015625
2026-06-29; 14:45:50; 638; 36; 41.92; 1009.4832421875; 20.6064453125
2026-06-29; 14:46:50; 629; 34; 41.88; 1009.4201953125; 20.6630859375
2026-06-29; 14:47:50; 629; 34; 41.88; 1009.485546875; 20.6630859375
2026-06-29; 14:48:50; 634; 35; 41.88; 1009.4776171875; 20.6748046875
2026-06-29; 14:49:50; 649; 37; 41.92; 1009.51984375; 20.6298828125
2026-06-29; 14:50:50; 649; 37; 41.77; 1009.4055859375; 20.7880859375
2026-06-29; 14:51:50; 631; 35; 41.79; 1009.4005078125; 20.75390625
2026-06-29; 14:52:51; 607; 31; 41.87; 1009.461875; 20.638671875
2026-06-29; 14:53:51; 584; 28; 41.95; 1009.415859375; 20.560546875
2026-06-29; 14:54:51; 589; 28; 41.88; 1009.399296875; 20.6396484375
2026-06-29; 14:55:51; 611; 32; 41.96; 1009.4682421875; 20.5849609375
2026-06-29; 14:56:51; 637; 36; 41.98; 1009.442265625; 20.5615234375
2026-06-29; 14:57:51; 657; 39; 41.93; 1009.5068359375; 20.6298828125
2026-06-29; 14:58:51; 688; 43; 42.01; 1009.4819921875; 20.5390625
2026-06-29; 14:59:51; 692; 44; 41.96; 1009.4107421875; 20.5849609375
2026-06-29; 15:00:51; 715; 47; 41.97; 1009.4473828125; 20.6083984375
2026-06-29; 15:01:51; 748; 53; 41.96; 1009.402890625; 20.572265625
2026-06-29; 15:02:51; 768; 56; 41.98; 1009.319453125; 20.5498046875
2026-06-29; 15:03:51; 778; 57; 42.01; 1009.3669921875; 20.50390625
2026-06-29; 15:04:51; 768; 56; 42.01; 1009.317421875; 20.4453125
2026-06-29; 15:05:51; 749; 53; 42.04; 1009.328046875; 20.4462890625
2026-06-29; 15:06:51; 728; 49; 42.02; 1009.2391015625; 20.36328125
2026-06-29; 15:07:51; 714; 47; 41.97; 1009.246171875; 20.466796875
2026-06-29; 15:08:51; 715; 47; 41.92; 1009.261171875; 20.51171875
2026-06-29; 15:09:51; 719; 48; 41.83; 1009.1973828125; 20.61328125
2026-06-29; 15:10:51; 715; 47; 41.82; 1009.2391015625; 20.6015625
2026-06-29; 15:11:51; 719; 48; 41.73; 1009.256328125; 20.7041015625
2026-06-29; 15:12:51; 715; 47; 41.7; 1009.2084375; 20.7265625
2026-06-29; 15:13:51; 728; 49; 41.47; 1009.2757421875; 20.939453125
2026-06-29; 15:14:51; 706; 46; 41.53; 1009.20625; 20.8369140625
2026-06-29; 15:15:51; 715; 47; 41.46; 1009.2025390625; 20.8798828125
2026-06-29; 15:16:51; 712; 47; 41.47; 1009.2183203125; 20.845703125
2026-06-29; 15:17:51; 726; 49; 41.47; 1009.226171875; 20.775390625
2026-06-29; 15:18:51; 715; 47; 41.5; 1009.265625; 20.693359375
2026-06-29; 15:19:51; 714; 47; 41.45; 1009.24390625; 20.73828125
2026-06-29; 15:20:51; 715; 47; 41.5; 1009.1586328125; 20.646484375
2026-06-29; 15:21:51; 742; 52; 41.47; 1009.1895703125; 20.7041015625
2026-06-29; 15:22:51; 776; 57; 41.42; 1009.2619140625; 20.8427734375
2026-06-29; 15:23:51; 840; 67; 41.43; 1009.2202734375; 20.90234375
2026-06-29; 15:24:51; 900; 76; 41.34; 1009.2503125; 21.00390625
2026-06-29; 15:25:51; 956; 84; 41.46; 1009.2599609375; 20.8798828125
2026-06-29; 15:26:51; 1014; 93; 41.37; 1009.2401953125; 20.9228515625
2026-06-29; 15:27:51; 1068; 101; 41.52; 1009.2191796875; 20.73046875
2026-06-29; 15:28:51; 1105; 107; 41.4; 1009.1729296875; 20.724609375
2026-06-29; 15:29:51; 1140; 112; 41.45; 1009.24390625; 20.7265625
2026-06-29; 15:30:51; 1191; 120; 41.46; 1009.1451171875; 20.64453125
2026-06-29; 15:31:51; 1195; 121; 41.44; 1009.1419921875; 20.5732421875
2026-06-29; 15:32:51; 1204; 122; 41.42; 1009.1966015625; 20.583984375
2026-06-29; 15:33:51; 1207; 122; 41.48; 1009.2053515625; 20.421875
2026-06-29; 15:34:52; 65535; 65535; 41.43; 1009.1915234375; 20.396484375
2026-06-29; 15:35:52; 1252; 129; 41.52; 1009.2109765625; 20.1640625
2026-06-29; 15:36:52; 1266; 131; 41.49; 1009.1715625; 20.19921875
2026-06-29; 15:37:52; 1310; 138; 41.52; 1009.2109765625; 20.2822265625
2026-06-29; 15:38:52; 1404; 152; 41.38; 1009.16984375; 20.51171875
2026-06-29; 15:39:52; 1478; 164; 41.4; 1009.1937890625; 20.44140625
2026-06-29; 15:40:52; 1504; 174; 41.35; 1009.1512109375; 20.369140625
2026-06-29; 15:41:52; 1511; 178; 41.34; 1009.164140625; 20.2275390625
2026-06-29; 15:42:52; 1525; 188; 41.4; 1009.1937890625; 20.041015625
2026-06-29; 15:43:52; 1536; 196; 41.31; 1009.0878515625; 20.0849609375
2026-06-29; 15:44:52; 1532; 193; 41.36; 1009.1095703125; 19.9453125
2026-06-29; 15:45:52; 1535; 196; 41.4; 1009.086796875; 19.970703125
2026-06-29; 15:46:52; 1542; 200; 41.42; 1009.118359375; 19.9716796875
2026-06-29; 15:47:52; 1540; 199; 41.37; 1009.031328125; 20.00390625
2026-06-29; 15:48:52; 1542; 200; 41.18; 1009.0336328125; 20.1494140625
2026-06-29; 15:49:52; 1546; 204; 41.3; 1009.043046875; 19.966796875
2026-06-29; 15:50:52; 1550; 207; 41.32; 1009.0465234375; 19.9912109375
2026-06-29; 15:51:52; 1550; 207; 41.39; 1009.0631640625; 19.9111328125
2026-06-29; 15:52:52; 1566; 219; 41.35; 1009.0571875; 20.0625
2026-06-29; 15:53:52; 1595; 242; 41.34; 1009.0414453125; 20.109375
2026-06-29; 15:54:52; 1611; 256; 41.37; 1009.03921875; 19.9697265625
2026-06-29; 15:55:52; 1620; 264; 41.38; 1009.0470703125; 19.9697265625
2026-06-29; 15:56:52; 1611; 256; 41.36; 1008.9868359375; 19.95703125
2026-06-29; 15:57:52; 1606; 249; 41.4; 1009.0580859375; 19.923828125
2026-06-29; 15:58:52; 1614; 258; 41.43; 1009.0766796875; 19.9482421875
2026-06-29; 15:59:52; 1650; 289; 41.4; 1009.029375; 19.994140625
2026-06-29; 16:00:52; 1678; 318; 41.38; 1009.10453125; 20.0283203125
2026-06-29; 16:01:52; 1669; 308; 41.42; 1009.118359375; 19.9013671875
2026-06-29; 16:02:52; 1657; 296; 41.47; 1009.1400390625; 19.7978515625
2026-06-29; 16:03:52; 1650; 289; 41.42; 1009.1966015625; 19.853515625
2026-06-29; 16:04:52; 1648; 288; 41.42; 1009.1470703125; 19.9951171875
2026-06-29; 16:05:52; 1632; 275; 41.44; 1009.207265625; 20.1259765625
2026-06-29; 16:06:52; 1614; 258; 41.4; 1009.14421875; 20.21875
2026-06-29; 16:07:52; 1620; 264; 41.51; 1009.2030859375; 20.2939453125
2026-06-29; 16:08:52; 1628; 271; 41.52; 1009.1535546875; 20.03515625
2026-06-29; 16:09:52; 1650; 289; 41.59; 1009.178046875; 19.931640625
2026-06-29; 16:10:52; 1663; 301; 41.56; 1009.13078125; 19.9658203125
2026-06-29; 16:11:52; 1665; 304; 41.57; 1009.1673828125; 19.9541015625
2026-06-29; 16:12:52; 1685; 323; 41.65; 1009.0926953125; 19.9111328125
2026-06-29; 16:13:52; 1700; 338; 41.51; 1009.1456640625; 20.03515625
2026-06-29; 16:14:52; 1733; 370; 41.52; 1009.0673828125; 20.046875
2026-06-29; 16:15:52; 1762; 405; 41.59; 1009.091875; 19.9912109375
2026-06-29; 16:16:52; 1792; 441; 41.66; 1008.99359375; 19.9462890625
2026-06-29; 16:17:53; 1815; 469; 41.66; 1008.96484375; 19.9814453125
2026-06-29; 16:18:53; 1839; 501; 41.7; 1009.0281640625; 19.9951171875
2026-06-29; 16:19:53; 1839; 501; 41.73; 1009.055234375; 20.0087890625
2026-06-29; 16:20:53; 1844; 507; 41.66; 1009.116640625; 20.1240234375
2026-06-29; 16:21:53; 1860; 529; 41.67; 1009.038359375; 20.1123046875
2026-06-29; 16:22:53; 1862; 532; 41.78; 1009.1052734375; 20.09375
2026-06-29; 16:23:53; 1851; 516; 41.78; 1009.0478515625; 20.1640625
2026-06-29; 16:24:53; 1827; 483; 41.88; 1009.0466015625; 20.09765625
2026-06-29; 16:25:53; 1803; 452; 41.78; 1009.0478515625; 20.1875
2026-06-29; 16:26:53; 1769; 413; 41.83; 1009.0616015625; 20.154296875
2026-06-29; 16:27:53; 1733; 370; 41.77; 1009.14703125; 20.19921875
2026-06-29; 16:28:53; 1741; 381; 41.83; 1009.0328515625; 20.154296875
2026-06-29; 16:29:53; 1748; 389; 41.8; 1009.0796484375; 20.1884765625
2026-06-29; 16:30:53; 1769; 413; 41.82; 1009.0666796875; 20.201171875
2026-06-29; 16:31:53; 1775; 422; 41.79; 1009.1498046875; 20.2470703125
2026-06-29; 16:32:53; 1806; 457; 41.76; 1009.152109375; 20.28125
2026-06-29; 16:33:53; 1822; 477; 41.78; 1009.1261328125; 20.28125
2026-06-29; 16:34:53; 1815; 469; 41.74; 1009.1284375; 20.2568359375
2026-06-29; 16:35:53; 1806; 457; 41.68; 1009.1402734375; 20.3125
2026-06-29; 16:36:53; 1774; 421; 41.61; 1009.008828125; 20.380859375
2026-06-29; 16:37:53; 1748; 389; 41.61; 1009.087109375; 20.4033203125
2026-06-29; 16:38:53; 1731; 369; 41.59; 1008.9978125; 20.4267578125
2026-06-29; 16:39:53; 1723; 360; 41.6; 1009.07921875; 20.4267578125
2026-06-29; 16:40:53; 1725; 363; 41.6; 1008.927734375; 20.4267578125
2026-06-29; 16:41:53; 1738; 374; 41.6; 1008.927734375; 20.462890625
2026-06-29; 16:42:53; 1741; 381; 41.55; 1009.0001171875; 20.51953125
2026-06-29; 16:43:53; 1761; 404; 41.58; 1009.0394921875; 20.5087890625
2026-06-29; 16:44:53; 1741; 381; 41.61; 1008.980078125; 20.439453125
2026-06-29; 16:45:53; 1731; 369; 41.55; 1009.0001171875; 20.4716796875
2026-06-29; 16:46:53; 1709; 348; 41.52; 1008.9237890625; 20.435546875
2026-06-29; 16:47:53; 1695; 333; 41.43; 1008.904375; 20.490234375
2026-06-29; 16:48:53; 1667; 305; 41.46; 1008.9728125; 20.4912109375
2026-06-29; 16:49:53; 1652; 292; 41.4; 1008.9719140625; 20.5009765625
2026-06-29; 16:50:53; 1632; 275; 41.46; 1008.89453125; 20.4326171875
2026-06-29; 16:51:53; 1623; 265; 41.52; 1008.98125; 20.3642578125
2026-06-29; 16:52:53; 1615; 260; 41.52; 1008.895078125; 20.482421875
2026-06-29; 16:53:53; 1638; 280; 41.41; 1008.8728515625; 20.630859375
2026-06-29; 16:54:53; 1669; 308; 41.42; 1008.8807421875; 20.630859375
2026-06-29; 16:55:53; 1689; 327; 41.44; 1008.8835546875; 20.6201171875
2026-06-29; 16:56:53; 1707; 346; 41.49; 1008.9051953125; 20.5869140625
2026-06-29; 16:57:53; 1728; 365; 41.41; 1008.8649609375; 20.666015625
2026-06-29; 16:58:53; 1749; 390; 41.42; 1008.909453125; 20.689453125
2026-06-29; 16:59:53; 1792; 441; 41.36; 1008.90859375; 20.74609375
2026-06-29; 17:00:54; 1815; 469; 41.44; 1008.8835546875; 20.6669921875
2026-06-29; 17:01:54; 1849; 514; 41.41; 1008.8649609375; 20.724609375
2026-06-29; 17:02:54; 1860; 529; 41.44; 1008.912265625; 20.6787109375
2026-06-29; 17:03:54; 1857; 526; 41.45; 1008.8497265625; 20.609375
2026-06-29; 17:04:54; 1849; 514; 41.52; 1008.751484375; 20.564453125
2026-06-29; 17:05:54; 1851; 516; 41.46; 1008.7509765625; 20.59765625
2026-06-29; 17:06:54; 1860; 529; 41.44; 1008.8548046875; 20.6552734375
2026-06-29; 17:07:54; 1875; 548; 41.49; 1008.8844140625; 20.611328125
2026-06-29; 17:08:54; 1894; 576; 41.55; 1008.8277734375; 20.578125
2026-06-29; 17:09:54; 1920; 617; 41.55; 1008.7703125; 20.58984375
2026-06-29; 17:10:54; 1922; 619; 41.53; 1008.8616015625; 20.6005859375
2026-06-29; 17:11:54; 1946; 657; 41.6; 1008.7919921875; 20.533203125
2026-06-29; 17:12:54; 1946; 657; 41.57; 1008.8018359375; 20.5673828125
2026-06-29; 17:13:54; 1964; 685; 41.49; 1008.761640625; 20.6572265625
2026-06-29; 17:14:54; 1982; 716; 41.52; 1008.8170703125; 20.6240234375
2026-06-29; 17:15:54; 1994; 736; 41.45; 1008.7844140625; 20.71484375
2026-06-29; 17:16:54; 2014; 771; 41.4; 1008.7709375; 20.771484375
2026-06-29; 17:17:54; 2020; 784; 41.49; 1008.76953125; 20.716796875
2026-06-29; 17:18:54; 2024; 791; 41.43; 1008.703359375; 20.7255859375
2026-06-29; 17:19:54; 2033; 806; 41.5; 1008.7199609375; 20.716796875
2026-06-29; 17:20:54; 2050; 825; 41.53; 1008.7466796875; 20.671875
2026-06-29; 17:21:54; 2054; 833; 41.49; 1008.7408203125; 20.705078125
2026-06-29; 17:22:54; 2068; 857; 41.51; 1008.74359375; 20.6826171875
2026-06-29; 17:23:54; 2074; 870; 41.48; 1008.7824609375; 20.740234375
2026-06-29; 17:24:54; 2074; 870; 41.48; 1008.80328125; 20.763671875
2026-06-29; 17:25:54; 2078; 878; 41.48; 1008.7824609375; 20.763671875
2026-06-29; 17:26:54; 2074; 870; 41.39; 1008.804765625; 20.853515625
2026-06-29; 17:27:54; 2050; 825; 41.41; 1008.8154296875; 20.818359375
2026-06-29; 17:28:54; 2017; 776; 41.46; 1008.82921875; 20.8212890625
2026-06-29; 17:29:54; 2020; 784; 41.42; 1008.82328125; 20.8427734375
2026-06-29; 17:30:54; 1999; 746; 41.32; 1008.7594140625; 20.9443359375
2026-06-29; 17:31:54; 1975; 703; 41.31; 1008.792578125; 20.966796875
2026-06-29; 17:32:54; 1957; 674; 41.23; 1008.7888671875; 21.0458984375
2026-06-29; 17:33:54; 1939; 647; 41.33; 1008.8246875; 20.9677734375
2026-06-29; 17:34:54; 1933; 634; 41.34; 1008.7622265625; 20.96875
2026-06-29; 17:35:54; 1946; 657; 41.31; 1008.7064453125; 20.9912109375
2026-06-29; 17:36:54; 1964; 685; 41.25; 1008.705859375; 21.05859375
2026-06-29; 17:37:54; 1978; 709; 41.36; 1008.7284375; 21.0048828125
2026-06-29; 17:38:54; 1982; 716; 41.3; 1008.6985546875; 21.0615234375
2026-06-29; 17:39:54; 1998; 742; 41.21; 1008.7078125; 21.1396484375
2026-06-29; 17:40:54; 1985; 720; 41.24; 1008.689765625; 21.15234375
2026-06-29; 17:41:54; 1957; 674; 41.2; 1008.778125; 21.2099609375
2026-06-29; 17:42:54; 1939; 647; 41.16; 1008.678203125; 21.2431640625
2026-06-29; 17:43:55; 1948; 659; 41.16; 1008.714765625; 21.2431640625
2026-06-29; 17:44:55; 1946; 657; 41.14; 1008.6258203125; 21.2890625
2026-06-29; 17:45:55; 1906; 594; 41.05; 1008.705390625; 21.390625
2026-06-29; 17:46:55; 1880; 555; 41.07; 1008.622109375; 21.3798828125
2026-06-29; 17:47:55; 1862; 532; 41.16; 1008.5999609375; 21.2783203125
2026-06-29; 17:48:55; 1860; 529; 41.1; 1008.5833203125; 21.3701171875
2026-06-29; 17:49:55; 1865; 536; 41.16; 1008.592109375; 21.3134765625
2026-06-29; 17:50:55; 1877; 550; 41.13; 1008.573515625; 21.32421875
2026-06-29; 17:51:55; 1844; 507; 41.08; 1008.58046875; 21.380859375
2026-06-29; 17:52:55; 1814; 468; 41.1; 1008.6119921875; 21.3583984375
2026-06-29; 17:53:55; 1806; 457; 41.04; 1008.6605859375; 21.44921875
2026-06-29; 17:54:55; 1801; 451; 40.98; 1008.6312890625; 21.5048828125
2026-06-29; 17:55:55; 1801; 451; 40.93; 1008.64609375; 21.55078125
2026-06-29; 17:56:55; 1784; 432; 40.95; 1008.7271484375; 21.52734375
2026-06-29; 17:57:55; 1761; 404; 40.97; 1008.68078125; 21.4580078125
2026-06-29; 17:58:55; 1738; 374; 40.93; 1008.7321875; 21.4326171875
2026-06-29; 17:59:55; 1717; 355; 40.92; 1008.687734375; 21.4794921875
2026-06-29; 18:00:55; 1709; 348; 40.94; 1008.653984375; 21.4921875
2026-06-29; 18:01:55; 1683; 322; 40.94; 1008.7400390625; 21.50390625
2026-06-29; 18:02:55; 1687; 326; 40.92; 1008.708515625; 21.5732421875
2026-06-29; 18:03:55; 1712; 351; 40.94; 1008.653984375; 21.5625
2026-06-29; 18:04:55; 1738; 374; 40.9; 1008.655859375; 21.642578125
2026-06-29; 18:05:55; 1744; 385; 40.91; 1008.549296875; 21.6435546875
2026-06-29; 18:06:55; 1762; 405; 40.99; 1008.62625; 21.541015625
2026-06-29; 18:07:55; 1762; 405; 40.81; 1008.656796875; 21.697265625
2026-06-29; 18:08:55; 1772; 417; 40.83; 1008.6517578125; 21.6865234375
2026-06-29; 18:09:55; 1757; 400; 40.81; 1008.5707421875; 21.697265625
2026-06-29; 18:10:55; 1769; 413; 40.81; 1008.5915234375; 21.720703125
2026-06-29; 18:11:55; 1774; 421; 40.93; 1008.5808203125; 21.609375
2026-06-29; 18:12:55; 1782; 429; 40.9; 1008.655859375; 21.666015625
2026-06-29; 18:13:55; 1814; 468; 40.9; 1008.655859375; 21.7021484375
2026-06-29; 18:14:55; 1844; 507; 40.84; 1008.6469921875; 21.72265625
2026-06-29; 18:15:55; 1870; 543; 40.88; 1008.566640625; 21.724609375
2026-06-29; 18:16:55; 1897; 581; 40.87; 1008.6082421875; 21.7353515625
2026-06-29; 18:17:55; 1920; 617; 40.89; 1008.6608984375; 21.724609375
2026-06-29; 18:18:55; 1926; 625; 40.92; 1008.59375; 21.6904296875
2026-06-29; 18:19:55; 1946; 657; 40.94; 1008.57578125; 21.69140625
2026-06-29; 18:20:55; 1953; 667; 40.92; 1008.5442578125; 21.6787109375
2026-06-29; 18:21:55; 1975; 703; 40.92; 1008.5650390625; 21.6787109375
2026-06-29; 18:22:55; 1982; 716; 40.98; 1008.61046875; 21.646484375
2026-06-29; 18:23:55; 1998; 742; 40.97; 1008.566015625; 21.634765625
2026-06-29; 18:24:55; 2003; 753; 40.85; 1008.568828125; 21.78125
2026-06-29; 18:25:55; 2003; 753; 40.9; 1008.512421875; 21.7490234375
2026-06-29; 18:26:56; 2014; 771; 40.91; 1008.5284765625; 21.6669921875
2026-06-29; 18:27:56; 1998; 742; 40.94; 1008.5966015625; 21.59765625
2026-06-29; 18:28:56; 1953; 667; 40.9; 1008.512421875; 21.560546875
2026-06-29; 18:29:56; 1931; 633; 40.92; 1008.5076953125; 21.5849609375
2026-06-29; 18:30:56; 1900; 586; 40.91; 1008.4919140625; 21.6318359375
2026-06-29; 18:31:56; 1897; 581; 40.93; 1008.617421875; 21.64453125
2026-06-29; 18:32:56; 1877; 550; 40.83; 1008.5735546875; 21.7451171875
2026-06-29; 18:33:56; 1832; 490; 40.78; 1008.515546875; 21.8369140625
2026-06-29; 18:34:56; 1795; 444; 40.81; 1008.513359375; 21.802734375
2026-06-29; 18:35:56; 1762; 405; 40.73; 1008.566875; 21.8818359375
2026-06-29; 18:36:56; 1749; 390; 40.72; 1008.6005859375; 21.916015625
2026-06-29; 18:37:56; 1749; 390; 40.76; 1008.5697265625; 21.8828125
2026-06-29; 18:38:56; 1738; 374; 40.78; 1008.6015625; 21.8369140625
2026-06-29; 18:39:56; 1692; 331; 40.74; 1008.58265625; 21.90625
2026-06-29; 18:40:56; 1657; 296; 40.76; 1008.5697265625; 21.91796875
2026-06-29; 18:41:56; 1604; 249; 40.8; 1008.5470703125; 21.873046875
2026-06-29; 18:42:56; 1579; 228; 40.81; 1008.5628125; 21.884765625
2026-06-29; 18:43:56; 1544; 203; 40.7; 1008.5482421875; 21.974609375
2026-06-29; 18:44:56; 1513; 180; 40.64; 1008.588828125; 22.0654296875
2026-06-29; 18:45:56; 1420; 155; 40.72; 1008.6371484375; 21.9755859375
2026-06-29; 18:46:56; 1389; 150; 40.68; 1008.6598046875; 22.0322265625
2026-06-29; 18:47:56; 1393; 151; 40.59; 1008.56703125; 22.1220703125
2026-06-29; 18:48:56; 1330; 141; 40.58; 1008.5878125; 22.1572265625
2026-06-29; 18:49:56; 1372; 148; 40.59; 1008.538359375; 22.1337890625
2026-06-29; 18:50:56; 1266; 131; 40.61; 1008.6351171875; 22.099609375
2026-06-29; 18:51:56; 1252; 129; 40.58; 1008.616484375; 22.1455078125
2026-06-29; 18:52:56; 1207; 122; 40.54; 1008.6104296875; 22.1669921875
2026-06-29; 18:53:56; 1212; 123; 40.58; 1008.616484375; 22.1455078125
2026-06-29; 18:54:56; 1252; 129; 40.58; 1008.6373046875; 22.1328125
2026-06-29; 18:55:56; 1338; 142; 40.49; 1008.5807421875; 22.234375
2026-06-29; 18:56:56; 1338; 142; 40.4; 1008.5893359375; 22.3359375
2026-06-29; 18:57:56; 1310; 138; 40.45; 1008.5904296875; 22.232421875
2026-06-29; 18:58:56; 1266; 131; 40.5; 1008.6333203125; 22.2001953125
2026-06-29; 18:59:56; 1248; 129; 40.55; 1008.5688671875; 22.1435546875
2026-06-29; 19:00:56; 1212; 123; 40.52; 1008.5996875; 22.177734375
2026-06-29; 19:01:56; 1128; 110; 40.5; 1008.576015625; 22.1650390625
2026-06-29; 19:02:56; 1065; 101; 40.44; 1008.5954296875; 22.2197265625
2026-06-29; 19:03:56; 1062; 100; 40.46; 1008.5778125; 22.1865234375
2026-06-29; 19:04:56; 1053; 99; 40.47; 1008.643046875; 22.2685546875
2026-06-29; 19:05:56; 1128; 110; 40.44; 1008.6527734375; 22.302734375
2026-06-29; 19:06:56; 1191; 120; 40.4; 1008.6545703125; 22.3359375
2026-06-29; 19:07:56; 1191; 120; 40.38; 1008.7011328125; 22.3583984375
2026-06-29; 19:08:56; 1131; 111; 40.39; 1008.6308984375; 22.2998046875
2026-06-29; 19:09:57; 1102; 106; 40.45; 1008.73375; 22.2802734375
2026-06-29; 19:10:57; 1038; 97; 40.38; 1008.6230078125; 22.2998046875
2026-06-29; 19:11:57; 1001; 91; 40.4; 1008.7613671875; 22.32421875
2026-06-29; 19:12:57; 964; 85; 40.28; 1008.6366015625; 22.4482421875
2026-06-29; 19:13:57; 942; 82; 40.29; 1008.6526953125; 22.4482421875
2026-06-29; 19:14:57; 915; 78; 40.36; 1008.62015625; 22.380859375
2026-06-29; 19:15:57; 900; 76; 40.36; 1008.612265625; 22.380859375
2026-06-29; 19:16:57; 857; 69; 40.28; 1008.57140625; 22.482421875
2026-06-29; 19:17:57; 834; 66; 40.29; 1008.6240234375; 22.4599609375
2026-06-29; 19:18:57; 785; 58; 40.32; 1008.585390625; 22.4375
2026-06-29; 19:19:57; 733; 50; 40.34; 1008.58828125; 22.4970703125
2026-06-29; 19:20:57; 783; 58; 40.34; 1008.6090625; 22.4384765625
2026-06-29; 19:21:57; 825; 64; 40.36; 1008.612265625; 22.392578125
2026-06-29; 19:22:57; 891; 74; 40.37; 1008.607265625; 22.4169921875
2026-06-29; 19:23:57; 949; 83; 40.3; 1008.5825; 22.5078125
2026-06-29; 19:24:57; 1050; 99; 40.27; 1008.6208203125; 22.541015625
2026-06-29; 19:25:57; 1168; 117; 40.28; 1008.7147265625; 22.552734375
2026-06-29; 19:26:57; 1310; 138; 40.29; 1008.6240234375; 22.5537109375
2026-06-29; 19:27:57; 1458; 161; 40.23; 1008.6150390625; 22.609375
2026-06-29; 19:28:57; 1507; 177; 40.25; 1008.6179296875; 22.5869140625
2026-06-29; 19:29:57; 1525; 188; 40.15; 1008.6028125; 22.69921875
2026-06-29; 19:30:57; 1527; 190; 40.12; 1008.6493359375; 22.7216796875
2026-06-29; 19:31:57; 1528; 191; 40.12; 1008.59203125; 22.7216796875
2026-06-29; 19:32:57; 1536; 196; 40.17; 1008.585234375; 22.7001953125
2026-06-29; 19:33:57; 1559; 212; 40.18; 1008.5723828125; 22.701171875
2026-06-29; 19:34:57; 1588; 235; 40.17; 1008.606015625; 22.7001953125
2026-06-29; 19:35:57; 1618; 262; 40.18; 1008.6869921875; 22.712890625
2026-06-29; 19:36:57; 1610; 254; 40.17; 1008.642578125; 22.712890625
2026-06-29; 19:37:57; 1637; 279; 40.19; 1008.674140625; 22.689453125
2026-06-29; 19:38:57; 1661; 300; 40.16; 1008.6841015625; 22.7353515625
2026-06-29; 19:39:57; 1703; 341; 40.16; 1008.733515625; 22.7353515625
2026-06-29; 19:40:57; 1731; 369; 40.11; 1008.690859375; 22.791015625
2026-06-29; 19:41:57; 1728; 365; 40.04; 1008.7154296875; 22.9052734375
2026-06-29; 19:42:57; 1757; 400; 40.08; 1008.6721484375; 22.8603515625
2026-06-29; 19:43:57; 1792; 441; 40.04; 1008.686796875; 22.9169921875
2026-06-29; 19:44:57; 1803; 452; 40.07; 1008.713359375; 22.8837890625
2026-06-29; 19:45:57; 1811; 463; 40.05; 1008.681796875; 22.8828125
2026-06-29; 19:46:57; 1822; 477; 40.08; 1008.7867578125; 22.8955078125
2026-06-29; 19:47:57; 1832; 490; 40.05; 1008.7598828125; 22.8828125
2026-06-29; 19:48:57; 1833; 493; 40.07; 1008.734140625; 22.9072265625
2026-06-29; 19:49:57; 1853; 521; 40.08; 1008.758125; 22.9072265625
2026-06-29; 19:50:57; 1853; 521; 40.1; 1008.7896875; 22.837890625
2026-06-29; 19:51:58; 1865; 536; 40.08; 1008.7867578125; 22.8837890625
2026-06-29; 19:52:58; 1870; 543; 40.08; 1008.8154296875; 22.8837890625
2026-06-29; 19:53:58; 1884; 561; 40.06; 1008.8694921875; 22.91796875
2026-06-29; 19:54:58; 1880; 555; 40.04; 1008.7519921875; 22.9755859375
2026-06-29; 19:55:58; 1900; 586; 40.05; 1008.8171484375; 22.96484375
2026-06-29; 19:56:58; 1894; 576; 40.0; 1008.82359375; 22.9853515625
2026-06-29; 19:57:58; 1892; 573; 39.99; 1008.8364453125; 23.04296875
2026-06-29; 19:58:58; 1906; 594; 39.92; 1008.7908203125; 23.0751953125
2026-06-29; 19:59:58; 1887; 567; 39.94; 1008.7078125; 23.099609375
2026-06-29; 20:00:58; 1877; 550; 39.81; 1008.7965625; 23.26953125
2026-06-29; 20:01:58; 1887; 567; 39.83; 1008.828125; 23.2353515625
2026-06-29; 20:02:58; 1865; 536; 39.82; 1008.8330859375; 23.24609375
2026-06-29; 20:03:58; 1865; 536; 39.83; 1008.7994921875; 23.2001953125
2026-06-29; 20:04:58; 1877; 550; 39.82; 1008.8123828125; 23.22265625
2026-06-29; 20:05:58; 1875; 548; 39.83; 1008.8854296875; 23.17578125
2026-06-29; 20:06:58; 1862; 532; 39.76; 1008.7953125; 23.3134765625
2026-06-29; 20:07:58; 1880; 555; 39.78; 1008.806171875; 23.291015625
2026-06-29; 20:08:58; 1870; 543; 39.75; 1008.8446875; 23.3486328125
2026-06-29; 20:09:58; 1875; 548; 39.76; 1008.8605078125; 23.3720703125
2026-06-29; 20:10:58; 1892; 573; 39.74; 1008.8780078125; 23.3828125
2026-06-29; 20:11:58; 1911; 601; 39.71; 1008.8305859375; 23.404296875
2026-06-29; 20:12:58; 1914; 607; 39.77; 1008.84765625; 23.349609375
2026-06-29; 20:13:58; 1920; 617; 39.76; 1008.803203125; 23.3369140625
2026-06-29; 20:14:58; 1922; 619; 39.72; 1008.84640625; 23.3583984375
2026-06-29; 20:15:58; 1914; 607; 39.68; 1008.8977734375; 23.4384765625
2026-06-29; 20:16:58; 1920; 617; 39.69; 1008.9135546875; 23.4033203125
2026-06-29; 20:17:58; 1922; 619; 39.69; 1008.8928515625; 23.3916015625
2026-06-29; 20:18:58; 1922; 619; 39.7; 1008.8720703125; 23.404296875
2026-06-29; 20:19:58; 1922; 619; 39.67; 1008.918515625; 23.42578125
2026-06-29; 20:20:58; 1922; 619; 39.69; 1008.9421875; 23.4267578125
2026-06-29; 20:21:58; 1920; 617; 39.68; 1008.8977734375; 23.4267578125
2026-06-29; 20:22:58; 1931; 633; 39.62; 1008.9251171875; 23.494140625
2026-06-29; 20:23:58; 1926; 625; 39.66; 1008.9310546875; 23.4248046875
2026-06-29; 20:24:58; 1931; 633; 39.63; 1008.92015625; 23.3896484375
2026-06-29; 20:25:58; 1917; 611; 39.61; 1008.88859375; 23.388671875
2026-06-29; 20:26:58; 1917; 611; 39.53; 1008.92515625; 23.4892578125
2026-06-29; 20:27:58; 1911; 601; 39.44; 1008.876484375; 23.5087890625
2026-06-29; 20:28:58; 1884; 561; 39.51; 1008.9014453125; 23.41796875
2026-06-29; 20:29:58; 1875; 548; 39.51; 1008.864921875; 23.40625
2026-06-29; 20:30:58; 1853; 521; 39.5; 1008.9143359375; 23.39453125
2026-06-29; 20:31:58; 1844; 507; 39.47; 1008.9527734375; 23.416015625
2026-06-29; 20:32:58; 1839; 501; 39.44; 1008.8685546875; 23.37890625
2026-06-29; 20:33:58; 1833; 493; 39.43; 1008.967265625; 23.4365234375
2026-06-29; 20:34:59; 1836; 497; 39.34; 1008.918515625; 23.5498046875
2026-06-29; 20:35:59; 1836; 497; 39.31; 1008.9645703125; 23.583984375
2026-06-29; 20:36:59; 1853; 521; 39.27; 1008.9299609375; 23.6396484375
2026-06-29; 20:37:59; 1870; 543; 39.22; 1008.936484375; 23.7080078125
2026-06-29; 20:38:59; 1877; 550; 39.14; 1008.9811328125; 23.7744140625
2026-06-29; 20:39:59; 1884; 561; 39.1; 1008.896875; 23.830078125
2026-06-29; 20:40:59; 1892; 573; 39.15; 1008.96859375; 23.7509765625
2026-06-29; 20:41:59; 1914; 607; 39.17; 1009.000234375; 23.740234375
2026-06-29; 20:42:59; 1926; 625; 39.1; 1009.0319921875; 23.818359375
2026-06-29; 20:43:59; 1942; 651; 39.09; 1008.9096875; 23.806640625
2026-06-29; 20:44:59; 1946; 657; 39.05; 1008.9608984375; 23.86328125
2026-06-29; 20:45:59; 1961; 680; 38.99; 1008.9515234375; 23.89453125
2026-06-29; 20:46:59; 1970; 694; 38.99; 1008.9515234375; 23.9296875
2026-06-29; 20:47:59; 1975; 703; 38.93; 1008.905703125; 23.9736328125
2026-06-29; 20:48:59; 1978; 709; 38.95; 1008.851484375; 23.904296875
2026-06-29; 20:49:59; 1978; 709; 38.88; 1008.89140625; 24.0068359375
2026-06-29; 20:50:59; 1975; 703; 38.87; 1008.9328125; 24.029296875
2026-06-29; 20:51:59; 1975; 703; 38.79; 1009.0062109375; 24.095703125
2026-06-29; 20:52:59; 1968; 692; 38.73; 1009.0046875; 24.138671875
2026-06-29; 20:53:59; 1961; 680; 38.74; 1008.9840234375; 24.1513671875
2026-06-29; 20:54:59; 1961; 680; 38.68; 1009.031484375; 24.2060546875
2026-06-29; 20:55:59; 1948; 659; 38.65; 1009.0491015625; 24.193359375
2026-06-29; 20:56:59; 1953; 667; 38.64; 1009.0536328125; 24.2158203125
2026-06-29; 20:57:59; 1964; 685; 38.59; 1009.0682421875; 24.283203125
2026-06-29; 20:58:59; 1968; 692; 38.62; 1008.9934765625; 24.2265625
2026-06-29; 20:59:59; 1975; 703; 38.58; 1009.081015625; 24.224609375
2026-06-29; 21:00:59; 1968; 692; 38.58; 1009.08890625; 24.201171875
2026-06-29; 21:01:59; 1975; 703; 38.55; 1009.012578125; 24.2236328125
2026-06-29; 21:02:59; 1982; 716; 38.52; 1008.9937109375; 24.2919921875
2026-06-29; 21:03:59; 1994; 736; 38.48; 1009.0365625; 24.3359375
2026-06-29; 21:04:59; 1998; 742; 38.5; 1009.0763671875; 24.302734375
2026-06-29; 21:05:59; 1985; 720; 38.46; 1009.0128125; 24.2890625
2026-06-29; 21:06:59; 1978; 709; 38.42; 1009.035; 24.3330078125
2026-06-29; 21:07:59; 1968; 692; 38.4; 1009.0033203125; 24.35546875
2026-06-29; 21:08:59; 1964; 685; 38.32; 1009.0479296875; 24.4443359375
2026-06-29; 21:09:59; 1946; 657; 38.3; 1009.1019921875; 24.466796875
2026-06-29; 21:10:59; 1939; 647; 38.29; 1009.008046875; 24.455078125
2026-06-29; 21:11:59; 1931; 633; 38.25; 1009.087578125; 24.5224609375
2026-06-29; 21:12:59; 1933; 634; 38.22; 1009.0109375; 24.521484375
2026-06-29; 21:13:59; 1933; 634; 38.18; 1009.0540234375; 24.6123046875
2026-06-29; 21:14:59; 1926; 625; 38.15; 1009.042734375; 24.5986328125
2026-06-29; 21:15:59; 1926; 625; 38.15; 1009.042734375; 24.6103515625
2026-06-29; 21:16:59; 1926; 625; 38.11; 1008.9794140625; 24.5966796875
2026-06-29; 21:18:00; 1920; 617; 38.11; 1009.0571875; 24.6083984375
2026-06-29; 21:19:00; 1926; 625; 38.04; 1009.0682421875; 24.7099609375
2026-06-29; 21:20:00; 1920; 617; 38.03; 1009.052421875; 24.685546875
2026-06-29; 21:21:00; 1914; 607; 37.99; 1009.0538671875; 24.68359375
2026-06-29; 21:22:00; 1911; 601; 38.0; 1009.0617578125; 24.671875
2026-06-29; 21:23:00; 1914; 607; 37.96; 1009.084140625; 24.728515625
2026-06-29; 21:24:00; 1906; 594; 37.95; 1009.0191015625; 24.775390625
2026-06-29; 21:25:00; 1914; 607; 37.92; 1009.1140625; 24.78515625
2026-06-29; 21:26:00; 1911; 601; 37.89; 1009.0301171875; 24.783203125
2026-06-29; 21:27:00; 1900; 586; 37.87; 1009.0837890625; 24.8173828125
2026-06-29; 21:28:00; 1906; 594; 37.84; 1009.0934375; 24.8388671875
2026-06-29; 21:29:00; 1906; 594; 37.78; 1009.013671875; 24.90625
2026-06-29; 21:30:00; 1905; 592; 37.75; 1009.0153515625; 24.951171875
2026-06-29; 21:31:00; 1906; 594; 37.73; 1009.0769140625; 24.904296875
2026-06-29; 21:32:00; 1900; 586; 37.74; 1009.0562890625; 24.9267578125
2026-06-29; 21:33:00; 1906; 594; 37.69; 1009.01359375; 24.9951171875
2026-06-29; 21:34:00; 1905; 592; 37.69; 1009.0912890625; 24.9013671875
2026-06-29; 21:35:00; 1905; 592; 37.63; 1009.081640625; 25.0146484375
2026-06-29; 21:36:00; 1906; 594; 37.62; 1009.1022265625; 25.025390625
2026-06-29; 21:37:00; 1905; 592; 37.59; 1009.1321484375; 25.03515625
2026-06-29; 21:38:00; 1906; 594; 37.58; 1009.1733984375; 25.03515625
2026-06-29; 21:39:00; 1906; 594; 37.57; 1009.2225390625; 25.0576171875
2026-06-29; 21:40:00; 1914; 607; 37.53; 1009.187421875; 25.0673828125
2026-06-29; 21:41:00; 1914; 607; 37.5; 1009.204921875; 25.03125
2026-06-29; 21:42:00; 1906; 594; 37.51; 1009.2128125; 25.0078125
2026-06-29; 21:43:00; 1905; 592; 37.51; 1009.2413671875; 25.01953125
2026-06-29; 21:44:00; 1897; 581; 37.46; 1009.2759765625; 25.0283203125
2026-06-29; 21:45:00; 65535; 65535; 37.42; 1009.2491015625; 25.0732421875
2026-06-29; 21:46:00; 1906; 594; 37.41; 1009.3473828125; 25.0263671875
2026-06-29; 21:47:00; 1905; 592; 37.39; 1009.2583203125; 25.1298828125
2026-06-29; 21:48:00; 1914; 607; 37.34; 1009.34234375; 25.126953125
2026-06-29; 21:49:00; 1911; 601; 37.31; 1009.302109375; 25.1025390625
2026-06-29; 21:50:00; 1914; 607; 37.31; 1009.322734375; 25.16015625
2026-06-29; 21:51:00; 1914; 607; 37.27; 1009.31609375; 25.2509765625
2026-06-29; 21:52:00; 1920; 617; 37.24; 1009.312890625; 25.21484375
2026-06-29; 21:53:00; 1917; 611; 37.24; 1009.333515625; 25.1796875
2026-06-29; 21:54:00; 1926; 625; 37.22; 1009.309765625; 25.2138671875
2026-06-29; 21:55:00; 1933; 634; 37.21; 1009.3715625; 25.236328125
2026-06-29; 21:56:00; 1939; 647; 37.18; 1009.3807421875; 25.2353515625
2026-06-29; 21:57:00; 1946; 657; 37.16; 1009.40609375; 25.314453125
2026-06-29; 21:58:00; 1957; 674; 37.13; 1009.4723046875; 25.291015625
2026-06-29; 21:59:00; 1968; 692; 37.09; 1009.3598046875; 25.3466796875
2026-06-29; 22:00:00; 1961; 680; 37.09; 1009.445390625; 25.369140625
2026-06-29; 22:01:01; 1975; 703; 37.08; 1009.4786328125; 25.333984375
2026-06-29; 22:02:01; 1978; 709; 37.06; 1009.446640625; 25.3564453125
2026-06-29; 22:03:01; 1998; 742; 37.06; 1009.45484375; 25.3447265625
2026-06-29; 22:04:01; 2003; 753; 37.03; 1009.484609375; 25.3427734375
2026-06-29; 22:05:01; 2003; 753; 37.0; 1009.5019921875; 25.3994140625
2026-06-29; 22:06:01; 2010; 765; 37.0; 1009.4940625; 25.3876953125
2026-06-29; 22:07:01; 2003; 753; 36.98; 1009.5634375; 25.3984375
2026-06-29; 22:08:01; 2006; 757; 36.96; 1009.5887890625; 25.3857421875
2026-06-29; 22:09:01; 2010; 765; 36.96; 1009.64578125; 25.4208984375
2026-06-29; 22:10:01; 2027; 796; 36.94; 1009.55703125; 25.443359375
2026-06-29; 22:11:01; 2033; 806; 36.92; 1009.58234375; 25.46484375
2026-06-29; 22:12:01; 2068; 857; 36.92; 1009.5538671875; 25.4306640625
2026-06-29; 22:13:01; 2070; 865; 36.89; 1009.5059765625; 25.4755859375
2026-06-29; 22:14:01; 2078; 878; 36.88; 1009.6532421875; 25.474609375
2026-06-29; 22:15:01; 2070; 865; 36.87; 1009.580390625; 25.451171875
2026-06-29; 22:16:01; 2070; 865; 36.87; 1009.5518359375; 25.439453125
2026-06-29; 22:17:01; 2074; 870; 36.83; 1009.54484375; 25.4482421875
2026-06-29; 22:18:01; 2082; 886; 36.79; 1009.652421875; 25.5390625
2026-06-29; 22:19:01; 2082; 886; 36.76; 1009.6409765625; 25.5732421875
2026-06-29; 22:20:01; 2092; 903; 36.74; 1009.66625; 25.537109375
2026-06-29; 22:21:01; 2094; 911; 36.76; 1009.6615234375; 25.5380859375
2026-06-29; 22:22:01; 2104; 931; 36.71; 1009.7038671875; 25.6171875
2026-06-29; 22:23:01; 2104; 931; 36.7; 1009.6025; 25.5693359375
2026-06-29; 22:24:01; 2116; 957; 36.69; 1009.6515625; 25.6162109375
2026-06-29; 22:25:01; 2134; 994; 36.67; 1009.6404296875; 25.68359375
2026-06-29; 22:26:01; 2146; 1022; 36.66; 1009.6530859375; 25.671875
2026-06-29; 22:27:01; 2160; 1045; 36.64; 1009.621015625; 25.6474609375
2026-06-29; 22:28:01; 2170; 1071; 36.63; 1009.6051953125; 25.646484375
2026-06-29; 22:29:01; 2180; 1097; 36.61; 1009.6953515625; 25.6455078125
2026-06-29; 22:30:01; 2174; 1084; 36.63; 1009.6621875; 25.6240234375
2026-06-29; 22:31:01; 2195; 1134; 36.59; 1009.7126953125; 25.7265625
2026-06-29; 22:32:01; 2208; 1161; 36.6; 1009.651015625; 25.703125
2026-06-29; 22:33:01; 2232; 1207; 36.6; 1009.6430859375; 25.69140625
2026-06-29; 22:34:01; 2232; 1207; 36.58; 1009.611015625; 25.6787109375
2026-06-29; 22:35:01; 2247; 1238; 36.56; 1009.6078125; 25.724609375
2026-06-29; 22:36:01; 2268; 1286; 36.56; 1009.6362890625; 25.736328125
2026-06-29; 22:37:01; 2283; 1320; 36.56; 1009.672734375; 25.748046875
2026-06-29; 22:38:01; 2302; 1358; 36.56; 1009.6933203125; 25.736328125
2026-06-29; 22:39:01; 2305; 1371; 36.54; 1009.641015625; 25.7822265625
2026-06-29; 22:40:01; 2332; 1423; 36.52; 1009.6583203125; 25.861328125
2026-06-29; 22:41:01; 2345; 1452; 36.52; 1009.6298046875; 25.8388671875
2026-06-29; 22:42:01; 2361; 1486; 36.49; 1009.6673828125; 25.84765625
2026-06-29; 22:43:01; 2493; 1492; 36.5; 1009.7197265625; 25.826171875
2026-06-29; 22:44:02; 2382; 1532; 36.52; 1009.694765625; 25.8154296875
2026-06-29; 22:45:02; 2390; 1548; 36.47; 1009.7005859375; 25.87109375
2026-06-29; 22:46:02; 2412; 1598; 36.42; 1009.791875; 25.9375
2026-06-29; 22:47:02; 2430; 1628; 36.42; 1009.771328125; 25.9609375
2026-06-29; 22:48:02; 2448; 1668; 36.41; 1009.7759765625; 26.0185546875
2026-06-29; 22:49:02; 2469; 1713; 36.38; 1009.84234375; 26.0634765625
2026-06-29; 22:50:02; 2486; 1753; 36.37; 1009.8053125; 26.0634765625
2026-06-29; 22:51:02; 2509; 1804; 36.35; 1009.8590234375; 26.1083984375
2026-06-29; 22:52:02; 2519; 1824; 36.35; 1009.8875; 26.142578125
2026-06-29; 22:53:02; 2537; 1856; 36.34; 1009.8146484375; 26.142578125
2026-06-29; 22:54:02; 2574; 1940; 36.31; 1009.8525; 26.1875
2026-06-29; 22:55:02; 2603; 2007; 36.31; 1009.881015625; 26.19921875
2026-06-29; 22:56:02; 2626; 2051; 36.34; 1009.8921875; 26.189453125
2026-06-29; 22:57:02; 2659; 2121; 36.31; 1009.909453125; 26.2109375
2026-06-29; 22:58:02; 2680; 2165; 36.33; 1009.876328125; 26.2001953125
2026-06-29; 22:59:02; 2707; 2230; 36.3; 1009.9502734375; 26.2685546875
2026-06-29; 23:00:02; 2732; 2296; 36.28; 1009.8330859375; 26.2900390625
2026-06-29; 23:01:02; 2758; 2343; 36.27; 1009.8662109375; 26.3125
2026-06-29; 23:02:02; 2786; 2404; 36.27; 1009.837734375; 26.3359375
2026-06-29; 23:03:02; 2837; 2517; 36.27; 1009.8947265625; 26.359375
2026-06-29; 23:04:02; 2857; 2559; 36.25; 1009.899375; 26.416015625
2026-06-29; 23:05:02; 2901; 2631; 36.24; 1009.855; 26.4736328125
2026-06-29; 23:06:02; 2932; 2697; 36.26; 1009.93578125; 26.462890625
2026-06-29; 23:07:02; 2958; 2762; 36.19; 1009.9667578125; 26.5283203125
2026-06-29; 23:08:02; 2994; 2835; 36.2; 1009.9905859375; 26.576171875
2026-06-29; 23:09:02; 3036; 2922; 36.18; 1009.9018359375; 26.5751953125
2026-06-29; 23:10:02; 3072; 3004; 36.16; 1009.9267578125; 26.6435546875
2026-06-29; 23:11:02; 3105; 3077; 36.2; 1009.8687109375; 26.6103515625
2026-06-29; 23:12:02; 3153; 3168; 36.16; 1009.9346875; 26.6552734375
2026-06-29; 23:13:02; 3177; 3226; 36.17; 1009.8859765625; 26.6787109375
2026-06-29; 23:14:02; 3204; 3279; 36.15; 1009.910859375; 26.701171875
2026-06-29; 23:15:02; 3260; 3413; 36.12; 1009.928125; 26.7001953125
2026-06-29; 23:16:02; 3300; 3488; 36.12; 1009.89171875; 26.7919921875
2026-06-29; 23:17:02; 3341; 3582; 36.1; 1009.888125; 26.755859375
2026-06-29; 23:18:02; 3392; 3693; 36.09; 1009.9576953125; 26.8369140625
2026-06-29; 23:19:02; 3415; 3742; 36.08; 1009.9212890625; 26.87109375
2026-06-29; 23:20:02; 3477; 3855; 36.08; 1009.9702734375; 26.859375
2026-06-29; 23:21:02; 3510; 3940; 36.07; 1009.9908203125; 26.9052734375
2026-06-29; 23:22:02; 3540; 4004; 36.05; 1009.9875; 26.939453125
2026-06-29; 23:23:02; 3587; 4100; 36.06; 1010.02390625; 26.916015625
2026-06-29; 23:24:02; 3626; 4188; 36.04; 1010.13453125; 26.984375
2026-06-29; 23:25:02; 3682; 4312; 36.06; 1010.088828125; 26.9169921875
2026-06-29; 23:26:03; 3729; 4413; 36.05; 1010.065; 26.9853515625
2026-06-29; 23:27:03; 3789; 4521; 36.03; 1010.1183203125; 26.99609375
2026-06-29; 23:28:03; 3826; 4613; 36.02; 1010.1024609375; 27.0302734375
2026-06-29; 23:29:03; 3866; 4726; 36.01; 1010.115078125; 27.052734375
2026-06-30; 02:23:42; 400; 0; 34.64; 1009.4213671875; 29.75
2026-06-30; 02:24:42; 408; 1; 34.64; 1009.3929296875; 29.7275390625
2026-06-30; 02:25:42; 400; 0; 34.63; 1009.3486328125; 29.6806640625
2026-06-30; 02:26:42; 400; 0; 34.68; 1009.314765625; 29.6025390625
2026-06-30; 02:27:42; 407; 1; 34.69; 1009.3669921875; 29.5576171875
2026-06-30; 02:28:42; 400; 0; 34.7; 1009.261328125; 29.53515625
2026-06-30; 02:29:42; 400; 0; 34.71; 1009.2772265625; 29.51171875
2026-06-30; 02:30:42; 400; 0; 34.71; 1009.2567578125; 29.51171875
2026-06-30; 02:31:42; 400; 0; 34.69; 1009.281796875; 29.453125
2026-06-30; 02:32:43; 400; 0; 34.7; 1009.2329296875; 29.46484375
2026-06-30; 02:33:43; 400; 0; 34.71; 1009.2487890625; 29.408203125
2026-06-30; 02:34:43; 400; 0; 34.7; 1009.2044921875; 29.4189453125
2026-06-30; 02:35:43; 407; 1; 34.7; 1009.2044921875; 29.4306640625
2026-06-30; 02:36:43; 400; 0; 34.69; 1009.139765625; 29.41796875
2026-06-30; 02:37:43; 400; 0; 34.71; 1009.16359375; 29.396484375
2026-06-30; 02:38:43; 400; 0; 34.7; 1009.1272265625; 29.373046875
2026-06-30; 02:39:43; 400; 0; 34.72; 1009.158984375; 29.3515625
2026-06-30; 02:40:43; 403; 0; 34.73; 1009.138828125; 29.33984375
2026-06-30; 02:41:43; 403; 0; 34.7; 1009.1840625; 29.349609375
2026-06-30; 02:42:43; 400; 0; 34.68; 1009.1238671875; 29.3603515625
2026-06-30; 02:43:43; 405; 0; 34.7; 1009.1476953125; 29.326171875
2026-06-30; 02:44:43; 400; 0; 34.69; 1009.0829296875; 29.4072265625
2026-06-30; 02:45:43; 402; 0; 34.67; 1009.0795703125; 29.3828125
2026-06-30; 02:46:43; 403; 0; 34.7; 1009.090859375; 29.3037109375
2026-06-30; 02:47:43; 400; 0; 34.69; 1008.9976953125; 29.302734375
2026-06-30; 02:48:43; 400; 0; 34.7; 1009.0704296875; 29.2802734375
2026-06-30; 02:49:43; 405; 0; 34.71; 1009.049921875; 29.3037109375
2026-06-30; 02:50:43; 400; 0; 34.71; 1009.00109375; 29.2578125
2026-06-30; 02:51:43; 400; 0; 34.69; 1009.0466015625; 29.314453125
2026-06-30; 02:52:43; 400; 0; 34.7; 1008.977265625; 29.314453125
2026-06-30; 02:53:43; 402; 0; 34.7; 1009.01359375; 29.2568359375
2026-06-30; 02:54:43; 400; 0; 34.71; 1008.9647265625; 29.24609375
2026-06-30; 02:55:43; 400; 0; 34.66; 1008.8932421875; 29.30078125
2026-06-30; 02:56:43; 403; 0; 34.68; 1008.9533984375; 29.3251953125
2026-06-30; 02:57:43; 405; 0; 34.66; 1008.8849609375; 29.2998046875
2026-06-30; 02:58:43; 403; 0; 34.68; 1008.9533984375; 29.2900390625
2026-06-30; 02:59:43; 400; 0; 34.66; 1008.83640625; 29.3466796875
2026-06-30; 03:00:43; 405; 0; 34.67; 1008.880703125; 29.32421875
2026-06-30; 03:01:43; 402; 0; 34.64; 1008.7759375; 29.369140625
2026-06-30; 03:02:43; 403; 0; 34.66; 1008.8932421875; 29.3466796875
2026-06-30; 03:03:43; 403; 0; 34.63; 1008.8452734375; 29.357421875
2026-06-30; 03:04:43; 400; 0; 34.63; 1008.8168359375; 29.3681640625
2026-06-30; 03:05:43; 400; 0; 34.66; 1008.8281640625; 29.3701171875
2026-06-30; 03:06:43; 403; 0; 34.65; 1008.7633984375; 29.3466796875
2026-06-30; 03:07:43; 400; 0; 34.66; 1008.779609375; 29.32421875
2026-06-30; 03:08:43; 403; 0; 34.66; 1008.7227734375; 29.3125
2026-06-30; 03:09:43; 402; 0; 34.65; 1008.8123046875; 29.357421875
2026-06-30; 03:10:43; 407; 1; 34.64; 1008.690703125; 29.392578125
2026-06-30; 03:11:43; 403; 0; 34.63; 1008.731640625; 29.4267578125
2026-06-30; 03:12:43; 400; 0; 34.66; 1008.771328125; 29.392578125
2026-06-30; 03:13:43; 403; 0; 34.65; 1008.735; 29.392578125
2026-06-30; 03:14:43; 402; 0; 34.64; 1008.7475; 29.4150390625
2026-06-30; 03:15:44; 403; 0; 34.64; 1008.76796875; 29.4267578125
2026-06-30; 03:16:44; 400; 0; 34.63; 1008.7884765625; 29.4375
2026-06-30; 03:17:44; 403; 0; 34.63; 1008.7884765625; 29.44921875
2026-06-30; 03:18:44; 402; 0; 34.63; 1008.723671875; 29.4609375
2026-06-30; 03:19:44; 403; 0; 34.64; 1008.8248046875; 29.484375
2026-06-30; 03:20:44; 400; 0; 34.62; 1008.829375; 29.4951171875
2026-06-30; 03:21:44; 403; 0; 34.63; 1008.80890625; 29.44921875
2026-06-30; 03:22:44; 400; 0; 34.61; 1008.7771484375; 29.5283203125
2026-06-30; 03:23:44; 405; 0; 34.59; 1008.8101171875; 29.5625
2026-06-30; 03:24:44; 402; 0; 34.6; 1008.76125; 29.5625
2026-06-30; 03:25:44; 402; 0; 34.6; 1008.826015625; 29.5400390625
2026-06-30; 03:26:44; 406; 0; 34.62; 1008.8214453125; 29.541015625
2026-06-30; 03:27:44; 406; 0; 34.59; 1008.8302734375; 29.5966796875
2026-06-30; 03:28:44; 406; 0; 34.61; 1008.805546875; 29.5517578125
2026-06-30; 03:29:44; 414; 2; 34.58; 1008.8428125; 29.642578125
2026-06-30; 03:30:44; 410; 1; 34.59; 1008.7734765625; 29.5966796875
2026-06-30; 03:31:44; 410; 1; 34.56; 1008.7621484375; 29.67578125
2026-06-30; 03:32:44; 414; 2; 34.55; 1008.7826171875; 29.72265625
2026-06-30; 03:33:44; 415; 2; 34.58; 1008.7939453125; 29.666015625
2026-06-30; 03:34:44; 418; 2; 34.58; 1008.757578125; 29.6884765625
2026-06-30; 03:35:44; 421; 3; 34.57; 1008.6928515625; 29.7119140625
2026-06-30; 03:36:44; 427; 4; 34.58; 1008.737109375; 29.6884765625
2026-06-30; 03:37:44; 432; 4; 34.55; 1008.7541796875; 29.7568359375
2026-06-30; 03:38:44; 435; 5; 34.54; 1008.7871875; 29.7548828125
2026-06-30; 03:39:44; 444; 6; 34.57; 1008.71328125; 29.7568359375
2026-06-30; 03:40:44; 451; 7; 34.51; 1008.7108203125; 29.8466796875
2026-06-30; 03:41:44; 459; 8; 34.53; 1008.750859375; 29.8017578125
2026-06-30; 03:42:44; 464; 9; 34.53; 1008.665625; 29.8359375
2026-06-30; 03:43:44; 478; 11; 34.53; 1008.608828125; 29.82421875
2026-06-30; 03:44:44; 486; 13; 34.52; 1008.6781640625; 29.8583984375
2026-06-30; 03:45:44; 498; 14; 34.55; 1008.63265625; 29.8486328125
2026-06-30; 03:46:44; 508; 16; 34.54; 1008.653125; 29.8486328125
2026-06-30; 03:47:44; 520; 18; 34.55; 1008.6405859375; 29.873046875
2026-06-30; 03:48:44; 533; 20; 34.5; 1008.64609375; 29.904296875
2026-06-30; 03:49:44; 543; 21; 34.49; 1008.622265625; 30.0068359375
2026-06-30; 03:50:44; 561; 24; 34.52; 1008.6698828125; 29.9736328125
2026-06-30; 03:51:44; 570; 25; 34.48; 1008.5859375; 30.041015625
2026-06-30; 03:52:44; 580; 27; 34.48; 1008.5495703125; 30.052734375
2026-06-30; 03:53:44; 596; 29; 34.47; 1008.59046875; 30.0517578125
2026-06-30; 03:54:44; 603; 30; 34.47; 1008.5700390625; 30.0869140625
2026-06-30; 03:55:44; 626; 34; 34.48; 1008.6348046875; 30.064453125
2026-06-30; 03:56:44; 640; 36; 34.47; 1008.541640625; 30.064453125
2026-06-30; 03:57:45; 652; 38; 34.46; 1008.5825390625; 30.1328125
2026-06-30; 03:58:45; 671; 41; 34.45; 1008.6151953125; 30.1435546875
2026-06-30; 03:59:45; 683; 43; 34.47; 1008.533671875; 30.14453125
2026-06-30; 04:00:45; 700; 45; 34.45; 1008.53; 30.189453125
2026-06-30; 04:01:45; 710; 47; 34.41; 1008.4945703125; 30.2451171875
2026-06-30; 04:02:45; 735; 51; 34.45; 1008.50984375; 30.2236328125
2026-06-30; 04:03:45; 754; 53; 34.45; 1008.501640625; 30.2236328125
2026-06-30; 04:04:45; 768; 56; 34.43; 1008.4982421875; 30.26953125
2026-06-30; 04:05:45; 780; 57; 34.41; 1008.4945703125; 30.326171875
2026-06-30; 04:06:45; 798; 60; 34.4; 1008.515; 30.3134765625
2026-06-30; 04:07:45; 815; 63; 34.42; 1008.4903125; 30.302734375
2026-06-30; 04:08:45; 834; 66; 34.42; 1008.57546875; 30.302734375
2026-06-30; 04:09:45; 846; 67; 34.39; 1008.519609375; 30.359375
2026-06-30; 04:10:45; 868; 71; 34.39; 1008.4628125; 30.3935546875
2026-06-30; 04:11:45; 887; 74; 34.38; 1008.531796875; 30.404296875
2026-06-30; 04:12:45; 902; 76; 34.35; 1008.5125390625; 30.4482421875
2026-06-30; 04:13:45; 923; 79; 34.39; 1008.4628125; 30.4404296875
2026-06-30; 04:14:45; 940; 82; 34.36; 1008.337578125; 30.4609375
2026-06-30; 04:15:45; 951; 83; 34.36; 1008.41484375; 30.42578125
2026-06-30; 04:16:45; 977; 87; 34.35; 1008.3989453125; 30.4365234375
2026-06-30; 04:17:45; 983; 88; 34.32; 1008.4160546875; 30.4931640625
2026-06-30; 04:18:45; 1007; 92; 34.34; 1008.4682421875; 30.529296875
2026-06-30; 04:19:45; 1032; 96; 34.32; 1008.4080859375; 30.55078125
2026-06-30; 04:20:45; 1065; 101; 34.28; 1008.4657421875; 30.5478515625
2026-06-30; 04:21:45; 1065; 101; 34.31; 1008.3919140625; 30.560546875
2026-06-30; 04:22:45; 1081; 103; 34.28; 1008.494140625; 30.62890625
2026-06-30; 04:23:45; 1093; 105; 34.31; 1008.4487109375; 30.572265625
2026-06-30; 04:24:45; 1113; 108; 34.28; 1008.5020703125; 30.6064453125
2026-06-30; 04:25:45; 1122; 109; 34.28; 1008.4657421875; 30.6171875
2026-06-30; 04:26:45; 1156; 115; 34.27; 1008.5066796875; 30.6513671875
2026-06-30; 04:27:45; 1171; 117; 34.28; 1008.587265625; 30.65234375
2026-06-30; 04:28:45; 1181; 118; 34.26; 1008.5555078125; 30.708984375
2026-06-30; 04:29:45; 1207; 122; 34.26; 1008.612265625; 30.673828125
2026-06-30; 04:30:45; 1224; 125; 34.25; 1008.5680078125; 30.7197265625
2026-06-30; 04:31:45; 1259; 130; 34.24; 1008.60859375; 30.6728515625
2026-06-30; 04:32:45; 1259; 130; 34.26; 1008.632734375; 30.6962890625
2026-06-30; 04:33:45; 1285; 134; 34.25; 1008.5963671875; 30.6962890625
2026-06-30; 04:34:45; 1310; 138; 34.24; 1008.6937109375; 30.73046875
2026-06-30; 04:35:45; 1334; 142; 34.26; 1008.66109375; 30.7080078125
2026-06-30; 04:36:45; 1360; 146; 34.23; 1008.6778515625; 30.7529296875
2026-06-30; 04:37:45; 1376; 148; 34.22; 1008.6903515625; 30.787109375
2026-06-30; 04:38:45; 1404; 152; 34.25; 1008.6531640625; 30.6962890625
2026-06-30; 04:39:45; 1420; 155; 34.22; 1008.73921875; 30.763671875
2026-06-30; 04:40:46; 1458; 161; 34.21; 1008.6665234375; 30.80859375
2026-06-30; 04:41:46; 1482; 164; 34.19; 1008.6710546875; 30.8076171875
2026-06-30; 04:42:46; 1499; 167; 34.21; 1008.6948828125; 30.80859375
2026-06-30; 04:43:46; 1504; 174; 34.23; 1008.6698828125; 30.7880859375
2026-06-30; 04:44:46; 1508; 177; 34.22; 1008.7187109375; 30.787109375
2026-06-30; 04:45:46; 1513; 180; 34.19; 1008.6915234375; 30.8193359375
2026-06-30; 04:46:46; 1520; 185; 34.18; 1008.7403125; 30.8310546875
2026-06-30; 04:47:46; 1526; 189; 34.14; 1008.6969140625; 30.943359375
2026-06-30; 04:48:46; 1532; 193; 34.14; 1008.668515625; 30.943359375
2026-06-30; 04:49:46; 1534; 195; 34.14; 1008.6969140625; 30.919921875
2026-06-30; 04:50:46; 1542; 200; 34.14; 1008.70484375; 30.8974609375
2026-06-30; 04:51:46; 1547; 204; 34.13; 1008.7377734375; 30.9423828125
2026-06-30; 04:52:46; 1551; 207; 34.14; 1008.7616015625; 30.919921875
2026-06-30; 04:53:46; 1566; 219; 34.13; 1008.7457421875; 30.919921875
2026-06-30; 04:54:46; 1563; 217; 34.16; 1008.7933984375; 30.88671875
2026-06-30; 04:55:46; 1571; 222; 34.14; 1008.753671875; 31.05859375
2026-06-30; 04:56:46; 1579; 228; 34.15; 1008.7775; 30.86328125
2026-06-30; 04:57:46; 1583; 231; 34.13; 1008.7945703125; 30.919921875
2026-06-30; 04:58:46; 1588; 235; 34.12; 1008.778671875; 30.94140625
2026-06-30; 04:59:46; 1591; 236; 34.12; 1008.778671875; 30.94140625
2026-06-30; 05:00:46; 1595; 240; 34.1; 1008.697734375; 30.9404296875
2026-06-30; 05:01:46; 1602; 247; 34.07; 1008.76359375; 30.99609375
2026-06-30; 05:02:46; 1607; 252; 34.07; 1008.7351953125; 30.9619140625
2026-06-30; 05:03:46; 1616; 261; 34.09; 1008.7306640625; 30.9970703125
2026-06-30; 05:04:46; 1616; 261; 34.05; 1008.7033984375; 31.017578125
2026-06-30; 05:05:46; 1619; 263; 34.07; 1008.7351953125; 30.99609375
2026-06-30; 05:06:46; 1624; 266; 34.04; 1008.7644140625; 31.029296875
2026-06-30; 05:07:46; 1628; 270; 34.06; 1008.77609375; 30.99609375
2026-06-30; 05:08:46; 1641; 282; 34.05; 1008.7522265625; 31.0068359375
2026-06-30; 05:09:46; 1645; 286; 34.08; 1008.8078515625; 30.9970703125
2026-06-30; 05:10:46; 1651; 290; 34.04; 1008.8294140625; 31.029296875
2026-06-30; 05:11:46; 1660; 298; 34.05; 1008.7805859375; 31.0068359375
2026-06-30; 05:12:46; 1664; 302; 34.06; 1008.8328515625; 30.99609375
2026-06-30; 05:13:46; 1664; 302; 34.07; 1008.76359375; 30.97265625
2026-06-30; 05:14:46; 1669; 308; 34.04; 1008.7927734375; 31.029296875
2026-06-30; 05:15:46; 1672; 311; 34.05; 1008.7885546875; 30.9833984375
2026-06-30; 05:16:46; 1677; 315; 34.06; 1008.796484375; 30.984375
2026-06-30; 05:17:46; 1687; 326; 34.03; 1008.86203125; 31.02734375
2026-06-30; 05:18:46; 1687; 326; 34.02; 1008.825703125; 31.0390625
2026-06-30; 05:19:46; 1692; 331; 34.03; 1008.8904296875; 31.05078125
2026-06-30; 05:20:46; 1703; 341; 34.03; 1008.8416015625; 31.0048828125
2026-06-30; 05:21:46; 1703; 341; 34.02; 1008.8541015625; 31.015625
2026-06-30; 05:22:46; 1707; 346; 34.04; 1008.821171875; 30.994140625
2026-06-30; 05:23:47; 1707; 346; 34.01; 1008.93125; 31.0390625
2026-06-30; 05:24:47; 1715; 354; 34.02; 1008.825703125; 31.02734375
2026-06-30; 05:25:47; 1723; 360; 34.03; 1008.813203125; 30.970703125
2026-06-30; 05:26:47; 1728; 365; 34.03; 1008.833671875; 31.02734375
2026-06-30; 05:27:47; 1733; 370; 34.01; 1008.8098046875; 31.02734375
2026-06-30; 05:28:47; 1738; 374; 34.01; 1008.902890625; 31.02734375
2026-06-30; 05:29:47; 1742; 382; 34.03; 1008.8416015625; 31.0048828125
2026-06-30; 05:30:47; 1742; 382; 34.02; 1008.93921875; 31.02734375
2026-06-30; 05:31:47; 1746; 386; 33.99; 1008.8994921875; 31.060546875
2026-06-30; 05:32:47; 1751; 391; 34.0; 1008.830234375; 31.060546875
2026-06-30; 05:33:47; 1751; 391; 34.03; 1008.833671875; 31.0048828125
2026-06-30; 05:34:47; 1760; 403; 34.04; 1008.9346875; 30.994140625
2026-06-30; 05:35:47; 1765; 409; 34.05; 1008.9020703125; 30.9482421875
2026-06-30; 05:36:47; 1765; 409; 34.04; 1008.84953125; 30.970703125
2026-06-30; 05:37:47; 1775; 420; 34.05; 1008.9792578125; 30.9833984375
2026-06-30; 05:38:47; 1785; 434; 34.09; 1008.8805078125; 30.9052734375
2026-06-30; 05:39:47; 1790; 439; 34.09; 1008.9656640625; 30.9169921875
2026-06-30; 05:40:47; 1798; 446; 34.09; 1008.852109375; 30.9052734375
2026-06-30; 05:41:47; 1808; 458; 34.09; 1008.9009375; 30.8701171875
2026-06-30; 05:42:47; 1813; 465; 34.11; 1008.8759765625; 30.8828125
2026-06-30; 05:43:47; 1823; 479; 34.12; 1008.863828125; 30.8603515625
2026-06-30; 05:44:47; 1836; 497; 34.11; 1008.8275; 30.8603515625
2026-06-30; 05:45:47; 1841; 503; 34.11; 1008.8275; 30.8603515625
2026-06-30; 05:46:47; 1851; 516; 34.14; 1008.87515625; 30.828125
2026-06-30; 05:47:47; 1856; 524; 34.11; 1008.8476171875; 30.87109375
2026-06-30; 05:48:47; 1866; 538; 34.12; 1008.8717578125; 30.849609375
2026-06-30; 05:49:47; 1874; 547; 34.15; 1008.826328125; 30.8056640625
2026-06-30; 05:50:47; 1883; 559; 34.14; 1008.7820703125; 30.8046875
2026-06-30; 05:51:47; 1893; 575; 34.13; 1008.830859375; 30.8271484375
2026-06-30; 05:52:47; 1900; 586; 34.15; 1008.8058984375; 30.8056640625
2026-06-30; 05:53:47; 1906; 594; 34.18; 1008.8175390625; 30.7607421875
2026-06-30; 05:54:47; 1913; 603; 34.16; 1008.7933984375; 30.783203125
2026-06-30; 05:55:47; 1923; 621; 34.16; 1008.765; 30.7939453125
2026-06-30; 05:56:47; 1931; 633; 34.19; 1008.7198828125; 30.75
2026-06-30; 05:57:47; 1937; 643; 34.18; 1008.7323828125; 30.7490234375
2026-06-30; 05:58:47; 1948; 659; 34.19; 1008.8130078125; 30.76171875
2026-06-30; 05:59:47; 1962; 683; 34.21; 1008.7880078125; 30.6943359375
2026-06-30; 06:00:47; 1968; 692; 34.26; 1008.7746875; 30.626953125
2026-06-30; 06:01:47; 1973; 700; 34.26; 1008.697421875; 30.6279296875
2026-06-30; 06:02:47; 1973; 700; 34.25; 1008.730390625; 30.626953125
2026-06-30; 06:03:47; 1981; 714; 34.25; 1008.7383203125; 30.6044921875
2026-06-30; 06:04:47; 1986; 723; 34.28; 1008.83484375; 30.5712890625
2026-06-30; 06:05:47; 1992; 732; 34.26; 1008.803046875; 30.638671875
2026-06-30; 06:06:48; 2006; 757; 34.3; 1008.7530859375; 30.5380859375
2026-06-30; 06:07:48; 2013; 769; 34.42; 1008.887890625; 30.373046875
2026-06-30; 06:08:48; 2025; 794; 34.57; 1008.8553125; 30.173828125
2026-06-30; 06:09:48; 2038; 815; 34.64; 1008.8816015625; 30.0625
2026-06-30; 06:10:48; 2054; 831; 34.7; 1008.86359375; 29.951171875
2026-06-30; 06:11:48; 2054; 831; 34.69; 1008.847734375; 29.9736328125
2026-06-30; 06:12:48; 2038; 815; 34.64; 1008.91; 30.0283203125
2026-06-30; 06:13:48; 2038; 815; 34.59; 1008.8953515625; 30.12890625
2026-06-30; 06:14:48; 2038; 815; 34.6; 1008.9396484375; 30.107421875
2026-06-30; 06:15:48; 2038; 815; 34.6; 1008.90328125; 30.0947265625
2026-06-30; 06:16:48; 2054; 831; 34.56; 1008.9609765625; 30.173828125
2026-06-30; 06:17:48; 2068; 857; 34.55; 1008.91671875; 30.1845703125
2026-06-30; 06:18:48; 2062; 846; 34.54; 1008.8803515625; 30.20703125
2026-06-30; 06:19:48; 2068; 857; 34.53; 1008.884921875; 30.2060546875
2026-06-30; 06:20:48; 2062; 846; 34.52; 1008.93375; 30.228515625
2026-06-30; 06:21:48; 2076; 872; 34.56; 1008.9609765625; 30.1962890625
2026-06-30; 06:22:48; 2082; 883; 34.55; 1008.945078125; 30.1845703125
2026-06-30; 06:23:48; 2082; 883; 34.55; 1008.88828125; 30.2080078125
2026-06-30; 06:24:48; 2082; 883; 34.57; 1008.9405078125; 30.2080078125
2026-06-30; 06:25:48; 2090; 901; 34.58; 1008.9280078125; 30.2099609375
2026-06-30; 06:26:48; 2090; 901; 34.55; 1008.8598828125; 30.2080078125
2026-06-30; 06:27:48; 2098; 917; 34.58; 1008.95640625; 30.1865234375
2026-06-30; 06:28:48; 2104; 928; 34.63; 1008.9305078125; 30.0859375
2026-06-30; 06:29:48; 2112; 946; 34.61; 1008.8987109375; 30.130859375
2026-06-30; 06:30:48; 2112; 946; 34.63; 1008.9225390625; 30.0966796875
2026-06-30; 06:31:48; 2112; 946; 34.6; 1008.9112109375; 30.1767578125
2026-06-30; 06:32:48; 2112; 946; 34.65; 1008.8975; 30.0869140625
2026-06-30; 06:33:48; 2126; 976; 34.65; 1008.962265625; 30.0986328125
2026-06-30; 06:34:48; 2126; 976; 34.63; 1008.9020703125; 30.109375
2026-06-30; 06:35:48; 2132; 987; 34.67; 1008.880703125; 30.0537109375
2026-06-30; 06:36:48; 2132; 987; 34.7; 1008.899921875; 30.0439453125
2026-06-30; 06:37:48; 2148; 1023; 34.71; 1008.97265625; 30.021484375
2026-06-30; 06:38:48; 2148; 1023; 34.72; 1008.8748828125; 30.0224609375
2026-06-30; 06:39:48; 2156; 1040; 34.75; 1008.9228515625; 29.9892578125
2026-06-30; 06:40:48; 2162; 1049; 34.77; 1008.8614453125; 30.0029296875
2026-06-30; 06:41:48; 2162; 1049; 34.77; 1008.9262109375; 29.9560546875
2026-06-30; 06:42:48; 2170; 1071; 34.79; 1008.872734375; 29.9345703125
2026-06-30; 06:43:48; 2162; 1049; 34.81; 1008.896875; 29.947265625
2026-06-30; 06:44:48; 2178; 1088; 34.85; 1008.87515625; 29.8916015625
2026-06-30; 06:45:48; 2178; 1088; 34.87; 1008.8787890625; 29.8583984375
2026-06-30; 06:46:48; 2184; 1102; 34.92; 1008.84484375; 29.7919921875
2026-06-30; 06:47:48; 2193; 1125; 34.9; 1008.898046875; 29.814453125
2026-06-30; 06:48:48; 2201; 1142; 34.97; 1008.888203125; 29.7490234375
2026-06-30; 06:49:49; 2201; 1142; 35.05; 1008.9302734375; 29.650390625
2026-06-30; 06:50:49; 2216; 1175; 35.06; 1008.9256640625; 29.6279296875
2026-06-30; 06:51:49; 2224; 1192; 35.27; 1008.8460546875; 29.3623046875
2026-06-30; 06:52:49; 2265; 1277; 35.82; 1008.88875; 28.5859375
2026-06-30; 06:53:49; 2291; 1338; 36.38; 1008.8737890625; 27.900390625
2026-06-30; 06:54:49; 2318; 1399; 36.89; 1008.87875; 27.2568359375
2026-06-30; 06:55:49; 2353; 1463; 37.24; 1008.84859375; 26.7412109375
2026-06-30; 06:56:49; 2363; 1490; 37.78; 1008.9280078125; 26.0849609375
2026-06-30; 06:57:49; 2390; 1548; 38.01; 1008.9141796875; 25.712890625
2026-06-30; 06:58:49; 2409; 1588; 38.41; 1008.8969140625; 25.3251953125
2026-06-30; 06:59:49; 2418; 1608; 38.7; 1008.8915625; 24.9443359375
2026-06-30; 07:00:49; 2440; 1648; 39.05; 1008.9036328125; 24.5888671875
2026-06-30; 07:01:49; 2459; 1683; 39.2; 1008.9048828125; 24.3623046875
2026-06-30; 07:02:49; 2469; 1713; 39.45; 1008.9130078125; 24.0478515625
2026-06-30; 07:03:49; 2469; 1713; 39.69; 1008.884921875; 23.7666015625
2026-06-30; 07:04:49; 2490; 1758; 39.97; 1008.8908203125; 23.4287109375
2026-06-30; 07:05:49; 2490; 1758; 39.98; 1008.9431640625; 23.3955078125
2026-06-30; 07:06:49; 2499; 1779; 40.19; 1008.9528125; 23.1123046875
2026-06-30; 07:07:49; 2490; 1758; 40.4; 1008.9046875; 22.8408203125
2026-06-30; 07:08:49; 2499; 1779; 40.49; 1008.8753515625; 22.7509765625
2026-06-30; 07:09:49; 2499; 1779; 40.68; 1008.8813671875; 22.560546875
2026-06-30; 07:10:49; 2499; 1779; 40.69; 1008.8111328125; 22.5029296875
2026-06-30; 07:11:49; 2490; 1758; 40.8; 1008.89921875; 22.4140625
2026-06-30; 07:12:49; 2480; 1733; 40.61; 1008.9505859375; 22.6162109375
2026-06-30; 07:13:49; 2459; 1683; 40.13; 1008.8578125; 23.15625
2026-06-30; 07:14:49; 2450; 1673; 39.82; 1008.8617578125; 23.515625
2026-06-30; 07:15:49; 2440; 1648; 39.51; 1008.9222265625; 23.83984375
2026-06-30; 07:16:49; 2428; 1633; 39.3; 1008.862890625; 24.0869140625
2026-06-30; 07:17:49; 2418; 1608; 39.16; 1008.8906640625; 24.2900390625
2026-06-30; 07:18:49; 2418; 1608; 39.06; 1008.833671875; 24.40234375
2026-06-30; 07:19:49; 2409; 1588; 39.02; 1008.905234375; 24.4345703125
2026-06-30; 07:20:49; 2409; 1588; 39.01; 1008.8687109375; 24.4697265625
2026-06-30; 07:21:49; 2390; 1548; 39.0; 1008.8736328125; 24.4453125
2026-06-30; 07:22:49; 2380; 1523; 39.17; 1008.799921875; 24.2666015625
2026-06-30; 07:23:49; 2363; 1490; 39.17; 1008.7426953125; 24.2314453125
2026-06-30; 07:24:49; 2345; 1452; 39.3; 1008.805625; 24.0986328125
2026-06-30; 07:25:49; 2324; 1413; 39.63; 1008.7691015625; 23.740234375
2026-06-30; 07:26:49; 2318; 1399; 39.87; 1008.8340234375; 23.4248046875
2026-06-30; 07:27:49; 2318; 1399; 40.37; 1008.6358984375; 22.828125
2026-06-30; 07:28:49; 2309; 1376; 40.87; 1008.723046875; 22.2880859375
2026-06-30; 07:29:49; 2300; 1361; 41.13; 1008.75359375; 21.888671875
2026-06-30; 07:30:49; 2274; 1295; 41.69; 1008.7043359375; 21.3740234375
2026-06-30; 07:31:49; 2251; 1243; 41.7; 1008.7983984375; 21.326171875
2026-06-30; 07:32:50; 2210; 1161; 41.61; 1008.742421875; 21.4287109375
2026-06-30; 07:33:50; 2162; 1049; 41.03; 1008.7309375; 22.025390625
2026-06-30; 07:34:50; 2118; 960; 40.49; 1008.752734375; 22.5751953125
2026-06-30; 07:35:50; 2090; 901; 40.09; 1008.766015625; 23.013671875
2026-06-30; 07:36:50; 2054; 831; 39.73; 1008.7762890625; 23.4169921875
2026-06-30; 07:37:50; 2013; 769; 39.46; 1008.785625; 23.7314453125
2026-06-30; 07:38:50; 1992; 732; 39.38; 1008.724140625; 23.8447265625
2026-06-30; 07:39:50; 1968; 692; 39.24; 1008.817109375; 23.9658203125
2026-06-30; 07:40:50; 1931; 633; 39.2; 1008.8111328125; 24.0107421875
2026-06-30; 07:41:50; 1900; 586; 38.97; 1008.740078125; 24.2685546875
2026-06-30; 07:42:50; 1874; 547; 38.95; 1008.7084765625; 24.3017578125
2026-06-30; 07:43:50; 1836; 497; 38.83; 1008.73421875; 24.44921875
2026-06-30; 07:44:50; 1813; 465; 38.76; 1008.786875; 24.5029296875
2026-06-30; 07:45:50; 1785; 434; 38.71; 1008.7157421875; 24.55859375
2026-06-30; 07:46:50; 1765; 409; 38.73; 1008.682265625; 24.5478515625
2026-06-30; 07:47:50; 1742; 382; 38.61; 1008.7854296875; 24.634765625
2026-06-30; 07:48:50; 1710; 349; 38.66; 1008.6567578125; 24.5908203125
2026-06-30; 07:49:50; 1687; 326; 38.57; 1008.6646875; 24.69140625
2026-06-30; 07:50:50; 1664; 302; 38.45; 1008.731875; 24.8369140625
2026-06-30; 07:51:50; 1636; 278; 38.5; 1008.7048046875; 24.78125
2026-06-30; 07:52:50; 1602; 247; 38.44; 1008.7160546875; 24.8603515625
2026-06-30; 07:53:50; 1571; 222; 38.37; 1008.6701171875; 24.9501953125
2026-06-30; 07:54:50; 1547; 204; 38.34; 1008.7001953125; 24.982421875
2026-06-30; 07:55:50; 1532; 193; 38.25; 1008.6876171875; 25.060546875
2026-06-30; 07:56:50; 1504; 174; 38.24; 1008.671484375; 25.0595703125
2026-06-30; 07:57:50; 1429; 156; 38.22; 1008.7459375; 25.1044921875
2026-06-30; 07:58:50; 1334; 142; 38.17; 1008.7239453125; 25.1953125
2026-06-30; 07:59:50; 1259; 130; 38.13; 1008.6889453125; 25.205078125
2026-06-30; 08:00:50; 1171; 117; 38.17; 1008.7239453125; 25.20703125
2026-06-30; 08:01:50; 1093; 105; 38.06; 1008.7000390625; 25.3408203125
2026-06-30; 08:02:50; 1032; 96; 38.02; 1008.6650390625; 25.3623046875
2026-06-30; 08:03:50; 977; 87; 38.03; 1008.7176171875; 25.375
2026-06-30; 08:04:50; 933; 81; 37.95; 1008.7252734375; 25.4755859375
2026-06-30; 08:05:50; 897; 75; 37.94; 1008.6888671875; 25.4638671875
2026-06-30; 08:06:50; 846; 67; 37.93; 1008.6730078125; 25.4970703125
2026-06-30; 08:07:50; 798; 60; 37.91; 1008.719140625; 25.54296875
2026-06-30; 08:08:50; 746; 52; 37.89; 1008.695390625; 25.5654296875
2026-06-30; 08:09:50; 706; 46; 37.87; 1008.720546875; 25.587890625
2026-06-30; 08:10:50; 690; 44; 37.86; 1008.6682421875; 25.6337890625
2026-06-30; 08:11:50; 637; 36; 37.82; 1008.7476953125; 25.677734375
2026-06-30; 08:12:50; 600; 30; 37.85; 1008.79515625; 25.6328125
2026-06-30; 08:13:50; 575; 26; 37.74; 1008.7708203125; 25.7783203125
2026-06-30; 08:14:50; 537; 20; 37.7; 1008.850234375; 25.857421875
2026-06-30; 08:15:51; 503; 15; 37.74; 1008.8358203125; 25.7783203125
2026-06-30; 08:16:51; 488; 13; 37.7; 1008.8010546875; 25.8349609375
2026-06-30; 08:17:51; 472; 10; 37.76; 1008.831328125; 25.7802734375
2026-06-30; 08:18:51; 451; 7; 37.73; 1008.840625; 25.8017578125
2026-06-30; 08:19:51; 435; 5; 37.73; 1008.848515625; 25.8369140625
2026-06-30; 08:20:51; 418; 2; 37.71; 1008.8375390625; 25.84765625
2026-06-30; 08:21:51; 402; 0; 37.7; 1008.87875; 25.845703125
2026-06-30; 08:22:51; 405; 0; 37.68; 1008.826484375; 25.904296875
2026-06-30; 08:23:51; 400; 0; 37.65; 1008.9134765625; 25.9248046875
2026-06-30; 08:24:51; 400; 0; 37.67; 1008.9166015625; 25.9033203125
2026-06-30; 08:25:51; 403; 0; 37.65; 1008.9499609375; 25.9599609375
2026-06-30; 08:26:51; 400; 0; 37.62; 1008.89453125; 25.9814453125
2026-06-30; 08:27:51; 405; 0; 37.64; 1008.9262109375; 25.9833984375
2026-06-30; 08:28:51; 400; 0; 37.61; 1008.886640625; 26.0166015625
2026-06-30; 08:29:51; 401; 0; 37.66; 1008.9372265625; 25.97265625
2026-06-30; 08:30:51; 400; 0; 37.58; 1008.8308984375; 26.107421875
2026-06-30; 08:31:51; 403; 0; 37.66; 1008.88015625; 25.99609375
2026-06-30; 08:32:51; 400; 0; 37.67; 1008.83890625; 25.984375
2026-06-30; 08:33:51; 403; 0; 37.65; 1008.884921875; 26.0654296875
2026-06-30; 08:34:51; 403; 0; 37.66; 1008.8722265625; 26.0302734375
2026-06-30; 08:35:51; 401; 0; 37.69; 1008.870859375; 26.021484375
2026-06-30; 08:36:51; 400; 0; 37.64; 1008.9262109375; 26.052734375
2026-06-30; 08:37:51; 401; 0; 37.64; 1008.869140625; 26.076171875
2026-06-30; 08:38:51; 400; 0; 37.65; 1008.892890625; 26.0537109375
2026-06-30; 08:39:51; 405; 0; 37.68; 1008.9038671875; 26.03125
2026-06-30; 08:40:51; 400; 0; 37.68; 1008.8753515625; 25.9619140625
2026-06-30; 08:41:51; 400; 0; 37.65; 1008.8643359375; 25.90234375
2026-06-30; 08:42:51; 400; 0; 37.7; 1008.858125; 25.8701171875
2026-06-30; 08:43:51; 409; 1; 37.75; 1008.851953125; 25.837890625
2026-06-30; 08:44:51; 406; 0; 37.73; 1008.840625; 25.8369140625
2026-06-30; 08:45:51; 405; 0; 37.67; 1008.8024609375; 25.8916015625
2026-06-30; 08:46:51; 402; 0; 37.65; 1008.77078125; 25.90234375
2026-06-30; 08:47:51; 400; 0; 37.65; 1008.8278515625; 25.87890625
2026-06-30; 08:48:51; 403; 0; 37.68; 1008.826484375; 25.787109375
2026-06-30; 08:49:51; 401; 0; 37.62; 1008.8453515625; 25.830078125
2026-06-30; 08:50:51; 403; 0; 37.59; 1008.8752734375; 25.83984375
2026-06-30; 08:51:51; 401; 0; 37.61; 1008.906953125; 25.8291015625
2026-06-30; 08:52:51; 400; 0; 37.58; 1008.8594140625; 25.8046875
2026-06-30; 08:53:51; 400; 0; 37.63; 1008.8818359375; 25.7373046875
2026-06-30; 08:54:51; 405; 0; 37.61; 1008.84984375; 25.771484375
2026-06-30; 08:55:51; 400; 0; 37.59; 1008.9037890625; 25.76953125
2026-06-30; 08:56:51; 402; 0; 37.61; 1008.8783984375; 25.736328125
2026-06-30; 08:57:51; 400; 0; 37.64; 1008.8484765625; 25.6689453125
2026-06-30; 08:58:52; 402; 0; 37.64; 1008.9055859375; 25.6455078125
2026-06-30; 08:59:52; 405; 0; 37.62; 1008.87390625; 25.6787109375
2026-06-30; 09:00:52; 411; 1; 37.69; 1008.834375; 25.63671875
2026-06-30; 09:01:52; 438; 5; 37.69; 1008.8994140625; 25.6474609375
2026-06-30; 09:02:52; 454; 8; 37.67; 1008.8024609375; 25.658203125
2026-06-30; 09:03:52; 470; 10; 37.65; 1008.8643359375; 25.6806640625
2026-06-30; 09:04:52; 475; 11; 37.68; 1008.846796875; 25.6240234375
2026-06-30; 09:05:52; 475; 11; 37.63; 1008.83265625; 25.64453125
2026-06-30; 09:06:52; 495; 14; 37.69; 1008.8994140625; 25.6015625
2026-06-30; 09:07:52; 495; 14; 37.71; 1008.894609375; 25.5791015625
2026-06-30; 09:08:52; 495; 14; 37.71; 1008.9310546875; 25.5791015625
2026-06-30; 09:09:52; 492; 14; 37.72; 1008.8819140625; 25.5673828125
2026-06-30; 09:10:52; 501; 15; 37.75; 1008.9296875; 25.5107421875
2026-06-30; 09:11:52; 496; 14; 37.82; 1008.8412890625; 25.43359375
2026-06-30; 09:12:52; 496; 14; 37.8; 1008.923515625; 25.4560546875
2026-06-30; 09:13:52; 500; 15; 37.85; 1008.82375; 25.4111328125
2026-06-30; 09:14:52; 485; 12; 37.9; 1008.874609375; 25.3330078125
2026-06-30; 09:15:52; 500; 15; 37.92; 1008.885625; 25.275390625
2026-06-30; 09:16:52; 500; 15; 37.91; 1008.89046875; 25.2861328125
2026-06-30; 09:17:52; 500; 15; 37.93; 1008.8364453125; 25.275390625
2026-06-30; 09:18:52; 500; 15; 38.0; 1008.8983203125; 25.1982421875
2026-06-30; 09:19:52; 496; 14; 38.01; 1008.8776953125; 25.1982421875
2026-06-30; 09:20:52; 502; 15; 38.02; 1008.8445703125; 25.19921875
2026-06-30; 09:21:52; 517; 17; 38.14; 1008.847578125; 25.0654296875
2026-06-30; 09:22:52; 530; 19; 38.12; 1008.7952734375; 25.076171875
2026-06-30; 09:23:52; 540; 21; 38.27; 1008.825625; 24.9443359375
2026-06-30; 09:24:52; 540; 21; 38.31; 1008.88921875; 24.9111328125
2026-06-30; 09:25:52; 546; 22; 38.39; 1008.83671875; 24.763671875
2026-06-30; 09:26:52; 552; 23; 38.43; 1008.8507421875; 24.75390625
2026-06-30; 09:27:52; 553; 23; 38.52; 1008.842890625; 24.6533203125
2026-06-30; 09:28:52; 546; 22; 38.54; 1008.7966796875; 24.6318359375
2026-06-30; 09:29:52; 553; 23; 38.73; 1008.796640625; 24.4423828125
2026-06-30; 09:30:52; 552; 23; 38.86; 1008.7740234375; 24.2744140625
2026-06-30; 09:31:52; 546; 22; 39.02; 1008.7701171875; 24.083984375
2026-06-30; 09:32:52; 530; 19; 39.25; 1008.726328125; 23.826171875
2026-06-30; 09:33:52; 540; 21; 39.36; 1008.7783984375; 23.6796875
2026-06-30; 09:34:52; 536; 20; 39.52; 1008.83140625; 23.5361328125
2026-06-30; 09:35:52; 536; 20; 39.58; 1008.8040625; 23.4453125
2026-06-30; 09:36:52; 524; 18; 39.81; 1008.8745703125; 23.2109375
2026-06-30; 09:37:52; 502; 15; 40.05; 1008.8744921875; 22.953125
2026-06-30; 09:38:52; 502; 15; 40.23; 1008.78703125; 22.7265625
2026-06-30; 09:39:53; 523; 18; 40.44; 1008.8534375; 22.619140625
2026-06-30; 09:40:53; 540; 21; 40.52; 1008.743046875; 22.6474609375
2026-06-30; 09:41:53; 545; 22; 40.39; 1008.7534765625; 22.8291015625
2026-06-30; 09:42:53; 553; 23; 40.42; 1008.7437890625; 23.0654296875
2026-06-30; 09:43:53; 592; 29; 40.55; 1008.7616796875; 22.71875
2026-06-30; 09:44:53; 594; 29; 40.75; 1008.7339453125; 22.3408203125
2026-06-30; 09:45:53; 586; 28; 40.62; 1008.757734375; 22.4521484375
2026-06-30; 09:46:53; 578; 27; 40.69; 1008.7250390625; 22.419921875
2026-06-30; 09:47:53; 570; 25; 40.71; 1008.7855859375; 22.3037109375
2026-06-30; 09:48:53; 533; 20; 40.72; 1008.743984375; 22.3037109375
2026-06-30; 09:49:53; 520; 18; 40.65; 1008.7272265625; 22.32421875
2026-06-30; 09:50:53; 496; 14; 40.71; 1008.707421875; 22.2919921875
2026-06-30; 09:51:53; 486; 13; 40.69; 1008.73296875; 22.267578125
2026-06-30; 09:52:53; 488; 13; 40.67; 1008.75875; 22.291015625
2026-06-30; 09:53:53; 480; 12; 40.69; 1008.7903125; 22.291015625
2026-06-30; 09:54:53; 475; 11; 40.79; 1008.818125; 22.142578125
2026-06-30; 09:55:53; 475; 11; 40.88; 1008.7308984375; 22.064453125
2026-06-30; 09:56:53; 506; 16; 41.31; 1008.7064453125; 21.6376953125
2026-06-30; 09:57:53; 533; 20; 42.05; 1008.711484375; 20.90625
2026-06-30; 09:58:53; 552; 23; 42.4; 1008.7598828125; 20.568359375
2026-06-30; 09:59:53; 552; 23; 42.59; 1008.722890625; 20.3173828125
2026-06-30; 10:00:53; 572; 26; 43.0; 1008.6846484375; 19.96875
2026-06-30; 10:01:53; 570; 25; 43.08; 1008.7323046875; 19.818359375
2026-06-30; 10:02:53; 574; 26; 43.52; 1008.604453125; 19.3994140625
2026-06-30; 10:03:53; 572; 26; 43.82; 1008.6294921875; 19.1162109375
2026-06-30; 10:04:53; 592; 29; 44.19; 1008.68578125; 18.7998046875
2026-06-30; 10:05:53; 599; 30; 44.43; 1008.6522265625; 18.5361328125
2026-06-30; 10:06:53; 588; 28; 44.14; 1008.6148046875; 18.71484375
2026-06-30; 10:07:53; 586; 28; 44.2; 1008.623125; 18.681640625
2026-06-30; 10:08:53; 588; 28; 43.91; 1008.5773046875; 18.9775390625
2026-06-30; 10:09:53; 588; 28; 43.89; 1008.6035546875; 19.0478515625
2026-06-30; 10:10:53; 600; 30; 43.92; 1008.6218359375; 19.060546875
2026-06-30; 10:11:53; 629; 34; 44.13; 1008.54140625; 18.84375
2026-06-30; 10:12:53; 665; 40; 44.4; 1008.6126953125; 18.55859375
2026-06-30; 10:13:53; 679; 42; 44.54; 1008.5865625; 18.3740234375
2026-06-30; 10:14:53; 650; 38; 44.72; 1008.6105859375; 18.19140625
2026-06-30; 10:15:53; 626; 34; 44.74; 1008.5554296875; 18.1923828125
2026-06-30; 10:16:53; 605; 31; 44.57; 1008.584453125; 18.31640625
2026-06-30; 10:17:53; 592; 29; 44.48; 1008.536953125; 18.419921875
2026-06-30; 10:18:53; 592; 29; 44.29; 1008.526171875; 18.56640625
2026-06-30; 10:19:53; 588; 28; 44.17; 1008.4315234375; 18.65625
2026-06-30; 10:20:53; 586; 28; 44.52; 1008.5053125; 18.349609375
2026-06-30; 10:21:53; 580; 27; 44.67; 1008.5318359375; 18.2255859375
2026-06-30; 10:22:54; 588; 28; 44.65; 1008.385; 18.236328125
2026-06-30; 10:23:54; 607; 31; 44.6; 1008.458359375; 18.2822265625
2026-06-30; 10:24:54; 615; 32; 44.49; 1008.429375; 18.3486328125
2026-06-30; 10:25:54; 605; 31; 44.71; 1008.363984375; 18.1435546875
2026-06-30; 10:26:54; 592; 29; 44.86; 1008.3612109375; 18.0185546875
2026-06-30; 10:27:54; 578; 27; 44.92; 1008.3690234375; 17.9501953125
2026-06-30; 10:28:54; 574; 26; 45.14; 1008.2821484375; 17.7919921875
2026-06-30; 10:29:54; 578; 27; 45.24; 1008.3818359375; 17.724609375
2026-06-30; 10:30:54; 599; 30; 45.39; 1008.3133203125; 17.611328125
2026-06-30; 10:31:54; 607; 31; 45.39; 1008.3133203125; 17.611328125
2026-06-30; 10:32:54; 626; 34; 45.2; 1008.28203125; 17.7705078125
2026-06-30; 10:33:54; 607; 31; 45.32; 1008.2896484375; 17.6328125
2026-06-30; 10:34:54; 600; 30; 45.18; 1008.316328125; 17.74609375
2026-06-30; 10:35:54; 607; 31; 45.52; 1008.3233203125; 17.4150390625
2026-06-30; 10:36:54; 607; 31; 45.85; 1008.327109375; 17.1767578125
2026-06-30; 10:37:54; 594; 29; 45.69; 1008.2356640625; 17.23046875
2026-06-30; 10:38:54; 572; 26; 45.67; 1008.23328125; 17.27734375
2026-06-30; 10:39:54; 552; 23; 45.66; 1008.275390625; 17.2529296875
2026-06-30; 10:40:54; 520; 18; 45.54; 1008.2023046875; 17.3916015625
2026-06-30; 10:41:54; 495; 14; 45.47; 1008.1212109375; 17.4365234375
2026-06-30; 10:42:54; 481; 12; 46.04; 1008.2208203125; 16.9931640625
2026-06-30; 10:43:54; 485; 12; 46.73; 1008.2395703125; 16.3857421875
2026-06-30; 10:44:54; 492; 14; 46.8; 1008.175703125; 16.29296875
2026-06-30; 10:45:54; 520; 18; 47.23; 1008.198203125; 15.998046875
2026-06-30; 10:46:54; 520; 18; 47.34; 1008.16765625; 15.9296875
2026-06-30; 10:47:54; 517; 17; 47.17; 1008.1116015625; 15.9599609375
2026-06-30; 10:48:54; 481; 12; 46.78; 1008.1154296875; 16.2568359375
2026-06-30; 10:49:54; 438; 5; 46.58; 1008.1567578125; 16.4287109375
2026-06-30; 10:50:54; 400; 0; 46.38; 1008.1608203125; 16.587890625
2026-06-30; 10:51:54; 400; 0; 46.18; 1008.1517578125; 16.736328125
2026-06-30; 10:52:54; 409; 1; 46.62; 1008.1116796875; 16.4306640625
2026-06-30; 10:53:54; 418; 2; 47.4; 1008.2038671875; 15.8359375
2026-06-30; 10:54:54; 426; 3; 47.56; 1008.1279296875; 15.6748046875
2026-06-30; 10:55:54; 427; 4; 47.25; 1008.150390625; 15.8671875
2026-06-30; 10:56:54; 423; 3; 46.93; 1008.1115234375; 16.1787109375
2026-06-30; 10:57:54; 400; 0; 46.56; 1008.0753515625; 16.416015625
2026-06-30; 10:58:54; 475; 11; 45.97; 1007.99515625; 16.84765625
2026-06-30; 10:59:54; 409; 1; 45.61; 1008.0154296875; 17.203125
2026-06-30; 11:00:54; 400; 0; 45.32; 1008.0374609375; 17.4541015625
2026-06-30; 11:01:54; 402; 0; 44.98; 1008.0594921875; 17.73828125
2026-06-30; 11:02:54; 400; 0; 44.67; 1008.041171875; 18.0595703125
2026-06-30; 11:03:54; 402; 0; 44.51; 1008.020078125; 18.1826171875
2026-06-30; 11:04:54; 403; 0; 44.25; 1008.0802734375; 18.421875
2026-06-30; 11:05:55; 403; 0; 44.13; 1008.0800390625; 18.5595703125
2026-06-30; 11:06:55; 400; 0; 43.95; 1008.0926953125; 18.7421875
2026-06-30; 11:07:55; 403; 0; 43.87; 1008.1108984375; 18.833984375
2026-06-30; 11:08:55; 400; 0; 43.81; 1008.1028515625; 18.9375
2026-06-30; 11:09:55; 400; 0; 43.6; 1008.01015625; 19.142578125
2026-06-30; 11:10:55; 400; 0; 43.44; 1008.009375; 19.3017578125
2026-06-30; 11:11:55; 418; 2; 43.36; 1007.9773046875; 19.404296875
2026-06-30; 11:12:55; 459; 8; 43.29; 1008.0476953125; 19.47265625
2026-06-30; 11:13:55; 500; 15; 43.2; 1008.049921875; 19.5634765625
2026-06-30; 11:14:55; 574; 26; 43.13; 1008.0548046875; 19.6552734375
2026-06-30; 11:15:55; 694; 44; 42.98; 1008.0277734375; 19.849609375
2026-06-30; 11:16:55; 897; 75; 43.0; 1007.9362109375; 19.8740234375
2026-06-30; 11:17:55; 1090; 105; 42.85; 1008.0605859375; 20.009765625
2026-06-30; 11:18:55; 1266; 131; 42.92; 1008.0767578125; 19.90625
2026-06-30; 11:19:55; 1364; 146; 42.88; 1008.0135546875; 19.9873046875
2026-06-30; 11:20:55; 1524; 187; 42.84; 1008.0082421875; 20.103515625
2026-06-30; 11:21:55; 1656; 295; 42.78; 1008.0653515625; 20.20703125
2026-06-30; 11:22:55; 1804; 454; 42.73; 1008.00734375; 20.2880859375
2026-06-30; 11:23:55; 1978; 709; 42.74; 1008.0805859375; 20.3349609375
2026-06-30; 11:24:55; 2088; 897; 42.65; 1008.0905078125; 20.37890625
2026-06-30; 11:25:55; 2146; 1022; 42.65; 1008.06171875; 20.3671875
2026-06-30; 11:26:55; 2238; 1215; 42.59; 1008.053359375; 20.470703125
2026-06-30; 11:27:55; 2342; 1443; 42.49; 1007.9530078125; 20.583984375
2026-06-30; 11:28:55; 2428; 1633; 42.46; 1008.0284375; 20.6298828125
2026-06-30; 11:29:55; 2519; 1824; 42.31; 1008.0506640625; 20.7890625
2026-06-30; 11:30:55; 2609; 2018; 42.32; 1008.00890625; 20.80078125
2026-06-30; 11:31:55; 2661; 2126; 42.26; 1008.037109375; 20.892578125
2026-06-30; 11:32:55; 2770; 2370; 42.11; 1008.051015625; 21.07421875
2026-06-30; 11:33:55; 2898; 2631; 42.1; 1008.129375; 21.0625
2026-06-30; 11:34:55; 2914; 2667; 42.03; 1008.10515625; 20.98828125
2026-06-30; 11:35:55; 2859; 2564; 41.97; 1008.1253515625; 21.080078125
2026-06-30; 11:36:55; 2965; 2774; 41.93; 1008.0699609375; 21.2431640625
2026-06-30; 11:37:55; 3090; 3033; 41.89; 1008.064453125; 21.2998046875
2026-06-30; 11:38:55; 3198; 3272; 41.78; 1008.0996875; 21.4130859375
2026-06-30; 11:39:55; 3294; 3474; 41.83; 1008.142109375; 21.439453125
2026-06-30; 11:40:55; 3418; 3749; 41.76; 1008.068203125; 21.517578125
2026-06-30; 11:41:55; 3560; 4048; 41.79; 1008.136328125; 21.51953125
2026-06-30; 11:42:55; 3633; 4204; 41.71; 1008.103828125; 21.5869140625
2026-06-30; 11:43:55; 3708; 4367; 41.61; 1008.1105078125; 21.7109375
2026-06-30; 11:44:55; 3763; 4481; 41.59; 1008.0866015625; 21.734375
2026-06-30; 11:45:55; 3823; 4606; 41.55; 1008.05234375; 21.814453125
2026-06-30; 11:46:55; 3896; 4790; 41.58; 1008.070859375; 21.7919921875
2026-06-30; 11:47:55; 3959; 4919; 41.56; 1008.0106640625; 21.8154296875
2026-06-30; 11:48:56; 4050; 5114; 41.55; 1008.1384765625; 21.826171875
2026-06-30; 11:49:56; 4124; 5249; 41.52; 1008.0909375; 21.8486328125
2026-06-30; 11:50:56; 4124; 5249; 41.52; 1008.0622265625; 21.8720703125
2026-06-30; 11:51:56; 4156; 5316; 41.45; 1008.0665625; 21.916015625
2026-06-30; 11:52:56; 4124; 5249; 41.46; 1008.05390625; 21.880859375
2026-06-30; 11:53:56; 4084; 5181; 41.46; 1008.0043359375; 21.845703125
2026-06-30; 11:54:56; 4019; 5048; 41.43; 1008.0141796875; 21.80859375
2026-06-30; 11:55:56; 3959; 4919; 41.44; 1008.00125; 21.7744140625
2026-06-30; 11:56:56; 3871; 4734; 41.49; 1007.98625; 21.7294921875
2026-06-30; 11:57:56; 3823; 4606; 41.45; 1007.98828125; 21.7158203125
2026-06-30; 11:58:56; 3790; 4536; 41.53; 1007.9346875; 21.63671875
2026-06-30; 11:59:56; 3763; 4481; 41.75; 1008.0158984375; 21.4111328125
2026-06-30; 12:00:56; 3732; 4420; 42.3; 1007.9565625; 20.8232421875
2026-06-30; 12:01:56; 3708; 4367; 42.52; 1007.950546875; 20.5380859375
2026-06-30; 12:02:56; 3633; 4204; 42.42; 1007.9367578125; 20.6044921875
2026-06-30; 12:03:56; 3560; 4048; 42.51; 1007.955703125; 20.501953125
2026-06-30; 12:04:56; 3534; 3996; 42.51; 1007.9269140625; 20.501953125
2026-06-30; 12:05:56; 3444; 3798; 42.43; 1007.98125; 20.5224609375
2026-06-30; 12:06:56; 3357; 3617; 42.33; 1007.967109375; 20.6005859375
2026-06-30; 12:07:56; 3198; 3272; 42.25; 1007.8984765625; 20.5029296875
2026-06-30; 12:08:56; 3090; 3033; 42.11; 1007.9073046875; 20.6728515625
2026-06-30; 12:09:56; 3016; 2890; 42.13; 1007.946640625; 20.7099609375
2026-06-30; 12:10:56; 2965; 2774; 42.15; 1007.9420703125; 20.734375
2026-06-30; 12:11:56; 2983; 2816; 42.64; 1007.9021484375; 20.3310546875
2026-06-30; 12:12:56; 2983; 2816; 42.71; 1007.9262109375; 20.4052734375
2026-06-30; 12:13:56; 3016; 2890; 42.67; 1007.9126953125; 20.4033203125
2026-06-30; 12:14:56; 2997; 2847; 42.53; 1007.96625; 20.50390625
2026-06-30; 12:15:56; 2983; 2816; 42.52; 1007.91390625; 20.408203125
2026-06-30; 12:16:56; 2952; 2745; 42.67; 1007.920546875; 20.203125
2026-06-30; 12:17:56; 2875; 2601; 42.73; 1007.949765625; 20.1103515625
2026-06-30; 12:18:56; 2815; 2468; 42.66; 1007.9257421875; 20.119140625
2026-06-30; 12:19:56; 2770; 2370; 42.86; 1007.8173046875; 19.9267578125
2026-06-30; 12:20:56; 2715; 2257; 43.03; 1007.8763671875; 19.79296875
2026-06-30; 12:21:56; 2676; 2159; 43.14; 1007.897734375; 19.6552734375
2026-06-30; 12:22:56; 2650; 2099; 43.17; 1007.83; 19.62109375
2026-06-30; 12:23:56; 2596; 1991; 43.11; 1007.793046875; 19.654296875
2026-06-30; 12:24:56; 2556; 1902; 43.23; 1007.8300390625; 19.529296875
2026-06-30; 12:25:56; 2499; 1779; 43.12; 1007.8453515625; 19.5478515625
2026-06-30; 12:26:56; 2441; 1653; 42.99; 1007.8053515625; 19.61328125
2026-06-30; 12:27:56; 2393; 1557; 42.87; 1007.7676171875; 19.6796875
2026-06-30; 12:28:56; 2318; 1399; 42.76; 1007.8818359375; 19.7333984375
2026-06-30; 12:29:56; 2263; 1276; 42.62; 1007.8416015625; 19.833984375
2026-06-30; 12:30:56; 2197; 1138; 42.51; 1007.8119140625; 19.900390625
2026-06-30; 12:31:57; 2146; 1022; 42.44; 1007.7956640625; 19.9326171875
2026-06-30; 12:32:57; 2104; 928; 42.36; 1007.7191796875; 19.98828125
2026-06-30; 12:33:57; 2070; 865; 42.27; 1007.757421875; 20.0556640625
2026-06-30; 12:34:57; 2030; 801; 42.2; 1007.7411328125; 20.123046875
2026-06-30; 12:35:57; 1999; 746; 42.17; 1007.71484375; 20.1689453125
2026-06-30; 12:36:57; 1956; 672; 42.13; 1007.7087890625; 20.2255859375
2026-06-30; 12:37:57; 1934; 639; 42.07; 1007.708203125; 20.3056640625
2026-06-30; 12:38:57; 1914; 607; 41.99; 1007.58203125; 20.208984375
2026-06-30; 12:39:57; 1874; 547; 42.0; 1007.6634375; 20.197265625
2026-06-30; 12:40:57; 1839; 501; 42.0; 1007.6346875; 20.173828125
2026-06-30; 12:41:57; 1811; 463; 42.23; 1007.7311328125; 19.947265625
2026-06-30; 12:42:57; 1815; 469; 43.27; 1007.5764453125; 18.962890625
2026-06-30; 12:43:57; 1815; 469; 43.55; 1007.556796875; 18.7734375
2026-06-30; 12:44:57; 1834; 494; 44.0; 1007.58703125; 18.318359375
2026-06-30; 12:45:57; 1823; 479; 44.54; 1007.576640625; 17.7216796875
2026-06-30; 12:46:57; 1796; 445; 44.25; 1007.5034375; 17.935546875
2026-06-30; 12:47:57; 34525; 398; 44.04; 1007.55546875; 18.1171875
2026-06-30; 12:48:57; 1735; 372; 43.84; 1007.458203125; 18.240234375
2026-06-30; 12:49:57; 1721; 359; 43.94; 1007.4348828125; 18.1015625
2026-06-30; 12:50:57; 1704; 342; 44.13; 1007.379765625; 17.8603515625
2026-06-30; 12:51:57; 1665; 304; 44.34; 1007.3855859375; 17.583984375
2026-06-30; 12:52:57; 1629; 272; 44.51; 1007.4219921875; 17.400390625
2026-06-30; 12:53:57; 1598; 244; 45.05; 1007.447578125; 16.96875
2026-06-30; 12:54:57; 1594; 241; 45.45; 1007.4041796875; 16.7099609375
2026-06-30; 12:55:57; 1608; 254; 45.68; 1007.3527734375; 16.4453125
2026-06-30; 12:56:57; 1624; 267; 46.21; 1007.4389453125; 16.1064453125
2026-06-30; 12:57:57; 1661; 300; 46.54; 1007.428359375; 15.8193359375
2026-06-30; 12:58:57; 1704; 342; 46.7; 1007.3897265625; 15.5859375
2026-06-30; 12:59:57; 1704; 342; 46.94; 1007.43984375; 15.3203125
2026-06-30; 13:00:57; 1699; 337; 46.86; 1007.3723828125; 15.3525390625
2026-06-30; 13:01:57; 1708; 347; 46.57; 1007.3594921875; 15.60546875
2026-06-30; 13:02:57; 1715; 354; 45.99; 1007.28265625; 16.015625
2026-06-30; 13:03:57; 1704; 342; 45.68; 1007.3527734375; 16.1591796875
2026-06-30; 13:04:57; 1672; 311; 45.4; 1007.296640625; 16.3994140625
2026-06-30; 13:05:57; 1645; 286; 45.15; 1007.3446875; 16.5810546875
2026-06-30; 13:06:57; 1623; 265; 44.99; 1007.332265625; 16.7412109375
2026-06-30; 13:07:57; 1603; 248; 45.01; 1007.305859375; 16.71875
2026-06-30; 13:08:57; 1603; 248; 45.34; 1007.23125; 16.46875
2026-06-30; 13:09:57; 1598; 244; 45.65; 1007.3058203125; 16.1220703125
2026-06-30; 13:10:57; 1603; 248; 45.65; 1007.326875; 16.0625
2026-06-30; 13:11:57; 1594; 241; 45.76; 1007.3630078125; 15.888671875
2026-06-30; 13:12:57; 1573; 225; 45.83; 1007.328359375; 15.7958984375
2026-06-30; 13:13:58; 1579; 228; 46.3; 1007.3564453125; 15.41796875
2026-06-30; 13:14:58; 1563; 217; 46.48; 1007.22625; 15.1376953125
2026-06-30; 13:15:58; 1528; 191; 46.66; 1007.174296875; 14.869140625
2026-06-30; 13:16:58; 1507; 177; 47.01; 1007.2309375; 14.60546875
2026-06-30; 13:17:58; 1465; 162; 47.18; 1007.1921875; 14.4677734375
2026-06-30; 13:18:58; 1341; 143; 46.59; 1007.2460546875; 14.8193359375
2026-06-30; 13:19:58; 1266; 131; 45.8; 1007.2735546875; 15.484375
2026-06-30; 13:20:58; 1252; 129; 45.33; 1007.0919140625; 15.8974609375
2026-06-30; 13:21:58; 1188; 120; 44.85; 1007.0830859375; 16.3203125
2026-06-30; 13:22:58; 1224; 125; 44.51; 1007.096796875; 16.65234375
2026-06-30; 13:23:58; 1324; 140; 44.21; 1007.07359375; 16.998046875
2026-06-30; 13:24:58; 1465; 162; 44.01; 1006.9894140625; 17.12109375
2026-06-30; 13:25:58; 1487; 165; 43.78; 1006.9890234375; 17.2548828125
2026-06-30; 13:26:58; 1432; 157; 43.63; 1006.991171875; 17.2373046875
2026-06-30; 13:27:58; 1364; 146; 43.53; 1006.9780078125; 17.3994140625
2026-06-30; 13:28:58; 1416; 154; 43.44; 1007.001171875; 17.5859375
2026-06-30; 13:29:58; 1528; 191; 43.19; 1006.9033984375; 17.8955078125
2026-06-30; 13:30:58; 1594; 241; 43.12; 1006.887421875; 17.9638671875
2026-06-30; 13:31:58; 1623; 265; 42.94; 1006.8993359375; 18.00390625
2026-06-30; 13:32:58; 1651; 290; 42.78; 1006.9064453125; 18.1396484375
2026-06-30; 13:33:58; 1633; 276; 42.72; 1006.8485546875; 17.9599609375
2026-06-30; 13:34:58; 1598; 244; 42.63; 1006.87953125; 17.779296875
2026-06-30; 13:35:58; 1532; 193; 42.68; 1006.89265625; 17.78125
2026-06-30; 13:36:58; 1416; 154; 42.58; 1006.8373046875; 17.77734375
2026-06-30; 13:37:58; 1224; 125; 42.52; 1006.7424609375; 17.787109375
2026-06-30; 13:38:58; 1090; 105; 42.45; 1006.7969140625; 17.87890625
2026-06-30; 13:39:58; 1017; 93; 42.37; 1006.7859765625; 17.9462890625
2026-06-30; 13:40:58; 1224; 125; 42.32; 1006.8012109375; 18.2041015625
2026-06-30; 13:41:58; 1536; 196; 42.18; 1006.7244140625; 18.482421875
2026-06-30; 13:42:58; 1633; 276; 42.18; 1006.810625; 18.26953125
2026-06-30; 13:43:58; 1633; 276; 42.05; 1006.72828125; 18.2412109375
2026-06-30; 13:44:58; 1661; 300; 42.01; 1006.7516015625; 18.369140625
2026-06-30; 13:45:58; 1704; 342; 41.87; 1006.760859375; 18.5400390625
2026-06-30; 13:46:58; 1744; 385; 41.85; 1006.700390625; 18.5751953125
2026-06-30; 13:47:58; 1783; 431; 41.79; 1006.757265625; 18.6435546875
2026-06-30; 13:48:58; 1811; 463; 41.74; 1006.6786328125; 18.6650390625
2026-06-30; 13:49:58; 1834; 494; 41.71; 1006.724921875; 18.69921875
2026-06-30; 13:50:58; 1852; 519; 41.65; 1006.6303125; 18.708984375
2026-06-30; 13:51:58; 1858; 527; 41.57; 1006.6765625; 18.7294921875
2026-06-30; 13:52:58; 1863; 535; 41.58; 1006.6348046875; 18.7294921875
2026-06-30; 13:53:58; 1885; 564; 41.52; 1006.6344921875; 18.7626953125
2026-06-30; 13:54:58; 1914; 607; 41.33; 1006.650625; 18.966796875
2026-06-30; 13:55:58; 1956; 672; 41.36; 1006.58296875; 18.9443359375
2026-06-30; 13:56:59; 1978; 709; 41.36; 1006.6116796875; 18.814453125
2026-06-30; 13:57:59; 1978; 709; 41.35; 1006.530703125; 18.791015625
2026-06-30; 13:58:59; 1946; 657; 41.19; 1006.5522265625; 18.8203125
2026-06-30; 13:59:59; 1940; 649; 41.26; 1006.490390625; 18.740234375
2026-06-30; 14:00:59; 1946; 657; 41.22; 1006.5419921875; 18.8330078125
2026-06-30; 14:01:59; 1978; 709; 41.22; 1006.5054296875; 18.8095703125
2026-06-30; 14:02:59; 1986; 723; 41.25; 1006.466796875; 18.7158203125
2026-06-30; 14:03:59; 1986; 723; 41.23; 1006.442890625; 18.609375
2026-06-30; 14:04:59; 1914; 607; 41.17; 1006.463046875; 18.3359375
2026-06-30; 14:05:59; 1811; 463; 41.15; 1006.4811328125; 18.2646484375
2026-06-30; 14:06:59; 1766; 410; 41.15; 1006.402890625; 18.39453125
2026-06-30; 14:07:59; 1783; 431; 41.12; 1006.405234375; 18.5341796875
2026-06-30; 14:08:59; 1823; 479; 41.21; 1006.40359375; 18.431640625
2026-06-30; 14:09:59; 1852; 519; 41.14; 1006.3584765625; 18.5234375
2026-06-30; 14:10:59; 1880; 555; 41.17; 1006.3977734375; 18.5009765625
2026-06-30; 14:11:59; 1910; 599; 41.09; 1006.365625; 18.544921875
2026-06-30; 14:12:59; 1934; 639; 40.98; 1006.33578125; 18.623046875
2026-06-30; 14:13:59; 1946; 657; 41.12; 1006.2617578125; 18.4755859375
2026-06-30; 14:14:59; 1934; 639; 41.08; 1006.2925; 18.4150390625
2026-06-30; 14:15:59; 1920; 617; 41.01; 1006.2969140625; 18.388671875
2026-06-30; 14:16:59; 1900; 586; 41.04; 1006.3075; 18.3193359375
2026-06-30; 14:17:59; 1910; 599; 41.05; 1006.266171875; 18.3544921875
2026-06-30; 14:18:59; 1920; 617; 40.96; 1006.246640625; 18.375
2026-06-30; 14:19:59; 1885; 564; 40.96; 1006.1684375; 18.1865234375
2026-06-30; 14:20:59; 1858; 527; 40.9; 1006.15984375; 18.2666015625
2026-06-30; 14:21:59; 1885; 564; 40.92; 1006.13421875; 18.279296875
2026-06-30; 14:22:59; 1920; 617; 40.93; 1006.17078125; 18.208984375
2026-06-30; 14:23:59; 1894; 576; 40.93; 1006.1786328125; 18.115234375
2026-06-30; 14:24:59; 1863; 535; 40.99; 1006.12984375; 18.05859375
2026-06-30; 14:25:59; 1874; 547; 40.9; 1006.1311328125; 18.1494140625
2026-06-30; 14:26:59; 1874; 547; 40.91; 1006.175859375; 18.0791015625
2026-06-30; 14:27:59; 1874; 547; 40.87; 1006.11234375; 18.1005859375
2026-06-30; 14:28:59; 1874; 547; 41.0; 1006.116875; 17.9765625
2026-06-30; 14:29:59; 1880; 555; 40.93; 1006.02734375; 18.0439453125
2026-06-30; 14:30:59; 1885; 564; 40.94; 1006.043046875; 18.0087890625
2026-06-30; 14:31:59; 1885; 564; 40.88; 1006.0628515625; 18.0068359375
2026-06-30; 14:32:59; 1874; 547; 40.9; 1006.0945703125; 18.0078125
2026-06-30; 14:33:59; 1910; 599; 40.84; 1006.0286328125; 18.099609375
2026-06-30; 14:34:59; 1914; 607; 40.92; 1006.0402734375; 17.9736328125
2026-06-30; 14:35:59; 1946; 657; 40.92; 1006.019453125; 17.9853515625
2026-06-30; 14:36:59; 1956; 672; 40.9; 1006.0085546875; 17.9130859375
2026-06-30; 14:37:59; 1914; 607; 40.97; 1005.954921875; 17.6806640625
2026-06-30; 14:38:59; 1863; 535; 40.8; 1005.93671875; 17.7685546875
2026-06-30; 14:40:00; 1815; 469; 40.76; 1005.9308984375; 17.6962890625
2026-06-30; 14:41:00; 1772; 417; 40.82; 1005.9760546875; 17.67578125
2026-06-30; 14:42:00; 1772; 417; 40.84; 1005.9504296875; 17.7587890625
2026-06-30; 14:43:00; 1804; 454; 40.91; 1005.9384765625; 17.7490234375
2026-06-30; 14:44:00; 1848; 513; 40.97; 1005.8975390625; 17.740234375
2026-06-30; 14:45:00; 1863; 535; 40.91; 1005.8811328125; 17.7373046875
2026-06-30; 14:46:00; 1885; 564; 41.0; 1005.9081640625; 17.646484375
2026-06-30; 14:47:00; 1900; 586; 41.0; 1005.88734375; 17.611328125
2026-06-30; 14:48:00; 1914; 607; 41.05; 1005.893125; 17.6015625
2026-06-30; 14:49:00; 1934; 639; 40.93; 1005.94125; 17.69140625
2026-06-30; 14:50:00; 1934; 639; 41.06; 1005.9375390625; 17.5546875
2026-06-30; 14:51:00; 1946; 657; 41.02; 1005.8821875; 17.5537109375
2026-06-30; 14:52:00; 1956; 672; 41.15; 1005.943671875; 17.4521484375
2026-06-30; 14:53:00; 1986; 723; 41.13; 1005.8548828125; 17.498046875
2026-06-30; 14:54:00; 2023; 789; 41.06; 1005.8019140625; 17.5546875
2026-06-30; 14:55:00; 1999; 746; 41.13; 1005.826171875; 17.439453125
2026-06-30; 14:56:00; 1956; 672; 41.16; 1005.7872265625; 17.4404296875
2026-06-30; 14:57:00; 1956; 672; 41.14; 1005.75578125; 17.4521484375
2026-06-30; 14:58:00; 1978; 709; 41.11; 1005.7865234375; 17.4619140625
2026-06-30; 14:59:00; 2007; 760; 41.12; 1005.716484375; 17.462890625
2026-06-30; 15:00:00; 2015; 773; 41.24; 1005.7331640625; 17.314453125
2026-06-30; 15:01:00; 2030; 801; 41.27; 1005.7023828125; 17.3154296875
2026-06-30; 15:02:00; 2054; 833; 41.32; 1005.7080859375; 17.3046875
2026-06-30; 15:03:00; 2062; 846; 41.23; 1005.631328125; 17.3369140625
2026-06-30; 15:04:00; 2088; 897; 41.48; 1005.587109375; 17.158203125
2026-06-30; 15:05:00; 2104; 928; 41.4; 1005.583828125; 17.2255859375
2026-06-30; 15:06:00; 2104; 928; 41.56; 1005.655625; 17.0546875
2026-06-30; 15:07:00; 2112; 946; 41.68; 1005.643671875; 16.9765625
2026-06-30; 15:08:00; 2112; 946; 41.55; 1005.668671875; 17.03125
2026-06-30; 15:09:00; 2112; 946; 41.67; 1005.5992578125; 16.9287109375
2026-06-30; 15:10:00; 2104; 928; 41.74; 1005.6444921875; 16.873046875
2026-06-30; 15:11:00; 2070; 865; 41.88; 1005.606328125; 16.701171875
2026-06-30; 15:12:00; 2070; 865; 41.84; 1005.600703125; 16.7939453125
2026-06-30; 15:13:00; 2023; 789; 41.77; 1005.4983203125; 16.7919921875
2026-06-30; 15:14:00; 1994; 736; 41.91; 1005.5672265625; 16.7021484375
2026-06-30; 15:15:00; 1940; 649; 41.8; 1005.5091796875; 16.7685546875
2026-06-30; 15:16:00; 1885; 564; 41.82; 1005.4752734375; 16.6982421875
2026-06-30; 15:17:00; 1858; 527; 41.79; 1005.4357421875; 16.7685546875
2026-06-30; 15:18:00; 1790; 439; 41.83; 1005.4126171875; 16.69921875
2026-06-30; 15:19:00; 1761; 404; 41.76; 1005.4748046875; 16.767578125
2026-06-30; 15:20:00; 1757; 398; 41.85; 1005.4440234375; 16.7119140625
2026-06-30; 15:21:00; 1783; 431; 41.83; 1005.470078125; 16.74609375
2026-06-30; 15:22:00; 1839; 501; 41.76; 1005.41734375; 16.837890625
2026-06-30; 15:23:01; 1885; 564; 41.59; 1005.386875; 16.9736328125
2026-06-30; 15:24:01; 1920; 617; 41.61; 1005.3819921875; 16.9970703125
2026-06-30; 15:25:01; 1934; 639; 41.59; 1005.4364453125; 17.0087890625
2026-06-30; 15:26:01; 1934; 639; 41.55; 1005.43890625; 17.0546875
2026-06-30; 15:27:01; 1934; 639; 41.26; 1005.449140625; 17.255859375
2026-06-30; 15:28:01; 1934; 639; 41.46; 1005.42; 17.1572265625
2026-06-30; 15:29:01; 1946; 657; 41.38; 1005.429453125; 17.177734375
2026-06-30; 15:30:01; 1978; 709; 41.46; 1005.4121484375; 17.1689453125
2026-06-30; 15:31:01; 1978; 709; 41.46; 1005.4121484375; 17.1337890625
2026-06-30; 15:32:01; 1994; 736; 41.32; 1005.4291796875; 17.2578125
2026-06-30; 15:33:01; 1999; 746; 41.44; 1005.4952734375; 17.16796875
2026-06-30; 15:34:01; 1999; 746; 41.46; 1005.4487109375; 17.1455078125
2026-06-30; 15:35:01; 1999; 746; 41.51; 1005.3836328125; 17.0771484375
2026-06-30; 15:36:01; 1999; 746; 41.48; 1005.3078125; 17.146484375
2026-06-30; 15:37:01; 1972; 698; 41.47; 1005.3208203125; 17.111328125
2026-06-30; 15:38:01; 1946; 657; 41.41; 1005.36203125; 17.1552734375
2026-06-30; 15:39:01; 1914; 607; 41.43; 1005.3647265625; 17.14453125
2026-06-30; 15:40:01; 1858; 527; 41.47; 1005.255546875; 17.0283203125
2026-06-30; 15:41:01; 1811; 463; 41.49; 1005.3156640625; 17.0166015625
2026-06-30; 15:42:01; 1735; 372; 41.53; 1005.2065234375; 16.970703125
2026-06-30; 15:43:01; 1692; 331; 41.45; 1005.23171875; 17.05078125
2026-06-30; 15:44:01; 1645; 286; 41.5; 1005.2739453125; 16.9814453125
2026-06-30; 15:45:01; 1603; 248; 41.45; 1005.252578125; 17.015625
2026-06-30; 15:46:01; 1579; 228; 41.27; 1005.156953125; 17.185546875
2026-06-30; 15:47:01; 1591; 237; 41.42; 1005.1767578125; 17.1201171875
2026-06-30; 15:48:01; 1623; 265; 41.51; 1005.2609375; 17.064453125
2026-06-30; 15:49:01; 1661; 300; 41.49; 1005.2373828125; 17.111328125
2026-06-30; 15:50:01; 1692; 331; 41.61; 1005.2096875; 17.044921875
2026-06-30; 15:51:01; 1708; 347; 41.61; 1005.2175; 17.021484375
2026-06-30; 15:52:01; 1738; 377; 41.66; 1005.1526953125; 16.9765625
2026-06-30; 15:53:01; 1761; 404; 41.67; 1005.1109765625; 17.01171875
2026-06-30; 15:54:01; 1766; 410; 41.58; 1005.14140625; 17.0439453125
2026-06-30; 15:55:01; 1778; 425; 41.49; 1005.2008203125; 17.146484375
2026-06-30; 15:56:01; 1811; 463; 41.54; 1005.1726171875; 17.1484375
2026-06-30; 15:57:01; 1829; 487; 41.61; 1005.0948046875; 17.091796875
2026-06-30; 15:58:01; 1874; 547; 41.51; 1005.1251953125; 17.1357421875
2026-06-30; 15:59:01; 1894; 576; 41.45; 1005.145546875; 17.2158203125
2026-06-30; 16:00:01; 1910; 599; 41.49; 1005.1225390625; 17.1943359375
2026-06-30; 16:01:01; 1900; 586; 41.46; 1005.067578125; 17.2158203125
2026-06-30; 16:02:01; 1910; 599; 41.18; 1005.09328125; 17.44140625
2026-06-30; 16:03:01; 1920; 617; 41.42; 1005.069765625; 17.2978515625
2026-06-30; 16:04:01; 1934; 639; 41.31; 1005.0399609375; 17.3876953125
2026-06-30; 16:05:01; 1956; 672; 41.38; 1005.0275; 17.2607421875
2026-06-30; 16:06:02; 1910; 599; 41.47; 1005.025859375; 17.181640625
2026-06-30; 16:07:02; 1874; 547; 41.33; 1005.063828125; 17.26953125
2026-06-30; 16:08:02; 1834; 494; 41.47; 1005.0049609375; 17.146484375
2026-06-30; 16:09:02; 1858; 527; 41.59; 1005.034375; 17.138671875
2026-06-30; 16:10:02; 1900; 586; 41.46; 1005.04671875; 17.298828125
2026-06-30; 16:11:02; 1934; 639; 41.5; 1005.023359375; 17.265625
2026-06-30; 16:12:02; 1986; 723; 41.52; 1004.9607421875; 17.2421875
2026-06-30; 16:13:02; 2007; 760; 41.56; 1004.908984375; 17.2314453125
2026-06-30; 16:14:02; 2039; 819; 41.68; 1004.946484375; 17.1767578125
2026-06-30; 16:15:02; 2062; 846; 41.69; 1004.9412890625; 17.201171875
2026-06-30; 16:16:02; 2078; 878; 41.78; 1004.931640625; 17.1455078125
2026-06-30; 16:17:02; 2094; 911; 41.72; 1004.8734765625; 17.25
2026-06-30; 16:18:02; 2120; 963; 41.78; 1004.8741796875; 17.2041015625
2026-06-30; 16:19:02; 2120; 963; 41.72; 1004.923046875; 17.2490234375
2026-06-30; 16:20:02; 2104; 928; 41.72; 1004.8447265625; 17.1904296875
2026-06-30; 16:21:02; 2054; 833; 41.68; 1004.8681640625; 17.201171875
2026-06-30; 16:22:02; 1999; 746; 41.69; 1004.912578125; 17.166015625
2026-06-30; 16:23:02; 1940; 649; 41.68; 1004.8028515625; 17.1650390625
2026-06-30; 16:24:02; 1894; 576; 41.74; 1004.8688671875; 17.1083984375
2026-06-30; 16:25:02; 1834; 494; 41.75; 1004.8349609375; 17.14453125
2026-06-30; 16:26:02; 1815; 469; 41.83; 1004.7518359375; 17.0771484375
2026-06-30; 16:27:02; 1815; 469; 41.97; 1004.763046875; 16.9873046875
2026-06-30; 16:28:02; 1829; 487; 41.71; 1004.7062890625; 17.1669921875
2026-06-30; 16:29:02; 1815; 469; 41.84; 1004.7387890625; 17.0654296875
2026-06-30; 16:30:02; 1815; 469; 41.51; 1004.7153515625; 17.32421875
2026-06-30; 16:31:02; 1823; 479; 41.6; 1004.6483203125; 17.3271484375
2026-06-30; 16:32:02; 1848; 513; 41.63; 1004.5883203125; 17.29296875
2026-06-30; 16:33:02; 1863; 535; 41.54; 1004.5982421875; 17.361328125
2026-06-30; 16:34:02; 1848; 513; 41.55; 1004.6348046875; 17.302734375
2026-06-30; 16:35:02; 1815; 469; 41.28; 1004.590703125; 17.4921875
2026-06-30; 16:36:02; 1772; 417; 41.42; 1004.6025390625; 17.4150390625
2026-06-30; 16:37:02; 1790; 439; 41.23; 1004.540625; 17.5966796875
2026-06-30; 16:38:02; 1796; 445; 41.31; 1004.48640625; 17.5517578125
2026-06-30; 16:39:02; 1829; 487; 41.13; 1004.5347265625; 17.7216796875
2026-06-30; 16:40:02; 1839; 501; 41.07; 1004.46890625; 17.7314453125
2026-06-30; 16:41:02; 1823; 479; 40.89; 1004.50890625; 17.9130859375
2026-06-30; 16:42:02; 1815; 469; 40.88; 1004.378125; 17.9365234375
2026-06-30; 16:43:02; 1815; 469; 40.86; 1004.3962890625; 17.923828125
2026-06-30; 16:44:02; 1834; 494; 40.9; 1004.3525; 17.8779296875
2026-06-30; 16:45:02; 1874; 547; 40.92; 1004.3841796875; 17.890625
2026-06-30; 16:46:02; 1885; 564; 40.79; 1004.40078125; 18.0146484375
2026-06-30; 16:47:02; 1894; 576; 40.7; 1004.2957421875; 18.1171875
2026-06-30; 16:48:02; 1934; 639; 40.63; 1004.3080859375; 18.138671875
2026-06-30; 16:49:03; 1934; 639; 40.68; 1004.3213671875; 18.10546875
2026-06-30; 16:50:03; 1934; 639; 40.6; 1004.3180078125; 18.1611328125
2026-06-30; 16:51:03; 1920; 617; 40.64; 1004.287265625; 18.115234375
2026-06-30; 16:52:03; 1880; 555; 40.69; 1004.22234375; 18.046875
2026-06-30; 16:53:03; 1900; 586; 40.7; 1004.217578125; 18.05859375
2026-06-30; 16:54:03; 1894; 576; 40.63; 1004.27125; 18.103515625
2026-06-30; 16:55:03; 1894; 576; 40.78; 1004.2130078125; 17.9912109375
2026-06-30; 16:56:03; 1885; 564; 40.7; 1004.1888671875; 18.046875
2026-06-30; 16:57:03; 1880; 555; 40.59; 1004.1302734375; 18.1015625
2026-06-30; 16:58:03; 1858; 527; 40.55; 1004.12453125; 18.146484375
2026-06-30; 16:59:03; 1874; 547; 40.47; 1004.084609375; 18.19140625
2026-06-30; 17:00:03; 1874; 547; 40.43; 1004.0501953125; 18.259765625
2026-06-30; 17:01:03; 1880; 555; 40.45; 1004.13890625; 18.2607421875
2026-06-30; 17:02:03; 1894; 576; 40.45; 1004.110234375; 18.2490234375
2026-06-30; 17:03:03; 1874; 547; 40.4; 1004.1539453125; 18.2939453125
2026-06-30; 17:04:03; 1848; 513; 40.51; 1004.17640625; 18.1689453125
2026-06-30; 17:05:03; 1815; 469; 40.5; 1004.2101953125; 18.1806640625
2026-06-30; 17:06:03; 1790; 439; 40.53; 1004.1999609375; 18.1337890625
2026-06-30; 17:07:03; 1778; 425; 40.48; 1004.15765625; 18.21484375
2026-06-30; 17:08:03; 1804; 454; 40.56; 1004.1610546875; 18.1943359375
2026-06-30; 17:09:03; 1772; 417; 40.68; 1004.149296875; 18.0341796875
2026-06-30; 17:10:03; 1677; 316; 40.53; 1004.0566015625; 18.1103515625
2026-06-30; 17:11:03; 1656; 295; 40.61; 1004.0964453125; 18.1025390625
2026-06-30; 17:12:03; 1645; 286; 40.42; 1004.0628515625; 18.259765625
2026-06-30; 17:13:03; 1661; 300; 40.46; 1004.1054296875; 18.2021484375
2026-06-30; 17:14:03; 1665; 304; 40.55; 1004.0306640625; 18.146484375
2026-06-30; 17:15:03; 1661; 300; 40.51; 1004.17640625; 18.1806640625
2026-06-30; 17:16:03; 1623; 265; 40.54; 1004.0801171875; 18.134765625
2026-06-30; 17:17:03; 1583; 231; 40.53; 1004.11390625; 18.1572265625
2026-06-30; 17:18:03; 1579; 228; 40.44; 1004.045078125; 18.2607421875
2026-06-30; 17:19:03; 1603; 248; 40.4; 1004.0601171875; 18.2939453125
2026-06-30; 17:20:03; 1612; 257; 40.42; 1004.0709765625; 18.271484375
2026-06-30; 17:21:03; 1623; 265; 40.38; 1004.0938671875; 18.31640625
2026-06-30; 17:22:03; 1624; 267; 40.34; 1004.080234375; 18.3857421875
2026-06-30; 17:23:03; 1629; 272; 40.42; 1004.013671875; 18.330078125
2026-06-30; 17:24:03; 1624; 267; 40.35; 1004.046484375; 18.3974609375
2026-06-30; 17:25:03; 1616; 261; 40.32; 1003.991484375; 18.431640625
2026-06-30; 17:26:03; 1623; 265; 40.35; 1004.03859375; 18.4453125
2026-06-30; 17:27:03; 1591; 237; 40.29; 1004.0587109375; 18.4892578125
2026-06-30; 17:28:03; 1568; 220; 40.23; 1003.97234375; 18.5107421875
2026-06-30; 17:29:03; 1547; 204; 40.29; 1003.9440625; 18.4541015625
2026-06-30; 17:30:03; 1524; 187; 40.3; 1003.98875; 18.4892578125
2026-06-30; 17:31:03; 1532; 193; 40.36; 1003.9399609375; 18.4453125
2026-06-30; 17:32:04; 1519; 184; 40.35; 1004.0099609375; 18.421875
2026-06-30; 17:33:04; 1536; 196; 40.41; 1003.8543359375; 18.423828125
2026-06-30; 17:34:04; 1547; 204; 40.26; 1003.9829296875; 18.546875
2026-06-30; 17:35:04; 1536; 196; 40.31; 1003.9758203125; 18.513671875
2026-06-30; 17:36:04; 1543; 201; 40.34; 1003.9082421875; 18.5146484375
2026-06-30; 17:37:04; 1528; 191; 40.36; 1003.8905078125; 18.421875
2026-06-30; 17:38:04; 1487; 165; 40.36; 1003.853984375; 18.43359375
2026-06-30; 17:39:04; 1341; 143; 40.41; 1003.8256640625; 18.306640625
2026-06-30; 17:40:04; 1302; 137; 40.32; 1003.856015625; 18.361328125
2026-06-30; 17:41:04; 1153; 114; 40.21; 1003.7400390625; 18.498046875
2026-06-30; 17:42:04; 1224; 125; 40.23; 1003.7066015625; 18.5341796875
2026-06-30; 17:43:04; 1266; 131; 40.17; 1003.7058984375; 18.5673828125
2026-06-30; 17:44:04; 1252; 129; 40.2; 1003.58890625; 18.521484375
2026-06-30; 17:45:04; 1252; 129; 40.3; 1003.6734765625; 18.4775390625
2026-06-30; 17:46:04; 1397; 151; 40.32; 1003.6762109375; 18.501953125
2026-06-30; 17:47:04; 1498; 170; 40.18; 1003.6434765625; 18.6376953125
2026-06-30; 17:48:04; 1528; 191; 40.25; 1003.6519921875; 18.60546875
2026-06-30; 17:49:04; 1519; 184; 40.35; 1003.608671875; 18.45703125
2026-06-30; 17:50:04; 1494; 168; 40.41; 1003.625; 18.376953125
2026-06-30; 17:51:04; 1445; 159; 40.3; 1003.538046875; 18.490234375
2026-06-30; 17:52:04; 1528; 191; 40.3; 1003.5666796875; 18.537109375
2026-06-30; 17:53:04; 1568; 220; 40.23; 1003.5919921875; 18.6162109375
2026-06-30; 17:54:04; 1612; 257; 40.17; 1003.5053515625; 18.7080078125
2026-06-30; 17:55:04; 1651; 290; 40.18; 1003.578359375; 18.7197265625
2026-06-30; 17:56:04; 1686; 325; 40.21; 1003.539453125; 18.6630859375
2026-06-30; 17:57:04; 1692; 331; 40.19; 1003.601875; 18.591796875
2026-06-30; 17:58:04; 1686; 325; 40.18; 1003.5575390625; 18.6259765625
2026-06-30; 17:59:04; 1677; 316; 40.14; 1003.62984375; 18.6953125
2026-06-30; 18:00:04; 1686; 325; 40.15; 1003.6250390625; 18.68359375
2026-06-30; 18:01:04; 1704; 342; 40.18; 1003.5496875; 18.6845703125
2026-06-30; 18:02:04; 1708; 347; 40.15; 1003.645546875; 18.75390625
2026-06-30; 18:03:04; 1726; 364; 40.2; 1003.638359375; 18.673828125
2026-06-30; 18:04:04; 1692; 331; 40.29; 1003.60015625; 18.6064453125
2026-06-30; 18:05:04; 1686; 325; 40.42; 1003.641015625; 18.4599609375
2026-06-30; 18:06:04; 1682; 321; 40.31; 1003.660546875; 18.548828125
2026-06-30; 18:07:04; 1704; 342; 40.26; 1003.58171875; 18.67578125
2026-06-30; 18:08:04; 1721; 359; 40.26; 1003.6469140625; 18.6416015625
2026-06-30; 18:09:04; 1735; 372; 40.22; 1003.63328125; 18.7216796875
2026-06-30; 18:10:04; 1721; 359; 40.34; 1003.6294921875; 18.5625
2026-06-30; 18:11:04; 1661; 300; 40.36; 1003.5465234375; 18.46875
2026-06-30; 18:12:04; 1608; 254; 40.31; 1003.4964453125; 18.513671875
2026-06-30; 18:13:04; 1563; 217; 40.47; 1003.539921875; 18.40234375
2026-06-30; 18:14:04; 1487; 165; 40.41; 1003.5103515625; 18.400390625
2026-06-30; 18:15:05; 1445; 159; 40.31; 1003.4885546875; 18.572265625
2026-06-30; 18:16:05; 1445; 159; 40.19; 1003.4586328125; 18.638671875
2026-06-30; 18:17:05; 1445; 159; 40.15; 1003.4736328125; 18.765625
2026-06-30; 18:18:05; 1536; 196; 40.22; 1003.4040234375; 18.7216796875
2026-06-30; 18:19:05; 1579; 228; 40.25; 1003.4227734375; 18.7109375
2026-06-30; 18:20:05; 1623; 265; 40.28; 1003.498515625; 18.7236328125
2026-06-30; 18:21:05; 1665; 304; 40.32; 1003.3974609375; 18.6552734375
2026-06-30; 18:22:05; 1692; 331; 40.31; 1003.3739453125; 18.6669921875
2026-06-30; 18:23:05; 1686; 325; 40.24; 1003.3289453125; 18.67578125
2026-06-30; 18:24:05; 1656; 295; 40.33; 1003.38453125; 18.5732421875
2026-06-30; 18:25:05; 1623; 265; 40.33; 1003.3480078125; 18.5849609375
2026-06-30; 18:26:05; 1623; 265; 40.29; 1003.3708984375; 18.6298828125
2026-06-30; 18:27:05; 1624; 267; 40.46; 1003.3522265625; 18.53125
2026-06-30; 18:28:05; 1624; 267; 40.5; 1003.35796875; 18.451171875
2026-06-30; 18:29:05; 1645; 286; 40.59; 1003.262265625; 18.3837890625
2026-06-30; 18:30:05; 1661; 300; 40.61; 1003.3301171875; 18.373046875
2026-06-30; 18:31:05; 1708; 347; 40.67; 1003.338515625; 18.328125
2026-06-30; 18:32:05; 1735; 372; 40.49; 1003.3706640625; 18.4736328125
2026-06-30; 18:33:05; 1735; 372; 40.52; 1003.3528515625; 18.462890625
2026-06-30; 18:34:05; 1738; 377; 40.58; 1003.2830859375; 18.4189453125
2026-06-30; 18:35:05; 1744; 385; 40.5; 1003.2927734375; 18.474609375
2026-06-30; 18:36:05; 1735; 372; 40.6; 1003.3352734375; 18.4072265625
2026-06-30; 18:37:05; 1726; 364; 40.69; 1003.333359375; 18.3525390625
2026-06-30; 18:38:05; 1738; 377; 40.69; 1003.3620703125; 18.2822265625
2026-06-30; 18:39:05; 1715; 354; 40.56; 1003.2516796875; 18.39453125
2026-06-30; 18:40:05; 1735; 372; 40.66; 1003.315; 18.31640625
2026-06-30; 18:41:05; 1744; 385; 40.52; 1003.2955078125; 18.4873046875
2026-06-30; 18:42:05; 1772; 417; 40.5; 1003.329296875; 18.509765625
2026-06-30; 18:43:05; 1796; 445; 40.69; 1003.3412109375; 18.3525390625
2026-06-30; 18:44:05; 1852; 519; 40.62; 1003.3458203125; 18.4326171875
2026-06-30; 18:45:05; 1894; 576; 40.75; 1003.4277734375; 18.3427734375
2026-06-30; 18:46:05; 1914; 607; 40.71; 1003.4015625; 18.318359375
2026-06-30; 18:47:05; 1894; 576; 40.76; 1003.3861328125; 18.2255859375
2026-06-30; 18:48:05; 1811; 463; 40.68; 1003.382890625; 18.24609375
2026-06-30; 18:49:05; 1772; 417; 40.75; 1003.3991015625; 18.1083984375
2026-06-30; 18:50:05; 1704; 342; 40.71; 1003.34421875; 18.1181640625
2026-06-30; 18:51:05; 1661; 300; 40.64; 1003.3409765625; 18.162109375
2026-06-30; 18:52:05; 1629; 272; 40.52; 1003.3241796875; 18.298828125
2026-06-30; 18:53:05; 1629; 272; 40.53; 1003.33984375; 18.333984375
2026-06-30; 18:54:05; 1645; 286; 40.45; 1003.39359375; 18.4375
2026-06-30; 18:55:05; 1665; 304; 40.39; 1003.4503125; 18.482421875
2026-06-30; 18:56:05; 1661; 300; 40.57; 1003.402890625; 18.359375
2026-06-30; 18:57:06; 1672; 311; 40.53; 1003.3763671875; 18.3701171875
2026-06-30; 18:58:06; 1672; 311; 40.46; 1003.4095703125; 18.4609375
2026-06-30; 18:59:06; 1715; 354; 40.37; 1003.390234375; 18.5517578125
2026-06-30; 19:00:06; 1761; 404; 40.42; 1003.4690234375; 18.5537109375
2026-06-30; 19:01:06; 1766; 410; 40.46; 1003.4095703125; 18.44921875
2026-06-30; 19:02:06; 1744; 385; 40.46; 1003.4382421875; 18.42578125
2026-06-30; 19:03:06; 1704; 342; 40.48; 1003.469609375; 18.3330078125
2026-06-30; 19:04:06; 1661; 300; 40.53; 1003.511875; 18.333984375
2026-06-30; 19:05:06; 1629; 272; 40.45; 1003.487421875; 18.390625
2026-06-30; 19:06:06; 1594; 241; 40.46; 1003.5320703125; 18.40234375
2026-06-30; 19:07:06; 1598; 244; 40.39; 1003.5284375; 18.4697265625
2026-06-30; 19:08:06; 1623; 265; 40.39; 1003.4424609375; 18.4580078125
2026-06-30; 19:09:06; 1638; 280; 40.22; 1003.4613671875; 18.6513671875
2026-06-30; 19:10:06; 1672; 311; 40.11; 1003.53328125; 18.7880859375
2026-06-30; 19:11:06; 1682; 321; 40.14; 1003.437109375; 18.77734375
2026-06-30; 19:12:06; 1692; 331; 40.27; 1003.4333203125; 18.6650390625
2026-06-30; 19:13:06; 1686; 325; 40.32; 1003.446953125; 18.6083984375
2026-06-30; 19:14:06; 1699; 337; 40.38; 1003.4632421875; 18.5751953125
2026-06-30; 19:15:06; 1708; 347; 40.22; 1003.4326953125; 18.7333984375
2026-06-30; 19:16:06; 1757; 398; 40.29; 1003.4650390625; 18.771484375
2026-06-30; 19:17:06; 1790; 439; 40.33; 1003.4053125; 18.6318359375
2026-06-30; 19:18:06; 1811; 463; 40.33; 1003.376640625; 18.5966796875
2026-06-30; 19:19:06; 1757; 398; 40.23; 1003.3626953125; 18.5927734375
2026-06-30; 19:20:06; 1761; 404; 40.3; 1003.3582421875; 18.583984375
2026-06-30; 19:21:06; 1790; 439; 40.16; 1003.325546875; 18.7666015625
2026-06-30; 19:22:06; 1848; 513; 40.03; 1003.321484375; 18.92578125
2026-06-30; 19:23:06; 1900; 586; 40.01; 1003.375390625; 18.9833984375
2026-06-30; 19:24:06; 1940; 649; 40.0; 1003.323203125; 18.994140625
2026-06-30; 19:25:06; 1940; 649; 40.07; 1003.29828125; 18.9033203125
2026-06-30; 19:26:06; 1956; 672; 40.13; 1003.298984375; 18.8359375
2026-06-30; 19:27:06; 1972; 698; 40.09; 1003.2440625; 18.857421875
2026-06-30; 19:28:06; 1978; 709; 40.1; 1003.22328125; 18.857421875
2026-06-30; 19:29:06; 1986; 723; 40.11; 1003.2754296875; 18.8818359375
2026-06-30; 19:30:06; 2030; 801; 40.07; 1003.175859375; 18.9150390625
2026-06-30; 19:31:06; 2088; 897; 40.03; 1003.2641796875; 18.9609375
2026-06-30; 19:32:06; 2104; 928; 40.03; 1003.2355078125; 18.984375
2026-06-30; 19:33:06; 2138; 999; 40.13; 1003.2703125; 18.90625
2026-06-30; 19:34:06; 2162; 1057; 40.03; 1003.2928125; 18.97265625
2026-06-30; 19:35:06; 2172; 1075; 40.04; 1003.3371484375; 18.97265625
2026-06-30; 19:36:06; 2189; 1120; 40.05; 1003.352890625; 18.9619140625
2026-06-30; 19:37:06; 2206; 1157; 39.98; 1003.349140625; 19.005859375
2026-06-30; 19:38:06; 2172; 1075; 39.91; 1003.3119140625; 19.0263671875
2026-06-30; 19:39:06; 2146; 1022; 39.9; 1003.4601953125; 19.048828125
2026-06-30; 19:40:07; 2112; 946; 39.86; 1003.454375; 19.0712890625
2026-06-30; 19:41:07; 2070; 865; 39.91; 1003.361328125; 19.0263671875
2026-06-30; 19:42:07; 2007; 760; 40.05; 1003.345; 18.9267578125
2026-06-30; 19:43:07; 1978; 709; 39.99; 1003.3648046875; 18.947265625
2026-06-30; 19:44:07; 1962; 683; 39.95; 1003.4530859375; 18.9931640625
2026-06-30; 19:45:07; 1940; 649; 39.93; 1003.5073046875; 19.0390625
2026-06-30; 19:46:07; 1940; 649; 39.91; 1003.50453125; 19.0498046875
2026-06-30; 19:47:07; 1956; 672; 39.9; 1003.5461328125; 19.095703125
2026-06-30; 19:48:07; 1934; 639; 39.91; 1003.5618359375; 19.0615234375
2026-06-30; 19:49:07; 1914; 607; 39.97; 1003.4193359375; 18.9931640625
2026-06-30; 19:50:07; 1874; 547; 39.87; 1003.5351953125; 19.083984375
2026-06-30; 19:51:07; 1829; 487; 39.9; 1003.5826171875; 19.0615234375
2026-06-30; 19:52:07; 1823; 479; 39.85; 1003.4959375; 19.10546875
2026-06-30; 19:53:07; 1823; 479; 39.85; 1003.581875; 19.12890625
2026-06-30; 19:54:07; 1804; 454; 39.81; 1003.5269140625; 19.1748046875
2026-06-30; 19:55:07; 1796; 445; 39.83; 1003.5583203125; 19.17578125
2026-06-30; 19:56:07; 1796; 445; 39.8; 1003.617578125; 19.2451171875
2026-06-30; 19:57:07; 1823; 479; 39.74; 1003.6089453125; 19.30078125
2026-06-30; 19:58:07; 1811; 463; 39.72; 1003.606171875; 19.3232421875
2026-06-30; 19:59:07; 1783; 431; 39.75; 1003.5755078125; 19.2666015625
2026-06-30; 20:00:07; 1804; 454; 39.74; 1003.637578125; 19.2890625
2026-06-30; 20:01:07; 1804; 454; 39.78; 1003.62265625; 19.279296875
2026-06-30; 20:02:07; 1815; 469; 39.75; 1003.51828125; 19.3017578125
2026-06-30; 20:03:07; 1839; 501; 39.69; 1003.53828125; 19.369140625
2026-06-30; 20:04:07; 1858; 527; 39.71; 1003.512421875; 19.3701171875
2026-06-30; 20:05:07; 1874; 547; 39.69; 1003.5955078125; 19.392578125
2026-06-30; 20:06:07; 1900; 586; 39.64; 1003.6104296875; 19.4375
2026-06-30; 20:07:07; 1894; 576; 39.52; 1003.535546875; 19.5615234375
2026-06-30; 20:08:07; 1885; 564; 39.57; 1003.577890625; 19.5048828125
2026-06-30; 20:09:07; 1848; 513; 39.59; 1003.588828125; 19.541015625
2026-06-30; 20:10:07; 1852; 519; 39.54; 1003.53078125; 19.55078125
2026-06-30; 20:11:07; 1834; 494; 39.56; 1003.5335546875; 19.5517578125
2026-06-30; 20:12:07; 1834; 494; 39.59; 1003.5809765625; 19.529296875
2026-06-30; 20:13:07; 1839; 501; 39.64; 1003.602578125; 19.4609375
2026-06-30; 20:14:07; 1829; 487; 39.62; 1003.5790234375; 19.4951171875
2026-06-30; 20:15:07; 1815; 469; 39.63; 1003.508828125; 19.49609375
2026-06-30; 20:16:07; 1823; 479; 39.65; 1003.50375; 19.4970703125
2026-06-30; 20:17:07; 1815; 469; 39.72; 1003.491640625; 19.4287109375
2026-06-30; 20:18:07; 1823; 479; 39.68; 1003.543359375; 19.462890625
2026-06-30; 20:19:07; 1834; 494; 39.63; 1003.5009765625; 19.53125
2026-06-30; 20:20:07; 1839; 501; 39.64; 1003.488046875; 19.51953125
2026-06-30; 20:21:07; 1834; 494; 39.61; 1003.4487890625; 19.5302734375
2026-06-30; 20:22:07; 1815; 469; 39.66; 1003.584609375; 19.4970703125
2026-06-30; 20:23:08; 1811; 463; 39.6; 1003.46171875; 19.5302734375
2026-06-30; 20:24:08; 1823; 479; 39.55; 1003.5178515625; 19.59765625
2026-06-30; 20:25:08; 1815; 469; 39.54; 1003.5386328125; 19.59765625
2026-06-30; 20:26:08; 1811; 463; 39.49; 1003.51703125; 19.654296875
2026-06-30; 20:27:08; 1823; 479; 39.4; 1003.432578125; 19.744140625
2026-06-30; 20:28:08; 1796; 445; 39.42; 1003.4561328125; 19.7333984375
2026-06-30; 20:29:08; 1829; 487; 39.45; 1003.4746484375; 19.69921875
2026-06-30; 20:30:08; 1815; 469; 39.4; 1003.432578125; 19.708984375
2026-06-30; 20:31:08; 1796; 445; 39.42; 1003.378125; 19.6982421875
2026-06-30; 20:32:08; 1796; 445; 39.32; 1003.4571875; 19.7529296875
2026-06-30; 20:33:08; 1783; 431; 39.28; 1003.47234375; 19.7626953125
2026-06-30; 20:34:08; 1761; 404; 39.29; 1003.459453125; 19.7041015625
2026-06-30; 20:35:08; 1735; 372; 39.27; 1003.456640625; 19.69140625
2026-06-30; 20:36:08; 1726; 364; 39.26; 1003.4487890625; 19.73828125
2026-06-30; 20:37:08; 1735; 372; 39.21; 1003.398515625; 19.724609375
2026-06-30; 20:38:08; 1721; 359; 39.28; 1003.4516015625; 19.6455078125
2026-06-30; 20:39:08; 1686; 325; 39.26; 1003.5059765625; 19.6328125
2026-06-30; 20:40:08; 1661; 300; 39.2; 1003.41140625; 19.6416015625
2026-06-30; 20:41:08; 1661; 300; 39.18; 1003.4004296875; 19.6640625
2026-06-30; 20:42:08; 1645; 286; 39.17; 1003.392578125; 19.65234375
2026-06-30; 20:43:08; 1638; 280; 39.2; 1003.3749609375; 19.6181640625
2026-06-30; 20:44:08; 1633; 276; 39.22; 1003.4636328125; 19.607421875
2026-06-30; 20:45:08; 1603; 248; 39.16; 1003.40546875; 19.55859375
2026-06-30; 20:46:08; 1594; 241; 39.12; 1003.4073828125; 19.615234375
2026-06-30; 20:47:08; 1594; 241; 39.09; 1003.4171484375; 19.6259765625
2026-06-30; 20:48:08; 1603; 248; 39.08; 1003.3649609375; 19.71875
2026-06-30; 20:49:08; 1603; 248; 39.05; 1003.460546875; 19.6708984375
2026-06-30; 20:50:08; 1594; 241; 39.07; 1003.4064453125; 19.625
2026-06-30; 20:51:08; 1608; 254; 39.04; 1003.44484375; 19.716796875
2026-06-30; 20:52:08; 1623; 265; 38.95; 1003.51109375; 19.806640625
2026-06-30; 20:53:08; 1633; 276; 38.98; 1003.4152734375; 19.796875
2026-06-30; 20:54:08; 1672; 311; 39.0; 1003.4677734375; 19.78515625
2026-06-30; 20:55:08; 1692; 331; 38.97; 1003.513984375; 19.7958984375
2026-06-30; 20:56:08; 1715; 354; 38.87; 1003.442265625; 19.8974609375
2026-06-30; 20:57:08; 1735; 372; 38.91; 1003.468671875; 19.828125
2026-06-30; 20:58:08; 1757; 398; 38.89; 1003.530859375; 19.83984375
2026-06-30; 20:59:08; 1757; 398; 38.86; 1003.5694921875; 19.849609375
2026-06-30; 21:00:08; 1757; 398; 38.86; 1003.5408984375; 19.861328125
2026-06-30; 21:01:08; 1761; 404; 38.88; 1003.5151953125; 19.828125
2026-06-30; 21:02:08; 1766; 410; 38.85; 1003.4680078125; 19.837890625
2026-06-30; 21:03:08; 1772; 417; 38.81; 1003.5477734375; 19.87109375
2026-06-30; 21:04:08; 1783; 431; 38.75; 1003.4609765625; 19.9619140625
2026-06-30; 21:05:08; 1804; 454; 38.7; 1003.5168359375; 20.0185546875
2026-06-30; 21:06:09; 1829; 487; 38.72; 1003.556796875; 19.99609375
2026-06-30; 21:07:09; 1852; 519; 38.65; 1003.495390625; 20.0986328125
2026-06-30; 21:08:09; 1894; 576; 38.63; 1003.5001171875; 20.12109375
2026-06-30; 21:09:09; 65535; 65535; 38.55; 1003.496171875; 20.2001953125
2026-06-30; 21:10:09; 1940; 649; 38.56; 1003.5405078125; 20.1884765625
2026-06-30; 21:11:09; 1972; 698; 38.51; 1003.56828125; 20.302734375
2026-06-30; 21:12:09; 1999; 746; 38.49; 1003.593671875; 20.3017578125
2026-06-30; 21:13:09; 2023; 789; 38.46; 1003.6115234375; 20.2890625
2026-06-30; 21:14:09; 2039; 819; 38.4; 1003.5661328125; 20.3798828125
2026-06-30; 21:15:09; 2054; 833; 38.39; 1003.4932421875; 20.35546875
2026-06-30; 21:16:09; 2054; 833; 38.39; 1003.6075390625; 20.37890625
2026-06-30; 21:17:09; 2070; 865; 38.38; 1003.5425; 20.34375
2026-06-30; 21:18:09; 2104; 928; 38.34; 1003.565; 20.4599609375
2026-06-30; 21:19:09; 2120; 963; 38.32; 1003.5335546875; 20.4462890625
2026-06-30; 21:20:09; 2138; 999; 38.26; 1003.4959765625; 20.560546875
2026-06-30; 21:21:09; 2184; 1102; 38.25; 1003.488125; 20.525390625
2026-06-30; 21:22:09; 2206; 1157; 38.2; 1003.5152734375; 20.6748046875
2026-06-30; 21:23:09; 2255; 1258; 38.2; 1003.5152734375; 20.6865234375
2026-06-30; 21:24:09; 2294; 1347; 38.14; 1003.47765625; 20.6845703125
2026-06-30; 21:25:09; 2300; 1361; 38.1; 1003.50828125; 20.6591796875
2026-06-30; 21:26:09; 2300; 1361; 38.05; 1003.5513671875; 20.7158203125
2026-06-30; 21:27:09; 2276; 1304; 38.05; 1003.4864453125; 20.7734375
2026-06-30; 21:28:09; 2245; 1234; 38.04; 1003.6134765625; 20.65625
2026-06-30; 21:29:09; 2189; 1120; 38.01; 1003.5659375; 20.6787109375
2026-06-30; 21:30:09; 2146; 1022; 37.95; 1003.613984375; 20.7109375
2026-06-30; 21:31:09; 2126; 978; 37.97; 1003.5965234375; 20.6884765625
2026-06-30; 21:32:09; 2126; 978; 37.91; 1003.616015625; 20.755859375
2026-06-30; 21:33:09; 2120; 963; 37.95; 1003.650703125; 20.74609375
2026-06-30; 21:34:09; 2138; 999; 37.89; 1003.6051953125; 20.8134765625
2026-06-30; 21:35:09; 2138; 999; 37.87; 1003.7161328125; 20.8701171875
2026-06-30; 21:36:09; 2138; 999; 37.82; 1003.7230859375; 20.8681640625
2026-06-30; 21:37:09; 2120; 963; 37.8; 1003.670625; 20.9033203125
2026-06-30; 21:38:09; 2094; 911; 37.74; 1003.80390625; 20.9580078125
2026-06-30; 21:39:09; 2062; 846; 37.7; 1003.8265625; 20.9912109375
2026-06-30; 21:40:09; 2030; 801; 37.69; 1003.7901171875; 21.0263671875
2026-06-30; 21:41:09; 2023; 789; 37.65; 1003.7760546875; 21.0595703125
2026-06-30; 21:42:09; 2023; 789; 37.6; 1003.811171875; 21.185546875
2026-06-30; 21:43:09; 2039; 819; 37.58; 1003.8652734375; 21.1611328125
2026-06-30; 21:44:09; 2070; 865; 37.57; 1003.7924609375; 21.1953125
2026-06-30; 21:45:09; 2104; 928; 37.53; 1003.851171875; 21.263671875
2026-06-30; 21:46:09; 2112; 946; 37.54; 1003.8590234375; 21.310546875
2026-06-30; 21:47:09; 2104; 928; 37.49; 1003.881640625; 21.4140625
2026-06-30; 21:48:09; 2088; 897; 37.46; 1003.8262109375; 21.435546875
2026-06-30; 21:49:10; 2070; 865; 37.45; 1003.81828125; 21.552734375
2026-06-30; 21:50:10; 2030; 801; 37.43; 1003.893046875; 21.64453125
2026-06-30; 21:51:10; 2007; 760; 37.39; 1003.923203125; 21.677734375
2026-06-30; 21:52:10; 1986; 723; 37.38; 1003.9644921875; 21.7470703125
2026-06-30; 21:53:10; 1972; 698; 37.36; 1003.961484375; 21.7578125
2026-06-30; 21:54:10; 1978; 709; 37.34; 1003.958515625; 21.8037109375
2026-06-30; 21:55:10; 1986; 723; 37.31; 1004.05328125; 21.8251953125
2026-06-30; 21:56:10; 1999; 746; 37.3; 1004.0581640625; 21.84765625
2026-06-30; 21:57:10; 2023; 789; 37.29; 1004.099453125; 21.87109375
2026-06-30; 21:58:10; 2039; 819; 37.28; 1004.0915625; 21.91796875
2026-06-30; 21:59:10; 2062; 846; 37.27; 1004.0961328125; 21.9169921875
2026-06-30; 22:00:10; 2078; 878; 37.26; 1004.08828125; 21.986328125
2026-06-30; 22:01:10; 2094; 911; 37.27; 1004.18171875; 21.986328125
2026-06-30; 22:02:10; 2104; 928; 37.21; 1004.13140625; 22.1240234375
2026-06-30; 22:03:10; 2126; 978; 37.19; 1004.2421875; 22.181640625
2026-06-30; 22:04:10; 2126; 978; 37.18; 1004.1615234375; 22.3095703125
2026-06-30; 22:05:10; 2126; 978; 37.16; 1004.272578125; 22.3779296875
2026-06-30; 22:06:10; 2138; 999; 37.15; 1004.2853515625; 22.3662109375
2026-06-30; 22:07:10; 2156; 1044; 37.13; 1004.1964453125; 22.400390625
2026-06-30; 22:08:10; 2184; 1102; 37.1; 1004.2426171875; 22.50390625
2026-06-30; 22:09:10; 2206; 1157; 37.09; 1004.3330078125; 22.5146484375
2026-06-30; 22:10:10; 2226; 1201; 37.09; 1004.2759765625; 22.595703125
2026-06-30; 22:11:10; 2245; 1234; 37.1; 1004.2062109375; 22.5732421875
2026-06-30; 22:12:10; 2263; 1276; 37.09; 1004.2474609375; 22.630859375
2026-06-30; 22:13:10; 2285; 1324; 37.07; 1004.280859375; 22.7587890625
2026-06-30; 22:14:10; 2300; 1361; 37.04; 1004.2538671875; 22.7802734375
2026-06-30; 22:15:10; 2309; 1376; 37.05; 1004.306015625; 22.8505859375
2026-06-30; 22:16:10; 2309; 1376; 37.04; 1004.2332421875; 22.8740234375
2026-06-30; 22:17:10; 2300; 1361; 37.02; 1004.250859375; 23.0
2026-06-30; 22:18:10; 2285; 1324; 37.02; 1004.2872265625; 23.0009765625
2026-06-30; 22:19:10; 2285; 1324; 37.0; 1004.19078125; 23.0693359375
2026-06-30; 22:20:10; 2294; 1347; 36.96; 1004.3142578125; 23.1962890625
2026-06-30; 22:21:10; 2294; 1347; 36.94; 1004.3318359375; 23.2529296875
2026-06-30; 22:22:10; 2300; 1361; 36.94; 1004.303359375; 23.2763671875
2026-06-30; 22:23:10; 2255; 1258; 36.94; 1004.2178125; 23.439453125
2026-06-30; 22:24:10; 2245; 1234; 36.9; 1004.30484375; 23.4609375
2026-06-30; 22:25:10; 2197; 1138; 36.86; 1004.2908984375; 23.6103515625
2026-06-30; 22:26:10; 2156; 1044; 36.86; 1004.3273046875; 23.6455078125
2026-06-30; 22:27:10; 2138; 999; 36.84; 1004.31578125; 23.6787109375
2026-06-30; 22:28:10; 2126; 978; 36.8; 1004.3175390625; 23.7705078125
2026-06-30; 22:29:10; 2112; 946; 36.79; 1004.407890625; 23.8857421875
2026-06-30; 22:30:10; 2112; 946; 36.8; 1004.37453125; 23.8408203125
2026-06-30; 22:31:11; 2112; 946; 36.8; 1004.4521875; 23.875
2026-06-30; 22:32:11; 2120; 963; 36.78; 1004.363359375; 23.955078125
2026-06-30; 22:33:11; 2138; 999; 36.76; 1004.3966796875; 24.0009765625
2026-06-30; 22:34:11; 2146; 1022; 36.73; 1004.43484375; 24.0810546875
2026-06-30; 22:35:11; 2172; 1075; 36.76; 1004.474296875; 24.0009765625
2026-06-30; 22:36:11; 2189; 1120; 36.73; 1004.5203125; 24.0341796875
2026-06-30; 22:37:11; 2206; 1157; 36.73; 1004.4918359375; 24.0458984375
2026-06-30; 22:38:11; 2214; 1174; 36.74; 1004.593125; 24.1630859375
2026-06-30; 22:39:11; 2226; 1201; 36.72; 1004.590078125; 24.220703125
2026-06-30; 22:40:11; 2226; 1201; 36.67; 1004.5963671875; 24.275390625
2026-06-30; 22:41:11; 2238; 1215; 36.65; 1004.5726953125; 24.4033203125
2026-06-30; 22:42:11; 2245; 1234; 36.63; 1004.5978125; 24.4140625
2026-06-30; 22:43:11; 2245; 1234; 36.62; 1004.574140625; 24.529296875
2026-06-30; 22:44:11; 2245; 1234; 36.62; 1004.60265625; 24.587890625
2026-06-30; 22:45:11; 2245; 1234; 36.63; 1004.569296875; 24.623046875
2026-06-30; 22:46:11; 2245; 1234; 36.63; 1004.6183984375; 24.634765625
2026-06-30; 22:47:11; 2214; 1174; 36.61; 1004.6153515625; 24.73828125
2026-06-30; 22:48:11; 2184; 1102; 36.61; 1004.6153515625; 24.796875
2026-06-30; 22:49:11; 2162; 1057; 36.6; 1004.57109375; 24.841796875
2026-06-30; 22:50:11; 2146; 1022; 36.58; 1004.68984375; 24.9111328125
2026-06-30; 22:51:11; 2138; 999; 36.6; 1004.628046875; 24.912109375
2026-06-30; 22:52:11; 2126; 978; 36.57; 1004.60890625; 25.0732421875
2026-06-30; 22:53:11; 2112; 946; 36.55; 1004.6628125; 25.1650390625
2026-06-30; 22:54:11; 2112; 946; 36.55; 1004.6628125; 25.107421875
2026-06-30; 22:55:11; 2112; 946; 36.52; 1004.623359375; 25.140625
2026-06-30; 22:56:11; 2112; 946; 36.53; 1004.6597265625; 25.19921875
2026-06-30; 22:57:11; 2094; 911; 36.51; 1004.6645703125; 25.267578125
2026-06-30; 22:58:11; 2088; 897; 36.51; 1004.713359375; 25.302734375
2026-06-30; 22:59:11; 2078; 878; 36.52; 1004.757890625; 25.2802734375
2026-06-30; 23:00:11; 2070; 865; 36.5; 1004.762421875; 25.3720703125
2026-06-30; 23:01:11; 2054; 833; 36.46; 1004.7198828125; 25.427734375
2026-06-30; 23:02:11; 2039; 819; 36.47; 1004.7356640625; 25.486328125
2026-06-30; 23:03:11; 2023; 789; 36.45; 1004.7689453125; 25.5791015625
2026-06-30; 23:04:11; 2007; 760; 36.47; 1004.7071875; 25.5908203125
2026-06-30; 23:05:11; 1999; 746; 36.47; 1004.715078125; 25.556640625
2026-06-30; 23:06:11; 1994; 736; 36.48; 1004.7229296875; 25.5576171875
2026-06-30; 23:07:11; 1986; 723; 36.41; 1004.741875; 25.7509765625
2026-06-30; 23:08:11; 1978; 709; 36.39; 1004.7387890625; 25.76171875
2026-06-30; 23:09:11; 1956; 672; 36.4; 1004.6897265625; 25.8544921875
2026-06-30; 23:10:11; 1934; 639; 36.4; 1004.72609375; 25.90234375
2026-06-30; 23:11:11; 1914; 607; 36.38; 1004.6296484375; 25.7958984375
2026-06-30; 23:12:11; 1900; 586; 36.36; 1004.690859375; 25.98046875
2026-06-30; 23:13:11; 1894; 576; 36.35; 1004.6750390625; 25.95703125
2026-06-30; 23:14:12; 1894; 576; 36.3; 1004.7097265625; 26.0361328125
2026-06-30; 23:15:12; 1880; 555; 36.32; 1004.6846484375; 26.1064453125
2026-06-30; 23:16:12; 1874; 547; 36.3; 1004.738203125; 26.0703125
2026-06-30; 23:17:12; 1858; 527; 36.32; 1004.7906640625; 26.1640625
2026-06-30; 23:18:12; 1852; 519; 36.31; 1004.8397265625; 26.1875
2026-06-30; 23:19:12; 1848; 513; 36.31; 1004.803359375; 26.1875
2026-06-30; 23:20:12; 1823; 479; 36.28; 1004.81265625; 26.2900390625
2026-06-30; 23:21:12; 1815; 469; 36.27; 1004.7762890625; 26.2548828125
2026-06-30; 23:22:12; 1811; 463; 36.27; 1004.804765625; 26.2666015625
2026-06-30; 23:23:12; 1796; 445; 36.27; 1004.7762890625; 26.3125
2026-06-30; 23:24:12; 1790; 439; 36.24; 1004.785859375; 26.369140625
2026-06-30; 23:25:12; 1783; 431; 36.24; 1004.8061328125; 26.2880859375
2026-06-30; 23:26:12; 1766; 410; 36.25; 1004.90765625; 26.333984375
2026-06-30; 23:27:12; 1757; 398; 36.26; 1004.8744140625; 26.3935546875
2026-06-30; 23:28:12; 1744; 385; 36.25; 1004.85859375; 26.392578125
2026-06-30; 23:29:12; 1726; 364; 36.25; 1004.850703125; 26.4384765625
2026-07-01; 02:24:25; 400; 0; 34.85; 1005.8836328125; 29.5087890625
2026-07-01; 02:25:25; 400; 0; 34.84; 1005.9325390625; 29.5673828125
2026-07-01; 02:26:25; 400; 0; 34.85; 1005.8915625; 29.533203125
2026-07-01; 02:27:25; 400; 0; 34.88; 1005.846171875; 29.5341796875
2026-07-01; 02:28:25; 400; 0; 34.86; 1005.81421875; 29.568359375
2026-07-01; 02:29:25; 401; 0; 34.81; 1005.629296875; 29.6572265625
2026-07-01; 02:30:25; 400; 0; 34.81; 1005.4951953125; 29.7275390625
2026-07-01; 02:31:25; 400; 0; 34.83; 1005.405234375; 29.728515625
2026-07-01; 02:32:25; 402; 0; 34.83; 1005.413203125; 29.6474609375
2026-07-01; 02:33:26; 402; 0; 34.82; 1005.4746875; 29.705078125
2026-07-01; 02:34:26; 400; 0; 34.79; 1005.40640625; 29.7841796875
2026-07-01; 02:35:26; 405; 0; 34.82; 1005.190546875; 29.84375
2026-07-01; 02:36:26; 400; 0; 34.83; 1004.9506640625; 29.8212890625
2026-07-01; 02:37:26; 403; 0; 34.8; 1004.7406640625; 29.923828125
2026-07-01; 02:38:26; 400; 0; 34.83; 1004.61765625; 29.8798828125
2026-07-01; 02:39:26; 400; 0; 34.87; 1004.5233203125; 29.880859375
2026-07-01; 02:40:26; 400; 0; 34.83; 1004.382421875; 29.9599609375
2026-07-01; 02:41:26; 400; 0; 34.87; 1004.3244140625; 30.0087890625
2026-07-01; 02:42:26; 402; 0; 34.81; 1004.3019140625; 30.14453125
2026-07-01; 02:43:26; 405; 0; 34.82; 1004.2324609375; 30.0986328125
2026-07-01; 02:44:26; 403; 0; 34.82; 1004.196171875; 30.1904296875
2026-07-01; 02:45:26; 400; 0; 34.84; 1004.256171875; 30.1689453125
2026-07-01; 02:46:26; 400; 0; 34.76; 1004.2998828125; 30.3251953125
2026-07-01; 02:47:26; 401; 0; 34.75; 1004.3124609375; 30.3359375
2026-07-01; 02:48:26; 401; 0; 34.71; 1004.2284375; 30.3681640625
2026-07-01; 02:49:26; 400; 0; 34.67; 1004.1936328125; 30.4931640625
2026-07-01; 02:50:26; 400; 0; 34.61; 1004.232578125; 30.7783203125
2026-07-01; 02:51:26; 405; 0; 34.61; 1004.232578125; 30.685546875
2026-07-01; 02:52:26; 410; 1; 34.6; 1004.2167578125; 30.7080078125
2026-07-01; 02:53:26; 413; 1; 34.61; 1004.1552734375; 30.7666015625
2026-07-01; 02:54:26; 410; 1; 34.59; 1004.1520703125; 30.7998046875
2026-07-01; 02:55:26; 415; 2; 34.59; 1004.2372265625; 30.77734375
2026-07-01; 02:56:26; 417; 2; 34.59; 1004.1804296875; 30.77734375
2026-07-01; 02:57:26; 423; 3; 34.54; 1004.251015625; 30.958984375
2026-07-01; 02:58:26; 427; 4; 34.53; 1004.2351953125; 30.9580078125
2026-07-01; 02:59:26; 439; 5; 34.55; 1004.2305078125; 30.87890625
2026-07-01; 03:00:26; 445; 6; 34.55; 1004.2100390625; 30.9375
2026-07-01; 03:01:26; 439; 5; 34.51; 1004.1748828125; 31.0146484375
2026-07-01; 03:02:26; 447; 7; 34.49; 1004.192109375; 31.1171875
2026-07-01; 03:03:26; 452; 7; 34.48; 1004.176328125; 31.1279296875
2026-07-01; 03:04:26; 459; 8; 34.48; 1004.2047265625; 31.185546875
2026-07-01; 03:05:26; 463; 9; 34.48; 1004.241015625; 31.255859375
2026-07-01; 03:06:26; 464; 9; 34.51; 1004.345234375; 31.1650390625
2026-07-01; 03:07:26; 476; 11; 34.47; 1004.3876953125; 31.2080078125
2026-07-01; 03:08:26; 476; 11; 34.48; 1004.354609375; 31.3828125
2026-07-01; 03:09:26; 481; 12; 34.48; 1004.4034765625; 31.2900390625
2026-07-01; 03:10:26; 487; 13; 34.47; 1004.3672265625; 31.3359375
2026-07-01; 03:11:26; 501; 15; 34.46; 1004.3513671875; 31.416015625
2026-07-01; 03:12:26; 508; 16; 34.44; 1004.37625; 31.4951171875
2026-07-01; 03:13:26; 517; 17; 34.42; 1004.279921875; 31.5634765625
2026-07-01; 03:14:26; 518; 17; 34.41; 1004.3205859375; 31.6904296875
2026-07-01; 03:15:26; 529; 19; 34.39; 1004.325234375; 31.630859375
2026-07-01; 03:16:27; 537; 20; 34.39; 1004.3457421875; 31.666015625
2026-07-01; 03:17:27; 542; 21; 34.4; 1004.369453125; 31.7470703125
2026-07-01; 03:18:27; 548; 22; 34.4; 1004.3331640625; 31.78125
2026-07-01; 03:19:27; 553; 23; 34.4; 1004.3899609375; 31.7236328125
2026-07-01; 03:20:27; 564; 24; 34.36; 1004.3626953125; 31.8828125
2026-07-01; 03:21:27; 580; 27; 34.34; 1004.3878125; 31.82421875
2026-07-01; 03:22:27; 607; 31; 34.38; 1004.3375390625; 31.837890625
2026-07-01; 03:23:27; 615; 32; 34.35; 1004.3468359375; 31.8583984375
2026-07-01; 03:24:27; 631; 35; 34.34; 1004.3594140625; 31.9970703125
2026-07-01; 03:25:27; 645; 37; 34.34; 1004.3515234375; 31.9736328125
2026-07-01; 03:26:27; 656; 39; 34.34; 1004.294765625; 31.892578125
2026-07-01; 03:27:27; 682; 42; 34.34; 1004.3515234375; 32.03125
2026-07-01; 03:28:27; 690; 44; 34.31; 1004.3037890625; 32.15625
2026-07-01; 03:29:27; 706; 46; 34.32; 1004.405078125; 32.099609375
2026-07-01; 03:30:27; 726; 49; 34.31; 1004.360546875; 32.1904296875
2026-07-01; 03:31:27; 735; 51; 34.31; 1004.4173046875; 32.12109375
2026-07-01; 03:32:27; 749; 53; 34.29; 1004.373125; 32.2138671875
2026-07-01; 03:33:27; 761; 54; 34.29; 1004.3936328125; 32.248046875
2026-07-01; 03:34:27; 770; 56; 34.29; 1004.3651953125; 32.3515625
2026-07-01; 03:35:27; 798; 60; 34.3; 1004.4378125; 32.248046875
2026-07-01; 03:36:27; 813; 62; 34.26; 1004.37453125; 32.41796875
2026-07-01; 03:37:27; 821; 64; 34.27; 1004.41875; 32.396484375
2026-07-01; 03:38:27; 830; 65; 34.28; 1004.4345703125; 32.419921875
2026-07-01; 03:39:27; 838; 66; 34.25; 1004.3950390625; 32.5341796875
2026-07-01; 03:40:27; 857; 69; 34.24; 1004.37890625; 32.41796875
2026-07-01; 03:41:27; 895; 75; 34.25; 1004.4155078125; 32.46484375
2026-07-01; 03:42:27; 915; 78; 34.22; 1004.4040234375; 32.5322265625
2026-07-01; 03:43:27; 915; 78; 34.21; 1004.3314453125; 32.6005859375
2026-07-01; 03:44:27; 915; 78; 34.21; 1004.3314453125; 32.5546875
2026-07-01; 03:45:27; 920; 79; 34.2; 1004.3723828125; 32.623046875
2026-07-01; 03:46:27; 915; 78; 34.22; 1004.3109765625; 32.7041015625
2026-07-01; 03:47:27; 920; 79; 34.2; 1004.343984375; 32.7275390625
2026-07-01; 03:48:27; 945; 83; 34.22; 1004.262109375; 32.6240234375
2026-07-01; 03:49:27; 964; 85; 34.21; 1004.323515625; 32.634765625
2026-07-01; 03:50:27; 981; 88; 34.21; 1004.323515625; 32.7734375
2026-07-01; 03:51:27; 1001; 91; 34.19; 1004.3565625; 32.806640625
2026-07-01; 03:52:27; 1029; 95; 34.19; 1004.2919140625; 32.794921875
2026-07-01; 03:53:27; 1038; 97; 34.2; 1004.3723828125; 32.78515625
2026-07-01; 03:54:27; 1053; 99; 34.21; 1004.3519140625; 32.8193359375
2026-07-01; 03:55:27; 1065; 101; 34.17; 1004.3530078125; 32.828125
2026-07-01; 03:56:27; 1077; 103; 34.16; 1004.4223046875; 32.8857421875
2026-07-01; 03:57:27; 1105; 107; 34.2; 1004.3723828125; 32.888671875
2026-07-01; 03:58:27; 1113; 108; 34.2; 1004.364453125; 32.865234375
2026-07-01; 03:59:28; 1140; 112; 34.18; 1004.34078125; 32.9912109375
2026-07-01; 04:00:28; 1140; 112; 34.17; 1004.3530078125; 32.990234375
2026-07-01; 04:01:28; 1171; 117; 34.15; 1004.378125; 33.0
2026-07-01; 04:02:29; 1224; 125; 34.18; 1004.3123828125; 32.8876953125
2026-07-01; 04:03:29; 1252; 129; 34.18; 1004.3123828125; 33.0029296875
2026-07-01; 04:04:29; 1299; 136; 34.15; 1004.25671875; 32.9775390625
2026-07-01; 04:05:29; 1310; 138; 34.15; 1004.264609375; 33.0693359375
2026-07-01; 04:06:29; 1330; 141; 34.14; 1004.305546875; 33.126953125
2026-07-01; 04:07:29; 1360; 146; 34.11; 1004.2296875; 33.08984375
2026-07-01; 04:08:29; 1404; 152; 34.13; 1004.2534375; 33.1259765625
2026-07-01; 04:09:29; 1458; 161; 34.13; 1004.3101953125; 33.1259765625
2026-07-01; 04:10:29; 1478; 164; 34.11; 1004.2296875; 33.1474609375
2026-07-01; 04:11:29; 1496; 169; 34.14; 1004.2125; 33.091796875
2026-07-01; 04:12:29; 1502; 173; 34.09; 1004.141015625; 33.2275390625
2026-07-01; 04:13:29; 1512; 179; 34.09; 1004.141015625; 33.2275390625
2026-07-01; 04:14:29; 1517; 183; 34.1; 1004.07171875; 33.205078125
2026-07-01; 04:15:29; 1520; 185; 34.05; 1004.1061328125; 33.31640625
2026-07-01; 04:16:29; 1527; 190; 34.07; 1004.05265625; 33.3291015625
2026-07-01; 04:17:29; 1535; 196; 34.06; 1004.0856640625; 33.328125
2026-07-01; 04:18:29; 1544; 203; 34.08; 1004.060546875; 33.3408203125
2026-07-01; 04:19:29; 1553; 209; 34.05; 1004.1061328125; 33.3271484375
2026-07-01; 04:20:29; 1562; 216; 34.08; 1004.0968359375; 33.318359375
2026-07-01; 04:21:29; 1575; 226; 34.08; 1004.145703125; 33.2607421875
2026-07-01; 04:22:29; 1585; 232; 34.09; 1004.1898828125; 33.2724609375
2026-07-01; 04:23:29; 1598; 244; 34.06; 1004.1708203125; 33.328125
2026-07-01; 04:24:29; 1608; 254; 34.05; 1004.162890625; 33.3505859375
2026-07-01; 04:25:29; 1623; 265; 34.04; 1004.203828125; 33.29296875
2026-07-01; 04:26:29; 1633; 276; 34.01; 1004.1639453125; 33.40625
2026-07-01; 04:27:29; 1644; 285; 34.01; 1004.1639453125; 33.4521484375
2026-07-01; 04:28:29; 1654; 293; 34.01; 1004.1639453125; 33.3720703125
2026-07-01; 04:29:29; 1665; 304; 34.01; 1004.241171875; 33.4052734375
2026-07-01; 04:30:29; 1674; 313; 33.99; 1004.2379296875; 33.4619140625
2026-07-01; 04:31:29; 1683; 322; 33.98; 1004.278828125; 33.4951171875
2026-07-01; 04:32:29; 1694; 332; 33.97; 1004.242578125; 33.4951171875
2026-07-01; 04:33:29; 1701; 340; 34.0; 1004.3105078125; 33.4970703125
2026-07-01; 04:34:29; 1717; 355; 33.99; 1004.2946484375; 33.4853515625
2026-07-01; 04:35:29; 1721; 359; 33.99; 1004.2174609375; 33.5205078125
2026-07-01; 04:36:29; 1730; 367; 34.01; 1004.3546875; 33.5556640625
2026-07-01; 04:37:29; 1738; 374; 33.97; 1004.3478125; 33.5068359375
2026-07-01; 04:38:29; 1744; 385; 33.97; 1004.2709375; 33.564453125
2026-07-01; 04:39:30; 1762; 405; 33.98; 1004.343515625; 33.51953125
2026-07-01; 04:40:30; 1772; 417; 33.97; 1004.3844140625; 33.587890625
2026-07-01; 04:41:30; 1774; 421; 33.99; 1004.359296875; 33.5087890625
2026-07-01; 04:42:30; 1779; 427; 33.97; 1004.4128125; 33.541015625
2026-07-01; 04:43:30; 1790; 439; 33.99; 1004.4081640625; 33.56640625
2026-07-01; 04:44:30; 1800; 450; 33.97; 1004.4045703125; 33.599609375
2026-07-01; 04:45:30; 1808; 458; 33.96; 1004.417109375; 33.62109375
2026-07-01; 04:46:30; 1815; 469; 33.94; 1004.3650390625; 33.677734375
2026-07-01; 04:47:30; 1820; 476; 33.96; 1004.3036328125; 33.6904296875
2026-07-01; 04:48:30; 1833; 493; 33.98; 1004.3355859375; 33.6572265625
2026-07-01; 04:49:30; 1838; 499; 33.97; 1004.3478125; 33.6689453125
2026-07-01; 04:50:30; 1844; 507; 33.97; 1004.2709375; 33.6796875
2026-07-01; 04:51:30; 1858; 527; 33.94; 1004.336640625; 33.712890625
2026-07-01; 04:52:30; 1867; 540; 33.94; 1004.4217578125; 33.666015625
2026-07-01; 04:53:30; 1877; 550; 33.94; 1004.357109375; 33.7236328125
2026-07-01; 04:54:30; 1880; 555; 33.97; 1004.29109375; 33.69140625
2026-07-01; 04:55:30; 1880; 555; 33.96; 1004.283203125; 33.6796875
2026-07-01; 04:56:30; 1885; 564; 33.95; 1004.2957421875; 33.748046875
2026-07-01; 04:57:30; 1885; 564; 33.95; 1004.2310546875; 33.6552734375
2026-07-01; 04:58:30; 1895; 579; 33.94; 1004.2798828125; 33.724609375
2026-07-01; 04:59:30; 1905; 592; 33.9; 1004.2449609375; 33.8134765625
2026-07-01; 05:00:30; 1899; 584; 33.91; 1004.3096484375; 33.7216796875
2026-07-01; 05:01:30; 1908; 596; 33.92; 1004.297109375; 33.7685546875
2026-07-01; 05:02:30; 1908; 596; 33.91; 1004.175703125; 33.8134765625
2026-07-01; 05:03:30; 1914; 607; 33.93; 1004.2278125; 33.7578125
2026-07-01; 05:04:30; 1917; 611; 33.92; 1004.219921875; 33.7109375
2026-07-01; 05:05:30; 1922; 619; 33.93; 1004.2278125; 33.72265625
2026-07-01; 05:06:30; 1928; 626; 33.92; 1004.2119921875; 33.7451171875
2026-07-01; 05:07:30; 1937; 643; 33.92; 1004.2119921875; 33.7451171875
2026-07-01; 05:08:30; 1937; 643; 33.89; 1004.2490234375; 33.80078125
2026-07-01; 05:09:30; 1940; 649; 33.86; 1004.2015625; 33.8330078125
2026-07-01; 05:10:30; 1951; 665; 33.85; 1004.250390625; 33.8095703125
2026-07-01; 05:11:30; 1956; 672; 33.86; 1004.25828125; 33.8212890625
2026-07-01; 05:12:30; 1961; 680; 33.85; 1004.2424609375; 33.751953125
2026-07-01; 05:13:30; 1967; 689; 33.87; 1004.1890234375; 33.7763671875
2026-07-01; 05:14:30; 1977; 707; 33.87; 1004.1890234375; 33.7998046875
2026-07-01; 05:15:30; 1989; 727; 33.84; 1004.0564453125; 33.8310546875
2026-07-01; 05:16:30; 2001; 748; 33.85; 1004.04390625; 33.7861328125
2026-07-01; 05:17:30; 2010; 765; 33.84; 1004.0926953125; 33.80859375
2026-07-01; 05:18:30; 2020; 784; 33.83; 1004.1537890625; 33.865234375
2026-07-01; 05:19:30; 2025; 794; 33.84; 1004.226640625; 33.7734375
2026-07-01; 05:20:30; 2048; 823; 33.83; 1004.2672265625; 33.8076171875
2026-07-01; 05:21:30; 2054; 833; 33.83; 1004.246796875; 33.78515625
2026-07-01; 05:22:31; 2058; 838; 33.81; 1004.263984375; 33.88671875
2026-07-01; 05:23:31; 2064; 849; 33.81; 1004.2355859375; 33.783203125
2026-07-01; 05:24:31; 2070; 865; 33.78; 1004.3015625; 33.873046875
2026-07-01; 05:25:31; 2080; 881; 33.8; 1004.2844140625; 33.8525390625
2026-07-01; 05:26:31; 2080; 881; 33.79; 1004.2890234375; 33.828125
2026-07-01; 05:27:31; 2086; 891; 33.79; 1004.26859375; 33.79296875
2026-07-01; 05:28:31; 2092; 909; 33.78; 1004.2732421875; 33.8271484375
2026-07-01; 05:29:31; 2096; 913; 33.77; 1004.2653125; 33.826171875
2026-07-01; 05:30:31; 2102; 925; 33.78; 1004.2732421875; 33.861328125
2026-07-01; 05:31:31; 2102; 925; 33.76; 1004.2491796875; 33.826171875
2026-07-01; 05:32:31; 2102; 925; 33.77; 1004.2653125; 33.861328125
2026-07-01; 05:33:31; 2108; 937; 33.75; 1004.2696484375; 33.8369140625
2026-07-01; 05:34:31; 2108; 937; 33.78; 1004.3299609375; 33.78125
2026-07-01; 05:35:31; 2114; 953; 33.76; 1004.2775390625; 33.767578125
2026-07-01; 05:36:31; 2118; 960; 33.77; 1004.370546875; 33.7568359375
2026-07-01; 05:37:31; 2114; 953; 33.75; 1004.37515625; 33.7900390625
2026-07-01; 05:38:31; 2124; 972; 33.75; 1004.3547265625; 33.7451171875
2026-07-01; 05:39:31; 2124; 972; 33.77; 1004.463828125; 33.7109375
2026-07-01; 05:40:31; 2136; 998; 33.77; 1004.28546875; 33.69921875
2026-07-01; 05:41:31; 2136; 998; 33.77; 1004.3421875; 33.7109375
2026-07-01; 05:42:31; 2142; 1010; 33.72; 1004.363984375; 33.7763671875
2026-07-01; 05:43:31; 2154; 1036; 33.72; 1004.363984375; 33.75390625
2026-07-01; 05:44:31; 2160; 1053; 33.72; 1004.3560546875; 33.765625
2026-07-01; 05:45:31; 2164; 1058; 33.74; 1004.395625; 33.7666015625
2026-07-01; 05:46:31; 2170; 1071; 33.73; 1004.456953125; 33.7431640625
2026-07-01; 05:47:31; 2176; 1084; 33.74; 1004.423984375; 33.6513671875
2026-07-01; 05:48:31; 2189; 1120; 33.69; 1004.486328125; 33.7744140625
2026-07-01; 05:49:31; 2195; 1134; 33.7; 1004.4945703125; 33.728515625
2026-07-01; 05:50:31; 2208; 1161; 33.72; 1004.5625; 33.6611328125
2026-07-01; 05:51:31; 2208; 1161; 33.7; 1004.6080078125; 33.751953125
2026-07-01; 05:52:31; 2212; 1170; 33.68; 1004.6406640625; 33.7509765625
2026-07-01; 05:53:31; 2226; 1201; 33.72; 1004.61921875; 33.6845703125
2026-07-01; 05:54:31; 2234; 1211; 33.7; 1004.757734375; 33.66015625
2026-07-01; 05:55:31; 2240; 1224; 33.74; 1004.728046875; 33.6630859375
2026-07-01; 05:56:31; 2255; 1249; 33.74; 1004.7643359375; 33.6630859375
2026-07-01; 05:57:31; 2257; 1262; 33.72; 1004.724765625; 33.6845703125
2026-07-01; 05:58:31; 2263; 1276; 33.74; 1004.8131640625; 33.6396484375
2026-07-01; 05:59:31; 2278; 1306; 33.77; 1004.775859375; 33.5263671875
2026-07-01; 06:00:31; 2283; 1320; 33.76; 1004.6746484375; 33.560546875
2026-07-01; 06:01:31; 2289; 1334; 33.77; 1004.775859375; 33.5263671875
2026-07-01; 06:02:31; 2296; 1348; 33.78; 1004.7066015625; 33.5283203125
2026-07-01; 06:03:31; 2309; 1381; 33.83; 1004.757421875; 33.404296875
2026-07-01; 06:04:31; 2324; 1413; 33.8; 1004.6452734375; 33.505859375
2026-07-01; 06:05:32; 2332; 1423; 33.82; 1004.6485546875; 33.4033203125
2026-07-01; 06:06:32; 2338; 1437; 33.82; 1004.6564453125; 33.369140625
2026-07-01; 06:07:32; 2345; 1452; 33.86; 1004.65546875; 33.302734375
2026-07-01; 06:08:32; 2359; 1477; 33.82; 1004.6769140625; 33.3916015625
2026-07-01; 06:09:32; 2376; 1519; 33.86; 1004.663359375; 33.314453125
2026-07-01; 06:10:32; 2376; 1519; 33.88; 1004.687109375; 33.24609375
2026-07-01; 06:11:32; 2382; 1532; 33.86; 1004.69171875; 33.3369140625
2026-07-01; 06:12:32; 2395; 1561; 33.88; 1004.743828125; 33.2919921875
2026-07-01; 06:13:32; 2404; 1573; 33.92; 1004.6658984375; 33.1796875
2026-07-01; 06:14:32; 2409; 1588; 33.94; 1004.66921875; 33.111328125
2026-07-01; 06:15:32; 2416; 1603; 33.92; 1004.6170703125; 33.1572265625
2026-07-01; 06:16:32; 2425; 1623; 33.96; 1004.680390625; 33.044921875
2026-07-01; 06:17:32; 2438; 1643; 34.0; 1004.59421875; 32.9892578125
2026-07-01; 06:18:32; 2445; 1658; 34.01; 1004.610078125; 32.966796875
2026-07-01; 06:19:32; 2460; 1693; 34.09; 1004.530390625; 32.857421875
2026-07-01; 06:20:32; 2467; 1708; 34.16; 1004.556328125; 32.7119140625
2026-07-01; 06:21:32; 2476; 1728; 34.17; 1004.5233203125; 32.677734375
2026-07-01; 06:22:32; 2490; 1758; 34.22; 1004.5743359375; 32.6015625
2026-07-01; 06:23:32; 2500; 1784; 34.27; 1004.596953125; 32.5244140625
2026-07-01; 06:24:32; 2500; 1784; 34.31; 1004.510390625; 32.45703125
2026-07-01; 06:25:32; 2509; 1804; 34.35; 1004.60234375; 32.3671875
2026-07-01; 06:26:32; 2509; 1804; 34.4; 1004.5887109375; 32.2666015625
2026-07-01; 06:27:32; 2500; 1784; 34.43; 1004.5512890625; 32.1884765625
2026-07-01; 06:28:32; 2509; 1804; 34.48; 1004.54546875; 32.1103515625
2026-07-01; 06:29:32; 2509; 1804; 34.44; 1004.5102734375; 32.177734375
2026-07-01; 06:30:32; 2509; 1804; 34.48; 1004.54546875; 32.1103515625
2026-07-01; 06:31:32; 2500; 1784; 34.52; 1004.5885546875; 31.986328125
2026-07-01; 06:32:32; 2500; 1784; 34.56; 1004.6155078125; 31.9658203125
2026-07-01; 06:33:32; 2485; 1743; 34.54; 1004.6201953125; 31.953125
2026-07-01; 06:34:32; 2476; 1728; 34.65; 1004.5514453125; 31.798828125
2026-07-01; 06:35:32; 2476; 1728; 34.59; 1004.6266796875; 31.875
2026-07-01; 06:36:32; 2452; 1673; 34.58; 1004.6471484375; 31.83984375
2026-07-01; 06:37:32; 2438; 1643; 34.55; 1004.6644140625; 31.919921875
2026-07-01; 06:38:32; 2438; 1643; 34.59; 1004.6266796875; 31.8515625
2026-07-01; 06:39:32; 2425; 1623; 34.59; 1004.6834765625; 31.8515625
2026-07-01; 06:40:32; 2428; 1633; 34.63; 1004.6981640625; 31.7861328125
2026-07-01; 06:41:32; 2425; 1623; 34.61; 1004.694921875; 31.8076171875
2026-07-01; 06:42:32; 2409; 1588; 34.65; 1004.729765625; 31.7294921875
2026-07-01; 06:43:32; 2395; 1561; 34.62; 1004.597109375; 31.796875
2026-07-01; 06:44:32; 2395; 1561; 34.61; 1004.65859375; 31.8076171875
2026-07-01; 06:45:32; 2388; 1546; 34.67; 1004.66859375; 31.7197265625
2026-07-01; 06:46:32; 2376; 1519; 34.64; 1004.7139453125; 31.751953125
2026-07-01; 06:47:33; 2376; 1519; 34.63; 1004.6697265625; 31.751953125
2026-07-01; 06:48:33; 2365; 1492; 34.66; 1004.7175; 31.6845703125
2026-07-01; 06:49:33; 2359; 1477; 34.66; 1004.7175; 31.7421875
2026-07-01; 06:50:33; 2345; 1452; 34.62; 1004.759609375; 31.80859375
2026-07-01; 06:51:33; 2353; 1463; 34.69; 1004.6512890625; 31.6748046875
2026-07-01; 06:52:33; 2359; 1477; 34.73; 1004.7069921875; 31.7001953125
2026-07-01; 06:53:33; 2365; 1492; 34.78; 1004.6440234375; 31.6572265625
2026-07-01; 06:54:33; 2388; 1546; 34.77; 1004.7134375; 31.9580078125
2026-07-01; 06:55:33; 2445; 1658; 34.73; 1004.6864453125; 32.5908203125
2026-07-01; 06:56:33; 2476; 1728; 34.66; 1004.6524609375; 32.57421875
2026-07-01; 06:57:33; 2485; 1743; 34.4; 1004.681796875; 33.9658203125
2026-07-01; 06:58:33; 2606; 2008; 34.38; 1004.6703125; 36.1572265625
2026-07-01; 06:59:33; 2750; 2326; 34.15; 1004.6335546875; 37.1201171875
2026-07-01; 07:00:33; 2898; 2631; 34.23; 1004.6469140625; 37.8310546875
2026-07-01; 07:01:33; 3031; 2915; 34.23; 1004.6673828125; 38.130859375
2026-07-01; 07:02:33; 3204; 3279; 34.18; 1004.701796875; 39.4638671875
2026-07-01; 07:03:33; 3338; 3576; 34.2; 1004.71296875; 39.857421875
2026-07-01; 07:04:33; 3435; 3777; 34.17; 1004.69359375; 38.6328125
2026-07-01; 07:05:33; 3527; 3981; 33.96; 1004.7371484375; 40.009765625
2026-07-01; 07:06:33; 3643; 4226; 34.05; 1004.80765625; 39.9365234375
2026-07-01; 07:07:33; 3729; 4413; 33.95; 1004.826875; 40.2275390625
2026-07-01; 07:08:33; 3801; 4559; 33.93; 1004.74640625; 39.73046875
2026-07-01; 07:09:33; 3819; 4591; 33.95; 1004.826875; 38.94921875
2026-07-01; 07:10:33; 3859; 4702; 33.93; 1004.8315234375; 39.5810546875
2026-07-01; 07:11:33; 3896; 4790; 33.9; 1004.860625; 38.091796875
2026-07-01; 07:12:33; 3896; 4790; 33.68; 1004.8959375; 39.38671875
2026-07-01; 07:13:33; 3914; 4822; 33.34; 1004.817109375; 39.4384765625
2026-07-01; 07:14:33; 3974; 4944; 33.5; 1004.885859375; 40.2685546875
2026-07-01; 07:15:33; 4039; 5081; 33.6; 1004.853984375; 39.83984375
2026-07-01; 07:16:33; 4128; 5249; 33.44; 1004.89140625; 39.791015625
2026-07-01; 07:17:33; 4148; 5291; 33.45; 1004.8993359375; 39.76953125
2026-07-01; 07:18:33; 4216; 5444; 33.58; 1004.8144140625; 39.1591796875
2026-07-01; 07:19:33; 4216; 5444; 33.64; 1004.80421875; 40.0166015625
2026-07-01; 07:20:33; 4172; 5343; 33.62; 1004.8573046875; 40.1875
2026-07-01; 07:21:33; 4108; 5215; 33.47; 1004.90265625; 41.1865234375
2026-07-01; 07:22:33; 4054; 5130; 33.58; 1004.9073828125; 41.564453125
2026-07-01; 07:23:33; 3974; 4944; 33.4; 1004.9898828125; 40.212890625
2026-07-01; 07:24:33; 3914; 4822; 33.44; 1004.996875; 39.7685546875
2026-07-01; 07:25:33; 3878; 4742; 33.46; 1005.06484375; 40.66796875
2026-07-01; 07:26:33; 3859; 4702; 33.59; 1005.057109375; 39.0556640625
2026-07-01; 07:27:33; 3878; 4742; 33.82; 1005.045703125; 38.810546875
2026-07-01; 07:28:33; 3896; 4790; 34.14; 1005.035546875; 39.16015625
2026-07-01; 07:29:33; 3974; 4944; 34.38; 1005.0962109375; 40.298828125
2026-07-01; 07:30:34; 4108; 5215; 34.45; 1005.0940234375; 40.109375
2026-07-01; 07:31:34; 4216; 5444; 34.54; 1005.074609375; 39.2294921875
2026-07-01; 07:32:34; 4329; 5681; 34.7; 1005.121640625; 38.4931640625
2026-07-01; 07:33:34; 4408; 5866; 34.85; 1005.17328125; 37.5810546875
2026-07-01; 07:34:34; 4455; 5967; 34.94; 1005.2029296875; 36.525390625
2026-07-01; 07:35:34; 4481; 6012; 34.9; 1005.2890234375; 37.1240234375
2026-07-01; 07:36:34; 4511; 6060; 35.04; 1005.3330078125; 36.267578125
2026-07-01; 07:37:34; 4528; 6115; 35.11; 1005.379296875; 35.7412109375
2026-07-01; 07:38:34; 4558; 6174; 35.16; 1005.3812890625; 35.5029296875
2026-07-01; 07:39:34; 4580; 6231; 35.16; 1005.4018359375; 34.958984375
2026-07-01; 07:40:34; 4580; 6231; 35.18; 1005.38453125; 34.775390625
2026-07-01; 07:41:34; 4558; 6174; 35.18; 1005.4413671875; 34.185546875
2026-07-01; 07:42:34; 4558; 6174; 35.19; 1005.3640234375; 34.0927734375
2026-07-01; 07:43:34; 4528; 6115; 35.25; 1005.4387109375; 33.970703125
2026-07-01; 07:44:34; 4528; 6115; 35.28; 1005.4580078125; 33.70703125
2026-07-01; 07:45:34; 4511; 6060; 35.26; 1005.5034375; 33.693359375
2026-07-01; 07:46:34; 4481; 6012; 35.23; 1005.4844140625; 33.6796875
2026-07-01; 07:47:34; 4455; 5967; 35.28; 1005.563828125; 33.359375
2026-07-01; 07:48:34; 4408; 5866; 35.32; 1005.5702734375; 33.1767578125
2026-07-01; 07:49:34; 4379; 5803; 35.33; 1005.593984375; 33.0966796875
2026-07-01; 07:50:34; 4354; 5735; 35.38; 1005.572265625; 33.0888671875
2026-07-01; 07:51:34; 4309; 5636; 35.38; 1005.60859375; 33.0888671875
2026-07-01; 07:52:34; 4284; 5583; 35.39; 1005.5959765625; 32.927734375
2026-07-01; 07:53:34; 4260; 5539; 35.44; 1005.639296875; 32.896484375
2026-07-01; 07:54:34; 4216; 5444; 35.47; 1005.6378125; 32.62109375
2026-07-01; 07:55:34; 4172; 5343; 35.52; 1005.631875; 32.4267578125
2026-07-01; 07:56:34; 4128; 5249; 35.54; 1005.5702734375; 32.3583984375
2026-07-01; 07:57:34; 4074; 5173; 35.58; 1005.61328125; 32.24609375
2026-07-01; 07:58:34; 4039; 5081; 35.68; 1005.6215625; 31.951171875
2026-07-01; 07:59:34; 3997; 4990; 35.65; 1005.6231640625; 32.0068359375
2026-07-01; 08:00:34; 3956; 4911; 35.66; 1005.6468359375; 32.01953125
2026-07-01; 08:01:34; 3914; 4822; 35.7; 1005.653515625; 31.9072265625
2026-07-01; 08:02:34; 3878; 4742; 35.66; 1005.6105078125; 31.71875
2026-07-01; 08:03:34; 3841; 4670; 35.73; 1005.664609375; 31.6533203125
2026-07-01; 08:04:34; 3785; 4527; 35.67; 1005.654765625; 31.7412109375
2026-07-01; 08:05:34; 3763; 4481; 35.72; 1005.7056640625; 31.7802734375
2026-07-01; 08:06:34; 3750; 4451; 35.88; 1005.7031640625; 31.3857421875
2026-07-01; 08:07:34; 3729; 4413; 36.23; 1005.681015625; 30.9453125
2026-07-01; 08:08:34; 3729; 4413; 36.53; 1005.664765625; 30.373046875
2026-07-01; 08:09:34; 3729; 4413; 36.95; 1005.666875; 29.8427734375
2026-07-01; 08:10:34; 3763; 4481; 37.49; 1005.59359375; 29.0859375
2026-07-01; 08:11:34; 3763; 4481; 38.0; 1005.663359375; 28.3359375
2026-07-01; 08:12:34; 3750; 4451; 38.41; 1005.6756640625; 27.6259765625
2026-07-01; 08:13:35; 3729; 4413; 38.7; 1005.6405078125; 27.1650390625
2026-07-01; 08:14:35; 3679; 4305; 38.77; 1005.6653515625; 27.0869140625
2026-07-01; 08:15:35; 3679; 4305; 38.77; 1005.6939453125; 26.9814453125
2026-07-01; 08:16:35; 3643; 4226; 38.77; 1005.68609375; 26.9814453125
2026-07-01; 08:17:35; 3664; 4271; 38.98; 1005.7240625; 26.970703125
2026-07-01; 08:18:35; 3693; 4335; 39.2; 1005.7002734375; 26.703125
2026-07-01; 08:19:35; 3711; 4374; 39.26; 1005.65203125; 26.6708984375
2026-07-01; 08:20:35; 3763; 4481; 39.45; 1005.7722265625; 26.3662109375
2026-07-01; 08:21:35; 3801; 4559; 39.8; 1005.82265625; 26.0224609375
2026-07-01; 08:22:35; 3819; 4591; 40.11; 1005.78890625; 25.6298828125
2026-07-01; 08:23:35; 3841; 4670; 40.26; 1005.7884375; 25.3916015625
2026-07-01; 08:24:35; 3841; 4670; 40.37; 1005.8553125; 25.2685546875
2026-07-01; 08:25:35; 3841; 4670; 40.32; 1005.883125; 25.3359375
2026-07-01; 08:26:35; 3859; 4702; 40.27; 1005.840703125; 25.322265625
2026-07-01; 08:27:35; 3841; 4670; 40.16; 1005.9330859375; 25.41015625
2026-07-01; 08:28:35; 3819; 4591; 39.9; 1005.8661328125; 25.7822265625
2026-07-01; 08:29:35; 3801; 4559; 39.57; 1005.7900390625; 26.126953125
2026-07-01; 08:30:35; 3785; 4527; 39.29; 1005.8344140625; 26.4736328125
2026-07-01; 08:31:35; 3763; 4481; 39.18; 1005.889453125; 26.583984375
2026-07-01; 08:32:35; 3729; 4413; 38.93; 1005.8819140625; 26.8623046875
2026-07-01; 08:33:35; 3679; 4305; 38.73; 1005.888203125; 27.341796875
2026-07-01; 08:34:35; 3693; 4335; 38.73; 1005.8517578125; 27.4462890625
2026-07-01; 08:35:35; 3679; 4305; 38.58; 1005.87953125; 27.625
2026-07-01; 08:36:35; 3679; 4305; 38.52; 1005.9068359375; 27.62109375
2026-07-01; 08:37:35; 3664; 4271; 38.39; 1005.9791015625; 27.7880859375
2026-07-01; 08:38:35; 3630; 4182; 38.29; 1005.9430078125; 27.8759765625
2026-07-01; 08:39:35; 3595; 4121; 38.09; 1005.92015625; 28.12109375
2026-07-01; 08:40:35; 3574; 4084; 38.03; 1005.910859375; 28.1865234375
2026-07-01; 08:41:35; 3561; 4055; 37.95; 1005.96359375; 28.205078125
2026-07-01; 08:42:35; 3527; 3981; 37.83; 1006.00203125; 28.4423828125
2026-07-01; 08:43:35; 3514; 3953; 37.87; 1005.9716015625; 28.31640625
2026-07-01; 08:44:35; 3483; 3876; 37.85; 1005.96859375; 28.373046875
2026-07-01; 08:45:35; 3467; 3841; 37.77; 1006.028828125; 28.416015625
2026-07-01; 08:46:35; 3435; 3777; 37.83; 1005.91640625; 28.279296875
2026-07-01; 08:47:35; 3425; 3763; 38.18; 1005.997421875; 27.798828125
2026-07-01; 08:48:35; 3425; 3763; 38.42; 1005.9121484375; 27.4052734375
2026-07-01; 08:49:35; 3379; 3665; 38.82; 1005.944609375; 26.9033203125
2026-07-01; 08:50:35; 3367; 3644; 38.73; 1006.0233203125; 26.9091796875
2026-07-01; 08:51:35; 3367; 3644; 39.11; 1006.0152734375; 26.3583984375
2026-07-01; 08:52:35; 3351; 3603; 40.02; 1006.105078125; 25.30859375
2026-07-01; 08:53:35; 3367; 3644; 40.8; 1006.1662109375; 24.2939453125
2026-07-01; 08:54:35; 3367; 3644; 41.33; 1006.1051953125; 23.6162109375
2026-07-01; 08:55:35; 3398; 3700; 41.9; 1006.0687890625; 22.9853515625
2026-07-01; 08:56:36; 3379; 3665; 42.26; 1006.053203125; 22.5322265625
2026-07-01; 08:57:36; 3379; 3665; 42.59; 1006.154765625; 22.0634765625
2026-07-01; 08:58:36; 3367; 3644; 42.82; 1006.1059765625; 21.802734375
2026-07-01; 08:59:36; 3367; 3644; 43.14; 1006.1414453125; 21.4287109375
2026-07-01; 09:00:36; 3367; 3644; 43.41; 1006.16328125; 21.1689453125
2026-07-01; 09:01:36; 3367; 3644; 43.66; 1006.1452734375; 20.884765625
2026-07-01; 09:02:36; 3351; 3603; 43.84; 1006.1533203125; 20.73828125
2026-07-01; 09:03:36; 3338; 3576; 43.92; 1006.221328125; 20.623046875
2026-07-01; 09:04:36; 3328; 3543; 43.98; 1006.1715234375; 20.6259765625
2026-07-01; 09:05:36; 3328; 3543; 44.12; 1006.0953515625; 20.3486328125
2026-07-01; 09:06:36; 3338; 3576; 44.29; 1006.210859375; 20.2607421875
2026-07-01; 09:07:36; 3338; 3576; 44.39; 1006.23140625; 20.146484375
2026-07-01; 09:08:36; 3309; 3509; 44.36; 1006.205390625; 20.109375
2026-07-01; 09:09:36; 3309; 3509; 44.25; 1006.2632421875; 20.2109375
2026-07-01; 09:10:36; 3309; 3509; 44.43; 1006.236640625; 20.125
2026-07-01; 09:11:36; 3297; 3487; 44.47; 1006.1760546875; 20.0673828125
2026-07-01; 09:12:36; 3282; 3454; 44.61; 1006.165703125; 19.84765625
2026-07-01; 09:13:36; 3269; 3433; 44.63; 1006.225859375; 19.8017578125
2026-07-01; 09:14:36; 3241; 3374; 44.76; 1006.162421875; 19.7353515625
2026-07-01; 09:15:36; 3219; 3318; 44.87; 1006.219453125; 19.6220703125
2026-07-01; 09:16:36; 3204; 3279; 44.87; 1006.1617578125; 19.693359375
2026-07-01; 09:17:36; 3165; 3200; 44.59; 1006.162890625; 19.8349609375
2026-07-01; 09:18:36; 3153; 3168; 44.03; 1006.155859375; 20.4033203125
2026-07-01; 09:19:36; 3117; 3102; 43.66; 1006.1452734375; 20.8017578125
2026-07-01; 09:20:36; 3065; 2991; 43.47; 1006.1844140625; 20.9462890625
2026-07-01; 09:21:36; 3055; 2966; 43.93; 1006.1508203125; 20.5537109375
2026-07-01; 09:22:36; 3019; 2885; 43.85; 1006.1768359375; 20.6201171875
2026-07-01; 09:23:36; 2997; 2847; 43.62; 1006.1608984375; 20.7763671875
2026-07-01; 09:24:36; 2975; 2798; 43.61; 1006.153046875; 20.8115234375
2026-07-01; 09:25:36; 2954; 2751; 43.96; 1006.1978515625; 20.6494140625
2026-07-01; 09:26:36; 2917; 2667; 44.14; 1006.1924609375; 20.171875
2026-07-01; 09:27:36; 2898; 2631; 44.39; 1006.165859375; 20.0751953125
2026-07-01; 09:28:36; 2898; 2631; 44.61; 1006.0791015625; 19.7060546875
2026-07-01; 09:29:36; 2859; 2564; 44.57; 1006.1526171875; 19.7509765625
2026-07-01; 09:30:36; 2829; 2500; 44.8; 1006.130625; 19.5478515625
2026-07-01; 09:31:36; 2810; 2452; 44.67; 1006.086484375; 19.5771484375
2026-07-01; 09:32:36; 2781; 2388; 44.66; 1006.0996484375; 19.5302734375
2026-07-01; 09:33:36; 2750; 2326; 44.51; 1006.058046875; 19.724609375
2026-07-01; 09:34:36; 2713; 2246; 44.36; 1006.1844140625; 19.884765625
2026-07-01; 09:35:36; 2707; 2230; 44.53; 1006.0106640625; 19.6904296875
2026-07-01; 09:36:36; 2679; 2154; 44.52; 1006.13140625; 19.630859375
2026-07-01; 09:37:36; 2638; 2082; 44.58; 1006.2049609375; 19.59765625
2026-07-01; 09:38:36; 2630; 2066; 44.67; 1006.14421875; 19.482421875
2026-07-01; 09:39:37; 2630; 2066; 44.88; 1006.2850390625; 19.2900390625
2026-07-01; 09:40:37; 2614; 2024; 44.85; 1006.2747265625; 19.2294921875
2026-07-01; 09:41:37; 2614; 2024; 44.91; 1006.2823828125; 19.267578125
2026-07-01; 09:42:37; 2572; 1930; 44.77; 1006.1991015625; 19.2373046875
2026-07-01; 09:43:37; 2547; 1881; 44.84; 1006.222421875; 19.193359375
2026-07-01; 09:44:37; 2530; 1845; 44.87; 1006.269375; 19.1708984375
2026-07-01; 09:45:37; 2530; 1845; 45.07; 1006.2870703125; 19.0
2026-07-01; 09:46:37; 2540; 1866; 45.14; 1006.260390625; 18.873046875
2026-07-01; 09:47:37; 2547; 1881; 45.3; 1006.330546875; 18.7490234375
2026-07-01; 09:48:37; 2540; 1866; 45.33; 1006.29109375; 18.7265625
2026-07-01; 09:49:37; 2540; 1866; 45.38; 1006.3118359375; 18.609375
2026-07-01; 09:50:37; 2579; 1946; 45.32; 1006.3040625; 18.7734375
2026-07-01; 09:51:37; 2638; 2082; 45.3; 1006.301640625; 18.83203125
2026-07-01; 09:52:37; 2707; 2230; 45.15; 1006.2104296875; 19.0517578125
2026-07-01; 09:53:37; 2781; 2388; 44.82; 1006.3351171875; 19.3466796875
2026-07-01; 09:54:37; 2909; 2649; 44.67; 1006.2884765625; 19.6015625
2026-07-01; 09:55:37; 3042; 2940; 44.48; 1006.2785546875; 19.794921875
2026-07-01; 09:56:37; 3204; 3279; 44.37; 1006.2787890625; 19.9443359375
2026-07-01; 09:57:37; 3351; 3603; 44.44; 1006.2733203125; 19.912109375
2026-07-01; 09:58:37; 3595; 4121; 44.38; 1006.2733984375; 20.0869140625
2026-07-01; 09:59:37; 3914; 4822; 44.49; 1006.2076953125; 20.068359375
2026-07-01; 10:00:37; 4284; 5583; 44.12; 1006.2971875; 20.4189453125
2026-07-01; 10:01:37; 4664; 6411; 44.41; 1006.2341796875; 20.23046875
2026-07-01; 10:02:37; 5019; 7171; 44.83; 1006.293359375; 19.73828125
2026-07-01; 10:03:37; 5428; 8055; 45.21; 1006.3701953125; 19.41015625
2026-07-01; 10:04:37; 5882; 8995; 45.28; 1006.2700390625; 19.3896484375
2026-07-01; 10:05:37; 5927; 9098; 45.08; 1006.2239453125; 19.072265625
2026-07-01; 10:06:37; 6157; 9585; 45.16; 1006.2838671875; 19.2060546875
2026-07-01; 10:07:37; 6157; 9585; 45.01; 1006.237421875; 19.1767578125
2026-07-01; 10:08:37; 6678; 10719; 44.77; 1006.1780859375; 19.6171875
2026-07-01; 10:09:37; 7220; 11852; 44.6; 1006.120859375; 19.8828125
2026-07-01; 10:10:37; 7796; 13143; 44.41; 1006.176484375; 19.9697265625
2026-07-01; 10:11:37; 8296; 14147; 44.37; 1006.1423828125; 19.98046875
2026-07-01; 10:12:37; 8659; 14926; 44.37; 1006.22890625; 19.9091796875
2026-07-01; 10:13:37; 8853; 15369; 44.44; 1006.1080859375; 19.7578125
2026-07-01; 10:14:37; 9057; 15793; 44.75; 1006.175625; 19.4384765625
2026-07-01; 10:15:37; 9270; 16272; 44.99; 1006.2638671875; 19.1279296875
2026-07-01; 10:16:37; 9270; 16272; 44.98; 1006.2692578125; 19.080078125
2026-07-01; 10:17:37; 9270; 16272; 44.99; 1006.256015625; 19.080078125
2026-07-01; 10:18:37; 9511; 16775; 45.16; 1006.291953125; 18.8740234375
2026-07-01; 10:19:37; 9621; 16983; 45.21; 1006.1890625; 18.6142578125
2026-07-01; 10:20:37; 9715; 17223; 45.2; 1006.2601171875; 18.5908203125
2026-07-01; 10:21:37; 9715; 17223; 45.38; 1006.1673828125; 18.3125
2026-07-01; 10:22:38; 9715; 17223; 45.5; 1006.1741796875; 18.0791015625
2026-07-01; 10:23:38; 9840; 17464; 45.49; 1006.2241796875; 18.138671875
2026-07-01; 10:24:38; 9964; 17721; 45.68; 1006.2176171875; 17.931640625
2026-07-01; 10:25:38; 9964; 17721; 45.8; 1006.1748828125; 17.6748046875
2026-07-01; 10:26:38; 9964; 17721; 45.82; 1006.185078125; 17.591796875
2026-07-01; 10:27:38; 9964; 17721; 45.86; 1006.174453125; 17.498046875
2026-07-01; 10:28:38; 9840; 17464; 46.07; 1006.214453125; 17.2802734375
2026-07-01; 10:29:38; 9715; 17223; 46.0; 1006.2204296875; 17.169921875
2026-07-01; 10:30:38; 9715; 17223; 46.07; 1006.243359375; 16.994140625
2026-07-01; 10:31:38; 9621; 16983; 46.02; 1006.2305859375; 16.9326171875
2026-07-01; 10:32:38; 9621; 16983; 46.04; 1006.196171875; 16.9814453125
2026-07-01; 10:33:38; 9621; 16983; 46.18; 1006.350234375; 16.8193359375
2026-07-01; 10:34:38; 9511; 16775; 45.97; 1006.2388671875; 16.859375
2026-07-01; 10:35:38; 9511; 16775; 46.15; 1006.39796875; 16.7353515625
2026-07-01; 10:36:38; 9383; 16502; 46.11; 1006.3273046875; 16.662109375
2026-07-01; 10:37:38; 9270; 16272; 46.14; 1006.287734375; 16.591796875
2026-07-01; 10:38:38; 9162; 16024; 46.31; 1006.293671875; 16.3837890625
2026-07-01; 10:39:38; 9270; 16272; 46.35; 1006.3064453125; 16.2421875
2026-07-01; 10:40:38; 9057; 15793; 46.47; 1006.2763671875; 16.2099609375
2026-07-01; 10:41:38; 8962; 15588; 46.31; 1006.23578125; 16.216796875
2026-07-01; 10:42:38; 8962; 15588; 46.58; 1006.27515625; 16.046875
2026-07-01; 10:43:38; 8853; 15369; 46.66; 1006.1977734375; 15.859375
2026-07-01; 10:44:38; 8659; 14926; 46.84; 1006.269296875; 15.662109375
2026-07-01; 10:45:38; 8568; 14730; 46.7; 1006.10796875; 15.59765625
2026-07-01; 10:46:38; 8659; 14926; 46.95; 1006.2025; 15.53515625
2026-07-01; 10:47:38; 8659; 14926; 46.88; 1006.1296484375; 15.5087890625
2026-07-01; 10:48:38; 8659; 14926; 47.06; 1006.2375390625; 15.32421875
2026-07-01; 10:49:38; 8473; 14537; 46.94; 1006.1286328125; 15.3076171875
2026-07-01; 10:50:38; 8384; 14346; 46.85; 1006.206171875; 15.400390625
2026-07-01; 10:51:38; 8216; 13994; 46.99; 1006.1780859375; 15.28515625
2026-07-01; 10:52:38; 8028; 13641; 46.93; 1006.207734375; 15.3076171875
2026-07-01; 10:53:38; 8113; 13824; 46.96; 1006.189140625; 15.2490234375
2026-07-01; 10:54:38; 8113; 13824; 47.11; 1006.25015625; 15.0390625
2026-07-01; 10:55:38; 7573; 12622; 47.05; 1006.1929296875; 14.75
2026-07-01; 10:56:38; 7360; 12175; 46.93; 1006.199921875; 14.9013671875
2026-07-01; 10:57:38; 7501; 12467; 46.86; 1006.1348828125; 15.04296875
2026-07-01; 10:58:38; 7639; 12748; 46.8; 1006.177578125; 15.087890625
2026-07-01; 10:59:38; 7639; 12748; 47.07; 1006.1584375; 14.9541015625
2026-07-01; 11:00:38; 7721; 12966; 47.09; 1006.1108203125; 14.966796875
2026-07-01; 11:01:38; 7721; 12966; 46.94; 1006.1865625; 14.9970703125
2026-07-01; 11:02:38; 7721; 12966; 47.11; 1006.076328125; 15.146484375
2026-07-01; 11:03:38; 7573; 12622; 46.99; 1005.983125; 14.916015625
2026-07-01; 11:04:39; 7360; 12175; 47.3; 1006.0475390625; 14.6865234375
2026-07-01; 11:05:39; 7360; 12175; 47.56; 1006.10625; 14.50390625
2026-07-01; 11:06:39; 7501; 12467; 47.69; 1006.1862109375; 14.423828125
2026-07-01; 11:07:39; 7573; 12622; 47.68; 1006.141640625; 14.3271484375
2026-07-01; 11:08:39; 7639; 12748; 47.84; 1006.238984375; 14.201171875
2026-07-01; 11:09:39; 7501; 12467; 47.82; 1006.27359375; 14.212890625
2026-07-01; 11:10:39; 7290; 12017; 47.78; 1006.1821875; 14.1630859375
2026-07-01; 11:11:39; 7097; 11615; 47.92; 1006.1980859375; 14.072265625
2026-07-01; 11:12:39; 7030; 11470; 48.09; 1006.22421875; 13.95703125
2026-07-01; 11:13:39; 6678; 10719; 48.1; 1006.1527734375; 13.7060546875
2026-07-01; 11:14:39; 6063; 9395; 48.22; 1006.2166015625; 13.3740234375
2026-07-01; 11:15:39; 5836; 8898; 48.14; 1006.244453125; 13.48046875
2026-07-01; 11:16:39; 5927; 9098; 48.3; 1006.2467578125; 13.3046875
2026-07-01; 11:17:39; 6110; 9496; 48.27; 1006.228984375; 13.328125
2026-07-01; 11:18:39; 6307; 9899; 48.44; 1006.1833984375; 13.4169921875
2026-07-01; 11:19:39; 6354; 10016; 48.56; 1006.27609375; 13.1572265625
2026-07-01; 11:20:39; 6253; 9796; 48.84; 1006.24140625; 13.0087890625
2026-07-01; 11:21:39; 6253; 9796; 48.66; 1006.2873046875; 13.123046875
2026-07-01; 11:22:39; 6307; 9899; 48.84; 1006.328515625; 13.033203125
2026-07-01; 11:23:39; 6307; 9899; 48.84; 1006.29171875; 13.056640625
2026-07-01; 11:24:39; 6205; 9693; 48.84; 1006.3498046875; 13.044921875
2026-07-01; 11:25:39; 6157; 9585; 49.23; 1006.312265625; 12.7197265625
2026-07-01; 11:26:39; 6110; 9496; 48.97; 1006.2992578125; 12.8447265625
2026-07-01; 11:27:39; 6205; 9693; 49.47; 1006.3305078125; 12.521484375
2026-07-01; 11:28:39; 6253; 9796; 49.59; 1006.3433984375; 12.4287109375
2026-07-01; 11:29:39; 6157; 9585; 49.55; 1006.338984375; 12.427734375
2026-07-01; 11:30:39; 6063; 9395; 49.63; 1006.2818359375; 12.4296875
2026-07-01; 11:31:39; 6157; 9585; 49.83; 1006.3984765625; 12.2431640625
2026-07-01; 11:32:39; 6253; 9796; 49.87; 1006.4529296875; 12.18359375
2026-07-01; 11:33:39; 6307; 9899; 50.04; 1006.4777734375; 12.080078125
2026-07-01; 11:34:39; 6307; 9899; 49.85; 1006.4799609375; 12.0986328125
2026-07-01; 11:35:39; 6253; 9796; 50.04; 1006.4564453125; 11.9599609375
2026-07-01; 11:36:39; 6110; 9496; 50.28; 1006.495234375; 11.7490234375
2026-07-01; 11:37:39; 5978; 9197; 50.14; 1006.5175; 11.8544921875
2026-07-01; 11:38:39; 5882; 8995; 50.26; 1006.6174609375; 11.7490234375
2026-07-01; 11:39:39; 5710; 8670; 50.46; 1006.5938671875; 11.5615234375
2026-07-01; 11:40:39; 5623; 8467; 50.35; 1006.5752734375; 11.5224609375
2026-07-01; 11:41:39; 5623; 8467; 50.2; 1006.516015625; 11.54296875
2026-07-01; 11:42:39; 5502; 8214; 50.17; 1006.5641796875; 11.578125
2026-07-01; 11:43:39; 5502; 8214; 49.86; 1006.495546875; 11.654296875
2026-07-01; 11:44:39; 5469; 8156; 48.7; 1006.4002734375; 12.46484375
2026-07-01; 11:45:39; 5502; 8214; 48.79; 1006.5039453125; 12.419921875
2026-07-01; 11:46:39; 5580; 8373; 48.85; 1006.5396875; 12.349609375
2026-07-01; 11:47:40; 5661; 8565; 49.5; 1006.530703125; 11.9697265625
2026-07-01; 11:48:40; 5661; 8565; 49.92; 1006.5814453125; 11.65625
2026-07-01; 11:49:40; 5710; 8670; 49.87; 1006.532421875; 11.6669921875
2026-07-01; 11:50:40; 5797; 8826; 50.19; 1006.5955859375; 11.4345703125
2026-07-01; 11:51:40; 5836; 8898; 50.11; 1006.5503515625; 11.4560546875
2026-07-01; 11:52:40; 5743; 8731; 50.3; 1006.526328125; 11.3046875
2026-07-01; 11:53:40; 5623; 8467; 49.73; 1006.5250390625; 11.6513671875
2026-07-01; 11:54:40; 5743; 8731; 50.09; 1006.592734375; 11.4560546875
2026-07-01; 11:55:40; 5836; 8898; 50.39; 1006.513515625; 11.2705078125
2026-07-01; 11:56:40; 5836; 8898; 50.45; 1006.702578125; 11.2001953125
2026-07-01; 11:57:40; 5882; 8995; 50.67; 1006.65140625; 11.1083984375
2026-07-01; 11:58:40; 5836; 8898; 50.52; 1006.6369921875; 11.0810546875
2026-07-01; 11:59:40; 5836; 8898; 50.84; 1006.654375; 10.8349609375
2026-07-01; 12:00:40; 5661; 8565; 50.24; 1006.61546875; 11.134765625
2026-07-01; 12:01:40; 5661; 8565; 50.61; 1006.65296875; 10.9990234375
2026-07-01; 12:02:40; 5623; 8467; 50.44; 1006.620703125; 11.126953125
2026-07-01; 12:03:40; 5710; 8670; 50.61; 1006.5655859375; 10.962890625
2026-07-01; 12:04:40; 5743; 8731; 50.48; 1006.487109375; 11.0078125
2026-07-01; 12:05:40; 5743; 8731; 50.53; 1006.594296875; 10.9130859375
2026-07-01; 12:06:40; 5743; 8731; 50.5; 1006.5687109375; 11.0078125
2026-07-01; 12:07:40; 5661; 8565; 50.49; 1006.61140625; 10.83984375
2026-07-01; 12:08:40; 5580; 8373; 50.57; 1006.59046875; 10.841796875
2026-07-01; 12:09:40; 5428; 8055; 50.75; 1006.579921875; 10.6884765625
2026-07-01; 12:10:40; 5320; 7806; 50.84; 1006.5378125; 10.5341796875
2026-07-01; 12:11:40; 5280; 7729; 50.7; 1006.465; 10.6396484375
2026-07-01; 12:12:40; 5320; 7806; 50.5; 1006.576484375; 10.755859375
2026-07-01; 12:13:40; 5392; 7960; 50.57; 1006.619609375; 10.7333984375
2026-07-01; 12:14:40; 5392; 7960; 50.68; 1006.616484375; 10.6875
2026-07-01; 12:15:40; 5245; 7653; 49.2; 1006.5637109375; 11.421875
2026-07-01; 12:16:40; 5145; 7423; 48.21; 1006.528046875; 11.9970703125
2026-07-01; 12:17:40; 5110; 7359; 47.17; 1006.546953125; 12.580078125
2026-07-01; 12:18:40; 5081; 7296; 46.5; 1006.53390625; 13.0751953125
2026-07-01; 12:19:40; 5081; 7296; 46.06; 1006.5458984375; 13.3369140625
2026-07-01; 12:20:40; 5081; 7296; 45.69; 1006.5879296875; 13.576171875
2026-07-01; 12:21:40; 5043; 7223; 45.3; 1006.561640625; 13.86328125
2026-07-01; 12:22:40; 4981; 7079; 45.16; 1006.5519140625; 13.8828125
2026-07-01; 12:23:40; 4952; 7021; 44.83; 1006.474375; 14.0869140625
2026-07-01; 12:24:40; 4952; 7021; 44.52; 1006.3911328125; 14.2548828125
2026-07-01; 12:25:40; 5019; 7171; 45.77; 1006.532421875; 13.4716796875
2026-07-01; 12:26:40; 5081; 7296; 47.18; 1006.52578125; 12.47265625
2026-07-01; 12:27:40; 5081; 7296; 47.94; 1006.5487109375; 11.8232421875
2026-07-01; 12:28:40; 5019; 7171; 48.78; 1006.517421875; 11.3642578125
2026-07-01; 12:29:40; 4981; 7079; 49.08; 1006.4927734375; 11.1435546875
2026-07-01; 12:30:41; 5043; 7223; 49.39; 1006.49640625; 10.921875
2026-07-01; 12:31:41; 5110; 7359; 49.82; 1006.498984375; 10.7158203125
2026-07-01; 12:32:41; 5185; 7518; 49.73; 1006.5331640625; 10.7021484375
2026-07-01; 12:33:41; 5110; 7359; 48.23; 1006.501171875; 11.5546875
2026-07-01; 12:34:41; 4981; 7079; 46.7; 1006.463203125; 12.5439453125
2026-07-01; 12:35:41; 4920; 6950; 45.82; 1006.58984375; 13.19921875
2026-07-01; 12:36:41; 4857; 6830; 45.3; 1006.503828125; 13.5771484375
2026-07-01; 12:37:41; 4810; 6710; 44.84; 1006.4900390625; 13.884765625
2026-07-01; 12:38:41; 4719; 6518; 44.59; 1006.4803515625; 14.0556640625
2026-07-01; 12:39:41; 4664; 6411; 44.13; 1006.5146875; 14.326171875
2026-07-01; 12:40:41; 4691; 6469; 44.24; 1006.593671875; 14.330078125
2026-07-01; 12:41:41; 4664; 6411; 44.63; 1006.53546875; 14.033203125
2026-07-01; 12:42:41; 4607; 6297; 44.9; 1006.584296875; 13.875
2026-07-01; 12:43:41; 4558; 6174; 44.92; 1006.4712890625; 13.88671875
2026-07-01; 12:44:41; 4528; 6115; 44.87; 1006.442578125; 13.9091796875
2026-07-01; 12:45:41; 4511; 6060; 44.88; 1006.5526953125; 13.9453125
2026-07-01; 12:46:41; 4528; 6115; 45.08; 1006.56265625; 13.83203125
2026-07-01; 12:47:41; 4528; 6115; 45.21; 1006.543515625; 13.8125
2026-07-01; 12:48:41; 4481; 6012; 45.32; 1006.52734375; 13.744140625
2026-07-01; 12:49:41; 4481; 6012; 45.49; 1006.5709765625; 13.6787109375
2026-07-01; 12:50:41; 4558; 6174; 45.64; 1006.5594140625; 13.669921875
2026-07-01; 12:51:41; 4664; 6411; 45.83; 1006.51875; 13.5693359375
2026-07-01; 12:52:41; 4777; 6658; 45.97; 1006.520234375; 13.572265625
2026-07-01; 12:53:41; 4981; 7079; 46.13; 1006.540234375; 13.5419921875
2026-07-01; 12:54:41; 5215; 7578; 46.08; 1006.5193359375; 13.6357421875
2026-07-01; 12:55:41; 5469; 8156; 45.84; 1006.5265625; 13.85546875
2026-07-01; 12:56:41; 5797; 8826; 45.72; 1006.57765625; 13.970703125
2026-07-01; 12:57:41; 6110; 9496; 45.6; 1006.6491796875; 14.0859375
2026-07-01; 12:58:41; 6409; 10122; 45.6; 1006.5913671875; 14.07421875
2026-07-01; 12:59:41; 6678; 10719; 45.34; 1006.5667578125; 14.2685546875
2026-07-01; 13:00:41; 6516; 10379; 45.17; 1006.5886328125; 14.3232421875
2026-07-01; 13:01:41; 6801; 10963; 45.0; 1006.481640625; 14.5439453125
2026-07-01; 13:02:41; 7220; 11852; 45.11; 1006.5022265625; 14.5947265625
2026-07-01; 13:03:41; 7721; 12966; 45.19; 1006.53328125; 14.5732421875
2026-07-01; 13:04:41; 8113; 13824; 45.33; 1006.54296875; 14.494140625
2026-07-01; 13:05:41; 8384; 14346; 45.83; 1006.4898046875; 14.1884765625
2026-07-01; 13:06:41; 8568; 14730; 45.86; 1006.6081640625; 14.0693359375
2026-07-01; 13:07:41; 8760; 15168; 46.05; 1006.55890625; 13.9326171875
2026-07-01; 13:08:41; 8853; 15369; 46.35; 1006.5668359375; 13.572265625
2026-07-01; 13:09:41; 8962; 15588; 46.67; 1006.610859375; 13.318359375
2026-07-01; 13:10:41; 9383; 16502; 46.77; 1006.62296875; 13.2138671875
2026-07-01; 13:11:41; 9621; 16983; 46.93; 1006.518515625; 13.0634765625
2026-07-01; 13:12:41; 9715; 17223; 47.04; 1006.524921875; 12.9111328125
2026-07-01; 13:13:42; 9715; 17223; 45.93; 1006.486640625; 13.5478515625
2026-07-01; 13:14:42; 9715; 17223; 45.09; 1006.43390625; 14.2490234375
2026-07-01; 13:15:42; 9715; 17223; 44.42; 1006.5383203125; 14.7392578125
2026-07-01; 13:16:42; 9715; 17223; 43.9; 1006.5148828125; 14.9716796875
2026-07-01; 13:17:42; 9840; 17464; 44.85; 1006.584453125; 14.3125
2026-07-01; 13:18:42; 9964; 17721; 45.44; 1006.5715625; 13.9384765625
2026-07-01; 13:19:42; 9964; 17721; 45.44; 1006.5505078125; 13.9619140625
2026-07-01; 13:20:42; 10222; 18283; 45.98; 1006.485859375; 13.5849609375
2026-07-01; 13:21:42; 10222; 18283; 46.29; 1006.5228125; 13.462890625
2026-07-01; 13:22:42; 10222; 18283; 46.52; 1006.5073046875; 13.2666015625
2026-07-01; 13:23:42; 10222; 18283; 46.56; 1006.5044140625; 13.3037109375
2026-07-01; 13:24:42; 10222; 18283; 46.6; 1006.4221875; 13.28125
2026-07-01; 13:25:42; 10089; 18011; 46.57; 1006.41203125; 13.328125
2026-07-01; 13:26:42; 9964; 17721; 46.53; 1006.378203125; 13.41015625
2026-07-01; 13:27:42; 9715; 17223; 46.49; 1006.431484375; 13.4443359375
2026-07-01; 13:28:42; 9621; 16983; 46.08; 1006.3747265625; 13.6591796875
2026-07-01; 13:29:42; 9621; 16983; 44.93; 1006.4291796875; 14.517578125
2026-07-01; 13:30:42; 9621; 16983; 44.18; 1006.391796875; 15.0634765625
2026-07-01; 13:31:42; 9621; 16983; 43.83; 1006.368203125; 15.408203125
2026-07-01; 13:32:42; 9383; 16502; 43.43; 1006.3884375; 15.7734375
2026-07-01; 13:33:42; 9270; 16272; 43.18; 1006.377265625; 15.8369140625
2026-07-01; 13:34:42; 9162; 16024; 43.02; 1006.413203125; 15.8779296875
2026-07-01; 13:35:42; 9162; 16024; 42.76; 1006.39375; 16.1181640625
2026-07-01; 13:36:42; 9057; 15793; 42.73; 1006.338515625; 16.1162109375
2026-07-01; 13:37:42; 8853; 15369; 42.73; 1006.3463671875; 16.0341796875
2026-07-01; 13:38:42; 8659; 14926; 42.66; 1006.3225; 16.0673828125
2026-07-01; 13:39:42; 8659; 14926; 42.6; 1006.3221484375; 15.9111328125
2026-07-01; 13:40:42; 8568; 14730; 42.34; 1006.236640625; 16.2802734375
2026-07-01; 13:41:42; 8384; 14346; 42.42; 1006.2608984375; 16.2353515625
2026-07-01; 13:42:42; 8296; 14147; 42.26; 1006.2832421875; 16.3486328125
2026-07-01; 13:43:42; 8296; 14147; 42.22; 1006.2491796875; 16.3828125
2026-07-01; 13:44:42; 8384; 14346; 42.2; 1006.2670703125; 16.4287109375
2026-07-01; 13:45:42; 8384; 14346; 42.06; 1006.263203125; 16.5185546875
2026-07-01; 13:46:42; 8296; 14147; 41.98; 1006.2521875; 16.6455078125
2026-07-01; 13:47:42; 8216; 13994; 41.97; 1006.207734375; 16.59765625
2026-07-01; 13:48:42; 8113; 13824; 41.87; 1006.186171875; 16.7119140625
2026-07-01; 13:49:42; 8113; 13824; 41.89; 1006.246328125; 16.794921875
2026-07-01; 13:50:42; 7952; 13452; 41.88; 1006.238515625; 16.759765625
2026-07-01; 13:51:42; 7360; 12175; 41.74; 1006.3051953125; 16.66015625
2026-07-01; 13:52:42; 7097; 11615; 41.76; 1006.22171875; 16.578125
2026-07-01; 13:53:42; 7152; 11733; 41.71; 1006.2653125; 16.8486328125
2026-07-01; 13:54:42; 7360; 12175; 41.86; 1006.17015625; 16.888671875
2026-07-01; 13:55:42; 7424; 12313; 41.75; 1006.2138671875; 17.0146484375
2026-07-01; 13:56:43; 7424; 12313; 41.86; 1006.17015625; 16.923828125
2026-07-01; 13:57:43; 7360; 12175; 41.88; 1006.1444140625; 16.9609375
2026-07-01; 13:58:43; 7424; 12313; 41.8; 1006.1203515625; 17.0166015625
2026-07-01; 13:59:43; 7501; 12467; 41.76; 1006.1146484375; 17.09765625
2026-07-01; 14:00:43; 7573; 12622; 41.77; 1006.2165625; 17.0869140625
2026-07-01; 14:01:43; 7573; 12622; 41.71; 1006.1504296875; 17.1552734375
2026-07-01; 14:02:43; 7501; 12467; 41.7; 1006.24171875; 17.166015625
2026-07-01; 14:03:43; 7501; 12467; 41.68; 1006.189453125; 17.1416015625
2026-07-01; 14:04:43; 7424; 12313; 41.72; 1006.1086328125; 17.0966796875
2026-07-01; 14:05:43; 7501; 12467; 41.78; 1006.14609375; 16.96875
2026-07-01; 14:06:43; 7360; 12175; 41.64; 1006.175859375; 17.140625
2026-07-01; 14:07:43; 7360; 12175; 41.62; 1006.1235546875; 17.1162109375
2026-07-01; 14:08:43; 7424; 12313; 41.56; 1006.1647265625; 17.1728515625
2026-07-01; 14:09:43; 7360; 12175; 41.59; 1006.2484375; 17.197265625
2026-07-01; 14:10:43; 7290; 12017; 41.59; 1006.1831640625; 17.220703125
2026-07-01; 14:11:43; 7290; 12017; 41.54; 1006.177734375; 17.2431640625
2026-07-01; 14:12:43; 7220; 11852; 41.5; 1006.164140625; 17.32421875
2026-07-01; 14:13:43; 7152; 11733; 41.59; 1006.154453125; 17.3271484375
2026-07-01; 14:14:43; 7097; 11615; 41.48; 1006.19796875; 17.3701171875
2026-07-01; 14:15:43; 7097; 11615; 41.51; 1006.2164453125; 17.32421875
2026-07-01; 14:16:43; 6969; 11317; 41.45; 1006.1713671875; 17.369140625
2026-07-01; 14:17:43; 6620; 10582; 41.45; 1006.150546875; 17.2158203125
2026-07-01; 14:18:43; 6253; 9796; 41.47; 1006.203125; 17.0166015625
2026-07-01; 14:19:43; 6157; 9585; 41.45; 1006.17921875; 17.015625
2026-07-01; 14:20:43; 6253; 9796; 41.39; 1006.191953125; 17.3310546875
2026-07-01; 14:21:43; 6409; 10122; 41.4; 1006.1501953125; 17.2841796875
2026-07-01; 14:22:43; 6516; 10379; 41.33; 1006.1547265625; 17.26953125
2026-07-01; 14:23:43; 6516; 10379; 41.31; 1006.093984375; 17.29296875
2026-07-01; 14:24:43; 6566; 10474; 41.44; 1006.10609375; 17.09765625
2026-07-01; 14:25:43; 6516; 10379; 41.44; 1006.048671875; 17.05078125
2026-07-01; 14:26:43; 6459; 10245; 41.42; 1006.0746484375; 17.1328125
2026-07-01; 14:27:43; 6459; 10245; 41.49; 1006.1484375; 16.9697265625
2026-07-01; 14:28:43; 6459; 10245; 41.47; 1006.08828125; 16.98046875
2026-07-01; 14:29:43; 6459; 10245; 41.46; 1006.02296875; 17.02734375
2026-07-01; 14:30:43; 6409; 10122; 41.39; 1006.0849609375; 17.0009765625
2026-07-01; 14:31:43; 6409; 10122; 41.41; 1006.0876953125; 17.001953125
2026-07-01; 14:32:43; 6409; 10122; 41.45; 1006.064375; 16.9208984375
2026-07-01; 14:33:43; 6409; 10122; 41.45; 1006.0069921875; 16.98046875
2026-07-01; 14:34:43; 6354; 10016; 41.46; 1006.1299609375; 16.8984375
2026-07-01; 14:35:43; 6354; 10016; 41.43; 1006.0616796875; 16.9677734375
2026-07-01; 14:36:43; 6354; 10016; 41.49; 1006.0335546875; 16.8994140625
2026-07-01; 14:37:43; 6253; 9796; 41.51; 1006.044140625; 16.7587890625
2026-07-01; 14:38:44; 6110; 9496; 41.5; 1006.0284375; 16.72265625
2026-07-01; 14:39:44; 5797; 8826; 41.56; 1005.9349609375; 16.689453125
2026-07-01; 14:40:44; 5661; 8565; 41.45; 1006.0565234375; 16.732421875
2026-07-01; 14:41:44; 5710; 8670; 41.34; 1006.034765625; 16.7998046875
2026-07-01; 14:42:44; 5743; 8731; 41.33; 1006.0112109375; 16.810546875
2026-07-01; 14:43:44; 5469; 8156; 41.36; 1006.0087890625; 16.7412109375
2026-07-01; 14:44:44; 5280; 7729; 41.38; 1006.040234375; 16.68359375
2026-07-01; 14:45:44; 5320; 7806; 41.4; 1006.035390625; 16.6953125
2026-07-01; 14:46:44; 5428; 8055; 41.42; 1005.980703125; 16.6962890625
2026-07-01; 14:47:44; 5543; 8304; 41.35; 1006.01390625; 16.751953125
2026-07-01; 14:48:44; 5502; 8214; 41.35; 1006.05046875; 16.716796875
2026-07-01; 14:49:44; 5502; 8214; 41.34; 1006.0843359375; 16.751953125
2026-07-01; 14:50:44; 5469; 8156; 41.36; 1006.0009375; 16.6826171875
2026-07-01; 14:51:44; 5392; 7960; 41.31; 1006.0365625; 16.7275390625
2026-07-01; 14:52:44; 5392; 7960; 41.23; 1006.0044921875; 16.806640625
2026-07-01; 14:53:44; 5361; 7872; 41.27; 1006.010234375; 16.78515625
2026-07-01; 14:54:44; 5361; 7872; 41.14; 1006.071484375; 16.96875
2026-07-01; 14:55:44; 5361; 7872; 41.09; 1006.02125; 16.919921875
2026-07-01; 14:56:44; 5280; 7729; 41.11; 1006.073515625; 16.861328125
2026-07-01; 14:57:44; 5280; 7729; 41.05; 1006.130546875; 16.80078125
2026-07-01; 14:58:44; 5245; 7653; 41.05; 1006.044453125; 16.8359375
2026-07-01; 14:59:44; 5215; 7578; 41.0; 1006.1090234375; 16.892578125
2026-07-01; 15:00:44; 5215; 7578; 40.96; 1006.1605859375; 16.9501953125
2026-07-01; 15:01:44; 5215; 7578; 40.97; 1006.233671875; 16.962890625
2026-07-01; 15:02:44; 5215; 7578; 40.86; 1006.1826953125; 17.005859375
2026-07-01; 15:03:44; 5215; 7578; 40.95; 1006.18140625; 16.9501953125
2026-07-01; 15:04:44; 5215; 7578; 40.9; 1006.1806640625; 16.9482421875
2026-07-01; 15:05:44; 5215; 7578; 40.85; 1006.2164453125; 16.9345703125
2026-07-01; 15:06:44; 5245; 7653; 40.86; 1006.203515625; 16.9228515625
2026-07-01; 15:07:44; 5245; 7653; 40.83; 1006.27859375; 16.93359375
2026-07-01; 15:08:44; 5280; 7729; 40.76; 1006.2176953125; 17.013671875
2026-07-01; 15:09:44; 5245; 7653; 40.83; 1006.299453125; 16.96875
2026-07-01; 15:10:44; 5280; 7729; 40.8; 1006.202734375; 17.05078125
2026-07-01; 15:11:44; 5280; 7729; 40.89; 1006.2588671875; 16.900390625
2026-07-01; 15:12:44; 5280; 7729; 40.87; 1006.2766015625; 16.853515625
2026-07-01; 15:13:44; 5245; 7653; 40.93; 1006.2933984375; 16.8671875
2026-07-01; 15:14:44; 5215; 7578; 40.91; 1006.3766796875; 16.9013671875
2026-07-01; 15:15:44; 5185; 7518; 40.98; 1006.3149609375; 16.833984375
2026-07-01; 15:16:44; 5185; 7518; 41.03; 1006.2709375; 16.8232421875
2026-07-01; 15:17:44; 5185; 7518; 40.96; 1006.22578125; 16.7861328125
2026-07-01; 15:18:44; 5185; 7518; 41.03; 1006.2709375; 16.7998046875
2026-07-01; 15:19:44; 5185; 7518; 41.1; 1006.31609375; 16.7080078125
2026-07-01; 15:20:44; 5185; 7518; 41.09; 1006.27953125; 16.7197265625
2026-07-01; 15:21:45; 5110; 7359; 41.06; 1006.2610546875; 16.80078125
2026-07-01; 15:22:45; 5145; 7423; 41.14; 1006.2644921875; 16.673828125
2026-07-01; 15:23:45; 5145; 7423; 41.08; 1006.2351171875; 16.8017578125
2026-07-01; 15:24:45; 5145; 7423; 41.14; 1006.23578125; 16.697265625
2026-07-01; 15:25:45; 5081; 7296; 41.15; 1006.194140625; 16.6865234375
2026-07-01; 15:26:45; 5081; 7296; 41.18; 1006.2207421875; 16.72265625
2026-07-01; 15:27:45; 5081; 7296; 41.15; 1006.194140625; 16.7099609375
2026-07-01; 15:28:45; 5081; 7296; 41.17; 1006.196875; 16.7578125
2026-07-01; 15:29:45; 5043; 7223; 41.13; 1006.220078125; 16.8037109375
2026-07-01; 15:30:45; 5081; 7296; 41.13; 1006.19921875; 16.8271484375
2026-07-01; 15:31:45; 5081; 7296; 41.15; 1006.20203125; 16.78125
2026-07-01; 15:32:45; 5043; 7223; 41.09; 1006.2508203125; 16.7900390625
2026-07-01; 15:33:45; 4981; 7079; 41.11; 1006.196484375; 16.849609375
2026-07-01; 15:34:45; 4981; 7079; 41.12; 1006.1756640625; 16.8974609375
2026-07-01; 15:35:45; 4920; 6950; 41.13; 1006.1913671875; 16.8974609375
2026-07-01; 15:36:45; 4857; 6830; 41.03; 1006.1483203125; 16.9052734375
2026-07-01; 15:37:45; 4777; 6658; 41.08; 1006.1490234375; 16.931640625
2026-07-01; 15:38:45; 4810; 6710; 40.97; 1006.1189453125; 17.021484375
2026-07-01; 15:39:45; 4834; 6770; 40.91; 1006.0532421875; 17.06640625
2026-07-01; 15:40:45; 4810; 6710; 40.87; 1006.0184375; 17.017578125
2026-07-01; 15:41:45; 4777; 6658; 40.9; 1006.1024609375; 17.0546875
2026-07-01; 15:42:45; 4777; 6658; 40.86; 1006.010546875; 17.076171875
2026-07-01; 15:43:45; 4777; 6658; 40.85; 1006.015625; 17.181640625
2026-07-01; 15:44:45; 4810; 6710; 40.8; 1005.9654296875; 17.1796875
2026-07-01; 15:45:45; 4857; 6830; 40.81; 1006.00984375; 17.21484375
2026-07-01; 15:46:45; 65535; 65535; 40.74; 1005.8786328125; 17.212890625
2026-07-01; 15:47:45; 4810; 6710; 40.72; 1005.8837109375; 17.259765625
2026-07-01; 15:48:45; 4719; 6518; 40.7; 1005.8808984375; 17.2470703125
2026-07-01; 15:49:45; 4664; 6411; 40.62; 1005.897890625; 17.373046875
2026-07-01; 15:50:45; 4691; 6469; 40.61; 1005.93953125; 17.326171875
2026-07-01; 15:51:45; 4719; 6518; 40.53; 1005.8420703125; 17.4169921875
2026-07-01; 15:52:45; 4777; 6658; 40.59; 1005.8715234375; 17.3486328125
2026-07-01; 15:53:45; 4777; 6658; 40.59; 1005.7855078125; 17.3720703125
2026-07-01; 15:54:45; 4834; 6770; 40.57; 1005.8479296875; 17.40625
2026-07-01; 15:55:45; 4777; 6658; 40.62; 1005.7466796875; 17.408203125
2026-07-01; 15:56:45; 4777; 6658; 40.61; 1005.759609375; 17.431640625
2026-07-01; 15:57:45; 4777; 6658; 40.58; 1005.769765625; 17.4189453125
2026-07-01; 15:58:45; 4777; 6658; 40.59; 1005.7073046875; 17.3837890625
2026-07-01; 15:59:45; 4810; 6710; 40.6; 1005.8090625; 17.408203125
2026-07-01; 16:00:45; 4777; 6658; 40.53; 1005.756015625; 17.5107421875
2026-07-01; 16:01:45; 4777; 6658; 40.46; 1005.796875; 17.4853515625
2026-07-01; 16:02:45; 4754; 6604; 40.47; 1005.8333984375; 17.4501953125
2026-07-01; 16:03:45; 4777; 6658; 40.44; 1005.8145703125; 17.5078125
2026-07-01; 16:04:46; 4777; 6658; 40.39; 1005.79296875; 17.587890625
2026-07-01; 16:05:46; 4719; 6518; 40.44; 1005.7572265625; 17.54296875
2026-07-01; 16:06:46; 4607; 6297; 40.44; 1005.7285546875; 17.484375
2026-07-01; 16:07:46; 4528; 6115; 40.47; 1005.7473828125; 17.3916015625
2026-07-01; 16:08:46; 4511; 6060; 40.52; 1005.6751171875; 17.4287109375
2026-07-01; 16:09:46; 4511; 6060; 40.55; 1005.722265625; 17.40625
2026-07-01; 16:10:46; 4558; 6174; 40.49; 1005.8075; 17.509765625
2026-07-01; 16:11:46; 4558; 6174; 40.45; 1005.7521484375; 17.484375
2026-07-01; 16:12:46; 4408; 5866; 40.42; 1005.696796875; 17.5068359375
2026-07-01; 16:13:46; 4216; 5444; 40.37; 1005.8187890625; 17.5400390625
2026-07-01; 16:14:46; 4074; 5173; 40.34; 1005.6853125; 17.57421875
2026-07-01; 16:15:46; 3974; 4944; 40.32; 1005.747734375; 17.62109375
2026-07-01; 16:16:46; 3936; 4871; 40.35; 1005.758359375; 17.5869140625
2026-07-01; 16:17:46; 3914; 4822; 40.32; 1005.66171875; 17.5625
2026-07-01; 16:18:46; 3785; 4527; 40.34; 1005.6644921875; 17.6103515625
2026-07-01; 16:19:46; 3643; 4226; 40.31; 1005.6954296875; 17.65625
2026-07-01; 16:20:46; 3679; 4305; 40.26; 1005.7024609375; 17.6064453125
2026-07-01; 16:21:46; 3750; 4451; 40.29; 1005.635; 17.654296875
2026-07-01; 16:22:46; 3896; 4790; 40.26; 1005.6530078125; 17.701171875
2026-07-01; 16:23:46; 3997; 4990; 40.28; 1005.619296875; 17.619140625
2026-07-01; 16:24:46; 4039; 5081; 40.31; 1005.6954296875; 17.71484375
2026-07-01; 16:25:46; 4039; 5081; 40.36; 1005.724921875; 17.5400390625
2026-07-01; 16:26:46; 3956; 4911; 40.35; 1005.701015625; 17.5166015625
2026-07-01; 16:27:46; 3914; 4822; 40.33; 1005.7269140625; 17.55078125
2026-07-01; 16:28:46; 3974; 4944; 40.33; 1005.6982421875; 17.59765625
2026-07-01; 16:29:46; 4074; 5173; 40.3; 1005.7448828125; 17.6083984375
2026-07-01; 16:30:46; 4148; 5291; 40.33; 1005.7555859375; 17.7392578125
2026-07-01; 16:31:46; 4172; 5343; 40.34; 1005.6931640625; 17.6337890625
2026-07-01; 16:32:46; 4172; 5343; 40.31; 1005.760625; 17.65625
2026-07-01; 16:33:46; 4236; 5487; 40.31; 1005.7241015625; 17.703125
2026-07-01; 16:34:46; 4284; 5583; 40.26; 1005.8249609375; 17.783203125
2026-07-01; 16:35:46; 4354; 5735; 40.25; 1005.68671875; 17.6298828125
2026-07-01; 16:36:46; 4455; 5967; 40.23; 1005.7412109375; 17.78125
2026-07-01; 16:37:46; 4558; 6174; 40.18; 1005.6780078125; 17.7919921875
2026-07-01; 16:38:46; 4633; 6354; 40.22; 1005.76203125; 17.79296875
2026-07-01; 16:39:46; 4691; 6469; 40.26; 1005.673828125; 17.794921875
2026-07-01; 16:40:46; 4719; 6518; 40.25; 1005.7232421875; 17.7587890625
2026-07-01; 16:41:46; 4777; 6658; 40.3; 1005.687578125; 17.75
2026-07-01; 16:42:46; 4810; 6710; 40.3; 1005.6510546875; 17.8193359375
2026-07-01; 16:43:46; 4777; 6658; 40.32; 1005.690390625; 17.9033203125
2026-07-01; 16:44:46; 4834; 6770; 40.34; 1005.6853125; 17.71484375
2026-07-01; 16:45:46; 4777; 6658; 40.31; 1005.731953125; 17.7734375
2026-07-01; 16:46:47; 4777; 6658; 40.29; 1005.7496484375; 17.8427734375
2026-07-01; 16:47:47; 4810; 6710; 40.25; 1005.658046875; 17.7470703125
2026-07-01; 16:48:47; 4857; 6830; 40.19; 1005.6572265625; 17.7685546875
2026-07-01; 16:49:47; 4891; 6879; 40.2; 1005.68078125; 17.78125
2026-07-01; 16:50:47; 4891; 6879; 40.29; 1005.69234375; 17.8193359375
2026-07-01; 16:51:47; 4777; 6658; 40.32; 1005.7190625; 17.7265625
2026-07-01; 16:52:47; 4633; 6354; 40.29; 1005.6718359375; 17.7373046875
2026-07-01; 16:53:47; 4580; 6231; 40.36; 1005.6389453125; 17.693359375
2026-07-01; 16:54:47; 4633; 6354; 40.26; 1005.673828125; 17.759765625
2026-07-01; 16:55:47; 4754; 6604; 40.28; 1005.6558203125; 17.7255859375
2026-07-01; 16:56:47; 4834; 6770; 40.24; 1005.613671875; 17.7119140625
2026-07-01; 16:57:47; 4834; 6770; 40.27; 1005.6322265625; 17.771484375
2026-07-01; 16:58:47; 4777; 6658; 40.21; 1005.6313671875; 17.7109375
2026-07-01; 16:59:47; 4777; 6658; 40.29; 1005.69234375; 17.8076171875
2026-07-01; 17:00:47; 4719; 6518; 40.31; 1005.61734375; 17.5498046875
2026-07-01; 17:01:47; 4558; 6174; 40.25; 1005.68671875; 17.5703125
2026-07-01; 17:02:47; 4425; 5903; 40.27; 1005.718203125; 17.607421875
2026-07-01; 17:03:47; 4354; 5735; 40.26; 1005.6816796875; 17.583984375
2026-07-01; 17:04:47; 4408; 5866; 40.25; 1005.715390625; 17.53515625
2026-07-01; 17:05:47; 4528; 6115; 40.22; 1005.790703125; 17.67578125
2026-07-01; 17:06:47; 4528; 6115; 40.23; 1005.7412109375; 17.62890625
2026-07-01; 17:07:47; 4511; 6060; 40.19; 1005.7718359375; 17.6044921875
2026-07-01; 17:08:47; 4408; 5866; 40.18; 1005.7639453125; 17.544921875
2026-07-01; 17:09:47; 4284; 5583; 40.11; 1005.7394921875; 17.71875
2026-07-01; 17:10:47; 4260; 5539; 40.09; 1005.7653515625; 17.7880859375
2026-07-01; 17:11:47; 4329; 5681; 40.02; 1005.789921875; 17.9033203125
2026-07-01; 17:12:47; 4455; 5967; 40.01; 1005.753125; 17.84375
2026-07-01; 17:13:47; 4558; 6174; 40.0; 1005.8233203125; 17.85546875
2026-07-01; 17:14:47; 4580; 6231; 39.97; 1005.77609375; 17.8193359375
2026-07-01; 17:15:47; 4580; 6231; 39.96; 1005.788984375; 17.888671875
2026-07-01; 17:16:47; 4580; 6231; 39.95; 1005.7654296875; 17.8291015625
2026-07-01; 17:17:47; 4580; 6231; 39.98; 1005.7553515625; 17.9365234375
2026-07-01; 17:18:47; 4511; 6060; 39.99; 1005.7710546875; 17.8427734375
2026-07-01; 17:19:47; 4379; 5803; 39.99; 1005.7137890625; 17.8427734375
2026-07-01; 17:20:47; 4260; 5539; 39.98; 1005.7266796875; 17.8076171875
2026-07-01; 17:21:47; 4216; 5444; 39.93; 1005.68421875; 17.8876953125
2026-07-01; 17:22:47; 4128; 5249; 39.98; 1005.7345703125; 17.7958984375
2026-07-01; 17:23:47; 4074; 5173; 39.99; 1005.7137890625; 17.7490234375
2026-07-01; 17:24:47; 4074; 5173; 39.95; 1005.7159765625; 17.853515625
2026-07-01; 17:25:47; 4108; 5215; 39.95; 1005.77328125; 17.830078125
2026-07-01; 17:26:47; 4172; 5343; 39.97; 1005.7109375; 17.794921875
2026-07-01; 17:27:47; 4216; 5444; 39.97; 1005.7474609375; 17.8779296875
2026-07-01; 17:28:47; 4236; 5487; 39.99; 1005.6930078125; 17.8310546875
2026-07-01; 17:29:48; 4216; 5444; 39.96; 1005.73171875; 17.783203125
2026-07-01; 17:30:48; 4236; 5487; 39.97; 1005.653671875; 17.841796875
2026-07-01; 17:31:48; 4260; 5539; 39.99; 1005.656484375; 17.9013671875
2026-07-01; 17:32:48; 4309; 5636; 39.91; 1005.59546875; 17.8515625
2026-07-01; 17:33:48; 4148; 5291; 39.95; 1005.60140625; 17.912109375
2026-07-01; 17:34:48; 4012; 5039; 39.94; 1005.55671875; 17.8056640625
2026-07-01; 17:35:48; 3914; 4822; 39.96; 1005.5519921875; 17.771484375
2026-07-01; 17:36:48; 3750; 4451; 39.98; 1005.6486328125; 17.7021484375
2026-07-01; 17:37:48; 3679; 4305; 40.0; 1005.614921875; 17.6435546875
2026-07-01; 17:38:48; 3595; 4121; 40.0; 1005.5368359375; 17.5732421875
2026-07-01; 17:39:48; 3527; 3981; 39.98; 1005.5340234375; 17.6318359375
2026-07-01; 17:40:48; 3435; 3777; 40.03; 1005.5194921875; 17.5986328125
2026-07-01; 17:41:48; 3367; 3644; 40.02; 1005.532109375; 17.59765625
2026-07-01; 17:42:48; 3338; 3576; 39.97; 1005.453125; 17.619140625
2026-07-01; 17:43:48; 3367; 3644; 39.96; 1005.5519921875; 17.654296875
2026-07-01; 17:44:48; 3351; 3603; 39.97; 1005.51828125; 17.583984375
2026-07-01; 17:45:48; 3351; 3603; 39.97; 1005.4817578125; 17.619140625
2026-07-01; 17:46:48; 3338; 3576; 40.0; 1005.528984375; 17.6083984375
2026-07-01; 17:47:48; 3297; 3487; 39.94; 1005.4994140625; 17.7119140625
2026-07-01; 17:48:48; 3241; 3374; 39.94; 1005.4994140625; 17.6064453125
2026-07-01; 17:49:48; 3204; 3279; 40.0; 1005.528984375; 17.5966796875
2026-07-01; 17:50:48; 3165; 3200; 39.99; 1005.4924609375; 17.6318359375
2026-07-01; 17:51:48; 3165; 3200; 40.0; 1005.55765625; 17.5966796875
2026-07-01; 17:52:48; 3153; 3168; 40.03; 1005.4987109375; 17.5625
2026-07-01; 17:53:48; 3102; 3065; 40.03; 1005.4987109375; 17.5390625
2026-07-01; 17:54:48; 3065; 2991; 40.04; 1005.514453125; 17.5283203125
2026-07-01; 17:55:48; 3065; 2991; 40.04; 1005.4492578125; 17.57421875
2026-07-01; 17:56:48; 3078; 3011; 40.05; 1005.5301953125; 17.5869140625
2026-07-01; 17:57:48; 3102; 3065; 40.05; 1005.5874609375; 17.6689453125
2026-07-01; 17:58:48; 3102; 3065; 40.09; 1005.53609375; 17.5654296875
2026-07-01; 17:59:48; 3165; 3200; 40.03; 1005.556015625; 17.7041015625
2026-07-01; 18:00:48; 3269; 3433; 40.02; 1005.532109375; 17.6796875
2026-07-01; 18:01:48; 3309; 3509; 40.05; 1005.5301953125; 17.6689453125
2026-07-01; 18:02:48; 3309; 3509; 40.04; 1005.4571484375; 17.6455078125
2026-07-01; 18:03:48; 3269; 3433; 39.96; 1005.47390625; 17.689453125
2026-07-01; 18:04:48; 3257; 3407; 39.99; 1005.570546875; 17.6669921875
2026-07-01; 18:05:48; 3257; 3407; 39.92; 1005.533125; 17.72265625
2026-07-01; 18:06:48; 3241; 3374; 39.91; 1005.5746875; 17.734375
2026-07-01; 18:07:48; 3177; 3226; 39.91; 1005.48875; 17.74609375
2026-07-01; 18:08:48; 3078; 3011; 39.96; 1005.5519921875; 17.712890625
2026-07-01; 18:09:48; 2963; 2768; 39.99; 1005.5419140625; 17.6318359375
2026-07-01; 18:10:48; 2988; 2817; 39.97; 1005.5755859375; 17.619140625
2026-07-01; 18:11:48; 2881; 2613; 39.98; 1005.526171875; 17.560546875
2026-07-01; 18:12:49; 2829; 2500; 40.06; 1005.509375; 17.4931640625
2026-07-01; 18:13:49; 2799; 2433; 40.02; 1005.4826953125; 17.5625
2026-07-01; 18:14:49; 2810; 2452; 40.11; 1005.5389453125; 17.4599609375
2026-07-01; 18:15:49; 2829; 2500; 40.04; 1005.600390625; 17.5048828125
2026-07-01; 18:16:49; 2909; 2649; 40.01; 1005.638515625; 17.6201171875
2026-07-01; 18:17:49; 3031; 2915; 39.92; 1005.475859375; 17.7587890625
2026-07-01; 18:18:49; 3189; 3253; 39.95; 1005.60140625; 17.888671875
2026-07-01; 18:19:49; 3229; 3341; 39.91; 1005.546015625; 17.734375
2026-07-01; 18:20:49; 3257; 3407; 39.86; 1005.4878125; 17.826171875
2026-07-01; 18:21:49; 3269; 3433; 39.93; 1005.520234375; 17.7119140625
2026-07-01; 18:22:49; 3204; 3279; 39.87; 1005.454140625; 17.6630859375
2026-07-01; 18:23:49; 3219; 3318; 39.84; 1005.55015625; 17.802734375
2026-07-01; 18:24:49; 3309; 3509; 39.84; 1005.46421875; 17.873046875
2026-07-01; 18:25:49; 3367; 3644; 39.82; 1005.5394140625; 17.8369140625
2026-07-01; 18:26:49; 3351; 3603; 39.79; 1005.520546875; 17.82421875
2026-07-01; 18:27:49; 3398; 3700; 39.78; 1005.455390625; 17.9169921875
2026-07-01; 18:28:49; 3435; 3777; 39.76; 1005.5592578125; 17.857421875
2026-07-01; 18:29:49; 3451; 3812; 39.7; 1005.46453125; 18.0078125
2026-07-01; 18:30:49; 3514; 3953; 39.62; 1005.51796875; 18.0986328125
2026-07-01; 18:31:49; 3609; 4144; 39.61; 1005.4528125; 17.9931640625
2026-07-01; 18:32:49; 3679; 4305; 39.63; 1005.455703125; 18.064453125
2026-07-01; 18:33:49; 3729; 4413; 39.59; 1005.441796875; 18.109375
2026-07-01; 18:34:49; 3763; 4481; 39.61; 1005.4528125; 18.1923828125
2026-07-01; 18:35:49; 3801; 4559; 39.62; 1005.51796875; 18.0517578125
2026-07-01; 18:36:49; 3819; 4591; 39.64; 1005.47140625; 18.111328125
2026-07-01; 18:37:49; 3819; 4591; 39.6; 1005.465703125; 18.1103515625
2026-07-01; 18:38:49; 3859; 4702; 39.63; 1005.4764453125; 18.111328125
2026-07-01; 18:39:49; 3859; 4702; 39.6; 1005.5516015625; 18.0869140625
2026-07-01; 18:40:49; 3878; 4742; 39.55; 1005.493046875; 18.1787109375
2026-07-01; 18:41:49; 3878; 4742; 39.53; 1005.4121875; 18.201171875
2026-07-01; 18:42:49; 3896; 4790; 39.49; 1005.4634375; 18.22265625
2026-07-01; 18:43:49; 3936; 4871; 39.5; 1005.4505078125; 18.2236328125
2026-07-01; 18:44:49; 3936; 4871; 39.49; 1005.3489453125; 18.234375
2026-07-01; 18:45:49; 3878; 4742; 39.56; 1005.488046875; 18.1201171875
2026-07-01; 18:46:49; 3841; 4670; 39.51; 1005.494921875; 18.2119140625
2026-07-01; 18:47:49; 3819; 4591; 39.46; 1005.473125; 18.1982421875
2026-07-01; 18:48:49; 3763; 4481; 39.46; 1005.408046875; 18.1865234375
2026-07-01; 18:49:49; 3664; 4271; 39.45; 1005.42875; 18.126953125
2026-07-01; 18:50:49; 3527; 3981; 39.49; 1005.4348046875; 18.046875
2026-07-01; 18:51:49; 3467; 3841; 39.5; 1005.479140625; 18.0595703125
2026-07-01; 18:52:49; 3467; 3841; 39.45; 1005.5067578125; 18.091796875
2026-07-01; 18:53:49; 3514; 3953; 39.43; 1005.446640625; 18.1376953125
2026-07-01; 18:54:49; 3561; 4055; 39.41; 1005.5296484375; 18.1962890625
2026-07-01; 18:55:50; 3595; 4121; 39.35; 1005.536484375; 18.2412109375
2026-07-01; 18:56:50; 3630; 4182; 39.33; 1005.505; 18.263671875
2026-07-01; 18:57:50; 3664; 4271; 39.3; 1005.5354296875; 18.2861328125
2026-07-01; 18:58:50; 3679; 4305; 39.26; 1005.5661328125; 18.3076171875
2026-07-01; 18:59:50; 3693; 4335; 39.24; 1005.4771484375; 18.330078125
2026-07-01; 19:00:50; 3693; 4335; 39.22; 1005.5028515625; 18.494140625
2026-07-01; 19:01:50; 3729; 4413; 39.23; 1005.4821484375; 18.294921875
2026-07-01; 19:02:50; 3750; 4451; 39.25; 1005.4563671875; 18.3779296875
2026-07-01; 19:03:50; 3763; 4481; 39.26; 1005.55828125; 18.2958984375
2026-07-01; 19:04:50; 3785; 4527; 39.26; 1005.5010546875; 18.3896484375
2026-07-01; 19:05:50; 3763; 4481; 39.25; 1005.5501171875; 18.3427734375
2026-07-01; 19:06:50; 3763; 4481; 39.22; 1005.5521875; 18.2822265625
2026-07-01; 19:07:50; 3750; 4451; 39.23; 1005.5472265625; 18.224609375
2026-07-01; 19:08:50; 3729; 4413; 39.21; 1005.593671875; 18.3173828125
2026-07-01; 19:09:50; 3711; 4374; 39.22; 1005.609453125; 18.2822265625
2026-07-01; 19:10:50; 3711; 4374; 39.2; 1005.5779296875; 18.26953125
2026-07-01; 19:11:50; 3729; 4413; 39.18; 1005.5747265625; 18.29296875
2026-07-01; 19:12:50; 3729; 4413; 39.12; 1005.6101171875; 18.2900390625
2026-07-01; 19:13:50; 3729; 4413; 39.14; 1005.5765625; 18.279296875
2026-07-01; 19:14:50; 3750; 4451; 39.16; 1005.636953125; 18.2685546875
2026-07-01; 19:15:50; 3729; 4413; 39.11; 1005.6433984375; 18.2783203125
2026-07-01; 19:16:50; 3711; 4374; 39.1; 1005.6355078125; 18.2666015625
2026-07-01; 19:17:50; 3693; 4335; 39.12; 1005.6101171875; 18.2431640625
2026-07-01; 19:18:50; 3664; 4271; 39.05; 1005.6058203125; 18.275390625
2026-07-01; 19:19:50; 3609; 4144; 39.06; 1005.6297265625; 18.2177734375
2026-07-01; 19:20:50; 3547; 4025; 39.09; 1005.6405078125; 18.20703125
2026-07-01; 19:21:50; 3467; 3841; 39.13; 1005.56078125; 18.080078125
2026-07-01; 19:22:50; 3435; 3777; 39.17; 1005.587578125; 18.1044921875
2026-07-01; 19:23:50; 3451; 3812; 39.1; 1005.513203125; 18.20703125
2026-07-01; 19:24:50; 3497; 3912; 39.1; 1005.5783203125; 18.1728515625
2026-07-01; 19:25:50; 3527; 3981; 39.06; 1005.5932421875; 18.2060546875
2026-07-01; 19:26:50; 3547; 4025; 39.03; 1005.602890625; 18.287109375
2026-07-01; 19:27:50; 3574; 4084; 39.0; 1005.592109375; 18.26171875
2026-07-01; 19:28:50; 3595; 4121; 39.0; 1005.6128125; 18.2734375
2026-07-01; 19:29:50; 3609; 4144; 39.01; 1005.6572265625; 18.2626953125
2026-07-01; 19:30:50; 3643; 4226; 38.96; 1005.7290234375; 18.2958984375
2026-07-01; 19:31:50; 3643; 4226; 38.95; 1005.7132421875; 18.2958984375
2026-07-01; 19:32:50; 3664; 4271; 38.94; 1005.66890625; 18.283203125
2026-07-01; 19:33:50; 3630; 4182; 38.96; 1005.700390625; 18.2607421875
2026-07-01; 19:34:50; 3643; 4226; 38.96; 1005.700390625; 18.2373046875
2026-07-01; 19:35:50; 3630; 4182; 38.93; 1005.7675390625; 18.294921875
2026-07-01; 19:36:50; 3630; 4182; 38.86; 1005.7712890625; 18.3154296875
2026-07-01; 19:37:50; 3643; 4226; 38.89; 1005.79; 18.28125
2026-07-01; 19:38:51; 3630; 4182; 38.85; 1005.698359375; 18.349609375
2026-07-01; 19:39:51; 3643; 4226; 38.86; 1005.799921875; 18.3037109375
2026-07-01; 19:40:51; 3630; 4182; 38.83; 1005.760234375; 18.314453125
2026-07-01; 19:41:51; 3630; 4182; 38.79; 1005.775078125; 18.359375
2026-07-01; 19:42:51; 3609; 4144; 38.77; 1005.7797265625; 18.3583984375
2026-07-01; 19:43:51; 3609; 4144; 38.74; 1005.8103125; 18.427734375
2026-07-01; 19:44:51; 3574; 4084; 38.71; 1005.71375; 18.3798828125
2026-07-01; 19:45:51; 3561; 4055; 38.7; 1005.8324609375; 18.44921875
2026-07-01; 19:46:51; 3561; 4055; 38.74; 1005.789609375; 18.392578125
2026-07-01; 19:47:51; 3514; 3953; 38.7; 1005.8120703125; 18.37890625
2026-07-01; 19:48:51; 3451; 3812; 38.65; 1005.818671875; 18.376953125
2026-07-01; 19:49:51; 3328; 3543; 38.61; 1005.8331640625; 18.3056640625
2026-07-01; 19:50:51; 3229; 3341; 38.65; 1005.8108203125; 18.248046875
2026-07-01; 19:51:51; 3138; 3149; 38.66; 1005.920234375; 18.1787109375
2026-07-01; 19:52:51; 3078; 3011; 38.66; 1005.7980078125; 18.248046875
2026-07-01; 19:53:51; 3042; 2940; 38.63; 1005.9012109375; 18.1533203125
2026-07-01; 19:54:51; 2988; 2817; 38.59; 1005.92390625; 18.22265625
2026-07-01; 19:55:51; 2963; 2768; 38.55; 1005.8969921875; 18.2685546875
2026-07-01; 19:56:51; 2954; 2751; 38.54; 1005.9019140625; 18.279296875
2026-07-01; 19:57:51; 2954; 2751; 38.51; 1005.911796875; 18.3017578125
2026-07-01; 19:58:51; 2997; 2847; 38.47; 1005.94203125; 18.3583984375
2026-07-01; 19:59:51; 3031; 2915; 38.43; 1005.9279296875; 18.4150390625
2026-07-01; 20:00:51; 3055; 2966; 38.41; 1005.9328515625; 18.484375
2026-07-01; 20:01:51; 3055; 2966; 38.41; 1005.9328515625; 18.53125
2026-07-01; 20:02:51; 3055; 2966; 38.38; 1006.0283984375; 18.4833984375
2026-07-01; 20:03:51; 3055; 2966; 38.38; 1006.1348046875; 18.4365234375
2026-07-01; 20:04:51; 3078; 3011; 38.37; 1006.069765625; 18.4482421875
2026-07-01; 20:05:51; 3090; 3045; 38.4; 1006.05203125; 18.42578125
2026-07-01; 20:06:51; 3006; 2866; 38.37; 1006.1269140625; 18.3193359375
2026-07-01; 20:07:51; 2917; 2667; 38.37; 1006.1476171875; 18.3779296875
2026-07-01; 20:08:51; 2781; 2388; 38.35; 1006.1236328125; 18.259765625
2026-07-01; 20:09:51; 2723; 2274; 38.31; 1006.1176953125; 18.3046875
2026-07-01; 20:10:51; 2667; 2138; 38.23; 1006.19875; 18.2783203125
2026-07-01; 20:11:51; 2621; 2045; 38.23; 1006.113046875; 18.3486328125
2026-07-01; 20:12:51; 2591; 1977; 38.21; 1006.158984375; 18.3359375
2026-07-01; 20:13:51; 2554; 1897; 38.18; 1006.262421875; 18.3935546875
2026-07-01; 20:14:51; 2540; 1866; 38.12; 1006.216640625; 18.40234375
2026-07-01; 20:15:51; 2521; 1829; 38.11; 1006.265859375; 18.42578125
2026-07-01; 20:16:51; 2514; 1814; 38.11; 1006.1723046875; 18.42578125
2026-07-01; 20:17:51; 2476; 1728; 38.11; 1006.2865625; 18.42578125
2026-07-01; 20:18:51; 2425; 1623; 38.09; 1006.2261328125; 18.3544921875
2026-07-01; 20:19:51; 2388; 1546; 38.02; 1006.16; 18.4453125
2026-07-01; 20:20:52; 2382; 1532; 38.04; 1006.2693359375; 18.5048828125
2026-07-01; 20:21:52; 2404; 1573; 38.01; 1006.22171875; 18.4921875
2026-07-01; 20:22:52; 2395; 1561; 37.99; 1006.304375; 18.4912109375
2026-07-01; 20:23:52; 2404; 1573; 37.94; 1006.233046875; 18.5712890625
2026-07-01; 20:24:52; 2404; 1573; 37.92; 1006.250703125; 18.59375
2026-07-01; 20:25:52; 2425; 1623; 37.91; 1006.2428125; 18.6279296875
2026-07-01; 20:26:52; 2438; 1643; 37.89; 1006.2890234375; 18.6748046875
2026-07-01; 20:27:52; 2445; 1658; 37.91; 1006.29203125; 18.6513671875
2026-07-01; 20:28:52; 2445; 1658; 37.85; 1006.225546875; 18.7421875
2026-07-01; 20:29:52; 2452; 1673; 37.85; 1006.3112109375; 18.71875
2026-07-01; 20:30:52; 2445; 1658; 37.8; 1006.2683984375; 18.7060546875
2026-07-01; 20:31:52; 2428; 1633; 37.78; 1006.27296875; 18.810546875
2026-07-01; 20:32:52; 2445; 1658; 37.72; 1006.320703125; 18.8662109375
2026-07-01; 20:33:52; 2452; 1673; 37.72; 1006.320703125; 18.9130859375
2026-07-01; 20:34:52; 2460; 1693; 37.69; 1006.3304296875; 18.912109375
2026-07-01; 20:35:52; 2460; 1693; 37.66; 1006.282734375; 18.921875
2026-07-01; 20:36:52; 2467; 1708; 37.64; 1006.3859765625; 18.9912109375
2026-07-01; 20:37:52; 2476; 1728; 37.61; 1006.3668359375; 19.0009765625
2026-07-01; 20:38:52; 2445; 1658; 37.62; 1006.3908203125; 18.931640625
2026-07-01; 20:39:52; 2428; 1633; 37.59; 1006.457265625; 19.0009765625
2026-07-01; 20:40:52; 2438; 1643; 37.55; 1006.3862109375; 18.9990234375
2026-07-01; 20:41:52; 2428; 1633; 37.5; 1006.408359375; 19.0556640625
2026-07-01; 20:42:52; 2428; 1633; 37.48; 1006.4259375; 19.125
2026-07-01; 20:43:52; 2452; 1673; 37.45; 1006.4146875; 19.1826171875
2026-07-01; 20:44:52; 2445; 1658; 37.43; 1006.468671875; 19.169921875
2026-07-01; 20:45:52; 2460; 1693; 37.43; 1006.44015625; 19.146484375
2026-07-01; 20:46:52; 2485; 1743; 37.4; 1006.498671875; 19.25
2026-07-01; 20:47:52; 2485; 1743; 37.38; 1006.4749609375; 19.203125
2026-07-01; 20:48:52; 2476; 1728; 37.36; 1006.4640234375; 19.189453125
2026-07-01; 20:49:52; 2467; 1708; 37.31; 1006.4779296875; 19.24609375
2026-07-01; 20:50:52; 2467; 1708; 37.28; 1006.508203125; 19.2802734375
2026-07-01; 20:51:52; 2467; 1708; 37.24; 1006.5460546875; 19.3251953125
2026-07-01; 20:52:52; 2485; 1743; 37.26; 1006.5412109375; 19.3369140625
2026-07-01; 20:53:52; 2490; 1758; 37.21; 1006.6412890625; 19.34765625
2026-07-01; 20:54:52; 2485; 1743; 37.24; 1006.6522265625; 19.3486328125
2026-07-01; 20:55:52; 2490; 1758; 37.22; 1006.620625; 19.39453125
2026-07-01; 20:56:52; 2490; 1758; 37.17; 1006.7124609375; 19.4384765625
2026-07-01; 20:57:52; 2500; 1784; 37.16; 1006.696640625; 19.4150390625
2026-07-01; 20:58:52; 2514; 1814; 37.13; 1006.7141796875; 19.44921875
2026-07-01; 20:59:52; 2547; 1881; 37.07; 1006.6396484375; 19.5390625
2026-07-01; 21:00:52; 2596; 1991; 37.04; 1006.685390625; 19.5966796875
2026-07-01; 21:01:52; 2614; 2024; 37.03; 1006.6980859375; 19.642578125
2026-07-01; 21:02:52; 2659; 2121; 37.02; 1006.759921875; 19.654296875
2026-07-01; 21:03:53; 2695; 2198; 36.98; 1006.7898046875; 19.72265625
2026-07-01; 21:04:53; 2723; 2274; 36.94; 1006.7059765625; 19.732421875
2026-07-01; 21:05:53; 2770; 2370; 36.86; 1006.750234375; 19.798828125
2026-07-01; 21:06:53; 2781; 2388; 36.85; 1006.782890625; 19.857421875
2026-07-01; 21:07:53; 2810; 2452; 36.82; 1006.73546875; 19.84375
2026-07-01; 21:08:53; 2829; 2500; 36.82; 1006.763984375; 19.9140625
2026-07-01; 21:09:53; 2859; 2564; 36.77; 1006.8350390625; 19.9697265625
2026-07-01; 21:10:53; 2853; 2552; 36.74; 1006.751171875; 19.93359375
2026-07-01; 21:11:53; 2859; 2564; 36.74; 1006.7796875; 19.91015625
2026-07-01; 21:12:53; 2859; 2564; 36.71; 1006.8253515625; 19.9326171875
2026-07-01; 21:13:53; 2870; 2583; 36.7; 1006.7525390625; 20.013671875
2026-07-01; 21:14:53; 2881; 2613; 36.69; 1006.708203125; 20.0126953125
2026-07-01; 21:15:53; 2898; 2631; 36.6; 1006.7365625; 20.0791015625
2026-07-01; 21:16:53; 2917; 2667; 36.58; 1006.81859375; 20.08984375
2026-07-01; 21:17:53; 2917; 2667; 36.59; 1006.785625; 20.1025390625
2026-07-01; 21:18:53; 2929; 2697; 36.6; 1006.82203125; 20.125
2026-07-01; 21:19:53; 2940; 2715; 36.55; 1006.799609375; 20.123046875
2026-07-01; 21:20:53; 2954; 2751; 36.52; 1006.83765625; 20.1689453125
2026-07-01; 21:21:53; 2954; 2751; 36.52; 1006.8946484375; 20.1689453125
2026-07-01; 21:22:53; 2963; 2768; 36.51; 1006.9069921875; 20.1796875
2026-07-01; 21:23:53; 2963; 2768; 36.42; 1006.9146484375; 20.2578125
2026-07-01; 21:24:53; 2954; 2751; 36.41; 1006.87828125; 20.24609375
2026-07-01; 21:25:53; 2954; 2751; 36.4; 1006.9194140625; 20.2802734375
2026-07-01; 21:26:53; 2954; 2751; 36.34; 1006.844453125; 20.4169921875
2026-07-01; 21:27:53; 2954; 2751; 36.3; 1006.87421875; 20.4267578125
2026-07-01; 21:28:53; 2917; 2667; 36.31; 1006.8618359375; 20.345703125
2026-07-01; 21:29:53; 2917; 2667; 36.31; 1006.9108984375; 20.357421875
2026-07-01; 21:30:53; 2954; 2751; 36.26; 1006.8599609375; 20.4365234375
2026-07-01; 21:31:53; 2917; 2667; 36.23; 1006.8976171875; 20.4697265625
2026-07-01; 21:32:53; 2917; 2667; 36.25; 1006.9295703125; 20.494140625
2026-07-01; 21:33:53; 2917; 2667; 36.23; 1006.9545703125; 20.5048828125
2026-07-01; 21:34:53; 2909; 2649; 36.21; 1006.95140625; 20.55078125
2026-07-01; 21:35:53; 2909; 2649; 36.19; 1006.9766796875; 20.5380859375
2026-07-01; 21:36:53; 2909; 2649; 36.15; 1006.921015625; 20.513671875
2026-07-01; 21:37:53; 2898; 2631; 36.14; 1006.9700390625; 20.5478515625
2026-07-01; 21:38:53; 2881; 2613; 36.11; 1007.0569921875; 20.5927734375
2026-07-01; 21:39:53; 2870; 2583; 36.09; 1006.9965625; 20.673828125
2026-07-01; 21:40:53; 2870; 2583; 36.04; 1007.0028125; 20.6826171875
2026-07-01; 21:41:53; 2859; 2564; 36.02; 1007.05625; 20.6474609375
2026-07-01; 21:42:53; 2853; 2552; 35.98; 1007.1352734375; 20.78515625
2026-07-01; 21:43:53; 2859; 2564; 35.95; 1007.0874609375; 20.783203125
2026-07-01; 21:44:53; 2853; 2552; 35.95; 1007.1159375; 20.794921875
2026-07-01; 21:45:53; 2853; 2552; 35.92; 1007.16171875; 20.7822265625
2026-07-01; 21:46:54; 2840; 2519; 35.92; 1007.16171875; 20.8291015625
2026-07-01; 21:47:54; 2818; 2469; 35.87; 1007.19578125; 20.849609375
2026-07-01; 21:48:54; 2818; 2469; 35.89; 1007.1990234375; 20.828125
2026-07-01; 21:49:54; 2799; 2433; 35.84; 1007.213125; 20.9189453125
2026-07-01; 21:50:54; 2789; 2405; 35.84; 1007.262109375; 20.94140625
2026-07-01; 21:51:54; 2781; 2388; 35.79; 1007.2190234375; 20.962890625
2026-07-01; 21:52:54; 2770; 2370; 35.79; 1007.23953125; 21.0322265625
2026-07-01; 21:53:54; 2770; 2370; 35.76; 1007.2283984375; 20.9384765625
2026-07-01; 21:54:54; 2763; 2359; 35.76; 1007.2773828125; 21.01953125
2026-07-01; 21:55:54; 2750; 2326; 35.71; 1007.2548046875; 21.0634765625
2026-07-01; 21:56:54; 2750; 2326; 35.68; 1007.243359375; 21.02734375
2026-07-01; 21:57:54; 2742; 2309; 35.61; 1007.2744140625; 21.2451171875
2026-07-01; 21:58:54; 2742; 2309; 35.62; 1007.2905859375; 21.19921875
2026-07-01; 21:59:54; 2713; 2246; 35.59; 1007.336015625; 21.232421875
2026-07-01; 22:00:54; 2713; 2246; 35.63; 1007.2779296875; 21.1767578125
2026-07-01; 22:01:54; 2713; 2246; 35.57; 1007.304296875; 21.185546875
2026-07-01; 22:02:54; 2713; 2246; 35.59; 1007.2996484375; 21.208984375
2026-07-01; 22:03:54; 2695; 2198; 35.53; 1007.3749609375; 21.3115234375
2026-07-01; 22:04:54; 2695; 2198; 35.5; 1007.327421875; 21.3095703125
2026-07-01; 22:05:54; 2679; 2154; 35.45; 1007.3126953125; 21.412109375
2026-07-01; 22:06:54; 2679; 2154; 35.44; 1007.35375; 21.412109375
2026-07-01; 22:07:54; 2679; 2154; 35.41; 1007.35453125; 21.4912109375
2026-07-01; 22:08:54; 2667; 2138; 35.39; 1007.4081640625; 21.478515625
2026-07-01; 22:09:54; 2659; 2121; 35.32; 1007.41859375; 21.556640625
2026-07-01; 22:10:54; 2648; 2094; 35.31; 1007.4959765625; 21.615234375
2026-07-01; 22:11:54; 2659; 2121; 35.32; 1007.44703125; 21.568359375
2026-07-01; 22:12:54; 2648; 2094; 35.32; 1007.4549609375; 21.568359375
2026-07-01; 22:13:54; 2648; 2094; 35.29; 1007.4926953125; 21.6259765625
2026-07-01; 22:14:54; 2638; 2082; 35.29; 1007.464296875; 21.63671875
2026-07-01; 22:15:54; 2648; 2094; 35.24; 1007.4984375; 21.7158203125
2026-07-01; 22:16:54; 2638; 2082; 35.23; 1007.4178125; 21.73828125
2026-07-01; 22:17:54; 2638; 2082; 35.21; 1007.4713671875; 21.7265625
2026-07-01; 22:18:54; 2630; 2066; 35.19; 1007.49625; 21.794921875
2026-07-01; 22:19:54; 2630; 2066; 35.15; 1007.5260546875; 21.8505859375
2026-07-01; 22:20:54; 2621; 2045; 35.12; 1007.5270703125; 21.9189453125
2026-07-01; 22:21:54; 2614; 2024; 35.12; 1007.449765625; 21.9072265625
2026-07-01; 22:22:54; 2621; 2045; 35.1; 1007.5317578125; 21.9296875
2026-07-01; 22:23:54; 2614; 2024; 35.08; 1007.50796875; 21.9873046875
2026-07-01; 22:24:54; 2621; 2045; 35.08; 1007.4716015625; 21.998046875
2026-07-01; 22:25:54; 2614; 2024; 35.06; 1007.5248828125; 22.11328125
2026-07-01; 22:26:54; 2614; 2024; 35.01; 1007.5103515625; 22.169921875
2026-07-01; 22:27:54; 2614; 2024; 35.0; 1007.4862890625; 22.1689453125
2026-07-01; 22:28:55; 2614; 2024; 35.0; 1007.4578515625; 22.1103515625
2026-07-01; 22:29:55; 2606; 2008; 34.98; 1007.48296875; 22.2373046875
2026-07-01; 22:30:55; 2614; 2024; 34.97; 1007.523984375; 22.2138671875
2026-07-01; 22:31:55; 2614; 2024; 34.91; 1007.4648828125; 22.3154296875
2026-07-01; 22:32:55; 2621; 2045; 34.93; 1007.4112890625; 22.3623046875
2026-07-01; 22:33:55; 2621; 2045; 34.9; 1007.4203125; 22.2919921875
2026-07-01; 22:34:55; 2621; 2045; 34.91; 1007.399765625; 22.384765625
2026-07-01; 22:35:55; 2621; 2045; 34.85; 1007.3406640625; 22.439453125
2026-07-01; 22:36:55; 2614; 2024; 34.81; 1007.455703125; 22.5888671875
2026-07-01; 22:37:55; 2614; 2024; 34.82; 1007.46359375; 22.51953125
2026-07-01; 22:38:55; 2614; 2024; 34.81; 1007.447734375; 22.646484375
2026-07-01; 22:39:55; 2614; 2024; 34.77; 1007.49765625; 22.66796875
2026-07-01; 22:40:55; 2614; 2024; 34.73; 1007.4705859375; 22.677734375
2026-07-01; 22:41:55; 2614; 2024; 34.73; 1007.5478515625; 22.7236328125
2026-07-01; 22:42:55; 2614; 2024; 34.74; 1007.592109375; 22.7705078125
2026-07-01; 22:43:55; 2621; 2045; 34.69; 1007.6261328125; 22.802734375
2026-07-01; 22:44:55; 2630; 2066; 34.69; 1007.5772265625; 22.837890625
2026-07-01; 22:45:55; 2630; 2066; 34.69; 1007.5408984375; 22.9189453125
2026-07-01; 22:46:55; 2638; 2082; 34.65; 1007.61921875; 22.8583984375
2026-07-01; 22:47:55; 2638; 2082; 34.64; 1007.554453125; 22.9169921875
2026-07-01; 22:48:55; 2638; 2082; 34.63; 1007.644296875; 23.0087890625
2026-07-01; 22:49:55; 2648; 2094; 34.57; 1007.6703125; 23.1220703125
2026-07-01; 22:50:55; 2659; 2121; 34.58; 1007.686171875; 23.1455078125
2026-07-01; 22:51:55; 2667; 2138; 34.58; 1007.706640625; 23.1337890625
2026-07-01; 22:52:55; 2667; 2138; 34.54; 1007.7079296875; 23.1201171875
2026-07-01; 22:53:55; 2667; 2138; 34.51; 1007.745234375; 23.24609375
2026-07-01; 22:54:55; 2679; 2154; 34.49; 1007.7498046875; 23.349609375
2026-07-01; 22:55:55; 2679; 2154; 34.47; 1007.7953515625; 23.3486328125
2026-07-01; 22:56:55; 2679; 2154; 34.43; 1007.739453125; 23.4736328125
2026-07-01; 22:57:55; 2695; 2198; 34.46; 1007.8078515625; 23.4521484375
2026-07-01; 22:58:55; 2695; 2198; 34.42; 1007.800859375; 23.4736328125
2026-07-01; 22:59:55; 2707; 2230; 34.41; 1007.8497265625; 23.3798828125
2026-07-01; 23:00:55; 2713; 2246; 34.36; 1007.854921875; 23.59765625
2026-07-01; 23:01:55; 2723; 2274; 34.38; 1007.8503125; 23.6103515625
2026-07-01; 23:02:55; 2732; 2296; 34.38; 1007.821953125; 23.6220703125
2026-07-01; 23:03:55; 2742; 2309; 34.34; 1007.7868359375; 23.7353515625
2026-07-01; 23:04:55; 2750; 2326; 34.36; 1007.79015625; 23.6435546875
2026-07-01; 23:05:55; 2763; 2359; 34.32; 1007.848203125; 23.7353515625
2026-07-01; 23:06:55; 2763; 2359; 34.33; 1007.827734375; 23.81640625
2026-07-01; 23:07:55; 2781; 2388; 34.26; 1007.8945703125; 23.974609375
2026-07-01; 23:08:55; 2789; 2405; 34.29; 1007.893359375; 23.7919921875
2026-07-01; 23:09:55; 2781; 2388; 34.22; 1007.8955078125; 23.99609375
2026-07-01; 23:10:55; 2781; 2388; 34.2; 1007.8353515625; 24.052734375
2026-07-01; 23:11:56; 2810; 2452; 34.2; 1007.8841796875; 23.9365234375
2026-07-01; 23:12:56; 2810; 2452; 34.25; 1007.907109375; 24.0087890625
2026-07-01; 23:13:56; 2829; 2500; 34.2; 1007.7990625; 24.0986328125
2026-07-01; 23:14:56; 2829; 2500; 34.19; 1007.9330078125; 24.1103515625
2026-07-01; 23:15:56; 2840; 2519; 34.19; 1007.981875; 24.1328125
2026-07-01; 23:16:56; 2853; 2552; 34.15; 1008.003203125; 24.1083984375
2026-07-01; 23:17:56; 2853; 2552; 34.13; 1007.9998046875; 24.2109375
2026-07-01; 23:18:56; 2859; 2564; 34.12; 1008.0123046875; 24.2685546875
2026-07-01; 23:19:56; 2859; 2564; 34.11; 1007.9677734375; 24.3720703125
2026-07-01; 23:20:56; 2870; 2583; 34.09; 1008.0290625; 24.37109375
2026-07-01; 23:21:56; 2898; 2631; 34.04; 1008.0631640625; 24.49609375
2026-07-01; 23:22:56; 2898; 2631; 34.05; 1008.014375; 24.4501953125
2026-07-01; 23:23:56; 2909; 2649; 34.03; 1008.1605078125; 24.5302734375
2026-07-01; 23:24:56; 2909; 2649; 34.0; 1008.1128515625; 24.5517578125
2026-07-01; 23:25:56; 2929; 2697; 34.01; 1008.10828125; 24.4951171875
2026-07-01; 23:26:56; 2940; 2715; 34.03; 1008.10375; 24.541015625
2026-07-01; 23:27:56; 2940; 2715; 34.0; 1008.084453125; 24.5751953125
2026-07-01; 23:28:56; 2940; 2715; 33.97; 1008.1298828125; 24.642578125
2026-07-01; 23:29:56; 2954; 2751; 33.97; 1008.1783984375; 24.7353515625
2026-07-02; 02:24:14; 402; 0; 32.22; 1007.900078125; 27.8662109375
2026-07-02; 02:25:14; 400; 0; 32.2; 1007.9044921875; 27.8427734375
2026-07-02; 02:26:14; 400; 0; 32.22; 1007.900078125; 27.8203125
2026-07-02; 02:27:14; 400; 0; 32.22; 1007.8514453125; 27.7861328125
2026-07-02; 02:28:14; 405; 0; 32.25; 1007.8629296875; 27.7529296875
2026-07-02; 02:29:14; 402; 0; 32.21; 1007.9407421875; 27.8076171875
2026-07-02; 02:30:14; 400; 0; 32.26; 1007.9640625; 27.765625
2026-07-02; 02:31:14; 406; 0; 32.24; 1007.9319140625; 27.7529296875
2026-07-02; 02:32:14; 400; 0; 32.23; 1007.9522265625; 27.7177734375
2026-07-02; 02:33:14; 400; 0; 32.21; 1007.9487109375; 27.7392578125
2026-07-02; 02:34:14; 403; 0; 32.24; 1007.93984375; 27.603515625
2026-07-02; 02:35:14; 400; 0; 32.21; 1008.0256640625; 27.76171875
2026-07-02; 02:36:14; 405; 0; 32.21; 1007.9407421875; 27.76171875
2026-07-02; 02:37:14; 402; 0; 32.22; 1007.9566796875; 27.7626953125
2026-07-02; 02:38:14; 400; 0; 32.22; 1007.9566796875; 27.7744140625
2026-07-02; 02:39:14; 407; 1; 32.22; 1007.9929296875; 27.705078125
2026-07-02; 02:40:14; 403; 0; 32.22; 1007.9849609375; 27.705078125
2026-07-02; 02:41:14; 400; 0; 32.24; 1008.0168359375; 27.7294921875
2026-07-02; 02:42:14; 402; 0; 32.24; 1008.0168359375; 27.7177734375
2026-07-02; 02:43:14; 400; 0; 32.23; 1008.0371484375; 27.6943359375
2026-07-02; 02:44:14; 400; 0; 32.23; 1008.09375; 27.7060546875
2026-07-02; 02:45:14; 400; 0; 32.22; 1008.0212109375; 27.6591796875
2026-07-02; 02:46:14; 407; 1; 32.21; 1008.0901953125; 27.6240234375
2026-07-02; 02:47:14; 400; 0; 32.22; 1008.0698828125; 27.625
2026-07-02; 02:48:14; 400; 0; 32.19; 1008.0583984375; 27.646484375
2026-07-02; 02:49:14; 400; 0; 32.21; 1008.1184765625; 27.6015625
2026-07-02; 02:50:14; 400; 0; 32.21; 1007.99734375; 27.6123046875
2026-07-02; 02:51:14; 400; 0; 32.2; 1008.0176953125; 27.6005859375
2026-07-02; 02:52:15; 405; 0; 32.22; 1008.0212109375; 27.5439453125
2026-07-02; 02:53:15; 400; 0; 32.22; 1008.0415625; 27.509765625
2026-07-02; 02:54:15; 400; 0; 32.21; 1008.0256640625; 27.51953125
2026-07-02; 02:55:15; 400; 0; 32.18; 1008.0421484375; 27.5185546875
2026-07-02; 02:56:15; 400; 0; 32.18; 1008.0341796875; 27.5185546875
2026-07-02; 02:57:15; 400; 0; 32.18; 1008.013828125; 27.5302734375
2026-07-02; 02:58:15; 403; 0; 32.19; 1008.0501171875; 27.4384765625
2026-07-02; 02:59:15; 405; 0; 32.16; 1007.9740625; 27.494140625
2026-07-02; 03:00:15; 403; 0; 32.16; 1007.94578125; 27.4482421875
2026-07-02; 03:01:15; 400; 0; 32.15; 1008.0792578125; 27.482421875
2026-07-02; 03:02:15; 403; 0; 32.16; 1008.0589453125; 27.4482421875
2026-07-02; 03:03:15; 400; 0; 32.15; 1008.071328125; 27.435546875
2026-07-02; 03:04:15; 400; 0; 32.15; 1007.9944140625; 27.390625
2026-07-02; 03:05:15; 400; 0; 32.12; 1008.0032421875; 27.4111328125
2026-07-02; 03:06:15; 401; 0; 32.12; 1008.0032421875; 27.4111328125
2026-07-02; 03:07:15; 403; 0; 32.09; 1008.0480078125; 27.4560546875
2026-07-02; 03:08:15; 402; 0; 32.11; 1007.9949609375; 27.3994140625
2026-07-02; 03:09:15; 400; 0; 32.11; 1008.0153125; 27.3642578125
2026-07-02; 03:10:15; 402; 0; 32.08; 1007.9392578125; 27.3740234375
2026-07-02; 03:11:15; 405; 0; 32.12; 1008.0315234375; 27.365234375
2026-07-02; 03:12:15; 402; 0; 32.1; 1007.95078125; 27.330078125
2026-07-02; 03:13:15; 400; 0; 32.08; 1007.975546875; 27.33984375
2026-07-02; 03:14:15; 438; 5; 32.09; 1008.011796875; 27.3291015625
2026-07-02; 03:15:15; 444; 6; 32.09; 1007.8986328125; 27.283203125
2026-07-02; 03:16:15; 438; 5; 32.09; 1007.93484375; 27.294921875
2026-07-02; 03:17:15; 433; 5; 32.06; 1007.943671875; 27.3154296875
2026-07-02; 03:18:15; 423; 3; 32.05; 1007.9194921875; 27.3271484375
2026-07-02; 03:19:15; 423; 3; 32.02; 1008.021171875; 27.34765625
2026-07-02; 03:20:15; 418; 2; 32.03; 1007.9442578125; 27.3486328125
2026-07-02; 03:21:15; 414; 2; 32.03; 1008.0087890625; 27.302734375
2026-07-02; 03:22:15; 409; 1; 32.04; 1007.9115625; 27.2685546875
2026-07-02; 03:23:15; 407; 1; 32.05; 1008.004375; 27.26953125
2026-07-02; 03:24:15; 400; 0; 32.03; 1007.9725390625; 27.267578125
2026-07-02; 03:25:15; 400; 0; 32.03; 1008.0653515625; 27.267578125
2026-07-02; 03:26:15; 405; 0; 32.02; 1007.9645703125; 27.2900390625
2026-07-02; 03:27:15; 400; 0; 32.01; 1007.920390625; 27.2900390625
2026-07-02; 03:28:15; 403; 0; 32.01; 1007.997265625; 27.2666015625
2026-07-02; 03:29:15; 400; 0; 32.01; 1007.997265625; 27.2783203125
2026-07-02; 03:30:15; 400; 0; 32.0; 1007.9530859375; 27.27734375
2026-07-02; 03:31:15; 400; 0; 31.98; 1007.98578125; 27.2880859375
2026-07-02; 03:32:15; 405; 0; 32.0; 1007.9893359375; 27.2890625
2026-07-02; 03:33:15; 400; 0; 31.98; 1007.98578125; 27.25390625
2026-07-02; 03:34:15; 400; 0; 32.01; 1008.0538671875; 27.208984375
2026-07-02; 03:35:16; 400; 0; 32.0; 1008.0096484375; 27.2431640625
2026-07-02; 03:36:16; 406; 0; 32.01; 1008.0538671875; 27.208984375
2026-07-02; 03:37:16; 400; 0; 31.98; 1007.98578125; 27.25390625
2026-07-02; 03:38:16; 400; 0; 31.97; 1008.0181640625; 27.263671875
2026-07-02; 03:39:16; 400; 0; 31.96; 1008.0305078125; 27.228515625
2026-07-02; 03:40:16; 403; 0; 31.95; 1008.042890625; 27.216796875
2026-07-02; 03:41:16; 400; 0; 31.95; 1008.022578125; 27.251953125
2026-07-02; 03:42:16; 400; 0; 31.97; 1008.1109765625; 27.2412109375
2026-07-02; 03:43:16; 403; 0; 31.95; 1008.1277734375; 27.2275390625
2026-07-02; 03:44:16; 406; 0; 31.97; 1008.074765625; 27.16015625
2026-07-02; 03:45:16; 400; 0; 31.95; 1008.1074609375; 27.228515625
2026-07-02; 03:46:16; 400; 0; 31.94; 1008.0915234375; 27.2509765625
2026-07-02; 03:47:16; 400; 0; 31.93; 1008.1887109375; 27.25
2026-07-02; 03:48:16; 403; 0; 31.94; 1008.176328125; 27.2744140625
2026-07-02; 03:49:16; 403; 0; 31.92; 1008.1082421875; 27.25
2026-07-02; 03:50:16; 403; 0; 31.93; 1008.21703125; 27.2392578125
2026-07-02; 03:51:16; 403; 0; 31.91; 1008.12828125; 27.2607421875
2026-07-02; 03:52:16; 400; 0; 31.9; 1008.11234375; 27.283203125
2026-07-02; 03:53:16; 403; 0; 31.9; 1008.0841015625; 27.283203125
2026-07-02; 03:54:16; 403; 0; 31.9; 1008.16890625; 27.2490234375
2026-07-02; 03:55:16; 403; 0; 31.9; 1008.1044140625; 27.2939453125
2026-07-02; 03:56:16; 400; 0; 31.9; 1008.11234375; 27.2490234375
2026-07-02; 03:57:16; 405; 0; 31.9; 1008.11234375; 27.259765625
2026-07-02; 03:58:16; 400; 0; 31.87; 1008.028359375; 27.3037109375
2026-07-02; 03:59:16; 405; 0; 31.86; 1008.076953125; 27.2919921875
2026-07-02; 04:00:16; 400; 0; 31.87; 1008.028359375; 27.29296875
2026-07-02; 04:01:16; 400; 0; 31.88; 1008.1008203125; 27.28125
2026-07-02; 04:02:16; 407; 1; 31.85; 1008.068984375; 27.2802734375
2026-07-02; 04:03:16; 402; 0; 31.83; 1008.0571875; 27.3251953125
2026-07-02; 04:04:16; 402; 0; 31.85; 1008.0610546875; 27.291015625
2026-07-02; 04:05:16; 407; 1; 31.86; 1007.992109375; 27.2919921875
2026-07-02; 04:06:16; 407; 1; 31.85; 1008.089296875; 27.291015625
2026-07-02; 04:07:16; 402; 0; 31.85; 1008.097265625; 27.2919921875
2026-07-02; 04:08:16; 407; 1; 31.82; 1008.0978125; 27.3125
2026-07-02; 04:09:16; 402; 0; 31.84; 1008.053046875; 27.302734375
2026-07-02; 04:10:16; 402; 0; 31.83; 1008.0085546875; 27.2451171875
2026-07-02; 04:11:16; 402; 0; 31.83; 1008.0368359375; 27.3134765625
2026-07-02; 04:12:16; 402; 0; 31.8; 1007.9891015625; 27.3349609375
2026-07-02; 04:13:16; 402; 0; 31.82; 1008.01296875; 27.32421875
2026-07-02; 04:14:16; 402; 0; 31.8; 1008.0173828125; 27.3349609375
2026-07-02; 04:15:16; 402; 0; 31.81; 1008.005; 27.32421875
2026-07-02; 04:16:16; 400; 0; 31.81; 1007.9484375; 27.30078125
2026-07-02; 04:17:17; 402; 0; 31.81; 1007.9767578125; 27.3359375
2026-07-02; 04:18:17; 402; 0; 31.78; 1008.0341015625; 27.298828125
2026-07-02; 04:19:17; 402; 0; 31.79; 1008.05796875; 27.369140625
2026-07-02; 04:20:17; 402; 0; 31.78; 1008.042109375; 27.322265625
2026-07-02; 04:21:17; 402; 0; 31.81; 1008.05359375; 27.3466796875
2026-07-02; 04:22:17; 402; 0; 31.79; 1008.05796875; 27.357421875
2026-07-02; 04:23:17; 402; 0; 31.77; 1008.017578125; 27.390625
2026-07-02; 04:24:17; 402; 0; 31.74; 1008.0626171875; 27.400390625
2026-07-02; 04:25:17; 407; 1; 31.76; 1008.037890625; 27.4130859375
2026-07-02; 04:26:17; 407; 1; 31.74; 1008.034296875; 27.4345703125
2026-07-02; 04:27:17; 407; 1; 31.73; 1008.0466796875; 27.4453125
2026-07-02; 04:28:17; 407; 1; 31.73; 1008.0183984375; 27.46875
2026-07-02; 04:29:17; 410; 1; 31.73; 1008.0183984375; 27.4345703125
2026-07-02; 04:30:17; 410; 1; 31.74; 1008.0060546875; 27.4228515625
2026-07-02; 04:31:17; 410; 1; 31.7; 1007.99859375; 27.4560546875
2026-07-02; 04:32:17; 410; 1; 31.7; 1007.99859375; 27.501953125
2026-07-02; 04:33:17; 416; 2; 31.68; 1008.0153125; 27.5
2026-07-02; 04:34:17; 420; 3; 31.7; 1007.9420703125; 27.490234375
2026-07-02; 04:35:17; 424; 3; 31.69; 1007.9261328125; 27.4775390625
2026-07-02; 04:36:17; 424; 3; 31.71; 1007.92203125; 27.466796875
2026-07-02; 04:37:17; 427; 4; 31.7; 1007.99859375; 27.478515625
2026-07-02; 04:38:17; 435; 5; 31.68; 1007.9587890625; 27.51171875
2026-07-02; 04:39:17; 439; 5; 31.66; 1007.955234375; 27.5673828125
2026-07-02; 04:40:17; 439; 5; 31.65; 1007.975546875; 27.6015625
2026-07-02; 04:41:17; 446; 7; 31.69; 1007.9181640625; 27.5234375
2026-07-02; 04:42:17; 451; 7; 31.67; 1007.942890625; 27.5673828125
2026-07-02; 04:43:17; 455; 8; 31.67; 1007.942890625; 27.5673828125
2026-07-02; 04:44:17; 463; 9; 31.65; 1007.9675390625; 27.6015625
2026-07-02; 04:45:17; 470; 10; 31.65; 1007.9675390625; 27.6123046875
2026-07-02; 04:46:17; 473; 11; 31.64; 1007.9230859375; 27.6474609375
2026-07-02; 04:47:17; 473; 11; 31.64; 1007.959609375; 27.6357421875
2026-07-02; 04:48:17; 483; 12; 31.62; 1007.89125; 27.6572265625
2026-07-02; 04:49:17; 488; 13; 31.6; 1007.8108203125; 27.6796875
2026-07-02; 04:50:17; 495; 14; 31.62; 1007.89125; 27.7255859375
2026-07-02; 04:51:17; 505; 15; 31.62; 1007.9477734375; 27.6796875
2026-07-02; 04:52:17; 505; 15; 31.6; 1007.8390625; 27.7138671875
2026-07-02; 04:53:17; 514; 17; 31.59; 1007.859375; 27.736328125
2026-07-02; 04:54:17; 519; 18; 31.56; 1007.8395703125; 27.7578125
2026-07-02; 04:55:17; 527; 19; 31.58; 1007.83546875; 27.7578125
2026-07-02; 04:56:17; 537; 20; 31.57; 1007.904375; 27.74609375
2026-07-02; 04:57:17; 549; 22; 31.56; 1007.924375; 27.8037109375
2026-07-02; 04:58:17; 553; 23; 31.56; 1007.8678515625; 27.8271484375
2026-07-02; 04:59:17; 561; 24; 31.55; 1007.9084375; 27.814453125
2026-07-02; 05:00:18; 570; 25; 31.55; 1007.8801953125; 27.8486328125
2026-07-02; 05:01:18; 570; 25; 31.54; 1007.8925390625; 27.814453125
2026-07-02; 05:02:18; 588; 28; 31.54; 1007.828046875; 27.8828125
2026-07-02; 05:03:18; 591; 29; 31.55; 1007.90046875; 27.8603515625
2026-07-02; 05:04:18; 591; 29; 31.53; 1007.848359375; 27.84765625
2026-07-02; 05:05:18; 607; 31; 31.53; 1007.791796875; 27.8935546875
2026-07-02; 05:06:18; 607; 31; 31.54; 1007.8642578125; 27.90625
2026-07-02; 05:07:18; 612; 32; 31.52; 1007.824453125; 27.8349609375
2026-07-02; 05:08:18; 618; 33; 31.51; 1007.8650390625; 27.9501953125
2026-07-02; 05:09:18; 626; 34; 31.51; 1007.836796875; 27.9384765625
2026-07-02; 05:10:18; 640; 36; 31.54; 1007.836015625; 27.89453125
2026-07-02; 05:11:18; 640; 36; 31.54; 1007.836015625; 27.91796875
2026-07-02; 05:12:18; 640; 36; 31.53; 1007.812109375; 27.962890625
2026-07-02; 05:13:18; 646; 37; 31.49; 1007.861171875; 27.9833984375
2026-07-02; 05:14:18; 660; 39; 31.5; 1007.7923046875; 27.9833984375
2026-07-02; 05:15:18; 660; 39; 31.49; 1007.77640625; 27.994140625
2026-07-02; 05:16:18; 660; 39; 31.48; 1007.76046875; 28.0390625
2026-07-02; 05:17:18; 678; 42; 31.48; 1007.7683984375; 28.0283203125
2026-07-02; 05:18:18; 678; 42; 31.48; 1007.711875; 27.994140625
2026-07-02; 05:19:18; 678; 42; 31.5; 1007.73578125; 28.0068359375
2026-07-02; 05:20:18; 678; 42; 31.49; 1007.6633203125; 28.005859375
2026-07-02; 05:21:18; 678; 42; 31.5; 1007.67921875; 28.0185546875
2026-07-02; 05:22:18; 694; 44; 31.49; 1007.7278125; 28.017578125
2026-07-02; 05:23:18; 694; 44; 31.49; 1007.69953125; 28.005859375
2026-07-02; 05:24:18; 683; 43; 31.47; 1007.6676953125; 28.0283203125
2026-07-02; 05:25:18; 694; 44; 31.47; 1007.74453125; 28.0390625
2026-07-02; 05:26:18; 694; 44; 31.48; 1007.76046875; 28.0390625
2026-07-02; 05:27:18; 683; 43; 31.48; 1007.7966796875; 28.0400390625
2026-07-02; 05:28:18; 694; 44; 31.46; 1007.7365625; 28.05078125
2026-07-02; 05:29:18; 683; 43; 31.46; 1007.6800390625; 28.0390625
2026-07-02; 05:30:18; 694; 44; 31.46; 1007.70828125; 28.02734375
2026-07-02; 05:31:18; 694; 44; 31.46; 1007.7365625; 27.9931640625
2026-07-02; 05:32:18; 694; 44; 31.47; 1007.7807421875; 28.0048828125
2026-07-02; 05:33:18; 683; 43; 31.49; 1007.77640625; 27.994140625
2026-07-02; 05:34:18; 694; 44; 31.5; 1007.7440625; 27.9609375
2026-07-02; 05:35:18; 683; 43; 31.47; 1007.7807421875; 28.0048828125
2026-07-02; 05:36:18; 678; 42; 31.47; 1007.7807421875; 27.970703125
2026-07-02; 05:37:18; 678; 42; 31.49; 1007.861171875; 28.005859375
2026-07-02; 05:38:18; 678; 42; 31.5; 1007.73578125; 27.97265625
2026-07-02; 05:39:18; 678; 42; 31.51; 1007.72375; 27.9033203125
2026-07-02; 05:40:18; 678; 42; 31.51; 1007.72375; 27.97265625
2026-07-02; 05:41:18; 671; 41; 31.49; 1007.6915625; 27.9599609375
2026-07-02; 05:42:18; 671; 41; 31.48; 1007.6473828125; 27.9814453125
2026-07-02; 05:43:19; 671; 41; 31.49; 1007.7843359375; 27.9599609375
2026-07-02; 05:44:19; 660; 39; 31.49; 1007.7198828125; 27.92578125
2026-07-02; 05:45:19; 683; 43; 31.5; 1007.7923046875; 27.9375
2026-07-02; 05:46:19; 678; 42; 31.55; 1007.7591796875; 27.8828125
2026-07-02; 05:47:19; 678; 42; 31.55; 1007.7591796875; 27.8486328125
2026-07-02; 05:48:19; 678; 42; 31.55; 1007.787421875; 27.8603515625
2026-07-02; 05:49:19; 678; 42; 31.58; 1007.8072265625; 27.8271484375
2026-07-02; 05:50:19; 678; 42; 31.57; 1007.742734375; 27.8154296875
2026-07-02; 05:51:19; 671; 41; 31.57; 1007.7709765625; 27.8154296875
2026-07-02; 05:52:19; 671; 41; 31.57; 1007.799296875; 27.8046875
2026-07-02; 05:53:19; 660; 39; 31.59; 1007.746328125; 27.8173828125
2026-07-02; 05:54:19; 653; 38; 31.58; 1007.722421875; 27.78125
2026-07-02; 05:55:19; 660; 39; 31.57; 1007.763046875; 27.7919921875
2026-07-02; 05:56:19; 671; 41; 31.62; 1007.84265625; 27.73828125
2026-07-02; 05:57:19; 653; 38; 31.61; 1007.7905078125; 27.6337890625
2026-07-02; 05:58:19; 618; 33; 31.63; 1007.80203125; 27.462890625
2026-07-02; 05:59:19; 500; 15; 31.59; 1007.83109375; 27.298828125
2026-07-02; 06:00:19; 400; 0; 31.46; 1007.7930859375; 27.234375
2026-07-02; 06:01:19; 400; 0; 31.35; 1007.75859375; 27.28515625
2026-07-02; 06:02:19; 400; 0; 31.2; 1007.801328125; 27.35546875
2026-07-02; 06:03:19; 400; 0; 31.05; 1007.7471875; 27.5654296875
2026-07-02; 06:04:19; 400; 0; 30.91; 1007.749453125; 27.68359375
2026-07-02; 06:05:19; 420; 3; 30.81; 1007.807421875; 27.8828125
2026-07-02; 06:06:19; 400; 0; 30.72; 1007.8490234375; 28.0166015625
2026-07-02; 06:07:19; 400; 0; 30.75; 1007.8609375; 28.029296875
2026-07-02; 06:08:19; 400; 0; 30.95; 1007.7852734375; 27.77734375
2026-07-02; 06:09:19; 405; 0; 31.17; 1007.781796875; 27.5380859375
2026-07-02; 06:10:19; 400; 0; 31.2; 1007.801328125; 27.4931640625
2026-07-02; 06:11:19; 400; 0; 31.27; 1007.8004296875; 27.39453125
2026-07-02; 06:12:19; 403; 0; 31.34; 1007.847734375; 27.330078125
2026-07-02; 06:13:19; 407; 1; 31.38; 1007.8269921875; 27.33203125
2026-07-02; 06:14:19; 409; 1; 31.51; 1007.836796875; 27.2255859375
2026-07-02; 06:15:19; 451; 7; 31.52; 1007.7679296875; 27.2138671875
2026-07-02; 06:16:19; 506; 16; 31.61; 1007.9115234375; 27.173828125
2026-07-02; 06:17:19; 574; 26; 31.66; 1007.8783984375; 27.1884765625
2026-07-02; 06:18:19; 688; 43; 31.69; 1007.9261328125; 27.109375
2026-07-02; 06:19:19; 754; 53; 31.76; 1007.8682421875; 27.1025390625
2026-07-02; 06:20:19; 810; 62; 31.94; 1007.9704296875; 26.5830078125
2026-07-02; 06:21:19; 785; 58; 32.01; 1007.940703125; 26.541015625
2026-07-02; 06:22:19; 714; 47; 32.06; 1007.943671875; 26.39453125
2026-07-02; 06:23:19; 671; 41; 32.17; 1007.9333984375; 26.3310546875
2026-07-02; 06:24:19; 620; 33; 32.24; 1007.988515625; 26.2431640625
2026-07-02; 06:25:19; 586; 28; 32.21; 1007.9407421875; 26.322265625
2026-07-02; 06:26:20; 600; 30; 32.24; 1007.9115625; 26.3017578125
2026-07-02; 06:27:20; 607; 31; 32.46; 1008.00015625; 26.048828125
2026-07-02; 06:28:20; 577; 26; 32.51; 1007.995078125; 25.9365234375
2026-07-02; 06:29:20; 534; 20; 32.56; 1007.8687890625; 25.8583984375
2026-07-02; 06:30:20; 548; 22; 32.56; 1007.87671875; 25.8701171875
2026-07-02; 06:31:20; 534; 20; 32.7; 1007.9505078125; 25.6591796875
2026-07-02; 06:32:20; 553; 23; 32.71; 1007.8814453125; 25.7861328125
2026-07-02; 06:33:20; 586; 28; 33.01; 1007.899140625; 25.3759765625
2026-07-02; 06:34:20; 607; 31; 32.98; 1007.8715234375; 25.443359375
2026-07-02; 06:35:20; 765; 55; 33.05; 1007.926484375; 25.435546875
2026-07-02; 06:36:20; 880; 73; 33.13; 1007.920234375; 25.3369140625
2026-07-02; 06:37:20; 997; 90; 33.26; 1007.7510546875; 25.1708984375
2026-07-02; 06:38:20; 1128; 110; 33.46; 1007.7503125; 25.296875
2026-07-02; 06:39:20; 1530; 192; 33.69; 1007.8046875; 26.0380859375
2026-07-02; 06:40:20; 2245; 1234; 33.88; 1007.8078515625; 26.650390625
2026-07-02; 06:41:20; 3192; 3259; 33.77; 1007.8109765625; 28.134765625
2026-07-02; 06:42:20; 4168; 5342; 33.8; 1007.8223046875; 28.7373046875
2026-07-02; 06:43:20; 5656; 8554; 33.72; 1007.7959375; 30.3837890625
2026-07-02; 06:44:20; 7325; 12092; 33.71; 1007.828828125; 29.0205078125
2026-07-02; 06:45:20; 8200; 13960; 33.68; 1007.8092578125; 27.689453125
2026-07-02; 06:46:20; 9014; 15700; 33.59; 1007.807734375; 27.083984375
2026-07-02; 06:47:20; 10362; 18581; 33.58; 1007.7998046875; 28.23828125
2026-07-02; 06:48:20; 11696; 21431; 33.74; 1007.9127734375; 27.84375
2026-07-02; 06:49:20; 10764; 19442; 33.91; 1007.7993359375; 26.779296875
2026-07-02; 06:50:20; 10984; 19944; 34.07; 1007.875859375; 26.591796875
2026-07-02; 06:51:20; 11946; 21981; 34.16; 1007.8203515625; 25.7294921875
2026-07-02; 06:52:20; 10553; 19002; 34.32; 1007.763046875; 24.962890625
2026-07-02; 06:53:20; 10764; 19442; 34.38; 1007.907109375; 25.0
2026-07-02; 06:54:20; 11445; 20906; 34.43; 1007.873515625; 24.57421875
2026-07-02; 06:55:20; 11946; 21981; 34.41; 1007.8780859375; 24.8056640625
2026-07-02; 06:56:20; 10984; 19944; 34.55; 1007.9226171875; 24.302734375
2026-07-02; 06:57:20; 10764; 19442; 34.49; 1007.85546875; 24.51953125
2026-07-02; 06:58:20; 11194; 20403; 34.64; 1007.8953125; 24.2734375
2026-07-02; 06:59:20; 10362; 18581; 34.81; 1007.8739453125; 24.0849609375
2026-07-02; 07:00:20; 9974; 17762; 34.93; 1007.8660546875; 23.650390625
2026-07-02; 07:01:20; 9974; 17762; 35.01; 1007.843515625; 23.5498046875
2026-07-02; 07:02:20; 9974; 17762; 35.15; 1007.895625; 23.3603515625
2026-07-02; 07:03:20; 10984; 19944; 35.36; 1007.859921875; 23.3125
2026-07-02; 07:04:20; 10163; 18156; 35.44; 1007.9430859375; 23.3974609375
2026-07-02; 07:05:20; 9622; 17023; 35.55; 1007.890234375; 23.2294921875
2026-07-02; 07:06:20; 9484; 16716; 35.84; 1007.9815625; 22.8603515625
2026-07-02; 07:07:20; 9484; 16716; 36.05; 1008.0435546875; 22.591796875
2026-07-02; 07:08:21; 9014; 15700; 36.02; 1007.9387890625; 22.578125
2026-07-02; 07:09:21; 8853; 15369; 36.0; 1008.0288671875; 22.4853515625
2026-07-02; 07:10:21; 8726; 15088; 36.09; 1008.05; 22.4658203125
2026-07-02; 07:11:21; 8853; 15369; 36.15; 1008.0394140625; 22.259765625
2026-07-02; 07:12:21; 8200; 13960; 36.06; 1007.9534375; 22.34765625
2026-07-02; 07:13:21; 8067; 13725; 36.17; 1007.9495703125; 22.2490234375
2026-07-02; 07:14:21; 8465; 14502; 36.32; 1007.980546875; 22.150390625
2026-07-02; 07:15:21; 7728; 12998; 36.47; 1008.0481640625; 21.9609375
2026-07-02; 07:16:21; 7227; 11882; 36.32; 1007.980546875; 22.0810546875
2026-07-02; 07:17:21; 6949; 11288; 36.05; 1007.9376171875; 22.27734375
2026-07-02; 07:18:21; 6535; 10419; 35.96; 1007.93671875; 22.3896484375
2026-07-02; 07:19:21; 6385; 10082; 35.76; 1007.8544921875; 22.6357421875
2026-07-02; 07:20:21; 6036; 9345; 35.8; 1007.9383984375; 22.6259765625
2026-07-02; 07:21:21; 5325; 7817; 35.82; 1007.8847265625; 22.591796875
2026-07-02; 07:22:21; 5235; 7620; 35.75; 1007.895234375; 22.705078125
2026-07-02; 07:23:21; 5081; 7296; 35.55; 1007.861796875; 22.892578125
2026-07-02; 07:24:21; 4948; 7011; 35.47; 1007.9132421875; 23.0625
2026-07-02; 07:25:21; 4909; 6919; 35.63; 1007.9323046875; 22.873046875
2026-07-02; 07:26:21; 4909; 6919; 35.67; 1007.959375; 22.83984375
2026-07-02; 07:27:21; 5433; 8077; 36.03; 1007.9912890625; 22.5439453125
2026-07-02; 07:28:21; 5029; 7191; 36.15; 1008.003046875; 22.421875
2026-07-02; 07:29:21; 5180; 7508; 36.41; 1007.9812890625; 22.1904296875
2026-07-02; 07:30:21; 4948; 7011; 36.45; 1007.980078125; 22.1689453125
2026-07-02; 07:31:21; 4507; 6068; 36.42; 1007.9480859375; 22.109375
2026-07-02; 07:32:21; 4396; 5839; 36.26; 1008.0070703125; 22.20703125
2026-07-02; 07:33:21; 4292; 5608; 36.08; 1008.042109375; 22.4306640625
2026-07-02; 07:34:21; 4425; 5903; 36.2; 1007.94015625; 22.4130859375
2026-07-02; 07:35:21; 4264; 5547; 36.23; 1007.9228125; 22.44921875
2026-07-02; 07:36:21; 4196; 5400; 36.15; 1007.89703125; 22.48046875
2026-07-02; 07:37:21; 4054; 5130; 36.31; 1007.944140625; 22.3837890625
2026-07-02; 07:38:21; 3885; 4766; 36.44; 1007.9148828125; 22.25
2026-07-02; 07:39:21; 4264; 5547; 36.62; 1007.887421875; 22.060546875
2026-07-02; 07:40:21; 4362; 5762; 36.7; 1007.9780078125; 22.064453125
2026-07-02; 07:41:21; 4196; 5400; 36.93; 1007.9730859375; 21.970703125
2026-07-02; 07:42:21; 4054; 5130; 37.0; 1007.93375; 21.869140625
2026-07-02; 07:43:21; 4054; 5130; 36.96; 1007.9841796875; 21.9140625
2026-07-02; 07:44:21; 4032; 5081; 37.02; 1007.965390625; 21.9052734375
2026-07-02; 07:45:21; 3732; 4420; 36.82; 1007.9691015625; 22.0126953125
2026-07-02; 07:46:21; 3679; 4305; 36.86; 1008.00453125; 22.013671875
2026-07-02; 07:47:21; 3760; 4466; 36.78; 1007.9339453125; 22.1611328125
2026-07-02; 07:48:21; 3710; 4359; 37.06; 1007.96375; 21.953125
2026-07-02; 07:49:21; 3560; 4048; 37.32; 1007.8836328125; 21.6630859375
2026-07-02; 07:50:21; 3710; 4359; 37.43; 1007.9158984375; 21.5400390625
2026-07-02; 07:51:22; 3917; 4830; 37.63; 1007.919296875; 21.3505859375
2026-07-02; 07:52:22; 3979; 4960; 37.77; 1007.990703125; 21.205078125
2026-07-02; 07:53:22; 3917; 4830; 37.96; 1007.91328125; 21.0849609375
2026-07-02; 07:54:22; 3917; 4830; 38.22; 1007.8681640625; 20.91015625
2026-07-02; 07:55:22; 3833; 4654; 38.19; 1007.8493359375; 20.884765625
2026-07-02; 07:56:22; 3710; 4359; 38.13; 1007.860546875; 21.0224609375
2026-07-02; 07:57:22; 3760; 4466; 38.08; 1007.8176953125; 21.0673828125
2026-07-02; 07:58:22; 3732; 4420; 38.2; 1007.8080078125; 21.0029296875
2026-07-02; 07:59:22; 3679; 4305; 38.29; 1007.857265625; 20.8544921875
2026-07-02; 08:00:22; 3863; 4718; 38.22; 1007.8602734375; 20.875
2026-07-02; 08:01:22; 4032; 5081; 38.31; 1007.868515625; 20.8212890625
2026-07-02; 08:02:22; 4032; 5081; 38.61; 1007.834140625; 20.587890625
2026-07-02; 08:03:22; 3833; 4654; 38.65; 1007.876953125; 20.54296875
2026-07-02; 08:04:22; 4325; 5681; 38.81; 1007.8733203125; 20.328125
2026-07-02; 08:05:22; 4396; 5839; 38.98; 1007.877109375; 20.2998046875
2026-07-02; 08:06:22; 4425; 5903; 39.13; 1007.914609375; 20.1318359375
2026-07-02; 08:07:22; 4264; 5547; 39.16; 1007.8971484375; 20.14453125
2026-07-02; 08:08:22; 4168; 5342; 39.28; 1007.9727734375; 19.9501953125
2026-07-02; 08:09:22; 4292; 5608; 39.48; 1007.938046875; 19.818359375
2026-07-02; 08:10:22; 4292; 5608; 39.41; 1007.99109375; 19.884765625
2026-07-02; 08:11:22; 4507; 6068; 39.43; 1007.9733203125; 19.8154296875
2026-07-02; 08:12:22; 4611; 6306; 39.44; 1008.00984375; 19.8984375
2026-07-02; 08:13:22; 4507; 6068; 39.53; 1008.0458984375; 19.84375
2026-07-02; 08:14:22; 4292; 5608; 39.6; 1008.07109375; 19.7529296875
2026-07-02; 08:15:22; 4032; 5081; 39.72; 1007.99515625; 19.62890625
2026-07-02; 08:16:22; 3710; 4359; 39.73; 1008.0030859375; 19.62890625
2026-07-02; 08:17:22; 3584; 4106; 39.76; 1008.050703125; 19.6416015625
2026-07-02; 08:18:22; 3661; 4256; 39.81; 1007.994609375; 19.62109375
2026-07-02; 08:19:22; 3710; 4359; 39.9; 1008.02234375; 19.578125
2026-07-02; 08:20:22; 3679; 4305; 40.04; 1007.978359375; 19.4072265625
2026-07-02; 08:21:22; 3474; 3862; 40.07; 1008.0543359375; 19.337890625
2026-07-02; 08:22:22; 3329; 3556; 40.04; 1008.0564453125; 19.3251953125
2026-07-02; 08:23:22; 3329; 3556; 39.89; 1007.998671875; 19.4716796875
2026-07-02; 08:24:22; 3250; 3394; 39.84; 1007.9767578125; 19.5869140625
2026-07-02; 08:25:22; 3105; 3077; 39.81; 1008.043984375; 19.57421875
2026-07-02; 08:26:22; 3033; 2921; 39.71; 1007.942890625; 19.6865234375
2026-07-02; 08:27:22; 3055; 2960; 39.67; 1007.9448828125; 19.615234375
2026-07-02; 08:28:22; 2842; 2524; 39.37; 1007.9434375; 19.7548828125
2026-07-02; 08:29:22; 2797; 2428; 39.33; 1007.9661328125; 19.7998046875
2026-07-02; 08:30:22; 3016; 2890; 39.24; 1007.99515625; 20.0537109375
2026-07-02; 08:31:22; 3120; 3110; 39.74; 1007.9983984375; 19.5830078125
2026-07-02; 08:32:22; 3288; 3473; 40.05; 1007.9368359375; 19.314453125
2026-07-02; 08:33:22; 3266; 3427; 40.45; 1007.894453125; 19.048828125
2026-07-02; 08:34:23; 3216; 3305; 40.5; 1007.9659765625; 18.9677734375
2026-07-02; 08:35:23; 3105; 3077; 40.74; 1007.865546875; 18.8134765625
2026-07-02; 08:36:23; 3120; 3110; 40.58; 1007.8709375; 18.783203125
2026-07-02; 08:37:23; 3141; 3155; 40.59; 1007.8787890625; 18.7607421875
2026-07-02; 08:38:23; 3192; 3259; 40.78; 1007.921015625; 18.5439453125
2026-07-02; 08:39:23; 3351; 3603; 41.02; 1007.88296875; 18.388671875
2026-07-02; 08:40:23; 3403; 3721; 41.25; 1007.96734375; 18.2216796875
2026-07-02; 08:41:23; 3584; 4106; 41.31; 1007.96; 18.1767578125
2026-07-02; 08:42:23; 3785; 4527; 41.7; 1007.9731640625; 17.8857421875
2026-07-02; 08:43:23; 3863; 4718; 41.76; 1008.0029296875; 17.7578125
2026-07-02; 08:44:23; 3812; 4583; 42.14; 1008.0119921875; 17.4541015625
2026-07-02; 08:45:23; 3661; 4256; 42.3; 1008.0428125; 17.1650390625
2026-07-02; 08:46:23; 3785; 4527; 42.54; 1008.031640625; 16.9375
2026-07-02; 08:47:23; 3812; 4583; 42.59; 1007.9670703125; 16.974609375
2026-07-02; 08:48:23; 4054; 5130; 43.19; 1007.976640625; 16.5703125
2026-07-02; 08:49:23; 4232; 5469; 43.33; 1007.9668359375; 16.43359375
2026-07-02; 08:50:23; 4032; 5081; 43.41; 1007.9700390625; 16.3056640625
2026-07-02; 08:51:23; 4136; 5274; 43.67; 1007.968515625; 16.1845703125
2026-07-02; 08:52:23; 4292; 5608; 43.82; 1007.9666015625; 16.0361328125
2026-07-02; 08:53:23; 4168; 5342; 42.81; 1007.93984375; 16.76953125
2026-07-02; 08:54:23; 4232; 5469; 43.3; 1007.969140625; 16.5029296875
2026-07-02; 08:55:23; 4292; 5608; 43.83; 1007.982265625; 16.0361328125
2026-07-02; 08:56:23; 4362; 5762; 44.01; 1007.9696875; 15.8876953125
2026-07-02; 08:57:23; 4362; 5762; 44.27; 1007.9755859375; 15.671875
2026-07-02; 08:58:23; 4325; 5681; 44.33; 1007.8966796875; 15.5673828125
2026-07-02; 08:59:23; 4396; 5839; 44.61; 1007.8890234375; 15.3623046875
2026-07-02; 09:00:23; 4425; 5903; 44.56; 1008.049296875; 15.408203125
2026-07-02; 09:01:23; 4396; 5839; 44.93; 1008.009375; 15.1826171875
2026-07-02; 09:02:23; 4362; 5762; 45.15; 1008.0300390625; 15.0478515625
2026-07-02; 09:03:23; 4362; 5762; 45.26; 1008.0087109375; 14.8486328125
2026-07-02; 09:04:23; 4292; 5608; 45.39; 1007.945546875; 14.78125
2026-07-02; 09:05:23; 4232; 5469; 45.46; 1007.9688671875; 14.87890625
2026-07-02; 09:06:23; 4196; 5400; 45.28; 1007.9823046875; 14.826171875
2026-07-02; 09:07:23; 4264; 5547; 45.6; 1007.9708984375; 14.6572265625
2026-07-02; 09:08:23; 4100; 5198; 45.38; 1007.9509375; 14.7216796875
2026-07-02; 09:09:23; 3917; 4830; 45.48; 1007.913515625; 14.59375
2026-07-02; 09:10:23; 3863; 4718; 44.85; 1007.9124609375; 15.0966796875
2026-07-02; 09:11:23; 3812; 4583; 44.6; 1007.9100390625; 15.302734375
2026-07-02; 09:12:23; 3812; 4583; 44.78; 1007.94671875; 15.2138671875
2026-07-02; 09:13:23; 3812; 4583; 45.04; 1007.9150390625; 15.0673828125
2026-07-02; 09:14:23; 3760; 4466; 44.24; 1007.94921875; 15.5634765625
2026-07-02; 09:15:23; 3785; 4527; 45.18; 1007.9119140625; 14.8818359375
2026-07-02; 09:16:23; 3661; 4256; 44.96; 1007.9493359375; 15.1005859375
2026-07-02; 09:17:24; 3633; 4204; 44.53; 1007.915078125; 15.3359375
2026-07-02; 09:18:24; 3710; 4359; 44.96; 1007.92046875; 15.0771484375
2026-07-02; 09:19:24; 3633; 4204; 45.12; 1007.8963671875; 14.80859375
2026-07-02; 09:20:24; 3560; 4048; 45.22; 1007.9457421875; 14.8359375
2026-07-02; 09:21:24; 3584; 4106; 44.92; 1007.886015625; 14.9326171875
2026-07-02; 09:22:24; 3543; 4011; 45.13; 1007.891015625; 14.8681640625
2026-07-02; 09:23:24; 3543; 4011; 44.66; 1007.8234765625; 15.2216796875
2026-07-02; 09:24:24; 3560; 4048; 45.27; 1007.8221875; 14.765625
2026-07-02; 09:25:24; 3613; 4159; 45.14; 1007.84890625; 14.892578125
2026-07-02; 09:26:24; 3560; 4048; 44.97; 1007.8128125; 15.13671875
2026-07-02; 09:27:24; 3474; 3862; 45.01; 1007.7967578125; 15.03125
2026-07-02; 09:28:24; 3313; 3522; 45.08; 1007.841171875; 14.87890625
2026-07-02; 09:29:24; 3329; 3556; 45.05; 1007.7652734375; 14.9130859375
2026-07-02; 09:30:24; 3216; 3305; 44.42; 1007.7500390625; 15.462890625
2026-07-02; 09:31:24; 3288; 3473; 44.67; 1007.6659765625; 15.162109375
2026-07-02; 09:32:24; 3329; 3556; 44.72; 1007.723671875; 15.2001953125
2026-07-02; 09:33:24; 3192; 3259; 44.43; 1007.7080078125; 15.369140625
2026-07-02; 09:34:24; 3105; 3077; 43.29; 1007.6078515625; 16.2421875
2026-07-02; 09:35:24; 3072; 3004; 43.94; 1007.6733984375; 15.767578125
2026-07-02; 09:36:24; 3033; 2921; 43.98; 1007.633984375; 15.673828125
2026-07-02; 09:37:24; 3090; 3033; 44.42; 1007.626796875; 15.3564453125
2026-07-02; 09:38:24; 3016; 2890; 44.13; 1007.6186328125; 15.583984375
2026-07-02; 09:39:24; 3033; 2921; 44.68; 1007.6527734375; 15.22265625
2026-07-02; 09:40:24; 2985; 2822; 44.9; 1007.623671875; 14.9921875
2026-07-02; 09:41:24; 2883; 2619; 44.13; 1007.589765625; 15.4296875
2026-07-02; 09:42:24; 2827; 2495; 44.51; 1007.6161328125; 15.3232421875
2026-07-02; 09:43:24; 2786; 2404; 44.36; 1007.6844140625; 15.3310546875
2026-07-02; 09:44:24; 2744; 2314; 44.37; 1007.61359375; 15.3427734375
2026-07-02; 09:45:24; 2715; 2257; 44.11; 1007.636796875; 15.5
2026-07-02; 09:46:24; 2689; 2186; 44.32; 1007.6135546875; 15.3291015625
2026-07-02; 09:47:24; 2636; 2077; 44.59; 1007.663515625; 15.017578125
2026-07-02; 09:48:24; 2589; 1972; 44.73; 1007.652734375; 14.85546875
2026-07-02; 09:49:24; 2528; 1845; 44.47; 1007.626796875; 15.001953125
2026-07-02; 09:50:24; 2540; 1866; 44.81; 1007.626328125; 14.822265625
2026-07-02; 09:51:24; 2440; 1648; 44.06; 1007.6812109375; 15.1669921875
2026-07-02; 09:52:24; 2298; 1357; 43.28; 1007.5921484375; 15.7568359375
2026-07-02; 09:53:24; 2305; 1371; 43.89; 1007.5867578125; 15.3505859375
2026-07-02; 09:54:24; 2318; 1399; 44.44; 1007.5505859375; 14.90625
2026-07-02; 09:55:24; 2305; 1371; 44.21; 1007.542890625; 15.171875
2026-07-02; 09:56:24; 2279; 1315; 43.75; 1007.60453125; 15.51171875
2026-07-02; 09:57:24; 2253; 1252; 43.96; 1007.61046875; 15.3173828125
2026-07-02; 09:58:24; 2207; 1152; 43.86; 1007.60515625; 15.2666015625
2026-07-02; 09:59:24; 2146; 1022; 43.15; 1007.604609375; 15.681640625
2026-07-02; 10:00:25; 2106; 933; 43.63; 1007.559609375; 15.4248046875
2026-07-02; 10:01:25; 2120; 966; 44.29; 1007.5953515625; 15.0791015625
2026-07-02; 10:02:25; 2146; 1022; 44.51; 1007.623984375; 14.8134765625
2026-07-02; 10:03:25; 2106; 933; 43.8; 1007.6836328125; 15.359375
2026-07-02; 10:04:25; 2132; 987; 44.31; 1007.5978515625; 14.9130859375
2026-07-02; 10:05:25; 2084; 890; 43.88; 1007.6287109375; 15.0302734375
2026-07-02; 10:06:25; 2076; 872; 44.06; 1007.565859375; 14.91796875
2026-07-02; 10:07:25; 2106; 933; 44.41; 1007.590078125; 14.7509765625
2026-07-02; 10:08:25; 2068; 857; 44.05; 1007.6078515625; 15.0478515625
2026-07-02; 10:09:25; 1972; 698; 43.57; 1007.5803515625; 15.3046875
2026-07-02; 10:10:25; 1972; 698; 43.73; 1007.6229296875; 15.2626953125
2026-07-02; 10:11:25; 1993; 734; 44.01; 1007.602734375; 15.0107421875
2026-07-02; 10:12:25; 1962; 683; 43.93; 1007.621015625; 15.0205078125
2026-07-02; 10:13:25; 2014; 771; 44.61; 1007.542734375; 14.5908203125
2026-07-02; 10:14:25; 1962; 683; 44.22; 1007.5795703125; 14.755859375
2026-07-02; 10:15:25; 1856; 524; 44.24; 1007.582109375; 14.4599609375
2026-07-02; 10:16:25; 1815; 469; 44.9; 1007.5580859375; 14.18359375
2026-07-02; 10:17:25; 1742; 382; 44.32; 1007.6213671875; 14.5224609375
2026-07-02; 10:18:25; 1691; 330; 44.37; 1007.548046875; 14.46484375
2026-07-02; 10:19:25; 1678; 318; 44.18; 1007.5453515625; 14.5888671875
2026-07-02; 10:20:25; 1582; 230; 44.06; 1007.5868359375; 14.4189453125
2026-07-02; 10:21:25; 1543; 201; 43.92; 1007.5473828125; 14.6875
2026-07-02; 10:22:25; 1516; 182; 44.01; 1007.566015625; 14.4765625
2026-07-02; 10:23:25; 1436; 157; 44.35; 1007.5455078125; 14.3212890625
2026-07-02; 10:24:25; 1356; 145; 44.18; 1007.4955078125; 14.2685546875
2026-07-02; 10:25:25; 1191; 120; 44.11; 1007.4716015625; 14.373046875
2026-07-02; 10:26:25; 956; 84; 43.63; 1007.538671875; 14.619140625
2026-07-02; 10:27:25; 697; 45; 43.53; 1007.4389453125; 14.544921875
2026-07-02; 10:28:25; 580; 27; 43.78; 1007.4134765625; 14.4580078125
2026-07-02; 10:29:25; 565; 25; 44.03; 1007.424453125; 14.525390625
2026-07-02; 10:30:25; 597; 30; 43.75; 1007.48140625; 14.669921875
2026-07-02; 10:31:25; 649; 37; 44.02; 1007.5319140625; 14.595703125
2026-07-02; 10:32:25; 678; 42; 43.95; 1007.5161328125; 14.6181640625
2026-07-02; 10:33:25; 697; 45; 43.95; 1007.487265625; 14.60546875
2026-07-02; 10:34:25; 740; 51; 44.27; 1007.4275390625; 14.306640625
2026-07-02; 10:35:25; 688; 43; 43.35; 1007.5008203125; 14.9658203125
2026-07-02; 10:36:25; 740; 51; 43.96; 1007.4662890625; 14.55859375
2026-07-02; 10:37:25; 740; 51; 44.19; 1007.453515625; 14.28125
2026-07-02; 10:38:25; 688; 43; 43.87; 1007.534375; 14.4970703125
2026-07-02; 10:39:25; 726; 49; 44.2; 1007.498359375; 14.3046875
2026-07-02; 10:40:25; 754; 53; 44.44; 1007.492890625; 14.205078125
2026-07-02; 10:41:25; 780; 57; 45.04; 1007.576328125; 13.759765625
2026-07-02; 10:42:25; 740; 51; 44.97; 1007.618515625; 13.853515625
2026-07-02; 10:43:26; 793; 59; 44.81; 1007.5396875; 13.8955078125
2026-07-02; 10:44:26; 836; 66; 44.85; 1007.602734375; 13.9091796875
2026-07-02; 10:45:26; 870; 71; 44.94; 1007.6208203125; 13.79296875
2026-07-02; 10:46:26; 897; 75; 45.07; 1007.5577734375; 13.7607421875
2026-07-02; 10:47:26; 870; 71; 44.02; 1007.5895703125; 14.4541015625
2026-07-02; 10:48:26; 933; 81; 44.14; 1007.4901171875; 14.4453125
2026-07-02; 10:49:26; 897; 75; 43.96; 1007.4662890625; 14.5224609375
2026-07-02; 10:50:26; 913; 78; 43.99; 1007.4845703125; 14.619140625
2026-07-02; 10:51:26; 987; 89; 44.4; 1007.4009765625; 14.3232421875
2026-07-02; 10:52:26; 956; 84; 44.34; 1007.501015625; 14.416015625
2026-07-02; 10:53:26; 913; 78; 44.08; 1007.445546875; 14.5615234375
2026-07-02; 10:54:26; 913; 78; 44.19; 1007.445703125; 14.470703125
2026-07-02; 10:55:26; 857; 69; 44.12; 1007.4873046875; 14.48046875
2026-07-02; 10:56:26; 907; 77; 44.31; 1007.4614453125; 14.35546875
2026-07-02; 10:57:26; 945; 83; 43.99; 1007.4845703125; 14.642578125
2026-07-02; 10:58:26; 945; 83; 43.71; 1007.4183203125; 14.90625
2026-07-02; 10:59:26; 987; 89; 44.08; 1007.474375; 14.5859375
2026-07-02; 11:00:26; 987; 89; 44.67; 1007.4928125; 14.1650390625
2026-07-02; 11:01:26; 1047; 98; 44.84; 1007.4426953125; 13.9326171875
2026-07-02; 11:02:26; 804; 61; 44.54; 1007.497890625; 14.1611328125
2026-07-02; 11:03:26; 671; 41; 44.38; 1007.456171875; 14.2158203125
2026-07-02; 11:04:26; 574; 26; 44.39; 1007.4141796875; 14.1796875
2026-07-02; 11:05:26; 567; 25; 44.65; 1007.5191796875; 13.974609375
2026-07-02; 11:06:26; 502; 15; 44.52; 1007.4587109375; 14.017578125
2026-07-02; 11:07:26; 417; 2; 44.67; 1007.4062109375; 13.9033203125
2026-07-02; 11:08:26; 400; 0; 44.74; 1007.4008203125; 13.810546875
2026-07-02; 11:09:26; 420; 3; 45.2; 1007.3866015625; 13.4677734375
2026-07-02; 11:10:26; 408; 1; 45.32; 1007.36515625; 13.470703125
2026-07-02; 11:11:26; 407; 1; 44.64; 1007.388046875; 13.87890625
2026-07-02; 11:12:26; 400; 0; 44.72; 1007.3773046875; 13.7744140625
2026-07-02; 11:13:26; 400; 0; 44.78; 1007.40609375; 13.751953125
2026-07-02; 11:14:26; 450; 7; 45.0; 1007.3978515625; 13.69921875
2026-07-02; 11:15:26; 472; 10; 45.48; 1007.4144140625; 13.3203125
2026-07-02; 11:16:26; 447; 7; 45.5; 1007.4168359375; 13.3095703125
2026-07-02; 11:17:26; 464; 9; 45.81; 1007.3837890625; 13.091796875
2026-07-02; 11:18:26; 450; 7; 45.34; 1007.3468359375; 13.400390625
2026-07-02; 11:19:26; 450; 7; 44.61; 1007.4354296875; 13.9609375
2026-07-02; 11:20:26; 454; 8; 45.08; 1007.3712890625; 13.677734375
2026-07-02; 11:21:26; 454; 8; 43.99; 1007.3613671875; 14.4638671875
2026-07-02; 11:22:26; 464; 9; 44.06; 1007.3850390625; 14.513671875
2026-07-02; 11:23:26; 476; 11; 44.61; 1007.3488671875; 14.0439453125
2026-07-02; 11:24:26; 492; 14; 45.14; 1007.3001171875; 13.5966796875
2026-07-02; 11:25:27; 450; 7; 45.36; 1007.291484375; 13.3291015625
2026-07-02; 11:26:27; 427; 4; 45.6; 1007.30609375; 13.1455078125
2026-07-02; 11:27:27; 400; 0; 45.41; 1007.3123046875; 13.2587890625
2026-07-02; 11:28:27; 424; 3; 45.8; 1007.2813671875; 13.0322265625
2026-07-02; 11:29:27; 418; 2; 44.89; 1007.3481640625; 13.6484375
2026-07-02; 11:30:27; 409; 1; 44.38; 1007.3329296875; 14.001953125
2026-07-02; 11:31:27; 418; 2; 44.42; 1007.4037890625; 14.02734375
2026-07-02; 11:32:27; 457; 8; 45.11; 1007.3975390625; 13.51171875
2026-07-02; 11:33:27; 448; 7; 44.54; 1007.324765625; 13.83984375
2026-07-02; 11:34:27; 457; 8; 44.99; 1007.35328125; 13.603515625
2026-07-02; 11:35:27; 477; 11; 45.34; 1007.404609375; 13.3642578125
2026-07-02; 11:36:27; 457; 8; 44.98; 1007.3454296875; 13.615234375
2026-07-02; 11:37:27; 400; 0; 44.15; 1007.3039453125; 14.1015625
2026-07-02; 11:38:27; 400; 0; 42.7; 1007.3350390625; 15.228515625
2026-07-02; 11:39:27; 427; 4; 43.97; 1007.38765625; 14.404296875
2026-07-02; 11:40:27; 464; 9; 44.33; 1007.3984375; 14.154296875
2026-07-02; 11:41:27; 493; 14; 44.98; 1007.366484375; 13.6630859375
2026-07-02; 11:42:27; 542; 21; 45.35; 1007.3625; 13.3759765625
2026-07-02; 11:43:27; 548; 22; 44.9; 1007.392734375; 13.6728515625
2026-07-02; 11:44:27; 537; 20; 44.71; 1007.38265625; 13.76171875
2026-07-02; 11:45:27; 542; 21; 45.19; 1007.3709375; 13.5625
2026-07-02; 11:46:27; 534; 20; 44.74; 1007.2066015625; 13.810546875
2026-07-02; 11:47:27; 615; 32; 45.66; 1007.3136328125; 13.1474609375
2026-07-02; 11:48:27; 682; 42; 46.24; 1007.2912109375; 12.853515625
2026-07-02; 11:49:27; 778; 57; 46.62; 1007.3801171875; 12.6015625
2026-07-02; 11:50:27; 889; 74; 46.91; 1007.3060546875; 12.3701171875
2026-07-02; 11:51:27; 889; 74; 47.11; 1007.3878515625; 12.1728515625
2026-07-02; 11:52:27; 742; 52; 47.12; 1007.345546875; 11.9931640625
2026-07-02; 11:53:27; 493; 14; 46.7; 1007.26609375; 12.2685546875
2026-07-02; 11:54:27; 548; 22; 46.84; 1007.2620703125; 12.8818359375
2026-07-02; 11:55:27; 1603; 248; 47.3; 1007.20671875; 14.74609375
2026-07-02; 11:56:27; 2708; 2241; 47.57; 1007.1870703125; 14.8623046875
2026-07-02; 11:57:27; 4629; 6335; 48.14; 1007.1942578125; 16.74609375
2026-07-02; 11:58:27; 6861; 11118; 48.31; 1007.1412109375; 16.751953125
2026-07-02; 11:59:27; 8861; 15387; 48.23; 1007.131875; 16.0556640625
2026-07-02; 12:00:27; 10900; 19786; 48.5; 1007.1404296875; 15.8251953125
2026-07-02; 12:01:27; 12222; 22556; 48.34; 1007.1805078125; 15.4970703125
2026-07-02; 12:02:27; 13280; 24809; 48.36; 1007.153671875; 14.4443359375
2026-07-02; 12:03:27; 13900; 26141; 48.6; 1007.1440234375; 13.900390625
2026-07-02; 12:04:27; 13900; 26141; 48.22; 1007.1162890625; 13.5537109375
2026-07-02; 12:05:27; 14212; 26767; 48.76; 1007.1330859375; 12.982421875
2026-07-02; 12:06:27; 13900; 26141; 46.98; 1007.1261328125; 13.912109375
2026-07-02; 12:07:27; 13900; 26141; 46.76; 1007.186484375; 14.0009765625
2026-07-02; 12:08:28; 13900; 26141; 47.3; 1007.0986328125; 13.5400390625
2026-07-02; 12:09:28; 13900; 26141; 47.72; 1007.10328125; 13.1806640625
2026-07-02; 12:10:28; 13578; 25489; 47.95; 1007.1076953125; 12.8642578125
2026-07-02; 12:11:28; 13578; 25489; 48.33; 1007.0487890625; 12.6357421875
2026-07-02; 12:12:28; 13578; 25489; 48.26; 1007.03390625; 12.62109375
2026-07-02; 12:13:28; 13280; 24809; 48.2; 1007.0348046875; 12.5
2026-07-02; 12:14:28; 13280; 24809; 48.61; 1007.0222265625; 12.3193359375
2026-07-02; 12:15:28; 13280; 24809; 48.06; 1007.0110546875; 12.5439453125
2026-07-02; 12:16:28; 13280; 24809; 48.1; 1007.01546875; 12.5810546875
2026-07-02; 12:17:28; 12734; 23651; 46.34; 1007.1299609375; 13.6904296875
2026-07-02; 12:18:28; 12472; 23104; 46.26; 1007.091328125; 13.8076171875
2026-07-02; 12:19:28; 12472; 23104; 46.71; 1007.050078125; 13.3671875
2026-07-02; 12:20:28; 12222; 22556; 47.52; 1007.02953125; 12.8525390625
2026-07-02; 12:21:28; 11982; 22032; 47.55; 1007.0183984375; 12.7578125
2026-07-02; 12:22:28; 12222; 22556; 48.1; 1006.9284375; 12.3896484375
2026-07-02; 12:23:28; 12222; 22556; 48.23; 1007.0448046875; 12.3447265625
2026-07-02; 12:24:28; 11982; 22032; 48.27; 1006.9333984375; 12.2265625
2026-07-02; 12:25:28; 11982; 22032; 48.3; 1006.9221484375; 12.21484375
2026-07-02; 12:26:28; 11753; 21553; 48.66; 1006.8019921875; 11.9609375
2026-07-02; 12:27:28; 11753; 21553; 48.43; 1006.827734375; 12.05078125
2026-07-02; 12:28:28; 11753; 21553; 48.35; 1006.768515625; 12.15625
2026-07-02; 12:29:28; 11302; 20637; 46.57; 1006.788359375; 13.232421875
2026-07-02; 12:30:28; 11302; 20637; 47.39; 1006.6887890625; 12.7294921875
2026-07-02; 12:31:28; 11086; 20172; 47.82; 1006.73765625; 12.4541015625
2026-07-02; 12:32:28; 10900; 19786; 47.87; 1006.75796875; 12.4072265625
2026-07-02; 12:33:28; 10713; 19330; 48.19; 1006.728984375; 12.15234375
2026-07-02; 12:34:28; 10713; 19330; 47.72; 1006.7475; 12.462890625
2026-07-02; 12:35:28; 10713; 19330; 48.26; 1006.6778125; 12.0703125
2026-07-02; 12:36:28; 10542; 18959; 48.31; 1006.61875; 12.0478515625
2026-07-02; 12:37:28; 10542; 18959; 47.91; 1006.580859375; 12.3369140625
2026-07-02; 12:38:28; 10542; 18959; 47.69; 1006.6; 12.462890625
2026-07-02; 12:39:28; 10362; 18581; 46.77; 1006.5149609375; 13.0107421875
2026-07-02; 12:40:28; 10362; 18581; 46.38; 1006.598125; 13.2744140625
2026-07-02; 12:41:28; 10182; 18177; 46.3; 1006.54625; 13.3681640625
2026-07-02; 12:42:28; 10182; 18177; 45.67; 1006.519921875; 13.7666015625
2026-07-02; 12:43:28; 10022; 17845; 45.52; 1006.473671875; 13.869140625
2026-07-02; 12:44:28; 10022; 17845; 45.04; 1006.52890625; 14.2236328125
2026-07-02; 12:45:28; 10022; 17845; 44.73; 1006.44046875; 14.4638671875
2026-07-02; 12:46:28; 9849; 17484; 44.73; 1006.44046875; 14.392578125
2026-07-02; 12:47:28; 9696; 17163; 45.04; 1006.4501171875; 14.2470703125
2026-07-02; 12:48:28; 9696; 17163; 45.14; 1006.5124609375; 14.119140625
2026-07-02; 12:49:28; 9538; 16824; 45.49; 1006.5053515625; 13.8203125
2026-07-02; 12:50:28; 9696; 17163; 45.63; 1006.49375; 13.7177734375
2026-07-02; 12:51:29; 9696; 17163; 45.7; 1006.516875; 13.6845703125
2026-07-02; 12:52:29; 9696; 17163; 46.04; 1006.4854296875; 13.4794921875
2026-07-02; 12:53:29; 9538; 16824; 45.95; 1006.4311328125; 13.453125
2026-07-02; 12:54:29; 9538; 16824; 45.89; 1006.4816015625; 13.4990234375
2026-07-02; 12:55:29; 9538; 16824; 45.66; 1006.338671875; 13.6708984375
2026-07-02; 12:56:29; 9401; 16541; 45.3; 1006.4460546875; 13.8984375
2026-07-02; 12:57:29; 9261; 16234; 45.15; 1006.3259375; 14.037109375
2026-07-02; 12:58:29; 9401; 16541; 45.09; 1006.347265625; 14.0703125
2026-07-02; 12:59:29; 9118; 15910; 44.86; 1006.2615625; 14.1826171875
2026-07-02; 13:00:29; 9118; 15910; 44.83; 1006.2644921875; 14.216796875
2026-07-02; 13:01:29; 8988; 15644; 44.64; 1006.29140625; 14.318359375
2026-07-02; 13:02:29; 9118; 15910; 44.72; 1006.3015625; 14.3330078125
2026-07-02; 13:03:29; 8988; 15644; 44.99; 1006.3216015625; 14.138671875
2026-07-02; 13:04:29; 8735; 15078; 44.51; 1006.28890625; 14.4326171875
2026-07-02; 13:05:29; 8735; 15078; 43.91; 1006.2999609375; 14.9013671875
2026-07-02; 13:06:29; 8610; 14835; 43.53; 1006.2578125; 15.1962890625
2026-07-02; 13:07:29; 8610; 14835; 43.25; 1006.2858203125; 15.388671875
2026-07-02; 13:08:29; 8489; 14589; 43.37; 1006.3228515625; 15.345703125
2026-07-02; 13:09:29; 8489; 14589; 43.54; 1006.2446484375; 15.1494140625
2026-07-02; 13:10:29; 8489; 14589; 44.54; 1006.22046875; 14.421875
2026-07-02; 13:11:29; 8264; 14096; 45.01; 1006.2662890625; 14.0087890625
2026-07-02; 13:12:29; 8137; 13876; 44.56; 1006.28125; 14.38671875
2026-07-02; 13:13:29; 7914; 13386; 44.38; 1006.1501953125; 14.453125
2026-07-02; 13:14:29; 8028; 13641; 43.53; 1006.1425390625; 15.1015625
2026-07-02; 13:15:29; 7914; 13386; 43.13; 1006.2121875; 15.419921875
2026-07-02; 13:16:29; 8137; 13876; 44.16; 1006.1871484375; 14.70703125
2026-07-02; 13:17:29; 8137; 13876; 44.92; 1006.145859375; 14.1962890625
2026-07-02; 13:18:29; 8137; 13876; 45.26; 1006.2465625; 13.8857421875
2026-07-02; 13:19:29; 8028; 13641; 45.28; 1006.241171875; 13.837890625
2026-07-02; 13:20:29; 8028; 13641; 45.43; 1006.2377734375; 13.7001953125
2026-07-02; 13:21:29; 7914; 13386; 45.62; 1006.2390625; 13.5869140625
2026-07-02; 13:22:29; 7818; 13191; 45.65; 1006.170703125; 13.52734375
2026-07-02; 13:23:29; 7625; 12732; 45.11; 1006.18453125; 13.857421875
2026-07-02; 13:24:29; 7452; 12360; 44.36; 1006.2132421875; 14.4404296875
2026-07-02; 13:25:29; 7625; 12732; 43.68; 1006.2552734375; 14.96484375
2026-07-02; 13:26:29; 7721; 12966; 43.31; 1006.286015625; 15.2724609375
2026-07-02; 13:27:29; 7721; 12966; 43.55; 1006.281328125; 15.1025390625
2026-07-02; 13:28:29; 7529; 12528; 43.32; 1006.2441015625; 15.2724609375
2026-07-02; 13:29:29; 7529; 12528; 43.84; 1006.2973828125; 14.86328125
2026-07-02; 13:30:29; 7452; 12360; 43.45; 1006.2394140625; 15.2177734375
2026-07-02; 13:31:29; 7269; 11972; 43.02; 1006.154140625; 15.4755859375
2026-07-02; 13:32:29; 7269; 11972; 42.87; 1006.1926171875; 15.6015625
2026-07-02; 13:33:29; 7367; 12190; 42.67; 1006.186484375; 15.794921875
2026-07-02; 13:34:30; 7367; 12190; 42.52; 1006.1305859375; 15.861328125
2026-07-02; 13:35:30; 7269; 11972; 42.4; 1006.15078125; 15.927734375
2026-07-02; 13:36:30; 7104; 11602; 42.25; 1006.0662890625; 16.076171875
2026-07-02; 13:37:30; 7022; 11446; 42.08; 1006.0075; 16.236328125
2026-07-02; 13:38:30; 7104; 11602; 42.05; 1006.0671875; 16.22265625
2026-07-02; 13:39:30; 7185; 11792; 41.9; 1006.0608984375; 16.40625
2026-07-02; 13:40:30; 7185; 11792; 41.88; 1006.0294921875; 16.3701171875
2026-07-02; 13:41:30; 7269; 11972; 41.82; 1006.028984375; 16.498046875
2026-07-02; 13:42:30; 7104; 11602; 41.83; 1006.0368359375; 16.451171875
2026-07-02; 13:43:30; 7185; 11792; 41.69; 1006.0902734375; 16.576171875
2026-07-02; 13:44:30; 7104; 11602; 41.65; 1006.04796875; 16.6103515625
2026-07-02; 13:45:30; 7022; 11446; 41.57; 1006.1021484375; 16.654296875
2026-07-02; 13:46:30; 7104; 11602; 41.47; 1006.0021484375; 16.7802734375
2026-07-02; 13:47:30; 6949; 11288; 41.42; 1006.0380859375; 16.8251953125
2026-07-02; 13:48:30; 7022; 11446; 41.48; 1006.0178515625; 16.78125
2026-07-02; 13:49:30; 7022; 11446; 41.4; 1006.035390625; 16.8603515625
2026-07-02; 13:50:30; 7104; 11602; 41.38; 1006.040234375; 16.9072265625
2026-07-02; 13:51:30; 7104; 11602; 41.37; 1006.02453125; 16.87109375
2026-07-02; 13:52:30; 7104; 11602; 41.4; 1005.8996875; 16.8486328125
2026-07-02; 13:53:30; 7022; 11446; 41.5; 1005.9709765625; 16.734375
2026-07-02; 13:54:30; 6949; 11288; 41.52; 1005.937109375; 16.7109375
2026-07-02; 13:55:30; 7022; 11446; 41.48; 1005.9604296875; 16.78125
2026-07-02; 13:56:30; 6949; 11288; 41.44; 1005.9259765625; 16.826171875
2026-07-02; 13:57:30; 6861; 11118; 41.4; 1005.9492578125; 16.9072265625
2026-07-02; 13:58:30; 6788; 10963; 41.37; 1005.95921875; 17.0
2026-07-02; 13:59:30; 6711; 10775; 41.45; 1006.0565234375; 16.8154296875
2026-07-02; 14:00:30; 6496; 10325; 41.34; 1005.919921875; 16.9638671875
2026-07-02; 14:01:30; 6496; 10325; 41.3; 1005.9634375; 16.986328125
2026-07-02; 14:02:30; 6366; 10042; 41.31; 1005.979140625; 16.962890625
2026-07-02; 14:03:30; 6235; 9769; 41.21; 1006.0304296875; 17.0771484375
2026-07-02; 14:04:30; 6301; 9913; 41.13; 1005.9696484375; 17.109375
2026-07-02; 14:05:30; 6301; 9913; 41.13; 1005.998359375; 17.14453125
2026-07-02; 14:06:30; 6110; 9496; 41.04; 1005.90578125; 17.2353515625
2026-07-02; 14:07:30; 6110; 9496; 40.99; 1005.9863671875; 17.2109375
2026-07-02; 14:08:30; 6110; 9496; 41.02; 1005.9604296875; 17.19921875
2026-07-02; 14:09:30; 5990; 9234; 40.92; 1005.9333984375; 17.3017578125
2026-07-02; 14:10:30; 6051; 9370; 40.91; 1005.9098046875; 17.3017578125
2026-07-02; 14:11:30; 6051; 9370; 40.83; 1005.87703125; 17.345703125
2026-07-02; 14:12:30; 6235; 9769; 40.86; 1005.9244921875; 17.34765625
2026-07-02; 14:13:30; 6428; 10162; 40.81; 1005.86640625; 17.3681640625
2026-07-02; 14:14:30; 6496; 10325; 40.86; 1005.88796875; 17.2529296875
2026-07-02; 14:15:30; 6428; 10162; 40.8; 1005.8585546875; 17.2744140625
2026-07-02; 14:16:30; 6301; 9913; 40.69; 1005.85703125; 17.4111328125
2026-07-02; 14:17:31; 6301; 9913; 40.76; 1005.8526953125; 17.2841796875
2026-07-02; 14:18:31; 6175; 9616; 40.73; 1005.8420703125; 17.306640625
2026-07-02; 14:19:31; 6051; 9370; 40.71; 1005.839296875; 17.376953125
2026-07-02; 14:20:31; 5990; 9234; 40.78; 1005.81921875; 17.28515625
2026-07-02; 14:21:31; 5927; 9098; 40.79; 1005.80625; 17.25
2026-07-02; 14:22:31; 5825; 8886; 40.74; 1005.7638671875; 17.271484375
2026-07-02; 14:23:31; 5705; 8659; 40.79; 1005.8636328125; 17.21484375
2026-07-02; 14:24:31; 5754; 8767; 40.74; 1005.91515625; 17.2724609375
2026-07-02; 14:25:31; 5650; 8536; 40.72; 1005.7898046875; 17.271484375
2026-07-02; 14:26:31; 5650; 8536; 40.71; 1005.86796875; 17.283203125
2026-07-02; 14:27:31; 5596; 8397; 40.57; 1005.9912890625; 17.41796875
2026-07-02; 14:28:31; 5650; 8536; 40.57; 1005.9339453125; 17.4296875
2026-07-02; 14:29:31; 5650; 8536; 40.51; 1005.8392578125; 17.4873046875
2026-07-02; 14:30:31; 5705; 8659; 40.42; 1005.8114453125; 17.5419921875
2026-07-02; 14:31:31; 5596; 8397; 40.36; 1005.860390625; 17.6337890625
2026-07-02; 14:32:31; 5543; 8304; 40.37; 1005.761484375; 17.623046875
2026-07-02; 14:33:31; 5497; 8213; 40.37; 1005.6833203125; 17.611328125
2026-07-02; 14:34:31; 5449; 8111; 40.32; 1005.8050390625; 17.609375
2026-07-02; 14:35:31; 5497; 8213; 40.27; 1005.697421875; 17.666015625
2026-07-02; 14:36:31; 5351; 7872; 40.27; 1005.7260546875; 17.666015625
2026-07-02; 14:37:31; 5315; 7784; 40.21; 1005.6600390625; 17.7578125
2026-07-02; 14:38:31; 5270; 7697; 40.25; 1005.715390625; 17.7001953125
2026-07-02; 14:39:31; 5225; 7609; 40.21; 1005.7173046875; 17.6044921875
2026-07-02; 14:40:31; 5180; 7508; 40.26; 1005.7024609375; 17.5712890625
2026-07-02; 14:41:31; 5090; 7306; 40.23; 1005.6839453125; 17.546875
2026-07-02; 14:42:31; 5090; 7306; 40.17; 1005.7482421875; 17.615234375
2026-07-02; 14:43:31; 5010; 7141; 40.13; 1005.685; 17.6728515625
2026-07-02; 14:44:31; 5010; 7141; 40.07; 1005.69703125; 17.705078125
2026-07-02; 14:45:31; 5054; 7244; 40.03; 1005.662734375; 17.7392578125
2026-07-02; 14:46:31; 5090; 7306; 40.07; 1005.704921875; 17.705078125
2026-07-02; 14:47:31; 5090; 7306; 40.06; 1005.6605078125; 17.669921875
2026-07-02; 14:48:31; 5010; 7141; 40.06; 1005.65265625; 17.6455078125
2026-07-02; 14:49:31; 5010; 7141; 40.02; 1005.711875; 17.71484375
2026-07-02; 14:50:31; 5054; 7244; 39.94; 1005.613984375; 17.8056640625
2026-07-02; 14:51:31; 5225; 7609; 39.95; 1005.60140625; 17.794921875
2026-07-02; 14:52:31; 5180; 7508; 39.96; 1005.5884765625; 17.783203125
2026-07-02; 14:53:31; 5225; 7609; 39.93; 1005.6061328125; 17.7587890625
2026-07-02; 14:54:31; 5270; 7697; 39.92; 1005.611171875; 17.8046875
2026-07-02; 14:55:31; 5449; 8111; 39.96; 1005.6171484375; 17.724609375
2026-07-02; 14:56:31; 5402; 7971; 39.88; 1005.55609375; 17.8623046875
2026-07-02; 14:57:31; 5497; 8213; 39.86; 1005.5451171875; 17.861328125
2026-07-02; 14:58:31; 5543; 8304; 39.86; 1005.610234375; 17.8623046875
2026-07-02; 14:59:31; 5543; 8304; 39.85; 1005.5580078125; 17.861328125
2026-07-02; 15:00:32; 5497; 8213; 39.82; 1005.4613671875; 17.8837890625
2026-07-02; 15:01:32; 5497; 8213; 39.86; 1005.516484375; 17.826171875
2026-07-02; 15:02:32; 5497; 8213; 39.89; 1005.563984375; 17.8046875
2026-07-02; 15:03:32; 5497; 8213; 39.88; 1005.4909765625; 17.8388671875
2026-07-02; 15:04:32; 5543; 8304; 39.89; 1005.4859375; 17.828125
2026-07-02; 15:05:32; 5497; 8213; 39.89; 1005.392109375; 17.8046875
2026-07-02; 15:06:32; 5497; 8213; 39.83; 1005.3546875; 17.8369140625
2026-07-02; 15:07:32; 5596; 8397; 39.86; 1005.4019140625; 17.791015625
2026-07-02; 15:08:32; 5449; 8111; 39.91; 1005.42359375; 17.72265625
2026-07-02; 15:09:32; 5449; 8111; 39.85; 1005.3080859375; 17.791015625
2026-07-02; 15:10:32; 5497; 8213; 39.85; 1005.2508203125; 17.826171875
2026-07-02; 15:11:32; 5497; 8213; 39.86; 1005.344609375; 17.814453125
2026-07-02; 15:12:32; 5497; 8213; 39.84; 1005.321015625; 17.814453125
2026-07-02; 15:13:32; 5497; 8213; 39.82; 1005.3103125; 17.8603515625
2026-07-02; 15:14:32; 5402; 7971; 39.76; 1005.309375; 17.8818359375
2026-07-02; 15:15:32; 5402; 7971; 39.7; 1005.3578515625; 17.9609375
2026-07-02; 15:16:32; 5497; 8213; 39.73; 1005.3971875; 17.9150390625
2026-07-02; 15:17:32; 5543; 8304; 39.72; 1005.295546875; 17.9501953125
2026-07-02; 15:18:32; 5650; 8536; 39.7; 1005.3578515625; 17.94921875
2026-07-02; 15:19:32; 5705; 8659; 39.7; 1005.23546875; 17.984375
2026-07-02; 15:20:32; 5650; 8536; 39.71; 1005.2876953125; 17.9375
2026-07-02; 15:21:32; 5650; 8536; 39.79; 1005.299296875; 17.90625
2026-07-02; 15:22:32; 5650; 8536; 39.83; 1005.297421875; 17.9189453125
2026-07-02; 15:23:32; 5596; 8397; 39.84; 1005.313125; 17.8251953125
2026-07-02; 15:24:32; 5543; 8304; 39.84; 1005.255859375; 17.8486328125
2026-07-02; 15:25:32; 5543; 8304; 39.86; 1005.2300390625; 17.802734375
2026-07-02; 15:26:32; 5497; 8213; 39.86; 1005.2300390625; 17.802734375
2026-07-02; 15:27:32; 5449; 8111; 39.81; 1005.2165234375; 17.84765625
2026-07-02; 15:28:32; 5402; 7971; 39.81; 1005.2373046875; 17.89453125
2026-07-02; 15:29:32; 5351; 7872; 39.79; 1005.1769140625; 17.91796875
2026-07-02; 15:30:32; 5351; 7872; 39.82; 1005.0890625; 17.8837890625
2026-07-02; 15:31:32; 5270; 7697; 39.82; 1005.0604296875; 17.8955078125
2026-07-02; 15:32:32; 5225; 7609; 39.8; 1005.049453125; 17.87109375
2026-07-02; 15:33:32; 5270; 7697; 39.83; 1005.0969140625; 17.8720703125
2026-07-02; 15:34:32; 5225; 7609; 39.86; 1005.0660546875; 17.8740234375
2026-07-02; 15:35:32; 5270; 7697; 39.86; 1005.1233203125; 17.8623046875
2026-07-02; 15:36:32; 5225; 7609; 39.88; 1005.0978125; 17.8271484375
2026-07-02; 15:37:32; 5402; 7971; 39.87; 1005.0452734375; 17.8505859375
2026-07-02; 15:38:32; 5449; 8111; 39.82; 1005.0604296875; 17.8720703125
2026-07-02; 15:39:32; 5351; 7872; 39.89; 1005.0770703125; 17.91015625
2026-07-02; 15:40:32; 5449; 8111; 39.86; 1005.0660546875; 17.8857421875
2026-07-02; 15:41:32; 5402; 7971; 39.91; 1005.0512109375; 17.828125
2026-07-02; 15:42:33; 5449; 8111; 40.0; 1005.04984375; 17.8203125
2026-07-02; 15:43:33; 5543; 8304; 40.06; 1004.993671875; 17.728515625
2026-07-02; 15:44:33; 5596; 8397; 40.08; 1004.9391796875; 17.6943359375
2026-07-02; 15:45:33; 5596; 8397; 40.12; 1004.9816015625; 17.6953125
2026-07-02; 15:46:33; 5543; 8304; 40.09; 1004.8771484375; 17.7646484375
2026-07-02; 15:47:33; 5650; 8536; 40.15; 1004.9430859375; 17.697265625
2026-07-02; 15:48:33; 5650; 8536; 40.14; 1004.9557421875; 17.7548828125
2026-07-02; 15:49:33; 5705; 8659; 40.21; 1004.8576171875; 17.6640625
2026-07-02; 15:50:33; 5650; 8536; 40.23; 1004.795546875; 17.69921875
2026-07-02; 15:51:33; 5650; 8536; 40.25; 1004.8921484375; 17.6298828125
2026-07-02; 15:52:33; 5543; 8304; 40.25; 1004.92078125; 17.6533203125
2026-07-02; 15:53:33; 5543; 8304; 40.27; 1004.8870703125; 17.666015625
2026-07-02; 15:54:33; 5543; 8304; 40.25; 1004.9129296875; 17.6767578125
2026-07-02; 15:55:33; 5596; 8397; 40.28; 1004.9027734375; 17.595703125
2026-07-02; 15:56:33; 5596; 8397; 40.2; 1004.9565625; 17.7216796875
2026-07-02; 15:57:33; 5543; 8304; 40.16; 1004.93015625; 17.767578125
2026-07-02; 15:58:33; 5497; 8213; 40.13; 1004.9400390625; 17.8017578125
2026-07-02; 15:59:33; 5543; 8304; 40.18; 1004.9616015625; 17.7685546875
2026-07-02; 16:00:33; 5497; 8213; 40.18; 1004.904296875; 17.7919921875
2026-07-02; 16:01:33; 5449; 8111; 40.15; 1005.0004296875; 17.814453125
2026-07-02; 16:02:33; 5497; 8213; 40.15; 1004.9717578125; 17.849609375
2026-07-02; 16:03:33; 5449; 8111; 40.17; 1004.8520703125; 17.8154296875
2026-07-02; 16:04:33; 5449; 8111; 40.23; 1004.9466796875; 17.7353515625
2026-07-02; 16:05:33; 5449; 8111; 40.27; 1004.8870703125; 17.712890625
2026-07-02; 16:06:33; 5402; 7971; 40.28; 1004.8741015625; 17.712890625
2026-07-02; 16:07:33; 5402; 7971; 40.16; 1004.7869140625; 17.779296875
2026-07-02; 16:08:33; 5402; 7971; 40.12; 1004.83046875; 17.8720703125
2026-07-02; 16:09:33; 5449; 8111; 40.06; 1004.8869921875; 18.0224609375
2026-07-02; 16:10:33; 5402; 7971; 40.06; 1004.7437109375; 17.9521484375
2026-07-02; 16:11:33; 5402; 7971; 40.11; 1004.736640625; 17.8828125
2026-07-02; 16:12:33; 5315; 7784; 40.12; 1004.83046875; 17.8955078125
2026-07-02; 16:13:33; 5315; 7784; 40.1; 1004.7782421875; 17.91796875
2026-07-02; 16:14:33; 5270; 7697; 40.07; 1004.6734765625; 17.9169921875
2026-07-02; 16:15:33; 5315; 7784; 40.07; 1004.6369921875; 17.9755859375
2026-07-02; 16:16:33; 5315; 7784; 40.07; 1004.6448046875; 17.9287109375
2026-07-02; 16:17:33; 5315; 7784; 40.04; 1004.6836328125; 18.033203125
2026-07-02; 16:18:33; 5270; 7697; 40.06; 1004.715078125; 18.0576171875
2026-07-02; 16:19:33; 5225; 7609; 39.99; 1004.6825; 18.1015625
2026-07-02; 16:20:33; 5315; 7784; 40.0; 1004.7841796875; 18.06640625
2026-07-02; 16:21:33; 5315; 7784; 40.0; 1004.6695703125; 18.04296875
2026-07-02; 16:22:33; 5315; 7784; 39.98; 1004.6459765625; 18.08984375
2026-07-02; 16:23:33; 5315; 7784; 39.98; 1004.560078125; 18.08984375
2026-07-02; 16:24:33; 5315; 7784; 39.97; 1004.687578125; 18.1240234375
2026-07-02; 16:25:34; 5402; 7971; 39.94; 1004.611484375; 18.134765625
2026-07-02; 16:26:34; 5449; 8111; 39.88; 1004.6395703125; 18.19140625
2026-07-02; 16:27:34; 5449; 8111; 39.87; 1004.6156640625; 18.28515625
2026-07-02; 16:28:34; 5402; 7971; 39.86; 1004.6572265625; 18.2255859375
2026-07-02; 16:29:34; 5402; 7971; 39.92; 1004.6373046875; 18.1572265625
2026-07-02; 16:30:34; 5543; 8304; 39.9; 1004.6137109375; 18.1806640625
2026-07-02; 16:31:34; 5497; 8213; 39.95; 1004.5988671875; 18.2060546875
2026-07-02; 16:32:34; 5497; 8213; 39.89; 1004.626640625; 18.2861328125
2026-07-02; 16:33:34; 5497; 8213; 39.9; 1004.6137109375; 18.2392578125
2026-07-02; 16:34:34; 5543; 8304; 39.94; 1004.6973828125; 18.263671875
2026-07-02; 16:35:34; 5497; 8213; 39.96; 1004.663984375; 18.1826171875
2026-07-02; 16:36:34; 5497; 8213; 39.98; 1004.70328125; 18.18359375
2026-07-02; 16:37:34; 5543; 8304; 39.98; 1004.6459765625; 18.21875
2026-07-02; 16:38:34; 5497; 8213; 39.99; 1004.6044140625; 18.21875
2026-07-02; 16:39:34; 5449; 8111; 40.01; 1004.66453125; 18.2314453125
2026-07-02; 16:40:34; 5351; 7872; 40.03; 1004.63140625; 18.162109375
2026-07-02; 16:41:34; 5351; 7872; 40.0; 1004.6409375; 18.2431640625
2026-07-02; 16:42:34; 5402; 7971; 40.05; 1004.6133984375; 18.1865234375
2026-07-02; 16:43:34; 5449; 8111; 39.99; 1004.625234375; 18.20703125
2026-07-02; 16:44:34; 5402; 7971; 40.06; 1004.5926171875; 18.1513671875
2026-07-02; 16:45:34; 5351; 7872; 40.11; 1004.62203125; 18.0595703125
2026-07-02; 16:46:34; 5270; 7697; 40.14; 1004.575390625; 18.107421875
2026-07-02; 16:47:34; 5225; 7609; 40.16; 1004.6644140625; 18.0966796875
2026-07-02; 16:48:34; 5180; 7508; 40.17; 1004.68796875; 18.0498046875
2026-07-02; 16:49:34; 5225; 7609; 40.22; 1004.6076171875; 18.0986328125
2026-07-02; 16:50:34; 5270; 7697; 40.25; 1004.597734375; 18.052734375
2026-07-02; 16:51:34; 5270; 7697; 40.24; 1004.6680078125; 18.029296875
2026-07-02; 16:52:34; 5225; 7609; 40.27; 1004.6864453125; 18.0419921875
2026-07-02; 16:53:34; 5270; 7697; 40.27; 1004.6578125; 18.0771484375
2026-07-02; 16:54:34; 5225; 7609; 40.21; 1004.7143359375; 18.0869140625
2026-07-02; 16:55:34; 5180; 7508; 40.22; 1004.7303515625; 18.0166015625
2026-07-02; 16:56:34; 5225; 7609; 40.18; 1004.72453125; 18.1083984375
2026-07-02; 16:57:34; 5225; 7609; 40.16; 1004.6644140625; 18.1083984375
2026-07-02; 16:58:34; 5225; 7609; 40.18; 1004.72453125; 18.1328125
2026-07-02; 16:59:34; 5180; 7508; 40.2; 1004.7273046875; 18.0859375
2026-07-02; 17:00:34; 5180; 7508; 40.2; 1004.6778125; 18.1572265625
2026-07-02; 17:01:34; 5180; 7508; 40.23; 1004.62359375; 18.1337890625
2026-07-02; 17:02:34; 5225; 7609; 40.28; 1004.7021875; 18.0537109375
2026-07-02; 17:03:34; 5134; 7391; 40.28; 1004.7387109375; 17.99609375
2026-07-02; 17:04:34; 5134; 7391; 40.3; 1004.6765625; 18.0078125
2026-07-02; 17:05:34; 5180; 7508; 40.3; 1004.6192578125; 17.984375
2026-07-02; 17:06:34; 5134; 7391; 40.32; 1004.6585546875; 17.9970703125
2026-07-02; 17:07:34; 5225; 7609; 40.28; 1004.730859375; 18.0419921875
2026-07-02; 17:08:35; 5270; 7697; 40.27; 1004.6656640625; 18.1005859375
2026-07-02; 17:09:35; 5225; 7609; 40.26; 1004.6994140625; 18.0771484375
2026-07-02; 17:10:35; 5180; 7508; 40.23; 1004.7095703125; 18.0751953125
2026-07-02; 17:11:35; 5134; 7391; 40.31; 1004.6636328125; 18.0439453125
2026-07-02; 17:12:35; 5054; 7244; 40.34; 1004.6612890625; 18.009765625
2026-07-02; 17:13:35; 5134; 7391; 40.39; 1004.596875; 17.96484375
2026-07-02; 17:14:35; 5134; 7391; 40.38; 1004.659296875; 17.9990234375
2026-07-02; 17:15:35; 5134; 7391; 40.4; 1004.6047265625; 17.96484375
2026-07-02; 17:16:35; 5134; 7391; 40.41; 1004.6491015625; 17.98828125
2026-07-02; 17:17:35; 5134; 7391; 40.43; 1004.688671875; 18.0009765625
2026-07-02; 17:18:35; 5134; 7391; 40.44; 1004.553203125; 17.9423828125
2026-07-02; 17:19:35; 5180; 7508; 40.48; 1004.551171875; 17.8974609375
2026-07-02; 17:20:35; 5225; 7609; 40.45; 1004.5767578125; 17.919921875
2026-07-02; 17:21:35; 5180; 7508; 40.49; 1004.5668359375; 17.9091796875
2026-07-02; 17:22:35; 5225; 7609; 40.41; 1004.6204296875; 17.96484375
2026-07-02; 17:23:35; 5315; 7784; 40.4; 1004.727265625; 18.0361328125
2026-07-02; 17:24:35; 5351; 7872; 40.36; 1004.635703125; 18.0693359375
2026-07-02; 17:25:35; 5315; 7784; 40.37; 1004.758203125; 18.0810546875
2026-07-02; 17:26:35; 5315; 7784; 40.34; 1004.6612890625; 18.115234375
2026-07-02; 17:27:35; 5315; 7784; 40.38; 1004.7166015625; 18.0576171875
2026-07-02; 17:28:35; 5315; 7784; 40.33; 1004.7029296875; 18.103515625
2026-07-02; 17:29:35; 5315; 7784; 40.35; 1004.75515625; 18.1982421875
2026-07-02; 17:30:35; 5225; 7609; 40.37; 1004.7947265625; 18.0107421875
2026-07-02; 17:31:35; 5225; 7609; 40.41; 1004.735078125; 17.9765625
2026-07-02; 17:32:35; 5270; 7697; 40.39; 1004.7115234375; 18.03515625
2026-07-02; 17:33:35; 5225; 7609; 40.32; 1004.7158984375; 18.138671875
2026-07-02; 17:34:35; 5225; 7609; 40.34; 1004.7186328125; 18.103515625
2026-07-02; 17:35:35; 5225; 7609; 40.35; 1004.75515625; 18.056640625
2026-07-02; 17:36:35; 5180; 7508; 40.34; 1004.7759375; 18.126953125
2026-07-02; 17:37:35; 5090; 7306; 40.35; 1004.726484375; 18.1279296875
2026-07-02; 17:38:35; 5134; 7391; 40.34; 1004.7680859375; 18.126953125
2026-07-02; 17:39:35; 5134; 7391; 40.29; 1004.68921875; 18.1484375
2026-07-02; 17:40:35; 5054; 7244; 40.31; 1004.77828125; 18.1259765625
2026-07-02; 17:41:35; 5010; 7141; 40.27; 1004.751640625; 18.1943359375
2026-07-02; 17:42:35; 5054; 7244; 40.22; 1004.7876953125; 18.263671875
2026-07-02; 17:43:35; 5054; 7244; 40.11; 1004.7287890625; 18.3291015625
2026-07-02; 17:44:35; 5054; 7244; 40.12; 1004.7444921875; 18.306640625
2026-07-02; 17:45:35; 5054; 7244; 40.08; 1004.7386328125; 18.38671875
2026-07-02; 17:46:35; 5090; 7306; 40.05; 1004.7774609375; 18.3623046875
2026-07-02; 17:47:35; 5090; 7306; 40.07; 1004.845390625; 18.3515625
2026-07-02; 17:48:35; 5010; 7141; 40.1; 1004.86421875; 18.3408203125
2026-07-02; 17:49:35; 5010; 7141; 40.08; 1004.8327734375; 18.375
2026-07-02; 17:50:35; 5010; 7141; 40.09; 1004.7625390625; 18.3408203125
2026-07-02; 17:51:36; 5010; 7141; 40.04; 1004.9049609375; 18.4560546875
2026-07-02; 17:52:36; 5010; 7141; 40.03; 1004.7825; 18.4443359375
2026-07-02; 17:53:36; 5010; 7141; 40.01; 1004.8650390625; 18.455078125
2026-07-02; 17:54:36; 4971; 7048; 39.98; 1004.846484375; 18.4658203125
2026-07-02; 17:55:36; 4971; 7048; 39.96; 1004.95828125; 18.5
2026-07-02; 17:56:36; 5010; 7141; 39.96; 1004.95828125; 18.453125
2026-07-02; 17:57:36; 5010; 7141; 39.99; 1005.034140625; 18.5244140625
2026-07-02; 17:58:36; 4971; 7048; 39.93; 1005.004609375; 18.5458984375
2026-07-02; 17:59:36; 4971; 7048; 39.88; 1005.040546875; 18.5673828125
2026-07-02; 18:00:36; 4891; 6879; 39.82; 1004.966640625; 18.634765625
2026-07-02; 18:01:36; 4924; 6960; 39.82; 1004.9953125; 18.623046875
2026-07-02; 18:02:36; 4891; 6879; 39.83; 1004.95375; 18.6357421875
2026-07-02; 18:03:36; 4891; 6879; 39.77; 1005.002265625; 18.7158203125
2026-07-02; 18:04:36; 4848; 6800; 39.79; 1005.06234375; 18.7041015625
2026-07-02; 18:05:36; 4848; 6800; 39.75; 1005.1426171875; 18.6787109375
2026-07-02; 18:06:36; 4810; 6710; 39.71; 1005.0794140625; 18.7119140625
2026-07-02; 18:07:36; 4769; 6630; 39.63; 1005.0834765625; 18.8271484375
2026-07-02; 18:08:36; 4769; 6630; 39.6; 1005.064921875; 18.873046875
2026-07-02; 18:09:36; 4737; 6566; 39.49; 1005.06265625; 18.9501953125
2026-07-02; 18:10:36; 4737; 6566; 39.44; 1005.0616796875; 19.0185546875
2026-07-02; 18:11:36; 4737; 6566; 39.37; 1005.1022265625; 19.0625
2026-07-02; 18:12:36; 4737; 6566; 39.32; 1005.1662890625; 19.095703125
2026-07-02; 18:13:36; 4700; 6489; 39.3; 1005.1062109375; 19.1533203125
2026-07-02; 18:14:36; 4660; 6402; 39.28; 1005.13984375; 19.10546875
2026-07-02; 18:15:36; 4700; 6489; 39.26; 1005.136953125; 19.1171875
2026-07-02; 18:16:36; 4660; 6402; 39.19; 1005.189921875; 19.2431640625
2026-07-02; 18:17:36; 4660; 6402; 39.15; 1005.10625; 19.2646484375
2026-07-02; 18:18:36; 4737; 6566; 39.18; 1005.1248828125; 19.27734375
2026-07-02; 18:19:36; 4660; 6402; 39.15; 1005.1841796875; 19.2880859375
2026-07-02; 18:20:36; 4660; 6402; 39.12; 1005.2382421875; 19.310546875
2026-07-02; 18:21:36; 4660; 6402; 39.1; 1005.2271484375; 19.3671875
2026-07-02; 18:22:36; 4660; 6402; 39.08; 1005.281484375; 19.34375
2026-07-02; 18:23:36; 4660; 6402; 39.05; 1005.2707421875; 19.3662109375
2026-07-02; 18:24:36; 4660; 6402; 39.12; 1005.2382421875; 19.310546875
2026-07-02; 18:25:36; 4660; 6402; 39.16; 1005.2078125; 19.30078125
2026-07-02; 18:26:36; 4629; 6335; 39.12; 1005.2017578125; 19.322265625
2026-07-02; 18:27:36; 4629; 6335; 39.08; 1005.2528515625; 19.35546875
2026-07-02; 18:28:36; 4593; 6259; 39.09; 1005.1828125; 19.3798828125
2026-07-02; 18:29:36; 4629; 6335; 39.02; 1005.223203125; 19.470703125
2026-07-02; 18:30:36; 4629; 6335; 39.0; 1005.1344921875; 19.4345703125
2026-07-02; 18:31:36; 4593; 6259; 39.01; 1005.2360546875; 19.4462890625
2026-07-02; 18:32:36; 4593; 6259; 38.99; 1005.20453125; 19.4453125
2026-07-02; 18:33:36; 4593; 6259; 38.95; 1005.2842578125; 19.537109375
2026-07-02; 18:34:37; 4558; 6174; 38.93; 1005.3592578125; 19.5595703125
2026-07-02; 18:35:37; 4558; 6174; 38.87; 1005.321640625; 19.603515625
2026-07-02; 18:36:37; 4558; 6174; 38.83; 1005.3312890625; 19.697265625
2026-07-02; 18:37:37; 4519; 6088; 38.77; 1005.3508203125; 19.693359375
2026-07-02; 18:38:37; 4558; 6174; 38.75; 1005.5116015625; 19.7626953125
2026-07-02; 18:39:37; 4519; 6088; 38.72; 1005.578671875; 19.75
2026-07-02; 18:40:37; 4519; 6088; 38.69; 1005.624453125; 19.8779296875
2026-07-02; 18:41:37; 4519; 6088; 38.57; 1005.6633984375; 19.9658203125
2026-07-02; 18:42:37; 4494; 6040; 38.55; 1005.7255078125; 19.9892578125
2026-07-02; 18:43:37; 4494; 6040; 38.56; 1005.6762109375; 19.9541015625
2026-07-02; 18:44:37; 4519; 6088; 38.55; 1005.7255078125; 20.0126953125
2026-07-02; 18:45:37; 4519; 6088; 38.58; 1005.7444921875; 19.955078125
2026-07-02; 18:46:37; 4494; 6040; 38.61; 1005.7267578125; 19.9560546875
2026-07-02; 18:47:37; 4494; 6040; 38.58; 1005.7158984375; 20.037109375
2026-07-02; 18:48:37; 4494; 6040; 38.58; 1005.7730859375; 20.013671875
2026-07-02; 18:49:37; 4494; 6040; 38.61; 1005.776015625; 19.9794921875
2026-07-02; 18:50:37; 4459; 5958; 38.57; 1005.8348828125; 20.0712890625
2026-07-02; 18:51:37; 4459; 5958; 38.57; 1005.8348828125; 20.0947265625
2026-07-02; 18:52:37; 4494; 6040; 38.57; 1005.8348828125; 20.1298828125
2026-07-02; 18:53:37; 4494; 6040; 38.52; 1005.9068359375; 20.1748046875
2026-07-02; 18:54:37; 4459; 5958; 38.48; 1005.900625; 20.3369140625
2026-07-02; 18:55:37; 4459; 5958; 38.44; 1005.92328125; 20.2998046875
2026-07-02; 18:56:37; 4459; 5958; 38.39; 1005.92984375; 20.3330078125
2026-07-02; 18:57:37; 4429; 5912; 38.36; 1005.8537109375; 20.4248046875
2026-07-02; 18:58:37; 4429; 5912; 38.33; 1005.88421875; 20.505859375
2026-07-02; 18:59:37; 4396; 5839; 38.27; 1005.9971484375; 20.5263671875
2026-07-02; 19:00:37; 4396; 5839; 38.25; 1005.965625; 20.583984375
2026-07-02; 19:01:37; 4396; 5839; 38.19; 1005.9560546875; 20.6748046875
2026-07-02; 19:02:37; 4429; 5912; 38.16; 1005.916640625; 20.7314453125
2026-07-02; 19:03:37; 4429; 5912; 38.08; 1005.9533203125; 20.8681640625
2026-07-02; 19:04:37; 4429; 5912; 38.05; 1005.9709765625; 20.890625
2026-07-02; 19:05:37; 4429; 5912; 38.03; 1005.939453125; 20.9482421875
2026-07-02; 19:06:37; 4429; 5912; 37.99; 1005.941015625; 21.0517578125
2026-07-02; 19:07:37; 4459; 5958; 37.96; 1005.979375; 21.00390625
2026-07-02; 19:08:37; 4494; 6040; 37.92; 1005.9444921875; 21.1650390625
2026-07-02; 19:09:38; 4494; 6040; 37.85; 1005.976484375; 21.267578125
2026-07-02; 19:10:38; 4494; 6040; 37.84; 1006.0178125; 21.3720703125
2026-07-02; 19:11:38; 4494; 6040; 37.85; 1005.94796875; 21.3486328125
2026-07-02; 19:12:38; 4459; 5958; 37.8; 1006.011484375; 21.4287109375
2026-07-02; 19:13:38; 4494; 6040; 37.8; 1006.0400390625; 21.4873046875
2026-07-02; 19:14:38; 4494; 6040; 37.79; 1006.0528125; 21.474609375
2026-07-02; 19:15:38; 4519; 6088; 37.74; 1006.0874609375; 21.5185546875
2026-07-02; 19:16:38; 4519; 6088; 37.7; 1006.0528515625; 21.5986328125
2026-07-02; 19:17:38; 4519; 6088; 37.7; 1006.08140625; 21.6455078125
2026-07-02; 19:18:38; 4519; 6088; 37.68; 1006.0291796875; 21.6328125
2026-07-02; 19:19:38; 4519; 6088; 37.69; 1006.10203125; 21.703125
2026-07-02; 19:20:38; 4519; 6088; 37.68; 1006.04953125; 21.7490234375
2026-07-02; 19:21:38; 4519; 6088; 37.71; 1005.983046875; 21.8447265625
2026-07-02; 19:22:38; 4519; 6088; 37.71; 1006.0194140625; 21.7509765625
2026-07-02; 19:23:38; 4519; 6088; 37.73; 1006.014609375; 21.787109375
2026-07-02; 19:24:38; 4519; 6088; 37.75; 1005.9687109375; 21.7529296875
2026-07-02; 19:25:38; 4558; 6174; 37.75; 1005.997265625; 21.7998046875
2026-07-02; 19:26:38; 4558; 6174; 37.75; 1005.997265625; 21.7646484375
2026-07-02; 19:27:38; 4558; 6174; 37.77; 1006.028828125; 21.859375
2026-07-02; 19:28:38; 4593; 6259; 37.76; 1006.0337109375; 21.9169921875
2026-07-02; 19:29:38; 4593; 6259; 37.8; 1006.011484375; 21.9189453125
2026-07-02; 19:30:38; 4593; 6259; 37.82; 1005.98625; 21.849609375
2026-07-02; 19:31:38; 4593; 6259; 37.78; 1006.0445703125; 21.8251953125
2026-07-02; 19:32:38; 4660; 6402; 37.81; 1006.05578125; 21.9775390625
2026-07-02; 19:33:38; 4660; 6402; 37.83; 1006.05125; 21.931640625
2026-07-02; 19:34:38; 4660; 6402; 37.8; 1006.0606640625; 21.9306640625
2026-07-02; 19:35:38; 4700; 6489; 37.77; 1006.1430078125; 22.279296875
2026-07-02; 19:36:38; 4660; 6402; 37.82; 1006.12109375; 22.0830078125
2026-07-02; 19:37:38; 4660; 6402; 37.78; 1006.073125; 22.1630859375
2026-07-02; 19:38:38; 4660; 6402; 37.76; 1006.17640625; 22.138671875
2026-07-02; 19:39:39; 4660; 6402; 37.73; 1006.12875; 22.34765625
2026-07-02; 19:40:39; 4660; 6402; 37.72; 1006.1700390625; 22.2177734375
2026-07-02; 19:41:39; 4700; 6489; 37.73; 1006.108125; 22.1728515625
2026-07-02; 19:42:39; 4700; 6489; 37.72; 1006.1700390625; 22.2060546875
2026-07-02; 19:43:39; 4700; 6489; 37.72; 1006.141484375; 22.3349609375
2026-07-02; 19:44:39; 4700; 6489; 37.7; 1006.195546875; 22.392578125
2026-07-02; 19:45:39; 4700; 6489; 37.64; 1006.165546875; 22.4599609375
2026-07-02; 19:46:39; 4700; 6489; 37.66; 1006.1891796875; 22.42578125
2026-07-02; 19:47:39; 4737; 6566; 37.65; 1006.2019921875; 22.4482421875
2026-07-02; 19:48:39; 4737; 6566; 37.63; 1006.121171875; 22.517578125
2026-07-02; 19:49:39; 4737; 6566; 37.64; 1006.1291015625; 22.4951171875
2026-07-02; 19:50:39; 4700; 6489; 37.56; 1006.1737109375; 22.642578125
2026-07-02; 19:51:39; 4700; 6489; 37.56; 1006.2387109375; 22.677734375
2026-07-02; 19:52:39; 4700; 6489; 37.5; 1006.2007421875; 22.7099609375
2026-07-02; 19:53:39; 4737; 6566; 37.48; 1006.17703125; 22.708984375
2026-07-02; 19:54:39; 4700; 6489; 37.46; 1006.2307421875; 22.8359375
2026-07-02; 19:55:39; 4700; 6489; 37.46; 1006.259296875; 22.82421875
2026-07-02; 19:56:39; 4700; 6489; 37.49; 1006.270546875; 22.744140625
2026-07-02; 19:57:39; 4700; 6489; 37.42; 1006.2531640625; 22.916015625
2026-07-02; 19:58:39; 4660; 6402; 37.44; 1006.276875; 22.892578125
2026-07-02; 19:59:39; 4660; 6402; 37.4; 1006.27046875; 22.9609375
2026-07-02; 20:00:39; 4629; 6335; 37.39; 1006.31171875; 23.0078125
2026-07-02; 20:01:39; 4629; 6335; 37.38; 1006.324453125; 23.0888671875
2026-07-02; 20:02:39; 4629; 6335; 37.38; 1006.3037890625; 23.0302734375
2026-07-02; 20:03:39; 4629; 6335; 37.37; 1006.2880078125; 23.041015625
2026-07-02; 20:04:39; 4593; 6259; 37.35; 1006.36265625; 23.1806640625
2026-07-02; 20:05:39; 4593; 6259; 37.29; 1006.3322265625; 23.212890625
2026-07-02; 20:06:39; 4593; 6259; 37.26; 1006.3415625; 23.234375
2026-07-02; 20:07:39; 4593; 6259; 37.23; 1006.3591015625; 23.2685546875
2026-07-02; 20:08:39; 4593; 6259; 37.28; 1006.4226171875; 23.2119140625
2026-07-02; 20:09:40; 4593; 6259; 37.29; 1006.3528125; 23.2470703125
2026-07-02; 20:10:40; 4593; 6259; 37.27; 1006.4432421875; 23.33984375
2026-07-02; 20:11:40; 4593; 6259; 37.22; 1006.371875; 23.373046875
2026-07-02; 20:12:40; 4593; 6259; 37.26; 1006.427109375; 23.3388671875
2026-07-02; 20:13:40; 4593; 6259; 37.19; 1006.4667578125; 23.5576171875
2026-07-02; 20:14:40; 4558; 6174; 37.17; 1006.54921875; 23.486328125
2026-07-02; 20:15:40; 4558; 6174; 37.16; 1006.3829296875; 23.5673828125
2026-07-02; 20:16:40; 4519; 6088; 37.11; 1006.5111328125; 23.634765625
2026-07-02; 20:17:40; 4519; 6088; 37.08; 1006.549296875; 23.69140625
2026-07-02; 20:18:40; 4519; 6088; 37.08; 1006.569921875; 23.69140625
2026-07-02; 20:19:40; 4519; 6088; 37.08; 1006.5413671875; 23.69140625
2026-07-02; 20:20:40; 4519; 6088; 37.11; 1006.5111328125; 23.623046875
2026-07-02; 20:21:40; 4519; 6088; 37.1; 1006.5444921875; 23.6806640625
2026-07-02; 20:22:40; 4519; 6088; 37.1; 1006.6015234375; 23.7158203125
2026-07-02; 20:23:40; 4519; 6088; 37.08; 1006.5984375; 23.73828125
2026-07-02; 20:24:40; 4519; 6088; 37.1; 1006.6664453125; 23.611328125
2026-07-02; 20:25:40; 4519; 6088; 37.05; 1006.57921875; 23.8291015625
2026-07-02; 20:26:40; 4519; 6088; 37.03; 1006.641015625; 23.86328125
2026-07-02; 20:27:40; 4519; 6088; 37.01; 1006.6870703125; 23.8857421875
2026-07-02; 20:28:40; 4519; 6088; 37.04; 1006.6774609375; 23.7822265625
2026-07-02; 20:29:40; 4519; 6088; 37.01; 1006.6949609375; 23.9091796875
2026-07-02; 20:30:40; 4519; 6088; 36.97; 1006.6884765625; 23.953125
2026-07-02; 20:31:40; 4519; 6088; 36.93; 1006.6537109375; 24.044921875
2026-07-02; 20:32:40; 4519; 6088; 36.92; 1006.751640625; 24.0673828125
2026-07-02; 20:33:40; 4494; 6040; 36.94; 1006.698046875; 23.9521484375
2026-07-02; 20:34:40; 4494; 6040; 36.91; 1006.8007421875; 24.0439453125
2026-07-02; 20:35:40; 4494; 6040; 36.86; 1006.856328125; 24.1572265625
2026-07-02; 20:36:40; 4494; 6040; 36.82; 1006.7925; 24.1787109375
2026-07-02; 20:37:40; 4494; 6040; 36.81; 1006.8130859375; 24.201171875
2026-07-02; 20:38:40; 4494; 6040; 36.78; 1006.72890625; 24.26953125
2026-07-02; 20:39:40; 4494; 6040; 36.77; 1006.7986328125; 24.2919921875
2026-07-02; 20:40:40; 4494; 6040; 36.74; 1006.7590625; 24.337890625
2026-07-02; 20:41:40; 4494; 6040; 36.71; 1006.768359375; 24.34765625
2026-07-02; 20:42:40; 4494; 6040; 36.69; 1006.8016015625; 24.3935546875
2026-07-02; 20:43:40; 4459; 5958; 36.67; 1006.847578125; 24.4267578125
2026-07-02; 20:44:40; 4494; 6040; 36.69; 1006.9076953125; 24.3115234375
2026-07-02; 20:45:40; 4459; 5958; 36.66; 1006.953671875; 24.4501953125
2026-07-02; 20:46:40; 4459; 5958; 36.64; 1006.9216796875; 24.4599609375
2026-07-02; 20:47:40; 4459; 5958; 36.64; 1006.9423046875; 24.4599609375
2026-07-02; 20:48:40; 4459; 5958; 36.63; 1006.926484375; 24.5068359375
2026-07-02; 20:49:41; 4459; 5958; 36.57; 1006.953125; 24.5498046875
2026-07-02; 20:50:41; 4459; 5958; 36.55; 1007.0069921875; 24.572265625
2026-07-02; 20:51:41; 4459; 5958; 36.51; 1006.9722265625; 24.5927734375
2026-07-02; 20:52:41; 4429; 5912; 36.48; 1007.03046875; 24.6962890625
2026-07-02; 20:53:41; 4429; 5912; 36.45; 1006.9908984375; 24.7177734375
2026-07-02; 20:54:41; 4429; 5912; 36.43; 1007.05234375; 24.763671875
2026-07-02; 20:55:41; 4429; 5912; 36.41; 1007.07765625; 24.83203125
2026-07-02; 20:56:41; 4396; 5839; 36.38; 1007.0792578125; 24.818359375
2026-07-02; 20:57:41; 4396; 5839; 36.37; 1007.0707421875; 24.841796875
2026-07-02; 20:58:41; 4396; 5839; 36.33; 1007.1134375; 24.8974609375
2026-07-02; 20:59:41; 4396; 5839; 36.33; 1007.14984375; 24.9677734375
2026-07-02; 21:00:41; 4396; 5839; 36.31; 1007.146640625; 24.966796875
2026-07-02; 21:01:41; 4396; 5839; 36.3; 1007.1795703125; 24.9775390625
2026-07-02; 21:02:41; 4396; 5839; 36.3; 1007.1795703125; 24.9541015625
2026-07-02; 21:03:41; 4396; 5839; 36.26; 1007.258671875; 25.021484375
2026-07-02; 21:04:41; 4396; 5839; 36.25; 1007.1004296875; 24.9970703125
2026-07-02; 21:05:41; 4366; 5758; 36.23; 1007.21875; 25.03125
2026-07-02; 21:06:41; 4366; 5758; 36.21; 1007.150703125; 25.0654296875
2026-07-02; 21:07:41; 4366; 5758; 36.15; 1007.1772265625; 25.1318359375
2026-07-02; 21:08:41; 4366; 5758; 36.15; 1007.1772265625; 25.212890625
2026-07-02; 21:09:41; 4329; 5681; 36.12; 1007.1376953125; 25.2119140625
2026-07-02; 21:10:41; 4329; 5681; 36.11; 1007.170859375; 25.22265625
2026-07-02; 21:11:41; 4305; 5635; 36.06; 1007.1847265625; 25.3134765625
2026-07-02; 21:12:41; 4329; 5681; 36.06; 1007.1768359375; 25.2890625
2026-07-02; 21:13:41; 4305; 5635; 36.03; 1007.22265625; 25.3466796875
2026-07-02; 21:14:41; 4329; 5681; 36.01; 1007.2396875; 25.4150390625
2026-07-02; 21:15:41; 4305; 5635; 36.0; 1007.2238671875; 25.40234375
2026-07-02; 21:16:41; 4305; 5635; 35.95; 1007.2582421875; 25.515625
2026-07-02; 21:17:41; 4305; 5635; 35.94; 1007.2993359375; 25.4921875
2026-07-02; 21:18:41; 4305; 5635; 35.92; 1007.23921875; 25.525390625
2026-07-02; 21:19:41; 4305; 5635; 35.88; 1007.211640625; 25.5703125
2026-07-02; 21:20:41; 4329; 5681; 35.84; 1007.298515625; 25.6728515625
2026-07-02; 21:21:41; 4305; 5635; 35.81; 1007.2222265625; 25.7060546875
2026-07-02; 21:22:41; 4305; 5635; 35.82; 1007.2870703125; 25.7060546875
2026-07-02; 21:23:41; 4272; 5557; 35.79; 1007.21109375; 25.7744140625
2026-07-02; 21:24:41; 4272; 5557; 35.77; 1007.2442578125; 25.71484375
2026-07-02; 21:25:41; 4244; 5512; 35.76; 1007.1999609375; 25.7841796875
2026-07-02; 21:26:41; 4272; 5557; 35.73; 1007.2090625; 25.8173828125
2026-07-02; 21:27:41; 4244; 5512; 35.73; 1007.258046875; 25.8408203125
2026-07-02; 21:28:41; 4244; 5512; 35.69; 1007.2797265625; 25.837890625
2026-07-02; 21:29:41; 4244; 5512; 35.65; 1007.33015625; 25.9521484375
2026-07-02; 21:30:41; 4244; 5512; 35.67; 1007.276484375; 25.9296875
2026-07-02; 21:31:41; 4244; 5512; 35.62; 1007.262109375; 25.9736328125
2026-07-02; 21:32:42; 4244; 5512; 35.62; 1007.2905859375; 26.0078125
2026-07-02; 21:33:42; 4216; 5444; 35.61; 1007.2744140625; 26.04296875
2026-07-02; 21:34:42; 4216; 5444; 35.58; 1007.2916796875; 25.9716796875
2026-07-02; 21:35:42; 4216; 5444; 35.54; 1007.36234375; 26.1201171875
2026-07-02; 21:36:42; 4184; 5383; 35.54; 1007.3054296875; 26.0849609375
2026-07-02; 21:37:42; 4216; 5444; 35.49; 1007.3115625; 26.17578125
2026-07-02; 21:38:42; 4184; 5383; 35.49; 1007.283125; 26.140625
2026-07-02; 21:39:42; 4184; 5383; 35.49; 1007.262578125; 26.17578125
2026-07-02; 21:40:42; 4184; 5383; 35.45; 1007.3126953125; 26.1845703125
2026-07-02; 21:41:42; 4160; 5317; 35.45; 1007.361640625; 26.25390625
2026-07-02; 21:42:42; 4184; 5383; 35.35; 1007.4459375; 26.3994140625
2026-07-02; 21:43:42; 4160; 5317; 35.39; 1007.4934765625; 26.3203125
2026-07-02; 21:44:42; 4160; 5317; 35.35; 1007.474375; 26.4111328125
2026-07-02; 21:45:42; 4160; 5317; 35.33; 1007.49921875; 26.36328125
2026-07-02; 21:46:42; 4160; 5317; 35.33; 1007.49921875; 26.4453125
2026-07-02; 21:47:42; 4132; 5266; 35.29; 1007.513203125; 26.48828125
2026-07-02; 21:48:42; 4132; 5266; 35.27; 1007.5380859375; 26.5107421875
2026-07-02; 21:49:42; 4132; 5266; 35.22; 1007.5441015625; 26.634765625
2026-07-02; 21:50:42; 4132; 5266; 35.23; 1007.5599609375; 26.56640625
2026-07-02; 21:51:42; 4132; 5266; 35.19; 1007.5815625; 26.5634765625
2026-07-02; 21:52:42; 4100; 5198; 35.18; 1007.57359375; 26.65625
2026-07-02; 21:53:42; 4100; 5198; 35.18; 1007.6225390625; 26.609375
2026-07-02; 21:54:42; 4100; 5198; 35.15; 1007.5829296875; 26.689453125
2026-07-02; 21:55:42; 4132; 5266; 35.06; 1007.646484375; 26.8583984375
2026-07-02; 21:56:42; 4100; 5198; 35.06; 1007.58171875; 26.7529296875
2026-07-02; 21:57:42; 4100; 5198; 35.05; 1007.6306640625; 26.8115234375
2026-07-02; 21:58:42; 4100; 5198; 35.04; 1007.6637109375; 26.9033203125
2026-07-02; 21:59:42; 4132; 5266; 35.03; 1007.6478125; 26.87890625
2026-07-02; 22:00:42; 4100; 5198; 35.01; 1007.67296875; 26.9365234375
2026-07-02; 22:01:42; 4100; 5198; 35.03; 1007.741015625; 26.822265625
2026-07-02; 22:02:42; 4100; 5198; 34.98; 1007.74671875; 26.865234375
2026-07-02; 22:03:42; 4100; 5198; 34.95; 1007.8048828125; 26.8984375
2026-07-02; 22:04:42; 4100; 5198; 34.95; 1007.8127734375; 27.013671875
2026-07-02; 22:05:42; 4100; 5198; 34.88; 1007.8148046875; 27.1376953125
2026-07-02; 22:06:42; 4100; 5198; 34.9; 1007.8101953125; 27.091796875
2026-07-02; 22:07:42; 4100; 5198; 34.91; 1007.8544921875; 26.98828125
2026-07-02; 22:08:42; 4100; 5198; 34.85; 1007.8158203125; 27.134765625
2026-07-02; 22:09:42; 4063; 5147; 34.86; 1007.9248828125; 27.078125
2026-07-02; 22:10:42; 4063; 5147; 34.83; 1007.9136328125; 27.123046875
2026-07-02; 22:11:42; 4063; 5147; 34.8; 1007.886484375; 27.224609375
2026-07-02; 22:12:42; 4063; 5147; 34.79; 1007.9634765625; 27.212890625
2026-07-02; 22:13:42; 4063; 5147; 34.78; 1007.94765625; 27.224609375
2026-07-02; 22:14:42; 4039; 5081; 34.76; 1007.993203125; 27.060546875
2026-07-02; 22:15:43; 4039; 5081; 34.73; 1007.9251171875; 27.2783203125
2026-07-02; 22:16:43; 4012; 5039; 34.71; 1007.921484375; 27.30078125
2026-07-02; 22:17:43; 4012; 5039; 34.7; 1007.9340234375; 27.451171875
2026-07-02; 22:18:43; 4012; 5039; 34.7; 1007.9544921875; 27.27734375
2026-07-02; 22:19:43; 4012; 5039; 34.68; 1007.8943359375; 27.3798828125
2026-07-02; 22:20:43; 4012; 5039; 34.63; 1007.9362890625; 27.388671875
2026-07-02; 22:21:43; 3986; 4968; 34.62; 1008.02609375; 27.5380859375
2026-07-02; 22:22:43; 3986; 4968; 34.64; 1008.03734375; 27.5166015625
2026-07-02; 22:23:43; 3986; 4968; 34.61; 1008.0749609375; 27.560546875
2026-07-02; 22:24:43; 3986; 4968; 34.55; 1008.1009375; 27.662109375
2026-07-02; 22:25:43; 3986; 4968; 34.6; 1008.0875; 27.5380859375
2026-07-02; 22:26:43; 3986; 4968; 34.56; 1007.9952734375; 27.6396484375
2026-07-02; 22:27:43; 3986; 4968; 34.53; 1008.0896484375; 27.6494140625
2026-07-02; 22:28:43; 3986; 4968; 34.56; 1008.052109375; 27.662109375
2026-07-02; 22:29:43; 3986; 4968; 34.52; 1008.11015625; 27.7177734375
2026-07-02; 22:30:43; 3986; 4968; 34.48; 1008.1315234375; 27.78515625
2026-07-02; 22:31:43; 3986; 4968; 34.48; 1008.1519921875; 27.8076171875
2026-07-02; 22:32:43; 3986; 4968; 34.44; 1008.0961328125; 27.8291015625
2026-07-02; 22:33:43; 3986; 4968; 34.45; 1008.132421875; 27.7021484375
2026-07-02; 22:34:43; 3986; 4968; 34.4; 1008.20265625; 27.873046875
2026-07-02; 22:35:43; 3986; 4968; 34.42; 1008.17796875; 27.78125
2026-07-02; 22:36:43; 3986; 4968; 34.41; 1008.19046875; 27.896484375
2026-07-02; 22:37:43; 4012; 5039; 34.41; 1008.1822265625; 27.8154296875
2026-07-02; 22:38:43; 4012; 5039; 34.42; 1008.1983984375; 27.8505859375
2026-07-02; 22:39:43; 3986; 4968; 34.39; 1008.271953125; 27.94140625
2026-07-02; 22:40:43; 3986; 4968; 34.35; 1008.2365234375; 28.01953125
2026-07-02; 22:41:43; 3986; 4968; 34.35; 1008.179765625; 27.9384765625
2026-07-02; 22:42:43; 3986; 4968; 34.31; 1008.2862890625; 28.0634765625
2026-07-02; 22:43:43; 3986; 4968; 34.32; 1008.237734375; 28.017578125
2026-07-02; 22:44:43; 3986; 4968; 34.26; 1008.2716015625; 28.095703125
2026-07-02; 22:45:43; 3986; 4968; 34.28; 1008.2954296875; 28.0390625
2026-07-02; 22:46:43; 3986; 4968; 34.27; 1008.315859375; 27.8193359375
2026-07-02; 22:47:43; 3956; 4911; 34.25; 1008.2841015625; 28.1875
2026-07-02; 22:48:43; 3956; 4911; 34.22; 1008.3780859375; 28.08203125
2026-07-02; 22:49:43; 3956; 4911; 34.17; 1008.3267578125; 28.228515625
2026-07-02; 22:50:43; 3956; 4911; 34.18; 1008.3066015625; 28.2412109375
2026-07-02; 22:51:43; 3956; 4911; 34.18; 1008.3429296875; 28.287109375
2026-07-02; 22:52:43; 3956; 4911; 34.24; 1008.267890625; 28.0830078125
2026-07-02; 22:53:43; 3986; 4968; 34.15; 1008.28703125; 28.296875
2026-07-02; 22:54:43; 3956; 4911; 34.15; 1008.28703125; 28.181640625
2026-07-02; 22:55:43; 3956; 4911; 34.12; 1008.3529296875; 28.3291015625
2026-07-02; 22:56:43; 3956; 4911; 34.12; 1008.296171875; 28.283203125
2026-07-02; 22:57:44; 3956; 4911; 34.12; 1008.3324609375; 28.3642578125
2026-07-02; 22:58:44; 3956; 4911; 34.12; 1008.3324609375; 28.2607421875
2026-07-02; 22:59:44; 3956; 4911; 34.13; 1008.3199609375; 28.341796875
2026-07-02; 23:00:44; 3956; 4911; 34.1; 1008.2640625; 28.33984375
2026-07-02; 23:01:44; 3956; 4911; 34.06; 1008.3140625; 28.3837890625
2026-07-02; 23:02:44; 3936; 4871; 34.07; 1008.36625; 28.302734375
2026-07-02; 23:03:44; 3956; 4911; 34.0; 1008.3966015625; 28.5302734375
2026-07-02; 23:04:44; 3956; 4911; 34.05; 1008.362890625; 28.41796875
2026-07-02; 23:05:44; 3936; 4871; 33.97; 1008.413671875; 28.5400390625
2026-07-02; 23:06:44; 3936; 4871; 34.0; 1008.461328125; 28.357421875
2026-07-02; 23:07:44; 3936; 4871; 34.01; 1008.4125; 28.4267578125
2026-07-02; 23:08:44; 3936; 4871; 33.97; 1008.470390625; 28.482421875
2026-07-02; 23:09:44; 3907; 4814; 33.97; 1008.470390625; 28.4013671875
2026-07-02; 23:10:44; 3907; 4814; 33.95; 1008.495078125; 28.55078125
2026-07-02; 23:11:44; 3907; 4814; 33.96; 1008.5030078125; 28.5625
2026-07-02; 23:12:44; 3907; 4814; 33.95; 1008.5234375; 28.5625
2026-07-02; 23:13:44; 3885; 4766; 33.9; 1008.5574609375; 28.62890625
2026-07-02; 23:14:44; 3859; 4702; 33.92; 1008.5245703125; 28.5712890625
2026-07-02; 23:15:44; 3859; 4702; 33.88; 1008.525078125; 28.5810546875
2026-07-02; 23:16:44; 3833; 4654; 33.88; 1008.525078125; 28.638671875
2026-07-02; 23:17:44; 3833; 4654; 33.88; 1008.49671875; 28.615234375
2026-07-02; 23:18:44; 3812; 4583; 33.87; 1008.4524609375; 28.6728515625
2026-07-02; 23:19:44; 3812; 4583; 33.87; 1008.5012109375; 28.6953125
2026-07-02; 23:20:44; 3812; 4583; 33.85; 1008.526171875; 28.6015625
2026-07-02; 23:21:44; 3789; 4521; 33.83; 1008.50203125; 28.646484375
2026-07-02; 23:22:44; 3789; 4521; 33.8; 1008.474765625; 28.7138671875
2026-07-02; 23:23:44; 3789; 4521; 33.82; 1008.4577734375; 28.5888671875
2026-07-02; 23:24:44; 3763; 4481; 33.82; 1008.4214453125; 28.6923828125
2026-07-02; 23:25:44; 3763; 4481; 33.79; 1008.45890625; 28.783203125
2026-07-02; 23:26:44; 3763; 4481; 33.79; 1008.4305078125; 28.7138671875
2026-07-02; 23:27:44; 3746; 4436; 33.79; 1008.45890625; 28.7138671875
2026-07-02; 23:28:44; 3725; 4398; 33.76; 1008.5039453125; 28.7578125
2026-07-02; 23:29:44; 3725; 4398; 33.73; 1008.541328125; 28.791015625
2026-07-03; 02:23:32; 400; 0; 32.49; 1010.42625; 28.1591796875
2026-07-03; 02:24:32; 400; 0; 32.49; 1010.4828515625; 28.216796875
2026-07-03; 02:25:32; 405; 0; 32.47; 1010.3943359375; 28.193359375
2026-07-03; 02:26:32; 403; 0; 32.49; 1010.45453125; 28.1484375
2026-07-03; 02:27:32; 400; 0; 32.51; 1010.45015625; 28.0341796875
2026-07-03; 02:28:32; 400; 0; 32.49; 1010.45453125; 28.0791015625
2026-07-03; 02:29:32; 400; 0; 32.47; 1010.4509765625; 28.0888671875
2026-07-03; 02:30:32; 400; 0; 32.48; 1010.43859375; 28.06640625
2026-07-03; 02:31:32; 405; 0; 32.48; 1010.43859375; 28.0439453125
2026-07-03; 02:32:32; 400; 0; 32.48; 1010.4305859375; 28.009765625
2026-07-03; 02:33:32; 400; 0; 32.48; 1010.4872265625; 28.009765625
2026-07-03; 02:34:32; 400; 0; 32.47; 1010.4792578125; 27.9853515625
2026-07-03; 02:35:32; 400; 0; 32.45; 1010.5319921875; 27.99609375
2026-07-03; 02:36:32; 400; 0; 32.48; 1010.5518359375; 27.8828125
2026-07-03; 02:37:32; 405; 0; 32.47; 1010.507578125; 27.8935546875
2026-07-03; 02:38:32; 400; 0; 32.48; 1010.5801171875; 27.89453125
2026-07-03; 02:39:32; 405; 0; 32.46; 1010.511640625; 27.8466796875
2026-07-03; 02:40:32; 400; 0; 32.45; 1010.58859375; 27.892578125
2026-07-03; 02:41:32; 402; 0; 32.44; 1010.5646875; 27.8681640625
2026-07-03; 02:42:32; 400; 0; 32.46; 1010.56828125; 27.857421875
2026-07-03; 02:43:32; 405; 0; 32.43; 1010.6133203125; 27.8447265625
2026-07-03; 02:44:32; 405; 0; 32.45; 1010.6089453125; 27.833984375
2026-07-03; 02:45:32; 400; 0; 32.44; 1010.6495703125; 27.822265625
2026-07-03; 02:46:32; 405; 0; 32.42; 1010.653984375; 27.798828125
2026-07-03; 02:47:32; 405; 0; 32.37; 1010.6384765625; 27.841796875
2026-07-03; 02:48:32; 403; 0; 32.37; 1010.666796875; 27.830078125
2026-07-03; 02:49:33; 403; 0; 32.36; 1010.671171875; 27.8173828125
2026-07-03; 02:50:33; 400; 0; 32.36; 1010.6428515625; 27.8408203125
2026-07-03; 02:51:33; 400; 0; 32.38; 1010.682734375; 27.7958984375
2026-07-03; 02:52:33; 402; 0; 32.35; 1010.7401171875; 27.7705078125
2026-07-03; 02:53:33; 400; 0; 32.34; 1010.6755078125; 27.7705078125
2026-07-03; 02:54:33; 405; 0; 32.31; 1010.6756640625; 27.7685546875
2026-07-03; 02:55:33; 403; 0; 32.34; 1010.6755078125; 27.724609375
2026-07-03; 02:56:33; 400; 0; 32.33; 1010.62328125; 27.7236328125
2026-07-03; 02:57:33; 400; 0; 32.32; 1010.7482421875; 27.7109375
2026-07-03; 02:58:33; 405; 0; 32.31; 1010.732265625; 27.72265625
2026-07-03; 02:59:33; 403; 0; 32.31; 1010.7605859375; 27.6767578125
2026-07-03; 03:00:33; 403; 0; 32.3; 1010.752578125; 27.67578125
2026-07-03; 03:01:33; 407; 1; 32.31; 1010.7605859375; 27.607421875
2026-07-03; 03:02:33; 407; 1; 32.28; 1010.6641015625; 27.62890625
2026-07-03; 03:03:33; 402; 0; 32.26; 1010.801953125; 27.673828125
2026-07-03; 03:04:33; 400; 0; 32.27; 1010.761328125; 27.6044921875
2026-07-03; 03:05:33; 403; 0; 32.24; 1010.790078125; 27.6142578125
2026-07-03; 03:06:33; 403; 0; 32.26; 1010.7170703125; 27.6044921875
2026-07-03; 03:07:33; 408; 1; 32.23; 1010.802421875; 27.625
2026-07-03; 03:08:33; 400; 0; 32.23; 1010.810390625; 27.5791015625
2026-07-03; 03:09:33; 405; 0; 32.22; 1010.822734375; 27.5791015625
2026-07-03; 03:10:33; 409; 1; 32.21; 1010.8916796875; 27.58984375
2026-07-03; 03:11:33; 405; 0; 32.2; 1010.847421875; 27.56640625
2026-07-03; 03:12:33; 405; 0; 32.2; 1010.896015625; 27.5771484375
2026-07-03; 03:13:33; 400; 0; 32.17; 1010.940703125; 27.552734375
2026-07-03; 03:14:33; 407; 1; 32.19; 1010.8797265625; 27.5419921875
2026-07-03; 03:15:33; 400; 0; 32.16; 1010.868125; 27.529296875
2026-07-03; 03:16:33; 403; 0; 32.15; 1010.88046875; 27.517578125
2026-07-03; 03:17:33; 400; 0; 32.16; 1010.868125; 27.517578125
2026-07-03; 03:18:33; 400; 0; 32.13; 1010.848515625; 27.515625
2026-07-03; 03:19:33; 400; 0; 32.16; 1010.8035546875; 27.4482421875
2026-07-03; 03:20:33; 400; 0; 32.14; 1010.8928125; 27.435546875
2026-07-03; 03:21:33; 402; 0; 32.12; 1010.9174609375; 27.45703125
2026-07-03; 03:22:33; 402; 0; 32.1; 1010.913515625; 27.4912109375
2026-07-03; 03:23:33; 405; 0; 32.13; 1010.8848046875; 27.447265625
2026-07-03; 03:24:33; 405; 0; 32.07; 1010.9019140625; 27.5126953125
2026-07-03; 03:25:33; 400; 0; 32.07; 1010.9584765625; 27.478515625
2026-07-03; 03:26:33; 405; 0; 32.04; 1010.9588671875; 27.498046875
2026-07-03; 03:27:33; 400; 0; 32.06; 1011.0556640625; 27.4541015625
2026-07-03; 03:28:33; 403; 0; 32.05; 1011.0962890625; 27.4423828125
2026-07-03; 03:29:33; 407; 1; 32.04; 1011.04375; 27.4296875
2026-07-03; 03:30:33; 405; 0; 32.01; 1011.0604296875; 27.439453125
2026-07-03; 03:31:34; 405; 0; 32.02; 1011.0198046875; 27.4052734375
2026-07-03; 03:32:34; 400; 0; 32.01; 1011.0604296875; 27.427734375
2026-07-03; 03:33:34; 400; 0; 31.99; 1010.9153125; 27.47265625
2026-07-03; 03:34:34; 400; 0; 32.02; 1010.955234375; 27.3935546875
2026-07-03; 03:35:34; 400; 0; 31.97; 1010.9113671875; 27.4140625
2026-07-03; 03:36:34; 403; 0; 32.01; 1010.8826953125; 27.34765625
2026-07-03; 03:37:34; 400; 0; 32.01; 1010.9675390625; 27.359375
2026-07-03; 03:38:34; 400; 0; 32.0; 1010.9798828125; 27.3466796875
2026-07-03; 03:39:34; 400; 0; 31.97; 1011.0244921875; 27.3681640625
2026-07-03; 03:40:34; 406; 0; 31.96; 1011.0085546875; 27.3330078125
2026-07-03; 03:41:34; 406; 0; 31.94; 1011.0331640625; 27.388671875
2026-07-03; 03:42:34; 406; 0; 31.93; 1011.0455078125; 27.376953125
2026-07-03; 03:43:34; 400; 0; 31.92; 1011.078125; 27.3876953125
2026-07-03; 03:44:34; 402; 0; 31.93; 1011.0737890625; 27.353515625
2026-07-03; 03:45:34; 400; 0; 31.92; 1011.0578125; 27.341796875
2026-07-03; 03:46:34; 402; 0; 31.91; 1011.1466796875; 27.3642578125
2026-07-03; 03:47:34; 402; 0; 31.9; 1011.102421875; 27.36328125
2026-07-03; 03:48:34; 402; 0; 31.88; 1011.1553515625; 27.3623046875
2026-07-03; 03:49:34; 402; 0; 31.87; 1011.16765625; 27.373046875
2026-07-03; 03:50:34; 403; 0; 31.89; 1011.171328125; 27.3515625
2026-07-03; 03:51:34; 400; 0; 31.85; 1011.115390625; 27.3369140625
2026-07-03; 03:52:34; 403; 0; 31.85; 1011.1799609375; 27.3720703125
2026-07-03; 03:53:34; 403; 0; 31.83; 1011.176015625; 27.37109375
2026-07-03; 03:54:34; 403; 0; 31.83; 1011.1397265625; 27.37109375
2026-07-03; 03:55:34; 408; 1; 31.82; 1011.09546875; 27.32421875
2026-07-03; 03:56:34; 405; 0; 31.81; 1011.1926171875; 27.3583984375
2026-07-03; 03:57:34; 400; 0; 31.8; 1011.241171875; 27.3115234375
2026-07-03; 03:58:34; 405; 0; 31.82; 1011.26515625; 27.34765625
2026-07-03; 03:59:34; 405; 0; 31.8; 1011.289765625; 27.357421875
2026-07-03; 04:00:34; 400; 0; 31.79; 1011.3020703125; 27.345703125
2026-07-03; 04:01:34; 402; 0; 31.77; 1011.3340234375; 27.3564453125
2026-07-03; 04:02:34; 402; 0; 31.77; 1011.2977734375; 27.3564453125
2026-07-03; 04:03:34; 402; 0; 31.77; 1011.3905859375; 27.3447265625
2026-07-03; 04:04:34; 402; 0; 31.77; 1011.3260546875; 27.3330078125
2026-07-03; 04:05:34; 400; 0; 31.74; 1011.3709375; 27.3427734375
2026-07-03; 04:06:34; 400; 0; 31.73; 1011.3187109375; 27.353515625
2026-07-03; 04:07:34; 403; 0; 31.72; 1011.331015625; 27.3642578125
2026-07-03; 04:08:34; 406; 0; 31.73; 1011.3266796875; 27.341796875
2026-07-03; 04:09:34; 406; 0; 31.7; 1011.3915625; 27.36328125
2026-07-03; 04:10:34; 403; 0; 31.7; 1011.32703125; 27.375
2026-07-03; 04:11:34; 400; 0; 31.68; 1011.387890625; 27.396484375
2026-07-03; 04:12:34; 403; 0; 31.69; 1011.4604296875; 27.3623046875
2026-07-03; 04:13:34; 400; 0; 31.65; 1011.4812890625; 27.41796875
2026-07-03; 04:14:35; 403; 0; 31.68; 1011.4647265625; 27.373046875
2026-07-03; 04:15:35; 403; 0; 31.65; 1011.4812890625; 27.41796875
2026-07-03; 04:16:35; 400; 0; 31.65; 1011.396484375; 27.39453125
2026-07-03; 04:17:35; 403; 0; 31.65; 1011.453046875; 27.3828125
2026-07-03; 04:18:35; 403; 0; 31.65; 1011.4167578125; 27.3828125
2026-07-03; 04:19:35; 400; 0; 31.61; 1011.4170703125; 27.4501953125
2026-07-03; 04:20:35; 403; 0; 31.6; 1011.4010546875; 27.4609375
2026-07-03; 04:21:35; 403; 0; 31.61; 1011.4091015625; 27.44921875
2026-07-03; 04:22:35; 406; 0; 31.57; 1011.3611328125; 27.470703125
2026-07-03; 04:23:35; 406; 0; 31.61; 1011.4170703125; 27.369140625
2026-07-03; 04:24:35; 406; 0; 31.58; 1011.320546875; 27.4365234375
2026-07-03; 04:25:35; 403; 0; 31.58; 1011.340859375; 27.447265625
2026-07-03; 04:26:35; 406; 0; 31.58; 1011.348828125; 27.4482421875
2026-07-03; 04:27:35; 403; 0; 31.55; 1011.349140625; 27.4921875
2026-07-03; 04:28:35; 403; 0; 31.53; 1011.2686328125; 27.4794921875
2026-07-03; 04:29:35; 406; 0; 31.55; 1011.2643359375; 27.48046875
2026-07-03; 04:30:35; 410; 1; 31.5; 1011.248984375; 27.5234375
2026-07-03; 04:31:35; 406; 0; 31.53; 1011.28890625; 27.501953125
2026-07-03; 04:32:35; 406; 0; 31.52; 1011.2809375; 27.501953125
2026-07-03; 04:33:35; 406; 0; 31.51; 1011.228671875; 27.490234375
2026-07-03; 04:34:35; 403; 0; 31.51; 1011.321484375; 27.5244140625
2026-07-03; 04:35:35; 410; 1; 31.47; 1011.30578125; 27.568359375
2026-07-03; 04:36:35; 406; 0; 31.49; 1011.3094921875; 27.5234375
2026-07-03; 04:37:35; 410; 1; 31.46; 1011.382578125; 27.521484375
2026-07-03; 04:38:35; 410; 1; 31.44; 1011.3426171875; 27.5888671875
2026-07-03; 04:39:35; 415; 2; 31.41; 1011.3588671875; 27.5751953125
2026-07-03; 04:40:35; 410; 1; 31.4; 1011.342890625; 27.66796875
2026-07-03; 04:41:35; 410; 1; 31.43; 1011.3828515625; 27.599609375
2026-07-03; 04:42:35; 410; 1; 31.43; 1011.41109375; 27.587890625
2026-07-03; 04:43:35; 415; 2; 31.42; 1011.479921875; 27.6455078125
2026-07-03; 04:44:35; 415; 2; 31.43; 1011.4194140625; 27.587890625
2026-07-03; 04:45:35; 415; 2; 31.4; 1011.3994140625; 27.62109375
2026-07-03; 04:46:35; 418; 2; 31.4; 1011.4276953125; 27.6103515625
2026-07-03; 04:47:35; 418; 2; 31.4; 1011.4559375; 27.62109375
2026-07-03; 04:48:35; 418; 2; 31.39; 1011.431953125; 27.6318359375
2026-07-03; 04:49:35; 422; 3; 31.37; 1011.549296875; 27.6533203125
2026-07-03; 04:50:35; 415; 2; 31.39; 1011.5167578125; 27.642578125
2026-07-03; 04:51:35; 410; 1; 31.38; 1011.5652734375; 27.654296875
2026-07-03; 04:52:35; 418; 2; 31.37; 1011.513046875; 27.6298828125
2026-07-03; 04:53:35; 415; 2; 31.36; 1011.5612890625; 27.6416015625
2026-07-03; 04:54:35; 418; 2; 31.35; 1011.5090234375; 27.6630859375
2026-07-03; 04:55:35; 422; 3; 31.33; 1011.4770703125; 27.697265625
2026-07-03; 04:56:35; 422; 3; 31.33; 1011.4770703125; 27.685546875
2026-07-03; 04:57:36; 422; 3; 31.32; 1011.4973046875; 27.7197265625
2026-07-03; 04:58:36; 422; 3; 31.3; 1011.5501171875; 27.7412109375
2026-07-03; 04:59:36; 422; 3; 31.29; 1011.542109375; 27.7529296875
2026-07-03; 05:00:36; 424; 3; 31.28; 1011.5823046875; 27.763671875
2026-07-03; 05:01:36; 422; 3; 31.29; 1011.542109375; 27.7412109375
2026-07-03; 05:02:36; 422; 3; 31.29; 1011.5620703125; 27.763671875
2026-07-03; 05:03:36; 424; 3; 31.27; 1011.5380859375; 27.7744140625
2026-07-03; 05:04:36; 424; 3; 31.25; 1011.6676171875; 27.8076171875
2026-07-03; 05:05:36; 424; 3; 31.24; 1011.5748828125; 27.7724609375
2026-07-03; 05:06:36; 424; 3; 31.25; 1011.6394140625; 27.8076171875
2026-07-03; 05:07:36; 424; 3; 31.24; 1011.546640625; 27.7841796875
2026-07-03; 05:08:36; 427; 4; 31.25; 1011.5343359375; 27.76171875
2026-07-03; 05:09:36; 424; 3; 31.22; 1011.59078125; 27.8056640625
2026-07-03; 05:10:36; 427; 4; 31.25; 1011.6394140625; 27.7724609375
2026-07-03; 05:11:36; 427; 4; 31.22; 1011.5625390625; 27.83984375
2026-07-03; 05:12:36; 427; 4; 31.23; 1011.52265625; 27.8173828125
2026-07-03; 05:13:36; 435; 5; 31.21; 1011.6110546875; 27.83984375
2026-07-03; 05:14:36; 435; 5; 31.22; 1011.570546875; 27.828125
2026-07-03; 05:15:36; 439; 5; 31.2; 1011.558828125; 27.8037109375
2026-07-03; 05:16:36; 445; 6; 31.2; 1011.530546875; 27.78125
2026-07-03; 05:17:36; 443; 6; 31.22; 1011.5423046875; 27.8173828125
2026-07-03; 05:18:36; 443; 6; 31.22; 1011.6190625; 27.828125
2026-07-03; 05:19:36; 445; 6; 31.19; 1011.5790625; 27.837890625
2026-07-03; 05:20:36; 450; 7; 31.19; 1011.5710546875; 27.837890625
2026-07-03; 05:21:36; 455; 8; 31.18; 1011.6116015625; 27.8369140625
2026-07-03; 05:22:36; 455; 8; 31.2; 1011.6435546875; 27.837890625
2026-07-03; 05:23:36; 459; 8; 31.16; 1011.644140625; 27.87109375
2026-07-03; 05:24:36; 462; 9; 31.19; 1011.7203515625; 27.837890625
2026-07-03; 05:25:36; 462; 9; 31.17; 1011.688359375; 27.8369140625
2026-07-03; 05:26:36; 464; 9; 31.17; 1011.7368359375; 27.8486328125
2026-07-03; 05:27:36; 464; 9; 31.16; 1011.748828125; 27.859375
2026-07-03; 05:28:36; 472; 10; 31.18; 1011.7326171875; 27.814453125
2026-07-03; 05:29:36; 475; 11; 31.16; 1011.7288671875; 27.8369140625
2026-07-03; 05:30:36; 475; 11; 31.17; 1011.829609375; 27.8369140625
2026-07-03; 05:31:36; 477; 11; 31.17; 1011.8498828125; 27.859375
2026-07-03; 05:32:36; 477; 11; 31.17; 1011.8861328125; 27.859375
2026-07-03; 05:33:36; 481; 12; 31.17; 1011.8780859375; 27.8369140625
2026-07-03; 05:34:36; 485; 12; 31.15; 1011.9103125; 27.8125
2026-07-03; 05:35:36; 485; 12; 31.15; 1011.9385546875; 27.8466796875
2026-07-03; 05:36:36; 485; 12; 31.15; 1011.958828125; 27.8466796875
2026-07-03; 05:37:36; 491; 13; 31.16; 1011.95484375; 27.8251953125
2026-07-03; 05:38:36; 491; 13; 31.17; 1011.970859375; 27.8134765625
2026-07-03; 05:39:37; 491; 13; 31.17; 1012.019375; 27.8017578125
2026-07-03; 05:40:37; 498; 14; 31.16; 1012.0030859375; 27.82421875
2026-07-03; 05:41:37; 498; 14; 31.16; 1012.0878125; 27.82421875
2026-07-03; 05:42:37; 498; 14; 31.17; 1011.934609375; 27.791015625
2026-07-03; 05:43:37; 503; 15; 31.16; 1011.95484375; 27.8017578125
2026-07-03; 05:44:37; 503; 15; 31.18; 1012.0353515625; 27.779296875
2026-07-03; 05:45:37; 503; 15; 31.18; 1012.0353515625; 27.7685546875
2026-07-03; 05:46:37; 503; 15; 31.18; 1012.0353515625; 27.7685546875
2026-07-03; 05:47:37; 517; 17; 31.17; 1012.055625; 27.7451171875
2026-07-03; 05:48:37; 508; 16; 31.17; 1011.970859375; 27.755859375
2026-07-03; 05:49:37; 508; 16; 31.2; 1012.0471484375; 27.7236328125
2026-07-03; 05:50:37; 517; 17; 31.2; 1012.1036328125; 27.701171875
2026-07-03; 05:51:37; 508; 16; 31.2; 1012.075390625; 27.689453125
2026-07-03; 05:52:37; 517; 17; 31.2; 1012.131875; 27.712890625
2026-07-03; 05:53:37; 517; 17; 31.21; 1012.119609375; 27.6904296875
2026-07-03; 05:54:37; 508; 16; 31.23; 1012.23703125; 27.634765625
2026-07-03; 05:55:37; 519; 18; 31.23; 1012.1725; 27.6572265625
2026-07-03; 05:56:37; 519; 18; 31.24; 1012.188515625; 27.611328125
2026-07-03; 05:57:37; 517; 17; 31.26; 1012.2205078125; 27.56640625
2026-07-03; 05:58:37; 517; 17; 31.25; 1012.1559765625; 27.58984375
2026-07-03; 05:59:37; 517; 17; 31.26; 1012.2567578125; 27.578125
2026-07-03; 06:00:37; 508; 16; 31.28; 1012.2887890625; 27.544921875
2026-07-03; 06:01:37; 508; 16; 31.3; 1012.2362890625; 27.51171875
2026-07-03; 06:02:37; 503; 15; 31.29; 1012.2202734375; 27.5341796875
2026-07-03; 06:03:37; 508; 16; 31.27; 1012.2727734375; 27.5556640625
2026-07-03; 06:04:37; 503; 15; 31.29; 1012.2119921875; 27.544921875
2026-07-03; 06:05:37; 498; 14; 31.34; 1012.2358203125; 27.4677734375
2026-07-03; 06:06:37; 498; 14; 31.35; 1012.2517578125; 27.45703125
2026-07-03; 06:07:37; 508; 16; 31.46; 1012.1457421875; 27.302734375
2026-07-03; 06:08:37; 519; 18; 31.74; 1012.2112890625; 26.951171875
2026-07-03; 06:09:37; 529; 19; 31.96; 1012.224921875; 26.642578125
2026-07-03; 06:10:37; 529; 19; 32.19; 1012.246328125; 26.3447265625
2026-07-03; 06:11:37; 529; 19; 32.43; 1012.255234375; 26.0361328125
2026-07-03; 06:12:37; 519; 18; 32.59; 1012.2850390625; 25.802734375
2026-07-03; 06:13:37; 517; 17; 32.78; 1012.27; 25.5595703125
2026-07-03; 06:14:37; 517; 17; 32.97; 1012.2834375; 25.3046875
2026-07-03; 06:15:37; 508; 16; 33.12; 1012.2889453125; 25.162109375
2026-07-03; 06:16:37; 503; 15; 33.35; 1012.3373046875; 24.7822265625
2026-07-03; 06:17:37; 503; 15; 33.56; 1012.3255859375; 24.52734375
2026-07-03; 06:18:37; 508; 16; 33.75; 1012.2405859375; 24.2958984375
2026-07-03; 06:19:37; 498; 14; 33.96; 1012.3055859375; 24.0048828125
2026-07-03; 06:20:37; 498; 14; 34.19; 1012.2967578125; 23.7158203125
2026-07-03; 06:21:37; 498; 14; 34.46; 1012.33140625; 23.39453125
2026-07-03; 06:22:38; 498; 14; 34.66; 1012.3224609375; 23.1953125
2026-07-03; 06:23:38; 493; 14; 34.85; 1012.3057421875; 22.9501953125
2026-07-03; 06:24:38; 498; 14; 35.06; 1012.357421875; 22.6240234375
2026-07-03; 06:25:38; 493; 14; 35.27; 1012.323359375; 22.40234375
2026-07-03; 06:26:38; 485; 12; 35.47; 1012.32234375; 22.26171875
2026-07-03; 06:27:38; 475; 11; 35.64; 1012.33; 22.013671875
2026-07-03; 06:28:38; 472; 10; 35.81; 1012.3087890625; 21.77734375
2026-07-03; 06:29:38; 472; 10; 36.0; 1012.3278515625; 21.6005859375
2026-07-03; 06:30:38; 464; 9; 36.19; 1012.3384375; 21.365234375
2026-07-03; 06:31:38; 462; 9; 36.38; 1012.300234375; 21.1416015625
2026-07-03; 06:32:38; 455; 8; 36.55; 1012.298984375; 20.9501953125
2026-07-03; 06:33:38; 445; 6; 36.67; 1012.327421875; 20.81640625
2026-07-03; 06:34:38; 435; 5; 36.81; 1012.3147265625; 20.6591796875
2026-07-03; 06:35:38; 427; 4; 36.93; 1012.3069140625; 20.525390625
2026-07-03; 06:36:38; 418; 2; 37.1; 1012.36234375; 20.357421875
2026-07-03; 06:37:38; 415; 2; 37.22; 1012.36203125; 20.2001953125
2026-07-03; 06:38:38; 410; 1; 37.31; 1012.40390625; 20.0634765625
2026-07-03; 06:39:38; 406; 0; 37.46; 1012.4229296875; 19.94140625
2026-07-03; 06:40:38; 406; 0; 37.59; 1012.3938671875; 19.7373046875
2026-07-03; 06:41:38; 403; 0; 37.65; 1012.3959765625; 19.623046875
2026-07-03; 06:42:38; 400; 0; 37.74; 1012.4536328125; 19.544921875
2026-07-03; 06:43:38; 402; 0; 37.83; 1012.361171875; 19.466796875
2026-07-03; 06:44:38; 403; 0; 38.0; 1012.4605078125; 19.3212890625
2026-07-03; 06:45:38; 403; 0; 38.12; 1012.4517578125; 19.1865234375
2026-07-03; 06:46:38; 400; 0; 38.21; 1012.4521484375; 19.0498046875
2026-07-03; 06:47:38; 409; 1; 38.34; 1012.5087109375; 19.0087890625
2026-07-03; 06:48:38; 407; 1; 38.42; 1012.485234375; 18.90625
2026-07-03; 06:49:38; 409; 1; 38.59; 1012.478125; 18.69140625
2026-07-03; 06:50:38; 409; 1; 38.7; 1012.5228125; 18.61328125
2026-07-03; 06:51:38; 409; 1; 38.75; 1012.4598046875; 18.509765625
2026-07-03; 06:52:38; 407; 1; 38.81; 1012.4775; 18.4658203125
2026-07-03; 06:53:38; 407; 1; 38.96; 1012.385625; 18.3779296875
2026-07-03; 06:54:38; 403; 0; 39.03; 1012.504921875; 18.298828125
2026-07-03; 06:55:38; 400; 0; 39.08; 1012.4987109375; 18.23046875
2026-07-03; 06:56:38; 403; 0; 39.12; 1012.49734375; 18.2080078125
2026-07-03; 06:57:38; 403; 0; 39.28; 1012.4293359375; 18.09765625
2026-07-03; 06:58:38; 400; 0; 39.39; 1012.5469140625; 17.97265625
2026-07-03; 06:59:38; 402; 0; 39.48; 1012.547109375; 17.87109375
2026-07-03; 07:00:38; 403; 0; 39.59; 1012.5217578125; 17.83984375
2026-07-03; 07:01:38; 406; 0; 39.73; 1012.5073046875; 17.6455078125
2026-07-03; 07:02:38; 403; 0; 39.88; 1012.488203125; 17.486328125
2026-07-03; 07:03:38; 403; 0; 39.93; 1012.5674609375; 17.4296875
2026-07-03; 07:04:38; 65535; 65535; 40.05; 1012.513515625; 17.3525390625
2026-07-03; 07:05:39; 409; 1; 40.16; 1012.5165234375; 17.28515625
2026-07-03; 07:06:39; 403; 0; 40.29; 1012.5715625; 17.1728515625
2026-07-03; 07:07:39; 400; 0; 40.38; 1012.4933203125; 17.1171875
2026-07-03; 07:08:39; 408; 1; 40.48; 1012.529765625; 17.07421875
2026-07-03; 07:09:39; 408; 1; 40.55; 1012.554921875; 16.900390625
2026-07-03; 07:10:39; 402; 0; 40.62; 1012.5513671875; 16.85546875
2026-07-03; 07:11:39; 405; 0; 40.7; 1012.67078125; 16.7880859375
2026-07-03; 07:12:39; 405; 0; 40.79; 1012.6415234375; 16.720703125
2026-07-03; 07:13:39; 400; 0; 40.88; 1012.6695703125; 16.6416015625
2026-07-03; 07:14:39; 415; 2; 41.12; 1012.690859375; 16.4970703125
2026-07-03; 07:15:39; 415; 2; 41.08; 1012.6638671875; 16.4716796875
2026-07-03; 07:16:39; 415; 2; 41.19; 1012.744609375; 16.4052734375
2026-07-03; 07:17:39; 415; 2; 41.3; 1012.652734375; 16.361328125
2026-07-03; 07:18:39; 415; 2; 41.32; 1012.5985546875; 16.3388671875
2026-07-03; 07:19:39; 421; 3; 41.4; 1012.6475390625; 16.248046875
2026-07-03; 07:20:39; 418; 2; 41.56; 1012.663671875; 16.076171875
2026-07-03; 07:21:39; 410; 1; 41.58; 1012.6873828125; 16.041015625
2026-07-03; 07:22:39; 415; 2; 41.63; 1012.680625; 16.06640625
2026-07-03; 07:23:39; 424; 3; 41.71; 1012.6351171875; 16.0107421875
2026-07-03; 07:24:39; 424; 3; 41.77; 1012.644453125; 15.953125
2026-07-03; 07:25:39; 427; 4; 41.89; 1012.62578125; 15.91015625
2026-07-03; 07:26:39; 442; 6; 41.88; 1012.6962109375; 15.8984375
2026-07-03; 07:27:39; 445; 6; 42.02; 1012.6883203125; 15.76171875
2026-07-03; 07:28:39; 451; 7; 42.12; 1012.6951171875; 15.669921875
2026-07-03; 07:29:39; 456; 8; 42.1; 1012.7001171875; 15.7646484375
2026-07-03; 07:30:39; 460; 9; 42.16; 1012.709375; 15.70703125
2026-07-03; 07:31:39; 463; 9; 42.24; 1012.721171875; 15.615234375
2026-07-03; 07:32:39; 460; 9; 42.16; 1012.651875; 15.68359375
2026-07-03; 07:33:39; 463; 9; 42.17; 1012.7460546875; 15.671875
2026-07-03; 07:34:39; 460; 9; 42.23; 1012.7262109375; 15.685546875
2026-07-03; 07:35:39; 463; 9; 42.33; 1012.769609375; 15.666015625
2026-07-03; 07:36:39; 463; 9; 42.12; 1012.7238671875; 15.7412109375
2026-07-03; 07:37:39; 465; 9; 42.25; 1012.650703125; 15.6513671875
2026-07-03; 07:38:39; 465; 9; 42.3; 1012.7300390625; 15.6171875
2026-07-03; 07:39:39; 478; 11; 42.34; 1012.756640625; 15.5712890625
2026-07-03; 07:40:39; 482; 12; 42.49; 1012.699140625; 15.541015625
2026-07-03; 07:41:39; 478; 11; 42.45; 1012.750703125; 15.515625
2026-07-03; 07:42:39; 478; 11; 42.51; 1012.68109375; 15.505859375
2026-07-03; 07:43:39; 478; 11; 42.48; 1012.6621484375; 15.4580078125
2026-07-03; 07:44:39; 482; 12; 42.51; 1012.68109375; 15.517578125
2026-07-03; 07:45:39; 486; 13; 42.64; 1012.7357421875; 15.380859375
2026-07-03; 07:46:39; 486; 13; 42.68; 1012.655078125; 15.3466796875
2026-07-03; 07:47:39; 482; 12; 42.66; 1012.76734375; 15.4052734375
2026-07-03; 07:48:40; 478; 11; 42.61; 1012.716796875; 15.3798828125
2026-07-03; 07:49:40; 488; 13; 42.63; 1012.625703125; 15.3564453125
2026-07-03; 07:50:40; 478; 11; 42.73; 1012.6689453125; 15.32421875
2026-07-03; 07:51:40; 486; 13; 42.76; 1012.6094140625; 15.3134765625
2026-07-03; 07:52:40; 482; 12; 42.81; 1012.62296875; 15.220703125
2026-07-03; 07:53:40; 478; 11; 42.8; 1012.67265625; 15.232421875
2026-07-03; 07:54:40; 473; 11; 42.95; 1012.7008203125; 15.166015625
2026-07-03; 07:55:40; 473; 11; 43.02; 1012.688984375; 15.1328125
2026-07-03; 07:56:40; 463; 9; 43.01; 1012.7386328125; 15.1083984375
2026-07-03; 07:57:40; 460; 9; 42.94; 1012.685; 15.212890625
2026-07-03; 07:58:40; 463; 9; 43.22; 1012.709921875; 14.9375
2026-07-03; 07:59:40; 460; 9; 43.15; 1012.693359375; 14.9716796875
2026-07-03; 08:00:40; 460; 9; 43.13; 1012.6696484375; 14.958984375
2026-07-03; 08:01:40; 456; 8; 43.26; 1012.629375; 14.916015625
2026-07-03; 08:02:40; 445; 6; 43.21; 1012.6653515625; 14.94921875
2026-07-03; 08:03:40; 445; 6; 43.18; 1012.5970703125; 14.9130859375
2026-07-03; 08:04:40; 445; 6; 43.38; 1012.618125; 14.80078125
2026-07-03; 08:05:40; 439; 5; 43.25; 1012.5559765625; 14.8916015625
2026-07-03; 08:06:40; 432; 4; 43.38; 1012.6260546875; 14.80078125
2026-07-03; 08:07:40; 421; 3; 43.43; 1012.639453125; 14.7080078125
2026-07-03; 08:08:40; 421; 3; 43.43; 1012.6970703125; 14.7431640625
2026-07-03; 08:09:40; 424; 3; 43.25; 1012.642421875; 14.8681640625
2026-07-03; 08:10:40; 424; 3; 43.4; 1012.7361328125; 14.8251953125
2026-07-03; 08:11:40; 427; 4; 43.47; 1012.6741015625; 14.755859375
2026-07-03; 08:12:40; 424; 3; 43.46; 1012.687109375; 14.720703125
2026-07-03; 08:13:40; 421; 3; 43.56; 1012.7221484375; 14.7353515625
2026-07-03; 08:14:40; 415; 2; 43.54; 1012.784921875; 14.6640625
2026-07-03; 08:15:40; 410; 1; 43.66; 1012.707734375; 14.6201171875
2026-07-03; 08:16:40; 407; 1; 43.69; 1012.697421875; 14.609375
2026-07-03; 08:17:40; 410; 1; 43.74; 1012.739921875; 14.52734375
2026-07-03; 08:18:40; 405; 0; 43.71; 1012.72109375; 14.5263671875
2026-07-03; 08:19:40; 405; 0; 43.77; 1012.787578125; 14.4931640625
2026-07-03; 08:20:40; 402; 0; 43.66; 1012.715625; 14.5966796875
2026-07-03; 08:21:40; 414; 2; 43.83; 1012.6808203125; 14.5068359375
2026-07-03; 08:22:40; 441; 6; 43.82; 1012.7305859375; 14.5419921875
2026-07-03; 08:23:40; 454; 8; 43.79; 1012.7985546875; 14.529296875
2026-07-03; 08:24:40; 460; 9; 43.93; 1012.81828125; 14.462890625
2026-07-03; 08:25:40; 460; 9; 43.71; 1012.749921875; 14.57421875
2026-07-03; 08:26:40; 460; 9; 44.01; 1012.735078125; 14.3466796875
2026-07-03; 08:27:40; 463; 9; 44.05; 1012.740546875; 14.3359375
2026-07-03; 08:28:40; 463; 9; 44.11; 1012.74109375; 14.337890625
2026-07-03; 08:29:40; 473; 11; 44.19; 1012.7525390625; 14.2333984375
2026-07-03; 08:30:40; 481; 12; 44.26; 1012.8344140625; 14.1884765625
2026-07-03; 08:31:41; 481; 12; 44.32; 1012.8637890625; 14.1298828125
2026-07-03; 08:32:41; 483; 12; 44.55; 1012.8447265625; 14.0185546875
2026-07-03; 08:33:41; 483; 12; 44.49; 1012.881015625; 14.0048828125
2026-07-03; 08:34:41; 502; 15; 44.47; 1012.7917578125; 13.96875
2026-07-03; 08:35:41; 505; 15; 44.39; 1012.7725390625; 14.0615234375
2026-07-03; 08:36:41; 514; 17; 44.48; 1012.7787109375; 13.96875
2026-07-03; 08:37:41; 520; 18; 44.59; 1012.8871484375; 13.9248046875
2026-07-03; 08:38:41; 530; 19; 44.8; 1012.828125; 13.80078125
2026-07-03; 08:39:41; 539; 21; 44.83; 1012.904609375; 13.80078125
2026-07-03; 08:40:41; 539; 21; 44.97; 1012.87421875; 13.6748046875
2026-07-03; 08:41:41; 533; 20; 45.1; 1012.8985546875; 13.51171875
2026-07-03; 08:42:41; 533; 20; 45.25; 1012.925390625; 13.4208984375
2026-07-03; 08:43:41; 530; 19; 45.28; 1012.914921875; 13.41015625
2026-07-03; 08:44:41; 533; 20; 45.41; 1013.005078125; 13.306640625
2026-07-03; 08:45:41; 530; 19; 45.68; 1013.0112109375; 13.1357421875
2026-07-03; 08:46:41; 526; 19; 45.75; 1012.9853515625; 13.078125
2026-07-03; 08:47:41; 520; 18; 45.92; 1012.891171875; 12.904296875
2026-07-03; 08:48:41; 505; 15; 46.09; 1012.8991015625; 12.849609375
2026-07-03; 08:49:41; 502; 15; 46.14; 1012.9415625; 12.779296875
2026-07-03; 08:50:41; 498; 14; 46.32; 1012.8782421875; 12.6767578125
2026-07-03; 08:51:41; 488; 13; 46.35; 1012.9046875; 12.6064453125
2026-07-03; 08:52:41; 502; 15; 46.43; 1012.936171875; 12.548828125
2026-07-03; 08:53:41; 498; 14; 46.69; 1012.9045703125; 12.3642578125
2026-07-03; 08:54:41; 483; 12; 46.78; 1012.922734375; 12.306640625
2026-07-03; 08:55:41; 483; 12; 47.07; 1012.937890625; 12.111328125
2026-07-03; 08:56:41; 477; 11; 47.08; 1012.8956640625; 12.111328125
2026-07-03; 08:57:41; 460; 9; 47.3; 1012.9242578125; 11.9736328125
2026-07-03; 08:58:41; 460; 9; 47.28; 1012.8924609375; 11.92578125
2026-07-03; 08:59:41; 444; 6; 47.35; 1012.915859375; 11.927734375
2026-07-03; 09:00:41; 428; 4; 47.21; 1012.926796875; 11.935546875
2026-07-03; 09:01:41; 410; 1; 47.36; 1013.0188671875; 11.8564453125
2026-07-03; 09:02:41; 402; 0; 47.48; 1012.9389453125; 11.751953125
2026-07-03; 09:03:41; 400; 0; 47.52; 1012.9652734375; 11.7041015625
2026-07-03; 09:04:41; 403; 0; 47.49; 1012.89671875; 11.7158203125
2026-07-03; 09:05:41; 400; 0; 47.36; 1012.895; 11.7841796875
2026-07-03; 09:06:41; 400; 0; 47.47; 1012.9444140625; 11.7392578125
2026-07-03; 09:07:41; 405; 0; 47.61; 1012.9043359375; 11.6943359375
2026-07-03; 09:08:41; 400; 0; 47.6; 1012.8384375; 11.6943359375
2026-07-03; 09:09:41; 400; 0; 47.56; 1013.0069921875; 11.6337890625
2026-07-03; 09:10:41; 400; 0; 47.49; 1013.0416796875; 11.69140625
2026-07-03; 09:11:41; 400; 0; 47.37; 1013.0635546875; 11.6767578125
2026-07-03; 09:12:41; 402; 0; 47.39; 1012.9790234375; 11.689453125
2026-07-03; 09:13:41; 400; 0; 47.28; 1012.9715625; 11.7109375
2026-07-03; 09:14:42; 400; 0; 47.37; 1012.947578125; 11.6767578125
2026-07-03; 09:15:42; 433; 5; 47.23; 1012.9799609375; 11.720703125
2026-07-03; 09:16:42; 409; 1; 47.21; 1013.0058203125; 11.7568359375
2026-07-03; 09:17:42; 400; 0; 47.32; 1013.00578125; 11.6279296875
2026-07-03; 09:18:42; 400; 0; 47.22; 1012.992890625; 11.6728515625
2026-07-03; 09:19:42; 403; 0; 47.39; 1013.0080078125; 11.6181640625
2026-07-03; 09:20:42; 400; 0; 47.4; 1013.110703125; 11.5458984375
2026-07-03; 09:21:42; 400; 0; 47.28; 1013.0373828125; 11.5908203125
2026-07-03; 09:22:42; 403; 0; 47.18; 1013.0534765625; 11.6484375
2026-07-03; 09:23:42; 402; 0; 47.18; 1012.9955078125; 11.6123046875
2026-07-03; 09:24:42; 400; 0; 47.18; 1012.98765625; 11.7080078125
2026-07-03; 09:25:42; 405; 0; 47.09; 1012.9986328125; 11.6103515625
2026-07-03; 09:26:42; 405; 0; 47.09; 1012.8905859375; 11.5986328125
2026-07-03; 09:27:42; 405; 0; 47.11; 1012.9141796875; 11.5869140625
2026-07-03; 09:28:42; 405; 0; 47.07; 1012.94578125; 11.57421875
2026-07-03; 09:29:42; 405; 0; 47.09; 1012.9696484375; 11.5146484375
2026-07-03; 09:30:42; 403; 0; 47.11; 1012.9141796875; 11.5029296875
2026-07-03; 09:31:42; 400; 0; 47.23; 1012.900859375; 11.3984375
2026-07-03; 09:32:42; 407; 1; 47.2; 1012.87421875; 11.3974609375
2026-07-03; 09:33:42; 400; 0; 47.29; 1012.8713671875; 11.3642578125
2026-07-03; 09:34:42; 400; 0; 47.15; 1012.9562109375; 11.396484375
2026-07-03; 09:35:42; 403; 0; 47.18; 1012.9665625; 11.3857421875
2026-07-03; 09:36:42; 400; 0; 47.36; 1012.9898828125; 11.24609375
2026-07-03; 09:37:42; 403; 0; 47.12; 1012.96671875; 11.3125
2026-07-03; 09:38:42; 400; 0; 47.21; 1012.926796875; 11.21875
2026-07-03; 09:39:42; 400; 0; 47.14; 1012.874375; 11.216796875
2026-07-03; 09:40:42; 403; 0; 47.06; 1012.9010546875; 11.2275390625
2026-07-03; 09:41:42; 400; 0; 46.93; 1012.8909765625; 11.271484375
2026-07-03; 09:42:42; 408; 1; 47.14; 1012.9112109375; 11.1455078125
2026-07-03; 09:43:42; 408; 1; 47.1; 1012.927421875; 11.1923828125
2026-07-03; 09:44:42; 400; 0; 47.03; 1012.9118359375; 11.23828125
2026-07-03; 09:45:42; 400; 0; 46.96; 1012.91734375; 11.212890625
2026-07-03; 09:46:42; 402; 0; 47.1; 1012.9062890625; 11.0849609375
2026-07-03; 09:47:42; 400; 0; 46.82; 1012.9069140625; 11.185546875
2026-07-03; 09:48:42; 403; 0; 46.95; 1012.9595703125; 11.1650390625
2026-07-03; 09:49:42; 400; 0; 46.7; 1012.9202734375; 11.21875
2026-07-03; 09:50:42; 408; 1; 46.65; 1012.9571875; 11.3125
2026-07-03; 09:51:42; 418; 2; 46.77; 1012.964921875; 11.1962890625
2026-07-03; 09:52:42; 422; 3; 46.69; 1012.8677734375; 11.1826171875
2026-07-03; 09:53:42; 432; 4; 46.85; 1013.004453125; 11.138671875
2026-07-03; 09:54:42; 462; 9; 46.86; 1012.9701171875; 11.1025390625
2026-07-03; 09:55:42; 505; 15; 46.95; 1012.922734375; 11.044921875
2026-07-03; 09:56:43; 640; 36; 46.74; 1012.94640625; 11.2314453125
2026-07-03; 09:57:43; 719; 48; 47.03; 1012.882890625; 10.9990234375
2026-07-03; 09:58:43; 754; 53; 47.1; 1012.869453125; 11.0009765625
2026-07-03; 09:59:43; 840; 67; 47.03; 1012.9698046875; 11.01171875
2026-07-03; 10:00:43; 887; 74; 47.11; 1012.92203125; 11.0009765625
2026-07-03; 10:01:43; 907; 77; 46.82; 1012.928046875; 11.06640625
2026-07-03; 10:02:43; 975; 87; 46.9; 1012.9675390625; 11.080078125
2026-07-03; 10:03:43; 1077; 103; 47.0; 1012.8565234375; 11.0341796875
2026-07-03; 10:04:43; 1047; 98; 47.05; 1012.964375; 10.9521484375
2026-07-03; 10:05:43; 1047; 98; 47.02; 1012.9830078125; 10.9990234375
2026-07-03; 10:06:43; 1071; 102; 46.96; 1012.880546875; 11.033203125
2026-07-03; 10:07:43; 1017; 93; 46.9; 1012.880625; 10.984375
2026-07-03; 10:08:43; 956; 84; 46.91; 1012.8963671875; 11.0087890625
2026-07-03; 10:09:43; 945; 83; 46.98; 1012.890859375; 11.0341796875
2026-07-03; 10:10:43; 997; 90; 47.01; 1012.901171875; 10.9990234375
2026-07-03; 10:11:43; 1077; 103; 47.18; 1012.9587109375; 11.0029296875
2026-07-03; 10:12:43; 1095; 105; 47.03; 1012.9039453125; 11.0234375
2026-07-03; 10:13:43; 1113; 108; 47.14; 1012.9903125; 10.9423828125
2026-07-03; 10:14:43; 1060; 100; 47.03; 1012.9408203125; 10.951171875
2026-07-03; 10:15:43; 1107; 107; 47.06; 1012.958984375; 11.095703125
2026-07-03; 10:16:43; 1153; 114; 46.95; 1013.0175390625; 11.1533203125
2026-07-03; 10:17:43; 1147; 113; 47.08; 1012.903828125; 11.1083984375
2026-07-03; 10:18:43; 1095; 105; 47.16; 1012.9719140625; 11.0146484375
2026-07-03; 10:19:43; 1047; 98; 47.21; 1012.95578125; 10.9794921875
2026-07-03; 10:20:43; 1038; 97; 47.22; 1012.972109375; 11.02734375
2026-07-03; 10:21:43; 975; 87; 47.33; 1012.9713671875; 10.9462890625
2026-07-03; 10:22:43; 913; 78; 47.15; 1013.0141796875; 11.001953125
2026-07-03; 10:23:43; 857; 69; 47.31; 1013.048046875; 10.91015625
2026-07-03; 10:24:43; 857; 69; 47.32; 1013.071640625; 11.185546875
2026-07-03; 10:25:43; 840; 67; 47.54; 1013.025703125; 10.84375
2026-07-03; 10:26:43; 802; 61; 47.52; 1013.089140625; 10.7958984375
2026-07-03; 10:27:43; 754; 53; 47.56; 1013.093984375; 10.7607421875
2026-07-03; 10:28:43; 719; 48; 47.58; 1013.001875; 10.78515625
2026-07-03; 10:29:43; 688; 43; 47.43; 1013.071171875; 10.8173828125
2026-07-03; 10:30:43; 657; 39; 47.56; 1013.028125; 10.724609375
2026-07-03; 10:31:43; 643; 37; 47.66; 1013.0991796875; 10.6669921875
2026-07-03; 10:32:43; 607; 31; 47.49; 1013.0996484375; 10.7470703125
2026-07-03; 10:33:43; 577; 26; 47.57; 1013.1021484375; 10.6884765625
2026-07-03; 10:34:43; 570; 25; 47.69; 1013.0091796875; 10.66796875
2026-07-03; 10:35:43; 553; 23; 47.57; 1012.9940234375; 10.736328125
2026-07-03; 10:36:43; 529; 19; 47.59; 1012.99671875; 10.712890625
2026-07-03; 10:37:43; 497; 14; 47.59; 1012.9097265625; 10.701171875
2026-07-03; 10:38:43; 485; 12; 47.6; 1012.859609375; 10.7490234375
2026-07-03; 10:39:44; 488; 13; 47.52; 1012.9441015625; 10.7353515625
2026-07-03; 10:40:44; 473; 11; 47.72; 1012.895859375; 10.6201171875
2026-07-03; 10:41:44; 451; 7; 47.75; 1012.8849609375; 10.513671875
2026-07-03; 10:42:44; 418; 2; 47.6; 1012.954453125; 10.390625
2026-07-03; 10:43:44; 400; 0; 47.68; 1012.7904296875; 10.3681640625
2026-07-03; 10:44:44; 400; 0; 47.76; 1012.9296875; 10.345703125
2026-07-03; 10:45:44; 400; 0; 47.83; 1012.894921875; 10.359375
2026-07-03; 10:46:44; 400; 0; 47.85; 1012.8474609375; 10.408203125
2026-07-03; 10:47:44; 400; 0; 47.77; 1012.8375390625; 10.4423828125
2026-07-03; 10:48:44; 400; 0; 47.58; 1012.885859375; 10.521484375
2026-07-03; 10:49:44; 400; 0; 47.86; 1012.9713671875; 10.3125
2026-07-03; 10:50:44; 400; 0; 47.85; 1012.876484375; 10.2998046875
2026-07-03; 10:51:44; 403; 0; 47.7; 1012.8719921875; 10.3447265625
2026-07-03; 10:52:44; 400; 0; 47.69; 1012.8562890625; 10.3681640625
2026-07-03; 10:53:44; 407; 1; 47.81; 1012.80546875; 10.359375
2026-07-03; 10:54:44; 403; 0; 47.69; 1012.864140625; 10.380859375
2026-07-03; 10:55:44; 407; 1; 47.66; 1012.8671484375; 10.3916015625
2026-07-03; 10:56:44; 402; 0; 47.65; 1012.8224609375; 10.4873046875
2026-07-03; 10:57:44; 403; 0; 47.62; 1012.811875; 10.474609375
2026-07-03; 10:58:44; 406; 0; 47.75; 1012.826953125; 10.3095703125
2026-07-03; 10:59:44; 405; 0; 47.69; 1012.83515625; 10.380859375
2026-07-03; 11:00:44; 403; 0; 47.71; 1012.793125; 10.3564453125
2026-07-03; 11:01:44; 400; 0; 47.82; 1012.771015625; 10.263671875
2026-07-03; 11:02:44; 400; 0; 47.77; 1012.829375; 10.322265625
2026-07-03; 11:03:44; 400; 0; 47.94; 1012.786328125; 10.158203125
2026-07-03; 11:04:44; 401; 0; 47.96; 1012.7887109375; 10.111328125
2026-07-03; 11:05:44; 405; 0; 47.92; 1012.8337890625; 10.09765625
2026-07-03; 11:06:44; 400; 0; 48.26; 1012.744296875; 9.9140625
2026-07-03; 11:07:44; 400; 0; 48.3; 1012.8439453125; 9.890625
2026-07-03; 11:08:44; 400; 0; 48.28; 1012.8416015625; 9.830078125
2026-07-03; 11:09:44; 400; 0; 48.46; 1012.7109765625; 9.689453125
2026-07-03; 11:10:44; 405; 0; 48.7; 1012.7401953125; 9.5634765625
2026-07-03; 11:11:44; 402; 0; 48.7; 1012.76140625; 9.52734375
2026-07-03; 11:12:44; 441; 6; 48.39; 1012.8119140625; 9.6767578125
2026-07-03; 11:13:44; 409; 1; 48.78; 1012.8291015625; 9.48046875
2026-07-03; 11:14:44; 400; 0; 48.63; 1012.7169140625; 9.4658203125
2026-07-03; 11:15:44; 405; 0; 48.74; 1012.71609375; 9.419921875
2026-07-03; 11:16:44; 405; 0; 48.91; 1012.7721484375; 9.3271484375
2026-07-03; 11:17:44; 409; 1; 48.83; 1012.762578125; 9.421875
2026-07-03; 11:18:44; 425; 3; 49.01; 1012.71828125; 9.3291015625
2026-07-03; 11:19:44; 432; 4; 48.95; 1012.66078125; 9.3759765625
2026-07-03; 11:20:44; 425; 3; 49.1; 1012.706875; 9.3193359375
2026-07-03; 11:21:44; 432; 4; 49.32; 1012.761953125; 9.2392578125
2026-07-03; 11:22:45; 432; 4; 49.32; 1012.812265625; 9.21484375
2026-07-03; 11:23:45; 425; 3; 49.34; 1012.7854296875; 9.1796875
2026-07-03; 11:24:45; 422; 3; 49.49; 1012.7678515625; 9.158203125
2026-07-03; 11:25:45; 422; 3; 49.49; 1012.7600390625; 9.0625
2026-07-03; 11:26:45; 422; 3; 49.59; 1012.7346875; 8.9794921875
2026-07-03; 11:27:45; 400; 0; 49.69; 1012.7252734375; 8.9453125
2026-07-03; 11:28:45; 402; 0; 49.66; 1012.765234375; 8.8486328125
2026-07-03; 11:29:45; 405; 0; 49.78; 1012.779609375; 8.8154296875
2026-07-03; 11:30:45; 400; 0; 49.95; 1012.805859375; 8.74609375
2026-07-03; 11:31:45; 400; 0; 49.91; 1012.80140625; 8.76953125
2026-07-03; 11:32:45; 413; 1; 49.94; 1012.8405859375; 8.7216796875
2026-07-03; 11:33:45; 420; 3; 50.13; 1012.811328125; 8.6767578125
2026-07-03; 11:34:45; 445; 6; 50.12; 1012.8248046875; 8.712890625
2026-07-03; 11:35:45; 450; 7; 50.03; 1012.836328125; 8.69921875
2026-07-03; 11:36:45; 454; 8; 50.35; 1012.786015625; 8.5732421875
2026-07-03; 11:37:45; 459; 8; 50.21; 1012.82828125; 8.55859375
2026-07-03; 11:38:45; 466; 10; 50.48; 1012.8660546875; 8.466796875
2026-07-03; 11:39:45; 480; 12; 50.39; 1012.84109375; 8.4775390625
2026-07-03; 11:40:45; 482; 12; 50.43; 1012.7292578125; 8.4423828125
2026-07-03; 11:41:45; 482; 12; 50.46; 1012.768671875; 8.41796875
2026-07-03; 11:42:45; 491; 13; 50.46; 1012.7765234375; 8.4306640625
2026-07-03; 11:43:45; 502; 15; 50.54; 1012.8359375; 8.5517578125
2026-07-03; 11:44:45; 581; 27; 50.58; 1012.811171875; 8.6005859375
2026-07-03; 11:45:45; 638; 36; 50.64; 1012.796640625; 8.4580078125
2026-07-03; 11:46:45; 638; 36; 50.75; 1012.749765625; 8.3388671875
2026-07-03; 11:47:45; 675; 41; 50.86; 1012.66046875; 8.3046875
2026-07-03; 11:48:45; 683; 43; 50.73; 1012.7845703125; 8.314453125
2026-07-03; 11:49:45; 712; 47; 50.75; 1012.815859375; 8.291015625
2026-07-03; 11:50:45; 715; 47; 50.95; 1012.65578125; 8.162109375
2026-07-03; 11:51:45; 728; 49; 50.76; 1012.714921875; 8.21875
2026-07-03; 11:52:45; 735; 51; 50.88; 1012.7578515625; 8.1845703125
2026-07-03; 11:53:45; 757; 54; 50.8; 1012.682890625; 8.20703125
2026-07-03; 11:54:45; 728; 49; 51.0; 1012.726484375; 8.0419921875
2026-07-03; 11:55:45; 692; 44; 50.93; 1012.703828125; 8.041015625
2026-07-03; 11:56:45; 638; 36; 51.08; 1012.7061328125; 7.8984375
2026-07-03; 11:57:45; 611; 32; 51.2; 1012.719453125; 7.8408203125
2026-07-03; 11:58:45; 592; 29; 50.97; 1012.7375390625; 7.9091796875
2026-07-03; 11:59:45; 566; 25; 50.41; 1012.7189453125; 8.1767578125
2026-07-03; 12:00:45; 575; 26; 50.72; 1012.7977734375; 8.109375
2026-07-03; 12:01:45; 649; 37; 50.84; 1012.6871484375; 8.0751953125
2026-07-03; 12:02:45; 700; 45; 50.58; 1012.72375; 8.19140625
2026-07-03; 12:03:45; 757; 54; 50.55; 1012.735078125; 8.21484375
2026-07-03; 12:04:45; 748; 53; 50.6; 1012.6970703125; 8.1796875
2026-07-03; 12:05:46; 728; 49; 50.62; 1012.648828125; 8.1318359375
2026-07-03; 12:06:46; 735; 51; 50.64; 1012.730546875; 8.095703125
2026-07-03; 12:07:46; 712; 47; 50.15; 1012.67578125; 8.328125
2026-07-03; 12:08:46; 700; 45; 50.18; 1012.635703125; 8.29296875
2026-07-03; 12:09:46; 683; 43; 50.8; 1012.632421875; 8.0146484375
2026-07-03; 12:10:46; 638; 36; 50.54; 1012.661171875; 8.1064453125
2026-07-03; 12:11:46; 620; 33; 50.32; 1012.6147265625; 8.19921875
2026-07-03; 12:12:46; 592; 29; 50.21; 1012.67484375; 8.2216796875
2026-07-03; 12:13:46; 581; 27; 50.36; 1012.68515625; 8.1640625
2026-07-03; 12:14:46; 537; 20; 49.74; 1012.6875; 8.4296875
2026-07-03; 12:15:46; 514; 17; 49.53; 1012.648203125; 8.521484375
2026-07-03; 12:16:46; 530; 19; 49.58; 1012.6317578125; 8.5107421875
2026-07-03; 12:17:46; 548; 22; 49.55; 1012.6213671875; 8.5703125
2026-07-03; 12:18:46; 542; 21; 49.11; 1012.6353125; 8.7548828125
2026-07-03; 12:19:46; 566; 25; 49.58; 1012.6395703125; 8.5712890625
2026-07-03; 12:20:46; 572; 26; 49.06; 1012.5935546875; 8.8134765625
2026-07-03; 12:21:46; 572; 26; 49.03; 1012.6337109375; 8.873046875
2026-07-03; 12:22:46; 602; 30; 48.8; 1012.628359375; 9.0009765625
2026-07-03; 12:23:46; 624; 34; 48.91; 1012.677109375; 8.9072265625
2026-07-03; 12:24:46; 631; 35; 48.88; 1012.666953125; 8.9306640625
2026-07-03; 12:25:46; 624; 34; 49.21; 1012.6842578125; 8.79296875
2026-07-03; 12:26:46; 592; 29; 49.31; 1012.74625; 8.7099609375
2026-07-03; 12:27:46; 581; 27; 48.92; 1012.6346484375; 8.8955078125
2026-07-03; 12:28:46; 638; 36; 48.53; 1012.646875; 9.1640625
2026-07-03; 12:29:46; 668; 40; 48.81; 1012.6362109375; 9.048828125
2026-07-03; 12:30:46; 675; 41; 48.2; 1012.5784375; 9.3134765625
2026-07-03; 12:31:46; 668; 40; 47.94; 1012.6122265625; 9.427734375
2026-07-03; 12:32:46; 659; 39; 47.84; 1012.5706640625; 9.4853515625
2026-07-03; 12:33:46; 668; 40; 48.32; 1012.5774609375; 9.291015625
2026-07-03; 12:34:46; 675; 41; 48.45; 1012.52859375; 9.2099609375
2026-07-03; 12:35:46; 668; 40; 47.55; 1012.556328125; 9.6357421875
2026-07-03; 12:36:46; 652; 38; 47.81; 1012.6102734375; 9.5087890625
2026-07-03; 12:37:46; 638; 36; 47.18; 1012.5240234375; 9.8310546875
2026-07-03; 12:38:46; 624; 34; 46.95; 1012.58296875; 9.93359375
2026-07-03; 12:39:46; 592; 29; 45.9; 1012.4334375; 10.49609375
2026-07-03; 12:40:46; 566; 25; 45.48; 1012.5008203125; 10.80859375
2026-07-03; 12:41:46; 560; 24; 45.31; 1012.5001953125; 10.8994140625
2026-07-03; 12:42:46; 553; 23; 44.65; 1012.4625390625; 11.32421875
2026-07-03; 12:43:46; 530; 19; 44.56; 1012.485625; 11.357421875
2026-07-03; 12:44:46; 480; 12; 44.42; 1012.531640625; 11.3896484375
2026-07-03; 12:45:46; 428; 4; 44.02; 1012.4834375; 11.60546875
2026-07-03; 12:46:46; 400; 0; 43.89; 1012.42984375; 11.6142578125
2026-07-03; 12:47:46; 403; 0; 44.12; 1012.4396484375; 11.4775390625
2026-07-03; 12:48:47; 400; 0; 44.23; 1012.4619140625; 11.4208984375
2026-07-03; 12:49:47; 405; 0; 44.47; 1012.5320703125; 11.236328125
2026-07-03; 12:50:47; 428; 4; 44.66; 1012.5569921875; 11.205078125
2026-07-03; 12:51:47; 460; 9; 45.03; 1012.520078125; 11.01171875
2026-07-03; 12:52:47; 482; 12; 44.96; 1012.47515625; 11.0107421875
2026-07-03; 12:53:47; 478; 11; 45.12; 1012.46; 10.9072265625
2026-07-03; 12:54:47; 463; 9; 44.89; 1012.4298828125; 11.0205078125
2026-07-03; 12:55:47; 460; 9; 44.18; 1012.4562109375; 11.3837890625
2026-07-03; 12:56:47; 442; 6; 44.01; 1012.33140625; 11.5341796875
2026-07-03; 12:57:47; 434; 5; 44.07; 1012.3109765625; 11.53515625
2026-07-03; 12:58:47; 420; 3; 43.61; 1012.3403515625; 11.76171875
2026-07-03; 12:59:47; 400; 0; 43.41; 1012.377421875; 11.83984375
2026-07-03; 13:00:47; 400; 0; 43.27; 1012.3938671875; 11.9189453125
2026-07-03; 13:01:47; 400; 0; 42.57; 1012.3658984375; 12.3623046875
2026-07-03; 13:02:47; 421; 3; 42.61; 1012.4003125; 12.4345703125
2026-07-03; 13:03:47; 446; 7; 42.59; 1012.3190625; 12.5283203125
2026-07-03; 13:04:47; 476; 11; 42.29; 1012.36125; 12.7568359375
2026-07-03; 13:05:47; 491; 13; 42.14; 1012.3817578125; 12.8115234375
2026-07-03; 13:06:47; 491; 13; 42.04; 1012.267890625; 12.8212890625
2026-07-03; 13:07:47; 485; 12; 42.09; 1012.2530859375; 12.798828125
2026-07-03; 13:08:47; 462; 9; 41.87; 1012.228515625; 12.9345703125
2026-07-03; 13:09:47; 446; 7; 41.83; 1012.30859375; 12.93359375
2026-07-03; 13:10:47; 426; 3; 41.79; 1012.3391796875; 12.9677734375
2026-07-03; 13:11:47; 414; 2; 41.95; 1012.3265625; 12.830078125
2026-07-03; 13:12:47; 400; 0; 41.83; 1012.24328125; 12.9208984375
2026-07-03; 13:13:47; 416; 2; 41.68; 1012.30828125; 13.03515625
2026-07-03; 13:14:47; 423; 3; 41.6; 1012.2963671875; 13.1279296875
2026-07-03; 13:15:47; 434; 5; 41.56; 1012.28234375; 13.1142578125
2026-07-03; 13:16:47; 434; 5; 41.6; 1012.2884375; 13.1162109375
2026-07-03; 13:17:47; 423; 3; 41.49; 1012.265390625; 13.13671875
2026-07-03; 13:18:47; 400; 0; 41.48; 1012.22875; 13.1474609375
2026-07-03; 13:19:47; 400; 0; 41.55; 1012.331875; 13.0908203125
2026-07-03; 13:20:47; 403; 0; 41.52; 1012.29234375; 13.08984375
2026-07-03; 13:21:47; 400; 0; 41.46; 1012.3328125; 13.1357421875
2026-07-03; 13:22:47; 403; 0; 41.37; 1012.2759765625; 13.203125
2026-07-03; 13:23:47; 400; 0; 41.34; 1012.2938671875; 13.26171875
2026-07-03; 13:24:47; 413; 1; 41.45; 1012.295859375; 13.41796875
2026-07-03; 13:25:47; 427; 4; 41.47; 1012.23375; 13.80859375
2026-07-03; 13:26:47; 454; 8; 41.33; 1012.33546875; 14.123046875
2026-07-03; 13:27:47; 465; 9; 41.25; 1012.2448828125; 14.19140625
2026-07-03; 13:28:47; 481; 12; 41.29; 1012.3576953125; 14.1337890625
2026-07-03; 13:29:47; 486; 13; 41.21; 1012.288203125; 14.166015625
2026-07-03; 13:30:47; 533; 20; 41.2; 1012.358515625; 13.9658203125
2026-07-03; 13:31:48; 539; 21; 41.15; 1012.3651953125; 13.845703125
2026-07-03; 13:32:48; 529; 19; 41.07; 1012.353125; 13.8076171875
2026-07-03; 13:33:48; 505; 15; 41.01; 1012.351875; 13.876953125
2026-07-03; 13:34:48; 491; 13; 41.05; 1012.24328125; 13.8193359375
2026-07-03; 13:35:48; 476; 11; 41.0; 1012.2212109375; 13.7001953125
2026-07-03; 13:36:48; 434; 5; 40.98; 1012.304375; 13.62890625
2026-07-03; 13:37:48; 405; 0; 40.98; 1012.1895703125; 13.59375
2026-07-03; 13:38:48; 400; 0; 40.91; 1012.1645703125; 13.5791015625
2026-07-03; 13:39:48; 400; 0; 40.8; 1012.169609375; 13.611328125
2026-07-03; 13:40:48; 400; 0; 40.71; 1012.1494921875; 13.59765625
2026-07-03; 13:41:48; 400; 0; 40.68; 1012.17984375; 13.6083984375
2026-07-03; 13:42:48; 402; 0; 40.71; 1012.1989453125; 13.5498046875
2026-07-03; 13:43:48; 405; 0; 40.65; 1012.247109375; 13.619140625
2026-07-03; 13:44:48; 414; 2; 40.67; 1012.25796875; 13.6083984375
2026-07-03; 13:45:48; 451; 7; 40.66; 1012.2134765625; 13.537109375
2026-07-03; 13:46:48; 465; 9; 40.65; 1012.1976171875; 13.5009765625
2026-07-03; 13:47:48; 457; 8; 40.62; 1012.1419140625; 13.4765625
2026-07-03; 13:48:48; 447; 7; 40.61; 1012.1913671875; 13.453125
2026-07-03; 13:49:48; 433; 5; 40.63; 1012.2151171875; 13.44140625
2026-07-03; 13:50:48; 425; 3; 40.55; 1012.182109375; 13.533203125
2026-07-03; 13:51:48; 425; 3; 40.61; 1012.2200390625; 13.4765625
2026-07-03; 13:52:48; 417; 2; 40.54; 1012.2236328125; 13.486328125
2026-07-03; 13:53:48; 425; 3; 40.44; 1012.2159375; 13.68359375
2026-07-03; 13:54:48; 436; 5; 40.36; 1012.16703125; 13.716796875
2026-07-03; 13:55:48; 454; 8; 40.36; 1012.1176171875; 13.6337890625
2026-07-03; 13:56:48; 470; 10; 40.4; 1012.1809765625; 13.6123046875
2026-07-03; 13:57:48; 465; 9; 40.43; 1012.02015625; 13.5537109375
2026-07-03; 13:58:48; 486; 13; 40.48; 1012.0709765625; 13.51953125
2026-07-03; 13:59:48; 475; 11; 40.48; 1012.034375; 13.51953125
2026-07-03; 14:00:48; 465; 9; 40.46; 1012.018515625; 13.5546875
2026-07-03; 14:01:48; 481; 12; 40.35; 1012.0728125; 13.6220703125
2026-07-03; 14:02:48; 495; 14; 40.43; 1012.0854296875; 13.5654296875
2026-07-03; 14:03:48; 491; 13; 40.37; 1012.0474609375; 13.5634765625
2026-07-03; 14:04:48; 486; 13; 40.3; 1012.0509765625; 13.64453125
2026-07-03; 14:05:48; 486; 13; 40.33; 1012.0698046875; 13.59765625
2026-07-03; 14:06:48; 486; 13; 40.32; 1011.9887109375; 13.6328125
2026-07-03; 14:07:48; 481; 12; 40.31; 1012.087578125; 13.65625
2026-07-03; 14:08:48; 486; 13; 40.29; 1012.0924609375; 13.6552734375
2026-07-03; 14:09:48; 497; 14; 40.28; 1012.0684375; 13.7021484375
2026-07-03; 14:10:48; 520; 18; 40.24; 1011.9843359375; 13.759765625
2026-07-03; 14:11:48; 542; 21; 40.19; 1011.94140625; 13.8173828125
2026-07-03; 14:12:48; 577; 26; 40.13; 1011.9528125; 13.8623046875
2026-07-03; 14:13:48; 600; 30; 40.09; 1011.9546875; 13.931640625
2026-07-03; 14:14:49; 629; 34; 40.14; 1011.94; 13.875
2026-07-03; 14:15:49; 643; 37; 40.17; 1011.873125; 13.8642578125
2026-07-03; 14:16:49; 666; 40; 40.18; 1011.925546875; 13.8994140625
2026-07-03; 14:17:49; 690; 44; 40.19; 1011.8475; 13.8994140625
2026-07-03; 14:18:49; 733; 50; 40.16; 1012.029296875; 13.91015625
2026-07-03; 14:19:49; 768; 56; 40.15; 1011.9640625; 14.0048828125
2026-07-03; 14:20:49; 780; 57; 40.19; 1011.9987109375; 13.982421875
2026-07-03; 14:21:49; 817; 63; 40.11; 1011.9576953125; 14.0615234375
2026-07-03; 14:22:49; 848; 68; 40.11; 1011.8924609375; 14.0732421875
2026-07-03; 14:23:49; 891; 74; 40.02; 1012.0071875; 14.1416015625
2026-07-03; 14:24:49; 909; 77; 40.1; 1011.941875; 14.1201171875
2026-07-03; 14:25:49; 930; 80; 40.11; 1011.9211328125; 14.14453125
2026-07-03; 14:26:49; 977; 87; 40.17; 1011.9670703125; 14.087890625
2026-07-03; 14:27:49; 1035; 96; 40.05; 1011.9483203125; 14.212890625
2026-07-03; 14:28:49; 1095; 105; 40.11; 1011.9211328125; 14.16796875
2026-07-03; 14:29:49; 1153; 114; 39.96; 1011.9978125; 14.3046875
2026-07-03; 14:30:49; 1181; 118; 40.02; 1011.9578125; 14.248046875
2026-07-03; 14:31:49; 1220; 124; 40.03; 1011.90875; 14.259765625
2026-07-03; 14:32:49; 1259; 130; 40.06; 1011.9276171875; 14.248046875
2026-07-03; 14:33:49; 1302; 137; 40.04; 1011.903828125; 14.283203125
2026-07-03; 14:34:49; 1310; 138; 39.97; 1011.8990625; 14.33984375
2026-07-03; 14:35:49; 1356; 145; 39.96; 1011.9198046875; 14.38671875
2026-07-03; 14:36:49; 1420; 155; 39.91; 1011.8402734375; 14.4091796875
2026-07-03; 14:37:49; 1470; 163; 39.89; 1011.816484375; 14.455078125
2026-07-03; 14:38:49; 1497; 170; 39.88; 1011.90734375; 14.490234375
2026-07-03; 14:39:49; 1512; 179; 39.9; 1011.946953125; 14.443359375
2026-07-03; 14:40:49; 1526; 189; 39.91; 1011.86890625; 14.4794921875
2026-07-03; 14:41:49; 1536; 196; 39.9; 1011.8896484375; 14.478515625
2026-07-03; 14:42:49; 1543; 201; 39.85; 1011.9246875; 14.5126953125
2026-07-03; 14:43:49; 1544; 203; 39.86; 1011.8466796875; 14.5478515625
2026-07-03; 14:44:49; 1553; 209; 39.85; 1011.8387890625; 14.5244140625
2026-07-03; 14:45:49; 1564; 218; 39.81; 1011.8534375; 14.59375
2026-07-03; 14:46:49; 1583; 231; 39.76; 1011.917109375; 14.638671875
2026-07-03; 14:47:49; 1579; 228; 39.82; 1011.8979296875; 14.55859375
2026-07-03; 14:48:49; 1569; 221; 39.87; 1011.87046875; 14.466796875
2026-07-03; 14:49:49; 1569; 221; 39.82; 1011.8692578125; 14.5
2026-07-03; 14:50:49; 1569; 221; 39.74; 1011.856484375; 14.5908203125
2026-07-03; 14:51:49; 1576; 226; 39.7; 1011.8217578125; 14.61328125
2026-07-03; 14:52:49; 1576; 226; 39.71; 1011.923515625; 14.6015625
2026-07-03; 14:53:49; 1576; 226; 39.72; 1011.8534375; 14.6376953125
2026-07-03; 14:54:49; 1576; 226; 39.74; 1011.7705859375; 14.615234375
2026-07-03; 14:55:49; 1579; 228; 39.74; 1011.79921875; 14.5908203125
2026-07-03; 14:56:49; 1579; 228; 39.77; 1011.789765625; 14.5458984375
2026-07-03; 14:57:50; 1595; 240; 39.76; 1011.7818359375; 14.6513671875
2026-07-03; 14:58:50; 1611; 256; 39.72; 1011.7675390625; 14.6728515625
2026-07-03; 14:59:50; 1619; 263; 39.64; 1011.76296875; 14.7880859375
2026-07-03; 15:00:50; 1637; 279; 39.61; 1011.8092578125; 14.810546875
2026-07-03; 15:01:50; 1647; 287; 39.62; 1011.7312890625; 14.822265625
2026-07-03; 15:02:50; 1665; 304; 39.62; 1011.710546875; 14.822265625
2026-07-03; 15:03:50; 1674; 313; 39.62; 1011.7312890625; 14.822265625
2026-07-03; 15:04:50; 1686; 324; 39.66; 1011.7739453125; 14.77734375
2026-07-03; 15:05:50; 1709; 348; 39.59; 1011.7772265625; 14.880859375
2026-07-03; 15:06:50; 1715; 354; 39.63; 1011.8123046875; 14.8349609375
2026-07-03; 15:07:50; 1726; 364; 39.62; 1011.796484375; 14.8466796875
2026-07-03; 15:08:50; 1738; 377; 39.64; 1011.7422265625; 14.8232421875
2026-07-03; 15:09:50; 1748; 389; 39.63; 1011.7757421875; 14.8349609375
2026-07-03; 15:10:50; 1743; 384; 39.61; 1011.7233203125; 14.869140625
2026-07-03; 15:11:50; 1754; 395; 39.62; 1011.61671875; 14.857421875
2026-07-03; 15:12:50; 1754; 395; 39.58; 1011.72453125; 14.8564453125
2026-07-03; 15:13:50; 1754; 395; 39.56; 1011.6928515625; 14.8671875
2026-07-03; 15:14:50; 1748; 389; 39.53; 1011.624609375; 14.890625
2026-07-03; 15:15:50; 1757; 400; 39.61; 1011.5722265625; 14.869140625
2026-07-03; 15:16:50; 1769; 413; 39.55; 1011.5990625; 14.92578125
2026-07-03; 15:17:50; 1769; 413; 39.55; 1011.5625; 14.890625
2026-07-03; 15:18:50; 1762; 405; 39.47; 1011.5865234375; 14.935546875
2026-07-03; 15:19:50; 1769; 413; 39.48; 1011.623046875; 14.958984375
2026-07-03; 15:20:50; 1769; 413; 39.5; 1011.62609375; 14.9833984375
2026-07-03; 15:21:50; 1771; 415; 39.54; 1011.661171875; 14.9375
2026-07-03; 15:22:50; 1775; 422; 39.51; 1011.670625; 14.9599609375
2026-07-03; 15:23:50; 1785; 434; 39.42; 1011.6501171875; 15.0625
2026-07-03; 15:24:50; 1785; 434; 39.43; 1011.6294140625; 15.00390625
2026-07-03; 15:25:50; 1793; 442; 39.44; 1011.653203125; 15.0283203125
2026-07-03; 15:26:50; 1799; 448; 39.4; 1011.589765625; 15.09765625
2026-07-03; 15:27:50; 1805; 456; 39.38; 1011.5291796875; 15.1201171875
2026-07-03; 15:28:50; 1815; 469; 39.41; 1011.5691015625; 15.07421875
2026-07-03; 15:29:50; 1815; 469; 39.43; 1011.5228125; 15.0751953125
2026-07-03; 15:30:50; 1823; 479; 39.46; 1011.54171875; 15.041015625
2026-07-03; 15:31:50; 1833; 493; 39.4; 1011.4752734375; 15.109375
2026-07-03; 15:32:50; 1838; 499; 39.42; 1011.4418359375; 15.09765625
2026-07-03; 15:33:50; 1838; 499; 39.43; 1011.4655859375; 15.0869140625
2026-07-03; 15:34:50; 1833; 493; 39.48; 1011.4512890625; 15.017578125
2026-07-03; 15:35:50; 1838; 499; 39.47; 1011.3575; 15.064453125
2026-07-03; 15:36:50; 1838; 499; 39.44; 1011.3017578125; 15.0869140625
2026-07-03; 15:37:50; 1833; 493; 39.4; 1011.3894140625; 15.0390625
2026-07-03; 15:38:50; 1823; 479; 39.41; 1011.29078125; 15.02734375
2026-07-03; 15:39:50; 1823; 479; 39.39; 1011.43875; 15.0625
2026-07-03; 15:40:51; 1823; 479; 39.36; 1011.3623046875; 15.1201171875
2026-07-03; 15:41:51; 1829; 487; 39.29; 1011.3655859375; 15.15234375
2026-07-03; 15:42:51; 1829; 487; 39.33; 1011.4292578125; 15.142578125
2026-07-03; 15:43:51; 1838; 499; 39.35; 1011.2812890625; 15.130859375
2026-07-03; 15:44:51; 1838; 499; 39.33; 1011.33546875; 15.1298828125
2026-07-03; 15:45:51; 1852; 518; 39.35; 1011.375078125; 15.119140625
2026-07-03; 15:46:51; 1852; 518; 39.32; 1011.4051953125; 15.1650390625
2026-07-03; 15:47:51; 1833; 493; 39.28; 1011.3704296875; 15.140625
2026-07-03; 15:48:51; 1811; 463; 39.33; 1011.3641015625; 15.0595703125
2026-07-03; 15:49:51; 1785; 434; 39.3; 1011.373515625; 15.08203125
2026-07-03; 15:50:51; 1775; 422; 39.27; 1011.3625; 15.0224609375
2026-07-03; 15:51:51; 1769; 413; 39.3; 1011.402109375; 15.0
2026-07-03; 15:52:51; 1754; 395; 39.3; 1011.373515625; 14.953125
2026-07-03; 15:53:51; 1735; 372; 39.33; 1011.33546875; 14.9775390625
2026-07-03; 15:54:51; 1715; 354; 39.3; 1011.2590234375; 14.91796875
2026-07-03; 15:55:51; 1704; 344; 39.28; 1011.2273046875; 14.9287109375
2026-07-03; 15:56:51; 1700; 338; 39.26; 1011.252890625; 14.9755859375
2026-07-03; 15:57:51; 1690; 329; 39.31; 1011.3034765625; 14.90625
2026-07-03; 15:58:51; 1681; 320; 39.32; 1011.27; 14.9189453125
2026-07-03; 15:59:51; 1686; 324; 39.27; 1011.2687109375; 15.0224609375
2026-07-03; 16:00:51; 1704; 344; 39.27; 1011.2766796875; 15.0693359375
2026-07-03; 16:01:51; 1715; 354; 39.27; 1011.2766796875; 15.0576171875
2026-07-03; 16:02:51; 1726; 364; 39.29; 1011.3290234375; 15.08203125
2026-07-03; 16:03:51; 1748; 389; 39.22; 1011.3116015625; 15.138671875
2026-07-03; 16:04:51; 1769; 413; 39.23; 1011.35609375; 15.150390625
2026-07-03; 16:05:51; 1785; 434; 39.19; 1011.349921875; 15.2314453125
2026-07-03; 16:06:51; 1805; 456; 39.23; 1011.2701953125; 15.173828125
2026-07-03; 16:07:51; 1811; 463; 39.23; 1011.2908984375; 15.197265625
2026-07-03; 16:08:51; 1823; 479; 39.26; 1011.252890625; 15.2099609375
2026-07-03; 16:09:51; 1833; 493; 39.22; 1011.3401953125; 15.208984375
2026-07-03; 16:10:51; 1833; 493; 39.2; 1011.3657421875; 15.2548828125
2026-07-03; 16:11:51; 1868; 542; 39.22; 1011.368828125; 15.220703125
2026-07-03; 16:12:51; 1875; 548; 39.22; 1011.4546875; 15.255859375
2026-07-03; 16:13:51; 1880; 555; 39.25; 1011.3877734375; 15.1396484375
2026-07-03; 16:14:51; 1829; 487; 39.29; 1011.4148828125; 15.0234375
2026-07-03; 16:15:51; 1811; 463; 39.26; 1011.3752734375; 15.0458984375
2026-07-03; 16:16:51; 1799; 448; 39.21; 1011.410234375; 15.115234375
2026-07-03; 16:17:51; 1780; 428; 39.2; 1011.394375; 15.1376953125
2026-07-03; 16:18:51; 1780; 428; 39.22; 1011.3401953125; 15.138671875
2026-07-03; 16:19:51; 1799; 448; 39.16; 1011.4451171875; 15.23046875
2026-07-03; 16:20:51; 1815; 469; 39.19; 1011.3416796875; 15.2197265625
2026-07-03; 16:21:51; 1833; 493; 39.2; 1011.3371484375; 15.2197265625
2026-07-03; 16:22:51; 1833; 493; 39.2; 1011.300625; 15.1962890625
2026-07-03; 16:23:52; 1823; 479; 39.24; 1011.2860546875; 15.126953125
2026-07-03; 16:24:52; 1823; 479; 39.19; 1011.29265625; 15.1962890625
2026-07-03; 16:25:52; 1833; 493; 39.21; 1011.29578125; 15.197265625
2026-07-03; 16:26:52; 1844; 507; 39.19; 1011.284453125; 15.1845703125
2026-07-03; 16:27:52; 1852; 518; 39.19; 1011.349921875; 15.2080078125
2026-07-03; 16:28:52; 1856; 524; 39.22; 1011.2830078125; 15.197265625
2026-07-03; 16:29:52; 1844; 507; 39.25; 1011.265390625; 15.1279296875
2026-07-03; 16:30:52; 1856; 524; 39.27; 1011.2766796875; 15.1513671875
2026-07-03; 16:31:52; 1868; 542; 39.27; 1011.248046875; 15.2109375
2026-07-03; 16:32:52; 1894; 576; 39.18; 1011.2479296875; 15.3134765625
2026-07-03; 16:33:52; 1914; 605; 39.13; 1011.233515625; 15.3466796875
2026-07-03; 16:34:52; 1931; 633; 39.2; 1011.1002734375; 15.2783203125
2026-07-03; 16:35:52; 1931; 633; 39.19; 1011.178203125; 15.2783203125
2026-07-03; 16:36:52; 1925; 623; 39.27; 1011.2194140625; 15.1865234375
2026-07-03; 16:37:52; 1931; 633; 39.26; 1011.16703125; 15.2451171875
2026-07-03; 16:38:52; 1938; 645; 39.25; 1011.1301953125; 15.2216796875
2026-07-03; 16:39:52; 1938; 645; 39.24; 1011.14296875; 15.2451171875
2026-07-03; 16:40:52; 1943; 653; 39.24; 1011.0857421875; 15.2451171875
2026-07-03; 16:41:52; 1938; 645; 39.16; 1011.0731640625; 15.30078125
2026-07-03; 16:42:52; 1919; 614; 39.15; 1011.135234375; 15.2646484375
2026-07-03; 16:43:52; 1906; 594; 39.19; 1011.17; 15.2314453125
2026-07-03; 16:44:52; 1906; 594; 39.18; 1011.10484375; 15.2314453125
2026-07-03; 16:45:52; 1919; 614; 39.15; 1011.1066015625; 15.3115234375
2026-07-03; 16:46:52; 1931; 633; 39.11; 1011.0584765625; 15.3818359375
2026-07-03; 16:47:52; 1943; 653; 39.17; 1011.0524609375; 15.2890625
2026-07-03; 16:48:52; 1925; 623; 39.24; 1010.9998828125; 15.1513671875
2026-07-03; 16:49:52; 1894; 576; 39.19; 1010.9696875; 15.1845703125
2026-07-03; 16:50:52; 1889; 570; 39.21; 1010.9158203125; 15.2197265625
2026-07-03; 16:51:52; 1894; 576; 39.27; 1010.9252734375; 15.0693359375
2026-07-03; 16:52:52; 1833; 493; 39.27; 1010.9332421875; 15.0810546875
2026-07-03; 16:53:52; 1856; 524; 39.28; 1010.9490625; 15.19921875
2026-07-03; 16:54:52; 1889; 570; 39.22; 1010.8458203125; 15.244140625
2026-07-03; 16:55:52; 1906; 594; 39.25; 1010.9791796875; 15.2451171875
2026-07-03; 16:56:52; 1925; 623; 39.21; 1010.9158203125; 15.2900390625
2026-07-03; 16:57:52; 1938; 645; 39.21; 1010.83; 15.326171875
2026-07-03; 16:58:52; 1957; 674; 39.19; 1010.920703125; 15.3369140625
2026-07-03; 16:59:52; 1973; 700; 39.23; 1010.8902734375; 15.302734375
2026-07-03; 17:00:52; 1986; 723; 39.22; 1010.9602734375; 15.326171875
2026-07-03; 17:01:52; 1999; 746; 39.2; 1010.87140625; 15.3603515625
2026-07-03; 17:02:52; 2004; 756; 39.24; 1010.9140234375; 15.3037109375
2026-07-03; 17:03:52; 2019; 781; 39.19; 1010.9124609375; 15.3955078125
2026-07-03; 17:04:52; 2019; 781; 39.15; 1010.8856640625; 15.4296875
2026-07-03; 17:05:53; 2014; 771; 39.16; 1010.901484375; 15.41796875
2026-07-03; 17:06:53; 2004; 756; 39.16; 1010.8935546875; 15.39453125
2026-07-03; 17:07:53; 2004; 756; 39.15; 1010.877734375; 15.3818359375
2026-07-03; 17:08:53; 2004; 756; 39.18; 1010.8680078125; 15.3603515625
2026-07-03; 17:09:53; 2014; 771; 39.24; 1010.90609375; 15.302734375
2026-07-03; 17:10:53; 2014; 771; 39.25; 1010.8440234375; 15.3505859375
2026-07-03; 17:11:53; 2019; 781; 39.28; 1010.8552734375; 15.31640625
2026-07-03; 17:12:53; 2019; 781; 39.26; 1010.8522265625; 15.3271484375
2026-07-03; 17:13:53; 2025; 794; 39.27; 1010.81875; 15.26953125
2026-07-03; 17:14:53; 2031; 803; 39.21; 1010.772734375; 15.384765625
2026-07-03; 17:15:53; 2031; 803; 39.23; 1010.8044140625; 15.3623046875
2026-07-03; 17:16:53; 2031; 803; 39.2; 1010.8506640625; 15.396484375
2026-07-03; 17:17:53; 2048; 823; 39.14; 1010.8123046875; 15.46484375
2026-07-03; 17:18:53; 2031; 803; 39.13; 1010.7471484375; 15.4404296875
2026-07-03; 17:19:53; 2056; 836; 39.17; 1010.6805078125; 15.4296875
2026-07-03; 17:20:53; 2062; 846; 39.17; 1010.6805078125; 15.4765625
2026-07-03; 17:21:53; 2078; 878; 39.22; 1010.7106640625; 15.384765625
2026-07-03; 17:22:53; 2088; 897; 39.26; 1010.7170703125; 15.375
2026-07-03; 17:23:53; 2092; 909; 39.2; 1010.6710546875; 15.4306640625
2026-07-03; 17:24:53; 2100; 922; 39.22; 1010.731328125; 15.396484375
2026-07-03; 17:25:53; 2092; 909; 39.15; 1010.742578125; 15.5
2026-07-03; 17:26:53; 2092; 909; 39.2; 1010.678984375; 15.443359375
2026-07-03; 17:27:53; 2100; 922; 39.26; 1010.6805078125; 15.421875
2026-07-03; 17:28:53; 2100; 922; 39.24; 1010.6199609375; 15.4326171875
2026-07-03; 17:29:53; 2114; 953; 39.22; 1010.6248046875; 15.443359375
2026-07-03; 17:30:53; 2110; 940; 39.23; 1010.61203125; 15.4091796875
2026-07-03; 17:31:53; 2114; 953; 39.28; 1010.626328125; 15.43359375
2026-07-03; 17:32:53; 2110; 940; 39.27; 1010.6391015625; 15.3515625
2026-07-03; 17:33:53; 2100; 922; 39.28; 1010.5976953125; 15.3984375
2026-07-03; 17:34:53; 2100; 922; 39.28; 1010.5976953125; 15.41015625
2026-07-03; 17:35:53; 2110; 940; 39.25; 1010.5864453125; 15.4208984375
2026-07-03; 17:36:53; 2110; 940; 39.28; 1010.5976953125; 15.38671875
2026-07-03; 17:37:53; 2110; 940; 39.27; 1010.5898046875; 15.3984375
2026-07-03; 17:38:53; 2100; 922; 39.25; 1010.578515625; 15.4208984375
2026-07-03; 17:39:53; 2122; 969; 39.27; 1010.61046875; 15.41015625
2026-07-03; 17:40:53; 2122; 969; 39.3; 1010.608671875; 15.3994140625
2026-07-03; 17:41:53; 2128; 981; 39.27; 1010.61046875; 15.4453125
2026-07-03; 17:42:53; 2128; 981; 39.28; 1010.5690625; 15.43359375
2026-07-03; 17:43:53; 2146; 1022; 39.28; 1010.5976953125; 15.4453125
2026-07-03; 17:44:53; 2156; 1044; 39.26; 1010.5453515625; 15.421875
2026-07-03; 17:45:53; 2156; 1044; 39.31; 1010.567265625; 15.4228515625
2026-07-03; 17:46:53; 2156; 1044; 39.31; 1010.502109375; 15.3994140625
2026-07-03; 17:47:53; 2146; 1022; 39.27; 1010.5325390625; 15.41015625
2026-07-03; 17:48:54; 2138; 1005; 39.28; 1010.4832421875; 15.41015625
2026-07-03; 17:49:54; 2128; 981; 39.25; 1010.4926953125; 15.4443359375
2026-07-03; 17:50:54; 2122; 969; 39.23; 1010.489609375; 15.4677734375
2026-07-03; 17:51:54; 2122; 969; 39.28; 1010.454609375; 15.421875
2026-07-03; 17:52:54; 2128; 981; 39.25; 1010.471953125; 15.4443359375
2026-07-03; 17:53:54; 2070; 865; 39.27; 1010.5246484375; 15.2578125
2026-07-03; 17:54:54; 2031; 803; 39.26; 1010.4308984375; 15.3984375
2026-07-03; 17:55:54; 2031; 803; 39.25; 1010.4640625; 15.3857421875
2026-07-03; 17:56:54; 1999; 746; 39.22; 1010.531015625; 15.361328125
2026-07-03; 17:57:54; 1986; 723; 39.27; 1010.467421875; 15.36328125
2026-07-03; 17:58:54; 1993; 734; 39.26; 1010.4515625; 15.375
2026-07-03; 17:59:54; 2019; 781; 39.25; 1010.4926953125; 15.4208984375
2026-07-03; 18:00:54; 2056; 836; 39.2; 1010.507265625; 15.513671875
2026-07-03; 18:01:54; 2088; 897; 39.18; 1010.4387890625; 15.5361328125
2026-07-03; 18:02:54; 2100; 922; 39.22; 1010.473828125; 15.478515625
2026-07-03; 18:03:54; 2122; 969; 39.19; 1010.3687890625; 15.5478515625
2026-07-03; 18:04:54; 2128; 981; 39.15; 1010.419921875; 15.55859375
2026-07-03; 18:05:54; 2146; 1022; 39.15; 1010.419921875; 15.58203125
2026-07-03; 18:06:54; 2156; 1044; 39.18; 1010.360859375; 15.5478515625
2026-07-03; 18:07:54; 2146; 1022; 39.17; 1010.2878125; 15.5361328125
2026-07-03; 18:08:54; 2138; 1005; 39.15; 1010.370625; 15.53515625
2026-07-03; 18:09:54; 2122; 969; 39.16; 1010.4150390625; 15.5244140625
2026-07-03; 18:10:54; 2100; 922; 39.16; 1010.3578515625; 15.5126953125
2026-07-03; 18:11:54; 2110; 940; 39.09; 1010.34015625; 15.603515625
2026-07-03; 18:12:54; 2122; 969; 39.09; 1010.360859375; 15.580078125
2026-07-03; 18:13:54; 2122; 969; 39.12; 1010.2655859375; 15.5693359375
2026-07-03; 18:14:54; 2128; 981; 39.13; 1010.37515625; 15.5703125
2026-07-03; 18:15:54; 2128; 981; 39.16; 1010.4071484375; 15.58203125
2026-07-03; 18:16:54; 2138; 1005; 39.16; 1010.378515625; 15.5703125
2026-07-03; 18:17:54; 2122; 969; 39.14; 1010.2972265625; 15.53515625
2026-07-03; 18:18:54; 2092; 909; 39.11; 1010.343203125; 15.5458984375
2026-07-03; 18:19:54; 2092; 909; 39.13; 1010.3386328125; 15.5458984375
2026-07-03; 18:20:54; 2110; 940; 39.11; 1010.3145703125; 15.6044921875
2026-07-03; 18:21:54; 2092; 909; 39.14; 1010.3830859375; 15.546875
2026-07-03; 18:22:54; 2025; 794; 39.12; 1010.4086328125; 15.4521484375
2026-07-03; 18:23:54; 2014; 771; 39.18; 1010.3243359375; 15.4306640625
2026-07-03; 18:24:54; 2004; 756; 39.13; 1010.395859375; 15.5224609375
2026-07-03; 18:25:54; 1993; 734; 39.12; 1010.3800390625; 15.5458984375
2026-07-03; 18:26:54; 2014; 771; 39.16; 1010.3005859375; 15.5244140625
2026-07-03; 18:27:54; 2019; 781; 39.14; 1010.325859375; 15.51171875
2026-07-03; 18:28:54; 1986; 723; 39.13; 1010.395859375; 15.5107421875
2026-07-03; 18:29:54; 1973; 700; 39.13; 1010.367265625; 15.4873046875
2026-07-03; 18:30:54; 1973; 700; 39.14; 1010.3830859375; 15.5
2026-07-03; 18:31:55; 1993; 734; 39.16; 1010.32921875; 15.5009765625
2026-07-03; 18:32:55; 1986; 723; 39.08; 1010.3529296875; 15.568359375
2026-07-03; 18:33:55; 1993; 734; 39.13; 1010.367265625; 15.5810546875
2026-07-03; 18:34:55; 1999; 746; 39.14; 1010.2686328125; 15.546875
2026-07-03; 18:35:55; 2004; 756; 39.1; 1010.262265625; 15.591796875
2026-07-03; 18:36:55; 2014; 771; 39.12; 1010.2655859375; 15.5576171875
2026-07-03; 18:37:55; 2014; 771; 39.11; 1010.249453125; 15.5458984375
2026-07-03; 18:38:55; 2014; 771; 39.18; 1010.3243359375; 15.5361328125
2026-07-03; 18:39:55; 2014; 771; 39.23; 1010.260703125; 15.4560546875
2026-07-03; 18:40:55; 2004; 756; 39.19; 1010.2829296875; 15.5009765625
2026-07-03; 18:41:55; 2004; 756; 39.14; 1010.2972265625; 15.5234375
2026-07-03; 18:42:55; 1993; 734; 39.13; 1010.232109375; 15.5234375
2026-07-03; 18:43:55; 1986; 723; 39.11; 1010.2573828125; 15.5224609375
2026-07-03; 18:44:55; 1978; 709; 39.06; 1010.3212890625; 15.5673828125
2026-07-03; 18:45:55; 1919; 614; 39.07; 1010.271953125; 15.5087890625
2026-07-03; 18:46:55; 1906; 594; 39.07; 1010.2798828125; 15.5908203125
2026-07-03; 18:47:55; 1914; 605; 39.06; 1010.313359375; 15.5556640625
2026-07-03; 18:48:55; 1925; 623; 39.01; 1010.2132421875; 15.6240234375
2026-07-03; 18:49:55; 1925; 623; 38.98; 1010.27984375; 15.599609375
2026-07-03; 18:50:55; 1919; 614; 38.99; 1010.2959765625; 15.6123046875
2026-07-03; 18:51:55; 1925; 623; 38.96; 1010.2402734375; 15.6572265625
2026-07-03; 18:52:55; 1938; 645; 38.98; 1010.3005078125; 15.681640625
2026-07-03; 18:53:55; 1943; 653; 38.96; 1010.2195703125; 15.658203125
2026-07-03; 18:54:55; 1938; 645; 38.96; 1010.2688671875; 15.7041015625
2026-07-03; 18:55:55; 1943; 653; 38.93; 1010.2292578125; 15.7158203125
2026-07-03; 18:56:55; 1943; 653; 38.92; 1010.2134765625; 15.703125
2026-07-03; 18:57:55; 1938; 645; 38.93; 1010.200703125; 15.6806640625
2026-07-03; 18:58:55; 1943; 653; 38.91; 1010.21796875; 15.73828125
2026-07-03; 18:59:55; 1965; 687; 38.94; 1010.27375; 15.7041015625
2026-07-03; 19:00:55; 1973; 700; 38.96; 1010.2975; 15.7158203125
2026-07-03; 19:01:55; 1973; 700; 38.92; 1010.2134765625; 15.73828125
2026-07-03; 19:02:55; 1973; 700; 38.94; 1010.2451171875; 15.7041015625
2026-07-03; 19:03:55; 1965; 687; 38.9; 1010.3166015625; 15.7958984375
2026-07-03; 19:04:55; 1957; 674; 38.89; 1010.2435546875; 15.7958984375
2026-07-03; 19:05:55; 1951; 665; 38.89; 1010.214921875; 15.7841796875
2026-07-03; 19:06:55; 1931; 633; 38.78; 1010.256484375; 15.828125
2026-07-03; 19:07:55; 1914; 605; 38.77; 1010.3547265625; 15.7919921875
2026-07-03; 19:08:55; 1906; 594; 38.76; 1010.33890625; 15.8623046875
2026-07-03; 19:09:55; 1900; 586; 38.8; 1010.3453515625; 15.8515625
2026-07-03; 19:10:55; 1906; 594; 38.81; 1010.29609375; 15.8291015625
2026-07-03; 19:11:55; 1914; 605; 38.81; 1010.3040234375; 15.8173828125
2026-07-03; 19:12:55; 1900; 586; 38.82; 1010.2340234375; 15.7939453125
2026-07-03; 19:13:55; 1906; 594; 38.81; 1010.3246875; 15.8408203125
2026-07-03; 19:14:56; 1906; 594; 38.77; 1010.3754296875; 15.8857421875
2026-07-03; 19:15:56; 1900; 586; 38.79; 1010.38671875; 15.83984375
2026-07-03; 19:16:56; 1894; 576; 38.76; 1010.22453125; 15.8740234375
2026-07-03; 19:17:56; 1889; 570; 38.75; 1010.31515625; 15.861328125
2026-07-03; 19:18:56; 1875; 548; 38.76; 1010.3309765625; 15.8505859375
2026-07-03; 19:19:56; 1868; 542; 38.7; 1010.3211328125; 15.9072265625
2026-07-03; 19:20:56; 1868; 542; 38.66; 1010.294296875; 15.9521484375
2026-07-03; 19:21:56; 1861; 531; 38.68; 1010.3259765625; 15.90625
2026-07-03; 19:22:56; 1861; 531; 38.68; 1010.289453125; 15.953125
2026-07-03; 19:23:56; 1833; 493; 38.67; 1010.3021875; 15.8935546875
2026-07-03; 19:24:56; 1805; 456; 38.69; 1010.33390625; 15.87109375
2026-07-03; 19:25:56; 1793; 442; 38.64; 1010.3483984375; 15.9990234375
2026-07-03; 19:26:56; 1775; 422; 38.66; 1010.322890625; 15.9169921875
2026-07-03; 19:27:56; 1775; 422; 38.67; 1010.3594140625; 15.9169921875
2026-07-03; 19:28:56; 1793; 442; 38.68; 1010.3545703125; 15.953125
2026-07-03; 19:29:56; 1805; 456; 38.65; 1010.3928125; 15.9638671875
2026-07-03; 19:30:56; 1811; 463; 38.66; 1010.437265625; 15.9404296875
2026-07-03; 19:31:56; 1805; 456; 38.65; 1010.3642578125; 15.9755859375
2026-07-03; 19:32:56; 1793; 442; 38.59; 1010.362578125; 15.9619140625
2026-07-03; 19:33:56; 1805; 456; 38.61; 1010.386328125; 15.9970703125
2026-07-03; 19:34:56; 1811; 463; 38.59; 1010.362578125; 16.0087890625
2026-07-03; 19:35:56; 1815; 469; 38.57; 1010.3880859375; 16.06640625
2026-07-03; 19:36:56; 1823; 479; 38.56; 1010.4291015625; 16.08984375
2026-07-03; 19:37:56; 1829; 487; 38.55; 1010.3481640625; 16.1005859375
2026-07-03; 19:38:56; 1844; 507; 38.56; 1010.363984375; 16.11328125
2026-07-03; 19:39:56; 1852; 518; 38.54; 1010.397421875; 16.1357421875
2026-07-03; 19:40:56; 1856; 524; 38.49; 1010.3957421875; 16.1572265625
2026-07-03; 19:41:56; 1852; 518; 38.49; 1010.432265625; 16.1337890625
2026-07-03; 19:42:56; 1861; 531; 38.46; 1010.441875; 16.1796875
2026-07-03; 19:43:56; 1861; 531; 38.46; 1010.4625390625; 16.203125
2026-07-03; 19:44:56; 1868; 542; 38.46; 1010.4339453125; 16.19140625
2026-07-03; 19:45:56; 1875; 548; 38.45; 1010.3688671875; 16.21484375
2026-07-03; 19:46:56; 1868; 542; 38.44; 1010.4101953125; 16.2021484375
2026-07-03; 19:47:56; 1856; 524; 38.45; 1010.38953125; 16.203125
2026-07-03; 19:48:56; 1861; 531; 38.45; 1010.3688671875; 16.19140625
2026-07-03; 19:49:56; 1833; 493; 38.43; 1010.3940234375; 16.1787109375
2026-07-03; 19:50:56; 1829; 487; 38.42; 1010.34171875; 16.2255859375
2026-07-03; 19:51:56; 1799; 448; 38.42; 1010.3702734375; 16.2021484375
2026-07-03; 19:52:56; 1805; 456; 38.37; 1010.3847265625; 16.2587890625
2026-07-03; 19:53:56; 1805; 456; 38.36; 1010.3685546875; 16.2587890625
2026-07-03; 19:54:56; 1799; 448; 38.34; 1010.328984375; 16.31640625
2026-07-03; 19:55:56; 1811; 463; 38.34; 1010.2432421875; 16.328125
2026-07-03; 19:56:56; 1815; 469; 38.36; 1010.3034765625; 16.29296875
2026-07-03; 19:57:57; 1823; 479; 38.34; 1010.336875; 16.328125
2026-07-03; 19:58:57; 1823; 479; 38.33; 1010.313125; 16.3271484375
2026-07-03; 19:59:57; 1829; 487; 38.31; 1010.2607421875; 16.3505859375
2026-07-03; 20:00:57; 1829; 487; 38.26; 1010.2748828125; 16.4072265625
2026-07-03; 20:01:57; 1829; 487; 38.2; 1010.285546875; 16.498046875
2026-07-03; 20:02:57; 1833; 493; 38.21; 1010.2728515625; 16.4521484375
2026-07-03; 20:03:57; 1844; 507; 38.19; 1010.30625; 16.451171875
2026-07-03; 20:04:57; 1844; 507; 38.18; 1010.2332421875; 16.486328125
2026-07-03; 20:05:57; 1844; 507; 38.16; 1010.2790234375; 16.5322265625
2026-07-03; 20:06:57; 1844; 507; 38.11; 1010.321953125; 16.5654296875
2026-07-03; 20:07:57; 1838; 499; 38.11; 1010.28546875; 16.5654296875
2026-07-03; 20:08:57; 1838; 499; 38.07; 1010.343984375; 16.6220703125
2026-07-03; 20:09:57; 1844; 507; 38.03; 1010.2805859375; 16.65625
2026-07-03; 20:10:57; 1838; 499; 37.98; 1010.3517578125; 16.666015625
2026-07-03; 20:11:57; 1852; 518; 38.0; 1010.346953125; 16.677734375
2026-07-03; 20:12:57; 1852; 518; 37.99; 1010.33109375; 16.701171875
2026-07-03; 20:13:57; 1856; 524; 37.97; 1010.3073046875; 16.701171875
2026-07-03; 20:14:57; 1852; 518; 37.94; 1010.3372265625; 16.74609375
2026-07-03; 20:15:57; 1852; 518; 37.88; 1010.270390625; 16.791015625
2026-07-03; 20:16:57; 1852; 518; 37.86; 1010.3037109375; 16.8134765625
2026-07-03; 20:17:57; 1852; 518; 37.81; 1010.2526953125; 16.8818359375
2026-07-03; 20:18:57; 1852; 518; 37.75; 1010.3365234375; 16.9150390625
2026-07-03; 20:19:57; 1852; 518; 37.75; 1010.3000390625; 16.9384765625
2026-07-03; 20:20:57; 1852; 518; 37.7; 1010.3425390625; 16.9833984375
2026-07-03; 20:21:57; 1856; 524; 37.68; 1010.2251953125; 17.005859375
2026-07-03; 20:22:57; 1856; 524; 37.64; 1010.3327734375; 17.0400390625
2026-07-03; 20:23:57; 1856; 524; 37.61; 1010.342265625; 17.0498046875
2026-07-03; 20:24:57; 1856; 524; 37.61; 1010.3055078125; 17.0732421875
2026-07-03; 20:25:57; 1852; 518; 37.58; 1010.351484375; 17.095703125
2026-07-03; 20:26:57; 1852; 518; 37.54; 1010.4304296875; 17.1416015625
2026-07-03; 20:27:57; 1856; 524; 37.51; 1010.3543359375; 17.1513671875
2026-07-03; 20:28:57; 1844; 507; 37.48; 1010.3717578125; 17.197265625
2026-07-03; 20:29:57; 1833; 493; 37.46; 1010.3968359375; 17.1845703125
2026-07-03; 20:30:57; 1829; 487; 37.41; 1010.346015625; 17.2412109375
2026-07-03; 20:31:57; 1811; 463; 37.41; 1010.3095703125; 17.2646484375
2026-07-03; 20:32:57; 1815; 469; 37.4; 1010.41546875; 17.2880859375
2026-07-03; 20:33:57; 1811; 463; 37.38; 1010.3758203125; 17.298828125
2026-07-03; 20:34:57; 1799; 448; 37.33; 1010.3897265625; 17.3671875
2026-07-03; 20:35:57; 1793; 442; 37.33; 1010.4673828125; 17.3310546875
2026-07-03; 20:36:57; 1780; 428; 37.29; 1010.4321484375; 17.365234375
2026-07-03; 20:37:57; 1771; 415; 37.29; 1010.4606640625; 17.412109375
2026-07-03; 20:38:57; 1769; 413; 37.25; 1010.40484375; 17.38671875
2026-07-03; 20:39:58; 1762; 405; 37.22; 1010.4428125; 17.4443359375
2026-07-03; 20:40:58; 1757; 400; 37.18; 1010.472578125; 17.466796875
2026-07-03; 20:41:58; 1743; 384; 37.16; 1010.4123046875; 17.5009765625
2026-07-03; 20:42:58; 1738; 377; 37.14; 1010.4296875; 17.5341796875
2026-07-03; 20:43:58; 1726; 364; 37.11; 1010.381796875; 17.533203125
2026-07-03; 20:44:58; 1726; 364; 37.08; 1010.4846875; 17.556640625
2026-07-03; 20:45:58; 1715; 354; 37.06; 1010.45296875; 17.625
2026-07-03; 20:46:58; 1715; 354; 37.01; 1010.4873828125; 17.634765625
2026-07-03; 20:47:58; 1709; 348; 36.99; 1010.51234375; 17.658203125
2026-07-03; 20:48:58; 1709; 348; 36.96; 1010.521796875; 17.703125
2026-07-03; 20:49:58; 1700; 338; 36.92; 1010.46625; 17.736328125
2026-07-03; 20:50:58; 1695; 334; 36.85; 1010.431796875; 17.8154296875
2026-07-03; 20:51:58; 1695; 334; 36.84; 1010.5014453125; 17.8154296875
2026-07-03; 20:52:58; 1700; 338; 36.83; 1010.4934765625; 17.802734375
2026-07-03; 20:53:58; 1695; 334; 36.82; 1010.498203125; 17.837890625
2026-07-03; 20:54:58; 1690; 329; 36.8; 1010.502890625; 17.8720703125
2026-07-03; 20:55:58; 1681; 320; 36.76; 1010.5816015625; 17.9169921875
2026-07-03; 20:56:58; 1681; 320; 36.71; 1010.4733984375; 17.9267578125
2026-07-03; 20:57:58; 1669; 308; 36.69; 1010.498671875; 17.9609375
2026-07-03; 20:58:58; 1669; 308; 36.63; 1010.4395703125; 18.041015625
2026-07-03; 20:59:58; 1674; 313; 36.6; 1010.526484375; 18.0849609375
2026-07-03; 21:00:58; 1674; 313; 36.57; 1010.50703125; 18.0732421875
2026-07-03; 21:01:58; 1674; 313; 36.57; 1010.5640234375; 18.142578125
2026-07-03; 21:02:58; 1686; 324; 36.52; 1010.578046875; 18.1181640625
2026-07-03; 21:03:58; 1690; 329; 36.51; 1010.533671875; 18.17578125
2026-07-03; 21:04:58; 1690; 329; 36.5; 1010.488984375; 18.2333984375
2026-07-03; 21:05:58; 1695; 334; 36.48; 1010.534765625; 18.197265625
2026-07-03; 21:06:58; 1704; 344; 36.5; 1010.5665234375; 18.2333984375
2026-07-03; 21:07:58; 1709; 348; 36.41; 1010.6670703125; 18.3232421875
2026-07-03; 21:08:58; 1715; 354; 36.44; 1010.564375; 18.30078125
2026-07-03; 21:09:58; 1721; 359; 36.41; 1010.63859375; 18.3115234375
2026-07-03; 21:10:58; 1726; 364; 36.31; 1010.6136328125; 18.400390625
2026-07-03; 21:11:58; 1726; 364; 36.31; 1010.58515625; 18.400390625
2026-07-03; 21:12:58; 1735; 372; 36.3; 1010.6623828125; 18.435546875
2026-07-03; 21:13:58; 1735; 372; 36.28; 1010.6305859375; 18.3642578125
2026-07-03; 21:14:58; 1735; 372; 36.27; 1010.5862109375; 18.4453125
2026-07-03; 21:15:58; 1735; 372; 36.22; 1010.6124609375; 18.490234375
2026-07-03; 21:16:58; 1735; 372; 36.2; 1010.694609375; 18.55859375
2026-07-03; 21:17:58; 1735; 372; 36.18; 1010.6628125; 18.5810546875
2026-07-03; 21:18:58; 1738; 377; 36.13; 1010.6764453125; 18.6259765625
2026-07-03; 21:19:58; 1743; 384; 36.1; 1010.6651953125; 18.58984375
2026-07-03; 21:20:58; 1743; 384; 36.1; 1010.7138671875; 18.66015625
2026-07-03; 21:21:58; 1743; 384; 36.03; 1010.7244921875; 18.6689453125
2026-07-03; 21:22:59; 1743; 384; 36.02; 1010.7573046875; 18.75
2026-07-03; 21:23:59; 1748; 389; 36.02; 1010.7003515625; 18.71484375
2026-07-03; 21:24:59; 1743; 384; 35.95; 1010.7390625; 18.7470703125
2026-07-03; 21:25:59; 1748; 389; 35.96; 1010.74703125; 18.8291015625
2026-07-03; 21:26:59; 1743; 384; 35.92; 1010.748359375; 18.8505859375
2026-07-03; 21:27:59; 1748; 389; 35.89; 1010.7569921875; 18.9189453125
2026-07-03; 21:28:59; 1748; 389; 35.87; 1010.72515625; 18.94140625
2026-07-03; 21:29:59; 1748; 389; 35.86; 1010.745703125; 18.91796875
2026-07-03; 21:30:59; 1748; 389; 35.84; 1010.770859375; 19.0107421875
2026-07-03; 21:31:59; 1748; 389; 35.78; 1010.788984375; 18.99609375
2026-07-03; 21:32:59; 1748; 389; 35.73; 1010.7661328125; 19.0986328125
2026-07-03; 21:33:59; 1748; 389; 35.68; 1010.8491015625; 19.1552734375
2026-07-03; 21:34:59; 1743; 384; 35.68; 1010.9139453125; 19.0966796875
2026-07-03; 21:35:59; 1748; 389; 35.71; 1010.9255859375; 19.0517578125
2026-07-03; 21:36:59; 1748; 389; 35.71; 1010.897109375; 19.1328125
2026-07-03; 21:37:59; 1748; 389; 35.65; 1010.8947265625; 19.142578125
2026-07-03; 21:38:59; 1748; 389; 35.63; 1010.94828125; 19.2109375
2026-07-03; 21:39:59; 1748; 389; 35.58; 1010.953828125; 19.3134765625
2026-07-03; 21:40:59; 1748; 389; 35.58; 1010.9333203125; 19.267578125
2026-07-03; 21:41:59; 1748; 389; 35.58; 1011.010703125; 19.2900390625
2026-07-03; 21:42:59; 1748; 389; 35.57; 1010.909453125; 19.2783203125
2026-07-03; 21:43:59; 1748; 389; 35.55; 1010.9342578125; 19.32421875
2026-07-03; 21:44:59; 1748; 389; 35.5; 1010.996953125; 19.3681640625
2026-07-03; 21:45:59; 1748; 389; 35.47; 1010.9773828125; 19.37890625
2026-07-03; 21:46:59; 1743; 384; 35.42; 1010.9911328125; 19.5048828125
2026-07-03; 21:47:59; 1748; 389; 35.4; 1010.9871875; 19.5498046875
2026-07-03; 21:48:59; 1754; 395; 35.39; 1010.9633203125; 19.548828125
2026-07-03; 21:49:59; 1754; 395; 35.33; 1011.0541015625; 19.5361328125
2026-07-03; 21:50:59; 1754; 395; 35.31; 1011.107578125; 19.5810546875
2026-07-03; 21:51:59; 1748; 389; 35.33; 1011.1678515625; 19.6171875
2026-07-03; 21:52:59; 1754; 395; 35.3; 1011.1201171875; 19.638671875
2026-07-03; 21:53:59; 1754; 395; 35.28; 1011.08828125; 19.603515625
2026-07-03; 21:54:59; 1757; 400; 35.29; 1011.24640625; 19.662109375
2026-07-03; 21:55:59; 1757; 400; 35.23; 1011.2075; 19.751953125
2026-07-03; 21:56:59; 1757; 400; 35.19; 1011.249296875; 19.7041015625
2026-07-03; 21:57:59; 1757; 400; 35.27; 1011.206328125; 19.7421875
2026-07-03; 21:58:59; 1754; 395; 35.17; 1011.2175; 19.69140625
2026-07-03; 21:59:59; 1748; 389; 35.18; 1011.269765625; 19.7265625
2026-07-03; 22:00:59; 1754; 395; 35.17; 1011.1969921875; 19.8076171875
2026-07-03; 22:01:59; 1748; 389; 35.18; 1011.290234375; 19.8076171875
2026-07-03; 22:02:59; 1748; 389; 35.15; 1011.299375; 19.818359375
2026-07-03; 22:03:59; 1748; 389; 35.08; 1011.2604296875; 19.955078125
2026-07-03; 22:04:59; 1748; 389; 35.08; 1011.317265625; 19.873046875
2026-07-03; 22:06:00; 1743; 384; 35.07; 1011.358203125; 20.0244140625
2026-07-03; 22:07:00; 1748; 389; 35.01; 1011.37609375; 19.9521484375
2026-07-03; 22:08:00; 1743; 384; 35.0; 1011.38859375; 20.033203125
2026-07-03; 22:09:00; 1743; 384; 35.0; 1011.351875; 20.0673828125
2026-07-03; 22:10:00; 1743; 384; 34.94; 1011.4633203125; 20.052734375
2026-07-03; 22:11:00; 1743; 384; 34.97; 1011.361015625; 20.0888671875
2026-07-03; 22:12:00; 1738; 377; 34.92; 1011.402734375; 20.1337890625
2026-07-03; 22:13:00; 1743; 384; 34.92; 1011.402734375; 20.052734375
2026-07-03; 22:14:00; 1738; 377; 34.87; 1011.436484375; 20.212890625
2026-07-03; 22:15:00; 1738; 377; 34.86; 1011.477109375; 20.2587890625
2026-07-03; 22:16:00; 1738; 377; 34.84; 1011.5020703125; 20.3037109375
2026-07-03; 22:17:00; 1738; 377; 34.81; 1011.5475; 20.2802734375
2026-07-03; 22:18:00; 1743; 384; 34.85; 1011.5100390625; 20.26953125
2026-07-03; 22:19:00; 1738; 377; 34.86; 1011.440703125; 20.2001953125
2026-07-03; 22:20:00; 1738; 377; 34.82; 1011.5633984375; 20.2685546875
2026-07-03; 22:21:00; 1738; 377; 34.83; 1011.54296875; 20.234375
2026-07-03; 22:22:00; 1738; 377; 34.75; 1011.536875; 20.3466796875
2026-07-03; 22:23:00; 1738; 377; 34.71; 1011.5865234375; 20.4609375
2026-07-03; 22:24:00; 1738; 377; 34.74; 1011.626640625; 20.416015625
2026-07-03; 22:25:00; 1735; 372; 34.72; 1011.5455859375; 20.49609375
2026-07-03; 22:26:00; 1735; 372; 34.71; 1011.614921875; 20.5419921875
2026-07-03; 22:27:00; 1726; 364; 34.67; 1011.63640625; 20.5283203125
2026-07-03; 22:28:00; 1726; 364; 34.66; 1011.64890625; 20.59765625
2026-07-03; 22:29:00; 1726; 364; 34.65; 1011.575859375; 20.5283203125
2026-07-03; 22:30:00; 1721; 359; 34.65; 1011.6042578125; 20.4814453125
2026-07-03; 22:31:00; 1715; 354; 34.63; 1011.5644140625; 20.642578125
2026-07-03; 22:32:00; 1715; 354; 34.61; 1011.589375; 20.607421875
2026-07-03; 22:33:00; 1715; 354; 34.58; 1011.6912890625; 20.6865234375
2026-07-03; 22:34:00; 1715; 354; 34.58; 1011.6628515625; 20.7216796875
2026-07-03; 22:35:00; 1715; 354; 34.55; 1011.5946484375; 20.6630859375
2026-07-03; 22:36:00; 1715; 354; 34.54; 1011.599140625; 20.765625
2026-07-03; 22:37:00; 1715; 354; 34.51; 1011.6158203125; 20.7421875
2026-07-03; 22:38:00; 1704; 344; 34.52; 1011.6036328125; 20.77734375
2026-07-03; 22:39:00; 1704; 344; 34.55; 1011.615078125; 20.744140625
2026-07-03; 22:40:00; 1700; 338; 34.52; 1011.66046875; 20.8349609375
2026-07-03; 22:41:00; 1709; 348; 34.5; 1011.65671875; 20.7998046875
2026-07-03; 22:42:00; 1704; 344; 34.47; 1011.6576953125; 20.8671875
2026-07-03; 22:43:00; 1704; 344; 34.45; 1011.7107421875; 20.9248046875
2026-07-03; 22:44:00; 1709; 348; 34.47; 1011.6293359375; 20.890625
2026-07-03; 22:45:00; 1709; 348; 34.45; 1011.739140625; 20.796875
2026-07-03; 22:46:00; 1709; 348; 34.42; 1011.691328125; 20.9931640625
2026-07-03; 22:47:00; 1704; 344; 34.41; 1011.675078125; 21.015625
2026-07-03; 22:48:00; 1704; 344; 34.39; 1011.651171875; 21.0146484375
2026-07-03; 22:49:01; 1704; 344; 34.39; 1011.764765625; 21.0146484375
2026-07-03; 22:50:01; 1709; 348; 34.38; 1011.68375; 21.072265625
2026-07-03; 22:51:01; 1704; 344; 34.36; 1011.76546875; 21.0830078125
2026-07-03; 22:52:01; 1704; 344; 34.38; 1011.68375; 21.072265625
2026-07-03; 22:53:01; 1704; 344; 34.34; 1011.7051953125; 21.09375
2026-07-03; 22:54:01; 1704; 344; 34.31; 1011.7218359375; 21.162109375
2026-07-03; 22:55:01; 1709; 348; 34.3; 1011.6775; 21.1259765625
2026-07-03; 22:56:01; 1704; 344; 34.3; 1011.7626953125; 21.1611328125
2026-07-03; 22:57:01; 1704; 344; 34.32; 1011.7869140625; 21.197265625
2026-07-03; 22:58:01; 1709; 348; 34.29; 1011.7183203125; 21.18359375
2026-07-03; 22:59:01; 1715; 354; 34.26; 1011.7841015625; 21.228515625
2026-07-03; 23:00:01; 1709; 348; 34.29; 1011.77515625; 21.20703125
2026-07-03; 23:01:01; 1709; 348; 34.24; 1011.7803125; 21.296875
2026-07-03; 23:02:01; 1715; 354; 34.23; 1011.7439453125; 21.2626953125
2026-07-03; 23:03:01; 1721; 359; 34.24; 1011.7803125; 21.2509765625
2026-07-03; 23:04:01; 1715; 354; 34.2; 1011.659765625; 21.365234375
2026-07-03; 23:05:01; 1715; 354; 34.19; 1011.7573828125; 21.353515625
2026-07-03; 23:06:01; 1715; 354; 34.18; 1011.7494140625; 21.330078125
2026-07-03; 23:07:01; 1721; 359; 34.16; 1011.7455859375; 21.3984375
2026-07-03; 23:08:01; 1721; 359; 34.15; 1011.7296484375; 21.3974609375
2026-07-03; 23:09:01; 1721; 359; 34.15; 1011.7864453125; 21.4091796875
2026-07-03; 23:10:01; 1726; 364; 34.13; 1011.7465625; 21.3740234375
2026-07-03; 23:11:01; 1726; 364; 34.1; 1011.755234375; 21.4765625
2026-07-03; 23:12:01; 1735; 372; 34.11; 1011.8362109375; 21.4306640625
2026-07-03; 23:13:02; 1735; 372; 34.07; 1011.7153515625; 21.533203125
2026-07-03; 23:14:02; 1735; 372; 34.08; 1011.7596484375; 21.5107421875
2026-07-03; 23:15:02; 1738; 377; 34.08; 1011.75171875; 21.544921875
2026-07-03; 23:16:02; 1738; 377; 34.09; 1011.775625; 21.5458984375
2026-07-03; 23:17:02; 1748; 389; 34.08; 1011.75171875; 21.544921875
2026-07-03; 23:18:02; 1754; 395; 34.06; 1011.748203125; 21.5439453125
2026-07-03; 23:19:02; 1754; 395; 34.03; 1011.7568359375; 21.5888671875
2026-07-03; 23:20:02; 1757; 400; 34.02; 1011.72046875; 21.623046875
2026-07-03; 23:21:02; 1757; 400; 34.04; 1011.7727734375; 21.6357421875
2026-07-03; 23:22:02; 1769; 413; 34.0; 1011.7737109375; 21.6689453125
2026-07-03; 23:23:02; 1771; 415; 33.97; 1011.810703125; 21.7138671875
2026-07-03; 23:24:02; 1775; 422; 33.97; 1011.78234375; 21.6904296875
2026-07-03; 23:25:02; 1771; 415; 33.97; 1011.7622265625; 21.6904296875
2026-07-03; 23:26:02; 1780; 428; 33.95; 1011.778828125; 21.7470703125
2026-07-03; 23:27:02; 1780; 428; 33.95; 1011.7504296875; 21.712890625
2026-07-03; 23:28:02; 1785; 434; 33.96; 1011.7096484375; 21.7705078125
2026-07-03; 23:29:03; 1793; 442; 33.92; 1011.795703125; 21.78125
2026-07-04; 02:24:32; 400; 0; 32.11; 1012.2107421875; 25.1416015625
2026-07-04; 02:25:32; 403; 0; 32.15; 1012.1537890625; 25.109375
2026-07-04; 02:26:32; 400; 0; 32.14; 1012.16609375; 25.1201171875
2026-07-04; 02:27:32; 403; 0; 32.16; 1012.161796875; 25.09765625
2026-07-04; 02:28:32; 401; 0; 32.15; 1012.210390625; 25.12109375
2026-07-04; 02:29:32; 405; 0; 32.16; 1012.2183984375; 25.0859375
2026-07-04; 02:30:32; 400; 0; 32.16; 1012.1334765625; 25.109375
2026-07-04; 02:31:32; 400; 0; 32.18; 1012.14515625; 25.099609375
2026-07-04; 02:32:32; 400; 0; 32.17; 1012.18578125; 25.064453125
2026-07-04; 02:33:32; 402; 0; 32.13; 1012.2147265625; 25.142578125
2026-07-04; 02:34:32; 403; 0; 32.15; 1012.182109375; 25.12109375
2026-07-04; 02:35:32; 403; 0; 32.16; 1012.161796875; 25.109375
2026-07-04; 02:36:32; 407; 1; 32.15; 1012.182109375; 25.1435546875
2026-07-04; 02:37:32; 400; 0; 32.15; 1012.1537890625; 25.1435546875
2026-07-04; 02:38:32; 402; 0; 32.14; 1012.1944140625; 25.109375
2026-07-04; 02:39:32; 402; 0; 32.14; 1012.1944140625; 25.1318359375
2026-07-04; 02:40:33; 400; 0; 32.13; 1012.158125; 25.1201171875
2026-07-04; 02:41:33; 403; 0; 32.13; 1012.1218359375; 25.142578125
2026-07-04; 02:42:33; 400; 0; 32.12; 1012.134140625; 25.1416015625
2026-07-04; 02:43:33; 405; 0; 32.1; 1012.1867578125; 25.17578125
2026-07-04; 02:44:33; 405; 0; 32.12; 1012.162421875; 25.1650390625
2026-07-04; 02:45:33; 403; 0; 32.13; 1012.15015625; 25.1650390625
2026-07-04; 02:46:33; 403; 0; 32.11; 1012.1461328125; 25.1875
2026-07-04; 02:47:33; 400; 0; 32.11; 1012.1461328125; 25.17578125
2026-07-04; 02:48:33; 402; 0; 32.09; 1012.17078125; 25.1982421875
2026-07-04; 02:49:33; 402; 0; 32.05; 1012.1996875; 25.2314453125
2026-07-04; 02:50:33; 400; 0; 32.08; 1012.2396875; 25.220703125
2026-07-04; 02:51:33; 403; 0; 32.06; 1012.272265625; 25.2314453125
2026-07-04; 02:52:33; 403; 0; 32.04; 1012.2116796875; 25.2294921875
2026-07-04; 02:53:33; 403; 0; 32.04; 1012.1833984375; 25.2412109375
2026-07-04; 02:54:33; 403; 0; 32.01; 1012.1274609375; 25.2626953125
2026-07-04; 02:55:33; 456; 8; 32.03; 1012.2805859375; 25.263671875
2026-07-04; 02:56:33; 462; 9; 32.03; 1012.223984375; 25.2412109375
2026-07-04; 02:57:33; 462; 9; 32.02; 1012.17171875; 25.240234375
2026-07-04; 02:58:33; 452; 7; 32.02; 1012.2080078125; 25.2861328125
2026-07-04; 02:59:33; 452; 7; 32.01; 1012.24859375; 25.2861328125
2026-07-04; 03:00:33; 452; 7; 31.99; 1012.2166015625; 25.2958984375
2026-07-04; 03:01:33; 462; 9; 31.97; 1012.2126171875; 25.283203125
2026-07-04; 03:02:33; 456; 8; 31.99; 1012.2369140625; 25.2958984375
2026-07-04; 03:03:33; 462; 9; 31.98; 1012.2006640625; 25.3076171875
2026-07-04; 03:04:33; 456; 8; 31.99; 1012.2086328125; 25.2958984375
2026-07-04; 03:05:33; 462; 9; 31.98; 1012.220625; 25.318359375
2026-07-04; 03:06:33; 452; 7; 31.99; 1012.15203125; 25.2958984375
2026-07-04; 03:07:33; 465; 9; 31.98; 1012.1640625; 25.306640625
2026-07-04; 03:08:33; 452; 7; 31.99; 1012.2369140625; 25.2734375
2026-07-04; 03:09:33; 452; 7; 32.0; 1012.1397265625; 25.296875
2026-07-04; 03:10:33; 462; 9; 31.98; 1012.2572265625; 25.3193359375
2026-07-04; 03:11:33; 447; 7; 31.97; 1012.26921875; 25.318359375
2026-07-04; 03:12:33; 447; 7; 31.95; 1012.2089453125; 25.3173828125
2026-07-04; 03:13:33; 447; 7; 31.96; 1012.301796875; 25.3291015625
2026-07-04; 03:14:33; 456; 8; 31.97; 1012.2894921875; 25.294921875
2026-07-04; 03:15:33; 444; 6; 31.97; 1012.2612109375; 25.318359375
2026-07-04; 03:16:33; 447; 7; 31.93; 1012.261796875; 25.3505859375
2026-07-04; 03:17:33; 447; 7; 31.92; 1012.302421875; 25.349609375
2026-07-04; 03:18:33; 447; 7; 31.92; 1012.2661328125; 25.3388671875
2026-07-04; 03:19:33; 438; 5; 31.91; 1012.3709765625; 25.337890625
2026-07-04; 03:20:33; 444; 6; 31.91; 1012.3346875; 25.3486328125
2026-07-04; 03:21:33; 438; 5; 31.89; 1012.282421875; 25.3828125
2026-07-04; 03:22:34; 438; 5; 31.9; 1012.318671875; 25.37109375
2026-07-04; 03:23:34; 427; 4; 31.89; 1012.2461328125; 25.359375
2026-07-04; 03:24:34; 427; 4; 31.89; 1012.2744140625; 25.3828125
2026-07-04; 03:25:34; 427; 4; 31.9; 1012.3469921875; 25.37109375
2026-07-04; 03:26:34; 423; 3; 31.87; 1012.3353125; 25.359375
2026-07-04; 03:27:34; 418; 2; 31.87; 1012.2990234375; 25.3349609375
2026-07-04; 03:28:34; 418; 2; 31.88; 1012.2946875; 25.359375
2026-07-04; 03:29:34; 414; 2; 31.88; 1012.315; 25.359375
2026-07-04; 03:30:34; 409; 1; 31.88; 1012.26640625; 25.34765625
2026-07-04; 03:31:34; 409; 1; 31.9; 1012.318671875; 25.3603515625
2026-07-04; 03:32:34; 414; 2; 31.87; 1012.270703125; 25.3349609375
2026-07-04; 03:33:34; 407; 1; 31.85; 1012.2830078125; 25.380859375
2026-07-04; 03:34:34; 407; 1; 31.85; 1012.2750390625; 25.357421875
2026-07-04; 03:35:34; 407; 1; 31.87; 1012.3635546875; 25.3359375
2026-07-04; 03:36:34; 400; 0; 31.83; 1012.327578125; 25.390625
2026-07-04; 03:37:34; 402; 0; 31.83; 1012.3841015625; 25.3681640625
2026-07-04; 03:38:34; 400; 0; 31.84; 1012.3435546875; 25.3681640625
2026-07-04; 03:39:34; 405; 0; 31.83; 1012.3921484375; 25.3916015625
2026-07-04; 03:40:34; 405; 0; 31.82; 1012.3681640625; 25.4248046875
2026-07-04; 03:41:34; 405; 0; 31.82; 1012.404453125; 25.40234375
2026-07-04; 03:42:34; 405; 0; 31.79; 1012.37671875; 25.4228515625
2026-07-04; 03:43:34; 400; 0; 31.8; 1012.4492578125; 25.412109375
2026-07-04; 03:44:34; 400; 0; 31.81; 1012.4087109375; 25.3779296875
2026-07-04; 03:45:34; 400; 0; 31.78; 1012.45359375; 25.4111328125
2026-07-04; 03:46:34; 408; 1; 31.81; 1012.4087109375; 25.4130859375
2026-07-04; 03:47:34; 403; 0; 31.78; 1012.4252734375; 25.4453125
2026-07-04; 03:48:34; 403; 0; 31.79; 1012.4412890625; 25.435546875
2026-07-04; 03:49:34; 403; 0; 31.79; 1012.41296875; 25.423828125
2026-07-04; 03:50:34; 403; 0; 31.76; 1012.3563671875; 25.4208984375
2026-07-04; 03:51:34; 403; 0; 31.75; 1012.4535546875; 25.4560546875
2026-07-04; 03:52:34; 403; 0; 31.77; 1012.400703125; 25.43359375
2026-07-04; 03:53:34; 400; 0; 31.74; 1012.4375390625; 25.5009765625
2026-07-04; 03:54:34; 405; 0; 31.74; 1012.4375390625; 25.5126953125
2026-07-04; 03:55:34; 405; 0; 31.73; 1012.5063671875; 25.5234375
2026-07-04; 03:56:34; 405; 0; 31.71; 1012.48234375; 25.5341796875
2026-07-04; 03:57:34; 405; 0; 31.7; 1012.4943359375; 25.5224609375
2026-07-04; 03:58:34; 405; 0; 31.7; 1012.3732421875; 25.533203125
2026-07-04; 03:59:34; 400; 0; 31.69; 1012.393515625; 25.5439453125
2026-07-04; 04:00:34; 405; 0; 31.7; 1012.3246875; 25.5341796875
2026-07-04; 04:01:34; 405; 0; 31.68; 1012.4058203125; 25.5556640625
2026-07-04; 04:02:34; 400; 0; 31.67; 1012.3898046875; 25.53125
2026-07-04; 04:03:34; 400; 0; 31.67; 1012.361484375; 25.5546875
2026-07-04; 04:04:34; 403; 0; 31.68; 1012.42609375; 25.578125
2026-07-04; 04:05:35; 408; 1; 31.67; 1012.3252734375; 25.5771484375
2026-07-04; 04:06:35; 408; 1; 31.64; 1012.341796875; 25.587890625
2026-07-04; 04:07:35; 403; 0; 31.65; 1012.30125; 25.5419921875
2026-07-04; 04:08:36; 400; 0; 31.67; 1012.3332421875; 25.56640625
2026-07-04; 04:09:36; 403; 0; 31.66; 1012.345546875; 25.5537109375
2026-07-04; 04:10:36; 400; 0; 31.65; 1012.2447265625; 25.576171875
2026-07-04; 04:11:36; 408; 1; 31.63; 1012.2689453125; 25.5986328125
2026-07-04; 04:12:36; 405; 0; 31.63; 1012.2972265625; 25.6103515625
2026-07-04; 04:13:36; 405; 0; 31.62; 1012.2529296875; 25.62109375
2026-07-04; 04:14:36; 408; 1; 31.63; 1012.2689453125; 25.6220703125
2026-07-04; 04:15:36; 405; 0; 31.64; 1012.2287109375; 25.587890625
2026-07-04; 04:16:36; 408; 1; 31.65; 1012.2084375; 25.564453125
2026-07-04; 04:17:36; 405; 0; 31.63; 1012.155859375; 25.6220703125
2026-07-04; 04:18:36; 405; 0; 31.61; 1012.200703125; 25.642578125
2026-07-04; 04:19:36; 405; 0; 31.57; 1012.1809765625; 25.6533203125
2026-07-04; 04:20:36; 405; 0; 31.56; 1012.19296875; 25.640625
2026-07-04; 04:21:36; 405; 0; 31.56; 1012.13640625; 25.6865234375
2026-07-04; 04:22:36; 405; 0; 31.6; 1012.1361328125; 25.654296875
2026-07-04; 04:23:36; 400; 0; 31.57; 1012.1446875; 25.6865234375
2026-07-04; 04:24:36; 400; 0; 31.56; 1012.10015625; 25.6982421875
2026-07-04; 04:25:36; 405; 0; 31.53; 1012.165234375; 25.7197265625
2026-07-04; 04:26:36; 408; 1; 31.56; 1012.1566796875; 25.6748046875
2026-07-04; 04:27:36; 408; 1; 31.55; 1012.176953125; 25.6630859375
2026-07-04; 04:28:36; 405; 0; 31.54; 1012.15296875; 25.673828125
2026-07-04; 04:29:36; 405; 0; 31.56; 1012.1646875; 25.6865234375
2026-07-04; 04:30:36; 405; 0; 31.55; 1012.2900390625; 25.6748046875
2026-07-04; 04:31:36; 405; 0; 31.53; 1012.3065625; 25.6962890625
2026-07-04; 04:32:36; 400; 0; 31.53; 1012.27828125; 25.7197265625
2026-07-04; 04:33:36; 400; 0; 31.52; 1012.3268359375; 25.70703125
2026-07-04; 04:34:36; 400; 0; 31.5; 1012.2948828125; 25.751953125
2026-07-04; 04:35:36; 402; 0; 31.52; 1012.3188671875; 25.6962890625
2026-07-04; 04:36:36; 405; 0; 31.48; 1012.4038671875; 25.705078125
2026-07-04; 04:37:36; 405; 0; 31.48; 1012.3393359375; 25.7626953125
2026-07-04; 04:38:36; 400; 0; 31.49; 1012.448125; 25.728515625
2026-07-04; 04:39:36; 403; 0; 31.5; 1012.427890625; 25.7060546875
2026-07-04; 04:40:36; 400; 0; 31.49; 1012.38359375; 25.751953125
2026-07-04; 04:41:36; 406; 0; 31.46; 1012.371875; 25.76171875
2026-07-04; 04:42:36; 403; 0; 31.47; 1012.3878515625; 25.7275390625
2026-07-04; 04:43:36; 400; 0; 31.48; 1012.460390625; 25.716796875
2026-07-04; 04:44:36; 405; 0; 31.44; 1012.39640625; 25.7724609375
2026-07-04; 04:45:37; 400; 0; 31.42; 1012.39234375; 25.7822265625
2026-07-04; 04:46:37; 403; 0; 31.47; 1012.4444140625; 25.7392578125
2026-07-04; 04:47:37; 403; 0; 31.45; 1012.4044140625; 25.7265625
2026-07-04; 04:48:37; 400; 0; 31.42; 1012.4408984375; 25.7822265625
2026-07-04; 04:49:37; 400; 0; 31.42; 1012.4126171875; 25.7822265625
2026-07-04; 04:50:37; 400; 0; 31.4; 1012.360390625; 25.79296875
2026-07-04; 04:51:37; 400; 0; 31.41; 1012.3480859375; 25.6435546875
2026-07-04; 04:52:37; 400; 0; 31.39; 1012.31609375; 25.8037109375
2026-07-04; 04:53:37; 400; 0; 31.44; 1012.331875; 25.759765625
2026-07-04; 04:54:37; 402; 0; 31.4; 1012.303828125; 25.78125
2026-07-04; 04:55:37; 400; 0; 31.42; 1012.243046875; 25.7822265625
2026-07-04; 04:56:37; 400; 0; 31.42; 1012.2995703125; 25.736328125
2026-07-04; 04:57:37; 400; 0; 31.39; 1012.2595703125; 25.7802734375
2026-07-04; 04:58:37; 403; 0; 31.37; 1012.3043359375; 25.7900390625
2026-07-04; 04:59:37; 400; 0; 31.38; 1012.356640625; 25.791015625
2026-07-04; 05:00:37; 400; 0; 31.4; 1012.3241015625; 25.76953125
2026-07-04; 05:01:37; 408; 1; 31.39; 1012.31609375; 25.7578125
2026-07-04; 05:02:37; 400; 0; 31.38; 1012.3001171875; 25.802734375
2026-07-04; 05:03:37; 400; 0; 31.38; 1012.2920703125; 25.7568359375
2026-07-04; 05:04:37; 400; 0; 31.4; 1012.267578125; 25.7119140625
2026-07-04; 05:05:37; 400; 0; 31.39; 1012.27984375; 25.7568359375
2026-07-04; 05:06:37; 400; 0; 31.37; 1012.3043359375; 25.732421875
2026-07-04; 05:07:37; 409; 1; 31.35; 1012.413359375; 25.7890625
2026-07-04; 05:08:37; 400; 0; 31.35; 1012.3568359375; 25.80078125
2026-07-04; 05:09:37; 405; 0; 31.34; 1012.4538671875; 25.7890625
2026-07-04; 05:10:37; 403; 0; 31.33; 1012.381328125; 25.765625
2026-07-04; 05:11:37; 402; 0; 31.35; 1012.4698828125; 25.7890625
2026-07-04; 05:12:37; 407; 1; 31.34; 1012.377109375; 25.7548828125
2026-07-04; 05:13:37; 400; 0; 31.34; 1012.39734375; 25.7431640625
2026-07-04; 05:14:37; 400; 0; 31.36; 1012.4091015625; 25.732421875
2026-07-04; 05:15:37; 403; 0; 31.37; 1012.417421875; 25.7216796875
2026-07-04; 05:16:37; 405; 0; 31.34; 1012.461875; 25.708984375
2026-07-04; 05:17:37; 400; 0; 31.35; 1012.5263671875; 25.7666015625
2026-07-04; 05:18:37; 405; 0; 31.35; 1012.498125; 25.7548828125
2026-07-04; 05:19:37; 409; 1; 31.33; 1012.5023828125; 25.75390625
2026-07-04; 05:20:37; 400; 0; 31.3; 1012.4261328125; 25.7978515625
2026-07-04; 05:21:37; 402; 0; 31.29; 1012.4945703125; 25.763671875
2026-07-04; 05:22:37; 400; 0; 31.34; 1012.5386328125; 25.7314453125
2026-07-04; 05:23:37; 403; 0; 31.31; 1012.55515625; 25.7421875
2026-07-04; 05:24:37; 400; 0; 31.31; 1012.59140625; 25.7763671875
2026-07-04; 05:25:37; 405; 0; 31.29; 1012.672421875; 25.751953125
2026-07-04; 05:26:37; 405; 0; 31.31; 1012.6399609375; 25.7646484375
2026-07-04; 05:27:37; 400; 0; 31.3; 1012.6521875; 25.763671875
2026-07-04; 05:28:38; 403; 0; 31.31; 1012.676171875; 25.73046875
2026-07-04; 05:29:38; 403; 0; 31.29; 1012.672421875; 25.671875
2026-07-04; 05:30:38; 400; 0; 31.31; 1012.6479296875; 25.6845703125
2026-07-04; 05:31:38; 405; 0; 31.29; 1012.6923828125; 25.740234375
2026-07-04; 05:32:38; 403; 0; 31.31; 1012.7326953125; 25.6845703125
2026-07-04; 05:33:38; 400; 0; 31.31; 1012.7326953125; 25.71875
2026-07-04; 05:34:38; 403; 0; 31.31; 1012.7326953125; 25.6953125
2026-07-04; 05:35:38; 400; 0; 31.29; 1012.74890625; 25.6943359375
2026-07-04; 05:36:38; 405; 0; 31.28; 1012.7611328125; 25.7509765625
2026-07-04; 05:37:38; 400; 0; 31.29; 1012.7572265625; 25.7060546875
2026-07-04; 05:38:38; 400; 0; 31.33; 1012.7769921875; 25.638671875
2026-07-04; 05:39:38; 400; 0; 31.32; 1012.8255078125; 25.6845703125
2026-07-04; 05:40:38; 400; 0; 31.31; 1012.75296875; 25.70703125
2026-07-04; 05:41:38; 402; 0; 31.3; 1012.82171875; 25.6484375
2026-07-04; 05:42:38; 400; 0; 31.33; 1012.8132421875; 25.662109375
2026-07-04; 05:43:38; 403; 0; 31.32; 1012.797265625; 25.6494140625
2026-07-04; 05:44:38; 400; 0; 31.36; 1012.8250390625; 25.6181640625
2026-07-04; 05:45:38; 400; 0; 31.34; 1012.7444921875; 25.6171875
2026-07-04; 05:46:38; 403; 0; 31.34; 1012.708203125; 25.58203125
2026-07-04; 05:47:38; 400; 0; 31.35; 1012.6959375; 25.6171875
2026-07-04; 05:48:38; 403; 0; 31.37; 1012.72828125; 25.537109375
2026-07-04; 05:49:38; 403; 0; 31.38; 1012.716015625; 25.52734375
2026-07-04; 05:50:38; 400; 0; 31.39; 1012.73203125; 25.5380859375
2026-07-04; 05:51:38; 402; 0; 31.39; 1012.7885546875; 25.52734375
2026-07-04; 05:52:38; 407; 1; 31.36; 1012.804765625; 25.548828125
2026-07-04; 05:53:38; 400; 0; 31.38; 1012.808828125; 25.50390625
2026-07-04; 05:54:38; 402; 0; 31.4; 1012.8045703125; 25.5166015625
2026-07-04; 05:55:38; 403; 0; 31.41; 1012.8568359375; 25.470703125
2026-07-04; 05:56:38; 400; 0; 31.42; 1012.8445703125; 25.4716796875
2026-07-04; 05:57:38; 403; 0; 31.42; 1012.788046875; 25.44921875
2026-07-04; 05:58:38; 400; 0; 31.4; 1012.8408203125; 25.470703125
2026-07-04; 05:59:38; 402; 0; 31.47; 1012.916953125; 25.39453125
2026-07-04; 06:00:38; 400; 0; 31.44; 1012.8123828125; 25.4267578125
2026-07-04; 06:01:38; 405; 0; 31.47; 1012.832109375; 25.4052734375
2026-07-04; 06:02:38; 407; 1; 31.48; 1012.8198828125; 25.3828125
2026-07-04; 06:03:38; 400; 0; 31.47; 1012.84015625; 25.39453125
2026-07-04; 06:04:38; 405; 0; 31.46; 1012.7393359375; 25.3818359375
2026-07-04; 06:05:38; 400; 0; 31.52; 1012.7994140625; 25.328125
2026-07-04; 06:06:38; 400; 0; 31.51; 1012.7551171875; 25.3154296875
2026-07-04; 06:07:38; 407; 1; 31.63; 1012.721328125; 25.1845703125
2026-07-04; 06:08:38; 414; 2; 31.85; 1012.650703125; 24.8857421875
2026-07-04; 06:09:38; 423; 3; 32.08; 1012.6437890625; 24.5986328125
2026-07-04; 06:10:38; 428; 4; 32.28; 1012.616953125; 24.35546875
2026-07-04; 06:11:39; 428; 4; 32.46; 1012.634921875; 24.1455078125
2026-07-04; 06:12:39; 434; 5; 32.56; 1012.5485546875; 24.001953125
2026-07-04; 06:13:39; 434; 5; 32.69; 1012.5144140625; 23.8466796875
2026-07-04; 06:14:39; 434; 5; 32.81; 1012.54484375; 23.69140625
2026-07-04; 06:15:39; 434; 5; 33.02; 1012.5539453125; 23.505859375
2026-07-04; 06:16:39; 441; 6; 33.15; 1012.64890625; 23.3046875
2026-07-04; 06:17:39; 444; 6; 33.28; 1012.5734375; 23.1259765625
2026-07-04; 06:18:39; 444; 6; 33.41; 1012.4984375; 22.994140625
2026-07-04; 06:19:39; 446; 7; 33.62; 1012.5430859375; 22.76171875
2026-07-04; 06:20:39; 451; 7; 33.77; 1012.540234375; 22.572265625
2026-07-04; 06:21:39; 455; 8; 33.97; 1012.5769921875; 22.3623046875
2026-07-04; 06:22:39; 460; 9; 34.16; 1012.5120703125; 22.1279296875
2026-07-04; 06:23:39; 460; 9; 34.24; 1012.5184765625; 22.015625
2026-07-04; 06:24:39; 463; 9; 34.45; 1012.54265625; 21.8173828125
2026-07-04; 06:25:39; 463; 9; 34.71; 1012.57296875; 21.5048828125
2026-07-04; 06:26:39; 470; 10; 34.83; 1012.5660546875; 21.3828125
2026-07-04; 06:27:39; 473; 11; 35.04; 1012.58140625; 21.1376953125
2026-07-04; 06:28:39; 482; 12; 35.24; 1012.616796875; 20.92578125
2026-07-04; 06:29:39; 492; 14; 35.46; 1012.6682421875; 20.7734375
2026-07-04; 06:30:39; 500; 15; 35.66; 1012.6464453125; 20.5263671875
2026-07-04; 06:31:39; 514; 17; 35.88; 1012.7131640625; 20.2802734375
2026-07-04; 06:32:39; 524; 18; 36.09; 1012.69921875; 20.091796875
2026-07-04; 06:33:39; 543; 21; 36.35; 1012.793125; 19.8818359375
2026-07-04; 06:34:39; 539; 21; 36.56; 1012.6933203125; 19.646484375
2026-07-04; 06:35:39; 555; 23; 36.82; 1012.70125; 19.3896484375
2026-07-04; 06:36:39; 539; 21; 37.05; 1012.738828125; 19.1416015625
2026-07-04; 06:37:39; 539; 21; 37.21; 1012.7455078125; 18.9736328125
2026-07-04; 06:38:39; 536; 20; 37.38; 1012.723515625; 18.8173828125
2026-07-04; 06:39:39; 527; 19; 37.5; 1012.658046875; 18.6357421875
2026-07-04; 06:40:39; 527; 19; 37.69; 1012.75328125; 18.5146484375
2026-07-04; 06:41:39; 527; 19; 37.85; 1012.7435546875; 18.345703125
2026-07-04; 06:42:39; 527; 19; 38.0; 1012.696953125; 18.234375
2026-07-04; 06:43:39; 539; 21; 38.17; 1012.7235546875; 18.0419921875
2026-07-04; 06:44:39; 543; 21; 38.27; 1012.74015625; 17.9404296875
2026-07-04; 06:45:39; 536; 20; 38.4; 1012.7758203125; 17.8408203125
2026-07-04; 06:46:39; 539; 21; 38.52; 1012.7589453125; 17.7392578125
2026-07-04; 06:47:39; 549; 22; 38.61; 1012.779921875; 17.6728515625
2026-07-04; 06:48:39; 564; 24; 38.76; 1012.790234375; 17.5498046875
2026-07-04; 06:49:39; 564; 24; 38.82; 1012.8079296875; 17.3759765625
2026-07-04; 06:50:39; 567; 25; 38.96; 1012.8719140625; 17.357421875
2026-07-04; 06:51:39; 570; 25; 39.03; 1012.8689453125; 17.2783203125
2026-07-04; 06:52:39; 570; 25; 39.12; 1012.877265625; 17.2353515625
2026-07-04; 06:53:39; 567; 25; 39.24; 1012.888671875; 17.0986328125
2026-07-04; 06:54:40; 567; 25; 39.26; 1012.94140625; 17.029296875
2026-07-04; 06:55:40; 570; 25; 39.41; 1012.9431640625; 16.8935546875
2026-07-04; 06:56:40; 570; 25; 39.52; 1012.9827734375; 16.8154296875
2026-07-04; 06:57:40; 577; 26; 39.61; 1012.98328125; 16.7138671875
2026-07-04; 06:58:40; 577; 26; 39.65; 1012.9322265625; 16.69140625
2026-07-04; 06:59:40; 570; 25; 39.78; 1012.987890625; 16.6376953125
2026-07-04; 07:00:40; 570; 25; 39.88; 1013.00390625; 16.55859375
2026-07-04; 07:01:40; 577; 26; 39.96; 1013.008515625; 16.4912109375
2026-07-04; 07:02:40; 577; 26; 40.04; 1013.02140625; 16.3291015625
2026-07-04; 07:03:40; 589; 28; 40.1; 1013.0021875; 16.2958984375
2026-07-04; 07:04:40; 596; 29; 40.19; 1013.087890625; 16.228515625
2026-07-04; 07:05:40; 577; 26; 40.25; 1013.1387890625; 16.1953125
2026-07-04; 07:06:40; 567; 25; 40.35; 1013.1256640625; 16.0693359375
2026-07-04; 07:07:40; 570; 25; 40.35; 1013.13359375; 16.0810546875
2026-07-04; 07:08:40; 577; 26; 40.34; 1013.175078125; 16.1396484375
2026-07-04; 07:09:40; 584; 28; 40.47; 1013.144765625; 16.0263671875
2026-07-04; 07:10:40; 596; 29; 40.59; 1013.04875; 15.8896484375
2026-07-04; 07:11:40; 589; 28; 40.7; 1013.0516015625; 15.8232421875
2026-07-04; 07:12:40; 584; 28; 40.84; 1013.1513671875; 15.7099609375
2026-07-04; 07:13:40; 596; 29; 40.95; 1013.1748828125; 15.654296875
2026-07-04; 07:14:40; 600; 30; 40.97; 1013.128671875; 15.5732421875
2026-07-04; 07:15:40; 596; 29; 41.14; 1013.1818359375; 15.5078125
2026-07-04; 07:16:40; 600; 30; 41.22; 1013.0583984375; 15.416015625
2026-07-04; 07:17:40; 603; 30; 41.31; 1013.0992578125; 15.3359375
2026-07-04; 07:18:40; 600; 30; 41.34; 1013.1265625; 15.314453125
2026-07-04; 07:19:40; 603; 30; 41.46; 1013.0587109375; 15.1767578125
2026-07-04; 07:20:40; 603; 30; 41.52; 1013.059609375; 15.2021484375
2026-07-04; 07:21:40; 618; 33; 41.64; 1013.0778515625; 15.1240234375
2026-07-04; 07:22:40; 618; 33; 41.61; 1013.0224609375; 15.1337890625
2026-07-04; 07:23:40; 618; 33; 41.78; 1012.9842578125; 14.974609375
2026-07-04; 07:24:40; 626; 34; 41.91; 1013.067734375; 14.908203125
2026-07-04; 07:25:40; 631; 35; 41.93; 1013.041875; 14.9677734375
2026-07-04; 07:26:40; 626; 34; 42.02; 1013.1194921875; 14.8291015625
2026-07-04; 07:27:40; 626; 34; 42.14; 1013.1087109375; 14.7265625
2026-07-04; 07:28:40; 626; 34; 42.15; 1013.0306640625; 14.7265625
2026-07-04; 07:29:40; 626; 34; 42.16; 1013.0831640625; 14.7626953125
2026-07-04; 07:30:40; 626; 34; 42.3; 1013.10390625; 14.61328125
2026-07-04; 07:31:40; 618; 33; 42.16; 1013.0831640625; 14.73828125
2026-07-04; 07:32:40; 615; 32; 42.29; 1013.174375; 14.625
2026-07-04; 07:33:40; 615; 32; 42.38; 1013.1365625; 14.6162109375
2026-07-04; 07:34:40; 618; 33; 42.36; 1013.12578125; 14.5791015625
2026-07-04; 07:35:40; 603; 30; 42.47; 1013.0778515625; 14.51171875
2026-07-04; 07:36:41; 603; 30; 42.59; 1013.1246875; 14.4091796875
2026-07-04; 07:37:41; 618; 33; 42.49; 1013.0234765625; 14.46484375
2026-07-04; 07:38:41; 618; 33; 42.57; 1013.11390625; 14.4677734375
2026-07-04; 07:39:41; 618; 33; 42.52; 1013.0996875; 14.525390625
2026-07-04; 07:40:41; 615; 32; 42.52; 1013.0708984375; 14.478515625
2026-07-04; 07:41:41; 631; 35; 42.62; 1013.077890625; 14.3984375
2026-07-04; 07:42:41; 615; 32; 42.73; 1013.108515625; 14.3779296875
2026-07-04; 07:43:41; 618; 33; 42.8; 1013.046796875; 14.2861328125
2026-07-04; 07:44:41; 618; 33; 42.87; 1013.092265625; 14.228515625
2026-07-04; 07:45:41; 618; 33; 42.79; 1013.0885546875; 14.2734375
2026-07-04; 07:46:41; 615; 32; 42.74; 1013.1451953125; 14.3193359375
2026-07-04; 07:47:41; 615; 32; 42.92; 1013.1716015625; 14.21875
2026-07-04; 07:48:41; 603; 30; 42.99; 1013.1101171875; 14.1376953125
2026-07-04; 07:49:41; 603; 30; 42.96; 1013.198125; 14.171875
2026-07-04; 07:50:41; 603; 30; 43.05; 1013.1685546875; 14.1630859375
2026-07-04; 07:51:41; 596; 29; 43.17; 1013.1778125; 14.0361328125
2026-07-04; 07:52:41; 589; 28; 43.25; 1013.139921875; 13.9443359375
2026-07-04; 07:53:41; 577; 26; 43.04; 1013.160625; 14.044921875
2026-07-04; 07:54:41; 564; 24; 43.17; 1013.1284375; 13.91796875
2026-07-04; 07:55:41; 549; 22; 43.25; 1013.13203125; 13.896484375
2026-07-04; 07:56:41; 543; 21; 43.33; 1013.122578125; 13.86328125
2026-07-04; 07:57:41; 524; 18; 43.42; 1013.142265625; 13.748046875
2026-07-04; 07:58:41; 514; 17; 43.37; 1013.149375; 13.8173828125
2026-07-04; 07:59:41; 514; 17; 43.31; 1013.227109375; 13.7919921875
2026-07-04; 08:00:41; 495; 14; 43.4; 1013.176171875; 13.7705078125
2026-07-04; 08:01:41; 482; 12; 43.33; 1013.122578125; 13.7568359375
2026-07-04; 08:02:41; 473; 11; 43.37; 1013.149375; 13.74609375
2026-07-04; 08:03:41; 463; 9; 43.56; 1013.21203125; 13.6455078125
2026-07-04; 08:04:41; 470; 10; 43.35; 1013.18296875; 13.79296875
2026-07-04; 08:05:41; 460; 9; 43.42; 1013.19984375; 13.771484375
2026-07-04; 08:06:41; 451; 7; 43.65; 1013.1815625; 13.66015625
2026-07-04; 08:07:41; 444; 6; 43.71; 1013.2110546875; 13.58984375
2026-07-04; 08:08:41; 444; 6; 43.67; 1013.184609375; 13.6015625
2026-07-04; 08:09:41; 444; 6; 43.8; 1013.21; 13.474609375
2026-07-04; 08:10:41; 428; 4; 43.86; 1013.2762109375; 13.4404296875
2026-07-04; 08:11:41; 428; 4; 43.78; 1013.1571875; 13.4150390625
2026-07-04; 08:12:41; 416; 2; 43.69; 1013.13765625; 13.5068359375
2026-07-04; 08:13:41; 410; 1; 44.03; 1013.1336328125; 13.291015625
2026-07-04; 08:14:41; 400; 0; 44.04; 1013.1284765625; 13.220703125
2026-07-04; 08:15:41; 405; 0; 43.81; 1013.20484375; 13.4150390625
2026-07-04; 08:16:41; 403; 0; 44.02; 1013.1178515625; 13.2548828125
2026-07-04; 08:17:41; 400; 0; 44.09; 1013.1709765625; 13.2099609375
2026-07-04; 08:18:41; 400; 0; 44.07; 1013.1105859375; 13.208984375
2026-07-04; 08:19:42; 402; 0; 44.19; 1013.1563671875; 13.10546875
2026-07-04; 08:20:42; 400; 0; 44.18; 1013.1773046875; 13.05859375
2026-07-04; 08:21:42; 405; 0; 44.19; 1013.16421875; 13.046875
2026-07-04; 08:22:42; 409; 1; 44.1; 1013.157890625; 13.126953125
2026-07-04; 08:23:42; 402; 0; 44.07; 1013.08171875; 13.1376953125
2026-07-04; 08:24:42; 400; 0; 44.29; 1013.191484375; 13.025390625
2026-07-04; 08:25:42; 400; 0; 44.5; 1013.148671875; 12.853515625
2026-07-04; 08:26:42; 400; 0; 44.46; 1013.171796875; 12.83984375
2026-07-04; 08:27:42; 406; 0; 44.57; 1013.2308203125; 12.8076171875
2026-07-04; 08:28:42; 413; 1; 44.58; 1013.20984375; 12.8671875
2026-07-04; 08:29:42; 408; 1; 44.64; 1013.22609375; 12.7734375
2026-07-04; 08:30:42; 413; 1; 44.6; 1013.1915625; 12.7607421875
2026-07-04; 08:31:42; 408; 1; 44.74; 1013.2896484375; 12.669921875
2026-07-04; 08:32:42; 403; 0; 44.96; 1013.262734375; 12.6162109375
2026-07-04; 08:33:42; 403; 0; 45.05; 1013.3393359375; 12.5234375
2026-07-04; 08:34:42; 407; 1; 44.99; 1013.281171875; 12.521484375
2026-07-04; 08:35:42; 407; 1; 45.14; 1013.279375; 12.4072265625
2026-07-04; 08:36:42; 405; 0; 45.21; 1013.245546875; 12.373046875
2026-07-04; 08:37:42; 403; 0; 45.25; 1013.2222265625; 12.3505859375
2026-07-04; 08:38:42; 406; 0; 45.45; 1013.2050390625; 12.1650390625
2026-07-04; 08:39:42; 403; 0; 45.58; 1013.2948828125; 12.12109375
2026-07-04; 08:40:42; 405; 0; 45.69; 1013.2293359375; 11.98046875
2026-07-04; 08:41:42; 405; 0; 45.8; 1013.2668359375; 11.8759765625
2026-07-04; 08:42:42; 400; 0; 45.98; 1013.2827734375; 11.7978515625
2026-07-04; 08:43:42; 403; 0; 46.15; 1013.3991796875; 11.6826171875
2026-07-04; 08:44:42; 400; 0; 46.19; 1013.4625; 11.68359375
2026-07-04; 08:45:42; 405; 0; 46.37; 1013.4203125; 11.556640625
2026-07-04; 08:46:42; 403; 0; 46.45; 1013.3439453125; 11.462890625
2026-07-04; 08:47:42; 411; 1; 46.53; 1013.38359375; 11.46484375
2026-07-04; 08:48:42; 403; 0; 46.68; 1013.3153125; 11.3369140625
2026-07-04; 08:49:42; 403; 0; 46.81; 1013.3835546875; 11.2333984375
2026-07-04; 08:50:42; 402; 0; 46.79; 1013.351796875; 11.220703125
2026-07-04; 08:51:42; 400; 0; 47.04; 1013.3253125; 11.0234375
2026-07-04; 08:52:42; 400; 0; 47.3; 1013.3221875; 10.91015625
2026-07-04; 08:53:42; 400; 0; 47.4; 1013.36375; 10.8525390625
2026-07-04; 08:54:42; 405; 0; 47.45; 1013.4348046875; 10.7939453125
2026-07-04; 08:55:42; 408; 1; 47.56; 1013.41296875; 10.7724609375
2026-07-04; 08:56:42; 400; 0; 47.65; 1013.3813671875; 10.6669921875
2026-07-04; 08:57:42; 407; 1; 47.87; 1013.480234375; 10.515625
2026-07-04; 08:58:42; 402; 0; 47.92; 1013.3560546875; 10.46875
2026-07-04; 08:59:42; 406; 0; 48.16; 1013.3280078125; 10.3671875
2026-07-04; 09:00:42; 403; 0; 48.23; 1013.3221875; 10.30859375
2026-07-04; 09:01:42; 407; 1; 48.36; 1013.279296875; 10.275390625
2026-07-04; 09:02:43; 403; 0; 48.28; 1013.27703125; 10.2138671875
2026-07-04; 09:03:43; 406; 0; 48.19; 1013.3095703125; 10.283203125
2026-07-04; 09:04:43; 406; 0; 47.91; 1013.2823046875; 10.5048828125
2026-07-04; 09:05:43; 400; 0; 47.1; 1013.2830078125; 10.953125
2026-07-04; 09:06:43; 403; 0; 46.46; 1013.2070703125; 11.3203125
2026-07-04; 09:07:43; 402; 0; 46.35; 1013.1941015625; 11.4013671875
2026-07-04; 09:08:43; 402; 0; 46.49; 1013.2548828125; 11.3330078125
2026-07-04; 09:09:43; 400; 0; 46.32; 1013.204453125; 11.400390625
2026-07-04; 09:10:43; 400; 0; 46.24; 1013.28078125; 11.4697265625
2026-07-04; 09:11:43; 403; 0; 46.1; 1013.3490625; 11.5498046875
2026-07-04; 09:12:43; 403; 0; 45.82; 1013.34828125; 11.7578125
2026-07-04; 09:13:43; 400; 0; 45.44; 1013.2470703125; 11.9619140625
2026-07-04; 09:14:43; 403; 0; 45.17; 1013.29015625; 12.1337890625
2026-07-04; 09:15:43; 405; 0; 44.96; 1013.349375; 12.2353515625
2026-07-04; 09:16:43; 402; 0; 45.22; 1013.3401171875; 12.0517578125
2026-07-04; 09:17:43; 406; 0; 45.57; 1013.3366015625; 11.8701171875
2026-07-04; 09:18:43; 403; 0; 45.48; 1013.2812109375; 11.8681640625
2026-07-04; 09:19:43; 403; 0; 45.83; 1013.28515625; 11.6865234375
2026-07-04; 09:20:43; 406; 0; 45.59; 1013.28171875; 11.7998046875
2026-07-04; 09:21:43; 406; 0; 45.8; 1013.4114453125; 11.697265625
2026-07-04; 09:22:43; 403; 0; 46.0; 1013.3066796875; 11.607421875
2026-07-04; 09:23:43; 409; 1; 46.33; 1013.30734375; 11.3408203125
2026-07-04; 09:24:43; 400; 0; 46.44; 1013.146640625; 11.271484375
2026-07-04; 09:25:43; 413; 1; 46.59; 1013.209921875; 11.1796875
2026-07-04; 09:26:43; 416; 2; 46.88; 1013.117734375; 11.01953125
2026-07-04; 09:27:43; 413; 1; 46.98; 1013.1516015625; 10.9501953125
2026-07-04; 09:28:43; 407; 1; 47.02; 1013.1568359375; 10.9150390625
2026-07-04; 09:29:43; 413; 1; 46.84; 1013.13328125; 10.9951171875
2026-07-04; 09:30:43; 409; 1; 46.96; 1013.091171875; 10.9140625
2026-07-04; 09:31:43; 407; 1; 47.05; 1013.0512890625; 10.927734375
2026-07-04; 09:32:43; 409; 1; 47.06; 1013.0459375; 10.8564453125
2026-07-04; 09:33:43; 409; 1; 47.02; 1013.0409765625; 10.8798828125
2026-07-04; 09:34:43; 416; 2; 47.0; 1012.980234375; 10.8671875
2026-07-04; 09:35:43; 416; 2; 47.03; 1012.9619140625; 10.8681640625
2026-07-04; 09:36:43; 416; 2; 47.02; 1012.925078125; 10.8916015625
2026-07-04; 09:37:43; 407; 1; 46.86; 1012.8832421875; 10.9716796875
2026-07-04; 09:38:43; 402; 0; 46.89; 1012.9228125; 10.900390625
2026-07-04; 09:39:43; 402; 0; 46.86; 1012.962265625; 10.935546875
2026-07-04; 09:40:43; 400; 0; 47.07; 1012.937890625; 10.7734375
2026-07-04; 09:41:43; 403; 0; 46.95; 1012.922734375; 10.830078125
2026-07-04; 09:42:43; 401; 0; 46.95; 1012.9595703125; 10.8544921875
2026-07-04; 09:43:43; 405; 0; 47.05; 1012.964375; 10.8203125
2026-07-04; 09:44:43; 408; 1; 47.07; 1012.858828125; 10.7734375
2026-07-04; 09:45:44; 411; 1; 47.07; 1012.8509375; 10.78515625
2026-07-04; 09:46:44; 417; 2; 47.06; 1012.9300390625; 10.796875
2026-07-04; 09:47:44; 414; 2; 46.91; 1012.8963671875; 10.900390625
2026-07-04; 09:48:44; 414; 2; 47.12; 1012.7638671875; 10.7626953125
2026-07-04; 09:49:44; 411; 1; 47.13; 1012.800703125; 10.73828125
2026-07-04; 09:50:44; 411; 1; 47.19; 1012.8294921875; 10.740234375
2026-07-04; 09:51:44; 414; 2; 47.12; 1012.8218359375; 10.7265625
2026-07-04; 09:52:44; 417; 2; 47.2; 1012.9321875; 10.7041015625
2026-07-04; 09:53:44; 414; 2; 47.16; 1012.885; 10.66796875
2026-07-04; 09:54:44; 408; 1; 47.07; 1012.8509375; 10.701171875
2026-07-04; 09:55:44; 414; 2; 47.2; 1012.9110546875; 10.6806640625
2026-07-04; 09:56:44; 400; 0; 47.1; 1012.8984375; 10.6904296875
2026-07-04; 09:57:44; 407; 1; 47.05; 1012.8853515625; 10.6650390625
2026-07-04; 09:58:44; 403; 0; 47.18; 1012.879609375; 10.5966796875
2026-07-04; 09:59:44; 405; 0; 47.17; 1012.74796875; 10.69140625
2026-07-04; 10:00:44; 403; 0; 47.11; 1012.8640625; 10.7021484375
2026-07-04; 10:01:44; 405; 0; 47.02; 1012.9172265625; 10.7119140625
2026-07-04; 10:02:44; 407; 1; 47.19; 1012.8874609375; 10.6083984375
2026-07-04; 10:03:44; 410; 1; 47.22; 1012.84796875; 10.6923828125
2026-07-04; 10:04:44; 400; 0; 47.05; 1012.8853515625; 10.6533203125
2026-07-04; 10:05:44; 402; 0; 47.09; 1012.8905859375; 10.6298828125
2026-07-04; 10:06:44; 407; 1; 47.12; 1012.879765625; 10.642578125
2026-07-04; 10:07:44; 403; 0; 47.17; 1012.86390625; 10.66796875
2026-07-04; 10:08:44; 409; 1; 47.21; 1012.8978125; 10.5615234375
2026-07-04; 10:09:44; 403; 0; 47.17; 1012.86390625; 10.595703125
2026-07-04; 10:10:44; 407; 1; 47.15; 1012.89828125; 10.595703125
2026-07-04; 10:11:44; 417; 2; 47.26; 1012.9190234375; 10.490234375
2026-07-04; 10:12:44; 403; 0; 47.36; 1012.866015625; 10.4443359375
2026-07-04; 10:13:44; 405; 0; 47.33; 1012.905546875; 10.4921875
2026-07-04; 10:14:44; 403; 0; 47.41; 1012.886640625; 10.38671875
2026-07-04; 10:15:44; 411; 1; 47.43; 1012.8392578125; 10.4111328125
2026-07-04; 10:16:44; 408; 1; 47.36; 1012.895; 10.4326171875
2026-07-04; 10:17:44; 408; 1; 47.47; 1012.9232421875; 10.3154296875
2026-07-04; 10:18:44; 414; 2; 47.61; 1012.8831640625; 10.2705078125
2026-07-04; 10:19:44; 418; 2; 47.61; 1012.9623046875; 10.2470703125
2026-07-04; 10:20:44; 418; 2; 47.53; 1012.8359765625; 10.3173828125
2026-07-04; 10:21:44; 418; 2; 47.67; 1012.832734375; 10.212890625
2026-07-04; 10:22:44; 405; 0; 47.61; 1012.9333203125; 10.2470703125
2026-07-04; 10:23:44; 411; 1; 47.55; 1012.93328125; 10.2939453125
2026-07-04; 10:24:44; 414; 2; 47.5; 1012.9126953125; 10.3046875
2026-07-04; 10:25:44; 422; 3; 47.67; 1012.9197265625; 10.2724609375
2026-07-04; 10:26:44; 432; 4; 47.85; 1012.876484375; 10.14453125
2026-07-04; 10:27:44; 422; 3; 47.82; 1012.8212109375; 10.19140625
2026-07-04; 10:28:45; 426; 3; 47.82; 1012.8212109375; 10.1435546875
2026-07-04; 10:29:45; 422; 3; 47.78; 1012.7662109375; 10.19140625
2026-07-04; 10:30:45; 408; 1; 47.71; 1012.8511328125; 10.1650390625
2026-07-04; 10:31:45; 400; 0; 47.49; 1012.9546875; 10.31640625
2026-07-04; 10:32:45; 410; 1; 47.32; 1012.89765625; 10.384765625
2026-07-04; 10:33:45; 407; 1; 47.34; 1012.92125; 10.408203125
2026-07-04; 10:34:45; 402; 0; 47.29; 1012.850546875; 10.3955078125
2026-07-04; 10:35:45; 402; 0; 47.39; 1012.855234375; 10.337890625
2026-07-04; 10:36:45; 407; 1; 47.19; 1012.8584765625; 10.4287109375
2026-07-04; 10:37:45; 407; 1; 47.21; 1012.80296875; 10.44140625
2026-07-04; 10:38:45; 411; 1; 47.62; 1012.7538671875; 10.2119140625
2026-07-04; 10:39:45; 411; 1; 47.46; 1012.84953125; 10.2919921875
2026-07-04; 10:40:45; 410; 1; 47.62; 1012.811875; 10.2119140625
2026-07-04; 10:41:45; 411; 1; 47.61; 1012.7593359375; 10.19921875
2026-07-04; 10:42:45; 415; 2; 47.73; 1012.82453125; 10.166015625
2026-07-04; 10:43:45; 400; 0; 47.57; 1012.791015625; 10.2099609375
2026-07-04; 10:44:45; 406; 0; 47.55; 1012.7883203125; 10.24609375
2026-07-04; 10:45:45; 403; 0; 47.47; 1012.8573828125; 10.255859375
2026-07-04; 10:46:45; 410; 1; 47.75; 1012.79796875; 10.142578125
2026-07-04; 10:47:45; 415; 2; 47.77; 1012.77953125; 10.0947265625
2026-07-04; 10:48:45; 418; 2; 47.83; 1012.7788671875; 10.083984375
2026-07-04; 10:49:45; 418; 2; 47.69; 1012.7771484375; 10.1416015625
2026-07-04; 10:50:45; 418; 2; 47.89; 1012.815390625; 10.0732421875
2026-07-04; 10:51:45; 406; 0; 47.59; 1012.764765625; 10.1630859375
2026-07-04; 10:52:45; 403; 0; 47.51; 1012.8045703125; 10.232421875
2026-07-04; 10:53:45; 414; 2; 47.67; 1012.71671875; 10.1650390625
2026-07-04; 10:54:45; 403; 0; 47.59; 1012.764765625; 10.2109375
2026-07-04; 10:55:45; 401; 0; 47.71; 1012.7351171875; 10.1416015625
2026-07-04; 10:56:45; 407; 1; 47.68; 1012.6955859375; 10.12890625
2026-07-04; 10:57:45; 415; 2; 47.89; 1012.7651953125; 10.09765625
2026-07-04; 10:58:46; 415; 2; 47.77; 1012.7713671875; 10.05859375
2026-07-04; 10:59:46; 416; 2; 47.67; 1012.708828125; 10.12890625
2026-07-04; 11:00:46; 415; 2; 47.64; 1012.6617578125; 10.1396484375
2026-07-04; 11:01:46; 420; 3; 47.63; 1012.7119140625; 10.1513671875
2026-07-04; 11:02:46; 423; 3; 47.75; 1012.631796875; 10.08203125
2026-07-04; 11:03:46; 423; 3; 47.93; 1012.68328125; 9.966796875
2026-07-04; 11:04:46; 416; 2; 47.87; 1012.6679296875; 9.9775390625
2026-07-04; 11:05:46; 411; 1; 47.74; 1012.66625; 10.0458984375
2026-07-04; 11:06:46; 420; 3; 48.16; 1012.66046875; 9.83984375
2026-07-04; 11:07:46; 423; 3; 48.39; 1012.608671875; 9.6884765625
2026-07-04; 11:08:46; 423; 3; 48.26; 1012.6862109375; 9.7822265625
2026-07-04; 11:09:46; 423; 3; 48.15; 1012.54984375; 9.8154296875
2026-07-04; 11:10:46; 420; 3; 48.33; 1012.6303515625; 9.7236328125
2026-07-04; 11:11:46; 423; 3; 48.42; 1012.5686328125; 9.677734375
2026-07-04; 11:12:46; 435; 5; 48.26; 1012.54890625; 9.7578125
2026-07-04; 11:13:46; 436; 5; 48.52; 1012.5358984375; 9.6435546875
2026-07-04; 11:14:46; 444; 6; 48.72; 1012.4810546875; 9.515625
2026-07-04; 11:15:46; 444; 6; 48.68; 1012.56359375; 9.55078125
2026-07-04; 11:16:46; 451; 7; 48.93; 1012.571015625; 9.412109375
2026-07-04; 11:17:46; 451; 7; 48.87; 1012.5559765625; 9.4462890625
2026-07-04; 11:18:46; 465; 9; 48.97; 1012.605; 9.376953125
2026-07-04; 11:19:46; 478; 11; 49.22; 1012.5836328125; 9.2373046875
2026-07-04; 11:20:46; 478; 11; 49.39; 1012.631796875; 9.1806640625
2026-07-04; 11:21:46; 495; 14; 49.44; 1012.652265625; 9.1328125
2026-07-04; 11:22:46; 498; 14; 49.32; 1012.5796484375; 9.203125
2026-07-04; 11:23:46; 498; 14; 49.37; 1012.5710546875; 9.16796875
2026-07-04; 11:24:46; 503; 15; 49.5; 1012.5799609375; 9.0986328125
2026-07-04; 11:25:46; 503; 15; 49.71; 1012.4578125; 9.005859375
2026-07-04; 11:26:46; 508; 16; 49.71; 1012.4947265625; 8.9697265625
2026-07-04; 11:27:46; 508; 16; 49.85; 1012.4373828125; 8.94921875
2026-07-04; 11:28:47; 526; 19; 50.06; 1012.454765625; 8.83203125
2026-07-04; 11:29:47; 543; 21; 50.32; 1012.44; 8.716796875
2026-07-04; 11:30:47; 551; 23; 50.3; 1012.4162109375; 8.728515625
2026-07-04; 11:31:47; 564; 24; 50.33; 1012.4051953125; 8.6806640625
2026-07-04; 11:32:47; 574; 26; 50.26; 1012.3826953125; 8.69140625
2026-07-04; 11:33:47; 553; 23; 50.44; 1012.3583984375; 8.5869140625
2026-07-04; 11:34:47; 548; 22; 50.39; 1012.367265625; 8.609375
2026-07-04; 11:35:47; 533; 20; 50.33; 1012.4634375; 8.6083984375
2026-07-04; 11:36:47; 530; 19; 50.33; 1012.36828125; 8.62109375
2026-07-04; 11:37:47; 537; 20; 50.64; 1012.4178515625; 8.4697265625
2026-07-04; 11:38:47; 530; 19; 50.4; 1012.441171875; 8.5859375
2026-07-04; 11:39:47; 543; 21; 50.87; 1012.3263671875; 8.365234375
2026-07-04; 11:40:47; 526; 19; 50.89; 1012.3284375; 8.3173828125
2026-07-04; 11:41:47; 526; 19; 51.16; 1012.314765625; 8.2138671875
2026-07-04; 11:42:47; 503; 15; 51.11; 1012.4031640625; 8.212890625
2026-07-04; 11:43:47; 498; 14; 51.07; 1012.253125; 8.2001953125
2026-07-04; 11:44:47; 486; 13; 51.12; 1012.36859375; 8.1767578125
2026-07-04; 11:45:47; 476; 11; 51.23; 1012.32921875; 8.1787109375
2026-07-04; 11:46:47; 463; 9; 51.34; 1012.3558984375; 8.1328125
2026-07-04; 11:47:47; 463; 9; 51.09; 1012.1678125; 8.2119140625
2026-07-04; 11:48:47; 460; 9; 51.29; 1012.2483203125; 8.0947265625
2026-07-04; 11:49:47; 460; 9; 51.3; 1012.3144140625; 8.119140625
2026-07-04; 11:50:47; 465; 9; 51.4; 1012.2959765625; 8.0849609375
2026-07-04; 11:51:47; 463; 9; 51.41; 1012.290546875; 8.0615234375
2026-07-04; 11:52:47; 455; 8; 51.37; 1012.2491015625; 8.083984375
2026-07-04; 11:53:47; 456; 8; 51.36; 1012.233515625; 8.0361328125
2026-07-04; 11:54:47; 451; 7; 51.4; 1012.2668359375; 8.0244140625
2026-07-04; 11:55:47; 441; 6; 51.45; 1012.2288671875; 7.9892578125
2026-07-04; 11:56:47; 436; 5; 51.41; 1012.195234375; 7.98828125
2026-07-04; 11:57:48; 435; 5; 51.69; 1012.225703125; 7.9091796875
2026-07-04; 11:58:48; 420; 3; 51.5; 1012.219765625; 7.94140625
2026-07-04; 11:59:48; 432; 4; 51.46; 1012.2153125; 7.9892578125
2026-07-04; 12:00:48; 423; 3; 51.69; 1012.27625; 7.884765625
2026-07-04; 12:01:48; 416; 2; 51.61; 1012.246015625; 7.9072265625
2026-07-04; 12:02:48; 411; 1; 51.63; 1012.2191796875; 7.8720703125
2026-07-04; 12:03:48; 405; 0; 51.47; 1012.164765625; 7.953125
2026-07-04; 12:04:48; 407; 1; 51.4; 1012.0626171875; 7.98828125
2026-07-04; 12:05:48; 416; 2; 51.23; 1012.14640625; 8.08203125
2026-07-04; 12:06:48; 416; 2; 51.39; 1012.1131640625; 8.048828125
2026-07-04; 12:07:48; 416; 2; 51.39; 1012.1423046875; 8.048828125
2026-07-04; 12:08:48; 425; 3; 51.39; 1012.076171875; 8.0244140625
2026-07-04; 12:09:48; 423; 3; 50.71; 1011.9953515625; 8.3505859375
2026-07-04; 12:10:48; 436; 5; 51.13; 1012.0929296875; 8.1650390625
2026-07-04; 12:11:48; 425; 3; 51.12; 1012.0400390625; 8.1767578125
2026-07-04; 12:12:48; 432; 4; 51.2; 1012.10703125; 8.09375
2026-07-04; 12:13:48; 435; 5; 50.91; 1012.0682421875; 8.2216796875
2026-07-04; 12:14:48; 441; 6; 51.32; 1011.995703125; 8.0712890625
2026-07-04; 12:15:48; 432; 4; 51.09; 1011.9928515625; 8.2001953125
2026-07-04; 12:16:48; 423; 3; 51.13; 1011.9390234375; 8.15234375
2026-07-04; 12:17:48; 420; 3; 51.18; 1011.93; 8.1298828125
2026-07-04; 12:18:48; 411; 1; 51.28; 1011.9993359375; 8.05859375
2026-07-04; 12:19:48; 407; 1; 50.71; 1011.958359375; 8.3017578125
2026-07-04; 12:20:48; 416; 2; 51.0; 1011.8810546875; 8.2109375
2026-07-04; 12:21:48; 423; 3; 50.83; 1011.8554296875; 8.2685546875
2026-07-04; 12:22:48; 423; 3; 50.99; 1011.8651171875; 8.234375
2026-07-04; 12:23:48; 425; 3; 50.88; 1011.8834375; 8.26953125
2026-07-04; 12:24:48; 411; 1; 50.84; 1011.900234375; 8.2685546875
2026-07-04; 12:25:48; 416; 2; 51.13; 1011.8806640625; 8.12890625
2026-07-04; 12:26:48; 411; 1; 50.97; 1011.783359375; 8.1982421875
2026-07-04; 12:27:48; 407; 1; 50.56; 1011.7310546875; 8.419921875
2026-07-04; 12:28:48; 415; 2; 50.89; 1011.782421875; 8.2568359375
2026-07-04; 12:29:48; 423; 3; 50.71; 1011.8496484375; 8.3623046875
2026-07-04; 12:30:48; 425; 3; 50.75; 1011.8172265625; 8.3271484375
2026-07-04; 12:31:48; 435; 5; 50.8; 1011.8085546875; 8.33984375
2026-07-04; 12:32:48; 432; 4; 50.71; 1011.783515625; 8.38671875
2026-07-04; 12:33:48; 435; 5; 50.42; 1011.7733984375; 8.490234375
2026-07-04; 12:34:48; 425; 3; 50.37; 1011.7609765625; 8.5126953125
2026-07-04; 12:35:49; 420; 3; 50.19; 1011.777890625; 8.59375
2026-07-04; 12:36:49; 407; 1; 50.36; 1011.782265625; 8.5615234375
2026-07-04; 12:37:49; 403; 0; 50.09; 1011.803359375; 8.6884765625
2026-07-04; 12:38:49; 408; 1; 49.78; 1011.782421875; 8.8515625
2026-07-04; 12:39:49; 402; 0; 48.81; 1011.764609375; 9.3251953125
2026-07-04; 12:40:49; 400; 0; 48.48; 1011.7919140625; 9.546875
2026-07-04; 12:41:49; 400; 0; 47.9; 1011.6784765625; 9.833984375
2026-07-04; 12:42:49; 400; 0; 47.53; 1011.7051953125; 10.0654296875
2026-07-04; 12:43:49; 423; 3; 47.22; 1011.659765625; 10.25
2026-07-04; 12:44:49; 400; 0; 46.85; 1011.6431640625; 10.4814453125
2026-07-04; 12:45:49; 400; 0; 46.66; 1011.604140625; 10.5849609375
2026-07-04; 12:46:49; 407; 1; 46.45; 1011.6071484375; 10.7109375
2026-07-04; 12:47:49; 411; 1; 46.68; 1011.6147265625; 10.5966796875
2026-07-04; 12:48:49; 416; 2; 47.02; 1011.6502734375; 10.44921875
2026-07-04; 12:49:49; 416; 2; 47.11; 1011.6180859375; 10.3798828125
2026-07-04; 12:50:49; 441; 6; 47.47; 1011.6397265625; 10.1962890625
2026-07-04; 12:51:49; 454; 8; 47.47; 1011.6687109375; 10.1845703125
2026-07-04; 12:52:49; 461; 9; 47.86; 1011.607890625; 9.96484375
2026-07-04; 12:53:49; 478; 11; 47.83; 1011.5025; 9.96484375
2026-07-04; 12:54:49; 482; 12; 47.4; 1011.45828125; 10.1826171875
2026-07-04; 12:55:49; 482; 12; 46.97; 1011.505703125; 10.412109375
2026-07-04; 12:56:49; 473; 11; 46.94; 1011.4003515625; 10.458984375
2026-07-04; 12:57:49; 459; 8; 46.54; 1011.452109375; 10.689453125
2026-07-04; 12:58:49; 435; 5; 46.46; 1011.4781640625; 10.7470703125
2026-07-04; 12:59:49; 411; 1; 46.22; 1011.397421875; 10.9091796875
2026-07-04; 13:00:49; 400; 0; 46.04; 1011.344765625; 11.01171875
2026-07-04; 13:01:49; 400; 0; 46.07; 1011.371171875; 11.0009765625
2026-07-04; 13:02:49; 405; 0; 46.12; 1011.2896484375; 10.9775390625
2026-07-04; 13:03:49; 400; 0; 46.32; 1011.352265625; 10.8876953125
2026-07-04; 13:04:49; 403; 0; 46.42; 1011.357421875; 10.818359375
2026-07-04; 13:05:49; 406; 0; 46.98; 1011.2975; 10.47265625
2026-07-04; 13:06:49; 415; 2; 47.03; 1011.31046875; 10.44921875
2026-07-04; 13:07:49; 415; 2; 47.12; 1011.3440234375; 10.416015625
2026-07-04; 13:08:49; 439; 5; 47.45; 1011.239296875; 10.2314453125
2026-07-04; 13:09:49; 451; 7; 47.65; 1011.2564453125; 10.1162109375
2026-07-04; 13:10:49; 446; 7; 47.86; 1011.267578125; 9.9775390625
2026-07-04; 13:11:49; 439; 5; 47.87; 1011.19625; 10.0966796875
2026-07-04; 13:12:49; 427; 4; 47.68; 1011.311328125; 10.056640625
2026-07-04; 13:13:49; 423; 3; 48.26; 1011.2348046875; 9.7939453125
2026-07-04; 13:14:49; 415; 2; 48.22; 1011.237734375; 9.7685546875
2026-07-04; 13:15:49; 406; 0; 48.21; 1011.2008203125; 9.78125
2026-07-04; 13:16:49; 400; 0; 48.3; 1011.2104296875; 9.7470703125
2026-07-04; 13:17:49; 400; 0; 48.28; 1011.1578515625; 9.72265625
2026-07-04; 13:18:50; 403; 0; 48.32; 1011.1259375; 9.7353515625
2026-07-04; 13:19:50; 403; 0; 48.26; 1011.1845703125; 9.76953125
2026-07-04; 13:20:50; 400; 0; 48.22; 1011.1796875; 9.79296875
2026-07-04; 13:21:50; 400; 0; 48.18; 1011.116640625; 9.8037109375
2026-07-04; 13:22:50; 403; 0; 48.07; 1011.118125; 9.861328125
2026-07-04; 13:23:50; 413; 1; 48.11; 1011.122734375; 9.8505859375
2026-07-04; 13:24:50; 418; 2; 48.01; 1011.1186328125; 9.908203125
2026-07-04; 13:25:50; 413; 1; 48.02; 1011.0762890625; 9.9091796875
2026-07-04; 13:26:50; 405; 0; 47.85; 1011.0778515625; 9.9892578125
2026-07-04; 13:27:50; 400; 0; 47.73; 1011.1133203125; 10.0458984375
2026-07-04; 13:28:50; 405; 0; 47.62; 1011.0429296875; 10.1279296875
2026-07-04; 13:29:50; 400; 0; 47.05; 1010.99421875; 10.4140625
2026-07-04; 13:30:50; 403; 0; 47.06; 1011.03890625; 10.4384765625
2026-07-04; 13:31:50; 405; 0; 46.74; 1011.0061328125; 10.5859375
2026-07-04; 13:32:50; 403; 0; 46.09; 1011.026796875; 10.9296875
2026-07-04; 13:33:50; 400; 0; 45.45; 1010.8641015625; 11.33203125
2026-07-04; 13:34:50; 400; 0; 44.97; 1010.902578125; 11.62890625
2026-07-04; 13:35:50; 400; 0; 44.64; 1010.9169921875; 11.8115234375
2026-07-04; 13:36:50; 400; 0; 44.31; 1010.8575; 12.0517578125
2026-07-04; 13:37:50; 400; 0; 44.04; 1010.90015625; 12.2109375
2026-07-04; 13:38:50; 400; 0; 43.93; 1010.878671875; 12.2802734375
2026-07-04; 13:39:50; 400; 0; 43.76; 1010.9556640625; 12.44140625
2026-07-04; 13:40:50; 403; 0; 43.67; 1010.9366796875; 12.462890625
2026-07-04; 13:41:50; 400; 0; 43.65; 1010.8842578125; 12.498046875
2026-07-04; 13:42:50; 400; 0; 43.57; 1010.865; 12.54296875
2026-07-04; 13:43:50; 405; 0; 43.44; 1010.8403125; 12.623046875
2026-07-04; 13:44:50; 403; 0; 43.25; 1010.8855859375; 12.771484375
2026-07-04; 13:45:50; 400; 0; 43.25; 1010.7991796875; 12.771484375
2026-07-04; 13:46:50; 405; 0; 43.1; 1010.750703125; 12.8740234375
2026-07-04; 13:47:50; 400; 0; 43.08; 1010.74765625; 12.8974609375
2026-07-04; 13:48:50; 403; 0; 42.96; 1010.787890625; 13.0
2026-07-04; 13:49:50; 403; 0; 42.88; 1010.698125; 13.044921875
2026-07-04; 13:50:50; 403; 0; 42.85; 1010.6220703125; 13.056640625
2026-07-04; 13:51:50; 401; 0; 42.9; 1010.6644921875; 13.0458984375
2026-07-04; 13:52:50; 401; 0; 42.79; 1010.634375; 13.1015625
2026-07-04; 13:53:50; 400; 0; 42.76; 1010.615546875; 13.11328125
2026-07-04; 13:54:50; 403; 0; 42.82; 1010.624140625; 13.0673828125
2026-07-04; 13:55:50; 400; 0; 42.68; 1010.5545703125; 13.169921875
2026-07-04; 13:56:50; 400; 0; 42.59; 1010.5353125; 13.21484375
2026-07-04; 13:57:50; 402; 0; 42.61; 1010.5380859375; 13.19140625
2026-07-04; 13:58:50; 400; 0; 42.55; 1010.529453125; 13.2255859375
2026-07-04; 13:59:50; 402; 0; 42.48; 1010.5910546875; 13.283203125
2026-07-04; 14:00:51; 415; 2; 42.47; 1010.4890234375; 13.2939453125
2026-07-04; 14:01:51; 418; 2; 42.44; 1010.49921875; 13.3408203125
2026-07-04; 14:02:51; 427; 4; 42.3; 1010.4791015625; 13.478515625
2026-07-04; 14:03:51; 434; 5; 42.24; 1010.5070703125; 13.5244140625
2026-07-04; 14:04:51; 438; 5; 42.17; 1010.4172265625; 13.556640625
2026-07-04; 14:05:51; 441; 6; 42.2; 1010.46453125; 13.5341796875
2026-07-04; 14:06:51; 447; 7; 42.14; 1010.32; 13.591796875
2026-07-04; 14:07:51; 466; 10; 42.18; 1010.3180078125; 13.5927734375
2026-07-04; 14:08:51; 485; 12; 42.12; 1010.423984375; 13.638671875
2026-07-04; 14:09:51; 497; 14; 42.14; 1010.398046875; 13.603515625
2026-07-04; 14:10:51; 508; 16; 42.14; 1010.32; 13.6513671875
2026-07-04; 14:11:51; 534; 20; 42.1; 1010.3428515625; 13.662109375
2026-07-04; 14:12:51; 534; 20; 42.04; 1010.3053515625; 13.66015625
2026-07-04; 14:13:51; 517; 17; 42.06; 1010.3656640625; 13.58984375
2026-07-04; 14:14:51; 492; 14; 41.98; 1010.3619921875; 13.646484375
2026-07-04; 14:15:51; 481; 12; 41.86; 1010.3157421875; 13.7255859375
2026-07-04; 14:16:51; 463; 9; 41.84; 1010.247578125; 13.771484375
2026-07-04; 14:17:51; 459; 8; 41.82; 1010.273515625; 13.771484375
2026-07-04; 14:18:51; 450; 7; 41.84; 1010.2841796875; 13.724609375
2026-07-04; 14:19:51; 444; 6; 41.86; 1010.221640625; 13.7255859375
2026-07-04; 14:20:51; 434; 5; 41.77; 1010.2675390625; 13.7939453125
2026-07-04; 14:21:51; 427; 4; 41.83; 1010.2030859375; 13.712890625
2026-07-04; 14:22:51; 427; 4; 41.76; 1010.194296875; 13.76953125
2026-07-04; 14:23:51; 424; 3; 41.68; 1010.23984375; 13.837890625
2026-07-04; 14:24:51; 424; 3; 41.7; 1010.1773046875; 13.8388671875
2026-07-04; 14:25:51; 447; 7; 41.71; 1010.2009765625; 13.8271484375
2026-07-04; 14:26:51; 447; 7; 41.73; 1010.225234375; 13.86328125
2026-07-04; 14:27:51; 460; 9; 41.7; 1010.2713671875; 13.91015625
2026-07-04; 14:28:51; 485; 12; 41.66; 1010.20828125; 13.9326171875
2026-07-04; 14:29:51; 487; 13; 41.64; 1010.2051171875; 13.978515625
2026-07-04; 14:30:51; 501; 15; 41.68; 1010.1536328125; 13.9443359375
2026-07-04; 14:31:51; 517; 17; 41.62; 1010.1161328125; 14.025390625
2026-07-04; 14:32:51; 517; 17; 41.66; 1010.1426171875; 13.9677734375
2026-07-04; 14:33:51; 501; 15; 41.6; 1010.076640625; 14.0244140625
2026-07-04; 14:34:51; 508; 16; 41.6; 1010.105390625; 14.0009765625
2026-07-04; 14:35:51; 530; 19; 41.6; 1010.076640625; 14.0244140625
2026-07-04; 14:36:51; 517; 17; 41.56; 1010.0706640625; 14.05859375
2026-07-04; 14:37:51; 526; 19; 41.58; 1009.995234375; 14.0478515625
2026-07-04; 14:38:51; 542; 21; 41.54; 1009.960859375; 14.12890625
2026-07-04; 14:39:51; 569; 25; 41.5; 1010.0201953125; 14.1630859375
2026-07-04; 14:40:51; 617; 33; 41.49; 1009.946953125; 14.1982421875
2026-07-04; 14:41:51; 649; 37; 41.45; 1009.9696875; 14.220703125
2026-07-04; 14:42:51; 679; 42; 41.45; 1009.990546875; 14.208984375
2026-07-04; 14:43:52; 715; 47; 41.43; 1009.98765625; 14.2197265625
2026-07-04; 14:44:52; 728; 49; 41.44; 1009.925234375; 14.197265625
2026-07-04; 14:45:52; 733; 50; 41.51; 1009.9706640625; 14.1396484375
2026-07-04; 14:46:52; 733; 50; 41.52; 1009.957734375; 14.15234375
2026-07-04; 14:47:52; 740; 51; 41.51; 1009.913203125; 14.1396484375
2026-07-04; 14:48:52; 728; 49; 41.54; 1009.853828125; 14.10546875
2026-07-04; 14:49:52; 715; 47; 41.57; 1009.9507421875; 14.0478515625
2026-07-04; 14:50:52; 683; 43; 41.68; 1009.8584765625; 13.9443359375
2026-07-04; 14:51:52; 679; 42; 41.65; 1009.8395703125; 13.978515625
2026-07-04; 14:52:52; 679; 42; 41.6; 1009.854765625; 14.0361328125
2026-07-04; 14:53:52; 699; 45; 41.57; 1009.89328125; 14.0712890625
2026-07-04; 14:54:52; 704; 46; 41.52; 1009.851015625; 14.1171875
2026-07-04; 14:55:52; 733; 50; 41.58; 1009.8724609375; 14.0830078125
2026-07-04; 14:56:52; 749; 53; 41.5; 1009.8687109375; 14.1513671875
2026-07-04; 14:57:52; 774; 56; 41.48; 1009.75890625; 14.162109375
2026-07-04; 14:58:52; 787; 58; 41.48; 1009.87375; 14.162109375
2026-07-04; 14:59:52; 798; 60; 41.43; 1009.8441015625; 14.1845703125
2026-07-04; 15:00:52; 810; 62; 41.36; 1009.8194921875; 14.2294921875
2026-07-04; 15:01:52; 830; 65; 41.35; 1009.832421875; 14.2529296875
2026-07-04; 15:02:52; 834; 66; 41.4; 1009.8046484375; 14.20703125
2026-07-04; 15:03:52; 834; 66; 41.36; 1009.8769140625; 14.2529296875
2026-07-04; 15:04:52; 840; 67; 41.39; 1009.8671484375; 14.23046875
2026-07-04; 15:05:52; 848; 68; 41.37; 1009.8352734375; 14.2412109375
2026-07-04; 15:06:52; 840; 67; 41.32; 1009.7560546875; 14.240234375
2026-07-04; 15:07:52; 830; 65; 41.27; 1009.7213671875; 14.3095703125
2026-07-04; 15:08:52; 830; 65; 41.24; 1009.7311328125; 14.30859375
2026-07-04; 15:09:52; 825; 64; 41.24; 1009.69453125; 14.33203125
2026-07-04; 15:10:52; 815; 63; 41.22; 1009.6630078125; 14.3193359375
2026-07-04; 15:11:52; 804; 61; 41.21; 1009.6184765625; 14.3310546875
2026-07-04; 15:12:52; 778; 57; 41.17; 1009.620390625; 14.365234375
2026-07-04; 15:13:52; 787; 58; 41.07; 1009.634453125; 14.4443359375
2026-07-04; 15:14:52; 798; 60; 41.13; 1009.63546875; 14.4228515625
2026-07-04; 15:15:52; 810; 62; 41.11; 1009.574921875; 14.421875
2026-07-04; 15:16:52; 804; 61; 41.15; 1009.66703125; 14.400390625
2026-07-04; 15:17:52; 787; 58; 41.15; 1009.73234375; 14.435546875
2026-07-04; 15:18:52; 778; 57; 41.08; 1009.650234375; 14.421875
2026-07-04; 15:19:52; 740; 51; 41.09; 1009.57203125; 14.421875
2026-07-04; 15:20:52; 740; 51; 41.03; 1009.5136328125; 14.4912109375
2026-07-04; 15:21:52; 749; 53; 41.09; 1009.629453125; 14.41015625
2026-07-04; 15:22:52; 761; 54; 40.98; 1009.578203125; 14.5126953125
2026-07-04; 15:23:52; 798; 60; 40.98; 1009.614765625; 14.5361328125
2026-07-04; 15:24:52; 804; 61; 40.95; 1009.567109375; 14.5
2026-07-04; 15:25:52; 798; 60; 40.94; 1009.5513671875; 14.55859375
2026-07-04; 15:26:53; 787; 58; 40.98; 1009.6069140625; 14.5009765625
2026-07-04; 15:27:53; 810; 62; 40.98; 1009.557421875; 14.5244140625
2026-07-04; 15:28:53; 830; 65; 40.91; 1009.56140625; 14.5693359375
2026-07-04; 15:29:53; 874; 72; 40.92; 1009.6840625; 14.62890625
2026-07-04; 15:30:53; 905; 76; 40.93; 1009.6503125; 14.65234375
2026-07-04; 15:31:53; 933; 81; 40.9; 1009.5661328125; 14.6044921875
2026-07-04; 15:32:53; 975; 87; 40.9; 1009.537421875; 14.6513671875
2026-07-04; 15:33:53; 1032; 96; 40.94; 1009.4939453125; 14.62890625
2026-07-04; 15:34:53; 1077; 103; 40.97; 1009.5703125; 14.5947265625
2026-07-04; 15:35:53; 1102; 106; 40.98; 1009.557421875; 14.595703125
2026-07-04; 15:36:53; 1110; 108; 40.96; 1009.4889453125; 14.5595703125
2026-07-04; 15:37:53; 1086; 104; 40.89; 1009.3860546875; 14.5693359375
2026-07-04; 15:38:53; 1012; 93; 40.88; 1009.419453125; 14.533203125
2026-07-04; 15:39:53; 900; 76; 40.91; 1009.467421875; 14.462890625
2026-07-04; 15:40:53; 834; 66; 40.89; 1009.4147265625; 14.439453125
2026-07-04; 15:41:53; 815; 63; 40.86; 1009.387890625; 14.5087890625
2026-07-04; 15:42:53; 840; 67; 40.82; 1009.3818359375; 14.56640625
2026-07-04; 15:43:53; 865; 70; 40.81; 1009.431328125; 14.58984375
2026-07-04; 15:44:53; 885; 73; 40.78; 1009.3187109375; 14.6240234375
2026-07-04; 15:45:53; 891; 74; 40.77; 1009.331328125; 14.6357421875
2026-07-04; 15:46:53; 885; 73; 40.76; 1009.3521484375; 14.587890625
2026-07-04; 15:47:53; 874; 72; 40.8; 1009.378984375; 14.5537109375
2026-07-04; 15:48:53; 885; 73; 40.82; 1009.3323828125; 14.51953125
2026-07-04; 15:49:53; 885; 73; 40.71; 1009.330546875; 14.6220703125
2026-07-04; 15:50:53; 891; 74; 40.75; 1009.3650390625; 14.564453125
2026-07-04; 15:51:53; 874; 72; 40.77; 1009.331328125; 14.564453125
2026-07-04; 15:52:53; 885; 73; 40.85; 1009.351328125; 14.5205078125
2026-07-04; 15:53:53; 891; 74; 40.85; 1009.351328125; 14.5673828125
2026-07-04; 15:54:53; 925; 79; 40.75; 1009.3650390625; 14.646484375
2026-07-04; 15:55:53; 933; 81; 40.76; 1009.2947265625; 14.599609375
2026-07-04; 15:56:53; 891; 74; 40.74; 1009.299765625; 14.552734375
2026-07-04; 15:57:53; 834; 66; 40.7; 1009.32265625; 14.5390625
2026-07-04; 15:58:53; 804; 61; 40.72; 1009.31765625; 14.50390625
2026-07-04; 15:59:53; 774; 56; 40.72; 1009.3829296875; 14.5166015625
2026-07-04; 16:00:53; 761; 54; 40.73; 1009.304765625; 14.5166015625
2026-07-04; 16:01:53; 704; 46; 40.69; 1009.298671875; 14.50390625
2026-07-04; 16:02:53; 665; 40; 40.71; 1009.273203125; 14.50390625
2026-07-04; 16:03:53; 634; 35; 40.7; 1009.2653125; 14.46875
2026-07-04; 16:04:53; 652; 38; 40.72; 1009.231640625; 14.5283203125
2026-07-04; 16:05:53; 699; 45; 40.74; 1009.2137109375; 14.541015625
2026-07-04; 16:06:53; 728; 49; 40.7; 1009.236640625; 14.5751953125
2026-07-04; 16:07:53; 768; 56; 40.69; 1009.220546875; 14.59765625
2026-07-04; 16:08:53; 768; 56; 40.7; 1009.1713671875; 14.5859375
2026-07-04; 16:09:54; 787; 58; 40.7; 1009.1792578125; 14.5869140625
2026-07-04; 16:10:54; 810; 62; 40.65; 1009.214765625; 14.6318359375
2026-07-04; 16:11:54; 804; 61; 40.61; 1009.1434375; 14.595703125
2026-07-04; 16:12:54; 768; 56; 40.66; 1009.193984375; 14.5263671875
2026-07-04; 16:13:54; 740; 51; 40.71; 1009.1584765625; 14.4921875
2026-07-04; 16:14:54; 665; 40; 40.68; 1009.1473828125; 14.4208984375
2026-07-04; 16:15:54; 617; 33; 40.66; 1009.0871484375; 14.4677734375
2026-07-04; 16:16:54; 600; 30; 40.63; 1009.0971484375; 14.525390625
2026-07-04; 16:17:54; 629; 34; 40.58; 1009.01796875; 14.5947265625
2026-07-04; 16:18:54; 638; 36; 40.61; 1009.151328125; 14.595703125
2026-07-04; 16:19:54; 665; 40; 40.62; 1009.08109375; 14.572265625
2026-07-04; 16:20:54; 692; 44; 40.68; 1009.0534375; 14.5380859375
2026-07-04; 16:21:54; 679; 42; 40.7; 1009.0853515625; 14.52734375
2026-07-04; 16:22:54; 679; 42; 40.72; 1009.09609375; 14.5400390625
2026-07-04; 16:23:54; 699; 45; 40.65; 1009.120859375; 14.5849609375
2026-07-04; 16:24:54; 715; 47; 40.72; 1009.09609375; 14.5517578125
2026-07-04; 16:25:54; 744; 52; 40.74; 1009.0623828125; 14.5517578125
2026-07-04; 16:26:54; 768; 56; 40.66; 1009.1158203125; 14.6201171875
2026-07-04; 16:27:54; 787; 58; 40.63; 1009.125859375; 14.619140625
2026-07-04; 16:28:54; 804; 61; 40.66; 1009.0584765625; 14.6201171875
2026-07-04; 16:29:54; 830; 65; 40.64; 1008.998203125; 14.6669921875
2026-07-04; 16:30:54; 857; 69; 40.65; 1009.0061328125; 14.6435546875
2026-07-04; 16:31:54; 848; 68; 40.64; 1008.9695703125; 14.6201171875
2026-07-04; 16:32:54; 825; 64; 40.59; 1008.9398046875; 14.689453125
2026-07-04; 16:33:54; 825; 64; 40.52; 1008.972421875; 14.7685546875
2026-07-04; 16:34:54; 815; 63; 40.54; 1009.011875; 14.734375
2026-07-04; 16:35:54; 825; 64; 40.49; 1008.9821484375; 14.779296875
2026-07-04; 16:36:54; 840; 67; 40.51; 1008.9645703125; 14.7919921875
2026-07-04; 16:37:54; 900; 76; 40.54; 1009.011875; 14.76953125
2026-07-04; 16:38:54; 933; 81; 40.49; 1009.01078125; 14.8271484375
2026-07-04; 16:39:54; 945; 83; 40.48; 1009.05234375; 14.802734375
2026-07-04; 16:40:54; 905; 76; 40.44; 1009.06203125; 14.8369140625
2026-07-04; 16:41:54; 945; 83; 40.47; 1009.044453125; 14.849609375
2026-07-04; 16:42:54; 945; 83; 40.44; 1008.996796875; 14.8603515625
2026-07-04; 16:43:54; 956; 84; 40.42; 1008.93625; 14.8720703125
2026-07-04; 16:44:54; 945; 83; 40.45; 1008.955234375; 14.814453125
2026-07-04; 16:45:54; 891; 74; 40.45; 1008.9265625; 14.814453125
2026-07-04; 16:46:54; 848; 68; 40.41; 1008.9283984375; 14.8603515625
2026-07-04; 16:47:54; 848; 68; 40.48; 1008.8803515625; 14.814453125
2026-07-04; 16:48:54; 857; 69; 40.5; 1008.9121875; 14.8154296875
2026-07-04; 16:49:54; 865; 70; 40.48; 1008.945546875; 14.802734375
2026-07-04; 16:50:54; 891; 74; 40.44; 1008.968125; 14.8837890625
2026-07-04; 16:51:54; 920; 79; 40.49; 1008.9821484375; 14.8388671875
2026-07-04; 16:52:55; 933; 81; 40.43; 1008.9315625; 14.8837890625
2026-07-04; 16:53:55; 975; 87; 40.44; 1008.8613671875; 14.896484375
2026-07-04; 16:54:55; 1001; 91; 40.42; 1008.887109375; 14.9306640625
2026-07-04; 16:55:55; 1032; 96; 40.43; 1008.8742578125; 14.9072265625
2026-07-04; 16:56:55; 1044; 98; 40.45; 1008.9058203125; 14.919921875
2026-07-04; 16:57:55; 1056; 99; 40.47; 1008.8151171875; 14.8974609375
2026-07-04; 16:58:55; 1086; 104; 40.49; 1008.846640625; 14.8740234375
2026-07-04; 16:59:55; 1077; 103; 40.46; 1008.7785546875; 14.884765625
2026-07-04; 17:00:55; 1086; 104; 40.46; 1008.8072265625; 14.908203125
2026-07-04; 17:01:55; 1086; 104; 40.53; 1008.8448046875; 14.83984375
2026-07-04; 17:02:55; 1019; 94; 40.46; 1008.721171875; 14.861328125
2026-07-04; 17:03:55; 990; 89; 40.49; 1008.731953125; 14.8505859375
2026-07-04; 17:04:55; 956; 84; 40.5; 1008.711484375; 14.8623046875
2026-07-04; 17:05:55; 933; 81; 40.42; 1008.8216015625; 14.9423828125
2026-07-04; 17:06:55; 956; 84; 40.48; 1008.679609375; 14.873046875
2026-07-04; 17:07:55; 964; 85; 40.46; 1008.7133203125; 14.908203125
2026-07-04; 17:08:55; 956; 84; 40.42; 1008.6782421875; 14.9423828125
2026-07-04; 17:09:55; 925; 79; 40.41; 1008.6130078125; 14.9306640625
2026-07-04; 17:10:55; 920; 79; 40.39; 1008.7742578125; 14.9765625
2026-07-04; 17:11:55; 925; 79; 40.38; 1008.7298046875; 14.96484375
2026-07-04; 17:12:55; 933; 81; 40.42; 1008.6782421875; 14.9423828125
2026-07-04; 17:13:55; 964; 85; 40.39; 1008.6595703125; 14.98828125
2026-07-04; 17:14:55; 981; 88; 40.4; 1008.6832421875; 14.9892578125
2026-07-04; 17:15:55; 990; 89; 40.41; 1008.6416796875; 14.9658203125
2026-07-04; 17:16:55; 981; 88; 40.36; 1008.6408984375; 15.0224609375
2026-07-04; 17:17:55; 975; 87; 40.38; 1008.643828125; 14.98828125
2026-07-04; 17:18:55; 964; 85; 40.39; 1008.6101171875; 14.96484375
2026-07-04; 17:19:55; 905; 76; 40.32; 1008.585390625; 15.021484375
2026-07-04; 17:20:55; 920; 79; 40.35; 1008.460703125; 14.9638671875
2026-07-04; 17:21:55; 891; 74; 40.37; 1008.4846875; 14.9638671875
2026-07-04; 17:22:55; 891; 74; 40.31; 1008.48359375; 15.033203125
2026-07-04; 17:23:55; 891; 74; 40.32; 1008.606171875; 15.044921875
2026-07-04; 17:24:55; 885; 73; 40.27; 1008.506171875; 15.0546875
2026-07-04; 17:25:55; 900; 76; 40.24; 1008.565625; 15.1015625
2026-07-04; 17:26:55; 865; 70; 40.26; 1008.53984375; 15.078125
2026-07-04; 17:27:55; 885; 73; 40.29; 1008.52984375; 15.0556640625
2026-07-04; 17:28:55; 905; 76; 40.28; 1008.49328125; 15.0556640625
2026-07-04; 17:29:55; 891; 74; 40.23; 1008.4638671875; 15.1240234375
2026-07-04; 17:30:55; 920; 79; 40.18; 1008.5150390625; 15.158203125
2026-07-04; 17:31:55; 925; 79; 40.18; 1008.478515625; 15.158203125
2026-07-04; 17:32:55; 933; 81; 40.23; 1008.4351953125; 15.0888671875
2026-07-04; 17:33:55; 933; 81; 40.23; 1008.4638671875; 15.1357421875
2026-07-04; 17:34:55; 964; 85; 40.23; 1008.4144140625; 15.16015625
2026-07-04; 17:35:56; 1019; 94; 40.22; 1008.304453125; 15.1826171875
2026-07-04; 17:36:56; 1077; 103; 40.25; 1008.3599609375; 15.1484375
2026-07-04; 17:37:56; 1086; 104; 40.31; 1008.30375; 15.091796875
2026-07-04; 17:38:56; 1077; 103; 40.3; 1008.2672265625; 15.091796875
2026-07-04; 17:39:56; 1019; 94; 40.25; 1008.331328125; 15.13671875
2026-07-04; 17:40:56; 981; 88; 40.23; 1008.2424609375; 15.13671875
2026-07-04; 17:41:56; 964; 85; 40.26; 1008.1958984375; 15.11328125
2026-07-04; 17:42:56; 975; 87; 40.26; 1008.1751171875; 15.1025390625
2026-07-04; 17:43:56; 975; 87; 40.31; 1008.254296875; 15.103515625
2026-07-04; 17:44:56; 1001; 91; 40.33; 1008.27796875; 15.0927734375
2026-07-04; 17:45:56; 1032; 96; 40.37; 1008.2632421875; 15.09375
2026-07-04; 17:46:56; 1086; 104; 40.37; 1008.3126953125; 15.09375
2026-07-04; 17:47:56; 1110; 108; 40.33; 1008.228515625; 15.1513671875
2026-07-04; 17:48:56; 1131; 111; 40.3; 1008.2672265625; 15.138671875
2026-07-04; 17:49:56; 1191; 120; 40.33; 1008.171171875; 15.1279296875
2026-07-04; 17:50:56; 1220; 124; 40.38; 1008.164375; 15.10546875
2026-07-04; 17:51:56; 1238; 127; 40.29; 1008.1572265625; 15.197265625
2026-07-04; 17:52:56; 1266; 131; 40.3; 1008.1733203125; 15.185546875
2026-07-04; 17:53:56; 1281; 134; 40.29; 1008.042578125; 15.185546875
2026-07-04; 17:54:56; 1281; 134; 40.31; 1008.053671875; 15.162109375
2026-07-04; 17:55:56; 1252; 129; 40.25; 1008.0733984375; 15.2314453125
2026-07-04; 17:56:56; 1220; 124; 40.28; 1008.05546875; 15.2080078125
2026-07-04; 17:57:56; 1220; 124; 40.27; 1008.125703125; 15.2314453125
2026-07-04; 17:58:56; 1181; 118; 40.25; 1008.06546875; 15.23046875
2026-07-04; 17:59:56; 1191; 120; 40.23; 1008.0418359375; 15.21875
2026-07-04; 18:00:56; 1140; 112; 40.23; 1007.955859375; 15.21875
2026-07-04; 18:01:56; 1131; 111; 40.25; 1007.9794921875; 15.23046875
2026-07-04; 18:02:56; 1125; 110; 40.2; 1007.9734375; 15.2998046875
2026-07-04; 18:03:56; 1131; 111; 40.25; 1007.950859375; 15.25390625
2026-07-04; 18:04:56; 1110; 108; 40.22; 1007.9032421875; 15.27734375
2026-07-04; 18:05:56; 1077; 103; 40.27; 1007.925078125; 15.2548828125
2026-07-04; 18:06:56; 1086; 104; 40.27; 1007.875625; 15.2666015625
2026-07-04; 18:07:56; 1140; 112; 40.31; 1007.8816796875; 15.2216796875
2026-07-04; 18:08:56; 1156; 115; 40.29; 1007.8787890625; 15.244140625
2026-07-04; 18:09:56; 1191; 120; 40.34; 1007.892421875; 15.2216796875
2026-07-04; 18:10:56; 1220; 124; 40.38; 1007.8124609375; 15.1884765625
2026-07-04; 18:11:56; 1281; 134; 40.41; 1007.8389453125; 15.142578125
2026-07-04; 18:12:56; 1220; 124; 40.35; 1007.965546875; 15.19921875
2026-07-04; 18:13:56; 1191; 120; 40.32; 1007.946875; 15.2216796875
2026-07-04; 18:14:56; 1156; 115; 40.35; 1007.91609375; 15.234375
2026-07-04; 18:15:56; 1191; 120; 40.32; 1007.946875; 15.2451171875
2026-07-04; 18:16:56; 1191; 120; 40.31; 1007.8816796875; 15.2451171875
2026-07-04; 18:17:56; 1191; 120; 40.29; 1007.9279296875; 15.255859375
2026-07-04; 18:18:57; 1168; 117; 40.28; 1007.826171875; 15.302734375
2026-07-04; 18:19:57; 1181; 118; 40.28; 1007.7767578125; 15.255859375
2026-07-04; 18:20:57; 1191; 120; 40.25; 1007.8648828125; 15.3251953125
2026-07-04; 18:21:57; 1228; 126; 40.31; 1007.8451171875; 15.2685546875
2026-07-04; 18:22:57; 1220; 124; 40.27; 1007.7609765625; 15.3134765625
2026-07-04; 18:23:57; 1252; 129; 40.32; 1007.7748828125; 15.2802734375
2026-07-04; 18:24:57; 1281; 134; 40.28; 1007.7480859375; 15.302734375
2026-07-04; 18:25:57; 1291; 135; 40.28; 1007.7401953125; 15.326171875
2026-07-04; 18:26:57; 1338; 142; 40.2; 1007.7155078125; 15.3828125
2026-07-04; 18:27:57; 1360; 146; 40.24; 1007.734453125; 15.3720703125
2026-07-04; 18:28:57; 1360; 146; 40.26; 1007.7165625; 15.337890625
2026-07-04; 18:29:57; 1345; 143; 40.26; 1007.77390625; 15.361328125
2026-07-04; 18:30:57; 1313; 139; 40.19; 1007.7205078125; 15.3818359375
2026-07-04; 18:31:57; 1291; 135; 40.13; 1007.7116015625; 15.4619140625
2026-07-04; 18:32:57; 1313; 139; 40.18; 1007.7333984375; 15.3701171875
2026-07-04; 18:33:57; 1252; 129; 40.14; 1007.620625; 15.427734375
2026-07-04; 18:34:57; 1252; 129; 40.15; 1007.6571484375; 15.416015625
2026-07-04; 18:35:57; 1204; 122; 40.13; 1007.6621875; 15.4033203125
2026-07-04; 18:36:57; 1228; 126; 40.16; 1007.6237890625; 15.392578125
2026-07-04; 18:37:57; 1238; 127; 40.19; 1007.67109375; 15.3935546875
2026-07-04; 18:38:57; 1181; 118; 40.16; 1007.59515625; 15.416015625
2026-07-04; 18:39:57; 1168; 117; 40.14; 1007.6779296875; 15.392578125
2026-07-04; 18:40:57; 1181; 118; 40.08; 1007.6119921875; 15.47265625
2026-07-04; 18:41:57; 1204; 122; 40.14; 1007.506015625; 15.439453125
2026-07-04; 18:42:57; 1191; 120; 40.14; 1007.4980859375; 15.439453125
2026-07-04; 18:43:57; 1220; 124; 40.1; 1007.557578125; 15.44921875
2026-07-04; 18:44:57; 1228; 126; 40.1; 1007.557578125; 15.4609375
2026-07-04; 18:45:57; 1238; 127; 40.07; 1007.5386328125; 15.51953125
2026-07-04; 18:46:57; 1252; 129; 40.07; 1007.6245703125; 15.51953125
2026-07-04; 18:47:57; 1281; 134; 40.04; 1007.598046875; 15.552734375
2026-07-04; 18:48:57; 1281; 134; 40.07; 1007.559375; 15.53125
2026-07-04; 18:49:57; 1338; 142; 40.12; 1007.52390625; 15.4736328125
2026-07-04; 18:50:57; 1313; 139; 40.08; 1007.57515625; 15.49609375
2026-07-04; 18:51:57; 1338; 142; 40.12; 1007.5525390625; 15.4619140625
2026-07-04; 18:52:57; 1307; 138; 40.1; 1007.4923828125; 15.49609375
2026-07-04; 18:53:57; 1313; 139; 40.03; 1007.561484375; 15.564453125
2026-07-04; 18:54:57; 1376; 148; 40.04; 1007.540703125; 15.541015625
2026-07-04; 18:55:57; 1376; 148; 40.02; 1007.5167578125; 15.576171875
2026-07-04; 18:56:57; 1360; 146; 39.99; 1007.5551171875; 15.5986328125
2026-07-04; 18:57:57; 1345; 143; 39.97; 1007.4870703125; 15.5859375
2026-07-04; 18:58:57; 1345; 143; 39.94; 1007.5046484375; 15.6083984375
2026-07-04; 18:59:57; 1307; 138; 40.0; 1007.505703125; 15.5048828125
2026-07-04; 19:00:57; 1281; 134; 39.92; 1007.444453125; 15.607421875
2026-07-04; 19:01:58; 1281; 134; 39.94; 1007.5046484375; 15.6083984375
2026-07-04; 19:02:58; 1307; 138; 39.88; 1007.4179296875; 15.666015625
2026-07-04; 19:03:58; 1291; 135; 39.93; 1007.468125; 15.6201171875
2026-07-04; 19:04:58; 1266; 131; 39.89; 1007.3971484375; 15.642578125
2026-07-04; 19:05:58; 1252; 129; 39.95; 1007.434765625; 15.5859375
2026-07-04; 19:06:58; 1266; 131; 39.92; 1007.423671875; 15.6318359375
2026-07-04; 19:07:58; 1307; 138; 39.85; 1007.4848828125; 15.7109375
2026-07-04; 19:08:58; 1291; 135; 39.92; 1007.423671875; 15.6318359375
2026-07-04; 19:09:58; 1281; 134; 39.96; 1007.499921875; 15.5859375
2026-07-04; 19:10:58; 1281; 134; 39.9; 1007.4129296875; 15.630859375
2026-07-04; 19:11:58; 1220; 124; 39.83; 1007.367421875; 15.6875
2026-07-04; 19:12:58; 1238; 127; 39.87; 1007.422578125; 15.6298828125
2026-07-04; 19:13:58; 1238; 127; 39.81; 1007.4504296875; 15.6865234375
2026-07-04; 19:14:58; 1228; 126; 39.79; 1007.410703125; 15.7333984375
2026-07-04; 19:15:58; 1220; 124; 39.7; 1007.4116796875; 15.7998046875
2026-07-04; 19:16:58; 1238; 127; 39.65; 1007.39765625; 15.810546875
2026-07-04; 19:17:58; 1238; 127; 39.65; 1007.4262890625; 15.810546875
2026-07-04; 19:18:58; 1204; 122; 39.65; 1007.3769140625; 15.810546875
2026-07-04; 19:19:58; 1220; 124; 39.63; 1007.3453515625; 15.8330078125
2026-07-04; 19:20:58; 1168; 117; 39.63; 1007.3453515625; 15.8330078125
2026-07-04; 19:21:58; 1191; 120; 39.56; 1007.28375; 15.9130859375
2026-07-04; 19:22:58; 1181; 118; 39.63; 1007.3661328125; 15.8212890625
2026-07-04; 19:23:58; 1168; 117; 39.61; 1007.3059375; 15.85546875
2026-07-04; 19:24:58; 1191; 120; 39.6; 1007.347109375; 15.8671875
2026-07-04; 19:25:58; 1220; 124; 39.63; 1007.373984375; 15.8447265625
2026-07-04; 19:26:58; 1238; 127; 39.66; 1007.3275390625; 15.833984375
2026-07-04; 19:27:58; 1266; 131; 39.62; 1007.215078125; 15.8798828125
2026-07-04; 19:28:58; 1281; 134; 39.62; 1007.329609375; 15.8798828125
2026-07-04; 19:29:58; 1291; 135; 39.62; 1007.243671875; 15.8681640625
2026-07-04; 19:30:58; 1281; 134; 39.6; 1007.2694140625; 15.90234375
2026-07-04; 19:31:58; 1281; 134; 39.51; 1007.2124609375; 15.9111328125
2026-07-04; 19:32:58; 1291; 135; 39.53; 1007.27296875; 15.923828125
2026-07-04; 19:33:58; 1307; 138; 39.55; 1007.21859375; 15.900390625
2026-07-04; 19:34:58; 1291; 135; 39.55; 1007.275859375; 15.900390625
2026-07-04; 19:35:58; 1313; 139; 39.51; 1007.2697265625; 15.9345703125
2026-07-04; 19:36:58; 1281; 134; 39.53; 1007.2443359375; 15.923828125
2026-07-04; 19:37:58; 1291; 135; 39.5; 1007.2460546875; 15.9345703125
2026-07-04; 19:38:58; 1238; 127; 39.45; 1007.23203125; 15.9677734375
2026-07-04; 19:39:58; 1228; 126; 39.47; 1007.2352734375; 15.95703125
2026-07-04; 19:40:58; 1266; 131; 39.44; 1007.1797265625; 15.9912109375
2026-07-04; 19:41:58; 1252; 129; 39.4; 1007.2104296875; 16.048828125
2026-07-04; 19:42:58; 1291; 135; 39.39; 1007.137109375; 16.0244140625
2026-07-04; 19:43:58; 1291; 135; 39.41; 1007.226171875; 16.013671875
2026-07-04; 19:44:59; 1291; 135; 39.35; 1007.19640625; 16.0703125
2026-07-04; 19:45:59; 1307; 138; 39.31; 1007.190234375; 16.103515625
2026-07-04; 19:46:59; 1291; 135; 39.29; 1007.2080078125; 16.115234375
2026-07-04; 19:47:59; 1291; 135; 39.32; 1007.2632421875; 16.0693359375
2026-07-04; 19:48:59; 1291; 135; 39.33; 1007.3000390625; 16.0810546875
2026-07-04; 19:49:59; 1291; 135; 39.31; 1007.190234375; 16.103515625
2026-07-04; 19:50:59; 1338; 142; 39.31; 1007.218828125; 16.115234375
2026-07-04; 19:51:59; 1313; 139; 39.32; 1007.22671875; 16.0927734375
2026-07-04; 19:52:59; 1313; 139; 39.3; 1007.2316796875; 16.091796875
2026-07-04; 19:53:59; 1307; 138; 39.28; 1007.220859375; 16.1025390625
2026-07-04; 19:54:59; 1266; 131; 39.2; 1007.1515625; 16.169921875
2026-07-04; 19:55:59; 1228; 126; 39.18; 1007.2134375; 16.158203125
2026-07-04; 19:56:59; 1220; 124; 39.12; 1007.2694140625; 16.23828125
2026-07-04; 19:57:59; 1220; 124; 39.12; 1007.2329296875; 16.21484375
2026-07-04; 19:58:59; 1228; 126; 39.11; 1007.2533203125; 16.21484375
2026-07-04; 19:59:59; 1204; 122; 39.08; 1007.22671875; 16.248046875
2026-07-04; 20:00:59; 1204; 122; 39.05; 1007.23625; 16.2939453125
2026-07-04; 20:01:59; 1220; 124; 39.06; 1007.203046875; 16.259765625
2026-07-04; 20:02:59; 1252; 129; 39.04; 1007.2569921875; 16.3056640625
2026-07-04; 20:03:59; 1220; 124; 39.03; 1007.2333203125; 16.3173828125
2026-07-04; 20:04:59; 1220; 124; 39.02; 1007.28265625; 16.28125
2026-07-04; 20:05:59; 1191; 120; 39.0; 1007.3290234375; 16.3037109375
2026-07-04; 20:06:59; 1168; 117; 38.97; 1007.2813671875; 16.279296875
2026-07-04; 20:07:59; 1140; 112; 38.98; 1007.2971484375; 16.2919921875
2026-07-04; 20:08:59; 1131; 111; 38.96; 1007.3306640625; 16.349609375
2026-07-04; 20:09:59; 1156; 115; 38.93; 1007.36125; 16.3720703125
2026-07-04; 20:10:59; 1156; 115; 38.9; 1007.31359375; 16.40625
2026-07-04; 20:11:59; 1125; 110; 38.91; 1007.35796875; 16.39453125
2026-07-04; 20:12:59; 1125; 110; 38.89; 1007.2977734375; 16.40625
2026-07-04; 20:13:59; 1125; 110; 38.89; 1007.277109375; 16.3935546875
2026-07-04; 20:14:59; 1156; 115; 38.82; 1007.366484375; 16.5087890625
2026-07-04; 20:15:59; 1168; 117; 38.81; 1007.33; 16.4853515625
2026-07-04; 20:16:59; 1181; 118; 38.8; 1007.3062890625; 16.51953125
2026-07-04; 20:17:59; 1181; 118; 38.79; 1007.3191015625; 16.54296875
2026-07-04; 20:18:59; 1228; 126; 38.77; 1007.2093359375; 16.5185546875
2026-07-04; 20:19:59; 1228; 126; 38.75; 1007.2842578125; 16.552734375
2026-07-04; 20:20:59; 1238; 127; 38.72; 1007.2940625; 16.6220703125
2026-07-04; 20:21:59; 1281; 134; 38.71; 1007.257578125; 16.5986328125
2026-07-04; 20:22:59; 1291; 135; 38.66; 1007.22734375; 16.6435546875
2026-07-04; 20:23:59; 1338; 142; 38.66; 1007.235234375; 16.6669921875
2026-07-04; 20:24:59; 1345; 143; 38.66; 1007.2559375; 16.6435546875
2026-07-04; 20:25:59; 1345; 143; 38.65; 1007.2973046875; 16.6669921875
2026-07-04; 20:26:59; 1360; 146; 38.62; 1007.2861328125; 16.689453125
2026-07-04; 20:28:00; 1376; 148; 38.56; 1007.3054296875; 16.72265625
2026-07-04; 20:29:00; 1393; 151; 38.57; 1007.2640234375; 16.72265625
2026-07-04; 20:30:00; 1408; 153; 38.59; 1007.3244921875; 16.7119140625
2026-07-04; 20:31:00; 1408; 153; 38.55; 1007.240390625; 16.7578125
2026-07-04; 20:32:00; 1420; 155; 38.54; 1007.2817578125; 16.7802734375
2026-07-04; 20:33:00; 1470; 163; 38.5; 1007.21859375; 16.7900390625
2026-07-04; 20:34:00; 1494; 168; 38.51; 1007.1693359375; 16.814453125
2026-07-04; 20:35:00; 1496; 169; 38.49; 1007.223203125; 16.8369140625
2026-07-04; 20:36:00; 1502; 173; 38.49; 1007.2517578125; 16.8369140625
2026-07-04; 20:37:00; 1504; 174; 38.46; 1007.23296875; 16.84765625
2026-07-04; 20:38:00; 1508; 177; 38.47; 1007.27734375; 16.859375
2026-07-04; 20:39:00; 1512; 179; 38.47; 1007.2566796875; 16.859375
2026-07-04; 20:40:00; 1512; 179; 38.43; 1007.271015625; 16.9052734375
2026-07-04; 20:41:00; 1524; 187; 38.41; 1007.210859375; 16.892578125
2026-07-04; 20:42:00; 1521; 186; 38.36; 1007.2537890625; 16.9609375
2026-07-04; 20:43:00; 1521; 186; 38.33; 1007.227109375; 16.9833984375
2026-07-04; 20:44:00; 1517; 183; 38.29; 1007.2651171875; 17.005859375
2026-07-04; 20:45:00; 1533; 194; 38.3; 1007.3019140625; 17.029296875
2026-07-04; 20:46:00; 1536; 196; 38.24; 1007.349375; 17.0732421875
2026-07-04; 20:47:00; 1536; 196; 38.23; 1007.2271875; 17.0615234375
2026-07-04; 20:48:00; 1536; 196; 38.17; 1007.24640625; 17.15234375
2026-07-04; 20:49:00; 1536; 196; 38.16; 1007.316328125; 17.12890625
2026-07-04; 20:50:00; 1540; 199; 38.19; 1007.220859375; 17.0947265625
2026-07-04; 20:51:00; 1544; 203; 38.12; 1007.2734765625; 17.185546875
2026-07-04; 20:52:00; 1540; 199; 38.09; 1007.282890625; 17.2197265625
2026-07-04; 20:53:00; 1536; 196; 38.05; 1007.2640625; 17.2421875
2026-07-04; 20:54:00; 1536; 196; 38.01; 1007.2576953125; 17.2763671875
2026-07-04; 20:55:00; 1540; 199; 38.0; 1007.2990234375; 17.251953125
2026-07-04; 20:56:00; 1544; 203; 37.97; 1007.272265625; 17.3330078125
2026-07-04; 20:57:00; 1544; 203; 37.95; 1007.2118359375; 17.35546875
2026-07-04; 20:58:00; 1547; 205; 37.93; 1007.2737890625; 17.3427734375
2026-07-04; 20:59:00; 1547; 205; 37.91; 1007.2628125; 17.400390625
2026-07-04; 21:00:00; 1552; 208; 37.86; 1007.2199609375; 17.43359375
2026-07-04; 21:01:00; 1552; 208; 37.83; 1007.2296875; 17.4794921875
2026-07-04; 21:02:00; 1552; 208; 37.85; 1007.2533984375; 17.4794921875
2026-07-04; 21:03:00; 1552; 208; 37.81; 1007.3040625; 17.501953125
2026-07-04; 21:04:00; 1552; 208; 37.78; 1007.300703125; 17.5244140625
2026-07-04; 21:05:00; 1559; 212; 37.76; 1007.29765625; 17.5703125
2026-07-04; 21:06:00; 1559; 212; 37.72; 1007.319765625; 17.580078125
2026-07-04; 21:07:00; 1559; 212; 37.69; 1007.35796875; 17.6259765625
2026-07-04; 21:08:00; 1559; 212; 37.68; 1007.3910546875; 17.625
2026-07-04; 21:09:00; 1568; 220; 37.66; 1007.310234375; 17.66015625
2026-07-04; 21:10:01; 1559; 212; 37.61; 1007.3942578125; 17.7041015625
2026-07-04; 21:11:01; 1571; 222; 37.6; 1007.3784375; 17.6923828125
2026-07-04; 21:12:01; 1571; 222; 37.56; 1007.4008203125; 17.7373046875
2026-07-04; 21:13:01; 1571; 222; 37.56; 1007.4008203125; 17.7255859375
2026-07-04; 21:14:01; 1568; 220; 37.53; 1007.38953125; 17.771484375
2026-07-04; 21:15:01; 1562; 216; 37.52; 1007.4308203125; 17.783203125
2026-07-04; 21:16:01; 1562; 216; 37.49; 1007.383359375; 17.8056640625
2026-07-04; 21:17:01; 1547; 205; 37.44; 1007.2833984375; 17.8388671875
2026-07-04; 21:18:01; 1562; 216; 37.41; 1007.3421875; 17.8837890625
2026-07-04; 21:19:01; 1559; 212; 37.4; 1007.391015625; 17.8955078125
2026-07-04; 21:20:01; 1559; 212; 37.38; 1007.4085546875; 17.90625
2026-07-04; 21:21:01; 1559; 212; 37.33; 1007.414765625; 17.9501953125
2026-07-04; 21:22:01; 1556; 211; 37.29; 1007.5017578125; 17.984375
2026-07-04; 21:23:01; 1556; 211; 37.28; 1007.5351171875; 17.9833984375
2026-07-04; 21:24:01; 1559; 212; 37.28; 1007.5065625; 18.0185546875
2026-07-04; 21:25:01; 1559; 212; 37.23; 1007.585625; 18.052734375
2026-07-04; 21:26:01; 1556; 211; 37.21; 1007.553984375; 18.0634765625
2026-07-04; 21:27:01; 1559; 212; 37.17; 1007.51890625; 18.1201171875
2026-07-04; 21:28:01; 1556; 211; 37.15; 1007.53640625; 18.154296875
2026-07-04; 21:29:01; 1552; 208; 37.13; 1007.5615234375; 18.1298828125
2026-07-04; 21:30:01; 1552; 208; 37.1; 1007.5710546875; 18.12890625
2026-07-04; 21:31:01; 1556; 211; 37.04; 1007.54078125; 18.2080078125
2026-07-04; 21:32:01; 1552; 208; 37.04; 1007.5978515625; 18.2080078125
2026-07-04; 21:33:01; 1547; 205; 37.05; 1007.6136328125; 18.208984375
2026-07-04; 21:34:01; 1544; 203; 37.01; 1007.6929296875; 18.265625
2026-07-04; 21:35:01; 1544; 203; 37.01; 1007.6850390625; 18.2529296875
2026-07-04; 21:36:01; 1544; 203; 36.95; 1007.626171875; 18.2861328125
2026-07-04; 21:37:01; 1544; 203; 36.91; 1007.6560546875; 18.34375
2026-07-04; 21:38:01; 1544; 203; 36.89; 1007.595859375; 18.3544921875
2026-07-04; 21:39:01; 1540; 199; 36.84; 1007.7156640625; 18.3984375
2026-07-04; 21:40:01; 1540; 199; 36.83; 1007.6634375; 18.3974609375
2026-07-04; 21:41:01; 1536; 196; 36.79; 1007.7996484375; 18.4306640625
2026-07-04; 21:42:01; 1540; 199; 36.75; 1007.6584375; 18.46484375
2026-07-04; 21:43:01; 1540; 199; 36.76; 1007.7312890625; 18.4541015625
2026-07-04; 21:44:01; 1540; 199; 36.75; 1007.6584375; 18.51171875
2026-07-04; 21:45:01; 1536; 196; 36.7; 1007.8069921875; 18.509765625
2026-07-04; 21:46:01; 1540; 199; 36.67; 1007.7309765625; 18.5546875
2026-07-04; 21:47:01; 1540; 199; 36.69; 1007.7341796875; 18.5556640625
2026-07-04; 21:48:01; 1544; 203; 36.64; 1007.83359375; 18.5888671875
2026-07-04; 21:49:01; 1547; 205; 36.63; 1007.80984375; 18.5654296875
2026-07-04; 21:50:01; 1544; 203; 36.6; 1007.819375; 18.6337890625
2026-07-04; 21:51:01; 1544; 203; 36.59; 1007.754453125; 18.66796875
2026-07-04; 21:52:01; 1544; 203; 36.57; 1007.8000390625; 18.6796875
2026-07-04; 21:53:02; 1544; 203; 36.5; 1007.867734375; 18.69921875
2026-07-04; 21:54:02; 1547; 205; 36.5; 1007.8392578125; 18.6875
2026-07-04; 21:55:02; 1552; 208; 36.45; 1007.845546875; 18.802734375
2026-07-04; 21:56:02; 1559; 212; 36.45; 1007.845546875; 18.791015625
2026-07-04; 21:57:02; 1556; 211; 36.41; 1007.8183203125; 18.87109375
2026-07-04; 21:58:02; 1559; 212; 36.39; 1007.9005859375; 18.8701171875
2026-07-04; 21:59:02; 1562; 216; 36.36; 1007.8730078125; 18.822265625
2026-07-04; 22:00:02; 1552; 208; 36.37; 1007.811328125; 18.916015625
2026-07-04; 22:01:02; 1568; 220; 36.36; 1007.8730078125; 18.9150390625
2026-07-04; 22:02:02; 1571; 222; 36.35; 1007.8856640625; 18.9150390625
2026-07-04; 22:03:02; 1571; 222; 36.27; 1007.908984375; 18.9931640625
2026-07-04; 22:04:02; 1581; 229; 36.27; 1007.9374609375; 18.9814453125
2026-07-04; 22:05:02; 1587; 234; 36.24; 1007.8532421875; 19.0498046875
2026-07-04; 22:06:02; 1590; 236; 36.25; 1007.962734375; 19.07421875
2026-07-04; 22:07:02; 1594; 239; 36.14; 1007.938125; 19.1748046875
2026-07-04; 22:08:02; 1603; 248; 36.18; 1008.0223828125; 19.1875
2026-07-04; 22:09:02; 1603; 248; 36.15; 1007.953984375; 19.1630859375
2026-07-04; 22:10:02; 1610; 254; 36.13; 1008.0076953125; 19.0810546875
2026-07-04; 22:11:02; 1606; 249; 36.11; 1008.03296875; 19.2431640625
2026-07-04; 22:12:02; 1610; 254; 36.1; 1008.0740625; 19.23046875
2026-07-04; 22:13:02; 1614; 258; 36.1; 1008.0455859375; 19.2890625
2026-07-04; 22:14:02; 1614; 258; 36.08; 1008.01359375; 19.2880859375
2026-07-04; 22:15:02; 1618; 262; 36.07; 1008.111640625; 19.310546875
2026-07-04; 22:16:02; 1618; 262; 36.07; 1008.10375; 19.322265625
2026-07-04; 22:17:02; 1623; 265; 36.01; 1008.0731640625; 19.3896484375
2026-07-04; 22:18:02; 1623; 265; 36.05; 1008.128984375; 19.3330078125
2026-07-04; 22:19:02; 1614; 258; 36.04; 1008.1416015625; 19.37890625
2026-07-04; 22:20:02; 1631; 273; 35.98; 1008.082578125; 19.365234375
2026-07-04; 22:21:02; 1627; 269; 35.98; 1008.111015625; 19.447265625
2026-07-04; 22:22:02; 1644; 285; 35.92; 1008.1216015625; 19.501953125
2026-07-04; 22:23:02; 1650; 289; 35.89; 1008.13828125; 19.5009765625
2026-07-04; 22:24:02; 1650; 289; 35.86; 1008.098671875; 19.58203125
2026-07-04; 22:25:02; 1660; 299; 35.86; 1008.14765625; 19.5693359375
2026-07-04; 22:26:02; 1644; 285; 35.87; 1008.1144921875; 19.58203125
2026-07-04; 22:27:02; 1664; 303; 35.83; 1008.1569921875; 19.580078125
2026-07-04; 22:28:02; 1664; 303; 35.82; 1008.14875; 19.6142578125
2026-07-04; 22:29:02; 1674; 313; 35.82; 1008.1772265625; 19.6142578125
2026-07-04; 22:30:02; 1669; 308; 35.82; 1008.1203125; 19.6142578125
2026-07-04; 22:31:02; 1674; 313; 35.77; 1008.1264453125; 19.716796875
2026-07-04; 22:32:02; 1674; 313; 35.79; 1008.178671875; 19.7412109375
2026-07-04; 22:33:02; 1674; 313; 35.72; 1008.124296875; 19.76171875
2026-07-04; 22:34:02; 1674; 313; 35.71; 1008.2301953125; 19.865234375
2026-07-04; 22:35:02; 1677; 316; 35.72; 1008.217578125; 19.80859375
2026-07-04; 22:36:03; 1677; 316; 35.76; 1008.188046875; 19.716796875
2026-07-04; 22:37:03; 1677; 316; 35.66; 1008.1790234375; 19.7939453125
2026-07-04; 22:38:03; 1674; 313; 35.63; 1008.2452734375; 19.8974609375
2026-07-04; 22:39:03; 1682; 321; 35.67; 1008.194921875; 19.8642578125
2026-07-04; 22:40:03; 1677; 316; 35.62; 1008.1441015625; 19.943359375
2026-07-04; 22:41:03; 1682; 321; 35.62; 1008.2373828125; 19.8857421875
2026-07-04; 22:42:03; 1682; 321; 35.59; 1008.1815234375; 19.953125
2026-07-04; 22:43:03; 1687; 326; 35.57; 1008.1577734375; 20.0
2026-07-04; 22:44:03; 1687; 326; 35.52; 1008.1919921875; 20.06640625
2026-07-04; 22:45:03; 1692; 331; 35.55; 1008.1747265625; 19.986328125
2026-07-04; 22:46:03; 1692; 331; 35.51; 1008.1681640625; 19.9970703125
2026-07-04; 22:47:03; 1687; 326; 35.51; 1008.17609375; 20.078125
2026-07-04; 22:48:03; 1687; 326; 35.47; 1008.1976953125; 20.134765625
2026-07-04; 22:49:03; 1687; 326; 35.48; 1008.2707421875; 20.111328125
2026-07-04; 22:50:03; 1687; 326; 35.45; 1008.186484375; 20.16796875
2026-07-04; 22:51:03; 1687; 326; 35.42; 1008.2037109375; 20.14453125
2026-07-04; 22:52:03; 1682; 321; 35.4; 1008.1634375; 20.2470703125
2026-07-04; 22:53:03; 1682; 321; 35.4; 1008.1713671875; 20.224609375
2026-07-04; 22:54:03; 1677; 316; 35.41; 1008.1793359375; 20.2939453125
2026-07-04; 22:55:03; 1682; 321; 35.35; 1008.291171875; 20.3388671875
2026-07-04; 22:56:03; 1682; 321; 35.34; 1008.2548046875; 20.2919921875
2026-07-04; 22:57:03; 1682; 321; 35.38; 1008.281875; 20.31640625
2026-07-04; 22:58:03; 1682; 321; 35.35; 1008.270625; 20.373046875
2026-07-04; 22:59:03; 1682; 321; 35.31; 1008.320625; 20.40625
2026-07-04; 23:00:03; 1687; 326; 35.3; 1008.2968359375; 20.4169921875
2026-07-04; 23:01:03; 1682; 321; 35.29; 1008.34578125; 20.4287109375
2026-07-04; 23:02:03; 1687; 326; 35.29; 1008.3662890625; 20.4521484375
2026-07-04; 23:03:03; 1682; 321; 35.26; 1008.375234375; 20.5322265625
2026-07-04; 23:04:03; 1682; 321; 35.26; 1008.3262890625; 20.5322265625
2026-07-04; 23:05:03; 1677; 316; 35.21; 1008.2675; 20.529296875
2026-07-04; 23:06:03; 1682; 321; 35.2; 1008.4582421875; 20.5986328125
2026-07-04; 23:07:03; 1677; 316; 35.2; 1008.4503515625; 20.6337890625
2026-07-04; 23:08:03; 1682; 321; 35.21; 1008.3243359375; 20.564453125
2026-07-04; 23:09:03; 1682; 321; 35.16; 1008.423203125; 20.6552734375
2026-07-04; 23:10:03; 1682; 321; 35.14; 1008.4483203125; 20.689453125
2026-07-04; 23:11:03; 1687; 326; 35.14; 1008.4401171875; 20.7119140625
2026-07-04; 23:12:03; 1682; 321; 35.13; 1008.50953125; 20.72265625
2026-07-04; 23:13:03; 1682; 321; 35.11; 1008.4573046875; 20.7802734375
2026-07-04; 23:14:03; 1682; 321; 35.1; 1008.46984375; 20.7919921875
2026-07-04; 23:15:03; 1682; 321; 35.09; 1008.4619140625; 20.8271484375
2026-07-04; 23:16:03; 1687; 326; 35.07; 1008.48703125; 20.8251953125
2026-07-04; 23:17:03; 1692; 331; 35.05; 1008.540234375; 20.90625
2026-07-04; 23:18:03; 1687; 326; 35.01; 1008.4767578125; 20.9736328125
2026-07-04; 23:19:04; 1692; 331; 35.0; 1008.5461328125; 20.9970703125
2026-07-04; 23:20:04; 1692; 331; 34.98; 1008.5425; 20.9716796875
2026-07-04; 23:21:04; 1692; 331; 34.97; 1008.5471484375; 20.9951171875
2026-07-04; 23:22:04; 1696; 335; 34.98; 1008.4856640625; 21.0654296875
2026-07-04; 23:23:04; 1701; 340; 34.94; 1008.4994921875; 21.07421875
2026-07-04; 23:24:04; 1696; 335; 34.94; 1008.556328125; 21.109375
2026-07-04; 23:25:04; 1682; 321; 34.94; 1008.535859375; 21.14453125
2026-07-04; 23:26:04; 1707; 346; 34.93; 1008.454921875; 21.1552734375
2026-07-04; 23:27:04; 1692; 331; 34.92; 1008.5322265625; 21.1201171875
2026-07-04; 23:28:04; 1710; 349; 34.87; 1008.4730078125; 21.1875
2026-07-04; 23:29:04; 1715; 354; 34.87; 1008.509375; 21.22265625
