Datum; Uhrzeit; eCO2 (ppm); tVOC (ppb); Temperatur (°C); Luftdruck (hpPa); relative Luftfeuchte (%)
2026-09-07; 02:23:30; 400; 0; 29.84; 1007.6421484375; 32.2548828125
2026-09-07; 02:24:30; 400; 0; 29.86; 1007.730703125; 32.2216796875
2026-09-07; 02:25:30; 400; 0; 29.87; 1007.6902734375; 32.166015625
2026-09-07; 02:26:30; 403; 0; 29.85; 1007.7224609375; 32.1875
2026-09-07; 02:27:30; 400; 0; 29.88; 1007.7626171875; 32.166015625
2026-09-07; 02:28:30; 408; 1; 29.9; 1007.6535546875; 32.1220703125
2026-09-07; 02:29:30; 402; 0; 29.86; 1007.7025390625; 32.1650390625
2026-09-07; 02:30:30; 416; 2; 29.87; 1007.7184765625; 32.166015625
2026-09-07; 02:31:30; 406; 0; 29.86; 1007.6743359375; 32.1533203125
2026-09-07; 02:32:30; 411; 1; 29.88; 1007.64984375; 32.1201171875
2026-09-07; 02:33:30; 405; 0; 29.85; 1007.6660546875; 32.1640625
2026-09-07; 02:34:30; 402; 0; 29.87; 1007.6982421875; 32.142578125
2026-09-07; 02:35:30; 402; 0; 29.89; 1007.73015625; 32.1328125
2026-09-07; 02:36:30; 407; 1; 29.88; 1007.686015625; 32.109375
2026-09-07; 02:37:30; 400; 0; 29.88; 1007.7344140625; 32.09765625
2026-09-07; 02:38:30; 400; 0; 29.87; 1007.6902734375; 32.130859375
2026-09-07; 02:39:30; 405; 0; 29.85; 1007.74265625; 32.1640625
2026-09-07; 02:40:30; 405; 0; 29.86; 1007.7025390625; 32.119140625
2026-09-07; 02:41:30; 405; 0; 29.86; 1007.6823046875; 32.130859375
2026-09-07; 02:42:30; 405; 0; 29.84; 1007.7346484375; 32.1748046875
2026-09-07; 02:43:30; 400; 0; 29.82; 1007.674609375; 32.173828125
2026-09-07; 02:44:30; 403; 0; 29.83; 1007.7187109375; 32.185546875
2026-09-07; 02:45:30; 400; 0; 29.82; 1007.72296875; 32.20703125
2026-09-07; 02:46:30; 405; 0; 29.86; 1007.61796875; 32.119140625
2026-09-07; 02:47:30; 405; 0; 29.82; 1007.6666015625; 32.1845703125
2026-09-07; 02:48:30; 405; 0; 29.83; 1007.626171875; 32.1748046875
2026-09-07; 02:49:30; 400; 0; 29.79; 1007.6267578125; 32.2060546875
2026-09-07; 02:50:30; 400; 0; 29.82; 1007.59; 32.150390625
2026-09-07; 02:51:30; 403; 0; 29.81; 1007.5176953125; 32.1728515625
2026-09-07; 02:52:30; 403; 0; 29.84; 1007.61390625; 32.1181640625
2026-09-07; 02:53:30; 400; 0; 29.85; 1007.5251171875; 32.107421875
2026-09-07; 02:54:30; 408; 1; 29.83; 1007.52140625; 32.12890625
2026-09-07; 02:55:30; 400; 0; 29.81; 1007.48953125; 32.162109375
2026-09-07; 02:56:30; 400; 0; 29.82; 1007.5538671875; 32.1162109375
2026-09-07; 02:57:30; 405; 0; 29.81; 1007.537890625; 32.162109375
2026-09-07; 02:58:30; 405; 0; 29.77; 1007.5381640625; 32.2041015625
2026-09-07; 02:59:30; 405; 0; 29.78; 1007.4695703125; 32.205078125
2026-09-07; 03:00:30; 400; 0; 29.77; 1007.50203125; 32.23828125
2026-09-07; 03:01:31; 400; 0; 29.76; 1007.51421875; 32.2265625
2026-09-07; 03:02:31; 405; 0; 29.74; 1007.6312109375; 32.259765625
2026-09-07; 03:03:31; 405; 0; 29.72; 1007.5711328125; 32.2236328125
2026-09-07; 03:04:31; 405; 0; 29.75; 1007.63921875; 32.271484375
2026-09-07; 03:05:31; 402; 0; 29.74; 1007.6594140625; 32.259765625
2026-09-07; 03:06:31; 407; 1; 29.77; 1007.7275; 32.2041015625
2026-09-07; 03:07:31; 402; 0; 29.76; 1007.7194921875; 32.23828125
2026-09-07; 03:08:31; 402; 0; 29.77; 1007.73546875; 32.2041015625
2026-09-07; 03:09:31; 402; 0; 29.77; 1007.699296875; 32.2041015625
2026-09-07; 03:10:31; 400; 0; 29.76; 1007.767890625; 32.2373046875
2026-09-07; 03:11:31; 402; 0; 29.76; 1007.7115234375; 32.21484375
2026-09-07; 03:12:31; 400; 0; 29.73; 1007.7280078125; 32.2470703125
2026-09-07; 03:13:31; 402; 0; 29.73; 1007.7280078125; 32.201171875
2026-09-07; 03:14:31; 405; 0; 29.74; 1007.6514453125; 32.248046875
2026-09-07; 03:15:31; 400; 0; 29.75; 1007.78015625; 32.2255859375
2026-09-07; 03:16:31; 400; 0; 29.76; 1007.6631640625; 32.181640625
2026-09-07; 03:17:31; 407; 1; 29.74; 1007.828515625; 32.203125
2026-09-07; 03:18:31; 407; 1; 29.74; 1007.7641796875; 32.224609375
2026-09-07; 03:19:31; 407; 1; 29.74; 1007.7641796875; 32.2021484375
2026-09-07; 03:20:31; 407; 1; 29.71; 1007.7803515625; 32.24609375
2026-09-07; 03:21:31; 407; 1; 29.73; 1007.77640625; 32.2236328125
2026-09-07; 03:22:31; 407; 1; 29.75; 1007.788125; 32.1796875
2026-09-07; 03:23:31; 400; 0; 29.73; 1007.748203125; 32.2119140625
2026-09-07; 03:24:31; 400; 0; 29.7; 1007.73625; 32.2333984375
2026-09-07; 03:25:31; 402; 0; 29.72; 1007.647421875; 32.2353515625
2026-09-07; 03:26:31; 402; 0; 29.7; 1007.6596484375; 32.19921875
2026-09-07; 03:27:31; 402; 0; 29.72; 1007.5346484375; 32.2119140625
2026-09-07; 03:28:31; 402; 0; 29.7; 1007.60328125; 32.22265625
2026-09-07; 03:29:31; 400; 0; 29.7; 1007.567109375; 32.2568359375
2026-09-07; 03:30:31; 400; 0; 29.7; 1007.5469140625; 32.2451171875
2026-09-07; 03:31:31; 400; 0; 29.71; 1007.61125; 32.2119140625
2026-09-07; 03:32:31; 400; 0; 29.69; 1007.6155078125; 32.2451171875
2026-09-07; 03:33:31; 405; 0; 29.72; 1007.655703125; 32.2236328125
2026-09-07; 03:34:31; 405; 0; 29.7; 1007.6314453125; 32.2333984375
2026-09-07; 03:35:31; 400; 0; 29.7; 1007.67984375; 32.22265625
2026-09-07; 03:36:31; 400; 0; 29.63; 1007.660390625; 32.34375
2026-09-07; 03:37:31; 405; 0; 29.65; 1007.664453125; 32.2880859375
2026-09-07; 03:38:31; 403; 0; 29.65; 1007.6926171875; 32.298828125
2026-09-07; 03:39:31; 403; 0; 29.64; 1007.7247265625; 32.2861328125
2026-09-07; 03:40:31; 403; 0; 29.66; 1007.8133203125; 32.2529296875
2026-09-07; 03:41:31; 403; 0; 29.65; 1007.79734375; 32.310546875
2026-09-07; 03:42:31; 403; 0; 29.69; 1007.7282421875; 32.2109375
2026-09-07; 03:43:31; 403; 0; 29.65; 1007.833515625; 32.298828125
2026-09-07; 03:44:32; 400; 0; 29.67; 1007.80109375; 32.265625
2026-09-07; 03:45:32; 400; 0; 29.66; 1007.793125; 32.2314453125
2026-09-07; 03:46:32; 400; 0; 29.67; 1007.885625; 32.2548828125
2026-09-07; 03:47:32; 405; 0; 29.65; 1007.881875; 32.2529296875
2026-09-07; 03:48:32; 405; 0; 29.67; 1007.9419921875; 32.27734375
2026-09-07; 03:49:32; 405; 0; 29.66; 1007.9621875; 32.2421875
2026-09-07; 03:50:32; 400; 0; 29.63; 1007.9140234375; 32.2978515625
2026-09-07; 03:51:32; 400; 0; 29.65; 1007.825546875; 32.2421875
2026-09-07; 03:52:32; 405; 0; 29.65; 1007.79734375; 32.2646484375
2026-09-07; 03:53:32; 400; 0; 29.61; 1007.76140625; 32.3076171875
2026-09-07; 03:54:32; 405; 0; 29.63; 1007.7449609375; 32.240234375
2026-09-07; 03:55:32; 405; 0; 29.62; 1007.644453125; 32.2861328125
2026-09-07; 03:56:32; 405; 0; 29.65; 1007.600078125; 32.2763671875
2026-09-07; 03:57:32; 405; 0; 29.63; 1007.5396875; 32.216796875
2026-09-07; 03:58:32; 405; 0; 29.61; 1007.4876171875; 32.2724609375
2026-09-07; 03:59:32; 400; 0; 29.62; 1007.3546484375; 32.26171875
2026-09-07; 04:00:32; 405; 0; 29.64; 1007.330234375; 32.2060546875
2026-09-07; 04:01:32; 405; 0; 29.61; 1007.310546875; 32.26171875
2026-09-07; 04:02:32; 400; 0; 29.6; 1007.26640625; 32.283203125
2026-09-07; 04:03:32; 400; 0; 29.6; 1007.218046875; 32.2841796875
2026-09-07; 04:04:32; 405; 0; 29.6; 1007.2462109375; 32.2724609375
2026-09-07; 04:05:32; 405; 0; 29.62; 1007.3062890625; 32.228515625
2026-09-07; 04:06:32; 405; 0; 29.62; 1007.3062890625; 32.2626953125
2026-09-07; 04:07:32; 405; 0; 29.62; 1007.2419921875; 32.2509765625
2026-09-07; 04:08:32; 405; 0; 29.64; 1007.1691015625; 32.20703125
2026-09-07; 04:09:32; 405; 0; 29.63; 1007.125; 32.2294921875
2026-09-07; 04:10:32; 405; 0; 29.63; 1007.1531640625; 32.240234375
2026-09-07; 04:11:32; 400; 0; 29.6; 1007.2462109375; 32.25
2026-09-07; 04:12:32; 400; 0; 29.62; 1007.2217578125; 32.240234375
2026-09-07; 04:13:32; 400; 0; 29.61; 1007.1978515625; 32.25
2026-09-07; 04:14:32; 403; 0; 29.59; 1007.0894140625; 32.271484375
2026-09-07; 04:15:32; 408; 1; 29.55; 1007.101875; 32.314453125
2026-09-07; 04:16:32; 403; 0; 29.58; 1006.9607421875; 32.3056640625
2026-09-07; 04:17:32; 400; 0; 29.57; 1006.8599609375; 32.29296875
2026-09-07; 04:18:32; 400; 0; 29.61; 1006.642265625; 32.2275390625
2026-09-07; 04:19:32; 403; 0; 29.59; 1006.413125; 32.21484375
2026-09-07; 04:20:32; 403; 0; 29.56; 1006.103515625; 32.28125
2026-09-07; 04:21:32; 400; 0; 29.57; 1005.9019921875; 32.2587890625
2026-09-07; 04:22:32; 400; 0; 29.58; 1005.6282421875; 32.1796875
2026-09-07; 04:23:32; 400; 0; 29.59; 1005.2499609375; 32.134765625
2026-09-07; 04:24:32; 400; 0; 29.59; 1005.0888671875; 32.03125
2026-09-07; 04:25:32; 400; 0; 29.57; 1004.9642578125; 32.0419921875
2026-09-07; 04:26:32; 403; 0; 29.58; 1005.008359375; 32.01953125
2026-09-07; 04:27:33; 400; 0; 29.57; 1005.1896484375; 32.12109375
2026-09-07; 04:28:33; 400; 0; 29.55; 1005.644765625; 32.1435546875
2026-09-07; 04:29:33; 400; 0; 29.58; 1006.1071875; 32.1337890625
2026-09-07; 04:30:33; 400; 0; 29.57; 1006.4575390625; 32.1669921875
2026-09-07; 04:31:33; 400; 0; 29.56; 1006.6749609375; 32.1318359375
2026-09-07; 04:32:33; 400; 0; 29.56; 1006.9285546875; 32.12109375
2026-09-07; 04:33:33; 406; 0; 29.57; 1006.9365234375; 32.0869140625
2026-09-07; 04:34:33; 400; 0; 29.55; 1006.8280859375; 32.1083984375
2026-09-07; 04:35:33; 405; 0; 29.55; 1006.8201171875; 32.0859375
2026-09-07; 04:36:33; 400; 0; 29.54; 1006.973203125; 32.17578125
2026-09-07; 04:37:33; 400; 0; 29.56; 1007.0976171875; 32.1318359375
2026-09-07; 04:38:33; 403; 0; 29.53; 1007.1544921875; 32.1875
2026-09-07; 04:39:33; 403; 0; 29.55; 1007.2145703125; 32.1435546875
2026-09-07; 04:40:33; 400; 0; 29.54; 1007.1141015625; 32.1416015625
2026-09-07; 04:41:33; 403; 0; 29.52; 1007.09015625; 32.140625
2026-09-07; 04:42:33; 400; 0; 29.55; 1007.01734375; 32.1435546875
2026-09-07; 04:43:33; 400; 0; 29.56; 1007.0896484375; 32.12109375
2026-09-07; 04:44:33; 403; 0; 29.56; 1007.0976171875; 32.1318359375
2026-09-07; 04:45:33; 403; 0; 29.6; 1007.041015625; 32.0205078125
2026-09-07; 04:46:33; 400; 0; 29.57; 1007.1980859375; 32.1103515625
2026-09-07; 04:47:33; 400; 0; 29.57; 1007.1980859375; 32.0986328125
2026-09-07; 04:48:33; 408; 1; 29.58; 1007.2060546875; 32.076171875
2026-09-07; 04:49:33; 403; 0; 29.58; 1007.177890625; 32.087890625
2026-09-07; 04:50:33; 403; 0; 29.56; 1007.2103125; 32.0751953125
2026-09-07; 04:51:33; 408; 1; 29.55; 1007.101875; 32.1201171875
2026-09-07; 04:52:33; 408; 1; 29.56; 1007.1539453125; 32.0869140625
2026-09-07; 04:53:33; 403; 0; 29.6; 1007.133515625; 32.0322265625
2026-09-07; 04:54:33; 408; 1; 29.59; 1007.08140625; 32.0546875
2026-09-07; 04:55:33; 408; 1; 29.6; 1007.0973828125; 32.0439453125
2026-09-07; 04:56:33; 410; 1; 29.58; 1007.1016015625; 32.03125
2026-09-07; 04:57:33; 408; 1; 29.57; 1007.13375; 32.076171875
2026-09-07; 04:58:33; 408; 1; 29.59; 1007.08140625; 32.0771484375
2026-09-07; 04:59:33; 408; 1; 29.59; 1007.033046875; 32.04296875
2026-09-07; 05:00:33; 408; 1; 29.6; 1007.0128515625; 32.0205078125
2026-09-07; 05:01:33; 408; 1; 29.6; 1007.048984375; 32.009765625
2026-09-07; 05:02:33; 408; 1; 29.6; 1007.048984375; 31.998046875
2026-09-07; 05:03:33; 410; 1; 29.56; 1007.1258203125; 32.0751953125
2026-09-07; 05:04:33; 408; 1; 29.58; 1007.0452734375; 32.03125
2026-09-07; 05:05:33; 408; 1; 29.6; 1007.041015625; 32.0087890625
2026-09-07; 05:06:33; 408; 1; 29.6; 1007.0208203125; 32.0322265625
2026-09-07; 05:07:33; 410; 1; 29.59; 1006.9687109375; 32.04296875
2026-09-07; 05:08:33; 410; 1; 29.57; 1006.992890625; 32.064453125
2026-09-07; 05:09:33; 410; 1; 29.59; 1006.9687109375; 32.03125
2026-09-07; 05:10:34; 408; 1; 29.57; 1006.9647265625; 32.076171875
2026-09-07; 05:11:34; 408; 1; 29.57; 1006.94453125; 32.052734375
2026-09-07; 05:12:34; 403; 0; 29.56; 1007.04125; 32.052734375
2026-09-07; 05:13:34; 408; 1; 29.59; 1007.025078125; 32.0654296875
2026-09-07; 05:14:34; 410; 1; 29.57; 1007.0008203125; 32.0419921875
2026-09-07; 05:15:34; 408; 1; 29.59; 1007.025078125; 32.04296875
2026-09-07; 05:16:34; 408; 1; 29.57; 1007.0492578125; 32.0419921875
2026-09-07; 05:17:34; 410; 1; 29.6; 1007.048984375; 31.9638671875
2026-09-07; 05:18:34; 410; 1; 29.6; 1007.0128515625; 32.0087890625
2026-09-07; 05:19:34; 408; 1; 29.59; 1007.0612109375; 31.974609375
2026-09-07; 05:20:34; 410; 1; 29.61; 1007.064921875; 31.9755859375
2026-09-07; 05:21:34; 410; 1; 29.56; 1007.0614453125; 32.041015625
2026-09-07; 05:22:34; 410; 1; 29.57; 1007.0492578125; 32.0419921875
2026-09-07; 05:23:34; 408; 1; 29.59; 1007.08140625; 32.04296875
2026-09-07; 05:24:34; 408; 1; 29.56; 1007.0051171875; 32.0634765625
2026-09-07; 05:25:34; 408; 1; 29.55; 1007.0253125; 32.0400390625
2026-09-07; 05:26:34; 410; 1; 29.53; 1007.07796875; 32.119140625
2026-09-07; 05:27:34; 410; 1; 29.54; 1007.1220703125; 32.130859375
2026-09-07; 05:28:34; 410; 1; 29.55; 1007.1380078125; 32.07421875
2026-09-07; 05:29:34; 408; 1; 29.52; 1007.1746875; 32.1064453125
2026-09-07; 05:30:34; 410; 1; 29.51; 1007.24328125; 32.140625
2026-09-07; 05:31:34; 408; 1; 29.57; 1007.22625; 32.0302734375
2026-09-07; 05:32:34; 410; 1; 29.55; 1007.2991015625; 32.07421875
2026-09-07; 05:33:34; 410; 1; 29.53; 1007.3315234375; 32.0732421875
2026-09-07; 05:34:34; 410; 1; 29.53; 1007.4160546875; 32.095703125
2026-09-07; 05:35:34; 408; 1; 29.55; 1007.3916015625; 32.0634765625
2026-09-07; 05:36:34; 408; 1; 29.58; 1007.3833984375; 32.01953125
2026-09-07; 05:37:34; 408; 1; 29.57; 1007.3671484375; 32.0185546875
2026-09-07; 05:38:34; 408; 1; 29.55; 1007.411796875; 32.07421875
2026-09-07; 05:39:34; 408; 1; 29.55; 1007.419765625; 32.0634765625
2026-09-07; 05:40:34; 408; 1; 29.54; 1007.4319921875; 32.0390625
2026-09-07; 05:41:34; 408; 1; 29.51; 1007.468671875; 32.140625
2026-09-07; 05:42:34; 408; 1; 29.52; 1007.4001171875; 32.083984375
2026-09-07; 05:43:34; 408; 1; 29.52; 1007.34375; 32.095703125
2026-09-07; 05:44:34; 408; 1; 29.54; 1007.3474609375; 32.0625
2026-09-07; 05:45:34; 408; 1; 29.5; 1007.2830859375; 32.1171875
2026-09-07; 05:46:34; 408; 1; 29.51; 1007.3278125; 32.0947265625
2026-09-07; 05:47:34; 410; 1; 29.52; 1007.2310546875; 32.095703125
2026-09-07; 05:48:34; 408; 1; 29.49; 1007.31546875; 32.1044921875
2026-09-07; 05:49:34; 403; 0; 29.47; 1007.235234375; 32.1484375
2026-09-07; 05:50:34; 408; 1; 29.5; 1007.2469140625; 32.1044921875
2026-09-07; 05:51:34; 408; 1; 29.5; 1007.2187109375; 32.1396484375
2026-09-07; 05:52:34; 403; 0; 29.51; 1007.24328125; 32.1064453125
2026-09-07; 05:53:35; 408; 1; 29.48; 1007.3276953125; 32.115234375
2026-09-07; 05:54:35; 408; 1; 29.47; 1007.3117578125; 32.13671875
2026-09-07; 05:55:35; 408; 1; 29.47; 1007.3962890625; 32.13671875
2026-09-07; 05:56:35; 403; 0; 29.44; 1007.412421875; 32.169921875
2026-09-07; 05:57:35; 408; 1; 29.43; 1007.509140625; 32.203125
2026-09-07; 05:58:35; 403; 0; 29.4; 1007.4612890625; 32.24609375
2026-09-07; 05:59:35; 403; 0; 29.45; 1007.5131640625; 32.193359375
2026-09-07; 06:00:35; 408; 1; 29.46; 1007.46484375; 32.1708984375
2026-09-07; 06:01:35; 403; 0; 29.46; 1007.4728125; 32.1826171875
2026-09-07; 06:02:35; 403; 0; 29.42; 1007.44484375; 32.19140625
2026-09-07; 06:03:35; 403; 0; 29.43; 1007.4326171875; 32.169921875
2026-09-07; 06:04:35; 403; 0; 29.41; 1007.4288671875; 32.2021484375
2026-09-07; 06:05:35; 403; 0; 29.42; 1007.3805078125; 32.212890625
2026-09-07; 06:06:35; 403; 0; 29.42; 1007.3603125; 32.19140625
2026-09-07; 06:07:35; 403; 0; 29.4; 1007.3486328125; 32.2236328125
2026-09-07; 06:08:35; 403; 0; 29.41; 1007.2598828125; 32.1904296875
2026-09-07; 06:09:35; 403; 0; 29.41; 1007.3645703125; 32.224609375
2026-09-07; 06:10:35; 403; 0; 29.39; 1007.3124609375; 32.2119140625
2026-09-07; 06:11:35; 403; 0; 29.39; 1007.33265625; 32.24609375
2026-09-07; 06:12:35; 403; 0; 29.39; 1007.3124609375; 32.2236328125
2026-09-07; 06:13:35; 403; 0; 29.36; 1007.2925; 32.2783203125
2026-09-07; 06:14:35; 403; 0; 29.39; 1007.30453125; 32.24609375
2026-09-07; 06:15:35; 408; 1; 29.37; 1007.3004296875; 32.2666015625
2026-09-07; 06:16:35; 403; 0; 29.38; 1007.31671875; 32.2451171875
2026-09-07; 06:17:35; 400; 0; 29.4; 1007.3486328125; 32.2119140625
2026-09-07; 06:18:35; 403; 0; 29.39; 1007.3608203125; 32.234375
2026-09-07; 06:19:35; 403; 0; 29.37; 1007.3004296875; 32.255859375
2026-09-07; 06:20:35; 403; 0; 29.37; 1007.3369140625; 32.2451171875
2026-09-07; 06:21:35; 403; 0; 29.35; 1007.353046875; 32.2880859375
2026-09-07; 06:22:35; 403; 0; 29.37; 1007.3849609375; 32.255859375
2026-09-07; 06:23:35; 403; 0; 29.33; 1007.321171875; 32.287109375
2026-09-07; 06:24:35; 400; 0; 29.32; 1007.3615234375; 32.3662109375
2026-09-07; 06:25:35; 400; 0; 29.32; 1007.3615234375; 32.34375
2026-09-07; 06:26:35; 400; 0; 29.33; 1007.321171875; 32.298828125
2026-09-07; 06:27:35; 400; 0; 29.31; 1007.3535546875; 32.3544921875
2026-09-07; 06:28:35; 400; 0; 29.28; 1007.36171875; 32.3642578125
2026-09-07; 06:29:35; 406; 0; 29.31; 1007.38171875; 32.3427734375
2026-09-07; 06:30:35; 409; 1; 29.28; 1007.38984375; 32.3642578125
2026-09-07; 06:31:35; 409; 1; 29.31; 1007.37375; 32.3544921875
2026-09-07; 06:32:35; 406; 0; 29.28; 1007.325546875; 32.3515625
2026-09-07; 06:33:35; 406; 0; 29.31; 1007.325390625; 32.3203125
2026-09-07; 06:34:35; 406; 0; 29.3; 1007.3373046875; 32.3427734375
2026-09-07; 06:35:35; 406; 0; 29.3; 1007.2166796875; 32.3310546875
2026-09-07; 06:36:36; 406; 0; 29.28; 1007.24109375; 32.375
2026-09-07; 06:37:36; 406; 0; 29.3; 1007.1884765625; 32.3310546875
2026-09-07; 06:38:36; 406; 0; 29.32; 1007.27703125; 32.275390625
2026-09-07; 06:39:36; 406; 0; 29.3; 1007.3091015625; 32.3310546875
2026-09-07; 06:40:36; 406; 0; 29.3; 1007.329296875; 32.353515625
2026-09-07; 06:41:36; 406; 0; 29.27; 1007.317578125; 32.36328125
2026-09-07; 06:42:36; 406; 0; 29.27; 1007.3096484375; 32.375
2026-09-07; 06:43:36; 406; 0; 29.28; 1007.305390625; 32.330078125
2026-09-07; 06:44:36; 406; 0; 29.26; 1007.2655078125; 32.373046875
2026-09-07; 06:45:36; 406; 0; 29.26; 1007.2171484375; 32.3740234375
2026-09-07; 06:46:36; 400; 0; 29.23; 1007.2253125; 32.4052734375
2026-09-07; 06:47:36; 406; 0; 29.26; 1007.2171484375; 32.3740234375
2026-09-07; 06:48:36; 400; 0; 29.24; 1007.2697265625; 32.4072265625
2026-09-07; 06:49:36; 400; 0; 29.25; 1007.193203125; 32.373046875
2026-09-07; 06:50:36; 400; 0; 29.25; 1007.2012109375; 32.384765625
2026-09-07; 06:51:36; 400; 0; 29.23; 1007.1046875; 32.4052734375
2026-09-07; 06:52:36; 400; 0; 29.24; 1007.177265625; 32.41796875
2026-09-07; 06:53:36; 403; 0; 29.24; 1007.1209765625; 32.3720703125
2026-09-07; 06:54:36; 403; 0; 29.22; 1006.9840625; 32.4052734375
2026-09-07; 06:55:36; 403; 0; 29.22; 1007.0404296875; 32.39453125
2026-09-07; 06:56:36; 400; 0; 29.21; 1007.0727734375; 32.4267578125
2026-09-07; 06:57:36; 403; 0; 29.16; 1007.0931640625; 32.50390625
2026-09-07; 06:58:36; 400; 0; 29.2; 1007.149296875; 32.4501953125
2026-09-07; 06:59:36; 400; 0; 29.17; 1007.0451171875; 32.4697265625
2026-09-07; 07:00:36; 403; 0; 29.16; 1007.0087109375; 32.50390625
2026-09-07; 07:01:36; 403; 0; 29.18; 1006.9123046875; 32.470703125
2026-09-07; 07:02:36; 403; 0; 29.21; 1006.9118359375; 32.392578125
2026-09-07; 07:03:36; 403; 0; 29.2; 1006.9160546875; 32.4267578125
2026-09-07; 07:04:36; 400; 0; 29.21; 1006.93203125; 32.3818359375
2026-09-07; 07:05:36; 405; 0; 29.2; 1006.9521875; 32.3818359375
2026-09-07; 07:06:36; 405; 0; 29.22; 1006.9479296875; 32.359375
2026-09-07; 07:07:36; 400; 0; 29.21; 1007.1009765625; 32.3818359375
2026-09-07; 07:08:36; 405; 0; 29.2; 1007.149296875; 32.416015625
2026-09-07; 07:09:36; 400; 0; 29.19; 1007.2178515625; 32.3916015625
2026-09-07; 07:10:36; 405; 0; 29.22; 1007.2576953125; 32.359375
2026-09-07; 07:11:36; 400; 0; 29.21; 1007.2216015625; 32.3701171875
2026-09-07; 07:12:36; 405; 0; 29.22; 1007.2576953125; 32.359375
2026-09-07; 07:13:36; 405; 0; 29.22; 1007.285859375; 32.34765625
2026-09-07; 07:14:36; 405; 0; 29.24; 1007.2133984375; 32.3271484375
2026-09-07; 07:15:36; 400; 0; 29.21; 1007.2216015625; 32.34765625
2026-09-07; 07:16:36; 405; 0; 29.21; 1007.2216015625; 32.3583984375
2026-09-07; 07:17:36; 405; 0; 29.21; 1007.2497265625; 32.3359375
2026-09-07; 07:18:36; 400; 0; 29.21; 1007.33421875; 32.3359375
2026-09-07; 07:19:37; 400; 0; 29.2; 1007.282109375; 32.369140625
2026-09-07; 07:20:37; 405; 0; 29.22; 1007.285859375; 32.3359375
2026-09-07; 07:21:37; 405; 0; 29.21; 1007.165234375; 32.2900390625
2026-09-07; 07:22:37; 405; 0; 29.23; 1007.140859375; 32.302734375
2026-09-07; 07:23:37; 400; 0; 29.2; 1007.141328125; 32.369140625
2026-09-07; 07:24:37; 400; 0; 29.21; 1007.137109375; 32.3359375
2026-09-07; 07:25:37; 400; 0; 29.22; 1007.20140625; 32.291015625
2026-09-07; 07:26:37; 403; 0; 29.25; 1007.173046875; 32.236328125
2026-09-07; 07:27:37; 403; 0; 29.22; 1007.2576953125; 32.3359375
2026-09-07; 07:28:37; 403; 0; 29.2; 1007.141328125; 32.3349609375
2026-09-07; 07:29:37; 403; 0; 29.21; 1007.1854296875; 32.3359375
2026-09-07; 07:30:37; 403; 0; 29.21; 1007.137109375; 32.32421875
2026-09-07; 07:31:37; 408; 1; 29.22; 1007.1248828125; 32.314453125
2026-09-07; 07:32:37; 403; 0; 29.24; 1007.1289453125; 32.26953125
2026-09-07; 07:33:37; 403; 0; 29.26; 1007.13265625; 32.259765625
2026-09-07; 07:34:37; 403; 0; 29.29; 1007.1725390625; 32.2158203125
2026-09-07; 07:35:37; 403; 0; 29.28; 1007.2129296875; 32.203125
2026-09-07; 07:36:37; 403; 0; 29.29; 1007.200703125; 32.181640625
2026-09-07; 07:37:37; 403; 0; 29.28; 1007.2772265625; 32.1923828125
2026-09-07; 07:38:37; 403; 0; 29.29; 1007.1805078125; 32.1474609375
2026-09-07; 07:39:37; 403; 0; 29.3; 1007.2246484375; 32.1591796875
2026-09-07; 07:40:37; 403; 0; 29.3; 1007.1119921875; 32.1142578125
2026-09-07; 07:41:37; 403; 0; 29.34; 1007.1680859375; 32.09375
2026-09-07; 07:42:37; 403; 0; 29.34; 1007.17609375; 32.048828125
2026-09-07; 07:43:37; 403; 0; 29.4; 1007.2077734375; 31.9375
2026-09-07; 07:44:37; 403; 0; 29.46; 1007.19109375; 31.736328125
2026-09-07; 07:45:37; 400; 0; 29.56; 1007.258671875; 31.3662109375
2026-09-07; 07:46:37; 400; 0; 29.63; 1007.1531640625; 31.1650390625
2026-09-07; 07:47:37; 400; 0; 29.77; 1007.107421875; 30.7626953125
2026-09-07; 07:48:37; 400; 0; 29.86; 1007.0259765625; 30.2646484375
2026-09-07; 07:49:37; 400; 0; 29.97; 1007.088828125; 30.0205078125
2026-09-07; 07:50:37; 400; 0; 30.06; 1007.0355078125; 29.5
2026-09-07; 07:51:37; 400; 0; 30.13; 1007.0630859375; 29.1826171875
2026-09-07; 07:52:37; 400; 0; 30.06; 1007.1400390625; 29.12109375
2026-09-07; 07:53:37; 400; 0; 30.08; 1007.1801953125; 28.87109375
2026-09-07; 07:54:37; 400; 0; 30.05; 1007.1523046875; 28.982421875
2026-09-07; 07:55:37; 400; 0; 30.12; 1007.216015625; 28.7470703125
2026-09-07; 07:56:37; 400; 0; 30.18; 1007.27578125; 28.58984375
2026-09-07; 07:57:37; 400; 0; 30.1; 1007.3171875; 28.6533203125
2026-09-07; 07:58:37; 452; 7; 30.19; 1007.4609375; 28.4990234375
2026-09-07; 07:59:37; 418; 2; 30.1; 1007.466171875; 28.4482421875
2026-09-07; 08:00:37; 400; 0; 29.97; 1007.596328125; 28.703125
2026-09-07; 08:01:37; 403; 0; 29.99; 1007.684921875; 28.7275390625
2026-09-07; 08:02:38; 400; 0; 30.01; 1007.6604296875; 28.728515625
2026-09-07; 08:03:38; 400; 0; 30.04; 1007.64390625; 28.6611328125
2026-09-07; 08:04:38; 405; 0; 30.01; 1007.6242578125; 28.693359375
2026-09-07; 08:05:38; 400; 0; 30.03; 1007.6561328125; 28.6376953125
2026-09-07; 08:06:38; 400; 0; 30.0; 1007.6162890625; 28.681640625
2026-09-07; 08:07:38; 400; 0; 29.97; 1007.7091015625; 28.703125
2026-09-07; 08:08:38; 400; 0; 29.91; 1007.6775; 28.791015625
2026-09-07; 08:09:38; 400; 0; 29.91; 1007.725859375; 28.8017578125
2026-09-07; 08:10:38; 406; 0; 29.88; 1007.7908203125; 28.8232421875
2026-09-07; 08:11:38; 402; 0; 29.87; 1007.7546484375; 28.822265625
2026-09-07; 08:12:38; 403; 0; 29.86; 1007.8514453125; 28.833984375
2026-09-07; 08:13:38; 402; 0; 29.9; 1007.830703125; 28.7451171875
2026-09-07; 08:14:38; 405; 0; 29.87; 1007.859453125; 28.7880859375
2026-09-07; 08:15:38; 400; 0; 29.78; 1007.8359765625; 28.8857421875
2026-09-07; 08:16:38; 400; 0; 29.84; 1007.903828125; 28.8095703125
2026-09-07; 08:17:38; 400; 0; 29.77; 1007.924765625; 28.9189453125
2026-09-07; 08:18:38; 400; 0; 29.77; 1007.924765625; 28.9423828125
2026-09-07; 08:19:38; 405; 0; 29.72; 1007.90109375; 28.99609375
2026-09-07; 08:20:38; 405; 0; 29.73; 1007.9534765625; 29.01953125
2026-09-07; 08:21:38; 405; 0; 29.74; 1007.8848828125; 28.9755859375
2026-09-07; 08:22:38; 405; 0; 29.73; 1007.889140625; 29.0078125
2026-09-07; 08:23:38; 410; 1; 29.76; 1007.775859375; 28.96484375
2026-09-07; 08:24:38; 414; 2; 29.75; 1007.8444921875; 28.998046875
2026-09-07; 08:25:38; 414; 2; 29.79; 1007.7596875; 28.9091796875
2026-09-07; 08:26:38; 418; 2; 29.77; 1007.7636328125; 28.9423828125
2026-09-07; 08:27:38; 422; 3; 29.84; 1007.7628515625; 28.8896484375
2026-09-07; 08:28:38; 428; 4; 29.79; 1007.795859375; 28.88671875
2026-09-07; 08:29:38; 428; 4; 29.82; 1007.779375; 28.865234375
2026-09-07; 08:30:38; 428; 4; 29.86; 1007.75890625; 28.810546875
2026-09-07; 08:31:38; 428; 4; 29.91; 1007.6976953125; 28.7333984375
2026-09-07; 08:32:38; 428; 4; 29.89; 1007.701953125; 28.7099609375
2026-09-07; 08:33:38; 434; 5; 29.94; 1007.6974609375; 28.62109375
2026-09-07; 08:34:38; 438; 5; 29.96; 1007.7293359375; 28.6220703125
2026-09-07; 08:35:38; 438; 5; 29.99; 1007.628515625; 28.578125
2026-09-07; 08:36:38; 441; 6; 29.98; 1007.6405078125; 28.5546875
2026-09-07; 08:37:38; 441; 6; 30.06; 1007.62765625; 28.45703125
2026-09-07; 08:38:38; 447; 7; 30.09; 1007.53484375; 28.37890625
2026-09-07; 08:39:38; 447; 7; 30.12; 1007.490078125; 28.3232421875
2026-09-07; 08:40:38; 450; 7; 30.16; 1007.53390625; 28.2685546875
2026-09-07; 08:41:38; 454; 8; 30.19; 1007.432734375; 28.2353515625
2026-09-07; 08:42:38; 454; 8; 30.27; 1007.46828125; 28.1142578125
2026-09-07; 08:43:38; 450; 7; 30.3; 1007.46765625; 28.025390625
2026-09-07; 08:44:39; 450; 7; 30.35; 1007.6041015625; 27.958984375
2026-09-07; 08:45:39; 447; 7; 30.3; 1007.6853515625; 27.978515625
2026-09-07; 08:46:39; 441; 6; 30.45; 1007.75578125; 27.79296875
2026-09-07; 08:47:39; 434; 5; 30.46; 1007.8361328125; 27.748046875
2026-09-07; 08:48:39; 422; 3; 30.47; 1007.759453125; 27.759765625
2026-09-07; 08:49:39; 418; 2; 30.44; 1007.663203125; 27.849609375
2026-09-07; 08:50:39; 408; 1; 30.56; 1007.6777734375; 27.6962890625
2026-09-07; 08:51:39; 405; 0; 30.52; 1007.67015625; 27.796875
2026-09-07; 08:52:39; 403; 0; 30.68; 1007.6158984375; 27.5771484375
2026-09-07; 08:53:39; 402; 0; 30.84; 1007.6658984375; 27.4033203125
2026-09-07; 08:54:39; 409; 1; 30.81; 1007.67421875; 27.390625
2026-09-07; 08:55:39; 400; 0; 30.76; 1007.8001171875; 27.4443359375
2026-09-07; 08:56:39; 402; 0; 30.79; 1007.7270703125; 27.400390625
2026-09-07; 08:57:39; 402; 0; 30.84; 1007.7787890625; 27.345703125
2026-09-07; 08:58:39; 403; 0; 30.91; 1007.7697265625; 27.2353515625
2026-09-07; 08:59:39; 400; 0; 30.89; 1007.76609375; 27.19921875
2026-09-07; 09:00:39; 400; 0; 30.89; 1007.7176171875; 27.1767578125
2026-09-07; 09:01:39; 405; 0; 30.88; 1007.778125; 27.2216796875
2026-09-07; 09:02:39; 403; 0; 30.92; 1007.7009765625; 27.1318359375
2026-09-07; 09:03:39; 400; 0; 30.96; 1007.7367578125; 27.1123046875
2026-09-07; 09:04:39; 403; 0; 30.99; 1007.615078125; 27.009765625
2026-09-07; 09:05:39; 403; 0; 30.98; 1007.7201171875; 27.021484375
2026-09-07; 09:06:39; 400; 0; 30.97; 1007.66796875; 27.0087890625
2026-09-07; 09:07:39; 403; 0; 31.04; 1007.6103515625; 26.966796875
2026-09-07; 09:08:39; 400; 0; 30.98; 1007.6071484375; 27.009765625
2026-09-07; 09:09:39; 403; 0; 31.07; 1007.62984375; 26.8662109375
2026-09-07; 09:10:39; 400; 0; 31.03; 1007.658828125; 26.9208984375
2026-09-07; 09:11:39; 403; 0; 31.12; 1007.6533203125; 26.857421875
2026-09-07; 09:12:39; 403; 0; 31.18; 1007.5999609375; 26.7451171875
2026-09-07; 09:13:39; 403; 0; 31.18; 1007.4949609375; 26.74609375
2026-09-07; 09:14:39; 411; 1; 31.16; 1007.57609375; 26.7451171875
2026-09-07; 09:15:39; 414; 2; 31.21; 1007.534765625; 26.6669921875
2026-09-07; 09:16:39; 417; 2; 31.24; 1007.478125; 26.587890625
2026-09-07; 09:17:39; 421; 3; 31.36; 1007.59703125; 26.50390625
2026-09-07; 09:18:39; 427; 4; 31.4; 1007.491484375; 26.4365234375
2026-09-07; 09:19:39; 433; 5; 31.44; 1007.53515625; 26.3125
2026-09-07; 09:20:39; 439; 5; 31.52; 1007.5983203125; 26.248046875
2026-09-07; 09:21:39; 447; 7; 31.56; 1007.5851953125; 26.169921875
2026-09-07; 09:22:39; 454; 8; 31.62; 1007.588203125; 26.0927734375
2026-09-07; 09:23:39; 457; 8; 31.64; 1007.5273046875; 26.0712890625
2026-09-07; 09:24:39; 473; 11; 31.74; 1007.440546875; 25.9619140625
2026-09-07; 09:25:39; 480; 12; 31.81; 1007.496015625; 25.8505859375
2026-09-07; 09:26:39; 483; 12; 31.9; 1007.6315625; 25.7177734375
2026-09-07; 09:27:40; 492; 14; 31.94; 1007.574453125; 25.673828125
2026-09-07; 09:28:40; 496; 14; 32.04; 1007.5358203125; 25.5751953125
2026-09-07; 09:29:40; 502; 15; 32.08; 1007.522890625; 25.4736328125
2026-09-07; 09:30:40; 523; 18; 32.18; 1007.44; 25.3759765625
2026-09-07; 09:31:40; 523; 18; 32.22; 1007.398671875; 25.2978515625
2026-09-07; 09:32:40; 540; 21; 32.39; 1007.4073046875; 25.1796875
2026-09-07; 09:33:40; 552; 23; 32.61; 1007.361953125; 24.8701171875
2026-09-07; 09:34:40; 570; 25; 32.78; 1007.418671875; 24.61328125
2026-09-07; 09:35:40; 586; 28; 33.06; 1007.4040234375; 24.28125
2026-09-07; 09:36:40; 600; 30; 33.38; 1007.3958203125; 23.87109375
2026-09-07; 09:37:40; 605; 31; 33.55; 1007.35484375; 23.6484375
2026-09-07; 09:38:40; 626; 34; 33.74; 1007.34546875; 23.5078125
2026-09-07; 09:39:40; 640; 36; 34.11; 1007.258203125; 23.12109375
2026-09-07; 09:40:40; 665; 40; 34.43; 1007.2487890625; 22.8251953125
2026-09-07; 09:41:40; 690; 44; 35.02; 1007.1487890625; 22.2275390625
2026-09-07; 09:42:40; 699; 45; 35.09; 1007.068984375; 22.0810546875
2026-09-07; 09:43:40; 717; 48; 35.11; 1007.0927734375; 22.1279296875
2026-09-07; 09:44:40; 740; 51; 35.38; 1007.030546875; 21.873046875
2026-09-07; 09:45:40; 763; 55; 35.71; 1007.09203125; 21.470703125
2026-09-07; 09:46:40; 776; 57; 36.1; 1007.0977734375; 21.05859375
2026-09-07; 09:47:40; 793; 59; 36.64; 1007.035703125; 20.5
2026-09-07; 09:48:40; 768; 56; 36.45; 1007.0399609375; 20.759765625
2026-09-07; 09:49:40; 717; 48; 34.99; 1007.0156640625; 22.8876953125
2026-09-07; 09:50:40; 686; 43; 34.0; 1007.0424609375; 23.9033203125
2026-09-07; 09:51:40; 679; 42; 33.09; 1006.9702734375; 25.103515625
2026-09-07; 09:52:40; 690; 44; 32.55; 1007.0035546875; 25.857421875
2026-09-07; 09:53:40; 699; 45; 32.16; 1007.040390625; 26.353515625
2026-09-07; 09:54:40; 614; 32; 32.15; 1007.0528125; 26.0537109375
2026-09-07; 09:55:40; 517; 17; 32.18; 1007.04390625; 25.755859375
2026-09-07; 09:56:40; 457; 8; 32.08; 1007.070234375; 26.7294921875
2026-09-07; 09:57:40; 473; 11; 31.95; 1006.99640625; 27.388671875
2026-09-07; 09:58:40; 433; 5; 31.8; 1006.963125; 27.2080078125
2026-09-07; 09:59:40; 408; 1; 31.78; 1006.939296875; 27.494140625
2026-09-07; 10:00:40; 400; 0; 31.83; 1007.010859375; 27.1171875
2026-09-07; 10:01:40; 400; 0; 31.77; 1006.9793359375; 27.4130859375
2026-09-07; 10:02:40; 403; 0; 31.78; 1006.9596484375; 27.5986328125
2026-09-07; 10:03:40; 403; 0; 31.73; 1006.972265625; 27.7333984375
2026-09-07; 10:04:40; 400; 0; 31.63; 1007.0025390625; 27.8759765625
2026-09-07; 10:05:40; 403; 0; 31.71; 1006.9325; 27.478515625
2026-09-07; 10:06:40; 413; 1; 31.7; 1006.98078125; 27.8466796875
2026-09-07; 10:07:40; 400; 0; 31.73; 1006.943984375; 28.0205078125
2026-09-07; 10:08:40; 408; 1; 31.71; 1007.0173046875; 28.111328125
2026-09-07; 10:09:40; 408; 1; 31.64; 1006.9983984375; 28.083984375
2026-09-07; 10:10:41; 407; 1; 31.58; 1006.9954296875; 28.2646484375
2026-09-07; 10:11:41; 405; 0; 31.56; 1006.96328125; 28.080078125
2026-09-07; 10:12:41; 420; 3; 31.63; 1006.869140625; 27.865234375
2026-09-07; 10:13:41; 400; 0; 31.63; 1006.8126171875; 27.6123046875
2026-09-07; 10:14:41; 409; 1; 31.66; 1006.8526953125; 28.0390625
2026-09-07; 10:15:41; 407; 1; 31.64; 1006.743984375; 27.7509765625
2026-09-07; 10:16:41; 403; 0; 31.67; 1006.78375; 27.728515625
2026-09-07; 10:17:41; 400; 0; 31.7; 1006.690078125; 27.7998046875
2026-09-07; 10:18:41; 400; 0; 31.66; 1006.739609375; 27.7861328125
2026-09-07; 10:19:41; 400; 0; 31.64; 1006.7640234375; 27.9228515625
2026-09-07; 10:20:41; 400; 0; 31.7; 1006.7183984375; 27.6162109375
2026-09-07; 10:21:41; 400; 0; 31.81; 1006.7608203125; 27.220703125
2026-09-07; 10:22:41; 403; 0; 31.89; 1006.7389453125; 27.2255859375
2026-09-07; 10:23:41; 400; 0; 31.94; 1006.705625; 27.30859375
2026-09-07; 10:24:41; 400; 0; 31.91; 1006.73453125; 27.1455078125
2026-09-07; 10:25:41; 407; 1; 31.94; 1006.705625; 27.193359375
2026-09-07; 10:26:41; 400; 0; 31.91; 1006.73453125; 27.5478515625
2026-09-07; 10:27:41; 420; 3; 31.77; 1006.6886328125; 27.298828125
2026-09-07; 10:28:41; 470; 10; 31.63; 1006.6067578125; 27.208984375
2026-09-07; 10:29:41; 515; 17; 31.53; 1006.5198828125; 27.2265625
2026-09-07; 10:30:41; 515; 17; 31.46; 1006.5212890625; 27.234375
2026-09-07; 10:31:41; 515; 17; 31.34; 1006.463203125; 27.294921875
2026-09-07; 10:32:41; 495; 14; 31.29; 1006.45609375; 27.373046875
2026-09-07; 10:33:41; 487; 13; 31.37; 1006.406171875; 27.1708984375
2026-09-07; 10:34:41; 483; 12; 31.36; 1006.4384765625; 27.2392578125
2026-09-07; 10:35:41; 473; 11; 31.36; 1006.3899609375; 27.400390625
2026-09-07; 10:36:41; 492; 14; 31.39; 1006.40171875; 27.3095703125
2026-09-07; 10:37:41; 500; 15; 31.34; 1006.4349609375; 27.421875
2026-09-07; 10:38:41; 500; 15; 31.33; 1006.4552734375; 27.4443359375
2026-09-07; 10:39:41; 500; 15; 31.22; 1006.6183984375; 27.66796875
2026-09-07; 10:40:41; 503; 15; 31.21; 1006.6104296875; 27.9775390625
2026-09-07; 10:41:41; 551; 23; 31.18; 1006.6677734375; 28.2734375
2026-09-07; 10:42:41; 615; 32; 31.2; 1006.699609375; 28.4013671875
2026-09-07; 10:43:41; 633; 35; 31.24; 1006.622578125; 28.1748046875
2026-09-07; 10:44:41; 633; 35; 31.25; 1006.7312109375; 28.072265625
2026-09-07; 10:45:41; 551; 23; 31.39; 1006.740859375; 27.4931640625
2026-09-07; 10:46:41; 455; 8; 31.34; 1006.7175; 27.4443359375
2026-09-07; 10:47:41; 400; 0; 31.31; 1006.73421875; 27.765625
2026-09-07; 10:48:41; 400; 0; 31.26; 1006.7188671875; 27.80859375
2026-09-07; 10:49:41; 400; 0; 31.36; 1006.6928125; 27.69921875
2026-09-07; 10:50:41; 400; 0; 31.41; 1006.7240625; 27.771484375
2026-09-07; 10:51:41; 402; 0; 31.4; 1006.7001953125; 27.908203125
2026-09-07; 10:52:41; 400; 0; 31.46; 1006.711171875; 27.9345703125
2026-09-07; 10:53:42; 400; 0; 31.43; 1006.6996875; 27.9677734375
2026-09-07; 10:54:42; 401; 0; 31.52; 1006.6453125; 27.7666015625
2026-09-07; 10:55:42; 402; 0; 31.51; 1006.564921875; 28.0419921875
2026-09-07; 10:56:42; 402; 0; 31.57; 1006.5193359375; 27.734375
2026-09-07; 10:57:42; 409; 1; 31.64; 1006.5378515625; 27.796875
2026-09-07; 10:58:42; 418; 2; 31.67; 1006.593828125; 27.8564453125
2026-09-07; 10:59:42; 433; 5; 31.69; 1006.4842578125; 28.064453125
2026-09-07; 11:00:42; 454; 8; 31.69; 1006.625625; 28.052734375
2026-09-07; 11:01:42; 416; 2; 31.74; 1006.7054296875; 27.5615234375
2026-09-07; 11:02:42; 402; 0; 31.87; 1006.678828125; 27.0517578125
2026-09-07; 11:03:42; 405; 0; 31.89; 1006.7026953125; 27.419921875
2026-09-07; 11:04:42; 400; 0; 31.96; 1006.729453125; 27.1943359375
2026-09-07; 11:05:42; 400; 0; 31.94; 1006.84703125; 26.744140625
2026-09-07; 11:06:42; 408; 1; 32.02; 1006.8613671875; 26.818359375
2026-09-07; 11:07:42; 408; 1; 32.06; 1006.8969921875; 27.0625
2026-09-07; 11:08:42; 401; 0; 32.15; 1006.967890625; 27.1484375
2026-09-07; 11:09:42; 421; 3; 32.11; 1006.919921875; 27.388671875
2026-09-07; 11:10:42; 423; 3; 32.05; 1006.93765625; 27.2236328125
2026-09-07; 11:11:42; 409; 1; 32.06; 1006.95359375; 27.0048828125
2026-09-07; 11:12:42; 405; 0; 32.07; 1006.884609375; 27.33984375
2026-09-07; 11:13:42; 405; 0; 32.19; 1006.9466015625; 26.943359375
2026-09-07; 11:14:42; 423; 3; 32.19; 1006.974921875; 27.4033203125
2026-09-07; 11:15:42; 410; 1; 32.06; 1006.95359375; 26.5439453125
2026-09-07; 11:16:42; 403; 0; 32.16; 1006.9555078125; 26.734375
2026-09-07; 11:17:42; 402; 0; 32.04; 1006.9214453125; 27.3837890625
2026-09-07; 11:18:42; 436; 5; 32.09; 1006.9446875; 27.3525390625
2026-09-07; 11:19:42; 482; 12; 32.19; 1007.0114453125; 27.3349609375
2026-09-07; 11:20:42; 492; 14; 32.18; 1007.04390625; 27.3681640625
2026-09-07; 11:21:42; 530; 19; 32.17; 1007.0642578125; 27.576171875
2026-09-07; 11:22:42; 588; 28; 32.2; 1006.9911328125; 27.4736328125
2026-09-07; 11:23:42; 612; 32; 32.32; 1006.99234375; 27.3203125
2026-09-07; 11:24:42; 674; 41; 32.31; 1006.9681640625; 27.69921875
2026-09-07; 11:25:42; 780; 57; 32.31; 1007.004453125; 27.7919921875
2026-09-07; 11:26:42; 868; 71; 32.36; 1006.971328125; 27.7138671875
2026-09-07; 11:27:42; 1105; 107; 32.3; 1006.9523046875; 27.89453125
2026-09-07; 11:28:42; 1324; 140; 32.3; 1006.9523046875; 27.62890625
2026-09-07; 11:29:42; 1404; 152; 32.35; 1006.9191796875; 27.3681640625
2026-09-07; 11:30:42; 1497; 170; 32.33; 1006.980234375; 27.4248046875
2026-09-07; 11:31:42; 1491; 166; 32.31; 1007.024765625; 27.3427734375
2026-09-07; 11:32:42; 1380; 149; 32.23; 1007.0105078125; 27.291015625
2026-09-07; 11:33:42; 1181; 118; 32.11; 1007.0330859375; 27.2958984375
2026-09-07; 11:34:42; 972; 87; 32.04; 1007.034609375; 27.0615234375
2026-09-07; 11:35:42; 763; 55; 31.94; 1006.9884375; 27.08984375
2026-09-07; 11:36:43; 652; 38; 31.99; 1006.8340234375; 27.0693359375
2026-09-07; 11:37:43; 530; 19; 31.93; 1006.8594140625; 26.962890625
2026-09-07; 11:38:43; 456; 8; 32.03; 1006.877265625; 26.7265625
2026-09-07; 11:39:43; 400; 0; 32.07; 1006.8766796875; 26.7294921875
2026-09-07; 11:40:43; 400; 0; 32.26; 1006.840078125; 26.40625
2026-09-07; 11:41:43; 417; 2; 32.15; 1006.74953125; 27.2177734375
2026-09-07; 11:42:43; 492; 14; 32.12; 1006.7584375; 27.67578125
2026-09-07; 11:43:43; 588; 28; 31.97; 1006.6967578125; 27.943359375
2026-09-07; 11:44:43; 808; 62; 32.15; 1006.798125; 27.7587890625
2026-09-07; 11:45:43; 1017; 93; 32.13; 1006.746015625; 27.861328125
2026-09-07; 11:46:43; 1204; 122; 32.06; 1006.755546875; 27.9833984375
2026-09-07; 11:47:43; 1420; 155; 32.11; 1006.71390625; 27.986328125
2026-09-07; 11:48:43; 1519; 184; 32.09; 1006.625546875; 27.9736328125
2026-09-07; 11:49:43; 1587; 234; 32.18; 1006.6760546875; 27.9443359375
2026-09-07; 11:50:43; 1633; 276; 32.26; 1006.7269140625; 27.904296875
2026-09-07; 11:51:43; 1683; 322; 32.35; 1006.6927734375; 27.748046875
2026-09-07; 11:52:43; 1705; 345; 32.44; 1006.714921875; 27.6953125
2026-09-07; 11:53:43; 1731; 369; 32.41; 1006.646875; 27.80859375
2026-09-07; 11:54:43; 1731; 369; 32.42; 1006.6627734375; 27.63671875
2026-09-07; 11:55:43; 1638; 280; 32.37; 1006.66796875; 27.345703125
2026-09-07; 11:56:43; 1532; 193; 32.15; 1006.579765625; 27.81640625
2026-09-07; 11:57:43; 1530; 192; 32.29; 1006.568515625; 27.5947265625
2026-09-07; 11:58:43; 1494; 168; 32.25; 1006.5408984375; 27.6611328125
2026-09-07; 11:59:43; 1522; 186; 32.43; 1006.5858203125; 27.6025390625
2026-09-07; 12:00:43; 1503; 174; 32.38; 1006.606875; 27.2890625
2026-09-07; 12:01:43; 1065; 101; 32.32; 1006.681015625; 27.2392578125
2026-09-07; 12:02:43; 793; 59; 32.21; 1006.7602734375; 27.32421875
2026-09-07; 12:03:43; 688; 43; 32.19; 1006.7001953125; 27.3701171875
2026-09-07; 12:04:43; 688; 43; 32.09; 1006.6334765625; 27.82421875
2026-09-07; 12:05:43; 726; 49; 32.06; 1006.662734375; 27.9375
2026-09-07; 12:06:43; 643; 37; 31.99; 1006.607734375; 27.6796875
2026-09-07; 12:07:43; 406; 0; 32.08; 1006.6096484375; 27.5009765625
2026-09-07; 12:08:43; 452; 7; 32.11; 1006.5724609375; 27.65234375
2026-09-07; 12:09:43; 423; 3; 32.04; 1006.58203125; 27.7177734375
2026-09-07; 12:10:43; 409; 1; 32.0; 1006.5953515625; 28.013671875
2026-09-07; 12:11:43; 424; 3; 31.95; 1006.4952734375; 28.1259765625
2026-09-07; 12:12:43; 439; 5; 31.91; 1006.5444921875; 28.158203125
2026-09-07; 12:13:43; 517; 17; 31.88; 1006.545390625; 28.33984375
2026-09-07; 12:14:43; 549; 22; 31.93; 1006.52; 28.458984375
2026-09-07; 12:15:43; 553; 23; 32.08; 1006.532734375; 28.111328125
2026-09-07; 12:16:43; 561; 24; 32.19; 1006.58703125; 28.4404296875
2026-09-07; 12:17:43; 482; 12; 32.31; 1006.5154296875; 28.275390625
2026-09-07; 12:18:43; 420; 3; 32.35; 1006.5591796875; 28.208984375
2026-09-07; 12:19:43; 400; 0; 32.48; 1006.5602734375; 28.125
2026-09-07; 12:20:44; 409; 1; 32.42; 1006.5495703125; 28.1669921875
2026-09-07; 12:21:44; 400; 0; 32.55; 1006.663828125; 27.8173828125
2026-09-07; 12:22:44; 400; 0; 32.48; 1006.5602734375; 27.6171875
2026-09-07; 12:23:44; 400; 0; 32.38; 1006.513984375; 27.2080078125
2026-09-07; 12:24:44; 400; 0; 32.32; 1006.559609375; 27.1806640625
2026-09-07; 12:25:44; 408; 1; 32.25; 1006.6178515625; 27.73046875
2026-09-07; 12:26:44; 476; 11; 32.19; 1006.55875; 28.486328125
2026-09-07; 12:27:44; 611; 32; 32.19; 1006.5021484375; 28.7978515625
2026-09-07; 12:28:44; 615; 32; 32.37; 1006.52640625; 28.39453125
2026-09-07; 12:29:44; 615; 32; 32.34; 1006.5433203125; 28.5302734375
2026-09-07; 12:30:44; 643; 37; 32.33; 1006.4708203125; 28.6337890625
2026-09-07; 12:31:44; 665; 40; 32.35; 1006.389375; 28.34765625
2026-09-07; 12:32:44; 700; 45; 32.3; 1006.4712109375; 28.34375
2026-09-07; 12:33:44; 697; 45; 32.23; 1006.4445703125; 28.7529296875
2026-09-07; 12:34:44; 744; 52; 32.16; 1006.5028515625; 28.7490234375
2026-09-07; 12:35:44; 798; 60; 32.18; 1006.4780078125; 28.853515625
2026-09-07; 12:36:44; 942; 82; 32.14; 1006.507265625; 28.8056640625
2026-09-07; 12:37:44; 1056; 99; 32.17; 1006.5187109375; 28.9228515625
2026-09-07; 12:38:44; 1110; 108; 32.07; 1006.4885546875; 28.8134765625
2026-09-07; 12:39:44; 1081; 103; 32.19; 1006.4738671875; 28.4521484375
2026-09-07; 12:40:44; 825; 64; 32.23; 1006.339375; 28.212890625
2026-09-07; 12:41:44; 503; 15; 32.24; 1006.3190234375; 27.66015625
2026-09-07; 12:42:44; 400; 0; 32.28; 1006.4111328125; 27.8583984375
2026-09-07; 12:43:45; 420; 3; 32.25; 1006.363203125; 28.064453125
2026-09-07; 12:44:45; 485; 12; 32.16; 1006.3330859375; 28.2421875
2026-09-07; 12:45:45; 470; 10; 32.07; 1006.431953125; 28.3759765625
2026-09-07; 12:46:45; 492; 14; 32.01; 1006.3849609375; 28.533203125
2026-09-07; 12:47:45; 475; 11; 32.04; 1006.3760546875; 28.5
2026-09-07; 12:48:45; 480; 12; 31.98; 1006.2804296875; 28.27734375
2026-09-07; 12:49:45; 450; 7; 32.12; 1006.313671875; 28.1484375
2026-09-07; 12:50:45; 400; 0; 32.38; 1006.259296875; 27.6806640625
2026-09-07; 12:51:45; 400; 0; 32.15; 1006.2968359375; 28.0810546875
2026-09-07; 12:52:45; 400; 0; 32.11; 1006.2895703125; 27.9521484375
2026-09-07; 12:53:45; 400; 0; 32.15; 1006.3251171875; 27.5400390625
2026-09-07; 12:54:45; 402; 0; 32.23; 1006.2827734375; 27.740234375
2026-09-07; 12:55:45; 407; 1; 32.16; 1006.276484375; 27.5634765625
2026-09-07; 12:56:45; 420; 3; 32.04; 1006.242578125; 28.0517578125
2026-09-07; 12:57:45; 423; 3; 32.03; 1006.2469921875; 27.8662109375
2026-09-07; 12:58:45; 413; 1; 32.02; 1006.2390625; 28.0498046875
2026-09-07; 12:59:45; 427; 4; 31.97; 1006.23625; 28.2421875
2026-09-07; 13:00:46; 447; 7; 31.96; 1006.2203515625; 27.884765625
2026-09-07; 13:01:46; 400; 0; 31.93; 1006.0878515625; 27.6416015625
2026-09-07; 13:02:46; 414; 2; 31.95; 1006.155859375; 28.1494140625
2026-09-07; 13:03:46; 495; 14; 31.96; 1006.1151953125; 28.4150390625
2026-09-07; 13:04:46; 599; 30; 31.97; 1006.1593359375; 28.49609375
2026-09-07; 13:05:46; 599; 30; 31.94; 1006.1682421875; 28.482421875
2026-09-07; 13:06:46; 584; 28; 31.88; 1006.2423046875; 28.4677734375
2026-09-07; 13:07:46; 567; 25; 31.87; 1006.22640625; 28.5244140625
2026-09-07; 13:08:46; 475; 11; 31.92; 1006.277890625; 28.3662109375
2026-09-07; 13:09:46; 434; 5; 31.93; 1006.29375; 28.228515625
2026-09-07; 13:10:46; 408; 1; 31.92; 1006.2212890625; 28.5849609375
2026-09-07; 13:11:46; 414; 2; 32.06; 1006.2383984375; 28.4326171875
2026-09-07; 13:12:46; 448; 7; 32.07; 1006.254296875; 28.3408203125
2026-09-07; 13:13:46; 478; 11; 32.23; 1006.226171875; 28.189453125
2026-09-07; 13:14:46; 530; 19; 32.29; 1006.20859375; 28.1708984375
2026-09-07; 13:15:46; 546; 22; 32.32; 1006.2565234375; 28.1142578125
2026-09-07; 13:16:46; 586; 28; 32.33; 1006.1798828125; 28.126953125
2026-09-07; 13:17:46; 629; 34; 32.43; 1006.1975; 27.9833984375
2026-09-07; 13:18:46; 686; 43; 32.49; 1006.1515234375; 27.89453125
2026-09-07; 13:19:46; 774; 56; 32.53; 1006.09390625; 27.828125
2026-09-07; 13:20:46; 863; 70; 32.46; 1006.0673828125; 27.9384765625
2026-09-07; 13:21:46; 972; 87; 32.46; 1006.0107421875; 27.892578125
2026-09-07; 13:22:46; 1110; 108; 32.51; 1006.0417578125; 27.9072265625
2026-09-07; 13:23:46; 1291; 135; 32.5; 1006.04625; 27.94140625
2026-09-07; 13:24:46; 1491; 166; 32.5; 1006.07453125; 27.8955078125
2026-09-07; 13:25:46; 1544; 203; 32.51; 1006.00546875; 27.8837890625
2026-09-07; 13:26:46; 1592; 238; 32.5; 1006.0258984375; 27.91796875
2026-09-07; 13:27:46; 1651; 291; 32.51; 1006.00546875; 27.9306640625
2026-09-07; 13:28:46; 1709; 348; 32.5; 1005.91265625; 27.8837890625
2026-09-07; 13:29:46; 1771; 415; 32.55; 1005.935703125; 27.8408203125
2026-09-07; 13:30:46; 1834; 494; 32.56; 1006.000234375; 27.818359375
2026-09-07; 13:31:46; 1880; 555; 32.62; 1005.9542578125; 27.70703125
2026-09-07; 13:32:46; 1920; 617; 32.62; 1006.018828125; 27.68359375
2026-09-07; 13:33:46; 1973; 700; 32.59; 1006.0558203125; 27.7275390625
2026-09-07; 13:34:46; 2060; 843; 32.62; 1006.0754296875; 27.7294921875
2026-09-07; 13:35:46; 2132; 990; 32.61; 1006.05953125; 27.7529296875
2026-09-07; 13:36:46; 2206; 1157; 32.58; 1006.011640625; 27.80859375
2026-09-07; 13:37:46; 2274; 1295; 32.6; 1005.95875; 27.763671875
2026-09-07; 13:38:46; 2355; 1472; 32.59; 1005.9425390625; 27.796875
2026-09-07; 13:39:46; 2436; 1643; 32.63; 1005.941796875; 27.7421875
2026-09-07; 13:40:46; 2495; 1773; 32.69; 1005.8957421875; 27.67578125
2026-09-07; 13:41:46; 2574; 1940; 32.68; 1005.908203125; 27.6640625
2026-09-07; 13:42:47; 2659; 2121; 32.66; 1005.9123828125; 27.6865234375
2026-09-07; 13:43:47; 2739; 2308; 32.69; 1005.839140625; 27.6416015625
2026-09-07; 13:44:47; 2805; 2445; 32.71; 1005.8629296875; 27.5849609375
2026-09-07; 13:45:47; 2903; 2637; 32.64; 1005.908984375; 27.6962890625
2026-09-07; 13:46:47; 2985; 2822; 32.61; 1005.8534375; 27.763671875
2026-09-07; 13:47:47; 3090; 3045; 32.59; 1005.85765625; 27.7861328125
2026-09-07; 13:48:47; 3168; 3206; 32.62; 1005.8772265625; 27.7529296875
2026-09-07; 13:49:47; 3241; 3367; 32.64; 1005.8806640625; 27.73046875
2026-09-07; 13:50:47; 3313; 3522; 32.73; 1005.9796484375; 27.609375
2026-09-07; 13:51:47; 3409; 3728; 32.72; 1005.907109375; 27.6435546875
2026-09-07; 13:52:47; 3474; 3862; 32.65; 1005.8886328125; 27.7197265625
2026-09-07; 13:53:47; 3474; 3862; 32.63; 1005.893125; 27.662109375
2026-09-07; 13:54:47; 3347; 3590; 32.77; 1005.873515625; 27.4501953125
2026-09-07; 13:55:47; 3223; 3334; 32.89; 1005.8744921875; 27.2392578125
2026-09-07; 13:56:47; 3123; 3116; 32.84; 1005.822890625; 27.2587890625
2026-09-07; 13:57:47; 3063; 2985; 32.84; 1005.8149609375; 27.2470703125
2026-09-07; 13:58:47; 2985; 2822; 32.83; 1005.827421875; 27.2236328125
2026-09-07; 13:59:47; 2937; 2715; 32.83; 1005.7787109375; 27.2236328125
2026-09-07; 14:00:47; 2859; 2564; 32.89; 1005.83828125; 27.146484375
2026-09-07; 14:01:47; 2827; 2495; 32.88; 1005.8019921875; 27.1923828125
2026-09-07; 14:02:47; 2805; 2445; 32.84; 1005.6812890625; 27.2470703125
2026-09-07; 14:03:47; 2794; 2421; 32.72; 1005.7734765625; 27.5517578125
2026-09-07; 14:04:47; 2859; 2564; 32.69; 1005.7745703125; 27.583984375
2026-09-07; 14:05:47; 2872; 2589; 32.73; 1005.704375; 27.529296875
2026-09-07; 14:06:47; 2850; 2541; 32.8; 1005.674140625; 27.44140625
2026-09-07; 14:07:47; 2837; 2517; 32.9; 1005.6841796875; 27.3310546875
2026-09-07; 14:08:47; 2837; 2517; 32.91; 1005.5946484375; 27.3095703125
2026-09-07; 14:09:47; 2815; 2468; 32.93; 1005.6467578125; 27.275390625
2026-09-07; 14:10:47; 2805; 2445; 32.89; 1005.534609375; 27.296875
2026-09-07; 14:11:47; 2794; 2421; 32.91; 1005.5583984375; 27.2626953125
2026-09-07; 14:12:47; 2775; 2376; 32.87; 1005.60796875; 27.294921875
2026-09-07; 14:13:47; 2761; 2354; 32.87; 1005.579609375; 27.294921875
2026-09-07; 14:14:47; 2717; 2262; 32.86; 1005.5354296875; 27.3291015625
2026-09-07; 14:15:47; 2730; 2285; 32.86; 1005.507109375; 27.36328125
2026-09-07; 14:16:47; 2717; 2262; 32.89; 1005.4983203125; 27.3427734375
2026-09-07; 14:17:47; 2717; 2262; 32.83; 1005.4875390625; 27.4306640625
2026-09-07; 14:18:47; 2730; 2285; 32.86; 1005.430078125; 27.4326171875
2026-09-07; 14:19:47; 2739; 2308; 32.86; 1005.430078125; 27.4794921875
2026-09-07; 14:20:47; 2761; 2354; 32.84; 1005.5033984375; 27.51171875
2026-09-07; 14:21:47; 2794; 2421; 32.85; 1005.470546875; 27.513671875
2026-09-07; 14:22:47; 2805; 2445; 32.86; 1005.4017578125; 27.501953125
2026-09-07; 14:23:47; 2850; 2541; 32.88; 1005.3975; 27.560546875
2026-09-07; 14:24:47; 2914; 2667; 32.85; 1005.470546875; 27.6396484375
2026-09-07; 14:25:48; 2965; 2774; 32.89; 1005.3850390625; 27.630859375
2026-09-07; 14:26:48; 2997; 2847; 32.93; 1005.399765625; 27.552734375
2026-09-07; 14:27:48; 3038; 2928; 32.88; 1005.340859375; 27.6416015625
2026-09-07; 14:28:48; 3063; 2985; 32.84; 1005.284765625; 27.6630859375
2026-09-07; 14:29:48; 3090; 3045; 32.87; 1005.2963671875; 27.6298828125
2026-09-07; 14:30:48; 3117; 3102; 32.88; 1005.1992578125; 27.572265625
2026-09-07; 14:31:48; 3138; 3142; 32.89; 1005.1946875; 27.5849609375
2026-09-07; 14:32:48; 3168; 3206; 32.87; 1005.268046875; 27.6416015625
2026-09-07; 14:33:48; 3207; 3292; 32.88; 1005.1992578125; 27.65234375
2026-09-07; 14:34:48; 3297; 3487; 32.89; 1005.1584375; 27.654296875
2026-09-07; 14:35:48; 3373; 3658; 32.93; 1005.2298046875; 27.6337890625
2026-09-07; 14:36:48; 3474; 3862; 32.96; 1005.1484765625; 27.634765625
2026-09-07; 14:37:48; 3560; 4048; 32.97; 1005.1360546875; 27.6240234375
2026-09-07; 14:38:48; 3651; 4242; 33.0; 1005.1065234375; 27.591796875
2026-09-07; 14:39:48; 3728; 4405; 33.04; 1005.105625; 27.5478515625
2026-09-07; 14:40:48; 3804; 4566; 32.97; 1005.0873046875; 27.6357421875
2026-09-07; 14:41:48; 3885; 4766; 33.01; 1005.0943359375; 27.603515625
2026-09-07; 14:42:48; 3950; 4903; 33.02; 1005.1385546875; 27.6044921875
2026-09-07; 14:43:48; 4040; 5097; 33.03; 1005.118125; 27.5810546875
2026-09-07; 14:44:48; 4100; 5198; 33.02; 1005.1385546875; 27.6044921875
2026-09-07; 14:45:48; 4144; 5291; 33.03; 1004.948125; 27.6044921875
2026-09-07; 14:46:48; 4196; 5400; 33.09; 1005.023125; 27.52734375
2026-09-07; 14:47:48; 4220; 5452; 33.01; 1004.9526953125; 27.580078125
2026-09-07; 14:48:48; 4264; 5556; 33.03; 1004.9844140625; 27.6044921875
2026-09-07; 14:49:48; 4321; 5672; 33.03; 1004.91984375; 27.6044921875
2026-09-07; 14:50:48; 4346; 5726; 33.02; 1005.0251953125; 27.6044921875
2026-09-07; 14:51:48; 4371; 5785; 33.06; 1004.9106640625; 27.525390625
2026-09-07; 14:52:48; 4413; 5876; 33.05; 1004.89484375; 27.5830078125
2026-09-07; 14:53:48; 4476; 5994; 33.03; 1004.8144140625; 27.58203125
2026-09-07; 14:54:48; 4528; 6115; 33.01; 1004.839375; 27.591796875
2026-09-07; 14:55:48; 4559; 6193; 33.1; 1004.804375; 27.4931640625
2026-09-07; 14:56:48; 4646; 6372; 33.05; 1004.84609375; 27.5478515625
2026-09-07; 14:57:48; 4677; 6440; 33.08; 1004.8007421875; 27.48046875
2026-09-07; 14:58:48; 4710; 6508; 33.09; 1004.796484375; 27.4580078125
2026-09-07; 14:59:48; 4741; 6575; 33.12; 1004.8156640625; 27.40234375
2026-09-07; 15:00:48; 4741; 6575; 33.05; 1004.84609375; 27.501953125
2026-09-07; 15:01:48; 4773; 6639; 33.08; 1004.808984375; 27.4345703125
2026-09-07; 15:02:48; 4801; 6709; 33.01; 1004.8028515625; 27.5224609375
2026-09-07; 15:03:48; 4872; 6849; 32.99; 1004.8561328125; 27.5556640625
2026-09-07; 15:04:48; 4909; 6919; 32.92; 1004.760703125; 27.6328125
2026-09-07; 15:05:48; 4972; 7068; 32.95; 1004.792734375; 27.6337890625
2026-09-07; 15:06:48; 5005; 7140; 32.87; 1004.85140625; 27.67578125
2026-09-07; 15:07:48; 5072; 7285; 32.92; 1004.8740234375; 27.6103515625
2026-09-07; 15:08:49; 5150; 7444; 32.89; 1004.7619140625; 27.654296875
2026-09-07; 15:09:49; 5190; 7535; 32.95; 1004.707734375; 27.576171875
2026-09-07; 15:10:49; 5260; 7685; 32.9; 1004.7573828125; 27.6318359375
2026-09-07; 15:11:49; 5295; 7762; 32.95; 1004.743984375; 27.576171875
2026-09-07; 15:12:49; 5381; 7938; 32.87; 1004.681484375; 27.6640625
2026-09-07; 15:13:49; 5423; 8055; 32.89; 1004.6565234375; 27.6318359375
2026-09-07; 15:14:49; 5464; 8134; 32.95; 1004.68734375; 27.587890625
2026-09-07; 15:15:49; 5553; 8315; 32.88; 1004.6327734375; 27.6298828125
2026-09-07; 15:16:49; 5553; 8315; 32.91; 1004.574921875; 27.59765625
2026-09-07; 15:17:49; 5634; 8501; 32.9; 1004.587421875; 27.6083984375
2026-09-07; 15:18:49; 5677; 8600; 32.96; 1004.5252734375; 27.5419921875
2026-09-07; 15:19:49; 5721; 8694; 32.92; 1004.46953125; 27.5634765625
2026-09-07; 15:20:49; 5765; 8791; 32.85; 1004.5358984375; 27.6513671875
2026-09-07; 15:21:49; 5830; 8898; 32.89; 1004.478671875; 27.619140625
2026-09-07; 15:22:49; 5876; 8994; 32.86; 1004.5237109375; 27.640625
2026-09-07; 15:23:49; 5972; 9208; 32.95; 1004.509453125; 27.5654296875
2026-09-07; 15:24:49; 5972; 9208; 32.95; 1004.5661328125; 27.5537109375
2026-09-07; 15:25:49; 5972; 9208; 32.95; 1004.4811328125; 27.5654296875
2026-09-07; 15:26:49; 6019; 9308; 32.98; 1004.4516015625; 27.521484375
2026-09-07; 15:27:49; 6019; 9308; 32.98; 1004.443671875; 27.5205078125
2026-09-07; 15:28:49; 6079; 9420; 32.94; 1004.4729296875; 27.6103515625
2026-09-07; 15:29:49; 6079; 9420; 32.91; 1004.453671875; 27.6201171875
2026-09-07; 15:30:49; 6019; 9308; 32.94; 1004.3879296875; 27.587890625
2026-09-07; 15:31:49; 6019; 9308; 32.86; 1004.3537890625; 27.6982421875
2026-09-07; 15:32:49; 6079; 9420; 32.93; 1004.34375; 27.6328125
2026-09-07; 15:33:49; 6079; 9420; 32.9; 1004.3812109375; 27.6201171875
2026-09-07; 15:34:49; 6079; 9420; 32.89; 1004.3937109375; 27.642578125
2026-09-07; 15:35:49; 6079; 9420; 32.95; 1004.4323828125; 27.576171875
2026-09-07; 15:36:49; 6079; 9420; 32.88; 1004.4628515625; 27.6181640625
2026-09-07; 15:37:49; 6127; 9534; 32.96; 1004.5048828125; 27.54296875
2026-09-07; 15:38:49; 6181; 9653; 32.92; 1004.46953125; 27.59765625
2026-09-07; 15:39:49; 6181; 9653; 32.92; 1004.4412109375; 27.609375
2026-09-07; 15:40:49; 6235; 9769; 33.0; 1004.475390625; 27.4873046875
2026-09-07; 15:41:49; 6235; 9769; 33.01; 1004.3861328125; 27.48828125
2026-09-07; 15:42:49; 6235; 9769; 33.04; 1004.4336328125; 27.443359375
2026-09-07; 15:43:49; 6277; 9848; 33.02; 1004.280703125; 27.4658203125
2026-09-07; 15:44:49; 6235; 9769; 32.98; 1004.3666015625; 27.521484375
2026-09-07; 15:45:49; 6235; 9769; 33.0; 1004.341640625; 27.4990234375
2026-09-07; 15:46:49; 6235; 9769; 32.97; 1004.3791015625; 27.5205078125
2026-09-07; 15:47:49; 6277; 9848; 32.97; 1004.371171875; 27.54296875
2026-09-07; 15:48:49; 6277; 9848; 32.97; 1004.31453125; 27.5546875
2026-09-07; 15:49:49; 6277; 9848; 33.0; 1004.2770703125; 27.4873046875
2026-09-07; 15:50:49; 6277; 9848; 32.97; 1004.371171875; 27.54296875
2026-09-07; 15:51:50; 6277; 9848; 33.02; 1004.3940234375; 27.4775390625
2026-09-07; 15:52:50; 6277; 9848; 32.97; 1004.294140625; 27.5322265625
2026-09-07; 15:53:50; 6277; 9848; 32.99; 1004.3824609375; 27.509765625
2026-09-07; 15:54:50; 6277; 9848; 33.05; 1004.3928125; 27.4326171875
2026-09-07; 15:55:50; 6277; 9848; 33.09; 1004.3351953125; 27.388671875
2026-09-07; 15:56:50; 6277; 9848; 33.02; 1004.3736328125; 27.4775390625
2026-09-07; 15:57:50; 6235; 9769; 32.96; 1004.298671875; 27.5654296875
2026-09-07; 15:58:50; 6235; 9769; 33.07; 1004.2828515625; 27.421875
2026-09-07; 15:59:50; 6235; 9769; 33.06; 1004.3236328125; 27.43359375
2026-09-07; 16:00:50; 6235; 9769; 33.01; 1004.2929296875; 27.4990234375
2026-09-07; 16:01:50; 6235; 9769; 33.08; 1004.242265625; 27.4462890625
2026-09-07; 16:02:50; 6235; 9769; 33.06; 1004.3440625; 27.4560546875
2026-09-07; 16:03:50; 6181; 9653; 33.04; 1004.2636328125; 27.466796875
2026-09-07; 16:04:50; 6181; 9653; 33.0; 1004.2849609375; 27.5341796875
2026-09-07; 16:05:50; 6181; 9653; 33.03; 1004.219453125; 27.5009765625
2026-09-07; 16:06:50; 6127; 9534; 33.08; 1004.177421875; 27.46875
2026-09-07; 16:07:50; 6079; 9420; 33.02; 1004.1390625; 27.53515625
2026-09-07; 16:08:50; 6019; 9308; 33.02; 1004.1107421875; 27.5458984375
2026-09-07; 16:09:50; 6019; 9308; 33.05; 1004.1582421875; 27.490234375
2026-09-07; 16:10:50; 6019; 9308; 33.03; 1004.1265625; 27.5234375
2026-09-07; 16:11:50; 6019; 9308; 33.03; 1004.0494921875; 27.5234375
2026-09-07; 16:12:50; 5972; 9208; 33.05; 1004.0448828125; 27.513671875
2026-09-07; 16:13:50; 5932; 9110; 33.08; 1004.007421875; 27.50390625
2026-09-07; 16:14:50; 5932; 9110; 33.09; 1003.9748046875; 27.4580078125
2026-09-07; 16:15:50; 5932; 9110; 33.1; 1004.018984375; 27.4365234375
2026-09-07; 16:16:50; 5876; 8994; 33.1; 1003.9544140625; 27.458984375
2026-09-07; 16:17:50; 5876; 8994; 33.03; 1003.9928125; 27.53515625
2026-09-07; 16:18:50; 5876; 8994; 33.09; 1003.966875; 27.4921875
2026-09-07; 16:19:50; 5830; 8898; 33.12; 1003.929375; 27.4482421875
2026-09-07; 16:20:50; 5830; 8898; 33.09; 1003.881875; 27.4921875
2026-09-07; 16:21:50; 5765; 8791; 33.06; 1003.9553125; 27.5263671875
2026-09-07; 16:22:50; 5721; 8694; 33.06; 1003.947421875; 27.548828125
2026-09-07; 16:23:50; 5721; 8694; 33.04; 1003.9157421875; 27.5478515625
2026-09-07; 16:24:50; 5721; 8694; 33.09; 1003.8898046875; 27.4697265625
2026-09-07; 16:25:50; 5677; 8600; 33.11; 1003.9498046875; 27.4599609375
2026-09-07; 16:26:50; 5634; 8501; 33.02; 1003.8919921875; 27.5810546875
2026-09-07; 16:27:50; 5634; 8501; 33.05; 1003.9882421875; 27.5595703125
2026-09-07; 16:28:50; 5591; 8407; 33.11; 1003.9701953125; 27.482421875
2026-09-07; 16:29:50; 5591; 8407; 33.11; 1003.9214453125; 27.482421875
2026-09-07; 16:30:50; 5553; 8315; 33.12; 1003.8160546875; 27.4482421875
2026-09-07; 16:31:50; 5507; 8225; 33.12; 1003.872734375; 27.482421875
2026-09-07; 16:32:50; 5553; 8315; 33.18; 1003.862578125; 27.39453125
2026-09-07; 16:33:50; 5507; 8225; 33.15; 1003.8638671875; 27.4384765625
2026-09-07; 16:34:51; 5464; 8134; 33.11; 1003.856875; 27.4716796875
2026-09-07; 16:35:51; 5423; 8055; 33.1; 1003.8773046875; 27.494140625
2026-09-07; 16:36:51; 5423; 8055; 33.13; 1003.896484375; 27.4609375
2026-09-07; 16:37:51; 5381; 7938; 33.12; 1003.872734375; 27.4599609375
2026-09-07; 16:38:51; 5341; 7850; 33.12; 1003.880625; 27.4599609375
2026-09-07; 16:39:51; 5341; 7850; 33.14; 1003.7910546875; 27.4375
2026-09-07; 16:40:51; 5295; 7762; 33.14; 1003.734375; 27.4375
2026-09-07; 16:41:51; 5295; 7762; 33.08; 1003.788984375; 27.50390625
2026-09-07; 16:42:51; 5295; 7762; 33.08; 1003.8173046875; 27.50390625
2026-09-07; 16:43:51; 5260; 7685; 33.03; 1003.8512109375; 27.5927734375
2026-09-07; 16:44:51; 5260; 7685; 33.08; 1003.7323046875; 27.515625
2026-09-07; 16:45:51; 5260; 7685; 33.12; 1003.7876953125; 27.4716796875
2026-09-07; 16:46:51; 5225; 7609; 33.07; 1003.74453125; 27.5029296875
2026-09-07; 16:47:51; 5190; 7535; 33.06; 1003.777421875; 27.560546875
2026-09-07; 16:48:51; 5190; 7535; 33.06; 1003.728671875; 27.5263671875
2026-09-07; 16:49:51; 5190; 7535; 33.04; 1003.8024609375; 27.55859375
2026-09-07; 16:50:51; 5190; 7535; 33.12; 1003.7876953125; 27.4716796875
2026-09-07; 16:51:51; 5190; 7535; 33.09; 1003.7119140625; 27.4921875
2026-09-07; 16:52:51; 5150; 7444; 33.05; 1003.8182421875; 27.5361328125
2026-09-07; 16:53:51; 5114; 7369; 33.08; 1003.7323046875; 27.50390625
2026-09-07; 16:54:51; 5114; 7369; 33.09; 1003.7119140625; 27.4814453125
2026-09-07; 16:55:51; 5114; 7369; 33.11; 1003.694765625; 27.4599609375
2026-09-07; 16:56:51; 5114; 7369; 33.08; 1003.6756640625; 27.4921875
2026-09-07; 16:57:51; 5039; 7213; 33.18; 1003.6279296875; 27.37109375
2026-09-07; 16:58:51; 5039; 7213; 33.18; 1003.71296875; 27.359375
2026-09-07; 16:59:51; 5005; 7140; 33.14; 1003.6493359375; 27.4150390625
2026-09-07; 17:00:51; 4972; 7068; 33.13; 1003.7264453125; 27.42578125
2026-09-07; 17:01:51; 4972; 7068; 33.11; 1003.638125; 27.4482421875
2026-09-07; 17:02:51; 4938; 6990; 33.15; 1003.608828125; 27.416015625
2026-09-07; 17:03:51; 4909; 6919; 33.12; 1003.6460546875; 27.4482421875
2026-09-07; 17:04:51; 4909; 6919; 33.06; 1003.6074609375; 27.513671875
2026-09-07; 17:05:51; 4872; 6849; 33.1; 1003.678984375; 27.458984375
2026-09-07; 17:06:51; 4838; 6780; 33.04; 1003.69703125; 27.5361328125
2026-09-07; 17:07:51; 4801; 6709; 33.17; 1003.6121484375; 27.37109375
2026-09-07; 17:08:51; 4773; 6639; 33.17; 1003.6200390625; 27.3828125
2026-09-07; 17:09:51; 4741; 6575; 33.15; 1003.66546875; 27.369140625
2026-09-07; 17:10:51; 4710; 6508; 33.12; 1003.6176953125; 27.4130859375
2026-09-07; 17:11:51; 4677; 6440; 33.17; 1003.6200390625; 27.3486328125
2026-09-07; 17:12:51; 4677; 6440; 33.12; 1003.5973046875; 27.4140625
2026-09-07; 17:13:51; 4619; 6315; 33.11; 1003.630234375; 27.5400390625
2026-09-07; 17:14:51; 4503; 6059; 33.1; 1003.5939453125; 29.55859375
2026-09-07; 17:15:51; 4413; 5876; 33.03; 1003.531640625; 33.0224609375
2026-09-07; 17:16:51; 4413; 5876; 32.99; 1003.581328125; 35.138671875
2026-09-07; 17:17:52; 4413; 5876; 33.05; 1003.5712109375; 32.16015625
2026-09-07; 17:18:52; 4321; 5672; 33.12; 1003.5893359375; 30.228515625
2026-09-07; 17:19:52; 4168; 5342; 33.23; 1003.53734375; 28.724609375
2026-09-07; 17:20:52; 3950; 4903; 33.21; 1003.5337109375; 29.25390625
2026-09-07; 17:21:52; 3844; 4678; 33.24; 1003.4681640625; 28.7490234375
2026-09-07; 17:22:52; 3763; 4481; 33.31; 1003.4658203125; 28.2568359375
2026-09-07; 17:23:52; 3690; 4328; 33.33; 1003.44078125; 28.4306640625
2026-09-07; 17:24:52; 3616; 4166; 33.3; 1003.478359375; 29.2021484375
2026-09-07; 17:25:52; 3633; 4204; 33.34; 1003.363671875; 28.5927734375
2026-09-07; 17:26:52; 3602; 4129; 33.39; 1003.337890625; 29.4736328125
2026-09-07; 17:27:52; 3651; 4242; 33.4; 1003.353671875; 28.931640625
2026-09-07; 17:28:52; 3672; 4290; 33.36; 1003.33890625; 28.720703125
2026-09-07; 17:29:52; 3742; 4443; 33.39; 1003.30953125; 29.1162109375
2026-09-07; 17:30:52; 3826; 4613; 33.4; 1003.34578125; 29.1044921875
2026-09-07; 17:31:52; 3885; 4766; 33.37; 1003.2492578125; 30.060546875
2026-09-07; 17:32:52; 3998; 5006; 33.43; 1003.31640625; 30.099609375
2026-09-07; 17:33:52; 4120; 5241; 33.39; 1003.3299609375; 29.912109375
2026-09-07; 17:34:52; 4220; 5452; 33.42; 1003.3289453125; 30.1796875
2026-09-07; 17:35:52; 4321; 5672; 33.37; 1003.2413671875; 29.4375
2026-09-07; 17:36:52; 4413; 5876; 33.51; 1003.2573046875; 29.9423828125
2026-09-07; 17:37:52; 4476; 5994; 33.43; 1003.2597265625; 30.099609375
2026-09-07; 17:38:52; 4585; 6250; 33.45; 1003.26296875; 29.9970703125
2026-09-07; 17:39:52; 4677; 6440; 33.43; 1003.2597265625; 29.857421875
2026-09-07; 17:40:52; 4741; 6575; 33.44; 1003.2109375; 30.0537109375
2026-09-07; 17:41:52; 4909; 6919; 33.43; 1003.1667578125; 29.9609375
2026-09-07; 17:42:52; 4972; 7068; 33.52; 1003.1959765625; 29.81640625
2026-09-07; 17:43:52; 5039; 7213; 33.48; 1003.16078125; 30.298828125
2026-09-07; 17:44:52; 5190; 7535; 33.59; 1003.185625; 29.6015625
2026-09-07; 17:45:52; 5260; 7685; 33.53; 1003.118828125; 30.3251953125
2026-09-07; 17:46:52; 5423; 8055; 33.59; 1003.221875; 29.763671875
2026-09-07; 17:47:52; 5464; 8134; 33.54; 1003.1141796875; 30.2216796875
2026-09-07; 17:48:52; 5591; 8407; 33.62; 1003.1275390625; 29.927734375
2026-09-07; 17:49:52; 5677; 8600; 33.55; 1003.07328125; 29.8076171875
2026-09-07; 17:50:52; 5721; 8694; 33.54; 1003.1141796875; 29.9453125
2026-09-07; 17:51:52; 5830; 8898; 33.53; 1003.041640625; 29.5986328125
2026-09-07; 17:52:52; 5932; 9110; 33.53; 1003.12671875; 29.8408203125
2026-09-07; 17:53:52; 5972; 9208; 33.51; 1003.0100390625; 29.9306640625
2026-09-07; 17:54:52; 6019; 9308; 33.46; 1003.0441015625; 29.962890625
2026-09-07; 17:55:52; 6079; 9420; 33.51; 1003.0100390625; 30.0810546875
2026-09-07; 17:56:52; 6181; 9653; 33.5; 1002.9942578125; 29.908203125
2026-09-07; 17:57:52; 6277; 9848; 33.5; 1002.986328125; 29.98828125
2026-09-07; 17:58:52; 6397; 10095; 33.48; 1003.0190234375; 30.021484375
2026-09-07; 17:59:52; 6447; 10231; 33.48; 1003.026953125; 29.8486328125
2026-09-07; 18:00:53; 6560; 10473; 33.53; 1003.03375; 30.1396484375
2026-09-07; 18:01:53; 6627; 10609; 33.5; 1003.022578125; 30.25390625
2026-09-07; 18:02:53; 6697; 10747; 33.48; 1003.026953125; 29.8837890625
2026-09-07; 18:03:53; 6749; 10879; 33.51; 1003.0871875; 30.0
2026-09-07; 18:04:53; 6821; 11019; 33.52; 1003.046328125; 30.05859375
2026-09-07; 18:05:53; 6883; 11145; 33.52; 1003.05421875; 30.3251953125
2026-09-07; 18:06:53; 6949; 11288; 33.51; 1003.115546875; 30.1845703125
2026-09-07; 18:07:53; 7022; 11446; 33.52; 1003.046328125; 29.9892578125
2026-09-07; 18:08:53; 7091; 11601; 33.53; 1003.118828125; 30.1630859375
2026-09-07; 18:09:53; 7165; 11748; 33.6; 1003.11640625; 29.9833984375
2026-09-07; 18:10:53; 7234; 11897; 33.57; 1003.1540234375; 30.234375
2026-09-07; 18:11:53; 7234; 11897; 33.64; 1003.20828125; 30.3896484375
2026-09-07; 18:12:53; 7304; 12047; 33.61; 1003.140078125; 30.25
2026-09-07; 18:13:53; 7382; 12221; 33.61; 1003.196796875; 30.353515625
2026-09-07; 18:14:53; 7382; 12221; 33.64; 1003.2366015625; 30.3203125
2026-09-07; 18:15:53; 7459; 12375; 33.67; 1003.15015625; 30.2080078125
2026-09-07; 18:16:53; 7459; 12375; 33.61; 1003.1888671875; 30.330078125
2026-09-07; 18:17:53; 7459; 12375; 33.57; 1003.18234375; 30.3505859375
2026-09-07; 18:18:53; 7459; 12375; 33.6; 1003.2298046875; 30.3642578125
2026-09-07; 18:19:53; 7459; 12375; 33.66; 1003.2115234375; 30.2294921875
2026-09-07; 18:20:53; 7459; 12375; 33.68; 1003.1296875; 30.2080078125
2026-09-07; 18:21:53; 7459; 12375; 33.67; 1003.198984375; 30.23046875
2026-09-07; 18:22:53; 7529; 12528; 33.62; 1003.2047265625; 30.2958984375
2026-09-07; 18:23:53; 7459; 12375; 33.68; 1003.1659765625; 30.265625
2026-09-07; 18:24:53; 7529; 12528; 33.64; 1003.20828125; 30.3095703125
2026-09-07; 18:25:53; 7529; 12528; 33.63; 1003.2003515625; 30.2275390625
2026-09-07; 18:26:53; 7529; 12528; 33.61; 1003.160546875; 30.2724609375
2026-09-07; 18:27:53; 7529; 12528; 33.6; 1003.2014453125; 30.306640625
2026-09-07; 18:28:53; 7529; 12528; 33.64; 1003.1515625; 30.2509765625
2026-09-07; 18:29:53; 7529; 12528; 33.64; 1003.0948046875; 30.205078125
2026-09-07; 18:30:53; 7610; 12700; 33.63; 1003.17203125; 30.2275390625
2026-09-07; 18:31:53; 7691; 12918; 33.59; 1003.1935546875; 30.271484375
2026-09-07; 18:32:53; 7610; 12700; 33.6; 1003.1809765625; 30.2607421875
2026-09-07; 18:33:53; 7610; 12700; 33.58; 1003.149375; 30.248046875
2026-09-07; 18:34:53; 7610; 12700; 33.62; 1003.0708203125; 30.2041015625
2026-09-07; 18:35:53; 7610; 12700; 33.59; 1003.221875; 30.2138671875
2026-09-07; 18:36:53; 7691; 12918; 33.58; 1003.113125; 30.212890625
2026-09-07; 18:37:53; 7691; 12918; 33.63; 1003.17203125; 30.1240234375
2026-09-07; 18:38:53; 7691; 12918; 33.66; 1003.07765625; 30.080078125
2026-09-07; 18:39:53; 7691; 12918; 33.61; 1003.140078125; 30.1337890625
2026-09-07; 18:40:53; 7691; 12918; 33.6; 1003.1730859375; 30.14453125
2026-09-07; 18:41:53; 7773; 13094; 33.59; 1003.1084765625; 30.15625
2026-09-07; 18:42:54; 7773; 13094; 33.63; 1003.13546875; 30.0771484375
2026-09-07; 18:43:54; 7773; 13094; 33.59; 1003.1289453125; 30.1328125
2026-09-07; 18:44:54; 7773; 13094; 33.6; 1003.124296875; 30.076171875
2026-09-07; 18:45:54; 7859; 13271; 33.6; 1003.0596875; 30.0869140625
2026-09-07; 18:46:54; 7859; 13271; 33.58; 1003.0847265625; 30.09765625
2026-09-07; 18:47:54; 7959; 13468; 33.6; 1003.11640625; 30.052734375
2026-09-07; 18:48:54; 7859; 13271; 33.58; 1003.028046875; 30.07421875
2026-09-07; 18:49:54; 7959; 13468; 33.71; 1003.0923828125; 29.86328125
2026-09-07; 18:50:54; 7959; 13468; 33.59; 1003.0438671875; 30.0517578125
2026-09-07; 18:51:54; 7959; 13468; 33.59; 1003.01546875; 30.005859375
2026-09-07; 18:52:54; 7959; 13468; 33.59; 1003.0517578125; 30.029296875
2026-09-07; 18:53:54; 8043; 13658; 33.55; 1002.9882421875; 30.0498046875
2026-09-07; 18:54:54; 8043; 13658; 33.51; 1002.98171875; 30.0927734375
2026-09-07; 18:55:54; 7959; 13468; 33.52; 1002.9975; 30.0595703125
2026-09-07; 18:56:54; 8043; 13658; 33.52; 1002.989609375; 30.0703125
2026-09-07; 18:57:54; 8043; 13658; 33.53; 1002.9770703125; 30.0595703125
2026-09-07; 18:58:54; 8130; 13859; 33.52; 1002.96125; 30.03515625
2026-09-07; 18:59:54; 8130; 13859; 33.5; 1003.0146875; 30.080078125
2026-09-07; 19:00:54; 8130; 13859; 33.49; 1002.978125; 30.080078125
2026-09-07; 19:01:54; 8130; 13859; 33.47; 1002.897734375; 30.0791015625
2026-09-07; 19:02:54; 8130; 13859; 33.44; 1002.963671875; 30.134765625
2026-09-07; 19:03:54; 8130; 13859; 33.45; 1002.999921875; 30.158203125
2026-09-07; 19:04:54; 8240; 14045; 33.51; 1002.98171875; 30.01171875
2026-09-07; 19:05:54; 8240; 14045; 33.45; 1003.0283203125; 30.0771484375
2026-09-07; 19:06:54; 8336; 14250; 33.44; 1003.020390625; 30.087890625
2026-09-07; 19:07:54; 8240; 14045; 33.44; 1003.020390625; 30.0771484375
2026-09-07; 19:08:54; 8336; 14250; 33.4; 1002.9851953125; 30.1318359375
2026-09-07; 19:09:54; 8336; 14250; 33.42; 1003.04546875; 30.1337890625
2026-09-07; 19:10:54; 8441; 14467; 33.48; 1002.9906640625; 30.021484375
2026-09-07; 19:11:54; 8441; 14467; 33.45; 1003.06453125; 30.06640625
2026-09-07; 19:12:54; 8441; 14467; 33.43; 1003.0329296875; 30.0654296875
2026-09-07; 19:13:54; 8441; 14467; 33.44; 1003.020390625; 30.0654296875
2026-09-07; 19:14:54; 8441; 14467; 33.44; 1002.984140625; 30.0654296875
2026-09-07; 19:15:54; 8530; 14678; 33.41; 1002.93640625; 30.0869140625
2026-09-07; 19:16:54; 8530; 14678; 33.36; 1002.978359375; 30.15234375
2026-09-07; 19:17:54; 8530; 14678; 33.37; 1002.9374609375; 30.1064453125
2026-09-07; 19:18:54; 8530; 14678; 33.36; 1002.97046875; 30.12890625
2026-09-07; 19:19:54; 8530; 14678; 33.37; 1002.9658203125; 30.1181640625
2026-09-07; 19:20:54; 8643; 14908; 33.35; 1002.93390625; 30.1396484375
2026-09-07; 19:21:54; 8643; 14908; 33.36; 1002.978359375; 30.1181640625
2026-09-07; 19:22:54; 8643; 14908; 33.34; 1002.9464453125; 30.1171875
2026-09-07; 19:23:54; 8643; 14908; 33.32; 1002.9635546875; 30.1845703125
2026-09-07; 19:24:54; 8643; 14908; 33.34; 1002.9464453125; 30.1513671875
2026-09-07; 19:25:55; 8643; 14908; 33.3; 1002.968203125; 30.1826171875
2026-09-07; 19:26:55; 8643; 14908; 33.27; 1002.92046875; 30.2158203125
2026-09-07; 19:27:55; 8643; 14908; 33.31; 1002.97609375; 30.1826171875
2026-09-07; 19:28:55; 8643; 14908; 33.3; 1002.931953125; 30.2060546875
2026-09-07; 19:29:55; 8643; 14908; 33.29; 1002.9523828125; 30.1943359375
2026-09-07; 19:30:55; 8643; 14908; 33.29; 1003.02953125; 30.205078125
2026-09-07; 19:31:55; 8643; 14908; 33.29; 1002.9807421875; 30.1591796875
2026-09-07; 19:32:55; 8643; 14908; 33.3; 1002.9886328125; 30.171875
2026-09-07; 19:33:55; 8643; 14908; 33.27; 1003.0542578125; 30.2041015625
2026-09-07; 19:34:55; 8643; 14908; 33.3; 1003.1382421875; 30.13671875
2026-09-07; 19:35:55; 8743; 15132; 33.32; 1003.020234375; 30.126953125
2026-09-07; 19:36:55; 8643; 14908; 33.31; 1003.0327734375; 30.125
2026-09-07; 19:37:55; 8643; 14908; 33.29; 1003.0090625; 30.125
2026-09-07; 19:38:55; 8643; 14908; 33.29; 1002.9444921875; 30.1357421875
2026-09-07; 19:39:55; 8643; 14908; 33.26; 1002.9896875; 30.1806640625
2026-09-07; 19:40:55; 8643; 14908; 33.28; 1002.9850390625; 30.158203125
2026-09-07; 19:41:55; 8743; 15132; 33.26; 1002.9330078125; 30.1689453125
2026-09-07; 19:42:55; 8643; 14908; 33.26; 1003.0101171875; 30.1572265625
2026-09-07; 19:43:55; 8643; 14908; 33.28; 1002.964609375; 30.1123046875
2026-09-07; 19:44:55; 8643; 14908; 33.28; 1002.95671875; 30.1123046875
2026-09-07; 19:45:55; 8743; 15132; 33.32; 1003.020234375; 30.0458984375
2026-09-07; 19:46:55; 8743; 15132; 33.36; 1002.97046875; 29.9677734375
2026-09-07; 19:47:55; 8643; 14908; 33.37; 1002.9658203125; 29.9453125
2026-09-07; 19:48:55; 8743; 15132; 33.37; 1002.994140625; 29.921875
2026-09-07; 19:49:55; 8743; 15132; 33.37; 1002.98625; 29.921875
2026-09-07; 19:50:55; 8743; 15132; 33.39; 1002.9126953125; 29.8779296875
2026-09-07; 19:51:55; 8743; 15132; 33.42; 1002.9522265625; 29.84375
2026-09-07; 19:52:55; 8743; 15132; 33.47; 1003.0032421875; 29.9521484375
2026-09-07; 19:53:55; 8743; 15132; 33.45; 1002.8865625; 29.765625
2026-09-07; 19:54:55; 8828; 15314; 33.4; 1003.0056640625; 29.8427734375
2026-09-07; 19:55:55; 8743; 15132; 33.42; 1002.9320703125; 29.798828125
2026-09-07; 19:56:55; 8828; 15314; 33.39; 1002.969375; 29.796875
2026-09-07; 19:57:55; 8828; 15314; 33.39; 1002.933125; 29.80859375
2026-09-07; 19:58:55; 8828; 15314; 33.39; 1002.8764453125; 29.78515625
2026-09-07; 19:59:55; 8828; 15314; 33.37; 1002.9295703125; 29.830078125
2026-09-07; 20:00:55; 8953; 15551; 33.32; 1002.935234375; 29.9189453125
2026-09-07; 20:01:55; 8953; 15551; 33.32; 1002.9919140625; 29.873046875
2026-09-07; 20:02:55; 8953; 15551; 33.29; 1002.9728515625; 29.927734375
2026-09-07; 20:03:55; 8953; 15551; 33.27; 1002.92046875; 29.9501953125
2026-09-07; 20:04:55; 8953; 15551; 33.26; 1002.9896875; 29.97265625
2026-09-07; 20:05:55; 8953; 15551; 33.23; 1002.9705859375; 30.0400390625
2026-09-07; 20:06:55; 8953; 15551; 33.2; 1002.9307421875; 30.015625
2026-09-07; 20:07:55; 8953; 15551; 33.16; 1003.009140625; 30.0810546875
2026-09-07; 20:08:56; 8953; 15551; 33.15; 1003.0137890625; 30.103515625
2026-09-07; 20:09:56; 9057; 15793; 33.1; 1002.9910546875; 30.169921875
2026-09-07; 20:10:56; 9057; 15793; 33.08; 1002.9106640625; 30.1806640625
2026-09-07; 20:11:56; 9057; 15793; 33.07; 1002.9795703125; 30.2138671875
2026-09-07; 20:12:56; 9057; 15793; 33.04; 1002.98875; 30.2236328125
2026-09-07; 20:13:56; 9057; 15793; 33.0; 1002.945625; 30.2548828125
2026-09-07; 20:14:56; 9057; 15793; 33.0; 1003.0305859375; 30.2666015625
2026-09-07; 20:15:56; 9057; 15793; 32.99; 1002.9864453125; 30.265625
2026-09-07; 20:16:56; 9057; 15793; 32.91; 1003.045390625; 30.388671875
2026-09-07; 20:17:56; 9057; 15793; 32.89; 1003.01375; 30.41015625
2026-09-07; 20:18:56; 9057; 15793; 32.89; 1003.01375; 30.3759765625
2026-09-07; 20:19:56; 9057; 15793; 32.9; 1003.05; 30.3759765625
2026-09-07; 20:20:56; 9057; 15793; 32.9; 1003.106640625; 30.38671875
2026-09-07; 20:21:56; 9057; 15793; 32.72; 1003.103828125; 30.6513671875
2026-09-07; 20:22:56; 9057; 15793; 32.75; 1003.0383203125; 30.583984375
2026-09-07; 20:23:56; 9057; 15793; 32.66; 1003.016484375; 30.7626953125
2026-09-07; 20:24:56; 9057; 15793; 32.52; 1003.105703125; 30.9833984375
2026-09-07; 20:25:56; 9057; 15793; 32.44; 1003.0637109375; 31.126953125
2026-09-07; 20:26:56; 8953; 15551; 32.36; 1003.1223828125; 31.21484375
2026-09-07; 20:27:56; 9057; 15793; 32.34; 1003.0907421875; 31.2587890625
2026-09-07; 20:28:56; 9057; 15793; 32.34; 1003.0907421875; 31.248046875
2026-09-07; 20:29:56; 9057; 15793; 32.31; 1003.04265625; 31.3037109375
2026-09-07; 20:30:56; 9057; 15793; 32.28; 1003.072109375; 31.3583984375
2026-09-07; 20:31:56; 9057; 15793; 32.18; 1003.0263671875; 31.5234375
2026-09-07; 20:32:56; 9057; 15793; 32.16; 1003.1723828125; 31.5576171875
2026-09-07; 20:33:56; 9057; 15793; 32.14; 1003.112421875; 31.6025390625
2026-09-07; 20:34:56; 9057; 15793; 32.08; 1003.0816015625; 31.6552734375
2026-09-07; 20:35:56; 9057; 15793; 32.06; 1003.078203125; 31.6767578125
2026-09-07; 20:36:56; 9172; 16062; 32.03; 1003.0587109375; 31.732421875
2026-09-07; 20:37:56; 9172; 16062; 32.01; 1003.103984375; 31.7890625
2026-09-07; 20:38:56; 9172; 16062; 32.03; 1003.10734375; 31.744140625
2026-09-07; 20:39:56; 9172; 16062; 32.0; 1003.088125; 31.787109375
2026-09-07; 20:40:56; 9172; 16062; 31.96; 1003.1737890625; 31.8427734375
2026-09-07; 20:41:56; 9172; 16062; 31.95; 1003.18625; 31.853515625
2026-09-07; 20:42:56; 9172; 16062; 31.98; 1003.169296875; 31.8095703125
2026-09-07; 20:43:56; 9172; 16062; 31.98; 1003.1409765625; 31.8095703125
2026-09-07; 20:44:56; 9172; 16062; 31.94; 1003.1138671875; 31.8642578125
2026-09-07; 20:45:56; 9172; 16062; 31.91; 1003.08640625; 31.8955078125
2026-09-07; 20:46:56; 9297; 16310; 31.89; 1003.1474609375; 31.9296875
2026-09-07; 20:47:56; 9297; 16310; 31.87; 1003.0795703125; 31.9619140625
2026-09-07; 20:48:56; 9297; 16310; 31.84; 1003.12453125; 32.005859375
2026-09-07; 20:49:56; 9297; 16310; 31.82; 1003.2059375; 32.0166015625
2026-09-07; 20:50:56; 9297; 16310; 31.79; 1003.0532421875; 32.083984375
2026-09-07; 20:51:57; 9297; 16310; 31.8; 1003.125625; 32.0615234375
2026-09-07; 20:52:57; 9297; 16310; 31.81; 1003.113203125; 32.0166015625
2026-09-07; 20:53:57; 9297; 16310; 31.8; 1003.117734375; 32.0498046875
2026-09-07; 20:54:57; 9297; 16310; 31.8; 1003.061171875; 32.0380859375
2026-09-07; 20:55:57; 9297; 16310; 31.74; 1003.0865234375; 32.1376953125
2026-09-07; 20:56:57; 9297; 16310; 31.72; 1003.1396484375; 32.1826171875
2026-09-07; 20:57:57; 9297; 16310; 31.71; 1003.08765625; 32.2158203125
2026-09-07; 20:58:57; 9297; 16310; 31.67; 1003.1166796875; 32.2587890625
2026-09-07; 20:59:57; 9297; 16310; 31.66; 1003.129140625; 32.28125
2026-09-07; 21:00:57; 9297; 16310; 31.61; 1003.049609375; 32.380859375
2026-09-07; 21:01:57; 9420; 16580; 31.57; 1003.1071875; 32.4248046875
2026-09-07; 21:02:57; 9420; 16580; 31.6; 1003.1185546875; 32.357421875
2026-09-07; 21:03:57; 9420; 16580; 31.57; 1003.0710546875; 32.435546875
2026-09-07; 21:04:57; 9297; 16310; 31.55; 1003.095546875; 32.4453125
2026-09-07; 21:05:57; 9420; 16580; 31.56; 1003.0548828125; 32.4345703125
2026-09-07; 21:06:57; 9420; 16580; 31.52; 1003.0559765625; 32.4775390625
2026-09-07; 21:07:57; 9420; 16580; 31.51; 1003.00390625; 32.4775390625
2026-09-07; 21:08:57; 9420; 16580; 31.49; 1003.0001953125; 32.4990234375
2026-09-07; 21:09:57; 9420; 16580; 31.46; 1003.0939453125; 32.587890625
2026-09-07; 21:10:57; 9420; 16580; 31.44; 1003.033984375; 32.6328125
2026-09-07; 21:11:57; 9420; 16580; 31.43; 1003.0543359375; 32.6435546875
2026-09-07; 21:12:57; 9420; 16580; 31.44; 1003.062265625; 32.62109375
2026-09-07; 21:13:57; 9420; 16580; 31.39; 1003.0471875; 32.6865234375
2026-09-07; 21:14:57; 9420; 16580; 31.39; 1003.0675; 32.6630859375
2026-09-07; 21:15:57; 9420; 16580; 31.36; 1003.0558203125; 32.73046875
2026-09-07; 21:16:57; 9420; 16580; 31.35; 1003.1530078125; 32.7529296875
2026-09-07; 21:17:57; 9420; 16580; 31.34; 1003.1009765625; 32.7744140625
2026-09-07; 21:18:57; 9420; 16580; 31.33; 1003.113359375; 32.7734375
2026-09-07; 21:19:57; 9420; 16580; 31.31; 1003.12578125; 32.73828125
2026-09-07; 21:20:57; 9420; 16580; 31.3; 1003.0816796875; 32.806640625
2026-09-07; 21:21:57; 9420; 16580; 31.29; 1003.1141015625; 32.8173828125
2026-09-07; 21:22:57; 9547; 16843; 31.27; 1003.1106640625; 32.861328125
2026-09-07; 21:23:57; 9547; 16843; 31.27; 1003.1106640625; 32.8271484375
2026-09-07; 21:24:57; 9547; 16843; 31.24; 1003.0913671875; 32.9169921875
2026-09-07; 21:25:57; 9547; 16843; 31.23; 1003.1116796875; 32.9287109375
2026-09-07; 21:26:57; 9547; 16843; 31.21; 1003.0996875; 32.97265625
2026-09-07; 21:27:57; 9547; 16843; 31.2; 1003.0838671875; 32.958984375
2026-09-07; 21:28:57; 9547; 16843; 31.19; 1003.039765625; 32.9482421875
2026-09-07; 21:29:57; 9677; 17123; 31.17; 1003.1572265625; 32.9921875
2026-09-07; 21:30:57; 9547; 16843; 31.15; 1003.096953125; 33.013671875
2026-09-07; 21:31:57; 9547; 16843; 31.15; 1003.0043359375; 33.0244140625
2026-09-07; 21:32:57; 9547; 16843; 31.13; 1003.05734375; 33.068359375
2026-09-07; 21:33:57; 9547; 16843; 31.09; 1003.078359375; 33.0771484375
2026-09-07; 21:34:58; 9547; 16843; 31.09; 1003.0501171875; 33.0888671875
2026-09-07; 21:35:58; 9677; 17123; 31.07; 1003.0184375; 33.16796875
2026-09-07; 21:36:58; 9677; 17123; 31.02; 1003.06796875; 33.22265625
2026-09-07; 21:37:58; 9547; 16843; 31.05; 1003.0590625; 33.12109375
2026-09-07; 21:38:58; 9677; 17123; 31.04; 1003.0431640625; 33.201171875
2026-09-07; 21:39:58; 9677; 17123; 31.05; 1003.0793359375; 33.1669921875
2026-09-07; 21:40:58; 9677; 17123; 31.01; 1003.0438671875; 33.220703125
2026-09-07; 21:41:58; 9547; 16843; 30.98; 1003.109296875; 33.2998046875
2026-09-07; 21:42:58; 9677; 17123; 30.98; 1003.0810546875; 33.2880859375
2026-09-07; 21:43:58; 9677; 17123; 30.98; 1003.1171875; 33.2880859375
2026-09-07; 21:44:58; 9677; 17123; 30.93; 1003.0579296875; 33.3642578125
2026-09-07; 21:45:58; 9677; 17123; 30.94; 1003.01734375; 33.341796875
2026-09-07; 21:46:58; 9677; 17123; 30.92; 1003.0703125; 33.375
2026-09-07; 21:47:58; 9677; 17123; 30.91; 1002.949453125; 33.38671875
2026-09-07; 21:48:58; 9677; 17123; 30.91; 1002.9980078125; 33.3974609375
2026-09-07; 21:49:58; 9677; 17123; 30.89; 1002.9662890625; 33.3955078125
2026-09-07; 21:50:58; 9677; 17123; 30.88; 1002.9501171875; 33.4296875
2026-09-07; 21:51:58; 9677; 17123; 30.84; 1002.97140625; 33.5068359375
2026-09-07; 21:52:58; 9677; 17123; 30.83; 1002.9634765625; 33.4951171875
2026-09-07; 21:53:58; 9821; 17403; 30.8; 1002.887421875; 33.52734375
2026-09-07; 21:54:58; 9677; 17123; 30.76; 1002.9166015625; 33.6162109375
2026-09-07; 21:55:58; 9677; 17123; 30.77; 1002.9527734375; 33.6171875
2026-09-07; 21:56:58; 9677; 17123; 30.76; 1003.00125; 33.5703125
2026-09-07; 21:57:58; 9821; 17403; 30.76; 1002.9448046875; 33.5927734375
2026-09-07; 21:58:58; 9821; 17403; 30.75; 1002.9007421875; 33.5810546875
2026-09-07; 21:59:58; 9677; 17123; 30.73; 1002.981640625; 33.6025390625
2026-09-07; 22:00:58; 9821; 17403; 30.73; 1002.8687109375; 33.5908203125
2026-09-07; 22:01:58; 9821; 17403; 30.68; 1002.98703125; 33.6904296875
2026-09-07; 22:02:58; 9821; 17403; 30.67; 1002.906484375; 33.7353515625
2026-09-07; 22:03:58; 9821; 17403; 30.67; 1002.9346875; 33.7578125
2026-09-07; 22:04:58; 9821; 17403; 30.66; 1002.8982421875; 33.7578125
2026-09-07; 22:05:58; 9821; 17403; 30.66; 1002.8338671875; 33.7451171875
2026-09-07; 22:06:58; 9821; 17403; 30.63; 1002.9353515625; 33.7900390625
2026-09-07; 22:07:58; 9821; 17403; 30.63; 1002.842734375; 33.80078125
2026-09-07; 22:08:58; 9821; 17403; 30.64; 1002.8586328125; 33.7666015625
2026-09-07; 22:09:58; 9821; 17403; 30.62; 1002.8269140625; 33.7998046875
2026-09-07; 22:10:58; 9821; 17403; 30.63; 1002.81453125; 33.7783203125
2026-09-07; 22:11:58; 9821; 17403; 30.63; 1002.8224609375; 33.7548828125
2026-09-07; 22:12:58; 9821; 17403; 30.63; 1002.7942578125; 33.744140625
2026-09-07; 22:13:58; 9821; 17403; 30.6; 1002.8592578125; 33.822265625
2026-09-07; 22:14:58; 9821; 17403; 30.59; 1002.8919140625; 33.8203125
2026-09-07; 22:15:58; 9821; 17403; 30.56; 1002.852265625; 33.91015625
2026-09-07; 22:16:58; 9821; 17403; 30.58; 1002.8478125; 33.8427734375
2026-09-07; 22:17:59; 9821; 17403; 30.58; 1002.7993359375; 33.84375
2026-09-07; 22:18:59; 9821; 17403; 30.57; 1002.8601953125; 33.8759765625
2026-09-07; 22:19:59; 9821; 17403; 30.56; 1002.8240234375; 33.830078125
2026-09-07; 22:20:59; 9945; 17700; 30.53; 1002.8044140625; 33.908203125
2026-09-07; 22:21:59; 9821; 17403; 30.49; 1002.8899609375; 33.962890625
2026-09-07; 22:22:59; 9945; 17700; 30.53; 1002.8608203125; 33.919921875
2026-09-07; 22:23:59; 9821; 17403; 30.53; 1002.8044140625; 33.919921875
2026-09-07; 22:24:59; 9821; 17403; 30.53; 1002.8608203125; 33.919921875
2026-09-07; 22:25:59; 9821; 17403; 30.48; 1002.866171875; 34.0068359375
2026-09-07; 22:26:59; 9821; 17403; 30.48; 1002.866171875; 33.97265625
2026-09-07; 22:27:59; 9821; 17403; 30.49; 1002.853828125; 33.927734375
2026-09-07; 22:28:59; 9821; 17403; 30.45; 1002.790078125; 34.0166015625
2026-09-07; 22:29:59; 9821; 17403; 30.41; 1002.791015625; 34.001953125
2026-09-07; 22:30:59; 9821; 17403; 30.41; 1002.83953125; 34.10546875
2026-09-07; 22:31:59; 9821; 17403; 30.41; 1002.9038671875; 34.08203125
2026-09-07; 22:32:59; 9945; 17700; 30.39; 1002.835703125; 34.115234375
2026-09-07; 22:33:59; 9821; 17403; 30.37; 1002.8965234375; 34.13671875
2026-09-07; 22:34:59; 9821; 17403; 30.35; 1002.8648046875; 34.1806640625
2026-09-07; 22:35:59; 9821; 17403; 30.34; 1002.8771484375; 34.1689453125
2026-09-07; 22:36:59; 9821; 17403; 30.32; 1002.816953125; 34.236328125
2026-09-07; 22:37:59; 9821; 17403; 30.3; 1002.8980078125; 34.2578125
2026-09-07; 22:38:59; 9821; 17403; 30.31; 1002.9420703125; 34.234375
2026-09-07; 22:39:59; 9945; 17700; 30.26; 1002.8625; 34.2998046875
2026-09-07; 22:40:59; 9821; 17403; 30.24; 1002.866875; 34.35546875
2026-09-07; 22:41:59; 9821; 17403; 30.23; 1002.8712890625; 34.3779296875
2026-09-07; 22:42:59; 9821; 17403; 30.21; 1002.9523828125; 34.4111328125
2026-09-07; 22:43:59; 9821; 17403; 30.18; 1002.99703125; 34.4775390625
2026-09-07; 22:44:59; 9945; 17700; 30.16; 1002.9934765625; 34.4990234375
2026-09-07; 22:45:59; 9945; 17700; 30.14; 1003.0384375; 34.5537109375
2026-09-07; 22:46:59; 9945; 17700; 30.15; 1003.0058203125; 34.486328125
2026-09-07; 22:47:59; 9945; 17700; 30.17; 1003.029609375; 34.4873046875
2026-09-07; 22:48:59; 9945; 17700; 30.15; 1003.1106640625; 34.4970703125
2026-09-07; 22:49:59; 9945; 17700; 30.16; 1003.0216796875; 34.4755859375
2026-09-07; 22:50:59; 9945; 17700; 30.13; 1003.0507421875; 34.5185546875
2026-09-07; 22:51:59; 9945; 17700; 30.13; 1003.0789453125; 34.49609375
2026-09-07; 22:52:59; 9945; 17700; 30.07; 1003.067734375; 34.6279296875
2026-09-07; 22:53:59; 9945; 17700; 30.07; 1003.0192578125; 34.62890625
2026-09-07; 22:54:59; 9945; 17700; 30.07; 1002.983125; 34.59375
2026-09-07; 22:55:59; 9945; 17700; 30.03; 1003.0321484375; 34.7060546875
2026-09-07; 22:56:59; 9945; 17700; 30.03; 1002.983671875; 34.716796875
2026-09-07; 22:57:59; 9945; 17700; 30.03; 1003.0321484375; 34.66015625
2026-09-07; 22:58:59; 9945; 17700; 30.04; 1003.104375; 34.68359375
2026-09-07; 23:00:00; 9945; 17700; 30.03; 1003.040078125; 34.6484375
2026-09-07; 23:01:00; 9945; 17700; 30.04; 1003.0559375; 34.6953125
2026-09-07; 23:02:00; 9945; 17700; 29.97; 1003.0370703125; 34.8046875
2026-09-07; 23:03:00; 9945; 17700; 29.97; 1003.0291015625; 34.78125
2026-09-07; 23:04:00; 9945; 17700; 29.97; 1003.0088671875; 34.7822265625
2026-09-07; 23:05:00; 9945; 17700; 29.93; 1002.937421875; 34.8701171875
2026-09-07; 23:06:00; 9945; 17700; 29.95; 1003.0053125; 34.802734375
2026-09-07; 23:07:00; 9945; 17700; 29.97; 1003.0009375; 34.76953125
2026-09-07; 23:08:00; 9945; 17700; 29.98; 1002.98859375; 34.748046875
2026-09-07; 23:09:00; 9945; 17700; 29.94; 1003.045859375; 34.779296875
2026-09-07; 23:10:00; 9945; 17700; 29.92; 1002.957734375; 34.9150390625
2026-09-07; 23:11:00; 9945; 17700; 29.94; 1002.92515625; 34.755859375
2026-09-07; 23:12:00; 9945; 17700; 29.91; 1002.961796875; 34.8564453125
2026-09-07; 23:13:00; 9945; 17700; 29.89; 1002.9380078125; 34.9013671875
2026-09-07; 23:14:00; 9945; 17700; 29.88; 1002.9784765625; 34.923828125
2026-09-07; 23:15:00; 9945; 17700; 29.89; 1002.966171875; 34.8896484375
2026-09-07; 23:16:00; 9945; 17700; 29.87; 1002.9908203125; 34.9111328125
2026-09-07; 23:17:00; 9945; 17700; 29.85; 1002.978984375; 34.955078125
2026-09-07; 23:18:00; 9945; 17700; 29.84; 1002.991328125; 34.9775390625
2026-09-07; 23:19:00; 9945; 17700; 29.82; 1002.995703125; 35.009765625
2026-09-07; 23:20:00; 9945; 17700; 29.84; 1003.055625; 34.9541015625
2026-09-07; 23:21:00; 9945; 17700; 29.82; 1002.93140625; 35.0322265625
2026-09-07; 23:22:00; 9945; 17700; 29.83; 1002.898828125; 34.98828125
2026-09-07; 23:23:00; 9945; 17700; 29.78; 1002.9319140625; 35.0986328125
2026-09-07; 23:24:00; 9945; 17700; 29.79; 1002.89171875; 35.0078125
2026-09-07; 23:25:00; 9945; 17700; 29.77; 1003.0005859375; 35.07421875
2026-09-07; 23:26:00; 9945; 17700; 29.78; 1002.9521484375; 35.0517578125
2026-09-07; 23:27:00; 9945; 17700; 29.79; 1002.9965234375; 34.99609375
2026-09-07; 23:28:00; 9945; 17700; 29.77; 1002.99265625; 35.0517578125
2026-09-07; 23:29:00; 9945; 17700; 29.74; 1003.0013671875; 35.1181640625
2026-09-08; 02:24:28; 405; 0; 28.77; 1002.6988671875; 36.4453125
2026-09-08; 02:25:28; 400; 0; 28.79; 1002.6743359375; 36.423828125
2026-09-08; 02:26:28; 403; 0; 28.8; 1002.6419140625; 36.3916015625
2026-09-08; 02:27:29; 400; 0; 28.78; 1002.6021875; 36.400390625
2026-09-08; 02:28:29; 400; 0; 28.79; 1002.597890625; 36.3896484375
2026-09-08; 02:29:29; 400; 0; 28.78; 1002.5538671875; 36.3896484375
2026-09-08; 02:30:29; 400; 0; 28.79; 1002.6180859375; 36.3671875
2026-09-08; 02:31:29; 400; 0; 28.79; 1002.626015625; 36.3447265625
2026-09-08; 02:32:29; 405; 0; 28.78; 1002.5538671875; 36.37890625
2026-09-08; 02:33:29; 400; 0; 28.81; 1002.5935546875; 36.357421875
2026-09-08; 02:34:29; 403; 0; 28.79; 1002.5416015625; 36.3671875
2026-09-08; 02:35:29; 405; 0; 28.78; 1002.5538671875; 36.3671875
2026-09-08; 02:36:29; 403; 0; 28.78; 1002.5538671875; 36.37890625
2026-09-08; 02:37:29; 400; 0; 28.78; 1002.5458984375; 36.388671875
2026-09-08; 02:38:29; 405; 0; 28.78; 1002.5177734375; 36.3662109375
2026-09-08; 02:39:29; 400; 0; 28.79; 1002.5134375; 36.3447265625
2026-09-08; 02:40:29; 400; 0; 28.76; 1002.550234375; 36.3759765625
2026-09-08; 02:41:29; 403; 0; 28.78; 1002.525703125; 36.3447265625
2026-09-08; 02:42:29; 400; 0; 28.79; 1002.4853125; 36.3330078125
2026-09-08; 02:43:29; 405; 0; 28.8; 1002.5293359375; 36.2998046875
2026-09-08; 02:44:29; 403; 0; 28.78; 1002.461484375; 36.33203125
2026-09-08; 02:45:29; 403; 0; 28.76; 1002.5220703125; 36.3759765625
2026-09-08; 02:46:29; 406; 0; 28.79; 1002.5134375; 36.287109375
2026-09-08; 02:47:29; 402; 0; 28.79; 1002.533671875; 36.3095703125
2026-09-08; 02:48:29; 402; 0; 28.8; 1002.52140625; 36.2998046875
2026-09-08; 02:49:29; 400; 0; 28.76; 1002.514140625; 36.3759765625
2026-09-08; 02:50:29; 403; 0; 28.8; 1002.6419140625; 36.27734375
2026-09-08; 02:51:29; 400; 0; 28.78; 1002.497578125; 36.3095703125
2026-09-08; 02:52:29; 405; 0; 28.79; 1002.5055078125; 36.2763671875
2026-09-08; 02:53:29; 405; 0; 28.8; 1002.444921875; 36.2890625
2026-09-08; 02:54:29; 400; 0; 28.81; 1002.4247265625; 36.2314453125
2026-09-08; 02:55:29; 403; 0; 28.81; 1002.4247265625; 36.2548828125
2026-09-08; 02:56:29; 403; 0; 28.79; 1002.4008984375; 36.23046875
2026-09-08; 02:57:29; 400; 0; 28.77; 1002.4535546875; 36.296875
2026-09-08; 02:58:29; 400; 0; 28.79; 1002.3727734375; 36.2646484375
2026-09-08; 02:59:29; 402; 0; 28.76; 1002.32515625; 36.296875
2026-09-08; 03:00:29; 400; 0; 28.77; 1002.3893359375; 36.30859375
2026-09-08; 03:01:29; 400; 0; 28.76; 1002.4016015625; 36.341796875
2026-09-08; 03:02:29; 400; 0; 28.76; 1002.3172265625; 36.3193359375
2026-09-08; 03:03:29; 403; 0; 28.76; 1002.3453515625; 36.341796875
2026-09-08; 03:04:29; 403; 0; 28.74; 1002.2851171875; 36.3515625
2026-09-08; 03:05:29; 403; 0; 28.69; 1002.2980859375; 36.4052734375
2026-09-08; 03:06:29; 403; 0; 28.73; 1002.3897265625; 36.3623046875
2026-09-08; 03:07:29; 403; 0; 28.75; 1002.3089453125; 36.318359375
2026-09-08; 03:08:29; 406; 0; 28.74; 1002.4258203125; 36.36328125
2026-09-08; 03:09:29; 402; 0; 28.74; 1002.3774609375; 36.3408203125
2026-09-08; 03:10:30; 402; 0; 28.73; 1002.3616015625; 36.33984375
2026-09-08; 03:11:30; 400; 0; 28.75; 1002.3854296875; 36.330078125
2026-09-08; 03:12:30; 403; 0; 28.73; 1002.409921875; 36.33984375
2026-09-08; 03:13:30; 403; 0; 28.77; 1002.3893359375; 36.2861328125
2026-09-08; 03:14:30; 403; 0; 28.72; 1002.3738671875; 36.3271484375
2026-09-08; 03:15:30; 403; 0; 28.73; 1002.4380859375; 36.33984375
2026-09-08; 03:16:30; 400; 0; 28.73; 1002.3536328125; 36.328125
2026-09-08; 03:17:30; 405; 0; 28.72; 1002.4503125; 36.361328125
2026-09-08; 03:18:30; 405; 0; 28.68; 1002.386484375; 36.4033203125
2026-09-08; 03:19:30; 400; 0; 28.7; 1002.3904296875; 36.3935546875
2026-09-08; 03:20:30; 400; 0; 28.71; 1002.462578125; 36.3486328125
2026-09-08; 03:21:30; 400; 0; 28.72; 1002.4019921875; 36.3388671875
2026-09-08; 03:22:30; 405; 0; 28.7; 1002.398359375; 36.3720703125
2026-09-08; 03:23:30; 409; 1; 28.7; 1002.4466796875; 36.359375
2026-09-08; 03:24:30; 405; 0; 28.69; 1002.40265625; 36.404296875
2026-09-08; 03:25:30; 405; 0; 28.7; 1002.4466796875; 36.3828125
2026-09-08; 03:26:30; 400; 0; 28.68; 1002.3944140625; 36.3818359375
2026-09-08; 03:27:30; 408; 1; 28.66; 1002.4391015625; 36.458984375
2026-09-08; 03:28:30; 408; 1; 28.68; 1002.4225390625; 36.404296875
2026-09-08; 03:29:30; 403; 0; 28.69; 1002.4308203125; 36.3583984375
2026-09-08; 03:30:30; 408; 1; 28.69; 1002.410625; 36.359375
2026-09-08; 03:31:30; 403; 0; 28.69; 1002.37453125; 36.3701171875
2026-09-08; 03:32:30; 403; 0; 28.68; 1002.386484375; 36.3583984375
2026-09-08; 03:33:30; 403; 0; 28.66; 1002.36265625; 36.4140625
2026-09-08; 03:34:30; 403; 0; 28.64; 1002.3590234375; 36.447265625
2026-09-08; 03:35:30; 400; 0; 28.66; 1002.2703125; 36.4140625
2026-09-08; 03:36:30; 400; 0; 28.65; 1002.282578125; 36.423828125
2026-09-08; 03:37:30; 402; 0; 28.67; 1002.2862109375; 36.4140625
2026-09-08; 03:38:30; 402; 0; 28.64; 1002.246484375; 36.435546875
2026-09-08; 03:39:30; 402; 0; 28.64; 1002.2385546875; 36.4580078125
2026-09-08; 03:40:30; 402; 0; 28.64; 1002.246484375; 36.4013671875
2026-09-08; 03:41:30; 400; 0; 28.61; 1002.25484375; 36.4326171875
2026-09-08; 03:42:30; 403; 0; 28.64; 1002.2746484375; 36.423828125
2026-09-08; 03:43:30; 403; 0; 28.62; 1002.214765625; 36.43359375
2026-09-08; 03:44:30; 403; 0; 28.6; 1002.2469140625; 36.4658203125
2026-09-08; 03:45:30; 403; 0; 28.61; 1002.1985546875; 36.455078125
2026-09-08; 03:46:30; 403; 0; 28.57; 1002.1631640625; 36.5205078125
2026-09-08; 03:47:30; 403; 0; 28.61; 1002.14234375; 36.478515625
2026-09-08; 03:48:30; 403; 0; 28.6; 1002.1264453125; 36.4892578125
2026-09-08; 03:49:30; 400; 0; 28.61; 1002.0860546875; 36.4208984375
2026-09-08; 03:50:30; 403; 0; 28.59; 1002.231015625; 36.431640625
2026-09-08; 03:51:30; 400; 0; 28.57; 1002.17109375; 36.498046875
2026-09-08; 03:52:30; 403; 0; 28.6; 1002.1826953125; 36.455078125
2026-09-08; 03:53:31; 403; 0; 28.59; 1002.2230859375; 36.48828125
2026-09-08; 03:54:31; 405; 0; 28.58; 1002.1509375; 36.486328125
2026-09-08; 03:55:31; 405; 0; 28.61; 1002.1704296875; 36.4892578125
2026-09-08; 03:56:31; 405; 0; 28.6; 1002.21875; 36.431640625
2026-09-08; 03:57:31; 405; 0; 28.58; 1002.1509375; 36.509765625
2026-09-08; 03:58:31; 405; 0; 28.58; 1002.1790625; 36.486328125
2026-09-08; 03:59:31; 408; 1; 28.58; 1002.2151171875; 36.4873046875
2026-09-08; 04:00:31; 403; 0; 28.56; 1002.183359375; 36.5087890625
2026-09-08; 04:01:31; 403; 0; 28.55; 1002.18734375; 36.5537109375
2026-09-08; 04:02:31; 408; 1; 28.54; 1002.2919140625; 36.552734375
2026-09-08; 04:03:31; 403; 0; 28.55; 1002.2155078125; 36.5419921875
2026-09-08; 04:04:31; 403; 0; 28.53; 1002.3041796875; 36.5849609375
2026-09-08; 04:05:31; 403; 0; 28.53; 1002.24; 36.57421875
2026-09-08; 04:06:31; 403; 0; 28.51; 1002.272421875; 36.6064453125
2026-09-08; 04:07:31; 403; 0; 28.49; 1002.2889453125; 36.6396484375
2026-09-08; 04:08:31; 400; 0; 28.5; 1002.2283984375; 36.6181640625
2026-09-08; 04:09:31; 400; 0; 28.51; 1002.2644921875; 36.6181640625
2026-09-08; 04:10:31; 400; 0; 28.5; 1002.16421875; 36.6171875
2026-09-08; 04:11:31; 400; 0; 28.47; 1002.1523046875; 36.66015625
2026-09-08; 04:12:31; 402; 0; 28.5; 1002.2283984375; 36.595703125
2026-09-08; 04:13:31; 400; 0; 28.53; 1002.24; 36.5283203125
2026-09-08; 04:14:31; 402; 0; 28.53; 1002.211875; 36.5625
2026-09-08; 04:15:31; 402; 0; 28.52; 1002.26015625; 36.5625
2026-09-08; 04:16:31; 411; 1; 28.54; 1002.235703125; 36.5068359375
2026-09-08; 04:17:31; 416; 2; 28.54; 1002.283984375; 36.541015625
2026-09-08; 04:18:31; 416; 2; 28.53; 1002.2760546875; 36.482421875
2026-09-08; 04:19:31; 416; 2; 28.55; 1002.27171875; 36.4853515625
2026-09-08; 04:20:31; 411; 1; 28.53; 1002.268125; 36.5166015625
2026-09-08; 04:21:31; 406; 0; 28.5; 1002.22046875; 36.572265625
2026-09-08; 04:22:31; 416; 2; 28.51; 1002.216171875; 36.5498046875
2026-09-08; 04:23:31; 411; 1; 28.52; 1002.224140625; 36.5390625
2026-09-08; 04:24:31; 416; 2; 28.52; 1002.1959765625; 36.5732421875
2026-09-08; 04:25:31; 406; 0; 28.48; 1002.3290234375; 36.6044921875
2026-09-08; 04:26:31; 411; 1; 28.49; 1002.2125; 36.60546875
2026-09-08; 04:27:31; 411; 1; 28.47; 1002.22875; 36.603515625
2026-09-08; 04:28:31; 416; 2; 28.47; 1002.2006640625; 36.6376953125
2026-09-08; 04:29:31; 416; 2; 28.47; 1002.1523046875; 36.5927734375
2026-09-08; 04:30:31; 416; 2; 28.47; 1002.18046875; 36.615234375
2026-09-08; 04:31:31; 420; 3; 28.44; 1002.0765625; 36.6474609375
2026-09-08; 04:32:31; 416; 2; 28.43; 1002.0808984375; 36.66796875
2026-09-08; 04:33:31; 406; 0; 28.43; 1002.088828125; 36.6806640625
2026-09-08; 04:34:31; 406; 0; 28.42; 1002.149375; 36.6904296875
2026-09-08; 04:35:31; 406; 0; 28.43; 1002.137109375; 36.69140625
2026-09-08; 04:36:32; 411; 1; 28.45; 1002.08453125; 36.6591796875
2026-09-08; 04:37:32; 406; 0; 28.4; 1002.068984375; 36.7353515625
2026-09-08; 04:38:32; 416; 2; 28.43; 1002.060703125; 36.6689453125
2026-09-08; 04:39:32; 420; 3; 28.44; 1001.984296875; 36.6806640625
2026-09-08; 04:40:32; 411; 1; 28.44; 1001.956171875; 36.6123046875
2026-09-08; 04:41:32; 402; 0; 28.43; 1001.9201171875; 36.6806640625
2026-09-08; 04:42:32; 402; 0; 28.44; 1001.956171875; 36.623046875
2026-09-08; 04:43:32; 411; 1; 28.44; 1001.956171875; 36.646484375
2026-09-08; 04:44:32; 411; 1; 28.42; 1001.9525390625; 36.6787109375
2026-09-08; 04:45:32; 411; 1; 28.43; 1001.8840234375; 36.66796875
2026-09-08; 04:46:32; 408; 1; 28.44; 1001.871796875; 36.623046875
2026-09-08; 04:47:32; 408; 1; 28.42; 1001.8480078125; 36.6572265625
2026-09-08; 04:48:32; 408; 1; 28.39; 1001.7719140625; 36.6767578125
2026-09-08; 04:49:32; 408; 1; 28.4; 1001.7517578125; 36.6884765625
2026-09-08; 04:50:32; 414; 2; 28.43; 1001.7434375; 36.599609375
2026-09-08; 04:51:32; 414; 2; 28.4; 1001.6111328125; 36.677734375
2026-09-08; 04:52:32; 408; 1; 28.39; 1001.659453125; 36.6650390625
2026-09-08; 04:53:32; 405; 0; 28.36; 1001.60390625; 36.765625
2026-09-08; 04:54:32; 405; 0; 28.38; 1001.5873828125; 36.69921875
2026-09-08; 04:55:32; 408; 1; 28.38; 1001.55921875; 36.6767578125
2026-09-08; 04:56:32; 405; 0; 28.37; 1001.543359375; 36.720703125
2026-09-08; 04:57:32; 405; 0; 28.37; 1001.571484375; 36.6982421875
2026-09-08; 04:58:32; 414; 2; 28.4; 1001.583046875; 36.6435546875
2026-09-08; 04:59:32; 405; 0; 28.38; 1001.5311328125; 36.6650390625
2026-09-08; 05:00:32; 410; 1; 28.4; 1001.450390625; 36.6435546875
2026-09-08; 05:01:32; 402; 0; 28.38; 1001.4950390625; 36.7099609375
2026-09-08; 05:02:32; 410; 1; 28.39; 1001.4546875; 36.7109375
2026-09-08; 05:03:32; 402; 0; 28.36; 1001.4633203125; 36.697265625
2026-09-08; 05:04:32; 407; 1; 28.39; 1001.5390625; 36.6650390625
2026-09-08; 05:05:32; 407; 1; 28.36; 1001.47125; 36.6865234375
2026-09-08; 05:06:32; 407; 1; 28.34; 1001.4954296875; 36.7294921875
2026-09-08; 05:07:32; 402; 0; 28.34; 1001.503671875; 36.7294921875
2026-09-08; 05:08:32; 402; 0; 28.33; 1001.5076953125; 36.751953125
2026-09-08; 05:09:32; 400; 0; 28.32; 1001.499765625; 36.7509765625
2026-09-08; 05:10:32; 402; 0; 28.31; 1001.568203125; 36.7626953125
2026-09-08; 05:11:32; 402; 0; 28.33; 1001.5155859375; 36.7294921875
2026-09-08; 05:12:32; 402; 0; 28.32; 1001.6042578125; 36.728515625
2026-09-08; 05:13:32; 402; 0; 28.34; 1001.559921875; 36.71875
2026-09-08; 05:14:32; 402; 0; 28.34; 1001.607890625; 36.7412109375
2026-09-08; 05:15:32; 409; 1; 28.33; 1001.6280859375; 36.7294921875
2026-09-08; 05:16:32; 407; 1; 28.32; 1001.5841015625; 36.7392578125
2026-09-08; 05:17:32; 409; 1; 28.32; 1001.576171875; 36.7509765625
2026-09-08; 05:18:32; 409; 1; 28.34; 1001.6442578125; 36.6953125
2026-09-08; 05:19:33; 409; 1; 28.3; 1001.6648046875; 36.7724609375
2026-09-08; 05:20:33; 409; 1; 28.34; 1001.70046875; 36.70703125
2026-09-08; 05:21:33; 407; 1; 28.3; 1001.7127734375; 36.783203125
2026-09-08; 05:22:33; 407; 1; 28.29; 1001.753125; 36.7939453125
2026-09-08; 05:23:33; 407; 1; 28.31; 1001.7650390625; 36.728515625
2026-09-08; 05:24:33; 409; 1; 28.29; 1001.6767578125; 36.771484375
2026-09-08; 05:25:33; 409; 1; 28.32; 1001.6886328125; 36.7509765625
2026-09-08; 05:26:33; 409; 1; 28.32; 1001.6605078125; 36.7392578125
2026-09-08; 05:27:33; 409; 1; 28.3; 1001.7127734375; 36.783203125
2026-09-08; 05:28:33; 407; 1; 28.28; 1001.688984375; 36.81640625
2026-09-08; 05:29:33; 409; 1; 28.29; 1001.6687890625; 36.771484375
2026-09-08; 05:30:33; 407; 1; 28.28; 1001.6810546875; 36.79296875
2026-09-08; 05:31:33; 400; 0; 28.26; 1001.600703125; 36.826171875
2026-09-08; 05:32:33; 400; 0; 28.24; 1001.5689453125; 36.8701171875
2026-09-08; 05:33:33; 407; 1; 28.28; 1001.6529296875; 36.79296875
2026-09-08; 05:34:33; 407; 1; 28.27; 1001.5603515625; 36.8154296875
2026-09-08; 05:35:33; 400; 0; 28.25; 1001.464453125; 36.8701171875
2026-09-08; 05:36:33; 407; 1; 28.25; 1001.5206640625; 36.8701171875
2026-09-08; 05:37:33; 400; 0; 28.25; 1001.4442578125; 36.84765625
2026-09-08; 05:38:33; 400; 0; 28.24; 1001.5048046875; 36.8125
2026-09-08; 05:39:33; 407; 1; 28.22; 1001.5090625; 36.8798828125
2026-09-08; 05:40:33; 407; 1; 28.25; 1001.4723828125; 36.84765625
2026-09-08; 05:41:33; 400; 0; 28.24; 1001.4283984375; 36.8359375
2026-09-08; 05:42:33; 400; 0; 28.24; 1001.4565234375; 36.8359375
2026-09-08; 05:43:33; 402; 0; 28.23; 1001.4608203125; 36.8798828125
2026-09-08; 05:44:33; 402; 0; 28.22; 1001.3887109375; 36.8681640625
2026-09-08; 05:45:33; 402; 0; 28.21; 1001.4290625; 36.9013671875
2026-09-08; 05:46:33; 402; 0; 28.18; 1001.3530078125; 36.93359375
2026-09-08; 05:47:33; 402; 0; 28.18; 1001.43734375; 36.9677734375
2026-09-08; 05:48:33; 402; 0; 28.19; 1001.3768359375; 36.9453125
2026-09-08; 05:49:33; 402; 0; 28.19; 1001.4049609375; 36.9111328125
2026-09-08; 05:50:33; 402; 0; 28.19; 1001.3768359375; 36.8994140625
2026-09-08; 05:51:33; 400; 0; 28.22; 1001.424765625; 36.9033203125
2026-09-08; 05:52:33; 400; 0; 28.17; 1001.401328125; 36.955078125
2026-09-08; 05:53:33; 402; 0; 28.2; 1001.392734375; 36.8779296875
2026-09-08; 05:54:33; 400; 0; 28.19; 1001.4049609375; 36.8994140625
2026-09-08; 05:55:33; 402; 0; 28.15; 1001.3897265625; 36.9296875
2026-09-08; 05:56:33; 402; 0; 28.15; 1001.3414453125; 36.9765625
2026-09-08; 05:57:33; 400; 0; 28.16; 1001.3775; 36.96484375
2026-09-08; 05:58:33; 405; 0; 28.16; 1001.293203125; 36.9541015625
2026-09-08; 05:59:33; 405; 0; 28.17; 1001.3371875; 36.9658203125
2026-09-08; 06:00:33; 405; 0; 28.17; 1001.345078125; 36.9326171875
2026-09-08; 06:01:33; 400; 0; 28.19; 1001.3768359375; 36.9111328125
2026-09-08; 06:02:34; 400; 0; 28.2; 1001.3285546875; 36.900390625
2026-09-08; 06:03:34; 400; 0; 28.18; 1001.3609765625; 36.91015625
2026-09-08; 06:04:34; 405; 0; 28.17; 1001.2888671875; 36.9208984375
2026-09-08; 06:05:34; 400; 0; 28.2; 1001.24421875; 36.900390625
2026-09-08; 06:06:34; 400; 0; 28.17; 1001.3169921875; 36.91015625
2026-09-08; 06:07:34; 400; 0; 28.14; 1001.2974609375; 36.953125
2026-09-08; 06:08:34; 400; 0; 28.13; 1001.3094140625; 36.974609375
2026-09-08; 06:09:34; 405; 0; 28.16; 1001.3212890625; 36.9306640625
2026-09-08; 06:10:34; 405; 0; 28.13; 1001.3014453125; 36.974609375
2026-09-08; 06:11:34; 405; 0; 28.13; 1001.253203125; 36.986328125
2026-09-08; 06:12:34; 405; 0; 28.15; 1001.2773046875; 36.896484375
2026-09-08; 06:13:34; 405; 0; 28.15; 1001.24921875; 36.94140625
2026-09-08; 06:14:34; 409; 1; 28.14; 1001.31734375; 36.9638671875
2026-09-08; 06:15:34; 405; 0; 28.11; 1001.241640625; 36.9951171875
2026-09-08; 06:16:34; 405; 0; 28.12; 1001.321640625; 36.962890625
2026-09-08; 06:17:34; 405; 0; 28.13; 1001.273359375; 36.9853515625
2026-09-08; 06:18:34; 405; 0; 28.1; 1001.2257421875; 37.017578125
2026-09-08; 06:19:34; 405; 0; 28.13; 1001.2452734375; 36.9853515625
2026-09-08; 06:20:34; 405; 0; 28.08; 1001.2098828125; 37.0283203125
2026-09-08; 06:21:34; 405; 0; 28.12; 1001.2012890625; 36.9619140625
2026-09-08; 06:22:34; 400; 0; 28.11; 1001.241640625; 36.9951171875
2026-09-08; 06:23:34; 400; 0; 28.1; 1001.19765625; 37.017578125
2026-09-08; 06:24:34; 405; 0; 28.13; 1001.1688671875; 36.9296875
2026-09-08; 06:25:34; 400; 0; 28.13; 1001.1688671875; 36.9521484375
2026-09-08; 06:26:34; 400; 0; 28.11; 1001.221484375; 36.97265625
2026-09-08; 06:27:34; 405; 0; 28.14; 1001.120625; 36.9296875
2026-09-08; 06:28:34; 400; 0; 28.08; 1001.08953125; 36.9931640625
2026-09-08; 06:29:34; 400; 0; 28.11; 1001.10109375; 36.9501953125
2026-09-08; 06:30:34; 400; 0; 28.1; 1001.113359375; 36.9716796875
2026-09-08; 06:31:34; 403; 0; 28.11; 1001.10109375; 36.9609375
2026-09-08; 06:32:34; 403; 0; 28.11; 1000.9966015625; 36.9501953125
2026-09-08; 06:33:34; 403; 0; 28.08; 1001.0412890625; 37.0048828125
2026-09-08; 06:34:34; 403; 0; 28.08; 1001.005234375; 36.9931640625
2026-09-08; 06:35:34; 403; 0; 28.07; 1001.045546875; 36.9921875
2026-09-08; 06:36:34; 403; 0; 28.02; 1000.9940234375; 37.1015625
2026-09-08; 06:37:34; 403; 0; 28.07; 1001.0174609375; 37.0263671875
2026-09-08; 06:38:34; 403; 0; 28.06; 1001.0574609375; 37.025390625
2026-09-08; 06:39:34; 403; 0; 28.06; 1001.0855859375; 37.048828125
2026-09-08; 06:40:34; 400; 0; 28.06; 1001.1137109375; 37.037109375
2026-09-08; 06:41:34; 403; 0; 28.06; 1001.1497265625; 36.9912109375
2026-09-08; 06:42:34; 403; 0; 28.06; 1001.0574609375; 37.0146484375
2026-09-08; 06:43:34; 403; 0; 28.06; 1001.00921875; 37.0146484375
2026-09-08; 06:44:34; 400; 0; 28.04; 1001.0898828125; 37.03515625
2026-09-08; 06:45:35; 400; 0; 28.04; 1001.0898828125; 37.03515625
2026-09-08; 06:46:35; 403; 0; 28.03; 1001.158359375; 37.046875
2026-09-08; 06:47:35; 400; 0; 28.04; 1001.1662890625; 37.05859375
2026-09-08; 06:48:35; 403; 0; 28.08; 1001.153671875; 36.970703125
2026-09-08; 06:49:35; 403; 0; 28.04; 1001.14609375; 37.03515625
2026-09-08; 06:50:35; 403; 0; 28.05; 1001.1259375; 36.9912109375
2026-09-08; 06:51:35; 405; 0; 28.07; 1001.1378125; 36.970703125
2026-09-08; 06:52:35; 405; 0; 28.06; 1001.169921875; 37.0029296875
2026-09-08; 06:53:35; 405; 0; 28.08; 1001.1457421875; 36.9814453125
2026-09-08; 06:54:35; 405; 0; 28.07; 1001.15796875; 36.9580078125
2026-09-08; 06:55:35; 408; 1; 28.07; 1001.18609375; 36.935546875
2026-09-08; 06:56:35; 408; 1; 28.07; 1001.1298828125; 36.947265625
2026-09-08; 06:57:35; 408; 1; 28.1; 1001.113359375; 36.9150390625
2026-09-08; 06:58:35; 405; 0; 28.07; 1001.1096875; 36.947265625
2026-09-08; 06:59:35; 405; 0; 28.1; 1001.0650390625; 36.904296875
2026-09-08; 07:00:35; 408; 1; 28.08; 1001.069375; 36.9140625
2026-09-08; 07:01:35; 405; 0; 28.11; 1001.016796875; 36.8701171875
2026-09-08; 07:02:35; 408; 1; 28.14; 1001.0362890625; 36.8037109375
2026-09-08; 07:03:35; 405; 0; 28.15; 1001.052421875; 36.7822265625
2026-09-08; 07:04:35; 408; 1; 28.15; 1001.032265625; 36.783203125
2026-09-08; 07:05:35; 408; 1; 28.19; 1001.0034765625; 36.7060546875
2026-09-08; 07:06:35; 405; 0; 28.17; 1000.9998828125; 36.73828125
2026-09-08; 07:07:35; 405; 0; 28.17; 1000.9234765625; 36.7158203125
2026-09-08; 07:08:35; 405; 0; 28.15; 1000.9479296875; 36.771484375
2026-09-08; 07:09:35; 408; 1; 28.2; 1000.9991796875; 36.70703125
2026-09-08; 07:10:35; 408; 1; 28.21; 1000.979296875; 36.673828125
2026-09-08; 07:11:35; 405; 0; 28.22; 1000.9670703125; 36.640625
2026-09-08; 07:12:35; 405; 0; 28.23; 1000.962734375; 36.595703125
2026-09-08; 07:13:35; 408; 1; 28.25; 1000.93828125; 36.517578125
2026-09-08; 07:14:35; 405; 0; 28.28; 1000.986171875; 36.486328125
2026-09-08; 07:15:35; 408; 1; 28.31; 1000.9497265625; 36.4326171875
2026-09-08; 07:16:35; 405; 0; 28.29; 1000.91765625; 36.4755859375
2026-09-08; 07:17:35; 405; 0; 28.36; 1000.9853515625; 36.3779296875
2026-09-08; 07:18:35; 408; 1; 28.37; 1001.009140625; 36.3564453125
2026-09-08; 07:19:35; 408; 1; 28.37; 1000.9730859375; 36.322265625
2026-09-08; 07:20:35; 405; 0; 28.38; 1000.9889453125; 36.3115234375
2026-09-08; 07:21:35; 405; 0; 28.41; 1000.9521875; 36.2568359375
2026-09-08; 07:22:35; 405; 0; 28.42; 1001.004375; 36.212890625
2026-09-08; 07:23:35; 408; 1; 28.45; 1000.9315625; 36.1806640625
2026-09-08; 07:24:35; 408; 1; 28.51; 1000.9787109375; 36.048828125
2026-09-08; 07:25:35; 408; 1; 28.57; 1000.9898046875; 35.939453125
2026-09-08; 07:26:35; 413; 1; 28.65; 1000.9121484375; 35.796875
2026-09-08; 07:27:36; 408; 1; 28.69; 1000.9758984375; 35.732421875
2026-09-08; 07:28:36; 408; 1; 28.75; 1000.922421875; 35.611328125
2026-09-08; 07:29:36; 413; 1; 28.82; 1001.061875; 35.4912109375
2026-09-08; 07:30:36; 408; 1; 28.85; 1001.0253125; 35.4140625
2026-09-08; 07:31:36; 413; 1; 28.91; 1000.972109375; 35.3271484375
2026-09-08; 07:32:36; 413; 1; 28.95; 1000.931171875; 35.26171875
2026-09-08; 07:33:36; 413; 1; 29.0; 1000.9183984375; 35.1513671875
2026-09-08; 07:34:36; 413; 1; 29.08; 1000.91265625; 34.9990234375
2026-09-08; 07:35:36; 413; 1; 29.22; 1001.00671875; 34.76953125
2026-09-08; 07:36:36; 417; 2; 29.33; 1000.9563671875; 34.583984375
2026-09-08; 07:37:36; 417; 2; 29.5; 1001.0010546875; 34.2998046875
2026-09-08; 07:38:36; 417; 2; 29.61; 1000.9992578125; 34.0791015625
2026-09-08; 07:39:36; 417; 2; 29.75; 1000.931953125; 33.8154296875
2026-09-08; 07:40:36; 417; 2; 29.84; 1001.0184375; 33.673828125
2026-09-08; 07:41:36; 420; 3; 29.87; 1000.9614453125; 33.595703125
2026-09-08; 07:42:36; 417; 2; 29.92; 1001.032734375; 33.5078125
2026-09-08; 07:43:36; 417; 2; 29.89; 1001.021328125; 33.5751953125
2026-09-08; 07:44:36; 417; 2; 29.92; 1001.012734375; 33.4853515625
2026-09-08; 07:45:36; 420; 3; 29.97; 1000.9791796875; 33.4208984375
2026-09-08; 07:46:36; 420; 3; 30.26; 1001.00109375; 32.9716796875
2026-09-08; 07:47:36; 400; 0; 30.71; 1001.0025; 32.1796875
2026-09-08; 07:48:36; 402; 0; 30.94; 1000.992421875; 31.69140625
2026-09-08; 07:49:36; 400; 0; 30.99; 1000.9509765625; 31.625
2026-09-08; 07:50:36; 400; 0; 31.17; 1000.974453125; 31.3740234375
2026-09-08; 07:51:36; 400; 0; 31.36; 1000.9289453125; 31.2841796875
2026-09-08; 07:52:36; 400; 0; 31.62; 1000.91734375; 30.578125
2026-09-08; 07:53:36; 400; 0; 31.96; 1000.9034765625; 30.1171875
2026-09-08; 07:54:36; 400; 0; 32.08; 1001.0167578125; 29.9755859375
2026-09-08; 07:55:36; 407; 1; 32.05; 1000.99765625; 29.84765625
2026-09-08; 07:56:36; 400; 0; 32.07; 1001.0575; 29.9873046875
2026-09-08; 07:57:36; 400; 0; 32.01; 1000.962421875; 30.029296875
2026-09-08; 07:58:36; 405; 0; 31.4; 1001.0207421875; 31.2861328125
2026-09-08; 07:59:36; 400; 0; 31.02; 1000.9983984375; 31.810546875
2026-09-08; 08:00:36; 403; 0; 31.33; 1000.9662890625; 31.7060546875
2026-09-08; 08:01:36; 401; 0; 31.34; 1001.0182421875; 31.455078125
2026-09-08; 08:02:36; 439; 5; 31.17; 1000.974453125; 31.5576171875
2026-09-08; 08:03:36; 403; 0; 31.03; 1000.9298046875; 31.9267578125
2026-09-08; 08:04:36; 400; 0; 30.91; 1000.9652734375; 32.4921875
2026-09-08; 08:05:36; 407; 1; 30.65; 1001.0119140625; 33.263671875
2026-09-08; 08:06:36; 403; 0; 30.52; 1000.9545703125; 33.25390625
2026-09-08; 08:07:36; 413; 1; 30.36; 1001.0392578125; 33.6318359375
2026-09-08; 08:08:36; 403; 0; 30.37; 1001.0065625; 33.4384765625
2026-09-08; 08:09:36; 407; 1; 30.18; 1000.9869140625; 33.84765625
2026-09-08; 08:10:37; 400; 0; 29.94; 1001.00828125; 34.1953125
2026-09-08; 08:11:37; 400; 0; 29.71; 1000.9889453125; 34.58984375
2026-09-08; 08:12:37; 402; 0; 29.6; 1001.0476953125; 34.9482421875
2026-09-08; 08:13:37; 400; 0; 29.48; 1001.0458984375; 35.2236328125
2026-09-08; 08:14:37; 400; 0; 29.39; 1001.003359375; 35.4794921875
2026-09-08; 08:15:37; 402; 0; 29.33; 1001.04875; 35.54296875
2026-09-08; 08:16:37; 400; 0; 29.29; 1001.061640625; 35.6884765625
2026-09-08; 08:17:37; 400; 0; 29.23; 1001.022578125; 35.9345703125
2026-09-08; 08:18:37; 402; 0; 29.34; 1001.0927734375; 35.8984375
2026-09-08; 08:19:37; 400; 0; 29.34; 1001.0927734375; 35.8408203125
2026-09-08; 08:20:37; 403; 0; 29.28; 1001.025546875; 36.0185546875
2026-09-08; 08:21:37; 400; 0; 29.37; 1001.07609375; 35.8427734375
2026-09-08; 08:22:37; 400; 0; 29.3; 1001.0493359375; 35.7919921875
2026-09-08; 08:23:37; 400; 0; 29.25; 1000.970078125; 35.85546875
2026-09-08; 08:24:37; 400; 0; 29.18; 1000.971484375; 35.9990234375
2026-09-08; 08:25:37; 400; 0; 29.14; 1000.9719921875; 36.1669921875
2026-09-08; 08:26:37; 403; 0; 29.13; 1000.9640625; 36.1318359375
2026-09-08; 08:27:37; 400; 0; 29.11; 1000.9887109375; 36.119140625
2026-09-08; 08:28:37; 400; 0; 29.09; 1000.928515625; 36.1181640625
2026-09-08; 08:29:37; 407; 1; 29.08; 1000.997109375; 36.1396484375
2026-09-08; 08:30:37; 402; 0; 29.05; 1001.0340234375; 36.1484375
2026-09-08; 08:31:37; 400; 0; 29.05; 1000.9698046875; 36.3427734375
2026-09-08; 08:32:37; 407; 1; 29.83; 1001.066875; 35.2734375
2026-09-08; 08:33:37; 424; 3; 30.91; 1001.00140625; 33.5927734375
2026-09-08; 08:34:37; 434; 5; 31.78; 1000.9735546875; 32.30078125
2026-09-08; 08:35:37; 420; 3; 31.11; 1001.00015625; 33.13671875
2026-09-08; 08:36:37; 403; 0; 30.63; 1001.044609375; 33.9619140625
2026-09-08; 08:37:37; 420; 3; 30.3; 1001.00828125; 34.7158203125
2026-09-08; 08:38:37; 435; 5; 30.11; 1001.0449609375; 35.0205078125
2026-09-08; 08:39:37; 462; 9; 30.08; 1000.9971484375; 35.12109375
2026-09-08; 08:40:37; 493; 14; 30.06; 1001.0016015625; 35.3828125
2026-09-08; 08:41:37; 497; 14; 29.97; 1000.9791796875; 35.43359375
2026-09-08; 08:42:37; 534; 20; 29.98; 1000.995; 35.513671875
2026-09-08; 08:43:37; 567; 25; 30.02; 1000.966171875; 35.677734375
2026-09-08; 08:44:37; 624; 34; 30.12; 1000.9559375; 35.525390625
2026-09-08; 08:45:37; 665; 40; 30.14; 1000.9517578125; 35.50390625
2026-09-08; 08:46:37; 674; 41; 30.04; 1000.933515625; 35.541015625
2026-09-08; 08:47:37; 650; 38; 29.95; 1000.9113671875; 35.751953125
2026-09-08; 08:48:37; 634; 35; 29.9; 1000.952578125; 35.7373046875
2026-09-08; 08:49:37; 580; 27; 29.79; 1000.9110546875; 35.7841796875
2026-09-08; 08:50:37; 523; 18; 29.69; 1000.9008984375; 35.845703125
2026-09-08; 08:51:37; 485; 12; 29.64; 1000.8293359375; 36.001953125
2026-09-08; 08:52:37; 472; 10; 29.77; 1000.79453125; 35.83984375
2026-09-08; 08:53:37; 448; 7; 29.76; 1000.806875; 36.033203125
2026-09-08; 08:54:38; 441; 6; 29.81; 1000.86609375; 35.9697265625
2026-09-08; 08:55:38; 438; 5; 29.89; 1000.8442578125; 35.7353515625
2026-09-08; 08:56:38; 414; 2; 29.89; 1000.79578125; 35.712890625
2026-09-08; 08:57:38; 414; 2; 29.96; 1000.84265625; 35.740234375
2026-09-08; 08:58:38; 403; 0; 29.98; 1000.7694921875; 35.5830078125
2026-09-08; 08:59:38; 423; 3; 30.16; 1000.793984375; 35.42578125
2026-09-08; 09:00:38; 444; 6; 30.23; 1000.8205078125; 35.3505859375
2026-09-08; 09:01:38; 444; 6; 30.33; 1000.7455078125; 35.208984375
2026-09-08; 09:02:38; 423; 3; 30.44; 1000.799453125; 35.01171875
2026-09-08; 09:03:38; 435; 5; 30.53; 1000.7446875; 34.984375
2026-09-08; 09:04:38; 452; 7; 30.63; 1000.790625; 34.9462890625
2026-09-08; 09:05:38; 459; 8; 30.62; 1000.8233203125; 35.09375
2026-09-08; 09:06:38; 464; 9; 30.67; 1000.761640625; 35.224609375
2026-09-08; 09:07:38; 493; 14; 30.68; 1000.6648828125; 35.1796875
2026-09-08; 09:08:38; 493; 14; 30.57; 1000.7721484375; 35.3759765625
2026-09-08; 09:09:38; 508; 16; 30.55; 1000.7484375; 35.626953125
2026-09-08; 09:10:38; 477; 11; 30.58; 1000.654765625; 35.263671875
2026-09-08; 09:11:38; 462; 9; 30.59; 1000.6909375; 35.2412109375
2026-09-08; 09:12:38; 441; 6; 30.6; 1000.7067578125; 35.2646484375
2026-09-08; 09:13:38; 448; 7; 30.64; 1000.62921875; 35.1181640625
2026-09-08; 09:14:38; 441; 6; 30.74; 1000.703359375; 35.0
2026-09-08; 09:15:38; 438; 5; 30.63; 1000.621328125; 35.3017578125
2026-09-08; 09:16:38; 435; 5; 30.63; 1000.6133984375; 35.32421875
2026-09-08; 09:17:38; 462; 9; 30.64; 1000.60890625; 35.5888671875
2026-09-08; 09:18:38; 501; 15; 30.71; 1000.6073828125; 35.3994140625
2026-09-08; 09:19:38; 493; 14; 30.71; 1000.579140625; 35.3310546875
2026-09-08; 09:20:38; 503; 15; 30.82; 1000.52; 35.1904296875
2026-09-08; 09:21:38; 555; 23; 30.93; 1000.5451953125; 35.072265625
2026-09-08; 09:22:38; 580; 27; 30.9; 1000.5824609375; 35.310546875
2026-09-08; 09:23:38; 614; 32; 30.88; 1000.6634375; 35.3779296875
2026-09-08; 09:24:38; 657; 39; 30.93; 1000.6378125; 35.2333984375
2026-09-08; 09:25:38; 682; 42; 30.97; 1000.5240234375; 35.2470703125
2026-09-08; 09:26:38; 665; 40; 30.96; 1000.5161328125; 35.1552734375
2026-09-08; 09:27:38; 646; 37; 30.97; 1000.5884375; 35.328125
2026-09-08; 09:28:38; 668; 40; 31.02; 1000.6030859375; 35.4111328125
2026-09-08; 09:29:38; 706; 46; 31.1; 1000.524609375; 35.2001953125
2026-09-08; 09:30:38; 742; 52; 31.12; 1000.4997265625; 35.7177734375
2026-09-08; 09:31:38; 815; 63; 31.23; 1000.4768359375; 35.51953125
2026-09-08; 09:32:38; 870; 71; 31.29; 1000.466875; 35.3984375
2026-09-08; 09:33:38; 870; 71; 31.36; 1000.5334375; 35.4609375
2026-09-08; 09:34:38; 834; 66; 31.3; 1000.4826953125; 35.376953125
2026-09-08; 09:35:38; 815; 63; 31.36; 1000.4487109375; 35.7255859375
2026-09-08; 09:36:38; 834; 66; 31.36; 1000.48484375; 35.2548828125
2026-09-08; 09:37:39; 815; 63; 31.33; 1000.514296875; 35.6533203125
2026-09-08; 09:38:39; 834; 66; 31.4; 1000.4839453125; 35.61328125
2026-09-08; 09:39:39; 874; 72; 31.39; 1000.4478125; 35.6357421875
2026-09-08; 09:40:39; 891; 74; 31.43; 1000.454765625; 35.36328125
2026-09-08; 09:41:39; 909; 77; 31.52; 1000.448125; 35.2216796875
2026-09-08; 09:42:39; 863; 70; 31.49; 1000.4930859375; 34.9892578125
2026-09-08; 09:43:39; 783; 58; 31.55; 1000.5237890625; 34.810546875
2026-09-08; 09:44:39; 714; 47; 31.55; 1000.5033984375; 34.75390625
2026-09-08; 09:45:39; 634; 35; 31.56; 1000.483046875; 34.478515625
2026-09-08; 09:46:39; 530; 19; 31.56; 1000.483046875; 34.3515625
2026-09-08; 09:47:39; 475; 11; 31.57; 1000.5070703125; 34.146484375
2026-09-08; 09:48:39; 400; 0; 31.39; 1000.411640625; 33.9365234375
2026-09-08; 09:49:39; 400; 0; 31.25; 1000.4880859375; 33.9853515625
2026-09-08; 09:50:39; 400; 0; 31.1; 1000.41953125; 34.38671875
2026-09-08; 09:51:39; 400; 0; 31.12; 1000.451171875; 34.697265625
2026-09-08; 09:52:39; 400; 0; 31.1; 1000.4477734375; 34.70703125
2026-09-08; 09:53:39; 400; 0; 31.2; 1000.3440625; 34.4501953125
2026-09-08; 09:54:39; 400; 0; 31.42; 1000.4025390625; 34.5361328125
2026-09-08; 09:55:39; 410; 1; 31.48; 1000.4207421875; 34.2431640625
2026-09-08; 09:56:39; 432; 4; 31.53; 1000.330546875; 34.28125
2026-09-08; 09:57:39; 435; 5; 31.64; 1000.31921875; 34.2666015625
2026-09-08; 09:58:39; 400; 0; 31.78; 1000.3515625; 34.564453125
2026-09-08; 09:59:39; 427; 4; 31.82; 1000.3582421875; 34.3720703125
2026-09-08; 10:00:39; 424; 3; 31.92; 1000.359609375; 34.3681640625
2026-09-08; 10:01:39; 400; 0; 31.84; 1000.2769921875; 34.6611328125
2026-09-08; 10:02:39; 413; 1; 31.94; 1000.3142578125; 34.8974609375
2026-09-08; 10:03:39; 462; 9; 32.0; 1000.3165625; 34.6611328125
2026-09-08; 10:04:39; 530; 19; 32.03; 1000.258671875; 34.708984375
2026-09-08; 10:05:39; 580; 27; 31.96; 1000.3096484375; 34.9912109375
2026-09-08; 10:06:39; 566; 25; 32.02; 1000.242890625; 34.7548828125
2026-09-08; 10:07:39; 586; 28; 32.15; 1000.2349609375; 34.85546875
2026-09-08; 10:08:39; 620; 33; 32.21; 1000.2247265625; 34.837890625
2026-09-08; 10:09:39; 646; 37; 32.28; 1000.299296875; 34.7275390625
2026-09-08; 10:10:39; 566; 25; 32.27; 1000.2914453125; 34.578125
2026-09-08; 10:11:39; 580; 27; 32.31; 1000.233515625; 34.6845703125
2026-09-08; 10:12:39; 586; 28; 32.33; 1000.2656640625; 34.4560546875
2026-09-08; 10:13:39; 605; 31; 32.32; 1000.2291796875; 34.662109375
2026-09-08; 10:14:39; 688; 43; 32.36; 1000.2076953125; 35.13671875
2026-09-08; 10:15:39; 780; 57; 32.37; 1000.2155859375; 34.7001953125
2026-09-08; 10:16:39; 848; 68; 32.36; 1000.1998046875; 34.837890625
2026-09-08; 10:17:39; 897; 75; 32.39; 1000.2188671875; 35.138671875
2026-09-08; 10:18:39; 951; 83; 32.36; 1000.1432421875; 34.953125
2026-09-08; 10:19:39; 940; 82; 32.37; 1000.1951953125; 35.4482421875
2026-09-08; 10:20:40; 795; 60; 32.52; 1000.198203125; 34.5634765625
2026-09-08; 10:21:40; 768; 56; 32.51; 1000.1462109375; 34.802734375
2026-09-08; 10:22:40; 780; 57; 32.62; 1000.1584375; 34.8232421875
2026-09-08; 10:23:40; 882; 73; 32.65; 1000.084609375; 34.859375
2026-09-08; 10:24:40; 863; 70; 32.72; 1000.1104296875; 34.462890625
2026-09-08; 10:25:40; 817; 63; 32.7; 1000.0426953125; 34.4150390625
2026-09-08; 10:26:40; 688; 43; 32.72; 1000.07421875; 34.220703125
2026-09-08; 10:27:40; 605; 31; 32.73; 1000.04125; 34.578125
2026-09-08; 10:28:40; 620; 33; 32.76; 1000.08890625; 34.4775390625
2026-09-08; 10:29:40; 546; 22; 32.8; 1000.03078125; 34.5146484375
2026-09-08; 10:30:40; 495; 14; 32.88; 999.98796875; 34.3359375
2026-09-08; 10:31:40; 480; 12; 32.87; 1000.0568359375; 34.8310546875
2026-09-08; 10:32:40; 495; 14; 32.87; 1000.0084375; 34.4970703125
2026-09-08; 10:33:40; 497; 14; 32.85; 1000.025; 34.8642578125
2026-09-08; 10:34:40; 534; 20; 32.92; 1000.0305859375; 34.7314453125
2026-09-08; 10:35:40; 566; 25; 32.91; 999.9786328125; 34.9599609375
2026-09-08; 10:36:40; 637; 36; 32.99; 999.906796875; 35.1279296875
2026-09-08; 10:37:40; 737; 51; 33.1; 999.9312890625; 35.0556640625
2026-09-08; 10:38:40; 821; 64; 33.07; 999.855390625; 34.1552734375
2026-09-08; 10:39:40; 855; 69; 33.0; 999.9225390625; 34.126953125
2026-09-08; 10:40:40; 810; 62; 32.95; 999.8358984375; 34.0771484375
2026-09-08; 10:41:40; 810; 62; 32.82; 999.843984375; 34.6201171875
2026-09-08; 10:42:40; 804; 61; 32.69; 999.9215625; 34.83984375
2026-09-08; 10:43:40; 626; 34; 32.8; 999.88921875; 34.1923828125
2026-09-08; 10:44:40; 552; 23; 32.86; 999.8994921875; 34.23046875
2026-09-08; 10:45:40; 483; 12; 32.97; 999.8186328125; 34.1943359375
2026-09-08; 10:46:40; 427; 4; 33.0; 999.8376171875; 34.115234375
2026-09-08; 10:47:40; 403; 0; 33.06; 999.7625; 34.396484375
2026-09-08; 10:48:40; 403; 0; 33.12; 999.8290625; 34.3544921875
2026-09-08; 10:49:40; 400; 0; 33.12; 999.7157421875; 34.193359375
2026-09-08; 10:50:40; 421; 3; 33.14; 999.7960546875; 35.0693359375
2026-09-08; 10:51:40; 446; 7; 33.25; 999.7637890625; 34.5478515625
2026-09-08; 10:52:40; 402; 0; 33.28; 999.7544140625; 34.5390625
2026-09-08; 10:53:40; 402; 0; 33.2; 999.692578125; 34.7978515625
2026-09-08; 10:54:40; 401; 0; 33.24; 999.6992578125; 34.513671875
2026-09-08; 10:55:40; 410; 1; 33.35; 999.7028515625; 34.521484375
2026-09-08; 10:56:40; 454; 8; 33.32; 999.655546875; 34.6572265625
2026-09-08; 10:57:40; 506; 16; 33.32; 999.6476953125; 35.17578125
2026-09-08; 10:58:40; 548; 22; 33.34; 999.545390625; 34.9013671875
2026-09-08; 10:59:40; 530; 19; 33.36; 999.59765625; 34.8212890625
2026-09-08; 11:00:40; 463; 9; 33.36; 999.6622265625; 34.5458984375
2026-09-08; 11:01:40; 435; 5; 33.43; 999.688046875; 34.62109375
2026-09-08; 11:02:40; 444; 6; 33.51; 999.571875; 34.9365234375
2026-09-08; 11:03:40; 498; 14; 33.54; 999.6474609375; 34.7197265625
2026-09-08; 11:04:41; 530; 19; 33.54; 999.541953125; 34.7900390625
2026-09-08; 11:05:41; 530; 19; 33.51; 999.5797265625; 34.9140625
2026-09-08; 11:06:41; 560; 24; 33.45; 999.541640625; 34.9208984375
2026-09-08; 11:07:41; 552; 23; 33.5; 999.6128125; 34.958984375
2026-09-08; 11:08:41; 502; 15; 33.44; 999.525859375; 35.150390625
2026-09-08; 11:09:41; 470; 10; 33.58; 999.463515625; 34.9423828125
2026-09-08; 11:10:41; 457; 8; 33.56; 999.4603515625; 35.009765625
2026-09-08; 11:11:41; 400; 0; 33.64; 999.4369921875; 34.439453125
2026-09-08; 11:12:41; 403; 0; 33.65; 999.36765625; 34.3134765625
2026-09-08; 11:13:41; 400; 0; 33.67; 999.3708203125; 34.3037109375
2026-09-08; 11:14:41; 400; 0; 33.69; 999.2888671875; 34.109375
2026-09-08; 11:15:41; 400; 0; 33.67; 999.321953125; 34.349609375
2026-09-08; 11:16:41; 400; 0; 33.68; 999.3660546875; 34.2470703125
2026-09-08; 11:17:41; 401; 0; 33.65; 999.36765625; 34.578125
2026-09-08; 11:18:41; 400; 0; 33.58; 999.406796875; 34.2158203125
2026-09-08; 11:19:41; 407; 1; 33.65; 999.2621484375; 34.244140625
2026-09-08; 11:20:41; 400; 0; 33.75; 999.221328125; 33.65234375
2026-09-08; 11:21:41; 424; 3; 33.69; 999.2400390625; 33.521484375
2026-09-08; 11:22:41; 400; 0; 33.77; 999.2169140625; 33.572265625
2026-09-08; 11:23:41; 400; 0; 33.81; 999.2436328125; 33.541015625
2026-09-08; 11:24:41; 413; 1; 33.86; 999.2091796875; 33.9599609375
2026-09-08; 11:25:41; 423; 3; 33.89; 999.2075390625; 33.8583984375
2026-09-08; 11:26:41; 438; 5; 33.8; 999.08609375; 33.7939453125
2026-09-08; 11:27:41; 403; 0; 33.66; 999.184921875; 33.9794921875
2026-09-08; 11:28:41; 400; 0; 33.75; 999.1362890625; 33.6298828125
2026-09-08; 11:29:41; 403; 0; 33.82; 999.1254296875; 33.4501953125
2026-09-08; 11:30:41; 432; 4; 33.73; 999.1252734375; 33.6962890625
2026-09-08; 11:31:41; 461; 9; 33.87; 999.111484375; 33.453125
2026-09-08; 11:32:41; 481; 12; 33.94; 999.023671875; 33.376953125
2026-09-08; 11:33:42; 478; 11; 34.05; 998.9419921875; 33.177734375
2026-09-08; 11:34:42; 461; 9; 34.12; 998.9878125; 33.0556640625
2026-09-08; 11:35:42; 459; 8; 34.15; 999.0428515625; 32.98828125
2026-09-08; 11:36:42; 451; 7; 34.22; 999.068125; 32.87890625
2026-09-08; 11:37:42; 461; 9; 34.32; 998.9832421875; 32.74609375
2026-09-08; 11:38:42; 478; 11; 34.45; 999.0463671875; 32.5478515625
2026-09-08; 11:39:42; 518; 17; 34.65; 998.9563671875; 32.21484375
2026-09-08; 11:40:42; 566; 25; 34.83; 998.9277734375; 31.916015625
2026-09-08; 11:41:42; 634; 35; 35.03; 999.0365234375; 31.58203125
2026-09-08; 11:42:42; 746; 52; 35.04; 998.9180078125; 31.69921875
2026-09-08; 11:43:42; 863; 70; 35.15; 998.905234375; 31.5791015625
2026-09-08; 11:44:43; 793; 59; 35.24; 998.990078125; 31.2490234375
2026-09-08; 11:45:43; 733; 50; 35.26; 998.93625; 30.99609375
2026-09-08; 11:46:43; 643; 37; 35.23; 998.8891015625; 30.83203125
2026-09-08; 11:47:43; 434; 5; 34.86; 998.825; 31.1650390625
2026-09-08; 11:48:43; 402; 0; 34.63; 998.8759765625; 31.3818359375
2026-09-08; 11:49:43; 400; 0; 34.43; 998.767265625; 31.7138671875
2026-09-08; 11:50:43; 400; 0; 34.52; 998.816015625; 31.384765625
2026-09-08; 11:51:43; 400; 0; 34.41; 998.76421875; 31.447265625
2026-09-08; 11:52:43; 401; 0; 34.45; 998.770625; 31.23046875
2026-09-08; 11:53:43; 400; 0; 34.41; 998.756015625; 31.2392578125
2026-09-08; 11:54:43; 400; 0; 34.31; 998.6344921875; 31.3134765625
2026-09-08; 11:55:43; 402; 0; 34.27; 998.69296875; 31.51953125
2026-09-08; 11:56:43; 400; 0; 34.1; 998.68015625; 31.4033203125
2026-09-08; 11:57:43; 401; 0; 34.1; 998.6233984375; 31.47265625
2026-09-08; 11:58:43; 400; 0; 34.01; 998.5178125; 31.466796875
2026-09-08; 11:59:43; 400; 0; 34.14; 998.6503515625; 31.32421875
2026-09-08; 12:00:43; 403; 0; 34.11; 998.554296875; 31.76171875
2026-09-08; 12:01:43; 400; 0; 34.05; 998.5369140625; 31.6416015625
2026-09-08; 12:02:43; 402; 0; 33.98; 998.57625; 31.625
2026-09-08; 12:03:43; 400; 0; 34.07; 998.5478515625; 31.5966796875
2026-09-08; 12:04:43; 403; 0; 34.03; 998.54140625; 31.5361328125
2026-09-08; 12:05:43; 400; 0; 33.94; 998.4925390625; 31.4609375
2026-09-08; 12:06:43; 400; 0; 34.01; 998.4532421875; 31.5810546875
2026-09-08; 12:07:43; 400; 0; 34.01; 998.42484375; 31.7197265625
2026-09-08; 12:08:43; 400; 0; 34.08; 998.42171875; 31.0546875
2026-09-08; 12:09:43; 400; 0; 34.1; 998.473671875; 30.9052734375
2026-09-08; 12:10:43; 400; 0; 34.14; 998.395; 30.955078125
2026-09-08; 12:11:43; 400; 0; 34.12; 998.3635546875; 30.9072265625
2026-09-08; 12:12:43; 400; 0; 34.16; 998.341328125; 31.2099609375
2026-09-08; 12:13:43; 400; 0; 34.1; 998.275078125; 31.11328125
2026-09-08; 12:14:43; 400; 0; 34.1; 998.1978125; 31.2177734375
2026-09-08; 12:15:43; 400; 0; 34.11; 998.1570703125; 31.091796875
2026-09-08; 12:16:43; 400; 0; 34.02; 998.156875; 31.189453125
2026-09-08; 12:17:43; 400; 0; 33.9; 998.202734375; 31.2744140625
2026-09-08; 12:18:43; 400; 0; 34.01; 998.1490234375; 31.1201171875
2026-09-08; 12:19:43; 400; 0; 34.03; 998.1363671875; 31.189453125
2026-09-08; 12:20:43; 400; 0; 33.95; 998.1111328125; 31.2421875
2026-09-08; 12:21:43; 400; 0; 33.77; 998.102734375; 31.576171875
2026-09-08; 12:22:43; 400; 0; 33.85; 998.1235546875; 31.466796875
2026-09-08; 12:23:43; 400; 0; 33.89; 998.1501953125; 31.3994140625
2026-09-08; 12:24:43; 400; 0; 33.94; 998.095390625; 31.115234375
2026-09-08; 12:25:43; 400; 0; 33.53; 998.0520703125; 31.998046875
2026-09-08; 12:26:43; 400; 0; 33.77; 998.0541796875; 31.3798828125
2026-09-08; 12:27:44; 400; 0; 33.63; 997.954765625; 31.1513671875
2026-09-08; 12:28:44; 400; 0; 33.65; 997.9783203125; 31.39453125
2026-09-08; 12:29:44; 400; 0; 33.61; 997.9796875; 31.2880859375
2026-09-08; 12:30:44; 400; 0; 33.73; 997.942109375; 31.0205078125
2026-09-08; 12:31:44; 400; 0; 33.78; 997.920234375; 30.814453125
2026-09-08; 12:32:44; 400; 0; 33.77; 997.90421875; 30.802734375
2026-09-08; 12:33:44; 400; 0; 33.82; 997.7924609375; 30.66796875
2026-09-08; 12:34:44; 400; 0; 33.92; 997.914296875; 30.673828125
2026-09-08; 12:35:44; 400; 0; 33.99; 997.862265625; 30.517578125
2026-09-08; 12:36:44; 400; 0; 33.94; 997.8968359375; 30.6064453125
2026-09-08; 12:37:44; 400; 0; 33.96; 997.8353515625; 30.6650390625
2026-09-08; 12:38:44; 400; 0; 33.86; 997.791015625; 30.7626953125
2026-09-08; 12:39:44; 400; 0; 33.92; 997.82921875; 30.7783203125
2026-09-08; 12:40:44; 400; 0; 33.86; 997.76265625; 30.935546875
2026-09-08; 12:41:44; 400; 0; 33.9; 997.8340234375; 30.892578125
2026-09-08; 12:42:44; 400; 0; 33.96; 997.8148046875; 30.8046875
2026-09-08; 12:43:44; 400; 0; 33.97; 997.6808203125; 30.8046875
2026-09-08; 12:44:44; 400; 0; 33.99; 997.7771484375; 31.19921875
2026-09-08; 12:45:44; 400; 0; 34.0; 997.6715234375; 30.95703125
2026-09-08; 12:46:44; 400; 0; 34.01; 997.6588671875; 30.703125
2026-09-08; 12:47:44; 400; 0; 34.02; 997.6462109375; 30.611328125
2026-09-08; 12:48:44; 400; 0; 33.92; 997.7157421875; 30.6513671875
2026-09-08; 12:49:44; 400; 0; 33.86; 997.64921875; 30.8896484375
2026-09-08; 12:50:44; 400; 0; 33.94; 997.633671875; 30.814453125
2026-09-08; 12:51:44; 400; 0; 34.0; 997.651015625; 30.7724609375
2026-09-08; 12:52:44; 400; 0; 33.83; 997.5812890625; 30.8759765625
2026-09-08; 12:53:44; 400; 0; 33.73; 997.630234375; 30.927734375
2026-09-08; 12:54:44; 400; 0; 33.83; 997.5245703125; 30.69140625
2026-09-08; 12:55:44; 400; 0; 33.78; 997.6161328125; 30.7001953125
2026-09-08; 12:56:44; 400; 0; 33.86; 997.5925; 30.705078125
2026-09-08; 12:57:44; 400; 0; 33.75; 997.63328125; 30.8017578125
2026-09-08; 12:58:44; 400; 0; 33.76; 997.6127734375; 30.791015625
2026-09-08; 12:59:44; 400; 0; 33.72; 997.663359375; 31.0419921875
2026-09-08; 13:00:44; 400; 0; 33.6; 997.5103515625; 31.3681640625
2026-09-08; 13:01:44; 400; 0; 33.81; 997.493125; 31.17578125
2026-09-08; 13:02:44; 400; 0; 33.92; 997.488828125; 31.0087890625
2026-09-08; 13:03:44; 400; 0; 34.02; 997.504375; 30.8427734375
2026-09-08; 13:04:44; 400; 0; 34.05; 997.551796875; 30.751953125
2026-09-08; 13:05:44; 400; 0; 34.09; 997.4648828125; 30.662109375
2026-09-08; 13:06:44; 400; 0; 33.99; 997.485625; 30.8173828125
2026-09-08; 13:07:44; 400; 0; 34.01; 997.3751953125; 30.7958984375
2026-09-08; 13:08:44; 400; 0; 33.98; 997.4131640625; 30.828125
2026-09-08; 13:09:44; 400; 0; 34.07; 997.441328125; 30.71875
2026-09-08; 13:10:45; 400; 0; 34.01; 997.3751953125; 30.76171875
2026-09-08; 13:11:45; 400; 0; 34.05; 997.3453515625; 30.7294921875
2026-09-08; 13:12:45; 400; 0; 34.04; 997.272578125; 30.740234375
2026-09-08; 13:13:45; 400; 0; 34.16; 997.348125; 30.64453125
2026-09-08; 13:14:45; 400; 0; 34.15; 997.36078125; 30.6669921875
2026-09-08; 13:15:45; 400; 0; 34.12; 997.4350390625; 30.7109375
2026-09-08; 13:16:45; 400; 0; 34.06; 997.2759375; 30.787109375
2026-09-08; 13:17:45; 400; 0; 34.0; 997.22546875; 30.853515625
2026-09-08; 13:18:45; 400; 0; 33.97; 997.291875; 30.8740234375
2026-09-08; 13:19:45; 400; 0; 34.01; 997.297890625; 30.7734375
2026-09-08; 13:20:45; 400; 0; 34.04; 997.215859375; 30.7744140625
2026-09-08; 13:21:45; 400; 0; 34.05; 997.1751171875; 30.740234375
2026-09-08; 13:22:45; 400; 0; 34.0; 997.2459765625; 30.806640625
2026-09-08; 13:23:45; 400; 0; 34.08; 997.2222265625; 30.6845703125
2026-09-08; 13:24:45; 400; 0; 34.06; 997.1135546875; 30.6845703125
2026-09-08; 13:25:45; 400; 0; 34.08; 997.1087109375; 30.6728515625
2026-09-08; 13:26:45; 400; 0; 34.06; 997.0568359375; 30.6728515625
2026-09-08; 13:27:45; 400; 0; 34.12; 997.08671875; 30.5947265625
2026-09-08; 13:28:45; 400; 0; 34.07; 997.044140625; 30.6376953125
2026-09-08; 13:29:45; 400; 0; 34.06; 997.0568359375; 30.6611328125
2026-09-08; 13:30:45; 400; 0; 34.1; 997.026640625; 30.6162109375
2026-09-08; 13:31:45; 400; 0; 34.1; 996.9982421875; 30.6162109375
2026-09-08; 13:32:45; 400; 0; 34.09; 996.9620703125; 30.60546875
2026-09-08; 13:33:45; 400; 0; 34.1; 996.977734375; 30.5830078125
2026-09-08; 13:34:45; 400; 0; 34.06; 996.9638671875; 30.6376953125
2026-09-08; 13:35:45; 400; 0; 34.01; 996.9291015625; 30.7041015625
2026-09-08; 13:36:45; 400; 0; 33.98; 996.9592578125; 30.7705078125
2026-09-08; 13:37:45; 400; 0; 33.98; 996.910390625; 30.7705078125
2026-09-08; 13:38:45; 400; 0; 34.02; 996.9369921875; 30.6923828125
2026-09-08; 13:39:45; 400; 0; 34.01; 996.86453125; 30.703125
2026-09-08; 13:40:45; 400; 0; 33.92; 996.8364453125; 30.82421875
2026-09-08; 13:41:45; 400; 0; 33.96; 996.821953125; 30.76953125
2026-09-08; 13:42:45; 459; 8; 33.95; 996.7495703125; 30.7578125
2026-09-08; 13:43:45; 537; 20; 33.97; 996.8095703125; 30.7470703125
2026-09-08; 13:44:45; 704; 46; 33.98; 996.8253125; 30.724609375
2026-09-08; 13:45:45; 813; 62; 34.04; 996.7984375; 30.6484375
2026-09-08; 13:46:45; 945; 83; 33.99; 996.7480078125; 30.6904296875
2026-09-08; 13:47:45; 1156; 115; 34.03; 996.7257421875; 30.646484375
2026-09-08; 13:48:45; 1307; 138; 33.88; 996.724140625; 30.8330078125
2026-09-08; 13:49:45; 1531; 193; 33.9; 996.6710546875; 30.8125
2026-09-08; 13:50:45; 1599; 245; 33.95; 996.7133203125; 30.74609375
2026-09-08; 13:51:45; 1644; 285; 33.98; 996.5905078125; 30.701171875
2026-09-08; 13:52:45; 1705; 345; 33.98; 996.62671875; 30.701171875
2026-09-08; 13:53:46; 1756; 399; 33.98; 996.5337890625; 30.712890625
2026-09-08; 13:54:46; 1822; 477; 33.95; 996.514765625; 30.74609375
2026-09-08; 13:55:46; 1897; 581; 33.93; 996.5117578125; 30.7783203125
2026-09-08; 13:56:46; 1959; 676; 33.93; 996.6046875; 30.767578125
2026-09-08; 13:57:46; 2015; 773; 33.93; 996.5401171875; 30.7900390625
2026-09-08; 13:58:46; 2064; 849; 33.91; 996.537109375; 30.80078125
2026-09-08; 13:59:46; 2140; 1009; 33.88; 996.5461328125; 30.8564453125
2026-09-08; 14:00:46; 2270; 1290; 33.9; 996.52078125; 30.8115234375
2026-09-08; 14:01:46; 2428; 1633; 33.89; 996.5334765625; 30.822265625
2026-09-08; 14:02:46; 2493; 1768; 33.93; 996.4550390625; 30.767578125
2026-09-08; 14:03:46; 2616; 2034; 33.82; 996.4516796875; 30.91015625
2026-09-08; 14:04:46; 2697; 2203; 33.86; 996.4375; 30.8779296875
2026-09-08; 14:05:46; 2786; 2404; 33.9; 996.492421875; 30.8232421875
2026-09-08; 14:06:46; 2856; 2548; 33.89; 996.4845703125; 30.810546875
2026-09-08; 14:07:46; 2920; 2679; 33.88; 996.4405078125; 30.810546875
2026-09-08; 14:08:46; 2994; 2835; 33.87; 996.4815625; 30.8095703125
2026-09-08; 14:09:46; 3129; 3129; 33.92; 996.35421875; 30.7548828125
2026-09-08; 14:10:46; 3186; 3245; 33.99; 996.35875; 30.6220703125
2026-09-08; 14:11:46; 3332; 3562; 33.97; 996.242265625; 30.6435546875
2026-09-08; 14:12:46; 3609; 4144; 33.81; 996.2453125; 31.1865234375
2026-09-08; 14:13:46; 3763; 4481; 33.68; 996.24703125; 31.31640625
2026-09-08; 14:14:46; 3763; 4481; 33.58; 996.2315625; 31.3671875
2026-09-08; 14:15:46; 3753; 4458; 33.67; 996.2880859375; 31.2001953125
2026-09-08; 14:16:46; 3763; 4481; 33.63; 996.2536328125; 31.3359375
2026-09-08; 14:17:46; 3801; 4559; 33.73; 996.1840234375; 31.1474609375
2026-09-08; 14:18:46; 3753; 4458; 33.76; 996.1665625; 31.0556640625
2026-09-08; 14:19:46; 3778; 4505; 33.8; 996.116171875; 30.990234375
2026-09-08; 14:20:46; 3739; 4436; 33.8; 996.172890625; 30.966796875
2026-09-08; 14:21:46; 3739; 4436; 33.8; 996.1083203125; 31.0009765625
2026-09-08; 14:22:46; 3763; 4481; 33.88; 996.1490625; 30.90234375
2026-09-08; 14:23:46; 3830; 4630; 33.81; 996.07515625; 30.9560546875
2026-09-08; 14:24:46; 3882; 4758; 33.81; 995.990078125; 30.9677734375
2026-09-08; 14:25:46; 3939; 4879; 33.84; 996.00125; 30.9111328125
2026-09-08; 14:26:46; 4035; 5089; 33.78; 995.9713671875; 30.9541015625
2026-09-08; 14:27:46; 4120; 5241; 33.78; 995.9713671875; 30.98828125
2026-09-08; 14:28:46; 4192; 5392; 33.75; 995.98859375; 30.986328125
2026-09-08; 14:29:46; 4260; 5539; 33.81; 995.9255078125; 30.955078125
2026-09-08; 14:30:46; 4337; 5708; 33.78; 995.9068359375; 30.953125
2026-09-08; 14:31:46; 4459; 5958; 33.88; 995.8654296875; 30.763671875
2026-09-08; 14:32:46; 4550; 6162; 33.79; 995.86578125; 30.908203125
2026-09-08; 14:33:46; 4664; 6411; 33.84; 995.83890625; 30.8193359375
2026-09-08; 14:34:46; 4760; 6620; 33.89; 995.8527734375; 30.7412109375
2026-09-08; 14:35:46; 4820; 6740; 33.89; 995.7755078125; 30.73046875
2026-09-08; 14:36:47; 4943; 6991; 33.88; 995.703125; 30.7177734375
2026-09-08; 14:37:47; 4986; 7099; 33.78; 995.7161328125; 30.8271484375
2026-09-08; 14:38:47; 5099; 7337; 33.85; 995.7411328125; 30.7509765625
2026-09-08; 14:39:47; 5195; 7545; 33.78; 995.659453125; 30.861328125
2026-09-08; 14:40:47; 5265; 7695; 33.81; 995.6986328125; 30.7939453125
2026-09-08; 14:41:47; 5351; 7872; 33.81; 995.706484375; 30.7939453125
2026-09-08; 14:42:47; 5418; 8044; 33.84; 995.640390625; 30.73828125
2026-09-08; 14:43:47; 5534; 8270; 33.82; 995.6576171875; 30.759765625
2026-09-08; 14:44:47; 5613; 8455; 33.84; 995.66875; 30.7265625
2026-09-08; 14:45:47; 5760; 8767; 33.81; 995.62140625; 30.724609375
2026-09-08; 14:46:47; 5825; 8886; 33.84; 995.6119921875; 30.6923828125
2026-09-08; 14:47:47; 5825; 8886; 33.85; 995.534765625; 30.6923828125
2026-09-08; 14:48:47; 5854; 8946; 33.8; 995.56953125; 30.7587890625
2026-09-08; 14:49:47; 5978; 9197; 33.81; 995.5646875; 30.724609375
2026-09-08; 14:50:47; 6042; 9333; 33.82; 995.487421875; 30.736328125
2026-09-08; 14:51:47; 6074; 9408; 33.8; 995.4561328125; 30.7353515625
2026-09-08; 14:52:47; 6138; 9547; 33.82; 995.5236328125; 30.7138671875
2026-09-08; 14:53:47; 6205; 9693; 33.75; 995.5065234375; 30.8017578125
2026-09-08; 14:54:47; 6283; 9874; 33.72; 995.459453125; 30.833984375
2026-09-08; 14:55:47; 6283; 9874; 33.8; 995.2859375; 30.7119140625
2026-09-08; 14:56:47; 6385; 10082; 33.69; 995.4121484375; 30.8896484375
2026-09-08; 14:57:47; 6453; 10244; 33.69; 995.35546875; 30.85546875
2026-09-08; 14:58:47; 6573; 10501; 33.77; 995.46546875; 30.7568359375
2026-09-08; 14:59:47; 6652; 10663; 33.71; 995.3587109375; 30.8115234375
2026-09-08; 15:00:47; 6730; 10809; 33.7; 995.3635546875; 30.8203125
2026-09-08; 15:01:47; 6808; 11005; 33.77; 995.3520703125; 30.7568359375
2026-09-08; 15:02:47; 6808; 11005; 33.82; 995.4591015625; 30.6328125
2026-09-08; 15:03:47; 6854; 11090; 33.81; 995.3945703125; 30.64453125
2026-09-08; 15:04:47; 6775; 10935; 33.75; 995.4498046875; 30.732421875
2026-09-08; 15:05:47; 6808; 11005; 33.7; 995.306875; 30.8095703125
2026-09-08; 15:06:47; 6929; 11245; 33.65; 995.426640625; 30.875
2026-09-08; 15:07:47; 7056; 11527; 33.69; 995.2987109375; 30.7978515625
2026-09-08; 15:08:47; 7104; 11602; 33.74; 995.4341015625; 30.7080078125
2026-09-08; 15:09:47; 7152; 11733; 33.77; 995.40875; 30.65234375
2026-09-08; 15:10:47; 7192; 11806; 33.73; 995.390078125; 30.697265625
2026-09-08; 15:11:47; 7192; 11806; 33.71; 995.2658203125; 30.7294921875
2026-09-08; 15:12:47; 7152; 11733; 33.68; 995.31140625; 30.7744140625
2026-09-08; 15:13:47; 7192; 11806; 33.66; 995.300546875; 30.806640625
2026-09-08; 15:14:47; 7248; 11927; 33.65; 995.3132421875; 30.771484375
2026-09-08; 15:15:47; 7283; 12002; 33.68; 995.218515625; 30.76171875
2026-09-08; 15:16:47; 7339; 12100; 33.68; 995.2546875; 30.7392578125
2026-09-08; 15:17:47; 7389; 12236; 33.69; 995.3192578125; 30.740234375
2026-09-08; 15:18:47; 7431; 12314; 33.64; 995.26921875; 30.8173828125
2026-09-08; 15:19:48; 7481; 12437; 33.61; 995.2297265625; 30.826171875
2026-09-08; 15:20:48; 7639; 12748; 33.65; 995.171484375; 30.8056640625
2026-09-08; 15:21:48; 7743; 12998; 33.69; 995.2341796875; 30.740234375
2026-09-08; 15:22:48; 7845; 13223; 33.65; 995.1509765625; 30.748046875
2026-09-08; 15:23:48; 7845; 13223; 33.73; 995.1632421875; 30.6162109375
2026-09-08; 15:24:48; 7743; 12998; 33.64; 995.1919921875; 30.7255859375
2026-09-08; 15:25:48; 7845; 13223; 33.73; 995.1348828125; 30.6044921875
2026-09-08; 15:26:48; 7796; 13143; 33.57; 995.16703125; 30.84765625
2026-09-08; 15:27:48; 7952; 13452; 33.64; 995.106953125; 30.748046875
2026-09-08; 15:28:48; 8013; 13592; 33.61; 995.08796875; 30.7802734375
2026-09-08; 15:29:48; 8013; 13592; 33.66; 995.166640625; 30.7265625
2026-09-08; 15:30:48; 7952; 13452; 33.62; 995.0674609375; 30.74609375
2026-09-08; 15:31:48; 8074; 13741; 33.68; 995.048359375; 30.7041015625
2026-09-08; 15:32:48; 8074; 13741; 33.67; 995.097265625; 30.6806640625
2026-09-08; 15:33:48; 8137; 13876; 33.64; 995.1274609375; 30.736328125
2026-09-08; 15:34:48; 8137; 13876; 33.58; 995.0409765625; 30.8251953125
2026-09-08; 15:35:48; 8208; 13960; 33.55; 995.0708203125; 30.8798828125
2026-09-08; 15:36:48; 8208; 13960; 33.62; 995.0753125; 30.7470703125
2026-09-08; 15:37:48; 8208; 13960; 33.65; 994.973046875; 30.6904296875
2026-09-08; 15:38:48; 8320; 14199; 33.65; 994.973046875; 30.7021484375
2026-09-08; 15:39:48; 8272; 14113; 33.61; 994.9462109375; 30.734375
2026-09-08; 15:40:48; 8320; 14199; 33.62; 995.01078125; 30.7353515625
2026-09-08; 15:41:48; 8320; 14199; 33.57; 994.9890625; 30.77734375
2026-09-08; 15:42:48; 8384; 14346; 33.6; 994.8455078125; 30.7685546875
2026-09-08; 15:43:48; 8457; 14485; 33.59; 994.801484375; 30.755859375
2026-09-08; 15:44:48; 8457; 14485; 33.59; 994.8787109375; 30.755859375
2026-09-08; 15:45:48; 8522; 14643; 33.55; 994.8440625; 30.7880859375
2026-09-08; 15:46:48; 8522; 14643; 33.51; 994.8458984375; 30.8427734375
2026-09-08; 15:47:48; 8643; 14908; 33.59; 994.82984375; 30.7333984375
2026-09-08; 15:48:48; 8643; 14908; 33.56; 994.7544921875; 30.7890625
2026-09-08; 15:49:48; 8577; 14765; 33.57; 994.741796875; 30.7548828125
2026-09-08; 15:50:48; 8643; 14908; 33.53; 994.7355078125; 30.810546875
2026-09-08; 15:51:48; 8643; 14908; 33.56; 994.6977734375; 30.77734375
2026-09-08; 15:52:48; 8718; 15070; 33.58; 994.7212890625; 30.708984375
2026-09-08; 15:53:48; 8643; 14908; 33.54; 994.6944921875; 30.7763671875
2026-09-08; 15:54:48; 8718; 15070; 33.51; 994.6758203125; 30.8193359375
2026-09-08; 15:55:48; 8718; 15070; 33.54; 994.7228515625; 30.7646484375
2026-09-08; 15:56:48; 8718; 15070; 33.48; 994.60015625; 30.8759765625
2026-09-08; 15:57:48; 8777; 15187; 33.43; 994.6146875; 30.9189453125
2026-09-08; 15:58:48; 8845; 15333; 33.41; 994.5830859375; 30.9521484375
2026-09-08; 15:59:48; 8922; 15478; 33.46; 994.6616796875; 30.8974609375
2026-09-08; 16:00:48; 8997; 15645; 33.55; 994.6173046875; 30.7646484375
2026-09-08; 16:01:48; 8922; 15478; 33.52; 994.549765625; 30.763671875
2026-09-08; 16:02:49; 9057; 15793; 33.52; 994.5702734375; 30.7392578125
2026-09-08; 16:03:49; 9057; 15793; 33.52; 994.4852734375; 30.716796875
2026-09-08; 16:04:49; 9136; 15967; 33.54; 994.544921875; 30.6943359375
2026-09-08; 16:05:49; 8997; 15645; 33.51; 994.5624609375; 30.7158203125
2026-09-08; 16:06:49; 8997; 15645; 33.47; 994.450625; 30.794921875
2026-09-08; 16:07:49; 9057; 15793; 33.44; 994.4525; 30.8154296875
2026-09-08; 16:08:49; 9136; 15967; 33.44; 994.431953125; 30.8271484375
2026-09-08; 16:09:49; 9136; 15967; 33.59; 994.3684375; 30.62890625
2026-09-08; 16:10:49; 9215; 16119; 33.59; 994.404609375; 30.5947265625
2026-09-08; 16:11:49; 9297; 16329; 33.55; 994.398359375; 30.6494140625
2026-09-08; 16:12:49; 9297; 16329; 33.53; 994.338671875; 30.7177734375
2026-09-08; 16:13:49; 9438; 16599; 33.51; 994.2712109375; 30.7158203125
2026-09-08; 16:14:49; 9520; 16804; 33.49; 994.2473828125; 30.7490234375
2026-09-08; 16:15:49; 9612; 17003; 33.58; 994.267734375; 30.6513671875
2026-09-08; 16:16:49; 9612; 17003; 33.51; 994.2712109375; 30.7392578125
2026-09-08; 16:17:49; 9520; 16804; 33.46; 994.2082421875; 30.7587890625
2026-09-08; 16:18:49; 9520; 16804; 33.49; 994.2190234375; 30.7265625
2026-09-08; 16:19:49; 9612; 17003; 33.52; 994.116796875; 30.6591796875
2026-09-08; 16:20:49; 9696; 17163; 33.48; 994.0978515625; 30.7490234375
2026-09-08; 16:21:49; 9783; 17322; 33.44; 994.055703125; 30.8037109375
2026-09-08; 16:22:49; 9840; 17464; 33.45; 994.050859375; 30.7939453125
2026-09-08; 16:23:49; 9944; 17659; 33.48; 994.0978515625; 30.7373046875
2026-09-08; 16:24:49; 9944; 17659; 33.47; 994.053828125; 30.7255859375
2026-09-08; 16:25:49; 10032; 17886; 33.49; 994.0206640625; 30.71484375
2026-09-08; 16:26:49; 10118; 18074; 33.53; 994.0757421875; 30.6708984375
2026-09-08; 16:27:49; 10032; 17886; 33.51; 994.0727734375; 30.669921875
2026-09-08; 16:28:49; 10032; 17886; 33.44; 994.055703125; 30.74609375
2026-09-08; 16:29:49; 9944; 17659; 33.36; 993.9943359375; 30.8447265625
2026-09-08; 16:30:49; 9840; 17464; 33.35; 993.9500390625; 30.9013671875
2026-09-08; 16:31:49; 9944; 17659; 33.32; 993.8385546875; 30.9453125
2026-09-08; 16:32:49; 9944; 17659; 33.33; 993.8337109375; 30.876953125
2026-09-08; 16:33:49; 9944; 17659; 33.32; 993.9597265625; 30.8759765625
2026-09-08; 16:34:49; 9944; 17659; 33.32; 993.903046875; 30.9111328125
2026-09-08; 16:35:49; 10032; 17886; 33.28; 993.8684765625; 31.0234375
2026-09-08; 16:36:49; 10118; 18074; 33.29; 993.904921875; 30.9775390625
2026-09-08; 16:37:49; 10118; 18074; 33.27; 993.8811328125; 30.98828125
2026-09-08; 16:38:49; 10118; 18074; 33.28; 993.860625; 31.0
2026-09-08; 16:39:49; 10118; 18074; 33.34; 993.8415234375; 30.900390625
2026-09-08; 16:40:49; 10118; 18074; 33.31; 993.8023828125; 30.921875
2026-09-08; 16:41:49; 10118; 18074; 33.28; 993.726796875; 30.9892578125
2026-09-08; 16:42:49; 10201; 18240; 33.26; 993.68765625; 30.9990234375
2026-09-08; 16:43:49; 10292; 18410; 33.33; 993.8258984375; 30.888671875
2026-09-08; 16:44:49; 10292; 18410; 33.35; 993.7516796875; 30.8203125
2026-09-08; 16:45:50; 10292; 18410; 33.3; 993.7583984375; 30.91015625
2026-09-08; 16:46:50; 10391; 18655; 33.32; 993.696875; 30.9111328125
2026-09-08; 16:47:50; 10391; 18655; 33.26; 993.659296875; 30.9638671875
2026-09-08; 16:48:50; 10292; 18410; 33.24; 993.5791796875; 31.009765625
2026-09-08; 16:49:50; 10391; 18655; 33.21; 993.5885546875; 31.0419921875
2026-09-08; 16:50:50; 10492; 18871; 33.23; 993.5556640625; 31.03125
2026-09-08; 16:51:50; 10593; 19090; 33.27; 993.476640625; 30.9765625
2026-09-08; 16:52:50; 10492; 18871; 33.28; 993.5851171875; 30.908203125
2026-09-08; 16:53:50; 10703; 19308; 33.31; 993.5395703125; 30.88671875
2026-09-08; 16:54:50; 10703; 19308; 33.26; 993.489296875; 30.953125
2026-09-08; 16:55:50; 10703; 19308; 33.22; 993.4628515625; 31.04296875
2026-09-08; 16:56:50; 10703; 19308; 33.25; 993.473671875; 30.9638671875
2026-09-08; 16:57:50; 10795; 19509; 33.2; 993.4879296875; 31.0068359375
2026-09-08; 16:58:50; 10889; 19741; 33.26; 993.51765625; 30.9296875
2026-09-08; 16:59:50; 10889; 19741; 33.28; 993.4923046875; 30.9189453125
2026-09-08; 17:00:50; 10889; 19741; 33.28; 993.4151171875; 30.919921875
2026-09-08; 17:01:50; 11006; 19991; 33.22; 993.377890625; 31.0087890625
2026-09-08; 17:02:50; 11006; 19991; 33.18; 993.42828125; 31.0517578125
2026-09-08; 17:03:50; 11006; 19991; 33.17; 993.4487890625; 31.0283203125
2026-09-08; 17:04:50; 11118; 20241; 33.2; 993.34625; 31.029296875
2026-09-08; 17:05:50; 11118; 20241; 33.19; 993.3101171875; 31.0068359375
2026-09-08; 17:06:50; 11226; 20473; 33.21; 993.284765625; 30.9736328125
2026-09-08; 17:07:50; 11226; 20473; 33.21; 993.3130859375; 30.9619140625
2026-09-08; 17:08:50; 11226; 20473; 33.18; 993.2299609375; 31.0048828125
2026-09-08; 17:09:50; 11226; 20473; 33.26; 993.1855078125; 30.8837890625
2026-09-08; 17:10:50; 11335; 20694; 33.3; 993.240546875; 30.8173828125
2026-09-08; 17:11:50; 11335; 20694; 33.23; 993.1873828125; 30.939453125
2026-09-08; 17:12:50; 11335; 20694; 33.3; 993.09890625; 30.8173828125
2026-09-08; 17:13:50; 11445; 20953; 33.23; 993.1590625; 30.927734375
2026-09-08; 17:14:50; 11335; 20694; 33.27; 993.1366796875; 30.826171875
2026-09-08; 17:15:50; 11335; 20694; 33.26; 993.0926953125; 30.826171875
2026-09-08; 17:16:50; 11445; 20953; 33.19; 993.1323046875; 30.9599609375
2026-09-08; 17:17:50; 11445; 20953; 33.15; 993.183046875; 31.0380859375
2026-09-08; 17:18:50; 11445; 20953; 33.11; 993.04296875; 31.0703125
2026-09-08; 17:19:50; 11445; 20953; 33.11; 993.0146484375; 31.05859375
2026-09-08; 17:20:50; 11595; 21215; 33.18; 992.975; 30.947265625
2026-09-08; 17:21:50; 11708; 21456; 33.29; 992.9416015625; 30.78125
2026-09-08; 17:22:50; 11708; 21456; 33.38; 992.9126953125; 30.615234375
2026-09-08; 17:23:50; 11708; 21456; 33.38; 992.92078125; 30.5810546875
2026-09-08; 17:24:50; 11708; 21456; 33.39; 992.879765625; 30.6044921875
2026-09-08; 17:25:50; 11708; 21456; 33.35; 992.78828125; 30.6591796875
2026-09-08; 17:26:50; 11708; 21456; 33.36; 992.8247265625; 30.6484375
2026-09-08; 17:27:50; 11708; 21456; 33.43; 992.829296875; 30.50390625
2026-09-08; 17:28:51; 11708; 21456; 33.5; 992.78171875; 30.4150390625
2026-09-08; 17:29:51; 11708; 21456; 33.49; 992.8019140625; 30.4150390625
2026-09-08; 17:30:51; 11708; 21456; 33.48; 992.822421875; 30.4375
2026-09-08; 17:31:51; 11708; 21456; 33.39; 992.68140625; 30.55859375
2026-09-08; 17:32:51; 11708; 21456; 33.57; 992.693046875; 30.3271484375
2026-09-08; 17:33:51; 11833; 21687; 33.6; 992.6265625; 30.2607421875
2026-09-08; 17:34:51; 11833; 21687; 33.66; 992.607265625; 30.18359375
2026-09-08; 17:35:51; 11833; 21687; 33.66; 992.635625; 30.18359375
2026-09-08; 17:36:51; 11958; 21958; 33.7; 992.64171875; 30.1044921875
2026-09-08; 17:37:51; 11958; 21958; 33.63; 992.5884375; 30.193359375
2026-09-08; 17:38:51; 11958; 21958; 33.77; 992.6583203125; 29.994140625
2026-09-08; 17:39:51; 11958; 21958; 33.81; 992.615546875; 29.927734375
2026-09-08; 17:40:51; 11958; 21958; 33.74; 992.590859375; 30.00390625
2026-09-08; 17:41:51; 12087; 22229; 33.81; 992.4942578125; 29.892578125
2026-09-08; 17:42:51; 12087; 22229; 33.77; 992.5246484375; 29.9482421875
2026-09-08; 17:43:51; 12087; 22229; 33.74; 992.5136328125; 30.00390625
2026-09-08; 17:44:51; 12087; 22229; 33.79; 992.5842578125; 29.9375
2026-09-08; 17:45:51; 12221; 22506; 33.91; 992.5947265625; 29.7490234375
2026-09-08; 17:46:51; 12221; 22506; 33.79; 992.5558984375; 29.9150390625
2026-09-08; 17:47:51; 12221; 22506; 33.93; 992.569296875; 29.7158203125
2026-09-08; 17:48:51; 12221; 22506; 33.98; 992.449140625; 29.591796875
2026-09-08; 17:49:51; 12221; 22506; 34.0; 992.45984375; 29.55859375
2026-09-08; 17:50:51; 12221; 22506; 33.89; 992.392734375; 29.724609375
2026-09-08; 17:51:51; 12221; 22506; 33.98; 992.4569921875; 29.5927734375
2026-09-08; 17:52:51; 12221; 22506; 33.99; 992.359140625; 29.5244140625
2026-09-08; 17:53:51; 12221; 22506; 34.03; 992.3570703125; 29.5029296875
2026-09-08; 17:54:51; 12087; 22229; 33.99; 992.32296875; 29.5703125
2026-09-08; 17:55:51; 12221; 22506; 33.99; 992.302421875; 29.4892578125
2026-09-08; 17:56:51; 12221; 22506; 34.02; 992.341484375; 29.4794921875
2026-09-08; 17:57:51; 12353; 22796; 34.11; 992.3975390625; 29.380859375
2026-09-08; 17:58:51; 12353; 22796; 34.11; 992.3408203125; 29.3701171875
2026-09-08; 17:59:51; 12221; 22506; 34.1; 992.268125; 29.357421875
2026-09-08; 18:00:51; 12221; 22506; 34.0; 992.1683984375; 29.478515625
2026-09-08; 18:01:51; 12221; 22506; 34.04; 992.2798046875; 29.4462890625
2026-09-08; 18:02:51; 12221; 22506; 33.96; 992.255234375; 29.4990234375
2026-09-08; 18:03:51; 12221; 22506; 34.09; 992.2809375; 29.3916015625
2026-09-08; 18:04:51; 12221; 22506; 34.04; 992.1663671875; 29.4345703125
2026-09-08; 18:05:51; 12221; 22506; 34.07; 992.2212890625; 29.35546875
2026-09-08; 18:06:51; 12221; 22506; 34.16; 992.1557421875; 29.2568359375
2026-09-08; 18:07:51; 12221; 22506; 34.08; 992.2291015625; 29.3095703125
2026-09-08; 18:08:51; 12353; 22796; 34.1; 992.21140625; 29.3115234375
2026-09-08; 18:09:51; 12353; 22796; 34.06; 992.1694921875; 29.3544921875
2026-09-08; 18:10:52; 12353; 22796; 34.1; 992.20359375; 29.322265625
2026-09-08; 18:11:52; 12353; 22796; 34.06; 992.063828125; 29.35546875
2026-09-08; 18:12:52; 12221; 22506; 34.03; 992.13015625; 29.3642578125
2026-09-08; 18:13:52; 12353; 22796; 34.09; 992.159609375; 29.3212890625
2026-09-08; 18:14:52; 12221; 22506; 33.95; 992.14671875; 29.4638671875
2026-09-08; 18:15:52; 12221; 22506; 34.03; 992.101796875; 29.41015625
2026-09-08; 18:16:52; 12221; 22506; 34.11; 992.048984375; 29.2646484375
2026-09-08; 18:17:52; 12221; 22506; 34.09; 992.0461328125; 29.275390625
2026-09-08; 18:18:52; 12221; 22506; 34.09; 992.08234375; 29.2880859375
2026-09-08; 18:19:52; 12353; 22796; 34.08; 991.9816015625; 29.287109375
2026-09-08; 18:20:52; 12353; 22796; 34.06; 992.02765625; 29.3427734375
2026-09-08; 18:21:52; 12221; 22506; 34.1; 992.0333984375; 29.2763671875
2026-09-08; 18:22:52; 12221; 22506; 34.04; 991.9961328125; 29.3876953125
2026-09-08; 18:23:52; 12221; 22506; 34.01; 991.957109375; 29.3515625
2026-09-08; 18:24:52; 12221; 22506; 34.08; 991.9454296875; 29.263671875
2026-09-08; 18:25:52; 12221; 22506; 34.08; 991.9454296875; 29.263671875
2026-09-08; 18:26:52; 12221; 22506; 34.12; 991.9592578125; 29.2197265625
2026-09-08; 18:27:52; 12221; 22506; 34.07; 991.9659765625; 29.2626953125
2026-09-08; 18:28:52; 12221; 22506; 34.06; 991.950390625; 29.2626953125
2026-09-08; 18:29:52; 12221; 22506; 33.97; 992.0158984375; 29.4072265625
2026-09-08; 18:30:52; 12221; 22506; 34.08; 991.896484375; 29.251953125
2026-09-08; 18:31:52; 12221; 22506; 34.01; 991.8798046875; 29.3408203125
2026-09-08; 18:32:52; 12221; 22506; 34.05; 991.8780078125; 29.2734375
2026-09-08; 18:33:52; 12221; 22506; 34.09; 991.904296875; 29.2412109375
2026-09-08; 18:34:52; 12221; 22506; 34.03; 991.9316015625; 29.318359375
2026-09-08; 18:35:52; 12221; 22506; 34.03; 991.980546875; 29.3173828125
2026-09-08; 18:36:52; 12221; 22506; 34.02; 991.8308984375; 29.3291015625
2026-09-08; 18:37:52; 12353; 22796; 34.03; 991.846484375; 29.306640625
2026-09-08; 18:38:52; 12353; 22796; 34.01; 991.9081640625; 29.3291015625
2026-09-08; 18:39:52; 12221; 22506; 33.91; 991.97859375; 29.4716796875
2026-09-08; 18:40:52; 12221; 22506; 33.82; 991.9711328125; 29.6162109375
2026-09-08; 18:41:52; 12353; 22796; 33.88; 991.866640625; 29.5283203125
2026-09-08; 18:42:52; 12221; 22506; 33.95; 991.8992578125; 29.40625
2026-09-08; 18:43:52; 12353; 22796; 33.96; 991.963828125; 29.4169921875
2026-09-08; 18:44:52; 12353; 22796; 33.91; 991.8368359375; 29.4716796875
2026-09-08; 18:45:52; 12353; 22796; 33.93; 991.8396875; 29.4619140625
2026-09-08; 18:46:52; 12353; 22796; 33.95; 991.8063671875; 29.359375
2026-09-08; 18:47:52; 12221; 22506; 33.84; 991.8687109375; 29.525390625
2026-09-08; 18:48:52; 12221; 22506; 33.92; 991.9296875; 29.44921875
2026-09-08; 18:49:52; 12353; 22796; 33.93; 991.811328125; 29.416015625
2026-09-08; 18:50:52; 12353; 22796; 33.87; 991.7376171875; 29.52734375
2026-09-08; 18:51:52; 12353; 22796; 33.94; 991.883671875; 29.4052734375
2026-09-08; 18:52:52; 12353; 22796; 33.87; 991.82265625; 29.4814453125
2026-09-08; 18:53:53; 12353; 22796; 33.85; 991.7425390625; 29.5146484375
2026-09-08; 18:54:53; 12353; 22796; 33.77; 991.7226171875; 29.61328125
2026-09-08; 18:55:53; 12484; 23131; 33.85; 991.7347265625; 29.5380859375
2026-09-08; 18:56:53; 12484; 23131; 33.89; 991.606484375; 29.4482421875
2026-09-08; 18:57:53; 12484; 23131; 33.76; 991.7431640625; 29.6357421875
2026-09-08; 18:58:53; 12353; 22796; 33.81; 991.65140625; 29.55859375
2026-09-08; 18:59:53; 12484; 23131; 33.84; 991.6907421875; 29.513671875
2026-09-08; 19:00:53; 12484; 23131; 33.84; 991.8119921875; 29.513671875
2026-09-08; 19:01:53; 12353; 22796; 33.84; 991.641875; 29.5029296875
2026-09-08; 19:02:53; 12484; 23131; 33.84; 991.6985546875; 29.4912109375
2026-09-08; 19:03:53; 12484; 23131; 33.83; 991.68265625; 29.490234375
2026-09-08; 19:04:53; 12353; 22796; 33.88; 991.7248828125; 29.435546875
2026-09-08; 19:05:53; 12484; 23131; 33.74; 991.69140625; 29.611328125
2026-09-08; 19:06:53; 12353; 22796; 33.81; 991.75703125; 29.48828125
2026-09-08; 19:07:53; 12353; 22796; 33.77; 991.6942578125; 29.5556640625
2026-09-08; 19:08:53; 12353; 22796; 33.75; 991.6991796875; 29.634765625
2026-09-08; 19:09:53; 12353; 22796; 33.64; 991.6766796875; 29.755859375
2026-09-08; 19:10:53; 12353; 22796; 33.67; 991.7235546875; 29.734375
2026-09-08; 19:11:53; 12353; 22796; 33.75; 991.727578125; 29.6240234375
2026-09-08; 19:12:53; 12484; 23131; 33.74; 991.655234375; 29.623046875
2026-09-08; 19:13:53; 12353; 22796; 33.72; 991.66015625; 29.6337890625
2026-09-08; 19:14:53; 12484; 23131; 33.77; 991.6942578125; 29.58984375
2026-09-08; 19:15:53; 12484; 23131; 33.7; 991.685625; 29.6435546875
2026-09-08; 19:16:53; 12484; 23131; 33.67; 991.630703125; 29.72265625
2026-09-08; 19:17:53; 12484; 23131; 33.66; 991.6150390625; 29.7216796875
2026-09-08; 19:18:53; 12484; 23131; 33.68; 991.6257421875; 29.6884765625
2026-09-08; 19:19:53; 12484; 23131; 33.63; 991.624609375; 29.75390625
2026-09-08; 19:20:53; 12484; 23131; 33.59; 991.618828125; 29.8212890625
2026-09-08; 19:21:53; 12484; 23131; 33.55; 991.612734375; 29.8984375
2026-09-08; 19:22:53; 12484; 23131; 33.54; 991.653828125; 29.921875
2026-09-08; 19:23:53; 12484; 23131; 33.52; 991.687109375; 29.9208984375
2026-09-08; 19:24:53; 12484; 23131; 33.54; 991.604921875; 29.8984375
2026-09-08; 19:25:53; 12624; 23414; 33.53; 991.5531640625; 29.8974609375
2026-09-08; 19:26:53; 12624; 23414; 33.5; 991.5991796875; 29.9658203125
2026-09-08; 19:27:53; 12624; 23414; 33.49; 991.6116015625; 29.9755859375
2026-09-08; 19:28:53; 12624; 23414; 33.48; 991.5754296875; 29.9755859375
2026-09-08; 19:29:53; 12771; 23730; 33.48; 991.539296875; 29.9873046875
2026-09-08; 19:30:53; 12771; 23730; 33.43; 991.610703125; 30.0537109375
2026-09-08; 19:31:53; 12771; 23730; 33.43; 991.610703125; 30.0302734375
2026-09-08; 19:32:53; 12771; 23730; 33.43; 991.58234375; 30.0537109375
2026-09-08; 19:33:53; 12771; 23730; 33.42; 991.5586328125; 30.0517578125
2026-09-08; 19:34:53; 12771; 23730; 33.38; 991.580859375; 30.107421875
2026-09-08; 19:35:54; 12771; 23730; 33.36; 991.57796875; 30.1640625
2026-09-08; 19:36:54; 12771; 23730; 33.31; 991.55625; 30.240234375
2026-09-08; 19:37:54; 12771; 23730; 33.31; 991.612890625; 30.2177734375
2026-09-08; 19:38:54; 12771; 23730; 33.29; 991.525; 30.2509765625
2026-09-08; 19:39:54; 12907; 24051; 33.26; 991.570625; 30.2841796875
2026-09-08; 19:40:54; 12771; 23730; 33.26; 991.5628125; 30.294921875
2026-09-08; 19:41:54; 12771; 23730; 33.26; 991.570625; 30.2958984375
2026-09-08; 19:42:54; 12771; 23730; 33.24; 991.5882421875; 30.3291015625
2026-09-08; 19:43:54; 12907; 24051; 33.21; 991.520546875; 30.373046875
2026-09-08; 19:44:54; 12771; 23730; 33.16; 991.47859375; 30.427734375
2026-09-08; 19:45:54; 12771; 23730; 33.16; 991.535234375; 30.439453125
2026-09-08; 19:46:54; 12771; 23730; 33.16; 991.5557421875; 30.427734375
2026-09-08; 19:47:54; 12907; 24051; 33.12; 991.5291015625; 30.4599609375
2026-09-08; 19:48:54; 12771; 23730; 33.12; 991.5495703125; 30.470703125
2026-09-08; 19:49:54; 12907; 24051; 33.14; 991.5241796875; 30.4599609375
2026-09-08; 19:50:54; 12907; 24051; 33.11; 991.5984375; 30.458984375
2026-09-08; 19:51:54; 12907; 24051; 33.08; 991.5798828125; 30.560546875
2026-09-08; 19:52:54; 12907; 24051; 33.1; 991.5828125; 30.515625
2026-09-08; 19:53:54; 12907; 24051; 33.09; 991.502734375; 30.5498046875
2026-09-08; 19:54:54; 12907; 24051; 33.05; 991.561015625; 30.5703125
2026-09-08; 19:55:54; 13058; 24348; 33.03; 991.5864453125; 30.6376953125
2026-09-08; 19:56:54; 13058; 24348; 33.03; 991.6147265625; 30.6259765625
2026-09-08; 19:57:54; 13216; 24700; 32.99; 991.6085546875; 30.681640625
2026-09-08; 19:58:54; 13216; 24700; 32.97; 991.5206640625; 30.703125
2026-09-08; 19:59:54; 13216; 24700; 32.97; 991.6261328125; 30.7255859375
2026-09-08; 20:00:54; 13216; 24700; 32.93; 991.6355859375; 30.78125
2026-09-08; 20:01:54; 13216; 24700; 32.95; 991.736484375; 30.7587890625
2026-09-08; 20:02:54; 13216; 24700; 32.92; 991.64046875; 30.7802734375
2026-09-08; 20:03:54; 13371; 25030; 32.9; 991.6658203125; 30.8017578125
2026-09-08; 20:04:54; 13371; 25030; 32.93; 991.599453125; 30.76953125
2026-09-08; 20:05:54; 13371; 25030; 32.9; 991.580859375; 30.8251953125
2026-09-08; 20:06:54; 13371; 25030; 32.87; 991.70359375; 30.8349609375
2026-09-08; 20:07:54; 13371; 25030; 32.88; 991.670703125; 30.80078125
2026-09-08; 20:08:54; 13552; 25433; 32.86; 991.6957421875; 30.845703125
2026-09-08; 20:09:54; 13552; 25433; 32.84; 991.749140625; 30.8330078125
2026-09-08; 20:10:54; 13552; 25433; 32.84; 991.7208203125; 30.8671875
2026-09-08; 20:11:54; 13710; 25744; 32.86; 991.801171875; 30.8564453125
2026-09-08; 20:12:54; 13710; 25744; 32.83; 991.83890625; 30.8662109375
2026-09-08; 20:13:54; 13710; 25744; 32.82; 991.7666796875; 30.888671875
2026-09-08; 20:14:54; 13710; 25744; 32.81; 991.8437890625; 30.93359375
2026-09-08; 20:15:54; 13552; 25433; 32.75; 991.834609375; 30.9873046875
2026-09-08; 20:16:54; 13710; 25744; 32.64; 991.86015625; 31.1640625
2026-09-08; 20:17:54; 13710; 25744; 32.63; 991.880625; 31.1640625
2026-09-08; 20:18:55; 13710; 25744; 32.64; 991.8884765625; 31.1875
2026-09-08; 20:19:55; 13552; 25433; 32.57; 991.956328125; 31.287109375
2026-09-08; 20:20:55; 13710; 25744; 32.53; 991.92203125; 31.38671875
2026-09-08; 20:21:55; 13710; 25744; 32.46; 991.945625; 31.4970703125
2026-09-08; 20:22:55; 13710; 25744; 32.37; 992.1030859375; 31.6298828125
2026-09-08; 20:23:55; 13710; 25744; 32.34; 992.048359375; 31.6962890625
2026-09-08; 20:24:55; 13710; 25744; 32.32; 992.0528515625; 31.6953125
2026-09-08; 20:25:55; 13710; 25744; 32.26; 992.1566796875; 31.806640625
2026-09-08; 20:26:55; 13860; 26055; 32.29; 992.14703125; 31.7509765625
2026-09-08; 20:27:55; 13860; 26055; 32.22; 992.1220703125; 31.8720703125
2026-09-08; 20:28:55; 13860; 26055; 32.22; 992.1425390625; 31.8603515625
2026-09-08; 20:29:55; 13860; 26055; 32.2; 992.1394921875; 31.939453125
2026-09-08; 20:30:55; 13860; 26055; 32.12; 992.2276171875; 32.083984375
2026-09-08; 20:31:55; 13860; 26055; 32.11; 992.1755859375; 32.0830078125
2026-09-08; 20:32:55; 13860; 26055; 32.08; 992.22125; 32.115234375
2026-09-08; 20:33:55; 13860; 26055; 32.04; 992.2714453125; 32.181640625
2026-09-08; 20:34:55; 13860; 26055; 32.02; 992.18359375; 32.203125
2026-09-08; 20:35:55; 14036; 26431; 31.97; 992.2746875; 32.314453125
2026-09-08; 20:36:55; 13860; 26055; 31.92; 992.2246875; 32.42578125
2026-09-08; 20:37:55; 13860; 26055; 31.9; 992.185234375; 32.447265625
2026-09-08; 20:38:55; 14036; 26431; 31.89; 992.1695703125; 32.4921875
2026-09-08; 20:39:55; 14036; 26431; 31.85; 992.179140625; 32.513671875
2026-09-08; 20:40:55; 13860; 26055; 31.82; 992.244921875; 32.591796875
2026-09-08; 20:41:55; 14036; 26431; 31.8; 992.347109375; 32.6123046875
2026-09-08; 20:42:55; 14036; 26431; 31.79; 992.3031640625; 32.634765625
2026-09-08; 20:43:55; 14036; 26431; 31.74; 992.2038671875; 32.7001953125
2026-09-08; 20:44:55; 14036; 26431; 31.74; 992.288671875; 32.7119140625
2026-09-08; 20:45:55; 14036; 26431; 31.73; 992.2934375; 32.7001953125
2026-09-08; 20:46:55; 14036; 26431; 31.71; 992.3546875; 32.7783203125
2026-09-08; 20:47:55; 14036; 26431; 31.68; 992.2430859375; 32.810546875
2026-09-08; 20:48:55; 14036; 26431; 31.67; 992.2839453125; 32.8212890625
2026-09-08; 20:49:55; 14036; 26431; 31.65; 992.2887109375; 32.8427734375
2026-09-08; 20:50:55; 14036; 26431; 31.64; 992.2083984375; 32.876953125
2026-09-08; 20:51:55; 14036; 26431; 31.63; 992.24921875; 32.88671875
2026-09-08; 20:52:55; 14036; 26431; 31.63; 992.2775; 32.8984375
2026-09-08; 20:53:55; 14036; 26431; 31.58; 992.2635546875; 32.9521484375
2026-09-08; 20:54:55; 14036; 26431; 31.56; 992.2884375; 33.0087890625
2026-09-08; 20:55:55; 14212; 26767; 31.55; 992.4140234375; 33.0078125
2026-09-08; 20:56:55; 14212; 26767; 31.54; 992.3496875; 33.03125
2026-09-08; 20:57:55; 14212; 26767; 31.53; 992.362265625; 33.0537109375
2026-09-08; 20:58:55; 14212; 26767; 31.53; 992.3262109375; 33.052734375
2026-09-08; 20:59:55; 14212; 26767; 31.53; 992.3262109375; 33.041015625
2026-09-08; 21:00:55; 14212; 26767; 31.51; 992.3309375; 33.0634765625
2026-09-08; 21:01:56; 14212; 26767; 31.47; 992.3244921875; 33.1171875
2026-09-08; 21:02:56; 14212; 26767; 31.46; 992.3370703125; 33.1513671875
2026-09-08; 21:03:56; 14212; 26767; 31.47; 992.29625; 33.12890625
2026-09-08; 21:04:56; 14212; 26767; 31.43; 992.3101953125; 33.2060546875
2026-09-08; 21:05:56; 14385; 27177; 31.43; 992.3384375; 33.2060546875
2026-09-08; 21:06:56; 14385; 27177; 31.43; 992.2537109375; 33.1943359375
2026-09-08; 21:07:56; 14385; 27177; 31.41; 992.2301953125; 33.2392578125
2026-09-08; 21:08:56; 14385; 27177; 31.4; 992.2992578125; 33.25
2026-09-08; 21:09:56; 14385; 27177; 31.36; 992.285; 33.3046875
2026-09-08; 21:10:56; 14385; 27177; 31.34; 992.2897265625; 33.337890625
2026-09-08; 21:11:56; 14385; 27177; 31.35; 992.2410546875; 33.314453125
2026-09-08; 21:12:56; 14385; 27177; 31.33; 992.217578125; 33.359375
2026-09-08; 21:13:56; 14385; 27177; 31.31; 992.2787890625; 33.404296875
2026-09-08; 21:14:56; 14385; 27177; 31.32; 992.2583984375; 33.3466796875
2026-09-08; 21:15:56; 14385; 27177; 31.3; 992.2270703125; 33.4033203125
2026-09-08; 21:16:56; 14385; 27177; 31.29; 992.1909765625; 33.4140625
2026-09-08; 21:17:56; 14385; 27177; 31.29; 992.154609375; 33.390625
2026-09-08; 21:18:56; 14567; 27568; 31.28; 992.1954296875; 33.4248046875
2026-09-08; 21:19:56; 14385; 27177; 31.28; 992.1954296875; 33.4130859375
2026-09-08; 21:20:56; 14385; 27177; 31.26; 992.1719140625; 33.4462890625
2026-09-08; 21:21:56; 14567; 27568; 31.25; 992.1562890625; 33.46875
2026-09-08; 21:22:56; 14385; 27177; 31.24; 992.2174609375; 33.513671875
2026-09-08; 21:23:56; 14567; 27568; 31.2; 992.2671875; 33.5556640625
2026-09-08; 21:24:56; 14567; 27568; 31.19; 992.30796875; 33.5908203125
2026-09-08; 21:25:56; 14567; 27568; 31.2; 992.331484375; 33.568359375
2026-09-08; 21:26:56; 14567; 27568; 31.19; 992.39265625; 33.5908203125
2026-09-08; 21:27:56; 14567; 27568; 31.17; 992.3691796875; 33.623046875
2026-09-08; 21:28:56; 14567; 27568; 31.14; 992.3501171875; 33.6787109375
2026-09-08; 21:29:56; 14567; 27568; 31.14; 992.3783203125; 33.65625
2026-09-08; 21:30:56; 14567; 27568; 31.14; 992.3987109375; 33.701171875
2026-09-08; 21:31:56; 14567; 27568; 31.08; 992.368671875; 33.7880859375
2026-09-08; 21:32:56; 14567; 27568; 31.04; 992.390703125; 33.8310546875
2026-09-08; 21:33:56; 14567; 27568; 31.05; 992.3859765625; 33.8212890625
2026-09-08; 21:34:56; 14567; 27568; 31.03; 992.40328125; 33.853515625
2026-09-08; 21:35:56; 14567; 27568; 31.01; 992.35125; 33.8642578125
2026-09-08; 21:36:56; 14567; 27568; 30.99; 992.291640625; 33.9423828125
2026-09-08; 21:37:56; 14567; 27568; 30.99; 992.4249609375; 33.96484375
2026-09-08; 21:38:56; 14567; 27568; 31.01; 992.4562890625; 33.8974609375
2026-09-08; 21:39:56; 14567; 27568; 30.96; 992.4704296875; 33.962890625
2026-09-08; 21:40:56; 14567; 27568; 30.95; 992.4265234375; 34.0078125
2026-09-08; 21:41:56; 14567; 27568; 30.97; 992.39359375; 33.986328125
2026-09-08; 21:42:56; 14567; 27568; 30.95; 992.3701171875; 33.9970703125
2026-09-08; 21:43:56; 14779; 28037; 30.95; 992.39015625; 34.0078125
2026-09-08; 21:44:57; 14779; 28037; 30.96; 992.3779296875; 33.9970703125
2026-09-08; 21:45:57; 14779; 28037; 30.95; 992.4466015625; 33.9853515625
2026-09-08; 21:46:57; 14779; 28037; 30.95; 992.47484375; 34.0078125
2026-09-08; 21:47:57; 14779; 28037; 30.93; 992.443515625; 34.0185546875
2026-09-08; 21:48:57; 14779; 28037; 30.9; 992.4246875; 34.0615234375
2026-09-08; 21:49:57; 14779; 28037; 30.9; 992.4529296875; 34.107421875
2026-09-08; 21:50:57; 14779; 28037; 30.88; 992.45734375; 34.12890625
2026-09-08; 21:51:57; 14779; 28037; 30.89; 992.46546875; 34.0947265625
2026-09-08; 21:52:57; 14779; 28037; 30.87; 992.4698828125; 34.1396484375
2026-09-08; 21:53:57; 14779; 28037; 30.88; 992.4291015625; 34.1181640625
2026-09-08; 21:54:57; 14779; 28037; 30.88; 992.5059765625; 34.1171875
2026-09-08; 21:55:57; 14779; 28037; 30.86; 992.5388671875; 34.1396484375
2026-09-08; 21:56:57; 14779; 28037; 30.83; 992.520078125; 34.1826171875
2026-09-08; 21:57:57; 14779; 28037; 30.77; 992.54640625; 34.28125
2026-09-08; 21:58:57; 14779; 28037; 30.8; 992.5855859375; 34.2724609375
2026-09-08; 21:59:57; 14779; 28037; 30.77; 992.5103515625; 34.3154296875
2026-09-08; 22:00:57; 14779; 28037; 30.77; 992.623203125; 34.28125
2026-09-08; 22:01:57; 14779; 28037; 30.75; 992.45859375; 34.291015625
2026-09-08; 22:02:57; 14779; 28037; 30.76; 992.4742578125; 34.2919921875
2026-09-08; 22:03:57; 14779; 28037; 30.76; 992.4664453125; 34.291015625
2026-09-08; 22:04:57; 14779; 28037; 30.75; 992.45078125; 34.3017578125
2026-09-08; 22:05:57; 14965; 28439; 30.74; 992.4426171875; 34.34765625
2026-09-08; 22:06:57; 14779; 28037; 30.74; 992.4912109375; 34.32421875
2026-09-08; 22:07:57; 14779; 28037; 30.75; 992.5150390625; 34.291015625
2026-09-08; 22:08:57; 14965; 28439; 30.76; 992.4460546875; 34.2802734375
2026-09-08; 22:09:57; 14779; 28037; 30.73; 992.4755078125; 34.3583984375
2026-09-08; 22:10:57; 14779; 28037; 30.74; 992.54765625; 34.3359375
2026-09-08; 22:11:57; 14965; 28439; 30.68; 992.538203125; 34.4462890625
2026-09-08; 22:12:57; 14965; 28439; 30.68; 992.546015625; 34.400390625
2026-09-08; 22:13:57; 14965; 28439; 30.68; 992.4817578125; 34.4228515625
2026-09-08; 22:14:57; 14965; 28439; 30.65; 992.5187890625; 34.466796875
2026-09-08; 22:15:57; 14965; 28439; 30.68; 992.51; 34.4462890625
2026-09-08; 22:16:57; 14965; 28439; 30.65; 992.5187890625; 34.478515625
2026-09-08; 22:17:57; 14965; 28439; 30.63; 992.4309765625; 34.5
2026-09-08; 22:18:57; 14965; 28439; 30.64; 992.4826953125; 34.5009765625
2026-09-08; 22:19:57; 14965; 28439; 30.63; 992.4309765625; 34.51171875
2026-09-08; 22:20:57; 14965; 28439; 30.6; 992.411875; 34.5546875
2026-09-08; 22:21:57; 14965; 28439; 30.61; 992.3993359375; 34.5439453125
2026-09-08; 22:22:57; 14965; 28439; 30.65; 992.41375; 34.4326171875
2026-09-08; 22:23:57; 14965; 28439; 30.64; 992.4184375; 34.5
2026-09-08; 22:24:57; 14965; 28439; 30.61; 992.4275390625; 34.56640625
2026-09-08; 22:25:57; 14965; 28439; 30.62; 992.3870703125; 34.509765625
2026-09-08; 22:26:58; 14965; 28439; 30.6; 992.36328125; 34.5439453125
2026-09-08; 22:27:58; 14965; 28439; 30.64; 992.4262890625; 34.4775390625
2026-09-08; 22:28:58; 14965; 28439; 30.63; 992.487421875; 34.4765625
2026-09-08; 22:29:58; 14965; 28439; 30.59; 992.3397265625; 34.5419921875
2026-09-08; 22:30:58; 14965; 28439; 30.59; 992.396171875; 34.576171875
2026-09-08; 22:31:58; 14965; 28439; 30.59; 992.37578125; 34.5654296875
2026-09-08; 22:32:58; 14965; 28439; 30.58; 992.4165234375; 34.5654296875
2026-09-08; 22:33:58; 14965; 28439; 30.6; 992.447890625; 34.5087890625
2026-09-08; 22:34:58; 14965; 28439; 30.62; 992.4231640625; 34.4765625
2026-09-08; 22:35:58; 14965; 28439; 30.59; 992.319375; 34.5078125
2026-09-08; 22:36:58; 14965; 28439; 30.64; 992.4184375; 34.4658203125
2026-09-08; 22:37:58; 14965; 28439; 30.63; 992.3541796875; 34.4765625
2026-09-08; 22:38:58; 14965; 28439; 30.6; 992.3271875; 34.5087890625
2026-09-08; 22:39:58; 14965; 28439; 30.63; 992.2977734375; 34.431640625
2026-09-08; 22:40:58; 14965; 28439; 30.63; 992.2695703125; 34.4423828125
2026-09-08; 22:41:58; 14965; 28439; 30.6; 992.242578125; 34.474609375
2026-09-08; 22:42:58; 14965; 28439; 30.58; 992.1830078125; 34.5302734375
2026-09-08; 22:43:58; 14965; 28439; 30.6; 992.242578125; 34.4970703125
2026-09-08; 22:44:58; 14965; 28439; 30.62; 992.2460546875; 34.41796875
2026-09-08; 22:45:58; 14965; 28439; 30.65; 992.293046875; 34.38671875
2026-09-08; 22:46:58; 14965; 28439; 30.62; 992.2460546875; 34.4296875
2026-09-08; 22:47:58; 14965; 28439; 30.6; 992.250390625; 34.4404296875
2026-09-08; 22:48:58; 14965; 28439; 30.6; 992.2222265625; 34.4521484375
2026-09-08; 22:49:58; 14965; 28439; 30.59; 992.142265625; 34.4736328125
2026-09-08; 22:50:58; 14965; 28439; 30.59; 992.1783203125; 34.427734375
2026-09-08; 22:51:58; 14965; 28439; 30.63; 992.2053125; 34.3505859375
2026-09-08; 22:52:58; 14965; 28439; 30.61; 992.2018359375; 34.4404296875
2026-09-08; 22:53:58; 14965; 28439; 30.63; 992.213125; 34.3857421875
2026-09-08; 22:54:58; 14779; 28037; 30.65; 992.2084375; 34.3525390625
2026-09-08; 22:55:58; 14779; 28037; 30.61; 992.26640625; 34.3603515625
2026-09-08; 22:56:58; 14965; 28439; 30.63; 992.213125; 34.3857421875
2026-09-08; 22:57:58; 14779; 28037; 30.59; 992.319375; 34.4501953125
2026-09-08; 22:58:58; 14779; 28037; 30.59; 992.283359375; 34.427734375
2026-09-08; 22:59:58; 14965; 28439; 30.62; 992.3306640625; 34.3955078125
2026-09-08; 23:00:58; 14965; 28439; 30.63; 992.318125; 34.3505859375
2026-09-08; 23:01:58; 14779; 28037; 30.63; 992.2695703125; 34.33984375
2026-09-08; 23:02:58; 14965; 28439; 30.6; 992.3068359375; 34.39453125
2026-09-08; 23:03:58; 14779; 28037; 30.57; 992.3444140625; 34.4375
2026-09-08; 23:04:58; 14779; 28037; 30.55; 992.3130859375; 34.470703125
2026-09-08; 23:05:58; 14779; 28037; 30.53; 992.309609375; 34.5263671875
2026-09-08; 23:06:58; 14779; 28037; 30.55; 992.256640625; 34.5048828125
2026-09-08; 23:07:58; 14779; 28037; 30.56; 992.3208984375; 34.4482421875
2026-09-08; 23:08:58; 14779; 28037; 30.54; 992.2892578125; 34.50390625
2026-09-08; 23:09:59; 14779; 28037; 30.54; 992.353828125; 34.4931640625
2026-09-08; 23:10:59; 14779; 28037; 30.56; 992.2362890625; 34.42578125
2026-09-08; 23:11:59; 14779; 28037; 30.56; 992.300546875; 34.4482421875
2026-09-08; 23:12:59; 14779; 28037; 30.57; 992.3366015625; 34.42578125
2026-09-08; 23:13:59; 14779; 28037; 30.55; 992.305234375; 34.435546875
2026-09-08; 23:14:59; 14779; 28037; 30.56; 992.27234375; 34.42578125
2026-09-08; 23:15:59; 14779; 28037; 30.58; 992.4369140625; 34.380859375
2026-09-08; 23:16:59; 14779; 28037; 30.59; 992.37578125; 34.359375
2026-09-08; 23:17:59; 14779; 28037; 30.58; 992.3319140625; 34.359375
2026-09-08; 23:18:59; 14779; 28037; 30.54; 992.353828125; 34.447265625
2026-09-08; 23:19:59; 14779; 28037; 30.55; 992.3976953125; 34.4130859375
2026-09-08; 23:20:59; 14779; 28037; 30.61; 992.342890625; 34.326171875
2026-09-08; 23:21:59; 14779; 28037; 30.61; 992.3993359375; 34.2919921875
2026-09-08; 23:22:59; 14779; 28037; 30.57; 992.4212109375; 34.3916015625
2026-09-08; 23:23:59; 14779; 28037; 30.53; 992.366015625; 34.4345703125
2026-09-08; 23:24:59; 14779; 28037; 30.53; 992.3863671875; 34.45703125
2026-09-08; 23:25:59; 14779; 28037; 30.51; 992.370703125; 34.4677734375
2026-09-08; 23:26:59; 14779; 28037; 30.5; 992.4114453125; 34.478515625
2026-09-08; 23:27:59; 14965; 28439; 30.55; 992.4180859375; 34.4013671875
2026-09-08; 23:28:59; 14779; 28037; 30.53; 992.3863671875; 34.48046875
2026-09-08; 23:29:59; 14779; 28037; 30.53; 992.4506640625; 34.4462890625
2026-09-09; 02:24:10; 406; 0; 29.22; 995.8626171875; 35.900390625
2026-09-09; 02:25:10; 408; 1; 29.23; 995.8141796875; 35.8662109375
2026-09-09; 02:26:10; 402; 0; 29.23; 995.87046875; 35.8544921875
2026-09-09; 02:27:10; 402; 0; 29.2; 995.8231640625; 35.9208984375
2026-09-09; 02:28:10; 400; 0; 29.23; 995.878359375; 35.876953125
2026-09-09; 02:29:10; 405; 0; 29.21; 995.8749609375; 35.8984375
2026-09-09; 02:30:10; 400; 0; 29.25; 995.91015625; 35.833984375
2026-09-09; 02:31:10; 400; 0; 29.2; 995.943671875; 35.91015625
2026-09-09; 02:32:10; 400; 0; 29.17; 995.95265625; 35.9638671875
2026-09-09; 02:33:10; 405; 0; 29.19; 995.92; 35.9306640625
2026-09-09; 02:34:10; 403; 0; 29.19; 995.976328125; 35.9423828125
2026-09-09; 02:35:10; 405; 0; 29.19; 996.0123828125; 35.908203125
2026-09-09; 02:36:10; 400; 0; 29.19; 996.0405078125; 35.931640625
2026-09-09; 02:37:10; 400; 0; 29.17; 996.0934375; 35.9189453125
2026-09-09; 02:38:10; 409; 1; 29.16; 996.1133984375; 35.962890625
2026-09-09; 02:39:10; 405; 0; 29.16; 996.0210546875; 35.9404296875
2026-09-09; 02:40:10; 405; 0; 29.17; 996.0652734375; 35.953125
2026-09-09; 02:41:10; 402; 0; 29.16; 996.0570703125; 35.9404296875
2026-09-09; 02:42:10; 402; 0; 29.14; 996.11; 35.9619140625
2026-09-09; 02:43:10; 400; 0; 29.15; 996.1820703125; 35.9521484375
2026-09-09; 02:44:10; 400; 0; 29.12; 996.155; 35.982421875
2026-09-09; 02:45:10; 400; 0; 29.11; 996.2034375; 35.994140625
2026-09-09; 02:46:10; 405; 0; 29.09; 996.248125; 36.037109375
2026-09-09; 02:47:10; 407; 1; 29.1; 996.179765625; 36.015625
2026-09-09; 02:48:10; 407; 1; 29.1; 996.21578125; 36.015625
2026-09-09; 02:49:10; 407; 1; 29.1; 996.3205078125; 36.0263671875
2026-09-09; 02:50:10; 402; 0; 29.08; 996.2965625; 36.037109375
2026-09-09; 02:51:10; 400; 0; 29.09; 996.248125; 36.0263671875
2026-09-09; 02:52:10; 405; 0; 29.09; 996.256015625; 36.0263671875
2026-09-09; 02:53:10; 405; 0; 29.06; 996.3212890625; 36.05859375
2026-09-09; 02:54:10; 400; 0; 29.05; 996.24921875; 36.068359375
2026-09-09; 02:55:10; 403; 0; 29.03; 996.330234375; 36.1240234375
2026-09-09; 02:56:10; 400; 0; 29.02; 996.37046875; 36.1123046875
2026-09-09; 02:57:10; 408; 1; 29.04; 996.3662890625; 36.11328125
2026-09-09; 02:58:10; 408; 1; 29.03; 996.378359375; 36.1240234375
2026-09-09; 02:59:10; 405; 0; 29.04; 996.43046875; 36.0791015625
2026-09-09; 03:00:10; 405; 0; 29.01; 996.4109765625; 36.1455078125
2026-09-09; 03:01:10; 400; 0; 29.0; 996.3670703125; 36.1220703125
2026-09-09; 03:02:10; 400; 0; 29.03; 996.378359375; 36.078125
2026-09-09; 03:03:10; 405; 0; 29.01; 996.439140625; 36.1337890625
2026-09-09; 03:04:10; 405; 0; 29.01; 996.4954296875; 36.099609375
2026-09-09; 03:05:10; 403; 0; 29.01; 996.467265625; 36.099609375
2026-09-09; 03:06:11; 403; 0; 29.04; 996.5069921875; 36.056640625
2026-09-09; 03:07:11; 403; 0; 29.03; 996.5753515625; 36.0439453125
2026-09-09; 03:08:11; 403; 0; 29.01; 996.5437890625; 36.0654296875
2026-09-09; 03:09:11; 406; 0; 29.02; 996.587734375; 36.06640625
2026-09-09; 03:10:11; 402; 0; 29.0; 996.584296875; 36.12109375
2026-09-09; 03:11:11; 402; 0; 28.96; 996.5572265625; 36.1533203125
2026-09-09; 03:12:11; 402; 0; 28.97; 996.5730078125; 36.130859375
2026-09-09; 03:13:11; 402; 0; 28.94; 996.5253515625; 36.1630859375
2026-09-09; 03:14:11; 400; 0; 28.93; 996.593984375; 36.1845703125
2026-09-09; 03:15:11; 400; 0; 28.95; 996.53328125; 36.185546875
2026-09-09; 03:16:11; 400; 0; 28.96; 996.5572265625; 36.1533203125
2026-09-09; 03:17:11; 405; 0; 28.94; 996.5174609375; 36.173828125
2026-09-09; 03:18:11; 407; 1; 28.94; 996.4972265625; 36.1513671875
2026-09-09; 03:19:11; 405; 0; 28.92; 996.5140234375; 36.1953125
2026-09-09; 03:20:11; 405; 0; 28.89; 996.5103125; 36.193359375
2026-09-09; 03:21:11; 405; 0; 28.9; 996.490078125; 36.205078125
2026-09-09; 03:22:11; 405; 0; 28.85; 996.5594921875; 36.29296875
2026-09-09; 03:23:11; 405; 0; 28.87; 996.4987109375; 36.2822265625
2026-09-09; 03:24:11; 400; 0; 28.89; 996.6146875; 36.2275390625
2026-09-09; 03:25:11; 400; 0; 28.88; 996.5426171875; 36.2373046875
2026-09-09; 03:26:11; 400; 0; 28.86; 996.56734375; 36.2470703125
2026-09-09; 03:27:11; 400; 0; 28.83; 996.6044140625; 36.3251953125
2026-09-09; 03:28:11; 405; 0; 28.86; 996.603359375; 36.29296875
2026-09-09; 03:29:11; 409; 1; 28.86; 996.56734375; 36.29296875
2026-09-09; 03:30:11; 409; 1; 28.88; 996.5426171875; 36.2373046875
2026-09-09; 03:31:11; 405; 0; 28.85; 996.6359765625; 36.28125
2026-09-09; 03:32:11; 409; 1; 28.81; 996.5523046875; 36.357421875
2026-09-09; 03:33:11; 409; 1; 28.78; 996.5049609375; 36.37890625
2026-09-09; 03:34:11; 405; 0; 28.76; 996.521796875; 36.41015625
2026-09-09; 03:35:11; 405; 0; 28.77; 996.621953125; 36.43359375
2026-09-09; 03:36:11; 409; 1; 28.78; 996.581484375; 36.388671875
2026-09-09; 03:37:11; 405; 0; 28.77; 996.5454296875; 36.4228515625
2026-09-09; 03:38:11; 409; 1; 28.77; 996.6298046875; 36.4228515625
2026-09-09; 03:39:11; 405; 0; 28.76; 996.5577734375; 36.421875
2026-09-09; 03:40:11; 409; 1; 28.76; 996.549921875; 36.4560546875
2026-09-09; 03:41:11; 405; 0; 28.74; 996.4978125; 36.443359375
2026-09-09; 03:42:11; 409; 1; 28.76; 996.6140625; 36.421875
2026-09-09; 03:43:11; 405; 0; 28.74; 996.5540625; 36.4541015625
2026-09-09; 03:44:11; 405; 0; 28.74; 996.630546875; 36.4541015625
2026-09-09; 03:45:11; 409; 1; 28.74; 996.5821875; 36.4541015625
2026-09-09; 03:46:11; 409; 1; 28.74; 996.630546875; 36.4775390625
2026-09-09; 03:47:11; 409; 1; 28.73; 996.671015625; 36.46484375
2026-09-09; 03:48:12; 411; 1; 28.73; 996.671015625; 36.4306640625
2026-09-09; 03:49:12; 409; 1; 28.73; 996.6429296875; 36.48828125
2026-09-09; 03:50:12; 405; 0; 28.7; 996.6878515625; 36.4970703125
2026-09-09; 03:51:12; 405; 0; 28.66; 996.6165234375; 36.5849609375
2026-09-09; 03:52:12; 409; 1; 28.62; 996.758125; 36.6611328125
2026-09-09; 03:53:12; 409; 1; 28.62; 996.701875; 36.6611328125
2026-09-09; 03:54:12; 409; 1; 28.58; 996.815078125; 36.7041015625
2026-09-09; 03:55:12; 409; 1; 28.6; 996.895; 36.6708984375
2026-09-09; 03:56:12; 409; 1; 28.63; 996.94265625; 36.6162109375
2026-09-09; 03:57:12; 409; 1; 28.62; 997.01125; 36.626953125
2026-09-09; 03:58:12; 409; 1; 28.67; 997.0260546875; 36.5625
2026-09-09; 03:59:12; 409; 1; 28.65; 997.0305078125; 36.572265625
2026-09-09; 04:00:12; 405; 0; 28.65; 997.1992578125; 36.583984375
2026-09-09; 04:01:12; 409; 1; 28.63; 997.244140625; 36.6162109375
2026-09-09; 04:02:12; 405; 0; 28.64; 997.259921875; 36.5830078125
2026-09-09; 04:03:12; 409; 1; 28.63; 997.25203125; 36.60546875
2026-09-09; 04:04:12; 409; 1; 28.65; 997.2273828125; 36.5498046875
2026-09-09; 04:05:12; 409; 1; 28.65; 997.2194921875; 36.560546875
2026-09-09; 04:06:12; 409; 1; 28.67; 997.1666796875; 36.5166015625
2026-09-09; 04:07:12; 405; 0; 28.67; 997.202734375; 36.505859375
2026-09-09; 04:08:12; 405; 0; 28.65; 997.2273828125; 36.572265625
2026-09-09; 04:09:12; 409; 1; 28.68; 997.190390625; 36.484375
2026-09-09; 04:10:12; 409; 1; 28.67; 997.30734375; 36.505859375
2026-09-09; 04:11:12; 400; 0; 28.63; 997.3083203125; 36.513671875
2026-09-09; 04:12:12; 405; 0; 28.65; 997.3038671875; 36.515625
2026-09-09; 04:13:12; 405; 0; 28.61; 997.368671875; 36.55859375
2026-09-09; 04:14:12; 400; 0; 28.61; 997.33265625; 36.5810546875
2026-09-09; 04:15:12; 400; 0; 28.64; 997.3162109375; 36.5263671875
2026-09-09; 04:16:12; 408; 1; 28.64; 997.2880859375; 36.5146484375
2026-09-09; 04:17:12; 403; 0; 28.66; 997.2915234375; 36.482421875
2026-09-09; 04:18:12; 403; 0; 28.66; 997.3758984375; 36.470703125
2026-09-09; 04:19:12; 400; 0; 28.63; 997.328515625; 36.5126953125
2026-09-09; 04:20:12; 400; 0; 28.61; 997.30453125; 36.5234375
2026-09-09; 04:21:12; 400; 0; 28.6; 997.260625; 36.5341796875
2026-09-09; 04:22:12; 400; 0; 28.63; 997.19578125; 36.4912109375
2026-09-09; 04:23:12; 405; 0; 28.59; 997.1401953125; 36.5234375
2026-09-09; 04:24:12; 405; 0; 28.6; 997.184140625; 36.5
2026-09-09; 04:25:12; 408; 1; 28.62; 997.18; 36.501953125
2026-09-09; 04:26:12; 405; 0; 28.62; 997.18; 36.501953125
2026-09-09; 04:27:12; 405; 0; 28.66; 997.2712890625; 36.4033203125
2026-09-09; 04:28:12; 405; 0; 28.6; 997.2122265625; 36.4658203125
2026-09-09; 04:29:12; 405; 0; 28.62; 997.208125; 36.4443359375
2026-09-09; 04:30:13; 405; 0; 28.65; 997.2555078125; 36.3896484375
2026-09-09; 04:31:13; 403; 0; 28.66; 997.2353125; 36.37890625
2026-09-09; 04:32:13; 403; 0; 28.67; 997.13859375; 36.369140625
2026-09-09; 04:33:13; 403; 0; 28.64; 997.2318359375; 36.400390625
2026-09-09; 04:34:13; 403; 0; 28.64; 997.2116015625; 36.423828125
2026-09-09; 04:35:13; 403; 0; 28.64; 997.1193359375; 36.400390625
2026-09-09; 04:36:13; 403; 0; 28.64; 997.1553515625; 36.37890625
2026-09-09; 04:37:13; 403; 0; 28.65; 997.1430078125; 36.3896484375
2026-09-09; 04:38:13; 408; 1; 28.64; 997.2037109375; 36.400390625
2026-09-09; 04:39:13; 403; 0; 28.63; 997.216015625; 36.421875
2026-09-09; 04:40:13; 403; 0; 28.61; 997.24828125; 36.41015625
2026-09-09; 04:41:13; 408; 1; 28.61; 997.1999609375; 36.43359375
2026-09-09; 04:42:13; 408; 1; 28.59; 997.2448046875; 36.4541015625
2026-09-09; 04:43:13; 408; 1; 28.6; 997.2122265625; 36.4091796875
2026-09-09; 04:44:13; 403; 0; 28.58; 997.2571484375; 36.4521484375
2026-09-09; 04:45:13; 403; 0; 28.59; 997.2729296875; 36.4423828125
2026-09-09; 04:46:13; 408; 1; 28.57; 997.241328125; 36.4755859375
2026-09-09; 04:47:13; 403; 0; 28.58; 997.2931640625; 36.4755859375
2026-09-09; 04:48:13; 403; 0; 28.58; 997.2290234375; 36.4638671875
2026-09-09; 04:49:13; 408; 1; 28.59; 997.2729296875; 36.4541015625
2026-09-09; 04:50:13; 408; 1; 28.56; 997.309921875; 36.49609375
2026-09-09; 04:51:13; 403; 0; 28.57; 997.2492578125; 36.4638671875
2026-09-09; 04:52:13; 403; 0; 28.56; 997.197421875; 36.4736328125
2026-09-09; 04:53:13; 408; 1; 28.58; 997.2290234375; 36.4521484375
2026-09-09; 04:54:13; 408; 1; 28.58; 997.2650390625; 36.453125
2026-09-09; 04:55:13; 408; 1; 28.56; 997.309921875; 36.49609375
2026-09-09; 04:56:13; 408; 1; 28.59; 997.3010546875; 36.408203125
2026-09-09; 04:57:13; 408; 1; 28.57; 997.3257421875; 36.4755859375
2026-09-09; 04:58:13; 408; 1; 28.56; 997.2896875; 36.4521484375
2026-09-09; 04:59:13; 408; 1; 28.56; 997.3459375; 36.4404296875
2026-09-09; 05:00:13; 403; 0; 28.55; 997.30203125; 36.4619140625
2026-09-09; 05:01:13; 408; 1; 28.55; 997.2738671875; 36.4619140625
2026-09-09; 05:02:13; 408; 1; 28.55; 997.321953125; 36.4619140625
2026-09-09; 05:03:13; 408; 1; 28.56; 997.394296875; 36.4619140625
2026-09-09; 05:04:13; 403; 0; 28.55; 997.2937890625; 36.439453125
2026-09-09; 05:05:13; 408; 1; 28.55; 997.265703125; 36.451171875
2026-09-09; 05:06:13; 403; 0; 28.57; 997.353828125; 36.4072265625
2026-09-09; 05:07:13; 408; 1; 28.54; 997.4265234375; 36.4384765625
2026-09-09; 05:08:13; 403; 0; 28.56; 997.366171875; 36.427734375
2026-09-09; 05:09:13; 408; 1; 28.56; 997.3380078125; 36.427734375
2026-09-09; 05:10:13; 408; 1; 28.56; 997.3740625; 36.4404296875
2026-09-09; 05:11:13; 403; 0; 28.54; 997.3702734375; 36.416015625
2026-09-09; 05:12:13; 403; 0; 28.56; 997.394296875; 36.427734375
2026-09-09; 05:13:14; 408; 1; 28.53; 997.3826171875; 36.4482421875
2026-09-09; 05:14:14; 408; 1; 28.53; 997.4591015625; 36.4716796875
2026-09-09; 05:15:14; 408; 1; 28.5; 997.44765625; 36.4814453125
2026-09-09; 05:16:14; 408; 1; 28.52; 997.44328125; 36.482421875
2026-09-09; 05:17:14; 408; 1; 28.53; 997.354453125; 36.4482421875
2026-09-09; 05:18:14; 408; 1; 28.5; 997.3554296875; 36.4462890625
2026-09-09; 05:19:14; 403; 0; 28.54; 997.41859375; 36.44921875
2026-09-09; 05:20:14; 403; 0; 28.53; 997.438828125; 36.42578125
2026-09-09; 05:21:14; 408; 1; 28.53; 997.3465625; 36.42578125
2026-09-09; 05:22:14; 408; 1; 28.53; 997.4669921875; 36.42578125
2026-09-09; 05:23:14; 403; 0; 28.52; 997.30265625; 36.4248046875
2026-09-09; 05:24:14; 403; 0; 28.49; 997.431875; 36.45703125
2026-09-09; 05:25:14; 400; 0; 28.46; 997.3279296875; 36.51171875
2026-09-09; 05:26:14; 403; 0; 28.46; 997.3560546875; 36.4892578125
2026-09-09; 05:27:14; 403; 0; 28.44; 997.3446875; 36.5439453125
2026-09-09; 05:28:14; 403; 0; 28.48; 997.379765625; 36.4560546875
2026-09-09; 05:29:14; 403; 0; 28.47; 997.4; 36.478515625
2026-09-09; 05:30:14; 400; 0; 28.45; 997.3323828125; 36.5107421875
2026-09-09; 05:31:14; 403; 0; 28.46; 997.460625; 36.4892578125
2026-09-09; 05:32:14; 400; 0; 28.45; 997.424609375; 36.5107421875
2026-09-09; 05:33:14; 400; 0; 28.47; 997.4843359375; 36.4560546875
2026-09-09; 05:34:14; 400; 0; 28.48; 997.464140625; 36.43359375
2026-09-09; 05:35:14; 406; 0; 28.47; 997.540546875; 36.4560546875
2026-09-09; 05:36:14; 409; 1; 28.46; 997.545; 36.4775390625
2026-09-09; 05:37:14; 406; 0; 28.46; 997.496640625; 36.443359375
2026-09-09; 05:38:14; 406; 0; 28.45; 997.5573046875; 36.4765625
2026-09-09; 05:39:14; 400; 0; 28.46; 997.5730859375; 36.4775390625
2026-09-09; 05:40:14; 406; 0; 28.45; 997.4448046875; 36.4541015625
2026-09-09; 05:41:14; 406; 0; 28.46; 997.48875; 36.443359375
2026-09-09; 05:42:14; 406; 0; 28.42; 997.4334375; 36.4970703125
2026-09-09; 05:43:14; 400; 0; 28.42; 997.4896875; 36.486328125
2026-09-09; 05:44:14; 406; 0; 28.43; 997.3851171875; 36.4970703125
2026-09-09; 05:45:14; 406; 0; 28.4; 997.393671875; 36.517578125
2026-09-09; 05:46:14; 406; 0; 28.42; 997.3771875; 36.486328125
2026-09-09; 05:47:14; 400; 0; 28.41; 997.2969921875; 36.49609375
2026-09-09; 05:48:14; 406; 0; 28.38; 997.36203125; 36.55078125
2026-09-09; 05:49:14; 406; 0; 28.37; 997.3743359375; 36.572265625
2026-09-09; 05:50:14; 406; 0; 28.37; 997.3743359375; 36.572265625
2026-09-09; 05:51:14; 400; 0; 28.39; 997.441953125; 36.5625
2026-09-09; 05:52:14; 406; 0; 28.41; 997.4937890625; 36.5185546875
2026-09-09; 05:53:14; 406; 0; 28.41; 997.44546875; 36.4853515625
2026-09-09; 05:54:14; 406; 0; 28.38; 997.4823828125; 36.5283203125
2026-09-09; 05:55:14; 406; 0; 28.4; 997.4858984375; 36.47265625
2026-09-09; 05:56:15; 400; 0; 28.39; 997.5544140625; 36.5283203125
2026-09-09; 05:57:15; 406; 0; 28.38; 997.558828125; 36.5390625
2026-09-09; 05:58:15; 406; 0; 28.35; 997.4912109375; 36.58203125
2026-09-09; 05:59:15; 406; 0; 28.36; 997.5553515625; 36.6064453125
2026-09-09; 06:00:15; 406; 0; 28.37; 997.5430078125; 36.583984375
2026-09-09; 06:01:15; 406; 0; 28.38; 997.558828125; 36.5390625
2026-09-09; 06:02:15; 406; 0; 28.37; 997.5790625; 36.5615234375
2026-09-09; 06:03:15; 400; 0; 28.33; 997.5717578125; 36.603515625
2026-09-09; 06:04:15; 406; 0; 28.33; 997.5796484375; 36.58203125
2026-09-09; 06:05:15; 406; 0; 28.33; 997.4671875; 36.55859375
2026-09-09; 06:06:15; 406; 0; 28.33; 997.4109765625; 36.5927734375
2026-09-09; 06:07:15; 400; 0; 28.3; 997.36359375; 36.6240234375
2026-09-09; 06:08:15; 406; 0; 28.31; 997.4355859375; 36.6259765625
2026-09-09; 06:09:15; 406; 0; 28.34; 997.3907421875; 36.58203125
2026-09-09; 06:10:15; 406; 0; 28.35; 997.5474609375; 36.5712890625
2026-09-09; 06:11:15; 406; 0; 28.32; 997.5840625; 36.580078125
2026-09-09; 06:12:15; 406; 0; 28.3; 997.5884375; 36.6357421875
2026-09-09; 06:13:15; 409; 1; 28.29; 997.64875; 36.6689453125
2026-09-09; 06:14:15; 406; 0; 28.32; 997.591953125; 36.568359375
2026-09-09; 06:15:15; 406; 0; 28.31; 997.652578125; 36.61328125
2026-09-09; 06:16:15; 406; 0; 28.33; 997.768515625; 36.5927734375
2026-09-09; 06:17:15; 406; 0; 28.3; 997.7208203125; 36.634765625
2026-09-09; 06:18:15; 406; 0; 28.28; 997.697109375; 36.6455078125
2026-09-09; 06:19:15; 409; 1; 28.29; 997.676875; 36.634765625
2026-09-09; 06:20:15; 406; 0; 28.27; 997.6809765625; 36.65625
2026-09-09; 06:21:15; 406; 0; 28.28; 997.6891796875; 36.66796875
2026-09-09; 06:22:15; 406; 0; 28.27; 997.6449609375; 36.66796875
2026-09-09; 06:23:15; 400; 0; 28.3; 997.608359375; 36.6123046875
2026-09-09; 06:24:15; 406; 0; 28.28; 997.6689453125; 36.6337890625
2026-09-09; 06:25:15; 406; 0; 28.28; 997.6891796875; 36.65625
2026-09-09; 06:26:15; 409; 1; 28.27; 997.729296875; 36.65625
2026-09-09; 06:27:15; 406; 0; 28.26; 997.7134765625; 36.6884765625
2026-09-09; 06:28:15; 406; 0; 28.26; 997.7696875; 36.666015625
2026-09-09; 06:29:15; 409; 1; 28.27; 997.8417578125; 36.66796875
2026-09-09; 06:30:15; 406; 0; 28.22; 997.8469921875; 36.7431640625
2026-09-09; 06:31:15; 406; 0; 28.27; 997.8417578125; 36.6337890625
2026-09-09; 06:32:15; 406; 0; 28.25; 997.9304296875; 36.6884765625
2026-09-09; 06:33:15; 406; 0; 28.24; 997.942734375; 36.7109375
2026-09-09; 06:34:15; 409; 1; 28.22; 998.0235546875; 36.720703125
2026-09-09; 06:35:15; 409; 1; 28.23; 997.9831640625; 36.720703125
2026-09-09; 06:36:15; 406; 0; 28.23; 998.003359375; 36.720703125
2026-09-09; 06:37:15; 406; 0; 28.23; 997.975234375; 36.732421875
2026-09-09; 06:38:15; 406; 0; 28.21; 997.979609375; 36.73046875
2026-09-09; 06:39:16; 406; 0; 28.21; 997.97171875; 36.71875
2026-09-09; 06:40:16; 406; 0; 28.21; 997.9998046875; 36.7080078125
2026-09-09; 06:41:16; 406; 0; 28.2; 997.9634765625; 36.71875
2026-09-09; 06:42:16; 409; 1; 28.16; 997.900234375; 36.806640625
2026-09-09; 06:43:16; 406; 0; 28.19; 997.891484375; 36.763671875
2026-09-09; 06:44:16; 409; 1; 28.22; 997.9111328125; 36.708984375
2026-09-09; 06:45:16; 409; 1; 28.19; 997.8633984375; 36.740234375
2026-09-09; 06:46:16; 414; 2; 28.2; 997.9555859375; 36.7412109375
2026-09-09; 06:47:16; 414; 2; 28.16; 998.04078125; 36.7841796875
2026-09-09; 06:48:16; 414; 2; 28.19; 998.164609375; 36.751953125
2026-09-09; 06:49:16; 409; 1; 28.16; 998.153203125; 36.7841796875
2026-09-09; 06:50:16; 414; 2; 28.18; 998.21296875; 36.7734375
2026-09-09; 06:51:16; 414; 2; 28.18; 998.2331640625; 36.716796875
2026-09-09; 06:52:16; 414; 2; 28.2; 998.2726953125; 36.70703125
2026-09-09; 06:53:16; 409; 1; 28.17; 998.33765625; 36.7392578125
2026-09-09; 06:54:16; 409; 1; 28.19; 998.2849609375; 36.7060546875
2026-09-09; 06:55:16; 406; 0; 28.15; 998.2498046875; 36.783203125
2026-09-09; 06:56:16; 409; 1; 28.16; 998.2094140625; 36.7265625
2026-09-09; 06:57:16; 409; 1; 28.19; 998.2006640625; 36.6953125
2026-09-09; 06:58:16; 409; 1; 28.17; 998.1690234375; 36.7275390625
2026-09-09; 06:59:16; 409; 1; 28.17; 998.197109375; 36.705078125
2026-09-09; 07:00:16; 409; 1; 28.17; 998.2533203125; 36.7275390625
2026-09-09; 07:01:16; 409; 1; 28.16; 998.31390625; 36.7373046875
2026-09-09; 07:02:16; 409; 1; 28.16; 998.37015625; 36.7373046875
2026-09-09; 07:03:16; 409; 1; 28.16; 998.37015625; 36.7490234375
2026-09-09; 07:04:16; 409; 1; 28.18; 998.26125; 36.6943359375
2026-09-09; 07:05:16; 406; 0; 28.17; 998.1690234375; 36.705078125
2026-09-09; 07:06:16; 406; 0; 28.17; 997.9924609375; 36.681640625
2026-09-09; 07:07:16; 409; 1; 28.17; 997.91609375; 36.705078125
2026-09-09; 07:08:16; 409; 1; 28.17; 997.85984375; 36.681640625
2026-09-09; 07:09:16; 409; 1; 28.2; 997.85109375; 36.6044921875
2026-09-09; 07:10:16; 409; 1; 28.15; 997.940625; 36.6806640625
2026-09-09; 07:11:16; 409; 1; 28.16; 997.9845703125; 36.669921875
2026-09-09; 07:12:16; 409; 1; 28.19; 998.00390625; 36.626953125
2026-09-09; 07:13:16; 409; 1; 28.17; 998.0205859375; 36.658203125
2026-09-09; 07:14:16; 409; 1; 28.15; 998.129453125; 36.69140625
2026-09-09; 07:15:16; 409; 1; 28.17; 998.1690234375; 36.6474609375
2026-09-09; 07:16:16; 406; 0; 28.16; 998.0609765625; 36.6689453125
2026-09-09; 07:17:16; 409; 1; 28.14; 998.0571484375; 36.6904296875
2026-09-09; 07:18:16; 406; 0; 28.16; 997.956484375; 36.6474609375
2026-09-09; 07:19:16; 406; 0; 28.19; 997.891484375; 36.55859375
2026-09-09; 07:20:16; 406; 0; 28.19; 997.82734375; 36.5693359375
2026-09-09; 07:21:16; 406; 0; 28.14; 997.92484375; 36.623046875
2026-09-09; 07:22:17; 409; 1; 28.2; 997.9555859375; 36.5361328125
2026-09-09; 07:23:17; 406; 0; 28.2; 997.9837109375; 36.525390625
2026-09-09; 07:24:17; 406; 0; 28.23; 997.9550390625; 36.458984375
2026-09-09; 07:25:17; 406; 0; 28.24; 997.93484375; 36.4599609375
2026-09-09; 07:26:17; 406; 0; 28.24; 998.047265625; 36.470703125
2026-09-09; 07:27:17; 406; 0; 28.23; 998.0674609375; 36.4814453125
2026-09-09; 07:28:17; 406; 0; 28.24; 998.1878125; 36.42578125
2026-09-09; 07:29:17; 406; 0; 28.23; 998.2001171875; 36.458984375
2026-09-09; 07:30:17; 406; 0; 28.24; 998.1316015625; 36.4482421875
2026-09-09; 07:31:17; 406; 0; 28.22; 998.29671875; 36.4462890625
2026-09-09; 07:32:17; 406; 0; 28.22; 998.3529296875; 36.4580078125
2026-09-09; 07:33:17; 406; 0; 28.23; 998.396875; 36.435546875
2026-09-09; 07:34:17; 406; 0; 28.25; 998.400390625; 36.3916015625
2026-09-09; 07:35:17; 400; 0; 28.25; 998.31609375; 36.357421875
2026-09-09; 07:36:17; 406; 0; 28.3; 998.3392578125; 36.2822265625
2026-09-09; 07:37:17; 409; 1; 28.28; 998.39984375; 36.28125
2026-09-09; 07:38:17; 409; 1; 28.32; 998.371171875; 36.2158203125
2026-09-09; 07:39:17; 403; 0; 28.36; 998.434765625; 36.162109375
2026-09-09; 07:40:17; 402; 0; 28.42; 998.409609375; 35.8134765625
2026-09-09; 07:41:17; 400; 0; 28.47; 998.348125; 35.703125
2026-09-09; 07:42:17; 402; 0; 28.53; 998.366875; 35.2861328125
2026-09-09; 07:43:17; 407; 1; 28.6; 998.3091015625; 35.24609375
2026-09-09; 07:44:17; 400; 0; 28.68; 998.3919921875; 34.203125
2026-09-09; 07:45:17; 400; 0; 28.71; 998.3632421875; 33.75
2026-09-09; 07:46:17; 400; 0; 28.75; 998.2576953125; 33.2392578125
2026-09-09; 07:47:17; 400; 0; 28.72; 998.1742578125; 33.75
2026-09-09; 07:48:17; 400; 0; 28.79; 998.2008203125; 33.6181640625
2026-09-09; 07:49:17; 400; 0; 28.79; 998.1726953125; 33.3896484375
2026-09-09; 07:50:17; 433; 5; 28.79; 998.313359375; 33.0361328125
2026-09-09; 07:51:17; 400; 0; 28.78; 998.438203125; 32.75
2026-09-09; 07:52:17; 400; 0; 28.81; 998.5498046875; 30.8115234375
2026-09-09; 07:53:17; 400; 0; 28.86; 998.5650390625; 29.7978515625
2026-09-09; 07:54:17; 400; 0; 28.85; 998.54921875; 29.6494140625
2026-09-09; 07:55:17; 400; 0; 28.63; 998.4614453125; 29.4638671875
2026-09-09; 07:56:17; 400; 0; 28.68; 998.3919921875; 29.763671875
2026-09-09; 07:57:17; 400; 0; 28.47; 998.404375; 29.8525390625
2026-09-09; 07:58:17; 400; 0; 28.42; 998.353359375; 30.0888671875
2026-09-09; 07:59:17; 407; 1; 28.42; 998.409609375; 30.5341796875
2026-09-09; 08:00:17; 400; 0; 28.57; 998.4866796875; 29.57421875
2026-09-09; 08:01:18; 400; 0; 28.53; 998.6199609375; 29.73046875
2026-09-09; 08:02:18; 400; 0; 28.57; 998.6194140625; 29.7451171875
2026-09-09; 08:03:18; 400; 0; 28.61; 998.690546875; 29.4853515625
2026-09-09; 08:04:18; 400; 0; 28.64; 998.66625; 29.3037109375
2026-09-09; 08:05:18; 401; 0; 28.67; 998.6574609375; 29.3056640625
2026-09-09; 08:06:18; 400; 0; 28.78; 998.71953125; 29.05078125
2026-09-09; 08:07:18; 400; 0; 28.85; 998.7821875; 29.158203125
2026-09-09; 08:08:18; 403; 0; 28.89; 998.7613671875; 29.1494140625
2026-09-09; 08:09:18; 400; 0; 28.89; 998.7250390625; 28.5888671875
2026-09-09; 08:10:18; 400; 0; 28.78; 998.671171875; 28.8564453125
2026-09-09; 08:11:18; 400; 0; 28.72; 998.6243359375; 28.9208984375
2026-09-09; 08:12:18; 400; 0; 28.63; 998.6504296875; 29.0517578125
2026-09-09; 08:13:18; 400; 0; 28.59; 998.6589453125; 29.095703125
2026-09-09; 08:14:18; 400; 0; 28.49; 998.6410546875; 28.7578125
2026-09-09; 08:15:18; 400; 0; 28.49; 998.66125; 29.3056640625
2026-09-09; 08:16:18; 407; 1; 28.6; 998.6949609375; 29.05078125
2026-09-09; 08:17:18; 401; 0; 28.65; 998.7101953125; 29.0537109375
2026-09-09; 08:18:18; 401; 0; 28.68; 998.709296875; 28.953125
2026-09-09; 08:19:18; 400; 0; 28.75; 998.699921875; 28.6484375
2026-09-09; 08:20:18; 400; 0; 28.77; 998.81625; 28.341796875
2026-09-09; 08:21:18; 475; 11; 28.66; 998.8385546875; 28.8486328125
2026-09-09; 08:22:18; 428; 4; 28.66; 998.8385546875; 28.8251953125
2026-09-09; 08:23:18; 400; 0; 28.59; 998.8760546875; 28.26171875
2026-09-09; 08:24:18; 400; 0; 28.53; 998.83703125; 28.931640625
2026-09-09; 08:25:18; 400; 0; 28.63; 998.8754296875; 28.640625
2026-09-09; 08:26:18; 415; 2; 28.62; 998.923828125; 28.869140625
2026-09-09; 08:27:18; 400; 0; 28.61; 998.8795703125; 28.765625
2026-09-09; 08:28:18; 400; 0; 28.54; 998.9732421875; 28.9208984375
2026-09-09; 08:29:18; 403; 0; 28.47; 998.99484375; 29.15625
2026-09-09; 08:30:18; 400; 0; 28.42; 998.923671875; 29.1875
2026-09-09; 08:31:19; 402; 0; 28.44; 998.9192578125; 29.130859375
2026-09-09; 08:32:19; 400; 0; 28.51; 999.0101171875; 29.044921875
2026-09-09; 08:33:19; 400; 0; 28.36; 998.9891796875; 29.103515625
2026-09-09; 08:34:19; 400; 0; 28.42; 999.056328125; 29.0498046875
2026-09-09; 08:35:19; 400; 0; 28.49; 999.083046875; 28.9638671875
2026-09-09; 08:36:19; 416; 2; 28.46; 998.958828125; 29.29296875
2026-09-09; 08:37:19; 400; 0; 28.42; 998.923671875; 29.19921875
2026-09-09; 08:38:19; 406; 0; 28.42; 999.000078125; 29.3125
2026-09-09; 08:39:19; 405; 0; 28.4; 998.968125; 29.2998046875
2026-09-09; 08:40:19; 400; 0; 28.42; 999.056328125; 29.1640625
2026-09-09; 08:41:19; 403; 0; 28.47; 999.07921875; 29.0654296875
2026-09-09; 08:42:19; 400; 0; 28.47; 999.0590234375; 29.29296875
2026-09-09; 08:43:19; 400; 0; 28.46; 999.127578125; 29.14453125
2026-09-09; 08:44:19; 400; 0; 28.56; 999.1379296875; 29.1962890625
2026-09-09; 08:45:19; 400; 0; 28.63; 999.108359375; 29.041015625
2026-09-09; 08:46:19; 400; 0; 28.8; 999.2576171875; 28.720703125
2026-09-09; 08:47:19; 400; 0; 28.78; 999.2057421875; 28.8115234375
2026-09-09; 08:48:19; 400; 0; 28.97; 999.1541015625; 28.3193359375
2026-09-09; 08:49:19; 400; 0; 29.11; 999.23546875; 28.2138671875
2026-09-09; 08:50:19; 406; 0; 29.11; 999.20734375; 28.1455078125
2026-09-09; 08:51:19; 435; 5; 29.88; 999.2016796875; 27.265625
2026-09-09; 08:52:19; 483; 12; 30.41; 999.26484375; 26.4365234375
2026-09-09; 08:53:19; 539; 21; 31.26; 999.2610546875; 25.5546875
2026-09-09; 08:54:19; 600; 30; 32.58; 999.1608984375; 23.8642578125
2026-09-09; 08:55:19; 611; 32; 32.73; 999.183984375; 23.3515625
2026-09-09; 08:56:19; 584; 28; 33.31; 999.2147265625; 22.908203125
2026-09-09; 08:57:19; 589; 28; 33.7; 999.25609375; 22.5576171875
2026-09-09; 08:58:19; 618; 33; 34.4; 999.2797265625; 21.7099609375
2026-09-09; 08:59:19; 631; 35; 34.83; 999.240234375; 21.1044921875
2026-09-09; 09:00:19; 596; 29; 33.9; 999.2721484375; 21.826171875
2026-09-09; 09:01:20; 502; 15; 33.37; 999.2166015625; 22.228515625
2026-09-09; 09:02:20; 464; 9; 33.5; 999.19546875; 22.3740234375
2026-09-09; 09:03:20; 464; 9; 33.69; 999.1470703125; 22.140625
2026-09-09; 09:04:20; 455; 8; 33.93; 999.1292578125; 21.78125
2026-09-09; 09:05:20; 459; 8; 33.64; 999.1251171875; 22.2529296875
2026-09-09; 09:06:20; 450; 7; 32.93; 999.1321875; 23.015625
2026-09-09; 09:07:20; 415; 2; 32.89; 999.04875; 22.794921875
2026-09-09; 09:08:20; 400; 0; 33.19; 999.0046875; 22.462890625
2026-09-09; 09:09:20; 400; 0; 33.44; 999.100703125; 22.1630859375
2026-09-09; 09:10:20; 400; 0; 33.39; 999.078359375; 22.2880859375
2026-09-09; 09:11:20; 403; 0; 33.03; 999.035390625; 22.55859375
2026-09-09; 09:12:20; 402; 0; 32.74; 998.896484375; 22.9833984375
2026-09-09; 09:13:20; 403; 0; 33.02; 999.040078125; 22.8818359375
2026-09-09; 09:14:20; 422; 3; 32.78; 999.0082421875; 23.169921875
2026-09-09; 09:15:20; 400; 0; 32.12; 999.071953125; 23.482421875
2026-09-09; 09:16:20; 400; 0; 32.24; 999.10421875; 23.4658203125
2026-09-09; 09:17:20; 403; 0; 31.83; 999.1017578125; 24.0087890625
2026-09-09; 09:18:20; 400; 0; 31.47; 999.1334375; 24.2548828125
2026-09-09; 09:19:20; 405; 0; 31.74; 999.1491796875; 24.0615234375
2026-09-09; 09:20:20; 408; 1; 32.23; 999.2016015625; 23.46484375
2026-09-09; 09:21:20; 426; 3; 33.52; 999.2553125; 22.1552734375
2026-09-09; 09:22:20; 446; 7; 34.39; 999.235546875; 21.1767578125
2026-09-09; 09:23:20; 451; 7; 35.38; 999.2880859375; 20.095703125
2026-09-09; 09:24:20; 466; 10; 35.63; 999.3411328125; 19.990234375
2026-09-09; 09:25:20; 475; 11; 35.51; 999.3020703125; 19.9384765625
2026-09-09; 09:26:20; 488; 13; 35.32; 999.286640625; 20.1044921875
2026-09-09; 09:27:20; 483; 12; 34.91; 999.3584375; 20.4580078125
2026-09-09; 09:28:20; 466; 10; 35.16; 999.2904296875; 20.353515625
2026-09-09; 09:29:20; 475; 11; 35.21; 999.3771875; 20.146484375
2026-09-09; 09:30:20; 470; 10; 35.49; 999.348125; 20.03125
2026-09-09; 09:31:21; 466; 10; 35.27; 999.443046875; 20.0908203125
2026-09-09; 09:32:21; 454; 8; 34.48; 999.4629296875; 21.087890625
2026-09-09; 09:33:21; 434; 5; 33.99; 999.479296875; 21.4599609375
2026-09-09; 09:34:21; 400; 0; 33.29; 999.4870703125; 22.2705078125
2026-09-09; 09:35:21; 400; 0; 33.66; 999.6181640625; 21.814453125
2026-09-09; 09:36:21; 416; 2; 34.04; 999.6923046875; 21.4619140625
2026-09-09; 09:37:21; 1512; 179; 33.82; 999.664296875; 21.8798828125
2026-09-09; 09:38:21; 1498; 170; 33.78; 999.7919921875; 21.84375
2026-09-09; 09:39:21; 1491; 166; 34.85; 999.80359375; 20.873046875
2026-09-09; 09:40:21; 1491; 166; 35.06; 999.77359375; 20.4189453125
2026-09-09; 09:41:21; 1506; 176; 34.76; 999.754765625; 20.66015625
2026-09-09; 09:42:21; 1503; 174; 34.88; 999.716875; 20.50390625
2026-09-09; 09:43:21; 1520; 185; 35.29; 999.7512109375; 20.1259765625
2026-09-09; 09:44:21; 1512; 179; 35.28; 999.6296875; 19.9755859375
2026-09-09; 09:45:21; 1474; 163; 35.37; 999.5930078125; 19.8974609375
2026-09-09; 09:46:21; 1400; 152; 35.46; 999.564453125; 19.7509765625
2026-09-09; 09:47:21; 1291; 135; 35.19; 999.5728515625; 19.9013671875
2026-09-09; 09:48:21; 1181; 118; 35.09; 999.585859375; 20.013671875
2026-09-09; 09:49:21; 1107; 107; 34.93; 999.532265625; 20.064453125
2026-09-09; 09:50:21; 1047; 98; 35.27; 999.6420703125; 19.8583984375
2026-09-09; 09:51:21; 1012; 93; 35.89; 999.600390625; 19.2333984375
2026-09-09; 09:52:21; 1053; 99; 36.68; 999.548046875; 18.4853515625
2026-09-09; 09:53:21; 1077; 103; 37.42; 999.6060546875; 17.779296875
2026-09-09; 09:54:21; 1038; 97; 37.84; 999.586875; 17.3154296875
2026-09-09; 09:55:21; 954; 84; 36.48; 999.5672265625; 18.349609375
2026-09-09; 09:56:21; 877; 72; 36.07; 999.5919140625; 18.8681640625
2026-09-09; 09:57:21; 836; 66; 36.51; 999.5655078125; 18.548828125
2026-09-09; 09:58:21; 817; 63; 37.17; 999.6195703125; 17.86328125
2026-09-09; 09:59:21; 945; 83; 37.81; 999.604453125; 18.0751953125
2026-09-09; 10:00:22; 1174; 117; 37.93; 999.642578125; 18.4541015625
2026-09-09; 10:01:22; 1474; 163; 38.25; 999.681171875; 18.384765625
2026-09-09; 10:02:22; 1551; 207; 38.85; 999.6730859375; 17.7646484375
2026-09-09; 10:03:22; 1583; 231; 38.45; 999.681171875; 17.8310546875
2026-09-09; 10:04:22; 1637; 279; 38.85; 999.6730859375; 17.4951171875
2026-09-09; 10:05:22; 1629; 272; 39.03; 999.71109375; 17.2666015625
2026-09-09; 10:06:22; 1647; 287; 38.82; 999.8466796875; 17.4228515625
2026-09-09; 10:07:22; 1632; 275; 38.21; 999.7970703125; 17.9501953125
2026-09-09; 10:08:22; 1655; 294; 37.1; 999.823046875; 19.109375
2026-09-09; 10:09:22; 1657; 296; 36.53; 999.7599609375; 19.703125
2026-09-09; 10:10:22; 1681; 320; 35.87; 999.7966015625; 20.5703125
2026-09-09; 10:11:22; 1700; 338; 35.74; 999.79875; 20.634765625
2026-09-09; 10:12:22; 1724; 361; 35.4; 999.81078125; 20.9560546875
2026-09-09; 10:13:22; 1748; 389; 35.43; 999.7732421875; 20.865234375
2026-09-09; 10:14:22; 1760; 403; 35.82; 999.689296875; 20.568359375
2026-09-09; 10:15:22; 1789; 438; 36.36; 999.7923046875; 20.056640625
2026-09-09; 10:16:22; 1815; 469; 36.66; 999.7730859375; 19.779296875
2026-09-09; 10:17:22; 1837; 498; 36.93; 999.7345703125; 19.6162109375
2026-09-09; 10:18:22; 1858; 527; 36.49; 999.79015625; 20.02734375
2026-09-09; 10:19:22; 1898; 582; 36.57; 999.8591015625; 20.01953125
2026-09-09; 10:20:22; 1931; 633; 36.96; 999.8593359375; 19.6630859375
2026-09-09; 10:21:22; 1920; 617; 36.42; 999.858671875; 20.0712890625
2026-09-09; 10:22:22; 1938; 645; 35.92; 999.839453125; 20.654296875
2026-09-09; 10:23:22; 1965; 687; 35.69; 999.79734375; 20.8876953125
2026-09-09; 10:24:22; 1982; 716; 35.19; 999.84921875; 21.353515625
2026-09-09; 10:25:22; 2003; 753; 34.87; 999.871640625; 21.837890625
2026-09-09; 10:26:22; 2020; 784; 34.56; 999.8446875; 22.06640625
2026-09-09; 10:27:22; 2050; 825; 34.46; 999.85734375; 22.3857421875
2026-09-09; 10:28:22; 2062; 846; 34.34; 999.95140625; 22.333984375
2026-09-09; 10:29:22; 2056; 836; 34.31; 1000.017421875; 22.35546875
2026-09-09; 10:30:23; 2056; 836; 34.48; 1000.1159375; 22.3408203125
2026-09-09; 10:31:23; 2082; 883; 34.58; 1000.010234375; 22.357421875
2026-09-09; 10:32:23; 2116; 957; 34.6; 999.985234375; 22.3232421875
2026-09-09; 10:33:23; 2128; 981; 34.77; 1000.005625; 22.158203125
2026-09-09; 10:34:23; 2150; 1031; 35.12; 999.9456640625; 21.6748046875
2026-09-09; 10:35:23; 2162; 1057; 35.44; 999.9595703125; 21.203125
2026-09-09; 10:36:23; 2162; 1057; 35.39; 999.9940625; 21.4208984375
2026-09-09; 10:37:23; 2218; 1179; 35.69; 1000.1387109375; 21.248046875
2026-09-09; 10:38:23; 2162; 1057; 35.86; 1000.0448828125; 20.10546875
2026-09-09; 10:39:23; 2098; 920; 36.13; 1000.0928515625; 19.755859375
2026-09-09; 10:40:23; 2014; 771; 36.18; 1000.0784375; 19.828125
2026-09-09; 10:41:23; 2009; 763; 35.96; 1000.0240234375; 20.0859375
2026-09-09; 10:42:23; 1938; 645; 35.48; 1000.022734375; 20.4609375
2026-09-09; 10:43:23; 1837; 498; 35.2; 1000.007109375; 20.28515625
2026-09-09; 10:44:23; 1796; 445; 34.66; 999.93765625; 21.177734375
2026-09-09; 10:45:23; 1715; 354; 34.58; 999.981875; 21.173828125
2026-09-09; 10:46:23; 1687; 326; 34.47; 999.9093359375; 21.146484375
2026-09-09; 10:47:23; 1677; 315; 34.58; 999.9329296875; 21.3369140625
2026-09-09; 10:48:23; 1655; 294; 34.56; 1000.0150390625; 21.3125
2026-09-09; 10:49:23; 1632; 275; 34.46; 999.950390625; 21.412109375
2026-09-09; 10:50:23; 1641; 282; 34.35; 999.9750390625; 21.5810546875
2026-09-09; 10:51:23; 1668; 307; 34.4; 999.9894140625; 21.826171875
2026-09-09; 10:52:23; 1700; 338; 34.36; 1000.096484375; 21.720703125
2026-09-09; 10:53:23; 1748; 389; 34.42; 1000.0858203125; 21.943359375
2026-09-09; 10:54:23; 1810; 461; 34.37; 1000.0916796875; 22.2431640625
2026-09-09; 10:55:23; 1890; 571; 34.3; 1000.151484375; 22.7138671875
2026-09-09; 10:56:23; 2003; 753; 34.31; 1000.223984375; 22.9931640625
2026-09-09; 10:57:23; 2144; 1018; 34.19; 1000.2412890625; 23.705078125
2026-09-09; 10:58:23; 2291; 1338; 34.26; 1000.1815234375; 23.8125
2026-09-09; 10:59:23; 2502; 1789; 34.31; 1000.2523828125; 24.533203125
2026-09-09; 11:00:24; 2797; 2428; 34.5; 1000.26890625; 24.6015625
2026-09-09; 11:01:24; 3057; 2972; 34.64; 1000.275390625; 24.341796875
2026-09-09; 11:02:24; 3312; 3515; 34.68; 1000.2329296875; 24.6923828125
2026-09-09; 11:03:24; 3595; 4121; 34.72; 1000.2958984375; 25.0888671875
2026-09-09; 11:04:24; 3956; 4911; 34.5; 1000.26890625; 25.6669921875
2026-09-09; 11:05:24; 4220; 5461; 34.5; 1000.2894140625; 25.4580078125
2026-09-09; 11:06:24; 4350; 5735; 34.39; 1000.2859375; 24.908203125
2026-09-09; 11:07:24; 4396; 5839; 34.33; 1000.191171875; 25.564453125
2026-09-09; 11:08:24; 4425; 5894; 34.24; 1000.206484375; 25.1318359375
2026-09-09; 11:09:24; 4350; 5735; 34.06; 1000.1415234375; 24.8095703125
2026-09-09; 11:10:24; 4176; 5351; 34.02; 1000.1428515625; 24.6103515625
2026-09-09; 11:11:24; 3885; 4766; 33.73; 1000.182421875; 23.658203125
2026-09-09; 11:12:24; 3507; 3933; 33.62; 1000.1990625; 23.8720703125
2026-09-09; 11:13:24; 3383; 3679; 33.53; 1000.1987109375; 24.583984375
2026-09-09; 11:14:24; 3312; 3515; 33.58; 1000.2778125; 24.505859375
2026-09-09; 11:15:24; 3260; 3413; 33.5; 1000.3215234375; 24.7099609375
2026-09-09; 11:16:24; 3260; 3413; 33.45; 1000.3352734375; 25.0888671875
2026-09-09; 11:17:24; 3294; 3481; 33.48; 1000.4109765625; 24.962890625
2026-09-09; 11:18:24; 3373; 3651; 33.47; 1000.488125; 25.494140625
2026-09-09; 11:19:24; 3474; 3862; 33.59; 1000.3786328125; 25.546875
2026-09-09; 11:20:24; 3613; 4159; 33.74; 1000.3604296875; 25.5439453125
2026-09-09; 11:21:24; 3844; 4678; 33.82; 1000.4017578125; 25.802734375
2026-09-09; 11:22:24; 4043; 5105; 33.93; 1000.3695703125; 25.958984375
2026-09-09; 11:23:24; 4276; 5574; 33.89; 1000.39890625; 26.22265625
2026-09-09; 11:24:24; 4481; 6012; 34.07; 1000.4205078125; 26.2333984375
2026-09-09; 11:25:24; 4750; 6595; 34.1; 1000.34640625; 26.3623046875
2026-09-09; 11:26:24; 5019; 7171; 34.09; 1000.4725390625; 26.4658203125
2026-09-09; 11:27:24; 4886; 6879; 33.76; 1000.4487109375; 24.2607421875
2026-09-09; 11:28:24; 4396; 5839; 33.0; 1000.5740625; 23.9208984375
2026-09-09; 11:29:24; 3826; 4613; 32.64; 1000.60671875; 23.61328125
2026-09-09; 11:30:25; 3383; 3679; 32.65; 1000.6508203125; 23.4521484375
2026-09-09; 11:31:25; 3070; 2998; 32.27; 1000.679609375; 23.455078125
2026-09-09; 11:32:25; 2744; 2314; 32.04; 1000.642109375; 23.60546875
2026-09-09; 11:33:25; 2509; 1804; 32.13; 1000.6151953125; 23.4482421875
2026-09-09; 11:34:25; 2298; 1352; 31.84; 1000.57984375; 23.537109375
2026-09-09; 11:35:25; 2122; 969; 31.88; 1000.6716015625; 23.4697265625
2026-09-09; 11:36:25; 1971; 696; 31.83; 1000.6284375; 23.4677734375
2026-09-09; 11:37:25; 1856; 524; 32.22; 1000.685234375; 23.2685546875
2026-09-09; 11:38:25; 1785; 434; 32.03; 1000.75984375; 23.55859375
2026-09-09; 11:39:25; 1756; 399; 32.69; 1000.7063671875; 23.4072265625
2026-09-09; 11:40:25; 1772; 417; 32.83; 1000.7297265625; 23.6455078125
2026-09-09; 11:41:25; 1805; 456; 32.88; 1000.7321875; 24.041015625
2026-09-09; 11:42:25; 1863; 535; 32.92; 1000.674140625; 24.158203125
2026-09-09; 11:43:25; 1890; 571; 32.73; 1000.6075390625; 24.16015625
2026-09-09; 11:44:25; 1900; 586; 32.83; 1000.567734375; 24.2119140625
2026-09-09; 11:45:25; 1824; 480; 32.73; 1000.57921875; 23.7333984375
2026-09-09; 11:46:25; 1772; 417; 32.64; 1000.635078125; 23.9013671875
2026-09-09; 11:47:25; 1726; 364; 32.31; 1000.7223828125; 24.4033203125
2026-09-09; 11:48:25; 1657; 296; 32.35; 1000.6446484375; 24.255859375
2026-09-09; 11:49:25; 1591; 237; 32.3; 1000.67828125; 24.2646484375
2026-09-09; 11:50:25; 1547; 205; 32.26; 1000.67171875; 24.3427734375
2026-09-09; 11:51:25; 1506; 176; 32.05; 1000.6865234375; 24.251953125
2026-09-09; 11:52:25; 1204; 122; 32.05; 1000.6582421875; 24.33203125
2026-09-09; 11:53:25; 1099; 106; 32.01; 1000.61515625; 24.4453125
2026-09-09; 11:54:25; 990; 89; 31.79; 1000.6139453125; 24.3984375
2026-09-09; 11:55:25; 699; 45; 31.87; 1000.5426953125; 23.7919921875
2026-09-09; 11:56:25; 594; 29; 31.93; 1000.5529296875; 24.244140625
2026-09-09; 11:57:25; 560; 24; 31.89; 1000.6308203125; 24.369140625
2026-09-09; 11:58:25; 433; 5; 31.97; 1000.6161328125; 23.716796875
2026-09-09; 11:59:26; 400; 0; 31.88; 1000.6071484375; 23.8037109375
2026-09-09; 12:00:26; 400; 0; 31.73; 1000.6316015625; 24.1533203125
2026-09-09; 12:01:26; 400; 0; 31.72; 1000.61578125; 24.048828125
2026-09-09; 12:02:26; 400; 0; 31.66; 1000.6133984375; 23.76953125
2026-09-09; 12:03:26; 400; 0; 31.86; 1000.55515625; 23.837890625
2026-09-09; 12:04:26; 400; 0; 31.91; 1000.5131640625; 23.943359375
2026-09-09; 12:05:26; 403; 0; 31.82; 1000.6409375; 23.8818359375
2026-09-09; 12:06:26; 402; 0; 31.8; 1000.6014453125; 23.5234375
2026-09-09; 12:07:26; 400; 0; 31.73; 1000.6394921875; 23.646484375
2026-09-09; 12:08:26; 401; 0; 31.57; 1000.5918359375; 23.5693359375
2026-09-09; 12:09:26; 400; 0; 31.57; 1000.56359375; 23.626953125
2026-09-09; 12:10:26; 402; 0; 31.64; 1000.6383203125; 23.7685546875
2026-09-09; 12:11:26; 403; 0; 31.82; 1000.5482421875; 23.466796875
2026-09-09; 12:12:26; 400; 0; 31.83; 1000.487109375; 23.537109375
2026-09-09; 12:13:26; 400; 0; 31.98; 1000.575625; 23.2099609375
2026-09-09; 12:14:26; 400; 0; 31.81; 1000.532421875; 23.4892578125
2026-09-09; 12:15:26; 402; 0; 32.0; 1000.5427734375; 23.3720703125
2026-09-09; 12:16:26; 421; 3; 31.98; 1000.5674609375; 23.40625
2026-09-09; 12:17:26; 408; 1; 31.84; 1000.5880078125; 22.9384765625
2026-09-09; 12:18:26; 400; 0; 31.74; 1000.5908984375; 23.1630859375
2026-09-09; 12:19:26; 403; 0; 31.81; 1000.532421875; 23.212890625
2026-09-09; 12:20:26; 400; 0; 31.68; 1000.5601953125; 23.1259765625
2026-09-09; 12:21:26; 400; 0; 31.68; 1000.645; 23.1376953125
2026-09-09; 12:22:26; 400; 0; 31.41; 1000.592421875; 23.48046875
2026-09-09; 12:23:26; 400; 0; 31.25; 1000.4519140625; 23.7255859375
2026-09-09; 12:24:26; 400; 0; 31.3; 1000.474765625; 23.693359375
2026-09-09; 12:25:26; 400; 0; 31.32; 1000.5063671875; 23.970703125
2026-09-09; 12:26:26; 400; 0; 31.31; 1000.4340625; 24.3271484375
2026-09-09; 12:27:26; 454; 8; 31.56; 1000.483046875; 24.328125
2026-09-09; 12:28:26; 561; 24; 31.42; 1000.4387109375; 24.6552734375
2026-09-09; 12:29:27; 682; 42; 31.5; 1000.444453125; 24.6708984375
2026-09-09; 12:30:27; 768; 56; 31.51; 1000.43234375; 24.44140625
2026-09-09; 12:31:27; 885; 73; 31.62; 1000.4651171875; 24.423828125
2026-09-09; 12:32:27; 1019; 94; 31.78; 1000.4850390625; 24.3515625
2026-09-09; 12:33:27; 967; 86; 31.83; 1000.487109375; 23.6748046875
2026-09-09; 12:34:27; 1019; 94; 31.75; 1000.43703125; 24.177734375
2026-09-09; 12:35:27; 1156; 115; 31.67; 1000.4799609375; 24.115234375
2026-09-09; 12:36:27; 1224; 125; 31.64; 1000.44046875; 24.0791015625
2026-09-09; 12:37:27; 1270; 132; 31.67; 1000.4234765625; 23.8271484375
2026-09-09; 12:38:27; 1345; 143; 31.59; 1000.4821484375; 23.7666015625
2026-09-09; 12:39:27; 1462; 161; 31.62; 1000.48546875; 23.6865234375
2026-09-09; 12:40:27; 1474; 163; 31.51; 1000.440234375; 23.8544921875
2026-09-09; 12:41:27; 1496; 169; 31.54; 1000.459375; 23.87890625
2026-09-09; 12:42:27; 1487; 165; 31.4; 1000.5121875; 23.8017578125
2026-09-09; 12:43:27; 1491; 166; 31.65; 1000.5048828125; 23.5380859375
2026-09-09; 12:44:27; 1416; 154; 31.65; 1000.533203125; 23.5380859375
2026-09-09; 12:45:27; 1436; 157; 31.59; 1000.4821484375; 23.7431640625
2026-09-09; 12:46:27; 1441; 158; 31.58; 1000.4663671875; 23.6044921875
2026-09-09; 12:47:27; 1389; 150; 31.46; 1000.4456640625; 23.505859375
2026-09-09; 12:48:27; 1416; 154; 31.31; 1000.4623046875; 23.6708984375
2026-09-09; 12:49:27; 1367; 147; 31.38; 1000.537109375; 23.708984375
2026-09-09; 12:50:27; 1238; 127; 31.34; 1000.5018359375; 23.591796875
2026-09-09; 12:51:27; 1118; 109; 30.93; 1000.516953125; 23.765625
2026-09-09; 12:52:27; 1019; 94; 31.18; 1000.4898046875; 23.5380859375
2026-09-09; 12:53:27; 942; 82; 31.25; 1000.4237109375; 23.4716796875
2026-09-09; 12:54:27; 851; 68; 31.15; 1000.5268359375; 23.478515625
2026-09-09; 12:55:27; 783; 58; 31.02; 1000.5265625; 23.748046875
2026-09-09; 12:56:27; 733; 50; 31.21; 1000.5090234375; 23.4931640625
2026-09-09; 12:57:27; 672; 41; 31.12; 1000.5076171875; 23.5
2026-09-09; 12:58:27; 629; 34; 31.22; 1000.4886328125; 23.4130859375
2026-09-09; 12:59:28; 592; 29; 31.3; 1000.5108984375; 23.291015625
2026-09-09; 13:00:28; 555; 23; 31.38; 1000.5936328125; 23.259765625
2026-09-09; 13:01:28; 546; 22; 31.28; 1000.5355078125; 23.4052734375
2026-09-09; 13:02:28; 614; 32; 31.37; 1000.5009375; 23.3173828125
2026-09-09; 13:03:28; 615; 32; 31.42; 1000.515546875; 23.3310546875
2026-09-09; 13:04:28; 596; 29; 31.3; 1000.6521484375; 23.291015625
2026-09-09; 13:05:28; 599; 30; 31.44; 1000.5836328125; 23.240234375
2026-09-09; 13:06:28; 615; 32; 31.39; 1000.5890625; 23.2607421875
2026-09-09; 13:07:28; 623; 33; 31.47; 1000.631015625; 23.0576171875
2026-09-09; 13:08:28; 643; 37; 31.52; 1000.5408203125; 23.001953125
2026-09-09; 13:09:28; 641; 36; 31.56; 1000.5474609375; 22.947265625
2026-09-09; 13:10:28; 682; 42; 31.52; 1000.6538671875; 23.1982421875
2026-09-09; 13:11:28; 688; 43; 31.36; 1000.62609375; 23.31640625
2026-09-09; 13:12:28; 692; 44; 31.44; 1000.603984375; 23.2509765625
2026-09-09; 13:13:28; 714; 47; 31.61; 1000.61890625; 23.16796875
2026-09-09; 13:14:28; 765; 55; 31.66; 1000.58515625; 23.08984375
2026-09-09; 13:15:28; 832; 65; 31.71; 1000.57171875; 23.0458984375
2026-09-09; 13:16:28; 942; 82; 31.71; 1000.664453125; 23.0234375
2026-09-09; 13:17:28; 1068; 101; 31.77; 1000.6665625; 23.0146484375
2026-09-09; 13:18:28; 1207; 122; 31.78; 1000.6060546875; 22.9921875
2026-09-09; 13:19:28; 1367; 147; 31.75; 1000.61453125; 23.060546875
2026-09-09; 13:20:28; 1507; 177; 31.82; 1000.661328125; 23.005859375
2026-09-09; 13:21:28; 1556; 211; 31.84; 1000.6363671875; 22.97265625
2026-09-09; 13:22:28; 1608; 254; 31.92; 1000.735078125; 22.9189453125
2026-09-09; 13:23:28; 1665; 304; 31.91; 1000.747265625; 22.96484375
2026-09-09; 13:24:28; 1721; 359; 31.94; 1000.6739453125; 22.919921875
2026-09-09; 13:25:28; 1774; 418; 31.94; 1000.7022265625; 22.931640625
2026-09-09; 13:26:28; 1836; 497; 31.98; 1000.68875; 22.8994140625
2026-09-09; 13:27:28; 1899; 584; 31.94; 1000.6739453125; 22.919921875
2026-09-09; 13:28:28; 1970; 694; 31.96; 1000.733828125; 22.978515625
2026-09-09; 13:29:29; 2048; 823; 31.94; 1000.7383984375; 22.9775390625
2026-09-09; 13:30:29; 2116; 957; 31.92; 1000.621953125; 23.0
2026-09-09; 13:31:29; 2174; 1084; 31.88; 1000.6150390625; 23.06640625
2026-09-09; 13:32:29; 2242; 1225; 31.9; 1000.61046875; 23.0908203125
2026-09-09; 13:33:29; 2326; 1410; 31.9; 1000.590078125; 23.0791015625
2026-09-09; 13:34:29; 2388; 1546; 31.85; 1000.5959375; 23.111328125
2026-09-09; 13:35:29; 2478; 1728; 31.87; 1000.5348046875; 23.169921875
2026-09-09; 13:36:29; 2549; 1886; 31.88; 1000.5788671875; 23.1357421875
2026-09-09; 13:37:29; 2630; 2066; 31.93; 1000.5733203125; 23.103515625
2026-09-09; 13:38:29; 2708; 2241; 31.97; 1000.5878125; 23.0830078125
2026-09-09; 13:39:29; 2797; 2428; 31.98; 1000.5473828125; 23.037109375
2026-09-09; 13:40:29; 2878; 2601; 32.03; 1000.6184375; 23.0166015625
2026-09-09; 13:41:29; 2971; 2786; 32.05; 1000.6299609375; 23.0068359375
2026-09-09; 13:42:29; 3060; 2973; 32.11; 1000.603671875; 22.9287109375
2026-09-09; 13:43:29; 3141; 3155; 32.11; 1000.555; 22.962890625
2026-09-09; 13:44:29; 3226; 3340; 32.15; 1000.5823046875; 22.9306640625
2026-09-09; 13:45:29; 3303; 3501; 32.1; 1000.53921875; 22.9970703125
2026-09-09; 13:46:29; 3403; 3721; 32.11; 1000.6681640625; 23.009765625
2026-09-09; 13:47:29; 3493; 3898; 32.19; 1000.730625; 22.9443359375
2026-09-09; 13:48:29; 3584; 4106; 32.1; 1000.7293359375; 23.0087890625
2026-09-09; 13:49:29; 3693; 4335; 32.09; 1000.72140625; 23.078125
2026-09-09; 13:50:29; 3778; 4505; 32.1; 1000.616171875; 23.078125
2026-09-09; 13:51:29; 3882; 4758; 32.1; 1000.672734375; 23.1005859375
2026-09-09; 13:52:29; 3974; 4944; 32.14; 1000.6796484375; 23.080078125
2026-09-09; 13:53:29; 4077; 5181; 32.08; 1000.5925; 23.134765625
2026-09-09; 13:54:29; 4212; 5443; 32.03; 1000.64671875; 23.189453125
2026-09-09; 13:55:29; 4309; 5636; 32.05; 1000.5651953125; 23.2021484375
2026-09-09; 13:56:29; 4371; 5785; 32.04; 1000.5007421875; 23.0869140625
2026-09-09; 13:57:29; 4160; 5317; 32.02; 1000.553984375; 22.6591796875
2026-09-09; 13:58:29; 3801; 4559; 31.94; 1000.6535546875; 22.5166015625
2026-09-09; 13:59:30; 3460; 3827; 31.87; 1000.59921875; 22.4091796875
2026-09-09; 14:00:30; 3156; 3181; 31.77; 1000.561328125; 22.3466796875
2026-09-09; 14:01:30; 2906; 2649; 31.76; 1000.5941796875; 22.2421875
2026-09-09; 14:02:30; 2682; 2170; 31.8; 1000.6580078125; 22.0947265625
2026-09-09; 14:03:30; 2493; 1768; 31.74; 1000.62703125; 22.080078125
2026-09-09; 14:04:30; 2332; 1423; 31.69; 1000.576015625; 22.03125
2026-09-09; 14:05:30; 2199; 1138; 31.78; 1000.598125; 21.88671875
2026-09-09; 14:06:30; 2086; 891; 31.8; 1000.6014453125; 21.8408203125
2026-09-09; 14:07:30; 1973; 700; 31.76; 1000.5941796875; 21.8046875
2026-09-09; 14:08:30; 1939; 647; 31.83; 1000.5640234375; 22.095703125
2026-09-09; 14:09:30; 1899; 584; 31.85; 1000.518984375; 21.8671875
2026-09-09; 14:10:30; 1836; 497; 31.82; 1000.6409375; 21.8193359375
2026-09-09; 14:11:30; 1779; 427; 31.77; 1000.52515625; 21.8515625
2026-09-09; 14:12:30; 1717; 355; 31.75; 1000.529765625; 21.79296875
2026-09-09; 14:13:30; 1665; 304; 31.77; 1000.52515625; 21.724609375
2026-09-09; 14:14:30; 1606; 249; 31.75; 1000.473203125; 21.7001953125
2026-09-09; 14:15:30; 1559; 214; 31.79; 1000.5935546875; 21.6337890625
2026-09-09; 14:16:30; 1508; 177; 31.78; 1000.5415625; 21.62109375
2026-09-09; 14:17:30; 1372; 148; 31.76; 1000.5659375; 21.6083984375
2026-09-09; 14:18:30; 1204; 122; 31.73; 1000.575078125; 21.619140625
2026-09-09; 14:19:30; 1065; 101; 31.72; 1000.61578125; 21.572265625
2026-09-09; 14:20:30; 933; 81; 31.72; 1000.531015625; 21.548828125
2026-09-09; 14:21:30; 821; 64; 31.71; 1000.4665625; 21.4912109375
2026-09-09; 14:22:30; 726; 49; 31.7; 1000.4991015625; 21.5361328125
2026-09-09; 14:23:30; 652; 38; 31.69; 1000.5116015625; 21.5703125
2026-09-09; 14:24:30; 586; 28; 31.62; 1000.48546875; 21.61328125
2026-09-09; 14:25:30; 517; 17; 31.6; 1000.4617578125; 21.6015625
2026-09-09; 14:26:30; 459; 8; 31.57; 1000.478828125; 21.611328125
2026-09-09; 14:27:30; 420; 3; 31.61; 1000.5262109375; 21.6240234375
2026-09-09; 14:28:31; 400; 0; 31.61; 1000.413125; 21.6357421875
2026-09-09; 14:29:31; 400; 0; 31.59; 1000.45390625; 21.6005859375
2026-09-09; 14:30:31; 400; 0; 31.66; 1000.492421875; 21.5810546875
2026-09-09; 14:31:31; 400; 0; 31.58; 1000.3815625; 21.623046875
2026-09-09; 14:32:31; 400; 0; 31.62; 1000.28765625; 21.58984375
2026-09-09; 14:33:31; 400; 0; 31.63; 1000.416484375; 21.6025390625
2026-09-09; 14:34:31; 400; 0; 31.62; 1000.3803125; 21.6826171875
2026-09-09; 14:35:31; 400; 0; 31.62; 1000.3520703125; 21.775390625
2026-09-09; 14:36:31; 400; 0; 31.7; 1000.3860546875; 21.87109375
2026-09-09; 14:37:31; 400; 0; 31.7; 1000.3656640625; 22.0439453125
2026-09-09; 14:38:31; 400; 0; 31.71; 1000.458671875; 22.1357421875
2026-09-09; 14:39:31; 400; 0; 31.72; 1000.510625; 22.2177734375
2026-09-09; 14:40:31; 428; 4; 31.72; 1000.4541015625; 22.3564453125
2026-09-09; 14:41:31; 519; 18; 31.72; 1000.510625; 22.4365234375
2026-09-09; 14:42:31; 617; 33; 31.77; 1000.5048046875; 22.5078125
2026-09-09; 14:43:31; 740; 51; 31.81; 1000.5041796875; 22.4521484375
2026-09-09; 14:44:31; 857; 69; 31.79; 1000.500859375; 22.4169921875
2026-09-09; 14:45:31; 977; 87; 31.79; 1000.5087109375; 22.3369140625
2026-09-09; 14:46:31; 1105; 107; 31.81; 1000.39109375; 22.3251953125
2026-09-09; 14:47:31; 1242; 128; 31.81; 1000.427265625; 22.337890625
2026-09-09; 14:48:31; 1372; 148; 31.81; 1000.4193359375; 22.3251953125
2026-09-09; 14:49:31; 1495; 166; 31.81; 1000.5120703125; 22.337890625
2026-09-09; 14:50:31; 1521; 186; 31.79; 1000.48046875; 22.3017578125
2026-09-09; 14:51:31; 1544; 203; 31.83; 1000.5074609375; 22.234375
2026-09-09; 14:52:31; 1571; 222; 31.83; 1000.515390625; 22.2001953125
2026-09-09; 14:53:31; 1597; 242; 31.84; 1000.503203125; 22.2236328125
2026-09-09; 14:54:31; 1621; 265; 31.86; 1000.4986328125; 22.1201171875
2026-09-09; 14:55:31; 1631; 273; 31.87; 1000.4782421875; 22.0517578125
2026-09-09; 14:56:31; 1640; 281; 31.89; 1000.538125; 21.9951171875
2026-09-09; 14:57:31; 1654; 293; 31.89; 1000.538125; 21.9599609375
2026-09-09; 14:58:32; 1664; 303; 31.87; 1000.5709765625; 21.9482421875
2026-09-09; 14:59:32; 1668; 307; 31.86; 1000.61171875; 21.935546875
2026-09-09; 15:00:32; 1669; 308; 31.84; 1000.6162890625; 21.947265625
2026-09-09; 15:01:32; 1669; 308; 31.79; 1000.53703125; 22.001953125
2026-09-09; 15:02:32; 1678; 318; 31.81; 1000.4837890625; 21.9921875
2026-09-09; 15:03:32; 1680; 319; 31.79; 1000.5573828125; 22.0478515625
2026-09-09; 15:04:32; 1685; 323; 31.8; 1000.544921875; 22.037109375
2026-09-09; 15:05:32; 1685; 323; 31.8; 1000.58109375; 22.025390625
2026-09-09; 15:06:32; 1683; 322; 31.75; 1000.521875; 22.0810546875
2026-09-09; 15:07:32; 1678; 318; 31.76; 1000.53765625; 22.0693359375
2026-09-09; 15:08:32; 1678; 318; 31.77; 1000.5048046875; 22.0009765625
2026-09-09; 15:09:32; 1678; 318; 31.76; 1000.509375; 22.03515625
2026-09-09; 15:10:32; 1676; 314; 31.79; 1000.529140625; 21.978515625
2026-09-09; 15:11:32; 1676; 314; 31.81; 1000.56859375; 21.96875
2026-09-09; 15:12:32; 1674; 313; 31.8; 1000.573203125; 21.9443359375
2026-09-09; 15:13:32; 1669; 308; 31.79; 1000.53703125; 21.8642578125
2026-09-09; 15:14:32; 1664; 303; 31.78; 1000.5133203125; 21.8291015625
2026-09-09; 15:15:32; 1660; 299; 31.81; 1000.56859375; 21.75
2026-09-09; 15:16:32; 1650; 289; 31.86; 1000.61171875; 21.6591796875
2026-09-09; 15:17:32; 1635; 277; 31.78; 1000.6546484375; 21.7021484375
2026-09-09; 15:18:32; 1625; 268; 31.8; 1000.52453125; 21.703125
2026-09-09; 15:19:32; 1621; 265; 31.78; 1000.6060546875; 21.712890625
2026-09-09; 15:20:32; 1616; 261; 31.74; 1000.57046875; 21.74609375
2026-09-09; 15:21:32; 1621; 265; 31.79; 1000.585625; 21.66796875
2026-09-09; 15:22:32; 1608; 254; 31.73; 1000.575078125; 21.6533203125
2026-09-09; 15:23:32; 1597; 242; 31.73; 1000.4981640625; 21.619140625
2026-09-09; 15:24:32; 1588; 235; 31.73; 1000.575078125; 21.6416015625
2026-09-09; 15:25:32; 1573; 225; 31.74; 1000.562578125; 21.595703125
2026-09-09; 15:26:32; 1563; 217; 31.67; 1000.5161328125; 21.662109375
2026-09-09; 15:27:32; 1555; 209; 31.67; 1000.5082421875; 21.6611328125
2026-09-09; 15:28:33; 1542; 200; 31.68; 1000.637109375; 21.685546875
2026-09-09; 15:29:33; 1533; 194; 31.65; 1000.625859375; 21.71875
2026-09-09; 15:30:33; 1528; 191; 31.62; 1000.5498828125; 21.84375
2026-09-09; 15:31:33; 1524; 187; 31.68; 1000.61671875; 21.8359375
2026-09-09; 15:32:33; 1520; 185; 31.67; 1000.62921875; 21.9619140625
2026-09-09; 15:33:33; 1513; 180; 31.65; 1000.5897265625; 22.14453125
2026-09-09; 15:34:33; 1507; 177; 31.62; 1000.655078125; 22.3388671875
2026-09-09; 15:35:33; 1496; 169; 31.6; 1000.6030859375; 22.4189453125
2026-09-09; 15:36:33; 1474; 163; 31.59; 1000.6799609375; 22.4189453125
2026-09-09; 15:37:33; 1462; 161; 31.61; 1000.582734375; 22.3271484375
2026-09-09; 15:38:33; 1487; 165; 31.61; 1000.703671875; 22.28125
2026-09-09; 15:39:33; 1453; 160; 31.59; 1000.6720703125; 22.326171875
2026-09-09; 15:40:33; 1453; 160; 31.61; 1000.61890625; 22.408203125
2026-09-09; 15:41:33; 1425; 156; 31.61; 1000.69578125; 22.396484375
2026-09-09; 15:42:33; 1404; 152; 31.55; 1000.588203125; 22.462890625
2026-09-09; 15:43:33; 1393; 151; 31.56; 1000.5474609375; 22.4638671875
2026-09-09; 15:44:33; 1404; 152; 31.56; 1000.5112890625; 22.4169921875
2026-09-09; 15:45:33; 1389; 150; 31.56; 1000.4909375; 22.3828125
2026-09-09; 15:46:33; 1416; 154; 31.56; 1000.4909375; 22.3486328125
2026-09-09; 15:47:33; 1420; 155; 31.58; 1000.4019140625; 22.2568359375
2026-09-09; 15:48:33; 1420; 155; 31.67; 1000.4799609375; 22.1337890625
2026-09-09; 15:49:33; 1393; 151; 31.64; 1000.4040234375; 22.14453125
2026-09-09; 15:50:33; 1372; 148; 31.7; 1000.4991015625; 22.0439453125
2026-09-09; 15:51:33; 1352; 145; 31.69; 1000.53984375; 21.9970703125
2026-09-09; 15:52:33; 1338; 142; 31.65; 1000.48453125; 22.029296875
2026-09-09; 15:53:33; 1330; 141; 31.66; 1000.4720703125; 21.99609375
2026-09-09; 15:54:33; 1310; 138; 31.63; 1000.4808984375; 22.005859375
2026-09-09; 15:55:33; 1310; 138; 31.65; 1000.5048828125; 21.9716796875
2026-09-09; 15:56:33; 1330; 141; 31.67; 1000.487890625; 21.9384765625
2026-09-09; 15:57:33; 1356; 145; 31.62; 1000.48546875; 21.958984375
2026-09-09; 15:58:34; 1376; 148; 31.63; 1000.52953125; 21.970703125
2026-09-09; 15:59:34; 1393; 151; 31.56; 1000.5112890625; 21.990234375
2026-09-09; 16:00:34; 1425; 156; 31.58; 1000.5149609375; 21.95703125
2026-09-09; 16:01:34; 1436; 157; 31.54; 1000.4797265625; 21.978515625
2026-09-09; 16:02:34; 1441; 158; 31.5; 1000.5374609375; 21.98828125
2026-09-09; 16:03:34; 1425; 156; 31.48; 1000.554140625; 21.998046875
2026-09-09; 16:04:34; 1453; 160; 31.47; 1000.5180078125; 21.9404296875
2026-09-09; 16:05:34; 1441; 158; 31.44; 1000.527109375; 21.939453125
2026-09-09; 16:06:34; 1462; 161; 31.43; 1000.483046875; 21.880859375
2026-09-09; 16:07:34; 1441; 158; 31.47; 1000.461484375; 21.779296875
2026-09-09; 16:08:34; 1393; 151; 31.4; 1000.5121875; 21.7294921875
2026-09-09; 16:09:34; 1356; 145; 31.46; 1000.5021875; 21.6865234375
2026-09-09; 16:10:34; 1330; 141; 31.46; 1000.5508203125; 21.59375
2026-09-09; 16:11:34; 1285; 134; 31.47; 1000.538359375; 21.572265625
2026-09-09; 16:12:34; 1262; 131; 31.53; 1000.4921875; 21.470703125
2026-09-09; 16:13:34; 1204; 122; 31.49; 1000.5778515625; 21.4345703125
2026-09-09; 16:14:34; 1168; 117; 31.51; 1000.517109375; 21.4013671875
2026-09-09; 16:15:34; 1137; 112; 31.51; 1000.55328125; 21.34375
2026-09-09; 16:16:34; 1113; 108; 31.5; 1000.593984375; 21.30859375
2026-09-09; 16:17:34; 1090; 105; 31.5; 1000.642265625; 21.2626953125
2026-09-09; 16:18:34; 1065; 101; 31.5; 1000.6987890625; 21.2509765625
2026-09-09; 16:19:34; 1056; 99; 31.52; 1000.73859375; 21.1826171875
2026-09-09; 16:20:34; 1019; 94; 31.49; 1000.66265625; 21.2041015625
2026-09-09; 16:21:34; 997; 90; 31.49; 1000.6908984375; 21.1123046875
2026-09-09; 16:22:34; 981; 88; 31.48; 1000.6671875; 21.076171875
2026-09-09; 16:23:34; 967; 86; 31.44; 1000.6683984375; 21.029296875
2026-09-09; 16:24:34; 954; 84; 31.48; 1000.703359375; 20.9853515625
2026-09-09; 16:25:34; 933; 81; 31.47; 1000.7440625; 20.97265625
2026-09-09; 16:26:34; 923; 79; 31.5; 1000.7270703125; 20.859375
2026-09-09; 16:27:35; 905; 76; 31.52; 1000.682109375; 20.802734375
2026-09-09; 16:28:35; 902; 76; 31.55; 1000.7216015625; 20.7578125
2026-09-09; 16:29:35; 872; 71; 31.53; 1000.69; 20.7451171875
2026-09-09; 16:30:35; 863; 70; 31.53; 1000.6617578125; 20.7109375
2026-09-09; 16:31:35; 832; 65; 31.5; 1000.763515625; 20.697265625
2026-09-09; 16:32:35; 810; 62; 31.46; 1000.7203125; 20.6611328125
2026-09-09; 16:33:35; 787; 58; 31.47; 1000.7440625; 20.638671875
2026-09-09; 16:34:35; 776; 57; 31.47; 1000.7079296875; 20.55859375
2026-09-09; 16:35:35; 765; 55; 31.47; 1000.7723046875; 20.5234375
2026-09-09; 16:36:35; 757; 54; 31.46; 1000.784765625; 20.4775390625
2026-09-09; 16:37:35; 726; 49; 31.44; 1000.745234375; 20.5107421875
2026-09-09; 16:38:35; 712; 47; 31.47; 1000.79265625; 20.4658203125
2026-09-09; 16:39:35; 690; 44; 31.46; 1000.8412890625; 20.4306640625
2026-09-09; 16:40:35; 688; 43; 31.49; 1000.8039453125; 20.3857421875
2026-09-09; 16:41:35; 683; 43; 31.49; 1000.7677734375; 20.33984375
2026-09-09; 16:42:35; 672; 41; 31.47; 1000.764375; 20.3623046875
2026-09-09; 16:43:35; 666; 40; 31.48; 1000.7801953125; 20.3505859375
2026-09-09; 16:44:35; 652; 38; 31.46; 1000.861640625; 20.349609375
2026-09-09; 16:45:35; 643; 37; 31.42; 1000.8342578125; 20.3603515625
2026-09-09; 16:46:35; 638; 36; 31.47; 1000.8491796875; 20.2705078125
2026-09-09; 16:47:35; 637; 36; 31.48; 1000.872890625; 20.224609375
2026-09-09; 16:48:35; 631; 35; 31.47; 1000.91359375; 20.212890625
2026-09-09; 16:49:35; 617; 33; 31.46; 1000.861640625; 20.2119140625
2026-09-09; 16:50:35; 620; 33; 31.49; 1000.8321875; 20.1787109375
2026-09-09; 16:51:35; 615; 32; 31.48; 1000.95765625; 20.1552734375
2026-09-09; 16:52:35; 614; 32; 31.51; 1001.005390625; 20.087890625
2026-09-09; 16:53:35; 592; 29; 31.52; 1000.900234375; 20.064453125
2026-09-09; 16:54:35; 580; 27; 31.51; 1000.9126953125; 20.0068359375
2026-09-09; 16:55:35; 564; 24; 31.55; 1000.8629296875; 19.9619140625
2026-09-09; 16:56:35; 546; 22; 31.55; 1000.8708203125; 19.962890625
2026-09-09; 16:57:36; 536; 20; 31.55; 1000.8991015625; 19.927734375
2026-09-09; 16:58:36; 530; 19; 31.52; 1000.9646875; 19.9609375
2026-09-09; 16:59:36; 519; 18; 31.49; 1000.9734765625; 19.9248046875
2026-09-09; 17:00:36; 498; 14; 31.52; 1000.9567578125; 19.8916015625
2026-09-09; 17:01:36; 492; 14; 31.53; 1001.05734375; 19.8232421875
2026-09-09; 17:02:36; 486; 13; 31.49; 1001.0220703125; 19.9140625
2026-09-09; 17:03:36; 487; 13; 31.48; 1001.0141796875; 19.87890625
2026-09-09; 17:04:36; 496; 14; 31.49; 1001.0582421875; 19.8671875
2026-09-09; 17:05:36; 492; 14; 31.48; 1000.949765625; 19.9248046875
2026-09-09; 17:06:36; 493; 14; 31.5; 1001.037890625; 19.890625
2026-09-09; 17:07:36; 497; 14; 31.48; 1001.03453125; 19.935546875
2026-09-09; 17:08:36; 508; 16; 31.49; 1000.9734765625; 19.9140625
2026-09-09; 17:09:36; 517; 17; 31.48; 1001.0141796875; 19.958984375
2026-09-09; 17:10:36; 530; 19; 31.47; 1001.026640625; 19.9931640625
2026-09-09; 17:11:36; 531; 19; 31.46; 1001.0311328125; 19.9931640625
2026-09-09; 17:12:36; 537; 20; 31.46; 1001.0594140625; 19.9814453125
2026-09-09; 17:13:36; 537; 20; 31.44; 1001.063984375; 19.9921875
2026-09-09; 17:14:36; 537; 20; 31.42; 1001.0037890625; 20.0029296875
2026-09-09; 17:15:36; 542; 21; 31.42; 1001.0603125; 20.0263671875
2026-09-09; 17:16:36; 536; 20; 31.43; 1001.0116796875; 20.0263671875
2026-09-09; 17:17:36; 530; 19; 31.41; 1001.0366015625; 19.990234375
2026-09-09; 17:18:36; 514; 17; 31.4; 1001.0004296875; 20.001953125
2026-09-09; 17:19:36; 492; 14; 31.42; 1001.0523828125; 19.921875
2026-09-09; 17:20:36; 477; 11; 31.41; 1000.9597265625; 19.88671875
2026-09-09; 17:21:36; 459; 8; 31.41; 1001.0648046875; 19.8525390625
2026-09-09; 17:22:36; 444; 6; 31.46; 1001.123828125; 19.80859375
2026-09-09; 17:23:36; 424; 3; 31.44; 1001.063984375; 19.7392578125
2026-09-09; 17:24:36; 400; 0; 31.43; 1001.068203125; 19.703125
2026-09-09; 17:25:36; 400; 0; 31.47; 1001.11140625; 19.6943359375
2026-09-09; 17:26:36; 400; 0; 31.47; 1001.11140625; 19.6708984375
2026-09-09; 17:27:37; 400; 0; 31.47; 1001.0831640625; 19.63671875
2026-09-09; 17:28:37; 400; 0; 31.47; 1001.1034765625; 19.625
2026-09-09; 17:29:37; 400; 0; 31.37; 1001.0298046875; 21.244140625
2026-09-09; 17:30:37; 420; 3; 31.45; 1001.156640625; 20.2236328125
2026-09-09; 17:31:37; 487; 13; 31.48; 1001.0989453125; 20.1435546875
2026-09-09; 17:32:37; 580; 27; 31.51; 1001.110546875; 20.052734375
2026-09-09; 17:33:37; 637; 36; 31.61; 1001.14796875; 20.0224609375
2026-09-09; 17:34:37; 719; 48; 31.55; 1001.117265625; 19.9970703125
2026-09-09; 17:35:37; 844; 67; 31.53; 1001.05734375; 20.0654296875
2026-09-09; 17:36:37; 959; 85; 31.62; 1001.030390625; 19.98828125
2026-09-09; 17:37:37; 1113; 108; 31.65; 1001.041953125; 20.0244140625
2026-09-09; 17:38:37; 1313; 139; 31.7; 1000.9875390625; 20.015625
2026-09-09; 17:39:37; 1507; 177; 31.71; 1001.0319140625; 19.96875
2026-09-09; 17:40:37; 1575; 226; 31.73; 1001.0352734375; 20.0048828125
2026-09-09; 17:41:37; 1647; 287; 31.71; 1001.137109375; 20.0849609375
2026-09-09; 17:42:37; 1701; 340; 31.68; 1001.1255078125; 20.1298828125
2026-09-09; 17:43:37; 1753; 394; 31.72; 1001.0680859375; 20.130859375
2026-09-09; 17:44:37; 1822; 477; 31.7; 1001.0158203125; 20.1533203125
2026-09-09; 17:45:37; 1902; 588; 31.73; 1001.02734375; 20.1552734375
2026-09-09; 17:46:37; 1973; 700; 31.73; 1001.063515625; 20.1552734375
2026-09-09; 17:47:37; 2056; 836; 31.72; 1001.0680859375; 20.1884765625
2026-09-09; 17:48:37; 2144; 1018; 31.74; 1001.0714453125; 20.2470703125
2026-09-09; 17:49:37; 2242; 1225; 31.79; 1001.06625; 20.1923828125
2026-09-09; 17:50:37; 2309; 1381; 31.78; 1001.10703125; 20.2490234375
2026-09-09; 17:51:37; 2405; 1583; 31.81; 1001.0775; 20.2158203125
2026-09-09; 17:52:37; 2507; 1799; 31.81; 1001.10578125; 20.2626953125
2026-09-09; 17:53:37; 2587; 1962; 31.78; 1001.191796875; 20.306640625
2026-09-09; 17:54:37; 2674; 2154; 31.79; 1001.158984375; 20.2958984375
2026-09-09; 17:55:37; 2766; 2354; 31.75; 1001.1437890625; 20.3515625
2026-09-09; 17:56:37; 2848; 2536; 31.78; 1001.1352734375; 20.3876953125
2026-09-09; 17:57:38; 2952; 2745; 31.79; 1000.9893359375; 20.376953125
2026-09-09; 17:58:38; 3028; 2903; 31.75; 1001.1234375; 20.466796875
2026-09-09; 17:59:38; 3114; 3096; 31.74; 1001.1076171875; 20.4892578125
2026-09-09; 18:00:38; 3213; 3299; 31.77; 1001.1188671875; 20.4560546875
2026-09-09; 18:01:38; 3316; 3528; 31.76; 1001.1878515625; 20.478515625
2026-09-09; 18:02:38; 3412; 3742; 31.77; 1001.1267578125; 20.548828125
2026-09-09; 18:03:38; 3493; 3898; 31.75; 1001.1516796875; 20.59375
2026-09-09; 18:04:38; 3584; 4106; 31.78; 1001.1352734375; 20.560546875
2026-09-09; 18:05:38; 3703; 4358; 31.74; 1001.0793359375; 20.6162109375
2026-09-09; 18:06:38; 3801; 4559; 31.77; 1001.175390625; 20.5830078125
2026-09-09; 18:07:38; 3896; 4790; 31.77; 1001.175390625; 20.65234375
2026-09-09; 18:08:38; 4005; 5015; 31.81; 1001.2188671875; 20.642578125
2026-09-09; 18:09:38; 4077; 5181; 31.82; 1001.1215625; 20.6552734375
2026-09-09; 18:10:38; 4228; 5461; 31.82; 1001.1419921875; 20.7001953125
2026-09-09; 18:11:38; 4337; 5708; 31.79; 1001.1793359375; 20.69921875
2026-09-09; 18:12:38; 4442; 5940; 31.78; 1001.2201171875; 20.7685546875
2026-09-09; 18:13:38; 4528; 6115; 31.77; 1001.2963671875; 20.8251953125
2026-09-09; 18:14:38; 4606; 6278; 31.71; 1001.314609375; 20.8916015625
2026-09-09; 18:15:38; 4704; 6498; 31.75; 1001.3416796875; 20.9169921875
2026-09-09; 18:16:38; 4777; 6658; 31.74; 1001.2693359375; 20.9619140625
2026-09-09; 18:17:38; 4891; 6879; 31.69; 1001.2465234375; 21.0634765625
2026-09-09; 18:18:38; 4920; 6950; 31.65; 1001.324609375; 21.1416015625
2026-09-09; 18:19:38; 5029; 7191; 31.66; 1001.340390625; 21.1318359375
2026-09-09; 18:20:38; 5129; 7400; 31.63; 1001.2723046875; 21.1875
2026-09-09; 18:21:38; 5225; 7609; 31.63; 1001.2361328125; 21.2451171875
2026-09-09; 18:22:38; 5351; 7872; 31.64; 1001.2884375; 21.1650390625
2026-09-09; 18:23:38; 5443; 8089; 31.66; 1001.22734375; 21.2353515625
2026-09-09; 18:24:38; 5534; 8270; 31.66; 1001.2838671875; 21.2578125
2026-09-09; 18:25:38; 5645; 8525; 31.63; 1001.2361328125; 21.3603515625
2026-09-09; 18:26:39; 5667; 8566; 31.59; 1001.2373046875; 21.451171875
2026-09-09; 18:27:39; 5760; 8767; 31.57; 1001.233984375; 21.47265625
2026-09-09; 18:28:39; 5854; 8946; 31.58; 1001.278046875; 21.49609375
2026-09-09; 18:29:39; 5916; 9062; 31.54; 1001.2223828125; 21.5068359375
2026-09-09; 18:30:39; 6007; 9271; 31.52; 1001.1907421875; 21.55078125
2026-09-09; 18:31:39; 6007; 9271; 31.54; 1001.15796875; 21.5634765625
2026-09-09; 18:32:39; 6109; 9471; 31.52; 1001.247265625; 21.6083984375
2026-09-09; 18:33:39; 6175; 9616; 31.52; 1001.2190234375; 21.6201171875
2026-09-09; 18:34:39; 6241; 9783; 31.5; 1001.2439453125; 21.6650390625
2026-09-09; 18:35:39; 6312; 9925; 31.51; 1001.2235546875; 21.677734375
2026-09-09; 18:36:39; 6385; 10082; 31.5; 1001.2439453125; 21.7119140625
2026-09-09; 18:37:39; 6453; 10244; 31.48; 1001.2605859375; 21.755859375
2026-09-09; 18:38:39; 6528; 10392; 31.49; 1001.2560546875; 21.7919921875
2026-09-09; 18:39:39; 6608; 10568; 31.51; 1001.1953125; 21.79296875
2026-09-09; 18:40:39; 6652; 10663; 31.49; 1001.19953125; 21.7919921875
2026-09-09; 18:41:39; 6775; 10935; 31.48; 1001.2119921875; 21.8486328125
2026-09-09; 18:42:39; 6775; 10935; 31.45; 1001.277578125; 21.8935546875
2026-09-09; 18:43:39; 6854; 11090; 31.42; 1001.2501953125; 21.9609375
2026-09-09; 18:44:39; 6929; 11245; 31.41; 1001.290859375; 21.9375
2026-09-09; 18:45:39; 6969; 11317; 31.43; 1001.3225; 21.97265625
2026-09-09; 18:46:39; 7016; 11432; 31.45; 1001.2131640625; 21.9853515625
2026-09-09; 18:47:39; 7056; 11527; 31.46; 1001.2086328125; 21.974609375
2026-09-09; 18:48:39; 7104; 11602; 31.42; 1001.3066796875; 22.0068359375
2026-09-09; 18:49:39; 7192; 11806; 31.39; 1001.295390625; 22.07421875
2026-09-09; 18:50:39; 7192; 11806; 31.4; 1001.2264453125; 22.0986328125
2026-09-09; 18:51:39; 7192; 11806; 31.4; 1001.3598046875; 22.0869140625
2026-09-09; 18:52:39; 7248; 11927; 31.38; 1001.328203125; 22.1435546875
2026-09-09; 18:53:39; 7248; 11927; 31.38; 1001.2795703125; 22.166015625
2026-09-09; 18:54:39; 7339; 12100; 31.38; 1001.299921875; 22.166015625
2026-09-09; 18:55:39; 7389; 12236; 31.37; 1001.31234375; 22.1767578125
2026-09-09; 18:56:40; 7339; 12100; 31.37; 1001.3767578125; 22.1884765625
2026-09-09; 18:57:40; 7339; 12100; 31.36; 1001.360625; 22.2119140625
2026-09-09; 18:58:40; 7339; 12100; 31.37; 1001.397109375; 22.234375
2026-09-09; 18:59:40; 7339; 12100; 31.31; 1001.3945703125; 22.2666015625
2026-09-09; 19:00:40; 7389; 12236; 31.26; 1001.4078125; 22.333984375
2026-09-09; 19:01:40; 7389; 12236; 31.22; 1001.428671875; 22.388671875
2026-09-09; 19:02:40; 7389; 12236; 31.18; 1001.3575; 22.4326171875
2026-09-09; 19:03:40; 7431; 12314; 31.15; 1001.40234375; 22.51171875
2026-09-09; 19:04:40; 7431; 12314; 31.05; 1001.3850390625; 22.6455078125
2026-09-09; 19:05:40; 7481; 12437; 30.97; 1001.37109375; 22.7333984375
2026-09-09; 19:06:40; 7431; 12314; 30.88; 1001.3488671875; 22.8671875
2026-09-09; 19:07:40; 7481; 12437; 30.83; 1001.3544140625; 22.9326171875
2026-09-09; 19:08:40; 7481; 12437; 30.78; 1001.3958203125; 23.0107421875
2026-09-09; 19:09:40; 7481; 12437; 30.75; 1001.3686328125; 23.0322265625
2026-09-09; 19:10:40; 7529; 12528; 30.69; 1001.4223828125; 23.1103515625
2026-09-09; 19:11:40; 7529; 12528; 30.65; 1001.3584765625; 23.1767578125
2026-09-09; 19:12:40; 7581; 12638; 30.61; 1001.4362109375; 23.220703125
2026-09-09; 19:13:40; 7581; 12638; 30.58; 1001.3884375; 23.2880859375
2026-09-09; 19:14:40; 7581; 12638; 30.56; 1001.413203125; 23.3330078125
2026-09-09; 19:15:40; 7639; 12748; 30.53; 1001.3936328125; 23.388671875
2026-09-09; 19:16:40; 7684; 12902; 30.48; 1001.491640625; 23.478515625
2026-09-09; 19:17:40; 7684; 12902; 30.43; 1001.440390625; 23.5107421875
2026-09-09; 19:18:40; 7743; 12998; 30.38; 1001.4658203125; 23.576171875
2026-09-09; 19:19:40; 7796; 13143; 30.34; 1001.4306640625; 23.642578125
2026-09-09; 19:20:40; 7796; 13143; 30.28; 1001.484296875; 23.7431640625
2026-09-09; 19:21:40; 7845; 13223; 30.24; 1001.47703125; 23.798828125
2026-09-09; 19:22:40; 7905; 13369; 30.2; 1001.4780078125; 23.8662109375
2026-09-09; 19:23:40; 7952; 13452; 30.15; 1001.4548828125; 23.919921875
2026-09-09; 19:24:40; 7952; 13452; 30.1; 1001.5084765625; 23.986328125
2026-09-09; 19:25:40; 8013; 13592; 30.06; 1001.500859375; 24.052734375
2026-09-09; 19:26:41; 8013; 13592; 30.01; 1001.514140625; 24.130859375
2026-09-09; 19:27:41; 8074; 13741; 29.97; 1001.4865625; 24.1748046875
2026-09-09; 19:28:41; 8137; 13876; 29.96; 1001.5553125; 24.2431640625
2026-09-09; 19:29:41; 8137; 13876; 29.91; 1001.5321484375; 24.3095703125
2026-09-09; 19:30:41; 8208; 13960; 29.89; 1001.5770703125; 24.365234375
2026-09-09; 19:31:41; 8208; 13960; 29.85; 1001.5776953125; 24.3857421875
2026-09-09; 19:32:41; 8272; 14113; 29.82; 1001.5865234375; 24.453125
2026-09-09; 19:33:41; 8320; 14199; 29.73; 1001.5844921875; 24.5517578125
2026-09-09; 19:34:41; 8320; 14199; 29.68; 1001.61765625; 24.6513671875
2026-09-09; 19:35:41; 8384; 14346; 29.65; 1001.6625390625; 24.7080078125
2026-09-09; 19:36:41; 8384; 14346; 29.63; 1001.6226171875; 24.751953125
2026-09-09; 19:37:41; 8457; 14485; 29.59; 1001.6798046875; 24.7958984375
2026-09-09; 19:38:41; 8457; 14485; 29.56; 1001.6240234375; 24.86328125
2026-09-09; 19:39:41; 8522; 14643; 29.53; 1001.725234375; 24.9189453125
2026-09-09; 19:40:41; 8577; 14765; 29.53; 1001.6609765625; 24.9306640625
2026-09-09; 19:41:41; 8577; 14765; 29.48; 1001.6092578125; 25.0078125
2026-09-09; 19:42:41; 8643; 14908; 29.46; 1001.7183984375; 25.0185546875
2026-09-09; 19:43:41; 8718; 15070; 29.41; 1001.6265234375; 25.083984375
2026-09-09; 19:44:41; 8643; 14908; 29.36; 1001.687734375; 25.173828125
2026-09-09; 19:45:41; 8718; 15070; 29.33; 1001.7809375; 25.228515625
2026-09-09; 19:46:41; 8718; 15070; 29.31; 1001.79765625; 25.26171875
2026-09-09; 19:47:41; 8777; 15187; 29.29; 1001.850078125; 25.306640625
2026-09-09; 19:48:41; 8777; 15187; 29.28; 1001.749765625; 25.328125
2026-09-09; 19:49:41; 8845; 15333; 29.25; 1001.8508984375; 25.384765625
2026-09-09; 19:50:41; 8845; 15333; 29.21; 1001.787109375; 25.427734375
2026-09-09; 19:51:41; 8845; 15333; 29.18; 1001.8442578125; 25.4716796875
2026-09-09; 19:52:41; 8922; 15478; 29.19; 1001.831953125; 25.4716796875
2026-09-09; 19:53:41; 8922; 15478; 29.14; 1001.8165625; 25.50390625
2026-09-09; 19:54:41; 8922; 15478; 29.13; 1001.9133203125; 25.5615234375
2026-09-09; 19:55:41; 8922; 15478; 29.11; 1001.8613671875; 25.548828125
2026-09-09; 19:56:42; 8922; 15478; 29.08; 1001.841640625; 25.615234375
2026-09-09; 19:57:42; 8997; 15645; 29.08; 1001.805546875; 25.615234375
2026-09-09; 19:58:42; 8997; 15645; 29.08; 1001.833671875; 25.626953125
2026-09-09; 19:59:42; 8997; 15645; 29.07; 1001.8459765625; 25.6484375
2026-09-09; 20:00:42; 8997; 15645; 29.05; 1001.8221484375; 25.705078125
2026-09-09; 20:01:42; 8997; 15645; 29.03; 1001.8103515625; 25.7041015625
2026-09-09; 20:02:42; 8997; 15645; 29.02; 1001.9070703125; 25.73828125
2026-09-09; 20:03:42; 8997; 15645; 28.99; 1001.8392578125; 25.7587890625
2026-09-09; 20:04:42; 9057; 15793; 28.99; 1001.8392578125; 25.7705078125
2026-09-09; 20:05:42; 9057; 15793; 28.96; 1001.8115625; 25.8251953125
2026-09-09; 20:06:42; 9057; 15793; 28.93; 1001.828203125; 25.8701171875
2026-09-09; 20:07:42; 9057; 15793; 28.94; 1001.892421875; 25.8818359375
2026-09-09; 20:08:42; 9057; 15793; 28.92; 1001.916953125; 25.9375
2026-09-09; 20:09:42; 9136; 15967; 28.89; 1001.913046875; 25.9599609375
2026-09-09; 20:10:42; 9136; 15967; 28.88; 1002.0657421875; 25.9931640625
2026-09-09; 20:11:42; 9136; 15967; 28.87; 1002.01375; 26.00390625
2026-09-09; 20:12:42; 9215; 16119; 28.87; 1002.0419140625; 26.015625
2026-09-09; 20:13:42; 9215; 16119; 28.84; 1002.0022265625; 26.08203125
2026-09-09; 20:14:42; 9215; 16119; 28.83; 1002.0065625; 26.1162109375
2026-09-09; 20:15:42; 9215; 16119; 28.79; 1002.11953125; 26.1708984375
2026-09-09; 20:16:42; 9297; 16329; 28.79; 1002.0271875; 26.181640625
2026-09-09; 20:17:42; 9297; 16329; 28.78; 1002.0755078125; 26.205078125
2026-09-09; 20:18:42; 9297; 16329; 28.78; 1002.0755078125; 26.2158203125
2026-09-09; 20:19:42; 9297; 16329; 28.75; 1002.1321875; 26.259765625
2026-09-09; 20:20:42; 9365; 16444; 28.74; 1002.1726171875; 26.2939453125
2026-09-09; 20:21:42; 9365; 16444; 28.74; 1002.144453125; 26.2822265625
2026-09-09; 20:22:42; 9365; 16444; 28.71; 1002.1812109375; 26.3369140625
2026-09-09; 20:23:42; 9438; 16599; 28.7; 1002.2576953125; 26.3603515625
2026-09-09; 20:24:42; 9438; 16599; 28.69; 1002.2699609375; 26.3935546875
2026-09-09; 20:25:43; 9438; 16599; 28.67; 1002.266015625; 26.4267578125
2026-09-09; 20:26:43; 9438; 16599; 28.68; 1002.2739453125; 26.416015625
2026-09-09; 20:27:43; 9438; 16599; 28.65; 1002.3748828125; 26.494140625
2026-09-09; 20:28:43; 9520; 16804; 28.63; 1002.3633203125; 26.5263671875
2026-09-09; 20:29:43; 9520; 16804; 28.63; 1002.391484375; 26.560546875
2026-09-09; 20:30:43; 9520; 16804; 28.6; 1002.3795703125; 26.5595703125
2026-09-09; 20:31:43; 9520; 16804; 28.58; 1002.41203125; 26.626953125
2026-09-09; 20:32:43; 9612; 17003; 28.59; 1002.448125; 26.6162109375
2026-09-09; 20:33:43; 9520; 16804; 28.56; 1002.40046875; 26.6484375
2026-09-09; 20:34:43; 9612; 17003; 28.56; 1002.4566796875; 26.6826171875
2026-09-09; 20:35:43; 9612; 17003; 28.55; 1002.3842578125; 26.6708984375
2026-09-09; 20:36:43; 9612; 17003; 28.54; 1002.452734375; 26.7158203125
2026-09-09; 20:37:43; 9612; 17003; 28.52; 1002.48515625; 26.75
2026-09-09; 20:38:43; 9696; 17163; 28.51; 1002.405078125; 26.771484375
2026-09-09; 20:39:43; 9696; 17163; 28.5; 1002.47359375; 26.7705078125
2026-09-09; 20:40:43; 9696; 17163; 28.51; 1002.545703125; 26.759765625
2026-09-09; 20:41:43; 9696; 17163; 28.49; 1002.5500390625; 26.81640625
2026-09-09; 20:42:43; 9696; 17163; 28.48; 1002.534140625; 26.79296875
2026-09-09; 20:43:43; 9696; 17163; 28.46; 1002.5784765625; 26.87109375
2026-09-09; 20:44:43; 9783; 17322; 28.47; 1002.67875; 26.8603515625
2026-09-09; 20:45:43; 9783; 17322; 28.45; 1002.6830078125; 26.9052734375
2026-09-09; 20:46:43; 9783; 17322; 28.43; 1002.6433203125; 26.9267578125
2026-09-09; 20:47:43; 9840; 17464; 28.43; 1002.75578125; 26.9375
2026-09-09; 20:48:43; 9840; 17464; 28.42; 1002.7117578125; 27.005859375
2026-09-09; 20:49:43; 9840; 17464; 28.4; 1002.7640625; 27.0048828125
2026-09-09; 20:50:43; 9840; 17464; 28.39; 1002.75609375; 27.02734375
2026-09-09; 20:51:43; 9840; 17464; 28.39; 1002.81234375; 26.9931640625
2026-09-09; 20:52:43; 9840; 17464; 28.37; 1002.752421875; 27.0830078125
2026-09-09; 20:53:43; 9944; 17659; 28.37; 1002.780546875; 27.0263671875
2026-09-09; 20:54:43; 9944; 17659; 28.35; 1002.776875; 27.1162109375
2026-09-09; 20:55:44; 9944; 17659; 28.37; 1002.780546875; 27.0830078125
2026-09-09; 20:56:44; 9944; 17659; 28.33; 1002.8089453125; 27.1611328125
2026-09-09; 20:57:44; 9944; 17659; 28.33; 1002.8853515625; 27.1953125
2026-09-09; 20:58:44; 10032; 17886; 28.3; 1002.8175; 27.2158203125
2026-09-09; 20:59:44; 10032; 17886; 28.32; 1002.849296875; 27.228515625
2026-09-09; 21:00:44; 10032; 17886; 28.29; 1002.8856640625; 27.25
2026-09-09; 21:01:44; 10032; 17886; 28.29; 1002.9339453125; 27.2841796875
2026-09-09; 21:02:44; 10032; 17886; 28.27; 1002.8175; 27.283203125
2026-09-09; 21:03:44; 10118; 18074; 28.27; 1002.9299609375; 27.2939453125
2026-09-09; 21:04:44; 10032; 17886; 28.25; 1002.9544140625; 27.337890625
2026-09-09; 21:05:44; 10118; 18074; 28.25; 1002.93421875; 27.3154296875
2026-09-09; 21:06:44; 10118; 18074; 28.23; 1003.0148828125; 27.3603515625
2026-09-09; 21:07:44; 10118; 18074; 28.22; 1003.0551953125; 27.37109375
2026-09-09; 21:08:44; 10118; 18074; 28.22; 1003.019140625; 27.4169921875
2026-09-09; 21:09:44; 10118; 18074; 28.21; 1003.0313671875; 27.427734375
2026-09-09; 21:10:44; 10201; 18240; 28.2; 1003.1276171875; 27.44921875
2026-09-09; 21:11:44; 10201; 18240; 28.2; 1003.0512109375; 27.4384765625
2026-09-09; 21:12:44; 10201; 18240; 28.2; 1003.04328125; 27.404296875
2026-09-09; 21:13:44; 10201; 18240; 28.17; 1003.0878515625; 27.482421875
2026-09-09; 21:14:44; 10201; 18240; 28.19; 1003.0634375; 27.4716796875
2026-09-09; 21:15:44; 10201; 18240; 28.15; 1003.112265625; 27.50390625
2026-09-09; 21:16:44; 10201; 18240; 28.16; 1003.092109375; 27.5263671875
2026-09-09; 21:17:44; 10201; 18240; 28.15; 1003.104296875; 27.5380859375
2026-09-09; 21:18:44; 10292; 18410; 28.15; 1003.112265625; 27.5380859375
2026-09-09; 21:19:44; 10292; 18410; 28.12; 1003.1485546875; 27.58203125
2026-09-09; 21:20:44; 10292; 18410; 28.13; 1003.1644921875; 27.5830078125
2026-09-09; 21:21:44; 10292; 18410; 28.13; 1003.1283984375; 27.59375
2026-09-09; 21:22:44; 10292; 18410; 28.13; 1003.192578125; 27.60546875
2026-09-09; 21:23:44; 10391; 18655; 28.1; 1003.20109375; 27.6611328125
2026-09-09; 21:24:44; 10391; 18655; 28.1; 1003.2493359375; 27.671875
2026-09-09; 21:25:45; 10292; 18410; 28.08; 1003.2896484375; 27.705078125
2026-09-09; 21:26:45; 10391; 18655; 28.06; 1003.2776953125; 27.73828125
2026-09-09; 21:27:45; 10391; 18655; 28.06; 1003.3137109375; 27.73828125
2026-09-09; 21:28:45; 10492; 18871; 28.06; 1003.3699609375; 27.73828125
2026-09-09; 21:29:45; 10492; 18871; 28.05; 1003.2978515625; 27.7607421875
2026-09-09; 21:30:45; 10492; 18871; 28.05; 1003.3259375; 27.7724609375
2026-09-09; 21:31:45; 10492; 18871; 28.05; 1003.3540234375; 27.783203125
2026-09-09; 21:32:45; 10492; 18871; 28.04; 1003.3020703125; 27.828125
2026-09-09; 21:33:45; 10492; 18871; 28.02; 1003.3545703125; 27.8603515625
2026-09-09; 21:34:45; 10492; 18871; 28.01; 1003.3747265625; 27.8603515625
2026-09-09; 21:35:45; 10492; 18871; 27.98; 1003.3548046875; 27.904296875
2026-09-09; 21:36:45; 10492; 18871; 27.98; 1003.4391015625; 27.927734375
2026-09-09; 21:37:45; 10492; 18871; 27.99; 1003.390859375; 27.939453125
2026-09-09; 21:38:45; 10593; 19090; 27.96; 1003.4073046875; 27.9599609375
2026-09-09; 21:39:45; 10593; 19090; 27.97; 1003.415234375; 27.9716796875
2026-09-09; 21:40:45; 10593; 19090; 27.96; 1003.4555078125; 27.982421875
2026-09-09; 21:41:45; 10593; 19090; 27.95; 1003.4756640625; 27.982421875
2026-09-09; 21:42:45; 10593; 19090; 27.95; 1003.4958203125; 28.0048828125
2026-09-09; 21:43:45; 10593; 19090; 27.94; 1003.4878515625; 28.02734375
2026-09-09; 21:44:45; 10593; 19090; 27.94; 1003.431640625; 28.0166015625
2026-09-09; 21:45:45; 10593; 19090; 27.92; 1003.483828125; 28.0830078125
2026-09-09; 21:46:45; 10593; 19090; 27.92; 1003.475859375; 28.10546875
2026-09-09; 21:47:45; 10593; 19090; 27.9; 1003.4721484375; 28.1162109375
2026-09-09; 21:48:45; 10593; 19090; 27.87; 1003.480625; 28.13671875
2026-09-09; 21:49:45; 10703; 19308; 27.89; 1003.540546875; 28.1494140625
2026-09-09; 21:50:45; 10703; 19308; 27.87; 1003.5166796875; 28.1708984375
2026-09-09; 21:51:45; 10703; 19308; 27.86; 1003.4442578125; 28.181640625
2026-09-09; 21:52:45; 10703; 19308; 27.85; 1003.532734375; 28.23828125
2026-09-09; 21:53:45; 10703; 19308; 27.86; 1003.4924609375; 28.2275390625
2026-09-09; 21:54:45; 10703; 19308; 27.84; 1003.5168359375; 28.2490234375
2026-09-09; 21:55:46; 10703; 19308; 27.83; 1003.6133203125; 28.271484375
2026-09-09; 21:56:46; 10703; 19308; 27.83; 1003.6212890625; 28.2822265625
2026-09-09; 21:57:46; 10703; 19308; 27.82; 1003.65359375; 28.31640625
2026-09-09; 21:58:46; 10703; 19308; 27.77; 1003.589609375; 28.37109375
2026-09-09; 21:59:46; 10703; 19308; 27.79; 1003.613515625; 28.3603515625
2026-09-09; 22:00:46; 10703; 19308; 27.78; 1003.6055078125; 28.37109375
2026-09-09; 22:01:46; 10703; 19308; 27.78; 1003.6336328125; 28.3818359375
2026-09-09; 22:02:46; 10703; 19308; 27.75; 1003.5577734375; 28.4140625
2026-09-09; 22:03:46; 10703; 19308; 27.75; 1003.64203125; 28.4599609375
2026-09-09; 22:04:46; 10795; 19509; 27.75; 1003.6621875; 28.44921875
2026-09-09; 22:05:46; 10795; 19509; 27.73; 1003.6944921875; 28.4814453125
2026-09-09; 22:06:46; 10795; 19509; 27.71; 1003.6824609375; 28.5146484375
2026-09-09; 22:07:46; 10795; 19509; 27.69; 1003.6866796875; 28.55859375
2026-09-09; 22:08:46; 10795; 19509; 27.69; 1003.6305078125; 28.5703125
2026-09-09; 22:09:46; 10889; 19741; 27.7; 1003.6946484375; 28.5361328125
2026-09-09; 22:10:46; 10795; 19509; 27.68; 1003.67078125; 28.55859375
2026-09-09; 22:11:46; 10795; 19509; 27.67; 1003.730859375; 28.603515625
2026-09-09; 22:12:46; 10889; 19741; 27.64; 1003.7389453125; 28.646484375
2026-09-09; 22:13:46; 10889; 19741; 27.66; 1003.7509765625; 28.6708984375
2026-09-09; 22:14:46; 10889; 19741; 27.64; 1003.7670703125; 28.6806640625
2026-09-09; 22:15:46; 10889; 19741; 27.64; 1003.7670703125; 28.7041015625
2026-09-09; 22:16:46; 10889; 19741; 27.62; 1003.875625; 28.7021484375
2026-09-09; 22:17:46; 10889; 19741; 27.61; 1003.8035546875; 28.7470703125
2026-09-09; 22:18:46; 10889; 19741; 27.58; 1003.8757421875; 28.734375
2026-09-09; 22:19:46; 10889; 19741; 27.58; 1003.8476953125; 28.7802734375
2026-09-09; 22:20:46; 10889; 19741; 27.58; 1003.8396875; 28.791015625
2026-09-09; 22:21:46; 10889; 19741; 27.56; 1003.84390625; 28.8134765625
2026-09-09; 22:22:46; 11006; 19991; 27.57; 1003.795703125; 28.8359375
2026-09-09; 22:23:46; 11006; 52759; 27.57; 1003.8598046875; 28.82421875
2026-09-09; 22:24:47; 11006; 19991; 27.54; 1003.876171875; 28.869140625
2026-09-09; 22:25:47; 11006; 19991; 27.52; 1003.872421875; 28.9013671875
2026-09-09; 22:26:47; 11006; 19991; 27.52; 1003.8443359375; 28.9013671875
2026-09-09; 22:27:47; 11006; 19991; 27.5; 1003.9165234375; 28.9345703125
2026-09-09; 22:28:47; 11006; 19991; 27.48; 1003.912734375; 28.9892578125
2026-09-09; 22:29:47; 11006; 19991; 27.49; 1003.900625; 28.9560546875
2026-09-09; 22:30:47; 11006; 19991; 27.48; 1003.8645703125; 28.990234375
2026-09-09; 22:31:47; 11006; 19991; 27.46; 1003.9370703125; 29.0224609375
2026-09-09; 22:32:47; 11006; 19991; 27.45; 1003.94890625; 29.044921875
2026-09-09; 22:33:47; 11118; 20241; 27.44; 1003.9409375; 29.0673828125
2026-09-09; 22:34:47; 11118; 20241; 27.44; 1003.9409375; 29.08984375
2026-09-09; 22:35:47; 11118; 20241; 27.41; 1003.8089453125; 29.087890625
2026-09-09; 22:36:47; 11118; 20241; 27.4; 1003.9815625; 29.1552734375
2026-09-09; 22:37:47; 11118; 20241; 27.4; 1003.8772265625; 29.1669921875
2026-09-09; 22:38:47; 11006; 19991; 27.4; 1004.0176171875; 29.15625
2026-09-09; 22:39:47; 11118; 20241; 27.37; 1003.9414453125; 29.1875
2026-09-09; 22:40:47; 11118; 20241; 27.36; 1004.009765625; 29.244140625
2026-09-09; 22:41:47; 11118; 20241; 27.37; 1004.0256640625; 29.2333984375
2026-09-09; 22:42:47; 11118; 20241; 27.35; 1004.0419921875; 29.25390625
2026-09-09; 22:43:47; 11118; 20241; 27.34; 1004.054140625; 29.2763671875
2026-09-09; 22:44:47; 11118; 20241; 27.33; 1004.1023046875; 29.2763671875
2026-09-09; 22:45:47; 11118; 20241; 27.33; 1004.046171875; 29.310546875
2026-09-09; 22:46:47; 11118; 20241; 27.35; 1004.0700390625; 29.2880859375
2026-09-09; 22:47:47; 11118; 20241; 27.33; 1004.17859375; 29.34375
2026-09-09; 22:48:47; 11118; 20241; 27.31; 1004.14640625; 29.3544921875
2026-09-09; 22:49:47; 11118; 20241; 27.29; 1004.0864453125; 29.3759765625
2026-09-09; 22:50:47; 11118; 20241; 27.26; 1004.166875; 29.431640625
2026-09-09; 22:51:47; 11226; 20473; 27.29; 1004.1706640625; 29.421875
2026-09-09; 22:52:47; 11226; 20473; 27.26; 1004.186953125; 29.46484375
2026-09-09; 22:53:47; 11226; 20473; 27.26; 1004.243125; 29.4541015625
2026-09-09; 22:54:48; 11226; 20473; 27.27; 1004.202890625; 29.4658203125
2026-09-09; 22:55:48; 11226; 20473; 27.25; 1004.263203125; 29.46484375
2026-09-09; 22:56:48; 11226; 20473; 27.24; 1004.2109375; 29.4755859375
2026-09-09; 22:57:48; 11226; 20473; 27.22; 1004.2151171875; 29.5087890625
2026-09-09; 22:58:48; 11226; 20473; 27.19; 1004.2515234375; 29.5634765625
2026-09-09; 22:59:48; 11226; 20473; 27.19; 1004.2716015625; 29.59765625
2026-09-09; 23:00:48; 11226; 20473; 27.19; 1004.2716015625; 29.59765625
2026-09-09; 23:01:48; 11226; 20473; 27.18; 1004.311796875; 29.6533203125
2026-09-09; 23:02:48; 11226; 20473; 27.15; 1004.2917578125; 29.6630859375
2026-09-09; 23:03:48; 11226; 20473; 27.17; 1004.295546875; 29.6650390625
2026-09-09; 23:04:48; 11226; 20473; 27.14; 1004.388046875; 29.71875
2026-09-09; 23:05:48; 11226; 20473; 27.13; 1004.2879296875; 29.70703125
2026-09-09; 23:06:48; 11226; 20473; 27.14; 1004.331953125; 29.6962890625
2026-09-09; 23:07:48; 11226; 20473; 27.14; 1004.331953125; 29.71875
2026-09-09; 23:08:48; 11226; 20473; 27.11; 1004.3201171875; 29.7626953125
2026-09-09; 23:09:48; 11226; 20473; 27.12; 1004.3080078125; 29.7294921875
2026-09-09; 23:10:48; 11226; 20473; 27.12; 1004.3000390625; 29.7744140625
2026-09-09; 23:11:48; 11335; 20694; 27.11; 1004.2837890625; 29.7744140625
2026-09-09; 23:12:48; 11335; 20694; 27.1; 1004.239765625; 29.78515625
2026-09-09; 23:13:48; 11335; 20694; 27.06; 1004.268203125; 29.8623046875
2026-09-09; 23:14:48; 11335; 20694; 27.06; 1004.2321484375; 29.873046875
2026-09-09; 23:15:48; 11335; 20694; 27.07; 1004.284140625; 29.8857421875
2026-09-09; 23:16:48; 11335; 20694; 27.08; 1004.292109375; 29.8408203125
2026-09-09; 23:17:48; 11335; 20694; 27.07; 1004.276171875; 29.873046875
2026-09-09; 23:18:48; 11335; 20694; 27.05; 1004.2241796875; 29.884765625
2026-09-09; 23:19:48; 11335; 20694; 27.03; 1004.219765625; 29.9169921875
2026-09-09; 23:20:48; 11335; 20694; 27.03; 1004.2959765625; 29.9501953125
2026-09-09; 23:21:48; 11335; 20694; 27.01; 1004.3001171875; 29.97265625
2026-09-09; 23:22:48; 11335; 20694; 26.99; 1004.2201171875; 30.005859375
2026-09-09; 23:23:48; 11335; 20694; 26.99; 1004.156015625; 30.0166015625
2026-09-09; 23:24:49; 11335; 20694; 27.0; 1004.228046875; 30.005859375
2026-09-09; 23:25:49; 11335; 20694; 26.99; 1004.2481640625; 29.9833984375
2026-09-09; 23:26:49; 11445; 20953; 26.98; 1004.252265625; 30.0498046875
2026-09-09; 23:27:49; 11335; 20694; 26.97; 1004.2080078125; 30.0380859375
2026-09-09; 23:28:49; 11335; 20694; 26.96; 1004.2201171875; 30.10546875
2026-09-09; 23:29:49; 11335; 20694; 26.97; 1004.2360546875; 30.0947265625
