Datum; Uhrzeit; eCO2 (ppm); tVOC (ppb); Temperatur (°C); Luftdruck (hpPa); relative Luftfeuchte (%)
2026-06-29; 01:56:55; 400; 0; 38.18; 1005.5923046875; 25.90625
2026-06-29; 01:57:55; 405; 0; 38.14; 1005.5378515625; 25.9619140625
2026-06-29; 01:58:55; 400; 0; 38.3; 1005.502734375; 25.78515625
2026-06-29; 01:59:55; 400; 0; 38.22; 1005.523984375; 25.8505859375
2026-06-29; 02:00:55; 400; 0; 38.36; 1005.5053125; 25.70703125
2026-06-29; 02:01:55; 400; 0; 38.41; 1005.4728515625; 25.65234375
2026-06-29; 02:02:55; 403; 0; 38.2; 1005.5128125; 25.9072265625
2026-06-29; 02:03:55; 400; 0; 38.4; 1005.5759765625; 25.7216796875
2026-06-29; 02:04:55; 400; 0; 38.37; 1005.611953125; 25.7080078125
2026-06-29; 02:05:55; 400; 0; 38.23; 1005.5873046875; 25.88671875
2026-06-29; 02:06:55; 402; 0; 38.33; 1005.604921875; 25.822265625
2026-06-29; 02:07:55; 400; 0; 38.37; 1005.5565625; 25.7197265625
2026-06-29; 02:08:55; 403; 0; 38.47; 1005.5862109375; 25.6435546875
2026-06-29; 02:09:55; 407; 1; 38.52; 1005.5257421875; 25.5888671875
2026-06-29; 02:10:55; 400; 0; 38.3; 1005.4750390625; 25.83203125
2026-06-29; 02:11:55; 400; 0; 38.47; 1005.5387890625; 25.62109375
2026-06-29; 02:12:55; 400; 0; 38.44; 1005.4642578125; 25.642578125
2026-06-29; 02:13:55; 400; 0; 38.37; 1005.3904296875; 25.7314453125
2026-06-29; 02:14:55; 400; 0; 38.36; 1005.3748046875; 25.765625
2026-06-29; 02:15:55; 400; 0; 38.36; 1005.3391796875; 25.765625
2026-06-29; 02:16:55; 400; 0; 38.51; 1005.4270703125; 25.623046875
2026-06-29; 02:17:55; 402; 0; 38.47; 1005.2815625; 25.6552734375
2026-06-29; 02:18:55; 407; 1; 38.41; 1005.278984375; 25.7333984375
2026-06-29; 02:19:55; 400; 0; 38.68; 1005.2412890625; 25.423828125
2026-06-29; 02:20:55; 424; 3; 38.4; 1005.2159765625; 25.7333984375
2026-06-29; 02:21:55; 416; 2; 38.62; 1005.1830859375; 25.490234375
2026-06-29; 02:22:55; 407; 1; 38.47; 1005.2538671875; 25.748046875
2026-06-29; 02:23:55; 407; 1; 38.41; 1005.2315625; 25.76953125
2026-06-29; 02:24:55; 400; 0; 38.41; 1005.22359375; 25.7685546875
2026-06-29; 02:25:55; 405; 0; 38.35; 1005.129765625; 25.8115234375
2026-06-29; 02:26:55; 405; 0; 38.5; 1005.1978125; 25.6572265625
2026-06-29; 02:27:56; 409; 1; 38.41; 1005.176171875; 25.74609375
2026-06-29; 02:28:56; 409; 1; 38.42; 1005.1083984375; 25.7119140625
2026-06-29; 02:29:56; 409; 1; 38.52; 1005.1656640625; 25.634765625
2026-06-29; 02:30:56; 403; 0; 38.42; 1005.1083984375; 25.76953125
2026-06-29; 02:31:56; 405; 0; 38.48; 1005.166640625; 25.6796875
2026-06-29; 02:32:56; 403; 0; 38.53; 1005.236640625; 25.6357421875
2026-06-29; 02:33:56; 400; 0; 38.6; 1005.318125; 25.5810546875
2026-06-29; 02:34:56; 409; 1; 38.29; 1005.328671875; 25.9130859375
2026-06-29; 02:35:56; 409; 1; 38.55; 1005.406328125; 25.625
2026-06-29; 02:36:56; 409; 1; 38.4; 1005.4849609375; 25.826171875
2026-06-29; 02:37:56; 405; 0; 38.58; 1005.591640625; 25.638671875
2026-06-29; 02:38:56; 407; 1; 38.55; 1005.608203125; 25.6484375
2026-06-29; 02:39:56; 400; 0; 38.43; 1005.6501953125; 25.79296875
2026-06-29; 02:40:56; 402; 0; 38.47; 1005.6495703125; 25.7490234375
2026-06-29; 02:41:56; 405; 0; 38.52; 1005.7553125; 25.669921875
2026-06-29; 02:42:56; 405; 0; 38.41; 1005.840859375; 25.8271484375
2026-06-29; 02:43:56; 414; 2; 38.47; 1005.8077734375; 25.794921875
2026-06-29; 02:44:56; 418; 2; 38.41; 1005.89625; 25.8271484375
2026-06-29; 02:45:56; 414; 2; 38.55; 1005.96828125; 25.7294921875
2026-06-29; 02:46:56; 407; 1; 38.35; 1005.9684375; 25.951171875
2026-06-29; 02:47:56; 408; 1; 38.4; 1006.038828125; 25.9072265625
2026-06-29; 02:48:56; 400; 0; 38.18; 1005.9875390625; 26.232421875
2026-06-29; 02:49:56; 402; 0; 38.36; 1006.031484375; 25.962890625
2026-06-29; 02:50:56; 406; 0; 38.28; 1006.0329296875; 26.029296875
2026-06-29; 02:51:56; 402; 0; 38.45; 1005.9860546875; 25.95703125
2026-06-29; 02:52:56; 400; 0; 38.35; 1005.9684375; 26.0205078125
2026-06-29; 02:53:56; 402; 0; 38.58; 1005.9240625; 25.673828125
2026-06-29; 02:54:56; 415; 2; 38.34; 1006.008203125; 25.9853515625
2026-06-29; 02:55:56; 406; 0; 38.6; 1005.9275390625; 25.697265625
2026-06-29; 02:56:56; 406; 0; 38.38; 1005.9044921875; 25.94140625
2026-06-29; 02:57:56; 402; 0; 38.47; 1005.9185546875; 25.8642578125
2026-06-29; 02:58:56; 405; 0; 38.27; 1005.8435546875; 26.12109375
2026-06-29; 02:59:56; 400; 0; 38.4; 1005.817265625; 26.046875
2026-06-29; 03:00:56; 409; 1; 38.39; 1005.8926953125; 25.98828125
2026-06-29; 03:01:56; 425; 3; 38.54; 1005.861640625; 25.798828125
2026-06-29; 03:02:56; 417; 2; 38.43; 1005.8440625; 25.9443359375
2026-06-29; 03:03:56; 400; 0; 38.32; 1005.8859375; 26.193359375
2026-06-29; 03:04:56; 405; 0; 38.28; 1005.8868359375; 26.2021484375
2026-06-29; 03:05:56; 400; 0; 38.59; 1005.8842578125; 25.90625
2026-06-29; 03:06:56; 400; 0; 38.48; 1005.906484375; 26.0625
2026-06-29; 03:07:56; 400; 0; 38.63; 1005.9390234375; 25.896484375
2026-06-29; 03:08:56; 400; 0; 38.45; 1005.958359375; 26.0732421875
2026-06-29; 03:09:56; 407; 1; 38.41; 1005.9990234375; 26.2451171875
2026-06-29; 03:10:57; 400; 0; 38.37; 1006.0550390625; 26.27734375
2026-06-29; 03:11:57; 403; 0; 38.36; 1006.1422265625; 26.2998046875
2026-06-29; 03:12:57; 403; 0; 38.63; 1005.994453125; 25.966796875
2026-06-29; 03:13:57; 407; 1; 38.4; 1006.0190625; 26.279296875
2026-06-29; 03:14:57; 409; 1; 38.45; 1005.958359375; 26.2939453125
2026-06-29; 03:15:57; 416; 2; 38.26; 1005.8279296875; 26.5498046875
2026-06-29; 03:16:57; 418; 2; 38.26; 1005.8279296875; 26.607421875
2026-06-29; 03:17:57; 426; 3; 38.17; 1005.7428125; 26.671875
2026-06-29; 03:18:57; 422; 3; 38.44; 1005.66578125; 26.4208984375
2026-06-29; 03:19:57; 416; 2; 38.28; 1005.6453125; 26.6904296875
2026-06-29; 03:20:57; 403; 0; 38.47; 1005.621875; 26.5625
2026-06-29; 03:21:57; 400; 0; 38.33; 1005.5218359375; 26.8330078125
2026-06-29; 03:22:57; 403; 0; 38.45; 1005.507578125; 26.8623046875
2026-06-29; 03:23:57; 400; 0; 38.55; 1005.525078125; 26.58984375
2026-06-29; 03:24:57; 402; 0; 38.35; 1005.6084375; 26.8916015625
2026-06-29; 03:25:57; 400; 0; 38.35; 1005.5728125; 27.1123046875
2026-06-29; 03:26:57; 402; 0; 38.54; 1005.64796875; 26.8212890625
2026-06-29; 03:27:57; 402; 0; 38.26; 1005.6971484375; 27.28125
2026-06-29; 03:28:57; 403; 0; 38.5; 1005.6963671875; 26.912109375
2026-06-29; 03:29:57; 406; 0; 38.54; 1005.778515625; 26.8798828125
2026-06-29; 03:30:57; 403; 0; 38.1; 1005.9259375; 27.52734375
2026-06-29; 03:31:57; 400; 0; 38.34; 1005.9528515625; 27.228515625
2026-06-29; 03:32:57; 400; 0; 38.3; 1005.98109375; 27.318359375
2026-06-29; 03:33:57; 403; 0; 38.19; 1006.1062109375; 27.4853515625
2026-06-29; 03:34:57; 408; 1; 38.12; 1006.115625; 27.5625
2026-06-29; 03:35:57; 417; 2; 38.33; 1006.241796875; 27.28515625
2026-06-29; 03:36:57; 428; 4; 38.2; 1006.26796875; 27.3935546875
2026-06-29; 03:37:57; 434; 5; 38.05; 1006.2907421875; 27.6748046875
2026-06-29; 03:38:57; 452; 7; 38.3; 1006.3887890625; 27.4111328125
2026-06-29; 03:39:57; 475; 11; 38.2; 1006.509453125; 27.5673828125
2026-06-29; 03:40:57; 498; 14; 38.21; 1006.532734375; 27.5107421875
2026-06-29; 03:41:57; 518; 17; 38.31; 1006.65359375; 27.4697265625
2026-06-29; 03:42:57; 534; 20; 38.2; 1006.6755859375; 27.6025390625
2026-06-29; 03:43:57; 555; 23; 38.44; 1006.8013671875; 27.3154296875
2026-06-29; 03:44:57; 564; 24; 38.26; 1006.9354296875; 27.6064453125
2026-06-29; 03:45:57; 596; 29; 38.01; 1007.08625; 27.9619140625
2026-06-29; 03:46:57; 607; 31; 38.21; 1007.1418359375; 27.6611328125
2026-06-29; 03:47:57; 631; 35; 38.3; 1007.2748828125; 27.701171875
2026-06-29; 03:48:57; 656; 39; 38.13; 1007.3846484375; 27.8076171875
2026-06-29; 03:49:57; 675; 41; 38.3; 1007.3379296875; 27.6201171875
2026-06-29; 03:50:57; 712; 47; 38.12; 1007.3690234375; 27.7958984375
2026-06-29; 03:51:57; 733; 50; 38.2; 1007.4030859375; 27.77734375
2026-06-29; 03:52:57; 749; 53; 38.22; 1007.371328125; 27.6962890625
2026-06-29; 03:53:58; 749; 53; 38.22; 1007.3990234375; 27.8466796875
2026-06-29; 03:54:58; 774; 56; 38.35; 1007.353046875; 27.611328125
2026-06-29; 03:55:58; 787; 58; 38.26; 1007.2400390625; 27.849609375
2026-06-29; 03:56:58; 804; 61; 38.12; 1007.2229296875; 27.95703125
2026-06-29; 03:57:58; 804; 61; 38.05; 1007.251875; 28.080078125
2026-06-29; 03:58:58; 804; 61; 38.12; 1007.1121875; 28.015625
2026-06-29; 03:59:58; 838; 66; 38.24; 1007.0149609375; 27.791015625
2026-06-29; 04:00:58; 844; 67; 37.93; 1007.04421875; 28.248046875
2026-06-29; 04:01:58; 838; 66; 38.17; 1006.8225; 27.9951171875
2026-06-29; 04:02:58; 813; 62; 38.15; 1006.7161328125; 28.0517578125
2026-06-29; 04:03:58; 795; 60; 38.02; 1006.6313671875; 28.369140625
2026-06-29; 04:04:58; 783; 58; 38.02; 1006.5130078125; 28.4150390625
2026-06-29; 04:05:58; 706; 46; 37.75; 1006.280390625; 29.2568359375
2026-06-29; 04:06:58; 620; 33; 37.78; 1006.09796875; 29.3623046875
2026-06-29; 04:07:58; 514; 17; 37.91; 1005.85828125; 29.544921875
2026-06-29; 04:08:58; 426; 3; 37.77; 1005.8136328125; 30.0693359375
2026-06-29; 04:09:58; 400; 0; 37.81; 1005.7574609375; 29.7353515625
2026-06-29; 04:10:58; 405; 0; 37.85; 1005.7092578125; 29.876953125
2026-06-29; 04:11:58; 402; 0; 38.2; 1005.9280859375; 29.458984375
2026-06-29; 04:12:58; 400; 0; 38.09; 1005.958046875; 29.486328125
2026-06-29; 04:13:58; 403; 0; 38.1; 1006.0566796875; 29.3828125
2026-06-29; 04:14:58; 400; 0; 37.97; 1006.1380859375; 29.501953125
2026-06-29; 04:15:58; 400; 0; 37.9; 1006.111484375; 29.6708984375
2026-06-29; 04:16:58; 409; 1; 37.74; 1006.2291015625; 29.8466796875
2026-06-29; 04:17:58; 422; 3; 37.93; 1006.1309375; 29.291015625
2026-06-29; 04:18:58; 462; 9; 37.98; 1006.1537109375; 29.2822265625
2026-06-29; 04:19:58; 496; 14; 38.03; 1006.038046875; 29.193359375
2026-06-29; 04:20:58; 545; 22; 37.9; 1005.890078125; 29.3349609375
2026-06-29; 04:21:58; 594; 29; 38.25; 1005.84765625; 28.8125
2026-06-29; 04:22:58; 615; 32; 38.24; 1005.852109375; 28.974609375
2026-06-29; 04:23:58; 627; 34; 38.14; 1005.6562109375; 29.142578125
2026-06-29; 04:24:58; 627; 34; 38.03; 1005.650546875; 29.40234375
2026-06-29; 04:25:58; 620; 33; 38.0; 1005.6116796875; 29.400390625
2026-06-29; 04:26:58; 641; 36; 37.88; 1005.5070703125; 29.6240234375
2026-06-29; 04:27:58; 672; 41; 37.72; 1005.51421875; 29.94921875
2026-06-29; 04:28:58; 646; 37; 38.25; 1005.5077734375; 29.2998046875
2026-06-29; 04:29:58; 627; 34; 38.3; 1005.5580859375; 29.2333984375
2026-06-29; 04:30:58; 627; 34; 37.79; 1005.504921875; 30.03515625
2026-06-29; 04:31:58; 620; 33; 37.81; 1005.5994140625; 30.013671875
2026-06-29; 04:32:58; 600; 30; 37.93; 1005.771171875; 29.7431640625
2026-06-29; 04:33:58; 615; 32; 37.94; 1005.8501171875; 29.7900390625
2026-06-29; 04:34:58; 633; 35; 38.05; 1005.7925; 29.5654296875
2026-06-29; 04:35:58; 653; 38; 37.9; 1005.9177734375; 29.7529296875
2026-06-29; 04:36:59; 710; 47; 37.8; 1006.12921875; 29.8046875
2026-06-29; 04:37:59; 733; 50; 37.92; 1006.2533984375; 29.6728515625
2026-06-29; 04:38:59; 757; 54; 37.92; 1006.30875; 29.73046875
2026-06-29; 04:39:59; 810; 62; 37.78; 1006.4655859375; 29.9072265625
2026-06-29; 04:40:59; 836; 66; 37.82; 1006.50046875; 29.8984375
2026-06-29; 04:41:59; 902; 76; 37.93; 1006.57375; 29.7197265625
2026-06-29; 04:42:59; 967; 86; 37.8; 1006.6351953125; 29.8388671875
2026-06-29; 04:43:59; 1053; 99; 37.84; 1006.5791015625; 29.841796875
2026-06-29; 04:44:59; 1134; 111; 37.9; 1006.672890625; 29.70703125
2026-06-29; 04:45:59; 1224; 125; 37.79; 1006.6748828125; 29.849609375
2026-06-29; 04:46:59; 1321; 140; 37.9; 1006.6175390625; 29.7177734375
2026-06-29; 04:47:59; 1445; 159; 37.83; 1006.6267578125; 29.830078125
2026-06-29; 04:48:59; 1499; 171; 37.92; 1006.6131640625; 29.71875
2026-06-29; 04:49:59; 1531; 193; 37.84; 1006.689765625; 29.7255859375
2026-06-29; 04:50:59; 1544; 203; 38.03; 1006.6469921875; 29.541015625
2026-06-29; 04:51:59; 1573; 225; 37.82; 1006.666484375; 29.8984375
2026-06-29; 04:52:59; 1586; 233; 37.73; 1006.6837890625; 30.04296875
2026-06-29; 04:53:59; 1604; 249; 37.74; 1006.6441015625; 30.0546875
2026-06-29; 04:54:59; 1619; 263; 37.54; 1006.7345703125; 30.3544921875
2026-06-29; 04:55:59; 1629; 272; 37.84; 1006.697734375; 29.900390625
2026-06-29; 04:56:59; 1647; 287; 37.58; 1006.824765625; 30.3115234375
2026-06-29; 04:57:59; 1664; 302; 37.65; 1006.8986328125; 30.234375
2026-06-29; 04:58:59; 1683; 322; 37.61; 1006.9190234375; 30.3125
2026-06-29; 04:59:59; 1700; 338; 37.72; 1006.9527734375; 30.111328125
2026-06-29; 05:00:59; 1700; 338; 37.61; 1006.9546875; 30.40625
2026-06-29; 05:01:59; 1710; 349; 37.68; 1006.917890625; 30.236328125
2026-06-29; 05:02:59; 1739; 376; 37.6; 1006.8837109375; 30.4287109375
2026-06-29; 05:03:59; 1749; 390; 37.53; 1006.9478515625; 30.470703125
2026-06-29; 05:04:59; 1760; 403; 37.8; 1006.9672265625; 30.1171875
2026-06-29; 05:05:59; 1772; 417; 37.51; 1007.01953125; 30.5263671875
2026-06-29; 05:06:59; 1790; 439; 37.63; 1007.0609765625; 30.4072265625
2026-06-29; 05:07:59; 1796; 445; 37.77; 1007.1693359375; 30.25390625
2026-06-29; 05:08:59; 1823; 479; 37.67; 1007.261875; 30.33984375
2026-06-29; 05:09:59; 1834; 494; 37.63; 1007.3376171875; 30.46484375
2026-06-29; 05:10:59; 1849; 514; 37.65; 1007.5072265625; 30.478515625
2026-06-29; 05:11:59; 1868; 542; 37.79; 1007.49703125; 30.255859375
2026-06-29; 05:12:59; 1878; 552; 37.68; 1007.6371484375; 30.45703125
2026-06-29; 05:13:59; 1884; 561; 37.59; 1007.800546875; 30.5546875
2026-06-29; 05:14:59; 1898; 582; 37.64; 1007.878828125; 30.5703125
2026-06-29; 05:15:59; 1898; 582; 37.47; 1008.0708203125; 30.732421875
2026-06-29; 05:16:59; 1926; 625; 37.73; 1008.1027734375; 30.390625
2026-06-29; 05:17:59; 1939; 647; 37.43; 1008.1737890625; 31.01953125
2026-06-29; 05:18:59; 1934; 637; 37.54; 1008.3110546875; 30.818359375
2026-06-29; 05:20:00; 1939; 647; 37.37; 1008.4669140625; 31.107421875
2026-06-29; 05:21:00; 1934; 637; 37.57; 1008.4687109375; 30.7744140625
2026-06-29; 05:22:00; 1934; 637; 37.55; 1008.611015625; 30.9580078125
2026-06-29; 05:23:00; 1962; 683; 37.35; 1008.664765625; 31.140625
2026-06-29; 05:24:00; 1956; 672; 37.34; 1008.78734375; 31.2099609375
2026-06-29; 05:25:00; 1962; 683; 37.53; 1008.8485546875; 30.9560546875
2026-06-29; 05:26:00; 1972; 698; 37.48; 1008.805546875; 31.0107421875
2026-06-29; 05:27:00; 1986; 723; 37.52; 1008.805234375; 30.9326171875
2026-06-29; 05:28:00; 1994; 736; 37.26; 1008.8278125; 31.412109375
2026-06-29; 05:29:00; 2002; 750; 37.41; 1008.786484375; 31.3193359375
2026-06-29; 05:30:00; 2009; 763; 37.41; 1008.786484375; 31.1796875
2026-06-29; 05:31:00; 2018; 779; 37.53; 1008.7932421875; 31.083984375
2026-06-29; 05:32:00; 2018; 779; 37.72; 1008.75109375; 30.794921875
2026-06-29; 05:33:00; 2018; 779; 37.52; 1008.7576171875; 31.1181640625
2026-06-29; 05:34:00; 2050; 825; 37.38; 1008.7591015625; 31.2119140625
2026-06-29; 05:35:00; 2060; 840; 37.39; 1008.7748046875; 31.2705078125
2026-06-29; 05:36:00; 2076; 872; 37.42; 1008.849453125; 31.1572265625
2026-06-29; 05:37:00; 2084; 890; 37.38; 1008.8144140625; 31.2822265625
2026-06-29; 05:38:00; 2088; 897; 37.32; 1008.941875; 31.3701171875
2026-06-29; 05:39:00; 2104; 931; 37.39; 1008.8854296875; 31.3291015625
2026-06-29; 05:40:00; 2120; 966; 37.26; 1008.9107421875; 31.5048828125
2026-06-29; 05:41:00; 2132; 990; 37.48; 1008.9084765625; 31.1728515625
2026-06-29; 05:42:00; 2140; 1009; 37.67; 1008.83875; 30.908203125
2026-06-29; 05:43:00; 2162; 1049; 37.39; 1008.8933984375; 31.283203125
2026-06-29; 05:44:00; 2166; 1067; 37.56; 1008.875625; 31.0634765625
2026-06-29; 05:45:00; 2178; 1088; 37.35; 1008.8859765625; 31.4306640625
2026-06-29; 05:46:00; 2195; 1129; 37.48; 1008.8255078125; 31.2197265625
2026-06-29; 05:47:00; 2207; 1152; 37.55; 1008.859921875; 31.1435546875
2026-06-29; 05:48:00; 2207; 1152; 37.38; 1008.7867578125; 31.3974609375
2026-06-29; 05:49:00; 2212; 1170; 37.54; 1008.7612890625; 31.2001953125
2026-06-29; 05:50:00; 2212; 1170; 37.39; 1008.7274609375; 31.3876953125
2026-06-29; 05:51:00; 2212; 1170; 37.5; 1008.72625; 31.232421875
2026-06-29; 05:52:00; 2234; 1211; 37.39; 1008.6721484375; 31.41015625
2026-06-29; 05:53:00; 2245; 1234; 37.61; 1008.60640625; 31.123046875
2026-06-29; 05:54:00; 2257; 1253; 37.68; 1008.605390625; 31.0009765625
2026-06-29; 05:55:00; 2263; 1276; 37.53; 1008.5796875; 31.2119140625
2026-06-29; 05:56:00; 2274; 1300; 37.15; 1008.6356640625; 31.810546875
2026-06-29; 05:57:00; 2274; 1300; 37.22; 1008.6072265625; 31.734375
2026-06-29; 05:58:00; 2294; 1347; 37.34; 1008.5661328125; 31.544921875
2026-06-29; 05:59:00; 2294; 1347; 37.17; 1008.6866796875; 31.8681640625
2026-06-29; 06:00:00; 2303; 1367; 37.18; 1008.6470703125; 31.80078125
2026-06-29; 06:01:00; 2328; 1414; 37.36; 1008.5898046875; 31.53515625
2026-06-29; 06:02:00; 2349; 1462; 37.24; 1008.6109375; 31.7236328125
2026-06-29; 06:03:01; 2349; 1462; 37.25; 1008.460703125; 31.724609375
2026-06-29; 06:04:01; 2349; 1462; 37.11; 1008.497734375; 31.9228515625
2026-06-29; 06:05:01; 2361; 1481; 37.16; 1008.588046875; 31.9140625
2026-06-29; 06:06:01; 2380; 1528; 37.29; 1008.563046875; 31.6923828125
2026-06-29; 06:07:01; 2370; 1505; 37.14; 1008.62; 31.9365234375
2026-06-29; 06:08:01; 2380; 1528; 37.11; 1008.6635546875; 32.02734375
2026-06-29; 06:09:01; 2370; 1505; 37.2; 1008.70609375; 31.8828125
2026-06-29; 06:10:01; 2380; 1528; 37.04; 1008.6290234375; 32.1025390625
2026-06-29; 06:11:01; 2406; 1578; 37.21; 1008.646796875; 31.89453125
2026-06-29; 06:12:01; 2406; 1578; 37.26; 1008.5869921875; 31.806640625
2026-06-29; 06:13:01; 2441; 1653; 37.04; 1008.60140625; 32.1025390625
2026-06-29; 06:14:01; 2441; 1653; 37.19; 1008.57984375; 31.951171875
2026-06-29; 06:15:01; 2455; 1683; 37.27; 1008.6303125; 31.7724609375
2026-06-29; 06:16:01; 2466; 1703; 36.97; 1008.5548828125; 32.283203125
2026-06-29; 06:17:01; 2466; 1703; 37.07; 1008.5931640625; 32.185546875
2026-06-29; 06:18:01; 2486; 1753; 36.97; 1008.5548828125; 32.306640625
2026-06-29; 06:19:01; 2486; 1753; 37.26; 1008.606640625; 31.91015625
2026-06-29; 06:20:01; 2513; 1804; 37.1; 1008.6401953125; 32.083984375
2026-06-29; 06:21:01; 2513; 1804; 37.15; 1008.6633203125; 31.9951171875
2026-06-29; 06:22:01; 2521; 1829; 37.09; 1008.6521484375; 32.0712890625
2026-06-29; 06:23:01; 2521; 1829; 37.02; 1008.6885546875; 32.240234375
2026-06-29; 06:24:01; 2535; 1860; 37.05; 1008.5618359375; 32.1728515625
2026-06-29; 06:25:01; 2547; 1881; 37.09; 1008.6048828125; 32.095703125
2026-06-29; 06:26:01; 2574; 1940; 37.1; 1008.7308203125; 32.083984375
2026-06-29; 06:27:01; 2574; 1940; 36.96; 1008.685078125; 32.3056640625
2026-06-29; 06:28:01; 2601; 1997; 36.94; 1008.6533984375; 32.3271484375
2026-06-29; 06:29:01; 2601; 1997; 37.11; 1008.5453125; 32.0615234375
2026-06-29; 06:30:01; 2611; 2023; 36.99; 1008.282265625; 32.2265625
2026-06-29; 06:31:01; 2611; 2023; 37.03; 1008.2896875; 32.2060546875
2026-06-29; 06:32:01; 2611; 2023; 37.16; 1008.2643359375; 31.9267578125
2026-06-29; 06:33:01; 2574; 1940; 37.07; 1008.289140625; 31.9892578125
2026-06-29; 06:34:01; 2589; 1972; 37.54; 1008.40171875; 31.31640625
2026-06-29; 06:35:01; 2589; 1972; 37.09; 1008.3284765625; 31.9912109375
2026-06-29; 06:36:01; 2535; 1860; 37.13; 1008.4384765625; 31.9130859375
2026-06-29; 06:37:01; 2513; 1804; 37.06; 1008.3287109375; 32.03515625
2026-06-29; 06:38:01; 2486; 1753; 37.08; 1008.3957421875; 31.9560546875
2026-06-29; 06:39:01; 2513; 1804; 37.19; 1008.3943359375; 31.859375
2026-06-29; 06:40:01; 2499; 1779; 37.33; 1008.51515625; 31.625
2026-06-29; 06:41:01; 2499; 1779; 36.96; 1008.6298046875; 32.2021484375
2026-06-29; 06:42:01; 2476; 1728; 37.08; 1008.5535546875; 32.0126953125
2026-06-29; 06:43:01; 2455; 1683; 37.08; 1008.636484375; 31.966796875
2026-06-29; 06:44:01; 2455; 1683; 37.04; 1008.526484375; 31.94140625
2026-06-29; 06:45:01; 2441; 1653; 36.98; 1008.4876953125; 32.017578125
2026-06-29; 06:46:02; 2455; 1683; 36.93; 1008.5471484375; 32.1064453125
2026-06-29; 06:47:02; 2441; 1653; 36.79; 1008.61953125; 32.2939453125
2026-06-29; 06:48:02; 2455; 1683; 36.93; 1008.8035546875; 32.060546875
2026-06-29; 06:49:02; 2428; 1633; 36.8; 1008.718125; 32.271484375
2026-06-29; 06:50:02; 2406; 1578; 36.97; 1008.783671875; 31.9365234375
2026-06-29; 06:51:02; 2380; 1528; 37.06; 1008.8894921875; 31.8154296875
2026-06-29; 06:52:02; 2380; 1528; 36.86; 1008.99765625; 32.0908203125
2026-06-29; 06:53:02; 2370; 1505; 37.02; 1009.1583984375; 31.859375
2026-06-29; 06:54:02; 2361; 1481; 37.06; 1009.24078125; 31.7578125
2026-06-29; 06:55:02; 2349; 1462; 37.12; 1009.2796875; 31.611328125
2026-06-29; 06:56:02; 2328; 1414; 36.8; 1009.2905859375; 32.0400390625
2026-06-29; 06:57:02; 2315; 1390; 37.0; 1009.2928125; 31.73046875
2026-06-29; 06:58:02; 2303; 1367; 36.89; 1009.2933984375; 31.8154296875
2026-06-29; 06:59:02; 2294; 1347; 37.08; 1009.28015625; 31.5166015625
2026-06-29; 07:00:02; 2294; 1347; 36.92; 1009.2299609375; 31.7255859375
2026-06-29; 07:01:02; 2285; 1324; 36.87; 1009.2067578125; 31.779296875
2026-06-29; 07:02:02; 2274; 1300; 36.71; 1009.149296875; 32.1025390625
2026-06-29; 07:03:02; 2263; 1276; 36.81; 1009.0653515625; 31.8681640625
2026-06-29; 07:04:02; 2245; 1234; 36.88; 1009.00140625; 31.6416015625
2026-06-29; 07:05:02; 2245; 1234; 36.89; 1008.8712109375; 31.6298828125
2026-06-29; 07:06:02; 2212; 1170; 36.81; 1008.8642578125; 31.693359375
2026-06-29; 07:07:02; 2207; 1152; 36.79; 1008.8129296875; 31.669921875
2026-06-29; 07:08:02; 2185; 1111; 36.93; 1008.6930078125; 31.3671875
2026-06-29; 07:09:02; 2140; 1009; 37.17; 1008.66703125; 31.0478515625
2026-06-29; 07:10:02; 2098; 917; 37.05; 1008.589453125; 31.109375
2026-06-29; 07:11:02; 2076; 872; 36.77; 1008.5528515625; 31.4365234375
2026-06-29; 07:12:02; 2018; 779; 37.06; 1008.6051171875; 30.85546875
2026-06-29; 07:13:02; 1986; 723; 36.9; 1008.6459375; 31.1337890625
2026-06-29; 07:14:02; 1962; 683; 36.94; 1008.542890625; 31.0556640625
2026-06-29; 07:15:02; 1939; 647; 37.03; 1008.7238671875; 30.9453125
2026-06-29; 07:16:02; 1934; 637; 37.12; 1008.69921875; 30.7431640625
2026-06-29; 07:17:02; 1914; 605; 36.95; 1008.7995703125; 30.986328125
2026-06-29; 07:18:02; 1884; 561; 36.75; 1008.797734375; 31.2392578125
2026-06-29; 07:19:02; 1878; 552; 36.67; 1008.845625; 31.384765625
2026-06-29; 07:20:02; 1861; 531; 36.58; 1008.8701171875; 31.5166015625
2026-06-29; 07:21:02; 1853; 521; 36.9; 1008.859296875; 31.0986328125
2026-06-29; 07:22:02; 1853; 521; 36.86; 1008.7766015625; 31.05078125
2026-06-29; 07:23:02; 1842; 504; 36.63; 1008.838125; 31.3583984375
2026-06-29; 07:24:02; 1829; 487; 36.77; 1008.7815625; 31.1708984375
2026-06-29; 07:25:02; 1811; 463; 36.82; 1008.8523046875; 31.0009765625
2026-06-29; 07:26:02; 1815; 469; 36.84; 1008.717578125; 30.9677734375
2026-06-29; 07:27:02; 1815; 469; 36.73; 1008.766328125; 31.1328125
2026-06-29; 07:28:02; 1811; 463; 36.79; 1008.75765625; 31.0
2026-06-29; 07:29:03; 1804; 454; 36.74; 1008.7544140625; 31.099609375
2026-06-29; 07:30:03; 1804; 454; 36.67; 1008.7431640625; 31.22265625
2026-06-29; 07:31:03; 1804; 454; 36.68; 1008.6759765625; 31.1767578125
2026-06-29; 07:32:03; 1796; 445; 36.62; 1008.7671875; 31.2763671875
2026-06-29; 07:33:03; 1796; 445; 36.69; 1008.7665234375; 31.154296875
2026-06-29; 07:34:03; 1815; 469; 36.72; 1008.8611328125; 31.1328125
2026-06-29; 07:35:03; 1823; 479; 36.59; 1008.92140625; 31.3095703125
2026-06-29; 07:36:03; 1829; 487; 36.82; 1008.9075390625; 30.955078125
2026-06-29; 07:37:03; 1829; 487; 36.75; 1008.9159375; 31.03125
2026-06-29; 07:38:03; 1853; 521; 36.65; 1008.932734375; 31.1748046875
2026-06-29; 07:39:03; 1853; 521; 36.55; 1008.9138671875; 31.3525390625
2026-06-29; 07:40:03; 1853; 521; 36.6; 1008.881875; 31.3095703125
2026-06-29; 07:41:03; 1861; 531; 36.5; 1008.835390625; 31.46484375
2026-06-29; 07:42:03; 1878; 552; 36.49; 1008.8473046875; 31.4755859375
2026-06-29; 07:43:03; 1884; 561; 36.88; 1008.835625; 30.9248046875
2026-06-29; 07:44:03; 1905; 592; 36.67; 1008.845625; 31.19921875
2026-06-29; 07:45:03; 1914; 605; 36.64; 1008.79859375; 31.3125
2026-06-29; 07:46:03; 1914; 605; 36.65; 1008.932734375; 31.291015625
2026-06-29; 07:47:03; 1926; 625; 36.58; 1008.8425; 31.3662109375
2026-06-29; 07:48:03; 1934; 637; 36.52; 1008.8944140625; 31.4658203125
2026-06-29; 07:49:03; 1939; 647; 36.64; 1008.936640625; 31.2890625
2026-06-29; 07:50:03; 1946; 657; 36.6; 1008.9094921875; 31.37890625
2026-06-29; 07:51:03; 1962; 683; 36.49; 1008.8473046875; 31.544921875
2026-06-29; 07:52:03; 1962; 683; 36.59; 1008.9962890625; 31.447265625
2026-06-29; 07:53:03; 1978; 709; 36.67; 1008.99171875; 31.3154296875
2026-06-29; 07:54:03; 1994; 736; 36.64; 1009.1103515625; 31.3828125
2026-06-29; 07:55:03; 2002; 750; 36.69; 1009.070390625; 31.3623046875
2026-06-29; 07:56:03; 2018; 779; 36.47; 1009.14703125; 31.681640625
2026-06-29; 07:57:03; 2024; 791; 36.46; 1009.1392578125; 31.6708984375
2026-06-29; 07:58:03; 2035; 810; 36.51; 1009.2101171875; 31.603515625
2026-06-29; 07:59:03; 2060; 840; 36.53; 1009.351953125; 31.59375
2026-06-29; 08:00:03; 2068; 857; 36.58; 1009.43046875; 31.5283203125
2026-06-29; 08:01:03; 2088; 897; 36.53; 1009.4900390625; 31.5595703125
2026-06-29; 08:02:03; 2098; 917; 36.61; 1009.5328125; 31.5419921875
2026-06-29; 08:03:03; 2104; 931; 36.78; 1009.57078125; 31.2529296875
2026-06-29; 08:04:03; 2116; 951; 36.55; 1009.51375; 31.65234375
2026-06-29; 08:05:03; 2140; 1009; 36.61; 1009.477578125; 31.564453125
2026-06-29; 08:06:03; 2166; 1067; 36.6; 1009.481484375; 31.6220703125
2026-06-29; 08:07:03; 2166; 1067; 36.63; 1009.3905078125; 31.54296875
2026-06-29; 08:08:03; 2185; 1111; 36.67; 1009.461328125; 31.5810546875
2026-06-29; 08:09:03; 2212; 1170; 36.59; 1009.3829296875; 31.7705078125
2026-06-29; 08:10:03; 2195; 1129; 36.46; 1009.407421875; 32.0966796875
2026-06-29; 08:11:04; 2185; 1111; 36.52; 1009.316640625; 31.974609375
2026-06-29; 08:12:04; 2185; 1111; 36.64; 1009.2957421875; 31.8095703125
2026-06-29; 08:13:04; 2178; 1088; 36.49; 1009.2971484375; 32.0078125
2026-06-29; 08:14:04; 2178; 1088; 36.58; 1009.264765625; 32.001953125
2026-06-29; 08:15:04; 2166; 1067; 36.52; 1009.281015625; 32.0322265625
2026-06-29; 08:16:04; 2166; 1067; 36.62; 1009.3551953125; 31.947265625
2026-06-29; 08:17:04; 2166; 1067; 36.71; 1009.453203125; 31.8828125
2026-06-29; 08:18:04; 2162; 1049; 36.6; 1009.4342578125; 32.083984375
2026-06-29; 08:19:04; 2150; 1031; 36.6; 1009.42625; 32.1650390625
2026-06-29; 08:20:04; 2140; 1009; 36.59; 1009.556640625; 32.1181640625
2026-06-29; 08:21:04; 2140; 1009; 36.54; 1009.50578125; 32.18359375
2026-06-29; 08:22:04; 2140; 1009; 36.66; 1009.528515625; 32.0078125
2026-06-29; 08:23:04; 2132; 990; 36.76; 1009.4487890625; 31.8984375
2026-06-29; 08:24:04; 2132; 990; 36.69; 1009.51234375; 32.0439453125
2026-06-29; 08:25:04; 2120; 966; 36.84; 1009.5188671875; 31.8115234375
2026-06-29; 08:26:04; 2120; 966; 36.7; 1009.5556640625; 32.1376953125
2026-06-29; 08:27:04; 2104; 931; 36.83; 1009.53078125; 31.9150390625
2026-06-29; 08:28:04; 2088; 897; 36.86; 1009.5226171875; 31.8828125
2026-06-29; 08:29:04; 2088; 897; 36.95; 1009.518046875; 31.841796875
2026-06-29; 08:30:04; 2076; 872; 36.77; 1009.6103515625; 32.0380859375
2026-06-29; 08:31:04; 2060; 840; 36.65; 1009.58765625; 32.330078125
2026-06-29; 08:32:04; 2068; 857; 36.86; 1009.5502734375; 32.1025390625
2026-06-29; 08:33:04; 2024; 791; 36.77; 1009.5750390625; 32.2109375
2026-06-29; 08:34:04; 2018; 779; 36.88; 1009.609296875; 32.0224609375
2026-06-29; 08:35:04; 2018; 779; 36.75; 1009.689453125; 32.244140625
2026-06-29; 08:36:04; 1994; 736; 36.78; 1009.67359375; 32.1767578125
2026-06-29; 08:37:04; 1978; 709; 36.86; 1009.6884375; 32.13671875
2026-06-29; 08:38:04; 1978; 709; 36.93; 1009.680078125; 32.025390625
2026-06-29; 08:39:04; 1962; 683; 36.85; 1009.6926171875; 32.30859375
2026-06-29; 08:40:04; 1939; 647; 36.75; 1009.7170703125; 32.40625
2026-06-29; 08:41:04; 1934; 637; 36.79; 1009.7721875; 32.29296875
2026-06-29; 08:42:04; 1914; 605; 36.76; 1009.7803125; 32.453125
2026-06-29; 08:43:04; 1905; 592; 36.8; 1009.787890625; 32.3984375
2026-06-29; 08:44:04; 1898; 582; 36.8; 1009.7955859375; 32.4453125
2026-06-29; 08:45:04; 1884; 561; 36.79; 1009.855078125; 32.5126953125
2026-06-29; 08:46:04; 1868; 542; 36.83; 1009.8070703125; 32.447265625
2026-06-29; 08:47:04; 1853; 521; 36.86; 1009.76359375; 32.4130859375
2026-06-29; 08:48:04; 1853; 521; 36.83; 1009.8426953125; 32.4814453125
2026-06-29; 08:49:04; 1853; 521; 36.8; 1009.850859375; 32.6064453125
2026-06-29; 08:50:04; 1861; 531; 36.86; 1009.909453125; 32.529296875
2026-06-29; 08:51:04; 1868; 542; 36.94; 1009.869296875; 32.3740234375
2026-06-29; 08:52:04; 1878; 552; 36.9; 1009.889375; 32.5205078125
2026-06-29; 08:53:04; 1878; 552; 36.9; 1009.9446484375; 32.439453125
2026-06-29; 08:54:05; 1893; 575; 36.93; 1009.873515625; 32.4072265625
2026-06-29; 08:55:05; 1898; 582; 36.94; 1009.8615625; 32.4189453125
2026-06-29; 08:56:05; 1919; 614; 37.01; 1009.825625; 33.6025390625
2026-06-29; 08:57:05; 1914; 605; 37.04; 1009.872734375; 32.4267578125
2026-06-29; 08:58:05; 1868; 542; 36.69; 1009.8990625; 32.9677734375
2026-06-29; 08:59:05; 1853; 521; 36.84; 1009.9056640625; 32.666015625
2026-06-29; 09:00:05; 1815; 469; 36.96; 1009.9562890625; 32.421875
2026-06-29; 09:01:05; 1783; 431; 36.64; 1009.8837890625; 32.98828125
2026-06-29; 09:02:05; 1760; 403; 36.73; 1009.8989453125; 32.83203125
2026-06-29; 09:03:05; 1749; 390; 36.52; 1009.8057421875; 33.208984375
2026-06-29; 09:04:05; 1743; 384; 36.51; 1009.8256640625; 33.255859375
2026-06-29; 09:05:05; 1739; 376; 36.57; 1009.8290234375; 33.14453125
2026-06-29; 09:06:05; 1731; 369; 36.52; 1009.78609375; 33.291015625
2026-06-29; 09:07:05; 1743; 384; 36.62; 1009.8247265625; 33.11328125
2026-06-29; 09:08:05; 1743; 384; 36.57; 1009.8210546875; 33.201171875
2026-06-29; 09:09:05; 1749; 390; 36.72; 1009.78046875; 32.796875
2026-06-29; 09:10:05; 1760; 403; 36.79; 1009.827421875; 32.8134765625
2026-06-29; 09:11:05; 1772; 417; 36.84; 1009.7675390625; 32.666015625
2026-06-29; 09:12:05; 1765; 409; 36.81; 1009.7483203125; 32.7216796875
2026-06-29; 09:13:05; 1772; 417; 36.68; 1009.8005078125; 32.966796875
2026-06-29; 09:14:05; 1783; 431; 36.73; 1009.768515625; 32.9365234375
2026-06-29; 09:15:05; 1783; 431; 36.72; 1009.800390625; 32.9931640625
2026-06-29; 09:16:05; 1790; 439; 36.63; 1009.832421875; 33.2060546875
2026-06-29; 09:17:05; 1783; 431; 36.9; 1009.8341015625; 32.6943359375
2026-06-29; 09:18:05; 1775; 422; 37.03; 1009.8017578125; 32.5986328125
2026-06-29; 09:19:05; 1772; 417; 36.68; 1009.883359375; 33.1396484375
2026-06-29; 09:20:05; 1760; 403; 36.62; 1009.8247265625; 33.1484375
2026-06-29; 09:21:05; 1765; 409; 36.68; 1009.86375; 33.17578125
2026-06-29; 09:22:05; 1743; 384; 36.78; 1009.839375; 32.84765625
2026-06-29; 09:23:05; 1743; 384; 36.9; 1009.8341015625; 32.578125
2026-06-29; 09:24:05; 1725; 363; 36.75; 1009.7922265625; 32.97265625
2026-06-29; 09:25:05; 1725; 363; 36.71; 1009.82; 33.02734375
2026-06-29; 09:26:05; 1705; 345; 36.88; 1009.7397265625; 32.634765625
2026-06-29; 09:27:05; 1720; 357; 36.77; 1009.8512890625; 32.75390625
2026-06-29; 09:28:05; 1710; 349; 36.77; 1009.74078125; 32.7314453125
2026-06-29; 09:29:05; 1720; 357; 36.83; 1009.6965625; 32.5166015625
2026-06-29; 09:30:05; 1731; 369; 36.83; 1009.676953125; 32.52734375
2026-06-29; 09:31:05; 1749; 390; 36.83; 1009.6965625; 32.4931640625
2026-06-29; 09:32:05; 1754; 395; 36.74; 1009.7842578125; 32.6015625
2026-06-29; 09:33:05; 1772; 417; 36.81; 1009.7483203125; 32.4560546875
2026-06-29; 09:34:05; 1775; 422; 36.83; 1009.7598046875; 32.3779296875
2026-06-29; 09:35:05; 1775; 422; 36.77; 1009.8236328125; 32.4306640625
2026-06-29; 09:36:05; 1783; 431; 36.79; 1009.7998046875; 32.443359375
2026-06-29; 09:37:06; 1790; 439; 36.78; 1009.839375; 32.396484375
2026-06-29; 09:38:06; 1796; 445; 36.72; 1009.8633203125; 32.56640625
2026-06-29; 09:39:06; 1815; 469; 36.79; 1009.8075; 32.3291015625
2026-06-29; 09:40:06; 1815; 469; 36.71; 1009.8476171875; 32.5078125
2026-06-29; 09:41:06; 1790; 439; 36.77; 1009.8037109375; 32.349609375
2026-06-29; 09:42:06; 1783; 431; 36.74; 1009.894765625; 32.359375
2026-06-29; 09:43:06; 1783; 431; 36.75; 1009.9104296875; 32.3603515625
2026-06-29; 09:44:06; 1783; 431; 36.78; 1009.94984375; 32.3154296875
2026-06-29; 09:45:06; 1790; 439; 36.81; 1009.969375; 32.248046875
2026-06-29; 09:46:06; 1790; 439; 36.85; 1009.941328125; 32.1240234375
2026-06-29; 09:47:06; 1796; 445; 36.85; 1009.9490234375; 32.08984375
2026-06-29; 09:48:06; 1811; 463; 36.93; 1010.01171875; 31.921875
2026-06-29; 09:49:06; 1804; 454; 36.93; 1009.9287890625; 31.93359375
2026-06-29; 09:50:06; 1815; 469; 36.86; 1010.0199609375; 32.009765625
2026-06-29; 09:51:06; 1796; 445; 36.8; 1010.0365234375; 32.09765625
2026-06-29; 09:52:06; 1796; 445; 36.88; 1009.9884375; 31.98828125
2026-06-29; 09:53:06; 1783; 431; 36.84; 1010.0714453125; 32.03125
2026-06-29; 09:54:06; 1783; 431; 36.88; 1009.9961328125; 31.9072265625
2026-06-29; 09:55:06; 1790; 439; 36.87; 1009.972734375; 31.9052734375
2026-06-29; 09:56:06; 1790; 439; 36.89; 1010.004140625; 31.8955078125
2026-06-29; 09:57:06; 1783; 431; 36.9; 1009.936953125; 31.7578125
2026-06-29; 09:58:06; 1775; 422; 36.86; 1009.9646875; 31.7783203125
2026-06-29; 09:59:06; 1783; 431; 36.81; 1009.94171875; 31.84375
2026-06-29; 10:00:06; 1754; 395; 36.79; 1009.9456640625; 31.9013671875
2026-06-29; 10:01:06; 1720; 357; 36.8; 1009.9260546875; 31.681640625
2026-06-29; 10:02:06; 1683; 322; 36.71; 1009.9028515625; 31.8486328125
2026-06-29; 10:03:06; 1673; 312; 36.7; 1009.879453125; 31.87109375
2026-06-29; 10:04:06; 1673; 312; 36.73; 1009.8437109375; 31.826171875
2026-06-29; 10:05:06; 1673; 312; 36.74; 1009.831796875; 31.689453125
2026-06-29; 10:06:06; 1651; 291; 36.7; 1009.8518359375; 31.7548828125
2026-06-29; 10:07:06; 1647; 287; 36.7; 1009.82421875; 31.7666015625
2026-06-29; 10:08:06; 1629; 272; 36.67; 1009.8123828125; 31.8115234375
2026-06-29; 10:09:06; 1629; 272; 36.62; 1009.9076171875; 31.8203125
2026-06-29; 10:10:06; 1619; 263; 36.53; 1009.876640625; 31.9521484375
2026-06-29; 10:11:06; 1594; 241; 36.54; 1009.92; 31.755859375
2026-06-29; 10:12:06; 1582; 230; 36.46; 1009.9124609375; 31.8671875
2026-06-29; 10:13:06; 1559; 214; 36.54; 1009.864765625; 31.7216796875
2026-06-29; 10:14:06; 1556; 211; 36.61; 1009.947109375; 31.6572265625
2026-06-29; 10:15:07; 1548; 206; 36.63; 1009.970546875; 31.681640625
2026-06-29; 10:16:07; 1548; 206; 36.62; 1009.8799609375; 31.681640625
2026-06-29; 10:17:07; 1563; 217; 36.63; 1009.92328125; 31.658203125
2026-06-29; 10:18:07; 1586; 233; 36.62; 1009.9271875; 31.6689453125
2026-06-29; 10:19:07; 1594; 241; 36.64; 1009.9586328125; 31.6708984375
2026-06-29; 10:20:07; 1594; 241; 36.59; 1009.9076953125; 31.736328125
2026-06-29; 10:21:07; 1604; 249; 36.59; 1009.9709375; 31.7255859375
2026-06-29; 10:22:07; 1604; 249; 36.63; 1009.9508984375; 31.646484375
2026-06-29; 10:23:07; 1615; 259; 36.62; 1009.935234375; 31.6357421875
2026-06-29; 10:24:07; 1615; 259; 36.58; 1009.8723828125; 31.701171875
2026-06-29; 10:25:07; 1624; 267; 36.62; 1009.935234375; 31.6357421875
2026-06-29; 10:26:07; 1615; 259; 36.55; 1009.9280078125; 31.69921875
2026-06-29; 10:27:07; 1633; 276; 36.65; 1009.83625; 31.5908203125
2026-06-29; 10:28:07; 1647; 287; 36.7; 1009.85953125; 31.525390625
2026-06-29; 10:29:07; 1673; 312; 36.59; 1009.8880859375; 31.9794921875
2026-06-29; 10:30:07; 1651; 291; 36.66; 1009.887578125; 31.7529296875
2026-06-29; 10:31:07; 1604; 249; 36.68; 1009.8557421875; 31.8466796875
2026-06-29; 10:32:07; 1563; 217; 36.72; 1009.8909765625; 31.826171875
2026-06-29; 10:33:07; 1531; 193; 36.75; 1009.8475; 31.6787109375
2026-06-29; 10:34:07; 1509; 178; 36.78; 1009.839375; 31.587890625
2026-06-29; 10:35:07; 1491; 166; 36.8; 1009.815546875; 31.6005859375
2026-06-29; 10:36:07; 1445; 159; 36.67; 1009.8204296875; 31.77734375
2026-06-29; 10:37:07; 1372; 148; 36.7; 1009.82421875; 31.6396484375
2026-06-29; 10:38:07; 1274; 133; 36.73; 1009.8989453125; 31.6181640625
2026-06-29; 10:39:07; 1224; 125; 36.73; 1009.8437109375; 31.6181640625
2026-06-29; 10:40:07; 1168; 117; 36.76; 1009.9184375; 31.4482421875
2026-06-29; 10:41:07; 1168; 117; 36.88; 1009.9055078125; 31.3056640625
2026-06-29; 10:42:07; 1188; 120; 36.75; 1009.930390625; 31.55078125
2026-06-29; 10:43:07; 1224; 125; 36.75; 1009.9104296875; 31.435546875
2026-06-29; 10:44:08; 1338; 142; 36.73; 1009.9265625; 31.4912109375
2026-06-29; 10:45:08; 1416; 154; 36.8; 1009.8784765625; 31.3359375
2026-06-29; 10:46:08; 1509; 178; 36.87; 1009.9451171875; 31.2353515625
2026-06-29; 10:47:08; 1535; 196; 36.97; 1009.86140625; 31.0576171875
2026-06-29; 10:48:08; 1559; 214; 36.98; 1009.960078125; 31.03515625
2026-06-29; 10:49:08; 1586; 233; 37.02; 1009.97953125; 30.9921875
2026-06-29; 10:50:08; 1604; 249; 36.99; 1009.995703125; 31.0126953125
2026-06-29; 10:51:08; 1629; 272; 37.13; 1009.9587890625; 30.767578125
2026-06-29; 10:52:08; 1657; 296; 37.11; 1009.9826171875; 30.80078125
2026-06-29; 10:53:08; 1673; 312; 37.13; 1009.994140625; 30.791015625
2026-06-29; 10:54:08; 1705; 345; 37.18; 1009.9187109375; 30.6787109375
2026-06-29; 10:55:08; 1720; 357; 37.18; 1010.064921875; 30.6435546875
2026-06-29; 10:56:08; 1749; 390; 37.19; 1010.0726171875; 30.66796875
2026-06-29; 10:57:08; 1775; 422; 37.25; 1010.11953125; 30.544921875
2026-06-29; 10:58:08; 1796; 445; 37.29; 1010.1113671875; 30.4765625
2026-06-29; 10:59:08; 1815; 469; 37.33; 1010.0635546875; 30.38671875
2026-06-29; 11:00:08; 1849; 514; 37.34; 1010.086953125; 30.353515625
2026-06-29; 11:01:08; 1868; 542; 37.33; 1010.1265625; 30.3759765625
2026-06-29; 11:02:08; 1878; 552; 37.35; 1010.075; 30.3544921875
2026-06-29; 11:03:08; 1878; 552; 37.42; 1010.1295703125; 30.2314453125
2026-06-29; 11:04:08; 1842; 504; 37.37; 1010.0234375; 30.193359375
2026-06-29; 11:05:08; 1790; 439; 37.38; 1010.0587890625; 30.205078125
2026-06-29; 11:06:08; 1772; 417; 37.39; 1010.11015625; 30.171875
2026-06-29; 11:07:08; 1783; 431; 37.46; 1010.093984375; 30.12890625
2026-06-29; 11:08:08; 1804; 454; 37.48; 1010.070078125; 30.0849609375
2026-06-29; 11:09:08; 1834; 494; 37.4; 1010.1534765625; 30.1728515625
2026-06-29; 11:10:08; 1853; 521; 37.47; 1010.13734375; 30.1064453125
2026-06-29; 11:11:08; 1868; 542; 37.51; 1010.1448046875; 30.0869140625
2026-06-29; 11:12:08; 1868; 542; 37.49; 1010.0934765625; 30.0849609375
2026-06-29; 11:13:08; 1878; 552; 37.53; 1010.15625; 30.0078125
2026-06-29; 11:14:09; 1878; 552; 37.54; 1010.088984375; 29.9736328125
2026-06-29; 11:15:09; 1878; 552; 37.55; 1010.152265625; 29.9853515625
2026-06-29; 11:16:09; 1861; 531; 37.6; 1010.112109375; 29.9296875
2026-06-29; 11:17:09; 1861; 531; 37.58; 1010.1083984375; 29.9169921875
2026-06-29; 11:18:09; 1829; 487; 37.58; 1010.08875; 29.8603515625
2026-06-29; 11:19:09; 1760; 403; 37.59; 1010.1320703125; 29.767578125
2026-06-29; 11:20:09; 1705; 345; 37.61; 1010.1555078125; 29.7685546875
2026-06-29; 11:21:09; 1690; 329; 37.68; 1010.1546875; 29.6337890625
2026-06-29; 11:22:09; 1638; 280; 37.69; 1010.170390625; 29.623046875
2026-06-29; 11:23:09; 1619; 263; 37.67; 1010.2496875; 29.6337890625
2026-06-29; 11:24:09; 1619; 263; 37.65; 1010.21828125; 29.6904296875
2026-06-29; 11:25:09; 1619; 263; 37.66; 1010.213984375; 29.7021484375
2026-06-29; 11:26:09; 1624; 267; 37.71; 1010.181796875; 29.61328125
2026-06-29; 11:27:09; 1619; 263; 37.69; 1010.170390625; 29.5654296875
2026-06-29; 11:28:09; 1615; 259; 37.67; 1010.1390234375; 29.6337890625
2026-06-29; 11:29:09; 1604; 249; 37.7; 1010.1307421875; 29.56640625
2026-06-29; 11:30:09; 1535; 196; 37.68; 1010.1623828125; 29.333984375
2026-06-29; 11:31:09; 1416; 154; 37.67; 1010.1943359375; 29.3212890625
2026-06-29; 11:32:09; 1291; 135; 37.73; 1010.1778515625; 29.185546875
2026-06-29; 11:33:09; 1102; 106; 37.73; 1010.1778515625; 29.1630859375
2026-06-29; 11:34:09; 990; 89; 37.79; 1010.09796875; 29.0390625
2026-06-29; 11:35:09; 868; 71; 37.81; 1010.165; 29.0048828125
2026-06-29; 11:36:09; 765; 55; 37.82; 1010.0976953125; 28.9833984375
2026-06-29; 11:37:09; 686; 43; 37.81; 1010.1846875; 28.947265625
2026-06-29; 11:38:09; 694; 44; 37.83; 1010.1607421875; 28.9482421875
2026-06-29; 11:39:09; 742; 52; 37.86; 1010.0694140625; 28.9853515625
2026-06-29; 11:40:09; 710; 47; 37.84; 1010.0737109375; 28.9033203125
2026-06-29; 11:41:09; 646; 37; 37.78; 1010.1376171875; 28.818359375
2026-06-29; 11:42:09; 540; 21; 37.83; 1010.1883984375; 28.8095703125
2026-06-29; 11:43:09; 473; 11; 37.92; 1010.2745703125; 28.6875
2026-06-29; 11:44:10; 466; 10; 37.86; 1010.2434765625; 28.8232421875
2026-06-29; 11:45:10; 476; 11; 37.9; 1010.2151953125; 28.744140625
2026-06-29; 11:46:10; 481; 12; 37.88; 1010.2868359375; 28.7890625
2026-06-29; 11:47:10; 529; 19; 37.86; 1010.2908203125; 28.857421875
2026-06-29; 11:48:10; 572; 26; 37.86; 1010.2158203125; 28.8466796875
2026-06-29; 11:49:10; 633; 35; 37.84; 1010.212109375; 28.8798828125
2026-06-29; 11:50:10; 749; 53; 37.86; 1010.23546875; 28.904296875
2026-06-29; 11:51:10; 872; 71; 37.87; 1010.251171875; 28.8466796875
2026-06-29; 11:52:10; 967; 86; 37.86; 1010.263125; 28.869140625
2026-06-29; 11:53:10; 1029; 95; 37.93; 1010.262578125; 28.8154296875
2026-06-29; 11:54:10; 1102; 106; 37.92; 1010.246875; 28.8154296875
2026-06-29; 11:55:10; 1001; 91; 37.92; 1010.23859375; 28.6982421875
2026-06-29; 11:56:10; 882; 73; 38.03; 1010.3007421875; 28.5439453125
2026-06-29; 11:57:10; 817; 63; 38.07; 1010.2527734375; 28.48828125
2026-06-29; 11:58:10; 757; 54; 38.08; 1010.213125; 28.4306640625
2026-06-29; 11:59:10; 686; 43; 38.07; 1010.2527734375; 28.4306640625
2026-06-29; 12:00:10; 699; 45; 38.12; 1010.24046875; 28.3515625
2026-06-29; 12:01:10; 749; 53; 38.09; 1010.22109375; 28.431640625
2026-06-29; 12:02:10; 765; 55; 38.1; 1010.2444921875; 28.419921875
2026-06-29; 12:03:10; 817; 63; 38.15; 1010.2598828125; 28.341796875
2026-06-29; 12:04:10; 902; 76; 38.11; 1010.2878515625; 28.3974609375
2026-06-29; 12:05:10; 897; 75; 38.15; 1010.2598828125; 28.353515625
2026-06-29; 12:06:10; 897; 75; 38.17; 1010.373984375; 28.30859375
2026-06-29; 12:07:10; 836; 66; 38.17; 1010.3462890625; 28.2861328125
2026-06-29; 12:08:10; 783; 58; 38.22; 1010.3970703125; 28.20703125
2026-06-29; 12:09:10; 742; 52; 38.22; 1010.369375; 28.21875
2026-06-29; 12:10:10; 757; 54; 38.19; 1010.4053515625; 28.240234375
2026-06-29; 12:11:10; 800; 60; 38.15; 1010.453671875; 28.330078125
2026-06-29; 12:12:10; 793; 59; 38.17; 1010.4493359375; 28.30859375
2026-06-29; 12:13:10; 742; 52; 38.18; 1010.3896875; 28.251953125
2026-06-29; 12:14:10; 615; 32; 38.24; 1010.4484375; 28.197265625
2026-06-29; 12:15:10; 491; 13; 38.24; 1010.5115234375; 28.126953125
2026-06-29; 12:16:10; 443; 6; 38.29; 1010.4437890625; 28.048828125
2026-06-29; 12:17:10; 409; 1; 38.29; 1010.526875; 27.9912109375
2026-06-29; 12:18:10; 407; 1; 38.33; 1010.478828125; 27.958984375
2026-06-29; 12:19:10; 422; 3; 38.34; 1010.439140625; 27.958984375
2026-06-29; 12:20:10; 446; 7; 38.29; 1010.506875; 28.0380859375
2026-06-29; 12:21:10; 491; 13; 38.3; 1010.49484375; 28.015625
2026-06-29; 12:22:10; 529; 19; 38.23; 1010.551171875; 28.138671875
2026-06-29; 12:23:10; 572; 26; 38.28; 1010.5665234375; 28.0595703125
2026-06-29; 12:24:10; 580; 27; 38.28; 1010.59421875; 28.0595703125
2026-06-29; 12:25:10; 605; 31; 38.28; 1010.5188671875; 28.095703125
2026-06-29; 12:26:10; 694; 44; 38.23; 1010.5434765625; 28.1611328125
2026-06-29; 12:27:11; 749; 53; 38.23; 1010.5988671875; 28.1728515625
2026-06-29; 12:28:11; 810; 62; 38.2; 1010.5594921875; 28.1826171875
2026-06-29; 12:29:11; 827; 65; 38.24; 1010.6145703125; 28.126953125
2026-06-29; 12:30:11; 868; 71; 38.24; 1010.5945703125; 28.1044921875
2026-06-29; 12:31:11; 897; 75; 38.23; 1010.5988671875; 28.126953125
2026-06-29; 12:32:11; 923; 79; 38.21; 1010.5675; 28.1484375
2026-06-29; 12:33:11; 956; 84; 38.24; 1010.6145703125; 28.0810546875
2026-06-29; 12:34:11; 990; 89; 38.24; 1010.586875; 28.1044921875
2026-06-29; 12:35:11; 1029; 95; 38.22; 1010.5908984375; 28.1259765625
2026-06-29; 12:36:11; 1029; 95; 38.22; 1010.5908984375; 28.1259765625
2026-06-29; 12:37:11; 1029; 95; 38.23; 1010.5988671875; 28.080078125
2026-06-29; 12:38:11; 967; 86; 38.3; 1010.5425390625; 27.9794921875
2026-06-29; 12:39:11; 1029; 95; 38.27; 1010.550859375; 28.0361328125
2026-06-29; 12:40:11; 1062; 100; 38.23; 1010.5988671875; 28.068359375
2026-06-29; 12:41:11; 1053; 99; 38.24; 1010.5115234375; 28.0341796875
2026-06-29; 12:42:11; 1001; 91; 38.28; 1010.601953125; 27.9443359375
2026-06-29; 12:43:11; 967; 86; 38.34; 1010.625; 27.8896484375
2026-06-29; 12:44:11; 945; 83; 38.27; 1010.58625; 27.978515625
2026-06-29; 12:45:11; 945; 83; 38.3; 1010.5425390625; 27.93359375
2026-06-29; 12:46:11; 940; 82; 38.28; 1010.6773046875; 27.990234375
2026-06-29; 12:47:11; 956; 84; 38.27; 1010.6139453125; 27.966796875
2026-06-29; 12:48:11; 956; 84; 38.3; 1010.5979296875; 27.9794921875
2026-06-29; 12:49:11; 977; 87; 38.33; 1010.609296875; 27.912109375
2026-06-29; 12:50:11; 1029; 95; 38.3; 1010.6533203125; 27.9677734375
2026-06-29; 12:51:11; 1009; 92; 38.26; 1010.653671875; 28.0126953125
2026-06-29; 12:52:11; 1001; 91; 38.17; 1010.59546875; 28.1005859375
2026-06-29; 12:53:11; 977; 87; 38.27; 1010.6139453125; 27.990234375
2026-06-29; 12:54:11; 990; 89; 38.33; 1010.53421875; 27.912109375
2026-06-29; 12:55:11; 967; 86; 38.27; 1010.5585546875; 27.990234375
2026-06-29; 12:56:11; 945; 83; 38.19; 1010.646875; 28.0654296875
2026-06-29; 12:57:11; 882; 73; 38.23; 1010.5788671875; 27.9990234375
2026-06-29; 12:58:11; 800; 60; 38.25; 1010.6379296875; 27.9541015625
2026-06-29; 12:59:11; 699; 45; 38.29; 1010.5345703125; 27.8984375
2026-06-29; 13:00:11; 627; 34; 38.29; 1010.61765625; 27.759765625
2026-06-29; 13:01:11; 515; 17; 38.26; 1010.590546875; 27.7568359375
2026-06-29; 13:02:11; 446; 7; 38.37; 1010.5416015625; 27.61328125
2026-06-29; 13:03:11; 425; 3; 38.36; 1010.608984375; 27.669921875
2026-06-29; 13:04:11; 443; 6; 38.25; 1010.582578125; 27.814453125
2026-06-29; 13:05:11; 409; 1; 38.35; 1010.668359375; 27.7041015625
2026-06-29; 13:06:11; 416; 2; 38.33; 1010.6173046875; 27.73828125
2026-06-29; 13:07:11; 422; 3; 38.35; 1010.621015625; 27.7275390625
2026-06-29; 13:08:11; 413; 1; 38.3; 1010.661015625; 27.783203125
2026-06-29; 13:09:11; 418; 2; 38.31; 1010.6136328125; 27.794921875
2026-06-29; 13:10:12; 427; 4; 38.28; 1010.6296484375; 27.86328125
2026-06-29; 13:11:12; 441; 6; 38.31; 1010.5582421875; 27.8291015625
2026-06-29; 13:12:12; 448; 7; 38.34; 1010.5973046875; 27.8076171875
2026-06-29; 13:13:12; 441; 6; 38.3; 1010.6333203125; 27.806640625
2026-06-29; 13:14:12; 452; 7; 38.28; 1010.6773046875; 27.828125
2026-06-29; 13:15:12; 422; 3; 38.35; 1010.565625; 27.681640625
2026-06-29; 13:16:12; 400; 0; 38.31; 1010.6136328125; 27.6201171875
2026-06-29; 13:17:12; 403; 0; 38.35; 1010.6406640625; 27.552734375
2026-06-29; 13:18:12; 400; 0; 38.36; 1010.5733203125; 27.47265625
2026-06-29; 13:19:12; 400; 0; 38.32; 1010.6846875; 27.482421875
2026-06-29; 13:20:12; 406; 0; 38.35; 1010.5933203125; 27.484375
2026-06-29; 13:21:12; 418; 2; 38.33; 1010.5816015625; 27.5400390625
2026-06-29; 13:22:12; 438; 5; 38.31; 1010.6136328125; 27.57421875
2026-06-29; 13:23:12; 460; 9; 38.27; 1010.530859375; 27.630859375
2026-06-29; 13:24:12; 482; 12; 38.3; 1010.5979296875; 27.6083984375
2026-06-29; 13:25:12; 503; 15; 38.26; 1010.5705859375; 27.6640625
2026-06-29; 13:26:12; 519; 18; 38.28; 1010.511171875; 27.6767578125
2026-06-29; 13:27:12; 548; 22; 38.29; 1010.582265625; 27.677734375
2026-06-29; 13:28:12; 578; 27; 38.2; 1010.6071875; 27.7412109375
2026-06-29; 13:29:12; 600; 30; 38.21; 1010.602890625; 27.765625
2026-06-29; 13:30:12; 617; 33; 38.26; 1010.590546875; 27.6181640625
2026-06-29; 13:31:12; 631; 35; 38.19; 1010.591484375; 27.416015625
2026-06-29; 13:32:12; 614; 32; 38.22; 1010.5908984375; 27.3017578125
2026-06-29; 13:33:12; 529; 19; 38.31; 1010.6136328125; 26.4013671875
2026-06-29; 13:34:12; 454; 8; 38.29; 1010.6099609375; 26.0634765625
2026-06-29; 13:35:12; 414; 2; 38.34; 1010.549921875; 25.927734375
2026-06-29; 13:36:12; 407; 1; 38.36; 1010.5812890625; 25.84765625
2026-06-29; 13:37:12; 400; 0; 38.34; 1010.49453125; 25.6953125
2026-06-29; 13:38:12; 400; 0; 38.3; 1010.5425390625; 25.4951171875
2026-06-29; 13:39:12; 408; 1; 38.3; 1010.570234375; 25.5185546875
2026-06-29; 13:40:12; 400; 0; 38.3; 1010.4871484375; 25.564453125
2026-06-29; 13:41:12; 400; 0; 38.3; 1010.5225390625; 25.5537109375
2026-06-29; 13:42:12; 424; 3; 38.34; 1010.549921875; 25.66015625
2026-06-29; 13:43:12; 452; 7; 38.26; 1010.542890625; 25.818359375
2026-06-29; 13:44:12; 420; 3; 38.22; 1010.472421875; 25.4443359375
2026-06-29; 13:45:12; 402; 0; 38.2; 1010.524140625; 25.2109375
2026-06-29; 13:46:12; 406; 0; 38.19; 1010.53609375; 25.326171875
2026-06-29; 13:47:12; 415; 2; 38.19; 1010.4884375; 25.58203125
2026-06-29; 13:48:12; 428; 4; 38.16; 1010.4967578125; 25.4521484375
2026-06-29; 13:49:12; 447; 7; 38.24; 1010.5945703125; 25.50390625
2026-06-29; 13:50:12; 481; 12; 38.21; 1010.4844140625; 25.5595703125
2026-06-29; 13:51:12; 501; 15; 38.1; 1010.521328125; 25.6005859375
2026-06-29; 13:52:13; 553; 23; 38.21; 1010.5675; 25.5361328125
2026-06-29; 13:53:13; 578; 27; 38.25; 1010.6579296875; 25.55078125
2026-06-29; 13:54:13; 637; 36; 38.23; 1010.6065625; 25.583984375
2026-06-29; 13:55:13; 706; 46; 38.22; 1010.5278125; 25.5947265625
2026-06-29; 13:56:13; 765; 55; 38.26; 1010.6459375; 25.5625
2026-06-29; 13:57:13; 840; 67; 38.23; 1010.6542578125; 25.4794921875
2026-06-29; 13:58:13; 870; 71; 38.19; 1010.5991796875; 25.4892578125
2026-06-29; 13:59:13; 945; 83; 38.19; 1010.646875; 25.373046875
2026-06-29; 14:00:13; 1001; 91; 38.18; 1010.6112109375; 25.302734375
2026-06-29; 14:01:13; 1068; 101; 38.2; 1010.662578125; 25.396484375
2026-06-29; 14:02:13; 1090; 105; 38.13; 1010.5683984375; 25.25390625
2026-06-29; 14:03:13; 1137; 112; 38.23; 1010.6265625; 25.212890625
2026-06-29; 14:04:13; 1184; 119; 38.19; 1010.6191796875; 25.1171875
2026-06-29; 14:05:13; 1310; 138; 38.2; 1010.6148828125; 25.0947265625
2026-06-29; 14:06:13; 1338; 142; 38.21; 1010.4844140625; 25.037109375
2026-06-29; 14:07:13; 1441; 158; 38.21; 1010.512109375; 24.9560546875
2026-06-29; 14:08:13; 1495; 168; 38.21; 1010.5951953125; 24.9208984375
2026-06-29; 14:09:13; 1502; 173; 38.27; 1010.641640625; 24.78515625
2026-06-29; 14:10:13; 1511; 178; 38.21; 1010.5198046875; 24.8173828125
2026-06-29; 14:11:13; 1531; 193; 38.21; 1010.5475; 24.7705078125
2026-06-29; 14:12:13; 1537; 197; 38.24; 1010.6145703125; 24.794921875
2026-06-29; 14:13:13; 1521; 186; 38.25; 1010.582578125; 24.7724609375
2026-06-29; 14:14:13; 1507; 177; 38.28; 1010.5665234375; 24.6806640625
2026-06-29; 14:15:13; 1367; 147; 38.22; 1010.583203125; 24.5732421875
2026-06-29; 14:16:13; 1321; 140; 38.21; 1010.5198046875; 24.5029296875
2026-06-29; 14:17:13; 1310; 138; 38.22; 1010.4801171875; 24.5498046875
2026-06-29; 14:18:13; 1338; 142; 38.21; 1010.512109375; 24.4794921875
2026-06-29; 14:19:13; 1295; 136; 38.26; 1010.479765625; 24.5634765625
2026-06-29; 14:20:13; 1321; 140; 38.27; 1010.5231640625; 24.517578125
2026-06-29; 14:21:13; 1393; 151; 38.2; 1010.4764453125; 24.4326171875
2026-06-29; 14:22:13; 1367; 147; 38.24; 1010.393046875; 24.4697265625
2026-06-29; 14:23:13; 1338; 142; 38.19; 1010.37765625; 24.3974609375
2026-06-29; 14:24:13; 1321; 140; 38.2; 1010.4210546875; 24.5380859375
2026-06-29; 14:25:13; 1367; 147; 38.19; 1010.3699609375; 24.6640625
2026-06-29; 14:26:13; 1321; 140; 38.16; 1010.330625; 24.4541015625
2026-06-29; 14:27:13; 1285; 134; 38.18; 1010.4173828125; 24.537109375
2026-06-29; 14:28:13; 1156; 115; 38.18; 1010.472734375; 24.4091796875
2026-06-29; 14:29:13; 1041; 97; 38.18; 1010.4650390625; 24.384765625
2026-06-29; 14:30:13; 882; 73; 38.21; 1010.4013671875; 24.2705078125
2026-06-29; 14:31:13; 795; 60; 38.26; 1010.341328125; 24.2265625
2026-06-29; 14:32:13; 748; 53; 38.21; 1010.3259765625; 24.212890625
2026-06-29; 14:33:13; 699; 45; 38.28; 1010.23421875; 24.205078125
2026-06-29; 14:34:13; 657; 39; 38.23; 1010.2466015625; 24.2373046875
2026-06-29; 14:35:14; 699; 45; 38.22; 1010.2232421875; 24.248046875
2026-06-29; 14:36:14; 715; 47; 38.21; 1010.242890625; 24.2822265625
2026-06-29; 14:37:14; 706; 46; 38.24; 1010.3176953125; 24.376953125
2026-06-29; 14:38:14; 683; 43; 38.22; 1010.14015625; 24.2822265625
2026-06-29; 14:39:14; 657; 39; 38.2; 1010.191875; 24.3857421875
2026-06-29; 14:40:14; 652; 38; 38.2; 1010.21953125; 24.4443359375
2026-06-29; 14:41:14; 674; 41; 38.13; 1010.2915625; 24.3603515625
2026-06-29; 14:42:14; 649; 37; 38.2; 1010.1441796875; 24.36328125
2026-06-29; 14:43:14; 599; 30; 38.19; 1010.23921875; 24.328125
2026-06-29; 14:44:14; 581; 27; 38.23; 1010.183515625; 24.3876953125
2026-06-29; 14:45:14; 594; 29; 38.26; 1010.2028515625; 24.25
2026-06-29; 14:46:14; 611; 32; 38.2; 1010.1995703125; 24.4443359375
2026-06-29; 14:47:14; 602; 30; 38.24; 1010.1715234375; 24.330078125
2026-06-29; 14:48:14; 615; 32; 38.21; 1010.235234375; 24.4560546875
2026-06-29; 14:49:14; 643; 37; 38.25; 1010.1948828125; 24.412109375
2026-06-29; 14:50:14; 637; 36; 38.18; 1010.2435546875; 24.3388671875
2026-06-29; 14:51:14; 523; 18; 38.27; 1010.2185546875; 24.2158203125
2026-06-29; 14:52:14; 464; 9; 38.26; 1010.092109375; 24.21484375
2026-06-29; 14:53:14; 408; 1; 38.33; 1010.1662109375; 24.1259765625
2026-06-29; 14:54:14; 426; 3; 38.28; 1010.1588671875; 24.181640625
2026-06-29; 14:55:14; 441; 6; 38.25; 1010.1671875; 24.21484375
2026-06-29; 14:56:15; 486; 13; 38.27; 1010.1155078125; 24.2509765625
2026-06-29; 14:57:15; 540; 21; 38.24; 1010.116171875; 24.3076171875
2026-06-29; 14:58:15; 581; 27; 38.22; 1010.0924609375; 24.294921875
2026-06-29; 14:59:15; 623; 33; 38.22; 1010.0924609375; 24.3759765625
2026-06-29; 15:00:15; 690; 44; 38.23; 1010.108125; 24.353515625
2026-06-29; 15:01:15; 765; 55; 38.2; 1010.1441796875; 24.36328125
2026-06-29; 15:02:15; 851; 68; 38.14; 1010.14109375; 24.44140625
2026-06-29; 15:03:15; 840; 67; 38.19; 1010.065390625; 24.3505859375
2026-06-29; 15:04:15; 770; 56; 38.2; 1010.08109375; 24.2353515625
2026-06-29; 15:05:15; 715; 47; 38.16; 1009.998359375; 24.291015625
2026-06-29; 15:06:15; 706; 46; 38.21; 1009.930625; 24.2705078125
2026-06-29; 15:07:15; 733; 50; 38.15; 1009.9076171875; 24.1748046875
2026-06-29; 15:08:15; 748; 53; 38.2; 1009.94265625; 24.2001953125
2026-06-29; 15:09:15; 787; 58; 38.19; 1009.8792578125; 24.2353515625
2026-06-29; 15:10:15; 795; 60; 38.21; 1009.8752734375; 24.2236328125
2026-06-29; 15:11:15; 825; 64; 38.18; 1010.0497265625; 24.234375
2026-06-29; 15:12:15; 787; 58; 38.19; 1009.8992578125; 24.24609375
2026-06-29; 15:13:15; 825; 64; 38.15; 1009.9553125; 24.3134765625
2026-06-29; 15:14:15; 851; 68; 38.15; 1009.9353125; 24.302734375
2026-06-29; 15:15:16; 819; 63; 38.2; 1010.0257421875; 24.1884765625
2026-06-29; 15:16:16; 819; 63; 38.18; 1009.9112890625; 24.025390625
2026-06-29; 15:17:16; 795; 60; 38.26; 1009.9259375; 23.8896484375
2026-06-29; 15:18:16; 759; 54; 38.25; 1010.0010546875; 23.8662109375
2026-06-29; 15:19:16; 783; 58; 38.22; 1009.9540234375; 23.830078125
2026-06-29; 15:20:16; 787; 58; 38.23; 1009.914296875; 23.7373046875
2026-06-29; 15:21:16; 740; 51; 38.26; 1009.9259375; 23.76171875
2026-06-29; 15:22:16; 787; 58; 38.26; 1009.981328125; 23.7392578125
2026-06-29; 15:23:16; 819; 63; 38.16; 1009.970703125; 23.896484375
2026-06-29; 15:24:16; 870; 71; 38.14; 1009.975; 23.9775390625
2026-06-29; 15:25:16; 992; 90; 38.18; 1009.9112890625; 23.931640625
2026-06-29; 15:26:16; 1102; 106; 38.14; 1009.975; 23.9423828125
2026-06-29; 15:27:16; 1144; 113; 38.13; 1009.9239453125; 23.8603515625
2026-06-29; 15:28:16; 1184; 119; 38.22; 1009.9540234375; 23.830078125
2026-06-29; 15:29:16; 1238; 127; 38.23; 1009.934296875; 23.609375
2026-06-29; 15:30:16; 1248; 129; 38.21; 1009.910625; 23.6787109375
2026-06-29; 15:31:16; 1321; 140; 38.17; 1009.8955859375; 23.7685546875
2026-06-29; 15:32:16; 1376; 148; 38.2; 1009.8949609375; 23.7822265625
2026-06-29; 15:33:16; 1425; 156; 38.26; 1009.933671875; 23.634765625
2026-06-29; 15:34:16; 1441; 158; 38.28; 1009.8819140625; 23.3798828125
2026-06-29; 15:35:16; 1408; 153; 38.26; 1009.8229296875; 23.2158203125
2026-06-29; 15:36:16; 1495; 166; 38.2; 1009.8673046875; 23.1552734375
2026-06-29; 15:37:16; 1408; 153; 38.14; 1009.8919140625; 23.1875
2026-06-29; 15:38:16; 1495; 166; 38.2; 1009.8949609375; 23.3876953125
2026-06-29; 15:39:16; 1507; 177; 38.21; 1009.90296875; 23.3525390625
2026-06-29; 15:40:16; 1515; 181; 38.24; 1009.9023046875; 23.3896484375
2026-06-29; 15:41:16; 1537; 197; 38.14; 1009.8565625; 23.2216796875
2026-06-29; 15:42:16; 1559; 214; 38.19; 1009.82390625; 23.212890625
2026-06-29; 15:43:16; 1559; 214; 38.2; 1009.8319140625; 23.015625
2026-06-29; 15:44:16; 1531; 193; 38.16; 1009.8045703125; 22.7109375
2026-06-29; 15:45:16; 1531; 193; 38.09; 1009.785859375; 22.7890625
2026-06-29; 15:46:16; 1550; 207; 38.11; 1009.7618359375; 22.91796875
2026-06-29; 15:47:16; 1550; 207; 38.17; 1009.840234375; 22.8505859375
2026-06-29; 15:48:16; 1566; 219; 38.2; 1009.80421875; 22.783203125
2026-06-29; 15:49:16; 1594; 239; 38.27; 1009.7755078125; 22.681640625
2026-06-29; 15:50:16; 1597; 242; 38.29; 1009.7591796875; 22.66015625
2026-06-29; 15:51:16; 1601; 246; 38.26; 1009.732109375; 22.7158203125
2026-06-29; 15:52:16; 1628; 271; 38.21; 1009.7998828125; 22.7373046875
2026-06-29; 15:53:16; 1650; 289; 38.19; 1009.8162109375; 22.9560546875
2026-06-29; 15:54:16; 1654; 293; 38.2; 1009.80421875; 22.8642578125
2026-06-29; 15:55:16; 1659; 297; 38.23; 1009.7481640625; 22.8779296875
2026-06-29; 15:56:16; 1673; 312; 38.17; 1009.820234375; 22.6767578125
2026-06-29; 15:57:16; 1664; 303; 38.15; 1009.796875; 22.8037109375
2026-06-29; 15:58:17; 1668; 307; 38.15; 1009.796875; 22.978515625
2026-06-29; 15:59:17; 1692; 331; 38.11; 1009.80953125; 23.0107421875
2026-06-29; 16:00:17; 1703; 341; 38.21; 1009.7644921875; 22.8994140625
2026-06-29; 16:01:17; 1738; 374; 38.15; 1009.816875; 23.0244140625
2026-06-29; 16:02:17; 1738; 374; 38.15; 1009.816875; 22.7451171875
2026-06-29; 16:03:17; 1712; 351; 38.18; 1009.8559375; 22.828125
2026-06-29; 16:04:17; 1668; 307; 38.23; 1009.8866015625; 22.923828125
2026-06-29; 16:05:17; 1635; 277; 38.18; 1009.8836328125; 23.060546875
2026-06-29; 16:06:17; 1614; 258; 38.19; 1009.926953125; 23.130859375
2026-06-29; 16:07:17; 1623; 265; 38.13; 1009.9039453125; 23.1865234375
2026-06-29; 16:08:17; 1614; 258; 38.15; 1009.9353125; 23.22265625
2026-06-29; 16:09:17; 1618; 262; 38.13; 1009.8408984375; 23.291015625
2026-06-29; 16:10:17; 1628; 271; 38.11; 1009.892578125; 23.2548828125
2026-06-29; 16:11:17; 1647; 287; 38.07; 1009.8575390625; 23.3115234375
2026-06-29; 16:12:17; 1673; 312; 38.1; 1009.9123046875; 23.27734375
2026-06-29; 16:13:17; 1703; 341; 38.17; 1009.840234375; 23.3037109375
2026-06-29; 16:14:17; 1746; 386; 38.15; 1009.816875; 23.314453125
2026-06-29; 16:15:17; 1785; 434; 38.06; 1009.7665234375; 23.369140625
2026-06-29; 16:16:17; 1843; 505; 38.07; 1009.8021484375; 23.416015625
2026-06-29; 16:17:17; 1879; 554; 38.05; 1009.7984765625; 23.390625
2026-06-29; 16:18:17; 1920; 617; 38.05; 1009.7154296875; 23.5068359375
2026-06-29; 16:19:17; 1946; 657; 38.07; 1009.8021484375; 23.54296875
2026-06-29; 16:20:17; 1978; 709; 38.05; 1009.806171875; 23.693359375
2026-06-29; 16:21:17; 1999; 746; 38.07; 1009.80984375; 23.763671875
2026-06-29; 16:22:17; 1999; 746; 38.14; 1009.88421875; 23.6865234375
2026-06-29; 16:23:17; 1991; 730; 38.11; 1009.8172265625; 23.7314453125
2026-06-29; 16:24:17; 1973; 700; 38.08; 1009.8532421875; 23.7763671875
2026-06-29; 16:25:17; 1934; 639; 38.12; 1009.8329296875; 23.8017578125
2026-06-29; 16:26:17; 1902; 588; 38.23; 1009.8235546875; 23.66796875
2026-06-29; 16:27:17; 1908; 596; 38.21; 1009.8198828125; 23.712890625
2026-06-29; 16:28:17; 1897; 581; 38.19; 1009.7608203125; 23.7353515625
2026-06-29; 16:29:17; 1915; 609; 38.17; 1009.78484375; 23.8505859375
2026-06-29; 16:30:17; 1928; 626; 38.17; 1009.840234375; 23.8154296875
2026-06-29; 16:31:17; 1946; 657; 38.2; 1009.839609375; 23.7705078125
2026-06-29; 16:32:17; 1959; 676; 38.17; 1009.840234375; 23.8271484375
2026-06-29; 16:33:17; 1985; 720; 38.2; 1009.80421875; 23.7939453125
2026-06-29; 16:34:17; 1991; 730; 38.26; 1009.842890625; 23.78515625
2026-06-29; 16:35:17; 1946; 657; 38.21; 1009.7921875; 23.712890625
2026-06-29; 16:36:17; 1934; 639; 38.3; 1009.8501953125; 23.6708984375
2026-06-29; 16:37:17; 1934; 639; 38.27; 1009.8308984375; 23.634765625
2026-06-29; 16:38:17; 1908; 596; 38.27; 1009.7478125; 23.599609375
2026-06-29; 16:39:17; 1874; 547; 38.18; 1009.7451953125; 23.583984375
2026-06-29; 16:40:18; 1865; 536; 38.22; 1009.6971484375; 23.6904296875
2026-06-29; 16:41:18; 1884; 561; 38.17; 1009.681796875; 23.7578125
2026-06-29; 16:42:18; 1897; 581; 38.1; 1009.6908203125; 23.8349609375
2026-06-29; 16:43:18; 1908; 596; 38.14; 1009.7534765625; 23.791015625
2026-06-29; 16:44:18; 1915; 609; 38.18; 1009.800546875; 23.74609375
2026-06-29; 16:45:18; 1928; 626; 38.15; 1009.713828125; 23.7333984375
2026-06-29; 16:46:18; 1934; 639; 38.22; 1009.7325; 23.6669921875
2026-06-29; 16:47:18; 1953; 667; 38.2; 1009.748828125; 23.619140625
2026-06-29; 16:48:18; 1946; 657; 38.2; 1009.6734765625; 23.6435546875
2026-06-29; 16:49:18; 1967; 689; 38.15; 1009.6861328125; 23.69921875
2026-06-29; 16:50:18; 1978; 709; 38.18; 1009.662109375; 23.548828125
2026-06-29; 16:51:18; 1978; 709; 38.19; 1009.70546875; 23.595703125
2026-06-29; 16:52:18; 1991; 730; 38.17; 1009.7294921875; 23.69921875
2026-06-29; 16:53:18; 2019; 781; 38.14; 1009.642734375; 23.6748046875
2026-06-29; 16:54:18; 2012; 767; 38.17; 1009.64640625; 23.734375
2026-06-29; 16:55:18; 2038; 815; 38.12; 1009.6114453125; 23.8017578125
2026-06-29; 16:56:18; 2082; 886; 38.14; 1009.662734375; 23.755859375
2026-06-29; 16:57:18; 2126; 978; 38.22; 1009.5863671875; 23.748046875
2026-06-29; 16:58:18; 2172; 1080; 38.25; 1009.585703125; 23.7265625
2026-06-29; 16:59:18; 2197; 1138; 38.27; 1009.61703125; 23.716796875
2026-06-29; 17:00:18; 2240; 1224; 38.27; 1009.63703125; 23.693359375
2026-06-29; 17:01:18; 2263; 1276; 38.3; 1009.6640625; 23.7529296875
2026-06-29; 17:02:18; 2300; 1361; 38.24; 1009.6454296875; 23.7841796875
2026-06-29; 17:03:18; 2336; 1433; 38.26; 1009.593671875; 23.7509765625
2026-06-29; 17:04:18; 2336; 1433; 38.22; 1009.5863671875; 23.771484375
2026-06-29; 17:05:18; 2345; 1452; 38.26; 1009.6013671875; 23.76171875
2026-06-29; 17:06:18; 2363; 1490; 38.2; 1009.5550390625; 23.7822265625
2026-06-29; 17:07:18; 2376; 1519; 38.26; 1009.5737109375; 23.7509765625
2026-06-29; 17:08:18; 2393; 1557; 38.23; 1009.5543359375; 23.7841796875
2026-06-29; 17:09:18; 2404; 1573; 38.28; 1009.5142578125; 23.7861328125
2026-06-29; 17:10:18; 2441; 1653; 38.32; 1009.5492578125; 23.80078125
2026-06-29; 17:11:18; 2450; 1673; 38.18; 1009.503671875; 23.828125
2026-06-29; 17:12:18; 2441; 1653; 38.18; 1009.523671875; 23.943359375
2026-06-29; 17:13:18; 2441; 1653; 38.24; 1009.506953125; 23.8193359375
2026-06-29; 17:14:18; 2460; 1693; 38.2; 1009.4996484375; 23.86328125
2026-06-29; 17:15:18; 2483; 1743; 38.24; 1009.5346484375; 23.876953125
2026-06-29; 17:16:18; 2483; 1743; 38.23; 1009.546640625; 23.853515625
2026-06-29; 17:17:18; 2483; 1743; 38.19; 1009.4839453125; 23.86328125
2026-06-29; 17:18:18; 2483; 1743; 38.21; 1009.4876171875; 23.91015625
2026-06-29; 17:19:18; 2512; 1809; 38.23; 1009.4912890625; 23.876953125
2026-06-29; 17:20:18; 2483; 1743; 38.22; 1009.420234375; 23.9228515625
2026-06-29; 17:21:18; 2469; 1713; 38.21; 1009.4676171875; 23.9111328125
2026-06-29; 17:22:18; 2490; 1758; 38.22; 1009.420234375; 23.8994140625
2026-06-29; 17:23:19; 2483; 1743; 38.3; 1009.5255859375; 23.869140625
2026-06-29; 17:24:19; 2483; 1743; 38.24; 1009.4516015625; 23.900390625
2026-06-29; 17:25:19; 2460; 1693; 38.15; 1009.4646484375; 23.9892578125
2026-06-29; 17:26:19; 2428; 1633; 38.2; 1009.4996484375; 23.9794921875
2026-06-29; 17:27:19; 2428; 1633; 38.15; 1009.52; 24.05859375
2026-06-29; 17:28:19; 2404; 1573; 38.17; 1009.5156640625; 24.013671875
2026-06-29; 17:29:19; 2384; 1533; 38.22; 1009.5663671875; 23.9814453125
2026-06-29; 17:30:19; 2376; 1519; 38.16; 1009.5276953125; 23.9892578125
2026-06-29; 17:31:19; 2336; 1433; 38.2; 1009.5626953125; 23.9453125
2026-06-29; 17:32:19; 2300; 1361; 38.2; 1009.52734375; 24.0263671875
2026-06-29; 17:33:19; 2281; 1319; 38.2; 1009.52734375; 24.060546875
2026-06-29; 17:34:19; 2307; 1372; 38.19; 1009.491640625; 24.048828125
2026-06-29; 17:35:19; 2326; 1410; 38.14; 1009.44125; 24.0810546875
2026-06-29; 17:36:19; 2307; 1372; 38.19; 1009.4008984375; 24.072265625
2026-06-29; 17:37:19; 2316; 1395; 38.14; 1009.4689453125; 24.162109375
2026-06-29; 17:38:19; 2363; 1490; 38.19; 1009.491640625; 24.142578125
2026-06-29; 17:39:19; 2355; 1472; 38.23; 1009.4358984375; 24.0625
2026-06-29; 17:40:19; 2384; 1533; 38.26; 1009.435234375; 24.017578125
2026-06-29; 17:41:19; 2355; 1472; 38.24; 1009.368515625; 24.109375
2026-06-29; 17:42:19; 2345; 1452; 38.17; 1009.4326171875; 24.1640625
2026-06-29; 17:43:19; 2363; 1490; 38.18; 1009.420625; 24.2001953125
2026-06-29; 17:44:19; 2355; 1472; 38.26; 1009.435234375; 24.1923828125
2026-06-29; 17:45:19; 2355; 1472; 38.27; 1009.443203125; 24.123046875
2026-06-29; 17:46:19; 2289; 1334; 38.17; 1009.4326171875; 24.19921875
2026-06-29; 17:47:19; 2232; 1207; 38.14; 1009.42125; 24.220703125
2026-06-29; 17:48:19; 2220; 1188; 38.18; 1009.4129296875; 24.19921875
2026-06-29; 17:49:19; 2206; 1157; 38.19; 1009.373203125; 24.2109375
2026-06-29; 17:50:19; 2212; 1170; 38.15; 1009.37390625; 24.244140625
2026-06-29; 17:51:19; 2220; 1188; 38.21; 1009.4045703125; 24.201171875
2026-06-29; 17:52:19; 2197; 1138; 38.14; 1009.4489453125; 24.244140625
2026-06-29; 17:53:19; 2172; 1080; 38.2; 1009.3966015625; 24.2939453125
2026-06-29; 17:54:19; 2160; 1045; 38.18; 1009.385234375; 24.22265625
2026-06-29; 17:55:19; 2160; 1045; 38.17; 1009.404921875; 24.22265625
2026-06-29; 17:56:19; 2142; 1010; 38.11; 1009.3665625; 24.2421875
2026-06-29; 17:57:19; 2114; 948; 38.23; 1009.4358984375; 24.14453125
2026-06-29; 17:58:19; 2074; 870; 38.23; 1009.4358984375; 24.14453125
2026-06-29; 17:59:19; 2038; 815; 38.18; 1009.440625; 24.2109375
2026-06-29; 18:00:19; 1999; 746; 38.16; 1009.3892578125; 24.140625
2026-06-29; 18:01:19; 1939; 647; 38.12; 1009.49296875; 24.2197265625
2026-06-29; 18:02:19; 1920; 617; 38.13; 1009.3979296875; 24.185546875
2026-06-29; 18:03:19; 1920; 617; 38.14; 1009.4489453125; 24.255859375
2026-06-29; 18:04:19; 1939; 647; 38.06; 1009.4619921875; 24.2978515625
2026-06-29; 18:05:19; 1934; 639; 38.12; 1009.4652734375; 24.265625
2026-06-29; 18:06:20; 1967; 689; 38.05; 1009.3832421875; 24.3896484375
2026-06-29; 18:07:20; 1985; 720; 38.17; 1009.3695703125; 24.2568359375
2026-06-29; 18:08:20; 2019; 781; 38.16; 1009.416953125; 24.2333984375
2026-06-29; 18:09:20; 2033; 806; 38.15; 1009.37390625; 24.291015625
2026-06-29; 18:10:20; 2070; 859; 38.13; 1009.3148828125; 24.2548828125
2026-06-29; 18:11:20; 2070; 859; 38.13; 1009.3425390625; 24.2900390625
2026-06-29; 18:12:20; 2070; 859; 38.1; 1009.275546875; 24.3466796875
2026-06-29; 18:13:20; 2074; 870; 38.09; 1009.3075390625; 24.380859375
2026-06-29; 18:14:20; 2082; 886; 38.07; 1009.3592578125; 24.4033203125
2026-06-29; 18:15:20; 2104; 931; 38.08; 1009.327265625; 24.4267578125
2026-06-29; 18:16:20; 2150; 1031; 38.05; 1009.3355859375; 24.4716796875
2026-06-29; 18:17:20; 2212; 1170; 38.17; 1009.341875; 24.373046875
2026-06-29; 18:18:20; 2255; 1258; 38.18; 1009.3575390625; 24.3623046875
2026-06-29; 18:19:20; 2307; 1372; 38.21; 1009.3491796875; 24.328125
2026-06-29; 18:20:20; 2336; 1433; 38.14; 1009.3658984375; 24.3837890625
2026-06-29; 18:21:20; 2376; 1519; 38.15; 1009.3462109375; 24.3603515625
2026-06-29; 18:22:20; 2376; 1519; 38.19; 1009.373203125; 24.3505859375
2026-06-29; 18:23:20; 2384; 1533; 38.17; 1009.341875; 24.419921875
2026-06-29; 18:24:20; 2412; 1598; 38.14; 1009.2474609375; 24.41796875
2026-06-29; 18:25:20; 2428; 1633; 38.14; 1009.3028515625; 24.41796875
2026-06-29; 18:26:20; 2428; 1633; 38.23; 1009.249765625; 24.294921875
2026-06-29; 18:27:20; 2428; 1633; 38.23; 1009.269765625; 24.2255859375
2026-06-29; 18:28:20; 2412; 1598; 38.23; 1009.269765625; 24.1552734375
2026-06-29; 18:29:20; 2326; 1410; 38.14; 1009.338203125; 24.279296875
2026-06-29; 18:30:20; 2289; 1334; 38.16; 1009.2508203125; 24.2568359375
2026-06-29; 18:31:20; 2263; 1276; 38.24; 1009.2577734375; 24.203125
2026-06-29; 18:32:20; 2255; 1258; 38.17; 1009.286484375; 24.2919921875
2026-06-29; 18:33:20; 2189; 1120; 38.19; 1009.27015625; 24.2587890625
2026-06-29; 18:34:20; 2118; 960; 38.14; 1009.25515625; 24.3955078125
2026-06-29; 18:35:20; 2070; 859; 38.19; 1009.29015625; 24.2578125
2026-06-29; 18:36:20; 2004; 756; 38.21; 1009.356875; 24.3056640625
2026-06-29; 18:37:20; 1973; 700; 38.1; 1009.3232421875; 24.416015625
2026-06-29; 18:38:20; 1959; 676; 38.19; 1009.42859375; 24.3271484375
2026-06-29; 18:39:20; 1939; 647; 38.21; 1009.3491796875; 24.328125
2026-06-29; 18:40:20; 1897; 581; 38.11; 1009.3742578125; 24.462890625
2026-06-29; 18:41:20; 1874; 547; 38.19; 1009.4008984375; 24.4091796875
2026-06-29; 18:42:20; 1832; 490; 38.18; 1009.3575390625; 24.419921875
2026-06-29; 18:43:20; 1798; 446; 38.19; 1009.3455078125; 24.3974609375
2026-06-29; 18:44:20; 1766; 410; 38.15; 1009.3262109375; 24.4541015625
2026-06-29; 18:45:20; 1715; 354; 38.1; 1009.3032421875; 24.5322265625
2026-06-29; 18:46:20; 1698; 336; 38.15; 1009.3262109375; 24.4658203125
2026-06-29; 18:47:20; 1664; 303; 38.23; 1009.2974609375; 24.365234375
2026-06-29; 18:48:20; 1640; 281; 38.21; 1009.356875; 24.46875
2026-06-29; 18:49:21; 1628; 271; 38.26; 1009.39984375; 24.3662109375
2026-06-29; 18:50:21; 1631; 273; 38.17; 1009.34953125; 24.4775390625
2026-06-29; 18:51:21; 1623; 265; 38.17; 1009.3695703125; 24.4423828125
2026-06-29; 18:52:21; 1614; 258; 38.13; 1009.3225390625; 24.4873046875
2026-06-29; 18:53:21; 1601; 246; 38.11; 1009.3942578125; 24.509765625
2026-06-29; 18:54:21; 1588; 235; 38.18; 1009.365234375; 24.4208984375
2026-06-29; 18:55:21; 1594; 239; 38.15; 1009.35390625; 24.4541015625
2026-06-29; 18:56:21; 1585; 232; 38.22; 1009.3725390625; 24.3642578125
2026-06-29; 18:57:21; 1581; 229; 38.23; 1009.3328125; 24.353515625
2026-06-29; 18:58:21; 1597; 242; 38.14; 1009.41359375; 24.44140625
2026-06-29; 18:59:21; 1575; 226; 38.25; 1009.391875; 24.3779296875
2026-06-29; 19:00:21; 1562; 216; 38.24; 1009.479296875; 24.400390625
2026-06-29; 19:01:21; 1562; 216; 38.2; 1009.38890625; 24.33984375
2026-06-29; 19:02:21; 1537; 197; 38.17; 1009.404921875; 24.3505859375
2026-06-29; 19:03:21; 1519; 184; 38.2; 1009.333515625; 24.31640625
2026-06-29; 19:04:21; 1495; 166; 38.15; 1009.436953125; 24.3837890625
2026-06-29; 19:05:21; 1495; 168; 38.18; 1009.385234375; 24.384765625
2026-06-29; 19:06:21; 1507; 177; 38.06; 1009.34359375; 24.4951171875
2026-06-29; 19:07:21; 1458; 161; 38.21; 1009.4045703125; 24.328125
2026-06-29; 19:08:21; 1321; 140; 38.25; 1009.474921875; 24.3076171875
2026-06-29; 19:09:21; 1184; 119; 38.27; 1009.3878125; 24.296875
2026-06-29; 19:10:21; 1144; 113; 38.28; 1009.4388671875; 24.263671875
2026-06-29; 19:11:21; 1068; 101; 38.28; 1009.4034765625; 24.2392578125
2026-06-29; 19:12:21; 1029; 95; 38.18; 1009.440625; 24.3623046875
2026-06-29; 19:13:21; 1050; 99; 38.19; 1009.4008984375; 24.443359375
2026-06-29; 19:14:21; 1050; 99; 38.14; 1009.3858984375; 24.41796875
2026-06-29; 19:15:21; 1056; 99; 38.23; 1009.3605078125; 24.330078125
2026-06-29; 19:16:21; 987; 89; 38.11; 1009.31890625; 24.462890625
2026-06-29; 19:17:21; 945; 83; 38.18; 1009.3575390625; 24.408203125
2026-06-29; 19:18:21; 870; 71; 38.25; 1009.3641796875; 24.3193359375
2026-06-29; 19:19:21; 870; 71; 38.24; 1009.293125; 24.330078125
2026-06-29; 19:20:21; 857; 69; 38.16; 1009.33390625; 24.48828125
2026-06-29; 19:21:21; 834; 66; 38.11; 1009.3112109375; 24.509765625
2026-06-29; 19:22:21; 851; 68; 38.19; 1009.373203125; 24.455078125
2026-06-29; 19:23:21; 925; 79; 38.13; 1009.350234375; 24.5224609375
2026-06-29; 19:24:21; 992; 90; 38.19; 1009.43625; 24.4794921875
2026-06-29; 19:25:21; 1137; 112; 38.24; 1009.348515625; 24.423828125
2026-06-29; 19:26:21; 1262; 131; 38.18; 1009.365234375; 24.513671875
2026-06-29; 19:27:21; 1376; 148; 38.23; 1009.3805078125; 24.4580078125
2026-06-29; 19:28:21; 1458; 161; 38.16; 1009.3615625; 24.51171875
2026-06-29; 19:29:21; 1507; 177; 38.22; 1009.2894921875; 24.45703125
2026-06-29; 19:30:21; 1521; 186; 38.16; 1009.3615625; 24.5703125
2026-06-29; 19:31:21; 1531; 193; 38.12; 1009.2991796875; 24.6142578125
2026-06-29; 19:32:22; 1555; 209; 38.13; 1009.3425390625; 24.591796875
2026-06-29; 19:33:22; 1575; 226; 38.09; 1009.39828125; 24.6591796875
2026-06-29; 19:34:22; 1597; 242; 38.12; 1009.3899609375; 24.6611328125
2026-06-29; 19:35:22; 1614; 258; 38.16; 1009.3892578125; 24.6044921875
2026-06-29; 19:36:22; 1640; 281; 38.11; 1009.3665625; 24.66015625
2026-06-29; 19:37:22; 1664; 303; 38.12; 1009.4176171875; 24.6611328125
2026-06-29; 19:38:22; 1678; 318; 38.13; 1009.425625; 24.6728515625
2026-06-29; 19:39:22; 1673; 312; 38.19; 1009.4639453125; 24.560546875
2026-06-29; 19:40:22; 1687; 326; 38.19; 1009.42859375; 24.5712890625
2026-06-29; 19:41:22; 1703; 341; 38.17; 1009.4603125; 24.60546875
2026-06-29; 19:42:22; 1707; 346; 38.25; 1009.3641796875; 24.5400390625
2026-06-29; 19:43:22; 1707; 346; 38.16; 1009.4446484375; 24.6279296875
2026-06-29; 19:44:22; 1712; 351; 38.24; 1009.348515625; 24.5400390625
2026-06-29; 19:45:22; 1703; 341; 38.35; 1009.430078125; 24.41796875
2026-06-29; 19:46:22; 1703; 341; 38.18; 1009.420625; 24.6064453125
2026-06-29; 19:47:22; 1703; 341; 38.33; 1009.4184765625; 24.474609375
2026-06-29; 19:48:22; 1698; 336; 38.23; 1009.4358984375; 24.5625
2026-06-29; 19:49:22; 1698; 336; 38.13; 1009.508671875; 24.7080078125
2026-06-29; 19:50:22; 1707; 346; 38.17; 1009.48796875; 24.640625
2026-06-29; 19:51:22; 1692; 331; 38.15; 1009.4846484375; 24.673828125
2026-06-29; 19:52:22; 1683; 322; 38.28; 1009.4865625; 24.5419921875
2026-06-29; 19:53:22; 1692; 331; 38.19; 1009.491640625; 24.6064453125
2026-06-29; 19:54:22; 1687; 326; 38.23; 1009.518984375; 24.59765625
2026-06-29; 19:55:22; 1692; 331; 38.2; 1009.4996484375; 24.6416015625
2026-06-29; 19:56:22; 1692; 331; 38.27; 1009.553984375; 24.564453125
2026-06-29; 19:57:22; 1698; 336; 38.25; 1009.5026171875; 24.5751953125
2026-06-29; 19:58:22; 1687; 326; 38.17; 1009.4603125; 24.67578125
2026-06-29; 19:59:22; 1698; 336; 38.27; 1009.5262890625; 24.576171875
2026-06-29; 20:00:22; 1703; 341; 38.21; 1009.570703125; 24.6533203125
2026-06-29; 20:01:22; 1707; 346; 38.2; 1009.52734375; 24.6298828125
2026-06-29; 20:02:22; 1707; 346; 38.27; 1009.5062890625; 24.564453125
2026-06-29; 20:03:22; 1707; 346; 38.14; 1009.5796875; 24.7197265625
2026-06-29; 20:04:22; 1683; 322; 38.21; 1009.5230078125; 24.666015625
2026-06-29; 20:05:22; 1664; 303; 38.09; 1009.5090234375; 24.798828125
2026-06-29; 20:06:22; 1654; 293; 38.14; 1009.5243359375; 24.7548828125
2026-06-29; 20:07:22; 1650; 289; 38.19; 1009.511640625; 24.7685546875
2026-06-29; 20:08:22; 1673; 312; 38.08; 1009.6041015625; 24.7978515625
2026-06-29; 20:09:22; 1687; 326; 38.15; 1009.6307421875; 24.732421875
2026-06-29; 20:10:22; 1687; 326; 38.19; 1009.5393359375; 24.67578125
2026-06-29; 20:11:22; 1703; 341; 38.1; 1009.600078125; 24.833984375
2026-06-29; 20:12:23; 1687; 326; 38.22; 1009.6140625; 24.666015625
2026-06-29; 20:13:23; 1698; 336; 38.2; 1009.50734375; 24.7001953125
2026-06-29; 20:14:23; 1673; 312; 38.01; 1009.5773828125; 24.8984375
2026-06-29; 20:15:23; 1678; 318; 38.03; 1009.6010546875; 24.9228515625
2026-06-29; 20:16:23; 1687; 326; 38.05; 1009.6123828125; 24.8544921875
2026-06-29; 20:17:23; 1673; 312; 37.97; 1009.633359375; 24.943359375
2026-06-29; 20:18:23; 1683; 322; 38.02; 1009.613046875; 24.9228515625
2026-06-29; 20:19:23; 1683; 322; 37.99; 1009.6567578125; 24.9208984375
2026-06-29; 20:20:23; 1673; 312; 38.15; 1009.6230859375; 24.744140625
2026-06-29; 20:21:23; 1654; 293; 38.08; 1009.7071484375; 24.8095703125
2026-06-29; 20:22:23; 1654; 293; 38.06; 1009.6204296875; 24.8203125
2026-06-29; 20:23:23; 1668; 307; 38.01; 1009.632734375; 24.91015625
2026-06-29; 20:24:23; 1650; 289; 37.89; 1009.75671875; 25.0439453125
2026-06-29; 20:25:23; 1654; 293; 37.9; 1009.626015625; 24.9853515625
2026-06-29; 20:26:23; 1628; 271; 37.85; 1009.693984375; 25.005859375
2026-06-29; 20:27:23; 1647; 287; 37.82; 1009.674609375; 25.109375
2026-06-29; 20:28:23; 1647; 287; 37.93; 1009.56265625; 24.9296875
2026-06-29; 20:29:23; 1628; 271; 37.93; 1009.618046875; 24.8251953125
2026-06-29; 20:30:23; 1601; 246; 37.91; 1009.62203125; 24.9404296875
2026-06-29; 20:31:23; 1618; 262; 37.87; 1009.67; 24.9033203125
2026-06-29; 20:32:23; 1597; 242; 37.83; 1009.6902734375; 24.923828125
2026-06-29; 20:33:23; 1588; 235; 37.9; 1009.73671875; 24.7998046875
2026-06-29; 20:34:23; 1571; 222; 37.95; 1009.6850390625; 24.7451171875
2026-06-29; 20:35:23; 1581; 229; 37.88; 1009.713359375; 24.857421875
2026-06-29; 20:36:23; 1588; 235; 37.99; 1009.692421875; 24.7470703125
2026-06-29; 20:37:23; 1597; 242; 37.95; 1009.704765625; 24.837890625
2026-06-29; 20:38:23; 1610; 254; 37.96; 1009.6373828125; 24.7685546875
2026-06-29; 20:39:23; 1618; 262; 38.0; 1009.7080859375; 24.736328125
2026-06-29; 20:40:23; 1628; 271; 37.98; 1009.7241015625; 24.78125
2026-06-29; 20:41:23; 1640; 281; 37.98; 1009.7241015625; 24.8154296875
2026-06-29; 20:42:24; 1654; 293; 37.82; 1009.765625; 24.9814453125
2026-06-29; 20:43:24; 1673; 312; 37.88; 1009.7056640625; 24.8564453125
2026-06-29; 20:44:24; 1678; 318; 37.84; 1009.733671875; 24.9130859375
2026-06-29; 20:45:24; 1692; 331; 37.9; 1009.71703125; 24.8818359375
2026-06-29; 20:46:24; 1707; 346; 37.96; 1009.692734375; 24.7216796875
2026-06-29; 20:47:24; 1707; 346; 37.82; 1009.7299609375; 24.912109375
2026-06-29; 20:48:24; 1715; 354; 37.94; 1009.6613671875; 24.767578125
2026-06-29; 20:49:24; 1738; 374; 38.0; 1009.672421875; 24.677734375
2026-06-29; 20:50:24; 1746; 386; 37.79; 1009.682890625; 24.91015625
2026-06-29; 20:51:24; 1746; 386; 37.85; 1009.701953125; 24.8671875
2026-06-29; 20:52:24; 1751; 391; 37.89; 1009.7290625; 24.8349609375
2026-06-29; 20:53:24; 1761; 404; 37.83; 1009.781328125; 24.8779296875
2026-06-29; 20:54:24; 1780; 428; 37.95; 1009.732421875; 24.6982421875
2026-06-29; 20:55:24; 1792; 441; 37.83; 1009.8286328125; 24.900390625
2026-06-29; 20:56:24; 1798; 446; 37.76; 1009.8572265625; 24.9658203125
2026-06-29; 20:57:24; 1811; 463; 37.81; 1009.7776171875; 24.8876953125
2026-06-29; 20:58:24; 1811; 463; 37.64; 1009.8152734375; 25.087890625
2026-06-29; 20:59:24; 1820; 476; 37.74; 1009.8061328125; 24.9423828125
2026-06-29; 21:00:24; 1825; 481; 37.67; 1009.80703125; 25.03125
2026-06-29; 21:01:24; 1843; 505; 37.78; 1009.8055859375; 24.8984375
2026-06-29; 21:02:24; 1838; 499; 37.78; 1009.8609375; 24.88671875
2026-06-29; 21:03:24; 1858; 527; 37.67; 1009.80703125; 24.9853515625
2026-06-29; 21:04:24; 1865; 536; 37.81; 1009.8052734375; 24.841796875
2026-06-29; 21:05:24; 1865; 536; 37.7; 1009.7987109375; 24.951171875
2026-06-29; 21:06:24; 1865; 536; 37.74; 1009.8061328125; 24.896484375
2026-06-29; 21:07:24; 1874; 547; 37.64; 1009.82296875; 25.0068359375
2026-06-29; 21:08:24; 1890; 571; 37.55; 1009.820390625; 25.10546875
2026-06-29; 21:09:24; 1884; 561; 37.68; 1009.8503515625; 24.9501953125
2026-06-29; 21:10:24; 1897; 581; 37.73; 1009.8181640625; 24.8603515625
2026-06-29; 21:11:24; 1902; 588; 37.75; 1009.8771875; 24.8623046875
2026-06-29; 21:12:25; 1908; 596; 37.61; 1009.8315234375; 25.0283203125
2026-06-29; 21:13:25; 1915; 609; 37.79; 1009.7658984375; 24.7705078125
2026-06-29; 21:14:25; 1920; 617; 37.84; 1009.7969921875; 24.6923828125
2026-06-29; 21:15:25; 1934; 639; 37.66; 1009.7990234375; 24.8681640625
2026-06-29; 21:16:25; 1928; 626; 37.71; 1009.7114453125; 24.859375
2026-06-29; 21:17:25; 1920; 617; 37.71; 1009.842109375; 24.7900390625
2026-06-29; 21:18:25; 1902; 588; 37.61; 1009.823515625; 24.876953125
2026-06-29; 21:19:25; 1908; 596; 37.72; 1009.8301171875; 24.6279296875
2026-06-29; 21:20:25; 1915; 609; 37.69; 1009.8383984375; 24.77734375
2026-06-29; 21:21:25; 1915; 609; 37.62; 1009.8195703125; 24.8896484375
2026-06-29; 21:22:25; 1915; 609; 37.76; 1009.8848828125; 24.6875
2026-06-29; 21:23:25; 1928; 626; 37.66; 1009.854375; 24.798828125
2026-06-29; 21:24:25; 1920; 617; 37.61; 1009.803828125; 24.888671875
2026-06-29; 21:25:25; 1915; 609; 37.71; 1009.814453125; 24.7314453125
2026-06-29; 21:26:25; 1928; 626; 37.54; 1009.8400390625; 24.8623046875
2026-06-29; 21:27:25; 1920; 617; 37.55; 1009.792734375; 24.8505859375
2026-06-29; 21:28:25; 1920; 617; 37.65; 1009.7833203125; 24.705078125
2026-06-29; 21:29:25; 1908; 596; 37.59; 1009.8198046875; 24.7138671875
2026-06-29; 21:30:25; 1908; 596; 37.54; 1009.7847265625; 24.8388671875
2026-06-29; 21:31:25; 1915; 609; 37.56; 1009.76078125; 24.7470703125
2026-06-29; 21:32:25; 1908; 596; 37.33; 1009.8146875; 25.0244140625
2026-06-29; 21:33:25; 1908; 596; 37.51; 1009.8405859375; 24.8134765625
2026-06-29; 21:34:25; 1890; 571; 37.55; 1009.875703125; 24.7001953125
2026-06-29; 21:35:25; 1890; 571; 37.54; 1009.8676953125; 24.6767578125
2026-06-29; 21:36:25; 1890; 571; 37.55; 1009.8557421875; 24.7236328125
2026-06-29; 21:37:25; 1884; 561; 37.62; 1009.89453125; 24.611328125
2026-06-29; 21:38:25; 1884; 561; 37.7; 1009.9094140625; 24.5224609375
2026-06-29; 21:39:25; 1890; 571; 37.6; 1009.890859375; 24.59765625
2026-06-29; 21:40:25; 1884; 561; 37.7; 1009.9647265625; 24.4990234375
2026-06-29; 21:41:25; 1879; 554; 37.53; 1009.96265625; 24.548828125
2026-06-29; 21:42:26; 1874; 547; 37.48; 1009.9948046875; 24.6728515625
2026-06-29; 21:43:26; 1865; 536; 37.55; 1009.9663671875; 24.5380859375
2026-06-29; 21:44:26; 1858; 527; 37.56; 1009.974375; 24.4453125
2026-06-29; 21:45:26; 1853; 521; 37.54; 1010.006015625; 24.5146484375
2026-06-29; 21:46:26; 1849; 514; 37.64; 1010.0365625; 24.322265625
2026-06-29; 21:47:26; 1843; 505; 37.55; 1009.9940625; 24.421875
2026-06-29; 21:48:26; 1838; 499; 37.44; 1010.0146875; 24.5087890625
2026-06-29; 21:49:26; 1832; 490; 37.58; 1010.025390625; 24.353515625
2026-06-29; 21:50:26; 1820; 476; 37.44; 1010.09765625; 24.439453125
2026-06-29; 21:51:26; 1815; 469; 37.41; 1010.022890625; 24.4833984375
2026-06-29; 21:52:26; 1803; 452; 37.34; 1010.0516015625; 24.5029296875
2026-06-29; 21:53:26; 1803; 452; 37.36; 1010.1183203125; 24.5390625
2026-06-29; 21:54:26; 1815; 469; 37.48; 1010.1054296875; 24.3603515625
2026-06-29; 21:55:26; 1815; 469; 37.52; 1010.112890625; 24.3740234375
2026-06-29; 21:56:26; 1815; 469; 37.38; 1010.1497265625; 24.3896484375
2026-06-29; 21:57:26; 1815; 469; 37.47; 1010.2280078125; 24.2900390625
2026-06-29; 21:58:26; 1815; 469; 37.62; 1010.206875; 24.158203125
2026-06-29; 21:59:26; 1815; 469; 37.5; 1010.1644921875; 24.2099609375
2026-06-29; 22:00:26; 1803; 452; 37.69; 1010.198046875; 24.0107421875
2026-06-29; 22:01:26; 1803; 452; 37.65; 1010.1983203125; 24.0322265625
2026-06-29; 22:02:26; 1798; 446; 37.46; 1010.1846875; 24.0810546875
2026-06-29; 22:03:26; 1798; 446; 37.65; 1010.2736328125; 24.0673828125
2026-06-29; 22:04:26; 1811; 463; 37.61; 1010.274140625; 24.0537109375
2026-06-29; 22:05:26; 1811; 463; 37.59; 1010.345390625; 24.0751953125
2026-06-29; 22:06:26; 1815; 469; 37.75; 1010.311875; 23.86328125
2026-06-29; 22:07:26; 1811; 463; 37.69; 1010.33640625; 23.8720703125
2026-06-29; 22:08:26; 1803; 452; 37.51; 1010.3384375; 24.17578125
2026-06-29; 22:09:26; 1803; 452; 37.69; 1010.39171875; 23.8837890625
2026-06-29; 22:10:26; 1803; 452; 37.67; 1010.3603515625; 23.9404296875
2026-06-29; 22:11:26; 1811; 463; 37.58; 1010.3100390625; 23.970703125
2026-06-29; 22:12:26; 1811; 463; 37.35; 1010.3437890625; 24.2138671875
2026-06-29; 22:13:26; 1803; 452; 37.58; 1010.30203125; 23.982421875
2026-06-29; 22:14:26; 1803; 452; 37.6; 1010.3137890625; 23.90234375
2026-06-29; 22:15:26; 1811; 463; 37.62; 1010.3371484375; 23.9150390625
2026-06-29; 22:16:26; 1811; 463; 37.58; 1010.3296875; 23.923828125
2026-06-29; 22:17:26; 1803; 452; 37.52; 1010.354140625; 23.9326171875
2026-06-29; 22:18:26; 1803; 452; 37.57; 1010.3496484375; 23.923828125
2026-06-29; 22:19:26; 1798; 446; 37.64; 1010.3132421875; 23.8466796875
2026-06-29; 22:20:26; 1798; 446; 37.44; 1010.3742578125; 24.009765625
2026-06-29; 22:21:27; 1798; 446; 37.46; 1010.4258984375; 23.953125
2026-06-29; 22:22:27; 1798; 446; 37.47; 1010.3939453125; 24.03515625
2026-06-29; 22:23:27; 1792; 441; 37.62; 1010.4478125; 23.775390625
2026-06-29; 22:24:27; 1792; 441; 37.6; 1010.41640625; 23.7978515625
2026-06-29; 22:25:27; 1792; 441; 37.57; 1010.405; 23.8544921875
2026-06-29; 22:26:27; 1785; 434; 37.4; 1010.4853515625; 24.03125
2026-06-29; 22:27:27; 1775; 422; 37.61; 1010.4401171875; 23.8212890625
2026-06-29; 22:28:27; 1785; 434; 37.61; 1010.404453125; 23.740234375
2026-06-29; 22:29:27; 1775; 422; 37.49; 1010.4253515625; 23.8388671875
2026-06-29; 22:30:27; 1780; 428; 37.55; 1010.547265625; 23.830078125
2026-06-29; 22:31:27; 1785; 434; 37.45; 1010.417890625; 23.953125
2026-06-29; 22:32:27; 1792; 441; 37.36; 1010.35953125; 23.970703125
2026-06-29; 22:33:27; 1785; 434; 37.48; 1010.4096875; 23.849609375
2026-06-29; 22:34:27; 1785; 434; 37.41; 1010.3904296875; 23.9619140625
2026-06-29; 22:35:27; 1792; 441; 37.63; 1010.408203125; 23.70703125
2026-06-29; 22:36:27; 1792; 441; 37.43; 1010.413828125; 23.84765625
2026-06-29; 22:37:27; 1798; 446; 37.49; 1010.4253515625; 23.861328125
2026-06-29; 22:38:27; 1803; 452; 37.66; 1010.4552734375; 23.6962890625
2026-06-29; 22:39:27; 1811; 463; 37.6; 1010.3967578125; 23.728515625
2026-06-29; 22:40:27; 1815; 469; 37.31; 1010.426953125; 24.0380859375
2026-06-29; 22:41:27; 1825; 481; 37.26; 1010.4590234375; 24.1513671875
2026-06-29; 22:42:27; 1825; 481; 37.26; 1010.4037109375; 24.1279296875
2026-06-29; 22:43:27; 1843; 505; 37.3; 1010.43890625; 24.119140625
2026-06-29; 22:44:27; 1843; 505; 37.4; 1010.4576953125; 23.9150390625
2026-06-29; 22:45:27; 1853; 521; 37.47; 1010.532265625; 23.9072265625
2026-06-29; 22:46:27; 1858; 527; 37.36; 1010.4778515625; 23.994140625
2026-06-29; 22:47:27; 1874; 547; 37.34; 1010.529375; 24.0859375
2026-06-29; 22:48:27; 1890; 571; 37.28; 1010.6010546875; 24.15234375
2026-06-29; 22:49:27; 1897; 581; 37.12; 1010.55890625; 24.3408203125
2026-06-29; 22:50:27; 1915; 609; 36.97; 1010.572265625; 24.5654296875
2026-06-29; 22:51:27; 1920; 617; 37.25; 1010.5619140625; 24.232421875
2026-06-29; 22:52:27; 1939; 647; 37.35; 1010.5926953125; 24.0869140625
2026-06-29; 22:53:27; 1939; 647; 37.27; 1010.55765625; 24.1748046875
2026-06-29; 22:54:27; 1959; 676; 37.22; 1010.6173828125; 24.3349609375
2026-06-29; 22:55:27; 1978; 709; 37.53; 1010.654140625; 23.96875
2026-06-29; 22:56:27; 1999; 746; 37.3; 1010.6324609375; 24.234375
2026-06-29; 22:57:27; 2004; 756; 37.22; 1010.6173828125; 24.3232421875
2026-06-29; 22:58:27; 2019; 781; 37.44; 1010.65078125; 24.068359375
2026-06-29; 22:59:27; 2033; 806; 37.25; 1010.6368359375; 24.2900390625
2026-06-29; 23:00:27; 2060; 843; 37.44; 1010.59546875; 24.1142578125
2026-06-29; 23:01:27; 2074; 870; 37.44; 1010.6430859375; 24.1376953125
2026-06-29; 23:02:27; 2096; 913; 37.19; 1010.6058984375; 24.4375
2026-06-29; 23:03:28; 2134; 994; 37.35; 1010.655703125; 24.271484375
2026-06-29; 23:04:28; 2150; 1031; 37.39; 1010.655234375; 24.2626953125
2026-06-29; 23:05:28; 2172; 1080; 37.27; 1010.640625; 24.3955078125
2026-06-29; 23:06:28; 2189; 1120; 37.21; 1010.6926171875; 24.4501953125
2026-06-29; 23:07:28; 2197; 1138; 37.14; 1010.665546875; 24.5859375
2026-06-29; 23:08:28; 2220; 1188; 37.21; 1010.629296875; 24.49609375
2026-06-29; 23:09:28; 2249; 1239; 37.18; 1010.6651171875; 24.587890625
2026-06-29; 23:10:28; 2281; 1319; 37.02; 1010.6151953125; 24.7412109375
2026-06-29; 23:11:28; 2289; 1334; 37.16; 1010.633671875; 24.62109375
2026-06-29; 23:12:28; 2316; 1395; 37.02; 1010.6151953125; 24.7646484375
2026-06-29; 23:13:28; 2345; 1452; 37.23; 1010.6330859375; 24.5673828125
2026-06-29; 23:14:28; 2363; 1490; 37.14; 1010.665546875; 24.701171875
2026-06-29; 23:15:28; 2393; 1557; 37.16; 1010.633671875; 24.7138671875
2026-06-29; 23:16:28; 2412; 1598; 37.18; 1010.6178125; 24.6572265625
2026-06-29; 23:17:28; 2441; 1653; 37.3; 1010.680078125; 24.58203125
2026-06-29; 23:18:28; 2469; 1713; 37.29; 1010.6643359375; 24.55859375
2026-06-29; 23:19:28; 2490; 1758; 37.08; 1010.6265625; 24.8603515625
2026-06-29; 23:20:28; 2521; 1829; 37.08; 1010.7174609375; 24.814453125
2026-06-29; 23:21:28; 2544; 1871; 37.08; 1010.68984375; 24.837890625
2026-06-29; 23:22:28; 2567; 1924; 36.85; 1010.742578125; 25.125
2026-06-29; 23:23:28; 2591; 1977; 37.11; 1010.7566015625; 24.884765625
2026-06-29; 23:24:28; 2621; 2045; 36.74; 1010.826328125; 25.31640625
2026-06-29; 23:25:28; 2633; 2067; 37.05; 1010.8281640625; 24.927734375
2026-06-29; 23:26:28; 2645; 2099; 36.79; 1010.7391796875; 25.2724609375
2026-06-29; 23:27:28; 2672; 2143; 36.95; 1010.8721484375; 25.0966796875
2026-06-29; 23:28:28; 2695; 2198; 36.79; 1010.8496484375; 25.2958984375
2026-06-29; 23:29:28; 2717; 2262; 36.79; 1010.7667578125; 25.2958984375
2026-06-30; 01:56:53; 400; 0; 35.38; 1010.4130078125; 28.4033203125
2026-06-30; 01:57:53; 400; 0; 35.38; 1010.365625; 28.3916015625
2026-06-30; 01:58:53; 400; 0; 35.4; 1010.3066796875; 28.3349609375
2026-06-30; 01:59:53; 405; 0; 35.43; 1010.3814453125; 28.2900390625
2026-06-30; 02:00:53; 400; 0; 35.52; 1010.3223828125; 28.1689453125
2026-06-30; 02:01:53; 400; 0; 35.46; 1010.298515625; 28.2001953125
2026-06-30; 02:02:54; 400; 0; 35.47; 1010.2594140625; 28.1552734375
2026-06-30; 02:03:54; 400; 0; 35.47; 1010.231875; 28.1552734375
2026-06-30; 02:04:54; 407; 1; 35.45; 1010.310390625; 28.1650390625
2026-06-30; 02:05:54; 400; 0; 35.47; 1010.279296875; 28.166015625
2026-06-30; 02:06:54; 400; 0; 35.45; 1010.275078125; 28.1533203125
2026-06-30; 02:07:54; 403; 0; 35.38; 1010.2553125; 28.2412109375
2026-06-30; 02:08:54; 400; 0; 35.52; 1010.18453125; 28.0888671875
2026-06-30; 02:09:54; 403; 0; 35.45; 1010.200078125; 28.107421875
2026-06-30; 02:10:54; 400; 0; 35.48; 1010.1571875; 28.0283203125
2026-06-30; 02:11:54; 405; 0; 35.48; 1010.2398828125; 28.0400390625
2026-06-30; 02:12:54; 400; 0; 35.52; 1010.192265625; 28.0078125
2026-06-30; 02:13:54; 403; 0; 35.52; 1010.081953125; 27.9619140625
2026-06-30; 02:14:54; 403; 0; 35.5; 1010.1334765625; 27.9833984375
2026-06-30; 02:15:54; 400; 0; 35.53; 1010.1804296875; 27.8583984375
2026-06-30; 02:16:54; 400; 0; 35.53; 1010.09; 27.880859375
2026-06-30; 02:17:54; 400; 0; 35.44; 1010.12921875; 27.9453125
2026-06-30; 02:18:54; 400; 0; 35.48; 1010.10203125; 27.9130859375
2026-06-30; 02:19:54; 400; 0; 35.48; 1010.0469140625; 27.9013671875
2026-06-30; 02:20:54; 400; 0; 35.46; 1010.133125; 27.923828125
2026-06-30; 02:21:54; 400; 0; 35.49; 1010.0979296875; 27.8564453125
2026-06-30; 02:22:54; 403; 0; 35.41; 1010.04671875; 27.9541015625
2026-06-30; 02:23:54; 402; 0; 35.42; 1010.0426171875; 27.9677734375
2026-06-30; 02:24:54; 400; 0; 35.43; 1010.03078125; 27.8984375
2026-06-30; 02:25:54; 406; 0; 35.53; 1010.0701171875; 27.7666015625
2026-06-30; 02:26:54; 423; 3; 35.53; 1010.0701171875; 27.77734375
2026-06-30; 02:27:54; 406; 0; 35.47; 1010.0587109375; 27.7978515625
2026-06-30; 02:28:54; 406; 0; 35.53; 1010.03484375; 27.7080078125
2026-06-30; 02:29:54; 403; 0; 35.62; 1010.0661328125; 27.5751953125
2026-06-30; 02:30:54; 400; 0; 35.52; 1009.963984375; 27.6728515625
2026-06-30; 02:31:54; 405; 0; 35.67; 1010.0344921875; 27.5439453125
2026-06-30; 02:32:54; 400; 0; 35.55; 1009.9835546875; 27.60546875
2026-06-30; 02:33:54; 407; 1; 35.47; 1010.0112890625; 27.716796875
2026-06-30; 02:34:54; 400; 0; 35.57; 1009.9400390625; 27.5263671875
2026-06-30; 02:35:54; 400; 0; 35.65; 1009.9280078125; 27.4384765625
2026-06-30; 02:36:54; 400; 0; 35.53; 1009.84953125; 27.55859375
2026-06-30; 02:37:54; 402; 0; 35.54; 1009.8851171875; 27.5361328125
2026-06-30; 02:38:54; 402; 0; 35.45; 1009.8416796875; 27.703125
2026-06-30; 02:39:54; 402; 0; 35.46; 1009.8497265625; 27.6689453125
2026-06-30; 02:40:54; 400; 0; 35.45; 1009.8416796875; 27.6689453125
2026-06-30; 02:41:54; 400; 0; 35.39; 1009.857578125; 27.74609375
2026-06-30; 02:42:54; 403; 0; 35.35; 1009.87734375; 27.8134765625
2026-06-30; 02:43:54; 409; 1; 35.42; 1009.8772265625; 27.6904296875
2026-06-30; 02:44:55; 400; 0; 35.46; 1009.82984375; 27.5888671875
2026-06-30; 02:45:55; 400; 0; 35.47; 1009.7907421875; 27.6015625
2026-06-30; 02:46:55; 403; 0; 35.49; 1009.76703125; 27.5791015625
2026-06-30; 02:47:55; 400; 0; 35.5; 1009.7828125; 27.5107421875
2026-06-30; 02:48:55; 400; 0; 35.51; 1009.7353515625; 27.48828125
2026-06-30; 02:49:55; 402; 0; 35.49; 1009.7317578125; 27.4873046875
2026-06-30; 02:50:55; 400; 0; 35.41; 1009.79859375; 27.5966796875
2026-06-30; 02:51:55; 405; 0; 35.41; 1009.6960546875; 27.6083984375
2026-06-30; 02:52:55; 400; 0; 35.41; 1009.771015625; 27.5966796875
2026-06-30; 02:53:55; 403; 0; 35.53; 1009.7315234375; 27.48828125
2026-06-30; 02:54:55; 400; 0; 35.43; 1009.6999609375; 27.5751953125
2026-06-30; 02:55:55; 400; 0; 35.41; 1009.6409375; 27.6083984375
2026-06-30; 02:56:55; 405; 0; 35.54; 1009.636953125; 27.478515625
2026-06-30; 02:57:55; 402; 0; 35.46; 1009.69203125; 27.53125
2026-06-30; 02:58:55; 407; 1; 35.49; 1009.5387890625; 27.4873046875
2026-06-30; 02:59:55; 407; 1; 35.43; 1009.60953125; 27.5869140625
2026-06-30; 03:00:55; 407; 1; 35.54; 1009.69984375; 27.4091796875
2026-06-30; 03:01:55; 402; 0; 35.54; 1009.55421875; 27.4208984375
2026-06-30; 03:02:55; 402; 0; 35.46; 1009.5265625; 27.53125
2026-06-30; 03:03:55; 400; 0; 35.44; 1009.6252734375; 27.587890625
2026-06-30; 03:04:55; 403; 0; 35.37; 1009.5228515625; 27.6875
2026-06-30; 03:05:55; 406; 0; 35.4; 1009.48734375; 27.5966796875
2026-06-30; 03:06:55; 400; 0; 35.44; 1009.5149609375; 27.564453125
2026-06-30; 03:07:55; 400; 0; 35.44; 1009.45984375; 27.564453125
2026-06-30; 03:08:55; 400; 0; 35.54; 1009.4516796875; 27.4091796875
2026-06-30; 03:09:55; 405; 0; 35.54; 1009.5266796875; 27.455078125
2026-06-30; 03:10:55; 400; 0; 35.39; 1009.5543359375; 27.642578125
2026-06-30; 03:11:55; 405; 0; 35.43; 1009.526796875; 27.5869140625
2026-06-30; 03:12:55; 400; 0; 35.49; 1009.4836328125; 27.4990234375
2026-06-30; 03:13:55; 400; 0; 35.33; 1009.4599609375; 27.7197265625
2026-06-30; 03:14:55; 400; 0; 35.5; 1009.5544921875; 27.4990234375
2026-06-30; 03:15:55; 402; 0; 35.52; 1009.5227734375; 27.5234375
2026-06-30; 03:16:55; 400; 0; 35.41; 1009.530625; 27.6552734375
2026-06-30; 03:17:55; 406; 0; 35.41; 1009.440234375; 27.642578125
2026-06-30; 03:18:55; 403; 0; 35.46; 1009.4085546875; 27.5537109375
2026-06-30; 03:19:55; 403; 0; 35.41; 1009.5505078125; 27.642578125
2026-06-30; 03:20:55; 403; 0; 35.38; 1009.5033203125; 27.6875
2026-06-30; 03:21:55; 406; 0; 35.39; 1009.5267578125; 27.6884765625
2026-06-30; 03:22:55; 406; 0; 35.41; 1009.503046875; 27.6435546875
2026-06-30; 03:23:55; 406; 0; 35.38; 1009.5937109375; 27.6767578125
2026-06-30; 03:24:55; 406; 0; 35.36; 1009.51515625; 27.7099609375
2026-06-30; 03:25:55; 406; 0; 35.43; 1009.554375; 27.62109375
2026-06-30; 03:26:55; 413; 1; 35.35; 1009.6016796875; 27.7783203125
2026-06-30; 03:27:56; 406; 0; 35.32; 1009.5073828125; 27.8232421875
2026-06-30; 03:28:56; 413; 1; 35.33; 1009.570234375; 27.8115234375
2026-06-30; 03:29:56; 406; 0; 35.41; 1009.5229296875; 27.689453125
2026-06-30; 03:30:56; 413; 1; 35.41; 1009.530625; 27.677734375
2026-06-30; 03:31:56; 406; 0; 35.3; 1009.5310546875; 27.8330078125
2026-06-30; 03:32:56; 413; 1; 35.28; 1009.4915625; 27.935546875
2026-06-30; 03:33:56; 415; 2; 35.28; 1009.5742578125; 27.935546875
2026-06-30; 03:34:56; 418; 2; 35.27; 1009.5665234375; 27.9580078125
2026-06-30; 03:35:56; 434; 5; 35.28; 1009.4915625; 27.923828125
2026-06-30; 03:36:56; 434; 5; 35.35; 1009.518984375; 27.8935546875
2026-06-30; 03:37:56; 438; 5; 35.31; 1009.4560546875; 27.8916015625
2026-06-30; 03:38:56; 441; 6; 35.45; 1009.3928515625; 27.75
2026-06-30; 03:39:56; 445; 6; 35.36; 1009.487578125; 27.859375
2026-06-30; 03:40:56; 445; 6; 35.33; 1009.4599609375; 27.916015625
2026-06-30; 03:41:56; 450; 7; 35.37; 1009.467734375; 27.8486328125
2026-06-30; 03:42:56; 450; 7; 35.41; 1009.41265625; 27.78125
2026-06-30; 03:43:56; 450; 7; 35.42; 1009.3456640625; 27.7822265625
2026-06-30; 03:44:56; 454; 8; 35.37; 1009.274765625; 27.8720703125
2026-06-30; 03:45:56; 459; 8; 35.32; 1009.333984375; 27.94921875
2026-06-30; 03:46:56; 462; 9; 35.33; 1009.33015625; 27.9853515625
2026-06-30; 03:47:56; 464; 9; 35.25; 1009.278984375; 28.0712890625
2026-06-30; 03:48:56; 475; 11; 35.26; 1009.3303125; 28.0732421875
2026-06-30; 03:49:56; 482; 12; 35.21; 1009.3343359375; 28.162109375
2026-06-30; 03:50:56; 482; 12; 35.36; 1009.2866015625; 27.986328125
2026-06-30; 03:51:56; 493; 14; 35.31; 1009.263125; 28.041015625
2026-06-30; 03:52:56; 497; 14; 35.28; 1009.3262109375; 28.0625
2026-06-30; 03:53:56; 502; 15; 35.4; 1009.31421875; 27.9658203125
2026-06-30; 03:54:56; 518; 17; 35.43; 1009.2787109375; 27.8984375
2026-06-30; 03:55:56; 523; 18; 35.21; 1009.232109375; 28.185546875
2026-06-30; 03:56:56; 529; 19; 35.26; 1009.2947265625; 28.1875
2026-06-30; 03:57:56; 531; 19; 35.31; 1009.263125; 28.1103515625
2026-06-30; 03:58:56; 537; 20; 35.25; 1009.3065625; 28.1982421875
2026-06-30; 03:59:56; 548; 22; 35.26; 1009.27515625; 28.2119140625
2026-06-30; 04:00:56; 552; 23; 35.26; 1009.3303125; 28.1650390625
2026-06-30; 04:01:56; 560; 24; 35.24; 1009.1610546875; 28.2216796875
2026-06-30; 04:02:56; 572; 26; 35.32; 1009.2041796875; 28.134765625
2026-06-30; 04:03:56; 575; 26; 35.2; 1009.208359375; 28.298828125
2026-06-30; 04:04:56; 589; 28; 35.18; 1009.2400390625; 28.310546875
2026-06-30; 04:05:56; 596; 29; 35.22; 1009.1571875; 28.3125
2026-06-30; 04:06:56; 602; 30; 35.21; 1009.2241015625; 28.3232421875
2026-06-30; 04:07:56; 602; 30; 35.14; 1009.2242578125; 28.4453125
2026-06-30; 04:08:56; 615; 32; 35.27; 1009.2277734375; 28.2919921875
2026-06-30; 04:09:56; 615; 32; 35.16; 1009.1810546875; 28.4013671875
2026-06-30; 04:10:57; 615; 32; 35.14; 1009.2242578125; 28.4453125
2026-06-30; 04:11:57; 637; 36; 35.15; 1009.2399609375; 28.4580078125
2026-06-30; 04:12:57; 615; 32; 35.23; 1009.192734375; 28.3935546875
2026-06-30; 04:13:57; 650; 38; 35.28; 1009.168828125; 28.33984375
2026-06-30; 04:14:57; 656; 39; 35.19; 1009.11; 28.4140625
2026-06-30; 04:15:57; 656; 39; 35.27; 1009.0899609375; 28.349609375
2026-06-30; 04:16:57; 665; 40; 35.13; 1009.125859375; 28.513671875
2026-06-30; 04:17:57; 672; 41; 35.18; 1009.12984375; 28.4482421875
2026-06-30; 04:18:57; 672; 41; 35.24; 1009.1059375; 28.39453125
2026-06-30; 04:19:57; 688; 43; 35.15; 1009.192890625; 28.515625
2026-06-30; 04:20:57; 688; 43; 35.19; 1009.2006640625; 28.4716796875
2026-06-30; 04:21:57; 697; 45; 35.09; 1009.181171875; 28.615234375
2026-06-30; 04:22:57; 697; 45; 35.18; 1009.1573828125; 28.505859375
2026-06-30; 04:23:57; 700; 45; 35.29; 1009.2041015625; 28.33984375
2026-06-30; 04:24:57; 700; 45; 35.21; 1009.168984375; 28.4736328125
2026-06-30; 04:25:57; 719; 48; 35.1; 1009.141796875; 28.6044921875
2026-06-30; 04:26:57; 728; 49; 35.09; 1009.22828125; 28.6494140625
2026-06-30; 04:27:57; 728; 49; 35.09; 1009.20875; 28.650390625
2026-06-30; 04:28:57; 735; 51; 35.07; 1009.2323828125; 28.6953125
2026-06-30; 04:29:57; 735; 51; 35.05; 1009.34640625; 28.7060546875
2026-06-30; 04:30:57; 735; 51; 35.13; 1009.291171875; 28.62890625
2026-06-30; 04:31:57; 744; 52; 35.16; 1009.3739453125; 28.57421875
2026-06-30; 04:32:57; 744; 52; 35.15; 1009.358203125; 28.595703125
2026-06-30; 04:33:57; 744; 52; 35.04; 1009.303125; 28.7509765625
2026-06-30; 04:34:57; 757; 54; 35.02; 1009.374140625; 28.7724609375
2026-06-30; 04:35:57; 757; 54; 35.12; 1009.33859375; 28.65234375
2026-06-30; 04:36:57; 757; 54; 35.13; 1009.3462890625; 28.65234375
2026-06-30; 04:37:57; 761; 54; 35.06; 1009.362109375; 28.728515625
2026-06-30; 04:38:57; 770; 56; 35.05; 1009.4213671875; 28.7509765625
2026-06-30; 04:39:57; 770; 56; 35.09; 1009.39359375; 28.70703125
2026-06-30; 04:40:57; 761; 54; 35.13; 1009.4369921875; 28.62890625
2026-06-30; 04:41:57; 770; 56; 35.06; 1009.4370703125; 28.740234375
2026-06-30; 04:42:57; 787; 58; 35.05; 1009.4213671875; 28.7744140625
2026-06-30; 04:43:57; 798; 60; 35.08; 1009.4054296875; 28.7529296875
2026-06-30; 04:44:57; 806; 61; 35.03; 1009.334765625; 28.7958984375
2026-06-30; 04:45:57; 806; 61; 35.02; 1009.354296875; 28.8076171875
2026-06-30; 04:46:57; 806; 61; 35.17; 1009.3896484375; 28.6318359375
2026-06-30; 04:47:57; 813; 62; 35.05; 1009.4290625; 28.763671875
2026-06-30; 04:48:57; 813; 62; 35.06; 1009.362109375; 28.751953125
2026-06-30; 04:49:57; 813; 62; 34.97; 1009.4412109375; 28.849609375
2026-06-30; 04:50:57; 825; 64; 35.05; 1009.4213671875; 28.7626953125
2026-06-30; 04:51:57; 834; 66; 35.0; 1009.452890625; 28.828125
2026-06-30; 04:52:57; 834; 66; 35.01; 1009.496171875; 28.8408203125
2026-06-30; 04:53:58; 844; 67; 35.16; 1009.4290625; 28.6201171875
2026-06-30; 04:54:58; 844; 67; 35.03; 1009.500078125; 28.8076171875
2026-06-30; 04:55:58; 844; 67; 34.98; 1009.4489453125; 28.896484375
2026-06-30; 04:56:58; 844; 67; 35.04; 1009.460703125; 28.7958984375
2026-06-30; 04:57:58; 851; 68; 34.97; 1009.5434375; 28.9306640625
2026-06-30; 04:58:58; 844; 67; 35.04; 1009.48828125; 28.8076171875
2026-06-30; 04:59:58; 851; 68; 34.97; 1009.496328125; 28.9072265625
2026-06-30; 05:00:58; 865; 70; 35.05; 1009.5392578125; 28.763671875
2026-06-30; 05:01:58; 874; 72; 34.95; 1009.511640625; 28.951171875
2026-06-30; 05:02:58; 885; 73; 34.89; 1009.4880859375; 29.005859375
2026-06-30; 05:03:58; 885; 73; 34.89; 1009.4252734375; 28.9951171875
2026-06-30; 05:04:58; 885; 73; 34.89; 1009.5078515625; 29.005859375
2026-06-30; 05:05:58; 895; 75; 34.99; 1009.472421875; 28.8974609375
2026-06-30; 05:06:58; 895; 75; 34.98; 1009.5040625; 28.873046875
2026-06-30; 05:07:58; 895; 75; 35.0; 1009.4881640625; 28.8291015625
2026-06-30; 05:08:58; 895; 75; 34.91; 1009.464453125; 28.9619140625
2026-06-30; 05:09:58; 909; 77; 34.92; 1009.5352734375; 28.9619140625
2026-06-30; 05:10:58; 909; 77; 34.98; 1009.559140625; 28.896484375
2026-06-30; 05:11:58; 915; 78; 34.9; 1009.47625; 28.94921875
2026-06-30; 05:12:58; 915; 78; 34.94; 1009.5234765625; 28.9169921875
2026-06-30; 05:13:58; 925; 79; 34.96; 1009.554921875; 28.8837890625
2026-06-30; 05:14:58; 925; 79; 34.99; 1009.555078125; 28.8505859375
2026-06-30; 05:15:58; 925; 79; 34.97; 1009.5709375; 28.9072265625
2026-06-30; 05:16:58; 935; 81; 34.88; 1009.6100390625; 29.005859375
2026-06-30; 05:17:58; 935; 81; 34.91; 1009.5470703125; 28.9619140625
2026-06-30; 05:18:58; 935; 81; 34.87; 1009.47640625; 28.9931640625
2026-06-30; 05:19:58; 935; 81; 34.85; 1009.6179296875; 29.060546875
2026-06-30; 05:20:58; 954; 84; 34.9; 1009.60625; 28.9716796875
2026-06-30; 05:21:58; 954; 84; 34.94; 1009.5865625; 28.9404296875
2026-06-30; 05:22:58; 925; 79; 34.92; 1009.5628125; 28.904296875
2026-06-30; 05:23:58; 970; 86; 35.02; 1009.5669921875; 28.783203125
2026-06-30; 05:24:58; 959; 85; 35.02; 1009.484375; 28.794921875
2026-06-30; 05:25:58; 959; 85; 35.06; 1009.5197265625; 28.728515625
2026-06-30; 05:26:58; 970; 86; 34.79; 1009.5785546875; 29.103515625
2026-06-30; 05:27:58; 970; 86; 34.97; 1009.6260546875; 28.873046875
2026-06-30; 05:28:58; 970; 86; 34.87; 1009.5590234375; 28.970703125
2026-06-30; 05:29:58; 970; 86; 34.92; 1009.5628125; 28.904296875
2026-06-30; 05:30:58; 981; 88; 34.86; 1009.551015625; 28.9931640625
2026-06-30; 05:31:58; 981; 88; 34.95; 1009.594296875; 28.9169921875
2026-06-30; 05:32:58; 981; 88; 34.94; 1009.551015625; 28.8828125
2026-06-30; 05:33:58; 997; 90; 34.83; 1009.5864453125; 29.0595703125
2026-06-30; 05:34:58; 981; 88; 34.89; 1009.618046875; 28.94921875
2026-06-30; 05:35:58; 997; 90; 34.95; 1009.56671875; 28.8369140625
2026-06-30; 05:36:59; 997; 90; 34.94; 1009.6416796875; 28.87109375
2026-06-30; 05:37:59; 997; 90; 34.98; 1009.64953125; 28.81640625
2026-06-30; 05:38:59; 1009; 92; 34.94; 1009.6416796875; 28.87109375
2026-06-30; 05:39:59; 1019; 94; 34.99; 1009.61015625; 28.81640625
2026-06-30; 05:40:59; 1009; 92; 34.9; 1009.5864453125; 28.94921875
2026-06-30; 05:41:59; 1019; 94; 34.82; 1009.5905078125; 29.0595703125
2026-06-30; 05:42:59; 1041; 97; 34.83; 1009.641484375; 29.0595703125
2026-06-30; 05:43:59; 1053; 99; 34.79; 1009.5708203125; 29.1025390625
2026-06-30; 05:44:59; 1053; 99; 34.86; 1009.5983984375; 28.9921875
2026-06-30; 05:45:59; 1065; 101; 34.89; 1009.5905078125; 28.94921875
2026-06-30; 05:46:59; 1065; 101; 34.9; 1009.531328125; 28.9150390625
2026-06-30; 05:47:59; 1077; 103; 34.79; 1009.5785546875; 29.091796875
2026-06-30; 05:48:59; 1077; 103; 34.91; 1009.6219921875; 28.9267578125
2026-06-30; 05:49:59; 1093; 105; 34.84; 1009.5393359375; 29.025390625
2026-06-30; 05:50:59; 1105; 107; 34.78; 1009.507734375; 29.0908203125
2026-06-30; 05:51:59; 1118; 109; 34.71; 1009.5630859375; 29.2138671875
2026-06-30; 05:52:59; 1118; 109; 34.85; 1009.507734375; 29.0498046875
2026-06-30; 05:53:59; 1131; 111; 34.76; 1009.4567578125; 29.11328125
2026-06-30; 05:54:59; 1140; 112; 34.69; 1009.4765234375; 29.2578125
2026-06-30; 05:55:59; 1150; 114; 34.84; 1009.5393359375; 29.037109375
2026-06-30; 05:56:59; 1150; 114; 34.74; 1009.4723046875; 29.1455078125
2026-06-30; 05:57:59; 1163; 116; 34.74; 1009.49984375; 29.1572265625
2026-06-30; 05:58:59; 1178; 118; 34.73; 1009.511640625; 29.1455078125
2026-06-30; 05:59:59; 1198; 121; 34.75; 1009.4880859375; 29.1474609375
2026-06-30; 06:00:59; 1212; 123; 34.87; 1009.4841015625; 28.970703125
2026-06-30; 06:01:59; 1212; 123; 34.8; 1009.4290625; 29.0810546875
2026-06-30; 06:02:59; 1212; 123; 34.84; 1009.42921875; 29.037109375
2026-06-30; 06:03:59; 1242; 128; 34.84; 1009.4919921875; 29.0029296875
2026-06-30; 06:04:59; 1242; 128; 34.78; 1009.4801953125; 29.080078125
2026-06-30; 06:05:59; 1262; 131; 34.81; 1009.4921484375; 29.046875
2026-06-30; 06:06:59; 1277; 133; 34.75; 1009.468515625; 29.125
2026-06-30; 06:07:59; 1277; 133; 34.83; 1009.5236328125; 29.037109375
2026-06-30; 06:08:59; 1277; 133; 34.75; 1009.551171875; 29.1357421875
2026-06-30; 06:09:59; 1291; 135; 34.8; 1009.5590234375; 29.046875
2026-06-30; 06:10:59; 1310; 138; 34.85; 1009.58265625; 29.0029296875
2026-06-30; 06:11:59; 1324; 140; 34.94; 1009.661171875; 28.87109375
2026-06-30; 06:12:59; 1324; 140; 34.88; 1009.574765625; 28.958984375
2026-06-30; 06:13:59; 1324; 140; 34.81; 1009.61; 29.0703125
2026-06-30; 06:14:59; 1341; 143; 34.77; 1009.5551171875; 29.0908203125
2026-06-30; 06:15:59; 1341; 143; 34.83; 1009.531328125; 29.0478515625
2026-06-30; 06:16:59; 1341; 143; 34.85; 1009.64546875; 28.9921875
2026-06-30; 06:17:59; 1356; 145; 34.87; 1009.614140625; 28.982421875
2026-06-30; 06:18:59; 1356; 145; 34.96; 1009.637578125; 28.849609375
2026-06-30; 06:20:00; 1356; 145; 34.84; 1009.6297265625; 29.0146484375
2026-06-30; 06:21:00; 1356; 145; 34.85; 1009.6179296875; 29.0029296875
2026-06-30; 06:22:00; 1376; 148; 34.8; 1009.649375; 29.0693359375
2026-06-30; 06:23:00; 1376; 148; 34.91; 1009.6021484375; 28.916015625
2026-06-30; 06:24:00; 1376; 148; 34.85; 1009.6101953125; 28.98046875
2026-06-30; 06:25:00; 1393; 151; 34.82; 1009.618046875; 29.08203125
2026-06-30; 06:26:00; 1393; 151; 34.84; 1009.5669140625; 29.048828125
2026-06-30; 06:27:00; 1393; 151; 34.85; 1009.637734375; 29.0498046875
2026-06-30; 06:28:00; 1408; 153; 34.8; 1009.6416796875; 29.115234375
2026-06-30; 06:29:00; 1408; 153; 34.75; 1009.6257421875; 29.158203125
2026-06-30; 06:30:00; 1376; 148; 34.9; 1009.55890625; 28.9609375
2026-06-30; 06:31:00; 1408; 153; 34.82; 1009.618046875; 29.08203125
2026-06-30; 06:32:00; 1408; 153; 34.75; 1009.6257421875; 29.193359375
2026-06-30; 06:33:00; 1436; 157; 34.74; 1009.618046875; 29.2275390625
2026-06-30; 06:34:00; 1436; 157; 34.8; 1009.649375; 29.115234375
2026-06-30; 06:35:00; 1436; 157; 34.82; 1009.5905078125; 29.1279296875
2026-06-30; 06:36:00; 1458; 161; 34.81; 1009.61; 29.1279296875
2026-06-30; 06:37:00; 1458; 161; 34.92; 1009.6101953125; 28.9853515625
2026-06-30; 06:38:00; 1436; 157; 34.82; 1009.62578125; 29.1171875
2026-06-30; 06:39:00; 1458; 161; 34.81; 1009.637578125; 29.162109375
2026-06-30; 06:40:00; 1491; 166; 34.77; 1009.6021484375; 29.1943359375
2026-06-30; 06:41:00; 1491; 166; 34.85; 1009.637734375; 29.095703125
2026-06-30; 06:42:00; 1496; 169; 34.86; 1009.6336328125; 29.0966796875
2026-06-30; 06:43:00; 1496; 169; 34.82; 1009.56296875; 29.1513671875
2026-06-30; 06:44:00; 1502; 173; 34.8; 1009.6218359375; 29.1611328125
2026-06-30; 06:45:00; 1502; 173; 34.85; 1009.64546875; 29.107421875
2026-06-30; 06:46:00; 1502; 173; 34.89; 1009.5905078125; 29.0634765625
2026-06-30; 06:47:00; 1506; 176; 34.77; 1009.6572265625; 29.2177734375
2026-06-30; 06:48:00; 1506; 176; 34.78; 1009.617890625; 29.1953125
2026-06-30; 06:49:00; 1506; 176; 34.84; 1009.6021484375; 29.1181640625
2026-06-30; 06:50:00; 1512; 179; 34.86; 1009.6259375; 29.1650390625
2026-06-30; 06:51:00; 1512; 179; 34.88; 1009.637578125; 29.09765625
2026-06-30; 06:52:00; 1516; 182; 34.96; 1009.554921875; 28.9990234375
2026-06-30; 06:53:00; 1516; 182; 34.89; 1009.5078515625; 29.0869140625
2026-06-30; 06:54:00; 1520; 185; 34.96; 1009.5825; 29.044921875
2026-06-30; 06:55:00; 1520; 185; 34.9; 1009.531328125; 29.1220703125
2026-06-30; 06:56:00; 1520; 185; 34.9; 1009.4960546875; 29.1328125
2026-06-30; 06:57:00; 1525; 188; 34.92; 1009.5352734375; 29.1689453125
2026-06-30; 06:58:00; 1525; 188; 34.98; 1009.559140625; 29.0576171875
2026-06-30; 06:59:00; 1531; 193; 34.92; 1009.5076953125; 29.134765625
2026-06-30; 07:00:00; 1535; 196; 34.99; 1009.574921875; 29.05859375
2026-06-30; 07:01:00; 1535; 196; 34.98; 1009.58671875; 29.0810546875
2026-06-30; 07:02:01; 1539; 198; 35.13; 1009.5391796875; 28.87109375
2026-06-30; 07:03:01; 1539; 198; 35.08; 1009.57875; 28.9375
2026-06-30; 07:04:01; 1544; 203; 35.07; 1009.5905859375; 29.005859375
2026-06-30; 07:05:01; 1550; 207; 35.06; 1009.582578125; 28.958984375
2026-06-30; 07:06:01; 1550; 207; 35.11; 1009.54328125; 28.9853515625
2026-06-30; 07:07:01; 1555; 209; 35.18; 1009.625859375; 28.8173828125
2026-06-30; 07:08:01; 1559; 212; 35.12; 1009.531484375; 28.986328125
2026-06-30; 07:09:01; 1559; 212; 35.18; 1009.5351953125; 28.8515625
2026-06-30; 07:10:01; 1564; 218; 35.19; 1009.5784765625; 28.8642578125
2026-06-30; 07:11:01; 1569; 221; 35.28; 1009.5546875; 28.7431640625
2026-06-30; 07:12:01; 1575; 226; 35.25; 1009.4994921875; 28.7744140625
2026-06-30; 07:13:01; 1582; 230; 35.27; 1009.5309765625; 28.7646484375
2026-06-30; 07:14:01; 1582; 230; 35.28; 1009.601796875; 28.77734375
2026-06-30; 07:15:01; 1582; 230; 35.29; 1009.4797265625; 28.77734375
2026-06-30; 07:16:01; 1587; 234; 35.21; 1009.5628515625; 28.876953125
2026-06-30; 07:17:01; 1587; 234; 35.4; 1009.5072265625; 28.6005859375
2026-06-30; 07:18:01; 1592; 238; 35.29; 1009.5428515625; 28.77734375
2026-06-30; 07:19:01; 1592; 238; 35.31; 1009.53875; 28.791015625
2026-06-30; 07:20:01; 1597; 242; 35.36; 1009.51515625; 28.6787109375
2026-06-30; 07:21:01; 1597; 242; 35.27; 1009.483828125; 28.7998046875
2026-06-30; 07:22:01; 1597; 242; 35.32; 1009.499375; 28.7451171875
2026-06-30; 07:23:01; 1597; 242; 35.34; 1009.50328125; 28.74609375
2026-06-30; 07:24:01; 1601; 246; 35.36; 1009.5071484375; 28.689453125
2026-06-30; 07:25:01; 1601; 246; 35.31; 1009.4640625; 28.779296875
2026-06-30; 07:26:01; 1597; 242; 35.37; 1009.3574609375; 28.66796875
2026-06-30; 07:27:01; 1601; 246; 35.35; 1009.326015625; 28.701171875
2026-06-30; 07:28:01; 1597; 242; 35.38; 1009.393046875; 28.65625
2026-06-30; 07:29:01; 1597; 242; 35.39; 1009.3337890625; 28.6337890625
2026-06-30; 07:30:01; 1592; 238; 35.37; 1009.4126171875; 28.65625
2026-06-30; 07:31:01; 1592; 238; 35.4; 1009.4046484375; 28.623046875
2026-06-30; 07:32:01; 1587; 234; 35.49; 1009.40859375; 28.4794921875
2026-06-30; 07:33:01; 1587; 234; 35.52; 1009.3573828125; 28.4697265625
2026-06-30; 07:34:01; 1582; 230; 35.49; 1009.3810546875; 28.4677734375
2026-06-30; 07:35:01; 1575; 226; 35.49; 1009.3733203125; 28.4326171875
2026-06-30; 07:36:01; 1564; 218; 35.59; 1009.3846875; 28.3349609375
2026-06-30; 07:37:01; 1559; 212; 35.5; 1009.4243359375; 28.43359375
2026-06-30; 07:38:01; 1555; 209; 35.54; 1009.506796875; 28.3662109375
2026-06-30; 07:39:01; 1550; 207; 35.57; 1009.4911328125; 28.345703125
2026-06-30; 07:40:01; 1539; 198; 35.53; 1009.4558203125; 28.388671875
2026-06-30; 07:41:01; 1531; 193; 35.71; 1009.490625; 28.134765625
2026-06-30; 07:42:01; 1531; 193; 35.6; 1009.408125; 28.2548828125
2026-06-30; 07:43:01; 1520; 185; 35.54; 1009.388828125; 28.34375
2026-06-30; 07:44:01; 1506; 176; 35.56; 1009.4478515625; 28.287109375
2026-06-30; 07:45:02; 1496; 169; 35.7; 1009.4197265625; 28.123046875
2026-06-30; 07:46:02; 1458; 161; 35.6; 1009.380546875; 28.2548828125
2026-06-30; 07:47:02; 1408; 153; 35.73; 1009.4312890625; 28.0322265625
2026-06-30; 07:48:02; 1356; 145; 35.58; 1009.2663671875; 28.2431640625
2026-06-30; 07:49:02; 1310; 138; 35.57; 1009.3333984375; 28.21875
2026-06-30; 07:50:02; 1291; 135; 35.62; 1009.3215625; 28.1982421875
2026-06-30; 07:51:02; 1242; 128; 35.53; 1009.3179296875; 28.28515625
2026-06-30; 07:52:02; 1178; 118; 35.54; 1009.3689453125; 28.2626953125
2026-06-30; 07:53:02; 1150; 114; 35.61; 1009.3962890625; 28.140625
2026-06-30; 07:54:02; 1105; 107; 35.63; 1009.372578125; 28.083984375
2026-06-30; 07:55:02; 1065; 101; 35.71; 1009.2699609375; 28.03125
2026-06-30; 07:56:02; 1041; 97; 35.73; 1009.34859375; 27.951171875
2026-06-30; 07:57:02; 970; 86; 35.73; 1009.4312890625; 27.974609375
2026-06-30; 07:58:02; 925; 79; 35.73; 1009.3565625; 27.9169921875
2026-06-30; 07:59:02; 874; 72; 35.72; 1009.42359375; 27.939453125
2026-06-30; 08:00:02; 844; 67; 35.75; 1009.3880078125; 27.8720703125
2026-06-30; 08:01:02; 806; 61; 35.89; 1009.3713671875; 27.73046875
2026-06-30; 08:02:02; 770; 56; 35.77; 1009.3287109375; 27.873046875
2026-06-30; 08:03:02; 735; 51; 35.84; 1009.383515625; 27.7734375
2026-06-30; 08:04:02; 700; 45; 35.64; 1009.380546875; 28.0146484375
2026-06-30; 08:05:02; 688; 43; 35.89; 1009.3713671875; 27.71875
2026-06-30; 08:06:02; 656; 39; 35.9; 1009.331875; 27.7421875
2026-06-30; 08:07:02; 641; 36; 35.74; 1009.3447265625; 27.89453125
2026-06-30; 08:08:02; 607; 31; 35.79; 1009.3049609375; 27.828125
2026-06-30; 08:09:02; 581; 27; 35.76; 1009.340546875; 27.9072265625
2026-06-30; 08:10:02; 564; 24; 35.85; 1009.3084765625; 27.8076171875
2026-06-30; 08:11:02; 548; 22; 35.82; 1009.3716796875; 27.818359375
2026-06-30; 08:12:02; 531; 19; 35.82; 1009.43484375; 27.830078125
2026-06-30; 08:13:02; 529; 19; 35.76; 1009.40375; 27.9306640625
2026-06-30; 08:14:02; 506; 16; 35.95; 1009.438046875; 27.6533203125
2026-06-30; 08:15:02; 493; 14; 35.85; 1009.3992578125; 27.80859375
2026-06-30; 08:16:02; 482; 12; 35.84; 1009.4387109375; 27.796875
2026-06-30; 08:17:02; 464; 9; 35.82; 1009.4900390625; 27.841796875
2026-06-30; 08:18:02; 459; 8; 35.99; 1009.5012109375; 27.6435546875
2026-06-30; 08:19:02; 445; 6; 35.91; 1009.4659765625; 27.697265625
2026-06-30; 08:20:02; 427; 4; 35.95; 1009.473671875; 27.67578125
2026-06-30; 08:21:02; 418; 2; 35.86; 1009.4621484375; 27.7861328125
2026-06-30; 08:22:02; 403; 0; 35.77; 1009.4743359375; 27.908203125
2026-06-30; 08:23:02; 400; 0; 36.01; 1009.5525390625; 27.5751953125
2026-06-30; 08:24:02; 400; 0; 35.97; 1009.4694921875; 27.666015625
2026-06-30; 08:25:02; 400; 0; 35.92; 1009.5288671875; 27.7548828125
2026-06-30; 08:26:02; 400; 0; 35.89; 1009.544921875; 27.7529296875
2026-06-30; 08:27:02; 400; 0; 35.87; 1009.5410546875; 27.7978515625
2026-06-30; 08:28:03; 400; 0; 35.93; 1009.599765625; 27.6865234375
2026-06-30; 08:29:03; 402; 0; 35.92; 1009.6196484375; 27.744140625
2026-06-30; 08:30:03; 400; 0; 35.95; 1009.5840234375; 27.6650390625
2026-06-30; 08:31:03; 400; 0; 35.85; 1009.5567578125; 27.8310546875
2026-06-30; 08:32:03; 400; 0; 35.93; 1009.5801953125; 27.791015625
2026-06-30; 08:33:03; 403; 0; 35.88; 1009.5291796875; 27.798828125
2026-06-30; 08:34:03; 400; 0; 36.01; 1009.5525390625; 27.7255859375
2026-06-30; 08:35:03; 400; 0; 35.94; 1009.5603125; 27.755859375
2026-06-30; 08:36:03; 400; 0; 35.97; 1009.552265625; 27.7236328125
2026-06-30; 08:37:03; 402; 0; 35.86; 1009.4897265625; 27.83203125
2026-06-30; 08:38:03; 403; 0; 36.04; 1009.524609375; 27.6123046875
2026-06-30; 08:39:03; 424; 3; 36.01; 1009.49734375; 27.6220703125
2026-06-30; 08:40:03; 411; 1; 36.04; 1009.571796875; 27.6123046875
2026-06-30; 08:41:03; 400; 0; 35.83; 1009.5608984375; 27.76171875
2026-06-30; 08:42:03; 402; 0; 35.89; 1009.4816796875; 27.68359375
2026-06-30; 08:43:03; 400; 0; 35.81; 1009.529453125; 27.783203125
2026-06-30; 08:44:03; 400; 0; 35.89; 1009.454140625; 27.6494140625
2026-06-30; 08:45:03; 400; 0; 36.0; 1009.4540625; 27.5751953125
2026-06-30; 08:46:03; 400; 0; 35.84; 1009.5134765625; 27.78515625
2026-06-30; 08:47:03; 403; 0; 35.9; 1009.4146484375; 27.6962890625
2026-06-30; 08:48:03; 400; 0; 35.83; 1009.47015625; 27.7724609375
2026-06-30; 08:49:03; 403; 0; 35.91; 1009.4935546875; 27.6279296875
2026-06-30; 08:50:03; 400; 0; 35.82; 1009.462421875; 27.7607421875
2026-06-30; 08:51:03; 400; 0; 35.91; 1009.513125; 27.6162109375
2026-06-30; 08:52:03; 405; 0; 35.9; 1009.5605859375; 27.626953125
2026-06-30; 08:53:03; 407; 1; 35.82; 1009.5176171875; 27.6572265625
2026-06-30; 08:54:03; 402; 0; 36.01; 1009.5249609375; 27.4716796875
2026-06-30; 08:55:03; 403; 0; 35.9; 1009.5605859375; 27.5927734375
2026-06-30; 08:56:03; 400; 0; 35.84; 1009.521484375; 27.6005859375
2026-06-30; 08:57:03; 405; 0; 35.84; 1009.4662890625; 27.646484375
2026-06-30; 08:58:03; 400; 0; 35.83; 1009.5608984375; 27.611328125
2026-06-30; 08:59:03; 400; 0; 35.85; 1009.5291796875; 27.611328125
2026-06-30; 09:00:03; 400; 0; 35.94; 1009.540703125; 27.4912109375
2026-06-30; 09:01:03; 400; 0; 35.83; 1009.5608984375; 27.576171875
2026-06-30; 09:02:03; 418; 2; 35.88; 1009.49359375; 27.5673828125
2026-06-30; 09:03:03; 403; 0; 35.85; 1009.509609375; 27.5888671875
2026-06-30; 09:04:03; 413; 1; 35.86; 1009.47015625; 27.5556640625
2026-06-30; 09:05:03; 418; 2; 35.79; 1009.533359375; 27.6552734375
2026-06-30; 09:06:03; 418; 2; 35.98; 1009.505390625; 27.447265625
2026-06-30; 09:07:03; 418; 2; 35.77; 1009.5019140625; 27.6884765625
2026-06-30; 09:08:03; 426; 3; 35.86; 1009.497734375; 27.58984375
2026-06-30; 09:09:03; 423; 3; 35.87; 1009.560625; 27.5322265625
2026-06-30; 09:10:03; 418; 2; 35.74; 1009.5377734375; 27.6640625
2026-06-30; 09:11:04; 418; 2; 36.0; 1009.54453125; 27.37890625
2026-06-30; 09:12:04; 426; 3; 35.88; 1009.521171875; 27.521484375
2026-06-30; 09:13:04; 433; 5; 35.86; 1009.5173046875; 27.58984375
2026-06-30; 09:14:04; 426; 3; 35.8; 1009.521484375; 27.6328125
2026-06-30; 09:15:04; 426; 3; 35.79; 1009.58078125; 27.689453125
2026-06-30; 09:16:04; 442; 6; 35.91; 1009.540703125; 27.5234375
2026-06-30; 09:17:04; 442; 6; 35.73; 1009.56921875; 27.732421875
2026-06-30; 09:18:04; 438; 5; 35.84; 1009.5134765625; 27.5888671875
2026-06-30; 09:19:04; 433; 5; 35.88; 1009.5843359375; 27.4873046875
2026-06-30; 09:20:04; 426; 3; 35.88; 1009.521171875; 27.521484375
2026-06-30; 09:21:04; 418; 2; 35.88; 1009.521171875; 27.556640625
2026-06-30; 09:22:04; 423; 3; 35.87; 1009.5134765625; 27.498046875
2026-06-30; 09:23:04; 416; 2; 35.87; 1009.5330078125; 27.5673828125
2026-06-30; 09:24:04; 413; 1; 35.88; 1009.4659765625; 27.544921875
2026-06-30; 09:25:04; 408; 1; 35.92; 1009.473671875; 27.4892578125
2026-06-30; 09:26:04; 400; 0; 35.86; 1009.497734375; 27.58984375
2026-06-30; 09:27:04; 403; 0; 35.86; 1009.4425390625; 27.58984375
2026-06-30; 09:28:04; 403; 0; 35.81; 1009.419140625; 27.65625
2026-06-30; 09:29:04; 418; 2; 35.86; 1009.497734375; 27.6015625
2026-06-30; 09:30:04; 423; 3; 35.86; 1009.5253125; 27.58984375
2026-06-30; 09:31:04; 418; 2; 35.9; 1009.5054296875; 27.53515625
2026-06-30; 09:32:04; 416; 2; 35.87; 1009.4226953125; 27.6015625
2026-06-30; 09:33:04; 413; 1; 35.97; 1009.497109375; 27.4697265625
2026-06-30; 09:34:04; 413; 1; 35.86; 1009.5173046875; 27.61328125
2026-06-30; 09:35:04; 416; 2; 35.98; 1009.4579296875; 27.4580078125
2026-06-30; 09:36:04; 413; 1; 36.0; 1009.489375; 27.4130859375
2026-06-30; 09:37:04; 402; 0; 36.1; 1009.472890625; 27.337890625
2026-06-30; 09:38:04; 406; 0; 35.79; 1009.3954296875; 27.724609375
2026-06-30; 09:39:04; 400; 0; 36.01; 1009.49734375; 27.4482421875
2026-06-30; 09:40:04; 403; 0; 36.01; 1009.4774609375; 27.4375
2026-06-30; 09:41:04; 408; 1; 36.1; 1009.4453125; 27.3037109375
2026-06-30; 09:42:04; 411; 1; 36.06; 1009.4456640625; 27.359375
2026-06-30; 09:43:04; 408; 1; 36.02; 1009.4655859375; 27.4384765625
2026-06-30; 09:44:04; 403; 0; 35.84; 1009.403125; 27.646484375
2026-06-30; 09:45:04; 408; 1; 36.01; 1009.386953125; 27.4716796875
2026-06-30; 09:46:04; 414; 2; 36.01; 1009.422265625; 27.4482421875
2026-06-30; 09:47:04; 405; 0; 35.94; 1009.3947265625; 27.5595703125
2026-06-30; 09:48:04; 408; 1; 35.87; 1009.339921875; 27.6943359375
2026-06-30; 09:49:04; 413; 1; 35.86; 1009.406953125; 27.740234375
2026-06-30; 09:50:04; 405; 0; 35.83; 1009.35984375; 27.7841796875
2026-06-30; 09:51:04; 418; 2; 36.0; 1009.4264453125; 27.5517578125
2026-06-30; 09:52:04; 413; 1; 36.0; 1009.4065625; 27.5400390625
2026-06-30; 09:53:05; 408; 1; 35.92; 1009.3633203125; 27.697265625
2026-06-30; 09:54:05; 408; 1; 35.91; 1009.430390625; 27.697265625
2026-06-30; 09:55:05; 405; 0; 35.85; 1009.33609375; 27.75
2026-06-30; 09:56:05; 407; 1; 35.89; 1009.3989453125; 27.6953125
2026-06-30; 09:57:05; 402; 0; 36.0; 1009.4540625; 27.5869140625
2026-06-30; 09:58:05; 415; 2; 36.08; 1009.394296875; 27.4765625
2026-06-30; 09:59:05; 421; 3; 35.95; 1009.41046875; 27.6181640625
2026-06-30; 10:00:05; 439; 5; 36.03; 1009.398515625; 27.5419921875
2026-06-30; 10:01:05; 445; 6; 36.02; 1009.3551953125; 27.5537109375
2026-06-30; 10:02:05; 461; 9; 36.13; 1009.2363671875; 27.3974609375
2026-06-30; 10:03:05; 500; 15; 36.08; 1009.3587109375; 27.4990234375
2026-06-30; 10:04:05; 520; 18; 36.08; 1009.28390625; 27.4873046875
2026-06-30; 10:05:05; 531; 19; 36.06; 1009.3824609375; 27.498046875
2026-06-30; 10:06:05; 553; 23; 36.06; 1009.30765625; 27.486328125
2026-06-30; 10:07:05; 591; 29; 36.01; 1009.2766015625; 27.541015625
2026-06-30; 10:08:05; 623; 33; 36.12; 1009.2559375; 27.3974609375
2026-06-30; 10:09:05; 660; 39; 36.03; 1009.260546875; 27.5771484375
2026-06-30; 10:10:05; 682; 42; 35.96; 1009.20546875; 27.6416015625
2026-06-30; 10:11:05; 717; 48; 36.02; 1009.189609375; 27.5654296875
2026-06-30; 10:12:05; 770; 56; 35.99; 1009.3080859375; 27.6435546875
2026-06-30; 10:13:05; 813; 62; 36.08; 1009.220703125; 27.521484375
2026-06-30; 10:14:05; 840; 67; 36.01; 1009.25671875; 27.552734375
2026-06-30; 10:15:05; 895; 75; 36.06; 1009.189296875; 27.486328125
2026-06-30; 10:16:05; 895; 75; 36.04; 1009.1658984375; 27.53125
2026-06-30; 10:17:05; 905; 76; 36.03; 1009.1777734375; 27.5654296875
2026-06-30; 10:18:05; 925; 79; 35.99; 1009.2451953125; 27.6318359375
2026-06-30; 10:19:05; 1014; 93; 36.01; 1009.1386328125; 27.5986328125
2026-06-30; 10:20:05; 1029; 95; 36.0; 1009.122890625; 27.609375
2026-06-30; 10:21:05; 1029; 95; 36.02; 1009.0991796875; 27.564453125
2026-06-30; 10:22:05; 1077; 103; 36.03; 1009.0949609375; 27.5654296875
2026-06-30; 10:23:05; 1102; 106; 36.01; 1009.11875; 27.5751953125
2026-06-30; 10:24:05; 1090; 105; 36.01; 1009.0911328125; 27.5869140625
2026-06-30; 10:25:05; 1077; 103; 36.0; 1009.0478515625; 27.5751953125
2026-06-30; 10:26:06; 1102; 106; 36.02; 1008.996484375; 27.5654296875
2026-06-30; 10:27:06; 1102; 106; 36.04; 1009.0003125; 27.54296875
2026-06-30; 10:28:06; 1128; 110; 36.06; 1008.9961328125; 27.486328125
2026-06-30; 10:29:06; 1147; 113; 36.05; 1008.9251953125; 27.5087890625
2026-06-30; 10:30:06; 1212; 123; 36.04; 1009.0003125; 27.53125
2026-06-30; 10:31:06; 1195; 121; 36.04; 1008.90953125; 27.54296875
2026-06-30; 10:32:06; 1313; 139; 36.04; 1008.937109375; 27.5654296875
2026-06-30; 10:33:06; 1445; 159; 36.04; 1009.0003125; 27.56640625
2026-06-30; 10:34:06; 1445; 159; 36.04; 1008.9726953125; 27.5546875
2026-06-30; 10:35:06; 1495; 168; 36.05; 1008.9608203125; 27.5546875
2026-06-30; 10:36:06; 1495; 168; 36.06; 1008.8857421875; 27.5439453125
2026-06-30; 10:37:06; 1529; 191; 36.09; 1008.8776953125; 27.5341796875
2026-06-30; 10:38:06; 1504; 174; 36.07; 1008.881875; 27.521484375
2026-06-30; 10:39:06; 1500; 172; 36.09; 1008.905234375; 27.48828125
2026-06-30; 10:40:06; 1529; 191; 36.09; 1008.850078125; 27.48828125
2026-06-30; 10:41:06; 1547; 204; 36.1; 1008.86578125; 27.51171875
2026-06-30; 10:42:06; 1547; 204; 36.09; 1008.7752734375; 27.4765625
2026-06-30; 10:43:06; 1553; 209; 36.11; 1008.73578125; 27.4775390625
2026-06-30; 10:44:06; 1560; 215; 36.11; 1008.7158984375; 27.4892578125
2026-06-30; 10:45:06; 1572; 223; 36.14; 1008.7905859375; 27.4677734375
2026-06-30; 10:46:06; 1611; 255; 36.13; 1008.739609375; 27.443359375
2026-06-30; 10:47:06; 1621; 265; 36.17; 1008.6996875; 27.423828125
2026-06-30; 10:48:06; 1636; 278; 36.17; 1008.6919921875; 27.4462890625
2026-06-30; 10:49:06; 1652; 292; 36.17; 1008.7273046875; 27.4345703125
2026-06-30; 10:50:06; 1641; 282; 36.19; 1008.7233984375; 27.4365234375
2026-06-30; 10:51:06; 1625; 268; 36.19; 1008.6758984375; 27.30859375
2026-06-30; 10:52:06; 1625; 268; 36.19; 1008.7233984375; 27.33203125
2026-06-30; 10:53:06; 1652; 292; 36.23; 1008.786171875; 27.3349609375
2026-06-30; 10:54:06; 1678; 318; 36.28; 1008.74625; 27.302734375
2026-06-30; 10:55:07; 1695; 333; 36.3; 1008.8405859375; 27.2119140625
2026-06-30; 10:56:07; 1701; 340; 36.33; 1008.7143359375; 27.259765625
2026-06-30; 10:57:07; 1718; 356; 36.34; 1008.7929296875; 27.2255859375
2026-06-30; 10:58:07; 1741; 381; 36.33; 1008.72203125; 27.283203125
2026-06-30; 10:59:07; 1754; 395; 36.34; 1008.6825; 27.2255859375
2026-06-30; 11:00:07; 1765; 409; 36.37; 1008.7771484375; 27.2041015625
2026-06-30; 11:01:07; 1759; 402; 36.34; 1008.7653125; 27.15625
2026-06-30; 11:02:07; 1754; 395; 36.31; 1008.7182421875; 27.2001953125
2026-06-30; 11:03:07; 1759; 402; 36.29; 1008.714765625; 27.2685546875
2026-06-30; 11:04:07; 1738; 374; 36.3; 1008.7224609375; 27.2578125
2026-06-30; 11:05:07; 1707; 346; 36.27; 1008.7109765625; 27.2333984375
2026-06-30; 11:06:07; 1659; 297; 36.28; 1008.754296875; 27.2109375
2026-06-30; 11:07:07; 1645; 286; 36.26; 1008.75046875; 27.267578125
2026-06-30; 11:08:07; 1615; 259; 36.24; 1008.7466796875; 27.265625
2026-06-30; 11:09:07; 1592; 238; 36.22; 1008.7505859375; 27.2880859375
2026-06-30; 11:10:07; 1553; 209; 36.24; 1008.7544140625; 27.2666015625
2026-06-30; 11:11:07; 1513; 180; 36.26; 1008.770078125; 27.2900390625
2026-06-30; 11:12:07; 1513; 180; 36.26; 1008.778046875; 27.3017578125
2026-06-30; 11:13:07; 1500; 172; 36.24; 1008.7466796875; 27.3115234375
2026-06-30; 11:14:07; 1445; 159; 36.23; 1008.655859375; 27.3466796875
2026-06-30; 11:15:07; 1508; 177; 36.27; 1008.70296875; 27.3369140625
2026-06-30; 11:16:07; 1500; 172; 36.27; 1008.7385546875; 27.302734375
2026-06-30; 11:17:07; 1500; 172; 36.27; 1008.683359375; 27.3486328125
2026-06-30; 11:18:07; 1495; 168; 36.29; 1008.7699609375; 27.3037109375
2026-06-30; 11:19:07; 1429; 156; 36.29; 1008.797578125; 27.2578125
2026-06-30; 11:20:07; 1360; 146; 36.29; 1008.734375; 27.302734375
2026-06-30; 11:21:07; 1360; 146; 36.3; 1008.757734375; 27.3271484375
2026-06-30; 11:22:07; 1429; 156; 36.29; 1008.7699609375; 27.384765625
2026-06-30; 11:23:07; 1508; 177; 36.3; 1008.77765625; 27.431640625
2026-06-30; 11:24:07; 1517; 183; 36.3; 1008.7853515625; 27.4775390625
2026-06-30; 11:25:08; 1513; 180; 36.28; 1008.7818359375; 27.4296875
2026-06-30; 11:26:08; 1525; 188; 36.29; 1008.797578125; 27.4541015625
2026-06-30; 11:27:08; 1553; 209; 36.3; 1008.73015625; 27.4658203125
2026-06-30; 11:28:08; 1557; 212; 36.3; 1008.7500390625; 27.4775390625
2026-06-30; 11:29:08; 1560; 215; 36.32; 1008.6986328125; 27.478515625
2026-06-30; 11:30:08; 1576; 226; 36.32; 1008.72625; 27.5361328125
2026-06-30; 11:31:08; 1611; 255; 36.33; 1008.777265625; 27.537109375
2026-06-30; 11:32:08; 1625; 268; 36.33; 1008.7695703125; 27.560546875
2026-06-30; 11:33:08; 1663; 301; 36.32; 1008.7339453125; 27.5830078125
2026-06-30; 11:34:08; 1690; 329; 36.32; 1008.753828125; 27.5830078125
2026-06-30; 11:35:08; 1701; 340; 36.3; 1008.757734375; 27.53515625
2026-06-30; 11:36:08; 1683; 322; 36.31; 1008.745859375; 27.5009765625
2026-06-30; 11:37:08; 1701; 340; 36.32; 1008.789140625; 27.4326171875
2026-06-30; 11:38:08; 1701; 340; 36.33; 1008.741953125; 27.375
2026-06-30; 11:39:08; 1678; 318; 36.32; 1008.753828125; 27.455078125
2026-06-30; 11:40:08; 1701; 340; 36.35; 1008.8638671875; 27.48046875
2026-06-30; 11:41:08; 1718; 356; 36.31; 1008.7734765625; 27.59375
2026-06-30; 11:42:08; 1741; 381; 36.32; 1008.844375; 27.5947265625
2026-06-30; 11:43:08; 1759; 402; 36.36; 1008.8795703125; 27.5625
2026-06-30; 11:44:08; 1759; 402; 36.35; 1008.8285546875; 27.595703125
2026-06-30; 11:45:08; 1796; 445; 36.33; 1008.824765625; 27.6181640625
2026-06-30; 11:46:08; 1796; 445; 36.33; 1008.7695703125; 27.6640625
2026-06-30; 11:47:08; 1817; 471; 36.34; 1008.7653125; 27.6533203125
2026-06-30; 11:48:08; 1844; 507; 36.35; 1008.8086328125; 27.630859375
2026-06-30; 11:49:08; 1851; 516; 36.39; 1008.808515625; 27.5869140625
2026-06-30; 11:50:08; 1877; 550; 36.43; 1008.8080859375; 27.53125
2026-06-30; 11:51:08; 1870; 543; 36.44; 1008.796171875; 27.5205078125
2026-06-30; 11:52:08; 1855; 523; 36.44; 1008.7489453125; 27.5322265625
2026-06-30; 11:53:08; 1863; 535; 36.48; 1008.7487890625; 27.48828125
2026-06-30; 11:54:08; 1870; 543; 36.5; 1008.69734375; 27.408203125
2026-06-30; 11:55:08; 1855; 523; 36.51; 1008.6301953125; 27.3740234375
2026-06-30; 11:56:08; 1863; 535; 36.52; 1008.70109375; 27.375
2026-06-30; 11:57:08; 1863; 535; 36.55; 1008.6852734375; 27.2958984375
2026-06-30; 11:58:08; 1863; 535; 36.57; 1008.633515625; 27.30859375
2026-06-30; 11:59:08; 1877; 550; 36.58; 1008.6571484375; 27.228515625
2026-06-30; 12:00:09; 1863; 535; 36.59; 1008.6728515625; 27.2060546875
2026-06-30; 12:01:09; 1836; 497; 36.61; 1008.676640625; 27.1259765625
2026-06-30; 12:02:09; 1844; 507; 36.62; 1008.6370703125; 27.091796875
2026-06-30; 12:03:09; 1830; 488; 36.61; 1008.676640625; 27.0908203125
2026-06-30; 12:04:09; 1800; 450; 36.62; 1008.6646875; 27.01171875
2026-06-30; 12:05:09; 1806; 457; 36.6; 1008.6333203125; 27.0556640625
2026-06-30; 12:06:09; 1788; 436; 36.62; 1008.65671875; 27.0224609375
2026-06-30; 12:07:09; 1796; 445; 36.61; 1008.6490234375; 26.9404296875
2026-06-30; 12:08:09; 1765; 409; 36.61; 1008.6490234375; 26.87109375
2026-06-30; 12:09:09; 1741; 381; 36.6; 1008.6253125; 26.986328125
2026-06-30; 12:10:09; 1738; 374; 36.62; 1008.6646875; 26.96484375
2026-06-30; 12:11:09; 1718; 356; 36.65; 1008.648515625; 27.046875
2026-06-30; 12:12:09; 1731; 369; 36.66; 1008.6445703125; 27.1982421875
2026-06-30; 12:13:09; 1731; 369; 36.66; 1008.6445703125; 27.1064453125
2026-06-30; 12:14:09; 1741; 381; 36.67; 1008.6602734375; 27.1181640625
2026-06-30; 12:15:09; 1741; 381; 36.68; 1008.620703125; 27.072265625
2026-06-30; 12:16:09; 1765; 409; 36.68; 1008.620703125; 26.9912109375
2026-06-30; 12:17:09; 1754; 395; 36.72; 1008.620234375; 26.8779296875
2026-06-30; 12:18:09; 1718; 356; 36.74; 1008.6162890625; 26.8212890625
2026-06-30; 12:19:09; 1707; 346; 36.72; 1008.5573046875; 26.7734375
2026-06-30; 12:20:09; 1695; 333; 36.73; 1008.57296875; 26.7626953125
2026-06-30; 12:21:09; 1738; 374; 36.73; 1008.6005859375; 26.7158203125
2026-06-30; 12:22:09; 1712; 351; 36.72; 1008.5296875; 26.7509765625
2026-06-30; 12:23:09; 1707; 346; 36.7; 1008.5059765625; 26.7841796875
2026-06-30; 12:24:09; 1718; 356; 36.74; 1008.54109375; 26.775390625
2026-06-30; 12:25:09; 1718; 356; 36.71; 1008.5216796875; 26.78515625
2026-06-30; 12:26:09; 1718; 356; 36.71; 1008.5216796875; 26.73828125
2026-06-30; 12:27:09; 1695; 333; 36.71; 1008.4863671875; 26.703125
2026-06-30; 12:28:09; 1641; 282; 36.7; 1008.5535546875; 26.69140625
2026-06-30; 12:29:09; 1625; 268; 36.7; 1008.49828125; 26.541015625
2026-06-30; 12:30:09; 1652; 292; 36.7; 1008.5259375; 26.5869140625
2026-06-30; 12:31:09; 1615; 259; 36.71; 1008.45875; 26.5068359375
2026-06-30; 12:32:09; 1592; 238; 36.71; 1008.45875; 26.42578125
2026-06-30; 12:33:09; 1567; 220; 36.7; 1008.4154296875; 26.35546875
2026-06-30; 12:34:09; 1547; 204; 36.69; 1008.4903125; 26.34375
2026-06-30; 12:35:09; 1534; 195; 36.67; 1008.4669140625; 26.3310546875
2026-06-30; 12:36:09; 1517; 183; 36.66; 1008.4788671875; 26.3193359375
2026-06-30; 12:37:09; 1517; 183; 36.68; 1008.4273828125; 26.3203125
2026-06-30; 12:38:09; 1474; 163; 36.71; 1008.4664453125; 26.2294921875
2026-06-30; 12:39:09; 1397; 151; 36.7; 1008.3402734375; 26.08984375
2026-06-30; 12:40:09; 1413; 154; 36.72; 1008.39921875; 26.056640625
2026-06-30; 12:41:09; 1212; 123; 36.72; 1008.31640625; 25.9638671875
2026-06-30; 12:42:09; 1090; 105; 36.74; 1008.312421875; 25.9072265625
2026-06-30; 12:43:10; 1090; 105; 36.76; 1008.37140625; 25.8154296875
2026-06-30; 12:44:10; 1029; 95; 36.73; 1008.3320703125; 25.791015625
2026-06-30; 12:45:10; 1004; 92; 36.74; 1008.237265625; 25.8486328125
2026-06-30; 12:46:10; 959; 85; 36.75; 1008.30046875; 25.873046875
2026-06-30; 12:47:10; 855; 69; 36.71; 1008.1825; 25.7197265625
2026-06-30; 12:48:10; 887; 74; 36.68; 1008.261640625; 25.9033203125
2026-06-30; 12:49:10; 977; 87; 36.71; 1008.1548828125; 25.6845703125
2026-06-30; 12:50:10; 905; 76; 36.7; 1008.222109375; 25.880859375
2026-06-30; 12:51:10; 915; 78; 36.72; 1008.0876953125; 25.732421875
2026-06-30; 12:52:10; 846; 67; 36.7; 1008.03640625; 25.650390625
2026-06-30; 12:53:10; 905; 76; 36.69; 1008.048359375; 25.7421875
2026-06-30; 12:54:10; 970; 86; 36.69; 1008.0759765625; 25.75390625
2026-06-30; 12:55:10; 970; 86; 36.71; 1007.9891796875; 25.5458984375
2026-06-30; 12:56:10; 1128; 110; 36.72; 1008.0324609375; 25.7900390625
2026-06-30; 12:57:10; 1102; 106; 36.7; 1008.0087890625; 25.80078125
2026-06-30; 12:58:10; 977; 87; 36.68; 1008.0958984375; 25.6142578125
2026-06-30; 12:59:10; 977; 87; 36.66; 1007.9540625; 25.5791015625
2026-06-30; 13:00:10; 1029; 95; 36.66; 1007.9540625; 25.6484375
2026-06-30; 13:01:10; 1077; 103; 36.66; 1007.9460546875; 25.6591796875
2026-06-30; 13:02:10; 1113; 108; 36.66; 1008.06453125; 25.5673828125
2026-06-30; 13:03:10; 1065; 101; 36.67; 1008.025; 25.6025390625
2026-06-30; 13:04:10; 1113; 108; 36.69; 1007.9655078125; 25.5458984375
2026-06-30; 13:05:10; 1181; 118; 36.67; 1007.99734375; 25.5791015625
2026-06-30; 13:06:10; 1168; 117; 36.68; 1007.9854296875; 25.4521484375
2026-06-30; 13:07:10; 1113; 108; 36.74; 1007.9809375; 25.5947265625
2026-06-30; 13:08:10; 1113; 108; 36.74; 1007.925703125; 25.4326171875
2026-06-30; 13:09:10; 1168; 117; 36.72; 1007.9495703125; 25.1767578125
2026-06-30; 13:10:10; 1252; 129; 36.74; 1008.0085546875; 25.2822265625
2026-06-30; 13:11:10; 1285; 134; 36.75; 1007.91375; 25.501953125
2026-06-30; 13:12:10; 1376; 148; 36.78; 1007.99609375; 25.3427734375
2026-06-30; 13:13:10; 1474; 163; 36.82; 1007.995859375; 25.1357421875
2026-06-30; 13:14:10; 1168; 117; 36.8; 1008.0473828125; 25.3544921875
2026-06-30; 13:15:10; 1090; 105; 36.8; 1007.936875; 24.9033203125
2026-06-30; 13:16:10; 1128; 110; 36.8; 1007.8616796875; 24.857421875
2026-06-30; 13:17:10; 1041; 97; 36.8; 1007.90921875; 24.6484375
2026-06-30; 13:18:10; 1004; 92; 36.81; 1007.8973046875; 24.5673828125
2026-06-30; 13:19:10; 915; 78; 36.8; 1007.8340234375; 24.94921875
2026-06-30; 13:20:10; 970; 86; 36.8; 1007.80640625; 24.6484375
2026-06-30; 13:21:10; 925; 79; 36.8; 1007.8340234375; 24.63671875
2026-06-30; 13:22:10; 887; 74; 36.84; 1007.7782421875; 24.46484375
2026-06-30; 13:23:10; 827; 65; 36.83; 1007.6600390625; 24.48828125
2026-06-30; 13:24:10; 798; 60; 36.84; 1007.7782421875; 24.591796875
2026-06-30; 13:25:10; 895; 75; 36.88; 1007.7503515625; 24.640625
2026-06-30; 13:26:11; 905; 76; 36.88; 1007.722734375; 24.5712890625
2026-06-30; 13:27:11; 895; 75; 36.91; 1007.6669140625; 24.630859375
2026-06-30; 13:28:11; 865; 70; 36.87; 1007.6594921875; 24.501953125
2026-06-30; 13:29:11; 1065; 101; 36.89; 1007.635546875; 24.421875
2026-06-30; 13:30:11; 1128; 110; 36.94; 1007.6509375; 24.412109375
2026-06-30; 13:31:11; 1147; 113; 36.92; 1007.6748828125; 24.376953125
2026-06-30; 13:32:11; 1140; 112; 36.94; 1007.5956640625; 23.8798828125
2026-06-30; 13:33:11; 1014; 93; 36.95; 1007.6389453125; 24.1923828125
2026-06-30; 13:34:11; 905; 76; 36.94; 1007.5956640625; 24.099609375
2026-06-30; 13:35:11; 710; 47; 36.94; 1007.5956640625; 24.470703125
2026-06-30; 13:36:11; 706; 46; 37.01; 1007.587109375; 23.732421875
2026-06-30; 13:37:11; 737; 51; 37.03; 1007.5355078125; 23.59375
2026-06-30; 13:38:11; 652; 38; 37.03; 1007.460625; 23.490234375
2026-06-30; 13:39:11; 603; 30; 37.02; 1007.444921875; 23.7451171875
2026-06-30; 13:40:11; 637; 36; 37.0; 1007.543828125; 23.697265625
2026-06-30; 13:41:11; 744; 52; 36.96; 1007.524453125; 23.8232421875
2026-06-30; 13:42:11; 761; 54; 37.0; 1007.524140625; 23.5927734375
2026-06-30; 13:43:11; 752; 53; 36.98; 1007.52046875; 23.556640625
2026-06-30; 13:44:11; 682; 42; 36.96; 1007.4415234375; 23.6142578125
2026-06-30; 13:45:11; 761; 54; 36.95; 1007.3902734375; 23.625
2026-06-30; 13:46:11; 925; 79; 36.96; 1007.3862890625; 23.7421875
2026-06-30; 13:47:11; 887; 74; 36.96; 1007.4415234375; 23.580078125
2026-06-30; 13:48:11; 865; 70; 36.98; 1007.409921875; 23.3134765625
2026-06-30; 13:49:11; 895; 75; 37.02; 1007.3816796875; 23.4091796875
2026-06-30; 13:50:11; 817; 63; 36.99; 1007.4532421875; 23.3955078125
2026-06-30; 13:51:11; 817; 63; 37.0; 1007.3780078125; 23.10546875
2026-06-30; 13:52:11; 804; 61; 36.98; 1007.39; 23.44140625
2026-06-30; 13:53:11; 827; 65; 36.98; 1007.3347265625; 23.3603515625
2026-06-30; 13:54:11; 813; 62; 36.98; 1007.3269921875; 23.4638671875
2026-06-30; 13:55:11; 1004; 92; 37.0; 1007.322734375; 23.2451171875
2026-06-30; 13:56:11; 1004; 92; 37.04; 1007.3104296875; 23.513671875
2026-06-30; 13:57:11; 1041; 97; 37.06; 1007.3141015625; 23.5263671875
2026-06-30; 13:58:11; 1029; 95; 37.05; 1007.2628515625; 23.1083984375
2026-06-30; 13:59:11; 970; 86; 37.07; 1007.1916015625; 22.958984375
2026-06-30; 14:00:11; 970; 86; 37.06; 1007.278515625; 22.8193359375
2026-06-30; 14:01:11; 990; 89; 37.05; 1007.215546875; 22.888671875
2026-06-30; 14:02:11; 895; 75; 37.07; 1007.2665234375; 22.78515625
2026-06-30; 14:03:11; 778; 57; 37.03; 1007.1566015625; 23.29296875
2026-06-30; 14:04:11; 865; 70; 37.03; 1007.121015625; 23.0263671875
2026-06-30; 14:05:11; 778; 57; 37.08; 1007.143984375; 22.3798828125
2026-06-30; 14:06:11; 757; 54; 37.07; 1007.1916015625; 22.240234375
2026-06-30; 14:07:11; 710; 47; 37.05; 1007.235234375; 22.3203125
2026-06-30; 14:08:11; 640; 36; 37.03; 1007.101328125; 22.5283203125
2026-06-30; 14:09:12; 652; 38; 37.07; 1007.108671875; 22.2861328125
2026-06-30; 14:10:12; 717; 48; 37.11; 1007.0880859375; 22.1962890625
2026-06-30; 14:11:12; 752; 53; 37.09; 1007.0847265625; 22.4619140625
2026-06-30; 14:12:12; 804; 61; 37.09; 1007.0847265625; 22.4853515625
2026-06-30; 14:13:12; 855; 69; 37.07; 1007.0178125; 22.5302734375
2026-06-30; 14:14:12; 804; 61; 37.1; 1007.0094921875; 22.380859375
2026-06-30; 14:15:12; 804; 61; 37.08; 1006.922890625; 22.3564453125
2026-06-30; 14:16:12; 840; 67; 37.09; 1006.993828125; 22.2412109375
2026-06-30; 14:17:12; 905; 76; 37.1; 1006.9541796875; 22.380859375
2026-06-30; 14:18:12; 915; 78; 37.13; 1006.9182421875; 22.2548828125
2026-06-30; 14:19:12; 895; 75; 37.18; 1006.9608984375; 22.361328125
2026-06-30; 14:20:12; 905; 76; 37.15; 1006.866640625; 21.896484375
2026-06-30; 14:21:12; 905; 76; 37.17; 1006.8346484375; 22.4765625
2026-06-30; 14:22:12; 915; 78; 37.18; 1006.8503125; 22.2802734375
2026-06-30; 14:23:12; 895; 75; 37.17; 1006.84265625; 21.828125
2026-06-30; 14:24:12; 865; 70; 37.22; 1006.912890625; 21.7021484375
2026-06-30; 14:25:12; 840; 67; 37.2; 1006.861953125; 21.7822265625
2026-06-30; 14:26:12; 905; 76; 37.18; 1006.830625; 21.666015625
2026-06-30; 14:27:12; 887; 74; 37.17; 1006.8069921875; 21.76953125
2026-06-30; 14:28:12; 798; 60; 37.15; 1006.8309765625; 21.826171875
2026-06-30; 14:29:12; 785; 58; 37.12; 1006.7720703125; 21.8134765625
2026-06-30; 14:30:12; 798; 60; 37.18; 1006.8503125; 21.7470703125
2026-06-30; 14:31:12; 682; 42; 37.17; 1006.7320703125; 21.560546875
2026-06-30; 14:32:12; 668; 40; 37.17; 1006.78734375; 21.630859375
2026-06-30; 14:33:12; 660; 39; 37.17; 1006.7320703125; 21.572265625
2026-06-30; 14:34:12; 710; 47; 37.15; 1006.7284375; 21.6640625
2026-06-30; 14:35:12; 710; 47; 37.17; 1006.78734375; 21.6416015625
2026-06-30; 14:36:12; 804; 61; 37.18; 1006.720078125; 21.5380859375
2026-06-30; 14:37:12; 737; 51; 37.21; 1006.73140625; 21.423828125
2026-06-30; 14:38:12; 675; 41; 37.17; 1006.7044140625; 21.248046875
2026-06-30; 14:39:12; 710; 47; 37.2; 1006.613125; 21.4697265625
2026-06-30; 14:40:12; 675; 41; 37.18; 1006.6568359375; 21.48046875
2026-06-30; 14:41:12; 692; 44; 37.16; 1006.73609375; 21.513671875
2026-06-30; 14:42:12; 717; 48; 37.18; 1006.684453125; 21.5615234375
2026-06-30; 14:43:12; 813; 62; 37.18; 1006.664765625; 21.3759765625
2026-06-30; 14:44:12; 804; 61; 37.18; 1006.6015234375; 21.212890625
2026-06-30; 14:45:12; 798; 60; 37.19; 1006.6448046875; 21.5732421875
2026-06-30; 14:46:12; 865; 70; 37.21; 1006.573515625; 21.5048828125
2026-06-30; 14:47:12; 925; 79; 37.24; 1006.5927734375; 21.517578125
2026-06-30; 14:48:12; 905; 76; 37.26; 1006.6161328125; 21.3330078125
2026-06-30; 14:49:12; 877; 72; 37.23; 1006.6048046875; 21.2392578125
2026-06-30; 14:50:12; 905; 76; 37.25; 1006.5808203125; 21.205078125
2026-06-30; 14:51:12; 887; 74; 37.25; 1006.628125; 21.2626953125
2026-06-30; 14:52:13; 827; 65; 37.24; 1006.56515625; 21.193359375
2026-06-30; 14:53:13; 798; 60; 37.25; 1006.60046875; 21.3095703125
2026-06-30; 14:54:13; 778; 57; 37.3; 1006.5327734375; 21.2529296875
2026-06-30; 14:55:13; 804; 61; 37.31; 1006.5484375; 21.0908203125
2026-06-30; 14:56:13; 817; 63; 37.31; 1006.55609375; 21.4169921875
2026-06-30; 14:57:13; 813; 62; 37.25; 1006.470234375; 21.169921875
2026-06-30; 14:58:13; 887; 74; 37.25; 1006.4622265625; 21.123046875
2026-06-30; 14:59:13; 915; 78; 37.26; 1006.5134765625; 21.1943359375
2026-06-30; 15:00:13; 915; 78; 37.29; 1006.4694921875; 21.369140625
2026-06-30; 15:01:13; 977; 87; 37.3; 1006.4221875; 21.18359375
2026-06-30; 15:02:13; 977; 87; 37.31; 1006.4378125; 21.1376953125
2026-06-30; 15:03:13; 1014; 93; 37.29; 1006.3865625; 21.2646484375
2026-06-30; 15:04:13; 977; 87; 37.32; 1006.3705078125; 21.3125
2026-06-30; 15:05:13; 915; 78; 37.34; 1006.374140625; 21.05859375
2026-06-30; 15:06:13; 846; 67; 37.4; 1006.4123828125; 21.1533203125
2026-06-30; 15:07:13; 877; 72; 37.41; 1006.4359765625; 21.130859375
2026-06-30; 15:08:13; 846; 67; 37.42; 1006.388359375; 21.0849609375
2026-06-30; 15:09:13; 887; 74; 37.39; 1006.2941015625; 21.072265625
2026-06-30; 15:10:13; 827; 65; 37.44; 1006.3090234375; 21.1328125
2026-06-30; 15:11:13; 865; 70; 37.42; 1006.333046875; 21.1201171875
2026-06-30; 15:12:13; 895; 75; 37.4; 1006.3097265625; 21.083984375
2026-06-30; 15:13:13; 804; 61; 37.4; 1006.3097265625; 20.91015625
2026-06-30; 15:14:13; 770; 56; 37.39; 1006.2861328125; 21.048828125
2026-06-30; 15:15:13; 757; 54; 37.36; 1006.23953125; 21.0361328125
2026-06-30; 15:16:13; 692; 44; 37.41; 1006.1871484375; 20.93359375
2026-06-30; 15:17:13; 597; 30; 37.44; 1006.2460546875; 20.9931640625
2026-06-30; 15:18:13; 564; 24; 37.43; 1006.238046875; 20.7724609375
2026-06-30; 15:19:13; 527; 19; 37.43; 1006.1827734375; 21.1318359375
2026-06-30; 15:20:13; 527; 19; 37.44; 1006.1983984375; 21.1787109375
2026-06-30; 15:21:13; 518; 17; 37.48; 1006.2059375; 21.0185546875
2026-06-30; 15:22:13; 527; 19; 37.52; 1006.20546875; 20.9150390625
2026-06-30; 15:23:13; 575; 26; 37.52; 1006.15015625; 21.1240234375
2026-06-30; 15:24:13; 569; 25; 37.55; 1006.1770703125; 20.87109375
2026-06-30; 15:25:13; 597; 30; 37.53; 1006.1734765625; 20.904296875
2026-06-30; 15:26:13; 617; 33; 37.52; 1006.20546875; 21.1943359375
2026-06-30; 15:27:13; 631; 35; 37.55; 1006.2323828125; 21.068359375
2026-06-30; 15:28:13; 623; 33; 37.56; 1006.2203515625; 21.2197265625
2026-06-30; 15:29:13; 603; 30; 37.59; 1006.2319140625; 21.0810546875
2026-06-30; 15:30:13; 575; 26; 37.64; 1006.2467578125; 21.0947265625
2026-06-30; 15:31:13; 581; 27; 37.63; 1006.1481640625; 20.8974609375
2026-06-30; 15:32:13; 581; 27; 37.64; 1006.2267578125; 20.978515625
2026-06-30; 15:33:13; 575; 26; 37.62; 1006.1958203125; 21.0361328125
2026-06-30; 15:34:14; 556; 23; 37.7; 1006.1469140625; 20.9697265625
2026-06-30; 15:35:14; 575; 26; 37.69; 1006.13125; 20.7724609375
2026-06-30; 15:36:14; 556; 23; 37.67; 1006.0800390625; 20.748046875
2026-06-30; 15:37:14; 575; 26; 37.59; 1006.09359375; 20.767578125
2026-06-30; 15:38:14; 623; 33; 37.56; 1006.1096875; 20.9990234375
2026-06-30; 15:39:14; 668; 40; 37.54; 1006.07078125; 20.892578125
2026-06-30; 15:40:14; 612; 32; 37.48; 1006.01234375; 20.5888671875
2026-06-30; 15:41:14; 581; 27; 37.48; 1006.08765625; 20.9951171875
2026-06-30; 15:42:14; 531; 19; 37.53; 1006.0275; 20.7412109375
2026-06-30; 15:43:14; 459; 8; 37.56; 1005.99140625; 21.0908203125
2026-06-30; 15:44:14; 425; 3; 37.56; 1005.9990625; 20.7431640625
2026-06-30; 15:45:14; 400; 0; 37.62; 1005.9665625; 21.0126953125
2026-06-30; 15:46:14; 410; 1; 37.63; 1005.95453125; 21.0478515625
2026-06-30; 15:47:14; 406; 0; 37.65; 1006.0134765625; 20.875
2026-06-30; 15:48:14; 428; 4; 37.68; 1006.03265625; 20.736328125
2026-06-30; 15:49:14; 462; 9; 37.61; 1006.041875; 20.884765625
2026-06-30; 15:50:14; 476; 11; 37.62; 1005.8915625; 20.978515625
2026-06-30; 15:51:14; 462; 9; 37.66; 1005.95375; 20.8056640625
2026-06-30; 15:52:14; 470; 10; 37.68; 1006.01265625; 20.9814453125
2026-06-30; 15:53:14; 481; 12; 37.7; 1005.8979296875; 20.9697265625
2026-06-30; 15:54:14; 485; 12; 37.7; 1005.9255859375; 20.876953125
2026-06-30; 15:55:14; 502; 15; 37.7; 1005.9255859375; 20.830078125
2026-06-30; 15:56:14; 497; 14; 37.76; 1005.825703125; 20.798828125
2026-06-30; 15:57:14; 502; 15; 37.79; 1005.836875; 20.73046875
2026-06-30; 15:58:14; 517; 17; 37.81; 1005.7851171875; 20.7080078125
2026-06-30; 15:59:14; 540; 21; 37.79; 1005.836875; 20.73046875
2026-06-30; 16:00:14; 561; 24; 37.83; 1005.899375; 20.685546875
2026-06-30; 16:01:14; 600; 30; 37.8; 1005.80515625; 20.8115234375
2026-06-30; 16:02:14; 607; 31; 37.81; 1005.793125; 20.8125
2026-06-30; 16:03:14; 620; 33; 37.77; 1005.8136328125; 20.7177734375
2026-06-30; 16:04:14; 666; 40; 37.72; 1005.790859375; 20.71484375
2026-06-30; 16:05:14; 575; 26; 37.73; 1005.806484375; 20.7744140625
2026-06-30; 16:06:14; 555; 23; 37.72; 1005.790859375; 20.6806640625
2026-06-30; 16:07:14; 497; 14; 37.77; 1005.8056640625; 20.740234375
2026-06-30; 16:08:14; 481; 12; 37.78; 1005.7462109375; 20.7294921875
2026-06-30; 16:09:14; 462; 9; 37.79; 1005.836875; 20.70703125
2026-06-30; 16:10:14; 476; 11; 37.77; 1005.7859765625; 20.7646484375
2026-06-30; 16:11:14; 502; 15; 37.78; 1005.77390625; 20.8115234375
2026-06-30; 16:12:14; 546; 22; 37.76; 1005.7426953125; 20.810546875
2026-06-30; 16:13:14; 572; 26; 37.76; 1005.679375; 20.728515625
2026-06-30; 16:14:14; 607; 31; 37.73; 1005.668125; 20.90234375
2026-06-30; 16:15:14; 645; 37; 37.72; 1005.6248828125; 20.8896484375
2026-06-30; 16:16:14; 666; 40; 37.7; 1005.684296875; 20.947265625
2026-06-30; 16:17:15; 672; 41; 37.69; 1005.688671875; 20.8994140625
2026-06-30; 16:18:15; 675; 41; 37.7; 1005.6566015625; 20.958984375
2026-06-30; 16:19:15; 666; 40; 37.74; 1005.60078125; 20.85546875
2026-06-30; 16:20:15; 675; 41; 37.74; 1005.65609375; 20.87890625
2026-06-30; 16:21:15; 645; 37; 37.81; 1005.627109375; 20.8701171875
2026-06-30; 16:22:15; 638; 36; 37.79; 1005.6155859375; 20.671875
2026-06-30; 16:23:15; 624; 34; 37.81; 1005.5914453125; 20.7080078125
2026-06-30; 16:24:15; 638; 36; 37.8; 1005.6114453125; 20.7890625
2026-06-30; 16:25:15; 656; 39; 37.75; 1005.5610546875; 20.7978515625
2026-06-30; 16:26:15; 666; 40; 37.8; 1005.4928515625; 20.765625
2026-06-30; 16:27:15; 650; 38; 37.78; 1005.469609375; 20.7880859375
2026-06-30; 16:28:15; 666; 40; 37.78; 1005.469609375; 20.7998046875
2026-06-30; 16:29:15; 650; 38; 37.8; 1005.4375; 20.8466796875
2026-06-30; 16:30:15; 666; 40; 37.84; 1005.389296875; 20.7900390625
2026-06-30; 16:31:15; 706; 46; 37.83; 1005.4369921875; 20.8134765625
2026-06-30; 16:32:15; 748; 53; 37.8; 1005.334765625; 20.8115234375
2026-06-30; 16:33:15; 624; 34; 37.85; 1005.4048828125; 20.791015625
2026-06-30; 16:34:15; 645; 37; 37.82; 1005.421328125; 20.7783203125
2026-06-30; 16:35:15; 549; 22; 37.86; 1005.3375; 20.7451171875
2026-06-30; 16:36:15; 567; 25; 37.79; 1005.3468359375; 20.75390625
2026-06-30; 16:37:15; 546; 22; 37.8; 1005.224140625; 20.8115234375
2026-06-30; 16:38:15; 555; 23; 37.8; 1005.279453125; 20.7890625
2026-06-30; 16:39:15; 561; 24; 37.84; 1005.2312109375; 20.814453125
2026-06-30; 16:40:15; 575; 26; 37.85; 1005.27453125; 20.7216796875
2026-06-30; 16:41:15; 607; 31; 37.82; 1005.2197265625; 20.7548828125
2026-06-30; 16:42:15; 645; 37; 37.83; 1005.18796875; 20.7783203125
2026-06-30; 16:43:15; 645; 37; 37.85; 1005.163828125; 20.802734375
2026-06-30; 16:44:15; 656; 39; 37.86; 1005.1241015625; 20.8037109375
2026-06-30; 16:45:15; 656; 39; 37.89; 1005.16296875; 20.7578125
2026-06-30; 16:46:15; 675; 41; 37.87; 1005.1870703125; 20.7109375
2026-06-30; 16:47:15; 714; 47; 37.84; 1005.112578125; 20.685546875
2026-06-30; 16:48:15; 740; 51; 37.85; 1005.0531640625; 20.814453125
2026-06-30; 16:49:15; 761; 54; 37.86; 1005.06875; 20.7568359375
2026-06-30; 16:50:15; 804; 61; 37.86; 1005.00546875; 20.826171875
2026-06-30; 16:51:15; 848; 68; 37.83; 1005.1246484375; 20.8251953125
2026-06-30; 16:52:15; 895; 75; 37.82; 1005.033984375; 20.8369140625
2026-06-30; 16:53:15; 913; 78; 37.79; 1005.01484375; 20.8583984375
2026-06-30; 16:54:15; 874; 72; 37.82; 1005.006328125; 20.859375
2026-06-30; 16:55:15; 874; 72; 37.84; 1005.0651953125; 20.802734375
2026-06-30; 16:56:15; 857; 69; 37.82; 1004.9153515625; 20.87109375
2026-06-30; 16:57:15; 848; 68; 37.84; 1004.91890625; 20.8603515625
2026-06-30; 16:58:15; 830; 65; 37.86; 1004.9501171875; 20.837890625
2026-06-30; 16:59:15; 830; 65; 37.88; 1004.926015625; 20.78125
2026-06-30; 17:00:16; 874; 72; 37.9; 1004.8662109375; 20.7001953125
2026-06-30; 17:01:16; 925; 79; 37.89; 1004.87859375; 20.6298828125
2026-06-30; 17:02:16; 967; 86; 37.84; 1004.9268359375; 20.744140625
2026-06-30; 17:03:16; 967; 86; 37.81; 1004.9827734375; 20.8359375
2026-06-30; 17:04:16; 990; 89; 37.82; 1004.9153515625; 20.8125
2026-06-30; 17:05:16; 1012; 93; 37.84; 1004.9821875; 20.755859375
2026-06-30; 17:06:16; 1099; 106; 37.85; 1004.9344921875; 20.791015625
2026-06-30; 17:07:16; 1125; 110; 37.84; 1004.9821875; 20.8603515625
2026-06-30; 17:08:16; 1125; 110; 37.77; 1005.031015625; 20.9033203125
2026-06-30; 17:09:16; 935; 81; 37.78; 1004.9083203125; 20.822265625
2026-06-30; 17:10:16; 865; 70; 37.78; 1004.8608984375; 20.7529296875
2026-06-30; 17:11:16; 804; 61; 37.79; 1004.9594921875; 20.7998046875
2026-06-30; 17:12:16; 752; 53; 37.79; 1004.9594921875; 20.869140625
2026-06-30; 17:13:16; 714; 47; 37.82; 1004.9233203125; 20.7783203125
2026-06-30; 17:14:16; 714; 47; 37.85; 1004.9424609375; 20.7333984375
2026-06-30; 17:15:16; 740; 51; 37.88; 1004.981328125; 20.69921875
2026-06-30; 17:16:16; 752; 53; 37.86; 1005.0133984375; 20.7333984375
2026-06-30; 17:17:16; 785; 58; 37.84; 1004.89125; 20.732421875
2026-06-30; 17:18:16; 785; 58; 37.83; 1004.88359375; 20.8720703125
2026-06-30; 17:19:16; 800; 60; 37.85; 1004.823828125; 20.826171875
2026-06-30; 17:20:16; 800; 60; 37.81; 1004.8247265625; 20.7890625
2026-06-30; 17:21:16; 840; 67; 37.85; 1004.831796875; 20.7451171875
2026-06-30; 17:22:16; 874; 72; 37.91; 1004.889765625; 20.666015625
2026-06-30; 17:23:16; 895; 75; 37.88; 1004.80765625; 20.734375
2026-06-30; 17:24:16; 889; 74; 37.93; 1004.8303125; 20.6787109375
2026-06-30; 17:25:16; 945; 83; 37.89; 1004.8509375; 20.72265625
2026-06-30; 17:26:16; 967; 86; 37.86; 1004.7841015625; 20.791015625
2026-06-30; 17:27:16; 1050; 99; 37.86; 1004.7841015625; 20.802734375
2026-06-30; 17:28:16; 1099; 106; 37.79; 1004.6748828125; 20.916015625
2026-06-30; 17:29:16; 1137; 112; 37.8; 1004.7537890625; 20.939453125
2026-06-30; 17:30:16; 1099; 106; 37.77; 1004.7623046875; 20.9736328125
2026-06-30; 17:31:16; 1038; 97; 37.8; 1004.7537890625; 20.9169921875
2026-06-30; 17:32:16; 967; 86; 37.81; 1004.70609375; 20.9052734375
2026-06-30; 17:33:16; 977; 87; 37.81; 1004.769375; 20.9052734375
2026-06-30; 17:34:16; 956; 84; 37.81; 1004.74171875; 20.8935546875
2026-06-30; 17:35:16; 967; 86; 37.81; 1004.769375; 20.9169921875
2026-06-30; 17:36:16; 1029; 95; 37.83; 1004.689921875; 20.8603515625
2026-06-30; 17:37:16; 1038; 97; 37.78; 1004.659296875; 20.916015625
2026-06-30; 17:38:16; 1038; 97; 37.79; 1004.6195703125; 20.939453125
2026-06-30; 17:39:16; 945; 83; 37.78; 1004.5486328125; 20.892578125
2026-06-30; 17:40:16; 905; 76; 37.81; 1004.5954296875; 20.9169921875
2026-06-30; 17:41:16; 865; 70; 37.85; 1004.6380859375; 20.779296875
2026-06-30; 17:42:16; 848; 68; 37.8; 1004.5877734375; 20.927734375
2026-06-30; 17:43:17; 865; 70; 37.86; 1004.4520703125; 20.802734375
2026-06-30; 17:44:17; 935; 81; 37.81; 1004.4570703125; 20.8818359375
2026-06-30; 17:45:17; 977; 87; 37.79; 1004.50890625; 20.916015625
2026-06-30; 17:46:17; 1065; 101; 37.81; 1004.4294140625; 20.8818359375
2026-06-30; 17:47:17; 1077; 103; 37.76; 1004.462109375; 20.99609375
2026-06-30; 17:48:17; 1077; 103; 37.72; 1004.40765625; 20.970703125
2026-06-30; 17:49:17; 1012; 93; 37.78; 1004.43796875; 20.9384765625
2026-06-30; 17:50:17; 857; 69; 37.8; 1004.3664453125; 20.9052734375
2026-06-30; 17:51:17; 804; 61; 37.77; 1004.4303125; 20.869140625
2026-06-30; 17:52:17; 778; 57; 37.82; 1004.3976171875; 20.94140625
2026-06-30; 17:53:17; 785; 58; 37.84; 1004.3734765625; 20.8837890625
2026-06-30; 17:54:17; 848; 68; 37.9; 1004.3958203125; 20.78125
2026-06-30; 17:55:17; 945; 83; 37.85; 1004.33375; 20.826171875
2026-06-30; 17:56:17; 967; 86; 37.82; 1004.3976171875; 20.84765625
2026-06-30; 17:57:17; 1029; 95; 37.78; 1004.43796875; 21.0087890625
2026-06-30; 17:58:17; 1038; 97; 37.77; 1004.42234375; 21.03125
2026-06-30; 17:59:17; 1099; 106; 37.81; 1004.4650390625; 20.974609375
2026-06-30; 18:00:17; 1125; 110; 37.8; 1004.477109375; 20.939453125
2026-06-30; 18:01:17; 1125; 110; 37.78; 1004.43796875; 20.9970703125
2026-06-30; 18:02:17; 1137; 112; 37.85; 1004.4720703125; 20.849609375
2026-06-30; 18:03:17; 1137; 112; 37.84; 1004.3734765625; 20.8955078125
2026-06-30; 18:04:17; 1212; 123; 37.79; 1004.4258984375; 20.939453125
2026-06-30; 18:05:17; 1150; 114; 37.8; 1004.33875; 20.998046875
2026-06-30; 18:06:17; 1125; 110; 37.84; 1004.401171875; 20.8955078125
2026-06-30; 18:07:17; 1125; 110; 37.74; 1004.4112109375; 20.9951171875
2026-06-30; 18:08:17; 1137; 112; 37.84; 1004.3655078125; 21.0341796875
2026-06-30; 18:09:17; 1150; 114; 37.81; 1004.4096875; 20.974609375
2026-06-30; 18:10:17; 1262; 131; 37.79; 1004.378515625; 21.0322265625
2026-06-30; 18:11:17; 1235; 127; 37.79; 1004.370546875; 21.0439453125
2026-06-30; 18:12:17; 1248; 129; 37.78; 1004.307578125; 21.0546875
2026-06-30; 18:13:17; 1235; 127; 37.8; 1004.3031640625; 21.009765625
2026-06-30; 18:14:17; 1235; 127; 37.79; 1004.350859375; 20.9970703125
2026-06-30; 18:15:17; 1212; 123; 37.79; 1004.2955078125; 20.9970703125
2026-06-30; 18:16:17; 1235; 127; 37.79; 1004.2955078125; 21.0791015625
2026-06-30; 18:17:17; 1248; 129; 37.79; 1004.342890625; 21.0439453125
2026-06-30; 18:18:17; 1163; 116; 37.77; 1004.2840234375; 21.0654296875
2026-06-30; 18:19:17; 1191; 120; 37.79; 1004.2125390625; 21.0205078125
2026-06-30; 18:20:17; 1178; 118; 37.76; 1004.2487109375; 21.0654296875
2026-06-30; 18:21:17; 1178; 118; 37.8; 1004.2004296875; 21.0322265625
2026-06-30; 18:22:17; 1204; 122; 37.77; 1004.1733984375; 21.0546875
2026-06-30; 18:23:17; 1012; 93; 37.81; 1004.125078125; 21.021484375
2026-06-30; 18:24:17; 1012; 93; 37.8; 1004.22015625; 20.974609375
2026-06-30; 18:25:17; 1029; 95; 37.82; 1004.196015625; 20.9287109375
2026-06-30; 18:26:18; 1029; 95; 37.82; 1004.168359375; 20.89453125
2026-06-30; 18:27:18; 1029; 95; 37.79; 1004.0938671875; 21.0791015625
2026-06-30; 18:28:18; 1125; 110; 37.79; 1004.14921875; 21.0322265625
2026-06-30; 18:29:18; 1150; 114; 37.8; 1004.1371484375; 21.009765625
2026-06-30; 18:30:18; 1163; 116; 37.83; 1004.12859375; 21.080078125
2026-06-30; 18:31:18; 1212; 123; 37.8; 1004.1371484375; 21.009765625
2026-06-30; 18:32:18; 1262; 131; 37.79; 1004.12953125; 21.0322265625
2026-06-30; 18:33:18; 1295; 136; 37.8; 1004.117421875; 21.009765625
2026-06-30; 18:34:18; 1321; 140; 37.82; 1004.1486328125; 21.091796875
2026-06-30; 18:35:18; 1341; 143; 37.84; 1004.1441796875; 21.0224609375
2026-06-30; 18:36:18; 1372; 148; 37.85; 1004.1400390625; 21.0
2026-06-30; 18:37:18; 1389; 150; 37.84; 1004.1521484375; 21.0810546875
2026-06-30; 18:38:18; 1500; 172; 37.75; 1004.11453125; 21.0654296875
2026-06-30; 18:39:18; 1496; 169; 37.78; 1004.1692578125; 21.11328125
2026-06-30; 18:40:18; 1520; 185; 37.78; 1004.11390625; 21.125
2026-06-30; 18:41:18; 1528; 191; 37.81; 1004.1804296875; 21.1259765625
2026-06-30; 18:42:18; 1536; 196; 37.82; 1004.1762890625; 21.080078125
2026-06-30; 18:43:18; 1540; 199; 37.8; 1004.1727734375; 21.1025390625
2026-06-30; 18:44:18; 1532; 193; 37.82; 1004.1486328125; 21.103515625
2026-06-30; 18:45:18; 1520; 185; 37.85; 1004.1400390625; 21.046875
2026-06-30; 18:46:18; 1524; 187; 37.82; 1004.231640625; 21.0341796875
2026-06-30; 18:47:18; 1500; 172; 37.83; 1004.1839453125; 20.9990234375
2026-06-30; 18:48:18; 1389; 150; 37.8; 1004.2280859375; 20.9052734375
2026-06-30; 18:49:18; 1235; 127; 37.8; 1004.145078125; 20.962890625
2026-06-30; 18:50:18; 1125; 110; 37.81; 1004.1804296875; 20.9052734375
2026-06-30; 18:51:18; 1050; 99; 37.78; 1004.1612890625; 20.904296875
2026-06-30; 18:52:18; 956; 84; 37.78; 1004.2245703125; 20.9853515625
2026-06-30; 18:53:18; 997; 90; 37.8; 1004.25578125; 21.009765625
2026-06-30; 18:54:18; 1038; 97; 37.79; 1004.2322265625; 20.9970703125
2026-06-30; 18:55:18; 1077; 103; 37.8; 1004.2280859375; 21.021484375
2026-06-30; 18:56:18; 1125; 110; 37.79; 1004.2401953125; 20.9970703125
2026-06-30; 18:57:18; 1191; 120; 37.79; 1004.2955078125; 21.0439453125
2026-06-30; 18:58:18; 1235; 127; 37.77; 1004.2287109375; 21.0888671875
2026-06-30; 18:59:18; 1248; 129; 37.8; 1004.25578125; 21.0322265625
2026-06-30; 19:00:18; 1235; 127; 37.75; 1004.2251953125; 21.0068359375
2026-06-30; 19:01:18; 1150; 114; 37.8; 1004.2004296875; 21.021484375
2026-06-30; 19:02:18; 1125; 110; 37.77; 1004.2643359375; 20.9384765625
2026-06-30; 19:03:18; 1099; 106; 37.77; 1004.2840234375; 21.0078125
2026-06-30; 19:04:18; 1050; 99; 37.76; 1004.3040234375; 21.0078125
2026-06-30; 19:05:18; 1125; 110; 37.76; 1004.38703125; 21.0888671875
2026-06-30; 19:06:18; 1150; 114; 37.79; 1004.315234375; 21.0439453125
2026-06-30; 19:07:18; 1235; 127; 37.77; 1004.3473046875; 21.03125
2026-06-30; 19:08:18; 1262; 131; 37.74; 1004.272890625; 21.099609375
2026-06-30; 19:09:19; 1389; 150; 37.71; 1004.33671875; 21.15625
2026-06-30; 19:10:19; 1478; 164; 37.76; 1004.2487109375; 21.193359375
2026-06-30; 19:11:19; 1500; 172; 37.79; 1004.2678515625; 21.11328125
2026-06-30; 19:12:19; 1506; 176; 37.8; 1004.2004296875; 21.1259765625
2026-06-30; 19:13:19; 1536; 196; 37.77; 1004.2643359375; 21.1015625
2026-06-30; 19:14:19; 1559; 212; 37.76; 1004.2487109375; 21.169921875
2026-06-30; 19:15:19; 1548; 206; 37.78; 1004.244296875; 21.125
2026-06-30; 19:16:19; 1555; 209; 37.78; 1004.244296875; 21.1708984375
2026-06-30; 19:17:19; 1555; 209; 37.76; 1004.213125; 21.146484375
2026-06-30; 19:18:19; 1555; 209; 37.75; 1004.20546875; 21.123046875
2026-06-30; 19:19:19; 1524; 187; 37.76; 1004.2487109375; 21.1123046875
2026-06-30; 19:20:19; 1496; 169; 37.73; 1004.166328125; 21.041015625
2026-06-30; 19:21:19; 1356; 145; 37.74; 1004.1345703125; 21.0419921875
2026-06-30; 19:22:19; 1281; 134; 37.78; 1004.1415625; 21.08984375
2026-06-30; 19:23:19; 1310; 138; 37.78; 1004.1336328125; 21.078125
2026-06-30; 19:24:19; 1321; 140; 37.78; 1004.1336328125; 21.1015625
2026-06-30; 19:25:19; 1436; 157; 37.76; 1004.165703125; 21.1240234375
2026-06-30; 19:26:19; 1495; 166; 37.74; 1004.1542578125; 21.099609375
2026-06-30; 19:27:19; 1500; 172; 37.77; 1004.090390625; 21.1240234375
2026-06-30; 19:28:19; 1506; 176; 37.74; 1004.07921875; 21.099609375
2026-06-30; 19:29:19; 1506; 176; 37.75; 1004.0948046875; 21.0888671875
2026-06-30; 19:30:19; 1496; 169; 37.76; 1004.027421875; 21.1005859375
2026-06-30; 19:31:19; 1496; 169; 37.73; 1004.0912890625; 21.076171875
2026-06-30; 19:32:19; 1506; 176; 37.71; 1004.0601171875; 21.12109375
2026-06-30; 19:33:19; 1496; 169; 37.72; 1004.131015625; 21.0986328125
2026-06-30; 19:34:19; 1495; 166; 37.71; 1004.1784375; 21.1337890625
2026-06-30; 19:35:19; 1496; 169; 37.72; 1004.131015625; 21.15625
2026-06-30; 19:36:19; 1496; 169; 37.72; 1004.131015625; 21.14453125
2026-06-30; 19:37:19; 1511; 178; 37.73; 1004.1466015625; 21.1455078125
2026-06-30; 19:38:19; 1528; 191; 37.71; 1004.1983984375; 21.19140625
2026-06-30; 19:39:19; 1532; 193; 37.72; 1004.158671875; 21.15625
2026-06-30; 19:40:19; 1532; 193; 37.7; 1004.24578125; 21.1328125
2026-06-30; 19:41:19; 1528; 191; 37.67; 1004.2266796875; 21.166015625
2026-06-30; 19:42:19; 1506; 176; 37.66; 1004.1757421875; 21.154296875
2026-06-30; 19:43:19; 1496; 169; 37.66; 1004.21109375; 21.107421875
2026-06-30; 19:44:19; 1458; 161; 37.67; 1004.2266796875; 21.142578125
2026-06-30; 19:45:19; 65535; 65535; 37.66; 1004.1757421875; 21.154296875
2026-06-30; 19:46:19; 1404; 152; 37.66; 1004.2033984375; 21.130859375
2026-06-30; 19:47:19; 1372; 148; 37.66; 1004.28640625; 21.1884765625
2026-06-30; 19:48:19; 1356; 145; 37.66; 1004.25875; 21.1767578125
2026-06-30; 19:49:19; 1310; 138; 37.65; 1004.19546875; 21.1416015625
2026-06-30; 19:50:19; 1248; 129; 37.65; 1004.2508203125; 21.1884765625
2026-06-30; 19:51:19; 1321; 140; 37.64; 1004.290546875; 21.19921875
2026-06-30; 19:52:20; 1341; 143; 37.65; 1004.3061328125; 21.1650390625
2026-06-30; 19:53:20; 1295; 136; 37.63; 1004.330234375; 21.22265625
2026-06-30; 19:54:20; 1235; 127; 37.64; 1004.338203125; 21.22265625
2026-06-30; 19:55:20; 1212; 123; 37.63; 1004.322578125; 21.22265625
2026-06-30; 19:56:20; 1150; 114; 37.63; 1004.385546875; 21.1875
2026-06-30; 19:57:20; 1137; 112; 37.63; 1004.3502734375; 21.24609375
2026-06-30; 19:58:20; 1212; 123; 37.58; 1004.3631640625; 21.2783203125
2026-06-30; 19:59:20; 1235; 127; 37.56; 1004.4502734375; 21.3125
2026-06-30; 20:00:20; 1235; 127; 37.56; 1004.3396484375; 21.3359375
2026-06-30; 20:01:20; 1235; 127; 37.55; 1004.3240234375; 21.3466796875
2026-06-30; 20:02:20; 1235; 127; 37.56; 1004.2843359375; 21.3583984375
2026-06-30; 20:03:20; 1295; 136; 37.55; 1004.3240234375; 21.3466796875
2026-06-30; 20:04:20; 1310; 138; 37.57; 1004.319921875; 21.34765625
2026-06-30; 20:05:20; 1356; 145; 37.59; 1004.2958203125; 21.3720703125
2026-06-30; 20:06:20; 1404; 152; 37.56; 1004.3949609375; 21.3466796875
2026-06-30; 20:07:20; 1356; 145; 37.54; 1004.36375; 21.3349609375
2026-06-30; 20:08:20; 1356; 145; 37.54; 1004.35609375; 21.380859375
2026-06-30; 20:09:20; 1341; 143; 37.53; 1004.32046875; 21.345703125
2026-06-30; 20:10:20; 1212; 123; 37.6; 1004.3311328125; 21.244140625
2026-06-30; 20:11:20; 1163; 116; 37.49; 1004.4440234375; 21.34375
2026-06-30; 20:12:20; 1099; 106; 37.48; 1004.3730859375; 21.4365234375
2026-06-30; 20:13:20; 1050; 99; 37.44; 1004.310390625; 21.421875
2026-06-30; 20:14:20; 1029; 95; 37.4; 1004.3109765625; 21.490234375
2026-06-30; 20:15:20; 1029; 95; 37.37; 1004.319453125; 21.546875
2026-06-30; 20:16:20; 967; 86; 37.34; 1004.3282421875; 21.580078125
2026-06-30; 20:17:20; 956; 84; 37.32; 1004.29703125; 21.6259765625
2026-06-30; 20:18:20; 1012; 93; 37.3; 1004.2734765625; 21.6484375
2026-06-30; 20:19:20; 1050; 99; 37.3; 1004.2934375; 21.6708984375
2026-06-30; 20:20:20; 1065; 101; 37.27; 1004.281953125; 21.669921875
2026-06-30; 20:21:20; 1029; 95; 37.25; 1004.286328125; 21.6923828125
2026-06-30; 20:22:20; 1038; 97; 37.25; 1004.3692578125; 21.7275390625
2026-06-30; 20:23:20; 1050; 99; 37.24; 1004.2430859375; 21.73828125
2026-06-30; 20:24:20; 1012; 93; 37.22; 1004.2868359375; 21.7373046875
2026-06-30; 20:25:20; 1029; 95; 37.19; 1004.275625; 21.7705078125
2026-06-30; 20:26:21; 997; 90; 37.19; 1004.2400390625; 21.7822265625
2026-06-30; 20:27:21; 1012; 93; 37.19; 1004.3308984375; 21.7587890625
2026-06-30; 20:28:21; 1050; 99; 37.16; 1004.220859375; 21.7919921875
2026-06-30; 20:29:21; 1038; 97; 37.16; 1004.2484765625; 21.8037109375
2026-06-30; 20:30:21; 1029; 95; 37.14; 1004.252890625; 21.802734375
2026-06-30; 20:31:21; 945; 83; 37.15; 1004.232890625; 21.802734375
2026-06-30; 20:32:21; 821; 64; 37.11; 1004.2060546875; 21.7548828125
2026-06-30; 20:33:21; 813; 62; 37.06; 1004.2385546875; 21.7294921875
2026-06-30; 20:34:21; 740; 51; 37.16; 1004.2484765625; 21.7109375
2026-06-30; 20:35:21; 706; 46; 37.18; 1004.2520703125; 21.6884765625
2026-06-30; 20:36:21; 615; 32; 37.16; 1004.228828125; 21.583984375
2026-06-30; 20:37:21; 600; 30; 37.16; 1004.220859375; 21.6181640625
2026-06-30; 20:38:21; 476; 11; 37.12; 1004.1740234375; 21.419921875
2026-06-30; 20:39:21; 418; 2; 37.14; 1004.1976171875; 21.431640625
2026-06-30; 20:40:21; 400; 0; 37.03; 1004.2469921875; 21.47265625
2026-06-30; 20:41:21; 405; 0; 37.02; 1004.23140625; 21.5888671875
2026-06-30; 20:42:21; 402; 0; 37.04; 1004.2429296875; 21.4853515625
2026-06-30; 20:43:21; 400; 0; 37.05; 1004.1400390625; 21.4619140625
2026-06-30; 20:44:21; 400; 0; 37.06; 1004.2108984375; 21.416015625
2026-06-30; 20:45:21; 402; 0; 37.08; 1004.2144921875; 21.39453125
2026-06-30; 20:46:21; 400; 0; 37.03; 1004.144453125; 21.2763671875
2026-06-30; 20:47:21; 400; 0; 37.0; 1004.208125; 21.5068359375
2026-06-30; 20:48:21; 405; 0; 37.03; 1004.1720703125; 21.4150390625
2026-06-30; 20:49:21; 405; 0; 36.99; 1004.1925390625; 21.529296875
2026-06-30; 20:50:21; 405; 0; 36.95; 1004.2203515625; 21.5859375
2026-06-30; 20:51:21; 424; 3; 37.01; 1004.21578125; 21.40234375
2026-06-30; 20:52:21; 420; 3; 36.95; 1004.1926953125; 21.5966796875
2026-06-30; 20:53:21; 444; 6; 37.0; 1004.2554296875; 21.552734375
2026-06-30; 20:54:21; 459; 8; 36.94; 1004.23234375; 21.5966796875
2026-06-30; 20:55:21; 476; 11; 36.93; 1004.244375; 21.595703125
2026-06-30; 20:56:22; 476; 11; 36.94; 1004.2876171875; 21.46875
2026-06-30; 20:57:22; 502; 15; 37.01; 1004.2433984375; 21.4951171875
2026-06-30; 20:58:22; 518; 17; 36.93; 1004.2719921875; 21.630859375
2026-06-30; 20:59:22; 502; 15; 36.93; 1004.244375; 21.607421875
2026-06-30; 21:00:22; 518; 17; 36.94; 1004.23234375; 21.642578125
2026-06-30; 21:01:22; 518; 17; 36.9; 1004.2727734375; 21.62890625
2026-06-30; 21:02:22; 540; 21; 36.94; 1004.315234375; 21.6201171875
2026-06-30; 21:03:22; 549; 22; 36.97; 1004.24421875; 21.609375
2026-06-30; 21:04:22; 546; 22; 36.89; 1004.2571484375; 21.6630859375
2026-06-30; 21:05:22; 555; 23; 36.96; 1004.291484375; 21.5400390625
2026-06-30; 21:06:22; 555; 23; 36.89; 1004.2848046875; 21.744140625
2026-06-30; 21:07:22; 605; 31; 36.98; 1004.2598046875; 21.5166015625
2026-06-30; 21:08:22; 620; 33; 36.9; 1004.3280078125; 21.62890625
2026-06-30; 21:09:22; 652; 38; 36.95; 1004.3032421875; 21.6552734375
2026-06-30; 21:10:22; 666; 40; 36.9; 1004.3080859375; 21.69921875
2026-06-30; 21:11:22; 666; 40; 36.88; 1004.2968359375; 21.744140625
2026-06-30; 21:12:22; 682; 42; 36.88; 1004.324453125; 21.744140625
2026-06-30; 21:13:22; 712; 47; 36.89; 1004.3400390625; 21.744140625
2026-06-30; 21:14:22; 704; 46; 36.85; 1004.415703125; 21.7080078125
2026-06-30; 21:15:22; 719; 48; 36.89; 1004.3400390625; 21.720703125
2026-06-30; 21:16:22; 761; 54; 36.85; 1004.3128515625; 21.77734375
2026-06-30; 21:17:22; 783; 58; 36.86; 1004.3484765625; 21.7314453125
2026-06-30; 21:18:22; 798; 60; 36.86; 1004.320859375; 21.7314453125
2026-06-30; 21:19:22; 806; 61; 36.87; 1004.308828125; 21.7431640625
2026-06-30; 21:20:22; 834; 66; 36.82; 1004.32921875; 21.8232421875
2026-06-30; 21:21:22; 853; 69; 36.82; 1004.266328125; 21.7763671875
2026-06-30; 21:22:22; 885; 73; 36.82; 1004.2387109375; 21.833984375
2026-06-30; 21:23:22; 905; 76; 36.85; 1004.3128515625; 21.7666015625
2026-06-30; 21:24:22; 942; 82; 36.87; 1004.23359375; 21.732421875
2026-06-30; 21:25:22; 954; 84; 36.94; 1004.2599609375; 21.5966796875
2026-06-30; 21:26:23; 925; 79; 36.89; 1004.2924609375; 21.640625
2026-06-30; 21:27:23; 925; 79; 37.02; 1004.314296875; 21.4375
2026-06-30; 21:28:23; 954; 84; 36.9; 1004.335703125; 21.513671875
2026-06-30; 21:29:23; 915; 78; 36.96; 1004.3191015625; 21.59765625
2026-06-30; 21:30:23; 865; 70; 36.9; 1004.38328125; 21.6181640625
2026-06-30; 21:31:23; 834; 66; 36.9; 1004.438515625; 21.5712890625
2026-06-30; 21:32:23; 844; 67; 36.93; 1004.4378125; 21.572265625
2026-06-30; 21:33:23; 844; 67; 36.94; 1004.473359375; 21.619140625
2026-06-30; 21:34:23; 844; 67; 36.86; 1004.51421875; 21.603515625
2026-06-30; 21:35:23; 834; 66; 36.92; 1004.477421875; 21.572265625
2026-06-30; 21:36:23; 834; 66; 36.99; 1004.4964453125; 21.4248046875
2026-06-30; 21:37:23; 798; 60; 36.98; 1004.5161328125; 21.4130859375
2026-06-30; 21:38:23; 783; 58; 36.94; 1004.58390625; 21.48046875
2026-06-30; 21:39:23; 770; 56; 36.95; 1004.5994921875; 21.4345703125
2026-06-30; 21:40:23; 798; 60; 36.94; 1004.6115234375; 21.5146484375
2026-06-30; 21:41:23; 806; 61; 36.91; 1004.57234375; 21.548828125
2026-06-30; 21:42:23; 806; 61; 36.82; 1004.542578125; 21.66015625
2026-06-30; 21:43:23; 844; 67; 36.92; 1004.643203125; 21.5615234375
2026-06-30; 21:44:23; 885; 73; 36.93; 1004.5758984375; 21.572265625
2026-06-30; 21:45:23; 874; 72; 36.96; 1004.5877734375; 21.4931640625
2026-06-30; 21:46:23; 853; 69; 36.93; 1004.5682421875; 21.595703125
2026-06-30; 21:47:23; 885; 73; 36.91; 1004.6828125; 21.6064453125
2026-06-30; 21:48:23; 874; 72; 37.04; 1004.677109375; 21.5546875
2026-06-30; 21:49:23; 915; 78; 36.88; 1004.69125; 21.6630859375
2026-06-30; 21:50:23; 885; 73; 37.1; 1004.7708203125; 21.5341796875
2026-06-30; 21:51:23; 865; 70; 37.16; 1004.726328125; 21.4912109375
2026-06-30; 21:52:23; 853; 69; 36.98; 1004.7095703125; 21.6220703125
2026-06-30; 21:53:23; 844; 67; 37.02; 1004.7919921875; 21.5888671875
2026-06-30; 21:54:23; 885; 73; 37.05; 1004.8388671875; 21.5439453125
2026-06-30; 21:55:23; 925; 79; 37.03; 1004.80765625; 21.6005859375
2026-06-30; 21:56:23; 990; 89; 37.06; 1004.882109375; 21.5673828125
2026-06-30; 21:57:23; 1041; 97; 36.98; 1004.8400390625; 21.64453125
2026-06-30; 21:58:23; 1090; 105; 36.98; 1004.9582421875; 21.6328125
2026-06-30; 21:59:23; 1102; 106; 37.06; 1004.9294140625; 21.5908203125
2026-06-30; 22:00:24; 1131; 111; 36.97; 1004.94265625; 21.7138671875
2026-06-30; 22:01:24; 1144; 113; 37.06; 1004.9926953125; 21.6484375
2026-06-30; 22:02:24; 1131; 111; 37.06; 1004.9570703125; 21.68359375
2026-06-30; 22:03:24; 1131; 111; 37.12; 1004.975546875; 21.6513671875
2026-06-30; 22:04:24; 1131; 111; 37.14; 1005.08203125; 21.7099609375
2026-06-30; 22:05:24; 1113; 108; 37.08; 1005.0515234375; 21.7197265625
2026-06-30; 22:06:24; 1102; 106; 37.15; 1004.9870703125; 21.6875
2026-06-30; 22:07:24; 1090; 105; 37.1; 1005.0471875; 21.7666015625
2026-06-30; 22:08:24; 1113; 108; 37.05; 1005.107265625; 21.798828125
2026-06-30; 22:09:24; 1144; 113; 37.07; 1005.055625; 21.7529296875
2026-06-30; 22:10:24; 1144; 113; 37.11; 1005.03515625; 21.8017578125
2026-06-30; 22:11:24; 1191; 120; 37.11; 1005.07046875; 21.8134765625
2026-06-30; 22:12:24; 1252; 129; 36.96; 1005.06515625; 21.96875
2026-06-30; 22:13:24; 1266; 131; 37.08; 1005.0712109375; 21.939453125
2026-06-30; 22:14:24; 1266; 131; 37.0; 1005.0015234375; 22.09765625
2026-06-30; 22:15:24; 1252; 129; 36.97; 1005.1007421875; 22.00390625
2026-06-30; 22:16:24; 1266; 131; 37.09; 1005.0039453125; 21.974609375
2026-06-30; 22:17:24; 1220; 124; 37.14; 1005.08203125; 22.01171875
2026-06-30; 22:18:24; 1156; 115; 37.21; 1005.0451953125; 22.00390625
2026-06-30; 22:19:24; 1113; 108; 37.16; 1005.002734375; 21.9775390625
2026-06-30; 22:20:24; 1113; 108; 37.02; 1005.068359375; 22.23828125
2026-06-30; 22:21:24; 1131; 111; 37.06; 1005.075546875; 22.228515625
2026-06-30; 22:22:24; 1102; 106; 37.07; 1005.0912109375; 22.1474609375
2026-06-30; 22:23:24; 1065; 101; 37.15; 1005.11734375; 22.3134765625
2026-06-30; 22:24:24; 1065; 101; 36.86; 1005.0744140625; 22.4619140625
2026-06-30; 22:25:24; 1065; 101; 37.11; 1005.153359375; 22.30078125
2026-06-30; 22:26:24; 1041; 97; 37.07; 1005.1384765625; 22.263671875
2026-06-30; 22:27:24; 1053; 99; 37.25; 1005.1353125; 22.318359375
2026-06-30; 22:28:24; 1041; 97; 37.1; 1005.165390625; 22.392578125
2026-06-30; 22:29:24; 997; 90; 37.07; 1005.1661328125; 22.4951171875
2026-06-30; 22:30:24; 997; 90; 37.01; 1005.1553125; 22.7587890625
2026-06-30; 22:31:24; 997; 90; 36.83; 1005.1656640625; 22.796875
2026-06-30; 22:32:24; 1029; 95; 36.95; 1005.2073828125; 22.767578125
2026-06-30; 22:33:24; 997; 90; 37.07; 1005.2766796875; 22.599609375
2026-06-30; 22:34:24; 997; 90; 37.03; 1005.2221484375; 22.748046875
2026-06-30; 22:35:24; 997; 90; 37.0; 1005.3330859375; 22.8046875
2026-06-30; 22:36:24; 1029; 95; 36.94; 1005.2823046875; 22.8251953125
2026-06-30; 22:37:24; 1029; 95; 36.94; 1005.2823046875; 22.8603515625
2026-06-30; 22:38:24; 1009; 92; 36.95; 1005.353203125; 22.9189453125
2026-06-30; 22:39:24; 997; 90; 36.9; 1005.2750390625; 23.06640625
2026-06-30; 22:40:24; 977; 87; 37.01; 1005.3843359375; 23.037109375
2026-06-30; 22:41:24; 954; 84; 36.98; 1005.3451171875; 23.255859375
2026-06-30; 22:42:24; 954; 84; 37.12; 1005.417734375; 23.1240234375
2026-06-30; 22:43:25; 942; 82; 37.01; 1005.439609375; 23.1181640625
2026-06-30; 22:44:25; 915; 78; 37.01; 1005.411953125; 23.396484375
2026-06-30; 22:45:25; 900; 76; 36.95; 1005.43609375; 23.2080078125
2026-06-30; 22:46:25; 885; 73; 37.03; 1005.35234375; 23.234375
2026-06-30; 22:47:25; 844; 67; 37.05; 1005.38359375; 23.236328125
2026-06-30; 22:48:25; 825; 64; 36.81; 1005.4186328125; 23.572265625
2026-06-30; 22:49:25; 834; 66; 36.8; 1005.375390625; 23.5712890625
2026-06-30; 22:50:25; 819; 63; 37.04; 1005.4035546875; 23.501953125
2026-06-30; 22:51:25; 783; 58; 37.05; 1005.41921875; 23.4453125
2026-06-30; 22:52:25; 761; 54; 36.97; 1005.44; 23.6962890625
2026-06-30; 22:53:25; 752; 53; 36.79; 1005.4978515625; 23.8955078125
2026-06-30; 22:54:25; 735; 51; 36.79; 1005.462578125; 23.90625
2026-06-30; 22:55:25; 704; 46; 36.87; 1005.4491796875; 23.98046875
2026-06-30; 22:56:25; 682; 42; 36.89; 1005.48046875; 23.853515625
2026-06-30; 22:57:25; 682; 42; 36.81; 1005.529140625; 23.9423828125
2026-06-30; 22:58:25; 666; 40; 36.77; 1005.541796875; 24.13671875
2026-06-30; 22:59:25; 645; 37; 36.84; 1005.4851953125; 24.0126953125
2026-06-30; 23:00:25; 637; 36; 36.83; 1005.4695703125; 24.10546875
2026-06-30; 23:01:25; 637; 36; 36.85; 1005.50078125; 24.1298828125
2026-06-30; 23:02:25; 611; 32; 36.98; 1005.5108984375; 24.0556640625
2026-06-30; 23:03:25; 611; 32; 36.93; 1005.5353125; 24.076171875
2026-06-30; 23:04:25; 588; 28; 36.98; 1005.5108984375; 24.2177734375
2026-06-30; 23:05:25; 580; 27; 36.88; 1005.4924609375; 24.33984375
2026-06-30; 23:06:25; 574; 26; 36.86; 1005.5440625; 24.3271484375
2026-06-30; 23:07:25; 555; 23; 36.91; 1005.421171875; 24.283203125
2026-06-30; 23:08:25; 546; 22; 36.87; 1005.469140625; 24.3271484375
2026-06-30; 23:09:25; 540; 21; 36.89; 1005.4528125; 24.2939453125
2026-06-30; 23:10:25; 508; 16; 36.91; 1005.4487890625; 24.3759765625
2026-06-30; 23:11:25; 508; 16; 36.93; 1005.487734375; 24.376953125
2026-06-30; 23:12:25; 497; 14; 36.82; 1005.4265625; 24.556640625
2026-06-30; 23:13:25; 485; 12; 36.87; 1005.5320703125; 24.5595703125
2026-06-30; 23:14:25; 470; 10; 36.85; 1005.493125; 24.638671875
2026-06-30; 23:15:25; 459; 8; 36.78; 1005.5926953125; 24.705078125
2026-06-30; 23:16:25; 452; 7; 36.64; 1005.594765625; 24.87109375
2026-06-30; 23:17:25; 434; 5; 36.9; 1005.5789453125; 24.734375
2026-06-30; 23:18:25; 420; 3; 36.71; 1005.5661328125; 24.88671875
2026-06-30; 23:19:25; 420; 3; 36.67; 1005.5944140625; 24.9306640625
2026-06-30; 23:20:25; 400; 0; 36.8; 1005.6439453125; 24.8564453125
2026-06-30; 23:21:25; 400; 0; 36.77; 1005.6246484375; 24.9130859375
2026-06-30; 23:22:25; 400; 0; 36.73; 1005.61734375; 25.060546875
2026-06-30; 23:23:25; 400; 0; 36.85; 1005.583671875; 24.87109375
2026-06-30; 23:24:25; 400; 0; 36.81; 1005.584375; 24.9267578125
2026-06-30; 23:25:25; 416; 2; 36.84; 1005.595703125; 24.82421875
2026-06-30; 23:26:26; 405; 0; 36.93; 1005.645859375; 24.8173828125
2026-06-30; 23:27:26; 400; 0; 36.79; 1005.600703125; 25.0068359375
2026-06-30; 23:28:26; 405; 0; 36.65; 1005.665625; 25.23046875
2026-06-30; 23:29:26; 400; 0; 36.61; 1005.638671875; 25.3095703125
2026-07-01; 01:55:47; 406; 0; 35.56; 1005.4498046875; 27.6875
2026-07-01; 01:56:47; 405; 0; 35.55; 1005.434140625; 27.720703125
2026-07-01; 01:57:47; 405; 0; 35.47; 1005.4271484375; 27.80859375
2026-07-01; 01:58:47; 403; 0; 35.51; 1005.489453125; 27.73046875
2026-07-01; 01:59:47; 400; 0; 35.7; 1005.5231640625; 27.5341796875
2026-07-01; 02:00:47; 405; 0; 35.46; 1005.63171875; 27.7958984375
2026-07-01; 02:01:47; 400; 0; 35.45; 1005.6436328125; 27.7958984375
2026-07-01; 02:02:47; 403; 0; 35.53; 1005.5958203125; 27.7080078125
2026-07-01; 02:03:47; 400; 0; 35.57; 1005.7212890625; 27.6533203125
2026-07-01; 02:04:47; 402; 0; 35.43; 1005.6751171875; 27.8525390625
2026-07-01; 02:05:47; 405; 0; 35.54; 1005.674296875; 27.6748046875
2026-07-01; 02:06:47; 400; 0; 35.56; 1005.6428125; 27.65234375
2026-07-01; 02:07:47; 402; 0; 35.56; 1005.6428125; 27.65234375
2026-07-01; 02:08:47; 400; 0; 35.55; 1005.6271484375; 27.6630859375
2026-07-01; 02:09:47; 400; 0; 35.42; 1005.5767578125; 27.8291015625
2026-07-01; 02:10:47; 400; 0; 35.71; 1005.5663671875; 27.46484375
2026-07-01; 02:11:47; 400; 0; 35.62; 1005.4962890625; 27.5986328125
2026-07-01; 02:12:47; 402; 0; 35.54; 1005.674296875; 27.6748046875
2026-07-01; 02:13:47; 402; 0; 35.55; 1005.8278125; 27.62890625
2026-07-01; 02:14:47; 400; 0; 35.47; 1006.0612109375; 27.7626953125
2026-07-01; 02:15:47; 432; 4; 35.53; 1006.2100390625; 27.7431640625
2026-07-01; 02:16:47; 407; 1; 35.71; 1006.3465234375; 27.5
2026-07-01; 02:17:48; 400; 0; 35.54; 1006.4187109375; 27.708984375
2026-07-01; 02:18:48; 400; 0; 35.88; 1006.4314453125; 27.3369140625
2026-07-01; 02:19:48; 400; 0; 35.75; 1006.51953125; 27.4443359375
2026-07-01; 02:20:48; 400; 0; 35.71; 1006.5671875; 27.5458984375
2026-07-01; 02:21:48; 405; 0; 35.64; 1006.6229296875; 27.599609375
2026-07-01; 02:22:48; 400; 0; 35.82; 1006.6132421875; 27.3798828125
2026-07-01; 02:23:48; 400; 0; 35.56; 1006.6155078125; 27.7568359375
2026-07-01; 02:24:48; 409; 1; 35.67; 1006.669921875; 27.58984375
2026-07-01; 02:25:48; 413; 1; 35.61; 1006.65859375; 27.6904296875
2026-07-01; 02:26:48; 417; 2; 35.48; 1006.7462109375; 27.84375
2026-07-01; 02:27:48; 417; 2; 35.59; 1006.6823828125; 27.74609375
2026-07-01; 02:28:48; 413; 1; 35.61; 1006.4104296875; 27.7255859375
2026-07-01; 02:29:48; 417; 2; 35.62; 1006.2959375; 27.7255859375
2026-07-01; 02:30:48; 413; 1; 35.48; 1006.1871484375; 27.947265625
2026-07-01; 02:31:48; 413; 1; 35.58; 1006.095390625; 27.8505859375
2026-07-01; 02:32:48; 413; 1; 35.6; 1006.1741796875; 27.8046875
2026-07-01; 02:33:48; 413; 1; 35.44; 1006.1594140625; 28.083984375
2026-07-01; 02:34:48; 420; 3; 35.57; 1006.1348828125; 27.9296875
2026-07-01; 02:35:48; 417; 2; 35.78; 1005.8414453125; 27.6767578125
2026-07-01; 02:36:48; 409; 1; 35.55; 1005.607265625; 28.021484375
2026-07-01; 02:37:48; 405; 0; 35.52; 1005.45; 28.2734375
2026-07-01; 02:38:48; 400; 0; 35.56; 1005.284375; 28.2294921875
2026-07-01; 02:39:48; 400; 0; 35.48; 1005.1119921875; 28.3623046875
2026-07-01; 02:40:48; 400; 0; 35.7; 1005.081953125; 28.111328125
2026-07-01; 02:41:48; 400; 0; 35.46; 1005.03296875; 28.419921875
2026-07-01; 02:42:48; 405; 0; 35.49; 1004.969921875; 28.375
2026-07-01; 02:43:48; 408; 1; 35.94; 1004.980546875; 27.779296875
2026-07-01; 02:44:48; 400; 0; 35.64; 1004.9684375; 28.326171875
2026-07-01; 02:45:48; 420; 3; 35.6; 1004.9334375; 28.2197265625
2026-07-01; 02:46:48; 413; 1; 35.52; 1005.0012109375; 28.353515625
2026-07-01; 02:47:48; 409; 1; 35.77; 1004.89578125; 28.126953125
2026-07-01; 02:48:48; 407; 1; 35.7; 1004.9440234375; 28.2265625
2026-07-01; 02:49:48; 402; 0; 35.85; 1004.9501171875; 27.9931640625
2026-07-01; 02:50:48; 402; 0; 35.3; 1004.9478515625; 28.80078125
2026-07-01; 02:51:48; 403; 0; 35.58; 1004.8546484375; 28.4736328125
2026-07-01; 02:52:48; 400; 0; 35.35; 1004.9514453125; 28.828125
2026-07-01; 02:53:48; 403; 0; 35.21; 1004.9251953125; 29.060546875
2026-07-01; 02:54:48; 405; 0; 35.47; 1004.9584765625; 28.697265625
2026-07-01; 02:55:48; 400; 0; 35.5; 1004.9503125; 28.6640625
2026-07-01; 02:56:48; 402; 0; 35.48; 1004.9542578125; 28.6513671875
2026-07-01; 02:57:48; 405; 0; 35.25; 1005.015390625; 29.12109375
2026-07-01; 02:58:48; 411; 1; 35.16; 1004.90203125; 29.2421875
2026-07-01; 02:59:48; 416; 2; 35.26; 1004.9403515625; 29.0869140625
2026-07-01; 03:00:49; 434; 5; 35.36; 1004.903984375; 28.9658203125
2026-07-01; 03:01:49; 423; 3; 35.42; 1004.8325; 28.970703125
2026-07-01; 03:02:49; 436; 5; 35.35; 1004.9158984375; 29.0703125
2026-07-01; 03:03:49; 445; 6; 35.25; 1004.9326953125; 29.2021484375
2026-07-01; 03:04:49; 459; 8; 35.44; 1004.9740625; 29.029296875
2026-07-01; 03:05:49; 461; 9; 35.15; 1005.032109375; 29.4140625
2026-07-01; 03:06:49; 472; 10; 35.21; 1005.0158203125; 29.384765625
2026-07-01; 03:07:49; 477; 11; 35.36; 1005.0969140625; 29.2314453125
2026-07-01; 03:08:49; 488; 13; 35.2; 1005.0276953125; 29.4521484375
2026-07-01; 03:09:49; 488; 13; 35.17; 1005.0634375; 29.53125
2026-07-01; 03:10:49; 495; 14; 35.14; 1005.0635546875; 29.6328125
2026-07-01; 03:11:49; 508; 16; 35.23; 1005.0590234375; 29.46484375
2026-07-01; 03:12:49; 530; 19; 35.19; 1005.039609375; 29.58984375
2026-07-01; 03:13:49; 537; 20; 35.05; 1005.0959375; 29.7421875
2026-07-01; 03:14:49; 555; 23; 35.07; 1005.0721484375; 29.8466796875
2026-07-01; 03:15:49; 555; 23; 35.16; 1005.0201953125; 29.6806640625
2026-07-01; 03:16:49; 567; 25; 35.1; 1005.0364453125; 29.779296875
2026-07-01; 03:17:49; 581; 27; 35.13; 1005.0834375; 29.828125
2026-07-01; 03:18:49; 581; 27; 35.34; 1005.07359375; 29.5078125
2026-07-01; 03:19:49; 607; 31; 35.26; 1005.05859375; 29.65234375
2026-07-01; 03:20:49; 629; 34; 35.15; 1005.0596484375; 29.875
2026-07-01; 03:21:49; 646; 37; 35.07; 1005.0996875; 29.939453125
2026-07-01; 03:22:49; 668; 40; 35.12; 1005.0598046875; 29.96484375
2026-07-01; 03:23:49; 675; 41; 35.11; 1005.052109375; 29.9765625
2026-07-01; 03:24:49; 690; 44; 35.07; 1005.01703125; 30.03125
2026-07-01; 03:25:49; 710; 47; 35.12; 1005.0677734375; 30.01171875
2026-07-01; 03:26:49; 730; 50; 35.14; 1004.98890625; 30.0361328125
2026-07-01; 03:27:49; 754; 53; 35.18; 1005.0515234375; 29.9345703125
2026-07-01; 03:28:49; 763; 55; 35.14; 1005.043984375; 30.08203125
2026-07-01; 03:29:49; 778; 57; 35.13; 1005.0558984375; 30.046875
2026-07-01; 03:30:49; 798; 60; 35.06; 1005.0090625; 30.318359375
2026-07-01; 03:31:49; 815; 63; 35.02; 1005.11171875; 30.29296875
2026-07-01; 03:32:49; 832; 65; 35.08; 1005.134921875; 30.2626953125
2026-07-01; 03:33:49; 855; 69; 35.16; 1005.1224609375; 30.140625
2026-07-01; 03:34:49; 877; 72; 34.99; 1005.1473828125; 30.4287109375
2026-07-01; 03:35:49; 887; 74; 35.01; 1005.2062109375; 30.384765625
2026-07-01; 03:36:49; 913; 78; 35.0; 1005.1630078125; 30.4072265625
2026-07-01; 03:37:49; 927; 80; 35.02; 1005.166796875; 30.431640625
2026-07-01; 03:38:49; 956; 84; 34.96; 1005.1199609375; 30.5537109375
2026-07-01; 03:39:49; 972; 87; 35.01; 1005.1434375; 30.46484375
2026-07-01; 03:40:49; 983; 88; 35.02; 1005.076484375; 30.51171875
2026-07-01; 03:41:49; 1007; 92; 35.08; 1005.0326953125; 30.400390625
2026-07-01; 03:42:49; 1017; 93; 35.09; 1005.048359375; 30.458984375
2026-07-01; 03:43:50; 1053; 99; 34.95; 1005.0847265625; 30.5986328125
2026-07-01; 03:44:50; 1053; 99; 35.12; 1005.1424609375; 30.4140625
2026-07-01; 03:45:50; 1071; 102; 35.02; 1005.0291015625; 30.546875
2026-07-01; 03:46:50; 1113; 108; 34.9; 1004.9788671875; 30.7333984375
2026-07-01; 03:47:50; 1113; 108; 34.99; 1004.95453125; 30.705078125
2026-07-01; 03:48:50; 1156; 115; 35.0; 1005.04515625; 30.625
2026-07-01; 03:49:50; 1168; 117; 34.99; 1005.0294921875; 30.6708984375
2026-07-01; 03:50:50; 1168; 117; 34.88; 1005.0103125; 30.84765625
2026-07-01; 03:51:50; 1181; 118; 35.0; 1005.017578125; 30.66015625
2026-07-01; 03:52:50; 1212; 123; 35.01; 1005.03328125; 30.71875
2026-07-01; 03:53:50; 1242; 128; 34.87; 1005.1246484375; 30.8818359375
2026-07-01; 03:54:50; 1285; 134; 34.96; 1005.1006640625; 30.8994140625
2026-07-01; 03:55:50; 1285; 134; 35.05; 1005.1234765625; 30.6748046875
2026-07-01; 03:56:50; 1285; 134; 34.94; 1005.0886328125; 30.88671875
2026-07-01; 03:57:50; 1285; 134; 34.97; 1004.9981640625; 30.853515625
2026-07-01; 03:58:50; 1299; 136; 34.92; 1005.0454296875; 30.884765625
2026-07-01; 03:59:50; 1316; 139; 34.76; 1004.987578125; 31.2314453125
2026-07-01; 04:00:50; 1316; 139; 34.88; 1005.0576953125; 31.1005859375
2026-07-01; 04:01:50; 1349; 144; 34.88; 1005.0378125; 31.0205078125
2026-07-01; 04:02:50; 1364; 146; 35.01; 1005.0133984375; 30.8564453125
2026-07-01; 04:03:50; 1404; 152; 34.94; 1005.0690234375; 30.990234375
2026-07-01; 04:04:50; 1420; 155; 34.85; 1005.0183984375; 31.14453125
2026-07-01; 04:05:50; 1462; 161; 34.89; 1004.963203125; 31.0322265625
2026-07-01; 04:06:50; 1478; 164; 34.94; 1004.9588671875; 30.990234375
2026-07-01; 04:07:50; 1497; 170; 34.99; 1004.95453125; 30.9580078125
2026-07-01; 04:08:50; 1501; 172; 34.79; 1004.9993359375; 31.3125
2026-07-01; 04:09:50; 1505; 175; 34.82; 1004.96375; 31.234375
2026-07-01; 04:10:50; 1517; 183; 34.85; 1004.908203125; 31.15625
2026-07-01; 04:11:50; 1525; 188; 34.95; 1004.8563671875; 31.0478515625
2026-07-01; 04:12:50; 1534; 195; 34.94; 1004.86828125; 31.05859375
2026-07-01; 04:13:50; 1546; 204; 34.86; 1004.7862109375; 31.1806640625
2026-07-01; 04:14:50; 1556; 210; 34.88; 1004.83734375; 31.158203125
2026-07-01; 04:15:50; 1560; 214; 34.78; 1004.7435546875; 31.3125
2026-07-01; 04:16:50; 1569; 221; 34.85; 1004.7154296875; 31.1904296875
2026-07-01; 04:17:50; 1575; 226; 34.71; 1004.716796875; 31.423828125
2026-07-01; 04:18:50; 1586; 233; 34.79; 1004.7790625; 31.3017578125
2026-07-01; 04:19:50; 1601; 246; 34.76; 1004.7948046875; 31.3232421875
2026-07-01; 04:20:50; 1606; 249; 34.72; 1004.7872265625; 31.423828125
2026-07-01; 04:21:50; 1611; 255; 34.86; 1004.7784765625; 31.2490234375
2026-07-01; 04:22:50; 1616; 261; 34.88; 1004.872578125; 31.205078125
2026-07-01; 04:23:50; 1621; 265; 34.83; 1004.8967578125; 31.3046875
2026-07-01; 04:24:50; 1632; 274; 34.74; 1004.791015625; 31.4130859375
2026-07-01; 04:25:51; 1636; 278; 34.75; 1004.8146484375; 31.3916015625
2026-07-01; 04:26:51; 1641; 282; 34.74; 1004.8185546875; 31.4130859375
2026-07-01; 04:27:51; 1650; 289; 34.74; 1004.95625; 31.4130859375
2026-07-01; 04:28:51; 1664; 302; 34.75; 1004.889296875; 31.3916015625
2026-07-01; 04:29:51; 1676; 314; 34.88; 1004.955234375; 31.2275390625
2026-07-01; 04:30:51; 1686; 324; 34.75; 1004.999453125; 31.42578125
2026-07-01; 04:31:51; 1692; 331; 34.69; 1004.9883203125; 31.525390625
2026-07-01; 04:32:51; 1696; 335; 34.72; 1005.0075; 31.48046875
2026-07-01; 04:33:51; 1704; 342; 34.66; 1005.078984375; 31.591796875
2026-07-01; 04:34:51; 1715; 354; 34.62; 1005.004453125; 31.6474609375
2026-07-01; 04:35:51; 1724; 361; 34.65; 1005.00828125; 31.6484375
2026-07-01; 04:36:51; 1736; 374; 34.6; 1005.0557421875; 31.6455078125
2026-07-01; 04:37:51; 1741; 381; 34.67; 1005.07484375; 31.5810546875
2026-07-01; 04:38:51; 1741; 381; 34.85; 1005.101015625; 31.3173828125
2026-07-01; 04:39:51; 1752; 392; 34.72; 1005.062578125; 31.4921875
2026-07-01; 04:40:51; 1759; 402; 34.67; 1005.1497265625; 31.5810546875
2026-07-01; 04:41:51; 1764; 407; 34.66; 1005.0866796875; 31.662109375
2026-07-01; 04:42:51; 1775; 420; 34.65; 1005.1458984375; 31.6826171875
2026-07-01; 04:43:51; 1782; 429; 34.68; 1005.1929296875; 31.6396484375
2026-07-01; 04:44:51; 1782; 429; 34.71; 1005.1099609375; 31.630859375
2026-07-01; 04:45:51; 1788; 436; 34.68; 1005.000234375; 31.6279296875
2026-07-01; 04:46:51; 1803; 452; 34.66; 1005.078984375; 31.6611328125
2026-07-01; 04:47:51; 1809; 460; 34.6; 1005.028203125; 31.7373046875
2026-07-01; 04:48:51; 1809; 460; 34.68; 1005.027734375; 31.685546875
2026-07-01; 04:49:51; 1817; 471; 34.6; 1004.9926953125; 31.8173828125
2026-07-01; 04:50:51; 1822; 477; 34.68; 1005.027734375; 31.7080078125
2026-07-01; 04:51:51; 1822; 477; 34.67; 1005.0473046875; 31.7080078125
2026-07-01; 04:52:51; 1822; 477; 34.75; 1005.1095703125; 31.62109375
2026-07-01; 04:53:51; 1828; 485; 34.62; 1005.1145703125; 31.8076171875
2026-07-01; 04:54:51; 1828; 485; 34.65; 1005.071015625; 31.763671875
2026-07-01; 04:55:51; 1834; 494; 34.58; 1005.024375; 31.8515625
2026-07-01; 04:56:51; 1841; 503; 34.53; 1005.0561328125; 31.951171875
2026-07-01; 04:57:51; 1841; 503; 34.6; 1005.028203125; 31.830078125
2026-07-01; 04:58:51; 1847; 511; 34.69; 1005.0433984375; 31.720703125
2026-07-01; 04:59:51; 1847; 511; 34.56; 1005.0205859375; 31.861328125
2026-07-01; 05:00:51; 1847; 511; 34.72; 1004.9524609375; 31.630859375
2026-07-01; 05:01:51; 1852; 518; 34.51; 1004.9147265625; 31.97265625
2026-07-01; 05:02:51; 1847; 511; 34.67; 1004.9569921875; 31.6845703125
2026-07-01; 05:03:51; 1847; 511; 34.69; 1004.9134375; 31.685546875
2026-07-01; 05:04:51; 1852; 518; 34.51; 1004.9147265625; 31.94921875
2026-07-01; 05:05:51; 1860; 529; 34.51; 1004.997265625; 31.99609375
2026-07-01; 05:06:51; 1860; 529; 34.57; 1004.9456640625; 31.8623046875
2026-07-01; 05:07:51; 1860; 529; 34.6; 1004.882578125; 31.783203125
2026-07-01; 05:08:52; 1860; 529; 34.47; 1004.9698046875; 31.970703125
2026-07-01; 05:09:52; 1877; 550; 34.49; 1004.9934375; 32.005859375
2026-07-01; 05:10:52; 1877; 550; 34.44; 1004.96984375; 32.0595703125
2026-07-01; 05:11:52; 1877; 550; 34.44; 1004.91484375; 32.0361328125
2026-07-01; 05:12:52; 1883; 559; 34.56; 1004.9655078125; 31.8388671875
2026-07-01; 05:13:52; 1883; 559; 34.56; 1004.8554296875; 31.8388671875
2026-07-01; 05:14:52; 1890; 571; 34.68; 1004.7799609375; 31.6396484375
2026-07-01; 05:15:52; 1898; 582; 34.62; 1004.80375; 31.7275390625
2026-07-01; 05:16:52; 1898; 582; 34.49; 1004.8283203125; 31.9365234375
2026-07-01; 05:17:52; 1911; 601; 34.49; 1004.9383984375; 31.9140625
2026-07-01; 05:18:52; 1918; 612; 34.43; 1004.9071484375; 32.013671875
2026-07-01; 05:19:52; 1918; 612; 34.38; 1004.9583984375; 32.1240234375
2026-07-01; 05:20:52; 1926; 625; 34.44; 1004.94234375; 32.0361328125
2026-07-01; 05:21:52; 1926; 625; 34.48; 1005.0328515625; 31.9130859375
2026-07-01; 05:22:52; 1933; 634; 34.47; 1004.99734375; 31.9130859375
2026-07-01; 05:23:52; 1940; 649; 34.53; 1004.993125; 31.8017578125
2026-07-01; 05:24:52; 1948; 659; 34.46; 1005.0290234375; 31.9462890625
2026-07-01; 05:25:52; 1948; 659; 34.37; 1005.0803125; 32.078125
2026-07-01; 05:26:52; 1954; 670; 34.42; 1005.0015625; 31.966796875
2026-07-01; 05:27:52; 1964; 685; 34.51; 1004.989296875; 31.833984375
2026-07-01; 05:28:52; 1971; 696; 34.51; 1004.9697265625; 31.7890625
2026-07-01; 05:29:52; 1971; 696; 34.54; 1004.898671875; 31.7333984375
2026-07-01; 05:30:52; 1980; 711; 34.41; 1004.9228515625; 31.931640625
2026-07-01; 05:31:52; 1971; 696; 34.48; 1004.902890625; 31.787109375
2026-07-01; 05:32:52; 1980; 711; 34.57; 1005.02828125; 31.689453125
2026-07-01; 05:33:52; 1971; 696; 34.46; 1004.9816796875; 31.8310546875
2026-07-01; 05:34:52; 1971; 696; 34.45; 1005.07609375; 31.8310546875
2026-07-01; 05:35:52; 1980; 711; 34.43; 1005.064296875; 31.88671875
2026-07-01; 05:36:52; 1986; 723; 34.44; 1005.052421875; 31.806640625
2026-07-01; 05:37:52; 1986; 723; 34.5; 1005.11921875; 31.75390625
2026-07-01; 05:38:52; 1986; 723; 34.54; 1005.11890625; 31.6982421875
2026-07-01; 05:39:52; 1986; 723; 34.53; 1005.083671875; 31.6630859375
2026-07-01; 05:40:52; 1994; 736; 34.47; 1005.0446875; 31.740234375
2026-07-01; 05:41:52; 1994; 736; 34.39; 1005.0095703125; 31.8603515625
2026-07-01; 05:42:52; 1994; 736; 34.38; 1005.0134375; 31.87109375
2026-07-01; 05:43:52; 2002; 750; 34.44; 1005.0799609375; 31.7724609375
2026-07-01; 05:44:52; 2010; 765; 34.39; 1005.1196875; 31.826171875
2026-07-01; 05:45:52; 2010; 765; 34.45; 1005.07609375; 31.7509765625
2026-07-01; 05:46:52; 2010; 765; 34.37; 1005.1353515625; 31.859375
2026-07-01; 05:47:52; 2017; 776; 34.46; 1005.1743359375; 31.681640625
2026-07-01; 05:48:52; 2025; 794; 34.44; 1005.1900390625; 31.7255859375
2026-07-01; 05:49:52; 2034; 809; 34.43; 1005.284453125; 31.69140625
2026-07-01; 05:50:52; 2034; 809; 34.47; 1005.2648828125; 31.63671875
2026-07-01; 05:51:53; 2052; 829; 34.48; 1005.363125; 31.6484375
2026-07-01; 05:52:53; 2052; 829; 34.39; 1005.36734375; 31.7568359375
2026-07-01; 05:53:53; 2060; 840; 34.37; 1005.363515625; 31.8134765625
2026-07-01; 05:54:53; 2060; 840; 34.38; 1005.43421875; 31.7919921875
2026-07-01; 05:55:53; 2078; 878; 34.43; 1005.449609375; 31.69140625
2026-07-01; 05:56:53; 2078; 878; 34.47; 1005.4300390625; 31.6025390625
2026-07-01; 05:57:53; 2078; 878; 34.39; 1005.449921875; 31.74609375
2026-07-01; 05:58:53; 2086; 891; 34.33; 1005.4185546875; 31.7998046875
2026-07-01; 05:59:53; 2086; 891; 34.37; 1005.493125; 31.779296875
2026-07-01; 06:00:53; 2086; 891; 34.38; 1005.516796875; 31.74609375
2026-07-01; 06:01:53; 2102; 925; 34.39; 1005.4419140625; 31.7109375
2026-07-01; 06:02:53; 2102; 925; 34.37; 1005.4105859375; 31.767578125
2026-07-01; 06:03:53; 2102; 925; 34.33; 1005.4383984375; 31.7880859375
2026-07-01; 06:04:53; 2110; 940; 34.28; 1005.39515625; 31.830078125
2026-07-01; 06:05:53; 2102; 925; 34.35; 1005.3241796875; 31.7421875
2026-07-01; 06:06:53; 2110; 940; 34.33; 1005.410859375; 31.7763671875
2026-07-01; 06:07:53; 2120; 963; 34.35; 1005.37921875; 31.7421875
2026-07-01; 06:08:53; 2136; 998; 34.33; 1005.44609375; 31.75390625
2026-07-01; 06:09:53; 2136; 998; 34.26; 1005.4463671875; 31.8408203125
2026-07-01; 06:10:53; 2148; 1023; 34.27; 1005.43453125; 31.8642578125
2026-07-01; 06:11:53; 2156; 1040; 34.25; 1005.36796875; 31.8857421875
2026-07-01; 06:12:53; 2166; 1062; 34.31; 1005.3321484375; 31.7529296875
2026-07-01; 06:13:53; 2174; 1084; 34.27; 1005.3519921875; 31.818359375
2026-07-01; 06:14:53; 2174; 1084; 34.38; 1005.324140625; 31.7109375
2026-07-01; 06:15:53; 2184; 1102; 34.39; 1005.359375; 31.7001953125
2026-07-01; 06:16:53; 2197; 1138; 34.34; 1005.3715234375; 31.765625
2026-07-01; 06:17:53; 2197; 1138; 34.41; 1005.371171875; 31.6328125
2026-07-01; 06:18:53; 2207; 1152; 34.43; 1005.3394921875; 31.6572265625
2026-07-01; 06:19:53; 2218; 1179; 34.35; 1005.2691015625; 31.75390625
2026-07-01; 06:20:53; 2226; 1201; 34.27; 1005.269453125; 31.8984375
2026-07-01; 06:21:53; 2226; 1201; 34.5; 1005.256875; 31.4775390625
2026-07-01; 06:22:53; 2240; 1224; 34.32; 1005.230078125; 31.798828125
2026-07-01; 06:23:53; 2249; 1239; 34.29; 1005.24578125; 31.8427734375
2026-07-01; 06:24:53; 2249; 1239; 34.27; 1005.2342578125; 31.818359375
2026-07-01; 06:25:53; 2259; 1263; 34.26; 1005.24609375; 31.86328125
2026-07-01; 06:26:53; 2259; 1263; 34.36; 1005.229765625; 31.744140625
2026-07-01; 06:27:53; 2259; 1263; 34.29; 1005.24578125; 31.78515625
2026-07-01; 06:28:53; 2249; 1239; 34.39; 1005.1391796875; 31.6650390625
2026-07-01; 06:29:53; 2240; 1224; 34.29; 1005.24578125; 31.7392578125
2026-07-01; 06:30:53; 2240; 1224; 34.3; 1005.316484375; 31.728515625
2026-07-01; 06:31:53; 2240; 1224; 34.28; 1005.249921875; 31.7841796875
2026-07-01; 06:32:53; 2226; 1201; 34.24; 1005.324765625; 31.8046875
2026-07-01; 06:33:53; 2218; 1179; 34.4; 1005.2924609375; 31.5166015625
2026-07-01; 06:34:54; 2207; 1152; 34.33; 1005.2534375; 31.6279296875
2026-07-01; 06:35:54; 2197; 1138; 34.5; 1005.3039453125; 31.3974609375
2026-07-01; 06:36:54; 2189; 1115; 34.37; 1005.2809765625; 31.560546875
2026-07-01; 06:37:54; 2189; 1115; 34.23; 1005.3091015625; 31.76953125
2026-07-01; 06:38:54; 2184; 1102; 34.33; 1005.30078125; 31.638671875
2026-07-01; 06:39:54; 2184; 1102; 34.24; 1005.249921875; 31.724609375
2026-07-01; 06:40:54; 2174; 1084; 34.28; 1005.34015625; 31.669921875
2026-07-01; 06:41:54; 2166; 1062; 34.19; 1005.3641015625; 31.8125
2026-07-01; 06:42:54; 2156; 1040; 34.32; 1005.2851171875; 31.6494140625
2026-07-01; 06:43:54; 2148; 1023; 34.24; 1005.2774609375; 31.724609375
2026-07-01; 06:44:54; 2136; 998; 34.29; 1005.30078125; 31.6474609375
2026-07-01; 06:45:54; 2128; 981; 34.32; 1005.34015625; 31.6494140625
2026-07-01; 06:46:54; 2128; 981; 34.19; 1005.3641015625; 31.8125
2026-07-01; 06:47:54; 2110; 940; 34.48; 1005.3906640625; 31.384765625
2026-07-01; 06:48:54; 2110; 940; 34.28; 1005.3676953125; 31.681640625
2026-07-01; 06:49:54; 2110; 940; 34.38; 1005.3987109375; 31.583984375
2026-07-01; 06:50:54; 2102; 925; 34.25; 1005.4031640625; 31.7822265625
2026-07-01; 06:51:54; 2102; 925; 34.24; 1005.324765625; 31.7470703125
2026-07-01; 06:52:54; 2102; 925; 34.26; 1005.3087890625; 31.703125
2026-07-01; 06:53:54; 2102; 925; 34.18; 1005.2934375; 31.9150390625
2026-07-01; 06:54:54; 2102; 925; 34.16; 1005.3998828125; 31.9599609375
2026-07-01; 06:55:54; 2102; 925; 34.23; 1005.364140625; 31.861328125
2026-07-01; 06:56:54; 2110; 940; 34.16; 1005.3173828125; 31.994140625
2026-07-01; 06:57:54; 2102; 925; 34.19; 1005.3641015625; 31.9384765625
2026-07-01; 06:58:54; 2110; 940; 34.21; 1005.34046875; 31.9404296875
2026-07-01; 06:59:54; 2102; 925; 34.27; 1005.3794921875; 31.8759765625
2026-07-01; 07:00:54; 2110; 940; 34.22; 1005.3011328125; 31.8837890625
2026-07-01; 07:01:54; 2110; 940; 34.22; 1005.3836328125; 31.9296875
2026-07-01; 07:02:54; 2110; 940; 34.17; 1005.3880859375; 32.0751953125
2026-07-01; 07:03:54; 2120; 963; 34.3; 1005.4188671875; 31.900390625
2026-07-01; 07:04:54; 2120; 963; 34.24; 1005.3875; 31.896484375
2026-07-01; 07:05:54; 2128; 981; 34.23; 1005.4741796875; 31.953125
2026-07-01; 07:06:54; 2128; 981; 34.27; 1005.40703125; 31.8759765625
2026-07-01; 07:07:54; 2136; 998; 34.23; 1005.481875; 31.96484375
2026-07-01; 07:08:54; 2136; 998; 34.22; 1005.5212109375; 31.9873046875
2026-07-01; 07:09:54; 2136; 998; 34.16; 1005.537421875; 32.0751953125
2026-07-01; 07:10:54; 2136; 998; 34.2; 1005.4821484375; 32.03125
2026-07-01; 07:11:54; 2148; 1023; 34.18; 1005.568515625; 32.0537109375
2026-07-01; 07:12:54; 2156; 1040; 34.24; 1005.5723828125; 31.98828125
2026-07-01; 07:13:54; 2156; 1040; 34.28; 1005.5603125; 31.865234375
2026-07-01; 07:14:54; 2166; 1062; 34.21; 1005.533046875; 31.998046875
2026-07-01; 07:15:54; 2174; 1084; 34.13; 1005.5454296875; 32.1875
2026-07-01; 07:16:54; 2184; 1102; 34.21; 1005.5253515625; 32.0087890625
2026-07-01; 07:17:55; 2184; 1102; 34.24; 1005.5526171875; 32.0
2026-07-01; 07:18:55; 2197; 1138; 34.2; 1005.5998828125; 32.1123046875
2026-07-01; 07:19:55; 2207; 1152; 34.17; 1005.5608203125; 32.15625
2026-07-01; 07:20:55; 2218; 1179; 34.23; 1005.55671875; 32.16015625
2026-07-01; 07:21:55; 2218; 1179; 34.11; 1005.5767578125; 32.3359375
2026-07-01; 07:22:55; 2240; 1224; 34.18; 1005.6235546875; 32.259765625
2026-07-01; 07:23:55; 2249; 1239; 34.43; 1005.6973046875; 31.9443359375
2026-07-01; 07:24:55; 2249; 1239; 34.27; 1005.6821484375; 32.1748046875
2026-07-01; 07:25:55; 2259; 1263; 34.13; 1005.71046875; 32.4404296875
2026-07-01; 07:26:55; 2259; 1263; 34.24; 1005.765; 32.2177734375
2026-07-01; 07:27:55; 2259; 1263; 34.19; 1005.776796875; 32.318359375
2026-07-01; 07:28:55; 2249; 1239; 34.22; 1005.7886328125; 32.296875
2026-07-01; 07:29:55; 2249; 1239; 34.31; 1005.744921875; 32.1201171875
2026-07-01; 07:30:55; 2240; 1224; 34.33; 1005.7410546875; 32.1552734375
2026-07-01; 07:31:55; 2240; 1224; 34.25; 1005.808203125; 32.20703125
2026-07-01; 07:32:55; 2240; 1224; 34.22; 1005.7886328125; 32.2861328125
2026-07-01; 07:33:55; 2226; 1201; 34.28; 1005.89046875; 32.267578125
2026-07-01; 07:34:55; 2240; 1224; 34.23; 1005.914375; 32.3779296875
2026-07-01; 07:35:55; 2226; 1201; 34.27; 1005.8748046875; 32.2431640625
2026-07-01; 07:36:55; 2218; 1179; 34.27; 1006.0123828125; 32.3125
2026-07-01; 07:37:55; 2226; 1201; 34.25; 1006.008515625; 32.3447265625
2026-07-01; 07:38:55; 2218; 1179; 34.28; 1006.047890625; 32.2783203125
2026-07-01; 07:39:55; 2218; 1179; 34.35; 1006.0671484375; 32.1904296875
2026-07-01; 07:40:55; 2218; 1179; 34.25; 1006.036015625; 32.333984375
2026-07-01; 07:41:55; 2207; 1152; 34.26; 1006.05171875; 32.3232421875
2026-07-01; 07:42:55; 2207; 1152; 34.27; 1006.1147265625; 32.3818359375
2026-07-01; 07:43:55; 2207; 1152; 34.28; 1006.0555859375; 32.3251953125
2026-07-01; 07:44:55; 2207; 1152; 34.26; 1006.1067578125; 32.357421875
2026-07-01; 07:45:55; 2197; 1138; 34.33; 1006.1340625; 32.2939453125
2026-07-01; 07:46:55; 2189; 1115; 34.31; 1006.1576953125; 32.26953125
2026-07-01; 07:47:55; 2184; 1102; 34.26; 1006.2091015625; 32.3916015625
2026-07-01; 07:48:55; 2184; 1102; 34.43; 1006.220234375; 32.208984375
2026-07-01; 07:49:55; 2184; 1102; 34.37; 1006.291171875; 32.2958984375
2026-07-01; 07:50:55; 2166; 1062; 34.26; 1006.2366015625; 32.4951171875
2026-07-01; 07:51:55; 2148; 1023; 34.47; 1006.2359375; 32.1083984375
2026-07-01; 07:52:55; 2148; 1023; 34.33; 1006.2441015625; 32.3056640625
2026-07-01; 07:53:55; 2128; 981; 34.39; 1006.2400390625; 32.2626953125
2026-07-01; 07:54:55; 2128; 981; 34.35; 1006.2598046875; 32.2939453125
2026-07-01; 07:55:55; 2120; 963; 34.28; 1006.248203125; 32.4052734375
2026-07-01; 07:56:55; 2102; 925; 34.26; 1006.2718359375; 32.4501953125
2026-07-01; 07:57:55; 2102; 925; 34.38; 1006.2518359375; 32.216796875
2026-07-01; 07:58:55; 2094; 906; 34.3; 1006.2994140625; 32.359375
2026-07-01; 07:59:55; 2078; 878; 34.45; 1006.2320703125; 32.1416015625
2026-07-01; 08:00:56; 2068; 857; 34.37; 1006.244140625; 32.25
2026-07-01; 08:01:56; 2060; 840; 34.28; 1006.2405078125; 32.392578125
2026-07-01; 08:02:56; 2052; 829; 34.19; 1006.2719921875; 32.501953125
2026-07-01; 08:03:56; 2052; 829; 34.33; 1006.2639453125; 32.3046875
2026-07-01; 08:04:56; 2025; 794; 34.23; 1006.279765625; 32.4931640625
2026-07-01; 08:05:56; 2017; 776; 34.26; 1006.291640625; 32.4716796875
2026-07-01; 08:06:56; 2002; 750; 34.38; 1006.279375; 32.376953125
2026-07-01; 08:07:56; 1994; 736; 34.4; 1006.33828125; 32.35546875
2026-07-01; 08:08:56; 2002; 750; 34.29; 1006.3112109375; 32.6015625
2026-07-01; 08:09:56; 2010; 765; 34.43; 1006.2832421875; 32.4267578125
2026-07-01; 08:10:56; 2017; 776; 34.46; 1006.3578515625; 32.40625
2026-07-01; 08:11:56; 2034; 809; 34.58; 1006.3182421875; 32.25390625
2026-07-01; 08:12:56; 2052; 829; 34.35; 1006.3503515625; 32.6162109375
2026-07-01; 08:13:56; 2060; 840; 34.56; 1006.2593359375; 32.2294921875
2026-07-01; 08:14:56; 2060; 840; 34.58; 1006.290703125; 32.1962890625
2026-07-01; 08:15:56; 2060; 840; 34.55; 1006.3182421875; 32.1826171875
2026-07-01; 08:16:56; 2034; 809; 34.47; 1006.3383203125; 32.2802734375
2026-07-01; 08:17:56; 2034; 809; 34.5; 1006.2753125; 32.443359375
2026-07-01; 08:18:56; 2052; 829; 34.48; 1006.3066796875; 32.671875
2026-07-01; 08:19:56; 2060; 840; 34.61; 1006.3928515625; 32.3828125
2026-07-01; 08:20:56; 2086; 891; 34.59; 1006.388984375; 32.5078125
2026-07-01; 08:21:56; 2102; 925; 34.65; 1006.4476171875; 32.419921875
2026-07-01; 08:22:56; 2110; 940; 34.7; 1006.43578125; 32.48046875
2026-07-01; 08:23:56; 2128; 981; 34.8; 1006.4271484375; 32.3037109375
2026-07-01; 08:24:56; 2136; 998; 34.79; 1006.4941015625; 32.22265625
2026-07-01; 08:25:56; 2156; 1040; 34.74; 1006.470703125; 32.42578125
2026-07-01; 08:26:56; 2166; 1062; 34.86; 1006.438671875; 32.2509765625
2026-07-01; 08:27:56; 2174; 1084; 34.77; 1006.4431640625; 32.267578125
2026-07-01; 08:28:56; 2184; 1102; 34.97; 1006.485625; 32.02734375
2026-07-01; 08:29:56; 2189; 1115; 34.86; 1006.466171875; 32.1005859375
2026-07-01; 08:30:56; 2197; 1138; 34.81; 1006.52546875; 32.189453125
2026-07-01; 08:31:56; 2189; 1115; 34.81; 1006.517734375; 32.130859375
2026-07-01; 08:32:56; 2189; 1115; 34.9; 1006.5289453125; 32.0458984375
2026-07-01; 08:33:56; 2189; 1115; 34.88; 1006.55265625; 32.228515625
2026-07-01; 08:34:56; 2197; 1138; 35.07; 1006.55984375; 31.9658203125
2026-07-01; 08:35:56; 2189; 1115; 34.96; 1006.5523046875; 32.234375
2026-07-01; 08:36:56; 2189; 1115; 34.9; 1006.52125; 32.263671875
2026-07-01; 08:37:56; 2184; 1102; 34.82; 1006.561015625; 32.408203125
2026-07-01; 08:38:56; 2184; 1102; 34.95; 1006.6192578125; 32.17578125
2026-07-01; 08:39:56; 2166; 1062; 34.95; 1006.654765625; 32.1416015625
2026-07-01; 08:40:56; 2156; 1040; 34.94; 1006.6115625; 32.140625
2026-07-01; 08:41:56; 2148; 1023; 34.88; 1006.690390625; 32.16015625
2026-07-01; 08:42:57; 2136; 998; 34.87; 1006.6195703125; 32.08984375
2026-07-01; 08:43:57; 2120; 963; 34.94; 1006.666640625; 32.025390625
2026-07-01; 08:44:57; 2110; 940; 35.01; 1006.6585546875; 31.892578125
2026-07-01; 08:45:57; 2102; 925; 34.97; 1006.6784765625; 31.923828125
2026-07-01; 08:46:57; 2094; 906; 34.9; 1006.6314453125; 31.953125
2026-07-01; 08:47:57; 2086; 891; 35.01; 1006.603515625; 31.685546875
2026-07-01; 08:48:57; 2060; 840; 34.92; 1006.64296875; 31.748046875
2026-07-01; 08:49:57; 2034; 809; 35.01; 1006.6585546875; 31.59375
2026-07-01; 08:50:57; 2017; 776; 35.04; 1006.7056640625; 31.5029296875
2026-07-01; 08:51:57; 1994; 736; 34.91; 1006.7374609375; 31.6220703125
2026-07-01; 08:52:57; 1971; 696; 35.01; 1006.776484375; 31.4443359375
2026-07-01; 08:53:57; 1954; 670; 35.05; 1006.721328125; 31.3544921875
2026-07-01; 08:54:57; 1948; 659; 35.06; 1006.6819140625; 31.33203125
2026-07-01; 08:55:57; 1940; 649; 35.27; 1006.637109375; 30.9892578125
2026-07-01; 08:56:57; 1933; 634; 35.29; 1006.72359375; 30.9208984375
2026-07-01; 08:57:57; 1911; 601; 35.21; 1006.7794140625; 31.0087890625
2026-07-01; 08:58:57; 1898; 582; 35.23; 1006.7476953125; 30.986328125
2026-07-01; 08:59:57; 1883; 559; 35.23; 1006.7752734375; 30.974609375
2026-07-01; 09:00:57; 1877; 550; 35.17; 1006.7442578125; 31.0517578125
2026-07-01; 09:01:57; 1866; 538; 35.25; 1006.83421875; 30.8955078125
2026-07-01; 09:02:57; 1860; 529; 35.3; 1006.794375; 30.794921875
2026-07-01; 09:03:57; 1847; 511; 35.28; 1006.818125; 30.86328125
2026-07-01; 09:04:57; 1847; 511; 35.17; 1006.7442578125; 30.9599609375
2026-07-01; 09:05:57; 1841; 503; 35.21; 1006.7990234375; 30.927734375
2026-07-01; 09:06:57; 1841; 503; 35.19; 1006.8307421875; 30.9609375
2026-07-01; 09:07:57; 1841; 503; 35.09; 1006.85875; 31.1259765625
2026-07-01; 09:08:57; 1834; 494; 35.17; 1006.799375; 31.005859375
2026-07-01; 09:09:57; 1841; 503; 35.16; 1006.83078125; 31.015625
2026-07-01; 09:10:57; 1834; 494; 35.17; 1006.8269140625; 31.005859375
2026-07-01; 09:11:57; 1841; 503; 35.23; 1006.767578125; 30.962890625
2026-07-01; 09:12:57; 1834; 494; 35.25; 1006.8262109375; 30.94140625
2026-07-01; 09:13:57; 1852; 518; 35.37; 1006.7663671875; 30.765625
2026-07-01; 09:14:57; 1860; 529; 35.35; 1006.798125; 30.822265625
2026-07-01; 09:15:57; 1860; 529; 35.25; 1006.806640625; 30.9990234375
2026-07-01; 09:16:57; 1866; 538; 35.4; 1006.805703125; 30.779296875
2026-07-01; 09:17:57; 1860; 529; 35.33; 1006.7667578125; 30.84375
2026-07-01; 09:18:57; 1860; 529; 35.36; 1006.813828125; 30.810546875
2026-07-01; 09:19:57; 1866; 538; 35.36; 1006.750703125; 30.787109375
2026-07-01; 09:20:57; 1866; 538; 35.38; 1006.85703125; 30.7666015625
2026-07-01; 09:21:57; 1847; 511; 35.4; 1006.805703125; 30.7099609375
2026-07-01; 09:22:57; 1841; 503; 35.33; 1006.7116015625; 30.7978515625
2026-07-01; 09:23:57; 1841; 503; 35.37; 1006.7663671875; 30.7197265625
2026-07-01; 09:24:57; 1834; 494; 35.38; 1006.78203125; 30.7080078125
2026-07-01; 09:25:58; 1803; 452; 35.39; 1006.852890625; 30.6513671875
2026-07-01; 09:26:58; 1803; 452; 35.43; 1006.8053125; 30.5615234375
2026-07-01; 09:27:58; 1793; 442; 35.48; 1006.7462109375; 30.4501953125
2026-07-01; 09:28:58; 1803; 452; 35.49; 1006.7541796875; 30.427734375
2026-07-01; 09:29:58; 1803; 452; 35.48; 1006.7462109375; 30.427734375
2026-07-01; 09:30:58; 1775; 420; 35.49; 1006.7894140625; 30.3701171875
2026-07-01; 09:31:58; 1764; 407; 35.5; 1006.75; 30.2900390625
2026-07-01; 09:32:58; 1752; 392; 35.45; 1006.72640625; 30.34375
2026-07-01; 09:33:58; 1741; 381; 35.55; 1006.757578125; 30.177734375
2026-07-01; 09:34:58; 1736; 374; 35.56; 1006.72578125; 30.14453125
2026-07-01; 09:35:58; 1724; 361; 35.59; 1006.7926953125; 30.076171875
2026-07-01; 09:36:58; 1704; 342; 35.58; 1006.7847265625; 30.076171875
2026-07-01; 09:37:58; 1686; 324; 35.61; 1006.851640625; 30.009765625
2026-07-01; 09:38:58; 1669; 308; 35.66; 1006.8748828125; 29.884765625
2026-07-01; 09:39:58; 1654; 293; 35.66; 1006.8748828125; 29.884765625
2026-07-01; 09:40:58; 1660; 298; 35.71; 1006.925703125; 29.7734375
2026-07-01; 09:41:58; 1686; 324; 35.71; 1006.8901171875; 29.73828125
2026-07-01; 09:42:58; 1654; 293; 35.73; 1006.8743359375; 29.58984375
2026-07-01; 09:43:58; 1611; 255; 35.75; 1006.9528515625; 29.544921875
2026-07-01; 09:44:58; 1601; 246; 35.75; 1006.9056640625; 29.5908203125
2026-07-01; 09:45:58; 1606; 249; 35.75; 1006.9056640625; 29.521484375
2026-07-01; 09:46:58; 1601; 246; 35.74; 1006.7796875; 29.533203125
2026-07-01; 09:47:58; 1575; 226; 35.74; 1006.917578125; 29.521484375
2026-07-01; 09:48:58; 1560; 214; 35.76; 1006.9409375; 29.5107421875
2026-07-01; 09:49:58; 1592; 238; 35.76; 1006.913359375; 29.5107421875
2026-07-01; 09:50:58; 1632; 274; 35.75; 1006.93328125; 29.509765625
2026-07-01; 09:51:58; 1664; 302; 35.74; 1006.89; 29.509765625
2026-07-01; 09:52:58; 1708; 347; 35.75; 1006.9528515625; 29.521484375
2026-07-01; 09:53:58; 1708; 347; 35.75; 1006.9804296875; 29.4755859375
2026-07-01; 09:54:58; 1747; 387; 35.75; 1006.960859375; 29.4873046875
2026-07-01; 09:55:58; 1729; 366; 35.74; 1006.94515625; 29.4296875
2026-07-01; 09:56:58; 1708; 347; 35.79; 1006.960390625; 29.38671875
2026-07-01; 09:57:58; 1715; 354; 35.76; 1006.913359375; 29.4072265625
2026-07-01; 09:58:58; 1715; 354; 35.75; 1006.9056640625; 29.40625
2026-07-01; 09:59:58; 1724; 361; 35.8; 1006.9208984375; 29.36328125
2026-07-01; 10:00:58; 1747; 387; 35.83; 1006.904765625; 29.341796875
2026-07-01; 10:01:58; 1809; 460; 35.8; 1006.8933203125; 29.38671875
2026-07-01; 10:02:58; 1866; 538; 35.8; 1006.901015625; 29.4443359375
2026-07-01; 10:03:58; 1926; 625; 35.77; 1006.853984375; 29.4775390625
2026-07-01; 10:04:58; 2025; 794; 35.76; 1006.866171875; 29.4765625
2026-07-01; 10:05:59; 2068; 857; 35.73; 1006.8467578125; 29.4169921875
2026-07-01; 10:06:59; 2078; 878; 35.72; 1006.8586328125; 29.3935546875
2026-07-01; 10:07:59; 2060; 840; 35.71; 1006.7878125; 29.3466796875
2026-07-01; 10:08:59; 2110; 940; 35.68; 1006.8430859375; 29.4482421875
2026-07-01; 10:09:59; 2189; 1115; 35.65; 1006.85921875; 29.6083984375
2026-07-01; 10:10:59; 2289; 1334; 35.6; 1006.8359375; 29.8466796875
2026-07-01; 10:11:59; 2365; 1492; 35.5; 1006.7775390625; 29.8984375
2026-07-01; 10:12:59; 2388; 1546; 35.52; 1006.848359375; 29.703125
2026-07-01; 10:13:59; 2409; 1588; 35.53; 1006.8166015625; 29.5771484375
2026-07-01; 10:14:59; 2509; 1804; 35.43; 1006.915625; 29.8125
2026-07-01; 10:15:59; 2623; 2040; 35.44; 1006.8485546875; 29.87109375
2026-07-01; 10:16:59; 2666; 2132; 35.24; 1006.8736328125; 30.123046875
2026-07-01; 10:17:59; 2786; 2404; 35.22; 1006.8146875; 29.9951171875
2026-07-01; 10:18:59; 2832; 2501; 35.13; 1006.8388671875; 29.81640625
2026-07-01; 10:19:59; 2815; 2468; 34.84; 1006.820390625; 29.8896484375
2026-07-01; 10:20:59; 2768; 2359; 34.54; 1006.8335546875; 30.03125
2026-07-01; 10:21:59; 2848; 2536; 34.8; 1006.8953125; 30.1513671875
2026-07-01; 10:22:59; 3062; 2979; 34.94; 1006.8319140625; 30.9208984375
2026-07-01; 10:23:59; 3195; 3259; 35.0; 1006.86328125; 32.6630859375
2026-07-01; 10:24:59; 3322; 3535; 35.07; 1006.8629296875; 32.7373046875
2026-07-01; 10:25:59; 3483; 3876; 35.18; 1006.87015625; 34.529296875
2026-07-01; 10:26:59; 3609; 4144; 35.17; 1006.909609375; 35.505859375
2026-07-01; 10:27:59; 3661; 4256; 35.27; 1006.857578125; 35.6171875
2026-07-01; 10:28:59; 3710; 4359; 35.18; 1006.815078125; 35.05859375
2026-07-01; 10:29:59; 3686; 4313; 35.18; 1006.834609375; 33.2392578125
2026-07-01; 10:30:59; 3580; 4092; 35.02; 1006.8119921875; 34.216796875
2026-07-01; 10:31:59; 3710; 4359; 34.99; 1006.8751171875; 37.4912109375
2026-07-01; 10:32:59; 3914; 4814; 35.05; 1006.866796875; 38.7041015625
2026-07-01; 10:33:59; 4120; 5232; 34.82; 1006.8441015625; 37.7890625
2026-07-01; 10:34:59; 4333; 5690; 34.97; 1006.879296875; 37.5595703125
2026-07-01; 10:36:00; 4481; 6012; 34.92; 1006.96578125; 35.9921875
2026-07-01; 10:37:00; 4519; 6088; 34.97; 1006.981484375; 35.6279296875
2026-07-01; 10:38:00; 4597; 6268; 35.01; 1006.906484375; 36.5634765625
2026-07-01; 10:39:00; 4777; 6658; 34.91; 1006.9501171875; 36.1640625
2026-07-01; 10:40:00; 4820; 6740; 34.85; 1006.8834765625; 35.412109375
2026-07-01; 10:41:00; 4777; 6658; 34.89; 1006.891171875; 36.703125
2026-07-01; 10:42:00; 4820; 6740; 35.04; 1006.8984765625; 35.9091796875
2026-07-01; 10:43:00; 4732; 6547; 34.71; 1006.8094140625; 36.4013671875
2026-07-01; 10:44:00; 4558; 6174; 34.67; 1006.856796875; 34.8583984375
2026-07-01; 10:45:00; 4597; 6268; 34.81; 1006.87578125; 37.3037109375
2026-07-01; 10:46:00; 4642; 6363; 34.86; 1006.8793359375; 35.2060546875
2026-07-01; 10:47:00; 4691; 6469; 34.9; 1006.88703125; 35.818359375
2026-07-01; 10:48:00; 4642; 6363; 34.76; 1006.8130078125; 33.6240234375
2026-07-01; 10:49:00; 4437; 5922; 34.8; 1006.8876171875; 33.2119140625
2026-07-01; 10:50:00; 4296; 5610; 34.6; 1006.9277734375; 33.8759765625
2026-07-01; 10:51:00; 4220; 5452; 34.58; 1006.868828125; 33.7255859375
2026-07-01; 10:52:00; 4220; 5452; 34.74; 1006.9112890625; 34.333984375
2026-07-01; 10:53:00; 4188; 5374; 34.77; 1006.9033203125; 35.40625
2026-07-01; 10:54:00; 4256; 5538; 34.72; 1006.8879296875; 36.7236328125
2026-07-01; 10:55:00; 4220; 5452; 34.69; 1006.8408203125; 36.43359375
2026-07-01; 10:56:00; 4188; 5374; 34.75; 1006.899453125; 36.794921875
2026-07-01; 10:57:00; 4188; 5374; 34.81; 1006.930859375; 34.4775390625
2026-07-01; 10:58:00; 4220; 5452; 34.74; 1006.8562109375; 35.126953125
2026-07-01; 10:59:00; 4296; 5610; 34.76; 1006.895625; 37.5771484375
2026-07-01; 11:00:00; 4400; 5839; 34.82; 1006.7890234375; 35.9501953125
2026-07-01; 11:01:00; 4519; 6088; 34.84; 1006.7928515625; 35.2275390625
2026-07-01; 11:02:00; 4597; 6268; 34.82; 1006.8165625; 34.9501953125
2026-07-01; 11:03:00; 4597; 6268; 34.91; 1006.78484375; 33.53125
2026-07-01; 11:04:00; 4642; 6363; 34.88; 1006.737734375; 32.5849609375
2026-07-01; 11:05:00; 4558; 6174; 34.8; 1006.7576171875; 32.05078125
2026-07-01; 11:06:01; 4519; 6088; 34.76; 1006.7303515625; 31.5185546875
2026-07-01; 11:07:01; 4558; 6174; 34.83; 1006.82453125; 31.8681640625
2026-07-01; 11:08:01; 4642; 6363; 34.83; 1006.7496484375; 30.958984375
2026-07-01; 11:09:01; 4691; 6469; 34.85; 1006.8085546875; 30.822265625
2026-07-01; 11:10:01; 4691; 6469; 34.85; 1006.7534765625; 30.384765625
2026-07-01; 11:11:01; 4732; 6547; 34.81; 1006.8559375; 30.037109375
2026-07-01; 11:12:01; 4732; 6547; 34.73; 1006.8680859375; 30.2744140625
2026-07-01; 11:13:01; 4642; 6363; 34.74; 1006.8562109375; 29.755859375
2026-07-01; 11:14:01; 4519; 6088; 34.73; 1006.848515625; 29.23828125
2026-07-01; 11:15:01; 4256; 5538; 34.61; 1006.8608984375; 28.3671875
2026-07-01; 11:16:01; 4008; 5023; 34.66; 1006.86859375; 28.7841796875
2026-07-01; 11:17:01; 3946; 4887; 34.67; 1006.939375; 28.6923828125
2026-07-01; 11:18:01; 3946; 4887; 34.69; 1006.888203125; 28.2333984375
2026-07-01; 11:19:01; 4039; 5081; 34.77; 1006.9033203125; 27.9970703125
2026-07-01; 11:20:01; 4120; 5232; 34.7; 1006.9391015625; 28.373046875
2026-07-01; 11:21:01; 4120; 5232; 34.73; 1006.8760546875; 27.580078125
2026-07-01; 11:22:01; 4120; 5232; 34.82; 1006.9266796875; 27.30859375
2026-07-01; 11:23:01; 4120; 5232; 34.83; 1006.9699609375; 27.447265625
2026-07-01; 11:24:01; 4156; 5316; 34.81; 1006.9583984375; 28.13671875
2026-07-01; 11:25:01; 4188; 5374; 34.81; 1006.930859375; 27.7333984375
2026-07-01; 11:26:01; 4156; 5316; 34.86; 1006.9344140625; 27.599609375
2026-07-01; 11:27:01; 4156; 5316; 34.82; 1007.05671875; 27.6650390625
2026-07-01; 11:28:01; 4073; 5164; 34.81; 1006.993671875; 27.4921875
2026-07-01; 11:29:01; 4073; 5164; 34.8; 1007.00546875; 27.6533203125
2026-07-01; 11:30:01; 4073; 5164; 34.88; 1006.930546875; 27.150390625
2026-07-01; 11:31:01; 4073; 5164; 34.86; 1006.9894921875; 27.1494140625
2026-07-01; 11:32:01; 4073; 5164; 34.84; 1007.0407421875; 27.2294921875
2026-07-01; 11:33:01; 4039; 5081; 34.88; 1006.9933203125; 26.966796875
2026-07-01; 11:34:01; 4039; 5081; 34.88; 1007.06828125; 26.6435546875
2026-07-01; 11:35:02; 4008; 5023; 34.9; 1007.052265625; 26.5986328125
2026-07-01; 11:36:02; 4073; 5164; 34.91; 1007.1153515625; 26.7373046875
2026-07-01; 11:37:02; 4039; 5081; 34.95; 1007.17015625; 26.5546875
2026-07-01; 11:38:02; 3946; 4887; 34.94; 1007.2175390625; 26.462890625
2026-07-01; 11:39:02; 3914; 4814; 34.89; 1007.1390625; 26.8291015625
2026-07-01; 11:40:02; 3885; 4766; 34.9; 1007.0445703125; 26.7138671875
2026-07-01; 11:41:02; 3855; 4702; 34.96; 1007.15828125; 26.3134765625
2026-07-01; 11:42:02; 3885; 4766; 34.91; 1007.123046875; 26.4384765625
2026-07-01; 11:43:02; 3885; 4766; 34.99; 1007.1505859375; 26.6845703125
2026-07-01; 11:44:02; 3826; 4613; 34.94; 1007.1900390625; 26.34765625
2026-07-01; 11:45:02; 3826; 4613; 34.91; 1007.142890625; 26.0810546875
2026-07-01; 11:46:02; 3800; 4551; 34.97; 1007.154765625; 25.853515625
2026-07-01; 11:47:02; 3826; 4613; 35.01; 1007.2172265625; 25.763671875
2026-07-01; 11:48:02; 3885; 4766; 35.04; 1007.173984375; 25.9951171875
2026-07-01; 11:49:02; 3914; 4814; 35.09; 1007.142265625; 25.7568359375
2026-07-01; 11:50:02; 3914; 4814; 35.17; 1007.212734375; 25.5654296875
2026-07-01; 11:51:02; 3946; 4887; 35.19; 1007.16140625; 25.53125
2026-07-01; 11:52:02; 3946; 4887; 35.15; 1007.0906640625; 25.4365234375
2026-07-01; 11:53:02; 4008; 5023; 35.14; 1007.165625; 25.517578125
2026-07-01; 11:54:02; 4039; 5081; 35.18; 1007.2008203125; 25.611328125
2026-07-01; 11:55:02; 4039; 5081; 35.28; 1007.286640625; 25.490234375
2026-07-01; 11:56:02; 4120; 5232; 35.32; 1007.1840625; 25.619140625
2026-07-01; 11:57:02; 4120; 5232; 35.33; 1007.2273046875; 25.8740234375
2026-07-01; 11:58:02; 4073; 5164; 35.32; 1007.3023046875; 25.619140625
2026-07-01; 11:59:02; 4120; 5232; 35.33; 1007.2273046875; 25.7119140625
2026-07-01; 12:00:02; 4073; 5164; 35.35; 1007.2035546875; 25.5517578125
2026-07-01; 12:01:02; 4073; 5164; 35.36; 1007.19171875; 25.86328125
2026-07-01; 12:02:02; 4039; 5081; 35.31; 1007.2234765625; 26.0693359375
2026-07-01; 12:03:02; 3946; 4887; 35.31; 1007.2039453125; 25.76953125
2026-07-01; 12:04:02; 3885; 4766; 35.34; 1007.187890625; 25.30859375
2026-07-01; 12:05:02; 3885; 4766; 35.34; 1007.21546875; 25.423828125
2026-07-01; 12:06:02; 3977; 4952; 35.35; 1007.2035546875; 25.6552734375
2026-07-01; 12:07:02; 4008; 5023; 35.41; 1007.1874609375; 25.4853515625
2026-07-01; 12:08:02; 4039; 5081; 35.46; 1007.2383203125; 25.5810546875
2026-07-01; 12:09:02; 4073; 5164; 35.5; 1007.2462109375; 25.537109375
2026-07-01; 12:10:02; 4039; 5081; 35.45; 1007.1873828125; 24.96875
2026-07-01; 12:11:02; 4073; 5164; 35.46; 1007.2030859375; 25.0732421875
2026-07-01; 12:12:02; 4039; 5081; 35.46; 1007.230625; 25.0263671875
2026-07-01; 12:13:02; 4008; 5023; 35.53; 1007.257734375; 24.6494140625
2026-07-01; 12:14:02; 3946; 4887; 35.53; 1007.2500390625; 24.40625
2026-07-01; 12:15:02; 3977; 4952; 35.63; 1007.241484375; 24.6435546875
2026-07-01; 12:16:03; 3977; 4952; 35.6; 1007.2495703125; 24.69921875
2026-07-01; 12:17:03; 3977; 4952; 35.48; 1007.297578125; 24.32421875
2026-07-01; 12:18:03; 3946; 4887; 35.44; 1007.3172265625; 24.40234375
2026-07-01; 12:19:03; 3977; 4952; 35.49; 1007.258125; 24.2783203125
2026-07-01; 12:20:03; 3977; 4952; 35.51; 1007.36421875; 24.1640625
2026-07-01; 12:21:03; 4008; 5023; 35.47; 1007.3369921875; 24.0810546875
2026-07-01; 12:22:03; 4008; 5023; 35.52; 1007.324765625; 24.013671875
2026-07-01; 12:23:03; 3977; 4952; 35.54; 1007.2933203125; 23.9228515625
2026-07-01; 12:24:03; 3914; 4814; 35.52; 1007.261953125; 23.62109375
2026-07-01; 12:25:03; 3855; 4702; 35.52; 1007.3170703125; 23.529296875
2026-07-01; 12:26:03; 3800; 4551; 35.49; 1007.2228515625; 23.55078125
2026-07-01; 12:27:03; 3770; 4489; 35.5; 1007.2462109375; 23.435546875
2026-07-01; 12:28:03; 3710; 4359; 35.53; 1007.139765625; 23.4365234375
2026-07-01; 12:29:03; 3686; 4313; 35.46; 1007.155625; 23.3984375
2026-07-01; 12:30:03; 3661; 4256; 35.39; 1007.183671875; 23.3369140625
2026-07-01; 12:31:03; 3686; 4313; 35.46; 1007.183203125; 23.4453125
2026-07-01; 12:32:03; 3661; 4256; 35.51; 1007.25390625; 23.2626953125
2026-07-01; 12:33:03; 3661; 4256; 35.47; 1007.2819140625; 23.1455078125
2026-07-01; 12:34:03; 3661; 4256; 35.45; 1007.2501953125; 23.2705078125
2026-07-01; 12:35:03; 3637; 4204; 35.5; 1007.2462109375; 23.169921875
2026-07-01; 12:36:03; 3686; 4313; 35.45; 1007.29765625; 23.109375
2026-07-01; 12:37:03; 3661; 4256; 35.5; 1007.2737890625; 23.0546875
2026-07-01; 12:38:03; 3661; 4256; 35.61; 1007.3005078125; 23.0712890625
2026-07-01; 12:39:03; 3686; 4313; 35.56; 1007.297109375; 22.953125
2026-07-01; 12:40:03; 3686; 4313; 35.52; 1007.324765625; 22.7890625
2026-07-01; 12:41:03; 3686; 4313; 35.51; 1007.36421875; 23.0546875
2026-07-01; 12:42:03; 3686; 4313; 35.46; 1007.3684765625; 22.8671875
2026-07-01; 12:43:03; 3686; 4313; 35.54; 1007.376015625; 22.9404296875
2026-07-01; 12:44:03; 3637; 4204; 35.5; 1007.3289453125; 22.9501953125
2026-07-01; 12:45:03; 3661; 4256; 35.46; 1007.313359375; 22.9365234375
2026-07-01; 12:46:03; 3637; 4204; 35.49; 1007.31328125; 22.97265625
2026-07-01; 12:47:03; 3637; 4204; 35.48; 1007.297578125; 22.8916015625
2026-07-01; 12:48:03; 3661; 4256; 35.45; 1007.3053515625; 23.0400390625
2026-07-01; 12:49:03; 3661; 4256; 35.53; 1007.2776171875; 23.1591796875
2026-07-01; 12:50:03; 3661; 4256; 35.48; 1007.21484375; 23.1455078125
2026-07-01; 12:51:03; 3637; 4204; 35.48; 1007.21484375; 23.111328125
2026-07-01; 12:52:03; 3609; 4144; 35.48; 1007.32515625; 23.123046875
2026-07-01; 12:53:03; 3609; 4144; 35.52; 1007.206796875; 23.1015625
2026-07-01; 12:54:03; 3661; 4256; 35.53; 1007.2776171875; 23.08984375
2026-07-01; 12:55:03; 3686; 4313; 35.54; 1007.2734375; 23.0673828125
2026-07-01; 12:56:03; 3739; 4428; 35.55; 1007.3166796875; 23.18359375
2026-07-01; 12:57:03; 3800; 4551; 35.54; 1007.3484765625; 23.171875
2026-07-01; 12:58:04; 3826; 4613; 35.54; 1007.376015625; 23.3681640625
2026-07-01; 12:59:04; 3885; 4766; 35.67; 1007.3237890625; 23.177734375
2026-07-01; 13:00:04; 3946; 4887; 35.69; 1007.272421875; 23.2138671875
2026-07-01; 13:01:04; 3977; 4952; 35.7; 1007.3237109375; 23.076171875
2026-07-01; 13:02:04; 4008; 5023; 35.61; 1007.265234375; 23.291015625
2026-07-01; 13:03:04; 4073; 5164; 35.63; 1007.2767578125; 23.1533203125
2026-07-01; 13:04:04; 4220; 5452; 35.67; 1007.2686328125; 23.3623046875
2026-07-01; 13:05:04; 4256; 5538; 35.71; 1007.256640625; 23.3193359375
2026-07-01; 13:06:04; 4370; 5767; 35.65; 1007.25296875; 23.3388671875
2026-07-01; 13:07:04; 4437; 5922; 35.71; 1007.311796875; 23.4462890625
2026-07-01; 13:08:04; 4519; 6088; 35.69; 1007.3080078125; 23.43359375
2026-07-01; 13:09:04; 4597; 6268; 35.7; 1007.2961328125; 23.5615234375
2026-07-01; 13:10:04; 4597; 6268; 35.68; 1007.2371484375; 23.38671875
2026-07-01; 13:11:04; 4642; 6363; 35.7; 1007.315703125; 23.4228515625
2026-07-01; 13:12:04; 4777; 6658; 35.64; 1007.2847265625; 23.5
2026-07-01; 13:13:04; 4820; 6740; 35.74; 1007.3037109375; 23.3203125
2026-07-01; 13:14:04; 4866; 6829; 35.68; 1007.264765625; 23.3173828125
2026-07-01; 13:15:04; 4923; 6940; 35.62; 1007.253359375; 23.314453125
2026-07-01; 13:16:04; 4923; 6940; 35.57; 1007.25765625; 23.404296875
2026-07-01; 13:17:04; 4923; 6940; 35.63; 1007.2966015625; 23.2802734375
2026-07-01; 13:18:04; 4866; 6829; 35.56; 1007.2220703125; 23.416015625
2026-07-01; 13:19:04; 4732; 6547; 35.53; 1007.2301953125; 23.4482421875
2026-07-01; 13:20:04; 4642; 6363; 35.52; 1007.2420703125; 23.482421875
2026-07-01; 13:21:04; 4519; 6088; 35.55; 1007.20640625; 23.49609375
2026-07-01; 13:22:04; 4437; 5922; 35.55; 1007.1987109375; 23.576171875
2026-07-01; 13:23:04; 4400; 5839; 35.58; 1007.1983203125; 23.578125
2026-07-01; 13:24:04; 4370; 5767; 35.63; 1007.186328125; 23.5458984375
2026-07-01; 13:25:04; 4481; 6012; 35.57; 1007.0646484375; 23.681640625
2026-07-01; 13:26:04; 4519; 6088; 35.57; 1007.0646484375; 23.681640625
2026-07-01; 13:27:04; 4597; 6268; 35.56; 1007.1868359375; 23.658203125
2026-07-01; 13:28:04; 4597; 6268; 35.62; 1007.198203125; 23.4873046875
2026-07-01; 13:29:04; 4558; 6174; 35.57; 1007.1473828125; 23.6240234375
2026-07-01; 13:30:04; 4519; 6088; 35.63; 1007.1664453125; 23.5810546875
2026-07-01; 13:31:04; 4437; 5922; 35.59; 1007.151171875; 23.6015625
2026-07-01; 13:32:04; 4481; 6012; 35.61; 1007.1825390625; 23.68359375
2026-07-01; 13:33:04; 4519; 6088; 35.67; 1007.13875; 23.62890625
2026-07-01; 13:34:04; 4519; 6088; 35.66; 1007.20578125; 23.4658203125
2026-07-01; 13:35:04; 4558; 6174; 35.69; 1007.1976953125; 23.318359375
2026-07-01; 13:36:04; 4558; 6174; 35.64; 1007.1192578125; 23.326171875
2026-07-01; 13:37:04; 4558; 6174; 35.67; 1007.111171875; 23.3056640625
2026-07-01; 13:38:04; 4481; 6012; 35.57; 1007.1473828125; 23.3115234375
2026-07-01; 13:39:04; 4370; 5767; 35.54; 1007.10796875; 23.3447265625
2026-07-01; 13:40:04; 4296; 5610; 35.56; 1007.0842578125; 23.380859375
2026-07-01; 13:41:05; 4296; 5610; 35.59; 1007.01328125; 23.2548828125
2026-07-01; 13:42:05; 4256; 5538; 35.68; 1007.099296875; 23.14453125
2026-07-01; 13:43:05; 4296; 5610; 35.68; 1007.2016015625; 23.1328125
2026-07-01; 13:44:05; 4296; 5610; 35.67; 1007.08359375; 23.1318359375
2026-07-01; 13:45:05; 4296; 5610; 35.69; 1007.0242578125; 23.1787109375
2026-07-01; 13:46:05; 4333; 5690; 35.64; 1007.0916796875; 23.1181640625
2026-07-01; 13:47:05; 4333; 5690; 35.6; 1007.0841015625; 23.10546875
2026-07-01; 13:48:05; 4296; 5610; 35.63; 1007.020859375; 23.2109375
2026-07-01; 13:49:05; 4333; 5690; 35.64; 1007.1192578125; 23.083984375
2026-07-01; 13:50:05; 4333; 5690; 35.72; 1007.1344140625; 23.1005859375
2026-07-01; 13:51:05; 4333; 5690; 35.67; 1007.111171875; 23.0166015625
2026-07-01; 13:52:05; 4333; 5690; 35.71; 1007.06359375; 23.041015625
2026-07-01; 13:53:05; 4256; 5538; 35.8; 1007.0940625; 22.849609375
2026-07-01; 13:54:05; 4220; 5452; 35.79; 1007.0783984375; 23.0107421875
2026-07-01; 13:55:05; 4256; 5538; 35.78; 1007.062734375; 22.90625
2026-07-01; 13:56:05; 4333; 5690; 35.72; 1006.9965234375; 22.9619140625
2026-07-01; 13:57:05; 4333; 5690; 35.78; 1007.062734375; 23.091796875
2026-07-01; 13:58:05; 4333; 5690; 35.83; 1007.042734375; 23.1162109375
2026-07-01; 13:59:05; 4296; 5610; 35.84; 1007.0663671875; 23.025390625
2026-07-01; 14:00:05; 4296; 5610; 35.84; 1007.03875; 23.025390625
2026-07-01; 14:01:05; 4256; 5538; 35.84; 1007.003203125; 23.10546875
2026-07-01; 14:02:05; 4256; 5538; 35.8; 1007.0389453125; 23.103515625
2026-07-01; 14:03:05; 4256; 5538; 35.82; 1006.9994140625; 23.1044921875
2026-07-01; 14:04:05; 4220; 5452; 35.77; 1006.991875; 23.2177734375
2026-07-01; 14:05:05; 4188; 5374; 35.82; 1007.02703125; 23.0126953125
2026-07-01; 14:06:05; 4188; 5374; 35.88; 1006.9831640625; 23.015625
2026-07-01; 14:07:05; 4220; 5452; 35.84; 1007.0112109375; 22.9326171875
2026-07-01; 14:08:05; 4220; 5452; 35.83; 1006.9679296875; 23.08203125
2026-07-01; 14:09:05; 4220; 5452; 35.78; 1007.03515625; 22.8369140625
2026-07-01; 14:10:05; 4256; 5538; 35.84; 1007.0112109375; 23.0478515625
2026-07-01; 14:11:05; 4296; 5610; 35.87; 1007.003046875; 22.95703125
2026-07-01; 14:12:05; 4256; 5538; 35.79; 1007.015546875; 22.953125
2026-07-01; 14:13:05; 4220; 5452; 35.8; 1006.97609375; 23.080078125
2026-07-01; 14:14:05; 4256; 5538; 35.89; 1006.943671875; 23.02734375
2026-07-01; 14:15:05; 4220; 5452; 35.83; 1006.9955078125; 23.1171875
2026-07-01; 14:16:05; 4188; 5374; 35.86; 1007.0069921875; 22.9912109375
2026-07-01; 14:17:05; 4188; 5374; 35.87; 1006.9675; 23.0498046875
2026-07-01; 14:18:05; 4156; 5316; 35.82; 1006.9246875; 23.0126953125
2026-07-01; 14:19:05; 4039; 5081; 35.82; 1007.035; 22.74609375
2026-07-01; 14:20:05; 3977; 4952; 35.84; 1006.948046875; 22.9326171875
2026-07-01; 14:21:05; 3977; 4952; 35.84; 1006.948046875; 22.81640625
2026-07-01; 14:22:05; 3977; 4952; 35.83; 1006.904765625; 22.8505859375
2026-07-01; 14:23:05; 4039; 5081; 35.88; 1006.900390625; 22.7958984375
2026-07-01; 14:24:06; 4073; 5164; 35.92; 1006.8607421875; 22.7978515625
2026-07-01; 14:25:06; 4120; 5232; 35.93; 1007.0063671875; 22.787109375
2026-07-01; 14:26:06; 4120; 5232; 35.91; 1006.947421875; 22.7509765625
2026-07-01; 14:27:06; 4120; 5232; 35.93; 1006.758046875; 22.8447265625
2026-07-01; 14:28:06; 4156; 5316; 35.94; 1006.8289453125; 22.775390625
2026-07-01; 14:29:06; 4156; 5316; 35.99; 1006.8723046875; 22.80078125
2026-07-01; 14:30:06; 4156; 5316; 35.92; 1006.8883203125; 22.8671875
2026-07-01; 14:31:06; 4120; 5232; 35.96; 1006.8051171875; 22.9150390625
2026-07-01; 14:32:06; 4120; 5232; 35.97; 1006.895859375; 22.845703125
2026-07-01; 14:33:06; 4073; 5164; 35.96; 1006.8326953125; 22.7880859375
2026-07-01; 14:34:06; 4073; 5164; 35.98; 1006.856640625; 22.8125
2026-07-01; 14:35:06; 4073; 5164; 36.01; 1006.7656640625; 22.8603515625
2026-07-01; 14:36:06; 4008; 5023; 36.03; 1006.8598828125; 22.7451171875
2026-07-01; 14:37:06; 4008; 5023; 35.95; 1006.852578125; 22.810546875
2026-07-01; 14:38:06; 4008; 5023; 35.95; 1006.825; 22.857421875
2026-07-01; 14:39:06; 4039; 5081; 35.93; 1006.82125; 22.8095703125
2026-07-01; 14:40:06; 4073; 5164; 35.88; 1006.7624609375; 22.6455078125
2026-07-01; 14:41:06; 4039; 5081; 35.85; 1006.798203125; 22.7587890625
2026-07-01; 14:42:06; 4008; 5023; 35.84; 1006.7629296875; 22.7705078125
2026-07-01; 14:43:06; 3946; 4887; 35.84; 1006.6801953125; 22.736328125
2026-07-01; 14:44:06; 3977; 4952; 35.87; 1006.746796875; 22.806640625
2026-07-01; 14:45:06; 4008; 5023; 35.87; 1006.774375; 22.4716796875
2026-07-01; 14:46:06; 4008; 5023; 35.87; 1006.8099609375; 22.69140625
2026-07-01; 14:47:06; 3977; 4952; 35.87; 1006.8099609375; 22.3095703125
2026-07-01; 14:48:06; 3977; 4952; 35.95; 1006.8721875; 22.41796875
2026-07-01; 14:49:06; 3977; 4952; 35.95; 1006.844609375; 22.12890625
2026-07-01; 14:50:06; 3977; 4952; 35.95; 1006.844609375; 22.533203125
2026-07-01; 14:51:06; 3914; 4814; 35.98; 1006.8290625; 22.314453125
2026-07-01; 14:52:06; 3914; 4814; 35.96; 1006.7775; 22.359375
2026-07-01; 14:53:06; 3914; 4814; 35.9; 1006.8845703125; 22.20703125
2026-07-01; 14:54:06; 3885; 4766; 35.92; 1006.9079296875; 22.369140625
2026-07-01; 14:55:06; 3885; 4766; 35.95; 1006.8169921875; 22.12890625
2026-07-01; 14:56:06; 3885; 4766; 35.94; 1006.8565234375; 22.2783203125
2026-07-01; 14:57:06; 3826; 4613; 35.95; 1006.88015625; 22.1630859375
2026-07-01; 14:58:06; 3826; 4613; 36.01; 1006.9036328125; 22.119140625
2026-07-01; 14:59:06; 3855; 4702; 35.99; 1006.88; 22.048828125
2026-07-01; 15:00:06; 3826; 4613; 36.07; 1006.914609375; 22.0302734375
2026-07-01; 15:01:06; 3800; 4551; 36.07; 1006.9698046875; 21.97265625
2026-07-01; 15:02:06; 3800; 4551; 36.05; 1006.993671875; 21.994140625
2026-07-01; 15:03:06; 3800; 4551; 35.97; 1007.01390625; 21.8056640625
2026-07-01; 15:04:06; 3826; 4613; 35.99; 1006.93515625; 22.1416015625
2026-07-01; 15:05:06; 3826; 4613; 35.95; 1007.07328125; 21.9892578125
2026-07-01; 15:06:06; 3855; 4702; 35.96; 1007.0533984375; 21.9892578125
2026-07-01; 15:07:07; 3885; 4766; 35.92; 1007.0734375; 21.98828125
2026-07-01; 15:08:07; 3885; 4766; 35.93; 1007.11671875; 21.9775390625
2026-07-01; 15:09:07; 3855; 4702; 35.94; 1007.140390625; 21.9541015625
2026-07-01; 15:10:07; 3885; 4766; 35.93; 1007.1798828125; 22.046875
2026-07-01; 15:11:07; 3885; 4766; 35.97; 1007.0691015625; 22.15234375
2026-07-01; 15:12:07; 3885; 4766; 35.95; 1007.092890625; 22.0244140625
2026-07-01; 15:13:07; 3914; 4814; 35.94; 1007.132421875; 21.9892578125
2026-07-01; 15:14:07; 3914; 4814; 35.88; 1007.148671875; 21.8583984375
2026-07-01; 15:15:07; 3914; 4814; 35.91; 1007.140546875; 21.9296875
2026-07-01; 15:16:07; 3885; 4766; 35.95; 1007.0653125; 21.7587890625
2026-07-01; 15:17:07; 3855; 4702; 35.95; 1007.12046875; 21.828125
2026-07-01; 15:18:07; 3855; 4702; 35.94; 1007.0851953125; 21.9541015625
2026-07-01; 15:19:07; 3855; 4702; 35.98; 1007.1325390625; 22.048828125
2026-07-01; 15:20:07; 3855; 4702; 35.93; 1007.06953125; 21.8271484375
2026-07-01; 15:21:07; 3855; 4702; 35.94; 1007.1127734375; 22.05859375
2026-07-01; 15:22:07; 3885; 4766; 35.94; 1007.1048046875; 21.884765625
2026-07-01; 15:23:07; 3885; 4766; 35.99; 1007.093046875; 21.93359375
2026-07-01; 15:24:07; 3885; 4766; 35.98; 1007.1126171875; 21.748046875
2026-07-01; 15:25:07; 3885; 4766; 35.97; 1007.0613671875; 21.8740234375
2026-07-01; 15:26:07; 3885; 4766; 36.0; 1007.1087109375; 22.0380859375
2026-07-01; 15:27:07; 3885; 4766; 36.01; 1007.0140234375; 21.9921875
2026-07-01; 15:28:07; 3885; 4766; 35.99; 1007.1205859375; 22.1064453125
2026-07-01; 15:29:07; 3885; 4766; 35.98; 1007.049765625; 22.072265625
2026-07-01; 15:30:07; 3914; 4814; 36.01; 1007.0769140625; 22.2119140625
2026-07-01; 15:31:07; 3885; 4766; 36.02; 1007.0649609375; 22.05078125
2026-07-01; 15:32:07; 3885; 4766; 36.01; 1007.02171875; 22.0966796875
2026-07-01; 15:33:07; 3946; 4887; 35.99; 1007.01796875; 22.0146484375
2026-07-01; 15:34:07; 3914; 4814; 36.0; 1006.9784765625; 22.0263671875
2026-07-01; 15:35:07; 3914; 4814; 35.99; 1007.045546875; 22.2109375
2026-07-01; 15:36:07; 3914; 4814; 35.97; 1006.986328125; 22.17578125
2026-07-01; 15:37:07; 3914; 4814; 35.99; 1006.9627734375; 22.408203125
2026-07-01; 15:38:07; 3885; 4766; 36.0; 1006.92328125; 22.00390625
2026-07-01; 15:39:07; 3855; 4702; 36.0; 1006.8956640625; 22.3740234375
2026-07-01; 15:40:07; 3826; 4613; 36.0; 1006.8956640625; 22.396484375
2026-07-01; 15:41:07; 3826; 4613; 36.01; 1006.8285546875; 22.2119140625
2026-07-01; 15:42:07; 3826; 4613; 36.01; 1006.7656640625; 22.3505859375
2026-07-01; 15:43:07; 3800; 4551; 35.99; 1006.78953125; 21.9912109375
2026-07-01; 15:44:07; 3800; 4551; 36.0; 1006.7576953125; 22.2236328125
2026-07-01; 15:45:07; 3770; 4489; 36.01; 1006.7656640625; 22.142578125
2026-07-01; 15:46:07; 3770; 4489; 36.03; 1006.7771484375; 22.1552734375
2026-07-01; 15:47:07; 3800; 4551; 36.01; 1006.6354296875; 22.130859375
2026-07-01; 15:48:07; 3770; 4489; 36.04; 1006.71; 22.46875
2026-07-01; 15:49:08; 3800; 4551; 36.02; 1006.6234765625; 22.0166015625
2026-07-01; 15:50:08; 3826; 4613; 36.03; 1006.60390625; 22.4443359375
2026-07-01; 15:51:08; 3770; 4489; 36.05; 1006.6429296875; 22.4453125
2026-07-01; 15:52:08; 3800; 4551; 36.04; 1006.591640625; 22.4677734375
2026-07-01; 15:53:08; 3770; 4489; 36.08; 1006.6267578125; 22.388671875
2026-07-01; 15:54:08; 3770; 4489; 36.1; 1006.63046875; 22.3896484375
2026-07-01; 15:55:08; 3739; 4428; 36.07; 1006.5914453125; 22.3662109375
2026-07-01; 15:56:08; 3739; 4428; 36.09; 1006.54; 22.482421875
2026-07-01; 15:57:08; 3686; 4313; 36.09; 1006.5951953125; 22.5283203125
2026-07-01; 15:58:08; 3686; 4313; 36.09; 1006.5951953125; 22.482421875
2026-07-01; 15:59:08; 3710; 4359; 36.09; 1006.5676171875; 22.447265625
2026-07-01; 16:00:08; 3686; 4313; 36.1; 1006.4925; 22.494140625
2026-07-01; 16:01:08; 3661; 4256; 36.09; 1006.5872265625; 22.470703125
2026-07-01; 16:02:08; 3686; 4313; 36.09; 1006.5951953125; 22.470703125
2026-07-01; 16:03:08; 3661; 4256; 36.09; 1006.5596484375; 22.5400390625
2026-07-01; 16:04:08; 3710; 4359; 36.08; 1006.57953125; 22.5517578125
2026-07-01; 16:05:08; 3739; 4428; 36.09; 1006.4492578125; 22.609375
2026-07-01; 16:06:08; 3661; 4256; 36.06; 1006.603359375; 22.5849609375
2026-07-01; 16:07:08; 3826; 4613; 36.08; 1006.5439453125; 22.4931640625
2026-07-01; 16:08:08; 3710; 4359; 36.06; 1006.548203125; 22.5966796875
2026-07-01; 16:09:08; 3637; 4204; 36.06; 1006.5126171875; 22.619140625
2026-07-01; 16:10:08; 3770; 4489; 36.07; 1006.500703125; 22.6552734375
2026-07-01; 16:11:08; 3710; 4359; 36.11; 1006.5280859375; 22.5634765625
2026-07-01; 16:12:08; 3739; 4428; 36.06; 1006.4654296875; 22.4814453125
2026-07-01; 16:13:08; 3710; 4359; 36.01; 1006.55265625; 22.443359375
2026-07-01; 16:14:08; 3661; 4256; 36.03; 1006.493515625; 22.36328125
2026-07-01; 16:15:08; 3553; 4026; 36.03; 1006.5563671875; 22.07421875
2026-07-01; 16:16:08; 3530; 3982; 36.08; 1006.551953125; 22.2041015625
2026-07-01; 16:17:08; 3483; 3876; 36.05; 1006.5325390625; 22.1796875
2026-07-01; 16:18:08; 3460; 3827; 35.98; 1006.45046875; 22.1298828125
2026-07-01; 16:19:08; 3344; 3584; 35.97; 1006.4620703125; 22.0830078125
2026-07-01; 16:20:08; 3253; 3400; 36.03; 1006.446015625; 21.900390625
2026-07-01; 16:21:08; 3235; 3360; 36.08; 1006.3508203125; 21.94921875
2026-07-01; 16:22:08; 3195; 3259; 36.07; 1006.425859375; 21.8564453125
2026-07-01; 16:23:08; 3174; 3213; 36.05; 1006.47734375; 21.7978515625
2026-07-01; 16:24:08; 3114; 3090; 36.03; 1006.4184375; 21.78515625
2026-07-01; 16:25:08; 3093; 3046; 36.02; 1006.4303515625; 21.80859375
2026-07-01; 16:26:08; 3114; 3090; 36.01; 1006.4621875; 21.853515625
2026-07-01; 16:27:08; 3114; 3090; 36.03; 1006.446015625; 21.9697265625
2026-07-01; 16:28:08; 3132; 3135; 36.06; 1006.5678125; 21.9599609375
2026-07-01; 16:29:08; 3153; 3168; 36.06; 1006.4930078125; 22.1220703125
2026-07-01; 16:30:08; 3174; 3213; 36.1; 1006.5476953125; 22.205078125
2026-07-01; 16:31:08; 3195; 3259; 36.09; 1006.54; 22.205078125
2026-07-01; 16:32:09; 3235; 3360; 36.1; 1006.520078125; 22.0546875
2026-07-01; 16:33:09; 3275; 3440; 36.12; 1006.54375; 22.125
2026-07-01; 16:34:09; 3235; 3360; 36.12; 1006.5790234375; 22.1484375
2026-07-01; 16:35:09; 3235; 3360; 36.14; 1006.4646875; 22.1953125
2026-07-01; 16:36:09; 3195; 3259; 36.15; 1006.5631640625; 22.1953125
2026-07-01; 16:37:09; 3195; 3259; 36.14; 1006.5474609375; 22.2998046875
2026-07-01; 16:38:09; 3153; 3168; 36.16; 1006.496015625; 22.2421875
2026-07-01; 16:39:09; 3153; 3168; 36.16; 1006.52359375; 22.27734375
2026-07-01; 16:40:09; 3153; 3168; 36.17; 1006.5745703125; 22.2548828125
2026-07-01; 16:41:09; 3132; 3135; 36.18; 1006.4721484375; 22.3017578125
2026-07-01; 16:42:09; 3114; 3090; 36.17; 1006.4841015625; 22.27734375
2026-07-01; 16:43:09; 3132; 3135; 36.19; 1006.5154296875; 22.2783203125
2026-07-01; 16:44:09; 3132; 3135; 36.19; 1006.4601953125; 22.232421875
2026-07-01; 16:45:09; 3114; 3090; 36.19; 1006.5154296875; 22.232421875
2026-07-01; 16:46:09; 3132; 3135; 36.18; 1006.535; 22.3134765625
2026-07-01; 16:47:09; 3174; 3213; 36.18; 1006.535; 22.3134765625
2026-07-01; 16:48:09; 3174; 3213; 36.21; 1006.4915234375; 22.291015625
2026-07-01; 16:49:09; 3132; 3135; 36.2; 1006.5111328125; 22.267578125
2026-07-01; 16:50:09; 3114; 3090; 36.21; 1006.4639453125; 22.1982421875
2026-07-01; 16:51:09; 3114; 3090; 36.2; 1006.475859375; 22.2099609375
2026-07-01; 16:52:09; 3174; 3213; 36.19; 1006.467890625; 22.3017578125
2026-07-01; 16:53:09; 3235; 3360; 36.2; 1006.475859375; 22.244140625
2026-07-01; 16:54:09; 3275; 3440; 36.19; 1006.4402734375; 22.1748046875
2026-07-01; 16:55:09; 3253; 3400; 36.2; 1006.4559375; 22.2568359375
2026-07-01; 16:56:09; 3235; 3360; 36.23; 1006.46765625; 22.26953125
2026-07-01; 16:57:09; 3195; 3259; 36.2; 1006.393046875; 22.2099609375
2026-07-01; 16:58:09; 3195; 3259; 36.21; 1006.40875; 22.291015625
2026-07-01; 16:59:09; 3235; 3360; 36.21; 1006.4915234375; 22.291015625
2026-07-01; 17:00:09; 3213; 3299; 36.22; 1006.5348046875; 22.2333984375
2026-07-01; 17:01:09; 3386; 3686; 36.16; 1006.413203125; 22.439453125
2026-07-01; 17:02:09; 3460; 3827; 36.21; 1006.54671875; 22.2216796875
2026-07-01; 17:03:09; 3506; 3926; 36.19; 1006.5430078125; 22.2900390625
2026-07-01; 17:04:09; 3506; 3926; 36.21; 1006.54671875; 22.2451171875
2026-07-01; 17:05:09; 3483; 3876; 36.23; 1006.530546875; 22.22265625
2026-07-01; 17:06:09; 3432; 3784; 36.24; 1006.621328125; 22.1533203125
2026-07-01; 17:07:09; 3409; 3728; 36.22; 1006.5348046875; 22.19921875
2026-07-01; 17:08:09; 3483; 3876; 36.19; 1006.57828125; 21.9892578125
2026-07-01; 17:09:09; 3432; 3784; 36.22; 1006.59; 22.2451171875
2026-07-01; 17:10:09; 3483; 3876; 36.21; 1006.54671875; 22.17578125
2026-07-01; 17:11:09; 3460; 3827; 36.2; 1006.5310546875; 22.09375
2026-07-01; 17:12:09; 3409; 3728; 36.23; 1006.585703125; 22.060546875
2026-07-01; 17:13:09; 3363; 3623; 36.24; 1006.5737890625; 22.0263671875
2026-07-01; 17:14:09; 3344; 3584; 36.25; 1006.609375; 22.0390625
2026-07-01; 17:15:10; 3275; 3440; 36.24; 1006.5737890625; 21.96875
2026-07-01; 17:16:10; 3253; 3400; 36.22; 1006.5623828125; 21.990234375
2026-07-01; 17:17:10; 3322; 3535; 36.21; 1006.574296875; 21.8740234375
2026-07-01; 17:18:10; 3344; 3584; 36.19; 1006.5230859375; 21.9658203125
2026-07-01; 17:19:10; 3432; 3784; 36.17; 1006.546953125; 21.9072265625
2026-07-01; 17:20:10; 3530; 3982; 36.15; 1006.4803515625; 21.89453125
2026-07-01; 17:21:10; 3483; 3876; 36.2; 1006.5034765625; 21.8046875
2026-07-01; 17:22:10; 3460; 3827; 36.25; 1006.554140625; 21.7958984375
2026-07-01; 17:23:10; 3460; 3827; 36.29; 1006.4787890625; 21.87890625
2026-07-01; 17:24:10; 3432; 3784; 36.31; 1006.529765625; 21.6708984375
2026-07-01; 17:25:10; 3386; 3686; 36.3; 1006.569296875; 21.4736328125
2026-07-01; 17:26:10; 3344; 3584; 36.32; 1006.497890625; 21.544921875
2026-07-01; 17:27:10; 3322; 3535; 36.3; 1006.521796875; 21.5546875
2026-07-01; 17:28:10; 3300; 3488; 36.29; 1006.4787890625; 21.54296875
2026-07-01; 17:29:10; 3300; 3488; 36.32; 1006.5177734375; 21.61328125
2026-07-01; 17:30:10; 3386; 3686; 36.25; 1006.4713671875; 21.541015625
2026-07-01; 17:31:10; 3363; 3623; 36.28; 1006.4907421875; 21.7392578125
2026-07-01; 17:32:10; 3386; 3686; 36.24; 1006.4280859375; 21.65625
2026-07-01; 17:33:10; 3460; 3827; 36.13; 1006.4490234375; 21.7080078125
2026-07-01; 17:34:10; 3363; 3623; 36.24; 1006.3530078125; 21.69140625
2026-07-01; 17:35:10; 3300; 3488; 36.2; 1006.393046875; 21.3642578125
2026-07-01; 17:36:10; 3153; 3168; 36.2; 1006.337890625; 21.4228515625
2026-07-01; 17:37:10; 3062; 2979; 36.21; 1006.3811328125; 21.2265625
2026-07-01; 17:38:10; 2988; 2817; 36.24; 1006.3805859375; 21.2509765625
2026-07-01; 17:39:10; 2919; 2673; 36.22; 1006.404453125; 21.087890625
2026-07-01; 17:40:10; 2832; 2501; 36.14; 1006.3619921875; 20.96875
2026-07-01; 17:41:10; 2768; 2359; 36.17; 1006.2908984375; 21.0048828125
2026-07-01; 17:42:10; 2737; 2297; 36.19; 1006.2669921875; 21.0283203125
2026-07-01; 17:43:10; 2737; 2297; 36.17; 1006.3184765625; 20.9462890625
2026-07-01; 17:44:10; 2709; 2235; 36.19; 1006.3221875; 20.9130859375
2026-07-01; 17:45:10; 2694; 2192; 36.19; 1006.302265625; 20.9013671875
2026-07-01; 17:46:10; 2722; 2268; 36.2; 1006.2627734375; 20.87890625
2026-07-01; 17:47:10; 2752; 2331; 36.24; 1006.234921875; 21.0078125
2026-07-01; 17:48:10; 2848; 2536; 36.23; 1006.282109375; 21.0654296875
2026-07-01; 17:49:10; 2815; 2468; 36.2; 1006.23515625; 20.9482421875
2026-07-01; 17:50:10; 2815; 2468; 36.24; 1006.2701953125; 21.0546875
2026-07-01; 17:51:10; 2815; 2468; 36.24; 1006.3176953125; 20.99609375
2026-07-01; 17:52:10; 2832; 2501; 36.27; 1006.3291015625; 21.1015625
2026-07-01; 17:53:10; 2786; 2404; 36.27; 1006.3015234375; 21.0205078125
2026-07-01; 17:54:10; 2752; 2331; 36.29; 1006.313203125; 20.84765625
2026-07-01; 17:55:10; 2752; 2331; 36.29; 1006.34078125; 20.8369140625
2026-07-01; 17:56:10; 2768; 2359; 36.33; 1006.340234375; 21.03515625
2026-07-01; 17:57:10; 2752; 2331; 36.34; 1006.3635546875; 20.955078125
2026-07-01; 17:58:11; 2768; 2359; 36.36; 1006.367265625; 21.140625
2026-07-01; 17:59:11; 2752; 2331; 36.37; 1006.3553125; 20.83984375
2026-07-01; 18:00:11; 2768; 2359; 36.4; 1006.36703125; 20.8876953125
2026-07-01; 18:01:11; 2815; 2468; 36.39; 1006.33140625; 21.0029296875
2026-07-01; 18:02:11; 2848; 2536; 36.35; 1006.2887109375; 20.78125
2026-07-01; 18:03:11; 2864; 2570; 36.37; 1006.292421875; 21.1298828125
2026-07-01; 18:04:11; 2878; 2601; 36.37; 1006.3200390625; 20.8515625
2026-07-01; 18:05:11; 2903; 2637; 36.4; 1006.36703125; 21.1083984375
2026-07-01; 18:06:11; 2878; 2601; 36.43; 1006.406015625; 20.8193359375
2026-07-01; 18:07:11; 2864; 2570; 36.39; 1006.3037890625; 20.8994140625
2026-07-01; 18:08:11; 2768; 2359; 36.32; 1006.3798046875; 20.802734375
2026-07-01; 18:09:11; 2722; 2268; 36.34; 1006.3359765625; 20.8271484375
2026-07-01; 18:10:11; 2650; 2099; 36.35; 1006.3715234375; 20.931640625
2026-07-01; 18:11:11; 2611; 2023; 36.35; 1006.29640625; 20.931640625
2026-07-01; 18:12:11; 2574; 1935; 36.24; 1006.2073046875; 20.9267578125
2026-07-01; 18:13:11; 2574; 1935; 36.22; 1006.2587890625; 20.92578125
2026-07-01; 18:14:11; 2546; 1876; 36.28; 1006.24234375; 20.8818359375
2026-07-01; 18:15:11; 2546; 1876; 36.34; 1006.308359375; 20.8154296875
2026-07-01; 18:16:11; 2509; 1804; 36.34; 1006.3006640625; 20.6767578125
2026-07-01; 18:17:11; 2473; 1718; 36.38; 1006.39859375; 20.771484375
2026-07-01; 18:18:11; 2450; 1673; 36.42; 1006.362734375; 20.6455078125
2026-07-01; 18:19:11; 2473; 1718; 36.38; 1006.3633203125; 20.57421875
2026-07-01; 18:20:11; 2521; 1829; 36.39; 1006.32375; 20.7138671875
2026-07-01; 18:21:11; 2650; 2099; 36.39; 1006.3789453125; 20.748046875
2026-07-01; 18:22:11; 2709; 2235; 36.41; 1006.3470703125; 21.1083984375
2026-07-01; 18:23:11; 2815; 2468; 36.41; 1006.3194921875; 20.8642578125
2026-07-01; 18:24:11; 2848; 2536; 36.43; 1006.35078125; 20.888671875
2026-07-01; 18:25:11; 2878; 2601; 36.48; 1006.3544921875; 20.9267578125
2026-07-01; 18:26:11; 2903; 2637; 36.46; 1006.3780859375; 20.775390625
2026-07-01; 18:27:11; 2878; 2601; 36.46; 1006.3780859375; 20.8564453125
2026-07-01; 18:28:11; 2878; 2601; 36.46; 1006.3780859375; 20.9716796875
2026-07-01; 18:29:11; 2864; 2570; 36.47; 1006.247734375; 21.123046875
2026-07-01; 18:30:11; 2864; 2570; 36.48; 1006.3741015625; 20.97265625
2026-07-01; 18:31:11; 2864; 2570; 36.48; 1006.2440625; 21.2275390625
2026-07-01; 18:32:11; 2878; 2601; 36.49; 1006.2793359375; 20.9267578125
2026-07-01; 18:33:11; 2864; 2570; 36.5; 1006.247734375; 21.1123046875
2026-07-01; 18:34:11; 2919; 2673; 36.49; 1006.2793359375; 21.123046875
2026-07-01; 18:35:11; 2954; 2751; 36.49; 1006.2793359375; 21.123046875
2026-07-01; 18:36:11; 2971; 2786; 36.5; 1006.239765625; 21.1357421875
2026-07-01; 18:37:11; 3004; 2860; 36.49; 1006.2873046875; 21.1474609375
2026-07-01; 18:38:11; 3045; 2940; 36.51; 1006.3462109375; 21.228515625
2026-07-01; 18:39:11; 3045; 2940; 36.51; 1006.283046875; 21.3212890625
2026-07-01; 18:40:11; 3093; 3046; 36.51; 1006.3106640625; 21.263671875
2026-07-01; 18:41:12; 3174; 3213; 36.5; 1006.322578125; 21.2861328125
2026-07-01; 18:42:12; 3132; 3135; 36.5; 1006.322578125; 21.2978515625
2026-07-01; 18:43:12; 3174; 3213; 36.5; 1006.2121484375; 21.2626953125
2026-07-01; 18:44:12; 3253; 3400; 36.51; 1006.283046875; 21.1826171875
2026-07-01; 18:45:12; 3300; 3488; 36.49; 1006.25171875; 21.30859375
2026-07-01; 18:46:12; 3275; 3440; 36.48; 1006.23609375; 20.9609375
2026-07-01; 18:47:12; 3235; 3360; 36.51; 1006.3106640625; 21.205078125
2026-07-01; 18:48:12; 3213; 3299; 36.48; 1006.2992578125; 21.01953125
2026-07-01; 18:49:12; 3174; 3213; 36.41; 1006.244609375; 20.9580078125
2026-07-01; 18:50:12; 3081; 3017; 36.42; 1006.2798828125; 21.1787109375
2026-07-01; 18:51:12; 2988; 2817; 36.46; 1006.3425; 20.728515625
2026-07-01; 18:52:12; 2954; 2751; 36.46; 1006.314921875; 21.064453125
2026-07-01; 18:53:12; 2937; 2715; 36.49; 1006.306953125; 21.0888671875
2026-07-01; 18:54:12; 2878; 2601; 36.47; 1006.2559765625; 21.0302734375
2026-07-01; 18:55:12; 2848; 2536; 36.46; 1006.3425; 20.669921875
2026-07-01; 18:56:12; 2832; 2501; 36.46; 1006.26765625; 20.6474609375
2026-07-01; 18:57:12; 2832; 2501; 36.49; 1006.3345703125; 20.857421875
2026-07-01; 18:58:12; 2848; 2536; 36.51; 1006.3382421875; 20.880859375
2026-07-01; 18:59:12; 2878; 2601; 36.53; 1006.3695703125; 20.84765625
2026-07-01; 19:00:12; 2954; 2751; 36.51; 1006.3382421875; 20.916015625
2026-07-01; 19:01:12; 2988; 2817; 36.51; 1006.3382421875; 20.7421875
2026-07-01; 19:02:12; 3062; 2979; 36.48; 1006.40171875; 20.8916015625
2026-07-01; 19:03:12; 3062; 2979; 36.49; 1006.3898046875; 21.0654296875
2026-07-01; 19:04:12; 3093; 3046; 36.48; 1006.346484375; 20.763671875
2026-07-01; 19:05:12; 3093; 3046; 36.48; 1006.43734375; 20.9384765625
2026-07-01; 19:06:12; 3114; 3090; 36.49; 1006.3898046875; 20.7177734375
2026-07-01; 19:07:12; 3114; 3090; 36.49; 1006.4450390625; 20.8681640625
2026-07-01; 19:08:12; 3081; 3017; 36.5; 1006.3778125; 20.7880859375
2026-07-01; 19:09:12; 3062; 2979; 36.48; 1006.4925390625; 20.7529296875
2026-07-01; 19:10:12; 3062; 2979; 36.49; 1006.4450390625; 20.7646484375
2026-07-01; 19:11:12; 3062; 2979; 36.49; 1006.4450390625; 20.6943359375
2026-07-01; 19:12:12; 3062; 2979; 36.49; 1006.5634375; 20.845703125
2026-07-01; 19:13:12; 3081; 3017; 36.46; 1006.4805859375; 20.84375
2026-07-01; 19:14:12; 3093; 3046; 36.46; 1006.4885546875; 20.7978515625
2026-07-01; 19:15:12; 3093; 3046; 36.48; 1006.4845703125; 20.92578125
2026-07-01; 19:16:12; 3093; 3046; 36.48; 1006.464921875; 20.7060546875
2026-07-01; 19:17:12; 3093; 3046; 36.46; 1006.4253515625; 20.705078125
2026-07-01; 19:18:12; 3081; 3017; 36.43; 1006.4416015625; 20.587890625
2026-07-01; 19:19:12; 3062; 2979; 36.43; 1006.51640625; 20.599609375
2026-07-01; 19:20:12; 3045; 2940; 36.45; 1006.4097265625; 20.5654296875
2026-07-01; 19:21:12; 3004; 2860; 36.43; 1006.496796875; 20.623046875
2026-07-01; 19:22:12; 2971; 2786; 36.42; 1006.3983203125; 20.76171875
2026-07-01; 19:23:12; 2954; 2751; 36.47; 1006.3940625; 20.8447265625
2026-07-01; 19:24:13; 2919; 2673; 36.46; 1006.4609375; 20.6015625
2026-07-01; 19:25:13; 2864; 2570; 36.45; 1006.4925; 20.3681640625
2026-07-01; 19:26:13; 2832; 2501; 36.44; 1006.48484375; 20.44921875
2026-07-01; 19:27:13; 2832; 2501; 36.47; 1006.5514453125; 20.578125
2026-07-01; 19:28:13; 2848; 2536; 36.42; 1006.4258984375; 20.390625
2026-07-01; 19:29:13; 2878; 2601; 36.44; 1006.56765625; 20.5068359375
2026-07-01; 19:30:13; 2954; 2751; 36.44; 1006.5597265625; 20.5654296875
2026-07-01; 19:31:13; 3045; 2940; 36.43; 1006.5440234375; 20.6689453125
2026-07-01; 19:32:13; 3093; 3046; 36.43; 1006.496796875; 20.576171875
2026-07-01; 19:33:13; 3062; 2979; 36.45; 1006.5753515625; 20.484375
2026-07-01; 19:34:13; 3081; 3017; 36.47; 1006.5514453125; 20.6357421875
2026-07-01; 19:35:13; 3081; 3017; 36.47; 1006.5790625; 20.4970703125
2026-07-01; 19:36:13; 3093; 3046; 36.45; 1006.5753515625; 20.5302734375
2026-07-01; 19:37:13; 3093; 3046; 36.44; 1006.614921875; 20.47265625
2026-07-01; 19:38:13; 3093; 3046; 36.42; 1006.6191796875; 20.517578125
2026-07-01; 19:39:13; 3114; 3090; 36.44; 1006.67015625; 20.5537109375
2026-07-01; 19:40:13; 3114; 3090; 36.42; 1006.5915625; 20.552734375
2026-07-01; 19:41:13; 3114; 3090; 36.43; 1006.6820703125; 20.529296875
2026-07-01; 19:42:13; 3114; 3090; 36.39; 1006.6075; 20.5517578125
2026-07-01; 19:43:13; 3132; 3135; 36.4; 1006.61546875; 20.5869140625
2026-07-01; 19:44:13; 3132; 3135; 36.41; 1006.6035546875; 20.482421875
2026-07-01; 19:45:13; 3114; 3090; 36.37; 1006.6789453125; 20.4580078125
2026-07-01; 19:46:13; 3093; 3046; 36.37; 1006.651328125; 20.4345703125
2026-07-01; 19:47:13; 3062; 2979; 36.38; 1006.64703125; 20.435546875
2026-07-01; 19:48:13; 3028; 2903; 36.41; 1006.7059765625; 20.3779296875
2026-07-01; 19:49:13; 2971; 2786; 36.3; 1006.6873828125; 20.455078125
2026-07-01; 19:50:13; 2864; 2570; 36.23; 1006.668515625; 20.2197265625
2026-07-01; 19:51:13; 2802; 2434; 36.17; 1006.6496484375; 20.0322265625
2026-07-01; 19:52:13; 2666; 2132; 36.14; 1006.6578515625; 20.4248046875
2026-07-01; 19:53:13; 2574; 1935; 36.19; 1006.6809765625; 20.1142578125
2026-07-01; 19:54:13; 2546; 1876; 36.14; 1006.748359375; 20.0654296875
2026-07-01; 19:55:13; 2532; 1850; 36.14; 1006.7207421875; 19.984375
2026-07-01; 19:56:13; 2495; 1773; 36.17; 1006.78765625; 20.078125
2026-07-01; 19:57:13; 2521; 1829; 36.22; 1006.7555859375; 20.0576171875
2026-07-01; 19:58:13; 2509; 1804; 36.27; 1006.770703125; 20.0244140625
2026-07-01; 19:59:13; 2509; 1804; 36.27; 1006.806328125; 19.8515625
2026-07-01; 20:00:13; 2558; 1902; 36.22; 1006.790859375; 20.0
2026-07-01; 20:01:13; 2574; 1935; 36.25; 1006.775; 20.0703125
2026-07-01; 20:02:13; 2546; 1876; 36.24; 1006.8221875; 19.9306640625
2026-07-01; 20:03:13; 2546; 1876; 36.27; 1006.8615234375; 20.15234375
2026-07-01; 20:04:13; 2546; 1876; 36.29; 1006.9124609375; 19.9794921875
2026-07-01; 20:05:13; 2546; 1876; 36.29; 1006.940078125; 19.828125
2026-07-01; 20:06:14; 2596; 1991; 36.16; 1006.96515625; 20.06640625
2026-07-01; 20:07:14; 2521; 1829; 36.04; 1006.958359375; 19.9111328125
2026-07-01; 20:08:14; 2397; 1562; 35.95; 1007.01015625; 19.9990234375
2026-07-01; 20:09:14; 2289; 1334; 35.97; 1007.0062109375; 19.826171875
2026-07-01; 20:10:14; 2270; 1290; 35.93; 1007.0143359375; 19.9521484375
2026-07-01; 20:11:14; 2207; 1152; 35.88; 1007.0383203125; 19.845703125
2026-07-01; 20:12:14; 2207; 1152; 35.79; 1006.9956640625; 20.0390625
2026-07-01; 20:13:14; 2136; 998; 35.79; 1006.9956640625; 20.0849609375
2026-07-01; 20:14:14; 2136; 998; 35.83; 1007.0702734375; 20.1552734375
2026-07-01; 20:15:14; 2148; 1023; 35.77; 1007.0470703125; 20.0498046875
2026-07-01; 20:16:14; 2174; 1084; 35.65; 1007.0875; 20.2294921875
2026-07-01; 20:17:14; 2166; 1062; 35.82; 1007.09015625; 20.0166015625
2026-07-01; 20:18:14; 2174; 1084; 35.72; 1007.079296875; 20.232421875
2026-07-01; 20:19:14; 2156; 1040; 35.71; 1007.11875; 20.220703125
2026-07-01; 20:20:14; 2136; 998; 35.72; 1007.1344140625; 19.955078125
2026-07-01; 20:21:14; 2128; 981; 35.74; 1007.138203125; 20.44140625
2026-07-01; 20:22:14; 2207; 1152; 35.72; 1007.079296875; 20.232421875
2026-07-01; 20:23:14; 2197; 1138; 35.68; 1007.1464453125; 20.0107421875
2026-07-01; 20:24:14; 2207; 1152; 35.71; 1007.11875; 20.0234375
2026-07-01; 20:25:14; 2249; 1239; 35.73; 1007.1501171875; 20.09375
2026-07-01; 20:26:14; 2259; 1263; 35.8; 1007.1216796875; 19.9931640625
2026-07-01; 20:27:14; 2353; 1463; 35.67; 1007.075625; 20.2177734375
2026-07-01; 20:28:14; 2353; 1463; 35.81; 1007.157265625; 20.1904296875
2026-07-01; 20:29:14; 2376; 1519; 35.79; 1007.0983203125; 20.2119140625
2026-07-01; 20:30:14; 2450; 1673; 35.76; 1007.1144140625; 20.19921875
2026-07-01; 20:31:14; 2421; 1618; 35.8; 1007.1415625; 20.1083984375
2026-07-01; 20:32:14; 2421; 1618; 35.77; 1007.1849609375; 20.2119140625
2026-07-01; 20:33:14; 2432; 1633; 35.77; 1007.1849609375; 20.1533203125
2026-07-01; 20:34:14; 2473; 1718; 35.79; 1007.181015625; 20.2236328125
2026-07-01; 20:35:14; 2495; 1773; 35.73; 1007.1696875; 20.3828125
2026-07-01; 20:36:15; 2461; 1688; 35.78; 1007.2833984375; 20.2578125
2026-07-01; 20:37:15; 2495; 1773; 35.73; 1007.2604296875; 20.267578125
2026-07-01; 20:38:15; 2473; 1718; 35.77; 1007.2401171875; 20.28125
2026-07-01; 20:39:15; 2432; 1633; 35.72; 1007.2919140625; 20.3134765625
2026-07-01; 20:40:15; 2421; 1618; 35.72; 1007.299921875; 20.279296875
2026-07-01; 20:41:15; 2376; 1519; 35.78; 1007.330859375; 20.3388671875
2026-07-01; 20:42:15; 2365; 1492; 35.78; 1007.2833984375; 20.0849609375
2026-07-01; 20:43:15; 2345; 1452; 35.76; 1007.36265625; 20.060546875
2026-07-01; 20:44:15; 2345; 1452; 35.74; 1007.3037109375; 20.302734375
2026-07-01; 20:45:15; 2397; 1562; 35.63; 1007.3517578125; 20.5634765625
2026-07-01; 20:46:15; 2376; 1519; 35.62; 1007.4187890625; 20.3896484375
2026-07-01; 20:47:15; 2388; 1546; 35.67; 1007.276640625; 20.322265625
2026-07-01; 20:48:15; 2365; 1492; 35.68; 1007.319921875; 20.1845703125
2026-07-01; 20:49:15; 2421; 1618; 35.59; 1007.3166015625; 20.330078125
2026-07-01; 20:50:15; 2450; 1673; 35.67; 1007.378984375; 20.2646484375
2026-07-01; 20:51:15; 2450; 1673; 35.48; 1007.3802734375; 20.765625
2026-07-01; 20:52:15; 2397; 1562; 35.62; 1007.4463671875; 20.2158203125
2026-07-01; 20:53:15; 2388; 1546; 35.69; 1007.4458984375; 20.2890625
2026-07-01; 20:54:15; 2409; 1588; 35.7; 1007.489140625; 20.2197265625
2026-07-01; 20:55:15; 2450; 1673; 35.64; 1007.4226171875; 20.2978515625
2026-07-01; 20:56:15; 2450; 1673; 35.63; 1007.4421875; 20.40234375
2026-07-01; 20:57:15; 2495; 1773; 35.6; 1007.5054296875; 20.3310546875
2026-07-01; 20:58:15; 2521; 1829; 35.65; 1007.4184375; 20.3681640625
2026-07-01; 20:59:15; 2546; 1876; 35.55; 1007.537265625; 20.4794921875
2026-07-01; 21:00:15; 2587; 1962; 35.62; 1007.536796875; 20.5283203125
2026-07-01; 21:01:15; 2650; 2099; 35.56; 1007.55296875; 20.6650390625
2026-07-01; 21:02:15; 2694; 2192; 35.54; 1007.5690234375; 20.62890625
2026-07-01; 21:03:15; 2709; 2235; 35.48; 1007.6283984375; 20.6845703125
2026-07-01; 21:04:15; 2737; 2297; 35.44; 1007.5377734375; 20.740234375
2026-07-01; 21:05:15; 2768; 2359; 35.44; 1007.592890625; 20.8447265625
2026-07-01; 21:06:16; 2786; 2404; 35.41; 1007.5458203125; 20.8310546875
2026-07-01; 21:07:16; 2786; 2404; 35.33; 1007.6683203125; 20.908203125
2026-07-01; 21:08:16; 2802; 2434; 35.39; 1007.597109375; 20.865234375
2026-07-01; 21:09:16; 2832; 2501; 35.41; 1007.573359375; 20.8310546875
2026-07-01; 21:10:16; 2832; 2501; 35.41; 1007.6009375; 20.923828125
2026-07-01; 21:11:16; 2832; 2501; 35.36; 1007.695859375; 20.91015625
2026-07-01; 21:12:16; 2848; 2536; 35.35; 1007.6721484375; 20.9208984375
2026-07-01; 21:13:16; 2848; 2536; 35.37; 1007.6484375; 20.8876953125
2026-07-01; 21:14:16; 2848; 2536; 35.36; 1007.60515625; 20.9560546875
2026-07-01; 21:15:16; 2848; 2536; 35.36; 1007.6878515625; 20.88671875
2026-07-01; 21:16:16; 2864; 2570; 35.32; 1007.6801953125; 20.9423828125
2026-07-01; 21:17:16; 2864; 2570; 35.3; 1007.6843359375; 21.0
2026-07-01; 21:18:16; 2864; 2570; 35.36; 1007.74296875; 20.9091796875
2026-07-01; 21:19:16; 2864; 2570; 35.3; 1007.7119140625; 21.0
2026-07-01; 21:20:16; 2848; 2536; 35.28; 1007.700078125; 21.009765625
2026-07-01; 21:21:16; 2848; 2536; 35.34; 1007.7116015625; 20.955078125
2026-07-01; 21:22:16; 35616; 2536; 35.29; 1007.7433203125; 20.9638671875
2026-07-01; 21:23:16; 2848; 2536; 35.34; 1007.7116015625; 20.966796875
2026-07-01; 21:24:16; 2832; 2501; 35.4; 1007.6955078125; 20.900390625
2026-07-01; 21:25:16; 2832; 2501; 35.27; 1007.7199609375; 21.0908203125
2026-07-01; 21:26:16; 2832; 2501; 35.28; 1007.7551953125; 21.009765625
2026-07-01; 21:27:16; 2815; 2468; 35.27; 1007.7394921875; 21.0791015625
2026-07-01; 21:28:16; 2802; 2434; 35.26; 1007.7593359375; 21.0556640625
2026-07-01; 21:29:16; 2802; 2434; 35.25; 1007.79078125; 20.939453125
2026-07-01; 21:30:16; 2786; 2404; 35.28; 1007.763203125; 21.056640625
2026-07-01; 21:31:16; 2786; 2404; 35.22; 1007.7241015625; 21.0078125
2026-07-01; 21:32:16; 2786; 2404; 35.33; 1007.751015625; 20.966796875
2026-07-01; 21:33:16; 2786; 2404; 35.27; 1007.76703125; 20.998046875
2026-07-01; 21:34:16; 2768; 2359; 35.28; 1007.7827734375; 21.1025390625
2026-07-01; 21:35:17; 2768; 2359; 35.28; 1007.763203125; 20.9873046875
2026-07-01; 21:36:17; 2752; 2331; 35.26; 1007.7513671875; 21.078125
2026-07-01; 21:37:17; 2737; 2297; 35.27; 1007.7750390625; 21.009765625
2026-07-01; 21:38:17; 2752; 2331; 35.27; 1007.9048828125; 21.0791015625
2026-07-01; 21:39:17; 2752; 2331; 35.27; 1007.9048828125; 21.0556640625
2026-07-01; 21:40:17; 2752; 2331; 35.23; 1007.8776171875; 21.03125
2026-07-01; 21:41:17; 2752; 2331; 35.29; 1007.9442578125; 20.94140625
2026-07-01; 21:42:17; 2737; 2297; 35.3; 1007.951953125; 20.98828125
2026-07-01; 21:43:17; 2737; 2297; 35.23; 1007.932734375; 21.0654296875
2026-07-01; 21:44:17; 2722; 2268; 35.25; 1007.964140625; 20.9970703125
2026-07-01; 21:45:17; 2722; 2268; 35.29; 1008.0189453125; 21.1142578125
2026-07-01; 21:46:17; 2709; 2235; 35.2; 1008.0509765625; 21.017578125
2026-07-01; 21:47:17; 2709; 2235; 35.15; 1008.090625; 21.1083984375
2026-07-01; 21:48:17; 2709; 2235; 35.31; 1008.0503515625; 20.9541015625
2026-07-01; 21:49:17; 2709; 2235; 35.25; 1008.0663671875; 21.1123046875
2026-07-01; 21:50:17; 2709; 2235; 35.25; 1008.1019140625; 21.04296875
2026-07-01; 21:51:17; 2694; 2192; 35.37; 1008.11703125; 20.91015625
2026-07-01; 21:52:17; 2694; 2192; 35.25; 1008.0939453125; 21.03125
2026-07-01; 21:53:17; 2709; 2235; 35.31; 1008.2157421875; 21.0234375
2026-07-01; 21:54:17; 2694; 2192; 35.36; 1008.0817578125; 21.048828125
2026-07-01; 21:55:17; 2681; 2159; 35.32; 1008.121171875; 20.9541015625
2026-07-01; 21:56:17; 2681; 2159; 35.34; 1008.10546875; 20.955078125
2026-07-01; 21:57:17; 2666; 2132; 35.4; 1008.19171875; 20.9921875
2026-07-01; 21:58:17; 2650; 2099; 35.28; 1008.204140625; 21.080078125
2026-07-01; 21:59:17; 2635; 2072; 35.4; 1008.1564453125; 20.9921875
2026-07-01; 22:00:17; 2635; 2072; 35.42; 1008.1603125; 20.9013671875
2026-07-01; 22:01:17; 2623; 2040; 35.47; 1008.1839453125; 20.9150390625
2026-07-01; 22:02:17; 2635; 2072; 35.42; 1008.1955859375; 20.9130859375
2026-07-01; 22:03:17; 2623; 2040; 35.4; 1008.2468359375; 20.9462890625
2026-07-01; 22:04:17; 2623; 2040; 35.41; 1008.207421875; 20.9462890625
2026-07-01; 22:05:17; 2611; 2023; 35.46; 1008.2032421875; 20.833984375
2026-07-01; 22:06:17; 2596; 1991; 35.5; 1008.23109375; 20.904296875
2026-07-01; 22:07:17; 2587; 1962; 35.52; 1008.28203125; 20.8134765625
2026-07-01; 22:08:17; 2587; 1962; 35.54; 1008.341015625; 20.791015625
2026-07-01; 22:09:17; 2587; 1962; 35.47; 1008.301953125; 20.9267578125
2026-07-01; 22:10:17; 2587; 1962; 35.46; 1008.3962109375; 20.9033203125
2026-07-01; 22:11:17; 2587; 1962; 35.55; 1008.364453125; 20.8603515625
2026-07-01; 22:12:17; 2587; 1962; 35.52; 1008.309609375; 20.8828125
2026-07-01; 22:13:18; 2587; 1962; 35.45; 1008.35296875; 20.92578125
2026-07-01; 22:14:18; 2587; 1962; 35.5; 1008.28625; 20.927734375
2026-07-01; 22:15:18; 2587; 1962; 35.5; 1008.2939453125; 20.916015625
2026-07-01; 22:16:18; 2574; 1935; 35.44; 1008.3372265625; 21.064453125
2026-07-01; 22:17:18; 2574; 1935; 35.52; 1008.3371875; 20.9169921875
2026-07-01; 22:18:18; 2574; 1935; 35.49; 1008.3609375; 20.9736328125
2026-07-01; 22:19:18; 2558; 1902; 35.44; 1008.3923828125; 21.029296875
2026-07-01; 22:20:18; 2558; 1902; 35.5; 1008.341328125; 21.0546875
2026-07-01; 22:21:18; 2558; 1902; 35.44; 1008.3846875; 21.0634765625
2026-07-01; 22:22:18; 2558; 1902; 35.56; 1008.3173046875; 20.96484375
2026-07-01; 22:23:18; 2558; 1902; 35.65; 1008.3759375; 20.9462890625
2026-07-01; 22:24:18; 2558; 1902; 35.54; 1008.36859375; 20.9990234375
2026-07-01; 22:25:18; 2558; 1902; 35.54; 1008.396171875; 21.033203125
2026-07-01; 22:26:18; 2558; 1902; 35.61; 1008.3682421875; 21.013671875
2026-07-01; 22:27:18; 2558; 1902; 35.47; 1008.2942578125; 21.158203125
2026-07-01; 22:28:18; 2558; 1902; 35.55; 1008.3016015625; 21.091796875
2026-07-01; 22:29:18; 2574; 1935; 35.55; 1008.419609375; 21.115234375
2026-07-01; 22:30:18; 2587; 1962; 35.57; 1008.3605859375; 21.0927734375
2026-07-01; 22:31:18; 2587; 1962; 35.53; 1008.277890625; 21.18359375
2026-07-01; 22:32:18; 2596; 1991; 35.51; 1008.32921875; 21.2177734375
2026-07-01; 22:33:18; 2587; 1962; 35.37; 1008.31; 21.4072265625
2026-07-01; 22:34:18; 2587; 1962; 35.54; 1008.2660546875; 21.1728515625
2026-07-01; 22:35:18; 2587; 1962; 35.63; 1008.3169140625; 21.1884765625
2026-07-01; 22:36:18; 2587; 1962; 35.44; 1008.3096484375; 21.3876953125
2026-07-01; 22:37:18; 2587; 1962; 35.49; 1008.250625; 21.34375
2026-07-01; 22:38:18; 2596; 1991; 35.57; 1008.3054296875; 21.2431640625
2026-07-01; 22:39:18; 2587; 1962; 35.57; 1008.3330078125; 21.32421875
2026-07-01; 22:40:18; 2587; 1962; 35.59; 1008.3368359375; 21.3251953125
2026-07-01; 22:41:18; 2587; 1962; 35.51; 1008.356796875; 21.4140625
2026-07-01; 22:42:18; 2587; 1962; 35.5; 1008.451640625; 21.4130859375
2026-07-01; 22:43:18; 2596; 1991; 35.5; 1008.3766015625; 21.4130859375
2026-07-01; 22:44:18; 2596; 1991; 35.54; 1008.396171875; 21.4267578125
2026-07-01; 22:45:18; 2587; 1962; 35.57; 1008.395859375; 21.3935546875
2026-07-01; 22:46:18; 2596; 1991; 35.55; 1008.411875; 21.4609375
2026-07-01; 22:47:18; 2596; 1991; 35.4; 1008.412265625; 21.6044921875
2026-07-01; 22:48:18; 2596; 1991; 35.58; 1008.4115625; 21.4638671875
2026-07-01; 22:49:18; 2596; 1991; 35.58; 1008.5141796875; 21.486328125
2026-07-01; 22:50:18; 2587; 1962; 35.48; 1008.5029296875; 21.6318359375
2026-07-01; 22:51:18; 2596; 1991; 35.64; 1008.4705078125; 21.4658203125
2026-07-01; 22:52:18; 2596; 1991; 35.55; 1008.57734375; 21.5771484375
2026-07-01; 22:53:18; 2596; 1991; 35.61; 1008.6164453125; 21.5341796875
2026-07-01; 22:54:18; 2596; 1991; 35.48; 1008.668359375; 21.689453125
2026-07-01; 22:55:18; 2596; 1991; 35.43; 1008.5972265625; 21.67578125
2026-07-01; 22:56:19; 2596; 1991; 35.43; 1008.6248046875; 21.7568359375
2026-07-01; 22:57:19; 2587; 1962; 35.41; 1008.6683203125; 21.7783203125
2026-07-01; 22:58:19; 2596; 1991; 35.49; 1008.66421875; 21.724609375
2026-07-01; 22:59:19; 2596; 1991; 35.49; 1008.6289453125; 21.771484375
2026-07-01; 23:00:19; 2611; 2023; 35.39; 1008.6644921875; 21.8701171875
2026-07-01; 23:01:19; 2611; 2023; 35.44; 1008.723203125; 21.849609375
2026-07-01; 23:02:19; 2623; 2040; 35.5; 1008.61703125; 21.771484375
2026-07-01; 23:03:19; 2623; 2040; 35.52; 1008.6757421875; 21.8076171875
2026-07-01; 23:04:19; 2635; 2072; 35.6; 1008.6911328125; 21.71875
2026-07-01; 23:05:19; 2623; 2040; 35.54; 1008.6994921875; 21.8193359375
2026-07-01; 23:06:19; 2635; 2072; 35.41; 1008.6760546875; 21.986328125
2026-07-01; 23:07:19; 2635; 2072; 35.41; 1008.75875; 21.998046875
2026-07-01; 23:08:19; 2635; 2072; 35.49; 1008.719375; 21.9326171875
2026-07-01; 23:09:19; 2650; 2099; 35.43; 1008.7074609375; 22.056640625
2026-07-01; 23:10:19; 2650; 2099; 35.32; 1008.7826953125; 22.1787109375
2026-07-01; 23:11:19; 2650; 2099; 35.33; 1008.7984375; 22.16796875
2026-07-01; 23:12:19; 2650; 2099; 35.45; 1008.7940234375; 22.0810546875
2026-07-01; 23:13:19; 2650; 2099; 35.51; 1008.7427734375; 22.0146484375
2026-07-01; 23:14:19; 2650; 2099; 35.47; 1008.7353515625; 22.08203125
2026-07-01; 23:15:19; 2650; 2099; 35.44; 1008.778359375; 22.115234375
2026-07-01; 23:16:19; 2650; 2099; 35.35; 1008.7747265625; 22.23828125
2026-07-01; 23:17:19; 2650; 2099; 35.43; 1008.8177734375; 22.1611328125
2026-07-01; 23:18:19; 2635; 2072; 35.29; 1008.853828125; 22.3154296875
2026-07-01; 23:19:19; 2635; 2072; 35.46; 1008.809765625; 22.1630859375
2026-07-01; 23:20:19; 2635; 2072; 35.45; 1008.75875; 22.162109375
2026-07-01; 23:21:19; 2635; 2072; 35.45; 1008.9043359375; 22.1962890625
2026-07-01; 23:22:19; 2635; 2072; 35.39; 1008.9478515625; 22.251953125
2026-07-01; 23:23:19; 2623; 2040; 35.17; 1008.94875; 22.529296875
2026-07-01; 23:24:19; 2623; 2040; 35.27; 1008.924609375; 22.453125
2026-07-01; 23:25:19; 2623; 2040; 35.43; 1008.9555859375; 22.2763671875
2026-07-01; 23:26:19; 2635; 2072; 35.19; 1008.861953125; 22.51953125
2026-07-01; 23:27:19; 2635; 2072; 35.28; 1008.948359375; 22.4423828125
2026-07-01; 23:28:19; 2635; 2072; 35.36; 1008.955859375; 22.4111328125
2026-07-01; 23:29:19; 2635; 2072; 35.4; 1008.936015625; 22.3330078125
2026-07-02; 01:56:27; 400; 0; 34.25; 1008.7523828125; 24.626953125
2026-07-02; 01:57:27; 400; 0; 34.23; 1008.783671875; 24.568359375
2026-07-02; 01:58:27; 403; 0; 33.99; 1008.7245703125; 24.912109375
2026-07-02; 01:59:27; 405; 0; 34.18; 1008.76; 24.611328125
2026-07-02; 02:00:27; 405; 0; 34.24; 1008.7994140625; 24.5576171875
2026-07-02; 02:01:27; 405; 0; 34.23; 1008.8034765625; 24.544921875
2026-07-02; 02:02:27; 400; 0; 34.25; 1008.7601171875; 24.4765625
2026-07-02; 02:03:27; 400; 0; 34.3; 1008.75625; 24.4111328125
2026-07-02; 02:04:27; 400; 0; 34.3; 1008.7012109375; 24.3876953125
2026-07-02; 02:05:27; 407; 1; 34.28; 1008.7523046875; 24.41015625
2026-07-02; 02:06:27; 400; 0; 34.27; 1008.728828125; 24.38671875
2026-07-02; 02:07:27; 402; 0; 34.15; 1008.6933203125; 24.564453125
2026-07-02; 02:08:27; 405; 0; 34.28; 1008.7523046875; 24.38671875
2026-07-02; 02:09:27; 400; 0; 34.33; 1008.6856640625; 24.33203125
2026-07-02; 02:10:27; 403; 0; 34.33; 1008.7682421875; 24.2861328125
2026-07-02; 02:11:27; 403; 0; 34.38; 1008.7368359375; 24.265625
2026-07-02; 02:12:27; 408; 1; 34.3; 1008.618671875; 24.3076171875
2026-07-02; 02:13:27; 403; 0; 34.46; 1008.587421875; 24.1318359375
2026-07-02; 02:14:27; 400; 0; 34.31; 1008.6894140625; 24.28515625
2026-07-02; 02:15:27; 403; 0; 34.41; 1008.638359375; 24.1982421875
2026-07-02; 02:16:27; 400; 0; 34.22; 1008.65015625; 24.40625
2026-07-02; 02:17:27; 400; 0; 34.37; 1008.6305078125; 24.20703125
2026-07-02; 02:18:27; 403; 0; 34.22; 1008.5951171875; 24.3837890625
2026-07-02; 02:19:27; 408; 1; 34.37; 1008.5559375; 24.21875
2026-07-02; 02:20:27; 403; 0; 34.35; 1008.63453125; 24.2294921875
2026-07-02; 02:21:27; 408; 1; 34.41; 1008.6658984375; 24.1865234375
2026-07-02; 02:22:27; 403; 0; 34.37; 1008.666015625; 24.21875
2026-07-02; 02:23:27; 403; 0; 34.4; 1008.5480859375; 24.1396484375
2026-07-02; 02:24:27; 403; 0; 34.36; 1008.6227734375; 24.1611328125
2026-07-02; 02:25:28; 400; 0; 34.28; 1008.5871875; 24.283203125
2026-07-02; 02:26:28; 405; 0; 34.24; 1008.634296875; 24.3046875
2026-07-02; 02:27:28; 405; 0; 34.4; 1008.62265625; 24.1162109375
2026-07-02; 02:28:28; 405; 0; 34.5; 1008.6976953125; 24.0185546875
2026-07-02; 02:29:28; 400; 0; 34.33; 1008.6030859375; 24.181640625
2026-07-02; 02:30:28; 403; 0; 34.28; 1008.6147265625; 24.259765625
2026-07-02; 02:31:28; 403; 0; 34.31; 1008.6619140625; 24.193359375
2026-07-02; 02:32:28; 403; 0; 34.29; 1008.65796875; 24.203125
2026-07-02; 02:33:28; 402; 0; 34.26; 1008.66578125; 24.2822265625
2026-07-02; 02:34:28; 402; 0; 34.33; 1008.6856640625; 24.205078125
2026-07-02; 02:35:28; 402; 0; 34.37; 1008.6580078125; 24.1376953125
2026-07-02; 02:36:28; 406; 0; 34.39; 1008.7720703125; 24.173828125
2026-07-02; 02:37:28; 406; 0; 34.43; 1008.705390625; 24.072265625
2026-07-02; 02:38:28; 410; 1; 34.44; 1008.713125; 24.072265625
2026-07-02; 02:39:28; 410; 1; 34.3; 1008.721015625; 24.19140625
2026-07-02; 02:40:28; 410; 1; 34.17; 1008.772109375; 24.3349609375
2026-07-02; 02:41:28; 406; 0; 34.18; 1008.76; 24.3701171875
2026-07-02; 02:42:28; 402; 0; 34.26; 1008.6580859375; 24.201171875
2026-07-02; 02:43:28; 402; 0; 34.13; 1008.799375; 24.263671875
2026-07-02; 02:44:28; 400; 0; 34.23; 1008.783671875; 24.1884765625
2026-07-02; 02:45:28; 400; 0; 34.17; 1008.772109375; 24.265625
2026-07-02; 02:46:28; 405; 0; 34.43; 1008.8074609375; 23.96875
2026-07-02; 02:47:28; 403; 0; 34.39; 1008.86265625; 23.9658203125
2026-07-02; 02:48:28; 405; 0; 34.39; 1008.780078125; 23.931640625
2026-07-02; 02:49:28; 400; 0; 34.32; 1008.815234375; 24.0087890625
2026-07-02; 02:50:28; 403; 0; 34.23; 1008.7011328125; 24.0263671875
2026-07-02; 02:51:28; 400; 0; 34.27; 1008.7563671875; 24.005859375
2026-07-02; 02:52:28; 403; 0; 34.33; 1008.713203125; 23.9287109375
2026-07-02; 02:53:28; 402; 0; 34.41; 1008.7209375; 23.8642578125
2026-07-02; 02:54:28; 400; 0; 34.32; 1008.697421875; 23.927734375
2026-07-02; 02:55:28; 400; 0; 34.33; 1008.7759375; 23.90625
2026-07-02; 02:56:28; 400; 0; 34.32; 1008.7525; 23.9052734375
2026-07-02; 02:57:28; 403; 0; 34.32; 1008.73265625; 23.8701171875
2026-07-02; 02:58:28; 400; 0; 34.36; 1008.6698046875; 23.8037109375
2026-07-02; 02:59:28; 400; 0; 34.35; 1008.7446484375; 23.791015625
2026-07-02; 03:00:28; 405; 0; 34.37; 1008.7130859375; 23.7919921875
2026-07-02; 03:01:28; 400; 0; 34.26; 1008.775859375; 23.90234375
2026-07-02; 03:02:28; 400; 0; 34.28; 1008.7170703125; 23.8564453125
2026-07-02; 03:03:28; 400; 0; 34.28; 1008.7445703125; 23.8447265625
2026-07-02; 03:04:28; 405; 0; 34.18; 1008.7680078125; 23.9208984375
2026-07-02; 03:05:28; 402; 0; 34.23; 1008.7484375; 23.8427734375
2026-07-02; 03:06:28; 403; 0; 34.25; 1008.705078125; 23.80859375
2026-07-02; 03:07:28; 400; 0; 34.39; 1008.7720703125; 23.6435546875
2026-07-02; 03:08:29; 400; 0; 34.2; 1008.7837890625; 23.830078125
2026-07-02; 03:09:29; 400; 0; 34.25; 1008.7601171875; 23.7626953125
2026-07-02; 03:10:29; 400; 0; 34.22; 1008.7129296875; 23.796875
2026-07-02; 03:11:29; 400; 0; 34.27; 1008.7365625; 23.71875
2026-07-02; 03:12:29; 405; 0; 34.26; 1008.6107421875; 23.7060546875
2026-07-02; 03:13:29; 400; 0; 34.24; 1008.7091796875; 23.681640625
2026-07-02; 03:14:29; 400; 0; 34.27; 1008.7563671875; 23.6953125
2026-07-02; 03:15:29; 405; 0; 34.22; 1008.65015625; 23.658203125
2026-07-02; 03:16:29; 400; 0; 34.29; 1008.7130078125; 23.626953125
2026-07-02; 03:17:29; 403; 0; 34.26; 1008.630546875; 23.6708984375
2026-07-02; 03:18:29; 403; 0; 34.19; 1008.665703125; 23.7255859375
2026-07-02; 03:19:29; 403; 0; 34.23; 1008.67359375; 23.646484375
2026-07-02; 03:20:29; 400; 0; 34.1; 1008.716953125; 23.7783203125
2026-07-02; 03:21:29; 400; 0; 34.22; 1008.657890625; 23.646484375
2026-07-02; 03:22:29; 402; 0; 34.24; 1008.7719140625; 23.6015625
2026-07-02; 03:23:29; 400; 0; 34.17; 1008.7170703125; 23.6328125
2026-07-02; 03:24:29; 400; 0; 34.0; 1008.7128125; 23.888671875
2026-07-02; 03:25:29; 400; 0; 34.1; 1008.7521875; 23.767578125
2026-07-02; 03:26:29; 400; 0; 33.87; 1008.7358984375; 24.0087890625
2026-07-02; 03:27:29; 402; 0; 34.03; 1008.77953125; 23.83203125
2026-07-02; 03:28:29; 402; 0; 34.12; 1008.7208984375; 23.7216796875
2026-07-02; 03:29:29; 402; 0; 34.14; 1008.732578125; 23.654296875
2026-07-02; 03:30:29; 400; 0; 34.13; 1008.7366796875; 23.6416015625
2026-07-02; 03:31:29; 400; 0; 34.08; 1008.76796875; 23.685546875
2026-07-02; 03:32:29; 403; 0; 34.17; 1008.68953125; 23.5859375
2026-07-02; 03:33:29; 403; 0; 34.18; 1008.740546875; 23.5517578125
2026-07-02; 03:34:29; 403; 0; 34.21; 1008.7797265625; 23.5302734375
2026-07-02; 03:35:29; 403; 0; 34.18; 1008.8150390625; 23.5517578125
2026-07-02; 03:36:29; 403; 0; 34.16; 1008.7915625; 23.5625
2026-07-02; 03:37:29; 400; 0; 34.16; 1008.7838671875; 23.5859375
2026-07-02; 03:38:29; 400; 0; 34.24; 1008.7916796875; 23.4970703125
2026-07-02; 03:39:29; 403; 0; 34.18; 1008.823046875; 23.5517578125
2026-07-02; 03:40:29; 403; 0; 34.1; 1008.799453125; 23.6630859375
2026-07-02; 03:41:29; 403; 0; 34.07; 1008.862265625; 23.6962890625
2026-07-02; 03:42:29; 407; 1; 34.1; 1008.826953125; 23.6396484375
2026-07-02; 03:43:29; 403; 0; 34.13; 1008.8191796875; 23.5615234375
2026-07-02; 03:44:29; 403; 0; 34.09; 1008.86625; 23.6396484375
2026-07-02; 03:45:29; 407; 1; 34.14; 1008.834921875; 23.5732421875
2026-07-02; 03:46:29; 403; 0; 34.14; 1008.862421875; 23.5615234375
2026-07-02; 03:47:29; 407; 1; 34.07; 1008.8425; 23.6611328125
2026-07-02; 03:48:29; 409; 1; 34.12; 1008.8584375; 23.5830078125
2026-07-02; 03:49:29; 407; 1; 34.21; 1008.85453125; 23.47265625
2026-07-02; 03:50:29; 403; 0; 34.12; 1008.866171875; 23.560546875
2026-07-02; 03:51:30; 407; 1; 34.08; 1008.94078125; 23.6279296875
2026-07-02; 03:52:30; 409; 1; 34.03; 1008.815078125; 23.68359375
2026-07-02; 03:53:30; 409; 1; 34.15; 1008.823125; 23.5390625
2026-07-02; 03:54:30; 409; 1; 34.08; 1008.878046875; 23.6162109375
2026-07-02; 03:55:30; 407; 1; 33.99; 1008.9091015625; 23.7041015625
2026-07-02; 03:56:30; 409; 1; 34.01; 1008.8855859375; 23.681640625
2026-07-02; 03:57:30; 407; 1; 34.04; 1008.8503125; 23.66015625
2026-07-02; 03:58:30; 407; 1; 34.06; 1008.8267578125; 23.638671875
2026-07-02; 03:59:30; 407; 1; 34.05; 1008.83078125; 23.671875
2026-07-02; 04:00:30; 403; 0; 34.01; 1008.8855859375; 23.6474609375
2026-07-02; 04:01:30; 403; 0; 34.07; 1008.8425; 23.5927734375
2026-07-02; 04:02:30; 403; 0; 33.95; 1008.73609375; 23.736328125
2026-07-02; 04:03:30; 403; 0; 34.02; 1008.771796875; 23.6826171875
2026-07-02; 04:04:30; 400; 0; 33.66; 1008.742890625; 24.0546875
2026-07-02; 04:05:30; 403; 0; 33.94; 1008.7478515625; 23.79296875
2026-07-02; 04:06:30; 407; 1; 33.98; 1008.7913671875; 23.703125
2026-07-02; 04:07:30; 403; 0; 34.09; 1008.7562109375; 23.58203125
2026-07-02; 04:08:30; 403; 0; 33.88; 1008.806640625; 23.8134765625
2026-07-02; 04:09:30; 407; 1; 33.73; 1008.7981640625; 23.966796875
2026-07-02; 04:10:30; 403; 0; 34.01; 1008.83859375; 23.6474609375
2026-07-02; 04:11:30; 400; 0; 33.94; 1008.7478515625; 23.701171875
2026-07-02; 04:12:30; 400; 0; 34.03; 1008.7875390625; 23.66015625
2026-07-02; 04:13:30; 405; 0; 34.08; 1008.7955078125; 23.5927734375
2026-07-02; 04:14:30; 421; 3; 34.03; 1008.7875390625; 23.6142578125
2026-07-02; 04:15:30; 414; 2; 33.84; 1008.6806640625; 23.833984375
2026-07-02; 04:16:30; 423; 3; 33.89; 1008.767421875; 23.7568359375
2026-07-02; 04:17:30; 421; 3; 33.87; 1008.7634375; 23.84765625
2026-07-02; 04:18:30; 421; 3; 34.03; 1008.75203125; 23.6484375
2026-07-02; 04:19:30; 423; 3; 34.11; 1008.70515625; 23.537109375
2026-07-02; 04:20:30; 427; 4; 34.13; 1008.764140625; 23.515625
2026-07-02; 04:21:30; 427; 4; 34.01; 1008.7010546875; 23.61328125
2026-07-02; 04:22:30; 427; 4; 34.07; 1008.7247265625; 23.5927734375
2026-07-02; 04:23:30; 434; 5; 34.07; 1008.7247265625; 23.5927734375
2026-07-02; 04:24:30; 427; 4; 33.98; 1008.763828125; 23.6337890625
2026-07-02; 04:25:30; 427; 4; 34.04; 1008.740234375; 23.6259765625
2026-07-02; 04:26:30; 427; 4; 33.94; 1008.7283984375; 23.7705078125
2026-07-02; 04:27:30; 427; 4; 33.89; 1008.786875; 23.8251953125
2026-07-02; 04:28:30; 423; 3; 33.9; 1008.6926171875; 23.802734375
2026-07-02; 04:29:30; 423; 3; 33.87; 1008.700390625; 23.8359375
2026-07-02; 04:30:30; 421; 3; 33.87; 1008.727890625; 23.80078125
2026-07-02; 04:31:30; 423; 3; 33.99; 1008.6890625; 23.7265625
2026-07-02; 04:32:30; 423; 3; 33.93; 1008.68515625; 23.7578125
2026-07-02; 04:33:30; 423; 3; 34.05; 1008.6657421875; 23.63671875
2026-07-02; 04:34:31; 423; 3; 34.0; 1008.6853125; 23.681640625
2026-07-02; 04:35:31; 427; 4; 34.0; 1008.6578125; 23.658203125
2026-07-02; 04:36:31; 427; 4; 33.77; 1008.6609375; 23.95703125
2026-07-02; 04:37:31; 434; 5; 33.92; 1008.669375; 23.78125
2026-07-02; 04:38:31; 434; 5; 33.98; 1008.64578125; 23.7373046875
2026-07-02; 04:39:31; 434; 5; 33.89; 1008.657421875; 23.8251953125
2026-07-02; 04:40:31; 439; 5; 33.97; 1008.720625; 23.7373046875
2026-07-02; 04:41:31; 439; 5; 33.91; 1008.7281640625; 23.837890625
2026-07-02; 04:42:31; 444; 6; 33.82; 1008.6571875; 23.9365234375
2026-07-02; 04:43:31; 448; 7; 33.81; 1008.6964453125; 23.9365234375
2026-07-02; 04:44:31; 448; 7; 33.72; 1008.6921875; 24.03515625
2026-07-02; 04:45:31; 448; 7; 33.88; 1008.641640625; 23.8701171875
2026-07-02; 04:46:31; 448; 7; 33.96; 1008.62234375; 23.748046875
2026-07-02; 04:47:31; 448; 7; 33.98; 1008.64578125; 23.771484375
2026-07-02; 04:48:31; 452; 7; 33.88; 1008.6061328125; 23.8935546875
2026-07-02; 04:49:31; 452; 7; 33.9; 1008.6376171875; 23.8603515625
2026-07-02; 04:50:31; 459; 8; 33.93; 1008.6301171875; 23.861328125
2026-07-02; 04:51:31; 459; 8; 33.71; 1008.593984375; 24.068359375
2026-07-02; 04:52:31; 459; 8; 33.77; 1008.6254296875; 24.060546875
2026-07-02; 04:53:31; 459; 8; 33.88; 1008.641640625; 23.9052734375
2026-07-02; 04:54:31; 459; 8; 33.83; 1008.582421875; 23.9833984375
2026-07-02; 04:55:31; 459; 8; 33.72; 1008.5624609375; 24.103515625
2026-07-02; 04:56:31; 462; 9; 33.87; 1008.617890625; 23.9619140625
2026-07-02; 04:57:31; 462; 9; 33.74; 1008.64125; 24.09375
2026-07-02; 04:58:31; 466; 10; 33.82; 1008.6491796875; 24.05078125
2026-07-02; 04:59:31; 475; 11; 33.79; 1008.6844140625; 24.0615234375
2026-07-02; 05:00:31; 480; 12; 33.85; 1008.566953125; 24.0078125
2026-07-02; 05:01:31; 480; 12; 33.79; 1008.6374609375; 24.0498046875
2026-07-02; 05:02:31; 485; 12; 33.82; 1008.6216796875; 24.05078125
2026-07-02; 05:03:31; 485; 12; 33.72; 1008.6097265625; 24.1845703125
2026-07-02; 05:04:31; 485; 12; 33.77; 1008.51546875; 24.1064453125
2026-07-02; 05:05:31; 491; 13; 33.81; 1008.6414453125; 24.07421875
2026-07-02; 05:06:31; 485; 12; 33.81; 1008.5864453125; 24.07421875
2026-07-02; 05:07:31; 485; 12; 33.79; 1008.5274609375; 24.095703125
2026-07-02; 05:08:31; 491; 13; 33.89; 1008.6023828125; 23.998046875
2026-07-02; 05:09:31; 485; 12; 33.8; 1008.5626953125; 24.0732421875
2026-07-02; 05:10:31; 491; 13; 33.76; 1008.5547265625; 24.1513671875
2026-07-02; 05:11:31; 496; 14; 33.76; 1008.6097265625; 24.140625
2026-07-02; 05:12:31; 496; 14; 33.84; 1008.5431640625; 24.0869140625
2026-07-02; 05:13:31; 496; 14; 33.77; 1008.5979296875; 24.1640625
2026-07-02; 05:14:31; 496; 14; 33.71; 1008.54671875; 24.20703125
2026-07-02; 05:15:31; 496; 14; 33.82; 1008.5116796875; 24.09765625
2026-07-02; 05:16:31; 491; 13; 33.85; 1008.44890625; 24.0419921875
2026-07-02; 05:17:32; 485; 12; 33.8; 1008.488203125; 24.0966796875
2026-07-02; 05:18:32; 485; 12; 33.84; 1008.4687109375; 24.0869140625
2026-07-02; 05:19:32; 485; 12; 33.83; 1008.444921875; 24.0634765625
2026-07-02; 05:20:32; 480; 12; 33.79; 1008.4725; 24.072265625
2026-07-02; 05:21:32; 475; 11; 33.66; 1008.4130078125; 24.2041015625
2026-07-02; 05:22:32; 480; 12; 33.65; 1008.452265625; 24.2607421875
2026-07-02; 05:23:32; 466; 10; 33.72; 1008.444765625; 24.1845703125
2026-07-02; 05:24:32; 466; 10; 33.38; 1008.4279296875; 24.568359375
2026-07-02; 05:25:32; 466; 10; 33.64; 1008.4562890625; 24.283203125
2026-07-02; 05:26:32; 466; 10; 33.76; 1008.4996875; 24.1513671875
2026-07-02; 05:27:32; 466; 10; 33.69; 1008.5075; 24.2060546875
2026-07-02; 05:28:32; 466; 10; 33.67; 1008.476015625; 24.2275390625
2026-07-02; 05:29:32; 462; 9; 33.64; 1008.436796875; 24.2607421875
2026-07-02; 05:30:32; 462; 9; 33.58; 1008.479765625; 24.337890625
2026-07-02; 05:31:32; 459; 8; 33.71; 1008.4840234375; 24.1953125
2026-07-02; 05:32:32; 462; 9; 33.77; 1008.51546875; 24.1181640625
2026-07-02; 05:33:32; 462; 9; 33.65; 1008.5072265625; 24.23828125
2026-07-02; 05:34:32; 459; 8; 33.73; 1008.5232421875; 24.1396484375
2026-07-02; 05:35:32; 462; 9; 33.64; 1008.546796875; 24.2265625
2026-07-02; 05:36:32; 452; 7; 33.74; 1008.47625; 24.150390625
2026-07-02; 05:37:32; 452; 7; 33.66; 1008.4955078125; 24.2041015625
2026-07-02; 05:38:32; 452; 7; 33.65; 1008.452265625; 24.2265625
2026-07-02; 05:39:32; 448; 7; 33.77; 1008.51546875; 24.1181640625
2026-07-02; 05:40:32; 448; 7; 33.7; 1008.4957421875; 24.1826171875
2026-07-02; 05:41:32; 448; 7; 33.64; 1008.491796875; 24.2490234375
2026-07-02; 05:42:32; 448; 7; 33.68; 1008.5269921875; 24.228515625
2026-07-02; 05:43:32; 448; 7; 33.46; 1008.4909375; 24.423828125
2026-07-02; 05:44:32; 448; 7; 33.47; 1008.50671875; 24.435546875
2026-07-02; 05:45:32; 448; 7; 33.51; 1008.5344921875; 24.380859375
2026-07-02; 05:46:32; 444; 6; 33.62; 1008.5622265625; 24.3056640625
2026-07-02; 05:47:32; 444; 6; 33.56; 1008.4560546875; 24.3369140625
2026-07-02; 05:48:32; 439; 5; 33.56; 1008.47578125; 24.3603515625
2026-07-02; 05:49:32; 434; 5; 33.59; 1008.5505078125; 24.2919921875
2026-07-02; 05:50:32; 434; 5; 33.59; 1008.523046875; 24.2919921875
2026-07-02; 05:51:32; 427; 4; 33.67; 1008.476015625; 24.181640625
2026-07-02; 05:52:32; 423; 3; 33.5; 1008.498984375; 24.3564453125
2026-07-02; 05:53:32; 423; 3; 33.61; 1008.52703125; 24.2470703125
2026-07-02; 05:54:32; 423; 3; 33.71; 1008.49171875; 24.126953125
2026-07-02; 05:55:32; 423; 3; 33.68; 1008.5192578125; 24.181640625
2026-07-02; 05:56:32; 423; 3; 33.53; 1008.5384765625; 24.3125
2026-07-02; 05:57:32; 400; 0; 33.38; 1008.4829296875; 24.4189453125
2026-07-02; 05:58:32; 400; 0; 32.81; 1008.5773828125; 24.607421875
2026-07-02; 05:59:33; 400; 0; 32.27; 1008.49078125; 25.3115234375
2026-07-02; 06:00:33; 400; 0; 32.02; 1008.54328125; 25.6181640625
2026-07-02; 06:01:33; 400; 0; 31.5; 1008.5568359375; 26.138671875
2026-07-02; 06:02:33; 400; 0; 31.14; 1008.59875; 26.666015625
2026-07-02; 06:03:33; 400; 0; 31.12; 1008.539765625; 26.6875
2026-07-02; 06:04:33; 400; 0; 30.76; 1008.5778125; 27.0556640625
2026-07-02; 06:05:33; 400; 0; 30.89; 1008.58359375; 26.92578125
2026-07-02; 06:06:33; 400; 0; 30.75; 1008.507265625; 27.111328125
2026-07-02; 06:07:33; 400; 0; 30.61; 1008.567734375; 27.263671875
2026-07-02; 06:08:33; 400; 0; 30.72; 1008.5615625; 27.224609375
2026-07-02; 06:09:33; 400; 0; 30.44; 1008.4983203125; 27.595703125
2026-07-02; 06:10:33; 400; 0; 30.3; 1008.55828125; 27.8955078125
2026-07-02; 06:11:33; 405; 0; 30.33; 1008.5432421875; 27.953125
2026-07-02; 06:12:33; 405; 0; 30.37; 1008.5163671875; 27.8759765625
2026-07-02; 06:13:33; 405; 0; 30.51; 1008.546171875; 27.8623046875
2026-07-02; 06:14:33; 418; 2; 30.77; 1008.6129296875; 27.4892578125
2026-07-02; 06:15:33; 459; 8; 31.02; 1008.691015625; 27.2080078125
2026-07-02; 06:16:33; 505; 15; 31.04; 1008.5857421875; 27.1630859375
2026-07-02; 06:17:33; 560; 24; 31.03; 1008.605078125; 27.1279296875
2026-07-02; 06:18:33; 614; 32; 30.87; 1008.6537109375; 27.3359375
2026-07-02; 06:19:33; 643; 37; 31.02; 1008.74578125; 27.2763671875
2026-07-02; 06:20:33; 665; 40; 30.85; 1008.6768359375; 27.208984375
2026-07-02; 06:21:33; 614; 32; 30.73; 1008.71421875; 27.521484375
2026-07-02; 06:22:33; 618; 33; 30.45; 1008.7055859375; 28.0068359375
2026-07-02; 06:23:33; 657; 39; 30.49; 1008.713828125; 28.0546875
2026-07-02; 06:24:33; 657; 39; 30.47; 1008.756484375; 28.01953125
2026-07-02; 06:25:33; 706; 46; 30.93; 1008.7288671875; 27.5224609375
2026-07-02; 06:26:33; 740; 51; 31.08; 1008.676328125; 27.2802734375
2026-07-02; 06:27:33; 733; 50; 30.95; 1008.725390625; 27.375
2026-07-02; 06:28:33; 678; 42; 30.82; 1008.7662890625; 27.4462890625
2026-07-02; 06:29:33; 665; 40; 30.85; 1008.684609375; 27.4375
2026-07-02; 06:30:33; 678; 42; 30.61; 1008.6417578125; 27.7763671875
2026-07-02; 06:31:33; 694; 44; 30.89; 1008.6579296875; 27.4169921875
2026-07-02; 06:32:33; 740; 51; 31.18; 1008.63484375; 27.16015625
2026-07-02; 06:33:33; 800; 60; 31.17; 1008.64640625; 27.1484375
2026-07-02; 06:34:33; 821; 64; 30.98; 1008.635859375; 27.4912109375
2026-07-02; 06:35:33; 872; 71; 30.99; 1008.5421875; 27.3544921875
2026-07-02; 06:36:33; 954; 84; 31.12; 1008.59453125; 27.15625
2026-07-02; 06:37:33; 1035; 96; 31.15; 1008.5323828125; 27.1123046875
2026-07-02; 06:38:33; 1060; 100; 31.26; 1008.56171875; 27.0048828125
2026-07-02; 06:39:33; 1009; 92; 31.12; 1008.59453125; 27.2021484375
2026-07-02; 06:40:33; 1159; 115; 31.23; 1008.6396484375; 27.861328125
2026-07-02; 06:41:33; 1756; 399; 31.23; 1008.60421875; 30.087890625
2026-07-02; 06:42:34; 2402; 1577; 31.26; 1008.56171875; 31.814453125
2026-07-02; 06:43:34; 3564; 4062; 31.02; 1008.67140625; 33.3720703125
2026-07-02; 06:44:34; 5165; 7465; 31.13; 1008.5555859375; 33.3115234375
2026-07-02; 06:45:34; 7186; 11777; 30.99; 1008.624296875; 32.970703125
2026-07-02; 06:46:34; 8216; 13977; 30.74; 1008.57359375; 32.9990234375
2026-07-02; 06:47:34; 8626; 14853; 30.7; 1008.61984375; 34.203125
2026-07-02; 06:48:34; 8626; 14853; 30.59; 1008.55546875; 32.5654296875
2026-07-02; 06:49:34; 8913; 15498; 30.5; 1008.5928515625; 32.7646484375
2026-07-02; 06:50:34; 9074; 15812; 30.47; 1008.5180859375; 31.6005859375
2026-07-02; 06:51:34; 9764; 17301; 30.62; 1008.57546875; 32.4765625
2026-07-02; 06:52:34; 8760; 15168; 30.57; 1008.5508984375; 31.037109375
2026-07-02; 06:53:34; 8352; 14268; 30.74; 1008.5462109375; 30.490234375
2026-07-02; 06:54:34; 8481; 14572; 30.73; 1008.5500390625; 29.9755859375
2026-07-02; 06:55:34; 7937; 13435; 30.62; 1008.6109375; 30.048828125
2026-07-02; 06:56:34; 7818; 13191; 30.71; 1008.5808984375; 29.7578125
2026-07-02; 06:57:34; 7706; 12950; 30.74; 1008.6202734375; 29.66796875
2026-07-02; 06:58:34; 7706; 12950; 30.88; 1008.696875; 29.208984375
2026-07-02; 06:59:34; 7381; 12206; 30.65; 1008.595546875; 29.2626953125
2026-07-02; 07:00:34; 7262; 11957; 30.59; 1008.6729296875; 29.2021484375
2026-07-02; 07:01:34; 7090; 11586; 30.76; 1008.6325390625; 28.791015625
2026-07-02; 07:02:34; 6889; 11159; 30.83; 1008.617890625; 28.646484375
2026-07-02; 07:03:34; 7186; 11777; 31.02; 1008.67140625; 28.5439453125
2026-07-02; 07:04:34; 7090; 11586; 31.22; 1008.62390625; 28.671875
2026-07-02; 07:05:34; 6627; 10609; 31.27; 1008.749609375; 28.537109375
2026-07-02; 07:06:34; 6807; 10977; 31.35; 1008.785703125; 28.3935546875
2026-07-02; 07:07:34; 6151; 9584; 31.21; 1008.772421875; 28.3857421875
2026-07-02; 07:08:34; 5732; 8718; 31.12; 1008.758828125; 28.67578125
2026-07-02; 07:09:34; 5672; 8589; 31.08; 1008.7310546875; 28.5595703125
2026-07-02; 07:10:34; 5876; 8994; 31.12; 1008.7394921875; 28.5390625
2026-07-02; 07:11:34; 5553; 8315; 30.95; 1008.725390625; 28.6884765625
2026-07-02; 07:12:34; 5808; 8850; 30.93; 1008.69375; 28.8125
2026-07-02; 07:13:34; 5553; 8315; 30.87; 1008.7709765625; 28.763671875
2026-07-02; 07:14:34; 5492; 8202; 30.71; 1008.690390625; 28.7646484375
2026-07-02; 07:15:34; 5165; 7465; 30.61; 1008.669140625; 28.974609375
2026-07-02; 07:16:34; 4920; 6950; 30.58; 1008.6490625; 28.984375
2026-07-02; 07:17:34; 4611; 6306; 30.44; 1008.689765625; 29.2275390625
2026-07-02; 07:18:34; 4611; 6306; 30.77; 1008.675703125; 28.7578125
2026-07-02; 07:19:34; 4455; 5967; 30.61; 1008.6417578125; 29.06640625
2026-07-02; 07:20:34; 4345; 5717; 30.43; 1008.701328125; 29.2490234375
2026-07-02; 07:21:34; 4108; 5206; 30.29; 1008.61671875; 29.41015625
2026-07-02; 07:22:34; 3939; 4879; 30.18; 1008.6423046875; 29.5517578125
2026-07-02; 07:23:34; 3852; 4694; 30.13; 1008.6530078125; 29.6396484375
2026-07-02; 07:24:34; 3770; 4489; 30.22; 1008.6974609375; 29.599609375
2026-07-02; 07:25:35; 3630; 4197; 30.21; 1008.7441015625; 29.599609375
2026-07-02; 07:26:35; 3823; 4606; 30.34; 1008.7035546875; 29.4140625
2026-07-02; 07:27:35; 4063; 5147; 30.48; 1008.6706640625; 29.3662109375
2026-07-02; 07:28:35; 3790; 4536; 30.32; 1008.6368359375; 29.5263671875
2026-07-02; 07:29:35; 3852; 4694; 30.36; 1008.6453515625; 29.4951171875
2026-07-02; 07:30:35; 3612; 4151; 30.34; 1008.7035546875; 29.5625
2026-07-02; 07:31:35; 3401; 3707; 30.24; 1008.6821484375; 29.646484375
2026-07-02; 07:32:35; 3357; 3610; 30.4; 1008.700546875; 29.4296875
2026-07-02; 07:33:35; 3269; 3433; 30.48; 1008.64328125; 29.3095703125
2026-07-02; 07:34:35; 3514; 3953; 30.61; 1008.669140625; 29.1005859375
2026-07-02; 07:35:35; 3401; 3707; 30.72; 1008.733515625; 29.0849609375
2026-07-02; 07:36:35; 3288; 3473; 30.72; 1008.678828125; 29.0732421875
2026-07-02; 07:37:35; 3329; 3556; 30.78; 1008.664140625; 28.986328125
2026-07-02; 07:38:35; 3313; 3522; 30.91; 1008.7246484375; 28.8466796875
2026-07-02; 07:39:35; 3401; 3707; 30.9; 1008.7088671875; 28.9140625
2026-07-02; 07:40:35; 3630; 4197; 30.98; 1008.690625; 28.873046875
2026-07-02; 07:41:35; 3514; 3953; 31.08; 1008.64890625; 28.7763671875
2026-07-02; 07:42:35; 3444; 3798; 31.17; 1008.7285546875; 28.7138671875
2026-07-02; 07:43:35; 3471; 3855; 31.11; 1008.6962890625; 28.8017578125
2026-07-02; 07:44:35; 3288; 3473; 30.89; 1008.6579296875; 29.232421875
2026-07-02; 07:45:35; 3150; 3174; 30.77; 1008.6676953125; 29.4072265625
2026-07-02; 07:46:35; 3055; 2966; 30.66; 1008.6309765625; 29.548828125
2026-07-02; 07:47:35; 2973; 2792; 30.63; 1008.618671875; 29.6611328125
2026-07-02; 07:48:35; 3055; 2966; 30.68; 1008.6351953125; 29.6064453125
2026-07-02; 07:49:35; 3055; 2966; 30.94; 1008.600078125; 29.26953125
2026-07-02; 07:50:35; 3288; 3473; 31.13; 1008.665078125; 29.064453125
2026-07-02; 07:51:35; 3444; 3798; 31.34; 1008.63296875; 28.701171875
2026-07-02; 07:52:35; 3514; 3953; 31.58; 1008.6125390625; 28.4189453125
2026-07-02; 07:53:35; 3564; 4062; 31.51; 1008.6822265625; 28.541015625
2026-07-02; 07:54:35; 3689; 4320; 31.58; 1008.6202734375; 28.419921875
2026-07-02; 07:55:35; 3661; 4256; 31.6; 1008.5970703125; 28.5126953125
2026-07-02; 07:56:35; 3419; 3756; 31.49; 1008.5684375; 28.7001953125
2026-07-02; 07:57:35; 3514; 3953; 31.6; 1008.5619140625; 28.5009765625
2026-07-02; 07:58:35; 3250; 3387; 31.5; 1008.60390625; 28.734375
2026-07-02; 07:59:35; 3114; 3090; 31.41; 1008.5987890625; 28.9345703125
2026-07-02; 08:00:35; 3114; 3090; 31.53; 1008.5768359375; 28.7138671875
2026-07-02; 08:01:35; 3329; 3556; 31.74; 1008.646171875; 28.44140625
2026-07-02; 08:02:35; 3288; 3473; 31.74; 1008.610703125; 28.56640625
2026-07-02; 08:03:35; 3269; 3433; 31.83; 1008.6234375; 28.35546875
2026-07-02; 08:04:35; 3496; 3905; 31.83; 1008.6156640625; 28.4345703125
2026-07-02; 08:05:35; 3630; 4197; 31.96; 1008.6563671875; 28.271484375
2026-07-02; 08:06:35; 3770; 4489; 32.05; 1008.672890625; 28.185546875
2026-07-02; 08:07:35; 3514; 3953; 32.16; 1008.6738671875; 28.06640625
2026-07-02; 08:08:36; 3590; 4107; 32.1; 1008.622421875; 28.1201171875
2026-07-02; 08:09:36; 3444; 3798; 32.11; 1008.73984375; 28.1435546875
2026-07-02; 08:10:36; 3496; 3905; 32.11; 1008.7478515625; 28.1669921875
2026-07-02; 08:11:36; 3357; 3610; 32.22; 1008.7213671875; 28.046875
2026-07-02; 08:12:36; 3329; 3556; 32.16; 1008.7638671875; 28.06640625
2026-07-02; 08:13:36; 3288; 3473; 32.17; 1008.7522265625; 28.1357421875
2026-07-02; 08:14:36; 3226; 3340; 32.23; 1008.756875; 28.0703125
2026-07-02; 08:15:36; 3150; 3174; 32.16; 1008.7912890625; 28.1923828125
2026-07-02; 08:16:36; 3040; 2934; 32.05; 1008.81; 28.357421875
2026-07-02; 08:17:36; 3023; 2897; 32.02; 1008.735234375; 28.4580078125
2026-07-02; 08:18:36; 2937; 2715; 31.97; 1008.754375; 28.5927734375
2026-07-02; 08:19:36; 3075; 3010; 32.17; 1008.7170703125; 28.2958984375
2026-07-02; 08:20:36; 3006; 2866; 32.2; 1008.79953125; 28.2861328125
2026-07-02; 08:21:36; 2799; 2433; 32.06; 1008.69640625; 28.4150390625
2026-07-02; 08:22:36; 2730; 2285; 32.24; 1008.7255078125; 28.1630859375
2026-07-02; 08:23:36; 2820; 2474; 32.23; 1008.7842578125; 28.173828125
2026-07-02; 08:24:36; 2775; 2376; 32.12; 1008.728203125; 28.373046875
2026-07-02; 08:25:36; 2630; 2066; 32.07; 1008.76703125; 28.47265625
2026-07-02; 08:26:36; 2630; 2066; 32.07; 1008.76703125; 28.404296875
2026-07-02; 08:27:36; 2509; 1804; 31.99; 1008.7153515625; 28.3193359375
2026-07-02; 08:28:36; 2426; 1628; 31.96; 1008.703125; 28.283203125
2026-07-02; 08:29:36; 2380; 1528; 32.07; 1008.7315625; 28.2099609375
2026-07-02; 08:30:36; 2499; 1779; 32.3; 1008.777265625; 27.9599609375
2026-07-02; 08:31:36; 2533; 1855; 32.37; 1008.703359375; 27.9306640625
2026-07-02; 08:32:36; 2608; 2013; 32.42; 1008.7744921875; 27.9560546875
2026-07-02; 08:33:36; 2674; 2154; 32.45; 1008.7394921875; 27.9013671875
2026-07-02; 08:34:36; 2659; 2121; 32.44; 1008.6688671875; 27.900390625
2026-07-02; 08:35:36; 2702; 2208; 32.39; 1008.6448828125; 28.0
2026-07-02; 08:36:36; 2608; 2013; 32.51; 1008.64203125; 27.7666015625
2026-07-02; 08:37:36; 2608; 2013; 32.66; 1008.61546875; 27.5126953125
2026-07-02; 08:38:36; 2630; 2066; 32.76; 1008.5809375; 27.369140625
2026-07-02; 08:39:36; 2630; 2066; 32.84; 1008.6524609375; 27.259765625
2026-07-02; 08:40:36; 2674; 2154; 32.91; 1008.67234375; 27.18359375
2026-07-02; 08:41:36; 2730; 2285; 32.91; 1008.5625390625; 27.1494140625
2026-07-02; 08:42:36; 2799; 2433; 32.98; 1008.645390625; 26.98046875
2026-07-02; 08:43:36; 2799; 2433; 33.01; 1008.6300390625; 26.8564453125
2026-07-02; 08:44:36; 2760; 2348; 33.24; 1008.654765625; 26.640625
2026-07-02; 08:45:36; 2835; 2512; 33.22; 1008.678203125; 26.662109375
2026-07-02; 08:46:36; 2990; 2823; 33.15; 1008.658046875; 26.876953125
2026-07-02; 08:47:36; 3075; 3010; 33.19; 1008.6309765625; 26.8212890625
2026-07-02; 08:48:36; 3329; 3556; 33.21; 1008.6544140625; 26.822265625
2026-07-02; 08:49:36; 3357; 3610; 33.15; 1008.603125; 26.9453125
2026-07-02; 08:50:36; 3376; 3665; 33.28; 1008.682265625; 26.814453125
2026-07-02; 08:51:37; 3269; 3433; 33.26; 1008.6038671875; 26.791015625
2026-07-02; 08:52:37; 3174; 3213; 33.34; 1008.50203125; 26.634765625
2026-07-02; 08:53:37; 3174; 3213; 33.3; 1008.60390625; 26.7353515625
2026-07-02; 08:54:37; 3114; 3090; 33.3; 1008.521484375; 26.609375
2026-07-02; 08:55:37; 2937; 2715; 33.34; 1008.5569921875; 26.5205078125
2026-07-02; 08:56:37; 2881; 2613; 33.34; 1008.5569921875; 26.439453125
2026-07-02; 08:57:37; 2851; 2547; 33.52; 1008.5776953125; 26.2314453125
2026-07-02; 08:58:37; 2920; 2679; 33.64; 1008.6292578125; 25.9853515625
2026-07-02; 08:59:37; 3055; 2966; 33.64; 1008.546796875; 26.06640625
2026-07-02; 09:00:37; 3192; 3246; 33.67; 1008.6487109375; 26.1025390625
2026-07-02; 09:01:37; 3250; 3387; 33.59; 1008.613203125; 26.1787109375
2026-07-02; 09:02:37; 3055; 2966; 33.62; 1008.6721875; 26.087890625
2026-07-02; 09:03:37; 2937; 2715; 33.65; 1008.6172265625; 25.9052734375
2026-07-02; 09:04:37; 2881; 2613; 33.65; 1008.636953125; 26.04296875
2026-07-02; 09:05:37; 2881; 2613; 33.64; 1008.6292578125; 26.158203125
2026-07-02; 09:06:37; 3006; 2866; 33.59; 1008.63296875; 26.201171875
2026-07-02; 09:07:37; 3040; 2934; 33.58; 1008.6172265625; 26.2236328125
2026-07-02; 09:08:37; 2920; 2679; 33.63; 1008.63296875; 26.1689453125
2026-07-02; 09:09:37; 2799; 2433; 33.65; 1008.6172265625; 25.9853515625
2026-07-02; 09:10:37; 2799; 2433; 33.78; 1008.5862109375; 25.8662109375
2026-07-02; 09:11:37; 2835; 2512; 33.69; 1008.6251953125; 25.8046875
2026-07-02; 09:12:37; 2659; 2121; 33.84; 1008.6806640625; 25.6513671875
2026-07-02; 09:13:37; 2791; 2410; 33.85; 1008.6494140625; 25.7333984375
2026-07-02; 09:14:37; 2851; 2547; 33.72; 1008.6097265625; 25.966796875
2026-07-02; 09:15:37; 2973; 2792; 33.81; 1008.6333984375; 25.857421875
2026-07-02; 09:16:37; 2973; 2792; 33.86; 1008.5471484375; 25.8603515625
2026-07-02; 09:17:37; 3006; 2866; 33.82; 1008.6021875; 25.9150390625
2026-07-02; 09:18:37; 2820; 2474; 33.85; 1008.594453125; 25.7568359375
2026-07-02; 09:19:37; 2835; 2512; 33.89; 1008.566875; 25.7001953125
2026-07-02; 09:20:37; 2775; 2376; 33.87; 1008.5984375; 25.435546875
2026-07-02; 09:21:37; 2715; 2257; 33.83; 1008.6179296875; 25.8349609375
2026-07-02; 09:22:37; 2799; 2433; 33.84; 1008.5706640625; 25.7666015625
2026-07-02; 09:23:37; 2881; 2613; 33.92; 1008.523828125; 25.736328125
2026-07-02; 09:24:37; 2715; 2257; 33.9; 1008.527578125; 25.5400390625
2026-07-02; 09:25:37; 2730; 2285; 33.98; 1008.4612890625; 25.4990234375
2026-07-02; 09:26:37; 2730; 2285; 33.98; 1008.5437890625; 25.533203125
2026-07-02; 09:27:37; 2715; 2257; 33.96; 1008.5123046875; 25.669921875
2026-07-02; 09:28:37; 2730; 2285; 33.98; 1008.50828125; 25.5791015625
2026-07-02; 09:29:37; 2702; 2208; 33.9; 1008.4176171875; 25.5400390625
2026-07-02; 09:30:37; 2730; 2285; 33.93; 1008.402109375; 25.7138671875
2026-07-02; 09:31:37; 2715; 2257; 34.06; 1008.359140625; 25.3994140625
2026-07-02; 09:32:37; 2745; 2320; 34.04; 1008.41015625; 25.36328125
2026-07-02; 09:33:37; 2702; 2208; 34.16; 1008.3436328125; 25.2900390625
2026-07-02; 09:34:38; 2745; 2320; 34.03; 1008.3198828125; 25.513671875
2026-07-02; 09:35:38; 2715; 2257; 34.08; 1008.3630859375; 25.400390625
2026-07-02; 09:36:38; 2618; 2039; 34.12; 1008.2884375; 25.3681640625
2026-07-02; 09:37:38; 2618; 2039; 34.13; 1008.3514453125; 25.115234375
2026-07-02; 09:38:38; 2533; 1855; 34.07; 1008.3473046875; 25.146484375
2026-07-02; 09:39:38; 2568; 1919; 34.15; 1008.3279296875; 25.10546875
2026-07-02; 09:40:38; 2581; 1951; 34.15; 1008.335625; 24.9560546875
2026-07-02; 09:41:38; 2568; 1919; 34.16; 1008.3161328125; 24.88671875
2026-07-02; 09:42:38; 2554; 1897; 34.25; 1008.2570703125; 24.6962890625
2026-07-02; 09:43:38; 2414; 1603; 34.03; 1008.3119140625; 24.92578125
2026-07-02; 09:44:38; 2328; 1414; 33.96; 1008.3473046875; 24.73828125
2026-07-02; 09:45:38; 2172; 1075; 33.99; 1008.331484375; 24.8544921875
2026-07-02; 09:46:38; 2226; 1201; 33.99; 1008.3394921875; 24.6474609375
2026-07-02; 09:47:38; 2255; 1258; 34.15; 1008.3279296875; 24.517578125
2026-07-02; 09:48:38; 2156; 1040; 34.18; 1008.3828125; 24.27734375
2026-07-02; 09:49:38; 2110; 943; 34.25; 1008.3396484375; 24.2001953125
2026-07-02; 09:50:38; 2092; 909; 34.22; 1008.3551953125; 23.912109375
2026-07-02; 09:51:38; 2110; 943; 34.21; 1008.3669921875; 24.0830078125
2026-07-02; 09:52:38; 2128; 981; 34.24; 1008.26890625; 24.0849609375
2026-07-02; 09:53:38; 2180; 1097; 34.23; 1008.288359375; 24.0263671875
2026-07-02; 09:54:38; 2218; 1179; 34.13; 1008.3041796875; 24.2177734375
2026-07-02; 09:55:38; 2218; 1179; 34.2; 1008.2059765625; 24.1982421875
2026-07-02; 09:56:38; 2138; 999; 34.18; 1008.2727734375; 24.197265625
2026-07-02; 09:57:38; 2172; 1075; 34.15; 1008.2178515625; 24.1494140625
2026-07-02; 09:58:38; 2120; 966; 34.17; 1008.2493359375; 23.724609375
2026-07-02; 09:59:38; 2060; 843; 34.16; 1008.3238671875; 23.6318359375
2026-07-02; 10:00:38; 1951; 665; 34.25; 1008.31984375; 23.693359375
2026-07-02; 10:01:38; 1925; 623; 34.32; 1008.3473828125; 23.4560546875
2026-07-02; 10:02:38; 1968; 692; 34.29; 1008.3475390625; 23.5576171875
2026-07-02; 10:03:38; 2020; 784; 34.31; 1008.35921875; 23.720703125
2026-07-02; 10:04:38; 1997; 740; 34.24; 1008.3789453125; 23.5087890625
2026-07-02; 10:05:38; 1915; 609; 34.18; 1008.264765625; 23.5751953125
2026-07-02; 10:06:38; 1874; 547; 34.13; 1008.323984375; 23.4921875
2026-07-02; 10:07:38; 1861; 531; 34.08; 1008.3003515625; 23.5810546875
2026-07-02; 10:08:38; 1809; 460; 34.12; 1008.3082421875; 23.43359375
2026-07-02; 10:09:38; 1842; 504; 34.09; 1008.288515625; 23.5126953125
2026-07-02; 10:10:38; 1935; 641; 34.09; 1008.3160546875; 23.82421875
2026-07-02; 10:11:38; 2020; 784; 34.09; 1008.288515625; 23.7666015625
2026-07-02; 10:12:39; 1973; 700; 34.07; 1008.2570703125; 23.8232421875
2026-07-02; 10:13:39; 1973; 700; 34.09; 1008.2962890625; 23.880859375
2026-07-02; 10:14:39; 1809; 460; 34.27; 1008.26875; 23.1884765625
2026-07-02; 10:15:39; 1715; 354; 34.24; 1008.304140625; 23.2333984375
2026-07-02; 10:16:39; 1780; 428; 34.21; 1008.311953125; 23.484375
2026-07-02; 10:17:39; 1752; 392; 34.08; 1008.335546875; 23.8125
2026-07-02; 10:18:39; 1804; 454; 34.19; 1008.335546875; 23.576171875
2026-07-02; 10:19:39; 1780; 428; 34.13; 1008.2689453125; 23.2392578125
2026-07-02; 10:20:39; 1747; 387; 34.21; 1008.3042578125; 23.05859375
2026-07-02; 10:21:39; 1729; 366; 34.21; 1008.2569140625; 23.1279296875
2026-07-02; 10:22:39; 1704; 344; 34.24; 1008.2766015625; 23.0830078125
2026-07-02; 10:23:39; 1699; 337; 34.15; 1008.280625; 23.1943359375
2026-07-02; 10:24:39; 1664; 303; 34.19; 1008.2805078125; 23.080078125
2026-07-02; 10:25:39; 1556; 210; 34.11; 1008.265; 23.01953125
2026-07-02; 10:26:39; 1321; 140; 34.22; 1008.1901171875; 22.86328125
2026-07-02; 10:27:39; 1083; 104; 34.15; 1008.2530859375; 22.8828125
2026-07-02; 10:28:39; 1035; 96; 34.23; 1008.1783203125; 22.8056640625
2026-07-02; 10:29:39; 1174; 117; 34.24; 1008.2215625; 23.0712890625
2026-07-02; 10:30:39; 1498; 170; 34.24; 1008.1390234375; 23.037109375
2026-07-02; 10:31:39; 1608; 254; 34.16; 1008.1862890625; 23.216796875
2026-07-02; 10:32:39; 1656; 295; 34.12; 1008.198203125; 23.306640625
2026-07-02; 10:33:39; 1692; 331; 34.14; 1008.20984375; 23.1240234375
2026-07-02; 10:34:39; 1664; 303; 34.18; 1008.1547265625; 23.18359375
2026-07-02; 10:35:39; 1681; 320; 34.12; 1008.2884375; 23.158203125
2026-07-02; 10:36:39; 1672; 311; 34.17; 1008.304375; 23.033203125
2026-07-02; 10:37:39; 1642; 284; 34.1; 1008.1942578125; 23.14453125
2026-07-02; 10:38:39; 1624; 266; 34.13; 1008.249140625; 23.169921875
2026-07-02; 10:39:39; 1595; 240; 34.19; 1008.1979296875; 22.9765625
2026-07-02; 10:40:39; 1595; 240; 34.16; 1008.2611328125; 22.9755859375
2026-07-02; 10:41:39; 1556; 210; 34.08; 1008.2453125; 23.2587890625
2026-07-02; 10:42:40; 1598; 244; 34.1; 1008.331796875; 23.3291015625
2026-07-02; 10:43:40; 1579; 228; 34.08; 1008.2728125; 23.189453125
2026-07-02; 10:44:40; 1586; 233; 34.14; 1008.2846484375; 23.296875
2026-07-02; 10:45:40; 1638; 280; 34.2; 1008.316015625; 23.265625
2026-07-02; 10:46:40; 1681; 320; 34.21; 1008.3042578125; 23.265625
2026-07-02; 10:47:40; 1692; 331; 34.2; 1008.2687109375; 23.380859375
2026-07-02; 10:48:40; 1704; 344; 34.14; 1008.2021484375; 23.412109375
2026-07-02; 10:49:40; 1692; 331; 34.25; 1008.2570703125; 23.3134765625
2026-07-02; 10:50:40; 1656; 295; 34.17; 1008.2295703125; 23.62109375
2026-07-02; 10:51:40; 1687; 326; 34.24; 1008.2215625; 23.521484375
2026-07-02; 10:52:40; 1738; 377; 34.21; 1008.1941796875; 23.49609375
2026-07-02; 10:53:40; 1798; 446; 34.26; 1008.1902734375; 23.4296875
2026-07-02; 10:54:40; 1867; 540; 34.22; 1008.162578125; 23.4970703125
2026-07-02; 10:55:40; 1874; 547; 34.36; 1008.256953125; 23.365234375
2026-07-02; 10:56:40; 1867; 540; 34.31; 1008.186328125; 23.478515625
2026-07-02; 10:57:40; 1861; 531; 34.28; 1008.1391796875; 23.6376953125
2026-07-02; 10:58:40; 1889; 570; 34.25; 1008.1547265625; 23.61328125
2026-07-02; 10:59:40; 1915; 609; 34.35; 1008.24125; 23.341796875
2026-07-02; 11:00:40; 1809; 460; 34.43; 1008.209921875; 23.162109375
2026-07-02; 11:01:40; 1692; 331; 34.41; 1008.060390625; 22.9423828125
2026-07-02; 11:02:40; 1619; 263; 34.44; 1008.1708984375; 23.0244140625
2026-07-02; 11:03:40; 1603; 248; 34.46; 1008.1469921875; 23.10546875
2026-07-02; 11:04:40; 1536; 196; 34.43; 1008.209921875; 22.8046875
2026-07-02; 11:05:40; 1540; 199; 34.44; 1008.162578125; 22.8388671875
2026-07-02; 11:06:40; 1532; 193; 34.43; 1008.1548828125; 22.828125
2026-07-02; 11:07:40; 1499; 167; 34.48; 1008.1707421875; 22.6337890625
2026-07-02; 11:08:40; 1436; 157; 34.55; 1008.13515625; 22.5107421875
2026-07-02; 11:09:40; 1506; 176; 34.53; 1008.1037109375; 22.61328125
2026-07-02; 11:10:40; 1499; 167; 34.47; 1008.0173828125; 22.7138671875
2026-07-02; 11:11:41; 1404; 152; 34.38; 1008.12328125; 22.8134765625
2026-07-02; 11:12:41; 1321; 140; 34.4; 1008.135234375; 22.8603515625
2026-07-02; 11:13:41; 1420; 155; 34.36; 1008.07234375; 22.8125
2026-07-02; 11:14:41; 1499; 167; 34.48; 1008.1707421875; 22.7490234375
2026-07-02; 11:15:41; 1532; 193; 34.57; 1008.083984375; 22.5927734375
2026-07-02; 11:16:41; 1527; 190; 34.47; 1008.135234375; 22.93359375
2026-07-02; 11:17:41; 1499; 167; 34.55; 1008.0250390625; 22.798828125
2026-07-02; 11:18:41; 1523; 187; 34.48; 1008.1707421875; 22.9111328125
2026-07-02; 11:19:41; 1564; 218; 34.53; 1008.11171875; 22.740234375
2026-07-02; 11:20:41; 1527; 190; 34.58; 1008.1823046875; 22.53515625
2026-07-02; 11:21:41; 1498; 170; 34.48; 1008.19828125; 22.7490234375
2026-07-02; 11:22:41; 1482; 164; 34.54; 1008.04484375; 22.5908203125
2026-07-02; 11:23:41; 1482; 164; 34.51; 1007.9896875; 22.6806640625
2026-07-02; 11:24:41; 1502; 173; 34.42; 1008.0210546875; 22.5849609375
2026-07-02; 11:25:41; 1134; 111; 34.57; 1008.036953125; 22.2119140625
2026-07-02; 11:26:41; 1122; 109; 34.64; 1007.9660546875; 22.25
2026-07-02; 11:27:41; 983; 88; 34.55; 1008.060546875; 22.453125
2026-07-02; 11:28:41; 1083; 104; 34.6; 1008.0565625; 22.4443359375
2026-07-02; 11:29:41; 1277; 133; 34.54; 1008.0368359375; 22.4521484375
2026-07-02; 11:30:41; 1352; 145; 34.51; 1008.052734375; 22.3818359375
2026-07-02; 11:31:41; 1352; 145; 34.53; 1008.1392578125; 22.498046875
2026-07-02; 11:32:41; 1307; 138; 34.6; 1008.0841015625; 22.3056640625
2026-07-02; 11:33:41; 1174; 117; 34.5; 1008.0840625; 22.380859375
2026-07-02; 11:34:41; 1338; 142; 34.61; 1008.044765625; 22.3408203125
2026-07-02; 11:35:41; 1420; 155; 34.71; 1008.0485546875; 22.1376953125
2026-07-02; 11:36:41; 1465; 162; 34.67; 1008.0132421875; 22.2509765625
2026-07-02; 11:37:41; 1291; 135; 34.64; 1008.0762109375; 22.21484375
2026-07-02; 11:38:41; 1107; 107; 34.53; 1008.076171875; 22.5439453125
2026-07-02; 11:39:41; 1060; 100; 34.5; 1008.147109375; 22.404296875
2026-07-02; 11:40:41; 1174; 117; 34.41; 1008.1154296875; 22.619140625
2026-07-02; 11:41:42; 1307; 138; 34.54; 1008.0723828125; 22.4755859375
2026-07-02; 11:42:42; 1420; 155; 34.53; 1008.0291015625; 22.486328125
2026-07-02; 11:43:42; 1352; 145; 34.56; 1008.1313671875; 22.5224609375
2026-07-02; 11:44:42; 1389; 150; 34.56; 1008.0212109375; 22.4423828125
2026-07-02; 11:45:42; 1277; 133; 34.57; 1008.0289453125; 22.546875
2026-07-02; 11:46:42; 1338; 142; 34.55; 1007.9699609375; 22.4638671875
2026-07-02; 11:47:42; 1389; 150; 34.54; 1007.92671875; 22.41796875
2026-07-02; 11:48:42; 1506; 176; 34.59; 1007.930703125; 22.455078125
2026-07-02; 11:49:42; 1540; 199; 34.66; 1007.914921875; 22.3310546875
2026-07-02; 11:50:42; 1352; 145; 34.55; 1007.9229296875; 22.4296875
2026-07-02; 11:51:42; 1307; 138; 34.73; 1007.9419921875; 22.2431640625
2026-07-02; 11:52:42; 972; 87; 34.85; 1007.8474609375; 22.017578125
2026-07-02; 11:53:42; 714; 47; 34.86; 1007.870859375; 21.845703125
2026-07-02; 11:54:42; 607; 31; 34.8; 1007.8239453125; 22.00390625
2026-07-02; 11:55:42; 572; 26; 34.89; 1007.9102734375; 21.9970703125
2026-07-02; 11:56:42; 627; 34; 34.91; 1007.9494140625; 22.251953125
2026-07-02; 11:57:42; 840; 67; 34.89; 1007.882734375; 23.9345703125
2026-07-02; 11:58:42; 1997; 740; 34.88; 1007.8471875; 27.32421875
2026-07-02; 11:59:42; 2820; 2474; 34.97; 1007.871015625; 28.5732421875
2026-07-02; 12:00:42; 3790; 4536; 34.96; 1007.8469921875; 30.1162109375
2026-07-02; 12:01:42; 4975; 7058; 35.02; 1007.913984375; 31.041015625
2026-07-02; 12:02:42; 6229; 9743; 35.1; 1007.866328125; 31.0693359375
2026-07-02; 12:03:42; 7262; 11957; 35.24; 1007.810625; 31.677734375
2026-07-02; 12:04:42; 8481; 14572; 35.34; 1007.739140625; 31.5234375
2026-07-02; 12:05:42; 9074; 15812; 35.43; 1007.9080078125; 30.296875
2026-07-02; 12:06:42; 9074; 15812; 35.48; 1007.84125; 29.03125
2026-07-02; 12:07:42; 9575; 16923; 35.56; 1007.9312890625; 28.64453125
2026-07-02; 12:08:42; 9953; 17679; 35.64; 1007.89140625; 28.1767578125
2026-07-02; 12:09:42; 9764; 17301; 35.72; 1007.76875; 27.82421875
2026-07-02; 12:10:42; 9401; 16541; 35.8; 1007.7483984375; 26.53515625
2026-07-02; 12:11:42; 9401; 16541; 35.77; 1007.846953125; 25.95703125
2026-07-02; 12:12:42; 9074; 15812; 35.78; 1007.7169921875; 25.8291015625
2026-07-02; 12:13:42; 9401; 16541; 35.84; 1007.7480078125; 25.486328125
2026-07-02; 12:14:42; 9074; 15812; 35.9; 1007.786953125; 25.2470703125
2026-07-02; 12:15:42; 8913; 15498; 35.86; 1007.78734375; 25.048828125
2026-07-02; 12:16:42; 8760; 15168; 35.86; 1007.7241796875; 24.9443359375
2026-07-02; 12:17:42; 8760; 15168; 35.82; 1007.779765625; 24.7119140625
2026-07-02; 12:18:42; 8352; 14268; 35.91; 1007.8026171875; 24.3466796875
2026-07-02; 12:19:42; 7818; 13191; 35.92; 1007.826328125; 24.185546875
2026-07-02; 12:20:42; 7937; 13435; 35.87; 1007.7950390625; 24.125
2026-07-02; 12:21:42; 7818; 13191; 35.99; 1007.7828125; 23.95703125
2026-07-02; 12:22:42; 7481; 12437; 35.98; 1007.6920703125; 23.794921875
2026-07-02; 12:23:42; 7581; 12638; 36.0; 1007.6682421875; 23.7958984375
2026-07-02; 12:24:43; 7186; 11777; 35.98; 1007.719609375; 23.6220703125
2026-07-02; 12:25:43; 7186; 11777; 36.02; 1007.664296875; 23.53125
2026-07-02; 12:26:43; 7090; 11586; 36.06; 1007.5691796875; 23.4521484375
2026-07-02; 12:27:43; 6889; 11159; 36.01; 1007.5459375; 23.4033203125
2026-07-02; 12:28:43; 6995; 11374; 36.0; 1007.522578125; 23.3681640625
2026-07-02; 12:29:43; 6995; 11374; 36.02; 1007.5340625; 23.3466796875
2026-07-02; 12:30:43; 6807; 10977; 36.19; 1007.4338671875; 23.181640625
2026-07-02; 12:31:43; 6717; 10789; 36.22; 1007.4732421875; 23.06640625
2026-07-02; 12:32:43; 6627; 10609; 36.11; 1007.5016015625; 23.0498046875
2026-07-02; 12:33:43; 6384; 10056; 36.16; 1007.4895703125; 22.90234375
2026-07-02; 12:34:43; 6384; 10056; 36.14; 1007.3830859375; 22.80859375
2026-07-02; 12:35:43; 6229; 9743; 36.19; 1007.40625; 22.810546875
2026-07-02; 12:36:43; 6301; 9913; 36.22; 1007.3705078125; 22.720703125
2026-07-02; 12:37:43; 6081; 9433; 36.23; 1007.3033984375; 22.720703125
2026-07-02; 12:38:43; 6014; 9296; 36.21; 1007.3747265625; 22.6845703125
2026-07-02; 12:39:43; 6081; 9433; 36.21; 1007.347109375; 22.591796875
2026-07-02; 12:40:43; 5808; 8850; 36.17; 1007.292109375; 22.486328125
2026-07-02; 12:41:43; 5949; 9147; 36.18; 1007.1698046875; 22.6376953125
2026-07-02; 12:42:43; 5732; 8718; 36.2; 1007.2486328125; 22.4755859375
2026-07-02; 12:43:43; 5732; 8718; 36.19; 1007.2605859375; 22.568359375
2026-07-02; 12:44:43; 5732; 8718; 36.18; 1007.2173046875; 22.474609375
2026-07-02; 12:45:43; 6301; 9913; 36.25; 1007.1890234375; 22.443359375
2026-07-02; 12:46:43; 6014; 9296; 36.29; 1007.271328125; 22.43359375
2026-07-02; 12:47:43; 5808; 8850; 36.32; 1007.243203125; 22.447265625
2026-07-02; 12:48:43; 5553; 8315; 36.34; 1007.239296875; 22.1005859375
2026-07-02; 12:49:43; 5602; 8431; 36.33; 1007.203671875; 22.111328125
2026-07-02; 12:50:43; 5376; 7927; 36.4; 1007.222890625; 22.0693359375
2026-07-02; 12:51:43; 5265; 7695; 36.37; 1007.128359375; 22.0791015625
2026-07-02; 12:52:43; 5320; 7806; 36.34; 1007.239296875; 22.1474609375
2026-07-02; 12:53:43; 5492; 8202; 36.4; 1007.0848046875; 22.0693359375
2026-07-02; 12:54:43; 5602; 8431; 36.4; 1007.1400390625; 21.953125
2026-07-02; 12:55:43; 5265; 7695; 36.39; 1007.1243359375; 21.9873046875
2026-07-02; 12:56:43; 5110; 7359; 36.43; 1007.1514453125; 21.861328125
2026-07-02; 12:57:43; 5220; 7588; 36.44; 1007.1198828125; 21.8388671875
2026-07-02; 12:58:43; 5320; 7806; 36.41; 1007.0452734375; 21.8037109375
2026-07-02; 12:59:43; 5265; 7695; 36.43; 1007.041015625; 21.908203125
2026-07-02; 13:00:43; 5265; 7695; 36.43; 1006.9937890625; 21.8388671875
2026-07-02; 13:01:43; 5110; 7359; 36.41; 1006.9624609375; 21.837890625
2026-07-02; 13:02:43; 5320; 7806; 36.47; 1007.029140625; 21.875
2026-07-02; 13:03:43; 5019; 7171; 36.55; 1007.0559375; 21.8095703125
2026-07-02; 13:04:43; 5110; 7359; 36.5; 1007.0681640625; 21.7490234375
2026-07-02; 13:05:43; 5110; 7359; 36.46; 1007.096015625; 21.783203125
2026-07-02; 13:06:43; 5019; 7171; 36.47; 1007.0567578125; 21.759765625
2026-07-02; 13:07:44; 4741; 6575; 36.38; 1007.08109375; 21.7431640625
2026-07-02; 13:08:44; 4741; 6575; 36.36; 1006.99453125; 21.7890625
2026-07-02; 13:09:44; 5019; 7171; 36.38; 1007.061171875; 21.7900390625
2026-07-02; 13:10:44; 4787; 6679; 36.41; 1007.0096875; 21.67578125
2026-07-02; 13:11:44; 4920; 6950; 36.41; 1006.954453125; 21.640625
2026-07-02; 13:12:44; 4920; 6950; 36.43; 1006.9385546875; 21.630859375
2026-07-02; 13:13:44; 4829; 6770; 36.43; 1006.9109375; 21.7119140625
2026-07-02; 13:14:44; 4975; 7058; 36.42; 1006.8952734375; 21.6767578125
2026-07-02; 13:15:44; 4920; 6950; 36.44; 1006.9266015625; 21.630859375
2026-07-02; 13:16:44; 4787; 6679; 36.46; 1006.9303125; 21.6904296875
2026-07-02; 13:17:44; 4700; 6489; 36.43; 1006.8833203125; 21.595703125
2026-07-02; 13:18:44; 4829; 6770; 36.51; 1006.918125; 21.6689453125
2026-07-02; 13:19:44; 5068; 7275; 36.5; 1006.938046875; 21.6220703125
2026-07-02; 13:20:44; 5019; 7171; 36.59; 1006.9053125; 21.4521484375
2026-07-02; 13:21:44; 4975; 7058; 36.59; 1006.8973828125; 21.568359375
2026-07-02; 13:22:44; 4882; 6869; 36.62; 1006.9443359375; 21.48828125
2026-07-02; 13:23:44; 4700; 6489; 36.57; 1006.956875; 21.359375
2026-07-02; 13:24:44; 4659; 6392; 36.58; 1006.9921484375; 21.4169921875
2026-07-02; 13:25:44; 4536; 6125; 36.48; 1007.147265625; 21.412109375
2026-07-02; 13:26:44; 4494; 6040; 36.5; 1007.048515625; 21.5185546875
2026-07-02; 13:27:44; 4741; 6575; 36.52; 1007.071875; 21.4375
2026-07-02; 13:28:44; 4659; 6392; 36.5; 1007.0208984375; 21.5185546875
2026-07-02; 13:29:44; 4572; 6221; 36.45; 1007.07234375; 21.5498046875
2026-07-02; 13:30:44; 4920; 6950; 36.48; 1006.953984375; 21.59765625
2026-07-02; 13:31:44; 4920; 6950; 36.59; 1006.9526171875; 21.4873046875
2026-07-02; 13:32:44; 4572; 6221; 36.54; 1006.9375; 21.380859375
2026-07-02; 13:33:44; 4413; 5876; 36.48; 1006.89875; 21.470703125
2026-07-02; 13:34:44; 4208; 5426; 36.43; 1006.90296875; 21.4560546875
2026-07-02; 13:35:44; 4313; 5644; 36.44; 1006.898984375; 21.3876953125
2026-07-02; 13:36:44; 4611; 6306; 36.5; 1006.8828515625; 21.3447265625
2026-07-02; 13:37:44; 4659; 6392; 36.5; 1006.9104296875; 21.3330078125
2026-07-02; 13:38:44; 4455; 5967; 36.51; 1006.8353125; 21.390625
2026-07-02; 13:39:44; 4240; 5504; 36.51; 1006.84328125; 21.3447265625
2026-07-02; 13:40:44; 4176; 5351; 36.48; 1006.9067578125; 21.28515625
2026-07-02; 13:41:44; 4240; 5504; 36.47; 1006.8828125; 21.412109375
2026-07-02; 13:42:44; 4572; 6221; 36.51; 1006.84328125; 21.3681640625
2026-07-02; 13:43:44; 4787; 6679; 36.52; 1006.8785546875; 21.4140625
2026-07-02; 13:44:44; 4882; 6869; 36.49; 1006.894765625; 21.4716796875
2026-07-02; 13:45:44; 4611; 6306; 36.52; 1006.8037109375; 21.3798828125
2026-07-02; 13:46:44; 4611; 6306; 36.54; 1006.82703125; 21.322265625
2026-07-02; 13:47:44; 4536; 6125; 36.58; 1006.826484375; 21.3134765625
2026-07-02; 13:48:44; 4455; 5967; 36.6; 1006.802578125; 21.302734375
2026-07-02; 13:49:44; 4413; 5876; 36.6; 1006.802578125; 21.302734375
2026-07-02; 13:50:45; 4276; 5565; 36.58; 1006.8068359375; 21.232421875
2026-07-02; 13:51:45; 4276; 5565; 36.55; 1006.7245703125; 21.3232421875
2026-07-02; 13:52:45; 4240; 5504; 36.58; 1006.77125; 21.34765625
2026-07-02; 13:53:45; 4176; 5351; 36.57; 1006.783203125; 21.32421875
2026-07-02; 13:54:45; 4345; 5717; 36.57; 1006.72796875; 21.4052734375
2026-07-02; 13:55:45; 4345; 5717; 36.57; 1006.7083203125; 21.34765625
2026-07-02; 13:56:45; 4276; 5565; 36.59; 1006.7396484375; 21.2783203125
2026-07-02; 13:57:45; 4413; 5876; 36.58; 1006.77921875; 21.3359375
2026-07-02; 13:58:45; 4611; 6306; 36.57; 1006.791171875; 21.4052734375
2026-07-02; 13:59:45; 4572; 6221; 36.61; 1006.6801171875; 21.3720703125
2026-07-02; 14:00:45; 4572; 6221; 36.63; 1006.7470703125; 21.2802734375
2026-07-02; 14:01:45; 4536; 6125; 36.63; 1006.719453125; 21.3037109375
2026-07-02; 14:02:45; 4536; 6125; 36.65; 1006.778359375; 21.328125
2026-07-02; 14:03:45; 4413; 5876; 36.69; 1006.7777734375; 21.283203125
2026-07-02; 14:04:45; 4345; 5717; 36.59; 1006.731640625; 21.3359375
2026-07-02; 14:05:45; 4240; 5504; 36.54; 1006.7165625; 21.380859375
2026-07-02; 14:06:45; 4208; 5426; 36.58; 1006.716015625; 21.3017578125
2026-07-02; 14:07:45; 4208; 5426; 36.55; 1006.8151171875; 21.380859375
2026-07-02; 14:08:45; 4276; 5565; 36.51; 1006.6972265625; 21.3212890625
2026-07-02; 14:09:45; 4108; 5206; 36.53; 1006.756171875; 21.322265625
2026-07-02; 14:10:45; 4063; 5147; 36.51; 1006.677578125; 21.3095703125
2026-07-02; 14:11:45; 4144; 5274; 36.5; 1006.6619140625; 21.4599609375
2026-07-02; 14:12:45; 4063; 5147; 36.44; 1006.678125; 21.50390625
2026-07-02; 14:13:45; 4000; 4998; 36.45; 1006.6858203125; 21.3642578125
2026-07-02; 14:14:45; 4032; 5081; 36.41; 1006.5679296875; 21.3515625
2026-07-02; 14:15:45; 4063; 5147; 36.42; 1006.646796875; 21.3515625
2026-07-02; 14:16:45; 4313; 5644; 36.46; 1006.598984375; 21.3427734375
2026-07-02; 14:17:45; 4413; 5876; 36.42; 1006.638828125; 21.525390625
2026-07-02; 14:18:45; 4413; 5876; 36.46; 1006.591015625; 21.4345703125
2026-07-02; 14:19:45; 4413; 5876; 36.49; 1006.63828125; 21.2744140625
2026-07-02; 14:20:45; 4345; 5717; 36.45; 1006.6385546875; 21.365234375
2026-07-02; 14:21:45; 4313; 5644; 36.52; 1006.6300390625; 21.3330078125
2026-07-02; 14:22:45; 4208; 5426; 36.52; 1006.6300390625; 21.3564453125
2026-07-02; 14:23:45; 4108; 5206; 36.55; 1006.64171875; 21.1494140625
2026-07-02; 14:24:45; 3939; 4879; 36.52; 1006.6380078125; 21.1484375
2026-07-02; 14:25:45; 3852; 4694; 36.54; 1006.6613671875; 21.2177734375
2026-07-02; 14:26:45; 3739; 4436; 36.55; 1006.7046484375; 21.080078125
2026-07-02; 14:27:45; 3852; 4694; 36.51; 1006.65; 21.1591796875
2026-07-02; 14:28:45; 4345; 5717; 36.46; 1006.6266015625; 21.23828125
2026-07-02; 14:29:45; 4379; 5803; 36.45; 1006.5753515625; 21.3408203125
2026-07-02; 14:30:45; 4000; 4998; 36.37; 1006.63140625; 21.396484375
2026-07-02; 14:31:45; 4345; 5717; 36.4; 1006.6430859375; 21.4208984375
2026-07-02; 14:32:45; 4276; 5565; 36.46; 1006.591015625; 21.365234375
2026-07-02; 14:33:46; 4144; 5274; 36.51; 1006.4566796875; 21.3095703125
2026-07-02; 14:34:46; 4108; 5206; 36.58; 1006.5030859375; 21.3017578125
2026-07-02; 14:35:46; 4032; 5081; 36.56; 1006.499375; 21.150390625
2026-07-02; 14:36:46; 3939; 4879; 36.54; 1006.4956640625; 21.0791015625
2026-07-02; 14:37:46; 3939; 4879; 36.5; 1006.48828125; 21.158203125
2026-07-02; 14:38:46; 3823; 4606; 36.46; 1006.508203125; 21.23828125
2026-07-02; 14:39:46; 3770; 4489; 36.44; 1006.540078125; 21.271484375
2026-07-02; 14:40:46; 3823; 4606; 36.4; 1006.477421875; 21.2236328125
2026-07-02; 14:41:46; 3790; 4536; 36.38; 1006.4814453125; 21.1767578125
2026-07-02; 14:42:46; 3770; 4489; 36.34; 1006.52921875; 21.244140625
2026-07-02; 14:43:46; 3790; 4536; 36.37; 1006.4856640625; 21.234375
2026-07-02; 14:44:46; 3708; 4367; 36.36; 1006.5053125; 21.2568359375
2026-07-02; 14:45:46; 3739; 4436; 36.32; 1006.4626171875; 21.2197265625
2026-07-02; 14:46:46; 3739; 4436; 36.35; 1006.46203125; 21.12890625
2026-07-02; 14:47:46; 3790; 4536; 36.33; 1006.403125; 21.1279296875
2026-07-02; 14:48:46; 3630; 4197; 36.36; 1006.4148046875; 21.255859375
2026-07-02; 14:49:46; 3612; 4151; 36.35; 1006.4267578125; 21.12890625
2026-07-02; 14:50:46; 3590; 4107; 36.33; 1006.403125; 21.150390625
2026-07-02; 14:51:46; 3630; 4197; 36.34; 1006.383515625; 21.1162109375
2026-07-02; 14:52:46; 3630; 4197; 36.35; 1006.37921875; 21.05859375
2026-07-02; 14:53:46; 3790; 4536; 36.37; 1006.3553125; 21.1064453125
2026-07-02; 14:54:46; 4000; 4998; 36.39; 1006.4418359375; 21.095703125
2026-07-02; 14:55:46; 4000; 4998; 36.43; 1006.35875; 21.0859375
2026-07-02; 14:56:46; 4000; 4998; 36.45; 1006.326875; 21.0869140625
2026-07-02; 14:57:46; 3967; 4935; 36.43; 1006.303515625; 21.2138671875
2026-07-02; 14:58:46; 4108; 5206; 36.43; 1006.406015625; 21.0625
2026-07-02; 14:59:46; 4032; 5081; 36.44; 1006.2363671875; 21.14453125
2026-07-02; 15:00:46; 3907; 4814; 36.43; 1006.303515625; 21.0625
2026-07-02; 15:01:46; 3852; 4694; 36.46; 1006.314921875; 21.1220703125
2026-07-02; 15:02:46; 3939; 4879; 36.47; 1006.247734375; 21.087890625
2026-07-02; 15:03:46; 4063; 5147; 36.49; 1006.2873046875; 21.1123046875
2026-07-02; 15:04:46; 3939; 4879; 36.51; 1006.2278125; 21.1357421875
2026-07-02; 15:05:46; 3874; 4742; 36.4; 1006.17375; 21.28125
2026-07-02; 15:06:46; 4176; 5351; 36.43; 1006.212734375; 21.1435546875
2026-07-02; 15:07:46; 4063; 5147; 36.45; 1006.1612109375; 21.1328125
2026-07-02; 15:08:46; 4240; 5504; 36.48; 1006.125625; 21.158203125
2026-07-02; 15:09:46; 4108; 5206; 36.49; 1006.030859375; 21.2275390625
2026-07-02; 15:10:46; 3874; 4742; 36.44; 1006.11796875; 21.294921875
2026-07-02; 15:11:46; 4063; 5147; 36.47; 1006.054453125; 21.087890625
2026-07-02; 15:12:46; 3939; 4879; 36.46; 1006.121640625; 21.1572265625
2026-07-02; 15:13:46; 3852; 4694; 36.49; 1006.0860546875; 21.123046875
2026-07-02; 15:14:46; 3790; 4536; 36.48; 1006.125625; 21.087890625
2026-07-02; 15:15:46; 3939; 4879; 36.49; 1006.121640625; 21.1123046875
2026-07-02; 15:16:47; 3852; 4694; 36.48; 1006.125625; 21.146484375
2026-07-02; 15:17:47; 4000; 4998; 36.5; 1006.0741015625; 21.1123046875
2026-07-02; 15:18:47; 3852; 4694; 36.46; 1006.1492578125; 21.21484375
2026-07-02; 15:19:47; 4240; 5504; 36.47; 1006.0820703125; 21.1689453125
2026-07-02; 15:20:47; 4032; 5081; 36.49; 1006.0112109375; 21.1474609375
2026-07-02; 15:21:47; 3790; 4536; 36.51; 1006.0897265625; 21.078125
2026-07-02; 15:22:47; 4032; 5081; 36.52; 1005.994921875; 21.1015625
2026-07-02; 15:23:47; 4032; 5081; 36.54; 1006.02625; 21.1142578125
2026-07-02; 15:24:47; 3939; 4879; 36.44; 1006.0351171875; 21.259765625
2026-07-02; 15:25:47; 4032; 5081; 36.5; 1005.99921875; 21.1474609375
2026-07-02; 15:26:47; 4000; 4998; 36.55; 1006.061796875; 21.1494140625
2026-07-02; 15:27:47; 3852; 4694; 36.46; 1005.98359375; 21.19140625
2026-07-02; 15:28:47; 3823; 4606; 36.48; 1005.9047265625; 21.123046875
2026-07-02; 15:29:47; 3874; 4742; 36.51; 1005.9516796875; 20.9736328125
2026-07-02; 15:30:47; 3790; 4536; 36.5; 1005.88078125; 20.99609375
2026-07-02; 15:31:47; 3939; 4879; 36.52; 1005.7740234375; 21.0556640625
2026-07-02; 15:32:47; 3790; 4536; 36.48; 1005.8575; 21.158203125
2026-07-02; 15:33:47; 3630; 4197; 36.48; 1005.9599609375; 21.087890625
2026-07-02; 15:34:47; 3689; 4320; 36.42; 1005.8461328125; 21.224609375
2026-07-02; 15:35:47; 3939; 4879; 36.51; 1005.8491796875; 21.0439453125
2026-07-02; 15:36:47; 3907; 4814; 36.54; 1005.860546875; 21.0556640625
2026-07-02; 15:37:47; 3852; 4694; 36.53; 1005.90015625; 21.021484375
2026-07-02; 15:38:47; 3852; 4694; 36.43; 1005.8341796875; 21.1669921875
2026-07-02; 15:39:47; 3630; 4197; 36.45; 1005.7826171875; 21.1220703125
2026-07-02; 15:40:47; 4032; 5081; 36.49; 1005.817890625; 21.04296875
2026-07-02; 15:41:47; 4000; 4998; 36.55; 1005.8409375; 21.056640625
2026-07-02; 15:42:47; 3770; 4489; 36.53; 1005.7620703125; 21.0673828125
2026-07-02; 15:43:47; 3790; 4536; 36.52; 1005.809609375; 21.0791015625
2026-07-02; 15:44:47; 3852; 4694; 36.51; 1005.7031640625; 21.06640625
2026-07-02; 15:45:47; 4000; 4998; 36.53; 1005.742421875; 21.0791015625
2026-07-02; 15:46:47; 4032; 5081; 36.5; 1005.6323046875; 21.158203125
2026-07-02; 15:47:47; 3939; 4879; 36.54; 1005.750078125; 21.0791015625
2026-07-02; 15:48:47; 4000; 4998; 36.52; 1005.6991796875; 21.0791015625
2026-07-02; 15:49:47; 3852; 4694; 36.49; 1005.6798828125; 21.1357421875
2026-07-02; 15:50:47; 3967; 4935; 36.51; 1005.6203125; 21.1240234375
2026-07-02; 15:51:47; 4032; 5081; 36.54; 1005.6948828125; 21.1142578125
2026-07-02; 15:52:47; 3907; 4814; 36.46; 1005.7075; 21.1455078125
2026-07-02; 15:53:47; 3739; 4436; 36.46; 1005.660234375; 21.2265625
2026-07-02; 15:54:47; 3739; 4436; 36.51; 1005.711171875; 21.1708984375
2026-07-02; 15:55:47; 3739; 4436; 36.52; 1005.6359765625; 21.1708984375
2026-07-02; 15:56:47; 3770; 4489; 36.53; 1005.7068359375; 21.1259765625
2026-07-02; 15:57:47; 3770; 4489; 36.52; 1005.7464453125; 21.125
2026-07-02; 15:58:47; 3790; 4536; 36.5; 1005.7230859375; 21.1591796875
2026-07-02; 15:59:48; 3823; 4606; 36.47; 1005.81421875; 21.21484375
2026-07-02; 16:00:48; 4063; 5147; 36.48; 1005.7391015625; 21.2392578125
2026-07-02; 16:01:48; 3939; 4879; 36.52; 1005.7464453125; 21.1826171875
2026-07-02; 16:02:48; 3939; 4879; 36.52; 1005.7740234375; 21.1826171875
2026-07-02; 16:03:48; 3852; 4694; 36.51; 1005.675546875; 21.1826171875
2026-07-02; 16:04:48; 3689; 4320; 36.5; 1005.667890625; 21.1591796875
2026-07-02; 16:05:48; 3790; 4536; 36.52; 1005.6991796875; 21.1484375
2026-07-02; 16:06:48; 3907; 4814; 36.54; 1005.61203125; 21.13671875
2026-07-02; 16:07:48; 3823; 4606; 36.55; 1005.5923828125; 21.1259765625
2026-07-02; 16:08:48; 4032; 5081; 36.56; 1005.6632421875; 21.1494140625
2026-07-02; 16:09:48; 4000; 4998; 36.51; 1005.600703125; 21.1708984375
2026-07-02; 16:10:48; 3874; 4742; 36.54; 1005.6396484375; 21.171875
2026-07-02; 16:11:48; 3874; 4742; 36.51; 1005.6479296875; 21.205078125
2026-07-02; 16:12:48; 3939; 4879; 36.54; 1005.556796875; 21.16015625
2026-07-02; 16:13:48; 3852; 4694; 36.53; 1005.49390625; 21.1484375
2026-07-02; 16:14:48; 4032; 5081; 36.53; 1005.4583203125; 21.1953125
2026-07-02; 16:15:48; 3939; 4879; 36.53; 1005.4583203125; 21.1484375
2026-07-02; 16:16:48; 3823; 4606; 36.46; 1005.4945703125; 21.23828125
2026-07-02; 16:17:48; 3823; 4606; 36.54; 1005.4187109375; 21.2177734375
2026-07-02; 16:18:48; 3739; 4436; 36.52; 1005.5255078125; 21.1708984375
2026-07-02; 16:19:48; 3770; 4489; 36.55; 1005.4619921875; 21.1728515625
2026-07-02; 16:20:48; 3874; 4742; 36.58; 1005.5008984375; 21.1396484375
2026-07-02; 16:21:48; 3630; 4197; 36.56; 1005.4147265625; 21.1611328125
2026-07-02; 16:22:48; 3444; 3798; 36.55; 1005.4067578125; 21.1962890625
2026-07-02; 16:23:48; 3444; 3798; 36.58; 1005.4260546875; 21.197265625
2026-07-02; 16:24:48; 3444; 3798; 36.58; 1005.28; 21.1513671875
2026-07-02; 16:25:48; 3471; 3855; 36.57; 1005.465625; 21.173828125
2026-07-02; 16:26:48; 3543; 4011; 36.54; 1005.5015625; 21.171875
2026-07-02; 16:27:48; 3471; 3855; 36.58; 1005.4180859375; 21.173828125
2026-07-02; 16:28:48; 3630; 4197; 36.58; 1005.3984375; 21.1396484375
2026-07-02; 16:29:48; 3514; 3953; 36.6; 1005.4493359375; 21.1513671875
2026-07-02; 16:30:48; 3543; 4011; 36.57; 1005.4852734375; 21.2080078125
2026-07-02; 16:31:48; 3661; 4256; 36.56; 1005.44234375; 21.2080078125
2026-07-02; 16:32:48; 3790; 4536; 36.55; 1005.4819140625; 21.2646484375
2026-07-02; 16:33:48; 3874; 4742; 36.55; 1005.4067578125; 21.25390625
2026-07-02; 16:34:48; 3689; 4320; 36.52; 1005.3874609375; 21.275390625
2026-07-02; 16:35:48; 3471; 3855; 36.51; 1005.4546875; 21.240234375
2026-07-02; 16:36:48; 3543; 4011; 36.51; 1005.4626171875; 21.263671875
2026-07-02; 16:37:48; 3661; 4256; 36.52; 1005.4426953125; 21.287109375
2026-07-02; 16:38:48; 3689; 4320; 36.55; 1005.4266796875; 21.2998046875
2026-07-02; 16:39:48; 3739; 4436; 36.52; 1005.4702734375; 21.287109375
2026-07-02; 16:40:48; 3823; 4606; 36.57; 1005.4932421875; 21.2666015625
2026-07-02; 16:41:48; 3852; 4694; 36.56; 1005.3671484375; 21.3125
2026-07-02; 16:42:49; 3790; 4536; 36.59; 1005.4337109375; 21.2548828125
2026-07-02; 16:43:49; 3852; 4694; 36.59; 1005.40609375; 21.2548828125
2026-07-02; 16:44:49; 3907; 4814; 36.59; 1005.40609375; 21.2666015625
2026-07-02; 16:45:49; 3939; 4879; 36.56; 1005.4147265625; 21.3232421875
2026-07-02; 16:46:49; 4000; 4998; 36.61; 1005.3901171875; 21.279296875
2026-07-02; 16:47:49; 4032; 5081; 36.59; 1005.4969140625; 21.3486328125
2026-07-02; 16:48:49; 3939; 4879; 36.58; 1005.5365234375; 21.32421875
2026-07-02; 16:49:49; 3661; 4256; 36.53; 1005.4583203125; 21.333984375
2026-07-02; 16:50:49; 3444; 3798; 36.47; 1005.4552734375; 21.412109375
2026-07-02; 16:51:49; 3708; 4367; 36.53; 1005.4110546875; 21.357421875
2026-07-02; 16:52:49; 3823; 4606; 36.55; 1005.454296875; 21.357421875
2026-07-02; 16:53:49; 3661; 4256; 36.58; 1005.4812890625; 21.3359375
2026-07-02; 16:54:49; 3770; 4489; 36.6; 1005.476953125; 21.3251953125
2026-07-02; 16:55:49; 3739; 4436; 36.58; 1005.528515625; 21.3134765625
2026-07-02; 16:56:49; 3590; 4107; 36.6; 1005.476953125; 21.302734375
2026-07-02; 16:57:49; 3612; 4151; 36.62; 1005.51625; 21.3037109375
2026-07-02; 16:58:49; 3708; 4367; 36.6; 1005.5401953125; 21.314453125
2026-07-02; 16:59:49; 3823; 4606; 36.61; 1005.520234375; 21.326171875
2026-07-02; 17:00:49; 3939; 4879; 36.6; 1005.512578125; 21.3251953125
2026-07-02; 17:01:49; 3907; 4814; 36.62; 1005.571484375; 21.3388671875
2026-07-02; 17:02:49; 3907; 4814; 36.6; 1005.4849609375; 21.3486328125
2026-07-02; 17:03:49; 3874; 4742; 36.59; 1005.5165625; 21.359375
2026-07-02; 17:04:49; 3661; 4256; 36.57; 1005.465625; 21.34765625
2026-07-02; 17:05:49; 3590; 4107; 36.64; 1005.4646484375; 21.29296875
2026-07-02; 17:06:49; 3630; 4197; 36.63; 1005.4213671875; 21.2802734375
2026-07-02; 17:07:49; 3708; 4367; 36.61; 1005.4453515625; 21.314453125
2026-07-02; 17:08:49; 3770; 4489; 36.6; 1005.394140625; 21.3603515625
2026-07-02; 17:09:49; 3661; 4256; 36.57; 1005.4380078125; 21.3818359375
2026-07-02; 17:10:49; 3689; 4320; 36.61; 1005.4373828125; 21.4072265625
2026-07-02; 17:11:49; 3874; 4742; 36.63; 1005.468671875; 21.361328125
2026-07-02; 17:12:49; 3790; 4536; 36.58; 1005.5008984375; 21.40625
2026-07-02; 17:13:49; 3739; 4436; 36.56; 1005.394765625; 21.439453125
2026-07-02; 17:14:49; 3790; 4536; 36.64; 1005.3737890625; 21.3623046875
2026-07-02; 17:15:49; 3907; 4814; 36.63; 1005.330546875; 21.349609375
2026-07-02; 17:16:49; 3907; 4814; 36.63; 1005.4134375; 21.3388671875
2026-07-02; 17:17:49; 3852; 4694; 36.57; 1005.4380078125; 21.4404296875
2026-07-02; 17:18:49; 3939; 4879; 36.61; 1005.3821484375; 21.44140625
2026-07-02; 17:19:49; 3874; 4742; 36.58; 1005.28796875; 21.4287109375
2026-07-02; 17:20:49; 3514; 3953; 36.51; 1005.399453125; 21.5185546875
2026-07-02; 17:21:49; 3590; 4107; 36.53; 1005.3558203125; 21.49609375
2026-07-02; 17:22:49; 3564; 4062; 36.59; 1005.40609375; 21.4169921875
2026-07-02; 17:23:49; 3689; 4320; 36.62; 1005.51625; 21.408203125
2026-07-02; 17:24:49; 3661; 4256; 36.61; 1005.47296875; 21.4072265625
2026-07-02; 17:25:50; 3739; 4436; 36.6; 1005.476953125; 21.41796875
2026-07-02; 17:26:50; 3689; 4320; 36.62; 1005.5438671875; 21.396484375
2026-07-02; 17:27:50; 3689; 4320; 36.63; 1005.468671875; 21.396484375
2026-07-02; 17:28:50; 3770; 4489; 36.65; 1005.527578125; 21.3974609375
2026-07-02; 17:29:50; 3790; 4536; 36.64; 1005.492265625; 21.3974609375
2026-07-02; 17:30:50; 3790; 4536; 36.63; 1005.50421875; 21.396484375
2026-07-02; 17:31:50; 3739; 4436; 36.63; 1005.5318359375; 21.373046875
2026-07-02; 17:32:50; 3612; 4151; 36.65; 1005.499921875; 21.3623046875
2026-07-02; 17:33:50; 3661; 4256; 36.65; 1005.5355078125; 21.3740234375
2026-07-02; 17:34:50; 3790; 4536; 36.63; 1005.50421875; 21.396484375
2026-07-02; 17:35:50; 3739; 4436; 36.63; 1005.52390625; 21.419921875
2026-07-02; 17:36:50; 3739; 4436; 36.66; 1005.4879296875; 21.3740234375
2026-07-02; 17:37:50; 3708; 4367; 36.63; 1005.64234375; 21.4306640625
2026-07-02; 17:38:50; 3739; 4436; 36.61; 1005.5558203125; 21.453125
2026-07-02; 17:39:50; 3739; 4436; 36.62; 1005.535859375; 21.4541015625
2026-07-02; 17:40:50; 3630; 4197; 36.63; 1005.5318359375; 21.396484375
2026-07-02; 17:41:50; 3661; 4256; 36.63; 1005.5318359375; 21.419921875
2026-07-02; 17:42:50; 3739; 4436; 36.64; 1005.602734375; 21.419921875
2026-07-02; 17:43:50; 3612; 4151; 36.62; 1005.571484375; 21.4306640625
2026-07-02; 17:44:50; 3661; 4256; 36.61; 1005.6110546875; 21.4306640625
2026-07-02; 17:45:50; 3790; 4536; 36.64; 1005.5119140625; 21.443359375
2026-07-02; 17:46:50; 3689; 4320; 36.65; 1005.665625; 21.431640625
2026-07-02; 17:47:50; 3543; 4011; 36.66; 1005.523515625; 21.4326171875
2026-07-02; 17:48:50; 3543; 4011; 36.65; 1005.5551953125; 21.419921875
2026-07-02; 17:49:50; 3590; 4107; 36.66; 1005.6260546875; 21.4208984375
2026-07-02; 17:50:50; 3564; 4062; 36.64; 1005.594765625; 21.455078125
2026-07-02; 17:51:50; 3496; 3905; 36.64; 1005.65; 21.455078125
2026-07-02; 17:52:50; 3514; 3953; 36.66; 1005.57875; 21.4208984375
2026-07-02; 17:53:50; 3590; 4107; 36.64; 1005.65; 21.4775390625
2026-07-02; 17:54:50; 3661; 4256; 36.65; 1005.665625; 21.455078125
2026-07-02; 17:55:50; 3739; 4436; 36.66; 1005.6892578125; 21.4560546875
2026-07-02; 17:56:50; 3823; 4606; 36.67; 1005.7521484375; 21.4794921875
2026-07-02; 17:57:50; 3790; 4536; 36.66; 1005.772109375; 21.4560546875
2026-07-02; 17:58:50; 3661; 4256; 36.66; 1005.7365234375; 21.4560546875
2026-07-02; 17:59:50; 3823; 4606; 36.66; 1005.7997265625; 21.4560546875
2026-07-02; 18:00:50; 3661; 4256; 36.62; 1005.8396875; 21.53515625
2026-07-02; 18:01:50; 3689; 4320; 36.62; 1005.764765625; 21.53515625
2026-07-02; 18:02:50; 3708; 4367; 36.63; 1005.8632421875; 21.5234375
2026-07-02; 18:03:50; 3708; 4367; 36.66; 1005.82734375; 21.501953125
2026-07-02; 18:04:50; 3514; 3953; 36.63; 1005.835625; 21.5126953125
2026-07-02; 18:05:50; 3419; 3756; 36.53; 1005.8725390625; 21.5888671875
2026-07-02; 18:06:50; 3444; 3798; 36.5; 1005.8255859375; 21.6103515625
2026-07-02; 18:07:51; 3564; 4062; 36.52; 1005.920078125; 21.634765625
2026-07-02; 18:08:51; 3661; 4256; 36.53; 1005.844921875; 21.5888671875
2026-07-02; 18:09:51; 3564; 4062; 36.56; 1005.911796875; 21.56640625
2026-07-02; 18:10:51; 3419; 3756; 36.54; 1005.8329296875; 21.5888671875
2026-07-02; 18:11:51; 3471; 3855; 36.52; 1005.912109375; 21.623046875
2026-07-02; 18:12:51; 3419; 3756; 36.51; 1005.8964453125; 21.6103515625
2026-07-02; 18:13:51; 3496; 3905; 36.52; 1005.912109375; 21.599609375
2026-07-02; 18:14:51; 3471; 3855; 36.53; 1005.9277734375; 21.6123046875
2026-07-02; 18:15:51; 3401; 3707; 36.51; 1005.93203125; 21.623046875
2026-07-02; 18:16:51; 3401; 3707; 36.5; 1006.046484375; 21.6220703125
2026-07-02; 18:17:51; 3401; 3707; 36.53; 1005.9909375; 21.6005859375
2026-07-02; 18:18:51; 3514; 3953; 36.53; 1006.038203125; 21.6005859375
2026-07-02; 18:19:51; 3496; 3905; 36.51; 1006.0701171875; 21.599609375
2026-07-02; 18:20:51; 3514; 3953; 36.51; 1006.0425; 21.634765625
2026-07-02; 18:21:51; 3514; 3953; 36.51; 1006.11734375; 21.6220703125
2026-07-02; 18:22:51; 3590; 4107; 36.48; 1006.023125; 21.6796875
2026-07-02; 18:23:51; 3612; 4151; 36.48; 1006.070390625; 21.6787109375
2026-07-02; 18:24:51; 3496; 3905; 36.49; 1006.113671875; 21.65625
2026-07-02; 18:25:51; 3514; 3953; 36.49; 1006.0032421875; 21.66796875
2026-07-02; 18:26:51; 3564; 4062; 36.51; 1006.11734375; 21.6337890625
2026-07-02; 18:27:51; 3564; 4062; 36.48; 1006.0507421875; 21.69140625
2026-07-02; 18:28:51; 3612; 4151; 36.49; 1006.0940234375; 21.703125
2026-07-02; 18:29:51; 3564; 4062; 36.48; 1006.023125; 21.69140625
2026-07-02; 18:30:51; 3471; 3855; 36.48; 1006.0151953125; 21.6904296875
2026-07-02; 18:31:51; 3514; 3953; 36.49; 1006.030859375; 21.69140625
2026-07-02; 18:32:51; 3514; 3953; 36.48; 1005.987578125; 21.6787109375
2026-07-02; 18:33:51; 3471; 3855; 36.45; 1006.113984375; 21.7119140625
2026-07-02; 18:34:51; 3419; 3756; 36.44; 1006.20875; 21.7236328125
2026-07-02; 18:35:51; 3401; 3707; 36.44; 1006.1455859375; 21.7353515625
2026-07-02; 18:36:51; 3496; 3905; 36.45; 1006.224375; 21.7587890625
2026-07-02; 18:37:51; 3444; 3798; 36.45; 1006.2164453125; 21.76953125
2026-07-02; 18:38:51; 3357; 3610; 36.46; 1006.2873046875; 21.7470703125
2026-07-02; 18:39:51; 3269; 3433; 36.46; 1006.405703125; 21.748046875
2026-07-02; 18:40:51; 3288; 3473; 36.44; 1006.4019921875; 21.78125
2026-07-02; 18:41:51; 3401; 3707; 36.44; 1006.4572265625; 21.76953125
2026-07-02; 18:42:51; 3401; 3707; 36.41; 1006.4655078125; 21.814453125
2026-07-02; 18:43:51; 3376; 3665; 36.37; 1006.5209765625; 21.8828125
2026-07-02; 18:44:51; 3329; 3556; 36.35; 1006.5724609375; 21.880859375
2026-07-02; 18:45:51; 3250; 3387; 36.37; 1006.5408984375; 21.9052734375
2026-07-02; 18:46:51; 3226; 3340; 36.42; 1006.6744140625; 21.849609375
2026-07-02; 18:47:51; 3174; 3213; 36.39; 1006.59984375; 21.8603515625
2026-07-02; 18:48:51; 3114; 3090; 36.41; 1006.5759375; 21.861328125
2026-07-02; 18:49:51; 3075; 3010; 36.39; 1006.6075; 21.89453125
2026-07-02; 18:50:52; 3055; 2966; 36.38; 1006.64703125; 21.9296875
2026-07-02; 18:51:52; 3114; 3090; 36.37; 1006.651328125; 21.9755859375
2026-07-02; 18:52:52; 3055; 2966; 36.37; 1006.734140625; 21.9521484375
2026-07-02; 18:53:52; 3055; 2966; 36.36; 1006.7813671875; 21.998046875
2026-07-02; 18:54:52; 3023; 2897; 36.34; 1006.7500390625; 22.0205078125
2026-07-02; 18:55:52; 3023; 2897; 36.33; 1006.7895703125; 22.0419921875
2026-07-02; 18:56:52; 3006; 2866; 36.35; 1006.738125; 22.0546875
2026-07-02; 18:57:52; 3006; 2866; 36.32; 1006.746328125; 22.123046875
2026-07-02; 18:58:52; 3006; 2866; 36.35; 1006.765703125; 22.08984375
2026-07-02; 18:59:52; 2920; 2679; 36.35; 1006.765703125; 22.1015625
2026-07-02; 19:00:52; 2954; 2751; 36.32; 1006.7386328125; 22.1689453125
2026-07-02; 19:01:52; 2937; 2715; 36.31; 1006.620234375; 22.21484375
2026-07-02; 19:02:52; 2865; 2576; 36.32; 1006.69109375; 22.2392578125
2026-07-02; 19:03:52; 2904; 2643; 36.32; 1006.7739453125; 22.2734375
2026-07-02; 19:04:52; 2865; 2576; 36.29; 1006.774453125; 22.3291015625
2026-07-02; 19:05:52; 2835; 2512; 36.32; 1006.746328125; 22.33203125
2026-07-02; 19:06:52; 2835; 2512; 36.29; 1006.8100390625; 22.353515625
2026-07-02; 19:07:52; 2851; 2547; 36.28; 1006.7667578125; 22.3525390625
2026-07-02; 19:08:52; 2881; 2613; 36.29; 1006.75484375; 22.4228515625
2026-07-02; 19:09:52; 2865; 2576; 36.27; 1006.806328125; 22.41015625
2026-07-02; 19:10:52; 2904; 2643; 36.27; 1006.853515625; 22.537109375
2026-07-02; 19:11:52; 2920; 2679; 36.28; 1006.8968359375; 22.46875
2026-07-02; 19:12:52; 2881; 2613; 36.27; 1006.8615234375; 22.4912109375
2026-07-02; 19:13:52; 2937; 2715; 36.25; 1006.8301953125; 22.5947265625
2026-07-02; 19:14:52; 2865; 2576; 36.28; 1006.95203125; 22.6416015625
2026-07-02; 19:15:52; 2835; 2512; 36.23; 1006.9092578125; 22.6630859375
2026-07-02; 19:16:52; 2920; 2679; 36.2; 1006.862265625; 22.7880859375
2026-07-02; 19:17:52; 2881; 2613; 36.24; 1006.89734375; 22.8017578125
2026-07-02; 19:18:52; 2904; 2643; 36.23; 1006.9092578125; 22.697265625
2026-07-02; 19:19:52; 2973; 2792; 36.21; 1006.8503515625; 22.7998046875
2026-07-02; 19:20:52; 2990; 2823; 36.2; 1006.862265625; 22.7998046875
2026-07-02; 19:21:52; 2973; 2792; 36.23; 1006.8617578125; 22.7900390625
2026-07-02; 19:22:52; 2937; 2715; 36.21; 1006.8028125; 22.8935546875
2026-07-02; 19:23:52; 2865; 2576; 36.22; 1006.8659765625; 22.8125
2026-07-02; 19:24:52; 2881; 2613; 36.22; 1006.81078125; 22.8701171875
2026-07-02; 19:25:52; 2904; 2643; 36.22; 1006.81078125; 22.962890625
2026-07-02; 19:26:52; 2973; 2792; 36.21; 1006.822734375; 23.0087890625
2026-07-02; 19:27:52; 2920; 2679; 36.21; 1006.7951171875; 22.9619140625
2026-07-02; 19:28:52; 2865; 2576; 36.22; 1006.8659765625; 23.1015625
2026-07-02; 19:29:52; 2851; 2547; 36.2; 1006.84234375; 23.1015625
2026-07-02; 19:30:52; 2820; 2474; 36.18; 1006.8662109375; 23.146484375
2026-07-02; 19:31:52; 2851; 2547; 36.18; 1006.8109765625; 23.28515625
2026-07-02; 19:32:52; 2835; 2512; 36.17; 1006.8229296875; 23.23828125
2026-07-02; 19:33:53; 2865; 2576; 36.19; 1006.818984375; 23.2158203125
2026-07-02; 19:34:53; 2851; 2547; 36.22; 1006.9487890625; 23.1708984375
2026-07-02; 19:35:53; 2851; 2547; 36.19; 1006.9370703125; 23.26171875
2026-07-02; 19:36:53; 2937; 2715; 36.2; 1006.97265625; 23.2509765625
2026-07-02; 19:37:53; 2937; 2715; 36.21; 1006.905546875; 23.2626953125
2026-07-02; 19:38:53; 2920; 2679; 36.23; 1006.9092578125; 23.322265625
2026-07-02; 19:39:53; 2904; 2643; 36.22; 1006.956484375; 23.2177734375
2026-07-02; 19:40:53; 2865; 2576; 36.23; 1006.889375; 23.20703125
2026-07-02; 19:41:53; 2851; 2547; 36.21; 1006.9959765625; 23.275390625
2026-07-02; 19:42:53; 2820; 2474; 36.21; 1006.933125; 23.216796875
2026-07-02; 19:43:53; 2904; 2643; 36.21; 1006.960703125; 23.390625
2026-07-02; 19:44:53; 2881; 2613; 36.19; 1007.039765625; 23.458984375
2026-07-02; 19:45:53; 2851; 2547; 36.22; 1007.0316015625; 23.3681640625
2026-07-02; 19:46:53; 2851; 2547; 36.22; 1006.9487890625; 23.287109375
2026-07-02; 19:47:53; 2881; 2613; 36.21; 1006.9408203125; 23.4482421875
2026-07-02; 19:48:53; 2904; 2643; 36.2; 1007.0079296875; 23.4716796875
2026-07-02; 19:49:53; 2920; 2679; 36.18; 1006.941328125; 23.4814453125
2026-07-02; 19:50:53; 2851; 2547; 36.2; 1006.9803515625; 23.5751953125
2026-07-02; 19:51:53; 2820; 2474; 36.2; 1007.035546875; 23.64453125
2026-07-02; 19:52:53; 2799; 2433; 36.23; 1006.9920703125; 23.5078125
2026-07-02; 19:53:53; 2851; 2547; 36.2; 1006.97265625; 23.5869140625
2026-07-02; 19:54:53; 2775; 2376; 36.18; 1007.00421875; 23.470703125
2026-07-02; 19:55:53; 2799; 2433; 36.2; 1007.0907421875; 23.69140625
2026-07-02; 19:56:53; 2799; 2433; 36.21; 1007.0787890625; 23.6572265625
2026-07-02; 19:57:53; 2820; 2474; 36.2; 1007.0830859375; 23.7255859375
2026-07-02; 19:58:53; 2820; 2474; 36.19; 1007.075078125; 23.6787109375
2026-07-02; 19:59:53; 2820; 2474; 36.17; 1007.1265234375; 23.7119140625
2026-07-02; 20:00:53; 2835; 2512; 36.15; 1007.1503515625; 23.8388671875
2026-07-02; 20:01:53; 2775; 2376; 36.15; 1007.1503515625; 23.74609375
2026-07-02; 20:02:53; 2799; 2433; 36.15; 1007.1227734375; 23.78125
2026-07-02; 20:03:53; 2851; 2547; 36.2; 1007.2011328125; 23.64453125
2026-07-02; 20:04:53; 2835; 2512; 36.18; 1007.162109375; 23.7939453125
2026-07-02; 20:05:53; 2799; 2433; 36.17; 1007.1740234375; 23.8857421875
2026-07-02; 20:06:53; 2791; 2410; 36.17; 1007.1464453125; 23.7353515625
2026-07-02; 20:07:53; 2820; 2474; 36.05; 1007.186796875; 23.9951171875
2026-07-02; 20:08:53; 2775; 2376; 36.07; 1007.2261328125; 24.06640625
2026-07-02; 20:09:53; 2791; 2410; 36.05; 1007.2419921875; 24.041015625
2026-07-02; 20:10:53; 2730; 2285; 36.02; 1007.258125; 23.9482421875
2026-07-02; 20:11:53; 2745; 2320; 36.03; 1007.3013671875; 24.1328125
2026-07-02; 20:12:54; 2760; 2348; 36.0; 1007.2466796875; 24.154296875
2026-07-02; 20:13:54; 2791; 2410; 35.95; 1007.2584375; 24.1865234375
2026-07-02; 20:14:54; 2791; 2410; 35.91; 1007.341640625; 24.2197265625
2026-07-02; 20:15:54; 2791; 2410; 35.87; 1007.3616796875; 24.3671875
2026-07-02; 20:16:54; 2775; 2376; 35.89; 1007.385078125; 24.3564453125
2026-07-02; 20:17:54; 2760; 2348; 35.91; 1007.4244140625; 24.3583984375
2026-07-02; 20:18:54; 2745; 2320; 35.91; 1007.36125; 24.3818359375
2026-07-02; 20:19:54; 2730; 2285; 35.88; 1007.37734375; 24.2060546875
2026-07-02; 20:20:54; 2730; 2285; 35.86; 1007.346015625; 24.40234375
2026-07-02; 20:21:54; 2760; 2348; 35.83; 1007.3461328125; 24.4228515625
2026-07-02; 20:22:54; 2775; 2376; 35.82; 1007.385625; 24.50390625
2026-07-02; 20:23:54; 2702; 2208; 35.83; 1007.38171875; 24.25
2026-07-02; 20:24:54; 2760; 2348; 35.78; 1007.4488671875; 24.5009765625
2026-07-02; 20:25:54; 2745; 2320; 35.8; 1007.425078125; 24.4560546875
2026-07-02; 20:26:54; 2745; 2320; 35.78; 1007.4963671875; 24.58203125
2026-07-02; 20:27:54; 2730; 2285; 35.8; 1007.50015625; 24.501953125
2026-07-02; 20:28:54; 2702; 2208; 35.76; 1007.52015625; 24.5927734375
2026-07-02; 20:29:54; 2745; 2320; 35.77; 1007.4806640625; 24.7431640625
2026-07-02; 20:30:54; 2674; 2154; 35.78; 1007.5040625; 24.5126953125
2026-07-02; 20:31:54; 2745; 2320; 35.71; 1007.5324609375; 24.705078125
2026-07-02; 20:32:54; 2745; 2320; 35.75; 1007.5676171875; 24.6962890625
2026-07-02; 20:33:54; 2745; 2320; 35.75; 1007.5951953125; 24.75390625
2026-07-02; 20:34:54; 2715; 2257; 35.72; 1007.6504296875; 24.6943359375
2026-07-02; 20:35:54; 2745; 2320; 35.7; 1007.536328125; 24.85546875
2026-07-02; 20:36:54; 2702; 2208; 35.7; 1007.6270703125; 24.7861328125
2026-07-02; 20:37:54; 2687; 2181; 35.7; 1007.646640625; 24.9013671875
2026-07-02; 20:38:54; 2702; 2208; 35.73; 1007.6109765625; 24.810546875
2026-07-02; 20:39:54; 2659; 2121; 35.72; 1007.567734375; 24.763671875
2026-07-02; 20:40:54; 2702; 2208; 35.63; 1007.60765625; 24.966796875
2026-07-02; 20:41:54; 2730; 2285; 35.64; 1007.6156640625; 24.966796875
2026-07-02; 20:42:55; 2702; 2208; 35.68; 1007.62328125; 24.876953125
2026-07-02; 20:43:55; 2730; 2285; 35.59; 1007.675078125; 25.0341796875
2026-07-02; 20:44:55; 2674; 2154; 35.65; 1007.7217578125; 24.8984375
2026-07-02; 20:45:55; 2659; 2121; 35.7; 1007.764921875; 24.9248046875
2026-07-02; 20:46:55; 2643; 2094; 35.71; 1007.72546875; 24.9599609375
2026-07-02; 20:47:55; 2659; 2121; 35.67; 1007.6903125; 24.9921875
2026-07-02; 20:48:55; 2659; 2121; 35.63; 1007.8205859375; 25.09375
2026-07-02; 20:49:55; 2659; 2121; 35.69; 1007.7768359375; 24.9697265625
2026-07-02; 20:50:55; 2659; 2121; 35.64; 1007.7612109375; 25.037109375
2026-07-02; 20:51:55; 2659; 2121; 35.67; 1007.7374609375; 25.060546875
2026-07-02; 20:52:55; 2643; 2094; 35.69; 1007.7768359375; 24.9697265625
2026-07-02; 20:53:55; 2659; 2121; 35.63; 1007.875703125; 25.08203125
2026-07-02; 20:54:55; 2608; 2013; 35.65; 1007.8872265625; 25.0947265625
2026-07-02; 20:55:55; 2630; 2066; 35.62; 1007.84015625; 25.1513671875
2026-07-02; 20:56:55; 2659; 2121; 35.64; 1007.918984375; 25.1630859375
2026-07-02; 20:57:55; 2630; 2066; 35.63; 1007.875703125; 25.2099609375
2026-07-02; 20:58:55; 2618; 2039; 35.61; 1007.92703125; 25.208984375
2026-07-02; 20:59:55; 2630; 2066; 35.56; 1007.9588671875; 25.2626953125
2026-07-02; 21:00:55; 2591; 1977; 35.64; 1007.918984375; 25.1748046875
2026-07-02; 21:01:55; 2608; 2013; 35.61; 1007.9821875; 25.173828125
2026-07-02; 21:02:55; 2608; 2013; 35.6; 1007.946640625; 25.25390625
2026-07-02; 21:03:55; 2630; 2066; 35.52; 1008.0140234375; 25.3076171875
2026-07-02; 21:04:55; 2618; 2039; 35.56; 1007.994140625; 25.251953125
2026-07-02; 21:05:55; 2643; 2094; 35.47; 1007.9633984375; 25.31640625
2026-07-02; 21:06:55; 2630; 2066; 35.44; 1007.978828125; 25.4072265625
2026-07-02; 21:07:55; 2608; 2013; 35.44; 1007.9711328125; 25.44140625
2026-07-02; 21:08:55; 2591; 1977; 35.52; 1007.95890625; 25.3876953125
2026-07-02; 21:09:55; 2591; 1977; 35.49; 1007.9672265625; 25.38671875
2026-07-02; 21:10:55; 2568; 1919; 35.51; 1007.943203125; 25.4111328125
2026-07-02; 21:11:55; 2568; 1919; 35.4; 1007.9910546875; 25.416015625
2026-07-02; 21:12:56; 2608; 2013; 35.43; 1007.9631640625; 25.4638671875
2026-07-02; 21:13:56; 2568; 1919; 35.42; 1008.0224609375; 25.5439453125
2026-07-02; 21:14:56; 2568; 1919; 35.4; 1008.0262890625; 25.56640625
2026-07-02; 21:15:56; 2568; 1919; 35.39; 1008.065703125; 25.5537109375
2026-07-02; 21:16:56; 2568; 1919; 35.42; 1008.0224609375; 25.486328125
2026-07-02; 21:17:56; 2544; 1871; 35.45; 1008.097109375; 25.568359375
2026-07-02; 21:18:56; 2581; 1951; 35.37; 1007.97921875; 25.6796875
2026-07-02; 21:19:56; 2533; 1855; 35.33; 1008.0541796875; 25.6318359375
2026-07-02; 21:20:56; 2521; 1829; 35.31; 1008.0503515625; 25.630859375
2026-07-02; 21:21:56; 2533; 1855; 35.34; 1007.9872265625; 25.6201171875
2026-07-02; 21:22:56; 2499; 1779; 35.21; 1008.0195703125; 25.775390625
2026-07-02; 21:23:56; 2474; 1723; 35.36; 1008.0186328125; 25.6669921875
2026-07-02; 21:24:56; 2509; 1804; 35.38; 1008.069921875; 25.6455078125
2026-07-02; 21:25:56; 2509; 1804; 35.35; 1008.058046875; 25.6787109375
2026-07-02; 21:26:56; 2499; 1779; 35.36; 1008.0186328125; 25.62109375
2026-07-02; 21:27:56; 2474; 1723; 35.34; 1008.069921875; 25.7236328125
2026-07-02; 21:28:56; 2474; 1723; 35.28; 1008.1134765625; 25.708984375
2026-07-02; 21:29:56; 2474; 1723; 35.23; 1008.0903515625; 25.787109375
2026-07-02; 21:30:56; 2474; 1723; 35.27; 1008.10578125; 25.7666015625
2026-07-02; 21:31:56; 2474; 1723; 35.21; 1008.1021875; 25.92578125
2026-07-02; 21:32:56; 2487; 1748; 35.21; 1008.1021875; 25.890625
2026-07-02; 21:33:56; 2460; 1693; 35.26; 1008.1923046875; 25.8125
2026-07-02; 21:34:56; 2460; 1693; 35.29; 1008.1371875; 25.8251953125
2026-07-02; 21:35:56; 2450; 1673; 35.18; 1008.1021875; 25.8994140625
2026-07-02; 21:36:56; 2460; 1693; 35.19; 1008.14546875; 25.947265625
2026-07-02; 21:37:56; 2460; 1693; 35.21; 1008.1769140625; 25.9130859375
2026-07-02; 21:38:56; 2460; 1693; 35.13; 1008.169453125; 26.046875
2026-07-02; 21:39:56; 2450; 1673; 35.14; 1008.1771484375; 25.9892578125
2026-07-02; 21:40:56; 2450; 1673; 35.14; 1008.1771484375; 25.943359375
2026-07-02; 21:41:56; 2426; 1628; 35.2; 1008.298984375; 25.9580078125
2026-07-02; 21:42:57; 2426; 1628; 35.18; 1008.24; 25.9453125
2026-07-02; 21:43:57; 2441; 1653; 35.13; 1008.271640625; 26.0126953125
2026-07-02; 21:44:57; 2426; 1628; 35.15; 1008.283515625; 26.001953125
2026-07-02; 21:45:57; 2426; 1628; 35.14; 1008.314921875; 25.9892578125
2026-07-02; 21:46:57; 2426; 1628; 35.17; 1008.279375; 25.98046875
2026-07-02; 21:47:57; 2426; 1628; 35.12; 1008.3190625; 26.03515625
2026-07-02; 21:48:57; 2414; 1603; 35.14; 1008.3229296875; 26.0712890625
2026-07-02; 21:49:57; 2402; 1577; 35.15; 1008.283515625; 26.013671875
2026-07-02; 21:50:57; 2393; 1557; 35.18; 1008.3306640625; 25.9462890625
2026-07-02; 21:51:57; 2414; 1603; 35.11; 1008.35046875; 26.068359375
2026-07-02; 21:52:57; 2414; 1603; 35.16; 1008.37390625; 26.1064453125
2026-07-02; 21:53:57; 2380; 1528; 35.13; 1008.3267578125; 26.05859375
2026-07-02; 21:54:57; 2380; 1528; 35.28; 1008.4993359375; 25.8935546875
2026-07-02; 21:55:57; 2380; 1528; 35.25; 1008.4246484375; 25.8798828125
2026-07-02; 21:56:57; 2393; 1557; 35.28; 1008.471796875; 25.859375
2026-07-02; 21:57:57; 2380; 1528; 35.21; 1008.4800390625; 25.9365234375
2026-07-02; 21:58:57; 2380; 1528; 35.3; 1008.4285546875; 25.802734375
2026-07-02; 21:59:57; 2380; 1528; 35.29; 1008.4679296875; 25.87109375
2026-07-02; 22:00:57; 2380; 1528; 35.38; 1008.538515625; 25.7841796875
2026-07-02; 22:01:57; 2393; 1557; 35.34; 1008.5384765625; 25.81640625
2026-07-02; 22:02:57; 2370; 1505; 35.36; 1008.569921875; 25.771484375
2026-07-02; 22:03:57; 2380; 1528; 35.39; 1008.6093359375; 25.73828125
2026-07-02; 22:04:57; 2380; 1528; 35.36; 1008.5779296875; 25.759765625
2026-07-02; 22:05:57; 2380; 1528; 35.34; 1008.64875; 25.7705078125
2026-07-02; 22:06:57; 2370; 1505; 35.4; 1008.6327734375; 25.693359375
2026-07-02; 22:07:57; 2370; 1505; 35.34; 1008.676328125; 25.828125
2026-07-02; 22:08:57; 2370; 1505; 35.42; 1008.66421875; 25.7060546875
2026-07-02; 22:09:57; 2370; 1505; 35.34; 1008.6291796875; 25.828125
2026-07-02; 22:10:57; 2380; 1528; 35.39; 1008.7273046875; 25.75
2026-07-02; 22:11:57; 2370; 1505; 35.28; 1008.7749609375; 25.9052734375
2026-07-02; 22:12:57; 2357; 1476; 35.33; 1008.74328125; 25.79296875
2026-07-02; 22:13:57; 2349; 1462; 35.28; 1008.8105078125; 25.89453125
2026-07-02; 22:14:57; 2349; 1462; 35.3; 1008.7868359375; 25.8720703125
2026-07-02; 22:15:57; 2349; 1462; 35.32; 1008.727578125; 25.884765625
2026-07-02; 22:16:57; 2349; 1462; 35.29; 1008.735546875; 25.9404296875
2026-07-02; 22:17:57; 2338; 1437; 35.23; 1008.72421875; 25.9365234375
2026-07-02; 22:18:57; 2349; 1462; 35.27; 1008.704140625; 25.9736328125
2026-07-02; 22:19:57; 2349; 1462; 35.3; 1008.80640625; 25.94140625
2026-07-02; 22:20:57; 2338; 1437; 35.35; 1008.7471484375; 25.8408203125
2026-07-02; 22:21:57; 2338; 1437; 35.27; 1008.7948046875; 25.962890625
2026-07-02; 22:22:58; 2349; 1462; 35.31; 1008.822109375; 25.9306640625
2026-07-02; 22:23:58; 2349; 1462; 35.36; 1008.8535546875; 25.8642578125
2026-07-02; 22:24:58; 2338; 1437; 35.34; 1008.7865625; 25.8740234375
2026-07-02; 22:25:58; 2338; 1437; 35.33; 1008.8615625; 25.908203125
2026-07-02; 22:26:58; 2338; 1437; 35.34; 1008.84171875; 25.8623046875
2026-07-02; 22:27:58; 2328; 1414; 35.3; 1008.778828125; 25.90625
2026-07-02; 22:28:58; 2328; 1414; 35.29; 1008.7906640625; 25.9521484375
2026-07-02; 22:29:58; 2328; 1414; 35.31; 1008.8852734375; 25.9072265625
2026-07-02; 22:30:58; 2316; 1395; 35.3; 1008.9246484375; 25.9072265625
2026-07-02; 22:31:58; 2328; 1414; 35.26; 1008.8812890625; 26.03125
2026-07-02; 22:32:58; 2316; 1395; 35.33; 1008.889140625; 25.943359375
2026-07-02; 22:33:58; 2316; 1395; 35.28; 1008.9954296875; 26.0087890625
2026-07-02; 22:34:58; 2316; 1395; 35.28; 1008.9403125; 26.0087890625
2026-07-02; 22:35:58; 2316; 1395; 35.2; 1008.905234375; 26.0625
2026-07-02; 22:36:58; 2316; 1395; 35.3; 1008.9993359375; 25.9873046875
2026-07-02; 22:37:58; 2316; 1395; 35.23; 1008.972265625; 26.0634765625
2026-07-02; 22:38:58; 2303; 1367; 35.12; 1008.9528125; 26.185546875
2026-07-02; 22:39:58; 2303; 1367; 35.08; 1009.074765625; 26.263671875
2026-07-02; 22:40:58; 2303; 1367; 35.26; 1008.9915625; 26.03125
2026-07-02; 22:41:58; 2285; 1329; 35.12; 1009.0905859375; 26.2197265625
2026-07-02; 22:42:58; 2303; 1367; 35.19; 1008.999765625; 26.1083984375
2026-07-02; 22:43:58; 2303; 1367; 35.21; 1009.003671875; 26.09765625
2026-07-02; 22:44:58; 2303; 1367; 35.25; 1009.08609375; 26.0068359375
2026-07-02; 22:45:58; 2303; 1367; 35.23; 1009.0901953125; 26.052734375
2026-07-02; 22:46:58; 2285; 1329; 35.28; 1009.105703125; 26.0322265625
2026-07-02; 22:47:58; 2276; 1304; 35.19; 1009.09046875; 26.0966796875
2026-07-02; 22:48:58; 2276; 1304; 35.21; 1009.05875; 26.0634765625
2026-07-02; 22:49:58; 2298; 1352; 35.23; 1009.0273828125; 26.041015625
2026-07-02; 22:50:58; 2285; 1329; 35.21; 1009.05875; 26.109375
2026-07-02; 22:51:58; 2298; 1352; 35.16; 1009.117890625; 26.140625
2026-07-02; 22:52:58; 2298; 1352; 35.21; 1009.066796875; 26.0751953125
2026-07-02; 22:53:58; 2285; 1329; 35.1; 1009.1062109375; 26.2646484375
2026-07-02; 22:54:58; 2276; 1304; 35.11; 1009.14953125; 26.2412109375
2026-07-02; 22:55:58; 2285; 1329; 35.1; 1009.1062109375; 26.2646484375
2026-07-02; 22:56:58; 2285; 1329; 35.08; 1009.1103125; 26.251953125
2026-07-02; 22:57:58; 2267; 1281; 35.11; 1009.1299609375; 26.1953125
2026-07-02; 22:58:58; 2255; 1258; 35.29; 1009.12140625; 26.009765625
2026-07-02; 22:59:58; 2267; 1281; 35.12; 1009.145703125; 26.197265625
2026-07-02; 23:00:58; 2267; 1281; 35.14; 1009.1966796875; 26.185546875
2026-07-02; 23:01:58; 2247; 1238; 35.04; 1009.1851953125; 26.283203125
2026-07-02; 23:02:58; 2267; 1281; 35.1; 1009.141796875; 26.2177734375
2026-07-02; 23:03:58; 2267; 1281; 35.12; 1009.2203515625; 26.162109375
2026-07-02; 23:04:58; 2267; 1281; 35.16; 1009.2005859375; 26.140625
2026-07-02; 23:05:59; 2255; 1258; 35.2; 1009.208359375; 26.0625
2026-07-02; 23:06:59; 2247; 1238; 35.13; 1009.1809765625; 26.197265625
2026-07-02; 23:07:59; 2255; 1258; 35.06; 1009.2717578125; 26.2392578125
2026-07-02; 23:08:59; 2247; 1238; 35.02; 1009.26390625; 26.3056640625
2026-07-02; 23:09:59; 2247; 1238; 35.13; 1009.31875; 26.150390625
2026-07-02; 23:10:59; 2226; 1201; 35.09; 1009.22828125; 26.216796875
2026-07-02; 23:11:59; 2238; 1220; 35.18; 1009.29515625; 26.0966796875
2026-07-02; 23:12:59; 2238; 1220; 35.08; 1009.2951953125; 26.1943359375
2026-07-02; 23:13:59; 2226; 1201; 35.17; 1009.3265234375; 26.095703125
2026-07-02; 23:14:59; 2226; 1201; 35.11; 1009.3228515625; 26.1376953125
2026-07-02; 23:15:59; 2226; 1201; 34.98; 1009.25609375; 26.3154296875
2026-07-02; 23:16:59; 2206; 1157; 35.0; 1009.2952734375; 26.2822265625
2026-07-02; 23:17:59; 2218; 1179; 35.03; 1009.25984375; 26.2724609375
2026-07-02; 23:18:59; 2218; 1179; 35.06; 1009.2519140625; 26.2275390625
2026-07-02; 23:19:59; 2218; 1179; 35.05; 1009.318828125; 26.2392578125
2026-07-02; 23:20:59; 2218; 1179; 35.04; 1009.2480078125; 26.2265625
2026-07-02; 23:21:59; 2206; 1157; 35.01; 1009.1930859375; 26.236328125
2026-07-02; 23:22:59; 2206; 1157; 35.11; 1009.2401953125; 26.115234375
2026-07-02; 23:23:59; 2218; 1179; 35.1; 1009.25203125; 26.1376953125
2026-07-02; 23:24:59; 2206; 1157; 35.15; 1009.2204296875; 26.0712890625
2026-07-02; 23:25:59; 2206; 1157; 34.97; 1009.2759375; 26.302734375
2026-07-02; 23:26:59; 2206; 1157; 34.84; 1009.2088671875; 26.4453125
2026-07-02; 23:27:59; 2180; 1097; 34.99; 1009.2994140625; 26.26953125
2026-07-02; 23:28:59; 2197; 1138; 35.03; 1009.2873828125; 26.21484375
2026-07-02; 23:29:59; 2197; 1138; 35.0; 1009.3151171875; 26.28125
2026-07-03; 01:56:32; 428; 4; 34.04; 1011.0234765625; 26.01953125
2026-07-03; 01:57:32; 441; 6; 34.2; 1011.095078125; 25.7412109375
2026-07-03; 01:58:32; 445; 6; 34.23; 1011.0598828125; 25.650390625
2026-07-03; 01:59:32; 441; 6; 34.0; 1011.0704296875; 25.970703125
2026-07-03; 02:00:32; 441; 6; 34.26; 1011.0796875; 25.6171875
2026-07-03; 02:01:32; 445; 6; 34.15; 1011.0319921875; 25.681640625
2026-07-03; 02:02:32; 445; 6; 34.15; 1011.0319921875; 25.669921875
2026-07-03; 02:03:32; 445; 6; 34.33; 1011.0525; 25.5068359375
2026-07-03; 02:04:32; 441; 6; 34.35; 1011.076015625; 25.357421875
2026-07-03; 02:05:32; 435; 5; 34.22; 1011.1344140625; 25.53515625
2026-07-03; 02:06:32; 434; 5; 34.26; 1011.087421875; 25.4794921875
2026-07-03; 02:07:32; 439; 5; 34.26; 1011.087421875; 25.46875
2026-07-03; 02:08:32; 434; 5; 34.45; 1011.15921875; 25.16796875
2026-07-03; 02:09:32; 427; 4; 34.31; 1011.166328125; 25.2646484375
2026-07-03; 02:10:32; 423; 3; 34.31; 1011.166328125; 25.20703125
2026-07-03; 02:11:32; 423; 3; 34.38; 1011.1864453125; 25.1875
2026-07-03; 02:12:32; 423; 3; 34.25; 1011.18171875; 25.1103515625
2026-07-03; 02:13:32; 421; 3; 34.35; 1011.2216796875; 25.0927734375
2026-07-03; 02:14:32; 421; 3; 34.39; 1011.1746875; 24.9794921875
2026-07-03; 02:15:32; 423; 3; 34.36; 1011.1743359375; 25.0244140625
2026-07-03; 02:16:32; 418; 2; 34.17; 1011.2011328125; 25.2099609375
2026-07-03; 02:17:32; 407; 1; 34.39; 1011.2297265625; 24.93359375
2026-07-03; 02:18:32; 407; 1; 34.36; 1011.1743359375; 24.955078125
2026-07-03; 02:19:32; 408; 1; 34.41; 1011.198203125; 24.8896484375
2026-07-03; 02:20:32; 403; 0; 34.31; 1011.15859375; 24.8720703125
2026-07-03; 02:21:32; 414; 2; 34.43; 1011.1551953125; 24.7978515625
2026-07-03; 02:22:32; 409; 1; 34.39; 1011.1391015625; 24.806640625
2026-07-03; 02:23:32; 406; 0; 34.44; 1011.1987890625; 24.68359375
2026-07-03; 02:24:32; 405; 0; 34.37; 1011.2176953125; 24.7021484375
2026-07-03; 02:25:32; 405; 0; 34.37; 1011.107578125; 24.7373046875
2026-07-03; 02:26:32; 405; 0; 34.28; 1011.1740234375; 24.82421875
2026-07-03; 02:27:32; 405; 0; 34.41; 1011.1787109375; 24.693359375
2026-07-03; 02:28:32; 400; 0; 34.28; 1011.11125; 24.7783203125
2026-07-03; 02:29:32; 400; 0; 34.27; 1011.1505078125; 24.7890625
2026-07-03; 02:30:32; 400; 0; 34.39; 1011.1391015625; 24.6689453125
2026-07-03; 02:31:32; 405; 0; 34.38; 1011.1864453125; 24.599609375
2026-07-03; 02:32:32; 408; 1; 34.4; 1011.2374609375; 24.4619140625
2026-07-03; 02:33:33; 413; 1; 34.13; 1011.1655078125; 24.83984375
2026-07-03; 02:34:33; 413; 1; 34.22; 1011.2994921875; 24.751953125
2026-07-03; 02:35:33; 408; 1; 34.37; 1011.2726953125; 24.541015625
2026-07-03; 02:36:33; 413; 1; 34.34; 1011.3159765625; 24.6083984375
2026-07-03; 02:37:33; 413; 1; 34.44; 1011.3005859375; 24.4296875
2026-07-03; 02:38:33; 408; 1; 34.44; 1011.3005859375; 24.41796875
2026-07-03; 02:39:33; 408; 1; 34.41; 1011.2532421875; 24.3935546875
2026-07-03; 02:40:33; 405; 0; 34.41; 1011.316328125; 24.3828125
2026-07-03; 02:41:33; 405; 0; 34.3; 1011.260625; 24.4453125
2026-07-03; 02:42:33; 405; 0; 34.39; 1011.3123046875; 24.4501953125
2026-07-03; 02:43:33; 405; 0; 34.41; 1011.3358203125; 24.359375
2026-07-03; 02:44:33; 405; 0; 34.36; 1011.3200390625; 24.3798828125
2026-07-03; 02:45:33; 400; 0; 34.24; 1011.3310546875; 24.5693359375
2026-07-03; 02:46:33; 405; 0; 34.45; 1011.379453125; 24.28125
2026-07-03; 02:47:33; 405; 0; 34.25; 1011.394140625; 24.4765625
2026-07-03; 02:48:33; 400; 0; 34.36; 1011.4220703125; 24.3447265625
2026-07-03; 02:49:33; 400; 0; 34.3; 1011.398203125; 24.353515625
2026-07-03; 02:50:33; 405; 0; 34.28; 1011.441484375; 24.375
2026-07-03; 02:51:33; 400; 0; 34.31; 1011.4415625; 24.26171875
2026-07-03; 02:52:33; 403; 0; 34.45; 1011.406953125; 24.1318359375
2026-07-03; 02:53:33; 403; 0; 34.4; 1011.438203125; 24.1513671875
2026-07-03; 02:54:33; 403; 0; 34.28; 1011.3941796875; 24.283203125
2026-07-03; 02:55:33; 403; 0; 34.28; 1011.4767578125; 24.283203125
2026-07-03; 02:56:33; 400; 0; 34.26; 1011.382421875; 24.2705078125
2026-07-03; 02:57:33; 400; 0; 34.42; 1011.4341796875; 24.0830078125
2026-07-03; 02:58:33; 400; 0; 34.33; 1011.4730859375; 24.13671875
2026-07-03; 02:59:33; 400; 0; 34.22; 1011.5394140625; 24.2685546875
2026-07-03; 03:00:33; 400; 0; 34.42; 1011.544296875; 24.037109375
2026-07-03; 03:01:33; 400; 0; 34.31; 1011.4415625; 24.078125
2026-07-03; 03:02:33; 403; 0; 34.32; 1011.4495703125; 24.1005859375
2026-07-03; 03:03:33; 403; 0; 34.36; 1011.5046484375; 24.0341796875
2026-07-03; 03:04:33; 403; 0; 34.28; 1011.44921875; 24.087890625
2026-07-03; 03:05:33; 403; 0; 34.25; 1011.50421875; 24.07421875
2026-07-03; 03:06:33; 403; 0; 34.31; 1011.5438671875; 24.04296875
2026-07-03; 03:07:33; 403; 0; 34.35; 1011.51640625; 24.033203125
2026-07-03; 03:08:33; 407; 1; 34.15; 1011.582265625; 24.1728515625
2026-07-03; 03:09:33; 407; 1; 34.19; 1011.6373828125; 24.09375
2026-07-03; 03:10:33; 407; 1; 34.29; 1011.6301171875; 23.97265625
2026-07-03; 03:11:33; 403; 0; 34.21; 1011.6689453125; 24.037109375
2026-07-03; 03:12:33; 400; 0; 34.24; 1011.6810546875; 23.9462890625
2026-07-03; 03:13:33; 403; 0; 34.13; 1011.6057421875; 24.033203125
2026-07-03; 03:14:33; 400; 0; 34.11; 1011.621484375; 24.0205078125
2026-07-03; 03:15:34; 400; 0; 34.22; 1011.6572265625; 23.9228515625
2026-07-03; 03:16:34; 403; 0; 34.21; 1011.55890625; 23.8876953125
2026-07-03; 03:17:34; 400; 0; 34.24; 1011.5237109375; 23.84375
2026-07-03; 03:18:34; 400; 0; 34.36; 1011.5952734375; 23.7578125
2026-07-03; 03:19:34; 406; 0; 34.16; 1011.645390625; 23.908203125
2026-07-03; 03:20:34; 400; 0; 34.3; 1011.7009765625; 23.75390625
2026-07-03; 03:21:34; 403; 0; 34.28; 1011.6694140625; 23.7646484375
2026-07-03; 03:22:34; 400; 0; 34.35; 1011.54390625; 23.640625
2026-07-03; 03:23:34; 400; 0; 34.31; 1011.6341796875; 23.6865234375
2026-07-03; 03:24:34; 400; 0; 34.21; 1011.6612109375; 23.7607421875
2026-07-03; 03:25:34; 402; 0; 34.21; 1011.696484375; 23.7724609375
2026-07-03; 03:26:34; 402; 0; 34.16; 1011.700390625; 23.8505859375
2026-07-03; 03:27:34; 402; 0; 34.09; 1011.7549609375; 23.9501953125
2026-07-03; 03:28:34; 402; 0; 34.12; 1011.7550390625; 23.791015625
2026-07-03; 03:29:34; 402; 0; 34.25; 1011.8421875; 23.6826171875
2026-07-03; 03:30:34; 400; 0; 34.2; 1011.783046875; 23.6796875
2026-07-03; 03:31:34; 407; 1; 34.2; 1011.81828125; 23.6923828125
2026-07-03; 03:32:34; 407; 1; 34.14; 1011.77890625; 23.72265625
2026-07-03; 03:33:34; 407; 1; 34.13; 1011.7433203125; 23.7109375
2026-07-03; 03:34:34; 407; 1; 34.26; 1011.720390625; 23.580078125
2026-07-03; 03:35:34; 407; 1; 33.98; 1011.707109375; 23.9794921875
2026-07-03; 03:36:34; 407; 1; 34.08; 1011.7391796875; 23.7421875
2026-07-03; 03:37:34; 407; 1; 34.14; 1011.7513671875; 23.7802734375
2026-07-03; 03:38:34; 409; 1; 33.98; 1011.707109375; 23.8525390625
2026-07-03; 03:39:34; 400; 0; 34.08; 1011.7666796875; 23.7197265625
2026-07-03; 03:40:34; 400; 0; 33.99; 1011.8054296875; 23.830078125
2026-07-03; 03:41:34; 402; 0; 34.16; 1011.7554296875; 23.6435546875
2026-07-03; 03:42:34; 402; 0; 34.05; 1011.7743359375; 23.763671875
2026-07-03; 03:43:34; 402; 0; 34.07; 1011.8058984375; 23.6845703125
2026-07-03; 03:44:34; 400; 0; 34.11; 1011.821796875; 23.6298828125
2026-07-03; 03:45:34; 402; 0; 34.12; 1011.8100390625; 23.583984375
2026-07-03; 03:46:34; 402; 0; 34.25; 1011.8421875; 23.4521484375
2026-07-03; 03:47:34; 400; 0; 34.08; 1011.7666796875; 23.6162109375
2026-07-03; 03:48:34; 405; 0; 34.3; 1011.86609375; 23.3740234375
2026-07-03; 03:49:34; 405; 0; 34.26; 1011.9680859375; 23.3955078125
2026-07-03; 03:50:34; 405; 0; 34.13; 1011.9281640625; 23.4921875
2026-07-03; 03:51:34; 400; 0; 34.2; 1011.928359375; 23.4150390625
2026-07-03; 03:52:34; 400; 0; 34.15; 1011.9322265625; 23.5048828125
2026-07-03; 03:53:34; 405; 0; 34.13; 1011.9281640625; 23.48046875
2026-07-03; 03:54:34; 405; 0; 34.13; 1011.873125; 23.46875
2026-07-03; 03:55:34; 405; 0; 34.19; 1011.8850390625; 23.4375
2026-07-03; 03:56:34; 405; 0; 34.14; 1011.9164453125; 23.4345703125
2026-07-03; 03:57:34; 400; 0; 34.02; 1011.9628125; 23.578125
2026-07-03; 03:58:35; 400; 0; 34.12; 1011.9673828125; 23.45703125
2026-07-03; 03:59:35; 400; 0; 34.13; 1012.0382421875; 23.4580078125
2026-07-03; 04:00:35; 405; 0; 34.18; 1012.034375; 23.3798828125
2026-07-03; 04:01:35; 405; 0; 34.05; 1012.104453125; 23.556640625
2026-07-03; 04:02:35; 405; 0; 34.01; 1012.0845703125; 23.5439453125
2026-07-03; 04:03:35; 405; 0; 34.09; 1012.0851171875; 23.5009765625
2026-07-03; 04:04:35; 408; 1; 34.06; 1012.1477734375; 23.5341796875
2026-07-03; 04:05:35; 408; 1; 34.13; 1012.128515625; 23.412109375
2026-07-03; 04:06:35; 408; 1; 34.12; 1012.1325; 23.3994140625
2026-07-03; 04:07:35; 408; 1; 34.08; 1012.069296875; 23.4892578125
2026-07-03; 04:08:35; 408; 1; 34.0; 1012.0607421875; 23.5537109375
2026-07-03; 04:09:35; 408; 1; 33.96; 1012.135078125; 23.5869140625
2026-07-03; 04:10:35; 408; 1; 33.95; 1012.201796875; 23.5751953125
2026-07-03; 04:11:35; 408; 1; 33.84; 1012.2087890625; 23.73046875
2026-07-03; 04:12:35; 408; 1; 33.84; 1012.1812890625; 23.6962890625
2026-07-03; 04:13:35; 408; 1; 34.01; 1012.194609375; 23.521484375
2026-07-03; 04:14:35; 413; 1; 34.08; 1012.234375; 23.443359375
2026-07-03; 04:15:35; 413; 1; 33.94; 1012.2215234375; 23.5859375
2026-07-03; 04:16:35; 413; 1; 33.97; 1012.18640625; 23.5302734375
2026-07-03; 04:17:35; 417; 2; 34.09; 1012.1676171875; 23.4326171875
2026-07-03; 04:18:35; 408; 1; 33.97; 1012.18640625; 23.564453125
2026-07-03; 04:19:35; 408; 1; 33.89; 1012.087265625; 23.62890625
2026-07-03; 04:20:35; 408; 1; 33.91; 1012.16609375; 23.619140625
2026-07-03; 04:21:35; 405; 0; 33.92; 1012.079921875; 23.6201171875
2026-07-03; 04:22:35; 405; 0; 34.06; 1012.1477734375; 23.4765625
2026-07-03; 04:23:35; 405; 0; 33.96; 1012.115625; 23.529296875
2026-07-03; 04:24:35; 408; 1; 34.05; 1012.1594921875; 23.453125
2026-07-03; 04:25:35; 408; 1; 33.97; 1012.10390625; 23.4951171875
2026-07-03; 04:26:35; 408; 1; 33.83; 1012.0749609375; 23.6728515625
2026-07-03; 04:27:35; 413; 1; 34.05; 1012.021953125; 23.46484375
2026-07-03; 04:28:35; 405; 0; 34.07; 1012.053515625; 23.396484375
2026-07-03; 04:29:35; 405; 0; 33.93; 1012.06015625; 23.5390625
2026-07-03; 04:30:35; 400; 0; 34.01; 1012.0295703125; 23.474609375
2026-07-03; 04:31:35; 405; 0; 33.95; 1012.0723046875; 23.494140625
2026-07-03; 04:32:35; 400; 0; 33.94; 1012.028984375; 23.5283203125
2026-07-03; 04:33:35; 405; 0; 34.01; 1012.021484375; 23.462890625
2026-07-03; 04:34:35; 405; 0; 33.82; 1012.0396875; 23.66015625
2026-07-03; 04:35:35; 408; 1; 33.91; 1012.0010546875; 23.583984375
2026-07-03; 04:36:35; 405; 0; 33.94; 1011.9934375; 23.5166015625
2026-07-03; 04:37:35; 408; 1; 33.89; 1012.087265625; 23.572265625
2026-07-03; 04:38:35; 405; 0; 33.92; 1012.1074609375; 23.5166015625
2026-07-03; 04:39:35; 405; 0; 33.86; 1012.12234375; 23.6396484375
2026-07-03; 04:40:35; 405; 0; 33.87; 1012.1931640625; 23.58203125
2026-07-03; 04:41:36; 408; 1; 33.88; 1012.2364453125; 23.5947265625
2026-07-03; 04:42:36; 405; 0; 33.75; 1012.1766015625; 23.7021484375
2026-07-03; 04:43:36; 400; 0; 33.92; 1012.2174609375; 23.52734375
2026-07-03; 04:44:36; 405; 0; 33.84; 1012.1732421875; 23.615234375
2026-07-03; 04:45:36; 405; 0; 33.87; 1012.2012109375; 23.5830078125
2026-07-03; 04:46:36; 405; 0; 33.71; 1012.23109375; 23.712890625
2026-07-03; 04:47:36; 409; 1; 33.83; 1012.1849609375; 23.6259765625
2026-07-03; 04:48:36; 409; 1; 33.87; 1012.3031640625; 23.6279296875
2026-07-03; 04:49:36; 409; 1; 33.67; 1012.2701171875; 23.802734375
2026-07-03; 04:50:36; 409; 1; 33.78; 1012.223984375; 23.681640625
2026-07-03; 04:51:36; 405; 0; 33.73; 1012.2549609375; 23.712890625
2026-07-03; 04:52:36; 409; 1; 33.83; 1012.2949609375; 23.591796875
2026-07-03; 04:53:36; 405; 0; 33.77; 1012.2631640625; 23.6923828125
2026-07-03; 04:54:36; 400; 0; 33.78; 1012.3259375; 23.669921875
2026-07-03; 04:55:36; 400; 0; 33.78; 1012.223984375; 23.6474609375
2026-07-03; 04:56:36; 400; 0; 33.65; 1012.24625; 23.8125
2026-07-03; 04:57:36; 402; 0; 33.54; 1012.2376171875; 23.88671875
2026-07-03; 04:58:36; 400; 0; 33.47; 1012.264375; 24.009765625
2026-07-03; 04:59:36; 400; 0; 33.65; 1012.3287109375; 23.82421875
2026-07-03; 05:00:36; 402; 0; 33.72; 1012.3294140625; 23.701171875
2026-07-03; 05:01:36; 400; 0; 33.62; 1012.328515625; 23.833984375
2026-07-03; 05:02:36; 400; 0; 33.68; 1012.3486328125; 23.802734375
2026-07-03; 05:03:36; 402; 0; 33.66; 1012.364296875; 23.7548828125
2026-07-03; 05:04:36; 407; 1; 33.61; 1012.37578125; 23.798828125
2026-07-03; 05:05:36; 402; 0; 33.7; 1012.3527734375; 23.7236328125
2026-07-03; 05:06:36; 400; 0; 33.71; 1012.39609375; 23.677734375
2026-07-03; 05:07:36; 405; 0; 33.68; 1012.3486328125; 23.72265625
2026-07-03; 05:08:36; 405; 0; 33.74; 1012.361015625; 23.65625
2026-07-03; 05:09:36; 400; 0; 33.76; 1012.3493359375; 23.6220703125
2026-07-03; 05:10:36; 405; 0; 33.81; 1012.373359375; 23.5908203125
2026-07-03; 05:11:36; 403; 0; 33.63; 1012.3798828125; 23.73046875
2026-07-03; 05:12:36; 403; 0; 33.72; 1012.3766015625; 23.677734375
2026-07-03; 05:13:36; 403; 0; 33.73; 1012.345234375; 23.6787109375
2026-07-03; 05:14:36; 408; 1; 33.77; 1012.3376171875; 23.634765625
2026-07-03; 05:15:36; 408; 1; 33.49; 1012.30375; 23.9189453125
2026-07-03; 05:16:36; 403; 0; 33.49; 1012.268515625; 23.9306640625
2026-07-03; 05:17:36; 408; 1; 33.61; 1012.37578125; 23.787109375
2026-07-03; 05:18:36; 408; 1; 33.43; 1012.318828125; 23.9619140625
2026-07-03; 05:19:36; 408; 1; 33.68; 1012.3683984375; 23.7099609375
2026-07-03; 05:20:36; 408; 1; 33.69; 1012.3919921875; 23.6884765625
2026-07-03; 05:21:36; 408; 1; 33.69; 1012.3841796875; 23.734375
2026-07-03; 05:22:36; 408; 1; 33.79; 1012.45171875; 23.58984375
2026-07-03; 05:23:36; 408; 1; 33.71; 1012.42359375; 23.677734375
2026-07-03; 05:24:37; 408; 1; 33.7; 1012.3802734375; 23.654296875
2026-07-03; 05:25:37; 415; 2; 33.58; 1012.4460546875; 23.7978515625
2026-07-03; 05:26:37; 410; 1; 33.71; 1012.45109375; 23.6669921875
2026-07-03; 05:27:37; 410; 1; 33.66; 1012.5292578125; 23.720703125
2026-07-03; 05:28:37; 410; 1; 33.7; 1012.4902734375; 23.666015625
2026-07-03; 05:29:37; 410; 1; 33.73; 1012.4826953125; 23.6328125
2026-07-03; 05:30:37; 408; 1; 33.65; 1012.493671875; 23.708984375
2026-07-03; 05:31:37; 403; 0; 33.64; 1012.635078125; 23.7314453125
2026-07-03; 05:32:37; 403; 0; 33.66; 1012.58421875; 23.6865234375
2026-07-03; 05:33:37; 400; 0; 33.71; 1012.6710546875; 23.6318359375
2026-07-03; 05:34:37; 403; 0; 33.71; 1012.5885546875; 23.62109375
2026-07-03; 05:35:37; 403; 0; 33.66; 1012.701953125; 23.7099609375
2026-07-03; 05:36:37; 405; 0; 33.7; 1012.655234375; 23.6201171875
2026-07-03; 05:37:37; 405; 0; 33.62; 1012.7134375; 23.71875
2026-07-03; 05:38:37; 405; 0; 33.58; 1012.740703125; 23.728515625
2026-07-03; 05:39:37; 405; 0; 33.64; 1012.7805859375; 23.685546875
2026-07-03; 05:40:37; 408; 1; 33.56; 1012.7365234375; 23.78515625
2026-07-03; 05:41:37; 408; 1; 33.51; 1012.7201953125; 23.8173828125
2026-07-03; 05:42:37; 413; 1; 33.61; 1012.7606640625; 23.7412109375
2026-07-03; 05:43:37; 408; 1; 33.56; 1012.7168359375; 23.7734375
2026-07-03; 05:44:37; 408; 1; 33.59; 1012.7565234375; 23.740234375
2026-07-03; 05:45:37; 408; 1; 33.61; 1012.7056640625; 23.671875
2026-07-03; 05:46:37; 408; 1; 33.66; 1012.69421875; 23.640625
2026-07-03; 05:47:37; 408; 1; 33.61; 1012.752578125; 23.6259765625
2026-07-03; 05:48:37; 413; 1; 33.61; 1012.7606640625; 23.68359375
2026-07-03; 05:49:37; 415; 2; 33.4; 1012.7191796875; 23.8798828125
2026-07-03; 05:50:37; 415; 2; 33.48; 1012.7474609375; 23.826171875
2026-07-03; 05:51:37; 413; 1; 33.56; 1012.8190234375; 23.7392578125
2026-07-03; 05:52:37; 413; 1; 33.56; 1012.8817578125; 23.7158203125
2026-07-03; 05:53:37; 413; 1; 33.55; 1012.8856640625; 23.7265625
2026-07-03; 05:54:37; 405; 0; 33.58; 1012.8583984375; 23.6943359375
2026-07-03; 05:55:37; 405; 0; 33.55; 1012.8659375; 23.7041015625
2026-07-03; 05:56:37; 400; 0; 33.56; 1012.8817578125; 23.7041015625
2026-07-03; 05:57:37; 400; 0; 33.5; 1012.8890625; 23.76953125
2026-07-03; 05:58:37; 400; 0; 33.37; 1012.91875; 23.9248046875
2026-07-03; 05:59:37; 400; 0; 33.4; 1012.9584765625; 23.90234375
2026-07-03; 06:00:37; 400; 0; 33.37; 1012.91875; 23.9248046875
2026-07-03; 06:01:37; 405; 0; 33.49; 1012.9909375; 23.8271484375
2026-07-03; 06:02:37; 400; 0; 33.51; 1012.95984375; 23.7822265625
2026-07-03; 06:03:37; 400; 0; 33.51; 1012.93234375; 23.759765625
2026-07-03; 06:04:37; 400; 0; 33.36; 1012.90296875; 23.947265625
2026-07-03; 06:05:37; 400; 0; 33.47; 1012.8218359375; 23.826171875
2026-07-03; 06:06:37; 403; 0; 33.41; 1012.8998828125; 23.869140625
2026-07-03; 06:07:38; 400; 0; 33.52; 1012.9284375; 23.759765625
2026-07-03; 06:08:38; 403; 0; 33.44; 1012.9118359375; 23.8017578125
2026-07-03; 06:09:38; 403; 0; 33.37; 1012.91875; 23.9248046875
2026-07-03; 06:10:38; 403; 0; 33.51; 1012.93234375; 23.7939453125
2026-07-03; 06:11:38; 402; 0; 33.3; 1012.9728515625; 23.978515625
2026-07-03; 06:12:38; 400; 0; 33.38; 1012.9623828125; 23.890625
2026-07-03; 06:13:38; 400; 0; 33.36; 1012.9501171875; 23.900390625
2026-07-03; 06:14:38; 405; 0; 33.5; 1012.9440234375; 23.78125
2026-07-03; 06:15:38; 400; 0; 33.47; 1012.9515234375; 23.802734375
2026-07-03; 06:16:38; 400; 0; 33.48; 1013.0223046875; 23.7578125
2026-07-03; 06:17:38; 400; 0; 33.51; 1012.9951171875; 23.7021484375
2026-07-03; 06:18:38; 405; 0; 33.35; 1013.0167578125; 23.865234375
2026-07-03; 06:19:38; 400; 0; 33.49; 1012.9634765625; 23.78125
2026-07-03; 06:20:38; 403; 0; 33.41; 1012.974296875; 23.7998046875
2026-07-03; 06:21:38; 400; 0; 33.48; 1013.0223046875; 23.7119140625
2026-07-03; 06:22:38; 405; 0; 33.49; 1012.9359765625; 23.7001953125
2026-07-03; 06:23:38; 405; 0; 33.28; 1013.023671875; 23.884765625
2026-07-03; 06:24:38; 405; 0; 33.38; 1012.9623828125; 23.8330078125
2026-07-03; 06:25:38; 405; 0; 33.52; 1012.9756640625; 23.6328125
2026-07-03; 06:26:38; 405; 0; 33.42; 1012.9432421875; 23.7548828125
2026-07-03; 06:27:38; 408; 1; 33.27; 1013.0078125; 23.9423828125
2026-07-03; 06:28:38; 405; 0; 33.46; 1012.9631640625; 23.7109375
2026-07-03; 06:29:38; 400; 0; 33.44; 1012.966796875; 23.732421875
2026-07-03; 06:30:38; 403; 0; 33.5; 1012.998984375; 23.666015625
2026-07-03; 06:31:38; 400; 0; 33.35; 1012.99703125; 23.7626953125
2026-07-03; 06:32:38; 400; 0; 33.28; 1012.996171875; 23.8740234375
2026-07-03; 06:33:38; 400; 0; 33.34; 1012.9812109375; 23.796875
2026-07-03; 06:34:38; 403; 0; 33.17; 1012.995; 23.982421875
2026-07-03; 06:35:38; 403; 0; 33.36; 1012.930390625; 23.7744140625
2026-07-03; 06:36:38; 400; 0; 33.14; 1012.9552734375; 23.9931640625
2026-07-03; 06:37:38; 408; 1; 33.42; 1012.9901171875; 23.7431640625
2026-07-03; 06:38:38; 405; 0; 33.32; 1013.0319921875; 23.8076171875
2026-07-03; 06:39:38; 400; 0; 33.29; 1013.0119921875; 23.8623046875
2026-07-03; 06:40:38; 400; 0; 33.33; 1013.0950390625; 23.7958984375
2026-07-03; 06:41:38; 402; 0; 33.24; 1013.0427734375; 23.962890625
2026-07-03; 06:42:38; 407; 1; 33.37; 1013.0287109375; 23.751953125
2026-07-03; 06:43:38; 407; 1; 33.26; 1013.1294140625; 23.8037109375
2026-07-03; 06:44:38; 402; 0; 33.24; 1013.13328125; 23.8486328125
2026-07-03; 06:45:38; 407; 1; 33.37; 1013.130859375; 23.7177734375
2026-07-03; 06:46:38; 402; 0; 33.22; 1013.0935546875; 23.8701171875
2026-07-03; 06:47:38; 400; 0; 33.43; 1013.1708203125; 23.6865234375
2026-07-03; 06:48:38; 403; 0; 33.37; 1013.1386328125; 23.7060546875
2026-07-03; 06:49:38; 400; 0; 33.4; 1013.15890625; 23.6962890625
2026-07-03; 06:50:39; 406; 0; 33.34; 1013.14609375; 23.7509765625
2026-07-03; 06:51:39; 406; 0; 33.38; 1013.099765625; 23.70703125
2026-07-03; 06:52:39; 406; 0; 33.32; 1013.224375; 23.7607421875
2026-07-03; 06:53:39; 406; 0; 33.26; 1013.1374609375; 23.8271484375
2026-07-03; 06:54:39; 411; 1; 33.41; 1013.147265625; 23.697265625
2026-07-03; 06:55:39; 406; 0; 33.43; 1013.1158984375; 23.6865234375
2026-07-03; 06:56:39; 406; 0; 33.43; 1013.1708203125; 23.6513671875
2026-07-03; 06:57:39; 400; 0; 33.41; 1013.1941796875; 23.6962890625
2026-07-03; 06:58:39; 406; 0; 33.4; 1013.1314453125; 23.6962890625
2026-07-03; 06:59:39; 409; 1; 33.37; 1013.130859375; 23.751953125
2026-07-03; 07:00:39; 411; 1; 33.4; 1013.18640625; 23.6728515625
2026-07-03; 07:01:39; 416; 2; 33.39; 1013.0606640625; 23.70703125
2026-07-03; 07:02:39; 420; 3; 33.39; 1013.0606640625; 23.6953125
2026-07-03; 07:03:39; 424; 3; 33.5; 1013.0892578125; 23.59765625
2026-07-03; 07:04:39; 427; 4; 33.42; 1013.108125; 23.708984375
2026-07-03; 07:05:39; 436; 5; 33.4; 1013.21390625; 23.6845703125
2026-07-03; 07:06:39; 427; 4; 33.44; 1013.167265625; 23.6171875
2026-07-03; 07:07:39; 434; 5; 33.41; 1013.174765625; 23.697265625
2026-07-03; 07:08:39; 434; 5; 33.46; 1013.1555859375; 23.6416015625
2026-07-03; 07:09:39; 434; 5; 33.5; 1013.2541796875; 23.62109375
2026-07-03; 07:10:39; 436; 5; 33.53; 1013.2663671875; 23.6220703125
2026-07-03; 07:11:39; 446; 7; 33.54; 1013.2624609375; 23.5888671875
2026-07-03; 07:12:39; 446; 7; 33.51; 1013.2072265625; 23.62109375
2026-07-03; 07:13:39; 450; 7; 33.52; 1013.1955859375; 23.5986328125
2026-07-03; 07:14:39; 446; 7; 33.58; 1013.290546875; 23.5791015625
2026-07-03; 07:15:39; 454; 8; 33.55; 1013.3058203125; 23.5888671875
2026-07-03; 07:16:39; 454; 8; 33.57; 1013.2746875; 23.58984375
2026-07-03; 07:17:39; 450; 7; 33.53; 1013.2466796875; 23.587890625
2026-07-03; 07:18:39; 459; 8; 33.62; 1013.298828125; 23.5234375
2026-07-03; 07:19:39; 459; 8; 33.62; 1013.271328125; 23.5234375
2026-07-03; 07:20:39; 459; 8; 33.63; 1013.3696484375; 23.5126953125
2026-07-03; 07:21:39; 459; 8; 33.64; 1013.3030078125; 23.5244140625
2026-07-03; 07:22:39; 461; 9; 33.7; 1013.307421875; 23.4814453125
2026-07-03; 07:23:39; 459; 8; 33.68; 1013.3307421875; 23.5146484375
2026-07-03; 07:24:39; 470; 10; 33.72; 1013.3390625; 23.505859375
2026-07-03; 07:25:39; 478; 11; 33.74; 1013.315703125; 23.42578125
2026-07-03; 07:26:39; 487; 13; 33.75; 1013.3040234375; 23.4609375
2026-07-03; 07:27:39; 493; 14; 33.64; 1013.2755078125; 23.5595703125
2026-07-03; 07:28:39; 497; 14; 33.81; 1013.3083984375; 23.41796875
2026-07-03; 07:29:39; 502; 15; 33.8; 1013.245625; 23.40625
2026-07-03; 07:30:39; 502; 15; 33.88; 1013.3447265625; 23.2490234375
2026-07-03; 07:31:39; 505; 15; 33.93; 1013.3610546875; 23.2861328125
2026-07-03; 07:32:39; 505; 15; 34.05; 1013.37; 23.1416015625
2026-07-03; 07:33:40; 505; 15; 34.08; 1013.389921875; 23.109375
2026-07-03; 07:34:40; 502; 15; 33.99; 1013.4284375; 23.2314453125
2026-07-03; 07:35:40; 515; 17; 34.03; 1013.4091796875; 23.19921875
2026-07-03; 07:36:40; 515; 17; 34.06; 1013.4133203125; 23.166015625
2026-07-03; 07:37:40; 505; 15; 34.13; 1013.4217578125; 23.0888671875
2026-07-03; 07:38:40; 531; 19; 34.2; 1013.3515234375; 23.0
2026-07-03; 07:39:40; 526; 19; 34.18; 1013.32765625; 23.0107421875
2026-07-03; 07:40:40; 515; 17; 34.27; 1013.359921875; 22.912109375
2026-07-03; 07:41:40; 537; 20; 34.17; 1013.319921875; 23.0341796875
2026-07-03; 07:42:40; 548; 22; 34.26; 1013.39140625; 22.9453125
2026-07-03; 07:43:40; 556; 23; 34.29; 1013.3915625; 22.8779296875
2026-07-03; 07:44:40; 556; 23; 34.39; 1013.404296875; 22.791015625
2026-07-03; 07:45:40; 567; 25; 34.4; 1013.329453125; 22.802734375
2026-07-03; 07:46:40; 567; 25; 34.45; 1013.3615234375; 22.759765625
2026-07-03; 07:47:40; 570; 25; 34.45; 1013.3615234375; 22.7255859375
2026-07-03; 07:48:40; 567; 25; 34.48; 1013.3263671875; 22.6796875
2026-07-03; 07:49:40; 577; 26; 34.47; 1013.3303125; 22.69140625
2026-07-03; 07:50:40; 553; 23; 34.44; 1013.373515625; 22.724609375
2026-07-03; 07:51:40; 553; 23; 34.5; 1013.350234375; 22.669921875
2026-07-03; 07:52:40; 556; 23; 34.5; 1013.3421875; 22.6806640625
2026-07-03; 07:53:40; 556; 23; 34.53; 1013.36203125; 22.6708984375
2026-07-03; 07:54:40; 548; 22; 34.48; 1013.35390625; 22.6796875
2026-07-03; 07:55:40; 537; 20; 34.47; 1013.3303125; 22.703125
2026-07-03; 07:56:40; 548; 22; 34.45; 1013.3537890625; 22.736328125
2026-07-03; 07:57:40; 553; 23; 34.48; 1013.3461328125; 22.7265625
2026-07-03; 07:58:40; 567; 25; 34.5; 1013.4053125; 22.7158203125
2026-07-03; 07:59:40; 548; 22; 34.51; 1013.42109375; 22.669921875
2026-07-03; 08:00:40; 553; 23; 34.53; 1013.39765625; 22.6826171875
2026-07-03; 08:01:40; 553; 23; 34.52; 1013.3737890625; 22.6591796875
2026-07-03; 08:02:40; 548; 22; 34.53; 1013.2875; 22.6826171875
2026-07-03; 08:03:40; 548; 22; 34.54; 1013.2952734375; 22.625
2026-07-03; 08:04:40; 537; 20; 34.61; 1013.3313671875; 22.560546875
2026-07-03; 08:05:40; 520; 18; 34.59; 1013.2171484375; 22.59375
2026-07-03; 08:06:40; 505; 15; 34.56; 1013.244296875; 22.6611328125
2026-07-03; 08:07:40; 515; 17; 34.56; 1013.25234375; 22.6494140625
2026-07-03; 08:08:40; 526; 19; 34.55; 1013.2916015625; 22.6484375
2026-07-03; 08:09:40; 537; 20; 34.54; 1013.358359375; 22.6953125
2026-07-03; 08:10:40; 537; 20; 34.54; 1013.3503515625; 22.6826171875
2026-07-03; 08:11:40; 531; 19; 34.54; 1013.2952734375; 22.6943359375
2026-07-03; 08:12:40; 526; 19; 34.55; 1013.393671875; 22.68359375
2026-07-03; 08:13:40; 531; 19; 34.55; 1013.44875; 22.6376953125
2026-07-03; 08:14:40; 531; 19; 34.57; 1013.3977734375; 22.650390625
2026-07-03; 08:15:40; 531; 19; 34.62; 1013.429765625; 22.5830078125
2026-07-03; 08:16:41; 520; 18; 34.61; 1013.413984375; 22.6064453125
2026-07-03; 08:17:41; 515; 17; 34.58; 1013.4491796875; 22.650390625
2026-07-03; 08:18:41; 520; 18; 34.55; 1013.4017578125; 22.66015625
2026-07-03; 08:19:41; 520; 18; 34.62; 1013.3746875; 22.5712890625
2026-07-03; 08:20:41; 526; 19; 34.63; 1013.41; 22.583984375
2026-07-03; 08:21:41; 505; 15; 34.67; 1013.43796875; 22.5283203125
2026-07-03; 08:22:41; 505; 15; 34.68; 1013.4339453125; 22.5517578125
2026-07-03; 08:23:41; 526; 19; 34.67; 1013.4104296875; 22.55078125
2026-07-03; 08:24:41; 537; 20; 34.74; 1013.50125; 22.5205078125
2026-07-03; 08:25:41; 531; 19; 34.69; 1013.4144921875; 22.5517578125
2026-07-03; 08:26:41; 531; 19; 34.72; 1013.442109375; 22.51953125
2026-07-03; 08:27:41; 531; 19; 34.69; 1013.4222265625; 22.62109375
2026-07-03; 08:28:41; 543; 21; 34.69; 1013.44203125; 22.5634765625
2026-07-03; 08:29:41; 553; 23; 34.78; 1013.4737890625; 22.44140625
2026-07-03; 08:30:41; 567; 25; 34.74; 1013.5207421875; 22.5078125
2026-07-03; 08:31:41; 577; 26; 34.74; 1013.54828125; 22.5078125
2026-07-03; 08:32:41; 596; 29; 34.79; 1013.43453125; 22.46484375
2026-07-03; 08:33:41; 581; 27; 34.78; 1013.4737890625; 22.4638671875
2026-07-03; 08:34:41; 596; 29; 34.77; 1013.4109765625; 22.4638671875
2026-07-03; 08:35:41; 607; 31; 34.85; 1013.4742578125; 22.41015625
2026-07-03; 08:36:41; 624; 34; 34.83; 1013.415078125; 22.3857421875
2026-07-03; 08:37:41; 617; 33; 34.81; 1013.576328125; 22.4423828125
2026-07-03; 08:38:41; 629; 34; 34.85; 1013.501796875; 22.38671875
2026-07-03; 08:39:41; 637; 36; 34.81; 1013.52125; 22.419921875
2026-07-03; 08:40:41; 637; 36; 34.81; 1013.576328125; 22.419921875
2026-07-03; 08:41:41; 624; 34; 34.82; 1013.5568359375; 22.4541015625
2026-07-03; 08:42:41; 629; 34; 34.81; 1013.493671875; 22.396484375
2026-07-03; 08:43:41; 637; 36; 34.77; 1013.5681640625; 22.4404296875
2026-07-03; 08:44:41; 617; 33; 34.82; 1013.5568359375; 22.443359375
2026-07-03; 08:45:41; 624; 34; 34.76; 1013.5523828125; 22.4521484375
2026-07-03; 08:46:41; 637; 36; 34.75; 1013.544609375; 22.486328125
2026-07-03; 08:47:41; 629; 34; 34.76; 1013.5798828125; 22.61328125
2026-07-03; 08:48:41; 624; 34; 34.77; 1013.4660546875; 22.5107421875
2026-07-03; 08:49:41; 617; 33; 34.81; 1013.576328125; 22.6044921875
2026-07-03; 08:50:41; 624; 34; 34.84; 1013.5411328125; 22.60546875
2026-07-03; 08:51:41; 637; 36; 34.91; 1013.5613671875; 22.34375
2026-07-03; 08:52:41; 686; 43; 34.97; 1013.5187109375; 22.392578125
2026-07-03; 08:53:41; 730; 50; 35.0; 1013.5305078125; 22.1396484375
2026-07-03; 08:54:41; 717; 48; 34.96; 1013.53046875; 22.2080078125
2026-07-03; 08:55:41; 694; 44; 35.01; 1013.546328125; 22.2568359375
2026-07-03; 08:56:41; 694; 44; 35.01; 1013.4912109375; 22.1181640625
2026-07-03; 08:57:41; 660; 39; 35.0; 1013.455625; 22.12890625
2026-07-03; 08:58:41; 637; 36; 34.95; 1013.5062890625; 22.1259765625
2026-07-03; 08:59:42; 614; 32; 34.97; 1013.483125; 22.369140625
2026-07-03; 09:00:42; 602; 30; 34.96; 1013.5580078125; 22.138671875
2026-07-03; 09:01:42; 596; 29; 34.99; 1013.5500390625; 22.185546875
2026-07-03; 09:02:42; 602; 30; 35.04; 1013.5110546875; 22.119140625
2026-07-03; 09:03:42; 596; 29; 35.01; 1013.5540625; 22.037109375
2026-07-03; 09:04:42; 581; 27; 35.05; 1013.5621484375; 22.0166015625
2026-07-03; 09:05:42; 581; 27; 35.03; 1013.5228125; 21.8876953125
2026-07-03; 09:06:42; 556; 23; 35.08; 1013.4835546875; 21.890625
2026-07-03; 09:07:42; 537; 20; 34.98; 1013.5617578125; 21.9091796875
2026-07-03; 09:08:42; 520; 18; 35.02; 1013.6172265625; 21.9794921875
2026-07-03; 09:09:42; 526; 19; 34.99; 1013.577578125; 21.8974609375
2026-07-03; 09:10:42; 520; 18; 35.0; 1013.6209375; 21.8291015625
2026-07-03; 09:11:42; 515; 17; 35.0; 1013.585625; 22.208984375
2026-07-03; 09:12:42; 497; 14; 34.98; 1013.66421875; 21.896484375
2026-07-03; 09:13:42; 482; 12; 34.96; 1013.6323046875; 21.861328125
2026-07-03; 09:14:42; 470; 10; 34.96; 1013.613125; 21.74609375
2026-07-03; 09:15:42; 470; 10; 34.98; 1013.609140625; 21.919921875
2026-07-03; 09:16:42; 470; 10; 34.98; 1013.66421875; 22.1396484375
2026-07-03; 09:17:42; 459; 8; 34.99; 1013.6524609375; 21.955078125
2026-07-03; 09:18:42; 454; 8; 34.98; 1013.6444140625; 21.7236328125
2026-07-03; 09:19:42; 454; 8; 35.01; 1013.7667578125; 21.6796875
2026-07-03; 09:20:42; 450; 7; 35.03; 1013.6958984375; 21.7490234375
2026-07-03; 09:21:42; 446; 7; 35.04; 1013.6565625; 21.73828125
2026-07-03; 09:22:42; 454; 8; 35.08; 1013.629375; 21.7744140625
2026-07-03; 09:23:42; 450; 7; 35.11; 1013.6767578125; 21.97265625
2026-07-03; 09:24:42; 450; 7; 35.24; 1013.6812109375; 21.435546875
2026-07-03; 09:25:42; 470; 10; 35.22; 1013.5944921875; 21.28515625
2026-07-03; 09:26:42; 470; 10; 35.3; 1013.6852734375; 20.98828125
2026-07-03; 09:27:42; 493; 14; 35.32; 1013.6422265625; 21.08203125
2026-07-03; 09:28:42; 487; 13; 35.39; 1013.6344921875; 20.9462890625
2026-07-03; 09:29:42; 520; 18; 35.44; 1013.548046875; 20.7978515625
2026-07-03; 09:30:42; 520; 18; 35.49; 1013.5721484375; 20.75390625
2026-07-03; 09:31:42; 531; 19; 35.52; 1013.5839453125; 20.7666015625
2026-07-03; 09:32:42; 556; 23; 35.5; 1013.58796875; 20.6962890625
2026-07-03; 09:33:42; 556; 23; 35.54; 1013.6077734375; 20.9873046875
2026-07-03; 09:34:42; 556; 23; 35.65; 1013.6159765625; 20.552734375
2026-07-03; 09:35:42; 543; 21; 35.58; 1013.678671875; 21.1396484375
2026-07-03; 09:36:42; 526; 19; 35.58; 1013.61578125; 20.6884765625
2026-07-03; 09:37:42; 497; 14; 35.56; 1013.647109375; 20.69921875
2026-07-03; 09:38:42; 478; 11; 35.58; 1013.588203125; 20.8505859375
2026-07-03; 09:39:42; 470; 10; 35.62; 1013.6789453125; 20.6904296875
2026-07-03; 09:40:42; 454; 8; 35.62; 1013.6039453125; 21.22265625
2026-07-03; 09:41:43; 446; 7; 35.62; 1013.56859375; 20.5517578125
2026-07-03; 09:42:43; 450; 7; 35.65; 1013.5608203125; 20.4951171875
2026-07-03; 09:43:43; 459; 8; 35.69; 1013.533203125; 20.669921875
2026-07-03; 09:44:43; 450; 7; 35.73; 1013.54921875; 20.66015625
2026-07-03; 09:45:43; 446; 7; 35.71; 1013.59234375; 20.32421875
2026-07-03; 09:46:43; 424; 3; 35.69; 1013.54125; 19.98828125
2026-07-03; 09:47:43; 409; 1; 35.71; 1013.6280078125; 19.9541015625
2026-07-03; 09:48:43; 400; 0; 35.65; 1013.5883984375; 20.16015625
2026-07-03; 09:49:43; 400; 0; 35.63; 1013.5645703125; 20.11328125
2026-07-03; 09:50:43; 411; 1; 35.65; 1013.69875; 20.4833984375
2026-07-03; 09:51:43; 402; 0; 35.67; 1013.611953125; 20.3564453125
2026-07-03; 09:52:43; 407; 1; 35.68; 1013.608203125; 20.4619140625
2026-07-03; 09:53:43; 402; 0; 35.72; 1013.6357421875; 19.6767578125
2026-07-03; 09:54:43; 400; 0; 35.7; 1013.6593359375; 20.3125
2026-07-03; 09:55:43; 400; 0; 35.75; 1013.6359765625; 19.9091796875
2026-07-03; 09:56:43; 410; 1; 35.8; 1013.6516796875; 19.75
2026-07-03; 09:57:43; 410; 1; 35.77; 1013.687109375; 19.505859375
2026-07-03; 09:58:43; 410; 1; 35.8; 1013.5137890625; 20.3623046875
2026-07-03; 09:59:43; 420; 3; 35.81; 1013.52953125; 19.658203125
2026-07-03; 10:00:43; 448; 7; 35.82; 1013.5648828125; 19.4501953125
2026-07-03; 10:01:43; 481; 12; 35.79; 1013.49796875; 19.7841796875
2026-07-03; 10:02:43; 518; 17; 35.81; 1013.52953125; 19.900390625
2026-07-03; 10:03:43; 543; 21; 35.88; 1013.557265625; 19.857421875
2026-07-03; 10:04:43; 605; 31; 35.85; 1013.6122265625; 19.4970703125
2026-07-03; 10:05:43; 586; 28; 35.77; 1013.6120703125; 20.1650390625
2026-07-03; 10:06:43; 605; 31; 35.8; 1013.706875; 20.2236328125
2026-07-03; 10:07:43; 617; 33; 35.8; 1013.6516796875; 19.9580078125
2026-07-03; 10:08:43; 623; 33; 35.78; 1013.6201171875; 19.6904296875
2026-07-03; 10:09:43; 653; 38; 35.79; 1013.6083203125; 19.703125
2026-07-03; 10:10:43; 666; 40; 35.85; 1013.5375390625; 19.787109375
2026-07-03; 10:11:43; 672; 41; 35.85; 1013.5846484375; 19.4853515625
2026-07-03; 10:12:43; 744; 52; 35.8; 1013.5215234375; 19.4833984375
2026-07-03; 10:13:43; 761; 54; 35.81; 1013.639921875; 19.4033203125
2026-07-03; 10:14:43; 778; 57; 35.78; 1013.5726953125; 19.4482421875
2026-07-03; 10:15:43; 778; 57; 35.75; 1013.5808203125; 19.423828125
2026-07-03; 10:16:43; 821; 64; 35.76; 1013.651796875; 19.4248046875
2026-07-03; 10:17:44; 832; 65; 35.74; 1013.6753515625; 19.4814453125
2026-07-03; 10:18:44; 785; 58; 35.78; 1013.6753125; 19.6103515625
2026-07-03; 10:19:44; 744; 52; 35.78; 1013.627890625; 19.5751953125
2026-07-03; 10:20:44; 679; 42; 35.76; 1013.5966015625; 19.4013671875
2026-07-03; 10:21:44; 637; 36; 35.75; 1013.6083984375; 20.2333984375
2026-07-03; 10:22:44; 637; 36; 35.78; 1013.6554296875; 19.71484375
2026-07-03; 10:23:44; 623; 33; 35.85; 1013.6478515625; 19.265625
2026-07-03; 10:24:44; 649; 37; 35.77; 1013.7146875; 19.35546875
2026-07-03; 10:25:44; 631; 35; 35.87; 1013.698984375; 19.1396484375
2026-07-03; 10:26:44; 649; 37; 35.79; 1013.7187109375; 19.40234375
2026-07-03; 10:27:44; 649; 37; 35.81; 1013.7226953125; 19.4150390625
2026-07-03; 10:28:44; 623; 33; 35.83; 1013.6910546875; 19.53125
2026-07-03; 10:29:44; 611; 32; 35.82; 1013.710859375; 19.5888671875
2026-07-03; 10:30:44; 567; 25; 35.93; 1013.683359375; 19.419921875
2026-07-03; 10:31:44; 549; 22; 35.87; 1013.7541796875; 19.533203125
2026-07-03; 10:32:44; 543; 21; 35.86; 1013.821171875; 19.66015625
2026-07-03; 10:33:44; 540; 21; 35.94; 1013.7267578125; 19.408203125
2026-07-03; 10:34:44; 530; 19; 35.91; 1013.679375; 19.373046875
2026-07-03; 10:35:44; 518; 17; 35.86; 1013.7188671875; 19.7646484375
2026-07-03; 10:36:44; 491; 13; 35.86; 1013.628046875; 19.90234375
2026-07-03; 10:37:44; 501; 15; 35.91; 1013.57703125; 19.4658203125
2026-07-03; 10:38:44; 477; 11; 35.87; 1013.5886328125; 19.5673828125
2026-07-03; 10:39:44; 481; 12; 35.92; 1013.6204296875; 19.5703125
2026-07-03; 10:40:44; 470; 10; 35.95; 1013.557421875; 19.29296875
2026-07-03; 10:41:44; 464; 9; 35.85; 1013.48234375; 19.3701171875
2026-07-03; 10:42:44; 441; 6; 35.79; 1013.643671875; 19.2060546875
2026-07-03; 10:43:44; 420; 3; 35.64; 1013.6829296875; 19.19921875
2026-07-03; 10:44:44; 400; 0; 35.63; 1013.5844140625; 19.15234375
2026-07-03; 10:45:44; 417; 2; 35.65; 1013.5883984375; 19.1767578125
2026-07-03; 10:46:44; 409; 1; 35.68; 1013.553046875; 19.0966796875
2026-07-03; 10:47:45; 433; 5; 35.75; 1013.553203125; 19.2958984375
2026-07-03; 10:48:45; 405; 0; 35.79; 1013.643671875; 19.0439453125
2026-07-03; 10:49:45; 405; 0; 35.86; 1013.51765625; 18.9423828125
2026-07-03; 10:50:45; 426; 3; 35.85; 1013.529453125; 19.080078125
2026-07-03; 10:51:45; 405; 0; 35.9; 1013.5888671875; 18.875
2026-07-03; 10:52:45; 405; 0; 35.88; 1013.4940625; 19.05859375
2026-07-03; 10:53:45; 417; 2; 35.8; 1013.5215234375; 19.1708984375
2026-07-03; 10:54:45; 405; 0; 35.75; 1013.5727734375; 19.0185546875
2026-07-03; 10:55:45; 414; 2; 35.77; 1013.5767578125; 19.0078125
2026-07-03; 10:56:45; 405; 0; 35.85; 1013.501875; 18.9990234375
2026-07-03; 10:57:45; 426; 3; 35.75; 1013.517578125; 19.3427734375
2026-07-03; 10:58:45; 418; 2; 35.64; 1013.5450390625; 19.2216796875
2026-07-03; 10:59:45; 402; 0; 35.67; 1013.5016015625; 19.431640625
2026-07-03; 11:00:45; 432; 4; 35.74; 1013.482265625; 19.400390625
2026-07-03; 11:01:45; 425; 3; 35.93; 1013.4626171875; 19.142578125
2026-07-03; 11:02:45; 432; 4; 35.91; 1013.4034375; 19.2451171875
2026-07-03; 11:03:45; 446; 7; 35.95; 1013.4665625; 19.1201171875
2026-07-03; 11:04:45; 425; 3; 35.99; 1013.4946875; 18.982421875
2026-07-03; 11:05:45; 411; 1; 36.0; 1013.400078125; 18.9013671875
2026-07-03; 11:06:45; 411; 1; 35.99; 1013.4196484375; 18.8203125
2026-07-03; 11:07:45; 400; 0; 36.07; 1013.4550390625; 18.8232421875
2026-07-03; 11:08:45; 400; 0; 36.05; 1013.45109375; 18.7763671875
2026-07-03; 11:09:45; 411; 1; 36.12; 1013.423515625; 18.443359375
2026-07-03; 11:10:45; 408; 1; 36.18; 1013.455234375; 18.45703125
2026-07-03; 11:11:45; 408; 1; 36.14; 1013.502578125; 18.2939453125
2026-07-03; 11:12:45; 407; 1; 36.1; 1013.5023828125; 18.384765625
2026-07-03; 11:13:45; 418; 2; 36.12; 1013.47875; 18.29296875
2026-07-03; 11:14:45; 434; 5; 36.14; 1013.4749609375; 18.2939453125
2026-07-03; 11:15:45; 415; 2; 36.19; 1013.4158203125; 18.2373046875
2026-07-03; 11:16:46; 423; 3; 36.2; 1013.45921875; 18.203125
2026-07-03; 11:17:46; 434; 5; 36.23; 1013.4237109375; 18.2861328125
2026-07-03; 11:18:46; 446; 7; 36.26; 1013.415859375; 18.240234375
2026-07-03; 11:19:46; 456; 8; 36.3; 1013.3958203125; 18.25390625
2026-07-03; 11:20:46; 477; 11; 36.31; 1013.4116015625; 18.2421875
2026-07-03; 11:21:46; 464; 9; 36.35; 1013.384140625; 18.1513671875
2026-07-03; 11:22:46; 460; 9; 36.34; 1013.4235546875; 18.162109375
2026-07-03; 11:23:46; 464; 9; 36.34; 1013.403671875; 18.185546875
2026-07-03; 11:24:46; 464; 9; 36.37; 1013.451015625; 18.1640625
2026-07-03; 11:25:46; 464; 9; 36.3; 1013.3958203125; 18.0908203125
2026-07-03; 11:26:46; 477; 11; 36.31; 1013.4668359375; 18.1259765625
2026-07-03; 11:27:46; 482; 12; 36.36; 1013.4275; 18.1279296875
2026-07-03; 11:28:46; 477; 11; 36.32; 1013.399765625; 18.0810546875
2026-07-03; 11:29:46; 493; 14; 36.32; 1013.4273828125; 17.8837890625
2026-07-03; 11:30:46; 464; 9; 36.41; 1013.4511328125; 17.8984375
2026-07-03; 11:31:46; 464; 9; 36.43; 1013.5023046875; 17.98046875
2026-07-03; 11:32:46; 456; 8; 36.39; 1013.47484375; 17.9326171875
2026-07-03; 11:33:46; 473; 11; 36.47; 1013.51015625; 18.0166015625
2026-07-03; 11:34:46; 482; 12; 36.46; 1013.549609375; 17.9814453125
2026-07-03; 11:35:46; 477; 11; 36.42; 1013.486484375; 17.9921875
2026-07-03; 11:36:46; 497; 14; 36.45; 1013.4509765625; 18.02734375
2026-07-03; 11:37:46; 497; 14; 36.43; 1013.4826953125; 17.95703125
2026-07-03; 11:38:46; 493; 14; 36.51; 1013.3526171875; 17.890625
2026-07-03; 11:39:46; 502; 15; 36.48; 1013.4237890625; 17.9482421875
2026-07-03; 11:40:46; 502; 15; 36.48; 1013.3605078125; 17.947265625
2026-07-03; 11:41:46; 524; 18; 36.5; 1013.3448828125; 17.92578125
2026-07-03; 11:42:46; 497; 14; 36.52; 1013.4512109375; 17.751953125
2026-07-03; 11:43:46; 493; 14; 36.51; 1013.3526171875; 17.693359375
2026-07-03; 11:44:46; 482; 12; 36.53; 1013.384140625; 17.787109375
2026-07-03; 11:45:46; 515; 17; 36.6; 1013.3759765625; 17.87109375
2026-07-03; 11:46:46; 533; 20; 36.65; 1013.3800390625; 17.8505859375
2026-07-03; 11:47:46; 524; 18; 36.65; 1013.40765625; 17.6875
2026-07-03; 11:48:46; 530; 19; 36.7; 1013.41546875; 17.666015625
2026-07-03; 11:49:47; 515; 17; 36.75; 1013.3638671875; 17.505859375
2026-07-03; 11:50:47; 502; 15; 36.79; 1013.308671875; 17.5419921875
2026-07-03; 11:51:47; 524; 18; 36.76; 1013.3796484375; 17.529296875
2026-07-03; 11:52:47; 524; 18; 36.75; 1013.3837890625; 17.529296875
2026-07-03; 11:53:47; 524; 18; 36.74; 1013.3680078125; 17.412109375
2026-07-03; 11:54:47; 533; 20; 36.68; 1013.3087890625; 17.5380859375
2026-07-03; 11:55:47; 493; 14; 36.63; 1013.3484765625; 17.384765625
2026-07-03; 11:56:47; 524; 18; 36.48; 1013.332890625; 17.5185546875
2026-07-03; 11:57:47; 407; 1; 36.62; 1013.4075390625; 16.955078125
2026-07-03; 11:58:47; 400; 0; 36.68; 1013.2891796875; 16.9462890625
2026-07-03; 11:59:47; 424; 3; 36.73; 1013.324609375; 17.0634765625
2026-07-03; 12:00:47; 447; 7; 36.76; 1013.2890234375; 17.0654296875
2026-07-03; 12:01:47; 477; 11; 36.77; 1013.2771484375; 17.134765625
2026-07-03; 12:02:47; 482; 12; 36.83; 1013.3991015625; 17.033203125
2026-07-03; 12:03:47; 502; 15; 36.86; 1013.3280859375; 17.056640625
2026-07-03; 12:04:47; 502; 15; 36.9; 1013.3635546875; 17.10546875
2026-07-03; 12:05:47; 529; 19; 36.95; 1013.2842578125; 17.0263671875
2026-07-03; 12:06:47; 529; 19; 36.95; 1013.3317578125; 16.9677734375
2026-07-03; 12:07:47; 569; 25; 36.89; 1013.272578125; 17.0234375
2026-07-03; 12:08:47; 564; 24; 36.91; 1013.351640625; 17.0361328125
2026-07-03; 12:09:47; 560; 24; 37.0; 1013.375234375; 16.841796875
2026-07-03; 12:10:47; 552; 23; 36.92; 1013.2922265625; 16.81640625
2026-07-03; 12:11:47; 552; 23; 36.9; 1013.30828125; 16.9189453125
2026-07-03; 12:12:47; 534; 20; 36.94; 1013.35140625; 16.9326171875
2026-07-03; 12:13:47; 578; 27; 36.85; 1013.2648046875; 17.2080078125
2026-07-03; 12:14:47; 457; 8; 36.85; 1013.31234375; 16.685546875
2026-07-03; 12:15:47; 464; 9; 36.81; 1013.2650390625; 16.962890625
2026-07-03; 12:16:47; 482; 12; 36.83; 1013.316171875; 16.974609375
2026-07-03; 12:17:47; 492; 14; 36.81; 1013.2573046875; 16.927734375
2026-07-03; 12:18:47; 498; 14; 36.9; 1013.280625; 16.837890625
2026-07-03; 12:19:47; 524; 18; 36.95; 1013.3394921875; 16.86328125
2026-07-03; 12:20:47; 529; 19; 36.97; 1013.3160546875; 16.8994140625
2026-07-03; 12:21:47; 502; 15; 37.0; 1013.2923046875; 16.818359375
2026-07-03; 12:22:47; 534; 20; 36.94; 1013.35140625; 16.8974609375
2026-07-03; 12:23:47; 540; 21; 36.97; 1013.3083203125; 16.96875
2026-07-03; 12:24:47; 540; 21; 37.0; 1013.3555859375; 16.7958984375
2026-07-03; 12:25:47; 534; 20; 37.07; 1013.2920703125; 16.705078125
2026-07-03; 12:26:47; 540; 21; 37.01; 1013.280390625; 16.7138671875
2026-07-03; 12:27:47; 560; 24; 36.98; 1013.3041796875; 16.8876953125
2026-07-03; 12:28:47; 540; 21; 37.01; 1013.3633203125; 16.7958984375
2026-07-03; 12:29:47; 540; 21; 37.01; 1013.31609375; 16.7958984375
2026-07-03; 12:30:47; 540; 21; 36.98; 1013.22125; 16.794921875
2026-07-03; 12:31:48; 534; 20; 36.98; 1013.3041796875; 16.818359375
2026-07-03; 12:32:48; 543; 21; 37.07; 1013.272421875; 16.7626953125
2026-07-03; 12:33:48; 543; 21; 37.05; 1013.2962109375; 16.83203125
2026-07-03; 12:34:48; 534; 20; 37.05; 1013.288203125; 16.7158203125
2026-07-03; 12:35:48; 552; 23; 37.1; 1013.3116796875; 16.763671875
2026-07-03; 12:36:48; 552; 23; 37.07; 1013.272421875; 16.7978515625
2026-07-03; 12:37:48; 552; 23; 37.06; 1013.2209765625; 16.7978515625
2026-07-03; 12:38:48; 543; 21; 37.09; 1013.2486328125; 16.61328125
2026-07-03; 12:39:48; 540; 21; 37.08; 1013.22484375; 16.6708984375
2026-07-03; 12:40:48; 529; 19; 37.04; 1013.22515625; 16.6572265625
2026-07-03; 12:41:48; 529; 19; 37.03; 1013.2290234375; 16.73828125
2026-07-03; 12:42:48; 534; 20; 36.97; 1013.2055078125; 16.6787109375
2026-07-03; 12:43:48; 552; 23; 36.97; 1013.2884375; 16.6787109375
2026-07-03; 12:44:48; 543; 21; 37.02; 1013.2408984375; 16.69140625
2026-07-03; 12:45:48; 502; 15; 36.84; 1013.2766796875; 16.5224609375
2026-07-03; 12:46:48; 417; 2; 36.9; 1013.1778125; 16.28125
2026-07-03; 12:47:48; 400; 0; 36.92; 1013.146328125; 16.3857421875
2026-07-03; 12:48:48; 423; 3; 36.98; 1013.166015625; 16.4814453125
2026-07-03; 12:49:48; 446; 7; 36.98; 1013.1936328125; 16.400390625
2026-07-03; 12:50:48; 481; 12; 37.02; 1013.185625; 16.505859375
2026-07-03; 12:51:48; 502; 15; 36.93; 1013.1698046875; 16.6650390625
2026-07-03; 12:52:48; 518; 17; 36.94; 1013.1579296875; 16.43359375
2026-07-03; 12:53:48; 518; 17; 36.93; 1013.1421875; 16.513671875
2026-07-03; 12:54:48; 502; 15; 36.94; 1013.213203125; 16.4912109375
2026-07-03; 12:55:48; 518; 17; 36.98; 1013.138359375; 16.5390625
2026-07-03; 12:56:48; 523; 18; 37.02; 1013.15796875; 16.4365234375
2026-07-03; 12:57:48; 523; 18; 36.98; 1013.1030078125; 16.55078125
2026-07-03; 12:58:48; 523; 18; 37.01; 1013.086953125; 16.400390625
2026-07-03; 12:59:48; 523; 18; 37.03; 1013.098828125; 16.564453125
2026-07-03; 13:00:48; 523; 18; 37.01; 1013.150234375; 16.5400390625
2026-07-03; 13:01:48; 529; 19; 37.04; 1013.1065625; 16.4716796875
2026-07-03; 13:02:48; 518; 17; 36.97; 1013.122578125; 16.4462890625
2026-07-03; 13:03:48; 518; 17; 37.03; 1013.0631640625; 16.3896484375
2026-07-03; 13:04:48; 523; 18; 37.02; 1013.1303125; 16.541015625
2026-07-03; 13:05:48; 529; 19; 37.03; 1013.14609375; 16.494140625
2026-07-03; 13:06:48; 523; 18; 37.05; 1013.06703125; 16.42578125
2026-07-03; 13:07:48; 529; 19; 37.01; 1013.086953125; 16.470703125
2026-07-03; 13:08:48; 529; 19; 37.07; 1013.1065625; 16.3681640625
2026-07-03; 13:09:48; 523; 18; 37.04; 1013.086953125; 16.37890625
2026-07-03; 13:10:48; 536; 20; 37.03; 1013.0158984375; 16.529296875
2026-07-03; 13:11:48; 536; 20; 37.06; 1013.165703125; 16.390625
2026-07-03; 13:12:48; 529; 19; 37.02; 1013.1026953125; 16.505859375
2026-07-03; 13:13:48; 523; 18; 37.03; 1013.1184765625; 16.4248046875
2026-07-03; 13:14:49; 518; 17; 37.05; 1013.0750390625; 16.3671875
2026-07-03; 13:15:49; 529; 19; 36.98; 1013.0830859375; 16.4697265625
2026-07-03; 13:16:49; 502; 15; 36.95; 1013.083046875; 16.4453125
2026-07-03; 13:17:49; 502; 15; 36.97; 1013.0595703125; 16.4111328125
2026-07-03; 13:18:49; 518; 17; 36.92; 1013.0910546875; 16.4443359375
2026-07-03; 13:19:49; 518; 17; 36.94; 1013.075; 16.619140625
2026-07-03; 13:20:49; 508; 16; 36.98; 1013.1305859375; 16.4462890625
2026-07-03; 13:21:49; 518; 17; 37.03; 1013.1817578125; 16.3896484375
2026-07-03; 13:22:49; 523; 18; 36.93; 1013.003984375; 16.4326171875
2026-07-03; 13:23:49; 508; 16; 36.94; 1013.1302734375; 16.45703125
2026-07-03; 13:24:49; 529; 19; 36.88; 1013.091015625; 16.55859375
2026-07-03; 13:25:49; 523; 18; 36.97; 1013.122578125; 16.6201171875
2026-07-03; 13:26:49; 560; 24; 36.99; 1013.0358203125; 16.9111328125
2026-07-03; 13:27:49; 591; 29; 36.9; 1013.0119921875; 17.1396484375
2026-07-03; 13:28:49; 600; 30; 36.9; 1013.039609375; 17.1630859375
2026-07-03; 13:29:49; 607; 31; 36.9; 1013.05953125; 17.1748046875
2026-07-03; 13:30:49; 591; 29; 36.95; 1013.09078125; 17.0263671875
2026-07-03; 13:31:49; 580; 27; 36.9; 1013.0948828125; 17.0126953125
2026-07-03; 13:32:49; 600; 30; 36.92; 1013.1540625; 17.0947265625
2026-07-03; 13:33:49; 600; 30; 36.95; 1013.083046875; 16.83984375
2026-07-03; 13:34:49; 607; 31; 36.91; 1013.083046875; 16.955078125
2026-07-03; 13:35:49; 607; 31; 36.88; 1013.0280078125; 16.9765625
2026-07-03; 13:36:49; 600; 30; 36.84; 1013.02796875; 16.84765625
2026-07-03; 13:37:49; 623; 33; 36.8; 1012.992890625; 16.892578125
2026-07-03; 13:38:49; 597; 30; 36.78; 1012.988984375; 16.63671875
2026-07-03; 13:39:49; 577; 26; 36.83; 1012.9569921875; 16.615234375
2026-07-03; 13:40:49; 580; 27; 36.85; 1013.0161328125; 16.5576171875
2026-07-03; 13:41:49; 560; 24; 36.87; 1012.9569921875; 16.5
2026-07-03; 13:42:49; 536; 20; 36.87; 1012.9923828125; 16.4775390625
2026-07-03; 13:43:49; 540; 21; 36.86; 1013.031875; 16.4765625
2026-07-03; 13:44:49; 508; 16; 36.89; 1012.99625; 16.3623046875
2026-07-03; 13:45:49; 523; 18; 36.85; 1012.960859375; 16.51171875
2026-07-03; 13:46:49; 523; 18; 36.9; 1012.9213671875; 16.3623046875
2026-07-03; 13:47:49; 529; 19; 36.88; 1013.000390625; 16.384765625
2026-07-03; 13:48:49; 523; 18; 36.8; 1012.965234375; 16.3466796875
2026-07-03; 13:49:49; 518; 17; 36.76; 1012.9574609375; 16.4033203125
2026-07-03; 13:50:49; 518; 17; 36.76; 1012.9651953125; 16.4736328125
2026-07-03; 13:51:49; 540; 21; 36.74; 1013.0917578125; 16.4375
2026-07-03; 13:52:49; 540; 21; 36.73; 1012.9731640625; 16.47265625
2026-07-03; 13:53:49; 577; 26; 36.76; 1013.0403515625; 16.4736328125
2026-07-03; 13:54:49; 618; 33; 36.75; 1012.996953125; 16.5537109375
2026-07-03; 13:55:49; 618; 33; 36.78; 1012.8784765625; 16.5439453125
2026-07-03; 13:56:49; 618; 33; 36.77; 1012.973203125; 16.54296875
2026-07-03; 13:57:50; 597; 30; 36.75; 1012.886484375; 16.4384765625
2026-07-03; 13:58:50; 600; 30; 36.77; 1012.862734375; 16.416015625
2026-07-03; 13:59:50; 607; 31; 36.78; 1012.8585546875; 16.392578125
2026-07-03; 14:00:50; 618; 33; 36.8; 1012.890078125; 16.3818359375
2026-07-03; 14:01:50; 623; 33; 36.78; 1012.8508203125; 16.357421875
2026-07-03; 14:02:50; 629; 34; 36.81; 1012.878203125; 16.3935546875
2026-07-03; 14:03:50; 623; 33; 36.82; 1012.8309765625; 16.4169921875
2026-07-03; 14:04:50; 629; 34; 36.76; 1012.846953125; 16.4150390625
2026-07-03; 14:05:50; 623; 33; 36.8; 1012.799453125; 16.4052734375
2026-07-03; 14:06:50; 623; 33; 36.73; 1012.807421875; 16.42578125
2026-07-03; 14:07:50; 646; 37; 36.76; 1012.7994140625; 16.380859375
2026-07-03; 14:08:50; 637; 36; 36.78; 1012.8585546875; 16.427734375
2026-07-03; 14:09:50; 650; 38; 36.82; 1012.8033203125; 16.3828125
2026-07-03; 14:10:50; 674; 41; 36.8; 1012.751953125; 16.4287109375
2026-07-03; 14:11:50; 682; 42; 36.75; 1012.7560546875; 16.3916015625
2026-07-03; 14:12:50; 706; 46; 36.78; 1012.7126953125; 16.416015625
2026-07-03; 14:13:50; 742; 52; 36.9; 1012.7003125; 16.3857421875
2026-07-03; 14:14:50; 742; 52; 36.84; 1012.751640625; 16.40625
2026-07-03; 14:15:50; 732; 50; 36.82; 1012.7480859375; 16.498046875
2026-07-03; 14:16:50; 749; 53; 36.84; 1012.779296875; 16.4990234375
2026-07-03; 14:17:50; 785; 58; 36.77; 1012.759921875; 16.5087890625
2026-07-03; 14:18:50; 832; 65; 36.81; 1012.82296875; 16.568359375
2026-07-03; 14:19:50; 785; 58; 36.79; 1012.75609375; 16.5673828125
2026-07-03; 14:20:50; 832; 65; 36.8; 1012.7718359375; 16.6484375
2026-07-03; 14:21:50; 832; 65; 36.81; 1012.7599609375; 16.6142578125
2026-07-03; 14:22:50; 855; 69; 36.8; 1012.74421875; 16.6142578125
2026-07-03; 14:23:50; 877; 72; 36.82; 1012.7480859375; 16.7421875
2026-07-03; 14:24:50; 920; 79; 36.82; 1012.728203125; 16.6376953125
2026-07-03; 14:25:50; 956; 84; 36.79; 1012.7837109375; 16.7763671875
2026-07-03; 14:26:50; 945; 83; 36.8; 1012.7718359375; 16.68359375
2026-07-03; 14:27:50; 933; 81; 36.81; 1012.7599609375; 16.73046875
2026-07-03; 14:28:50; 967; 86; 36.79; 1012.7837109375; 16.810546875
2026-07-03; 14:29:50; 956; 84; 36.8; 1012.7166015625; 16.6953125
2026-07-03; 14:30:50; 975; 87; 36.78; 1012.7480859375; 16.7177734375
2026-07-03; 14:31:50; 983; 88; 36.77; 1012.696953125; 16.787109375
2026-07-03; 14:32:50; 967; 86; 36.81; 1012.7046875; 16.71875
2026-07-03; 14:33:50; 956; 84; 36.8; 1012.74421875; 16.7294921875
2026-07-03; 14:34:50; 956; 84; 36.75; 1012.7483203125; 16.8447265625
2026-07-03; 14:35:50; 945; 83; 36.77; 1012.7245703125; 16.810546875
2026-07-03; 14:36:50; 975; 87; 36.82; 1012.72046875; 16.77734375
2026-07-03; 14:37:50; 975; 87; 36.8; 1012.6889453125; 16.7880859375
2026-07-03; 14:38:50; 967; 86; 36.86; 1012.7279296875; 16.697265625
2026-07-03; 14:39:50; 967; 86; 36.82; 1012.6729296875; 16.75390625
2026-07-03; 14:40:51; 933; 81; 36.83; 1012.7358984375; 16.80078125
2026-07-03; 14:41:51; 967; 86; 36.81; 1012.7599609375; 16.7998046875
2026-07-03; 14:42:51; 956; 84; 36.81; 1012.621796875; 16.75390625
2026-07-03; 14:43:51; 975; 87; 36.83; 1012.688671875; 16.7666015625
2026-07-03; 14:44:51; 983; 88; 36.78; 1012.6574609375; 16.8681640625
2026-07-03; 14:45:51; 995; 90; 36.76; 1012.6612890625; 16.810546875
2026-07-03; 14:46:51; 995; 90; 36.74; 1012.6496875; 16.9130859375
2026-07-03; 14:47:51; 983; 88; 36.76; 1012.6535546875; 16.890625
2026-07-03; 14:48:51; 975; 87; 36.76; 1012.681171875; 16.775390625
2026-07-03; 14:49:51; 945; 83; 36.74; 1012.6773046875; 16.7275390625
2026-07-03; 14:50:51; 975; 87; 36.79; 1012.645546875; 16.7880859375
2026-07-03; 14:51:51; 975; 87; 36.74; 1012.594453125; 16.7744140625
2026-07-03; 14:52:51; 995; 90; 36.77; 1012.6140625; 16.6826171875
2026-07-03; 14:53:51; 983; 88; 36.77; 1012.58640625; 16.763671875
2026-07-03; 14:54:51; 975; 87; 36.78; 1012.609921875; 16.7412109375
2026-07-03; 14:55:51; 1007; 92; 36.78; 1012.5546484375; 16.7412109375
2026-07-03; 14:56:51; 1041; 97; 36.79; 1012.5903125; 16.7763671875
2026-07-03; 14:57:51; 1029; 95; 36.82; 1012.5823046875; 16.7421875
2026-07-03; 14:58:51; 1065; 101; 36.82; 1012.637578125; 16.7890625
2026-07-03; 14:59:51; 1065; 101; 36.79; 1012.5903125; 16.869140625
2026-07-03; 15:00:51; 1083; 104; 36.78; 1012.5823046875; 16.810546875
2026-07-03; 15:01:51; 1065; 101; 36.77; 1012.4836328125; 16.798828125
2026-07-03; 15:02:51; 1065; 101; 36.76; 1012.4878125; 16.9375
2026-07-03; 15:03:51; 1083; 104; 36.79; 1012.5427734375; 16.8115234375
2026-07-03; 15:04:51; 1083; 104; 36.83; 1012.60578125; 16.77734375
2026-07-03; 15:05:51; 1053; 99; 36.84; 1012.5858984375; 16.77734375
2026-07-03; 15:06:51; 1065; 101; 36.83; 1012.5424609375; 16.8935546875
2026-07-03; 15:07:51; 1095; 105; 36.8; 1012.586171875; 16.880859375
2026-07-03; 15:08:51; 1150; 114; 36.82; 1012.5546875; 16.8701171875
2026-07-03; 15:09:51; 1125; 110; 36.81; 1012.6494140625; 16.8583984375
2026-07-03; 15:10:51; 1107; 107; 36.77; 1012.4836328125; 16.8916015625
2026-07-03; 15:11:51; 1125; 110; 36.81; 1012.49140625; 16.8583984375
2026-07-03; 15:12:51; 1137; 112; 36.78; 1012.43640625; 16.8798828125
2026-07-03; 15:13:51; 1137; 112; 36.77; 1012.4836328125; 16.8798828125
2026-07-03; 15:14:51; 1125; 110; 36.78; 1012.4640234375; 16.857421875
2026-07-03; 15:15:51; 1125; 110; 36.8; 1012.3374609375; 16.892578125
2026-07-03; 15:16:51; 1150; 114; 36.78; 1012.416484375; 16.9033203125
2026-07-03; 15:17:51; 1150; 114; 36.78; 1012.33359375; 16.869140625
2026-07-03; 15:18:51; 1163; 116; 36.77; 1012.3654296875; 16.8564453125
2026-07-03; 15:19:51; 1150; 114; 36.79; 1012.432265625; 16.857421875
2026-07-03; 15:20:51; 1181; 118; 36.78; 1012.36125; 16.845703125
2026-07-03; 15:21:51; 1163; 116; 36.82; 1012.444140625; 16.8466796875
2026-07-03; 15:22:51; 1163; 116; 36.81; 1012.4361328125; 16.916015625
2026-07-03; 15:23:52; 1163; 116; 36.82; 1012.4165234375; 16.916015625
2026-07-03; 15:24:52; 1195; 121; 36.79; 1012.432265625; 16.916015625
2026-07-03; 15:25:52; 1163; 116; 36.8; 1012.41265625; 16.9619140625
2026-07-03; 15:26:52; 1262; 131; 36.81; 1012.40078125; 16.9853515625
2026-07-03; 15:27:52; 1235; 127; 36.78; 1012.3811328125; 16.97265625
2026-07-03; 15:28:52; 1277; 133; 36.82; 1012.33359375; 16.962890625
2026-07-03; 15:29:52; 1207; 122; 36.81; 1012.29796875; 16.8935546875
2026-07-03; 15:30:52; 1207; 122; 36.82; 1012.33359375; 16.916015625
2026-07-03; 15:31:52; 1207; 122; 36.82; 1012.3059765625; 16.8818359375
2026-07-03; 15:32:52; 1235; 127; 36.83; 1012.266171875; 16.9521484375
2026-07-03; 15:33:52; 1248; 129; 36.79; 1012.2941015625; 16.904296875
2026-07-03; 15:34:52; 1277; 133; 36.79; 1012.238828125; 16.9853515625
2026-07-03; 15:35:52; 1248; 129; 36.79; 1012.2112109375; 16.9384765625
2026-07-03; 15:36:52; 1181; 118; 36.78; 1012.223125; 16.9150390625
2026-07-03; 15:37:52; 1150; 114; 36.79; 1012.238828125; 16.916015625
2026-07-03; 15:38:52; 1181; 118; 36.78; 1012.1678515625; 16.857421875
2026-07-03; 15:39:52; 1150; 114; 36.79; 1012.175859375; 16.880859375
2026-07-03; 15:40:52; 1150; 114; 36.77; 1012.152109375; 16.9033203125
2026-07-03; 15:41:52; 1181; 118; 36.76; 1012.10875; 16.94921875
2026-07-03; 15:42:52; 1181; 118; 36.78; 1012.1048828125; 16.9384765625
2026-07-03; 15:43:52; 1181; 118; 36.76; 1012.1363671875; 16.94921875
2026-07-03; 15:44:52; 1248; 129; 36.77; 1012.1996484375; 16.984375
2026-07-03; 15:45:52; 1235; 127; 36.8; 1012.1916015625; 16.9970703125
2026-07-03; 15:46:52; 1235; 127; 36.79; 1012.1482421875; 16.9853515625
2026-07-03; 15:47:52; 1235; 127; 36.78; 1012.223125; 17.04296875
2026-07-03; 15:48:52; 1334; 142; 36.77; 1012.1996484375; 17.0537109375
2026-07-03; 15:49:52; 1352; 145; 36.78; 1012.1601171875; 16.9609375
2026-07-03; 15:50:52; 1316; 139; 36.79; 1012.1205859375; 16.9033203125
2026-07-03; 15:51:52; 1235; 127; 36.79; 1012.1559375; 16.8115234375
2026-07-03; 15:52:52; 1195; 121; 36.79; 1012.18359375; 16.869140625
2026-07-03; 15:53:52; 1235; 127; 36.78; 1012.1048828125; 16.857421875
2026-07-03; 15:54:52; 1277; 133; 36.79; 1012.0454296875; 16.8232421875
2026-07-03; 15:55:52; 1277; 133; 36.78; 1012.0296875; 16.833984375
2026-07-03; 15:56:52; 1235; 127; 36.78; 1012.112578125; 16.61328125
2026-07-03; 15:57:52; 1137; 112; 36.8; 1012.061171875; 16.7998046875
2026-07-03; 15:58:52; 1150; 114; 36.76; 1012.018125; 16.8447265625
2026-07-03; 15:59:52; 1181; 118; 36.75; 1012.0653515625; 16.8671875
2026-07-03; 16:00:52; 1207; 122; 36.76; 1012.1009765625; 16.8447265625
2026-07-03; 16:01:52; 1235; 127; 36.74; 1012.1523828125; 16.87890625
2026-07-03; 16:02:52; 1235; 127; 36.76; 1012.12859375; 16.8798828125
2026-07-03; 16:03:52; 1235; 127; 36.79; 1012.073046875; 16.9384765625
2026-07-03; 16:04:52; 1277; 133; 36.77; 1012.1719921875; 16.9150390625
2026-07-03; 16:05:52; 1235; 127; 36.78; 1012.1601171875; 16.9267578125
2026-07-03; 16:06:53; 1277; 133; 36.77; 1012.0891015625; 16.984375
2026-07-03; 16:07:53; 1277; 133; 36.78; 1012.1048828125; 16.9501953125
2026-07-03; 16:08:53; 1334; 142; 36.77; 1012.124453125; 16.984375
2026-07-03; 16:09:53; 1352; 145; 36.77; 1012.152109375; 16.984375
2026-07-03; 16:10:53; 1295; 136; 36.78; 1012.2153515625; 16.9033203125
2026-07-03; 16:11:53; 1262; 131; 36.79; 1012.2863671875; 16.9384765625
2026-07-03; 16:12:53; 1316; 139; 36.75; 1012.19578125; 17.076171875
2026-07-03; 16:13:53; 1262; 131; 36.66; 1012.1802734375; 17.1083984375
2026-07-03; 16:14:53; 1150; 114; 36.63; 1012.2159375; 16.9794921875
2026-07-03; 16:15:53; 1095; 105; 36.71; 1012.188046875; 16.912109375
2026-07-03; 16:16:53; 1065; 101; 36.74; 1012.2153515625; 16.85546875
2026-07-03; 16:17:53; 1053; 99; 36.73; 1012.1919140625; 16.8662109375
2026-07-03; 16:18:53; 1163; 116; 36.73; 1012.1167578125; 16.9716796875
2026-07-03; 16:19:53; 1163; 116; 36.74; 1012.1523828125; 16.90234375
2026-07-03; 16:20:53; 1316; 139; 36.73; 1012.136640625; 17.029296875
2026-07-03; 16:21:53; 1352; 145; 36.74; 1012.049609375; 16.9833984375
2026-07-03; 16:22:53; 1334; 142; 36.76; 1012.1363671875; 17.0078125
2026-07-03; 16:23:53; 1316; 139; 36.74; 1012.1048828125; 17.0068359375
2026-07-03; 16:24:53; 1316; 139; 36.73; 1012.1090234375; 17.029296875
2026-07-03; 16:25:53; 1248; 129; 36.75; 1012.112890625; 16.92578125
2026-07-03; 16:26:53; 1207; 122; 36.72; 1012.1208984375; 16.982421875
2026-07-03; 16:27:53; 1248; 129; 36.72; 1012.1009765625; 16.994140625
2026-07-03; 16:28:53; 1235; 127; 36.75; 1012.085234375; 16.94921875
2026-07-03; 16:29:53; 1277; 133; 36.72; 1012.065625; 16.982421875
2026-07-03; 16:30:53; 1316; 139; 36.73; 1012.1090234375; 16.994140625
2026-07-03; 16:31:53; 1295; 136; 36.69; 1012.0261328125; 16.9697265625
2026-07-03; 16:32:53; 1295; 136; 36.71; 1012.085234375; 17.0400390625
2026-07-03; 16:33:53; 1316; 139; 36.73; 1012.0338671875; 17.029296875
2026-07-03; 16:34:53; 1316; 139; 36.76; 1012.025859375; 17.0419921875
2026-07-03; 16:35:53; 1277; 133; 36.76; 1011.998203125; 16.97265625
2026-07-03; 16:36:53; 1277; 133; 36.78; 1012.0020703125; 16.9619140625
2026-07-03; 16:37:53; 1295; 136; 36.75; 1011.9824609375; 16.94921875
2026-07-03; 16:38:53; 1235; 127; 36.73; 1011.9708984375; 16.994140625
2026-07-03; 16:39:53; 1316; 139; 36.73; 1011.9708984375; 17.017578125
2026-07-03; 16:40:53; 1295; 136; 36.74; 1011.9590234375; 16.9951171875
2026-07-03; 16:41:53; 1207; 122; 36.73; 1011.9708984375; 16.982421875
2026-07-03; 16:42:53; 1235; 127; 36.73; 1011.9509765625; 16.9248046875
2026-07-03; 16:43:53; 1235; 127; 36.71; 1011.96703125; 17.0400390625
2026-07-03; 16:44:53; 1334; 142; 36.71; 1011.9394140625; 17.0634765625
2026-07-03; 16:45:53; 1334; 142; 36.69; 1011.9432421875; 17.05078125
2026-07-03; 16:46:53; 1277; 133; 36.73; 1011.8603515625; 17.005859375
2026-07-03; 16:47:53; 1385; 150; 36.74; 1011.820859375; 17.064453125
2026-07-03; 16:48:54; 1385; 150; 36.72; 1011.81703125; 17.0869140625
2026-07-03; 16:49:54; 1352; 145; 36.69; 1011.8051171875; 17.05078125
2026-07-03; 16:50:54; 1352; 145; 36.69; 1011.749921875; 17.0859375
2026-07-03; 16:51:54; 1334; 142; 36.72; 1011.7418359375; 17.029296875
2026-07-03; 16:52:54; 1367; 147; 36.71; 1011.7183984375; 16.935546875
2026-07-03; 16:53:54; 1295; 136; 36.68; 1011.71453125; 16.9228515625
2026-07-03; 16:54:54; 1316; 139; 36.71; 1011.7261328125; 17.0048828125
2026-07-03; 16:55:54; 1367; 147; 36.68; 1011.769765625; 17.05078125
2026-07-03; 16:56:54; 1367; 147; 36.7; 1011.757890625; 17.12109375
2026-07-03; 16:57:54; 1352; 145; 36.7; 1011.785546875; 17.109375
2026-07-03; 16:58:54; 1367; 147; 36.69; 1011.749921875; 17.07421875
2026-07-03; 16:59:54; 1316; 139; 36.67; 1011.7184375; 17.0615234375
2026-07-03; 17:00:54; 1334; 142; 36.73; 1011.7498828125; 17.0517578125
2026-07-03; 17:01:54; 1277; 133; 36.64; 1011.623984375; 17.0380859375
2026-07-03; 17:02:54; 1316; 139; 36.67; 1011.746015625; 17.0849609375
2026-07-03; 17:03:54; 1334; 142; 36.67; 1011.7264453125; 17.1318359375
2026-07-03; 17:04:54; 1248; 129; 36.67; 1011.69078125; 17.1083984375
2026-07-03; 17:05:54; 1235; 127; 36.64; 1011.7068359375; 17.130859375
2026-07-03; 17:06:54; 1277; 133; 36.68; 1011.71453125; 17.0966796875
2026-07-03; 17:07:54; 1316; 139; 36.67; 1011.7264453125; 17.05078125
2026-07-03; 17:08:54; 1352; 145; 36.64; 1011.7620703125; 17.119140625
2026-07-03; 17:09:54; 1334; 142; 36.66; 1011.6750390625; 17.142578125
2026-07-03; 17:10:54; 1352; 145; 36.66; 1011.70265625; 17.107421875
2026-07-03; 17:11:54; 1334; 142; 36.68; 1011.7065234375; 17.1435546875
2026-07-03; 17:12:54; 1352; 145; 36.66; 1011.683046875; 17.166015625
2026-07-03; 17:13:54; 1334; 142; 36.63; 1011.69109375; 17.2109375
2026-07-03; 17:14:54; 1334; 142; 36.63; 1011.6278515625; 17.1650390625
2026-07-03; 17:15:54; 1352; 145; 36.63; 1011.65546875; 17.17578125
2026-07-03; 17:16:54; 1404; 152; 36.62; 1011.6120703125; 17.234375
2026-07-03; 17:17:54; 1385; 150; 36.63; 1011.65546875; 17.22265625
2026-07-03; 17:18:54; 1429; 156; 36.63; 1011.5449609375; 17.2578125
2026-07-03; 17:19:54; 1404; 152; 36.61; 1011.623984375; 17.2451171875
2026-07-03; 17:20:54; 1367; 147; 36.61; 1011.5767578125; 17.2802734375
2026-07-03; 17:21:54; 1352; 145; 36.61; 1011.521484375; 17.2451171875
2026-07-03; 17:22:54; 1295; 136; 36.62; 1011.5096484375; 17.1650390625
2026-07-03; 17:23:54; 1235; 127; 36.59; 1011.48203125; 17.1396484375
2026-07-03; 17:24:54; 1195; 121; 36.58; 1011.5571484375; 17.09375
2026-07-03; 17:25:54; 1207; 122; 36.63; 1011.4897265625; 17.24609375
2026-07-03; 17:26:54; 1150; 114; 36.62; 1011.52921875; 17.19921875
2026-07-03; 17:27:54; 1181; 118; 36.63; 1011.4701171875; 17.22265625
2026-07-03; 17:28:54; 1235; 127; 36.62; 1011.52921875; 17.2568359375
2026-07-03; 17:29:54; 1277; 133; 36.63; 1011.51734375; 17.2109375
2026-07-03; 17:30:54; 1316; 139; 36.61; 1011.4938671875; 17.2216796875
2026-07-03; 17:31:54; 1181; 118; 36.58; 1011.474296875; 17.1748046875
2026-07-03; 17:32:55; 1163; 116; 36.58; 1011.5215234375; 17.1865234375
2026-07-03; 17:33:55; 1107; 107; 36.55; 1011.537578125; 17.2314453125
2026-07-03; 17:34:55; 1150; 114; 36.56; 1011.5256640625; 17.2548828125
2026-07-03; 17:35:55; 1181; 118; 36.56; 1011.4903125; 17.2666015625
2026-07-03; 17:36:55; 1235; 127; 36.58; 1011.49390625; 17.279296875
2026-07-03; 17:37:55; 1235; 127; 36.59; 1011.4071484375; 17.255859375
2026-07-03; 17:38:55; 1262; 131; 36.59; 1011.434765625; 17.279296875
2026-07-03; 17:39:55; 1262; 131; 36.58; 1011.46625; 17.255859375
2026-07-03; 17:40:55; 1248; 129; 36.65; 1011.4935546875; 17.2578125
2026-07-03; 17:41:55; 1262; 131; 36.63; 1011.51734375; 17.26953125
2026-07-03; 17:42:55; 1334; 142; 36.62; 1011.473984375; 17.3037109375
2026-07-03; 17:43:55; 1352; 145; 36.6; 1011.4781640625; 17.337890625
2026-07-03; 17:44:55; 1385; 150; 36.6; 1011.450546875; 17.291015625
2026-07-03; 17:45:55; 1404; 152; 36.6; 1011.33203125; 17.337890625
2026-07-03; 17:46:55; 1445; 159; 36.59; 1011.37953125; 17.3251953125
2026-07-03; 17:47:55; 1445; 159; 36.58; 1011.3362109375; 17.3837890625
2026-07-03; 17:48:55; 1385; 150; 36.54; 1011.3561328125; 17.3583984375
2026-07-03; 17:49:55; 1352; 145; 36.55; 1011.336484375; 17.3701171875
2026-07-03; 17:50:55; 1385; 150; 36.57; 1011.348046875; 17.359375
2026-07-03; 17:51:55; 1367; 147; 36.59; 1011.2966796875; 17.3603515625
2026-07-03; 17:52:55; 1316; 139; 36.59; 1011.3162890625; 17.3720703125
2026-07-03; 17:53:55; 1316; 139; 36.59; 1011.3519140625; 17.3837890625
2026-07-03; 17:54:55; 1163; 116; 36.59; 1011.213828125; 17.314453125
2026-07-03; 17:55:55; 1150; 114; 36.59; 1011.37953125; 17.3486328125
2026-07-03; 17:56:55; 1125; 110; 36.62; 1011.2886328125; 17.1875
2026-07-03; 17:57:55; 1041; 97; 36.59; 1011.324296875; 17.267578125
2026-07-03; 17:58:55; 1029; 95; 36.6; 1011.2848046875; 17.302734375
2026-07-03; 17:59:55; 1041; 97; 36.55; 1011.3088671875; 17.32421875
2026-07-03; 18:00:55; 1095; 105; 36.53; 1011.2851171875; 17.3701171875
2026-07-03; 18:01:55; 1065; 101; 36.52; 1011.3246484375; 17.392578125
2026-07-03; 18:02:55; 1095; 105; 36.53; 1011.2851171875; 17.404296875
2026-07-03; 18:03:55; 1150; 114; 36.52; 1011.2694140625; 17.404296875
2026-07-03; 18:04:55; 1163; 116; 36.52; 1011.2498046875; 17.404296875
2026-07-03; 18:05:55; 1181; 118; 36.53; 1011.2575; 17.404296875
2026-07-03; 18:06:55; 1181; 118; 36.52; 1011.2221875; 17.427734375
2026-07-03; 18:07:55; 1107; 107; 36.5; 1011.190703125; 17.3916015625
2026-07-03; 18:08:55; 1150; 114; 36.51; 1011.2616796875; 17.404296875
2026-07-03; 18:09:55; 1163; 116; 36.54; 1011.245625; 17.451171875
2026-07-03; 18:10:55; 1163; 116; 36.53; 1011.2103125; 17.404296875
2026-07-03; 18:11:55; 1207; 122; 36.55; 1011.2613671875; 17.4287109375
2026-07-03; 18:12:55; 1181; 118; 36.57; 1011.1823828125; 17.41796875
2026-07-03; 18:13:55; 1195; 121; 36.57; 1011.1743359375; 17.4404296875
2026-07-03; 18:14:56; 1163; 116; 36.56; 1011.0760546875; 17.4287109375
2026-07-03; 18:15:56; 1248; 129; 36.55; 1011.178515625; 17.4287109375
2026-07-03; 18:16:56; 1235; 127; 36.55; 1011.17078125; 17.462890625
2026-07-03; 18:17:56; 1295; 136; 36.55; 1011.2061328125; 17.474609375
2026-07-03; 18:18:56; 1248; 129; 36.53; 1011.119453125; 17.416015625
2026-07-03; 18:19:56; 1195; 121; 36.51; 1011.2064453125; 17.4501953125
2026-07-03; 18:20:56; 1262; 131; 36.55; 1011.0956640625; 17.474609375
2026-07-03; 18:21:56; 1316; 139; 36.57; 1011.1743359375; 17.4638671875
2026-07-03; 18:22:56; 1235; 127; 36.56; 1011.166640625; 17.4755859375
2026-07-03; 18:23:56; 1181; 118; 36.58; 1011.1980859375; 17.453125
2026-07-03; 18:24:56; 1195; 121; 36.55; 1011.2536328125; 17.474609375
2026-07-03; 18:25:56; 1163; 116; 36.53; 1011.2298828125; 17.451171875
2026-07-03; 18:26:56; 1150; 114; 36.54; 1011.2180078125; 17.439453125
2026-07-03; 18:27:56; 1181; 118; 36.58; 1011.190078125; 17.4296875
2026-07-03; 18:28:56; 1207; 122; 36.55; 1011.1508984375; 17.5791015625
2026-07-03; 18:29:56; 1150; 114; 36.53; 1011.202265625; 17.4970703125
2026-07-03; 18:30:56; 1181; 118; 36.53; 1011.2298828125; 17.4970703125
2026-07-03; 18:31:56; 1248; 129; 36.51; 1011.1155859375; 17.5078125
2026-07-03; 18:32:56; 1163; 116; 36.5; 1011.1826953125; 17.5078125
2026-07-03; 18:33:56; 1195; 121; 36.5; 1011.1274609375; 17.51953125
2026-07-03; 18:34:56; 1235; 127; 36.51; 1011.17078125; 17.54296875
2026-07-03; 18:35:56; 1248; 129; 36.5; 1011.0722265625; 17.5419921875
2026-07-03; 18:36:56; 1195; 121; 36.5; 1011.09984375; 17.53125
2026-07-03; 18:37:56; 1137; 112; 36.5; 1011.155078125; 17.51953125
2026-07-03; 18:38:56; 1053; 99; 36.5; 1011.1630859375; 17.51953125
2026-07-03; 18:39:56; 1083; 104; 36.49; 1011.166953125; 17.5419921875
2026-07-03; 18:40:56; 1137; 112; 36.49; 1011.1473828125; 17.5419921875
2026-07-03; 18:41:56; 1181; 118; 36.49; 1011.1393359375; 17.5771484375
2026-07-03; 18:42:56; 1235; 127; 36.5; 1011.1826953125; 17.5419921875
2026-07-03; 18:43:56; 1181; 118; 36.48; 1011.15125; 17.5537109375
2026-07-03; 18:44:56; 1083; 104; 36.44; 1011.15125; 17.5517578125
2026-07-03; 18:45:56; 1095; 105; 36.42; 1011.119765625; 17.59765625
2026-07-03; 18:46:56; 995; 90; 36.4; 1011.19875; 17.5966796875
2026-07-03; 18:47:56; 1041; 97; 36.41; 1011.131640625; 17.6318359375
2026-07-03; 18:48:56; 1083; 104; 36.39; 1011.1079296875; 17.654296875
2026-07-03; 18:49:56; 1137; 112; 36.38; 1011.06453125; 17.642578125
2026-07-03; 18:50:56; 1107; 107; 36.39; 1011.044921875; 17.654296875
2026-07-03; 18:51:56; 1125; 110; 36.39; 1011.0803125; 17.642578125
2026-07-03; 18:52:56; 1065; 101; 36.39; 1011.0803125; 17.642578125
2026-07-03; 18:53:56; 1150; 114; 36.43; 1011.0998828125; 17.6328125
2026-07-03; 18:54:56; 1181; 118; 36.42; 1011.1117578125; 17.6552734375
2026-07-03; 18:55:56; 1248; 129; 36.45; 1011.131328125; 17.6328125
2026-07-03; 18:56:56; 1248; 129; 36.44; 1011.060390625; 17.6328125
2026-07-03; 18:57:57; 1163; 116; 36.44; 1011.0880078125; 17.62109375
2026-07-03; 18:58:57; 1095; 105; 36.44; 1011.096015625; 17.6328125
2026-07-03; 18:59:57; 1095; 105; 36.44; 1011.1432421875; 17.64453125
2026-07-03; 19:00:57; 1163; 116; 36.45; 1011.084140625; 17.65625
2026-07-03; 19:01:57; 1163; 116; 36.44; 1011.1236328125; 17.6328125
2026-07-03; 19:02:57; 1163; 116; 36.44; 1011.15125; 17.64453125
2026-07-03; 19:03:57; 1150; 114; 36.45; 1011.166953125; 17.6337890625
2026-07-03; 19:04:57; 1150; 114; 36.45; 1011.1117578125; 17.64453125
2026-07-03; 19:05:57; 1195; 121; 36.49; 1011.06453125; 17.646484375
2026-07-03; 19:06:57; 1137; 112; 36.48; 1011.15921875; 17.623046875
2026-07-03; 19:07:57; 1083; 104; 36.46; 1011.1194921875; 17.6572265625
2026-07-03; 19:08:57; 1041; 97; 36.47; 1011.143515625; 17.6572265625
2026-07-03; 19:09:57; 995; 90; 36.48; 1011.15125; 17.658203125
2026-07-03; 19:10:57; 995; 90; 36.45; 1011.1589453125; 17.66796875
2026-07-03; 19:11:57; 1065; 101; 36.45; 1011.2498046875; 17.6796875
2026-07-03; 19:12:57; 1107; 107; 36.45; 1011.166953125; 17.65625
2026-07-03; 19:13:57; 1065; 101; 36.46; 1011.1747265625; 17.6806640625
2026-07-03; 19:14:57; 1125; 110; 36.46; 1011.1194921875; 17.69140625
2026-07-03; 19:15:57; 1163; 116; 36.46; 1011.147109375; 17.6806640625
2026-07-03; 19:16:57; 1107; 107; 36.46; 1011.1747265625; 17.69140625
2026-07-03; 19:17:57; 1150; 114; 36.47; 1011.1158984375; 17.6455078125
2026-07-03; 19:18:57; 1107; 107; 36.45; 1011.139375; 17.65625
2026-07-03; 19:19:57; 1107; 107; 36.46; 1011.1194921875; 17.69140625
2026-07-03; 19:20:57; 1137; 112; 36.46; 1011.1274609375; 17.6806640625
2026-07-03; 19:21:57; 1125; 110; 36.45; 1011.1945703125; 17.703125
2026-07-03; 19:22:57; 1150; 114; 36.42; 1011.139375; 17.748046875
2026-07-03; 19:23:57; 1150; 114; 36.46; 1011.147109375; 17.71484375
2026-07-03; 19:24:57; 1107; 107; 36.45; 1011.1945703125; 17.703125
2026-07-03; 19:25:57; 1053; 99; 36.5; 1011.155078125; 17.634765625
2026-07-03; 19:26:57; 983; 88; 36.46; 1011.2103125; 17.6689453125
2026-07-03; 19:27:57; 995; 90; 36.46; 1011.147109375; 17.69140625
2026-07-03; 19:28:57; 1107; 107; 36.54; 1011.190390625; 17.625
2026-07-03; 19:29:57; 1150; 114; 36.52; 1011.2221875; 17.6474609375
2026-07-03; 19:30:57; 1107; 107; 36.49; 1011.230234375; 17.681640625
2026-07-03; 19:31:57; 1125; 110; 36.5; 1011.2103125; 17.681640625
2026-07-03; 19:32:57; 1053; 99; 36.48; 1011.26171875; 17.7041015625
2026-07-03; 19:33:57; 1007; 92; 36.48; 1011.1868359375; 17.5771484375
2026-07-03; 19:34:57; 995; 90; 36.46; 1011.2379296875; 17.6923828125
2026-07-03; 19:35:57; 967; 86; 36.43; 1011.2735546875; 17.7255859375
2026-07-03; 19:36:57; 995; 90; 36.44; 1011.2260546875; 17.7255859375
2026-07-03; 19:37:57; 1029; 95; 36.42; 1011.1945703125; 17.7255859375
2026-07-03; 19:38:57; 1041; 97; 36.43; 1011.2103515625; 17.7255859375
2026-07-03; 19:39:57; 995; 90; 36.42; 1011.2026171875; 17.748046875
2026-07-03; 19:40:58; 1029; 95; 36.43; 1011.190703125; 17.759765625
2026-07-03; 19:41:58; 1041; 97; 36.41; 1011.2144921875; 17.748046875
2026-07-03; 19:42:58; 1053; 99; 36.42; 1011.2026171875; 17.771484375
2026-07-03; 19:43:58; 1053; 99; 36.41; 1011.242109375; 17.7939453125
2026-07-03; 19:44:58; 1083; 104; 36.42; 1011.230234375; 17.783203125
2026-07-03; 19:45:58; 1053; 99; 36.43; 1011.2183203125; 17.771484375
2026-07-03; 19:46:58; 1041; 97; 36.44; 1011.206484375; 17.7373046875
2026-07-03; 19:47:58; 1007; 92; 36.44; 1011.206484375; 17.7490234375
2026-07-03; 19:48:58; 1007; 92; 36.42; 1011.230234375; 17.783203125
2026-07-03; 19:49:58; 995; 90; 36.39; 1011.2382421875; 17.7587890625
2026-07-03; 19:50:58; 956; 84; 36.41; 1011.2697265625; 17.748046875
2026-07-03; 19:51:58; 933; 81; 36.48; 1011.26171875; 17.6923828125
2026-07-03; 19:52:58; 956; 84; 36.47; 1011.19875; 17.7041015625
2026-07-03; 19:53:58; 975; 87; 36.5; 1011.2103125; 17.646484375
2026-07-03; 19:54:58; 995; 90; 36.51; 1011.1983984375; 17.6591796875
2026-07-03; 19:55:58; 1029; 95; 36.47; 1011.1158984375; 17.71484375
2026-07-03; 19:56:58; 1065; 101; 36.46; 1011.091875; 17.75
2026-07-03; 19:57:58; 1095; 105; 36.42; 1011.166953125; 17.771484375
2026-07-03; 19:58:58; 1107; 107; 36.44; 1011.0880078125; 17.7724609375
2026-07-03; 19:59:58; 1065; 101; 36.47; 1011.1628125; 17.76171875
2026-07-03; 20:00:58; 1065; 101; 36.48; 1011.15125; 17.76171875
2026-07-03; 20:01:58; 1095; 105; 36.43; 1011.1079296875; 17.794921875
2026-07-03; 20:02:58; 1095; 105; 36.43; 1011.1275; 17.806640625
2026-07-03; 20:03:58; 1095; 105; 36.42; 1011.1117578125; 17.806640625
2026-07-03; 20:04:58; 1053; 99; 36.45; 1011.131328125; 17.7841796875
2026-07-03; 20:05:58; 1053; 99; 36.41; 1011.15125; 17.83984375
2026-07-03; 20:06:58; 1041; 97; 36.43; 1011.1551171875; 17.8291015625
2026-07-03; 20:07:58; 1029; 95; 36.37; 1011.1592578125; 17.8505859375
2026-07-03; 20:08:58; 1007; 92; 36.38; 1011.175; 17.8623046875
2026-07-03; 20:09:58; 1029; 95; 36.39; 1011.190703125; 17.83984375
2026-07-03; 20:10:58; 1083; 104; 36.41; 1011.1592578125; 17.875
2026-07-03; 20:11:58; 1065; 101; 36.48; 1011.1788671875; 17.83203125
2026-07-03; 20:12:58; 1041; 97; 36.45; 1011.166953125; 17.8193359375
2026-07-03; 20:13:58; 1065; 101; 36.45; 1011.166953125; 17.830078125
2026-07-03; 20:14:58; 1095; 105; 36.43; 1011.0803125; 17.8525390625
2026-07-03; 20:15:58; 1065; 101; 36.4; 1011.143515625; 17.8515625
2026-07-03; 20:16:58; 1095; 105; 36.43; 1011.1275; 17.8408203125
2026-07-03; 20:17:58; 1053; 99; 36.38; 1011.0921484375; 17.8740234375
2026-07-03; 20:18:58; 1083; 104; 36.42; 1011.166953125; 17.8408203125
2026-07-03; 20:19:58; 1095; 105; 36.4; 1011.19875; 17.921875
2026-07-03; 20:20:58; 1095; 105; 36.41; 1011.206484375; 17.88671875
2026-07-03; 20:21:58; 1041; 97; 36.38; 1011.1473828125; 17.8974609375
2026-07-03; 20:22:58; 1083; 104; 36.41; 1011.2144921875; 17.91015625
2026-07-03; 20:23:59; 1083; 104; 36.39; 1011.163125; 17.8974609375
2026-07-03; 20:24:59; 1065; 101; 36.37; 1011.2144921875; 17.955078125
2026-07-03; 20:25:59; 1053; 99; 36.4; 1011.1711328125; 17.8984375
2026-07-03; 20:26:59; 983; 88; 36.38; 1011.2026171875; 17.9091796875
2026-07-03; 20:27:59; 975; 87; 36.37; 1011.2420703125; 17.931640625
2026-07-03; 20:28:59; 956; 84; 36.36; 1011.2462109375; 17.9423828125
2026-07-03; 20:29:59; 975; 87; 36.35; 1011.2305078125; 17.9541015625
2026-07-03; 20:30:59; 995; 90; 36.35; 1011.14765625; 17.9658203125
2026-07-03; 20:31:59; 1041; 97; 36.26; 1011.2625; 18.0322265625
2026-07-03; 20:32:59; 1041; 97; 36.29; 1011.199296875; 18.0556640625
2026-07-03; 20:33:59; 1041; 97; 36.34; 1011.1871484375; 18.0234375
2026-07-03; 20:34:59; 1083; 104; 36.23; 1011.2429296875; 18.1005859375
2026-07-03; 20:35:59; 1041; 97; 36.34; 1011.250078125; 18.0
2026-07-03; 20:36:59; 995; 90; 36.29; 1011.2465234375; 18.0439453125
2026-07-03; 20:37:59; 995; 90; 36.28; 1011.3412109375; 18.0439453125
2026-07-03; 20:38:59; 956; 84; 36.28; 1011.293984375; 18.0439453125
2026-07-03; 20:39:59; 983; 88; 36.23; 1011.305859375; 18.0771484375
2026-07-03; 20:40:59; 975; 87; 36.23; 1011.298125; 18.0419921875
2026-07-03; 20:41:59; 967; 86; 36.17; 1011.2312890625; 18.12109375
2026-07-03; 20:42:59; 956; 84; 36.17; 1011.3769921875; 18.1328125
2026-07-03; 20:43:59; 975; 87; 36.13; 1011.2787109375; 18.1767578125
2026-07-03; 20:44:59; 995; 90; 36.15; 1011.2549609375; 18.177734375
2026-07-03; 20:45:59; 1007; 92; 36.1; 1011.3219921875; 18.2216796875
2026-07-03; 20:46:59; 1029; 95; 36.09; 1011.3338671875; 18.2216796875
2026-07-03; 20:47:59; 1041; 97; 36.06; 1011.3222265625; 18.255859375
2026-07-03; 20:48:59; 995; 90; 36.13; 1011.3062890625; 18.2001953125
2026-07-03; 20:49:59; 983; 88; 36.14; 1011.3021875; 18.142578125
2026-07-03; 20:50:59; 975; 87; 36.07; 1011.33796875; 18.1630859375
2026-07-03; 20:51:59; 945; 83; 36.05; 1011.3340625; 18.2548828125
2026-07-03; 20:52:59; 956; 84; 36.09; 1011.3970703125; 18.2109375
2026-07-03; 20:53:59; 933; 81; 36.14; 1011.3021875; 18.142578125
2026-07-03; 20:54:59; 933; 81; 36.13; 1011.36921875; 18.142578125
2026-07-03; 20:55:59; 945; 83; 36.06; 1011.34984375; 18.232421875
2026-07-03; 20:56:59; 933; 81; 36.09; 1011.3890625; 18.1875
2026-07-03; 20:57:59; 933; 81; 36.09; 1011.2866796875; 18.2216796875
2026-07-03; 20:58:59; 945; 83; 36.0; 1011.330390625; 18.2998046875
2026-07-03; 20:59:59; 945; 83; 36.01; 1011.381484375; 18.3115234375
2026-07-03; 21:00:59; 945; 83; 36.0; 1011.3855859375; 18.322265625
2026-07-03; 21:01:59; 983; 88; 35.92; 1011.377421875; 18.365234375
2026-07-03; 21:02:59; 967; 86; 35.97; 1011.3932421875; 18.35546875
2026-07-03; 21:03:59; 975; 87; 35.93; 1011.4012109375; 18.3896484375
2026-07-03; 21:04:59; 995; 90; 35.89; 1011.302578125; 18.45703125
2026-07-03; 21:05:59; 975; 87; 35.92; 1011.377421875; 18.423828125
2026-07-03; 21:07:00; 975; 87; 35.92; 1011.4050390625; 18.435546875
2026-07-03; 21:08:00; 975; 87; 35.89; 1011.468125; 18.4453125
2026-07-03; 21:09:00; 983; 88; 35.86; 1011.42890625; 18.4912109375
2026-07-03; 21:10:00; 983; 88; 35.87; 1011.3814453125; 18.4443359375
2026-07-03; 21:11:00; 983; 88; 35.84; 1011.4445703125; 18.5244140625
2026-07-03; 21:12:00; 967; 86; 35.85; 1011.40515625; 18.5126953125
2026-07-03; 21:13:00; 945; 83; 35.84; 1011.416953125; 18.5126953125
2026-07-03; 21:14:00; 967; 86; 35.8; 1011.3895703125; 18.5810546875
2026-07-03; 21:15:00; 956; 84; 35.83; 1011.4644140625; 18.55859375
2026-07-03; 21:16:00; 956; 84; 35.84; 1011.452578125; 18.5478515625
2026-07-03; 21:17:00; 956; 84; 35.8; 1011.499921875; 18.591796875
2026-07-03; 21:18:00; 945; 83; 35.82; 1011.503828125; 18.5703125
2026-07-03; 21:19:00; 956; 84; 35.75; 1011.511953125; 18.63671875
2026-07-03; 21:20:00; 956; 84; 35.77; 1011.48796875; 18.580078125
2026-07-03; 21:21:00; 945; 83; 35.81; 1011.4880859375; 18.5927734375
2026-07-03; 21:22:00; 956; 84; 35.82; 1011.5590234375; 18.59375
2026-07-03; 21:23:00; 956; 84; 35.8; 1011.5628125; 18.6162109375
2026-07-03; 21:24:00; 956; 84; 35.77; 1011.6258984375; 18.6611328125
2026-07-03; 21:25:00; 956; 84; 35.76; 1011.5276953125; 18.6376953125
2026-07-03; 21:26:00; 933; 81; 35.78; 1011.6140625; 18.626953125
2026-07-03; 21:27:00; 956; 84; 35.75; 1011.5946875; 18.6484375
2026-07-03; 21:28:00; 956; 84; 35.77; 1011.570703125; 18.6611328125
2026-07-03; 21:29:00; 956; 84; 35.75; 1011.677421875; 18.63671875
2026-07-03; 21:30:00; 945; 83; 35.73; 1011.5907421875; 18.693359375
2026-07-03; 21:31:00; 945; 83; 35.75; 1011.5946875; 18.6943359375
2026-07-03; 21:32:00; 945; 83; 35.73; 1011.637890625; 18.716796875
2026-07-03; 21:33:00; 920; 79; 35.73; 1011.66546875; 18.705078125
2026-07-03; 21:34:00; 920; 79; 35.72; 1011.6853125; 18.728515625
2026-07-03; 21:35:00; 920; 79; 35.73; 1011.693046875; 18.693359375
2026-07-03; 21:36:00; 889; 74; 35.74; 1011.73640625; 18.8095703125
2026-07-03; 21:37:00; 909; 77; 35.7; 1011.7285546875; 18.7275390625
2026-07-03; 21:38:00; 900; 76; 35.7; 1011.673359375; 18.76171875
2026-07-03; 21:39:00; 889; 74; 35.74; 1011.7444140625; 18.7177734375
2026-07-03; 21:40:00; 900; 76; 35.73; 1011.7838671875; 18.751953125
2026-07-03; 21:41:00; 889; 74; 35.74; 1011.7915625; 18.751953125
2026-07-03; 21:42:00; 889; 74; 35.71; 1011.8074609375; 18.796875
2026-07-03; 21:43:00; 909; 77; 35.65; 1011.7956640625; 18.8408203125
2026-07-03; 21:44:00; 900; 76; 35.68; 1011.779765625; 18.8193359375
2026-07-03; 21:45:00; 909; 77; 35.66; 1011.81140625; 18.8759765625
2026-07-03; 21:46:00; 920; 79; 35.67; 1011.8467578125; 18.8759765625
2026-07-03; 21:47:00; 920; 79; 35.63; 1011.854609375; 18.8515625
2026-07-03; 21:48:00; 920; 79; 35.62; 1011.8587109375; 18.9091796875
2026-07-03; 21:49:00; 900; 76; 35.6; 1011.854765625; 18.919921875
2026-07-03; 21:50:01; 900; 76; 35.6; 1011.854765625; 18.9541015625
2026-07-03; 21:51:01; 900; 76; 35.64; 1011.9178125; 18.86328125
2026-07-03; 21:52:01; 909; 77; 35.63; 1011.9098046875; 18.8984375
2026-07-03; 21:53:01; 920; 79; 35.66; 1011.9493359375; 18.8876953125
2026-07-03; 21:54:01; 909; 77; 35.62; 1011.8940234375; 18.8974609375
2026-07-03; 21:55:01; 900; 76; 35.64; 1011.953125; 18.8984375
2026-07-03; 21:56:01; 889; 74; 35.67; 1011.9846484375; 18.8994140625
2026-07-03; 21:57:01; 900; 76; 35.65; 1011.9964453125; 18.921875
2026-07-03; 21:58:01; 877; 72; 35.65; 1012.0438671875; 18.921875
2026-07-03; 21:59:01; 877; 72; 35.62; 1012.0043359375; 18.9560546875
2026-07-03; 22:00:01; 889; 74; 35.68; 1012.083125; 18.9228515625
2026-07-03; 22:01:01; 877; 72; 35.58; 1011.988671875; 18.9765625
2026-07-03; 22:02:01; 889; 74; 35.61; 1012.0635546875; 19.001953125
2026-07-03; 22:03:01; 889; 74; 35.62; 1012.0793359375; 18.966796875
2026-07-03; 22:04:01; 900; 76; 35.53; 1012.16578125; 19.021484375
2026-07-03; 22:05:01; 900; 76; 35.56; 1012.1579296875; 19.0341796875
2026-07-03; 22:06:01; 900; 76; 35.6; 1012.130546875; 19.0126953125
2026-07-03; 22:07:01; 889; 74; 35.55; 1012.1895703125; 19.033203125
2026-07-03; 22:08:01; 868; 71; 35.54; 1012.2013671875; 19.056640625
2026-07-03; 22:09:01; 868; 71; 35.55; 1012.1895703125; 19.021484375
2026-07-03; 22:10:01; 840; 67; 35.57; 1012.193515625; 19.0576171875
2026-07-03; 22:11:01; 840; 67; 35.53; 1012.213203125; 19.1015625
2026-07-03; 22:12:01; 832; 65; 35.53; 1012.24078125; 19.08984375
2026-07-03; 22:13:01; 821; 64; 35.54; 1012.2565234375; 19.1376953125
2026-07-03; 22:14:01; 840; 67; 35.55; 1012.2171484375; 19.0791015625
2026-07-03; 22:15:01; 832; 65; 35.53; 1012.24078125; 19.11328125
2026-07-03; 22:16:01; 821; 64; 35.54; 1012.2841015625; 19.1025390625
2026-07-03; 22:17:01; 817; 63; 35.48; 1012.260390625; 19.169921875
2026-07-03; 22:18:01; 804; 61; 35.56; 1012.3156640625; 19.103515625
2026-07-03; 22:19:01; 817; 63; 35.56; 1012.232890625; 19.115234375
2026-07-03; 22:20:01; 821; 64; 35.57; 1012.2840234375; 19.126953125
2026-07-03; 22:21:01; 821; 64; 35.53; 1012.3234765625; 19.1484375
2026-07-03; 22:22:01; 821; 64; 35.49; 1012.3588671875; 19.193359375
2026-07-03; 22:23:01; 832; 65; 35.56; 1012.3708203125; 19.1728515625
2026-07-03; 22:24:01; 821; 64; 35.53; 1012.3786328125; 19.2060546875
2026-07-03; 22:25:01; 832; 65; 35.5; 1012.4298046875; 19.181640625
2026-07-03; 22:26:01; 821; 64; 35.48; 1012.4809765625; 19.2275390625
2026-07-03; 22:27:01; 817; 63; 35.5; 1012.449609375; 19.205078125
2026-07-03; 22:28:01; 821; 64; 35.47; 1012.4376171875; 19.25
2026-07-03; 22:29:01; 821; 64; 35.47; 1012.3825; 19.2265625
2026-07-03; 22:30:01; 785; 58; 35.46; 1012.36640625; 19.2724609375
2026-07-03; 22:31:01; 817; 63; 35.41; 1012.3426953125; 19.31640625
2026-07-03; 22:32:02; 804; 61; 35.42; 1012.41359375; 19.3056640625
2026-07-03; 22:33:02; 795; 60; 35.45; 1012.3705078125; 19.283203125
2026-07-03; 22:34:02; 804; 61; 35.38; 1012.433203125; 19.3623046875
2026-07-03; 22:35:02; 795; 60; 35.46; 1012.38625; 19.2841796875
2026-07-03; 22:36:02; 785; 58; 35.43; 1012.401796875; 19.3291015625
2026-07-03; 22:37:02; 768; 56; 35.44; 1012.417578125; 19.341796875
2026-07-03; 22:38:02; 759; 54; 35.47; 1012.40234375; 19.2734375
2026-07-03; 22:39:02; 759; 54; 35.47; 1012.3825; 19.2734375
2026-07-03; 22:40:02; 768; 56; 35.46; 1012.413828125; 19.2958984375
2026-07-03; 22:41:02; 742; 52; 35.44; 1012.40984375; 19.3642578125
2026-07-03; 22:42:02; 742; 52; 35.43; 1012.429375; 19.3291015625
2026-07-03; 22:43:02; 742; 52; 35.46; 1012.413828125; 19.341796875
2026-07-03; 22:44:02; 742; 52; 35.35; 1012.46859375; 19.44140625
2026-07-03; 22:45:02; 742; 52; 35.39; 1012.49640625; 19.431640625
2026-07-03; 22:46:02; 742; 52; 35.39; 1012.42140625; 19.431640625
2026-07-03; 22:47:02; 732; 50; 35.48; 1012.5085546875; 19.3310546875
2026-07-03; 22:48:02; 742; 52; 35.44; 1012.492578125; 19.3642578125
2026-07-03; 22:49:02; 726; 49; 35.46; 1012.524140625; 19.376953125
2026-07-03; 22:50:02; 714; 47; 35.36; 1012.4843359375; 19.46484375
2026-07-03; 22:51:02; 697; 45; 35.43; 1012.48453125; 19.41015625
2026-07-03; 22:52:02; 714; 47; 35.39; 1012.49640625; 19.4423828125
2026-07-03; 22:53:02; 714; 47; 35.38; 1012.5081640625; 19.4658203125
2026-07-03; 22:54:02; 706; 46; 35.34; 1012.4528125; 19.4755859375
2026-07-03; 22:55:02; 706; 46; 35.3; 1012.5275; 19.5205078125
2026-07-03; 22:56:02; 706; 46; 35.35; 1012.4490625; 19.4990234375
2026-07-03; 22:57:02; 706; 46; 35.33; 1012.5473046875; 19.533203125
2026-07-03; 22:58:02; 690; 44; 35.4; 1012.4647265625; 19.455078125
2026-07-03; 22:59:02; 674; 41; 35.42; 1012.5790234375; 19.43359375
2026-07-03; 23:00:02; 657; 39; 35.39; 1012.5515234375; 19.4892578125
2026-07-03; 23:01:02; 666; 40; 35.3; 1012.555078125; 19.578125
2026-07-03; 23:02:02; 674; 41; 35.41; 1012.500390625; 19.455078125
2026-07-03; 23:03:02; 682; 42; 35.34; 1012.480390625; 19.544921875
2026-07-03; 23:04:02; 674; 41; 35.38; 1012.5158984375; 19.5234375
2026-07-03; 23:05:02; 674; 41; 35.35; 1012.578828125; 19.5458984375
2026-07-03; 23:06:02; 674; 41; 35.36; 1012.5475390625; 19.5458984375
2026-07-03; 23:07:02; 674; 41; 35.39; 1012.53171875; 19.5126953125
2026-07-03; 23:08:02; 682; 42; 35.31; 1012.4605859375; 19.6015625
2026-07-03; 23:09:02; 674; 41; 35.3; 1012.499921875; 19.6240234375
2026-07-03; 23:10:02; 674; 41; 35.23; 1012.55515625; 19.6904296875
2026-07-03; 23:11:02; 674; 41; 35.34; 1012.5435546875; 19.580078125
2026-07-03; 23:12:02; 666; 40; 35.32; 1012.4568359375; 19.625
2026-07-03; 23:13:02; 666; 40; 35.29; 1012.54734375; 19.6357421875
2026-07-03; 23:14:02; 674; 41; 35.15; 1012.554921875; 19.779296875
2026-07-03; 23:15:03; 666; 40; 35.24; 1012.4959765625; 19.6796875
2026-07-03; 23:16:03; 657; 39; 35.19; 1012.5548828125; 19.7470703125
2026-07-03; 23:17:03; 650; 38; 35.27; 1012.5628515625; 19.6923828125
2026-07-03; 23:18:03; 657; 39; 35.16; 1012.5155859375; 19.7802734375
2026-07-03; 23:19:03; 657; 39; 35.24; 1012.598515625; 19.7255859375
2026-07-03; 23:20:03; 657; 39; 35.21; 1012.5118359375; 19.748046875
2026-07-03; 23:21:03; 657; 39; 35.28; 1012.5866796875; 19.669921875
2026-07-03; 23:22:03; 650; 38; 35.26; 1012.5826953125; 19.7265625
2026-07-03; 23:23:03; 666; 40; 35.2; 1012.62578125; 19.76953125
2026-07-03; 23:24:03; 666; 40; 35.24; 1012.5511328125; 19.7373046875
2026-07-03; 23:25:03; 674; 41; 35.2; 1012.5787109375; 19.7587890625
2026-07-03; 23:26:03; 666; 40; 35.18; 1012.539140625; 19.7802734375
2026-07-03; 23:27:03; 666; 40; 35.28; 1012.5866796875; 19.705078125
2026-07-03; 23:28:03; 657; 39; 35.19; 1012.5548828125; 19.8046875
2026-07-03; 23:29:03; 657; 39; 35.21; 1012.59453125; 19.771484375
2026-07-04; 01:55:40; 400; 0; 34.03; 1012.7683984375; 21.990234375
2026-07-04; 01:56:40; 402; 0; 34.15; 1012.79296875; 21.8349609375
2026-07-04; 01:57:40; 402; 0; 34.24; 1012.8996875; 21.8046875
2026-07-04; 01:58:40; 402; 0; 34.16; 1012.863828125; 21.8349609375
2026-07-04; 01:59:41; 402; 0; 34.18; 1012.840390625; 21.84765625
2026-07-04; 02:00:41; 407; 1; 34.11; 1012.92234375; 21.9130859375
2026-07-04; 02:01:41; 407; 1; 34.08; 1012.9221875; 21.96875
2026-07-04; 02:02:41; 402; 0; 34.18; 1012.942421875; 21.84765625
2026-07-04; 02:03:42; 402; 0; 34.15; 1013.0053515625; 21.845703125
2026-07-04; 02:04:42; 402; 0; 34.15; 1012.903046875; 21.880859375
2026-07-04; 02:05:42; 400; 0; 34.21; 1013.0173828125; 21.8134765625
2026-07-04; 02:06:42; 405; 0; 34.2; 1012.9465234375; 21.8251953125
2026-07-04; 02:07:42; 405; 0; 34.43; 1012.9915234375; 21.640625
2026-07-04; 02:08:42; 405; 0; 34.13; 1012.97375; 21.890625
2026-07-04; 02:09:42; 405; 0; 34.27; 1012.9195703125; 21.7705078125
2026-07-04; 02:10:42; 405; 0; 34.31; 1012.9552734375; 21.7158203125
2026-07-04; 02:11:42; 405; 0; 34.26; 1012.97859375; 21.7587890625
2026-07-04; 02:12:42; 405; 0; 34.22; 1012.9505859375; 21.8037109375
2026-07-04; 02:13:42; 405; 0; 34.3; 1013.014296875; 21.7490234375
2026-07-04; 02:14:42; 405; 0; 34.12; 1012.9656640625; 21.9140625
2026-07-04; 02:15:42; 407; 1; 34.31; 1012.9828125; 21.7734375
2026-07-04; 02:16:42; 407; 1; 34.23; 1012.96640625; 21.7919921875
2026-07-04; 02:17:42; 407; 1; 34.33; 1012.9318359375; 21.705078125
2026-07-04; 02:18:42; 414; 2; 34.21; 1012.8522265625; 21.8251953125
2026-07-04; 02:19:42; 414; 2; 34.24; 1012.9271875; 21.8046875
2026-07-04; 02:20:42; 414; 2; 34.17; 1012.9346875; 21.84765625
2026-07-04; 02:21:42; 414; 2; 34.19; 1012.9582421875; 21.8818359375
2026-07-04; 02:22:42; 414; 2; 34.16; 1012.9188671875; 21.892578125
2026-07-04; 02:23:42; 416; 2; 34.26; 1012.923515625; 21.79296875
2026-07-04; 02:24:42; 416; 2; 34.22; 1013.0254296875; 21.826171875
2026-07-04; 02:25:42; 416; 2; 34.21; 1013.0173828125; 21.8251953125
2026-07-04; 02:26:42; 421; 3; 34.27; 1012.9746484375; 21.759765625
2026-07-04; 02:27:42; 421; 3; 34.33; 1013.006640625; 21.7158203125
2026-07-04; 02:28:42; 421; 3; 34.26; 1012.9510546875; 21.8046875
2026-07-04; 02:29:42; 416; 2; 34.27; 1012.9746484375; 21.7939453125
2026-07-04; 02:30:42; 416; 2; 34.19; 1012.9582421875; 21.859375
2026-07-04; 02:31:42; 420; 3; 34.3; 1012.9394921875; 21.7607421875
2026-07-04; 02:32:42; 420; 3; 34.23; 1012.958671875; 21.837890625
2026-07-04; 02:33:42; 424; 3; 34.35; 1012.983203125; 21.728515625
2026-07-04; 02:34:42; 424; 3; 34.24; 1012.9547265625; 21.8388671875
2026-07-04; 02:35:42; 424; 3; 34.33; 1012.9593359375; 21.693359375
2026-07-04; 02:36:42; 420; 3; 34.11; 1012.92234375; 21.9248046875
2026-07-04; 02:37:42; 424; 3; 34.19; 1012.9307421875; 21.859375
2026-07-04; 02:38:42; 424; 3; 34.24; 1012.9271875; 21.79296875
2026-07-04; 02:39:43; 424; 3; 34.22; 1012.868046875; 21.826171875
2026-07-04; 02:40:43; 428; 4; 34.21; 1012.879765625; 21.8251953125
2026-07-04; 02:41:43; 424; 3; 34.18; 1012.92296875; 21.927734375
2026-07-04; 02:42:43; 424; 3; 34.2; 1012.9465234375; 21.8603515625
2026-07-04; 02:43:43; 428; 4; 34.21; 1012.9348046875; 21.8369140625
2026-07-04; 02:44:43; 428; 4; 34.01; 1012.9568359375; 22.0927734375
2026-07-04; 02:45:43; 428; 4; 34.06; 1012.945625; 22.0029296875
2026-07-04; 02:46:43; 435; 5; 34.24; 1012.9547265625; 21.8154296875
2026-07-04; 02:47:43; 428; 4; 34.23; 1012.9939453125; 21.826171875
2026-07-04; 02:48:43; 428; 4; 34.22; 1012.9505859375; 21.826171875
2026-07-04; 02:49:43; 428; 4; 34.21; 1012.98984375; 21.8720703125
2026-07-04; 02:50:43; 428; 4; 34.33; 1012.986875; 21.728515625
2026-07-04; 02:51:43; 435; 5; 34.21; 1012.98984375; 21.8486328125
2026-07-04; 02:52:43; 435; 5; 34.19; 1013.0132421875; 21.87109375
2026-07-04; 02:53:43; 435; 5; 34.22; 1013.0529296875; 21.8603515625
2026-07-04; 02:54:43; 435; 5; 34.23; 1013.0137109375; 21.861328125
2026-07-04; 02:55:43; 435; 5; 34.16; 1013.00140625; 21.892578125
2026-07-04; 02:56:43; 435; 5; 34.09; 1013.020546875; 21.9580078125
2026-07-04; 02:57:43; 428; 4; 34.04; 1012.9767578125; 22.0478515625
2026-07-04; 02:58:43; 428; 4; 34.07; 1012.9966796875; 21.9912109375
2026-07-04; 02:59:43; 435; 5; 34.08; 1012.985; 22.02734375
2026-07-04; 03:00:43; 435; 5; 34.16; 1012.97390625; 21.892578125
2026-07-04; 03:01:43; 435; 5; 34.0; 1013.086640625; 22.0576171875
2026-07-04; 03:02:43; 428; 4; 33.94; 1013.038671875; 22.146484375
2026-07-04; 03:03:43; 435; 5; 34.03; 1012.968984375; 22.0595703125
2026-07-04; 03:04:43; 435; 5; 33.99; 1013.0352734375; 22.1142578125
2026-07-04; 03:05:43; 435; 5; 34.14; 1012.98953125; 21.9140625
2026-07-04; 03:06:43; 435; 5; 34.16; 1012.91109375; 21.904296875
2026-07-04; 03:07:43; 435; 5; 34.06; 1013.000625; 21.9912109375
2026-07-04; 03:08:43; 435; 5; 34.07; 1012.9966796875; 21.98046875
2026-07-04; 03:09:43; 435; 5; 34.17; 1012.9269140625; 21.8701171875
2026-07-04; 03:10:43; 428; 4; 34.07; 1013.0164453125; 21.96875
2026-07-04; 03:11:43; 428; 4; 33.9; 1012.983203125; 22.16796875
2026-07-04; 03:12:43; 428; 4; 33.95; 1013.05453125; 22.1123046875
2026-07-04; 03:13:43; 435; 5; 34.02; 1013.0632421875; 22.0234375
2026-07-04; 03:14:43; 428; 4; 33.94; 1013.0192578125; 22.1005859375
2026-07-04; 03:15:43; 428; 4; 34.05; 1013.1223828125; 21.966796875
2026-07-04; 03:16:43; 435; 5; 34.01; 1013.0944140625; 22.03515625
2026-07-04; 03:17:43; 428; 4; 33.98; 1013.0825; 22.056640625
2026-07-04; 03:18:43; 435; 5; 33.97; 1013.141171875; 22.0908203125
2026-07-04; 03:19:43; 428; 4; 33.88; 1013.1521875; 22.1669921875
2026-07-04; 03:20:43; 435; 5; 33.87; 1013.12828125; 22.166015625
2026-07-04; 03:21:43; 435; 5; 33.98; 1013.1650390625; 22.080078125
2026-07-04; 03:22:44; 428; 4; 33.94; 1013.0937109375; 22.1005859375
2026-07-04; 03:23:44; 435; 5; 33.92; 1013.09765625; 22.146484375
2026-07-04; 03:24:44; 435; 5; 33.91; 1013.1012890625; 22.1337890625
2026-07-04; 03:25:44; 435; 5; 33.96; 1013.0783984375; 22.0791015625
2026-07-04; 03:26:44; 435; 5; 33.92; 1013.117109375; 22.123046875
2026-07-04; 03:27:44; 435; 5; 33.87; 1013.053828125; 22.1435546875
2026-07-04; 03:28:44; 428; 4; 33.87; 1013.108828125; 22.1787109375
2026-07-04; 03:29:44; 428; 4; 33.95; 1013.117578125; 22.1123046875
2026-07-04; 03:30:44; 435; 5; 33.93; 1013.1134765625; 22.134765625
2026-07-04; 03:31:44; 435; 5; 33.89; 1013.022421875; 22.1328125
2026-07-04; 03:32:44; 428; 4; 33.87; 1013.07328125; 22.1435546875
2026-07-04; 03:33:44; 428; 4; 33.89; 1013.0498828125; 22.12109375
2026-07-04; 03:34:44; 428; 4; 33.92; 1013.01515625; 22.099609375
2026-07-04; 03:35:44; 424; 3; 33.83; 1013.0375390625; 22.2333984375
2026-07-04; 03:36:44; 428; 4; 33.95; 1013.0625390625; 22.08984375
2026-07-04; 03:37:44; 428; 4; 34.06; 1013.138203125; 22.0029296875
2026-07-04; 03:38:44; 428; 4; 33.87; 1013.108828125; 22.1435546875
2026-07-04; 03:39:44; 428; 4; 33.8; 1013.108125; 22.220703125
2026-07-04; 03:40:44; 428; 4; 33.76; 1013.174296875; 22.2646484375
2026-07-04; 03:41:44; 428; 4; 33.87; 1013.18328125; 22.1435546875
2026-07-04; 03:42:44; 424; 3; 33.88; 1013.2346875; 22.1669921875
2026-07-04; 03:43:44; 424; 3; 33.93; 1013.1879296875; 22.0771484375
2026-07-04; 03:44:44; 424; 3; 33.84; 1013.1908203125; 22.19921875
2026-07-04; 03:45:44; 424; 3; 34.03; 1013.1891015625; 22.001953125
2026-07-04; 03:46:44; 428; 4; 33.88; 1013.2346875; 22.09765625
2026-07-04; 03:47:44; 428; 4; 33.8; 1013.182578125; 22.2431640625
2026-07-04; 03:48:44; 428; 4; 33.94; 1013.23125; 22.1005859375
2026-07-04; 03:49:44; 428; 4; 33.83; 1013.2025390625; 22.1875
2026-07-04; 03:50:44; 424; 3; 33.87; 1013.1913671875; 22.1787109375
2026-07-04; 03:51:44; 428; 4; 33.88; 1013.1991015625; 22.1318359375
2026-07-04; 03:52:44; 428; 4; 34.06; 1013.2009765625; 21.93359375
2026-07-04; 03:53:44; 424; 3; 33.81; 1013.2533984375; 22.1865234375
2026-07-04; 03:54:44; 428; 4; 33.84; 1013.1908203125; 22.1533203125
2026-07-04; 03:55:44; 424; 3; 33.82; 1013.277265625; 22.1640625
2026-07-04; 03:56:44; 424; 3; 33.84; 1013.273359375; 22.17578125
2026-07-04; 03:57:44; 428; 4; 33.93; 1013.2234765625; 22.0888671875
2026-07-04; 03:58:44; 424; 3; 33.81; 1013.233984375; 22.1982421875
2026-07-04; 03:59:44; 428; 4; 33.73; 1013.19765625; 22.287109375
2026-07-04; 04:00:44; 424; 3; 33.75; 1013.1390234375; 22.2412109375
2026-07-04; 04:01:44; 424; 3; 33.8; 1013.182578125; 22.208984375
2026-07-04; 04:02:44; 420; 3; 33.79; 1013.1942578125; 22.197265625
2026-07-04; 04:03:44; 424; 3; 33.74; 1013.1584765625; 22.263671875
2026-07-04; 04:04:44; 415; 2; 33.67; 1013.1301953125; 22.3408203125
2026-07-04; 04:05:45; 415; 2; 33.83; 1013.128046875; 22.1640625
2026-07-04; 04:06:45; 415; 2; 33.81; 1013.1158984375; 22.1748046875
2026-07-04; 04:07:45; 415; 2; 33.72; 1013.0718359375; 22.2744140625
2026-07-04; 04:08:45; 415; 2; 33.74; 1013.1034765625; 22.263671875
2026-07-04; 04:09:45; 420; 3; 33.79; 1013.0648046875; 22.2080078125
2026-07-04; 04:10:45; 420; 3; 33.66; 1013.0319140625; 22.3515625
2026-07-04; 04:11:45; 420; 3; 33.77; 1013.0881640625; 22.25390625
2026-07-04; 04:12:45; 420; 3; 33.71; 1013.0482421875; 22.28515625
2026-07-04; 04:13:45; 415; 2; 33.79; 1013.0842578125; 22.2431640625
2026-07-04; 04:14:45; 420; 3; 33.78; 1013.048984375; 22.197265625
2026-07-04; 04:15:45; 420; 3; 33.8; 1013.017578125; 22.185546875
2026-07-04; 04:16:45; 413; 1; 33.79; 1012.94671875; 22.2080078125
2026-07-04; 04:17:45; 415; 2; 33.76; 1012.9898828125; 22.20703125
2026-07-04; 04:18:45; 415; 2; 33.71; 1012.973515625; 22.2861328125
2026-07-04; 04:19:45; 413; 1; 33.59; 1012.95671875; 22.3837890625
2026-07-04; 04:20:45; 413; 1; 33.66; 1012.9769140625; 22.3291015625
2026-07-04; 04:21:45; 413; 1; 33.65; 1012.925859375; 22.328125
2026-07-04; 04:22:45; 413; 1; 33.57; 1012.9173046875; 22.451171875
2026-07-04; 04:23:45; 406; 0; 33.55; 1012.9131640625; 22.484375
2026-07-04; 04:24:45; 413; 1; 33.48; 1012.9123828125; 22.52734375
2026-07-04; 04:25:45; 413; 1; 33.63; 1012.984765625; 22.373046875
2026-07-04; 04:26:45; 406; 0; 33.63; 1012.92171875; 22.3505859375
2026-07-04; 04:27:45; 413; 1; 33.72; 1012.9618359375; 22.2509765625
2026-07-04; 04:28:45; 413; 1; 33.66; 1012.894453125; 22.3173828125
2026-07-04; 04:29:45; 413; 1; 33.66; 1012.9769140625; 22.3515625
2026-07-04; 04:30:45; 406; 0; 33.69; 1012.9891015625; 22.2958984375
2026-07-04; 04:31:45; 406; 0; 33.65; 1012.9808203125; 22.328125
2026-07-04; 04:32:45; 406; 0; 33.53; 1012.9442578125; 22.4609375
2026-07-04; 04:33:45; 406; 0; 33.72; 1013.0915625; 22.228515625
2026-07-04; 04:34:45; 403; 0; 33.52; 1013.085625; 22.4365234375
2026-07-04; 04:35:45; 403; 0; 33.63; 1013.0672265625; 22.3037109375
2026-07-04; 04:36:45; 405; 0; 33.59; 1013.08640625; 22.3251953125
2026-07-04; 04:37:45; 400; 0; 33.65; 1013.0908203125; 22.3046875
2026-07-04; 04:38:45; 403; 0; 33.72; 1013.126796875; 22.216796875
2026-07-04; 04:39:45; 403; 0; 33.55; 1013.113359375; 22.404296875
2026-07-04; 04:40:45; 403; 0; 33.57; 1013.1175; 22.37109375
2026-07-04; 04:41:45; 400; 0; 33.59; 1013.0941796875; 22.3486328125
2026-07-04; 04:42:45; 403; 0; 33.55; 1013.085859375; 22.392578125
2026-07-04; 04:43:45; 403; 0; 33.56; 1013.09390625; 22.416015625
2026-07-04; 04:44:45; 403; 0; 33.58; 1013.0705859375; 22.37109375
2026-07-04; 04:45:45; 403; 0; 33.44; 1013.139765625; 22.5361328125
2026-07-04; 04:46:45; 400; 0; 33.62; 1013.1533203125; 22.349609375
2026-07-04; 04:47:46; 400; 0; 33.43; 1013.1239453125; 22.501953125
2026-07-04; 04:48:46; 405; 0; 33.39; 1013.1625; 22.568359375
2026-07-04; 04:49:46; 405; 0; 33.56; 1013.14890625; 22.404296875
2026-07-04; 04:50:46; 408; 1; 33.55; 1013.050625; 22.416015625
2026-07-04; 04:51:46; 408; 1; 33.53; 1013.1366796875; 22.4033203125
2026-07-04; 04:52:46; 408; 1; 33.55; 1013.050625; 22.404296875
2026-07-04; 04:53:46; 408; 1; 33.69; 1013.1266015625; 22.23828125
2026-07-04; 04:54:46; 405; 0; 33.62; 1013.02390625; 22.28125
2026-07-04; 04:55:46; 405; 0; 33.43; 1013.0140234375; 22.490234375
2026-07-04; 04:56:46; 405; 0; 33.39; 1012.9701171875; 22.5224609375
2026-07-04; 04:57:46; 405; 0; 33.37; 1013.0012109375; 22.544921875
2026-07-04; 04:58:46; 400; 0; 33.43; 1012.9865234375; 22.490234375
2026-07-04; 04:59:46; 403; 0; 33.58; 1012.9683984375; 22.3359375
2026-07-04; 05:00:46; 403; 0; 33.53; 1012.9992578125; 22.357421875
2026-07-04; 05:01:46; 403; 0; 33.46; 1012.9631640625; 22.4228515625
2026-07-04; 05:02:46; 408; 1; 33.58; 1012.9331640625; 22.279296875
2026-07-04; 05:03:46; 400; 0; 33.5; 1013.0067578125; 22.37890625
2026-07-04; 05:04:46; 405; 0; 33.56; 1013.01921875; 22.30078125
2026-07-04; 05:05:46; 405; 0; 33.56; 1012.983984375; 22.2783203125
2026-07-04; 05:06:46; 402; 0; 33.42; 1013.0256640625; 22.443359375
2026-07-04; 05:07:46; 400; 0; 33.54; 1013.034765625; 22.345703125
2026-07-04; 05:08:46; 400; 0; 33.32; 1013.114453125; 22.5888671875
2026-07-04; 05:09:46; 400; 0; 33.38; 1013.099765625; 22.4765625
2026-07-04; 05:10:46; 405; 0; 33.43; 1013.17890625; 22.4560546875
2026-07-04; 05:11:46; 405; 0; 33.44; 1013.1866796875; 22.4443359375
2026-07-04; 05:12:46; 400; 0; 33.29; 1013.149375; 22.5751953125
2026-07-04; 05:13:46; 400; 0; 33.33; 1013.15; 22.5078125
2026-07-04; 05:14:46; 403; 0; 33.36; 1013.1502734375; 22.4755859375
2026-07-04; 05:15:46; 403; 0; 33.34; 1013.2010546875; 22.4970703125
2026-07-04; 05:16:46; 400; 0; 33.18; 1013.2855859375; 22.6962890625
2026-07-04; 05:17:47; 409; 1; 33.51; 1013.2347265625; 22.3671875
2026-07-04; 05:18:47; 409; 1; 33.42; 1013.21; 22.4208984375
2026-07-04; 05:19:47; 406; 0; 33.39; 1013.1705859375; 22.4306640625
2026-07-04; 05:20:47; 406; 0; 33.46; 1013.2105859375; 22.3994140625
2026-07-04; 05:21:47; 400; 0; 33.4; 1013.268828125; 22.408203125
2026-07-04; 05:22:47; 403; 0; 33.62; 1013.298828125; 22.2353515625
2026-07-04; 05:23:47; 403; 0; 33.52; 1013.2858203125; 22.287109375
2026-07-04; 05:24:47; 403; 0; 33.48; 1013.3246875; 22.3310546875
2026-07-04; 05:25:47; 403; 0; 33.4; 1013.31578125; 22.396484375
2026-07-04; 05:26:47; 400; 0; 33.33; 1013.3501171875; 22.49609375
2026-07-04; 05:27:47; 408; 1; 33.46; 1013.3205078125; 22.330078125
2026-07-04; 05:28:47; 405; 0; 33.54; 1013.3646484375; 22.25390625
2026-07-04; 05:29:48; 408; 1; 33.43; 1013.343828125; 22.3759765625
2026-07-04; 05:30:48; 405; 0; 33.33; 1013.4051171875; 22.4853515625
2026-07-04; 05:31:48; 400; 0; 33.33; 1013.3776171875; 22.4501953125
2026-07-04; 05:32:48; 400; 0; 33.49; 1013.3680078125; 22.33203125
2026-07-04; 05:33:48; 400; 0; 33.38; 1013.402109375; 22.44140625
2026-07-04; 05:34:48; 400; 0; 33.34; 1013.4758984375; 22.4287109375
2026-07-04; 05:35:48; 403; 0; 33.45; 1013.4223828125; 22.318359375
2026-07-04; 05:36:48; 403; 0; 33.56; 1013.4316015625; 22.197265625
2026-07-04; 05:37:48; 403; 0; 33.51; 1013.5370703125; 22.2529296875
2026-07-04; 05:38:48; 406; 0; 33.39; 1013.472890625; 22.373046875
2026-07-04; 05:39:48; 400; 0; 33.47; 1013.4737890625; 22.2958984375
2026-07-04; 05:40:48; 400; 0; 33.23; 1013.5295703125; 22.5029296875
2026-07-04; 05:41:48; 400; 0; 33.39; 1013.5473046875; 22.373046875
2026-07-04; 05:42:48; 400; 0; 33.29; 1013.4872265625; 22.4833984375
2026-07-04; 05:43:48; 400; 0; 33.2; 1013.528984375; 22.5361328125
2026-07-04; 05:44:48; 405; 0; 33.27; 1013.4830078125; 22.505859375
2026-07-04; 05:45:48; 408; 1; 33.49; 1013.42296875; 22.228515625
2026-07-04; 05:46:48; 408; 1; 33.28; 1013.4713671875; 22.4482421875
2026-07-04; 05:47:48; 405; 0; 33.41; 1013.394609375; 22.2822265625
2026-07-04; 05:48:48; 408; 1; 33.49; 1013.45046875; 22.240234375
2026-07-04; 05:49:48; 408; 1; 33.48; 1013.4423828125; 22.240234375
2026-07-04; 05:50:48; 405; 0; 33.33; 1013.4875390625; 22.3701171875
2026-07-04; 05:51:48; 405; 0; 33.33; 1013.479765625; 22.3818359375
2026-07-04; 05:52:48; 405; 0; 33.4; 1013.535625; 22.3037109375
2026-07-04; 05:53:48; 405; 0; 33.14; 1013.5322265625; 22.5908203125
2026-07-04; 05:54:48; 405; 0; 33.4; 1013.508125; 22.3154296875
2026-07-04; 05:55:48; 400; 0; 33.33; 1013.507265625; 22.392578125
2026-07-04; 05:56:48; 400; 0; 33.34; 1013.5230859375; 22.3701171875
2026-07-04; 05:57:48; 400; 0; 33.28; 1013.4713671875; 22.40234375
2026-07-04; 05:58:48; 402; 0; 33.44; 1013.55203125; 22.2373046875
2026-07-04; 05:59:48; 400; 0; 33.28; 1013.5263671875; 22.4140625
2026-07-04; 06:00:48; 402; 0; 33.44; 1013.571484375; 22.1796875
2026-07-04; 06:01:48; 400; 0; 33.24; 1013.5098828125; 22.48046875
2026-07-04; 06:02:48; 407; 1; 33.4; 1013.563125; 22.2578125
2026-07-04; 06:03:48; 407; 1; 33.41; 1013.449609375; 22.259765625
2026-07-04; 06:04:48; 407; 1; 33.35; 1013.4564453125; 22.3134765625
2026-07-04; 06:05:48; 407; 1; 33.44; 1013.3791015625; 22.2255859375
2026-07-04; 06:06:48; 409; 1; 33.4; 1013.40625; 22.2705078125
2026-07-04; 06:07:48; 409; 1; 33.24; 1013.3725; 22.4345703125
2026-07-04; 06:08:48; 409; 1; 33.36; 1013.3976171875; 22.302734375
2026-07-04; 06:09:48; 407; 1; 33.38; 1013.3665625; 22.2919921875
2026-07-04; 06:10:48; 409; 1; 33.36; 1013.37015625; 22.326171875
2026-07-04; 06:11:48; 414; 2; 33.51; 1013.3446875; 22.171875
2026-07-04; 06:12:49; 414; 2; 33.5; 1013.3013671875; 22.16015625
2026-07-04; 06:13:49; 414; 2; 33.36; 1013.2876953125; 22.2802734375
2026-07-04; 06:14:49; 409; 1; 33.21; 1013.278125; 22.4560546875
2026-07-04; 06:15:49; 414; 2; 33.35; 1013.271875; 22.3369140625
2026-07-04; 06:16:49; 414; 2; 33.46; 1013.32828125; 22.2041015625
2026-07-04; 06:17:49; 414; 2; 33.39; 1013.30796875; 22.2236328125
2026-07-04; 06:18:49; 409; 1; 33.39; 1013.299921875; 22.2578125
2026-07-04; 06:19:49; 414; 2; 33.49; 1013.285546875; 22.1708984375
2026-07-04; 06:20:49; 414; 2; 33.49; 1013.258046875; 22.193359375
2026-07-04; 06:21:49; 414; 2; 33.44; 1013.269140625; 22.203125
2026-07-04; 06:22:49; 414; 2; 33.55; 1013.2233203125; 22.05859375
2026-07-04; 06:23:49; 414; 2; 33.44; 1013.2771875; 22.1796875
2026-07-04; 06:24:49; 417; 2; 33.42; 1013.2649609375; 22.2021484375
2026-07-04; 06:25:49; 417; 2; 33.77; 1013.2531640625; 21.8388671875
2026-07-04; 06:26:49; 423; 3; 33.73; 1013.2526171875; 21.8955078125
2026-07-04; 06:27:49; 426; 3; 33.67; 1013.342421875; 21.94921875
2026-07-04; 06:28:49; 426; 3; 33.61; 1013.3380078125; 22.0849609375
2026-07-04; 06:29:49; 433; 5; 33.54; 1013.3646484375; 22.0810546875
2026-07-04; 06:30:49; 433; 5; 33.54; 1013.3449609375; 22.126953125
2026-07-04; 06:31:49; 436; 5; 33.61; 1013.412421875; 22.0498046875
2026-07-04; 06:32:49; 436; 5; 33.66; 1013.3816015625; 21.9951171875
2026-07-04; 06:33:49; 436; 5; 33.69; 1013.3543359375; 21.9619140625
2026-07-04; 06:34:49; 443; 6; 33.72; 1013.401796875; 21.9169921875
2026-07-04; 06:35:49; 446; 7; 33.7; 1013.4173828125; 21.9501953125
2026-07-04; 06:36:49; 451; 7; 33.61; 1013.412421875; 22.0498046875
2026-07-04; 06:37:49; 451; 7; 33.7; 1013.39765625; 21.939453125
2026-07-04; 06:38:49; 451; 7; 33.66; 1013.4168359375; 21.9833984375
2026-07-04; 06:39:49; 451; 7; 33.62; 1013.4362890625; 22.0283203125
2026-07-04; 06:40:49; 454; 8; 33.69; 1013.4368359375; 21.939453125
2026-07-04; 06:41:49; 451; 7; 33.66; 1013.3618359375; 21.94921875
2026-07-04; 06:42:49; 451; 7; 33.64; 1013.3855078125; 22.005859375
2026-07-04; 06:43:49; 451; 7; 33.58; 1013.4280078125; 22.025390625
2026-07-04; 06:44:49; 451; 7; 33.58; 1013.4555078125; 22.048828125
2026-07-04; 06:45:49; 443; 6; 33.52; 1013.4155078125; 22.091796875
2026-07-04; 06:46:49; 443; 6; 33.55; 1013.4630078125; 22.08203125
2026-07-04; 06:47:49; 433; 5; 33.62; 1013.4557421875; 21.9814453125
2026-07-04; 06:48:49; 433; 5; 33.62; 1013.510703125; 21.9931640625
2026-07-04; 06:49:49; 426; 3; 33.7; 1013.4448828125; 21.916015625
2026-07-04; 06:50:49; 417; 2; 33.73; 1013.5473828125; 21.8369140625
2026-07-04; 06:51:49; 417; 2; 33.76; 1013.5042578125; 21.8271484375
2026-07-04; 06:52:49; 417; 2; 33.76; 1013.5042578125; 21.8271484375
2026-07-04; 06:53:49; 423; 3; 33.75; 1013.5790234375; 21.8037109375
2026-07-04; 06:54:49; 417; 2; 33.79; 1013.64234375; 21.7822265625
2026-07-04; 06:55:50; 423; 3; 33.71; 1013.6059765625; 21.8828125
2026-07-04; 06:56:50; 423; 3; 33.77; 1013.638203125; 21.8388671875
2026-07-04; 06:57:50; 423; 3; 33.78; 1013.6459375; 21.8623046875
2026-07-04; 06:58:50; 426; 3; 33.77; 1013.6301171875; 21.8505859375
2026-07-04; 06:59:50; 423; 3; 33.77; 1013.638203125; 21.8505859375
2026-07-04; 07:00:50; 417; 2; 33.83; 1013.6150390625; 21.7841796875
2026-07-04; 07:01:50; 414; 2; 33.82; 1013.5992578125; 21.7724609375
2026-07-04; 07:02:50; 417; 2; 33.84; 1013.6389453125; 21.78515625
2026-07-04; 07:03:50; 417; 2; 33.88; 1013.61171875; 21.7294921875
2026-07-04; 07:04:50; 423; 3; 33.84; 1013.6664453125; 21.78515625
2026-07-04; 07:05:50; 423; 3; 33.92; 1013.6947265625; 21.7197265625
2026-07-04; 07:06:50; 417; 2; 33.93; 1013.7186328125; 21.7080078125
2026-07-04; 07:07:50; 423; 3; 33.89; 1013.7180859375; 21.6953125
2026-07-04; 07:08:50; 433; 5; 33.93; 1013.683046875; 21.7197265625
2026-07-04; 07:09:50; 423; 3; 33.98; 1013.7071875; 21.6875
2026-07-04; 07:10:50; 426; 3; 33.99; 1013.731015625; 21.6884765625
2026-07-04; 07:11:50; 433; 5; 34.01; 1013.7076953125; 21.6318359375
2026-07-04; 07:12:50; 436; 5; 34.03; 1013.7312890625; 21.6328125
2026-07-04; 07:13:50; 436; 5; 34.05; 1013.6803515625; 21.576171875
2026-07-04; 07:14:50; 433; 5; 34.1; 1013.6966796875; 21.56640625
2026-07-04; 07:15:50; 436; 5; 34.15; 1013.803359375; 21.5
2026-07-04; 07:16:50; 443; 6; 34.18; 1013.7404296875; 21.466796875
2026-07-04; 07:17:50; 446; 7; 34.2; 1013.71703125; 21.4677734375
2026-07-04; 07:18:50; 443; 6; 34.24; 1013.7528125; 21.423828125
2026-07-04; 07:19:50; 443; 6; 34.23; 1013.7369921875; 21.4228515625
2026-07-04; 07:20:50; 446; 7; 34.27; 1013.7374609375; 21.3671875
2026-07-04; 07:21:50; 451; 7; 34.33; 1013.757578125; 21.3017578125
2026-07-04; 07:22:50; 446; 7; 34.36; 1013.6791015625; 21.302734375
2026-07-04; 07:23:50; 451; 7; 34.39; 1013.7070703125; 21.3037109375
2026-07-04; 07:24:50; 451; 7; 34.46; 1013.7274609375; 21.2265625
2026-07-04; 07:25:50; 446; 7; 34.48; 1013.7393359375; 21.1806640625
2026-07-04; 07:26:50; 454; 8; 34.49; 1013.69234375; 21.181640625
2026-07-04; 07:27:50; 459; 8; 34.49; 1013.7473828125; 21.193359375
2026-07-04; 07:28:50; 454; 8; 34.59; 1013.732265625; 21.0830078125
2026-07-04; 07:29:50; 451; 7; 34.61; 1013.771953125; 21.0263671875
2026-07-04; 07:30:50; 446; 7; 34.62; 1013.724609375; 21.072265625
2026-07-04; 07:31:50; 446; 7; 34.64; 1013.72875; 21.0380859375
2026-07-04; 07:32:50; 436; 5; 34.66; 1013.8351953125; 21.0390625
2026-07-04; 07:33:50; 443; 6; 34.7; 1013.7960546875; 20.97265625
2026-07-04; 07:34:50; 443; 6; 34.71; 1013.7766015625; 21.0078125
2026-07-04; 07:35:50; 454; 8; 34.74; 1013.749140625; 20.951171875
2026-07-04; 07:36:50; 443; 6; 34.82; 1013.69453125; 20.896484375
2026-07-04; 07:37:50; 443; 6; 34.84; 1013.7339453125; 20.88671875
2026-07-04; 07:38:51; 451; 7; 34.84; 1013.6986328125; 20.8974609375
2026-07-04; 07:39:51; 454; 8; 34.85; 1013.686875; 20.86328125
2026-07-04; 07:40:51; 459; 8; 34.87; 1013.718515625; 20.841796875
2026-07-04; 07:41:51; 459; 8; 34.89; 1013.7303125; 20.7958984375
2026-07-04; 07:42:51; 462; 9; 34.92; 1013.714921875; 20.7861328125
2026-07-04; 07:43:51; 473; 11; 34.91; 1013.734375; 20.7861328125
2026-07-04; 07:44:51; 481; 12; 34.89; 1013.8051953125; 20.853515625
2026-07-04; 07:45:51; 481; 12; 34.9; 1013.773671875; 20.8193359375
2026-07-04; 07:46:51; 481; 12; 34.94; 1013.766015625; 20.775390625
2026-07-04; 07:47:51; 478; 11; 34.98; 1013.8019921875; 20.765625
2026-07-04; 07:48:51; 478; 11; 35.0; 1013.861171875; 20.7197265625
2026-07-04; 07:49:51; 481; 12; 34.98; 1013.892421875; 20.7197265625
2026-07-04; 07:50:51; 473; 11; 35.0; 1013.8887109375; 20.7431640625
2026-07-04; 07:51:51; 473; 11; 34.99; 1013.825546875; 20.7314453125
2026-07-04; 07:52:51; 466; 10; 34.99; 1013.8530859375; 20.7314453125
2026-07-04; 07:53:51; 459; 8; 35.02; 1013.83765625; 20.6982421875
2026-07-04; 07:54:51; 459; 8; 35.07; 1013.8064453125; 20.6884765625
2026-07-04; 07:55:51; 462; 9; 35.06; 1013.84578125; 20.6650390625
2026-07-04; 07:56:51; 473; 11; 35.06; 1013.8535546875; 20.6650390625
2026-07-04; 07:57:51; 462; 9; 35.09; 1013.8300390625; 20.6318359375
2026-07-04; 07:58:51; 462; 9; 35.11; 1013.8696875; 20.609375
2026-07-04; 07:59:51; 462; 9; 35.12; 1013.8498828125; 20.5869140625
2026-07-04; 08:00:51; 451; 7; 35.12; 1013.8774609375; 20.541015625
2026-07-04; 08:01:51; 454; 8; 35.11; 1013.8696875; 20.5634765625
2026-07-04; 08:02:51; 459; 8; 35.13; 1013.8656640625; 20.552734375
2026-07-04; 08:03:51; 446; 7; 35.15; 1013.8973046875; 20.5302734375
2026-07-04; 08:04:51; 436; 5; 35.18; 1013.870078125; 20.5087890625
2026-07-04; 08:05:51; 436; 5; 35.17; 1013.9094140625; 20.5205078125
2026-07-04; 08:06:51; 436; 5; 35.19; 1013.93296875; 20.474609375
2026-07-04; 08:07:51; 426; 3; 35.19; 1013.8502734375; 20.486328125
2026-07-04; 08:08:51; 433; 5; 35.2; 1013.8465625; 20.4638671875
2026-07-04; 08:09:51; 426; 3; 35.21; 1013.826796875; 20.4638671875
2026-07-04; 08:10:51; 423; 3; 35.25; 1013.8819140625; 20.4072265625
2026-07-04; 08:11:51; 433; 5; 35.25; 1013.7992578125; 20.4189453125
2026-07-04; 08:12:51; 433; 5; 35.25; 1013.862421875; 20.419921875
2026-07-04; 08:13:51; 443; 6; 35.27; 1013.8664453125; 20.3740234375
2026-07-04; 08:14:51; 436; 5; 35.28; 1013.846640625; 20.375
2026-07-04; 08:15:51; 436; 5; 35.32; 1013.9098828125; 20.353515625
2026-07-04; 08:16:51; 436; 5; 35.31; 1013.87453125; 20.318359375
2026-07-04; 08:17:51; 433; 5; 35.36; 1013.8627734375; 20.3427734375
2026-07-04; 08:18:51; 417; 2; 35.35; 1013.902109375; 20.30859375
2026-07-04; 08:19:51; 417; 2; 35.35; 1013.8469921875; 20.28515625
2026-07-04; 08:20:52; 417; 2; 35.36; 1013.870859375; 20.2978515625
2026-07-04; 08:21:52; 417; 2; 35.38; 1013.894375; 20.240234375
2026-07-04; 08:22:52; 414; 2; 35.41; 1013.7487890625; 20.2412109375
2026-07-04; 08:23:52; 417; 2; 35.41; 1013.831484375; 20.1953125
2026-07-04; 08:24:52; 417; 2; 35.42; 1013.7921484375; 20.1845703125
2026-07-04; 08:25:52; 417; 2; 35.46; 1013.8277734375; 20.1630859375
2026-07-04; 08:26:52; 414; 2; 35.46; 1013.8277734375; 20.1396484375
2026-07-04; 08:27:52; 409; 1; 35.51; 1013.8714453125; 20.0732421875
2026-07-04; 08:28:52; 407; 1; 35.5; 1013.8559765625; 20.083984375
2026-07-04; 08:29:52; 407; 1; 35.49; 1013.903046875; 20.072265625
2026-07-04; 08:30:52; 414; 2; 35.5; 1013.8835546875; 20.060546875
2026-07-04; 08:31:52; 400; 0; 35.5; 1013.8912890625; 20.072265625
2026-07-04; 08:32:52; 403; 0; 35.52; 1013.9148046875; 20.0615234375
2026-07-04; 08:33:52; 403; 0; 35.56; 1013.8875390625; 20.0283203125
2026-07-04; 08:34:52; 400; 0; 35.57; 1013.9584765625; 19.9599609375
2026-07-04; 08:35:52; 403; 0; 35.55; 1013.899296875; 20.0048828125
2026-07-04; 08:36:52; 403; 0; 35.54; 1013.91109375; 20.0048828125
2026-07-04; 08:37:52; 405; 0; 35.55; 1013.879453125; 19.9931640625
2026-07-04; 08:38:52; 413; 1; 35.57; 1013.9662109375; 20.005859375
2026-07-04; 08:39:52; 409; 1; 35.56; 1013.9151171875; 20.005859375
2026-07-04; 08:40:52; 407; 1; 35.57; 1013.8757421875; 19.982421875
2026-07-04; 08:41:52; 403; 0; 35.59; 1013.9073828125; 19.94921875
2026-07-04; 08:42:52; 400; 0; 35.58; 1013.954453125; 19.9716796875
2026-07-04; 08:43:52; 406; 0; 35.61; 1013.9665234375; 19.9150390625
2026-07-04; 08:44:52; 406; 0; 35.62; 1014.045234375; 19.904296875
2026-07-04; 08:45:52; 400; 0; 35.63; 1014.005859375; 19.8818359375
2026-07-04; 08:46:52; 405; 0; 35.65; 1014.0021484375; 19.87109375
2026-07-04; 08:47:52; 400; 0; 35.67; 1014.0061328125; 19.8369140625
2026-07-04; 08:48:52; 405; 0; 35.71; 1013.978515625; 19.7919921875
2026-07-04; 08:49:52; 405; 0; 35.72; 1013.9667578125; 19.78125
2026-07-04; 08:50:52; 405; 0; 35.73; 1014.04578125; 19.78125
2026-07-04; 08:51:52; 405; 0; 35.73; 1014.04578125; 19.7578125
2026-07-04; 08:52:52; 405; 0; 35.75; 1013.958984375; 19.7470703125
2026-07-04; 08:53:52; 405; 0; 35.77; 1014.0258984375; 19.7138671875
2026-07-04; 08:54:52; 414; 2; 35.79; 1014.0298828125; 19.69140625
2026-07-04; 08:55:52; 414; 2; 35.8; 1014.0379296875; 19.6796875
2026-07-04; 08:56:52; 409; 1; 35.83; 1013.99453125; 19.623046875
2026-07-04; 08:57:52; 414; 2; 35.83; 1013.9669140625; 19.646484375
2026-07-04; 08:58:52; 409; 1; 35.85; 1013.9433203125; 19.6474609375
2026-07-04; 08:59:52; 414; 2; 35.85; 1013.9708984375; 19.6474609375
2026-07-04; 09:00:52; 414; 2; 35.88; 1013.9355078125; 19.6025390625
2026-07-04; 09:01:52; 409; 1; 35.89; 1013.8765625; 19.568359375
2026-07-04; 09:02:52; 417; 2; 35.9; 1013.8843359375; 19.5458984375
2026-07-04; 09:03:53; 405; 0; 35.91; 1013.9909375; 19.5234375
2026-07-04; 09:04:53; 400; 0; 35.91; 1013.880546875; 19.53515625
2026-07-04; 09:05:53; 403; 0; 35.9; 1013.9475390625; 19.5224609375
2026-07-04; 09:06:53; 402; 0; 35.94; 1013.9474609375; 19.5009765625
2026-07-04; 09:07:53; 406; 0; 35.98; 1013.9281640625; 19.4794921875
2026-07-04; 09:08:53; 410; 1; 36.0; 1013.9244140625; 19.4345703125
2026-07-04; 09:09:53; 410; 1; 36.02; 1013.8809375; 19.400390625
2026-07-04; 09:10:53; 410; 1; 36.01; 1013.892734375; 19.4345703125
2026-07-04; 09:11:53; 420; 3; 36.03; 1013.9519140625; 19.3896484375
2026-07-04; 09:12:53; 423; 3; 36.03; 1013.999375; 19.3779296875
2026-07-04; 09:13:53; 420; 3; 36.05; 1013.92828125; 19.3896484375
2026-07-04; 09:14:53; 425; 3; 36.07; 1013.9518359375; 19.3681640625
2026-07-04; 09:15:53; 423; 3; 36.08; 1013.92046875; 19.333984375
2026-07-04; 09:16:53; 420; 3; 36.11; 1013.8968359375; 19.2529296875
2026-07-04; 09:17:53; 423; 3; 36.12; 1013.91265625; 19.3232421875
2026-07-04; 09:18:53; 420; 3; 36.11; 1013.8968359375; 19.3115234375
2026-07-04; 09:19:53; 415; 2; 36.11; 1013.9045703125; 19.2880859375
2026-07-04; 09:20:53; 420; 3; 36.12; 1013.94796875; 19.2890625
2026-07-04; 09:21:53; 423; 3; 36.11; 1014.015; 19.25390625
2026-07-04; 09:22:53; 423; 3; 36.13; 1013.9361328125; 19.2431640625
2026-07-04; 09:23:53; 432; 4; 36.14; 1013.9166015625; 19.2314453125
2026-07-04; 09:24:53; 436; 5; 36.13; 1013.873203125; 19.2421875
2026-07-04; 09:25:53; 415; 2; 36.18; 1013.8770703125; 19.2216796875
2026-07-04; 09:26:53; 423; 3; 36.19; 1013.8851171875; 19.19921875
2026-07-04; 09:27:53; 425; 3; 36.18; 1013.84171875; 19.15234375
2026-07-04; 09:28:53; 423; 3; 36.19; 1013.7548046875; 19.1181640625
2026-07-04; 09:29:53; 420; 3; 36.2; 1013.770625; 19.119140625
2026-07-04; 09:30:53; 410; 1; 36.26; 1013.71953125; 19.0634765625
2026-07-04; 09:31:53; 410; 1; 36.28; 1013.7787109375; 19.029296875
2026-07-04; 09:32:53; 410; 1; 36.31; 1013.6799609375; 19.0185546875
2026-07-04; 09:33:53; 402; 0; 36.31; 1013.7429296875; 18.97265625
2026-07-04; 09:34:53; 402; 0; 36.29; 1013.6012109375; 18.9951171875
2026-07-04; 09:35:53; 402; 0; 36.32; 1013.640546875; 18.9375
2026-07-04; 09:36:53; 402; 0; 36.34; 1013.624609375; 18.939453125
2026-07-04; 09:37:53; 402; 0; 36.36; 1013.593203125; 18.904296875
2026-07-04; 09:38:53; 402; 0; 36.39; 1013.5576953125; 18.8828125
2026-07-04; 09:39:53; 400; 0; 36.42; 1013.596953125; 18.826171875
2026-07-04; 09:40:53; 405; 0; 36.44; 1013.57328125; 18.76953125
2026-07-04; 09:41:53; 400; 0; 36.45; 1013.644296875; 18.7919921875
2026-07-04; 09:42:53; 400; 0; 36.48; 1013.63671875; 18.7587890625
2026-07-04; 09:43:53; 402; 0; 36.48; 1013.63671875; 18.736328125
2026-07-04; 09:44:53; 406; 0; 36.51; 1013.6011328125; 18.7138671875
2026-07-04; 09:45:53; 418; 2; 36.48; 1013.4790234375; 18.712890625
2026-07-04; 09:46:54; 423; 3; 36.47; 1013.5184765625; 18.689453125
2026-07-04; 09:47:54; 415; 2; 36.49; 1013.411953125; 18.6669921875
2026-07-04; 09:48:54; 400; 0; 36.55; 1013.4709375; 18.44921875
2026-07-04; 09:49:54; 400; 0; 36.57; 1013.5024609375; 18.5546875
2026-07-04; 09:50:54; 416; 2; 36.56; 1013.4789453125; 18.599609375
2026-07-04; 09:51:54; 416; 2; 36.57; 1013.530078125; 18.5888671875
2026-07-04; 09:52:54; 416; 2; 36.6; 1013.5221484375; 18.5439453125
2026-07-04; 09:53:54; 413; 1; 36.62; 1013.6561328125; 18.5673828125
2026-07-04; 09:54:54; 408; 1; 36.61; 1013.5102734375; 18.5322265625
2026-07-04; 09:55:54; 400; 0; 36.66; 1013.53390625; 18.349609375
2026-07-04; 09:56:54; 402; 0; 36.65; 1013.573359375; 18.51171875
2026-07-04; 09:57:54; 400; 0; 36.67; 1013.52203125; 18.396484375
2026-07-04; 09:58:54; 403; 0; 36.7; 1013.55359375; 18.419921875
2026-07-04; 09:59:54; 403; 0; 36.71; 1013.5693359375; 18.455078125
2026-07-04; 10:00:54; 403; 0; 36.7; 1013.5259765625; 18.396484375
2026-07-04; 10:01:54; 402; 0; 36.73; 1013.545625; 18.3515625
2026-07-04; 10:02:54; 407; 1; 36.68; 1013.557421875; 18.384765625
2026-07-04; 10:03:54; 407; 1; 36.68; 1013.5378125; 18.431640625
2026-07-04; 10:04:54; 402; 0; 36.68; 1013.5378125; 18.396484375
2026-07-04; 10:05:54; 400; 0; 36.71; 1013.5969921875; 18.3271484375
2026-07-04; 10:06:54; 403; 0; 36.68; 1013.5930859375; 18.3037109375
2026-07-04; 10:07:54; 400; 0; 36.67; 1013.52203125; 18.373046875
2026-07-04; 10:08:54; 406; 0; 36.65; 1013.537734375; 18.39453125
2026-07-04; 10:09:54; 400; 0; 36.66; 1013.470625; 18.291015625
2026-07-04; 10:10:54; 403; 0; 36.64; 1013.53; 18.3720703125
2026-07-04; 10:11:54; 400; 0; 36.67; 1013.541640625; 18.2919921875
2026-07-04; 10:12:54; 402; 0; 36.67; 1013.4863671875; 18.15234375
2026-07-04; 10:13:54; 411; 1; 36.65; 1013.537734375; 18.3134765625
2026-07-04; 10:14:54; 409; 1; 36.63; 1013.4865625; 18.2666015625
2026-07-04; 10:15:54; 400; 0; 36.67; 1013.5496484375; 18.15234375
2026-07-04; 10:16:54; 415; 2; 36.64; 1013.585234375; 18.3369140625
2026-07-04; 10:17:54; 415; 2; 36.66; 1013.58109375; 18.314453125
2026-07-04; 10:18:54; 415; 2; 36.68; 1013.5654296875; 18.22265625
2026-07-04; 10:19:54; 415; 2; 36.67; 1013.604921875; 18.314453125
2026-07-04; 10:20:55; 403; 0; 36.68; 1013.5378125; 18.048828125
2026-07-04; 10:21:55; 400; 0; 36.68; 1013.4825390625; 18.2568359375
2026-07-04; 10:22:55; 403; 0; 36.68; 1013.5101953125; 18.15234375
2026-07-04; 10:23:55; 402; 0; 36.7; 1013.5259765625; 18.1181640625
2026-07-04; 10:24:55; 407; 1; 36.68; 1013.5298046875; 18.0478515625
2026-07-04; 10:25:55; 407; 1; 36.68; 1013.557421875; 18.15234375
2026-07-04; 10:26:55; 405; 0; 36.72; 1013.5575; 18.201171875
2026-07-04; 10:27:55; 400; 0; 36.67; 1013.5496484375; 18.1875
2026-07-04; 10:28:55; 407; 1; 36.7; 1013.55359375; 18.19921875
2026-07-04; 10:29:55; 400; 0; 36.69; 1013.545546875; 18.072265625
2026-07-04; 10:30:55; 400; 0; 36.71; 1013.549453125; 17.9912109375
2026-07-04; 10:31:55; 403; 0; 36.73; 1013.5257421875; 18.177734375
2026-07-04; 10:32:55; 410; 1; 36.74; 1013.5415234375; 17.9111328125
2026-07-04; 10:33:55; 403; 0; 36.74; 1013.56140625; 18.1669921875
2026-07-04; 10:34:55; 408; 1; 36.77; 1013.5335546875; 17.982421875
2026-07-04; 10:35:55; 408; 1; 36.76; 1013.5100390625; 17.888671875
2026-07-04; 10:36:55; 408; 1; 36.75; 1013.4942578125; 17.900390625
2026-07-04; 10:37:55; 400; 0; 36.76; 1013.4548046875; 17.947265625
2026-07-04; 10:38:55; 405; 0; 36.75; 1013.446796875; 17.9580078125
2026-07-04; 10:39:55; 408; 1; 36.79; 1013.4744921875; 18.0869140625
2026-07-04; 10:40:55; 413; 1; 36.78; 1013.5216796875; 18.1103515625
2026-07-04; 10:41:55; 415; 2; 36.77; 1013.4783203125; 17.947265625
2026-07-04; 10:42:55; 418; 2; 36.78; 1013.486328125; 17.9248046875
2026-07-04; 10:43:55; 418; 2; 36.78; 1013.46640625; 17.80859375
2026-07-04; 10:44:55; 413; 1; 36.74; 1013.506171875; 17.9921875
2026-07-04; 10:45:55; 405; 0; 36.72; 1013.4469921875; 17.8759765625
2026-07-04; 10:46:55; 405; 0; 36.71; 1013.4864453125; 17.8408203125
2026-07-04; 10:47:55; 405; 0; 36.73; 1013.5180078125; 17.8994140625
2026-07-04; 10:48:55; 408; 1; 36.74; 1013.4508984375; 17.841796875
2026-07-04; 10:49:56; 408; 1; 36.76; 1013.4625390625; 17.8427734375
2026-07-04; 10:50:56; 413; 1; 36.81; 1013.48609375; 17.92578125
2026-07-04; 10:51:56; 413; 1; 36.79; 1013.426953125; 17.7861328125
2026-07-04; 10:52:56; 408; 1; 36.78; 1013.383515625; 17.7158203125
2026-07-04; 10:53:56; 408; 1; 36.82; 1013.4112109375; 17.787109375
2026-07-04; 10:54:56; 413; 1; 36.85; 1013.395234375; 17.9267578125
2026-07-04; 10:55:56; 413; 1; 36.88; 1013.4425390625; 17.9052734375
2026-07-04; 10:56:56; 418; 2; 36.89; 1013.4306640625; 17.77734375
2026-07-04; 10:57:56; 422; 3; 36.89; 1013.375390625; 17.6962890625
2026-07-04; 10:58:56; 422; 3; 36.88; 1013.4226171875; 17.6845703125
2026-07-04; 10:59:56; 418; 2; 36.91; 1013.4069140625; 17.8134765625
2026-07-04; 11:00:56; 435; 5; 36.88; 1013.387265625; 17.986328125
2026-07-04; 11:01:56; 435; 5; 36.9; 1013.288359375; 17.720703125
2026-07-04; 11:02:56; 433; 5; 36.93; 1013.335625; 17.8486328125
2026-07-04; 11:03:56; 424; 3; 36.97; 1013.280703125; 17.6298828125
2026-07-04; 11:04:56; 422; 3; 36.98; 1013.379375; 17.828125
2026-07-04; 11:05:56; 418; 2; 37.01; 1013.280390625; 17.666015625
2026-07-04; 11:06:56; 424; 3; 36.95; 1013.2842578125; 17.6064453125
2026-07-04; 11:07:56; 418; 2; 36.96; 1013.2173828125; 17.513671875
2026-07-04; 11:08:56; 435; 5; 36.96; 1013.245; 17.5947265625
2026-07-04; 11:09:56; 435; 5; 36.97; 1013.2254296875; 17.6884765625
2026-07-04; 11:10:56; 435; 5; 36.97; 1013.253046875; 17.583984375
2026-07-04; 11:11:56; 452; 7; 36.98; 1013.241171875; 17.76953125
2026-07-04; 11:12:56; 448; 7; 37.05; 1013.2685546875; 17.7265625
2026-07-04; 11:13:56; 448; 7; 37.04; 1013.217109375; 17.7255859375
2026-07-04; 11:14:56; 452; 7; 37.02; 1013.193671875; 17.736328125
2026-07-04; 11:15:56; 460; 9; 37.05; 1013.2408984375; 17.6220703125
2026-07-04; 11:16:56; 463; 9; 37.07; 1013.153828125; 17.576171875
2026-07-04; 11:17:56; 463; 9; 37.04; 1013.1422265625; 17.6796875
2026-07-04; 11:18:56; 475; 11; 37.09; 1013.221015625; 17.5419921875
2026-07-04; 11:19:57; 482; 12; 37.08; 1013.1972265625; 17.587890625
2026-07-04; 11:20:57; 486; 13; 37.08; 1013.1972265625; 17.7275390625
2026-07-04; 11:21:57; 482; 12; 37.09; 1013.240625; 17.5185546875
2026-07-04; 11:22:57; 482; 12; 37.11; 1013.1615625; 17.6474609375
2026-07-04; 11:23:57; 497; 14; 37.09; 1013.1104296875; 17.5302734375
2026-07-04; 11:24:57; 492; 14; 37.08; 1013.0590234375; 17.7275390625
2026-07-04; 11:25:57; 497; 14; 37.11; 1013.113984375; 17.6357421875
2026-07-04; 11:26:57; 514; 17; 37.12; 1013.0944140625; 17.578125
2026-07-04; 11:27:57; 519; 18; 37.15; 1013.0587109375; 17.66015625
2026-07-04; 11:28:57; 519; 18; 37.15; 1013.0587109375; 17.521484375
2026-07-04; 11:29:57; 501; 15; 37.18; 1013.0506640625; 17.591796875
2026-07-04; 11:30:57; 503; 15; 37.19; 1013.0583984375; 17.662109375
2026-07-04; 11:31:57; 519; 18; 37.23; 1013.0108203125; 17.53515625
2026-07-04; 11:32:57; 519; 18; 37.21; 1013.015; 17.4189453125
2026-07-04; 11:33:57; 524; 18; 37.2; 1012.96359375; 17.5107421875
2026-07-04; 11:34:57; 537; 20; 37.22; 1013.050390625; 17.546875
2026-07-04; 11:35:57; 537; 20; 37.2; 1013.0188671875; 17.4296875
2026-07-04; 11:36:57; 534; 148; 37.18; 1013.0150390625; 17.603515625
2026-07-04; 11:37:57; 503; 15; 37.19; 1013.0387890625; 17.40625
2026-07-04; 11:38:57; 503; 15; 37.21; 1012.9240234375; 17.5
2026-07-04; 11:39:57; 514; 17; 37.21; 1012.98734375; 17.4423828125
2026-07-04; 11:40:57; 503; 15; 37.27; 1012.963203125; 17.4443359375
2026-07-04; 11:41:57; 492; 14; 37.25; 1012.93171875; 17.2578125
2026-07-04; 11:42:57; 482; 12; 37.27; 1012.94359375; 17.29296875
2026-07-04; 11:43:57; 480; 12; 37.26; 1013.0384375; 17.3857421875
2026-07-04; 11:44:57; 480; 12; 37.26; 1012.95546875; 17.2353515625
2026-07-04; 11:45:57; 475; 11; 37.31; 1012.915625; 17.224609375
2026-07-04; 11:46:57; 455; 8; 37.35; 1012.92328125; 17.2734375
2026-07-04; 11:47:57; 455; 8; 37.4; 1012.938671875; 17.1005859375
2026-07-04; 11:48:57; 460; 9; 37.45; 1012.9546875; 17.16015625
2026-07-04; 11:49:57; 455; 8; 37.39; 1012.9229296875; 17.193359375
2026-07-04; 11:50:57; 455; 8; 37.45; 1012.8993359375; 17.3232421875
2026-07-04; 11:51:57; 460; 9; 37.52; 1012.906640625; 17.0703125
2026-07-04; 11:52:57; 475; 11; 37.54; 1012.91046875; 17.1171875
2026-07-04; 11:53:58; 475; 11; 37.53; 1012.8593359375; 16.9892578125
2026-07-04; 11:54:58; 455; 8; 37.53; 1012.9223828125; 17.0244140625
2026-07-04; 11:55:58; 460; 9; 37.62; 1012.93765625; 17.0966796875
2026-07-04; 11:56:58; 452; 7; 37.6; 1012.8508203125; 16.8984375
2026-07-04; 11:57:58; 443; 6; 37.62; 1012.8903515625; 17.05078125
2026-07-04; 11:58:58; 455; 8; 37.58; 1012.8550390625; 17.0380859375
2026-07-04; 11:59:58; 455; 8; 37.61; 1012.902265625; 16.9111328125
2026-07-04; 12:00:58; 452; 7; 37.63; 1012.7951171875; 16.876953125
2026-07-04; 12:01:58; 455; 8; 37.58; 1012.882734375; 16.83984375
2026-07-04; 12:02:58; 455; 8; 37.65; 1012.901875; 16.8427734375
2026-07-04; 12:03:58; 452; 7; 37.66; 1012.8146484375; 16.912109375
2026-07-04; 12:04:58; 452; 7; 37.69; 1012.7512109375; 16.9716796875
2026-07-04; 12:05:58; 455; 8; 37.74; 1012.7587890625; 16.857421875
2026-07-04; 12:06:58; 452; 7; 37.7; 1012.7315234375; 16.9140625
2026-07-04; 12:07:58; 455; 8; 37.71; 1012.7473046875; 16.87890625
2026-07-04; 12:08:58; 463; 9; 37.68; 1012.7830859375; 17.005859375
2026-07-04; 12:09:58; 475; 11; 37.74; 1012.739140625; 16.833984375
2026-07-04; 12:10:58; 475; 11; 37.71; 1012.691953125; 16.7978515625
2026-07-04; 12:11:58; 460; 9; 37.75; 1012.7548828125; 16.7529296875
2026-07-04; 12:12:58; 470; 10; 37.82; 1012.6990234375; 16.8486328125
2026-07-04; 12:13:58; 455; 8; 37.78; 1012.69140625; 16.7421875
2026-07-04; 12:14:58; 475; 11; 37.78; 1012.7110546875; 16.9169921875
2026-07-04; 12:15:58; 480; 12; 37.76; 1012.6599609375; 16.7421875
2026-07-04; 12:16:58; 486; 13; 37.77; 1012.6756640625; 16.8466796875
2026-07-04; 12:17:58; 482; 12; 37.77; 1012.59265625; 16.7421875
2026-07-04; 12:18:58; 492; 14; 37.77; 1012.6123046875; 16.7998046875
2026-07-04; 12:19:58; 492; 14; 37.78; 1012.5726953125; 16.75390625
2026-07-04; 12:20:58; 514; 17; 37.75; 1012.5888671875; 16.845703125
2026-07-04; 12:21:58; 514; 17; 37.83; 1012.596015625; 16.767578125
2026-07-04; 12:22:58; 501; 15; 37.87; 1012.5758984375; 16.7578125
2026-07-04; 12:23:58; 501; 15; 37.84; 1012.6751171875; 16.802734375
2026-07-04; 12:24:58; 497; 14; 37.84; 1012.5644140625; 16.7099609375
2026-07-04; 12:25:58; 492; 14; 37.84; 1012.5644140625; 16.861328125
2026-07-04; 12:26:58; 480; 12; 37.85; 1012.497109375; 16.640625
2026-07-04; 12:27:58; 475; 11; 37.8; 1012.501484375; 16.7666015625
2026-07-04; 12:28:58; 470; 10; 37.79; 1012.4857421875; 16.7431640625
2026-07-04; 12:29:58; 482; 12; 37.8; 1012.501484375; 16.8017578125
2026-07-04; 12:30:58; 486; 13; 37.85; 1012.4694140625; 16.7919921875
2026-07-04; 12:31:58; 501; 15; 37.84; 1012.501015625; 16.861328125
2026-07-04; 12:32:58; 501; 15; 37.83; 1012.4656640625; 16.814453125
2026-07-04; 12:33:58; 514; 17; 37.82; 1012.4776171875; 16.8486328125
2026-07-04; 12:34:58; 503; 15; 37.91; 1012.5477734375; 16.7705078125
2026-07-04; 12:35:58; 497; 14; 37.82; 1012.422265625; 16.732421875
2026-07-04; 12:36:59; 492; 14; 37.86; 1012.48515625; 16.7109375
2026-07-04; 12:37:59; 497; 14; 37.84; 1012.398359375; 16.837890625
2026-07-04; 12:38:59; 497; 14; 37.83; 1012.4656640625; 16.791015625
2026-07-04; 12:39:59; 497; 14; 37.88; 1012.4532421875; 16.72265625
2026-07-04; 12:40:59; 480; 12; 37.8; 1012.4461328125; 16.7548828125
2026-07-04; 12:41:59; 480; 12; 37.83; 1012.4103125; 16.767578125
2026-07-04; 12:42:59; 463; 9; 37.82; 1012.3669140625; 16.8720703125
2026-07-04; 12:43:59; 455; 8; 37.78; 1012.38703125; 16.77734375
2026-07-04; 12:44:59; 452; 7; 37.77; 1012.34359375; 16.8818359375
2026-07-04; 12:45:59; 460; 9; 37.82; 1012.3669140625; 16.8251953125
2026-07-04; 12:46:59; 460; 9; 37.84; 1012.3430078125; 16.7685546875
2026-07-04; 12:47:59; 470; 10; 37.81; 1012.351171875; 16.953125
2026-07-04; 12:48:59; 470; 10; 37.81; 1012.4065234375; 16.8134765625
2026-07-04; 12:49:59; 475; 11; 37.86; 1012.449453125; 16.8154296875
2026-07-04; 12:50:59; 482; 12; 37.81; 1012.2878125; 16.8134765625
2026-07-04; 12:51:59; 480; 12; 37.81; 1012.3155078125; 16.708984375
2026-07-04; 12:52:59; 482; 12; 37.79; 1012.31171875; 16.84765625
2026-07-04; 12:53:59; 492; 14; 37.84; 1012.26; 16.849609375
2026-07-04; 12:54:59; 482; 12; 37.79; 1012.264375; 16.9052734375
2026-07-04; 12:55:59; 482; 12; 37.82; 1012.2562109375; 16.8486328125
2026-07-04; 12:56:59; 470; 10; 37.83; 1012.23625; 16.8720703125
2026-07-04; 12:57:59; 470; 10; 37.83; 1012.26390625; 16.8955078125
2026-07-04; 12:58:59; 455; 8; 37.81; 1012.177109375; 16.8369140625
2026-07-04; 12:59:59; 463; 9; 37.8; 1012.1970703125; 16.87109375
2026-07-04; 13:00:59; 448; 7; 37.86; 1012.200390625; 16.8154296875
2026-07-04; 13:01:59; 455; 8; 37.8; 1012.1060546875; 16.89453125
2026-07-04; 13:02:59; 463; 9; 37.85; 1012.1846875; 16.849609375
2026-07-04; 13:03:59; 480; 12; 37.76; 1012.153828125; 16.939453125
2026-07-04; 13:04:59; 475; 11; 37.8; 1012.050703125; 16.89453125
2026-07-04; 13:05:59; 475; 11; 37.87; 1012.050078125; 16.8037109375
2026-07-04; 13:06:59; 470; 10; 37.82; 1012.1178515625; 16.8603515625
2026-07-04; 13:07:59; 463; 9; 37.82; 1012.09015625; 16.9306640625
2026-07-04; 13:08:59; 463; 9; 37.8; 1012.050703125; 16.87109375
2026-07-04; 13:09:59; 463; 9; 37.8; 1012.050703125; 16.91796875
2026-07-04; 13:10:59; 475; 11; 37.84; 1011.9832421875; 16.873046875
2026-07-04; 13:11:59; 475; 11; 37.86; 1012.06203125; 16.896484375
2026-07-04; 13:12:59; 463; 9; 37.82; 1012.0348046875; 16.8251953125
2026-07-04; 13:13:59; 455; 8; 37.83; 1011.9871875; 16.8603515625
2026-07-04; 13:14:59; 455; 8; 37.82; 1011.979453125; 16.8603515625
2026-07-04; 13:15:59; 452; 7; 37.84; 1012.03859375; 16.849609375
2026-07-04; 13:16:59; 470; 10; 37.84; 1011.9001953125; 16.908203125
2026-07-04; 13:17:59; 455; 8; 37.79; 1011.9599609375; 16.9287109375
2026-07-04; 13:18:59; 452; 7; 37.83; 1011.884453125; 16.8955078125
2026-07-04; 13:20:00; 452; 7; 37.82; 1011.86078125; 16.8837890625
2026-07-04; 13:21:00; 435; 5; 37.8; 1011.8846875; 16.87109375
2026-07-04; 13:22:00; 452; 7; 37.83; 1011.829140625; 16.8837890625
2026-07-04; 13:23:00; 470; 10; 37.86; 1011.903984375; 16.8388671875
2026-07-04; 13:24:00; 480; 12; 37.84; 1011.8091796875; 16.9423828125
2026-07-04; 13:25:00; 480; 12; 37.84; 1011.8171875; 16.896484375
2026-07-04; 13:26:00; 475; 11; 37.85; 1011.8248828125; 16.908203125
2026-07-04; 13:27:00; 470; 10; 37.83; 1011.9398046875; 16.9189453125
2026-07-04; 13:28:00; 460; 9; 37.8; 1011.801640625; 16.91796875
2026-07-04; 13:29:00; 455; 8; 37.83; 1011.829140625; 17.01171875
2026-07-04; 13:30:00; 443; 6; 37.79; 1011.7939453125; 16.9287109375
2026-07-04; 13:31:00; 443; 6; 37.84; 1011.753828125; 16.9189453125
2026-07-04; 13:32:00; 448; 7; 37.79; 1011.821640625; 16.9521484375
2026-07-04; 13:33:00; 439; 5; 37.72; 1011.822265625; 16.984375
2026-07-04; 13:34:00; 424; 3; 37.7; 1011.6801171875; 16.94921875
2026-07-04; 13:35:00; 400; 0; 37.73; 1011.7273046875; 16.9267578125
2026-07-04; 13:36:00; 400; 0; 37.75; 1011.648046875; 16.916015625
2026-07-04; 13:37:00; 400; 0; 37.7; 1011.66015625; 16.8681640625
2026-07-04; 13:38:00; 402; 0; 37.69; 1011.6644140625; 16.9482421875
2026-07-04; 13:39:00; 405; 0; 37.72; 1011.7115625; 16.92578125
2026-07-04; 13:40:00; 428; 4; 37.76; 1011.66375; 16.892578125
2026-07-04; 13:41:00; 434; 5; 37.74; 1011.68765625; 16.916015625
2026-07-04; 13:42:00; 428; 4; 37.68; 1011.6487109375; 16.9716796875
2026-07-04; 13:43:00; 439; 5; 37.74; 1011.63234375; 16.9384765625
2026-07-04; 13:44:00; 439; 5; 37.78; 1011.631875; 16.8935546875
2026-07-04; 13:45:00; 448; 7; 37.74; 1011.6796875; 16.9384765625
2026-07-04; 13:46:00; 457; 8; 37.69; 1011.6091015625; 16.9951171875
2026-07-04; 13:47:00; 444; 6; 37.71; 1011.5851953125; 16.92578125
2026-07-04; 13:48:00; 457; 8; 37.67; 1011.6330078125; 16.994140625
2026-07-04; 13:49:00; 457; 8; 37.67; 1011.57765625; 17.017578125
2026-07-04; 13:50:00; 448; 7; 37.69; 1011.52609375; 17.0185546875
2026-07-04; 13:51:00; 457; 8; 37.65; 1011.49859375; 17.0283203125
2026-07-04; 13:52:00; 463; 9; 37.63; 1011.5148046875; 17.0625
2026-07-04; 13:53:00; 480; 12; 37.67; 1011.50234375; 16.994140625
2026-07-04; 13:54:00; 454; 8; 37.69; 1011.45078125; 17.0185546875
2026-07-04; 13:55:00; 428; 4; 37.61; 1011.436015625; 16.9921875
2026-07-04; 13:56:00; 428; 4; 37.61; 1011.4003515625; 17.0732421875
2026-07-04; 13:57:00; 428; 4; 37.61; 1011.4003515625; 17.0380859375
2026-07-04; 13:58:00; 434; 5; 37.62; 1011.3883984375; 17.0390625
2026-07-04; 13:59:00; 439; 5; 37.59; 1011.459921875; 17.107421875
2026-07-04; 14:00:00; 448; 7; 37.62; 1011.39640625; 17.05078125
2026-07-04; 14:01:00; 444; 6; 37.61; 1011.380703125; 17.015625
2026-07-04; 14:02:01; 444; 6; 37.58; 1011.353203125; 17.095703125
2026-07-04; 14:03:01; 448; 7; 37.62; 1011.3883984375; 17.07421875
2026-07-04; 14:04:01; 434; 5; 37.57; 1011.3178125; 17.013671875
2026-07-04; 14:05:01; 418; 2; 37.59; 1011.3492578125; 17.0380859375
2026-07-04; 14:06:01; 424; 3; 37.57; 1011.29015625; 16.9560546875
2026-07-04; 14:07:01; 428; 4; 37.6; 1011.2462890625; 17.0498046875
2026-07-04; 14:08:01; 434; 5; 37.65; 1011.2219140625; 16.9931640625
2026-07-04; 14:09:01; 439; 5; 37.63; 1011.301171875; 16.9345703125
2026-07-04; 14:10:01; 454; 8; 37.64; 1011.2615625; 16.9814453125
2026-07-04; 14:11:01; 475; 11; 37.62; 1011.2223828125; 17.05078125
2026-07-04; 14:12:01; 486; 13; 37.61; 1011.18703125; 17.0615234375
2026-07-04; 14:13:01; 496; 14; 37.59; 1011.1555859375; 17.083984375
2026-07-04; 14:14:01; 492; 14; 37.58; 1011.195234375; 17.060546875
2026-07-04; 14:15:01; 480; 12; 37.63; 1011.1274609375; 17.015625
2026-07-04; 14:16:01; 480; 12; 37.6; 1011.191015625; 17.0380859375
2026-07-04; 14:17:01; 480; 12; 37.61; 1011.1513671875; 17.0498046875
2026-07-04; 14:18:01; 475; 11; 37.62; 1011.064453125; 16.9921875
2026-07-04; 14:19:01; 475; 11; 37.6; 1011.088359375; 17.00390625
2026-07-04; 14:20:01; 470; 10; 37.6; 1011.0250390625; 16.9794921875
2026-07-04; 14:21:01; 470; 10; 37.58; 1011.02125; 17.013671875
2026-07-04; 14:22:01; 457; 8; 37.59; 1011.045; 16.9794921875
2026-07-04; 14:23:01; 454; 8; 37.59; 1011.064609375; 16.9912109375
2026-07-04; 14:24:01; 454; 8; 37.56; 1011.0255078125; 17.013671875
2026-07-04; 14:25:01; 439; 5; 37.52; 1011.01796875; 17.046875
2026-07-04; 14:26:01; 448; 7; 37.53; 1011.088984375; 17.0703125
2026-07-04; 14:27:01; 457; 8; 37.53; 1011.04140625; 17.10546875
2026-07-04; 14:28:01; 475; 11; 37.54; 1011.02171875; 17.0478515625
2026-07-04; 14:29:01; 457; 8; 37.54; 1011.029453125; 17.0244140625
2026-07-04; 14:30:01; 470; 10; 37.6; 1011.0526953125; 16.9677734375
2026-07-04; 14:31:01; 475; 11; 37.54; 1011.0017578125; 17.0126953125
2026-07-04; 14:32:01; 475; 11; 37.58; 1011.0016015625; 17.0146484375
2026-07-04; 14:33:01; 454; 8; 37.54; 1011.0017578125; 17.0126953125
2026-07-04; 14:34:01; 463; 9; 37.5; 1010.9112890625; 17.0224609375
2026-07-04; 14:35:01; 457; 8; 37.54; 1010.9940625; 16.9892578125
2026-07-04; 14:36:01; 454; 8; 37.52; 1010.8519921875; 17.01171875
2026-07-04; 14:37:01; 470; 10; 37.52; 1010.8597265625; 17.0703125
2026-07-04; 14:38:01; 480; 12; 37.49; 1010.8955859375; 17.103515625
2026-07-04; 14:39:01; 508; 16; 37.54; 1010.8911328125; 17.0478515625
2026-07-04; 14:40:01; 540; 21; 37.5; 1010.9112890625; 17.138671875
2026-07-04; 14:41:01; 540; 21; 37.52; 1010.83203125; 17.0703125
2026-07-04; 14:42:01; 529; 19; 37.52; 1010.83203125; 17.1171875
2026-07-04; 14:43:01; 546; 22; 37.55; 1010.871484375; 17.0830078125
2026-07-04; 14:44:01; 552; 23; 37.56; 1010.8119140625; 17.072265625
2026-07-04; 14:45:02; 566; 25; 37.52; 1010.83203125; 17.08203125
2026-07-04; 14:46:02; 546; 22; 37.52; 1010.8519921875; 17.046875
2026-07-04; 14:47:02; 540; 21; 37.5; 1010.77296875; 17.0927734375
2026-07-04; 14:48:02; 534; 20; 37.55; 1010.816171875; 17.0361328125
2026-07-04; 14:49:02; 529; 19; 37.55; 1010.7408984375; 17.025390625
2026-07-04; 14:50:02; 540; 21; 37.51; 1010.836328125; 17.03515625
2026-07-04; 14:51:02; 501; 15; 37.47; 1010.7181640625; 17.021484375
2026-07-04; 14:52:02; 496; 14; 37.54; 1010.7727734375; 17.0244140625
2026-07-04; 14:53:02; 508; 16; 37.48; 1010.71390625; 17.0458984375
2026-07-04; 14:54:02; 529; 19; 37.48; 1010.796875; 17.0458984375
2026-07-04; 14:55:02; 546; 22; 37.52; 1010.7137109375; 17.08203125
2026-07-04; 14:56:02; 588; 28; 37.52; 1010.69375; 17.140625
2026-07-04; 14:57:02; 615; 32; 37.52; 1010.77671875; 17.10546875
2026-07-04; 14:58:02; 629; 34; 37.49; 1010.701953125; 17.126953125
2026-07-04; 14:59:02; 650; 38; 37.53; 1010.681796875; 17.10546875
2026-07-04; 15:00:02; 643; 37; 37.53; 1010.6741015625; 17.09375
2026-07-04; 15:01:02; 623; 33; 37.52; 1010.7137109375; 17.1162109375
2026-07-04; 15:02:02; 615; 32; 37.53; 1010.598828125; 17.09375
2026-07-04; 15:03:02; 629; 34; 37.5; 1010.6623828125; 17.1162109375
2026-07-04; 15:04:02; 629; 34; 37.53; 1010.709453125; 17.1171875
2026-07-04; 15:05:02; 623; 33; 37.52; 1010.72140625; 17.09375
2026-07-04; 15:06:02; 637; 36; 37.53; 1010.7017578125; 17.1171875
2026-07-04; 15:07:02; 629; 34; 37.51; 1010.6150390625; 17.1044921875
2026-07-04; 15:08:02; 629; 34; 37.51; 1010.705703125; 17.1396484375
2026-07-04; 15:09:02; 643; 37; 37.5; 1010.60703125; 17.1279296875
2026-07-04; 15:10:02; 623; 33; 37.51; 1010.567421875; 17.1044921875
2026-07-04; 15:11:02; 637; 36; 37.52; 1010.4371484375; 17.09375
2026-07-04; 15:12:02; 629; 34; 37.52; 1010.50015625; 17.08203125
2026-07-04; 15:13:02; 629; 34; 37.52; 1010.50015625; 17.1171875
2026-07-04; 15:14:02; 605; 31; 37.51; 1010.4844140625; 17.0810546875
2026-07-04; 15:15:02; 629; 34; 37.54; 1010.4685546875; 17.09375
2026-07-04; 15:16:02; 605; 31; 37.52; 1010.4648046875; 17.0703125
2026-07-04; 15:17:02; 623; 33; 37.53; 1010.5358203125; 17.0703125
2026-07-04; 15:18:02; 629; 34; 37.54; 1010.55921875; 17.0361328125
2026-07-04; 15:19:02; 629; 34; 37.54; 1010.50390625; 17.0830078125
2026-07-04; 15:20:02; 683; 43; 37.54; 1010.47625; 17.0712890625
2026-07-04; 15:21:02; 683; 43; 37.54; 1010.4208984375; 17.0595703125
2026-07-04; 15:22:02; 712; 47; 37.54; 1010.47625; 17.0712890625
2026-07-04; 15:23:02; 768; 56; 37.52; 1010.4648046875; 17.1279296875
2026-07-04; 15:24:02; 759; 54; 37.51; 1010.47671875; 17.1162109375
2026-07-04; 15:25:02; 749; 53; 37.51; 1010.4490625; 17.1513671875
2026-07-04; 15:26:02; 749; 53; 37.49; 1010.4453125; 17.091796875
2026-07-04; 15:27:02; 768; 56; 37.5; 1010.44109375; 17.1162109375
2026-07-04; 15:28:03; 712; 47; 37.49; 1010.3976953125; 17.0224609375
2026-07-04; 15:29:03; 692; 44; 37.5; 1010.4887109375; 17.0458984375
2026-07-04; 15:30:03; 700; 45; 37.48; 1010.4573046875; 17.068359375
2026-07-04; 15:31:03; 692; 44; 37.49; 1010.4253515625; 17.0458984375
2026-07-04; 15:32:03; 675; 41; 37.49; 1010.3346875; 17.0576171875
2026-07-04; 15:33:03; 732; 50; 37.49; 1010.3700390625; 17.0576171875
2026-07-04; 15:34:03; 719; 48; 37.48; 1010.32671875; 17.080078125
2026-07-04; 15:35:03; 712; 47; 37.5; 1010.38578125; 17.0576171875
2026-07-04; 15:36:03; 712; 47; 37.49; 1010.4253515625; 17.0810546875
2026-07-04; 15:37:03; 712; 47; 37.47; 1010.2833203125; 17.080078125
2026-07-04; 15:38:03; 719; 48; 37.46; 1010.2599609375; 17.1494140625
2026-07-04; 15:39:03; 759; 54; 37.47; 1010.275625; 17.1142578125
2026-07-04; 15:40:03; 742; 52; 37.47; 1010.2833203125; 17.068359375
2026-07-04; 15:41:03; 719; 48; 37.47; 1010.24796875; 17.044921875
2026-07-04; 15:42:03; 692; 44; 37.47; 1010.275625; 16.9638671875
2026-07-04; 15:43:03; 683; 43; 37.47; 1010.2833203125; 16.9990234375
2026-07-04; 15:44:03; 712; 47; 37.46; 1010.1846875; 17.021484375
2026-07-04; 15:45:03; 732; 50; 37.46; 1010.2046484375; 17.009765625
2026-07-04; 15:46:03; 712; 47; 37.46; 1010.1846875; 16.986328125
2026-07-04; 15:47:03; 712; 47; 37.46; 1010.1846875; 16.9638671875
2026-07-04; 15:48:03; 712; 47; 37.43; 1010.247890625; 17.0673828125
2026-07-04; 15:49:03; 759; 54; 37.45; 1010.18890625; 17.0673828125
2026-07-04; 15:50:03; 768; 56; 37.45; 1010.2242578125; 17.0791015625
2026-07-04; 15:51:03; 759; 54; 37.49; 1010.2594140625; 17.0224609375
2026-07-04; 15:52:03; 768; 56; 37.47; 1010.2003515625; 17.033203125
2026-07-04; 15:53:03; 776; 57; 37.46; 1010.21234375; 17.009765625
2026-07-04; 15:54:03; 795; 60; 37.46; 1010.2046484375; 17.009765625
2026-07-04; 15:55:03; 795; 60; 37.45; 1010.2795703125; 16.998046875
2026-07-04; 15:56:03; 768; 56; 37.44; 1010.180625; 17.0205078125
2026-07-04; 15:57:03; 768; 56; 37.45; 1010.13359375; 16.986328125
2026-07-04; 15:58:03; 768; 56; 37.42; 1010.1019140625; 16.9853515625
2026-07-04; 15:59:03; 759; 54; 37.44; 1010.180625; 16.974609375
2026-07-04; 16:00:03; 749; 53; 37.43; 1010.220234375; 16.9619140625
2026-07-04; 16:01:03; 742; 52; 37.44; 1010.2359375; 16.974609375
2026-07-04; 16:02:03; 804; 61; 37.47; 1010.1096875; 17.033203125
2026-07-04; 16:03:03; 785; 58; 37.47; 1010.2203125; 16.9638671875
2026-07-04; 16:04:03; 776; 57; 37.44; 1010.07; 16.974609375
2026-07-04; 16:05:03; 785; 58; 37.44; 1010.04234375; 17.0205078125
2026-07-04; 16:06:03; 759; 54; 37.44; 1010.0899609375; 17.0087890625
2026-07-04; 16:07:03; 795; 60; 37.45; 1010.086015625; 16.951171875
2026-07-04; 16:08:03; 795; 60; 37.47; 1010.1096875; 16.998046875
2026-07-04; 16:09:03; 795; 60; 37.43; 1009.998984375; 17.0205078125
2026-07-04; 16:10:03; 815; 63; 37.44; 1010.0069921875; 17.0205078125
2026-07-04; 16:11:04; 815; 63; 37.42; 1010.0662890625; 16.99609375
2026-07-04; 16:12:04; 776; 57; 37.42; 1009.9912890625; 16.9970703125
2026-07-04; 16:13:04; 749; 53; 37.41; 1010.00328125; 17.03125
2026-07-04; 16:14:04; 768; 56; 37.42; 1009.9912890625; 16.9619140625
2026-07-04; 16:15:04; 749; 53; 37.44; 1010.0069921875; 17.0087890625
2026-07-04; 16:16:04; 749; 53; 37.42; 1009.9636328125; 17.0205078125
2026-07-04; 16:17:04; 815; 63; 37.44; 1010.0069921875; 17.0556640625
2026-07-04; 16:18:04; 844; 67; 37.45; 1010.003046875; 16.962890625
2026-07-04; 16:19:04; 834; 66; 37.44; 1009.98703125; 16.986328125
2026-07-04; 16:20:04; 844; 67; 37.46; 1009.983359375; 16.974609375
2026-07-04; 16:21:04; 857; 69; 37.45; 1009.9953515625; 17.0087890625
2026-07-04; 16:22:04; 844; 67; 37.44; 1009.959375; 16.986328125
2026-07-04; 16:23:04; 834; 66; 37.42; 1010.0466015625; 17.0087890625
2026-07-04; 16:24:04; 815; 63; 37.41; 1010.00328125; 17.01953125
2026-07-04; 16:25:04; 825; 64; 37.41; 1009.975625; 17.0546875
2026-07-04; 16:26:04; 834; 66; 37.42; 1009.9083203125; 17.0205078125
2026-07-04; 16:27:04; 870; 71; 37.44; 1009.9516796875; 17.0205078125
2026-07-04; 16:28:04; 870; 71; 37.44; 1009.9040625; 17.0322265625
2026-07-04; 16:29:04; 857; 69; 37.42; 1009.9083203125; 17.0087890625
2026-07-04; 16:30:04; 857; 69; 37.46; 1009.8527734375; 17.033203125
2026-07-04; 16:31:04; 857; 69; 37.43; 1009.8883984375; 17.0205078125
2026-07-04; 16:32:04; 834; 66; 37.45; 1009.892421875; 17.009765625
2026-07-04; 16:33:04; 844; 67; 37.45; 1009.8570703125; 17.0205078125
2026-07-04; 16:34:04; 880; 73; 37.45; 1009.8570703125; 17.0322265625
2026-07-04; 16:35:04; 895; 75; 37.44; 1009.9040625; 17.0791015625
2026-07-04; 16:36:04; 915; 78; 37.47; 1009.8408203125; 17.056640625
2026-07-04; 16:37:04; 925; 79; 37.45; 1009.837109375; 17.033203125
2026-07-04; 16:38:04; 964; 85; 37.47; 1009.91609375; 17.056640625
2026-07-04; 16:39:04; 964; 85; 37.45; 1009.9123828125; 17.0673828125
2026-07-04; 16:40:04; 954; 84; 37.45; 1009.9123828125; 17.0556640625
2026-07-04; 16:41:04; 942; 82; 37.44; 1009.93171875; 17.0791015625
2026-07-04; 16:42:04; 954; 84; 37.43; 1009.9437109375; 17.1015625
2026-07-04; 16:43:04; 977; 87; 37.43; 1009.8330859375; 17.11328125
2026-07-04; 16:44:04; 1014; 93; 37.39; 1009.83359375; 17.1357421875
2026-07-04; 16:45:04; 1038; 97; 37.41; 1009.8569921875; 17.1357421875
2026-07-04; 16:46:04; 1038; 97; 37.42; 1009.7897265625; 17.1357421875
2026-07-04; 16:47:04; 990; 89; 37.4; 1009.7859765625; 17.146484375
2026-07-04; 16:48:04; 942; 82; 37.41; 1009.6910546875; 17.1123046875
2026-07-04; 16:49:04; 925; 79; 37.4; 1009.7859765625; 17.1357421875
2026-07-04; 16:50:04; 915; 78; 37.39; 1009.83359375; 17.1357421875
2026-07-04; 16:51:04; 915; 78; 37.39; 1009.77828125; 17.146484375
2026-07-04; 16:52:04; 954; 84; 37.41; 1009.8846484375; 17.1474609375
2026-07-04; 16:53:04; 977; 87; 37.41; 1009.8096875; 17.1123046875
2026-07-04; 16:54:05; 1004; 92; 37.42; 1009.797734375; 17.1015625
2026-07-04; 16:55:05; 1050; 99; 37.43; 1009.6948046875; 17.16015625
2026-07-04; 16:56:05; 1050; 99; 37.44; 1009.76578125; 17.125
2026-07-04; 16:57:05; 1093; 105; 37.45; 1009.7464453125; 17.16015625
2026-07-04; 16:58:05; 1093; 105; 37.43; 1009.7224609375; 17.1484375
2026-07-04; 16:59:05; 1081; 103; 37.42; 1009.7344140625; 17.1591796875
2026-07-04; 17:00:05; 1081; 103; 37.42; 1009.604140625; 17.13671875
2026-07-04; 17:01:05; 1093; 105; 37.43; 1009.6671484375; 17.1943359375
2026-07-04; 17:02:05; 1105; 107; 37.43; 1009.6394921875; 17.16015625
2026-07-04; 17:03:05; 1140; 112; 37.4; 1009.6280859375; 17.205078125
2026-07-04; 17:04:05; 1168; 117; 37.42; 1009.5408203125; 17.1943359375
2026-07-04; 17:05:05; 1153; 114; 37.43; 1009.5565234375; 17.1943359375
2026-07-04; 17:06:05; 1168; 117; 37.44; 1009.5644921875; 17.1943359375
2026-07-04; 17:07:05; 1191; 120; 37.42; 1009.576484375; 17.1826171875
2026-07-04; 17:08:05; 1204; 122; 37.42; 1009.631796875; 17.1708984375
2026-07-04; 17:09:05; 1220; 124; 37.42; 1009.5684765625; 17.2060546875
2026-07-04; 17:10:05; 1191; 120; 37.42; 1009.5408203125; 17.1826171875
2026-07-04; 17:11:05; 1204; 122; 37.42; 1009.5684765625; 17.1826171875
2026-07-04; 17:12:05; 1220; 124; 37.39; 1009.5490625; 17.2275390625
2026-07-04; 17:13:05; 1204; 122; 37.42; 1009.5408203125; 17.1826171875
2026-07-04; 17:14:05; 1204; 122; 37.41; 1009.52515625; 17.216796875
2026-07-04; 17:15:05; 1204; 122; 37.39; 1009.5490625; 17.2275390625
2026-07-04; 17:16:05; 1168; 117; 37.44; 1009.5368359375; 17.2294921875
2026-07-04; 17:17:05; 1140; 112; 37.44; 1009.5091796875; 17.2177734375
2026-07-04; 17:18:05; 1105; 107; 37.43; 1009.4182421875; 17.16015625
2026-07-04; 17:19:05; 1125; 110; 37.41; 1009.46984375; 17.216796875
2026-07-04; 17:20:05; 1140; 112; 37.42; 1009.457890625; 17.228515625
2026-07-04; 17:21:05; 1140; 112; 37.41; 1009.46984375; 17.251953125
2026-07-04; 17:22:05; 1168; 117; 37.42; 1009.347265625; 17.251953125
2026-07-04; 17:23:05; 1220; 124; 37.39; 1009.3555078125; 17.2861328125
2026-07-04; 17:24:05; 1220; 124; 37.39; 1009.46609375; 17.2744140625
2026-07-04; 17:25:05; 1220; 124; 37.38; 1009.4227734375; 17.28515625
2026-07-04; 17:26:05; 1242; 128; 37.38; 1009.4227734375; 17.30859375
2026-07-04; 17:27:05; 1277; 133; 37.37; 1009.4347265625; 17.296875
2026-07-04; 17:28:05; 1255; 130; 37.37; 1009.3517578125; 17.3203125
2026-07-04; 17:29:05; 1255; 130; 37.35; 1009.348359375; 17.3076171875
2026-07-04; 17:30:05; 1255; 130; 37.35; 1009.376015625; 17.3310546875
2026-07-04; 17:31:05; 1277; 133; 37.37; 1009.3794140625; 17.34375
2026-07-04; 17:32:05; 1204; 122; 37.37; 1009.3517578125; 17.296875
2026-07-04; 17:33:05; 1242; 128; 37.31; 1009.31328125; 17.3642578125
2026-07-04; 17:34:05; 1255; 130; 37.32; 1009.2736328125; 17.376953125
2026-07-04; 17:35:05; 1242; 128; 37.31; 1009.20265625; 17.3642578125
2026-07-04; 17:36:06; 1153; 114; 37.3; 1009.305234375; 17.283203125
2026-07-04; 17:37:06; 1168; 117; 37.31; 1009.2303125; 17.3525390625
2026-07-04; 17:38:06; 1191; 120; 37.34; 1009.1391015625; 17.3193359375
2026-07-04; 17:39:06; 1168; 117; 37.34; 1009.091484375; 17.3193359375
2026-07-04; 17:40:06; 1153; 114; 37.36; 1009.0951953125; 17.3427734375
2026-07-04; 17:41:06; 1125; 110; 37.35; 1009.1824609375; 17.3310546875
2026-07-04; 17:42:06; 1168; 117; 37.35; 1009.07953125; 17.3779296875
2026-07-04; 17:43:06; 1168; 117; 37.38; 1009.06328125; 17.3203125
2026-07-04; 17:44:06; 1168; 117; 37.34; 1009.0284765625; 17.3427734375
2026-07-04; 17:45:06; 1168; 117; 37.36; 1009.11515625; 17.3544921875
2026-07-04; 17:46:06; 1168; 117; 37.33; 1009.1587890625; 17.365234375
2026-07-04; 17:47:06; 1168; 117; 37.28; 1009.1080078125; 17.4208984375
2026-07-04; 17:48:06; 1168; 117; 37.32; 1009.107734375; 17.3994140625
2026-07-04; 17:49:06; 1204; 122; 37.31; 1009.072109375; 17.3994140625
2026-07-04; 17:50:06; 1191; 120; 37.31; 1009.0644140625; 17.3994140625
2026-07-04; 17:51:06; 1204; 122; 37.3; 1009.02109375; 17.4453125
2026-07-04; 17:52:06; 1125; 110; 37.36; 1008.9492578125; 17.3544921875
2026-07-04; 17:53:06; 1093; 105; 37.27; 1008.9897265625; 17.3974609375
2026-07-04; 17:54:06; 1153; 114; 37.26; 1008.9187109375; 17.466796875
2026-07-04; 17:55:06; 1081; 103; 37.2; 1008.907578125; 17.3837890625
2026-07-04; 17:56:06; 1081; 103; 37.26; 1008.8634375; 17.4443359375
2026-07-04; 17:57:06; 1125; 110; 37.24; 1008.8320703125; 17.490234375
2026-07-04; 17:58:06; 1191; 120; 37.26; 1008.89109375; 17.490234375
2026-07-04; 17:59:06; 1204; 122; 37.29; 1008.8671484375; 17.4677734375
2026-07-04; 18:00:06; 1191; 120; 37.33; 1008.882265625; 17.4462890625
2026-07-04; 18:01:06; 1168; 117; 37.32; 1008.8865625; 17.4228515625
2026-07-04; 18:02:06; 1168; 117; 37.3; 1008.7998828125; 17.46875
2026-07-04; 18:03:06; 1191; 120; 37.29; 1008.8671484375; 17.4677734375
2026-07-04; 18:04:06; 1220; 124; 37.3; 1008.744609375; 17.46875
2026-07-04; 18:05:06; 1220; 124; 37.26; 1008.808125; 17.513671875
2026-07-04; 18:06:06; 1220; 124; 37.27; 1008.7329296875; 17.4794921875
2026-07-04; 18:07:06; 1220; 124; 37.28; 1008.8591796875; 17.4912109375
2026-07-04; 18:08:06; 1204; 122; 37.3; 1008.8275390625; 17.4794921875
2026-07-04; 18:09:06; 1220; 124; 37.28; 1008.7209375; 17.4794921875
2026-07-04; 18:10:06; 1168; 117; 37.29; 1008.7366015625; 17.45703125
2026-07-04; 18:11:06; 1191; 120; 37.29; 1008.67359375; 17.5029296875
2026-07-04; 18:12:06; 1204; 122; 37.26; 1008.808125; 17.513671875
2026-07-04; 18:13:06; 1204; 122; 37.25; 1008.7371875; 17.525390625
2026-07-04; 18:14:06; 1191; 120; 37.29; 1008.7366015625; 17.5029296875
2026-07-04; 18:15:06; 1220; 124; 37.27; 1008.823828125; 17.537109375
2026-07-04; 18:16:06; 1242; 128; 37.29; 1008.7366015625; 17.5146484375
2026-07-04; 18:17:06; 1204; 122; 37.34; 1008.724375; 17.4814453125
2026-07-04; 18:18:06; 1191; 120; 37.25; 1008.67390625; 17.5361328125
2026-07-04; 18:19:07; 1220; 124; 37.25; 1008.681875; 17.5595703125
2026-07-04; 18:20:07; 1277; 133; 37.26; 1008.6146484375; 17.560546875
2026-07-04; 18:21:07; 1255; 130; 37.29; 1008.6459375; 17.548828125
2026-07-04; 18:22:07; 1277; 133; 37.26; 1008.6146484375; 17.537109375
2026-07-04; 18:23:07; 1277; 133; 37.27; 1008.5196875; 17.548828125
2026-07-04; 18:24:07; 1277; 133; 37.26; 1008.578984375; 17.5595703125
2026-07-04; 18:25:07; 1255; 130; 37.24; 1008.6385546875; 17.5478515625
2026-07-04; 18:26:07; 1277; 133; 37.21; 1008.5835546875; 17.5927734375
2026-07-04; 18:27:07; 1277; 133; 37.21; 1008.5638671875; 17.5693359375
2026-07-04; 18:28:07; 1220; 124; 37.25; 1008.5989453125; 17.5478515625
2026-07-04; 18:29:07; 1220; 124; 37.24; 1008.58328125; 17.5947265625
2026-07-04; 18:30:07; 1153; 114; 37.25; 1008.67390625; 17.5478515625
2026-07-04; 18:31:07; 1125; 110; 37.21; 1008.500625; 17.5927734375
2026-07-04; 18:32:07; 1153; 114; 37.18; 1008.5088671875; 17.603515625
2026-07-04; 18:33:07; 1065; 101; 37.17; 1008.5761328125; 17.5908203125
2026-07-04; 18:34:07; 1125; 110; 37.14; 1008.5647265625; 17.671875
2026-07-04; 18:35:07; 1191; 120; 37.19; 1008.5048828125; 17.615234375
2026-07-04; 18:36:07; 1220; 124; 37.18; 1008.4615625; 17.603515625
2026-07-04; 18:37:07; 1168; 117; 37.16; 1008.394609375; 17.63671875
2026-07-04; 18:38:07; 1140; 112; 37.14; 1008.481796875; 17.63671875
2026-07-04; 18:39:07; 1125; 110; 37.12; 1008.458125; 17.6357421875
2026-07-04; 18:40:07; 1105; 107; 37.13; 1008.4661328125; 17.6826171875
2026-07-04; 18:41:07; 1065; 101; 37.12; 1008.39515625; 17.693359375
2026-07-04; 18:42:07; 1093; 105; 37.15; 1008.331640625; 17.671875
2026-07-04; 18:43:07; 1140; 112; 37.15; 1008.37890625; 17.6484375
2026-07-04; 18:44:07; 1168; 117; 37.13; 1008.355546875; 17.6943359375
2026-07-04; 18:45:07; 1191; 120; 37.16; 1008.366953125; 17.6953125
2026-07-04; 18:46:07; 1204; 122; 37.15; 1008.3592578125; 17.6484375
2026-07-04; 18:47:07; 1105; 107; 37.15; 1008.4065625; 17.66015625
2026-07-04; 18:48:07; 1140; 112; 37.13; 1008.383203125; 17.6943359375
2026-07-04; 18:49:07; 1081; 103; 37.11; 1008.3042578125; 17.6708984375
2026-07-04; 18:50:07; 1081; 103; 37.12; 1008.256953125; 17.751953125
2026-07-04; 18:51:07; 1093; 105; 37.13; 1008.3002734375; 17.6708984375
2026-07-04; 18:52:07; 1105; 107; 37.16; 1008.347265625; 17.6728515625
2026-07-04; 18:53:07; 1168; 117; 37.18; 1008.4062890625; 17.6845703125
2026-07-04; 18:54:07; 1191; 120; 37.11; 1008.2489453125; 17.716796875
2026-07-04; 18:55:07; 1191; 120; 37.13; 1008.2803125; 17.7060546875
2026-07-04; 18:56:07; 1242; 128; 37.17; 1008.3353125; 17.71875
2026-07-04; 18:57:07; 1255; 130; 37.12; 1008.256953125; 17.716796875
2026-07-04; 18:58:07; 1242; 128; 37.18; 1008.3153515625; 17.6845703125
2026-07-04; 18:59:07; 1242; 128; 37.12; 1008.256953125; 17.716796875
2026-07-04; 19:00:07; 1242; 128; 37.1; 1008.2255859375; 17.7275390625
2026-07-04; 19:01:07; 1242; 128; 37.11; 1008.3042578125; 17.716796875
2026-07-04; 19:02:08; 1255; 130; 37.16; 1008.3116796875; 17.70703125
2026-07-04; 19:03:08; 1255; 130; 37.12; 1008.209375; 17.740234375
2026-07-04; 19:04:08; 1242; 128; 37.16; 1008.2643359375; 17.70703125
2026-07-04; 19:05:08; 1220; 124; 37.17; 1008.27203125; 17.6953125
2026-07-04; 19:06:08; 1191; 120; 37.16; 1008.2643359375; 17.6728515625
2026-07-04; 19:07:08; 1168; 117; 37.12; 1008.3122265625; 17.740234375
2026-07-04; 19:08:08; 1191; 120; 37.1; 1008.280859375; 17.7392578125
2026-07-04; 19:09:08; 1105; 107; 37.08; 1008.2298828125; 17.7509765625
2026-07-04; 19:10:08; 1093; 105; 37.07; 1008.261484375; 17.7734375
2026-07-04; 19:11:08; 1014; 93; 37.07; 1008.2338671875; 17.7265625
2026-07-04; 19:12:08; 1014; 93; 37.08; 1008.2575390625; 17.7158203125
2026-07-04; 19:13:08; 1050; 99; 37.08; 1008.2575390625; 17.78515625
2026-07-04; 19:14:08; 1093; 105; 37.08; 1008.24953125; 17.78515625
2026-07-04; 19:15:08; 1140; 112; 37.09; 1008.1902734375; 17.7626953125
2026-07-04; 19:16:08; 1105; 107; 37.05; 1008.23015625; 17.7841796875
2026-07-04; 19:17:08; 1140; 112; 37.11; 1008.2136328125; 17.751953125
2026-07-04; 19:18:08; 1140; 112; 37.1; 1008.1780078125; 17.681640625
2026-07-04; 19:19:08; 1081; 103; 37.08; 1008.1942578125; 17.7275390625
2026-07-04; 19:20:08; 1038; 97; 37.07; 1008.1509375; 17.76171875
2026-07-04; 19:21:08; 1014; 93; 37.08; 1008.174609375; 17.7509765625
2026-07-04; 19:22:08; 1014; 93; 37.06; 1008.1708984375; 17.7958984375
2026-07-04; 19:23:08; 1050; 99; 37.1; 1008.122734375; 17.740234375
2026-07-04; 19:24:08; 1004; 92; 37.1; 1008.1780078125; 17.716796875
2026-07-04; 19:25:08; 990; 89; 37.07; 1008.2338671875; 17.76171875
2026-07-04; 19:26:08; 990; 89; 37.08; 1008.146953125; 17.7509765625
2026-07-04; 19:27:08; 990; 89; 37.1; 1008.115078125; 17.7275390625
2026-07-04; 19:28:08; 964; 85; 37.06; 1008.115625; 17.7265625
2026-07-04; 19:29:08; 964; 85; 37.1; 1008.122734375; 17.728515625
2026-07-04; 19:30:08; 954; 84; 37.08; 1008.0837109375; 17.75
2026-07-04; 19:31:08; 915; 78; 37.04; 1008.028984375; 17.7490234375
2026-07-04; 19:32:08; 895; 75; 37.04; 1008.0762890625; 17.7841796875
2026-07-04; 19:33:08; 870; 71; 37.01; 1008.08453125; 17.7939453125
2026-07-04; 19:34:08; 925; 79; 37.01; 1008.08453125; 17.8291015625
2026-07-04; 19:35:08; 990; 89; 37.02; 1008.0449609375; 17.818359375
2026-07-04; 19:36:08; 942; 82; 37.01; 1008.0569140625; 17.8408203125
2026-07-04; 19:37:08; 964; 85; 37.03; 1008.0133203125; 17.806640625
2026-07-04; 19:38:08; 964; 85; 37.06; 1008.10765625; 17.7265625
2026-07-04; 19:39:08; 915; 78; 37.07; 1008.0207421875; 17.76171875
2026-07-04; 19:40:08; 942; 82; 37.03; 1008.0686328125; 17.783203125
2026-07-04; 19:41:08; 895; 75; 37.03; 1008.060625; 17.771484375
2026-07-04; 19:42:08; 905; 76; 37.06; 1008.0247265625; 17.7958984375
2026-07-04; 19:43:08; 880; 73; 37.07; 1008.1233203125; 17.71484375
2026-07-04; 19:44:08; 880; 73; 37.03; 1008.03296875; 17.806640625
2026-07-04; 19:45:09; 815; 63; 36.97; 1008.0928125; 17.828125
2026-07-04; 19:46:09; 844; 67; 37.05; 1008.0366796875; 17.7841796875
2026-07-04; 19:47:09; 815; 63; 37.04; 1008.1315625; 17.7490234375
2026-07-04; 19:48:09; 825; 64; 37.0; 1008.04125; 17.8056640625
2026-07-04; 19:49:09; 785; 58; 37.04; 1008.13953125; 17.7841796875
2026-07-04; 19:50:09; 795; 60; 37.03; 1008.060625; 17.771484375
2026-07-04; 19:51:09; 776; 57; 36.96; 1008.0494921875; 17.8388671875
2026-07-04; 19:52:09; 795; 60; 36.95; 1008.0058984375; 17.8388671875
2026-07-04; 19:53:09; 768; 56; 36.98; 1008.053203125; 17.828125
2026-07-04; 19:54:09; 795; 60; 37.01; 1008.037265625; 17.7939453125
2026-07-04; 19:55:09; 776; 57; 36.97; 1008.0375390625; 17.828125
2026-07-04; 19:56:09; 785; 58; 37.0; 1008.01359375; 17.828125
2026-07-04; 19:57:09; 795; 60; 36.96; 1007.9865625; 17.8271484375
2026-07-04; 19:58:09; 804; 61; 37.0; 1007.9859765625; 17.828125
2026-07-04; 19:59:09; 795; 60; 37.02; 1008.0529296875; 17.794921875
2026-07-04; 20:00:09; 785; 58; 37.06; 1008.0326953125; 17.73828125
2026-07-04; 20:01:09; 759; 54; 37.03; 1008.03296875; 17.736328125
2026-07-04; 20:02:09; 759; 54; 37.0; 1008.0688671875; 17.81640625
2026-07-04; 20:03:09; 795; 60; 37.05; 1008.119609375; 17.7724609375
2026-07-04; 20:04:09; 795; 60; 36.97; 1008.0851171875; 17.78125
2026-07-04; 20:05:09; 815; 63; 36.97; 1008.06515625; 17.828125
2026-07-04; 20:06:09; 795; 60; 36.97; 1008.0928125; 17.78125
2026-07-04; 20:07:09; 785; 58; 36.96; 1008.16; 17.8154296875
2026-07-04; 20:08:09; 795; 60; 36.93; 1008.085078125; 17.8603515625
2026-07-04; 20:09:09; 804; 61; 36.94; 1008.156015625; 17.837890625
2026-07-04; 20:10:09; 759; 54; 36.87; 1008.1015625; 17.8701171875
2026-07-04; 20:11:09; 749; 53; 36.83; 1008.1849609375; 17.8916015625
2026-07-04; 20:12:09; 759; 54; 36.82; 1008.1892578125; 17.9375
2026-07-04; 20:13:09; 768; 56; 36.77; 1008.118515625; 17.982421875
2026-07-04; 20:14:09; 776; 57; 36.8; 1008.157890625; 17.9365234375
2026-07-04; 20:15:09; 749; 53; 36.78; 1008.1265234375; 17.9365234375
2026-07-04; 20:16:09; 742; 52; 36.74; 1008.154375; 17.9814453125
2026-07-04; 20:17:09; 719; 48; 36.74; 1008.2096484375; 18.00390625
2026-07-04; 20:18:09; 742; 52; 36.67; 1008.13546875; 18.013671875
2026-07-04; 20:19:09; 712; 47; 36.71; 1008.0996484375; 17.9912109375
2026-07-04; 20:20:10; 742; 52; 36.67; 1008.1907421875; 18.0244140625
2026-07-04; 20:21:10; 749; 53; 36.68; 1008.1511328125; 18.025390625
2026-07-04; 20:22:10; 749; 53; 36.72; 1008.095390625; 17.9921875
2026-07-04; 20:23:10; 742; 52; 36.75; 1008.142421875; 17.9697265625
2026-07-04; 20:24:10; 749; 53; 36.68; 1008.1511328125; 18.001953125
2026-07-04; 20:25:10; 749; 53; 36.66; 1008.111796875; 18.0244140625
2026-07-04; 20:26:10; 742; 52; 36.66; 1008.111796875; 18.0009765625
2026-07-04; 20:27:10; 742; 52; 36.65; 1008.076484375; 18.046875
2026-07-04; 20:28:10; 742; 52; 36.69; 1008.0759765625; 18.001953125
2026-07-04; 20:29:10; 742; 52; 36.66; 1008.0921484375; 18.0126953125
2026-07-04; 20:30:10; 732; 50; 36.65; 1008.1317578125; 17.9892578125
2026-07-04; 20:31:10; 712; 47; 36.65; 1008.12375; 18.0009765625
2026-07-04; 20:32:10; 719; 48; 36.66; 1008.0841796875; 18.0244140625
2026-07-04; 20:33:10; 719; 48; 36.64; 1008.0804296875; 18.0
2026-07-04; 20:34:10; 742; 52; 36.61; 1008.1162890625; 18.068359375
2026-07-04; 20:35:10; 742; 52; 36.64; 1008.1633203125; 18.046875
2026-07-04; 20:36:10; 719; 48; 36.68; 1008.06828125; 18.025390625
2026-07-04; 20:37:10; 719; 48; 36.65; 1008.0488671875; 18.0126953125
2026-07-04; 20:38:10; 759; 54; 36.59; 1008.03765625; 18.1142578125
2026-07-04; 20:39:10; 749; 53; 36.61; 1008.096640625; 18.056640625
2026-07-04; 20:40:10; 742; 52; 36.6; 1008.128203125; 18.091796875
2026-07-04; 20:41:10; 749; 53; 36.57; 1008.089140625; 18.11328125
2026-07-04; 20:42:10; 719; 48; 36.6; 1008.19140625; 18.056640625
2026-07-04; 20:43:10; 732; 50; 36.61; 1008.151875; 18.091796875
2026-07-04; 20:44:10; 732; 50; 36.58; 1008.124453125; 18.1025390625
2026-07-04; 20:45:10; 742; 52; 36.56; 1008.1762109375; 18.1357421875
2026-07-04; 20:46:10; 742; 52; 36.53; 1008.200078125; 18.158203125
2026-07-04; 20:47:10; 759; 54; 36.51; 1008.1687109375; 18.1806640625
2026-07-04; 20:48:10; 776; 57; 36.45; 1008.1215625; 18.2470703125
2026-07-04; 20:49:10; 776; 57; 36.49; 1008.13734375; 18.203125
2026-07-04; 20:50:11; 759; 54; 36.5; 1008.08984375; 18.21484375
2026-07-04; 20:51:11; 732; 50; 36.52; 1008.1487890625; 18.134765625
2026-07-04; 20:52:11; 749; 53; 36.5; 1008.1450390625; 18.1689453125
2026-07-04; 20:53:11; 759; 54; 36.45; 1008.1215625; 18.2470703125
2026-07-04; 20:54:11; 768; 56; 36.48; 1008.16890625; 18.2021484375
2026-07-04; 20:55:11; 749; 53; 36.47; 1008.0701171875; 18.2138671875
2026-07-04; 20:56:11; 759; 54; 36.47; 1008.180546875; 18.2255859375
2026-07-04; 20:57:11; 785; 58; 36.48; 1008.1769140625; 18.2265625
2026-07-04; 20:58:11; 785; 58; 36.41; 1008.1416796875; 18.26953125
2026-07-04; 20:59:11; 776; 57; 36.45; 1008.1491796875; 18.2587890625
2026-07-04; 21:00:11; 804; 61; 36.38; 1008.1854296875; 18.314453125
2026-07-04; 21:01:11; 804; 61; 36.36; 1008.2445703125; 18.3603515625
2026-07-04; 21:02:11; 815; 63; 36.38; 1008.2207421875; 18.349609375
2026-07-04; 21:03:11; 804; 61; 36.44; 1008.27953125; 18.3056640625
2026-07-04; 21:04:11; 834; 66; 36.36; 1008.2092578125; 18.3720703125
2026-07-04; 21:05:11; 844; 67; 36.33; 1008.2251171875; 18.3818359375
2026-07-04; 21:06:11; 825; 64; 36.4; 1008.244375; 18.3154296875
2026-07-04; 21:07:11; 815; 63; 36.38; 1008.1655078125; 18.326171875
2026-07-04; 21:08:11; 815; 63; 36.4; 1008.1616015625; 18.3388671875
2026-07-04; 21:09:11; 857; 69; 36.36; 1008.2169921875; 18.3486328125
2026-07-04; 21:10:11; 844; 67; 36.34; 1008.213203125; 18.359375
2026-07-04; 21:11:11; 815; 63; 36.4; 1008.244375; 18.3271484375
2026-07-04; 21:12:11; 785; 58; 36.42; 1008.24015625; 18.3046875
2026-07-04; 21:13:11; 804; 61; 36.37; 1008.2602734375; 18.3603515625
2026-07-04; 21:14:11; 825; 64; 36.32; 1008.2569140625; 18.4169921875
2026-07-04; 21:15:11; 834; 66; 36.34; 1008.2408203125; 18.39453125
2026-07-04; 21:16:11; 870; 71; 36.32; 1008.209453125; 18.4287109375
2026-07-04; 21:17:11; 844; 67; 36.37; 1008.28015625; 18.3837890625
2026-07-04; 21:18:11; 857; 69; 36.35; 1008.2288671875; 18.3828125
2026-07-04; 21:19:11; 870; 71; 36.28; 1008.285; 18.47265625
2026-07-04; 21:20:12; 870; 71; 36.25; 1008.2655078125; 18.4951171875
2026-07-04; 21:21:12; 895; 75; 36.23; 1008.316953125; 18.541015625
2026-07-04; 21:22:12; 895; 75; 36.2; 1008.3051953125; 18.5625
2026-07-04; 21:23:12; 915; 78; 36.23; 1008.34453125; 18.505859375
2026-07-04; 21:24:12; 905; 76; 36.22; 1008.3564453125; 18.5283203125
2026-07-04; 21:25:12; 915; 78; 36.19; 1008.4198046875; 18.5390625
2026-07-04; 21:26:12; 905; 76; 36.25; 1008.4311328125; 18.5068359375
2026-07-04; 21:27:12; 905; 76; 36.23; 1008.3721484375; 18.529296875
2026-07-04; 21:28:12; 870; 71; 36.22; 1008.411640625; 18.5048828125
2026-07-04; 21:29:12; 857; 69; 36.2; 1008.4630859375; 18.52734375
2026-07-04; 21:30:12; 880; 73; 36.14; 1008.396484375; 18.6064453125
2026-07-04; 21:31:12; 857; 69; 36.13; 1008.4161328125; 18.60546875
2026-07-04; 21:32:12; 870; 71; 36.16; 1008.4830859375; 18.607421875
2026-07-04; 21:33:12; 880; 73; 36.11; 1008.4951171875; 18.6513671875
2026-07-04; 21:34:12; 870; 71; 36.15; 1008.5303125; 18.6181640625
2026-07-04; 21:35:12; 870; 71; 36.16; 1008.4555078125; 18.6298828125
2026-07-04; 21:36:12; 870; 71; 36.15; 1008.4122265625; 18.6298828125
2026-07-04; 21:37:12; 870; 71; 36.13; 1008.491171875; 18.6630859375
2026-07-04; 21:38:12; 880; 73; 36.1; 1008.451796875; 18.685546875
2026-07-04; 21:39:12; 870; 71; 36.14; 1008.514609375; 18.6298828125
2026-07-04; 21:40:12; 857; 69; 36.1; 1008.4794140625; 18.650390625
2026-07-04; 21:41:12; 857; 69; 36.06; 1008.535; 18.70703125
2026-07-04; 21:42:12; 834; 66; 36.08; 1008.5308203125; 18.7080078125
2026-07-04; 21:43:12; 834; 66; 36.05; 1008.5744921875; 18.71875
2026-07-04; 21:44:12; 825; 64; 36.06; 1008.535; 18.73046875
2026-07-04; 21:45:12; 844; 67; 36.04; 1008.5587890625; 18.7529296875
2026-07-04; 21:46:12; 844; 67; 36.03; 1008.535390625; 18.740234375
2026-07-04; 21:47:12; 844; 67; 36.04; 1008.63359375; 18.775390625
2026-07-04; 21:48:12; 834; 66; 36.02; 1008.555; 18.763671875
2026-07-04; 21:49:12; 825; 64; 35.96; 1008.6536328125; 18.818359375
2026-07-04; 21:50:12; 834; 66; 36.0; 1008.6615625; 18.8203125
2026-07-04; 21:51:13; 834; 66; 36.02; 1008.6653515625; 18.787109375
2026-07-04; 21:52:13; 834; 66; 36.03; 1008.6534375; 18.810546875
2026-07-04; 21:53:13; 857; 69; 36.04; 1008.661171875; 18.775390625
2026-07-04; 21:54:13; 870; 71; 36.02; 1008.6377734375; 18.8330078125
2026-07-04; 21:55:12; 870; 71; 36.03; 1008.763828125; 18.8330078125
2026-07-04; 21:56:12; 870; 71; 36.06; 1008.6925390625; 18.7880859375
2026-07-04; 21:57:12; 857; 69; 36.12; 1008.6962890625; 18.744140625
2026-07-04; 21:58:12; 857; 69; 36.08; 1008.676796875; 18.77734375
2026-07-04; 21:59:12; 844; 67; 36.13; 1008.656796875; 18.7333984375
2026-07-04; 22:00:12; 857; 69; 36.11; 1008.68828125; 18.744140625
2026-07-04; 22:01:12; 857; 69; 36.13; 1008.7119921875; 18.744140625
2026-07-04; 22:02:12; 857; 69; 36.13; 1008.6920703125; 18.7451171875
2026-07-04; 22:03:12; 870; 71; 36.13; 1008.739609375; 18.7333984375
2026-07-04; 22:04:12; 844; 67; 36.08; 1008.7791796875; 18.77734375
2026-07-04; 22:05:12; 844; 67; 36.12; 1008.7238671875; 18.755859375
2026-07-04; 22:06:12; 857; 69; 36.12; 1008.7867578125; 18.744140625
2026-07-04; 22:07:12; 834; 66; 36.13; 1008.8576953125; 18.7451171875
2026-07-04; 22:08:12; 834; 66; 36.14; 1008.8733984375; 18.7685546875
2026-07-04; 22:09:13; 825; 64; 36.12; 1008.8342578125; 18.767578125
2026-07-04; 22:10:13; 815; 63; 36.08; 1008.8699609375; 18.7890625
2026-07-04; 22:11:13; 825; 64; 36.11; 1008.87375; 18.8017578125
2026-07-04; 22:12:13; 825; 64; 36.15; 1008.9442578125; 18.7802734375
2026-07-04; 22:13:13; 844; 67; 36.13; 1008.9327734375; 18.791015625
2026-07-04; 22:14:13; 834; 66; 36.13; 1008.94046875; 18.791015625
2026-07-04; 22:15:13; 825; 64; 36.15; 1008.9442578125; 18.7919921875
2026-07-04; 22:16:13; 815; 63; 36.11; 1008.9565625; 18.84765625
2026-07-04; 22:17:13; 825; 64; 36.11; 1008.9289453125; 18.8369140625
2026-07-04; 22:18:13; 815; 63; 36.14; 1008.9837890625; 18.7802734375
2026-07-04; 22:19:13; 815; 63; 36.11; 1008.9565625; 18.685546875
2026-07-04; 22:20:13; 815; 63; 36.08; 1008.952734375; 18.8701171875
2026-07-04; 22:21:13; 815; 63; 36.07; 1008.98421875; 18.8818359375
2026-07-04; 22:22:13; 795; 60; 36.11; 1008.984140625; 18.87109375
2026-07-04; 22:23:13; 795; 60; 36.09; 1008.91328125; 18.859375
2026-07-04; 22:24:13; 795; 60; 36.1; 1008.9485546875; 18.8935546875
2026-07-04; 22:25:13; 785; 58; 36.16; 1009.0075; 18.8388671875
2026-07-04; 22:26:13; 785; 58; 36.15; 1008.9641796875; 18.849609375
2026-07-04; 22:27:13; 795; 60; 36.17; 1008.940390625; 18.8505859375
2026-07-04; 22:28:13; 785; 58; 36.16; 1008.9246875; 18.8505859375
2026-07-04; 22:29:13; 776; 57; 36.09; 1008.940859375; 18.9052734375
2026-07-04; 22:30:13; 785; 58; 36.15; 1008.9442578125; 18.849609375
2026-07-04; 22:31:13; 768; 56; 36.16; 1008.9323828125; 18.8974609375
2026-07-04; 22:32:13; 742; 52; 36.11; 1008.984140625; 18.91796875
2026-07-04; 22:33:13; 749; 53; 36.13; 1008.9956640625; 18.9072265625
2026-07-04; 22:34:13; 732; 50; 36.16; 1009.0902734375; 18.908203125
2026-07-04; 22:35:13; 742; 52; 36.09; 1008.9960546875; 18.9287109375
2026-07-04; 22:36:13; 719; 48; 36.13; 1009.0431640625; 18.91796875
2026-07-04; 22:37:13; 700; 45; 36.11; 1009.0117578125; 18.9404296875
2026-07-04; 22:38:13; 700; 45; 36.15; 1008.9917578125; 18.9072265625
2026-07-04; 22:39:13; 692; 44; 36.19; 1009.0346875; 18.86328125
2026-07-04; 22:40:13; 692; 44; 36.12; 1009.0550390625; 18.94140625
2026-07-04; 22:41:13; 692; 44; 36.15; 1009.0469921875; 18.9189453125
2026-07-04; 22:42:13; 683; 43; 36.09; 1009.0512109375; 18.986328125
2026-07-04; 22:43:13; 700; 45; 36.09; 1009.015625; 19.021484375
2026-07-04; 22:44:13; 700; 45; 36.16; 1009.0626953125; 18.9541015625
2026-07-04; 22:45:13; 683; 43; 36.15; 1009.019375; 18.9658203125
2026-07-04; 22:46:13; 683; 43; 36.11; 1009.0393359375; 19.021484375
2026-07-04; 22:47:13; 666; 40; 36.13; 1009.0431640625; 19.0224609375
2026-07-04; 22:48:13; 683; 43; 36.07; 1009.047421875; 19.0556640625
2026-07-04; 22:49:13; 692; 44; 36.15; 1009.1098828125; 18.9892578125
2026-07-04; 22:50:13; 675; 41; 36.03; 1009.039765625; 19.099609375
2026-07-04; 22:51:13; 675; 41; 36.14; 1009.0941796875; 19.0234375
2026-07-04; 22:52:14; 675; 41; 36.11; 1009.0393359375; 19.0908203125
2026-07-04; 22:53:14; 675; 41; 36.06; 1009.004140625; 19.1015625
2026-07-04; 22:54:14; 675; 41; 36.03; 1009.0673828125; 19.1572265625
2026-07-04; 22:55:14; 666; 40; 36.02; 1009.0516796875; 19.146484375
2026-07-04; 22:56:14; 683; 43; 36.0; 1009.0677734375; 19.203125
2026-07-04; 22:57:14; 675; 41; 36.14; 1009.0864453125; 19.0810546875
2026-07-04; 22:58:14; 683; 43; 36.06; 1009.189296875; 19.1591796875
2026-07-04; 22:59:14; 675; 41; 36.03; 1009.122578125; 19.2041015625
2026-07-04; 23:00:14; 692; 44; 36.09; 1009.1260546875; 19.16015625
2026-07-04; 23:01:14; 683; 43; 36.05; 1009.153984375; 19.193359375
2026-07-04; 23:02:14; 675; 41; 36.01; 1009.1110546875; 19.2490234375
2026-07-04; 23:03:14; 683; 43; 36.06; 1009.1973046875; 19.205078125
2026-07-04; 23:04:14; 692; 44; 36.0; 1009.2133984375; 19.2607421875
2026-07-04; 23:05:14; 692; 44; 36.05; 1009.1816015625; 19.2392578125
2026-07-04; 23:06:14; 692; 44; 35.99; 1009.19; 19.3056640625
2026-07-04; 23:07:14; 683; 43; 36.01; 1009.2214453125; 19.3193359375
2026-07-04; 23:08:14; 683; 43; 36.05; 1009.2839453125; 19.2861328125
2026-07-04; 23:09:14; 675; 41; 36.05; 1009.264375; 19.296875
2026-07-04; 23:10:14; 683; 43; 36.0; 1009.296171875; 19.341796875
2026-07-04; 23:11:14; 700; 45; 36.07; 1009.2130078125; 19.263671875
2026-07-04; 23:12:14; 700; 45; 36.0; 1009.26859375; 19.353515625
2026-07-04; 23:13:14; 683; 43; 36.02; 1009.3551953125; 19.3779296875
2026-07-04; 23:14:14; 692; 44; 36.01; 1009.2843359375; 19.365234375
2026-07-04; 23:15:14; 700; 45; 35.96; 1009.2882421875; 19.4208984375
2026-07-04; 23:16:14; 700; 45; 35.87; 1009.26515625; 19.533203125
2026-07-04; 23:17:14; 692; 44; 35.93; 1009.359453125; 19.4775390625
2026-07-04; 23:18:14; 675; 41; 35.97; 1009.3591015625; 19.4912109375
2026-07-04; 23:19:14; 700; 45; 35.77; 1009.363984375; 19.65625
2026-07-04; 23:20:14; 675; 41; 35.76; 1009.40375; 19.6904296875
2026-07-04; 23:21:14; 683; 43; 35.91; 1009.45796875; 19.5927734375
2026-07-04; 23:22:14; 692; 44; 35.92; 1009.4265234375; 19.58203125
2026-07-04; 23:23:14; 683; 43; 35.75; 1009.3328515625; 19.701171875
2026-07-04; 23:24:14; 675; 41; 35.94; 1009.37515625; 19.5703125
2026-07-04; 23:25:14; 683; 43; 35.79; 1009.340234375; 19.703125
2026-07-04; 23:26:14; 683; 43; 35.94; 1009.3671484375; 19.58203125
2026-07-04; 23:27:14; 683; 43; 35.89; 1009.3713671875; 19.6376953125
2026-07-04; 23:28:14; 692; 44; 35.9; 1009.339921875; 19.638671875
2026-07-04; 23:29:14; 692; 44; 35.83; 1009.31265625; 19.7392578125
